Date,Open,High,Low,Close,Volume,SMA150,DonchianLow15,ATR14,RSI14,StopLoss,MA30,DonchianHigh20,DonchianHigh20_prev,BuyCall,EntryPrice,StopLoss_Entry,CandidateStop,TrailingStop,InPosition,EntryDate,ExitSignal,ExitPrice,ExitReason,TradeId,HoldingDays,PnL_pct
2006-01-02,72.15,74.57,72.15,73.2,2038830,,,,,,,,,0,,,,,0,,0,,,,,
2006-01-03,73.62,74.51,73.26,74.33,3389520,,,,,,,,,0,,,,,0,,0,,,,,
2006-01-04,74.52,75.62,74.52,75.47,5247240,,,,,,,,,0,,,,,0,,0,,,,,
2006-01-05,75.49,77.09,74.48,76.68,7439490,,,,,,,,,0,,,,,0,,0,,,,,
2006-01-06,76.78,77.49,75.35,77.3,5378700,,,,,,,,,0,,,,,0,,0,,,,,
2006-01-09,75.35,79.26,74.56,78.5,4337910,,,,,,,,,0,,,,,0,,0,,,,,
2006-01-10,76.8,78.47,76.8,78.24,2097675,,,,,,,,,0,,,,,0,,0,,,,,
2006-01-12,77.94,78.94,76.14,77.9,2580600,,,,,,,,,0,,,,,0,,0,,,,,
2006-01-13,78.05,78.37,76.26,77.0,1632750,,,,,,,,,0,,,,,0,,0,,,,,
2006-01-16,77.36,78.15,75.89,77.53,3038550,,,,,,,,,0,,,,,0,,0,,,,,
2006-01-17,77.78,78.47,76.41,77.21,2499435,,,,,,,,,0,,,,,0,,0,,,,,
2006-01-18,76.63,78.36,75.05,77.1,2849460,,,,,,,,,0,,,,,0,,0,,,,,
2006-01-19,77.42,81.52,77.42,80.51,5367240,,,,,,,,,0,,,,,0,,0,,,,,
2006-01-20,80.79,84.21,79.94,83.26,5996685,,,2.7,,,,,,0,,,,,0,,0,,,,,
2006-01-23,83.21,85.31,81.73,84.37,3114810,,72.15,2.76,92.28,76.63,,,,0,,,76.63,,0,,0,,,,,
2006-01-24,84.52,86.79,84.52,86.28,2949105,,73.26,2.74,93.15,78.25,,,,0,,,78.25,,0,,0,,,,,
2006-01-25,86.64,88.75,86.37,88.26,4392165,,74.48,2.72,93.91,79.94,,,,0,,,79.94,,0,,0,,,,,
2006-01-27,88.48,90.9,88.26,90.35,6633840,,74.48,2.71,94.6,81.29,,,,0,,,81.29,,0,,0,,,,,
2006-01-30,91.11,92.69,88.63,89.52,4798965,,74.56,2.81,90.25,80.72,,,,0,,,80.72,,0,,0,,,,,
2006-01-31,90.84,95.58,90.32,94.56,8628795,,74.56,3.04,92.5,83.82,,95.58,,0,,,83.82,,0,,0,,,,,
2006-02-01,95.58,98.16,93.74,94.55,9838080,,75.05,3.14,92.46,83.91,,98.16,95.58,0,,,83.91,,0,,0,,,,,
2006-02-02,94.79,97.64,93.21,96.87,7554150,,75.05,3.23,93.29,85.34,,98.16,98.16,0,,,85.34,,0,,0,,,,,
2006-02-03,97.16,98.48,95.11,97.24,4104765,,75.05,3.24,93.41,85.57,,98.48,98.16,0,,,85.57,,0,,0,,,,,
2006-02-06,97.01,99.16,95.33,97.05,4061715,,75.05,3.28,92.46,85.42,,99.16,98.48,0,,,85.42,,0,,0,,,,,
2006-02-07,98.53,99.0,95.95,97.03,3650295,,75.05,3.27,92.36,85.42,,99.16,99.16,0,,,85.42,,0,,0,,,,,
2006-02-08,97.11,97.95,96.01,96.75,3229590,,75.05,3.17,90.79,85.31,,99.16,99.16,0,,,85.31,,0,,0,,,,,
2006-02-10,97.34,97.59,96.39,96.77,2028645,,77.42,3.03,90.8,86.2,,99.16,99.16,0,,,86.2,,0,,0,,,,,
2006-02-13,97.32,100.17,96.9,99.69,5487765,,79.94,3.06,92.37,88.91,,100.17,99.16,0,,,88.91,,0,,0,,,,,
2006-02-14,99.48,101.37,98.32,98.93,4727535,,81.73,3.06,88.15,89.01,,101.37,100.17,0,,,89.01,,0,,0,,,,,
2006-02-15,101.37,102.59,98.23,99.02,3574500,,84.52,3.15,88.22,89.94,86.38,102.59,101.37,0,,,89.94,,0,,0,,,,,
2006-02-16,99.06,99.94,98.01,98.69,2136690,,86.37,3.06,86.25,90.4,87.23,102.59,102.59,0,,,90.4,,0,,0,,,,,
2006-02-17,99.01,99.48,97.65,98.16,2237265,,88.26,2.98,83.05,90.75,88.03,102.59,102.59,0,,,90.75,,0,,0,,,,,
2006-02-20,98.2,98.2,95.48,96.16,4253160,,88.63,2.96,72.14,89.6,88.72,102.59,102.59,0,,,89.6,,0,,0,,,,,
2006-02-21,99.47,99.47,96.11,98.52,5018100,,90.32,2.99,76.13,91.66,89.44,102.59,102.59,0,,,91.66,,0,,0,,,,,
2006-02-22,99.01,101.21,98.59,100.82,5066655,,93.21,2.96,79.24,94.12,90.23,102.59,102.59,0,,,94.12,,0,,0,,,,,
2006-02-23,101.21,102.16,99.38,99.77,5436945,,93.21,2.95,74.47,93.45,90.94,102.59,102.59,0,,,93.45,,0,,0,,,,,
2006-02-24,102.16,102.69,99.44,100.47,4129110,,95.11,2.97,75.52,94.52,91.68,102.69,102.59,0,,,94.52,,0,,0,,,,,
2006-02-27,100.64,101.69,100.64,101.03,2278200,,95.33,2.85,76.37,95.04,92.45,102.69,102.69,0,,,95.04,,0,,0,,,,,
2006-02-28,100.64,107.86,99.27,106.75,10771230,,95.48,3.26,82.87,98.51,93.44,107.86,102.69,0,,,98.51,,0,,0,,,,,
2006-03-01,107.43,112.12,107.43,111.23,12622185,,95.48,3.41,86.1,101.3,94.56,112.12,107.86,0,,,101.3,,0,,0,,,,,
2006-03-02,111.67,114.81,109.01,110.98,8073525,,95.48,3.58,85.13,101.02,95.69,114.81,112.12,0,,,101.02,,0,,0,,,,,
2006-03-03,110.86,113.75,110.86,111.82,5609475,,95.48,3.53,85.71,101.6,96.85,114.81,114.81,0,,,101.6,,0,,0,,,,,
2006-03-06,111.92,114.02,111.92,113.14,3663870,,95.48,3.44,86.59,102.51,97.93,114.81,114.81,0,,,102.51,,0,,0,,,,,
2006-03-07,114.02,114.75,112.18,112.66,7553565,,95.48,3.37,84.55,102.24,98.91,114.81,114.81,0,,,102.24,,0,,0,,,,,
2006-03-08,112.7,116.12,109.61,110.4,9131010,,95.48,3.6,75.5,100.64,99.78,116.12,114.81,0,,,100.64,,0,,0,,,,,
2006-03-09,110.59,111.12,105.07,110.23,8412225,,95.48,3.77,74.85,100.41,100.58,116.12,116.12,0,,,100.41,,0,,0,,,,,
2006-03-10,111.86,113.06,110.86,112.35,6145605,,95.48,3.71,77.46,101.82,101.38,116.12,116.12,0,,,101.82,,0,,0,,,,,
2006-03-13,112.54,113.7,111.12,111.67,4940475,,96.11,3.62,74.78,101.65,102.09,116.12,116.12,0,,,101.65,,0,,0,,,,,
2006-03-14,111.91,112.42,109.01,109.71,2851650,,98.59,3.61,67.55,101.22,102.77,116.12,116.12,0,,,101.22,,0,,0,,,,,
2006-03-16,113.64,113.64,108.78,111.69,6121230,,99.27,3.7,70.64,102.66,103.34,116.12,116.12,0,,,102.66,,0,,0,,,,,
2006-03-17,112.49,112.65,110.07,110.61,2770455,,99.27,3.62,66.9,102.02,103.87,116.12,116.12,0,,,102.02,,0,,0,,,,,
2006-03-20,110.7,111.65,110.43,111.01,2510670,,99.27,3.45,67.58,102.39,104.35,116.12,116.12,0,,,102.39,,0,,0,,,,,
2006-03-21,111.65,116.65,111.22,115.35,9647520,,99.27,3.6,73.89,105.09,104.95,116.65,116.12,0,,,105.09,,0,,0,,,,,
2006-03-22,115.78,118.36,114.78,116.41,10537305,,105.07,3.6,75.17,107.71,105.59,118.36,116.65,0,,,107.71,,0,,0,,,,,
2006-03-23,116.15,117.37,114.99,116.32,3074850,,105.07,3.52,74.83,107.71,106.24,118.36,118.36,0,,,107.71,,0,,0,,,,,
2006-03-24,115.78,116.82,113.22,114.3,3376215,,105.07,3.52,67.59,106.4,106.82,118.36,118.36,0,,,106.4,,0,,0,,,,,
2006-03-27,114.3,116.05,113.19,114.01,3502575,,105.07,3.47,66.59,106.24,107.4,118.36,118.36,0,,,106.24,,0,,0,,,,,
2006-03-28,114.2,114.45,111.1,111.63,3816180,,105.07,3.47,58.91,104.71,107.79,118.36,118.36,0,,,104.71,,0,,0,,,,,
2006-03-29,112.08,113.92,111.45,113.53,2532840,,105.07,3.39,62.62,105.99,108.28,118.36,118.36,0,,,105.99,,0,,0,,,,,
2006-03-30,113.92,114.72,112.35,112.9,1911975,,105.07,3.32,60.66,105.63,108.74,118.36,118.36,0,,,105.63,,0,,0,,,,,
2006-03-31,113.66,120.54,113.19,118.53,7450410,,108.78,3.63,69.75,110.29,109.41,120.54,118.36,0,,,110.29,,0,,0,,,,,
2006-04-03,120.54,122.23,118.95,121.48,8215335,,108.78,3.63,73.24,112.19,110.18,122.23,120.54,0,,,112.19,,0,,0,,,,,
2006-04-04,122.23,124.44,121.92,123.24,6475890,,108.78,3.59,75.08,113.36,111.09,124.44,122.23,0,,,113.36,,0,,0,,,,,
2006-04-05,124.19,124.72,123.18,124.38,2938155,,108.78,3.44,76.23,114.19,111.95,124.72,124.44,0,,,114.19,,0,,0,,,,,
2006-04-07,125.53,127.57,123.71,125.72,4360395,,110.07,3.47,77.53,115.47,112.78,127.57,124.72,0,,,115.47,,0,,0,,,,,
2006-04-10,125.72,128.13,124.35,126.45,3333135,,110.43,3.49,78.23,116.04,113.67,128.13,127.57,0,,,116.04,,0,,0,,,,,
2006-04-12,127.41,127.65,122.92,123.79,1795770,,111.1,3.58,69.7,114.49,114.44,128.13,128.13,0,,,114.49,,0,,0,,,,,
2006-04-13,123.82,124.24,113.93,120.46,4477770,,111.1,4.06,60.76,112.02,115.09,128.13,128.13,0,,,112.02,,0,,0,,,,,
2006-04-17,121.6,122.65,118.95,121.32,2832075,,111.1,4.04,62.11,112.59,115.58,128.13,128.13,0,,,112.59,,0,,0,,,,,
2006-04-18,121.6,123.45,119.55,120.74,4323015,,111.1,4.03,60.59,112.23,115.89,128.13,128.13,0,,,112.23,,0,,0,,,,,
2006-04-19,122.12,126.36,121.7,123.66,6065295,,111.1,4.14,65.2,114.03,116.32,128.13,128.13,0,,,114.03,,0,,0,,,,,
2006-04-20,124.24,125.51,123.19,123.98,2688660,,111.1,4.01,65.67,114.33,116.72,128.13,128.13,0,,,114.33,,0,,0,,,,,
2006-04-21,123.98,125.29,122.18,123.84,6085095,,111.45,3.95,65.25,114.4,117.08,128.13,128.13,0,,,114.4,,0,,0,,,,,
2006-04-24,125.29,128.36,122.13,123.02,1713465,,112.35,4.11,62.73,114.06,117.42,128.36,128.13,0,,,114.06,,0,,0,,,,,
2006-04-25,123.18,125.03,120.6,121.99,4119015,,113.19,4.13,59.62,113.66,117.81,128.36,128.36,0,,,113.66,,0,,0,,,,,
2006-04-26,122.13,126.09,121.65,125.15,2627910,,113.93,4.15,65.31,115.93,118.31,128.36,128.36,0,,,115.93,,0,,0,,,,,
2006-04-27,126.09,132.17,124.24,124.8,3940995,,113.93,4.42,64.23,115.52,118.72,132.17,128.36,0,,,115.52,,0,,0,,,,,
2006-04-28,121.68,124.77,116.63,123.91,3763590,,113.93,4.69,61.45,114.77,119.13,132.17,132.17,0,,,114.77,,0,,0,,,,,
2006-05-02,124.77,126.92,124.03,124.53,2078205,,113.93,4.57,62.66,115.25,119.62,132.17,132.17,0,,,115.25,,0,,0,,,,,
2006-05-03,125.25,126.62,122.92,124.97,1352205,,113.93,4.51,63.54,115.58,120.07,132.17,132.17,0,,,115.58,,0,,0,,,,,
2006-05-04,126.35,126.88,123.95,124.91,2732310,,113.93,4.4,63.32,115.61,120.54,132.17,132.17,0,,,115.61,,0,,0,,,,,
2006-05-05,125.83,127.68,125.03,126.71,3065655,,113.93,4.28,66.99,116.85,121.07,132.17,132.17,0,,,116.85,,0,,0,,,,,
2006-05-08,127.25,130.34,126.62,127.06,7560855,,116.63,4.24,67.66,118.0,121.46,132.17,132.17,0,,,118.0,,0,,0,,,,,
2006-05-09,128.42,128.42,124.8,126.49,2906040,,116.63,4.2,65.31,117.67,121.79,132.17,132.17,0,,,117.67,,0,,0,,,,,
2006-05-10,127.15,127.84,125.83,126.47,2529555,,116.63,4.04,65.23,117.76,122.13,132.17,132.17,0,,,117.76,,0,,0,,,,,
2006-05-11,127.36,127.36,124.3,124.73,1952970,,116.63,3.97,58.1,116.68,122.48,132.17,132.17,0,,,116.68,,0,,0,,,,,
2006-05-12,124.3,124.71,121.86,123.3,1508430,,116.63,3.89,52.98,115.81,122.79,132.17,132.17,0,,,115.81,,0,,0,,,,,
2006-05-15,121.49,123.98,117.42,118.99,3643590,,116.63,4.08,41.19,112.9,123.04,132.17,132.17,0,,,112.9,,0,,0,,,,,
2006-05-16,119.17,121.33,111.55,118.54,6949320,,111.55,4.49,40.18,110.65,123.2,132.17,132.17,0,,,110.65,,0,,0,,,,,
2006-05-17,118.69,123.71,117.95,122.82,2164455,,111.55,4.58,52.15,113.35,123.53,132.17,132.17,0,,,113.35,,0,,0,,,,,
2006-05-18,122.98,122.98,109.97,111.99,3533250,,109.97,5.18,33.75,105.44,123.31,132.17,132.17,0,,,105.44,,0,,0,,,,,
2006-05-19,116.31,117.63,95.27,104.51,5296095,,95.27,6.41,26.73,94.89,122.75,132.17,132.17,0,,,94.89,,0,,0,,,,,
2006-05-22,107.06,107.06,83.65,100.06,8695440,,83.65,7.62,23.59,87.34,121.98,132.17,132.17,0,,,87.34,,0,,0,,,,,
2006-05-23,99.39,107.85,93.59,105.42,4582905,,83.65,8.1,33.7,90.48,121.34,132.17,132.17,0,,,90.48,,0,,0,,,,,
2006-05-24,107.32,107.85,102.09,104.11,4753350,,83.65,7.93,32.57,89.75,120.62,132.17,132.17,0,,,89.75,,0,,0,,,,,
2006-05-25,102.14,104.15,97.28,100.53,10689600,,83.65,7.85,29.63,87.49,119.76,132.17,132.17,0,,,87.49,,0,,0,,,,,
2006-05-26,102.56,105.31,101.56,102.41,2924160,,83.65,7.63,33.04,88.85,119.05,130.34,132.17,0,,,88.85,,0,,0,,,,,
2006-05-29,102.04,105.58,102.04,103.29,2045775,,83.65,7.34,34.64,89.61,118.48,130.34,130.34,0,,,89.61,,0,,0,,,,,
2006-05-30,103.36,104.42,101.58,103.16,2578770,,83.65,7.02,34.51,89.74,117.87,130.34,130.34,0,,,89.74,,0,,0,,,,,
2006-05-31,101.77,103.09,94.37,100.62,7821360,,83.65,7.15,31.97,88.02,117.2,130.34,130.34,0,,,88.02,,0,,0,,,,,
2006-06-01,102.56,104.33,100.45,100.8,10002330,,83.65,6.91,32.35,88.29,116.44,130.34,130.34,0,,,88.29,,0,,0,,,,,
2006-06-02,100.45,106.79,99.39,105.38,10829400,,83.65,6.95,41.34,91.22,115.82,130.34,130.34,0,,,91.22,,0,,0,,,,,
2006-06-05,105.47,108.26,102.88,103.66,8892300,,83.65,6.84,39.23,90.19,115.14,128.42,130.34,0,,,90.19,,0,,0,,,,,
2006-06-06,102.56,102.56,97.91,98.6,12067635,,83.65,6.76,33.77,86.97,114.33,127.84,128.42,0,,,86.97,,0,,0,,,,,
2006-06-07,97.91,100.71,94.9,96.78,5630175,,83.65,6.69,32.05,85.85,113.49,127.36,127.84,0,,,85.85,,0,,0,,,,,
2006-06-08,95.27,99.13,88.55,91.11,9421605,,83.65,6.97,27.35,82.0,112.36,124.71,127.36,0,,,82.0,,0,,0,,,,,
2006-06-09,89.82,101.77,87.26,98.73,7346985,,83.65,7.51,40.06,86.56,111.49,123.98,124.71,0,,,86.56,,0,,0,,,,,
2006-06-12,100.4,102.04,89.35,91.78,8759955,,87.26,7.88,34.18,83.03,110.42,123.71,123.98,0,,,83.03,,0,,0,,,,,
2006-06-13,90.41,92.52,83.85,84.93,7812465,,83.85,7.93,29.58,77.44,109.1,123.71,123.71,0,,,77.44,,0,,0,,,,,
2006-06-14,86.97,89.35,81.05,84.84,13682880,,81.05,7.96,29.53,76.43,107.76,122.98,123.71,0,,,76.43,,0,,0,,,,,
2006-06-15,86.18,98.34,86.18,97.06,9993990,,81.05,8.36,44.86,84.05,106.83,117.63,122.98,0,,,84.05,,0,,0,,,,,
2006-06-16,97.87,103.91,97.81,99.22,10205700,,81.05,8.25,47.05,85.51,105.91,108.26,117.63,0,,,85.51,,0,,0,,,,,
2006-06-19,99.92,105.68,98.34,102.41,5483580,,81.05,8.18,50.2,87.62,105.09,108.26,108.26,0,,,87.62,,0,,0,,,,,
2006-06-20,101.72,101.72,97.28,98.5,6721845,,81.05,7.97,46.54,85.24,104.16,108.26,108.26,0,,,85.24,,0,,0,,,,,
2006-06-21,99.23,99.23,95.22,97.19,9419160,,81.05,7.68,45.35,84.58,103.18,108.26,108.26,0,,,84.58,,0,,0,,,,,
2006-06-22,99.23,101.24,97.33,99.18,8433615,,81.05,7.42,47.55,86.04,102.33,108.26,108.26,0,,,86.04,,0,,0,,,,,
2006-06-23,97.8,100.4,95.5,99.41,6364680,,81.05,7.24,47.81,86.31,101.53,108.26,108.26,0,,,86.31,,0,,0,,,,,
2006-06-26,99.87,100.4,96.64,97.28,7519590,,81.05,6.99,45.55,85.1,100.81,108.26,108.26,0,,,85.1,,0,,0,,,,,
2006-06-27,97.7,97.7,93.05,95.24,10887405,,81.05,6.83,43.43,83.9,100.03,108.26,108.26,0,,,83.9,,0,,0,,,,,
2006-06-28,95.8,98.07,93.91,96.54,7056525,,81.05,6.64,45.18,84.86,99.16,108.26,108.26,0,,,84.86,,0,,0,,,,,
2006-06-29,95.85,99.23,95.85,97.4,11981700,,81.05,6.4,46.36,85.57,98.67,108.26,108.26,0,,,85.57,,0,,0,,,,,
2006-06-30,98.32,104.68,98.32,103.06,14771820,,81.05,6.47,53.47,89.18,98.62,108.26,108.26,0,,,89.18,,0,,0,,,,,
2006-07-03,98.93,104.05,98.93,103.01,5570130,,81.05,6.37,53.41,89.21,98.72,105.68,108.26,0,,,89.21,,0,,0,,,,,
2006-07-04,103.36,104.42,102.63,103.41,4578540,,81.05,6.04,53.91,89.69,98.65,105.68,105.68,0,,,89.69,,0,,0,,,,,
2006-07-05,102.83,104.83,101.77,104.33,5421450,,86.18,5.83,55.1,92.13,98.66,105.68,105.68,0,,,92.13,,0,,0,,,,,
2006-07-06,102.56,104.29,100.45,100.96,5097825,,93.05,5.69,49.99,92.34,98.68,105.68,105.68,0,,,92.34,,0,,0,,,,,
2006-07-07,101.77,104.1,99.13,99.98,9613650,,93.05,5.64,48.58,91.74,98.6,105.68,105.68,0,,,91.74,,0,,0,,,,,
2006-07-10,102.78,103.35,99.02,102.63,6108015,,93.05,5.55,52.49,93.52,98.57,105.68,105.68,0,,,93.52,,0,,0,,,,,
2006-07-11,103.35,104.09,101.8,102.31,7286430,,93.05,5.31,51.97,93.46,98.54,105.68,105.68,0,,,93.46,,0,,0,,,,,
2006-07-12,101.8,105.74,100.51,105.04,7196190,,93.05,5.31,55.93,95.23,98.69,105.74,105.68,0,,,95.23,,0,,0,,,,,
2006-07-13,103.09,105.21,102.63,103.86,5729985,,93.05,5.11,53.86,94.6,98.79,105.74,105.74,0,,,94.6,,0,,0,,,,,
2006-07-14,102.83,102.99,100.98,102.09,3206595,,93.05,4.95,50.83,93.56,98.68,105.74,105.74,0,,,93.56,,0,,0,,,,,
2006-07-17,101.45,101.77,97.01,97.98,4861230,,93.05,4.96,44.56,90.91,98.5,105.74,105.74,0,,,90.91,,0,,0,,,,,
2006-07-18,97.28,98.54,94.53,95.62,5508180,,93.91,4.89,41.4,89.72,98.4,105.74,105.74,0,,,89.72,,0,,0,,,,,
2006-07-19,95.86,97.81,92.1,92.83,3459690,,92.1,4.95,37.97,87.27,98.26,105.74,105.74,0,,,87.27,,0,,0,,,,,
2006-07-20,95.16,97.86,95.16,95.76,7167795,,92.1,4.96,43.28,89.16,98.42,105.74,105.74,0,,,89.16,,0,,0,,,,,
2006-07-21,98.44,100.45,93.28,94.52,10184610,,92.1,5.12,41.65,88.25,98.28,105.74,105.74,0,,,88.25,,0,,0,,,,,
2006-07-24,97.75,97.78,91.41,95.02,8715330,,91.41,5.21,42.59,88.29,98.39,105.74,105.74,0,,,88.29,,0,,0,,,,,
2006-07-25,96.48,97.49,95.75,96.73,3668670,,91.41,5.01,45.79,89.52,98.78,105.74,105.74,0,,,89.52,,0,,0,,,,,
2006-07-26,96.75,99.33,95.75,98.28,7935225,,91.41,4.91,48.6,90.59,99.23,105.74,105.74,0,,,90.59,,0,,0,,,,,
2006-07-27,98.65,103.86,98.65,103.28,15227070,,91.41,4.96,56.42,93.78,99.44,105.74,105.74,0,,,93.78,,0,,0,,,,,
2006-07-28,105.18,106.58,103.15,104.06,14817750,,91.41,4.85,57.51,94.36,99.6,106.58,105.74,0,,,94.36,,0,,0,,,,,
2006-07-31,105.63,109.27,104.36,108.13,16792470,,91.41,4.87,62.73,96.97,99.79,109.27,106.58,0,,,96.97,,0,,0,,,,,
2006-08-01,108.12,111.82,107.07,111.18,15932235,,91.41,4.86,66.09,98.94,100.21,111.82,109.27,0,,,98.94,,0,,0,,,,,
2006-08-02,111.82,115.68,111.29,113.83,15972480,,91.41,4.84,68.73,100.66,100.76,115.68,111.82,0,,,100.66,,0,,0,,,,,
2006-08-03,114.72,115.89,111.31,112.02,12969930,,91.41,4.82,65.01,99.51,101.19,115.89,115.68,0,,,99.51,,0,,0,,,,,
2006-08-04,112.08,114.61,112.03,113.81,7233165,,91.41,4.66,66.92,100.77,101.67,115.89,115.89,0,,,100.77,,0,,0,,,,,
2006-08-07,114.46,115.94,114.04,115.52,9938985,,91.41,4.48,68.67,101.99,102.28,115.94,115.89,0,,,101.99,,0,,0,,,,,
2006-08-08,117.37,117.47,113.93,114.57,11447790,,91.41,4.41,66.56,101.43,102.93,117.47,115.94,0,,,101.43,,0,,0,,,,,
2006-08-09,113.14,115.89,110.26,115.68,11770005,104.28,91.41,4.5,67.81,102.08,103.56,117.47,117.47,0,,,102.08,,0,,0,,,,,
2006-08-10,115.25,115.25,113.67,114.84,3730905,104.55,91.41,4.32,65.8,101.66,104.14,117.47,117.47,0,,,101.66,,0,,0,,,,,
2006-08-11,114.3,115.52,112.89,113.77,3812085,104.82,91.41,4.2,63.24,101.05,104.5,117.47,117.47,0,,,101.05,,0,,0,,,,,
2006-08-14,112.89,115.76,112.89,115.28,3279135,105.08,95.75,4.11,65.3,103.54,104.91,117.47,117.47,0,,,103.54,,0,,0,,,,,
2006-08-16,117.92,120.12,115.52,118.66,10498590,105.36,95.75,4.16,69.41,105.68,105.42,120.12,117.47,1,118.66,105.68,105.68,105.68,1,2006-08-16,0,,,1,,
2006-08-17,119.23,120.4,118.03,119.87,6727155,105.65,98.65,4.03,70.75,107.51,105.94,120.4,120.12,0,,,107.51,107.51,1,2006-08-16,0,,,1,,
2006-08-18,120.54,121.6,119.75,120.71,5591145,105.93,103.15,3.87,71.68,109.66,106.6,121.6,120.4,1,120.71,109.66,109.66,109.66,1,2006-08-16,0,,,1,,
2006-08-21,121.53,121.53,119.55,120.75,2931750,106.21,104.36,3.74,71.72,110.18,107.29,121.6,121.6,0,,,110.18,110.18,1,2006-08-16,0,,,1,,
2006-08-22,120.8,121.49,117.64,118.31,5658135,106.48,107.07,3.75,64.82,109.5,107.81,121.6,121.6,0,,,109.5,110.18,1,2006-08-16,0,,,1,,
2006-08-23,117.9,119.75,117.9,118.8,4554270,106.76,110.26,3.61,65.54,110.97,108.36,121.6,121.6,0,,,110.97,110.97,1,2006-08-16,0,,,1,,
2006-08-24,118.95,118.95,116.48,118.47,4305495,107.03,110.26,3.53,64.58,110.81,108.81,121.6,121.6,0,,,110.81,110.97,1,2006-08-16,0,,,1,,
2006-08-25,119.21,119.75,118.53,118.93,4227915,107.31,110.26,3.37,65.34,111.22,109.31,121.6,121.6,0,,,111.22,111.22,1,2006-08-16,0,,,1,,
2006-08-28,119.01,119.38,115.97,118.67,3356790,107.59,110.26,3.37,64.5,111.05,109.86,121.6,121.6,0,,,111.05,111.22,1,2006-08-16,0,,,1,,
2006-08-29,119.38,121.43,119.18,120.71,5648325,107.85,110.26,3.33,67.98,112.39,110.62,121.6,121.6,0,,,112.39,112.39,1,2006-08-16,0,,,1,,
2006-08-30,120.86,121.94,120.33,120.73,6192075,108.1,110.26,3.21,68.01,112.49,111.46,121.94,121.6,0,,,112.49,112.49,1,2006-08-16,0,,,1,,
2006-08-31,121.07,121.23,118.37,119.54,7079880,108.34,112.89,3.18,63.79,112.61,112.35,121.94,121.94,0,,,112.61,112.61,1,2006-08-16,0,,,1,,
2006-09-01,120.17,120.54,118.85,119.36,3166380,108.56,112.89,3.07,63.15,112.57,113.13,121.94,121.94,0,,,112.57,112.61,1,2006-08-16,0,,,1,,
2006-09-04,120.38,120.65,119.21,119.52,3228795,108.77,112.89,2.96,63.5,112.75,113.97,121.94,121.94,0,,,112.75,112.75,1,2006-08-16,0,,,1,,
2006-09-05,119.51,122.18,119.32,121.08,5454465,108.97,115.52,2.95,66.81,114.64,114.84,122.18,121.94,0,,,114.64,114.64,1,2006-08-16,0,,,1,,
2006-09-06,121.18,121.64,119.6,119.98,4335930,109.18,115.97,2.89,62.5,114.12,115.61,122.18,122.18,0,,,114.12,114.64,1,2006-08-16,0,,,1,,
2006-09-07,119.85,121.65,119.06,119.31,4836765,109.34,115.97,2.86,59.97,113.7,116.31,122.18,122.18,0,,,113.7,114.64,1,2006-08-16,0,,,1,,
2006-09-08,119.38,123.42,119.06,123.01,14082345,109.53,115.97,2.97,67.75,116.02,116.97,123.42,122.18,1,123.01,116.02,116.02,116.02,1,2006-08-16,0,,,1,,
2006-09-11,123.29,123.56,118.54,119.32,9435510,109.68,115.97,3.12,56.05,113.54,117.48,123.56,123.42,0,,,113.54,116.02,1,2006-08-16,0,,,1,,
2006-09-12,119.13,120.44,115.78,118.0,10525920,109.82,115.78,3.23,52.55,112.55,117.81,123.56,123.56,0,,,112.55,116.02,1,2006-08-16,1,116.02,TRAILING_STOP,1,20,-2.23
2006-09-13,119.8,121.54,118.79,119.86,7713240,109.97,115.78,3.25,56.66,113.74,118.1,123.56,123.56,0,,,113.74,,0,,0,,,,,
2006-09-14,119.93,121.17,119.64,120.01,3036705,110.12,115.78,3.13,56.98,113.91,118.3,123.56,123.56,0,,,113.91,,0,,0,,,,,
2006-09-15,120.01,120.74,118.36,120.22,4761825,110.28,115.78,3.07,57.46,114.09,118.58,123.56,123.56,0,,,114.09,,0,,0,,,,,
2006-09-18,119.06,122.18,118.27,121.29,6186855,110.44,115.78,3.13,59.9,114.74,118.83,123.56,123.56,0,,,114.74,,0,,0,,,,,
2006-09-19,121.18,122.13,118.11,119.21,5036745,110.57,115.78,3.2,53.47,113.35,118.95,123.56,123.56,0,,,113.35,,0,,0,,,,,
2006-09-20,119.57,119.96,117.52,119.13,6931425,110.71,115.78,3.14,53.23,113.34,119.1,123.56,123.56,0,,,113.34,,0,,0,,,,,
2006-09-21,120.64,122.71,119.96,122.39,9114825,110.86,115.78,3.17,60.84,115.42,119.32,123.56,123.56,0,,,115.42,,0,,0,,,,,
2006-09-22,122.23,123.5,121.56,122.49,5044695,111.02,115.78,3.09,61.05,115.54,119.58,123.56,123.56,0,,,115.54,,0,,0,,,,,
2006-09-25,122.76,123.39,121.97,123.07,6749145,111.19,115.78,2.97,62.31,116.0,119.89,123.56,123.56,0,,,116.0,,0,,0,,,,,
2006-09-26,123.56,126.41,122.4,125.68,11581230,111.39,115.78,3.04,67.41,117.63,120.24,126.41,123.56,1,125.68,117.63,117.63,117.63,1,2006-09-26,0,,,2,,
2006-09-27,125.94,126.84,125.41,126.46,9634230,111.57,115.78,2.93,68.77,118.21,120.5,126.84,126.41,0,,,118.21,118.21,1,2006-09-26,0,,,2,,
2006-09-28,126.36,126.84,125.32,125.92,3549840,111.74,115.78,2.83,66.7,117.93,120.7,126.84,126.84,0,,,117.93,118.21,1,2006-09-26,0,,,2,,
2006-09-29,126.2,127.89,125.94,126.93,3815115,111.92,115.78,2.76,68.61,118.62,120.9,127.89,126.84,1,126.93,118.62,118.62,118.62,1,2006-09-26,0,,,2,,
2006-10-03,127.0,127.37,124.77,125.32,5393130,112.09,115.78,2.75,62.46,117.59,121.06,127.89,127.89,0,,,117.59,118.62,1,2006-09-26,0,,,2,,
2006-10-04,125.67,125.89,120.97,121.76,8409855,112.22,117.52,2.91,51.48,115.77,121.17,127.89,127.89,0,,,115.77,118.62,1,2006-09-26,0,,,2,,
2006-10-05,123.24,123.75,121.46,122.41,8278755,112.33,117.52,2.86,53.1,116.22,121.29,127.89,127.89,0,,,116.22,118.62,1,2006-09-26,0,,,2,,
2006-10-06,122.5,124.44,122.5,123.1,3066720,112.41,117.52,2.8,54.82,116.7,121.45,127.89,127.89,0,,,116.7,118.62,1,2006-09-26,0,,,2,,
2006-10-09,123.61,124.11,119.59,123.05,2366085,112.49,117.52,2.93,54.67,116.59,121.58,127.89,127.89,0,,,116.59,118.62,1,2006-09-26,0,,,2,,
2006-10-10,123.38,124.62,123.3,123.7,2068890,112.57,117.52,2.83,56.41,117.07,121.75,127.89,127.89,0,,,117.07,118.62,1,2006-09-26,0,,,2,,
2006-10-11,124.04,124.45,121.97,122.64,5828910,112.63,117.52,2.8,52.84,116.41,121.82,127.89,127.89,0,,,116.41,118.62,1,2006-09-26,0,,,2,,
2006-10-12,123.03,123.5,120.76,123.18,4504035,112.7,119.59,2.8,54.42,117.45,121.9,127.89,127.89,0,,,117.45,118.62,1,2006-09-26,0,,,2,,
2006-10-13,124.09,126.99,123.77,126.72,6123945,112.81,119.59,2.87,63.16,119.68,122.14,127.89,127.89,0,,,119.68,119.68,1,2006-09-26,0,,,2,,
2006-10-16,125.41,129.11,125.41,128.42,4927620,112.93,119.59,2.93,66.49,120.74,122.44,129.11,127.89,1,128.42,120.74,120.74,120.74,1,2006-09-26,0,,,2,,
2006-10-17,129.06,130.91,126.89,130.29,6616560,113.05,119.59,3.01,69.73,121.89,122.8,130.91,129.11,0,,,121.89,121.89,1,2006-09-26,0,,,2,,
2006-10-18,128.74,130.17,127.68,129.39,4839450,113.17,119.59,2.98,66.4,121.33,123.08,130.91,130.91,0,,,121.33,121.89,1,2006-09-26,0,,,2,,
2006-10-19,129.53,129.53,127.26,127.81,3519840,113.29,119.59,2.93,60.91,120.35,123.34,130.91,130.91,0,,,120.35,121.89,1,2006-09-26,0,,,2,,
2006-10-20,128.17,130.27,127.42,128.56,3340455,113.4,119.59,2.92,62.5,120.84,123.64,130.91,130.91,0,,,120.84,121.89,1,2006-09-26,0,,,2,,
2006-10-23,129.32,129.64,127.64,129.43,2456130,113.53,119.59,2.86,64.3,121.44,123.86,130.91,130.91,0,,,121.44,121.89,1,2006-09-26,0,,,2,,
2006-10-26,129.11,131.12,128.91,129.66,7170750,113.65,119.59,2.81,64.79,121.62,124.2,131.12,130.91,0,,,121.62,121.89,1,2006-09-26,0,,,2,,
2006-10-27,130.7,132.07,129.91,130.99,6844710,113.76,119.59,2.78,67.53,122.5,124.64,132.07,131.12,0,,,122.5,122.5,1,2006-09-26,0,,,2,,
2006-10-30,130.99,130.99,127.53,129.2,4496190,113.84,119.59,2.83,60.69,121.31,124.95,132.07,132.07,0,,,121.31,122.5,1,2006-09-26,0,,,2,,
2006-10-31,129.38,129.64,127.54,128.06,5125560,113.92,119.59,2.78,56.74,120.61,125.22,132.07,132.07,0,,,120.61,122.5,1,2006-09-26,0,,,2,,
2006-11-01,128.32,130.65,127.53,130.08,5379420,114.02,120.76,2.8,61.51,122.29,125.54,132.07,132.07,0,,,122.29,122.5,1,2006-09-26,0,,,2,,
2006-11-02,130.12,131.33,128.85,130.06,2642490,114.13,120.76,2.78,61.44,122.29,125.84,132.07,132.07,0,,,122.29,122.5,1,2006-09-26,0,,,2,,
2006-11-03,130.17,132.54,128.48,131.4,7549065,114.26,120.76,2.87,64.45,123.09,126.24,132.54,132.07,0,,,123.09,123.09,1,2006-09-26,0,,,2,,
2006-11-06,131.39,132.71,130.46,130.86,3750255,114.38,123.77,2.83,62.34,123.78,126.63,132.71,132.54,0,,,123.78,123.78,1,2006-09-26,0,,,2,,
2006-11-07,131.49,133.29,128.11,128.89,3342840,114.49,125.41,3.0,55.23,122.94,126.85,133.29,132.71,0,,,122.94,123.78,1,2006-09-26,0,,,2,,
2006-11-08,128.85,130.07,126.94,127.55,4439265,114.55,126.89,3.01,50.96,122.56,127.02,133.29,133.29,0,,,122.56,123.78,1,2006-09-26,0,,,2,,
2006-11-09,127.53,128.58,125.06,125.94,5009040,114.58,125.06,3.04,46.34,120.89,127.12,133.29,133.29,0,,,120.89,123.78,1,2006-09-26,0,,,2,,
2006-11-10,126.47,130.69,125.94,129.88,6410625,114.62,125.06,3.16,56.7,123.35,127.26,133.29,133.29,0,,,123.35,123.78,1,2006-09-26,0,,,2,,
2006-11-13,129.97,131.36,129.27,131.02,3004530,114.66,125.06,3.09,59.15,124.14,127.41,133.29,133.29,0,,,124.14,124.14,1,2006-09-26,0,,,2,,
2006-11-14,131.34,131.34,129.67,130.09,3451695,114.69,125.06,2.99,56.35,123.6,127.55,133.29,133.29,0,,,123.6,124.14,1,2006-09-26,0,,,2,,
2006-11-15,130.17,130.28,128.96,129.94,3260175,114.72,125.06,2.87,55.88,123.59,127.65,133.29,133.29,0,,,123.59,124.14,1,2006-09-26,0,,,2,,
2006-11-16,131.23,131.23,128.91,129.7,4290105,114.76,125.06,2.83,55.11,123.46,127.79,133.29,133.29,0,,,123.46,124.14,1,2006-09-26,0,,,2,,
2006-11-17,130.44,132.71,127.91,128.53,4782330,114.81,125.06,2.97,51.36,122.61,128.02,133.29,133.29,0,,,122.61,124.14,1,2006-09-26,0,,,2,,
2006-11-20,128.74,129.91,126.21,127.14,5880180,114.85,125.06,3.02,47.25,121.68,128.18,133.29,133.29,0,,,121.68,124.14,1,2006-09-26,0,,,2,,
2006-11-21,127.91,128.82,127.26,128.03,4834050,114.9,125.06,2.93,50.01,122.32,128.34,133.29,133.29,0,,,122.32,124.14,1,2006-09-26,0,,,2,,
2006-11-22,129.57,131.11,128.17,130.37,3537390,114.94,125.06,2.94,56.46,123.82,128.58,133.29,133.29,0,,,123.82,124.14,1,2006-09-26,0,,,2,,
2006-11-23,130.7,135.15,130.7,133.22,9149940,115.0,125.06,3.07,62.76,125.57,128.9,135.15,133.29,0,,,125.57,125.57,1,2006-09-26,0,,,2,,
2006-11-24,133.35,135.34,132.42,133.76,8615790,115.07,125.06,3.06,63.83,125.92,129.27,135.34,135.15,0,,,125.92,125.92,1,2006-09-26,0,,,2,,
2006-11-27,133.88,134.85,132.13,132.52,1219815,115.13,125.06,3.03,59.6,125.14,129.58,135.34,135.34,0,,,125.14,125.92,1,2006-09-26,0,,,2,,
2006-11-28,132.82,133.35,131.23,131.75,2691405,115.2,125.06,2.97,57.07,124.69,129.75,135.34,135.34,0,,,124.69,125.92,1,2006-09-26,0,,,2,,
2006-11-29,131.76,133.08,129.79,130.13,2865930,115.23,125.06,2.99,52.07,123.63,129.81,135.34,135.34,0,,,123.63,125.92,1,2006-09-26,0,,,2,,
2006-11-30,131.18,133.23,130.5,132.59,6505395,115.28,125.94,3.0,58.08,125.5,129.89,135.34,135.34,0,,,125.5,125.92,1,2006-09-26,0,,,2,,
2006-12-01,134.67,134.93,132.08,133.2,7133655,115.35,126.21,2.99,59.44,125.99,130.01,135.34,135.34,0,,,125.99,125.99,1,2006-09-26,0,,,2,,
2006-12-04,133.46,138.21,132.76,137.09,8824860,115.43,126.21,3.16,66.82,128.38,130.32,138.21,135.34,1,137.09,128.38,128.38,128.38,1,2006-09-26,0,,,2,,
2006-12-05,137.58,138.35,135.78,136.77,4040610,115.51,126.21,3.12,65.76,128.21,130.6,138.35,138.21,0,,,128.21,128.38,1,2006-09-26,0,,,2,,
2006-12-06,137.05,139.96,134.95,138.68,5988345,115.6,126.21,3.26,68.93,129.35,130.9,139.96,138.35,1,138.68,129.35,129.35,129.35,1,2006-09-26,0,,,2,,
2006-12-07,138.9,141.05,137.91,139.91,6757995,115.69,126.21,3.25,70.8,130.15,131.24,141.05,139.96,0,,,130.15,130.15,1,2006-09-26,0,,,2,,
2006-12-08,140.95,141.02,139.17,139.65,3851880,115.77,126.21,3.15,69.84,130.05,131.53,141.05,141.05,0,,,130.05,130.15,1,2006-09-26,0,,,2,,
2006-12-11,139.86,139.96,127.0,134.19,5344350,115.82,127.0,3.85,53.47,126.32,131.7,141.05,141.05,0,,,126.32,130.15,1,2006-09-26,1,130.15,TRAILING_STOP,2,52,3.55
2006-12-12,134.4,134.4,123.29,129.06,11480250,115.84,123.29,4.37,43.21,121.43,131.73,141.05,141.05,0,,,121.43,,0,,0,,,,,
2006-12-13,127.82,132.27,126.22,128.34,7614615,115.86,123.29,4.49,42.0,120.88,131.68,141.05,141.05,0,,,120.88,,0,,0,,,,,
2006-12-14,128.9,131.44,128.32,130.3,8418345,115.91,123.29,4.39,46.42,122.21,131.68,141.05,141.05,0,,,122.21,,0,,0,,,,,
2006-12-15,132.22,133.77,130.81,132.3,8155140,116.0,123.29,4.32,50.56,123.55,131.71,141.05,141.05,0,,,123.55,,0,,0,,,,,
2006-12-18,132.29,134.28,125.67,126.52,15055095,116.05,123.29,4.63,40.75,119.61,131.57,141.05,141.05,0,,,119.61,,0,,0,,,,,
2006-12-19,127.0,128.05,119.65,121.27,30028440,116.04,119.65,4.9,34.25,114.84,131.31,141.05,141.05,0,,,114.84,,0,,0,,,,,
2006-12-20,121.76,123.24,118.11,120.7,18769740,116.1,118.11,4.92,33.63,113.94,131.09,141.05,141.05,0,,,113.94,,0,,0,,,,,
2006-12-21,121.17,122.5,119.18,120.53,6004860,116.21,118.11,4.8,33.43,113.91,130.91,141.05,141.05,0,,,113.91,,0,,0,,,,,
2006-12-22,121.71,122.48,120.65,121.8,5105400,116.35,118.11,4.6,36.42,114.87,130.64,141.05,141.05,0,,,114.87,,0,,0,,,,,
2006-12-26,121.82,124.19,121.82,123.67,4986855,116.47,118.11,4.44,40.65,116.18,130.39,141.05,141.05,0,,,116.18,,0,,0,,,,,
2006-12-27,123.72,124.5,122.5,123.19,5161035,116.6,118.11,4.27,39.91,115.98,130.16,141.05,141.05,0,,,115.98,,0,,0,,,,,
2006-12-28,123.54,123.7,120.98,122.13,5028795,116.74,118.11,4.16,38.27,115.37,129.9,141.05,141.05,0,,,115.37,,0,,0,,,,,
2006-12-29,122.23,123.56,121.33,121.67,3183090,116.87,118.11,4.02,37.55,115.17,129.63,141.05,141.05,0,,,115.17,,0,,0,,,,,
2007-01-02,122.71,122.71,120.99,121.89,2126505,117.0,118.11,3.85,38.15,115.42,129.41,141.05,141.05,0,,,115.42,,0,,0,,,,,
2007-01-03,122.23,122.71,121.45,121.73,4558455,117.12,118.11,3.67,37.86,115.44,129.23,141.05,141.05,0,,,115.44,,0,,0,,,,,
2007-01-04,122.68,123.13,119.85,120.44,5045370,117.25,118.11,3.64,35.55,114.63,128.98,141.05,141.05,0,,,114.63,,0,,0,,,,,
2007-01-05,121.07,121.97,118.82,121.16,6534045,117.39,118.11,3.61,37.83,115.11,128.67,141.05,141.05,0,,,115.11,,0,,0,,,,,
2007-01-08,120.12,121.11,118.13,119.95,4992165,117.49,118.11,3.56,35.56,114.36,128.23,141.02,141.05,0,,,114.36,,0,,0,,,,,
2007-01-09,120.64,120.64,119.06,119.1,4563465,117.59,118.11,3.42,34.01,113.91,127.74,139.96,141.02,0,,,113.91,,0,,0,,,,,
2007-01-10,119.32,119.32,112.82,113.48,8997180,117.69,112.82,3.64,25.96,108.37,127.11,134.4,139.96,0,,,108.37,,0,,0,,,,,
2007-01-11,113.77,116.41,111.39,113.84,28718385,117.8,111.39,3.74,27.15,108.06,126.51,134.28,134.4,0,,,108.06,,0,,0,,,,,
2007-01-12,114.36,120.12,114.3,118.95,16337280,117.99,111.39,3.92,41.51,111.24,126.14,134.28,134.28,0,,,111.24,,0,,0,,,,,
2007-01-15,119.59,121.42,116.47,117.59,19107150,118.11,111.39,4.0,39.29,110.31,125.64,134.28,134.28,0,,,110.31,,0,,0,,,,,
2007-01-16,116.68,120.88,115.15,119.67,7020705,118.3,111.39,4.12,44.21,111.57,125.19,134.28,134.28,0,,,111.57,,0,,0,,,,,
2007-01-17,120.54,120.65,119.22,120.16,5316345,118.53,111.39,3.93,45.33,112.01,124.62,128.05,134.28,0,,,112.01,,0,,0,,,,,
2007-01-18,120.65,122.55,119.91,121.58,12567930,118.78,111.39,3.84,48.56,112.99,124.12,124.5,128.05,0,,,112.99,,0,,0,,,,,
2007-01-19,122.23,122.87,119.22,120.15,8622720,118.93,111.39,3.82,45.64,112.08,123.5,124.5,124.5,0,,,112.08,,0,,0,,,,,
2007-01-22,120.91,123.89,120.65,122.7,13507215,119.09,111.39,3.82,51.27,113.73,122.92,124.5,124.5,0,,,113.73,,0,,0,,,,,
2007-01-23,123.03,123.56,121.24,122.51,6679305,119.22,111.39,3.71,50.85,113.68,122.35,124.5,124.5,0,,,113.68,,0,,0,,,,,
2007-01-24,122.66,126.2,122.55,125.3,11183160,119.4,111.39,3.71,56.52,115.48,122.06,126.2,124.5,0,,,115.48,,0,,0,,,,,
2007-01-25,126.47,130.17,125.68,129.43,18498390,119.62,111.39,3.79,63.28,118.08,122.07,130.17,126.2,0,,,118.08,,0,,0,,,,,
2007-01-29,140.17,140.17,131.03,132.76,18550305,119.84,111.39,4.29,67.64,119.9,122.22,140.17,130.17,0,,,119.9,,0,,0,,,,,
2007-01-31,136.98,136.98,131.23,133.51,10244550,120.07,111.39,4.39,68.55,120.32,122.32,140.17,140.17,0,,,120.32,,0,,0,,,,,
2007-02-01,134.14,134.85,131.86,132.19,5321445,120.3,111.39,4.29,65.09,119.53,122.32,140.17,140.17,0,,,119.53,,0,,0,,,,,
2007-02-02,132.29,134.12,131.77,132.4,2875410,120.55,111.39,4.15,65.39,119.76,122.52,140.17,140.17,0,,,119.76,,0,,0,,,,,
2007-02-05,132.46,133.88,131.86,133.25,4829775,120.79,114.3,4.0,66.64,121.38,122.91,140.17,140.17,0,,,121.38,,0,,0,,,,,
2007-02-06,133.61,134.3,131.65,132.25,7661025,121.03,115.15,3.9,63.73,121.08,123.3,140.17,140.17,0,,,121.08,,0,,0,,,,,
2007-02-07,132.34,133.24,131.26,132.03,5947545,121.22,115.15,3.77,63.08,121.03,123.68,140.17,140.17,0,,,121.03,,0,,0,,,,,
2007-02-08,132.71,135.99,131.71,132.79,12021810,121.42,119.22,3.8,64.43,122.85,124.05,140.17,140.17,0,,,122.85,,0,,0,,,,,
2007-02-09,132.92,134.35,131.49,132.6,5358345,121.61,119.22,3.74,63.8,122.78,124.35,140.17,140.17,0,,,122.78,,0,,0,,,,,
2007-02-12,132.29,132.87,123.04,124.12,9794535,121.74,119.22,4.17,43.41,117.02,124.38,140.17,140.17,0,,,117.02,,0,,0,,,,,
2007-02-13,125.07,127.46,120.97,123.27,14990355,121.89,120.65,4.34,41.96,116.83,124.42,140.17,140.17,0,,,116.83,,0,,0,,,,,
2007-02-14,123.42,124.49,120.77,123.43,7868355,122.05,120.77,4.29,42.35,117.01,124.47,140.17,140.17,0,,,117.01,,0,,0,,,,,
2007-02-15,125.02,128.21,124.66,126.91,7657965,122.21,120.77,4.33,50.19,119.23,124.64,140.17,140.17,0,,,119.23,,0,,0,,,,,
2007-02-19,130.21,130.21,125.82,126.45,3575190,122.37,120.77,4.33,49.23,118.93,124.8,140.17,140.17,0,,,118.93,,0,,0,,,,,
2007-02-20,127.46,127.46,125.07,125.53,4521330,122.51,120.77,4.19,47.3,118.43,124.97,140.17,140.17,0,,,118.43,,0,,0,,,,,
2007-02-21,126.03,126.35,122.74,123.13,5634285,122.64,120.77,4.15,42.6,116.91,125.03,140.17,140.17,0,,,116.91,,0,,0,,,,,
2007-02-22,123.1,124.17,121.08,121.98,19153005,122.77,120.77,4.08,40.52,116.22,125.1,140.17,140.17,0,,,116.22,,0,,0,,,,,
2007-02-23,122.36,123.47,120.28,121.11,9542235,122.92,120.28,4.01,38.97,115.53,125.17,140.17,140.17,0,,,115.53,,0,,0,,,,,
2007-02-26,121.4,122.3,118.9,120.23,6404490,123.09,118.9,3.97,37.41,114.54,125.39,140.17,140.17,0,,,114.54,,0,,0,,,,,
2007-02-27,121.3,121.81,117.04,118.39,7861215,123.26,117.04,4.03,34.32,112.69,125.55,140.17,140.17,0,,,112.69,,0,,0,,,,,
2007-02-28,115.97,118.39,111.72,116.07,9605190,123.39,111.72,4.21,30.86,109.3,125.45,136.98,140.17,0,,,109.3,,0,,0,,,,,
2007-03-01,116.98,116.98,111.73,115.52,8915370,123.53,111.72,4.29,30.09,108.89,125.38,135.99,136.98,0,,,108.89,,0,,0,,,,,
2007-03-02,115.92,118.09,110.65,111.63,8984025,123.64,110.65,4.51,25.26,105.88,125.11,135.99,135.99,0,,,105.88,,0,,0,,,,,
2007-03-05,109.86,110.41,104.8,106.8,12266955,123.71,104.8,4.68,20.8,100.7,124.67,135.99,135.99,0,,,100.7,,0,,0,,,,,
2007-03-06,109.0,111.34,106.93,107.93,6801600,123.78,104.8,4.67,24.17,101.44,124.21,135.99,135.99,0,,,101.44,,0,,0,,,,,
2007-03-07,108.99,110.64,105.34,107.11,9084090,123.8,104.8,4.71,23.39,100.88,123.78,135.99,135.99,0,,,100.88,,0,,0,,,,,
2007-03-08,107.99,116.93,106.82,115.66,5163255,123.88,104.8,5.1,43.75,106.13,123.54,135.99,135.99,0,,,106.13,,0,,0,,,,,
2007-03-09,112.91,116.51,109.71,111.58,7497270,123.9,104.8,5.22,38.49,103.42,123.18,134.35,135.99,0,,,103.42,,0,,0,,,,,
2007-03-12,111.72,116.88,111.72,111.97,7541280,123.91,104.8,5.23,39.25,103.67,122.73,132.87,134.35,0,,,103.67,,0,,0,,,,,
2007-03-13,111.88,113.31,110.28,112.6,4405575,123.9,104.8,5.07,40.51,104.18,122.17,130.21,132.87,0,,,104.18,,0,,0,,,,,
2007-03-14,107.06,111.66,106.4,108.03,7925265,123.87,104.8,5.15,34.84,101.18,121.35,130.21,130.21,0,,,101.18,,0,,0,,,,,
2007-03-15,109.06,110.88,106.13,106.84,6545055,123.83,104.8,5.12,33.53,100.43,120.46,130.21,130.21,0,,,100.43,,0,,0,,,,,
2007-03-16,110.87,110.87,103.1,103.86,9989715,123.75,103.1,5.31,30.43,97.82,119.52,130.21,130.21,0,,,97.82,,0,,0,,,,,
2007-03-19,104.8,111.92,103.21,110.72,7683855,123.72,103.1,5.55,43.39,102.08,118.79,127.46,130.21,0,,,102.08,,0,,0,,,,,
2007-03-20,111.19,111.93,108.53,108.98,5712315,123.68,103.1,5.4,41.29,101.06,117.98,126.35,127.46,0,,,101.06,,0,,0,,,,,
2007-03-21,109.58,112.77,108.06,112.15,7471665,123.66,103.1,5.35,46.39,103.14,117.31,124.17,126.35,0,,,103.14,,0,,0,,,,,
2007-03-22,113.31,120.03,111.88,118.71,14853015,123.69,103.1,5.55,55.07,107.23,116.87,123.47,124.17,0,,,107.23,,0,,0,,,,,
2007-03-23,118.81,123.16,116.77,120.85,12844425,123.73,103.1,5.61,57.49,108.57,116.47,123.16,123.47,0,,,108.57,,0,,0,,,,,
2007-03-26,120.92,122.3,119.29,119.91,9168600,123.74,103.1,5.42,56.07,108.09,116.05,123.16,123.16,0,,,108.09,,0,,0,,,,,
2007-03-28,119.17,123.53,118.21,121.38,13671615,123.75,103.1,5.42,57.83,109.05,115.96,123.53,123.16,0,,,109.05,,0,,0,,,,,
2007-03-29,122.34,123.16,119.5,121.17,6028620,123.75,103.1,5.29,57.48,108.99,115.89,123.53,123.53,0,,,108.99,,0,,0,,,,,
2007-03-30,121.45,122.34,119.7,120.3,5630145,123.75,103.1,5.1,55.94,108.56,115.78,123.53,123.53,0,,,108.56,,0,,0,,,,,
2007-04-02,119.7,119.7,113.95,114.6,8881800,123.72,103.1,5.19,47.08,104.82,115.37,123.53,123.53,0,,,104.82,,0,,0,,,,,
2007-04-03,114.6,121.45,114.38,119.97,16402230,123.73,103.1,5.33,54.41,108.2,115.16,123.53,123.53,0,,,108.2,,0,,0,,,,,
2007-04-04,120.5,128.31,120.5,125.21,20642295,123.78,103.1,5.54,60.2,111.43,115.15,128.31,123.53,1,125.21,111.43,111.43,111.43,1,2007-04-04,0,,,3,,
2007-04-05,127.4,127.4,124.22,125.63,11935245,123.82,103.1,5.37,60.63,111.82,115.23,128.31,128.31,0,,,111.82,111.82,1,2007-04-04,0,,,3,,
2007-04-09,126.08,130.06,126.08,128.99,10586760,123.89,103.1,5.31,63.99,114.03,115.46,130.06,128.31,1,128.99,114.03,114.03,114.03,1,2007-04-04,0,,,3,,
2007-04-10,129.27,131.67,128.34,131.02,7696200,123.96,103.21,5.16,65.89,115.47,115.79,131.67,130.06,0,,,115.47,115.47,1,2007-04-04,0,,,3,,
2007-04-11,128.9,135.66,128.9,132.79,21166755,124.04,108.06,5.28,67.5,118.15,116.21,135.66,131.67,0,,,118.15,118.15,1,2007-04-04,0,,,3,,
2007-04-12,132.46,132.73,130.6,131.34,5898930,124.12,108.06,5.06,64.8,117.36,116.64,135.66,135.66,0,,,117.36,118.15,1,2007-04-04,0,,,3,,
2007-04-13,131.29,133.51,130.39,131.92,4823250,124.2,111.88,4.92,65.4,119.1,117.17,135.66,135.66,0,,,119.1,119.1,1,2007-04-04,0,,,3,,
2007-04-16,133.53,135.66,132.46,135.55,4946640,124.31,113.95,4.83,68.94,122.19,117.84,135.66,135.66,0,,,122.19,122.19,1,2007-04-04,0,,,3,,
2007-04-17,135.66,137.09,134.49,135.27,6894420,124.4,113.95,4.68,68.36,122.12,118.63,137.09,135.66,0,,,122.12,122.19,1,2007-04-04,0,,,3,,
2007-04-18,135.79,138.0,135.28,135.84,4354770,124.51,113.95,4.54,68.93,122.58,119.6,138.0,137.09,0,,,122.58,122.58,1,2007-04-04,0,,,3,,
2007-04-19,135.12,135.12,131.79,133.2,7155570,124.6,113.95,4.5,63.21,120.9,120.44,138.0,138.0,0,,,120.9,122.58,1,2007-04-04,0,,,3,,
2007-04-20,134.06,136.93,134.06,134.99,7982550,124.68,113.95,4.45,65.31,122.09,121.37,138.0,138.0,0,,,122.09,122.58,1,2007-04-04,0,,,3,,
2007-04-23,135.66,136.98,134.19,135.16,5471700,124.79,113.95,4.33,65.51,122.28,122.02,138.0,138.0,0,,,122.28,122.58,1,2007-04-04,0,,,3,,
2007-04-24,131.53,135.07,130.95,132.87,11551020,124.89,114.38,4.32,60.43,120.95,122.73,138.0,138.0,0,,,120.95,122.58,1,2007-04-04,0,,,3,,
2007-04-25,133.48,134.53,131.95,132.61,6743010,124.97,120.5,4.2,59.86,122.9,123.42,138.0,138.0,0,,,122.9,122.9,1,2007-04-04,0,,,3,,
2007-04-26,133.1,135.34,132.8,133.81,8114220,125.06,124.22,4.09,61.65,124.99,124.12,138.0,138.0,0,,,124.99,124.99,1,2007-04-04,0,,,3,,
2007-04-27,133.53,134.04,131.94,132.47,3735645,125.14,126.08,3.95,58.51,124.84,124.94,138.0,138.0,0,,,124.84,124.99,1,2007-04-04,0,,,3,,
2007-04-30,132.73,132.98,130.34,132.35,4525785,125.22,128.34,3.86,58.22,125.58,125.79,138.0,138.0,0,,,125.58,125.58,1,2007-04-04,0,,,3,,
2007-05-03,134.06,136.83,133.53,135.1,8081730,125.32,128.9,3.9,62.72,127.51,126.83,138.0,138.0,0,,,127.51,127.51,1,2007-04-04,0,,,3,,
2007-05-04,136.03,136.08,132.46,132.84,4941270,125.42,130.34,3.88,57.26,126.54,127.57,138.0,138.0,0,,,126.54,127.51,1,2007-04-04,0,,,3,,
2007-05-07,135.05,135.23,131.53,132.54,3598845,125.48,130.34,3.87,56.56,126.36,128.35,138.0,138.0,0,,,126.36,127.51,1,2007-04-04,0,,,3,,
2007-05-08,132.45,133.9,130.98,131.51,5473335,125.54,130.34,3.8,54.1,125.74,129.0,138.0,138.0,0,,,125.74,127.51,1,2007-04-04,0,,,3,,
2007-05-09,131.67,131.93,128.95,130.29,5364645,125.59,128.95,3.74,51.26,124.53,129.38,138.0,138.0,0,,,124.53,127.51,1,2007-04-04,0,,,3,,
2007-05-10,131.61,132.35,128.79,129.24,5768535,125.62,128.79,3.73,48.88,123.8,129.66,138.0,138.0,0,,,123.8,127.51,1,2007-04-04,0,,,3,,
2007-05-11,129.21,131.1,125.31,129.65,5553540,125.64,125.31,3.88,49.85,122.81,129.99,138.0,138.0,0,,,122.81,127.51,1,2007-04-04,1,127.51,TRAILING_STOP|SMA150_BREAK,3,25,1.83
2007-05-14,130.87,132.62,130.07,130.39,4119390,125.67,125.31,3.81,51.65,123.33,130.29,138.0,138.0,0,,,123.33,,0,,0,,,,,
2007-05-15,131.29,134.75,130.28,134.1,6901950,125.71,125.31,3.86,59.5,125.69,130.72,138.0,138.0,0,,,125.69,,0,,0,,,,,
2007-05-16,134.59,138.74,134.27,137.98,13047600,125.8,125.31,3.91,65.76,128.16,131.31,138.74,138.0,0,,,128.16,,0,,0,,,,,
2007-05-17,139.22,141.56,138.85,139.64,8951355,125.92,125.31,3.89,68.04,129.24,132.14,141.56,138.74,1,139.64,129.24,129.24,129.24,1,2007-05-17,0,,,4,,
2007-05-18,140.23,140.69,138.08,139.56,5068965,126.03,125.31,3.8,67.81,129.25,132.8,141.56,141.56,0,,,129.25,129.25,1,2007-05-17,0,,,4,,
2007-05-21,140.44,141.44,139.23,140.15,3535200,126.15,125.31,3.68,68.66,129.71,133.29,141.56,141.56,0,,,129.71,129.71,1,2007-05-17,0,,,4,,
2007-05-22,140.71,143.62,140.71,142.52,8514855,126.28,125.31,3.67,71.89,131.25,133.86,143.62,141.56,1,142.52,131.25,131.25,131.25,1,2007-05-17,0,,,4,,
2007-05-23,144.97,146.19,143.21,144.34,11902005,126.41,125.31,3.67,74.1,132.42,134.37,146.19,143.62,0,,,132.42,132.42,1,2007-05-17,0,,,4,,
2007-05-24,146.01,146.4,143.9,144.16,6408915,126.56,125.31,3.59,73.49,132.36,134.81,146.4,146.19,0,,,132.36,132.42,1,2007-05-17,0,,,4,,
2007-05-25,143.64,145.13,142.15,143.79,6928170,126.69,125.31,3.54,72.16,132.15,135.17,146.4,146.4,0,,,132.15,132.42,1,2007-05-17,0,,,4,,
2007-05-28,144.7,147.81,144.49,145.13,6764085,126.82,125.31,3.58,73.99,132.99,135.63,147.81,146.4,0,,,132.99,132.99,1,2007-05-17,0,,,4,,
2007-05-29,146.24,153.68,144.95,152.01,16812315,126.97,125.31,3.94,80.93,137.19,136.3,153.68,147.81,1,152.01,137.19,137.19,137.19,1,2007-05-17,0,,,4,,
2007-05-30,152.41,155.27,145.25,147.24,17411160,127.09,125.31,4.38,67.49,133.82,136.69,155.27,153.68,0,,,133.82,137.19,1,2007-05-17,0,,,4,,
2007-05-31,151.94,153.18,146.64,148.86,10630050,127.22,125.31,4.53,69.35,134.76,137.14,155.27,155.27,0,,,134.76,137.19,1,2007-05-17,0,,,4,,
2007-06-01,150.02,152.68,148.87,150.95,6359167,127.37,130.07,4.48,71.61,137.73,137.65,155.27,155.27,0,,,137.73,137.73,1,2007-05-17,0,,,4,,
2007-06-04,155.14,155.14,144.74,146.15,6635137,127.49,130.28,4.9,60.57,134.42,138.08,155.27,155.27,0,,,134.42,137.73,1,2007-05-17,0,,,4,,
2007-06-05,146.51,148.63,146.08,147.49,3954427,127.61,134.27,4.74,62.32,136.73,138.5,155.27,155.27,0,,,136.73,137.73,1,2007-05-17,0,,,4,,
2007-06-06,151.91,151.91,141.72,142.51,5629132,127.69,138.08,5.13,52.93,134.53,138.74,155.27,155.27,0,,,134.53,137.73,1,2007-05-17,0,,,4,,
2007-06-07,143.6,144.38,141.4,142.27,5134875,127.77,138.08,4.97,52.52,134.48,139.05,155.27,155.27,0,,,134.48,137.73,1,2007-05-17,0,,,4,,
2007-06-08,141.58,142.33,138.66,139.48,6948802,127.84,138.66,4.88,47.88,132.93,139.28,155.27,155.27,0,,,132.93,137.73,1,2007-05-17,0,,,4,,
2007-06-11,141.51,142.0,139.27,140.06,3316942,127.92,138.66,4.73,48.89,133.41,139.49,155.27,155.27,0,,,133.41,137.73,1,2007-05-17,0,,,4,,
2007-06-12,140.98,141.51,138.67,140.59,3687892,127.99,138.66,4.59,49.85,133.84,139.76,155.27,155.27,0,,,133.84,137.73,1,2007-05-17,0,,,4,,
2007-06-13,141.19,141.19,138.42,139.44,4251727,128.05,138.42,4.46,47.76,133.1,140.0,155.27,155.27,0,,,133.1,137.73,1,2007-05-17,0,,,4,,
2007-06-14,141.19,144.42,140.44,143.44,3401325,128.13,138.42,4.5,54.86,135.66,140.28,155.27,155.27,0,,,135.66,137.73,1,2007-05-17,0,,,4,,
2007-06-15,144.7,149.38,144.57,148.07,7656570,128.25,138.42,4.6,61.4,138.58,140.78,155.27,155.27,0,,,138.58,138.58,1,2007-05-17,0,,,4,,
2007-06-18,148.74,150.66,145.57,146.93,4981192,128.37,138.42,4.64,59.12,137.82,141.26,155.27,155.27,0,,,137.82,138.58,1,2007-05-17,0,,,4,,
2007-06-19,147.36,150.23,146.83,149.62,2190825,128.51,138.42,4.55,62.64,139.61,141.87,155.27,155.27,0,,,139.61,139.61,1,2007-05-17,0,,,4,,
2007-06-20,150.02,153.63,149.31,151.7,5967007,128.68,138.42,4.53,65.13,140.97,142.58,155.27,155.27,0,,,140.97,140.97,1,2007-05-17,0,,,4,,
2007-06-21,152.14,159.01,152.14,157.79,8157187,128.87,138.42,4.73,71.2,144.76,143.53,159.01,155.27,1,157.79,144.76,144.76,144.76,1,2007-05-17,0,,,4,,
2007-06-22,158.53,159.56,151.79,153.07,6869857,129.02,138.42,4.95,62.17,141.57,144.31,159.56,159.01,0,,,141.57,144.76,1,2007-05-17,0,,,4,,
2007-06-25,153.07,156.29,152.16,154.36,6016507,129.18,138.42,4.89,63.53,142.44,145.11,159.56,159.56,0,,,142.44,144.76,1,2007-05-17,0,,,4,,
2007-06-26,153.74,157.79,152.84,156.74,5880982,129.36,138.42,4.89,65.96,143.98,145.87,159.56,159.56,0,,,143.98,144.76,1,2007-05-17,0,,,4,,
2007-06-27,156.4,156.94,154.65,155.77,4190385,129.53,138.42,4.71,64.09,143.47,146.46,159.56,159.56,0,,,143.47,144.76,1,2007-05-17,0,,,4,,
2007-06-28,151.46,160.66,151.46,158.92,4219897,129.73,138.42,5.03,67.34,145.29,147.1,160.66,159.56,0,,,145.29,145.29,1,2007-05-17,0,,,4,,
2007-06-29,158.5,164.28,157.79,163.62,7503427,129.98,138.42,5.13,71.48,148.25,147.91,164.28,160.66,1,163.62,148.25,148.25,148.25,1,2007-05-17,0,,,4,,
2007-07-02,165.98,168.43,161.36,162.79,4024552,130.21,138.42,5.27,69.8,147.63,148.66,168.43,164.28,0,,,147.63,148.25,1,2007-05-17,0,,,4,,
2007-07-03,164.81,165.98,163.03,164.58,4751970,130.44,138.42,5.12,71.37,148.88,149.4,168.43,168.43,0,,,148.88,148.88,1,2007-05-17,0,,,4,,
2007-07-04,165.55,165.66,161.94,164.41,3546487,130.65,140.44,5.02,70.99,149.51,150.06,168.43,168.43,0,,,149.51,149.51,1,2007-05-17,0,,,4,,
2007-07-05,164.38,166.51,162.79,165.69,2705632,130.86,144.57,4.93,72.18,151.77,150.78,168.43,168.43,0,,,151.77,151.77,1,2007-05-17,0,,,4,,
2007-07-06,165.69,168.3,164.2,165.35,4128210,131.08,145.57,4.87,71.34,151.93,151.5,168.43,168.43,0,,,151.93,151.93,1,2007-05-17,0,,,4,,
2007-07-09,165.45,169.67,165.45,168.01,6454230,131.32,146.83,4.83,73.89,154.09,152.26,169.67,168.43,0,,,154.09,154.09,1,2007-05-17,0,,,4,,
2007-07-10,168.64,169.28,165.68,166.59,6397365,131.56,149.31,4.74,70.29,154.06,152.75,169.67,169.67,0,,,154.06,154.09,1,2007-05-17,0,,,4,,
2007-07-11,165.66,170.43,164.92,167.65,4118107,131.8,151.46,4.8,71.41,155.42,153.43,170.43,169.67,0,,,155.42,155.42,1,2007-05-17,0,,,4,,
2007-07-12,169.49,175.45,169.17,174.7,7847205,132.07,151.46,5.01,77.49,159.83,154.29,175.45,170.43,1,174.7,159.83,159.83,159.83,1,2007-05-17,0,,,4,,
2007-07-13,175.56,182.47,175.56,179.36,8232495,132.35,151.46,5.21,80.45,162.7,155.24,182.47,175.45,0,,,162.7,162.7,1,2007-05-17,0,,,4,,
2007-07-16,180.55,181.09,176.09,176.72,3847170,132.62,151.46,5.19,74.48,161.01,156.26,182.47,182.47,0,,,161.01,162.7,1,2007-05-17,0,,,4,,
2007-07-17,177.76,178.18,170.98,172.19,3962197,132.84,151.46,5.34,65.49,157.99,157.08,182.47,182.47,0,,,157.99,162.7,1,2007-05-17,0,,,4,,
2007-07-18,171.85,175.34,171.31,173.64,4328977,133.07,151.46,5.24,66.87,158.99,158.12,182.47,182.47,0,,,158.99,162.7,1,2007-05-17,0,,,4,,
2007-07-19,174.37,177.76,174.37,176.02,4996005,133.31,157.79,5.16,69.05,162.69,159.24,182.47,182.47,0,,,162.69,162.7,1,2007-05-17,0,,,4,,
2007-07-20,174.29,177.67,174.11,175.48,3995167,133.59,161.36,5.05,67.96,163.61,160.44,182.47,182.47,0,,,163.61,163.61,1,2007-05-17,0,,,4,,
2007-07-23,175.56,192.47,172.9,187.86,11925390,133.98,161.94,6.09,76.97,171.09,162.04,192.47,182.47,1,187.86,171.09,171.09,171.09,1,2007-05-17,0,,,4,,
2007-07-24,189.28,201.62,189.28,194.88,17214435,134.42,161.94,6.63,80.35,175.25,163.85,201.62,192.47,0,,,175.25,175.25,1,2007-05-17,0,,,4,,
2007-07-25,194.18,195.65,187.27,190.12,9369840,134.82,162.79,6.76,72.58,172.38,165.54,201.62,201.62,0,,,172.38,175.25,1,2007-05-17,0,,,4,,
2007-07-26,191.48,193.61,183.98,187.09,10343670,135.19,164.2,6.96,68.07,170.76,166.99,201.62,201.62,0,,,170.76,175.25,1,2007-05-17,0,,,4,,
2007-07-27,181.1,185.66,174.09,176.7,13231927,135.52,164.92,7.4,55.36,164.01,167.94,201.62,201.62,0,,,164.01,175.25,1,2007-05-17,1,175.25,TRAILING_STOP,4,52,25.5
2007-07-30,177.9,180.75,172.16,175.23,11134710,135.88,164.92,7.48,53.83,163.01,168.89,201.62,201.62,0,,,163.01,,0,,0,,,,,
2007-07-31,175.56,185.16,170.98,183.85,13880437,136.3,164.92,7.96,60.69,168.25,170.03,201.62,201.62,0,,,168.25,,0,,0,,,,,
2007-08-01,184.6,184.6,174.49,177.27,12657607,136.68,169.17,8.11,54.08,165.32,170.88,201.62,201.62,0,,,165.32,,0,,0,,,,,
2007-08-02,179.4,184.04,176.62,181.14,7812997,137.08,170.98,8.06,57.05,168.45,171.66,201.62,201.62,0,,,168.45,,0,,0,,,,,
2007-08-03,182.05,186.3,181.94,183.33,5524875,137.47,170.98,7.86,58.67,170.0,172.67,201.62,201.62,0,,,170.0,,0,,0,,,,,
2007-08-06,176.1,179.81,173.96,178.48,5255092,137.84,170.98,7.96,53.81,166.8,173.47,201.62,201.62,0,,,166.8,,0,,0,,,,,
2007-08-07,184.07,184.07,176.19,177.99,5797237,138.21,170.98,7.96,53.33,166.49,174.18,201.62,201.62,0,,,166.49,,0,,0,,,,,
2007-08-08,177.68,183.27,177.68,182.2,5432692,138.62,170.98,7.79,56.89,169.32,175.06,201.62,201.62,0,,,169.32,,0,,0,,,,,
2007-08-09,185.13,190.13,182.69,184.5,13634287,139.04,170.98,7.8,58.75,170.8,175.91,201.62,201.62,0,,,170.8,,0,,0,,,,,
2007-08-10,180.88,181.4,174.73,180.16,7963575,139.42,170.98,7.94,54.03,167.9,176.47,201.62,201.62,0,,,167.9,,0,,0,,,,,
2007-08-13,181.73,183.83,181.41,182.04,4800345,139.84,170.98,7.63,55.69,169.32,177.11,201.62,201.62,0,,,169.32,,0,,0,,,,,
2007-08-14,182.68,183.2,178.85,179.59,4507627,140.22,170.98,7.4,53.0,167.9,177.61,201.62,201.62,0,,,167.9,,0,,0,,,,,
2007-08-16,175.56,175.56,168.64,170.62,11118427,140.56,168.64,7.65,44.54,161.16,177.82,201.62,201.62,0,,,161.16,,0,,0,,,,,
2007-08-17,170.23,170.23,163.96,165.97,15749955,140.88,163.96,7.58,40.89,156.65,177.82,201.62,201.62,0,,,156.65,,0,,0,,,,,
2007-08-20,170.24,174.17,168.27,171.28,10088085,141.26,163.96,7.63,46.3,160.04,178.02,201.62,201.62,0,,,160.04,,0,,0,,,,,
2007-08-21,172.47,175.66,167.09,169.2,10653585,141.63,163.96,7.69,44.58,158.66,178.06,201.62,201.62,0,,,158.66,,0,,0,,,,,
2007-08-22,171.3,180.88,169.84,178.12,11680177,142.02,163.96,7.98,52.69,164.22,178.45,195.65,201.62,0,,,164.22,,0,,0,,,,,
2007-08-23,181.41,183.54,175.56,177.59,7101330,142.42,163.96,7.98,52.21,163.88,178.78,193.61,195.65,0,,,163.88,,0,,0,,,,,
2007-08-24,178.23,188.11,174.49,186.5,7133647,142.87,163.96,8.38,59.08,169.36,179.17,190.13,193.61,0,,,169.36,,0,,0,,,,,
2007-08-27,190.45,195.24,187.47,193.16,6484327,143.36,163.96,8.41,63.33,173.64,179.63,195.24,190.13,1,193.16,173.64,173.64,173.64,1,2007-08-27,0,,,5,,
2007-08-28,193.43,195.35,190.66,192.86,4894042,143.83,163.96,8.14,63.01,173.62,180.17,195.35,195.24,0,,,173.62,173.64,1,2007-08-27,0,,,5,,
2007-08-29,190.24,198.29,185.14,197.2,7781812,144.34,163.96,8.5,65.69,176.18,181.0,198.29,195.35,1,197.2,176.18,176.18,176.18,1,2007-08-27,0,,,5,,
2007-08-30,197.47,201.32,194.27,198.61,10473832,144.85,163.96,8.4,66.54,177.16,181.83,201.32,198.29,0,,,177.16,177.16,1,2007-08-27,0,,,5,,
2007-08-31,198.54,202.38,198.01,201.58,7146892,145.38,163.96,8.11,68.32,179.27,182.69,202.38,201.32,0,,,179.27,179.27,1,2007-08-27,0,,,5,,
2007-09-03,203.56,208.02,201.76,207.12,8302980,145.92,163.96,7.99,71.37,182.92,183.74,208.02,202.38,0,,,182.92,182.92,1,2007-08-27,0,,,5,,
2007-09-04,206.02,208.04,203.03,204.5,5305095,146.42,163.96,7.78,68.03,181.37,184.3,208.04,208.02,0,,,181.37,182.92,1,2007-08-27,0,,,5,,
2007-09-05,204.95,205.9,201.22,202.67,8419837,146.89,163.96,7.56,65.72,180.34,184.56,208.04,208.04,0,,,180.34,182.92,1,2007-08-27,0,,,5,,
2007-09-06,200.68,204.72,200.68,202.24,5849085,147.35,163.96,7.3,65.16,180.23,184.96,208.04,208.04,0,,,180.23,182.92,1,2007-08-27,0,,,5,,
2007-09-07,202.81,204.72,200.4,201.28,5196892,147.81,167.09,7.09,63.85,180.79,185.43,208.04,208.04,0,,,180.79,182.92,1,2007-08-27,0,,,5,,
2007-09-10,196.83,202.81,196.83,201.7,3546975,148.27,167.09,7.01,64.19,181.12,186.27,208.04,208.04,0,,,181.12,182.92,1,2007-08-27,0,,,5,,
2007-09-11,202.92,205.59,201.74,203.82,4191480,148.74,169.84,6.79,65.93,183.55,187.22,208.04,208.04,0,,,183.55,183.55,1,2007-08-27,0,,,5,,
2007-09-12,204.94,206.44,203.16,203.75,3199335,149.22,174.49,6.54,65.81,185.22,187.88,208.04,208.04,0,,,185.22,185.22,1,2007-08-27,0,,,5,,
2007-09-13,203.88,204.91,203.35,203.86,3012397,149.7,174.49,6.18,65.91,185.53,188.77,208.04,208.04,0,,,185.53,185.53,1,2007-08-27,0,,,5,,
2007-09-14,204.45,205.96,201.59,202.39,3890152,150.16,185.14,6.05,63.27,188.22,189.48,208.04,208.04,0,,,188.22,188.22,1,2007-08-27,0,,,5,,
2007-09-17,202.28,206.01,201.97,202.48,2286562,150.63,185.14,5.91,63.36,188.37,190.12,208.04,208.04,0,,,188.37,188.37,1,2007-08-27,0,,,5,,
2007-09-18,202.17,205.91,202.17,202.79,6045525,151.15,185.14,5.75,63.72,188.68,190.93,208.04,208.04,0,,,188.68,188.68,1,2007-08-27,0,,,5,,
2007-09-19,206.01,208.15,204.96,205.98,8606295,151.7,194.27,5.73,67.24,193.8,191.86,208.15,208.04,0,,,193.8,193.8,1,2007-08-27,0,,,5,,
2007-09-20,207.83,209.64,203.05,207.5,6159375,152.26,196.83,5.79,68.79,195.59,192.7,209.64,208.15,0,,,195.59,195.59,1,2007-08-27,0,,,5,,
2007-09-21,206.13,211.32,206.13,210.28,4474965,152.82,196.83,5.75,71.46,197.41,193.56,211.32,209.64,1,210.28,197.41,197.41,197.41,1,2007-08-27,0,,,5,,
2007-09-24,211.35,216.57,211.14,214.62,6581010,153.41,196.83,5.78,75.04,200.18,194.71,216.57,211.32,0,,,200.18,200.18,1,2007-08-27,0,,,5,,
2007-09-25,215.66,216.69,208.7,213.69,5133705,153.99,196.83,5.94,72.93,199.48,195.76,216.69,216.57,0,,,199.48,200.18,1,2007-08-27,0,,,5,,
2007-09-26,214.55,215.62,211.62,212.46,5445832,154.59,196.83,5.8,70.12,198.78,196.86,216.69,216.69,0,,,198.78,200.18,1,2007-08-27,0,,,5,,
2007-09-27,214.18,221.49,211.89,217.78,9991635,155.23,196.83,6.07,74.67,202.03,198.43,221.49,216.69,1,217.78,202.03,202.03,202.03,1,2007-08-27,0,,,5,,
2007-09-28,218.29,222.77,216.69,217.43,4536435,155.87,196.83,6.07,73.87,201.8,200.15,222.77,221.49,0,,,201.8,202.03,1,2007-08-27,0,,,5,,
2007-10-01,220.0,220.64,211.89,212.46,9847642,156.49,201.59,6.27,63.5,200.06,201.52,222.77,222.77,0,,,200.06,202.03,1,2007-08-27,0,,,5,,
2007-10-03,214.98,222.53,212.63,221.22,11707957,157.17,201.59,6.54,71.18,205.53,203.25,222.77,222.77,0,,,205.53,205.53,1,2007-08-27,0,,,5,,
2007-10-04,222.03,228.22,219.78,223.25,12192975,157.89,201.59,6.67,72.62,206.74,204.76,228.22,222.77,1,223.25,206.74,206.74,206.74,1,2007-08-27,0,,,5,,
2007-10-05,223.73,238.03,223.73,229.97,13117290,158.65,201.59,7.25,76.75,210.69,206.5,238.03,228.22,0,,,210.69,210.69,1,2007-08-27,0,,,5,,
2007-10-08,230.02,240.07,225.77,233.87,13816755,159.46,201.97,7.76,78.76,213.0,208.08,240.07,238.03,0,,,213.0,213.0,1,2007-08-27,0,,,5,,
2007-10-09,233.74,240.05,228.43,238.76,9936540,160.34,202.17,8.03,80.97,216.04,209.6,240.07,240.07,0,,,216.04,216.04,1,2007-08-27,0,,,5,,
2007-10-10,238.78,255.43,238.78,248.3,11491350,161.28,203.05,8.65,84.39,222.07,211.45,255.43,240.07,1,248.3,222.07,222.07,222.07,1,2007-08-27,0,,,5,,
2007-10-11,253.92,262.48,249.78,258.25,6538642,162.29,203.05,9.04,87.01,228.23,213.49,262.48,255.43,0,,,228.23,228.23,1,2007-08-27,0,,,5,,
2007-10-12,256.72,263.34,247.12,249.77,13647502,163.18,206.13,9.56,75.39,223.44,215.19,263.34,262.48,0,,,223.44,228.23,1,2007-08-27,0,,,5,,
2007-10-15,250.85,260.99,249.25,257.81,9827467,164.16,208.7,9.71,78.34,229.38,217.07,263.34,263.34,0,,,229.38,229.38,1,2007-08-27,0,,,5,,
2007-10-16,260.35,260.35,252.58,256.42,6522382,165.12,208.7,9.57,76.63,228.58,218.71,263.34,263.34,0,,,228.58,229.38,1,2007-08-27,0,,,5,,
2007-10-17,245.51,251.17,220.1,243.58,13172317,165.99,211.62,11.48,62.95,219.99,220.01,263.34,263.34,0,,,219.99,229.38,1,2007-08-27,1,229.38,TRAILING_STOP,5,37,18.75
2007-10-18,245.4,253.41,229.6,233.56,11780115,166.83,211.89,12.36,54.73,213.03,221.04,263.34,263.34,0,,,213.03,,0,,0,,,,,
2007-10-19,230.23,233.77,214.02,219.05,14451997,167.58,211.89,12.89,45.48,203.32,221.6,263.34,263.34,0,,,203.32,,0,,0,,,,,
2007-10-22,215.62,223.46,208.47,219.63,8285182,168.35,208.47,13.04,45.87,202.46,222.21,263.34,263.34,0,,,202.46,,0,,0,,,,,
2007-10-23,223.95,253.19,223.95,245.06,17042115,169.24,208.47,14.51,59.64,217.88,223.66,263.34,263.34,0,,,217.88,,0,,0,,,,,
2007-10-24,248.71,251.38,236.49,243.8,11238997,170.14,208.47,14.53,58.84,217.05,224.99,263.34,263.34,0,,,217.05,,0,,0,,,,,
2007-10-25,244.98,249.21,242.98,245.11,7346895,171.03,208.47,13.94,59.45,218.29,226.37,263.34,263.34,0,,,218.29,,0,,0,,,,,
2007-10-26,245.85,261.31,244.44,259.51,10695795,171.97,208.47,14.15,65.49,227.44,228.23,263.34,263.34,0,,,227.44,,0,,0,,,,,
2007-10-29,270.86,288.21,266.86,279.16,13056697,173.02,208.47,15.19,71.68,239.42,230.78,288.21,263.34,1,279.16,239.42,239.42,239.42,1,2007-10-29,0,,,6,,
2007-10-30,293.49,293.54,279.67,283.3,11272350,174.11,208.47,15.13,72.79,242.13,233.48,293.54,288.21,0,,,242.13,242.13,1,2007-10-29,0,,,6,,
2007-10-31,284.36,287.08,276.49,278.34,4432695,175.16,208.47,14.81,69.29,239.15,236.0,293.54,293.54,0,,,239.15,242.13,1,2007-10-29,0,,,6,,
2007-11-01,282.87,292.58,278.85,282.33,10192965,176.23,208.47,14.77,70.52,241.75,238.54,293.54,293.54,0,,,241.75,242.13,1,2007-10-29,0,,,6,,
2007-11-02,285.92,292.48,272.3,290.13,5342347,177.37,208.47,15.15,72.81,246.52,241.3,293.54,293.54,0,,,246.52,246.52,1,2007-10-29,0,,,6,,
2007-11-05,290.18,291.84,280.09,282.45,5680335,178.48,208.47,14.91,67.27,241.73,243.7,293.54,293.54,0,,,241.73,246.52,1,2007-10-29,0,,,6,,
2007-11-06,287.03,297.28,285.43,292.89,8708790,179.64,208.47,14.9,70.55,248.47,246.31,297.28,293.54,0,,,248.47,248.47,1,2007-10-29,0,,,6,,
2007-11-07,295.14,312.76,291.45,303.44,9691470,180.83,208.47,15.36,73.44,254.97,249.3,312.76,297.28,1,303.44,254.97,254.97,254.97,1,2007-10-29,0,,,6,,
2007-11-08,295.14,303.04,293.76,298.39,5040060,181.98,208.47,14.96,69.9,251.98,252.17,312.76,312.76,0,,,251.98,254.97,1,2007-10-29,0,,,6,,
2007-11-12,291.41,293.9,280.21,291.49,7056135,183.06,208.47,15.19,65.27,247.38,254.62,312.76,312.76,0,,,247.38,254.97,1,2007-10-29,0,,,6,,
2007-11-13,292.58,305.82,287.35,296.51,7338810,184.16,223.95,15.42,66.98,255.62,257.26,312.76,312.76,0,,,255.62,255.62,1,2007-10-29,0,,,6,,
2007-11-14,303.09,310.16,300.19,306.37,5669752,185.32,236.49,15.29,70.11,266.24,260.39,312.76,312.76,0,,,266.24,266.24,1,2007-10-29,0,,,6,,
2007-11-15,307.92,307.92,297.28,301.34,5311417,186.45,242.98,14.96,66.64,265.38,263.06,312.76,312.76,0,,,265.38,266.24,1,2007-10-29,0,,,6,,
2007-11-16,298.88,301.02,289.43,297.43,2523337,187.56,244.44,14.74,64.0,263.49,265.53,312.76,312.76,0,,,263.49,266.24,1,2007-10-29,0,,,6,,
2007-11-19,298.88,302.13,295.68,297.31,3287265,188.64,266.86,14.15,63.92,271.28,267.78,312.76,312.76,0,,,271.28,271.28,1,2007-10-29,0,,,6,,
2007-11-20,294.6,296.21,279.77,282.53,11911357,189.62,272.3,14.39,54.45,263.4,269.4,312.76,312.76,0,,,263.4,271.28,1,2007-10-29,0,,,6,,
2007-11-21,280.31,283.35,262.47,264.88,5769532,190.48,262.47,14.86,45.74,248.43,270.27,312.76,312.76,0,,,248.43,271.28,1,2007-10-29,1,271.28,TRAILING_STOP,6,17,-2.82
2007-11-22,267.39,273.28,254.96,266.12,9302467,191.36,254.96,15.1,46.39,246.56,270.87,312.76,312.76,0,,,246.56,,0,,0,,,,,
2007-11-23,267.39,276.46,264.72,271.23,4317660,192.27,254.96,14.86,49.09,250.02,271.3,312.76,312.76,0,,,250.02,,0,,0,,,,,
2007-11-26,277.11,279.66,275.72,277.84,6488302,193.22,254.96,14.4,52.43,254.59,272.23,312.76,312.76,0,,,254.59,,0,,0,,,,,
2007-11-27,275.4,286.46,273.69,285.49,4803097,194.24,254.96,14.29,56.03,259.6,273.16,312.76,312.76,0,,,259.6,,0,,0,,,,,
2007-11-28,286.07,296.53,286.07,290.91,6679110,195.3,254.96,14.06,58.42,263.25,274.31,312.76,312.76,0,,,263.25,,0,,0,,,,,
2007-11-29,296.8,298.77,272.19,284.57,10056075,196.3,254.96,14.95,54.67,258.57,275.67,312.76,312.76,0,,,258.57,,0,,0,,,,,
2007-11-30,293.54,293.54,276.7,286.02,7170570,197.33,254.96,15.09,55.38,259.41,277.42,312.76,312.76,0,,,259.41,,0,,0,,,,,
2007-12-03,288.42,297.6,287.14,296.33,4785630,198.42,254.96,14.84,60.13,266.23,280.0,312.76,312.76,0,,,266.23,,0,,0,,,,,
2007-12-04,297.6,302.08,296.64,300.79,5661510,199.52,254.96,14.19,62.02,269.54,282.7,312.76,312.76,0,,,269.54,,0,,0,,,,,
2007-12-05,300.79,303.09,293.78,301.82,4136280,200.65,254.96,13.84,62.46,270.44,284.59,312.76,312.76,0,,,270.44,,0,,0,,,,,
2007-12-06,304.22,306.89,296.75,297.79,3691020,201.75,254.96,13.57,59.54,268.01,286.39,310.16,312.76,0,,,268.01,,0,,0,,,,,
2007-12-07,301.02,301.98,291.95,293.13,3930112,202.83,254.96,13.32,56.27,265.18,287.99,310.16,310.16,0,,,265.18,,0,,0,,,,,
2007-12-10,301.55,301.85,283.96,285.53,4672935,203.86,254.96,13.65,51.32,260.06,288.86,310.16,310.16,0,,,260.06,,0,,0,,,,,
2007-12-11,290.23,292.48,283.11,285.0,7466430,204.9,254.96,13.34,50.98,259.92,289.06,310.16,310.16,0,,,259.92,,0,,0,,,,,
2007-12-12,283.94,285.74,280.33,282.64,7146375,205.92,254.96,12.77,49.42,258.77,289.03,307.92,310.16,0,,,258.77,,0,,0,,,,,
2007-12-13,283.94,285.84,275.93,276.58,8199405,206.9,264.72,12.57,45.57,258.25,288.98,306.89,307.92,0,,,258.25,,0,,0,,,,,
2007-12-14,281.59,281.59,272.41,273.41,8115585,207.83,272.19,12.33,43.66,258.86,288.68,306.89,306.89,0,,,258.86,,0,,0,,,,,
2007-12-17,274.27,274.27,256.83,258.86,9251362,208.63,256.83,12.69,36.15,244.11,287.64,306.89,306.89,0,,,244.11,,0,,0,,,,,
2007-12-18,262.48,264.51,251.33,255.48,13694655,209.4,251.33,12.73,34.66,240.08,286.74,306.89,306.89,0,,,240.08,,0,,0,,,,,
2007-12-19,257.78,263.12,252.89,256.32,8304990,210.18,251.33,12.55,35.37,240.74,285.52,306.89,306.89,0,,,240.74,,0,,0,,,,,
2007-12-20,256.4,258.32,250.45,253.08,5413102,210.94,250.45,12.22,33.84,238.58,283.84,306.89,306.89,0,,,238.58,,0,,0,,,,,
2007-12-24,256.18,266.84,255.12,265.96,5785192,211.76,250.45,12.33,44.2,246.81,282.76,306.89,306.89,0,,,246.81,,0,,0,,,,,
2007-12-26,266.75,274.54,265.9,272.79,4781835,212.61,250.45,12.06,48.78,251.39,282.14,306.89,306.89,0,,,251.39,,0,,0,,,,,
2007-12-27,272.19,275.4,271.23,273.06,5749252,213.47,250.45,11.5,48.96,251.94,281.35,306.89,306.89,0,,,251.94,,0,,0,,,,,
2007-12-28,271.23,277.43,267.25,275.78,3174967,214.35,250.45,11.4,50.82,253.76,280.33,306.89,306.89,0,,,253.76,,0,,0,,,,,
2007-12-31,277.53,280.63,273.8,276.44,2363197,215.23,250.45,11.08,51.29,254.4,279.5,306.89,306.89,0,,,254.4,,0,,0,,,,,
2008-01-01,275.4,278.6,273.37,275.78,1581165,216.05,250.45,10.66,50.77,254.25,278.78,306.89,306.89,0,,,254.25,,0,,0,,,,,
2008-01-02,276.89,277.52,266.98,272.27,3870187,216.89,250.45,10.65,48.01,252.0,277.95,306.89,306.89,0,,,252.0,,0,,0,,,,,
2008-01-03,272.19,272.19,265.79,267.03,5230132,217.68,250.45,10.35,44.14,248.82,277.43,306.89,306.89,0,,,248.82,,0,,0,,,,,
2008-01-04,266.86,273.35,262.71,271.59,4704112,218.48,250.45,10.37,48.06,251.74,277.65,306.89,306.89,0,,,251.74,,0,,0,,,,,
2008-01-07,269.85,271.12,266.86,267.7,4873957,219.29,250.45,9.97,45.15,249.5,277.71,301.98,306.89,0,,,249.5,,0,,0,,,,,
2008-01-08,269.53,271.86,264.4,266.34,6009465,220.08,250.45,9.79,44.15,248.74,277.54,301.85,301.98,0,,,248.74,,0,,0,,,,,
2008-01-09,268.35,276.04,258.8,259.67,7718827,220.86,250.45,10.32,39.5,244.09,276.94,292.48,301.85,0,,,244.09,,0,,0,,,,,
2008-01-10,261.52,266.64,259.11,259.87,10362060,221.65,250.45,10.12,39.7,244.35,276.08,285.84,292.48,0,,,244.35,,0,,0,,,,,
2008-01-11,256.42,262.48,256.42,259.79,4069192,222.45,250.45,9.83,39.64,244.49,275.05,285.84,285.84,0,,,244.49,,0,,0,,,,,
2008-01-14,260.24,265.22,260.24,264.17,3170130,223.28,255.12,9.52,44.42,249.08,274.37,281.59,285.84,0,,,249.08,,0,,0,,,,,
2008-01-15,266.32,267.93,255.54,258.24,5857432,224.06,255.54,9.72,39.83,245.26,273.44,280.63,281.59,0,,,245.26,,0,,0,,,,,
2008-01-16,261.2,261.2,242.31,246.36,8492812,224.77,242.31,10.38,32.56,232.75,271.78,280.63,280.63,0,,,232.75,,0,,0,,,,,
2008-01-17,248.18,256.18,243.11,251.03,6984960,225.49,242.31,10.57,37.4,235.64,270.12,280.63,280.63,0,,,235.64,,0,,0,,,,,
2008-01-18,249.78,249.78,243.69,246.02,6243495,226.14,242.31,10.34,34.53,232.56,268.26,280.63,280.63,0,,,232.56,,0,,0,,,,,
2008-01-21,243.91,243.91,212.53,224.52,7944847,226.66,212.53,11.99,25.51,207.66,265.81,280.63,280.63,0,,,207.66,,0,,0,,,,,
2008-01-22,218.82,221.49,192.14,212.8,13099207,227.08,192.14,13.45,22.12,192.34,263.14,280.63,280.63,0,,,192.34,,0,,0,,,,,
2008-01-23,224.16,243.87,218.26,229.3,12058762,227.6,192.14,14.71,35.19,202.14,261.26,280.63,280.63,0,,,202.14,,0,,0,,,,,
2008-01-24,235.9,241.24,221.49,223.63,8558970,228.04,192.14,15.07,33.13,198.24,259.22,280.63,280.63,0,,,198.24,,0,,0,,,,,
2008-01-25,233.45,240.16,228.86,231.05,7836645,228.56,192.14,15.17,38.22,202.96,257.5,280.63,280.63,0,,,202.96,,0,,0,,,,,
2008-01-28,226.3,226.3,218.26,223.23,9441915,229.02,192.14,15.0,35.18,198.03,255.72,278.6,280.63,0,,,198.03,,0,,0,,,,,
2008-01-29,228.18,228.18,218.26,218.98,5105175,229.43,192.14,14.64,33.62,195.53,253.9,277.52,278.6,0,,,195.53,,0,,0,,,,,
2008-01-30,222.13,226.53,218.26,223.3,6215647,229.88,192.14,14.18,36.7,198.62,252.72,276.04,277.52,0,,,198.62,,0,,0,,,,,
2008-01-31,224.69,224.69,218.26,219.92,12688125,230.29,192.14,13.63,35.32,196.81,251.53,276.04,276.04,0,,,196.81,,0,,0,,,,,
2008-02-01,226.83,226.83,218.26,220.42,5459827,230.67,192.14,13.27,35.7,197.37,250.34,276.04,276.04,0,,,197.37,,0,,0,,,,,
2008-02-04,224.16,230.0,218.26,219.77,6341115,231.05,192.14,13.16,35.41,197.02,249.23,276.04,276.04,0,,,197.02,,0,,0,,,,,
2008-02-05,223.95,226.83,218.26,222.72,5250765,231.44,192.14,12.83,37.92,199.15,247.79,276.04,276.04,0,,,199.15,,0,,0,,,,,
2008-02-06,218.26,220.64,211.6,216.62,5450197,231.78,192.14,12.71,34.9,195.29,245.91,267.93,276.04,0,,,195.29,,0,,0,,,,,
2008-02-07,217.44,219.89,213.91,215.66,3480367,232.12,192.14,12.23,34.43,194.99,244.0,267.93,267.93,0,,,194.99,,0,,0,,,,,
2008-02-08,215.62,217.19,212.1,215.59,5495182,232.45,192.14,11.72,34.4,195.29,241.99,267.93,267.93,0,,,195.29,,0,,0,,,,,
2008-02-11,215.62,218.5,199.68,203.39,8439562,232.69,192.14,12.23,28.75,187.08,239.56,267.93,267.93,0,,,187.08,,0,,0,,,,,
2008-02-12,209.96,209.96,197.47,200.55,8446035,232.91,197.47,12.25,27.62,187.01,237.05,261.2,267.93,0,,,187.01,,0,,0,,,,,
2008-02-13,204.86,214.36,202.61,211.84,8574945,233.21,197.47,12.36,38.09,194.22,235.04,256.18,261.2,0,,,194.22,,0,,0,,,,,
2008-02-14,219.88,241.97,219.88,239.06,9410092,233.64,197.47,13.63,54.99,210.93,234.1,249.78,256.18,0,,,210.93,,0,,0,,,,,
2008-02-15,235.97,247.76,228.03,242.72,7020495,234.06,197.47,14.06,56.7,213.0,233.14,247.76,249.78,0,,,213.0,,0,,0,,,,,
2008-02-18,242.19,244.73,234.89,236.79,3695865,234.46,197.47,13.76,53.17,209.38,232.11,247.76,247.76,0,,,209.38,,0,,0,,,,,
2008-02-19,241.11,243.37,238.11,239.13,1822905,234.91,197.47,13.25,54.38,211.23,231.2,247.76,247.76,0,,,211.23,,0,,0,,,,,
2008-02-20,235.95,235.97,226.31,227.65,3834915,235.27,197.47,13.22,47.86,203.85,230.14,247.76,247.76,0,,,203.85,,0,,0,,,,,
2008-02-21,230.6,232.74,219.34,224.7,5106870,235.59,197.47,13.23,46.33,201.93,228.97,247.76,247.76,0,,,201.93,,0,,0,,,,,
2008-02-22,220.94,222.45,217.31,220.81,2746417,235.89,197.47,12.81,44.31,199.7,227.67,247.76,247.76,0,,,199.7,,0,,0,,,,,
2008-02-25,227.38,230.6,218.92,224.01,4104502,236.14,197.47,12.73,46.38,201.82,226.33,247.76,247.76,0,,,201.82,,0,,0,,,,,
2008-02-26,225.24,235.86,222.13,233.99,5767215,236.4,197.47,12.8,52.33,208.21,225.52,247.76,247.76,0,,,208.21,,0,,0,,,,,
2008-02-27,235.97,245.08,235.97,242.78,6582982,236.75,197.47,12.68,56.87,213.96,225.4,247.76,247.76,0,,,213.96,,0,,0,,,,,
2008-02-28,240.26,252.05,236.64,250.04,11057580,237.17,197.47,12.88,60.24,218.52,225.37,252.05,247.76,1,250.04,218.52,218.52,218.52,1,2008-02-28,0,,,7,,
2008-02-29,246.69,253.6,236.62,245.28,8311897,237.62,197.47,13.17,57.09,215.25,225.34,253.6,252.05,0,,,215.25,218.52,1,2008-02-28,1,237.62,SMA150_BREAK,7,2,-4.97
2008-03-03,236.74,238.11,222.67,225.5,6474900,237.96,197.47,13.84,46.27,202.04,225.37,253.6,253.6,0,,,202.04,,0,,0,,,,,
2008-03-04,226.85,229.07,219.77,225.02,5295465,238.23,202.61,13.52,46.04,203.66,225.78,253.6,253.6,0,,,203.66,,0,,0,,,,,
2008-03-05,224.17,229.39,220.58,223.12,4111657,238.54,217.31,13.18,45.09,207.56,225.58,253.6,253.6,0,,,207.56,,0,,0,,,,,
2008-03-07,220.95,220.95,209.15,217.06,7759950,238.78,209.15,13.24,42.12,200.89,225.36,253.6,253.6,0,,,200.89,,0,,0,,,,,
2008-03-10,217.06,217.06,194.67,205.31,14720377,238.92,194.67,13.89,37.01,188.05,224.5,253.6,253.6,0,,,188.05,,0,,0,,,,,
2008-03-11,203.25,216.02,199.54,214.13,9594337,239.16,194.67,14.08,42.63,193.62,224.2,253.6,253.6,0,,,193.62,,0,,0,,,,,
2008-03-12,217.73,225.28,211.88,216.12,8218680,239.42,194.67,14.03,43.85,194.93,224.1,253.6,253.6,0,,,194.93,,0,,0,,,,,
2008-03-13,211.83,211.83,198.96,202.03,7473870,239.55,194.67,14.25,37.74,185.7,223.39,253.6,253.6,0,,,185.7,,0,,0,,,,,
2008-03-14,203.57,205.93,197.67,201.71,7222305,239.66,194.67,13.82,37.62,185.78,222.78,253.6,253.6,0,,,185.78,,0,,0,,,,,
2008-03-17,194.13,197.21,187.91,192.55,9277725,239.75,187.91,13.82,34.05,177.62,221.86,253.6,253.6,0,,,177.62,,0,,0,,,,,
2008-03-18,191.45,205.93,191.45,195.88,10996372,239.84,187.91,13.87,36.41,179.73,221.06,253.6,253.6,0,,,179.73,,0,,0,,,,,
2008-03-19,199.93,204.72,197.57,198.62,8690227,239.97,187.91,13.51,38.36,181.74,220.26,253.6,253.6,0,,,181.74,,0,,0,,,,,
2008-03-24,201.13,203.79,190.81,200.88,8919855,240.17,187.91,13.47,40.0,183.22,219.73,253.6,253.6,0,,,183.22,,0,,0,,,,,
2008-03-25,201.95,219.02,201.95,215.77,7358557,240.5,187.91,13.81,49.51,192.6,219.73,253.6,253.6,0,,,192.6,,0,,0,,,,,
2008-03-26,216.73,217.73,207.02,209.5,4789957,240.75,187.91,13.58,46.19,188.71,219.53,253.6,253.6,0,,,188.71,,0,,0,,,,,
2008-03-27,210.22,215.48,204.12,212.52,6214927,241.04,187.91,13.43,48.0,190.76,219.84,253.6,253.6,0,,,190.76,,0,,0,,,,,
2008-03-28,213.6,226.42,211.94,224.59,7388707,241.35,187.91,13.5,54.57,198.5,220.64,253.6,253.6,0,,,198.5,,0,,0,,,,,
2008-03-31,220.95,225.02,212.37,221.09,6717945,241.64,187.91,13.44,52.5,196.28,220.95,253.6,253.6,0,,,196.28,,0,,0,,,,,
2008-04-01,222.13,222.13,201.64,202.95,16202745,241.75,187.91,13.94,43.32,184.24,219.74,253.6,253.6,0,,,184.24,,0,,0,,,,,
2008-04-02,210.73,213.44,197.89,198.8,13044285,241.79,187.91,14.06,41.53,181.49,218.28,238.11,253.6,0,,,181.49,,0,,0,,,,,
2008-04-03,199.49,201.54,181.8,187.99,49473225,241.76,181.8,14.46,37.22,172.21,216.65,229.39,238.11,0,,,172.21,,0,,0,,,,,
2008-04-04,190.92,190.95,174.29,175.19,29227792,241.61,174.29,14.62,32.86,161.35,214.52,229.39,229.39,0,,,161.35,,0,,0,,,,,
2008-04-07,179.55,179.55,168.18,175.47,28191660,241.46,168.18,14.39,33.05,159.65,212.78,226.42,229.39,0,,,159.65,,0,,0,,,,,
2008-04-08,178.05,185.02,173.22,183.87,28125967,241.34,168.18,14.2,38.51,165.19,211.42,226.42,226.42,0,,,165.19,,0,,0,,,,,
2008-04-09,182.34,191.68,181.26,190.47,14100825,241.23,168.18,13.93,42.48,169.62,210.41,226.42,226.42,0,,,169.62,,0,,0,,,,,
2008-04-10,189.84,194.96,187.94,189.67,14354077,241.13,168.18,13.44,42.12,169.44,209.26,226.42,226.42,0,,,169.44,,0,,0,,,,,
2008-04-11,191.34,197.84,190.92,196.07,15759067,241.08,168.18,13.06,46.01,173.82,208.0,226.42,226.42,0,,,173.82,,0,,0,,,,,
2008-04-15,194.13,198.64,190.92,196.62,10872712,241.05,168.18,12.68,46.34,174.43,206.46,226.42,226.42,0,,,174.43,,0,,0,,,,,
2008-04-16,196.6,199.5,189.95,190.99,10335810,240.98,168.18,12.46,43.39,170.94,204.49,226.42,226.42,0,,,170.94,,0,,0,,,,,
2008-04-17,193.6,195.74,189.84,191.46,13161090,240.91,168.18,11.99,43.71,171.56,202.7,226.42,226.42,0,,,171.56,,0,,0,,,,,
2008-04-21,193.92,195.64,187.74,189.97,16497547,240.82,168.18,11.7,42.87,170.79,201.51,226.42,226.42,0,,,170.79,,0,,0,,,,,
2008-04-22,190.17,202.68,188.38,200.83,17428837,240.8,168.18,11.88,50.32,177.67,200.71,226.42,226.42,0,,,177.67,,0,,0,,,,,
2008-04-23,201.11,203.76,192.1,196.0,9917985,240.75,168.18,11.87,47.36,174.57,199.8,226.42,226.42,0,,,174.57,,0,,0,,,,,
2008-04-24,197.35,200.0,193.76,198.5,7660395,240.72,168.18,11.47,49.03,176.45,199.18,226.42,226.42,0,,,176.45,,0,,0,,,,,
2008-04-25,198.42,202.77,197.35,200.57,5600250,240.71,168.18,11.03,50.43,178.07,199.03,226.42,226.42,0,,,178.07,,0,,0,,,,,
2008-04-28,201.64,202.18,197.35,200.17,3807300,240.69,168.18,10.59,50.14,178.11,198.56,226.42,226.42,0,,,178.11,,0,,0,,,,,
2008-04-29,200.57,205.15,197.14,202.9,11836357,240.67,168.18,10.41,52.14,179.99,198.12,225.02,226.42,0,,,179.99,,0,,0,,,,,
2008-04-30,202.9,206.25,201.65,204.02,6385620,240.65,173.22,9.99,52.98,182.67,198.19,222.13,225.02,0,,,182.67,,0,,0,,,,,
2008-05-02,206.47,207.43,203.57,204.88,6436597,240.61,181.26,9.55,53.64,186.2,198.29,213.44,222.13,0,,,186.2,,0,,0,,,,,
2008-05-05,206.33,207.53,204.32,204.92,7892677,240.55,187.74,9.1,53.68,188.69,198.71,207.53,213.44,0,,,188.69,,0,,0,,,,,
2008-05-06,205.4,206.9,197.89,199.41,6215055,240.45,187.74,9.09,48.56,185.14,198.82,207.53,207.53,0,,,185.14,,0,,0,,,,,
2008-05-07,201.11,201.11,190.44,191.5,8693617,240.31,187.74,9.21,42.32,179.96,198.59,207.53,207.53,0,,,179.96,,0,,0,,,,,
2008-05-08,189.37,191.24,187.17,188.93,7624455,240.12,187.17,8.86,40.5,178.34,198.19,207.53,207.53,0,,,178.34,,0,,0,,,,,
2008-05-09,188.24,189.84,184.5,185.0,7794540,239.9,184.5,8.61,37.82,175.09,197.16,207.53,207.53,0,,,175.09,,0,,0,,,,,
2008-05-12,183.95,188.77,183.05,187.24,7464195,239.73,183.05,8.4,40.24,176.19,196.42,207.53,207.53,0,,,176.19,,0,,0,,,,,
2008-05-13,188.24,193.06,182.99,186.04,7994415,239.5,182.99,8.52,39.36,175.31,195.54,207.53,207.53,0,,,175.31,,0,,0,,,,,
2008-05-14,187.7,191.52,184.51,187.12,8127735,239.26,182.99,8.41,40.63,176.08,194.29,207.53,207.53,0,,,176.08,,0,,0,,,,,
2008-05-15,187.7,194.99,187.7,193.21,7679797,239.01,182.99,8.37,47.31,180.03,193.36,207.53,207.53,0,,,180.03,,0,,0,,,,,
2008-05-16,193.21,195.1,191.13,192.94,7138275,238.74,182.99,8.06,47.06,180.07,193.02,207.53,207.53,0,,,180.07,,0,,0,,,,,
2008-05-20,187.95,192.53,185.02,186.17,7936177,238.39,182.99,8.05,41.12,175.71,192.6,207.53,207.53,0,,,175.71,,0,,0,,,,,
2008-05-21,186.09,191.75,182.5,190.02,6253927,238.0,182.5,8.13,45.34,177.97,192.67,207.53,207.53,0,,,177.97,,0,,0,,,,,
2008-05-22,187.84,189.84,185.58,187.53,6094612,237.53,182.5,7.87,43.19,176.54,193.08,207.53,207.53,0,,,176.54,,0,,0,,,,,
2008-05-23,188.23,190.38,185.55,187.17,5825662,237.11,182.5,7.65,42.87,176.46,193.47,207.53,207.53,0,,,176.46,,0,,0,,,,,
2008-05-26,186.84,186.84,176.23,177.58,11909437,236.58,176.23,7.89,35.4,168.02,193.26,207.53,207.53,0,,,168.02,,0,,0,,,,,
2008-05-27,178.58,185.23,176.97,178.01,10612342,236.06,176.23,7.91,35.94,168.28,192.85,207.53,207.53,0,,,168.28,,0,,0,,,,,
2008-05-28,178.58,181.26,170.81,172.95,12997762,235.58,170.81,8.1,32.5,163.09,192.29,207.53,207.53,0,,,163.09,,0,,0,,,,,
2008-05-29,175.37,178.26,169.51,171.36,13715040,235.17,169.51,8.14,31.48,161.6,191.47,207.53,207.53,0,,,161.6,,0,,0,,,,,
2008-05-30,173.22,179.32,172.79,178.37,12051735,234.9,169.51,8.13,40.36,166.13,190.86,207.53,207.53,0,,,166.13,,0,,0,,,,,
2008-06-02,179.48,181.05,170.0,170.98,7288830,234.57,169.51,8.34,35.18,161.23,190.19,207.53,207.53,0,,,161.23,,0,,0,,,,,
2008-06-03,170.01,170.01,161.16,166.26,10515382,234.05,161.16,8.44,32.33,155.33,189.35,206.9,207.53,0,,,155.33,,0,,0,,,,,
2008-06-04,166.14,166.8,156.2,158.21,12234067,233.48,156.2,8.6,28.14,148.38,188.29,201.11,206.9,0,,,148.38,,0,,0,,,,,
2008-06-05,158.2,158.2,150.75,154.95,14120512,232.88,150.75,8.52,26.64,144.51,186.76,195.1,201.11,0,,,144.51,,0,,0,,,,,
2008-06-06,159.78,161.53,151.88,152.66,12299595,232.16,150.75,8.6,25.6,142.98,185.32,195.1,195.1,0,,,142.98,,0,,0,,,,,
2008-06-09,149.3,149.45,143.23,147.51,20724975,231.29,143.23,8.66,23.4,137.12,183.62,195.1,195.1,0,,,137.12,,0,,0,,,,,
2008-06-10,146.94,153.16,146.08,148.39,14137575,230.39,143.23,8.54,24.59,137.76,181.88,195.1,195.1,0,,,137.76,,0,,0,,,,,
2008-06-11,151.07,161.96,149.62,158.94,18387720,229.59,143.23,8.9,37.23,144.32,180.51,195.1,195.1,0,,,144.32,,0,,0,,,,,
2008-06-12,150.58,166.78,150.05,161.98,29122207,228.79,143.23,9.46,40.33,145.91,179.14,195.1,195.1,0,,,145.91,,0,,0,,,,,
2008-06-13,162.49,172.08,160.25,167.06,19555935,227.97,143.23,9.63,45.21,149.08,177.91,195.1,195.1,0,,,149.08,,0,,0,,,,,
2008-06-16,169.14,173.18,161.57,163.76,16247520,227.18,143.23,9.77,42.76,146.85,176.54,192.53,195.1,0,,,146.85,,0,,0,,,,,
2008-06-17,164.1,168.39,163.61,165.22,11479920,226.33,143.23,9.42,44.2,148.03,175.22,191.75,192.53,0,,,148.03,,0,,0,,,,,
2008-06-18,167.84,170.22,159.95,161.04,7881472,225.38,143.23,9.48,41.02,145.3,173.94,190.38,191.75,0,,,145.3,,0,,0,,,,,
2008-06-19,159.28,159.81,151.84,152.72,11635395,224.41,143.23,9.46,35.55,139.94,172.64,190.38,190.38,0,,,139.94,,0,,0,,,,,
2008-06-20,152.63,155.28,150.16,150.71,11923132,223.47,143.23,9.15,34.36,138.85,171.37,186.84,190.38,0,,,138.85,,0,,0,,,,,
2008-06-23,149.41,150.7,143.51,145.83,12135367,222.46,143.23,9.01,31.58,135.8,170.06,185.23,186.84,0,,,135.8,,0,,0,,,,,
2008-06-24,146.41,151.77,144.58,149.99,14664772,221.42,143.23,8.88,36.3,138.57,168.82,181.26,185.23,0,,,138.57,,0,,0,,,,,
2008-06-25,148.55,155.52,145.01,154.04,9961800,220.44,143.23,9.0,40.6,141.1,167.76,181.05,181.26,0,,,141.1,,0,,0,,,,,
2008-06-26,155.52,157.67,150.91,154.1,12063187,219.48,143.23,8.84,40.66,141.25,166.66,181.05,181.05,0,,,141.25,,0,,0,,,,,
2008-06-27,149.52,152.84,142.36,148.15,7047105,218.49,142.36,9.04,36.47,136.98,165.15,181.05,181.05,0,,,136.98,,0,,0,,,,,
2008-06-30,150.23,153.26,146.01,147.96,10134697,217.59,142.36,8.91,36.35,136.94,163.65,173.18,181.05,0,,,136.94,,0,,0,,,,,
2008-07-01,150.69,150.7,143.75,145.45,6453427,216.8,142.36,8.77,34.61,135.42,162.3,173.18,173.18,0,,,135.42,,0,,0,,,,,
2008-07-02,150.16,155.17,143.97,152.63,10433475,216.04,142.36,8.95,43.0,139.93,161.05,173.18,173.18,0,,,139.93,,0,,0,,,,,
2008-07-03,152.84,152.84,144.9,150.38,9875370,215.23,142.36,8.88,41.21,138.53,159.81,173.18,173.18,0,,,138.53,,0,,0,,,,,
2008-07-04,151.23,162.48,149.76,160.91,13308112,214.45,142.36,9.15,51.38,145.14,158.94,173.18,173.18,0,,,145.14,,0,,0,,,,,
2008-07-07,161.96,168.93,153.4,157.44,11127270,213.6,142.36,9.61,48.41,142.6,158.27,173.18,173.18,0,,,142.6,,0,,0,,,,,
2008-07-08,158.74,164.49,151.23,160.75,14684767,212.73,142.36,9.87,51.31,144.56,157.69,173.18,173.18,0,,,144.56,,0,,0,,,,,
2008-07-09,163.03,170.54,163.03,168.61,11906017,211.96,142.36,9.86,57.41,149.63,157.55,173.18,173.18,0,,,149.63,,0,,0,,,,,
2008-07-10,167.32,172.68,164.1,167.69,10826437,211.17,142.36,9.77,56.52,149.1,157.42,173.18,173.18,0,,,149.1,,0,,0,,,,,
2008-07-11,168.45,170.32,160.04,163.2,18811657,210.28,142.36,9.81,52.25,146.18,156.92,173.18,173.18,0,,,146.18,,0,,0,,,,,
2008-07-14,163.03,163.32,156.6,157.37,15470640,209.33,142.36,9.59,47.25,142.57,156.46,172.68,173.18,0,,,142.57,,0,,0,,,,,
2008-07-15,156.6,156.65,145.99,146.82,8749185,208.29,142.36,9.71,39.83,135.68,155.82,172.68,172.68,0,,,135.68,,0,,0,,,,,
2008-07-16,146.73,152.82,145.37,147.86,9734040,207.29,142.36,9.55,40.81,136.45,155.47,172.68,172.68,0,,,136.45,,0,,0,,,,,
2008-07-17,152.3,156.99,150.84,155.76,8122890,206.38,142.36,9.52,47.82,141.57,155.5,172.68,172.68,0,,,141.57,,0,,0,,,,,
2008-07-18,157.68,165.71,156.1,164.3,11914762,205.57,143.75,9.55,54.13,147.52,155.89,172.68,172.68,0,,,147.52,,0,,0,,,,,
2008-07-21,166.14,167.93,158.44,161.56,12511642,204.75,143.75,9.55,51.96,145.76,156.35,172.68,172.68,0,,,145.76,,0,,0,,,,,
2008-07-22,161.97,172.71,161.97,171.33,17262555,204.0,143.97,9.66,58.38,152.06,157.12,172.71,172.68,0,,,152.06,,0,,0,,,,,
2008-07-23,180.19,195.21,178.18,190.2,42523777,203.43,144.9,10.68,67.43,163.86,158.16,195.21,172.71,0,,,163.86,,0,,0,,,,,
2008-07-24,191.99,196.07,181.26,185.3,14083612,202.84,145.37,10.97,63.56,160.66,158.94,196.07,195.21,0,,,160.66,,0,,0,,,,,
2008-07-25,180.73,186.63,175.37,177.4,16379137,202.3,145.37,10.99,57.81,155.55,159.28,196.07,196.07,0,,,155.55,,0,,0,,,,,
2008-07-28,178.1,183.71,176.05,176.94,11140815,201.77,145.37,10.76,57.48,155.41,159.72,196.07,196.07,0,,,155.41,,0,,0,,,,,
2008-07-29,173.76,176.29,169.04,170.95,9218985,201.21,145.37,10.55,53.27,151.68,159.91,196.07,196.07,0,,,151.68,,0,,0,,,,,
2008-07-30,171.99,180.69,171.99,178.81,9365280,200.71,145.37,10.49,57.66,156.79,160.51,196.07,196.07,0,,,156.79,,0,,0,,,,,
2008-07-31,181.77,182.2,176.12,180.41,10317555,200.14,145.37,10.18,58.51,158.04,161.43,196.07,196.07,0,,,158.04,,0,,0,,,,,
2008-08-01,178.58,192.2,175.89,188.23,14153227,199.58,145.37,10.62,62.49,162.79,162.68,196.07,196.07,0,,,162.79,,0,,0,,,,,
2008-08-04,187.7,191.98,182.34,184.08,11350447,198.98,145.37,10.55,59.24,160.16,163.95,196.07,196.07,0,,,160.16,,0,,0,,,,,
2008-08-05,185.55,190.86,182.98,189.83,11104507,198.41,145.37,10.36,62.18,163.99,165.28,196.07,196.07,0,,,163.99,,0,,0,,,,,
2008-08-06,193.06,201.11,192.2,196.11,22407982,197.87,150.84,10.42,65.13,169.82,166.68,201.11,196.07,0,,,169.82,,0,,0,,,,,
2008-08-07,195.21,196.28,188.34,190.04,13360882,197.3,156.1,10.24,60.23,167.78,167.88,201.11,201.11,0,,,167.78,,0,,0,,,,,
2008-08-08,189.2,192.82,184.52,191.28,12126525,196.76,158.44,10.11,60.88,169.45,169.32,201.11,201.11,0,,,169.45,,0,,0,,,,,
2008-08-11,193.06,197.88,193.06,196.38,12440805,196.29,161.97,9.86,63.51,174.08,170.93,201.11,201.11,0,,,174.08,,0,,0,,,,,
2008-08-12,198.43,198.43,190.49,193.97,13397767,195.77,169.04,9.72,61.41,174.98,172.55,201.11,201.11,0,,,174.98,,0,,0,,,,,
2008-08-13,191.45,195.6,190.38,191.6,12879765,195.27,169.04,9.4,59.33,173.66,173.85,201.11,201.11,0,,,173.66,,0,,0,,,,,
2008-08-14,189.82,190.97,181.95,183.17,8884935,194.71,169.04,9.42,52.52,168.21,174.94,201.11,201.11,0,,,168.21,,0,,0,,,,,
2008-08-18,182.34,188.77,180.31,181.68,8190525,194.19,169.04,9.35,51.4,167.3,175.64,201.11,201.11,0,,,167.3,,0,,0,,,,,
2008-08-19,180.73,181.69,175.26,179.97,7285642,193.66,169.04,9.14,50.08,166.33,176.39,201.11,201.11,0,,,166.33,,0,,0,,,,,
2008-08-20,182.56,187.06,182.01,186.05,7393815,193.17,171.99,8.99,54.56,171.34,177.23,201.11,201.11,0,,,171.34,,0,,0,,,,,
2008-08-21,186.63,186.63,177.49,179.23,7365795,192.6,175.26,9.0,49.22,168.02,177.58,201.11,201.11,0,,,168.02,,0,,0,,,,,
2008-08-22,177.51,185.02,173.76,184.1,12792322,192.11,173.76,9.16,52.77,170.56,178.13,201.11,201.11,0,,,170.56,,0,,0,,,,,
2008-08-25,187.16,192.47,179.98,181.14,7079722,191.67,173.76,9.4,50.46,168.49,178.73,201.11,201.11,0,,,168.49,,0,,0,,,,,
2008-08-26,182.34,185.34,178.49,184.69,6653962,191.23,173.76,9.22,53.11,170.9,179.64,201.11,201.11,0,,,170.9,,0,,0,,,,,
2008-08-27,185.02,185.52,179.78,180.41,6882360,190.79,173.76,8.97,49.66,168.3,180.76,201.11,201.11,0,,,168.3,,0,,0,,,,,
2008-08-28,177.62,181.23,172.68,174.78,11016525,190.46,172.68,8.94,45.48,164.33,181.66,201.11,201.11,0,,,164.33,,0,,0,,,,,
2008-08-29,176.44,184.62,176.44,183.18,8370787,190.26,172.68,9.01,51.98,169.71,182.57,201.11,201.11,0,,,169.71,,0,,0,,,,,
2008-09-01,182.47,186.1,177.76,185.41,8662402,189.97,172.68,8.96,53.56,171.18,183.27,201.11,201.11,0,,,171.18,,0,,0,,,,,
2008-09-02,186.77,196.46,183.78,192.25,13061512,189.76,172.68,9.22,58.12,175.41,184.3,201.11,201.11,0,,,175.41,,0,,0,,,,,
2008-09-04,190.54,195.06,186.52,190.13,11096842,189.49,172.68,9.17,56.28,174.08,184.92,201.11,201.11,0,,,174.08,,0,,0,,,,,
2008-09-05,187.31,190.39,185.19,186.48,10134862,189.24,172.68,8.89,53.15,171.91,184.8,198.43,201.11,0,,,171.91,,0,,0,,,,,
2008-09-08,198.79,204.43,191.83,192.88,16876402,189.07,172.68,9.54,57.6,175.61,185.05,204.43,198.43,0,,,175.61,,0,,0,,,,,
2008-09-09,192.16,192.48,186.45,188.47,14828092,188.84,172.68,9.32,53.81,172.91,185.42,204.43,204.43,0,,,172.91,,0,,0,,,,,
2008-09-10,187.31,188.07,181.82,184.28,9509392,188.6,172.68,9.13,50.41,170.34,185.67,204.43,204.43,0,,,170.34,,0,,0,,,,,
2008-09-11,183.01,183.01,177.84,179.27,11659252,188.33,172.68,8.93,46.62,167.23,185.94,204.43,204.43,0,,,167.23,,0,,0,,,,,
2008-09-12,182.9,188.39,179.28,182.84,15247815,188.08,172.68,8.95,49.53,169.53,186.08,204.43,204.43,0,,,169.53,,0,,0,,,,,
2008-09-15,174.79,179.24,167.81,175.21,14678482,187.76,167.81,9.38,44.01,162.69,185.9,204.43,204.43,0,,,162.69,,0,,0,,,,,
2008-09-16,171.7,178.74,166.86,177.19,10760077,187.5,166.86,9.56,45.7,163.53,185.54,204.43,204.43,0,,,163.53,,0,,0,,,,,
2008-09-17,179.13,179.78,170.47,172.7,16362697,187.21,166.86,9.54,42.56,160.65,185.16,204.43,204.43,0,,,160.65,,0,,0,,,,,
2008-09-18,171.81,175.26,161.62,173.7,22778107,186.94,161.62,9.83,43.49,159.35,184.62,204.43,204.43,0,,,159.35,,0,,0,,,,,
2008-09-19,178.64,185.16,177.74,183.96,14451862,186.81,161.62,9.95,52.08,165.89,184.21,204.43,204.43,0,,,165.89,,0,,0,,,,,
2008-09-22,185.42,187.36,180.32,181.48,11376840,186.68,161.62,9.74,50.1,164.43,183.93,204.43,204.43,0,,,164.43,,0,,0,,,,,
2008-09-23,178.7,180.32,174.45,175.05,11515102,186.43,161.62,9.55,45.29,160.41,183.39,204.43,204.43,0,,,160.41,,0,,0,,,,,
2008-09-24,175.47,180.64,175.47,179.11,9050977,186.03,161.62,9.27,48.64,163.22,182.81,204.43,204.43,0,,,163.22,,0,,0,,,,,
2008-09-25,177.74,179.09,174.2,175.89,10394947,185.59,161.62,8.96,46.22,161.35,182.21,204.43,204.43,0,,,161.35,,0,,0,,,,,
2008-09-26,176.98,176.98,165.78,166.92,11878237,185.12,161.62,9.12,40.22,155.46,181.39,204.43,204.43,0,,,155.46,,0,,0,,,,,
2008-09-29,167.72,171.24,155.23,162.83,22590817,184.61,155.23,9.61,37.81,150.36,180.71,204.43,204.43,0,,,150.36,,0,,0,,,,,
2008-09-30,158.79,175.36,157.74,171.3,22141830,184.24,155.23,10.18,45.14,155.44,180.36,204.43,204.43,0,,,155.44,,0,,0,,,,,
2008-10-01,173.43,175.47,166.0,171.33,12420420,183.88,155.23,10.13,45.17,155.5,180.08,204.43,204.43,0,,,155.5,,0,,0,,,,,
2008-10-03,165.89,175.51,165.89,168.98,14619607,183.54,155.23,10.09,43.51,154.01,179.51,204.43,204.43,0,,,154.01,,0,,0,,,,,
2008-10-06,165.36,166.86,154.26,155.94,16214887,183.08,154.26,10.42,35.71,145.05,178.73,204.43,204.43,0,,,145.05,,0,,0,,,,,
2008-10-07,158.25,163.52,155.07,161.14,13718280,182.6,154.26,10.28,40.31,148.5,177.96,192.48,204.43,0,,,148.5,,0,,0,,,,,
2008-10-08,157.17,160.93,149.64,158.11,18789997,182.03,149.64,10.37,38.58,144.95,177.2,188.39,192.48,0,,,144.95,,0,,0,,,,,
2008-10-10,148.02,151.57,139.45,145.38,26061397,181.33,139.45,10.96,32.3,132.95,175.89,188.39,188.39,0,,,132.95,,0,,0,,,,,
2008-10-13,146.21,164.17,145.44,161.45,12735862,180.78,139.45,11.52,44.56,142.94,175.25,188.39,188.39,0,,,142.94,,0,,0,,,,,
2008-10-14,166.21,168.8,158.82,161.01,12974542,180.35,139.45,11.41,44.33,142.73,174.8,187.36,188.39,0,,,142.73,,0,,0,,,,,
2008-10-15,158.11,158.78,147.01,150.45,17621775,179.85,139.45,11.6,38.98,135.79,173.7,187.36,187.36,0,,,135.79,,0,,0,,,,,
2008-10-16,146.91,146.91,136.85,141.31,17834550,179.3,136.85,11.74,35.03,128.94,172.23,187.36,187.36,0,,,128.94,,0,,0,,,,,
2008-10-17,141.02,146.38,122.73,128.27,23371485,178.71,122.73,12.59,30.32,115.25,170.1,187.36,187.36,0,,,115.25,,0,,0,,,,,
2008-10-20,131.33,133.92,116.91,118.17,31945372,178.13,116.91,12.91,27.26,106.59,167.7,187.36,187.36,0,,,106.59,,0,,0,,,,,
2008-10-21,120.6,129.07,118.95,122.95,31505025,177.52,116.91,12.76,30.82,109.76,165.59,187.36,187.36,0,,,109.76,,0,,0,,,,,
2008-10-22,118.41,125.84,118.41,122.53,17074125,176.9,116.91,12.38,30.68,109.75,163.24,180.64,187.36,0,,,109.75,,0,,0,,,,,
2008-10-23,122.08,131.76,115.72,126.23,25970550,176.39,115.72,12.64,33.58,111.56,161.17,180.64,180.64,0,,,111.56,,0,,0,,,,,
2008-10-24,121.92,127.53,115.72,118.4,24885967,175.84,115.72,12.58,30.66,106.55,158.97,179.09,180.64,0,,,106.55,,0,,0,,,,,
2008-10-27,117.88,120.97,105.61,116.25,20540880,175.33,105.61,12.78,29.89,101.66,156.87,176.98,179.09,0,,,101.66,,0,,0,,,,,
2008-10-29,126.17,130.2,124.34,126.64,17890470,174.87,105.61,12.87,37.99,108.31,155.0,175.51,176.98,0,,,108.31,,0,,0,,,,,
2008-10-31,129.36,142.64,129.36,139.05,15861825,174.47,105.61,13.09,46.01,116.16,153.79,175.51,175.51,0,,,116.16,,0,,0,,,,,
2008-11-03,143.18,149.63,137.5,144.44,11146732,174.09,105.61,13.02,49.1,119.69,152.7,175.51,175.51,0,,,119.69,,0,,0,,,,,
2008-11-04,146.41,153.4,141.91,152.07,14625990,173.67,105.61,12.91,53.17,124.68,152.01,175.51,175.51,0,,,124.68,,0,,0,,,,,
2008-11-05,156.09,157.92,147.0,148.34,19359075,173.26,105.61,12.77,51.02,122.37,151.17,168.8,175.51,0,,,122.37,,0,,0,,,,,
2008-11-06,145.44,153.82,139.95,149.55,18881722,172.84,105.61,12.85,51.7,123.1,150.02,168.8,168.8,0,,,123.1,,0,,0,,,,,
2008-11-07,149.74,154.96,144.25,151.02,12347827,172.35,105.61,12.69,52.57,124.15,149.0,168.8,168.8,0,,,124.15,,0,,0,,,,,
2008-11-10,153.94,165.52,153.4,163.19,18529335,171.97,105.61,12.82,59.09,131.91,148.61,168.8,168.8,0,,,131.91,,0,,0,,,,,
2008-11-11,160.94,161.8,145.33,147.41,14403067,171.6,105.61,13.18,49.57,121.49,147.55,168.8,168.8,0,,,121.49,,0,,0,,,,,
2008-11-12,145.33,150.43,140.19,143.82,19936837,171.23,105.61,12.97,47.69,119.32,146.48,168.8,168.8,0,,,119.32,,0,,0,,,,,
2008-11-14,145.87,148.6,135.16,137.85,23083170,170.89,105.61,13.01,44.65,115.45,145.51,165.52,168.8,0,,,115.45,,0,,0,,,,,
2008-11-17,138.33,140.91,132.63,139.1,14864617,170.65,105.61,12.67,45.43,116.48,144.72,165.52,165.52,0,,,116.48,,0,,0,,,,,
2008-11-18,137.25,139.1,133.72,136.5,12711892,170.39,105.61,12.15,44.03,115.15,143.56,165.52,165.52,0,,,115.15,,0,,0,,,,,
2008-11-19,139.95,142.53,128.86,132.5,15213427,170.05,105.61,12.26,41.9,112.49,142.27,165.52,165.52,0,,,112.49,,0,,0,,,,,
2008-11-20,129.06,130.14,124.34,128.27,13665630,169.64,124.34,11.96,39.71,116.2,140.91,165.52,165.52,0,,,116.2,,0,,0,,,,,
2008-11-21,128.97,139.52,126.92,137.72,20517330,169.29,124.34,12.01,46.45,122.27,140.3,165.52,165.52,0,,,122.27,,0,,0,,,,,
2008-11-24,138.87,141.24,135.77,140.16,12889935,168.92,124.34,11.54,48.06,124.15,139.6,165.52,165.52,0,,,124.15,,0,,0,,,,,
2008-11-25,142.64,145.77,137.25,138.18,12883170,168.53,124.34,11.33,46.83,123.02,138.94,165.52,165.52,0,,,123.02,,0,,0,,,,,
2008-11-26,138.83,142.31,133.72,139.74,17650410,168.19,124.34,11.13,47.96,124.16,138.75,165.52,165.52,0,,,124.16,,0,,0,,,,,
2008-11-27,139.74,139.74,139.74,139.74,0,167.84,124.34,10.34,47.96,124.69,138.03,165.52,165.52,0,,,124.69,,0,,0,,,,,
2008-11-28,138.33,148.02,137.15,146.36,21781867,167.55,124.34,10.37,52.9,128.93,137.54,165.52,165.52,0,,,128.93,,0,,0,,,,,
2008-12-01,148.03,150.63,136.18,136.73,18124785,167.12,124.34,10.67,46.05,122.53,137.08,165.52,165.52,0,,,122.53,,0,,0,,,,,
2008-12-02,133.27,138.87,130.58,137.23,14232315,166.73,124.34,10.5,46.44,122.96,136.95,165.52,165.52,0,,,122.96,,0,,0,,,,,
2008-12-03,138.33,139.87,133.59,136.59,14402430,166.32,124.34,10.19,45.99,122.75,137.22,165.52,165.52,0,,,122.75,,0,,0,,,,,
2008-12-04,137.79,147.91,136.09,146.16,17863477,165.96,124.34,10.31,53.35,128.85,138.16,165.52,165.52,0,,,128.85,,0,,0,,,,,
2008-12-05,146.41,149.53,141.8,144.04,14105947,165.58,124.34,10.13,51.67,127.6,138.86,165.52,165.52,0,,,127.6,,0,,0,,,,,
2008-12-08,147.48,153.73,144.85,146.57,15050130,165.21,124.34,10.1,53.55,129.25,139.66,165.52,165.52,0,,,129.25,,0,,0,,,,,
2008-12-10,148.02,153.29,147.05,152.15,14287042,164.86,124.34,9.85,57.49,133.01,140.53,161.8,165.52,0,,,133.01,,0,,0,,,,,
2008-12-11,150.71,152.33,145.59,147.93,11820142,164.48,124.34,9.63,53.78,130.44,141.51,153.73,161.8,0,,,130.44,,0,,0,,,,,
2008-12-12,145.01,148.88,140.16,146.67,11486017,164.09,126.92,9.57,52.69,130.53,142.52,153.73,153.73,0,,,130.53,,0,,0,,,,,
2008-12-15,150.71,150.71,145.87,147.97,9094815,163.75,130.58,9.23,53.73,132.81,143.24,153.73,153.73,0,,,132.81,,0,,0,,,,,
2008-12-16,147.48,152.11,143.99,151.08,11856765,163.48,130.58,9.15,56.22,134.87,143.64,153.73,153.73,0,,,134.87,,0,,0,,,,,
2008-12-17,152.84,153.73,142.64,143.97,13955160,163.18,130.58,9.29,49.64,130.2,143.62,153.73,153.73,0,,,130.2,,0,,0,,,,,
2008-12-18,145.11,155.45,143.88,154.36,14350777,162.98,130.58,9.45,57.47,136.79,143.7,155.45,153.73,0,,,136.79,,0,,0,,,,,
2008-12-19,153.4,157.05,151.25,155.25,10750170,162.76,130.58,9.19,58.07,137.54,143.93,157.05,155.45,0,,,137.54,,0,,0,,,,,
2008-12-22,155.56,156.09,148.83,150.85,9879877,162.53,130.58,9.05,54.01,134.79,143.97,157.05,157.05,0,,,134.79,,0,,0,,,,,
2008-12-23,150.02,151.46,145.65,146.87,8558160,162.26,130.58,8.82,50.56,132.38,143.83,157.05,157.05,0,,,132.38,,0,,0,,,,,
2008-12-24,149.49,149.49,143.91,145.51,11280967,161.94,133.59,8.59,49.4,132.66,143.24,157.05,157.05,0,,,132.66,,0,,0,,,,,
2008-12-26,147.27,148.49,138.99,140.01,6942315,161.59,136.09,8.65,44.91,129.9,143.0,157.05,157.05,0,,,129.9,,0,,0,,,,,
2008-12-29,139.52,145.87,135.86,144.92,11165887,161.31,135.86,8.75,49.34,132.93,143.03,157.05,157.05,0,,,132.93,,0,,0,,,,,
2008-12-30,146.41,148.88,143.05,148.14,8716357,161.04,135.86,8.54,52.06,135.14,143.38,157.05,157.05,0,,,135.14,,0,,0,,,,,
2008-12-31,149.1,151.25,145.76,146.69,8399422,160.76,135.86,8.32,50.74,134.35,143.63,157.05,157.05,0,,,134.35,,0,,0,,,,,
2009-01-02,151.43,154.21,148.94,152.01,10411417,160.53,135.86,8.27,55.23,137.82,144.15,157.05,157.05,0,,,137.82,,0,,0,,,,,
2009-01-05,153.73,156.52,151.53,154.84,9057600,160.38,135.86,8.03,57.45,139.8,144.89,157.05,157.05,0,,,139.8,,0,,0,,,,,
2009-01-06,154.48,160.4,153.25,157.95,15141172,160.24,135.86,7.97,59.81,141.85,145.88,160.4,157.05,0,,,141.85,,0,,0,,,,,
2009-01-07,157.92,160.07,150.84,155.21,12388920,160.13,135.86,8.06,56.82,140.02,146.46,160.4,160.4,0,,,140.02,,0,,0,,,,,
2009-01-09,152.0,156.09,147.7,152.56,12306487,160.0,135.86,8.08,54.01,138.3,146.88,160.4,160.4,0,,,138.3,,0,,0,,,,,
2009-01-12,151.03,151.78,143.22,144.72,8516010,159.78,135.86,8.17,46.65,133.18,147.09,160.4,160.4,0,,,133.18,,0,,0,,,,,
2009-01-13,143.71,149.39,143.19,146.2,7572487,159.61,135.86,8.03,48.09,134.23,147.31,160.4,160.4,0,,,134.23,,0,,0,,,,,
2009-01-14,147.6,150.12,146.13,149.2,5484697,159.5,135.86,7.74,50.97,136.36,147.62,160.4,160.4,0,,,136.36,,0,,0,,,,,
2009-01-15,147.8,147.8,142.1,145.43,6020790,159.41,135.86,7.7,47.41,133.96,147.59,160.4,160.4,0,,,133.96,,0,,0,,,,,
2009-01-16,145.87,151.77,145.87,151.13,7799467,159.39,135.86,7.6,52.78,137.7,148.07,160.4,160.4,0,,,137.7,,0,,0,,,,,
2009-01-19,151.79,153.94,149.77,152.55,6459165,159.39,135.86,7.36,54.04,138.78,148.58,160.4,160.4,0,,,138.78,,0,,0,,,,,
2009-01-20,148.56,152.19,147.29,150.89,7475190,159.41,135.86,7.21,52.29,137.81,149.06,160.4,160.4,0,,,137.81,,0,,0,,,,,
2009-01-21,149.1,150.17,144.04,145.22,7540327,159.39,142.1,7.18,46.7,136.25,149.03,160.4,160.4,0,,,136.25,,0,,0,,,,,
2009-01-22,146.41,148.68,145.38,147.31,6327187,159.31,142.1,6.91,48.87,137.77,149.14,160.4,160.4,0,,,137.77,,0,,0,,,,,
2009-01-23,146.94,147.91,141.45,142.18,7765177,159.18,141.45,6.88,44.12,134.27,148.99,160.4,160.4,0,,,134.27,,0,,0,,,,,
2009-01-27,144.25,150.5,144.25,148.42,8075047,159.05,141.45,6.98,50.43,138.22,148.87,160.4,160.4,0,,,138.22,,0,,0,,,,,
2009-01-28,151.25,151.25,146.63,150.54,9324120,158.96,141.45,6.82,52.39,139.7,148.95,160.4,160.4,0,,,139.7,,0,,0,,,,,
2009-01-29,151.36,152.0,145.23,146.22,14476642,158.84,141.45,6.81,48.2,136.92,148.94,160.4,160.4,0,,,136.92,,0,,0,,,,,
2009-01-30,144.14,144.14,138.33,142.19,24967170,158.71,138.33,6.89,44.61,133.23,148.75,160.4,160.4,0,,,133.23,,0,,0,,,,,
2009-02-02,141.56,143.37,139.52,140.64,11749710,158.63,138.33,6.67,43.28,132.37,148.4,160.4,160.4,0,,,132.37,,0,,0,,,,,
2009-02-03,141.58,147.12,141.58,144.4,10899960,158.59,138.33,6.66,47.39,134.81,148.41,160.4,160.4,0,,,134.81,,0,,0,,,,,
2009-02-04,145.33,147.27,144.65,146.11,5791057,158.59,138.33,6.39,49.19,136.09,148.14,160.4,160.4,0,,,136.09,,0,,0,,,,,
2009-02-05,146.08,146.91,143.83,144.99,5812695,158.56,138.33,6.15,48.03,135.53,147.8,160.07,160.4,0,,,135.53,,0,,0,,,,,
2009-02-06,146.3,148.33,145.58,147.0,6493500,158.51,138.33,5.95,50.3,136.96,147.67,156.09,160.07,0,,,136.96,,0,,0,,,,,
2009-02-09,147.48,150.5,146.44,149.74,6647152,158.48,138.33,5.82,53.29,138.81,147.76,153.94,156.09,0,,,138.81,,0,,0,,,,,
2009-02-10,150.18,157.58,149.88,156.35,11234640,158.54,138.33,5.96,59.61,142.98,148.13,157.58,153.94,0,,,142.98,,0,,0,,,,,
2009-02-11,150.94,156.27,150.94,155.87,6654705,158.59,138.33,5.92,58.98,142.7,148.65,157.58,157.58,0,,,142.7,,0,,0,,,,,
2009-02-12,154.8,155.45,150.6,151.86,5554807,158.63,138.33,5.87,53.91,140.14,148.89,157.58,157.58,0,,,140.14,,0,,0,,,,,
2009-02-13,152.76,160.34,152.55,157.97,15085815,158.67,138.33,6.06,59.61,143.96,149.21,160.34,157.58,0,,,143.96,,0,,0,,,,,
2009-02-16,158.14,158.25,149.64,150.73,8381722,158.67,138.33,6.24,51.48,139.17,149.35,160.34,160.34,0,,,139.17,,0,,0,,,,,
2009-02-17,149.52,150.84,147.79,149.65,7191255,158.6,138.33,6.01,50.38,138.62,149.27,160.34,160.34,0,,,138.62,,0,,0,,,,,
2009-02-18,149.38,153.17,146.85,151.51,10026187,158.56,138.33,6.04,52.28,139.81,149.16,160.34,160.34,0,,,139.81,,0,,0,,,,,
2009-02-19,151.47,154.59,148.95,149.87,7685347,158.48,138.33,6.01,50.44,138.77,148.89,160.34,160.34,0,,,138.77,,0,,0,,,,,
2009-02-20,148.54,149.09,145.99,147.8,6822090,158.34,139.52,5.86,48.15,137.93,148.64,160.34,160.34,0,,,137.93,,0,,0,,,,,
2009-02-24,146.27,148.87,144.56,147.53,10103865,158.21,141.58,5.75,47.85,138.52,148.47,160.34,160.34,0,,,138.52,,0,,0,,,,,
2009-02-25,149.09,151.11,148.44,149.54,7091910,158.12,143.83,5.59,50.37,140.67,148.63,160.34,160.34,0,,,140.67,,0,,0,,,,,
2009-02-26,149.09,154.6,146.07,152.28,7498260,158.09,143.83,5.8,53.66,142.3,148.84,160.34,160.34,0,,,142.3,,0,,0,,,,,
2009-02-27,151.44,152.77,148.44,152.1,7861455,158.12,144.56,5.7,53.41,142.49,148.93,160.34,160.34,0,,,142.49,,0,,0,,,,,
2009-03-02,150.06,151.65,146.96,149.93,7202257,158.13,144.56,5.66,50.36,141.12,149.08,160.34,160.34,0,,,141.12,,0,,0,,,,,
2009-03-03,148.56,150.6,147.15,147.85,6201772,158.08,144.56,5.5,47.55,139.88,148.97,160.34,160.34,0,,,139.88,,0,,0,,,,,
2009-03-04,148.33,149.68,142.57,144.44,15629595,157.95,142.57,5.61,43.29,136.94,148.7,160.34,160.34,0,,,136.94,,0,,0,,,,,
2009-03-05,145.29,145.69,137.93,139.01,13771447,157.8,137.93,5.77,37.52,131.79,148.31,160.34,160.34,0,,,131.79,,0,,0,,,,,
2009-03-06,138.68,143.02,135.72,142.06,9643170,157.6,135.72,5.88,42.18,132.95,148.2,160.34,160.34,0,,,132.95,,0,,0,,,,,
2009-03-09,138.8,142.42,138.36,140.97,6191805,157.28,135.72,5.75,41.01,132.33,147.99,160.34,160.34,0,,,132.33,,0,,0,,,,,
2009-03-12,142.64,146.54,142.48,145.41,10673190,157.01,135.72,5.73,47.44,135.21,148.1,160.34,160.34,0,,,135.21,,0,,0,,,,,
2009-03-13,147.53,150.04,147.53,148.58,6482835,156.82,135.72,5.66,51.5,137.3,148.1,160.34,160.34,0,,,137.3,,0,,0,,,,,
2009-03-16,149.52,153.09,147.57,152.21,7419742,156.65,135.72,5.65,55.73,139.65,148.16,160.34,160.34,0,,,139.65,,0,,0,,,,,
2009-03-17,151.69,153.85,149.52,151.86,7282665,156.53,135.72,5.55,55.23,139.49,148.35,160.34,160.34,0,,,139.49,,0,,0,,,,,
2009-03-18,152.66,159.81,152.66,158.11,14805817,156.39,135.72,5.72,61.81,143.41,148.88,159.81,160.34,0,,,143.41,,0,,0,,,,,
2009-03-19,158.07,159.16,151.93,152.95,11479800,156.2,135.72,5.83,54.66,140.01,149.29,159.81,159.81,0,,,140.01,,0,,0,,,,,
2009-03-20,152.66,154.25,148.07,149.31,20014582,155.94,135.72,5.86,50.25,137.64,149.45,159.81,159.81,0,,,137.64,,0,,0,,,,,
2009-03-23,150.61,154.18,150.61,152.8,14404192,155.74,135.72,5.79,54.08,139.94,149.68,159.81,159.81,0,,,139.94,,0,,0,,,,,
2009-03-24,154.18,158.92,153.43,156.42,15413017,155.51,135.72,5.81,57.71,142.26,150.06,159.81,159.81,0,,,142.26,,0,,0,,,,,
2009-03-25,156.45,161.72,155.12,160.58,11533342,155.28,135.72,5.87,61.48,144.9,150.51,161.72,159.81,1,160.58,144.9,144.9,144.9,1,2009-03-25,0,,,8,,
2009-03-26,160.9,172.71,160.9,169.66,29338417,155.14,135.72,6.31,68.16,150.46,151.17,172.71,161.72,0,,,150.46,150.46,1,2009-03-25,0,,,8,,
2009-03-27,170.11,170.96,165.99,167.92,12743595,154.98,135.72,6.22,65.81,149.4,151.56,172.71,172.71,0,,,149.4,150.46,1,2009-03-25,0,,,8,,
2009-03-30,166.31,166.85,158.33,159.54,10990635,154.74,135.72,6.46,55.81,143.84,151.68,172.71,172.71,0,,,143.84,150.46,1,2009-03-25,0,,,8,,
2009-03-31,160.9,165.23,159.27,163.66,11106862,154.54,138.36,6.42,59.1,147.4,152.07,172.71,172.71,0,,,147.4,150.46,1,2009-03-25,0,,,8,,
2009-04-01,164.69,165.32,156.78,159.29,17854650,154.32,142.48,6.57,54.47,145.85,152.12,172.71,172.71,0,,,145.85,150.46,1,2009-03-25,0,,,8,,
2009-04-02,162.3,169.55,161.98,166.42,18503047,154.21,147.53,6.84,59.98,151.96,152.64,172.71,172.71,0,,,151.96,151.96,1,2009-03-25,0,,,8,,
2009-04-06,169.56,171.67,163.13,165.9,12519225,154.1,147.57,6.96,59.41,151.56,153.18,172.71,172.71,0,,,151.56,151.96,1,2009-03-25,0,,,8,,
2009-04-08,160.9,165.99,159.06,164.36,23419290,154.0,148.07,6.96,57.68,150.73,153.61,172.71,172.71,0,,,150.73,151.96,1,2009-03-25,0,,,8,,
2009-04-09,165.23,167.72,160.64,162.37,14472067,153.84,148.07,6.97,55.43,149.44,154.03,172.71,172.71,0,,,149.44,151.96,1,2009-03-25,0,,,8,,
2009-04-13,165.22,167.18,162.15,165.31,12540247,153.75,148.07,6.83,58.04,151.43,154.61,172.71,172.71,0,,,151.43,151.96,1,2009-03-25,0,,,8,,
2009-04-15,162.85,184.08,162.64,180.63,19952205,153.73,148.07,7.87,68.4,160.62,155.72,184.08,172.71,1,180.63,160.62,160.62,160.62,1,2009-03-25,0,,,8,,
2009-04-16,182.57,183.69,174.11,176.25,11926425,153.69,150.61,7.99,63.56,158.56,156.61,184.08,184.08,0,,,158.56,160.62,1,2009-03-25,0,,,8,,
2009-04-17,177.69,182.02,176.61,179.46,12648060,153.66,153.43,7.83,65.49,161.67,157.51,184.08,184.08,0,,,161.67,161.67,1,2009-03-25,0,,,8,,
2009-04-20,179.86,182.55,175.84,178.79,9300285,153.65,155.12,7.75,64.72,161.86,158.4,184.08,184.08,0,,,161.86,161.86,1,2009-03-25,0,,,8,,
2009-04-21,176.61,180.83,174.57,177.59,7719750,153.67,156.78,7.65,63.29,161.71,159.32,184.08,184.08,0,,,161.71,161.86,1,2009-03-25,0,,,8,,
2009-04-22,178.29,179.04,169.72,171.2,9000735,153.59,156.78,7.77,56.16,157.51,160.1,184.08,184.08,0,,,157.51,161.86,1,2009-03-25,0,,,8,,
2009-04-23,171.2,176.28,169.89,175.54,6429960,153.52,156.78,7.67,59.5,160.37,161.14,184.08,184.08,0,,,160.37,161.86,1,2009-03-25,0,,,8,,
2009-04-24,176.55,179.64,174.99,178.06,5604352,153.43,156.78,7.45,61.34,162.14,162.44,184.08,184.08,0,,,162.14,162.14,1,2009-03-25,0,,,8,,
2009-04-27,176.62,182.13,175.52,181.5,9231547,153.37,156.78,7.39,63.76,164.4,163.76,184.08,184.08,0,,,164.4,164.4,1,2009-03-25,0,,,8,,
2009-04-28,181.37,182.02,172.27,173.06,7092990,153.28,159.06,7.56,54.71,159.6,164.82,184.08,184.08,0,,,159.6,164.4,1,2009-03-25,0,,,8,,
2009-04-29,174.98,181.48,172.07,179.39,11391255,153.19,159.06,7.69,59.37,163.6,165.96,184.08,184.08,0,,,163.6,164.4,1,2009-03-25,0,,,8,,
2009-04-30,179.39,179.39,179.39,179.39,0,153.13,159.06,7.14,59.37,163.96,166.98,184.08,184.08,0,,,163.96,164.4,1,2009-03-25,0,,,8,,
2009-05-04,184.59,186.9,183.32,184.92,8644072,153.13,160.64,7.17,63.2,168.04,168.07,186.9,184.08,1,184.92,168.04,168.04,168.04,1,2009-03-25,0,,,8,,
2009-05-05,185.82,191.99,183.14,187.68,8863462,153.19,162.15,7.29,64.98,170.24,169.27,191.99,186.9,0,,,170.24,170.24,1,2009-03-25,0,,,8,,
2009-05-06,191.23,191.23,182.96,184.28,8182057,153.2,162.64,7.36,61.07,168.17,170.14,191.99,191.99,0,,,168.17,170.24,1,2009-03-25,0,,,8,,
2009-05-07,185.27,186.78,183.32,185.28,6603285,153.27,169.72,7.08,61.8,171.36,171.22,191.99,191.99,0,,,171.36,171.36,1,2009-03-25,0,,,8,,
2009-05-08,185.81,186.25,176.72,178.39,10262287,153.27,169.72,7.26,54.26,166.8,172.19,191.99,191.99,0,,,166.8,171.36,1,2009-03-25,0,,,8,,
2009-05-11,179.86,180.41,170.12,174.09,9469702,153.28,169.72,7.47,50.15,163.88,172.9,191.99,191.99,0,,,163.88,171.36,1,2009-03-25,1,171.36,TRAILING_STOP,8,29,6.71
2009-05-12,172.27,184.19,170.55,183.08,10686787,153.35,169.72,7.91,57.41,169.38,173.79,191.99,191.99,0,,,169.38,,0,,0,,,,,
2009-05-13,183.65,187.3,178.49,182.54,8213977,153.34,169.72,7.98,56.88,168.99,174.52,191.99,191.99,0,,,168.99,,0,,0,,,,,
2009-05-14,178.77,184.01,177.68,179.65,7672897,153.32,169.89,7.86,53.98,167.26,174.85,191.99,191.99,0,,,167.26,,0,,0,,,,,
2009-05-15,180.4,186.36,180.4,184.91,6830805,153.39,170.12,7.78,58.16,170.79,175.42,191.99,191.99,0,,,170.79,,0,,0,,,,,
2009-05-18,203.74,238.36,203.26,218.3,224647,153.65,170.12,11.04,74.2,190.15,177.38,238.36,191.99,1,218.3,190.15,190.15,190.15,1,2009-05-18,0,,,9,,
2009-05-19,254.62,260.03,220.38,234.86,32054437,154.05,170.12,13.23,78.59,199.37,179.75,260.03,238.36,0,,,199.37,199.37,1,2009-05-18,0,,,9,,
2009-05-20,228.68,236.74,217.23,220.65,24667995,154.4,170.12,13.68,67.92,189.91,181.8,260.03,260.03,0,,,189.91,199.37,1,2009-05-18,0,,,9,,
2009-05-21,222.11,224.6,211.29,212.91,11971102,154.74,170.12,13.65,62.91,184.93,183.34,260.03,260.03,0,,,184.93,199.37,1,2009-05-18,0,,,9,,
2009-05-22,211.82,218.31,208.07,214.33,11436862,155.02,170.12,13.41,63.44,186.01,184.96,260.03,260.03,0,,,186.01,199.37,1,2009-05-18,0,,,9,,
2009-05-25,216.69,218.3,211.58,217.16,5875762,155.33,170.12,12.93,64.54,188.15,186.72,260.03,260.03,0,,,188.15,199.37,1,2009-05-18,0,,,9,,
2009-05-26,216.69,221.51,213.84,215.91,9344272,155.64,170.12,12.56,63.63,187.6,188.5,260.03,260.03,0,,,187.6,199.37,1,2009-05-18,0,,,9,,
2009-05-27,218.86,226.45,217.78,225.67,9168285,156.11,170.12,12.41,67.47,193.99,190.52,260.03,260.03,0,,,193.99,199.37,1,2009-05-18,0,,,9,,
2009-05-28,225.15,231.86,220.81,230.51,15635970,156.57,170.12,12.32,69.2,197.18,192.18,260.03,260.03,0,,,197.18,199.37,1,2009-05-18,0,,,9,,
2009-05-29,230.78,240.41,229.7,236.0,9280380,157.09,170.12,12.2,71.09,200.79,194.17,260.03,260.03,0,,,200.79,200.79,1,2009-05-18,0,,,9,,
2009-06-01,231.28,241.06,227.53,230.22,11662905,157.65,170.55,12.3,66.48,197.14,195.86,260.03,260.03,0,,,197.14,200.79,1,2009-05-18,0,,,9,,
2009-06-02,231.86,235.55,226.81,229.74,7179750,158.11,177.68,12.04,66.09,199.38,197.56,260.03,260.03,0,,,199.38,200.79,1,2009-05-18,0,,,9,,
2009-06-03,231.21,233.87,227.16,231.31,7045890,158.58,177.68,11.66,66.77,200.65,199.35,260.03,260.03,0,,,200.65,200.79,1,2009-05-18,0,,,9,,
2009-06-04,229.66,237.0,225.9,236.09,7234282,159.15,180.4,11.62,68.8,204.66,201.51,260.03,260.03,0,,,204.66,204.66,1,2009-05-18,0,,,9,,
2009-06-05,236.74,249.56,234.28,247.84,8472802,159.86,203.26,11.88,73.16,219.69,203.92,260.03,260.03,0,,,219.69,219.69,1,2009-05-18,0,,,9,,
2009-06-08,246.18,248.66,239.99,241.61,4524300,160.62,208.07,11.65,67.76,217.43,206.04,260.03,260.03,0,,,217.43,219.69,1,2009-05-18,0,,,9,,
2009-06-09,241.07,246.71,235.11,243.36,4308922,161.45,208.07,11.65,68.46,218.56,208.1,260.03,260.03,0,,,218.56,219.69,1,2009-05-18,0,,,9,,
2009-06-10,243.78,258.73,243.78,254.71,12483217,162.33,208.07,11.91,72.64,225.7,210.83,260.03,260.03,0,,,225.7,225.7,1,2009-05-18,0,,,9,,
2009-06-11,255.16,255.16,242.26,246.38,5798482,163.15,208.07,11.98,65.76,220.28,213.06,260.03,260.03,0,,,220.28,225.7,1,2009-05-18,0,,,9,,
2009-06-12,247.03,252.45,237.61,239.67,10107825,163.91,211.58,12.19,60.77,216.99,215.07,260.03,260.03,0,,,216.99,225.7,1,2009-05-18,0,,,9,,
2009-06-15,237.82,242.16,231.54,233.78,7564035,164.68,213.84,12.08,56.7,214.02,216.7,260.03,260.03,0,,,214.02,225.7,1,2009-05-18,0,,,9,,
2009-06-16,230.24,242.88,229.08,233.94,11586172,165.46,217.78,12.2,56.78,215.35,218.24,258.73,260.03,0,,,215.35,225.7,1,2009-05-18,0,,,9,,
2009-06-17,227.78,235.11,223.95,226.71,9958665,166.13,220.81,12.13,51.85,211.75,219.65,258.73,258.73,0,,,211.75,225.7,1,2009-05-18,1,225.7,TRAILING_STOP,9,23,3.39
2009-06-18,226.55,227.31,216.8,219.97,9666547,166.67,216.8,12.01,47.69,206.14,220.81,258.73,258.73,0,,,206.14,,0,,0,,,,,
2009-06-19,219.98,228.29,218.98,226.32,7520617,167.22,216.8,11.82,51.63,210.36,222.41,258.73,258.73,0,,,210.36,,0,,0,,,,,
2009-06-22,229.7,231.86,224.53,226.86,8447047,167.72,216.8,11.5,51.96,210.93,224.17,258.73,258.73,0,,,210.93,,0,,0,,,,,
2009-06-23,222.27,233.89,221.46,230.97,8646052,168.27,216.8,11.56,54.51,213.53,225.76,258.73,258.73,0,,,213.53,,0,,0,,,,,
2009-06-24,233.19,239.23,229.44,237.74,7296727,168.85,216.8,11.44,58.43,217.98,227.6,258.73,258.73,0,,,217.98,,0,,0,,,,,
2009-06-25,240.96,241.4,227.69,230.74,12663840,169.39,216.8,11.6,53.31,213.36,229.31,258.73,258.73,0,,,213.36,,0,,0,,,,,
2009-06-26,235.44,239.99,232.3,238.77,5971200,169.89,216.8,11.43,57.87,218.65,231.1,258.73,258.73,0,,,218.65,,0,,0,,,,,
2009-06-29,238.15,246.42,238.15,242.7,5309557,170.52,216.8,11.21,59.93,221.34,231.91,258.73,258.73,0,,,221.34,,0,,0,,,,,
2009-06-30,244.86,245.73,236.2,238.8,9106080,171.16,216.8,11.09,56.95,218.9,232.05,258.73,258.73,0,,,218.9,,0,,0,,,,,
2009-07-01,241.51,242.64,234.47,239.93,5267340,171.84,216.8,10.88,57.61,219.77,232.69,258.73,258.73,0,,,219.77,,0,,0,,,,,
2009-07-02,240.75,241.07,231.1,233.33,7047157,172.47,216.8,10.81,52.56,215.56,233.37,258.73,258.73,0,,,215.56,,0,,0,,,,,
2009-07-03,233.44,237.98,228.72,236.88,5107425,173.14,216.8,10.7,54.85,217.92,234.12,258.73,258.73,0,,,217.92,,0,,0,,,,,
2009-07-06,239.99,240.5,223.2,227.58,8681505,173.77,216.8,11.17,48.28,211.61,234.47,258.73,258.73,0,,,211.61,,0,,0,,,,,
2009-07-07,227.58,234.57,226.49,231.07,4869750,174.45,216.8,10.95,50.67,214.01,234.97,258.73,258.73,0,,,214.01,,0,,0,,,,,
2009-07-08,228.07,230.24,221.03,221.88,6024465,175.02,216.8,10.89,44.8,208.12,234.85,255.16,258.73,0,,,208.12,,0,,0,,,,,
2009-07-09,222.11,224.29,214.53,219.11,6507270,175.54,214.53,10.81,43.17,205.63,234.47,252.45,255.16,0,,,205.63,,0,,0,,,,,
2009-07-10,219.19,222.52,212.69,215.17,6310665,176.06,212.69,10.74,40.9,202.52,233.77,246.42,252.45,0,,,202.52,,0,,0,,,,,
2009-07-13,213.55,215.94,208.32,212.33,5564137,176.54,208.32,10.51,39.3,199.38,233.18,246.42,246.42,0,,,199.38,,0,,0,,,,,
2009-07-14,217.78,224.17,215.29,221.85,5559247,177.09,208.32,10.61,46.83,205.46,232.91,246.42,246.42,0,,,205.46,,0,,0,,,,,
2009-07-15,225.36,237.98,222.11,236.98,10014855,177.69,208.32,11.0,56.14,214.96,233.1,246.42,246.42,0,,,214.96,,0,,0,,,,,
2009-07-16,231.32,240.47,231.32,238.41,7441777,178.37,208.32,10.87,56.91,215.97,233.18,246.42,246.42,0,,,215.97,,0,,0,,,,,
2009-07-17,239.23,242.52,238.4,241.31,5235585,179.06,208.32,10.39,58.5,218.16,232.96,246.42,246.42,0,,,218.16,,0,,0,,,,,
2009-07-20,242.58,247.9,241.64,246.66,4825132,179.8,208.32,10.12,61.33,221.79,233.13,247.9,246.42,1,246.66,221.79,221.79,221.79,1,2009-07-20,0,,,10,,
2009-07-21,246.92,246.92,239.12,239.84,6322245,180.42,208.32,9.95,56.08,217.5,233.01,247.9,247.9,0,,,217.5,221.79,1,2009-07-20,0,,,10,,
2009-07-22,243.78,243.78,229.95,232.58,10711185,181.01,208.32,10.23,51.06,212.63,232.28,247.9,247.9,0,,,212.63,221.79,1,2009-07-20,0,,,10,,
2009-07-23,233.49,237.61,232.43,234.92,9216637,181.6,208.32,9.87,52.54,214.38,231.89,247.9,247.9,0,,,214.38,221.79,1,2009-07-20,0,,,10,,
2009-07-24,236.63,241.07,235.66,239.52,5806432,182.18,208.32,9.6,55.38,217.53,231.89,247.9,247.9,0,,,217.53,221.79,1,2009-07-20,0,,,10,,
2009-07-27,239.56,245.57,239.56,244.95,5487952,182.83,208.32,9.35,58.54,221.2,232.26,247.9,247.9,0,,,221.2,221.79,1,2009-07-20,0,,,10,,
2009-07-28,244.43,248.77,242.37,245.25,5055337,183.49,208.32,9.14,58.71,221.53,232.64,248.77,247.9,0,,,221.53,221.79,1,2009-07-20,0,,,10,,
2009-07-29,244.0,245.36,236.89,242.62,3647947,184.12,208.32,9.09,56.48,219.87,233.17,248.77,248.77,0,,,219.87,221.79,1,2009-07-20,0,,,10,,
2009-07-30,242.37,242.7,237.56,238.45,14113290,184.7,208.32,8.81,53.03,217.37,233.78,248.77,248.77,0,,,217.37,221.79,1,2009-07-20,0,,,10,,
2009-07-31,243.78,245.62,238.91,241.65,4815540,185.35,208.32,8.69,55.28,219.51,234.3,248.77,248.77,0,,,219.51,221.79,1,2009-07-20,0,,,10,,
2009-08-03,243.78,255.43,242.7,254.25,7603732,186.02,215.29,9.05,62.85,229.72,235.21,255.43,248.77,1,254.25,229.72,229.72,229.72,1,2009-07-20,0,,,10,,
2009-08-04,255.16,255.27,248.12,252.6,4880250,186.67,222.11,8.92,61.38,231.02,235.93,255.43,255.43,0,,,231.02,231.02,1,2009-07-20,0,,,10,,
2009-08-05,253.1,255.7,246.82,250.27,4414515,187.33,229.95,8.92,59.28,232.13,236.35,255.7,255.43,0,,,232.13,232.13,1,2009-07-20,0,,,10,,
2009-08-06,250.02,256.57,244.59,246.29,7274760,187.99,229.95,9.13,55.77,229.42,236.87,256.57,255.7,0,,,229.42,232.13,1,2009-07-20,0,,,10,,
2009-08-07,245.41,246.3,235.01,236.54,8740740,188.6,229.95,9.29,48.24,223.03,236.79,256.57,256.57,0,,,223.03,232.13,1,2009-07-20,0,,,10,,
2009-08-10,242.16,243.72,231.86,232.78,4313535,189.22,229.95,9.47,45.67,220.48,236.46,256.57,256.57,0,,,220.48,232.13,1,2009-07-20,1,232.13,TRAILING_STOP,10,16,-5.89
2009-08-11,231.19,235.12,229.37,232.67,4616700,189.8,229.37,9.21,45.6,220.39,236.26,256.57,256.57,0,,,220.39,,0,,0,,,,,
2009-08-12,230.77,235.11,228.07,233.94,5648730,190.37,228.07,9.05,46.7,220.88,236.06,256.57,256.57,0,,,220.88,,0,,0,,,,,
2009-08-13,237.06,241.9,236.54,241.14,4027860,191.0,228.07,8.97,52.6,225.58,236.32,256.57,256.57,0,,,225.58,,0,,0,,,,,
2009-08-14,242.16,242.7,237.52,238.43,2985277,191.58,228.07,8.7,50.34,224.01,236.37,256.57,256.57,0,,,224.01,,0,,0,,,,,
2009-08-17,234.42,240.96,233.75,236.33,7028122,192.12,228.07,8.6,48.6,222.73,236.66,256.57,256.57,0,,,222.73,,0,,0,,,,,
2009-08-18,235.66,244.27,235.33,243.44,6038910,192.69,228.07,8.62,54.35,227.29,237.07,256.57,256.57,0,,,227.29,,0,,0,,,,,
2009-08-19,244.32,245.84,237.82,239.97,5296267,193.26,228.07,8.58,51.33,225.09,237.68,256.57,256.57,0,,,225.09,,0,,0,,,,,
2009-08-20,242.64,245.41,241.18,244.19,2593545,193.87,228.07,8.35,54.63,227.96,238.51,256.57,256.57,0,,,227.96,,0,,0,,,,,
2009-08-21,242.16,251.69,240.65,249.39,8408265,194.57,228.07,8.55,58.38,231.18,239.65,256.57,256.57,0,,,231.18,,0,,0,,,,,
2009-08-24,250.39,255.93,250.28,253.94,4337512,195.29,228.07,8.4,61.38,234.21,241.04,256.57,256.57,0,,,234.21,,0,,0,,,,,
2009-08-25,251.47,254.48,246.71,249.58,4154925,195.95,228.07,8.36,57.13,231.43,241.96,256.57,256.57,0,,,231.43,,0,,0,,,,,
2009-08-26,251.37,252.33,246.77,249.05,3771127,196.65,228.07,8.16,56.61,231.22,242.37,256.57,256.57,0,,,231.22,,0,,0,,,,,
2009-08-27,249.2,254.88,246.58,253.02,5676045,197.32,228.07,8.17,59.55,233.78,242.85,256.57,256.57,0,,,233.78,,0,,0,,,,,
2009-08-28,252.45,255.52,248.12,252.47,4840342,197.99,228.07,8.11,58.95,233.46,243.22,256.57,256.57,0,,,233.46,,0,,0,,,,,
2009-08-31,249.45,252.6,247.36,250.23,3905287,198.65,228.07,7.91,56.48,232.15,243.34,256.57,256.57,0,,,232.15,,0,,0,,,,,
2009-09-01,252.13,253.98,244.74,246.12,7623705,199.33,228.07,8.0,52.15,229.44,243.55,256.57,256.57,0,,,229.44,,0,,0,,,,,
2009-09-02,244.63,247.71,238.66,239.27,8029012,199.94,233.75,8.08,45.85,226.86,243.78,256.57,256.57,0,,,226.86,,0,,0,,,,,
2009-09-03,240.39,242.24,236.61,238.82,5847360,200.58,233.75,7.9,45.46,226.69,243.91,255.93,256.57,0,,,226.69,,0,,0,,,,,
2009-09-04,239.37,241.58,238.27,240.5,5027977,201.2,233.75,7.57,47.26,227.99,243.94,255.93,255.93,0,,,227.99,,0,,0,,,,,
2009-09-07,241.91,244.41,240.85,241.87,7042920,201.81,235.33,7.31,48.74,229.57,243.84,255.93,255.93,0,,,229.57,,0,,0,,,,,
2009-09-08,242.89,244.6,241.8,243.75,9706590,202.46,236.61,6.99,50.79,231.43,243.79,255.93,255.93,0,,,231.43,,0,,0,,,,,
2009-09-09,244.42,248.33,242.13,243.24,10004250,203.13,236.61,6.93,50.2,231.14,243.81,255.93,255.93,0,,,231.14,,0,,0,,,,,
2009-09-10,245.17,249.27,244.63,246.55,7948087,203.84,236.61,6.87,53.92,233.32,244.08,255.93,255.93,0,,,233.32,,0,,0,,,,,
2009-09-11,247.56,248.33,243.69,245.33,4486095,204.51,236.61,6.71,52.37,232.63,244.2,255.93,255.93,0,,,232.63,,0,,0,,,,,
2009-09-14,244.62,247.33,243.65,245.13,4441725,205.17,236.61,6.49,52.1,232.65,243.9,255.93,255.93,0,,,232.65,,0,,0,,,,,
2009-09-15,244.85,248.75,244.8,246.66,3373980,205.85,236.61,6.31,54.01,233.76,243.7,255.93,255.93,0,,,233.76,,0,,0,,,,,
2009-09-16,248.98,253.0,245.0,247.91,7020202,206.52,236.61,6.43,55.58,234.48,243.62,255.93,255.93,0,,,234.48,,0,,0,,,,,
2009-09-17,248.6,251.69,245.72,247.22,7456927,207.17,236.61,6.4,54.48,234.06,243.65,255.93,255.93,0,,,234.06,,0,,0,,,,,
2009-09-18,246.69,248.7,245.48,247.24,4460880,207.77,236.61,6.17,54.5,234.22,244.01,255.93,255.93,0,,,234.22,,0,,0,,,,,
2009-09-22,248.33,250.83,246.4,248.38,3284505,208.39,236.61,6.05,56.16,235.04,244.53,255.52,255.93,0,,,235.04,,0,,0,,,,,
2009-09-23,248.65,248.92,245.82,247.05,4183537,209.03,236.61,5.84,53.7,234.33,245.01,255.52,255.52,0,,,234.33,,0,,0,,,,,
2009-09-24,245.72,247.89,241.43,244.21,7414290,209.6,236.61,5.88,48.78,232.46,245.35,255.52,255.52,0,,,232.46,,0,,0,,,,,
2009-09-25,243.54,246.64,242.46,243.83,3833602,210.22,238.27,5.76,48.15,232.85,245.44,255.52,255.52,0,,,232.85,,0,,0,,,,,
2009-09-29,246.26,248.33,243.55,247.34,4158780,210.87,240.85,5.69,54.1,236.02,245.73,253.98,255.52,0,,,236.02,,0,,0,,,,,
2009-09-30,247.78,254.31,247.76,253.2,7563660,211.55,241.43,5.78,61.94,239.94,246.3,254.31,253.98,0,,,239.94,,0,,0,,,,,
2009-10-01,250.17,257.66,250.17,255.59,8080897,212.26,241.43,5.9,64.6,241.4,246.7,257.66,254.31,1,255.59,241.4,241.4,241.4,1,2009-10-01,0,,,11,,
2009-10-05,252.78,260.03,250.66,254.66,9067882,212.97,241.43,6.15,62.77,240.63,247.19,260.03,257.66,0,,,240.63,241.4,1,2009-10-01,0,,,11,,
2009-10-06,257.57,264.2,251.59,262.88,6450195,213.74,241.43,6.61,70.7,245.63,247.81,264.2,260.03,1,262.88,245.63,245.63,245.63,1,2009-10-01,0,,,11,,
2009-10-07,264.2,274.29,264.2,266.76,11001727,214.52,241.43,6.96,73.56,247.9,248.39,274.29,264.2,0,,,247.9,247.9,1,2009-10-01,0,,,11,,
2009-10-08,268.0,273.98,263.55,269.94,5689312,215.3,241.43,7.2,75.66,249.79,248.93,274.29,274.29,0,,,249.79,249.79,1,2009-10-01,0,,,11,,
2009-10-09,270.72,271.37,262.43,264.12,4160595,216.05,241.43,7.33,65.42,245.95,249.41,274.29,274.29,0,,,245.95,249.79,1,2009-10-01,0,,,11,,
2009-10-12,266.92,266.92,257.68,263.72,5182545,216.81,241.43,7.46,64.77,245.6,249.9,274.29,274.29,0,,,245.6,249.79,1,2009-10-01,0,,,11,,
2009-10-13,263.72,263.72,263.72,263.72,0,217.58,241.43,6.93,64.77,245.96,250.26,274.29,274.29,0,,,245.96,249.79,1,2009-10-01,0,,,11,,
2009-10-14,264.31,273.42,264.31,271.57,5663002,218.43,241.43,7.13,71.26,250.89,250.89,274.29,274.29,0,,,250.89,250.89,1,2009-10-01,0,,,11,,
2009-10-15,273.44,277.18,268.81,270.97,5989477,219.31,241.43,7.22,70.2,250.44,251.58,277.18,274.29,0,,,250.44,250.89,1,2009-10-01,0,,,11,,
2009-10-16,270.21,275.06,269.64,274.01,3233227,220.19,241.43,7.09,72.44,252.49,252.51,277.18,277.18,0,,,252.49,252.49,1,2009-10-01,0,,,11,,
2009-10-20,272.9,274.77,267.24,268.36,4517827,221.04,242.46,7.12,62.95,249.17,253.48,277.18,277.18,0,,,249.17,252.49,1,2009-10-01,0,,,11,,
2009-10-21,267.57,268.77,263.68,265.09,5307615,221.84,243.55,6.98,58.2,247.52,254.36,277.18,277.18,0,,,247.52,252.49,1,2009-10-01,0,,,11,,
2009-10-22,264.31,264.6,259.85,262.57,4229662,222.6,247.76,6.85,54.77,247.38,255.1,277.18,277.18,0,,,247.38,252.49,1,2009-10-01,0,,,11,,
2009-10-23,264.66,267.82,256.72,259.28,9389805,223.31,250.17,7.16,50.57,245.86,255.68,277.18,277.18,0,,,245.86,252.49,1,2009-10-01,0,,,11,,
2009-10-26,259.63,259.63,253.33,254.97,5751975,224.0,250.66,7.09,45.64,243.28,256.05,277.18,277.18,0,,,243.28,252.49,1,2009-10-01,0,,,11,,
2009-10-27,256.08,257.51,252.36,255.1,5331825,224.64,251.59,6.96,45.82,243.77,256.45,277.18,277.18,0,,,243.77,252.49,1,2009-10-01,1,252.49,TRAILING_STOP,11,17,-1.21
2009-10-28,256.07,256.36,248.33,252.44,4112227,225.31,248.33,7.03,42.84,240.91,256.64,277.18,277.18,0,,,240.91,,0,,0,,,,,
2009-10-29,250.06,253.32,242.02,242.82,9424972,225.93,242.02,7.34,34.18,232.4,256.56,277.18,277.18,0,,,232.4,,0,,0,,,,,
2009-10-30,248.4,248.73,237.3,241.13,5991540,226.52,237.3,7.63,32.92,229.54,256.42,277.18,277.18,0,,,229.54,,0,,0,,,,,
2009-11-03,240.27,244.63,232.81,234.2,5289457,227.04,232.81,7.93,28.32,223.38,256.01,277.18,277.18,0,,,223.38,,0,,0,,,,,
2009-11-04,237.02,239.19,228.65,234.55,5760172,227.53,228.65,8.11,28.86,222.09,255.56,277.18,277.18,0,,,222.09,,0,,0,,,,,
2009-11-05,235.5,242.35,234.29,241.06,5297790,228.01,228.65,8.11,38.2,226.29,255.36,277.18,277.18,0,,,226.29,,0,,0,,,,,
2009-11-06,247.56,247.56,237.24,241.36,7541287,228.5,228.65,8.27,38.6,226.38,255.16,277.18,277.18,0,,,226.38,,0,,0,,,,,
2009-11-09,244.63,244.63,237.13,243.95,4972320,229.06,228.65,8.21,42.09,228.09,255.02,277.18,277.18,0,,,228.09,,0,,0,,,,,
2009-11-10,245.72,247.35,239.31,241.02,9357660,229.57,228.65,8.2,39.37,226.21,254.81,277.18,277.18,0,,,226.21,,0,,0,,,,,
2009-11-11,241.6,245.54,239.45,244.35,4785787,230.14,228.65,8.05,43.82,228.46,254.82,277.18,277.18,0,,,228.46,,0,,0,,,,,
2009-11-12,244.3,250.61,243.14,246.48,6496725,230.67,228.65,8.01,46.52,229.86,254.91,277.18,277.18,0,,,229.86,,0,,0,,,,,
2009-11-13,245.93,248.96,245.5,246.87,3096997,231.21,228.65,7.68,47.02,230.32,254.89,277.18,277.18,0,,,230.32,,0,,0,,,,,
2009-11-16,249.89,250.58,246.3,247.17,4352887,231.77,228.65,7.44,47.43,230.68,254.69,275.06,277.18,0,,,230.68,,0,,0,,,,,
2009-11-17,247.89,248.76,244.85,247.44,5693565,232.33,228.65,7.19,47.82,231.02,254.42,274.77,275.06,0,,,231.02,,0,,0,,,,,
2009-11-18,246.04,248.71,245.17,247.3,4580445,232.88,228.65,6.93,47.63,231.11,254.17,268.77,274.77,0,,,231.11,,0,,0,,,,,
2009-11-19,244.63,247.31,244.63,245.99,4816935,233.32,228.65,6.62,45.72,230.46,253.61,267.82,268.77,0,,,230.46,,0,,0,,,,,
2009-11-20,244.63,247.22,242.59,245.87,7593765,233.78,228.65,6.48,45.54,230.48,252.91,267.82,267.82,0,,,230.48,,0,,0,,,,,
2009-11-23,246.91,247.56,243.38,245.09,6095115,234.22,228.65,6.32,44.32,230.09,252.09,259.63,267.82,0,,,230.09,,0,,0,,,,,
2009-11-24,245.61,246.37,241.58,243.12,5714572,234.65,228.65,6.21,41.31,228.89,251.39,257.51,259.63,0,,,228.89,,0,,0,,,,,
2009-11-25,244.62,249.74,242.68,245.18,3843682,235.1,234.29,6.27,45.48,232.06,250.77,256.36,257.51,0,,,232.06,,0,,0,,,,,
2009-11-26,245.17,245.66,241.6,244.3,6910170,235.58,237.13,6.11,44.04,232.54,250.12,253.32,256.36,0,,,232.54,,0,,0,,,,,
2009-11-27,243.54,244.41,238.87,242.24,5295720,236.03,237.13,6.07,40.79,231.24,249.14,250.61,253.32,0,,,231.24,,0,,0,,,,,
2009-11-30,243.29,246.46,242.46,243.95,6590520,236.47,238.87,5.94,44.46,233.01,248.24,250.61,250.61,0,,,233.01,,0,,0,,,,,
2009-12-01,244.6,245.47,240.39,242.48,10781992,236.88,238.87,5.88,42.05,232.1,247.19,250.61,250.61,0,,,232.1,,0,,0,,,,,
2009-12-02,243.87,244.44,237.89,239.17,12921480,237.32,237.89,5.93,37.16,229.61,246.22,250.61,250.61,0,,,229.61,,0,,0,,,,,
2009-12-03,239.19,241.04,238.21,240.05,6715440,237.72,237.89,5.7,39.18,230.33,245.38,250.61,250.61,0,,,230.33,,0,,0,,,,,
2009-12-04,240.05,242.11,238.21,240.15,5014755,238.13,237.89,5.58,39.42,230.48,244.64,250.61,250.61,0,,,230.48,,0,,0,,,,,
2009-12-07,240.61,242.89,239.21,240.61,4884645,238.5,237.89,5.44,40.58,230.86,244.01,250.61,250.61,0,,,230.86,,0,,0,,,,,
2009-12-08,240.61,242.44,240.08,241.11,7740322,238.85,237.89,5.22,41.88,231.33,243.55,250.61,250.61,0,,,231.33,,0,,0,,,,,
2009-12-09,240.29,244.47,239.3,242.33,9582502,239.24,237.89,5.22,45.03,232.12,243.13,250.61,250.61,0,,,232.12,,0,,0,,,,,
2009-12-10,242.24,249.85,242.24,249.27,7613835,239.67,237.89,5.39,58.75,236.48,243.02,250.58,250.61,0,,,236.48,,0,,0,,,,,
2009-12-11,252.24,258.81,251.04,257.82,12825397,240.2,237.89,5.68,69.01,241.8,243.52,258.81,250.58,1,257.82,241.8,241.8,241.8,1,2009-12-11,0,,,12,,
2009-12-14,257.78,264.18,256.37,261.98,8622915,240.78,237.89,5.84,72.58,244.38,244.22,264.18,258.81,0,,,244.38,244.38,1,2009-12-11,0,,,12,,
2009-12-15,262.02,262.46,254.45,255.94,4567027,241.27,237.89,5.99,61.49,240.38,244.94,264.18,264.18,0,,,240.38,244.38,1,2009-12-11,0,,,12,,
2009-12-16,253.0,259.64,251.88,254.22,3901575,241.75,237.89,6.12,58.74,239.19,245.6,264.18,264.18,0,,,239.19,244.38,1,2009-12-11,0,,,12,,
2009-12-17,254.96,258.49,253.02,253.55,3855322,242.24,237.89,6.07,57.66,238.79,246.01,264.18,264.18,0,,,238.79,244.38,1,2009-12-11,0,,,12,,
2009-12-18,252.46,256.15,250.17,252.1,3980925,242.69,237.89,6.06,55.29,237.86,246.37,264.18,264.18,0,,,237.86,244.38,1,2009-12-11,0,,,12,,
2009-12-21,252.24,253.77,246.37,249.54,5004240,242.89,237.89,6.16,51.27,236.14,246.56,264.18,264.18,0,,,236.14,244.38,1,2009-12-11,0,,,12,,
2009-12-22,248.03,251.91,247.48,248.78,2335350,242.99,237.89,6.04,50.11,235.74,246.82,264.18,264.18,0,,,235.74,244.38,1,2009-12-11,0,,,12,,
2009-12-23,249.52,257.66,248.98,257.14,4727992,243.23,238.21,6.24,60.68,241.1,247.24,264.18,264.18,0,,,241.1,244.38,1,2009-12-11,0,,,12,,
2009-12-24,256.59,260.09,255.76,257.61,3608107,243.53,238.21,6.1,61.17,241.49,247.61,264.18,264.18,0,,,241.49,244.38,1,2009-12-11,0,,,12,,
2009-12-29,257.68,260.9,254.64,258.2,2476200,243.82,239.21,6.11,61.83,242.2,247.99,264.18,264.18,0,,,242.2,244.38,1,2009-12-11,0,,,12,,
2009-12-30,259.63,260.61,255.62,257.02,2433210,244.09,239.3,6.03,59.67,241.52,248.32,264.18,264.18,0,,,241.52,244.38,1,2009-12-11,0,,,12,,
2009-12-31,257.17,263.0,257.17,261.3,6023407,244.39,239.3,6.03,64.51,244.28,248.78,264.18,264.18,0,,,244.28,244.38,1,2009-12-11,0,,,12,,
2010-01-04,262.02,264.42,261.31,263.77,3718867,244.64,242.24,5.82,66.98,247.0,249.33,264.42,264.18,0,,,247.0,247.0,1,2009-12-11,0,,,12,,
2010-01-05,265.07,266.26,263.11,264.79,1716787,244.87,246.37,5.63,67.97,249.16,249.96,266.26,264.42,1,264.79,249.16,249.16,249.16,1,2009-12-11,0,,,12,,
2010-01-06,266.59,266.92,260.18,263.79,2585197,245.06,246.37,5.71,65.89,248.46,250.55,266.92,266.26,0,,,248.46,249.16,1,2009-12-11,0,,,12,,
2010-01-07,264.2,264.63,259.01,261.97,2243850,245.27,246.37,5.7,62.15,247.29,251.12,266.92,266.92,0,,,247.29,249.16,1,2009-12-11,0,,,12,,
2010-01-08,263.11,265.48,262.19,263.56,2077987,245.49,246.37,5.55,64.07,248.42,251.8,266.92,266.92,0,,,248.42,249.16,1,2009-12-11,0,,,12,,
2010-01-11,264.74,266.05,259.46,260.61,3896992,245.69,246.37,5.62,58.17,246.47,252.31,266.92,266.92,0,,,246.47,249.16,1,2009-12-11,0,,,12,,
2010-01-12,261.15,261.89,255.5,256.12,6679785,245.82,246.37,5.68,50.56,243.54,252.71,266.92,266.92,0,,,243.54,249.16,1,2009-12-11,0,,,12,,
2010-01-13,255.39,255.39,252.24,253.23,6125782,245.86,246.37,5.55,46.35,241.76,253.07,266.92,266.92,0,,,241.76,249.16,1,2009-12-11,0,,,12,,
2010-01-14,255.39,259.6,253.03,258.45,6756187,245.97,247.48,5.62,53.82,245.45,253.56,266.92,266.92,0,,,245.45,249.16,1,2009-12-11,0,,,12,,
2010-01-15,259.31,259.61,255.83,257.74,2125545,246.07,248.98,5.49,52.75,245.58,254.06,266.92,266.92,0,,,245.58,249.16,1,2009-12-11,0,,,12,,
2010-01-18,260.61,261.48,257.13,258.9,3377190,246.1,252.24,5.41,54.35,247.46,254.72,266.92,266.92,0,,,247.46,249.16,1,2009-12-11,0,,,12,,
2010-01-19,258.9,263.59,256.8,260.63,4696057,246.19,252.24,5.51,56.72,248.51,255.41,266.92,266.92,0,,,248.51,249.16,1,2009-12-11,0,,,12,,
2010-01-20,261.96,263.02,258.11,260.68,2438130,246.33,252.24,5.46,56.79,248.58,256.09,266.92,266.92,0,,,248.58,249.16,1,2009-12-11,0,,,12,,
2010-01-21,260.29,261.92,247.33,249.21,5953620,246.43,247.33,6.12,40.64,239.11,256.38,266.92,266.92,0,,,239.11,249.16,1,2009-12-11,1,249.16,TRAILING_STOP,12,27,-3.36
2010-01-22,246.55,259.85,243.15,258.78,12547365,246.6,243.15,6.87,52.72,243.38,256.97,266.92,266.92,0,,,243.38,,0,,0,,,,,
2010-01-25,257.78,260.71,255.95,258.52,3363690,246.81,243.15,6.72,52.41,243.31,257.51,266.92,266.92,0,,,243.31,,0,,0,,,,,
2010-01-27,256.59,258.98,252.35,254.76,6628372,247.04,243.15,6.71,47.98,240.89,257.69,266.92,266.92,0,,,240.89,,0,,0,,,,,
2010-01-28,257.13,257.25,253.08,254.87,6896917,247.23,243.15,6.53,48.12,241.09,257.59,266.92,266.92,0,,,241.09,,0,,0,,,,,
2010-01-29,254.41,262.89,250.73,261.5,8916270,247.46,243.15,6.94,55.74,245.09,257.58,266.92,266.92,0,,,245.09,,0,,0,,,,,
2010-02-01,261.05,264.74,259.97,261.54,6483157,247.67,243.15,6.78,55.78,245.22,257.76,266.92,266.92,0,,,245.22,,0,,0,,,,,
2010-02-02,264.31,264.31,257.22,258.68,5296605,247.81,243.15,6.8,51.97,243.36,257.91,266.92,266.92,0,,,243.36,,0,,0,,,,,
2010-02-03,258.76,262.46,258.55,259.99,2902522,248.0,243.15,6.6,53.54,244.35,258.13,266.92,266.92,0,,,244.35,,0,,0,,,,,
2010-02-04,256.7,261.67,256.7,258.68,2223495,248.13,243.15,6.48,51.72,243.58,258.35,266.05,266.92,0,,,243.58,,0,,0,,,,,
2010-02-05,253.87,256.48,248.43,249.6,4674592,248.18,243.15,6.75,41.26,237.54,258.35,266.05,266.05,0,,,237.54,,0,,0,,,,,
2010-02-08,252.02,254.82,246.81,253.11,2982292,248.28,243.15,6.84,45.82,239.75,258.49,266.05,266.05,0,,,239.75,,0,,0,,,,,
2010-02-09,254.42,256.66,252.64,254.76,3011520,248.38,243.15,6.64,47.87,240.95,258.41,264.74,266.05,0,,,240.95,,0,,0,,,,,
2010-02-10,255.84,256.7,250.27,251.61,4357357,248.5,243.15,6.62,44.42,238.92,258.21,264.74,264.74,0,,,238.92,,0,,0,,,,,
2010-02-11,252.34,255.82,251.8,253.48,3289035,248.61,243.15,6.45,46.87,240.24,258.06,264.74,264.74,0,,,240.24,,0,,0,,,,,
2010-02-15,253.66,258.6,253.44,257.12,4137097,248.8,243.15,6.36,51.36,242.65,258.06,264.74,264.74,0,,,242.65,,0,,0,,,,,
2010-02-16,257.26,261.3,256.82,259.86,4480687,249.0,246.81,6.22,54.48,245.73,258.01,264.74,264.74,0,,,245.73,,0,,0,,,,,
2010-02-17,260.1,263.27,259.86,261.49,3590107,249.26,246.81,6.02,56.28,246.92,257.93,264.74,264.74,0,,,246.92,,0,,0,,,,,
2010-02-18,261.96,261.96,258.02,259.29,1658602,249.53,246.81,5.87,53.23,245.6,257.75,264.74,264.74,0,,,245.6,,0,,0,,,,,
2010-02-19,257.81,260.94,255.73,256.84,2471220,249.81,246.81,5.83,49.97,244.05,257.52,264.74,264.74,0,,,244.05,,0,,0,,,,,
2010-02-22,261.63,261.63,255.11,257.08,3285802,250.1,246.81,5.88,50.29,244.17,257.36,264.74,264.74,0,,,244.17,,0,,0,,,,,
2010-02-23,256.71,260.53,254.75,259.9,2352817,250.36,246.81,5.87,54.02,245.99,257.23,264.74,264.74,0,,,245.99,,0,,0,,,,,
2010-02-24,260.21,260.21,255.86,257.25,5448772,250.49,246.81,5.76,50.21,244.36,257.12,264.74,264.74,0,,,244.36,,0,,0,,,,,
2010-02-25,256.71,260.84,254.23,259.71,4260990,250.64,246.81,5.82,53.49,245.9,257.24,264.74,264.74,0,,,245.9,,0,,0,,,,,
2010-02-26,260.21,263.49,255.15,256.64,4790955,250.74,246.81,6.0,49.14,243.8,257.36,264.74,264.74,0,,,243.8,,0,,0,,,,,
2010-03-02,260.21,267.63,257.92,265.25,7011337,250.86,246.81,6.36,59.17,249.12,257.58,267.63,264.74,0,,,249.12,,0,,0,,,,,
2010-03-03,266.76,269.6,265.45,268.28,4135342,251.05,250.27,6.21,62.01,252.32,257.93,269.6,267.63,0,,,252.32,,0,,0,,,,,
2010-03-04,268.74,269.48,265.02,267.27,2138212,251.28,250.27,6.09,60.5,251.75,258.21,269.6,269.6,0,,,251.75,,0,,0,,,,,
2010-03-05,268.11,270.31,264.47,265.35,2961307,251.49,251.8,6.07,57.63,251.04,258.37,270.31,269.6,0,,,251.04,,0,,0,,,,,
2010-03-08,266.55,268.46,264.47,265.56,2963827,251.66,253.44,5.92,57.86,251.82,258.53,270.31,270.31,0,,,251.82,,0,,0,,,,,
2010-03-09,266.44,267.44,263.96,264.74,2838570,251.79,254.23,5.75,56.54,251.67,259.05,270.31,270.31,0,,,251.67,,0,,0,,,,,
2010-03-10,263.38,268.4,263.31,265.72,3263505,251.93,254.23,5.7,57.78,252.33,259.28,270.31,270.31,0,,,252.33,,0,,0,,,,,
2010-03-11,265.45,266.55,263.44,264.63,4371360,252.07,254.23,5.52,55.87,251.75,259.49,270.31,270.31,0,,,251.75,,0,,0,,,,,
2010-03-12,262.61,270.04,258.35,259.93,6259530,252.22,254.23,5.96,48.43,248.43,259.66,270.31,270.31,0,,,248.43,,0,,0,,,,,
2010-03-15,259.99,265.23,257.81,258.64,4494735,252.33,254.23,6.06,46.59,247.53,259.78,270.31,270.31,0,,,247.53,,0,,0,,,,,
2010-03-16,258.79,260.6,257.07,259.94,2417257,252.37,254.23,5.88,48.7,248.48,259.73,270.31,270.31,0,,,248.48,,0,,0,,,,,
2010-03-17,260.5,262.42,259.05,259.85,4938562,252.42,254.23,5.7,48.56,248.55,259.68,270.31,270.31,0,,,248.55,,0,,0,,,,,
2010-03-18,261.08,261.08,259.46,260.37,2184480,252.48,254.23,5.41,49.48,249.08,259.73,270.31,270.31,0,,,249.08,,0,,0,,,,,
2010-03-19,260.87,262.36,258.58,259.33,3179235,252.57,255.15,5.29,47.64,248.79,259.71,270.31,270.31,0,,,248.79,,0,,0,,,,,
2010-03-22,256.71,258.9,253.98,254.93,4863390,252.69,253.98,5.3,40.73,245.56,259.58,270.31,270.31,0,,,245.56,,0,,0,,,,,
2010-03-23,256.6,258.49,255.77,257.47,3124207,252.86,253.98,5.17,45.63,247.28,259.85,270.31,270.31,0,,,247.28,,0,,0,,,,,
2010-03-25,256.94,262.18,253.87,260.2,8096797,253.04,253.87,5.4,50.38,248.85,260.08,270.31,270.31,0,,,248.85,,0,,0,,,,,
2010-03-26,260.97,262.54,256.71,257.99,4838220,253.2,253.87,5.43,46.82,247.41,260.19,270.31,270.31,0,,,247.41,,0,,0,,,,,
2010-03-29,258.68,262.88,258.36,261.61,4972110,253.34,253.87,5.39,52.72,249.77,260.52,270.31,270.31,0,,,249.77,,0,,0,,,,,
2010-03-30,262.18,264.36,260.25,263.13,4351080,253.5,253.87,5.3,54.98,250.81,260.85,270.31,270.31,0,,,250.81,,0,,0,,,,,
2010-03-31,264.02,265.97,259.05,261.15,7969275,253.67,253.87,5.41,51.52,249.46,260.98,270.31,270.31,0,,,249.46,,0,,0,,,,,
2010-04-01,261.63,264.8,259.99,263.9,5061517,253.81,253.87,5.37,55.69,251.26,261.11,270.31,270.31,0,,,251.26,,0,,0,,,,,
2010-04-05,264.91,269.85,262.88,269.19,5357812,254.0,253.87,5.49,62.38,254.59,261.37,270.31,270.31,0,,,254.59,,0,,0,,,,,
2010-04-06,269.28,276.64,268.84,275.41,5573025,254.21,253.87,5.65,68.42,258.5,261.91,276.64,270.31,1,275.41,258.5,258.5,258.5,1,2010-04-06,0,,,13,,
2010-04-07,275.83,279.95,274.76,276.93,5658472,254.39,253.87,5.62,69.7,259.5,262.58,279.95,276.64,0,,,259.5,259.5,1,2010-04-06,0,,,13,,
2010-04-08,279.11,279.11,271.28,272.28,2357662,254.51,253.87,5.78,61.49,256.39,263.08,279.95,279.95,0,,,256.39,259.5,1,2010-04-06,0,,,13,,
2010-04-09,270.38,281.4,269.06,280.06,6046665,254.72,253.87,6.24,68.23,261.1,263.76,281.4,279.95,1,280.06,261.1,261.1,261.1,1,2010-04-06,0,,,13,,
2010-04-12,280.75,281.73,275.39,276.04,2893680,254.9,253.87,6.25,62.17,258.5,264.38,281.73,281.4,0,,,258.5,261.1,1,2010-04-06,0,,,13,,
2010-04-13,276.16,280.75,275.46,279.97,5524575,255.08,253.87,6.18,65.41,261.08,265.06,281.73,281.73,0,,,261.08,261.1,1,2010-04-06,0,,,13,,
2010-04-15,280.86,282.39,274.74,276.28,3368647,255.24,253.87,6.29,60.2,258.63,265.71,282.39,281.73,0,,,258.63,261.1,1,2010-04-06,0,,,13,,
2010-04-16,276.28,276.92,271.85,272.4,3050835,255.38,253.87,6.2,55.23,256.19,265.95,282.39,282.39,0,,,256.19,261.1,1,2010-04-06,0,,,13,,
2010-04-19,269.82,272.99,266.02,269.81,3042022,255.54,256.71,6.26,52.13,255.43,266.0,282.39,282.39,0,,,255.43,261.1,1,2010-04-06,0,,,13,,
2010-04-20,270.7,274.95,269.06,272.82,2406652,255.76,258.36,6.23,55.27,257.94,266.19,282.39,282.39,0,,,257.94,261.1,1,2010-04-06,0,,,13,,
2010-04-21,272.55,275.26,267.86,268.58,3088642,255.96,259.05,6.31,50.27,255.38,266.3,282.39,282.39,0,,,255.38,261.1,1,2010-04-06,0,,,13,,
2010-04-22,268.86,271.35,264.15,269.83,6064170,256.16,259.05,6.38,51.66,256.14,266.44,282.39,282.39,0,,,256.14,261.1,1,2010-04-06,0,,,13,,
2010-04-23,271.9,272.51,267.24,271.0,2291940,256.35,259.99,6.3,52.98,257.26,266.65,282.39,282.39,0,,,257.26,261.1,1,2010-04-06,0,,,13,,
2010-04-26,272.55,275.07,271.02,274.18,2152005,256.56,262.88,6.14,56.47,260.38,266.93,282.39,282.39,0,,,260.38,261.1,1,2010-04-06,0,,,13,,
2010-04-27,274.74,276.27,269.93,270.57,2696970,256.74,264.15,6.15,51.77,258.47,267.13,282.39,282.39,0,,,258.47,261.1,1,2010-04-06,0,,,13,,
2010-04-28,269.82,271.46,265.02,269.86,2440800,256.89,264.15,6.17,50.88,257.99,267.46,282.39,282.39,0,,,257.99,261.1,1,2010-04-06,0,,,13,,
2010-04-29,270.37,274.08,268.95,273.14,3568162,257.08,264.15,6.1,54.77,260.16,267.94,282.39,282.39,0,,,260.16,261.1,1,2010-04-06,0,,,13,,
2010-04-30,273.65,277.11,271.03,272.25,3267045,257.26,264.15,6.1,53.53,259.59,268.35,282.39,282.39,0,,,259.59,261.1,1,2010-04-06,0,,,13,,
2010-05-03,269.82,272.44,268.4,269.66,1976467,257.41,264.15,5.95,49.98,258.01,268.68,282.39,282.39,0,,,258.01,261.1,1,2010-04-06,0,,,13,,
2010-05-04,270.92,272.45,266.55,268.36,2012737,257.55,264.15,5.95,48.26,257.18,268.94,282.39,282.39,0,,,257.18,261.1,1,2010-04-06,0,,,13,,
2010-05-05,266.55,268.08,263.84,267.24,2582880,257.68,263.84,5.84,46.76,256.42,269.21,282.39,282.39,0,,,256.42,261.1,1,2010-04-06,0,,,13,,
2010-05-06,267.2,267.2,262.35,263.91,3328560,257.79,262.35,5.78,42.52,253.82,269.51,282.39,282.39,0,,,253.82,261.1,1,2010-04-06,0,,,13,,
2010-05-07,262.29,263.24,256.71,260.23,4678657,257.87,256.71,5.88,38.39,249.5,269.6,282.39,282.39,0,,,249.5,261.1,1,2010-04-06,1,261.1,TRAILING_STOP|SMA150_BREAK,13,23,-5.2
2010-05-10,262.39,268.18,261.52,266.43,2523930,258.0,256.71,6.03,47.63,253.4,269.81,282.39,282.39,0,,,253.4,,0,,0,,,,,
2010-05-11,267.09,270.59,260.78,262.11,3665835,258.12,256.71,6.3,42.81,250.43,269.94,282.39,282.39,0,,,250.43,,0,,0,,,,,
2010-05-12,261.2,262.07,256.9,259.26,2952975,258.22,256.71,6.22,39.94,248.65,269.87,282.39,282.39,0,,,248.65,,0,,0,,,,,
2010-05-13,261.63,262.55,258.58,260.06,3832485,258.31,256.71,6.06,41.13,249.27,269.76,277.11,282.39,0,,,249.27,,0,,0,,,,,
2010-05-14,260.94,262.63,256.82,257.73,2779875,258.34,256.71,6.04,38.72,247.78,269.65,277.11,277.11,0,,,247.78,,0,,0,,,,,
2010-05-17,254.53,256.71,248.74,253.3,5159505,258.32,248.74,6.25,34.57,242.12,269.3,277.11,277.11,0,,,242.12,,0,,0,,,,,
2010-05-18,252.19,257.04,249.2,254.55,4981650,258.32,248.74,6.36,36.63,242.85,268.81,277.11,277.11,0,,,242.85,,0,,0,,,,,
2010-05-19,252.89,254.46,249.34,250.28,4239630,258.24,248.74,6.28,32.82,240.16,267.97,277.11,277.11,0,,,240.16,,0,,0,,,,,
2010-05-20,250.27,252.34,248.59,251.11,3278610,258.14,248.59,6.1,34.25,240.76,267.11,277.11,277.11,0,,,240.76,,0,,0,,,,,
2010-05-21,248.08,251.55,246.09,250.07,3116422,258.0,246.09,6.06,33.3,239.29,266.37,277.11,277.11,0,,,239.29,,0,,0,,,,,
2010-05-24,251.25,255.62,250.39,251.46,4028205,257.92,246.09,6.02,35.88,240.21,265.42,277.11,277.11,0,,,240.21,,0,,0,,,,,
2010-05-25,249.92,249.92,245.79,247.2,4411650,257.81,245.79,5.99,31.82,237.38,264.46,277.11,277.11,0,,,237.38,,0,,0,,,,,
2010-05-26,247.97,252.13,243.67,246.39,6569595,257.69,243.67,6.17,31.09,236.03,263.34,277.11,277.11,0,,,236.03,,0,,0,,,,,
2010-05-27,250.71,255.29,246.4,250.85,11713335,257.55,243.67,6.37,39.25,238.78,262.49,277.11,277.11,0,,,238.78,,0,,0,,,,,
2010-05-28,252.9,255.08,251.8,253.32,4654762,257.44,243.67,6.21,43.26,240.47,261.85,272.45,277.11,0,,,240.47,,0,,0,,,,,
2010-05-31,254.47,258.35,251.8,257.09,2827230,257.32,243.67,6.24,48.81,242.89,261.43,272.45,272.45,0,,,242.89,,0,,0,,,,,
2010-06-01,257.74,257.93,252.25,252.82,3086595,257.22,243.67,6.2,43.61,240.16,260.76,270.59,272.45,0,,,240.16,,0,,0,,,,,
2010-06-02,253.55,254.41,249.62,253.6,3482032,257.14,243.67,6.1,44.77,240.73,260.26,270.59,270.59,0,,,240.73,,0,,0,,,,,
2010-06-03,256.39,256.39,254.7,255.98,2339227,257.1,243.67,5.86,48.26,242.42,259.8,270.59,270.59,0,,,242.42,,0,,0,,,,,
2010-06-04,254.53,255.98,252.78,254.73,3460110,257.07,243.67,5.67,46.59,241.74,259.26,270.59,270.59,0,,,241.74,,0,,0,,,,,
2010-06-07,252.24,252.24,245.47,248.03,5768017,257.02,243.67,5.93,38.85,237.25,258.39,270.59,270.59,0,,,237.25,,0,,0,,,,,
2010-06-08,251.14,252.07,247.34,248.71,3869797,256.98,243.67,5.84,39.94,237.75,257.66,262.63,270.59,0,,,237.75,,0,,0,,,,,
2010-06-09,252.86,253.94,246.89,250.49,3077175,256.97,243.67,5.93,42.82,238.84,257.01,262.63,262.63,0,,,238.84,,0,,0,,,,,
2010-06-10,250.82,255.62,250.82,253.97,3585015,257.04,243.67,5.87,48.05,241.12,256.37,262.63,262.63,0,,,241.12,,0,,0,,,,,
2010-06-11,255.08,262.02,254.53,261.38,6606547,257.18,243.67,6.03,57.07,245.8,256.01,262.02,262.63,0,,,245.8,,0,,0,,,,,
2010-06-14,262.76,262.9,258.68,260.02,3168375,257.35,243.67,5.9,55.18,245.0,255.69,262.9,262.02,0,,,245.0,,0,,0,,,,,
2010-06-15,260.54,263.47,258.37,262.4,2167695,257.53,243.67,5.84,57.81,246.58,255.49,263.47,262.9,0,,,246.58,,0,,0,,,,,
2010-06-16,264.25,264.25,259.99,261.34,2595570,257.67,245.47,5.73,56.23,246.57,255.29,264.25,263.47,0,,,246.57,,0,,0,,,,,
2010-06-17,261.64,261.65,257.94,260.29,5145525,257.8,245.47,5.58,54.63,245.99,255.17,264.25,264.25,0,,,245.99,,0,,0,,,,,
2010-06-18,260.56,265.13,258.43,264.05,8258122,257.93,245.47,5.66,59.11,248.36,255.3,265.13,264.25,0,,,248.36,,0,,0,,,,,
2010-06-21,265.45,269.57,265.23,268.87,5688967,258.12,245.47,5.65,64.02,251.48,255.38,269.57,265.13,1,268.87,251.48,251.48,251.48,1,2010-06-21,0,,,14,,
2010-06-22,266.72,268.16,265.13,265.88,1865422,258.26,245.47,5.52,59.27,249.64,255.51,269.57,269.57,0,,,249.64,251.48,1,2010-06-21,0,,,14,,
2010-06-23,265.88,268.72,263.28,265.96,3637702,258.39,245.47,5.51,59.35,249.69,255.73,269.57,269.57,0,,,249.69,251.48,1,2010-06-21,0,,,14,,
2010-06-24,266.33,269.27,262.76,268.13,4783320,258.53,245.47,5.58,61.74,251.05,256.0,269.57,269.57,0,,,251.05,251.48,1,2010-06-21,0,,,14,,
2010-06-25,267.46,270.34,266.22,267.85,2786017,258.67,245.47,5.48,61.24,250.93,256.34,270.34,269.57,0,,,250.93,251.48,1,2010-06-21,0,,,14,,
2010-06-28,268.08,271.68,267.86,270.71,2866365,258.82,246.89,5.36,64.41,253.33,256.92,271.68,270.34,1,270.71,253.33,253.33,253.33,1,2010-06-21,0,,,14,,
2010-06-29,269.82,270.88,265.44,266.49,1749015,258.95,246.89,5.37,57.01,250.61,257.32,271.68,271.68,0,,,250.61,253.33,1,2010-06-21,0,,,14,,
2010-06-30,262.42,269.82,262.42,268.7,2761320,259.1,250.82,5.51,59.62,253.24,257.93,271.68,271.68,0,,,253.24,253.33,1,2010-06-21,0,,,14,,
2010-07-01,267.83,267.83,262.95,265.2,2170605,259.23,254.53,5.53,54.01,252.21,258.4,271.68,271.68,0,,,252.21,253.33,1,2010-06-21,0,,,14,,
2010-07-02,265.23,267.91,260.28,261.29,4302337,259.34,257.94,5.68,48.52,250.73,258.77,271.68,271.68,0,,,250.73,253.33,1,2010-06-21,0,,,14,,
2010-07-05,260.54,261.84,256.88,257.76,3080587,259.44,256.88,5.63,44.16,248.13,258.98,271.68,271.68,0,,,248.13,253.33,1,2010-06-21,1,259.44,SMA150_BREAK,14,11,-3.51
2010-07-06,257.26,260.43,257.26,258.96,2764710,259.53,256.88,5.45,45.94,249.02,259.38,271.68,271.68,0,,,249.02,,0,,0,,,,,
2010-07-07,256.71,261.9,256.71,259.04,2647260,259.63,256.71,5.43,46.06,249.03,259.8,271.68,271.68,0,,,249.03,,0,,0,,,,,
2010-07-08,260.45,263.16,259.39,260.71,4076557,259.75,256.71,5.34,48.7,250.17,260.13,271.68,271.68,0,,,250.17,,0,,0,,,,,
2010-07-09,262.61,263.37,260.32,261.47,3400125,259.87,256.71,5.18,49.9,250.77,260.4,271.68,271.68,0,,,250.77,,0,,0,,,,,
2010-07-12,262.59,267.63,261.47,267.01,5668290,260.03,256.71,5.25,57.66,254.29,260.73,271.68,271.68,0,,,254.29,,0,,0,,,,,
2010-07-13,266.55,270.8,265.07,269.77,5625165,260.24,256.71,5.28,60.91,256.05,261.29,271.68,271.68,0,,,256.05,,0,,0,,,,,
2010-07-14,271.9,275.28,267.82,269.58,3915480,260.43,256.71,5.44,60.57,255.83,261.83,275.28,271.68,0,,,255.83,,0,,0,,,,,
2010-07-15,269.39,269.39,265.03,266.39,2823172,260.61,256.71,5.37,54.95,253.81,262.17,275.28,275.28,0,,,253.81,,0,,0,,,,,
2010-07-16,268.4,268.4,264.92,266.31,1597897,260.78,256.71,5.24,54.81,253.85,262.56,275.28,275.28,0,,,253.85,,0,,0,,,,,
2010-07-19,266.31,268.37,263.28,263.87,2203282,260.93,256.71,5.23,50.65,252.28,263.09,275.28,275.28,0,,,252.28,,0,,0,,,,,
2010-07-20,265.45,266.28,262.36,263.68,1668645,261.07,256.71,5.13,50.33,252.22,263.59,275.28,275.28,0,,,252.22,,0,,0,,,,,
2010-07-21,264.91,266.44,262.18,262.86,2915497,261.16,256.71,5.07,48.89,251.73,264.0,275.28,275.28,0,,,251.73,,0,,0,,,,,
2010-07-22,264.25,265.13,261.08,264.06,3978675,261.2,256.71,5.0,51.09,252.56,264.33,275.28,275.28,0,,,252.56,,0,,0,,,,,
2010-07-23,264.91,269.33,264.36,268.75,7442452,261.25,256.71,5.02,58.6,255.57,264.58,275.28,275.28,0,,,255.57,,0,,0,,,,,
2010-07-26,269.6,270.8,261.08,269.97,3867375,261.34,256.71,5.35,60.3,256.13,264.91,275.28,275.28,0,,,256.13,,0,,0,,,,,
2010-07-27,270.04,270.34,265.69,267.59,3075217,261.43,256.71,5.3,55.5,254.63,265.08,275.28,275.28,0,,,254.63,,0,,0,,,,,
2010-07-28,267.87,269.79,265.51,268.88,2639737,261.53,259.39,5.23,57.48,256.4,265.34,275.28,275.28,0,,,256.4,,0,,0,,,,,
2010-07-29,268.73,269.71,265.45,268.94,2198032,261.65,260.32,5.16,57.57,256.8,265.62,275.28,275.28,0,,,256.8,,0,,0,,,,,
2010-07-30,264.36,268.92,264.36,266.32,2374702,261.76,261.08,5.12,52.12,255.39,265.7,275.28,275.28,0,,,255.39,,0,,0,,,,,
2010-08-02,266.55,270.59,266.55,268.05,2434575,261.89,261.08,5.06,55.14,256.55,265.67,275.28,275.28,0,,,256.55,,0,,0,,,,,
2010-08-03,268.32,270.26,266.98,269.57,7592550,261.97,261.08,4.93,57.67,257.61,265.8,275.28,275.28,0,,,257.61,,0,,0,,,,,
2010-08-04,269.6,276.37,269.33,275.13,5750902,262.09,261.08,5.08,65.35,261.1,266.1,276.37,275.28,0,,,261.1,,0,,0,,,,,
2010-08-05,274.19,278.02,273.78,275.82,3513442,262.2,261.08,5.02,66.17,261.58,266.36,278.02,276.37,0,,,261.58,,0,,0,,,,,
2010-08-06,275.83,277.99,272.8,273.93,1996290,262.32,261.08,5.03,61.85,260.36,266.56,278.02,278.02,0,,,260.36,,0,,0,,,,,
2010-08-09,273.1,277.79,273.1,276.4,2306685,262.42,261.08,5.01,65.06,261.96,266.75,278.02,278.02,0,,,261.96,,0,,0,,,,,
2010-08-10,276.38,277.69,272.01,273.07,1818870,262.48,261.08,5.06,57.98,259.79,266.97,278.02,278.02,0,,,259.79,,0,,0,,,,,
2010-08-11,273.34,275.5,271.14,272.96,3470917,262.53,261.08,5.01,57.75,259.75,267.11,278.02,278.02,0,,,259.75,,0,,0,,,,,
2010-08-12,268.88,273.53,268.88,272.33,2598705,262.59,261.08,4.98,56.41,259.36,267.35,278.02,278.02,0,,,259.36,,0,,0,,,,,
2010-08-13,272.01,276.6,271.61,272.75,2522340,262.66,261.08,4.98,57.13,259.63,267.73,278.02,278.02,0,,,259.63,,0,,0,,,,,
2010-08-16,272.66,274.2,268.0,269.7,2816310,262.7,264.36,5.07,50.63,258.7,268.13,278.02,278.02,0,,,258.7,,0,,0,,,,,
2010-08-17,269.82,272.23,269.17,270.39,1178610,262.77,264.36,4.93,51.96,259.24,268.51,278.02,278.02,0,,,259.24,,0,,0,,,,,
2010-08-18,270.92,271.85,269.19,270.06,2799945,262.86,264.36,4.76,51.25,259.13,268.88,278.02,278.02,0,,,259.13,,0,,0,,,,,
2010-08-19,271.46,272.51,269.97,270.8,1925985,262.98,264.36,4.61,52.81,259.72,269.21,278.02,278.02,0,,,259.72,,0,,0,,,,,
2010-08-20,270.7,271.95,268.84,269.77,2174872,263.05,266.55,4.5,50.39,259.85,269.49,278.02,278.02,0,,,259.85,,0,,0,,,,,
2010-08-23,272.12,275.28,267.64,274.17,2582745,263.16,266.98,4.72,59.02,262.68,269.73,278.02,278.02,0,,,262.68,,0,,0,,,,,
2010-08-24,275.66,275.81,270.92,271.31,3230760,263.25,267.64,4.73,52.61,261.05,269.78,278.02,278.02,0,,,261.05,,0,,0,,,,,
2010-08-25,272.0,273.5,268.76,269.51,1874947,263.31,267.64,4.74,49.01,259.89,269.78,278.02,278.02,0,,,259.89,,0,,0,,,,,
2010-08-26,270.37,272.88,267.91,271.71,4176037,263.38,267.64,4.75,53.23,261.3,269.96,278.02,278.02,0,,,261.3,,0,,0,,,,,
2010-08-27,271.46,274.33,268.76,270.05,2259622,263.52,267.64,4.81,49.87,260.19,270.08,278.02,278.02,0,,,260.19,,0,,0,,,,,
2010-08-30,272.55,274.19,265.81,266.86,2093692,263.57,265.81,5.07,44.12,257.35,270.18,278.02,278.02,0,,,257.35,,0,,0,,,,,
2010-08-31,266.33,266.55,261.41,262.9,4613100,263.6,261.41,5.09,38.22,253.31,270.15,278.02,278.02,0,,,253.31,,0,,0,,,,,
2010-09-01,264.8,266.81,263.85,265.78,1426717,263.68,261.41,5.01,44.08,255.23,270.25,278.02,278.02,0,,,255.23,,0,,0,,,,,
2010-09-02,266.44,268.35,262.53,263.27,2883915,263.73,261.41,5.07,40.48,253.57,270.22,277.99,278.02,0,,,253.57,,0,,0,,,,,
2010-09-03,264.07,266.27,260.89,262.01,3221842,263.73,260.89,5.09,38.77,252.57,270.0,277.79,277.99,0,,,252.57,,0,,0,,,,,
2010-09-06,263.52,268.96,262.64,268.41,3362940,263.78,260.89,5.22,50.27,256.61,269.95,277.69,277.79,0,,,256.61,,0,,0,,,,,
2010-09-07,269.01,269.42,265.88,267.26,2077462,263.84,260.89,5.1,48.5,255.94,269.94,276.6,277.69,0,,,255.94,,0,,0,,,,,
2010-09-08,267.26,268.9,265.85,267.89,1768087,263.89,260.89,4.96,49.55,256.45,269.9,276.6,276.6,0,,,256.45,,0,,0,,,,,
2010-09-09,268.48,272.56,268.24,272.0,4023915,263.98,260.89,4.93,55.84,259.11,270.01,276.6,276.6,0,,,259.11,,0,,0,,,,,
2010-09-13,273.41,276.66,272.55,273.81,2718195,264.14,260.89,4.92,58.3,260.29,270.26,276.66,276.6,0,,,260.29,,0,,0,,,,,
2010-09-14,274.06,276.37,273.51,274.77,3991792,264.28,260.89,4.77,59.59,261.01,270.48,276.66,276.66,0,,,261.01,,0,,0,,,,,
2010-09-15,274.83,277.29,271.32,271.61,4457737,264.4,260.89,4.85,53.71,258.92,270.55,277.29,276.66,0,,,258.92,,0,,0,,,,,
2010-09-16,271.76,272.43,269.27,269.84,4662300,264.52,260.89,4.73,50.69,257.85,270.37,277.29,277.29,0,,,257.85,,0,,0,,,,,
2010-09-17,270.66,271.98,267.37,268.31,4676002,264.62,260.89,4.72,48.17,256.87,270.12,277.29,277.29,0,,,256.87,,0,,0,,,,,
2010-09-20,268.31,270.33,266.83,268.2,5224380,264.69,260.89,4.64,47.98,256.86,269.93,277.29,277.29,0,,,256.86,,0,,0,,,,,
2010-09-21,269.02,274.1,268.73,272.24,10619925,264.77,260.89,4.73,54.84,259.41,269.79,277.29,277.29,0,,,259.41,,0,,0,,,,,
2010-09-22,272.87,273.64,269.14,271.14,5008582,264.84,260.89,4.71,52.8,258.71,269.73,277.29,277.29,0,,,258.71,,0,,0,,,,,
2010-09-23,272.2,272.46,267.7,268.8,4176337,264.9,260.89,4.71,48.65,257.2,269.59,277.29,277.29,0,,,257.2,,0,,0,,,,,
2010-09-24,268.88,270.43,267.5,269.8,3399457,264.99,260.89,4.59,50.44,257.93,269.5,277.29,277.29,0,,,257.93,,0,,0,,,,,
2010-09-27,271.43,272.8,269.96,270.95,4397407,265.08,262.64,4.47,52.49,259.33,269.44,277.29,277.29,0,,,259.33,,0,,0,,,,,
2010-09-28,271.48,274.39,270.51,272.46,4919092,265.16,265.85,4.43,55.12,261.4,269.54,277.29,277.29,0,,,261.4,,0,,0,,,,,
2010-09-29,273.3,276.15,271.21,272.02,6353235,265.26,265.85,4.47,54.18,261.09,269.59,277.29,277.29,0,,,261.09,,0,,0,,,,,
2010-09-30,272.31,274.39,270.66,272.14,7299240,265.35,266.83,4.41,54.41,261.53,269.66,277.29,277.29,0,,,261.53,,0,,0,,,,,
2010-10-01,274.12,285.88,273.44,284.46,11198227,265.53,266.83,5.08,70.61,269.03,270.12,285.88,277.29,1,284.46,269.03,269.03,269.03,1,2010-10-01,0,,,15,,
2010-10-04,287.13,291.34,286.59,287.58,8521230,265.68,266.83,5.21,73.2,270.96,270.71,291.34,285.88,0,,,270.96,270.96,1,2010-10-01,0,,,15,,
2010-10-05,287.57,292.6,287.08,290.72,6462757,265.83,266.83,5.23,75.55,272.97,271.26,292.6,291.34,0,,,272.97,272.97,1,2010-10-01,0,,,15,,
2010-10-06,293.72,294.49,291.21,292.91,5978317,266.0,266.83,5.13,77.05,274.45,271.98,294.49,292.6,1,292.91,274.45,274.45,274.45,1,2010-10-01,0,,,15,,
2010-10-07,293.72,295.8,284.5,286.1,6300645,266.14,266.83,5.57,63.88,269.77,272.53,295.8,294.49,0,,,269.77,274.45,1,2010-10-01,0,,,15,,
2010-10-08,287.66,288.52,282.63,283.42,3651960,266.26,266.83,5.59,59.56,268.02,272.92,295.8,295.8,0,,,268.02,274.45,1,2010-10-01,0,,,15,,
2010-10-11,285.08,286.86,281.79,282.74,5246782,266.38,267.5,5.55,58.48,267.83,273.35,295.8,295.8,0,,,267.83,274.45,1,2010-10-01,0,,,15,,
2010-10-12,281.15,284.28,276.19,279.29,4004362,266.47,267.5,5.74,53.21,265.49,273.76,295.8,295.8,0,,,265.49,274.45,1,2010-10-01,0,,,15,,
2010-10-13,279.66,285.26,279.66,284.2,5239627,266.6,267.5,5.75,58.89,268.64,274.47,295.8,295.8,0,,,268.64,274.45,1,2010-10-01,0,,,15,,
2010-10-14,284.93,286.58,280.14,281.39,3731325,266.74,267.5,5.8,54.79,266.8,274.99,295.8,295.8,0,,,266.8,274.45,1,2010-10-01,0,,,15,,
2010-10-15,281.75,282.08,275.17,277.23,2625555,266.87,269.96,5.88,49.32,264.88,275.46,295.8,295.8,0,,,264.88,274.45,1,2010-10-01,0,,,15,,
2010-10-18,277.78,278.35,273.08,276.72,4946730,266.98,270.51,5.84,48.68,264.76,275.95,295.8,295.8,0,,,264.76,274.45,1,2010-10-01,1,274.45,TRAILING_STOP,15,12,-3.52
2010-10-19,278.2,279.86,272.99,274.83,5249662,267.08,270.66,5.91,46.27,263.55,276.16,295.8,295.8,0,,,263.55,,0,,0,,,,,
2010-10-20,274.5,276.36,273.21,274.39,2739382,267.17,270.66,5.71,45.71,263.39,276.4,295.8,295.8,0,,,263.39,,0,,0,,,,,
2010-10-21,275.6,280.65,273.95,279.05,2749095,267.3,272.99,5.78,52.35,267.13,276.77,295.8,295.8,0,,,267.13,,0,,0,,,,,
2010-10-22,280.0,280.98,275.23,277.37,2190915,267.45,272.99,5.78,49.98,266.05,276.95,295.8,295.8,0,,,266.05,,0,,0,,,,,
2010-10-25,279.55,280.53,276.69,277.42,1756695,267.59,272.99,5.64,50.05,266.17,277.07,295.8,295.8,0,,,266.17,,0,,0,,,,,
2010-10-26,277.25,278.75,272.97,273.34,2824650,267.67,272.97,5.65,44.39,263.53,277.02,295.8,295.8,0,,,263.53,,0,,0,,,,,
2010-10-27,273.3,275.26,271.03,272.8,3032295,267.77,271.03,5.55,43.68,262.6,277.06,295.8,295.8,0,,,262.6,,0,,0,,,,,
2010-10-28,274.35,274.61,267.37,268.74,10199820,267.82,267.37,5.67,38.71,258.68,277.03,295.8,295.8,0,,,258.68,,0,,0,,,,,
2010-10-29,272.31,273.95,267.04,268.52,7579890,267.85,267.04,5.76,38.45,258.37,277.03,295.8,295.8,0,,,258.37,,0,,0,,,,,
2010-11-01,270.33,272.04,269.01,270.69,3415342,267.92,267.04,5.6,42.49,259.88,277.12,295.8,295.8,0,,,259.88,,0,,0,,,,,
2010-11-02,271.43,271.83,269.01,270.07,2211750,267.96,267.04,5.4,41.65,259.61,277.04,295.8,295.8,0,,,259.61,,0,,0,,,,,
2010-11-03,271.21,276.14,270.72,272.8,4329915,267.98,267.04,5.45,46.65,261.34,277.1,295.8,295.8,0,,,261.34,,0,,0,,,,,
2010-11-04,275.37,278.4,275.05,277.26,6050002,268.0,267.04,5.46,53.64,264.21,277.38,288.52,295.8,0,,,264.21,,0,,0,,,,,
2010-11-08,278.02,279.55,276.18,277.4,2491680,268.0,267.04,5.31,53.84,264.4,277.63,286.86,288.52,0,,,264.4,,0,,0,,,,,
2010-11-09,278.9,278.9,276.28,277.17,2963970,268.03,267.04,5.12,53.42,264.38,277.84,286.58,286.86,0,,,264.38,,0,,0,,,,,
2010-11-10,277.8,277.8,271.46,272.47,4619512,267.98,267.04,5.21,45.65,261.29,277.84,286.58,286.58,0,,,261.29,,0,,0,,,,,
2010-11-11,273.22,273.41,264.62,265.33,5413890,267.91,264.62,5.46,36.87,255.7,277.62,286.58,286.58,0,,,255.7,,0,,0,,,,,
2010-11-12,265.61,266.26,261.0,262.32,4522237,267.79,261.0,5.45,33.91,252.56,277.29,282.08,286.58,0,,,252.56,,0,,0,,,,,
2010-11-15,262.97,264.58,259.24,263.44,3204015,267.71,259.24,5.44,35.97,252.71,276.59,280.98,282.08,0,,,252.71,,0,,0,,,,,
2010-11-16,264.5,264.62,254.96,256.19,4659900,267.6,254.96,5.74,29.55,246.4,275.54,280.98,280.98,0,,,246.4,,0,,0,,,,,
2010-11-18,261.11,261.11,253.34,254.32,5413935,267.5,253.34,5.89,28.15,244.56,274.33,280.98,280.98,0,,,244.56,,0,,0,,,,,
2010-11-19,255.51,256.06,244.89,247.41,6366945,267.33,244.89,6.26,23.7,237.03,272.81,280.98,280.98,0,,,237.03,,0,,0,,,,,
2010-11-22,248.7,250.13,245.08,249.27,3681547,267.2,244.89,6.18,27.04,238.29,271.59,280.98,280.98,0,,,238.29,,0,,0,,,,,
2010-11-23,249.58,249.58,243.78,247.77,4658925,267.05,243.78,6.15,26.05,236.97,270.4,280.53,280.98,0,,,236.97,,0,,0,,,,,
2010-11-24,249.06,251.27,239.92,241.32,5369467,266.85,239.92,6.52,22.27,231.28,269.02,279.55,280.53,0,,,231.28,,0,,0,,,,,
2010-11-25,243.32,243.82,234.97,235.61,12185250,266.6,234.97,6.69,19.56,225.83,267.56,279.55,279.55,0,,,225.83,,0,,0,,,,,
2010-11-26,236.62,238.1,225.64,230.24,8314035,266.33,225.64,7.1,17.41,218.98,265.76,279.55,279.55,0,,,218.98,,0,,0,,,,,
2010-11-29,231.13,240.85,230.18,236.5,7496797,266.1,225.64,7.35,27.41,222.85,264.27,279.55,279.55,0,,,222.85,,0,,0,,,,,
2010-11-30,236.95,243.32,235.11,242.0,6170280,265.9,225.64,7.42,34.87,226.36,263.09,279.55,279.55,0,,,226.36,,0,,0,,,,,
2010-12-01,243.65,244.2,239.61,242.8,4879177,265.7,225.64,7.21,35.9,227.01,261.96,279.55,279.55,0,,,227.01,,0,,0,,,,,
2010-12-02,246.38,246.83,241.8,242.97,4131532,265.52,225.64,7.06,36.13,227.22,260.9,279.55,279.55,0,,,227.22,,0,,0,,,,,
2010-12-03,243.77,245.63,241.45,242.94,3589222,265.35,225.64,6.85,36.11,227.34,259.85,279.55,279.55,0,,,227.34,,0,,0,,,,,
2010-12-06,245.07,249.19,243.03,245.81,4676250,265.21,225.64,6.81,40.32,229.22,258.74,279.55,279.55,0,,,229.22,,0,,0,,,,,
2010-12-07,245.08,248.7,243.84,245.94,2931922,265.09,225.64,6.67,40.51,229.4,257.7,278.9,279.55,0,,,229.4,,0,,0,,,,,
2010-12-08,245.84,246.94,244.32,245.93,1916077,264.99,225.64,6.38,40.5,229.58,256.65,277.8,278.9,0,,,229.58,,0,,0,,,,,
2010-12-09,246.69,247.77,242.32,244.51,4240822,264.85,225.64,6.31,38.92,228.71,255.68,273.41,277.8,0,,,228.71,,0,,0,,,,,
2010-12-10,242.88,252.27,236.69,251.2,6093382,264.78,225.64,6.98,49.02,232.59,254.96,266.26,273.41,0,,,232.59,,0,,0,,,,,
2010-12-13,251.34,257.28,249.8,256.97,4654837,264.76,225.64,7.01,55.81,236.28,254.57,264.62,266.26,0,,,236.28,,0,,0,,,,,
2010-12-14,256.93,259.66,254.85,256.26,4040557,264.73,225.64,6.85,54.84,235.93,254.16,264.62,264.62,0,,,235.93,,0,,0,,,,,
2010-12-15,254.85,255.57,253.09,254.52,2053627,264.71,225.64,6.59,52.44,234.98,253.62,261.11,264.62,0,,,234.98,,0,,0,,,,,
2010-12-16,254.74,255.73,245.97,253.52,5362710,264.71,225.64,6.82,51.06,234.19,253.07,259.66,261.11,0,,,234.19,,0,,0,,,,,
2010-12-20,252.54,256.72,252.04,254.08,1905022,264.71,230.18,6.67,51.83,236.16,252.45,259.66,259.66,0,,,236.16,,0,,0,,,,,
2010-12-21,254.08,256.69,254.08,255.05,2286577,264.74,235.11,6.38,53.19,238.63,251.71,259.66,259.66,0,,,238.63,,0,,0,,,,,
2010-12-22,255.21,256.58,253.9,255.17,2187307,264.77,236.69,6.11,53.37,239.41,250.97,259.66,259.66,0,,,239.41,,0,,0,,,,,
2010-12-23,256.69,256.69,252.1,252.93,2037202,264.79,236.69,6.0,49.61,238.03,250.16,259.66,259.66,0,,,238.03,,0,,0,,,,,
2010-12-24,253.31,253.63,249.49,251.0,2525392,264.79,236.69,5.87,46.57,236.88,249.44,259.66,259.66,0,,,236.88,,0,,0,,,,,
2010-12-27,251.33,253.95,250.9,251.6,1795372,264.82,236.69,5.67,47.65,237.4,248.99,259.66,259.66,0,,,237.4,,0,,0,,,,,
2010-12-28,252.54,252.87,247.61,252.21,1224660,264.85,236.69,5.64,48.78,237.81,248.65,259.66,259.66,0,,,237.81,,0,,0,,,,,
2010-12-29,251.99,253.4,250.17,253.04,2065785,264.87,236.69,5.47,50.34,238.46,248.3,259.66,259.66,0,,,238.46,,0,,0,,,,,
2010-12-30,253.95,257.59,253.36,256.67,2753085,264.89,236.69,5.4,56.6,240.85,248.32,259.66,259.66,0,,,240.85,,0,,0,,,,,
2010-12-31,257.37,259.46,254.2,255.15,3431925,264.88,236.69,5.39,53.56,239.87,248.35,259.66,259.66,0,,,239.87,,0,,0,,,,,
2011-01-03,255.29,257.97,252.94,257.35,3119572,264.91,245.97,5.37,57.15,244.4,248.68,259.66,259.66,0,,,244.4,,0,,0,,,,,
2011-01-04,257.26,258.41,255.07,255.99,5036152,264.92,245.97,5.22,54.35,243.62,248.9,259.66,259.66,0,,,243.62,,0,,0,,,,,
2011-01-05,255.4,256.9,251.47,253.13,3320977,264.91,245.97,5.24,48.93,241.77,249.08,259.66,259.66,0,,,241.77,,0,,0,,,,,
2011-01-06,254.72,257.46,250.59,253.47,3170152,264.9,245.97,5.35,49.57,241.91,249.49,259.66,259.66,0,,,241.91,,0,,0,,,,,
2011-01-07,253.31,253.64,250.24,251.46,3387390,264.92,247.61,5.21,45.88,241.25,250.01,259.66,259.66,0,,,241.25,,0,,0,,,,,
2011-01-10,251.44,251.44,238.37,239.6,6743257,264.86,238.37,5.78,31.16,230.15,250.33,259.66,259.66,0,,,230.15,,0,,0,,,,,
2011-01-11,241.23,247.93,240.46,244.54,12858105,264.82,238.37,5.96,39.82,233.21,250.59,259.66,259.66,0,,,233.21,,0,,0,,,,,
2011-01-12,247.05,247.92,243.43,245.74,5707695,264.77,238.37,5.85,41.74,234.06,250.72,259.46,259.66,0,,,234.06,,0,,0,,,,,
2011-01-13,246.8,247.56,243.12,244.76,3219885,264.65,238.37,5.75,40.6,233.49,250.78,259.46,259.46,0,,,233.49,,0,,0,,,,,
2011-01-14,246.72,246.72,239.15,241.0,4241197,264.53,238.37,5.88,36.49,230.98,250.72,259.46,259.46,0,,,230.98,,0,,0,,,,,
2011-01-17,241.12,242.2,238.82,240.03,3967177,264.38,238.37,5.7,35.49,230.47,250.62,259.46,259.46,0,,,230.47,,0,,0,,,,,
2011-01-18,241.01,241.72,239.92,240.74,2186640,264.24,238.37,5.42,36.86,231.12,250.45,259.46,259.46,0,,,231.12,,0,,0,,,,,
2011-01-19,240.74,242.2,236.34,239.55,4645792,264.1,236.34,5.46,35.5,229.65,250.24,259.46,259.46,0,,,229.65,,0,,0,,,,,
2011-01-20,239.37,240.75,236.07,238.88,4959547,263.94,236.07,5.4,34.73,229.17,250.0,259.46,259.46,0,,,229.17,,0,,0,,,,,
2011-01-21,239.26,248.55,239.2,242.36,10330935,263.76,236.07,5.71,41.82,231.21,249.93,259.46,259.46,0,,,231.21,,0,,0,,,,,
2011-01-24,243.87,250.79,243.23,249.09,3443370,263.65,236.07,5.9,52.54,235.42,249.86,259.46,259.46,0,,,235.42,,0,,0,,,,,
2011-01-25,250.13,253.42,249.82,251.46,2543662,263.55,236.07,5.79,55.65,237.02,249.68,259.46,259.46,0,,,237.02,,0,,0,,,,,
2011-01-27,253.64,253.97,244.42,245.31,5213865,263.4,236.07,6.06,47.05,232.88,249.31,259.46,259.46,0,,,232.88,,0,,0,,,,,
2011-01-28,243.9,245.41,234.05,236.31,4480972,263.19,234.05,6.44,37.84,226.15,248.71,259.46,259.46,0,,,226.15,,0,,0,,,,,
2011-01-31,233.33,245.08,232.4,243.6,4293345,263.01,232.4,6.88,46.91,230.0,248.38,258.41,259.46,0,,,230.0,,0,,0,,,,,
2011-02-01,245.19,245.74,237.87,241.33,2659432,262.84,232.4,6.95,44.72,228.49,247.95,258.41,258.41,0,,,228.49,,0,,0,,,,,
2011-02-02,242.72,243.73,233.06,234.82,5268712,262.61,232.4,7.22,39.09,224.11,247.28,257.46,258.41,0,,,224.11,,0,,0,,,,,
2011-02-03,236.51,241.17,234.04,240.59,3408825,262.45,232.4,7.21,45.62,227.84,246.79,257.46,257.46,0,,,227.84,,0,,0,,,,,
2011-02-04,241.56,243.73,238.33,240.21,4971532,262.31,232.4,7.08,45.28,227.68,246.37,253.97,257.46,0,,,227.68,,0,,0,,,,,
2011-02-07,240.46,243.87,237.28,240.87,5127225,262.2,232.4,7.05,46.04,228.13,246.03,253.97,253.97,0,,,228.13,,0,,0,,,,,
2011-02-08,243.5,243.5,239.42,240.0,3170580,262.07,232.4,6.83,45.15,227.71,245.64,253.97,253.97,0,,,227.71,,0,,0,,,,,
2011-02-09,239.37,239.76,223.05,229.0,7641352,261.87,223.05,7.56,35.72,217.02,244.87,253.97,253.97,0,,,217.02,,0,,0,,,,,
2011-02-10,229.46,232.42,221.49,224.3,5603745,261.63,221.49,7.8,32.59,213.3,243.91,253.97,253.97,0,,,213.3,,0,,0,,,,,
2011-02-11,223.13,226.17,219.39,223.55,4544790,261.37,219.39,7.73,32.11,212.17,242.81,253.97,253.97,0,,,212.17,,0,,0,,,,,
2011-02-14,225.09,234.97,225.09,233.63,4397092,261.15,219.39,7.99,44.11,218.5,242.09,253.97,253.97,0,,,218.5,,0,,0,,,,,
2011-02-15,235.52,236.33,226.3,227.35,5102002,260.87,219.39,8.14,39.43,214.35,241.09,253.97,253.97,0,,,214.35,,0,,0,,,,,
2011-02-16,228.9,229.35,224.37,224.88,4450875,260.57,219.39,7.91,37.74,212.9,240.05,253.97,253.97,0,,,212.9,,0,,0,,,,,
2011-02-17,225.64,229.48,223.01,228.61,6752797,260.32,219.39,7.81,41.81,215.38,239.23,253.97,253.97,0,,,215.38,,0,,0,,,,,
2011-02-18,229.92,234.45,228.18,230.15,5543092,260.08,219.39,7.7,43.45,216.45,238.46,253.97,253.97,0,,,216.45,,0,,0,,,,,
2011-02-21,230.58,233.88,228.77,232.01,4142535,259.86,219.39,7.51,45.45,217.77,237.81,253.97,253.97,0,,,217.77,,0,,0,,,,,
2011-02-22,231.11,231.11,226.63,228.12,2344530,259.63,219.39,7.36,42.09,215.36,237.43,253.97,253.97,0,,,215.36,,0,,0,,,,,
2011-02-23,228.28,228.9,223.24,223.87,3604087,259.37,219.39,7.24,38.73,212.7,236.74,253.97,253.97,0,,,212.7,,0,,0,,,,,
2011-02-24,223.56,226.39,218.5,219.4,7546927,259.07,218.5,7.29,35.51,209.49,235.86,245.74,253.97,0,,,209.49,,0,,0,,,,,
2011-02-25,222.35,222.35,215.32,216.69,7184782,258.72,215.32,7.27,33.68,206.69,234.92,245.74,245.74,0,,,206.69,,0,,0,,,,,
2011-02-28,218.69,224.43,215.36,219.72,4436085,258.39,215.32,7.4,37.55,208.56,234.21,245.74,245.74,0,,,208.56,,0,,0,,,,,
2011-03-01,221.58,226.74,220.7,225.98,5023027,258.11,215.32,7.37,44.73,212.62,233.75,243.87,245.74,0,,,212.62,,0,,0,,,,,
2011-03-03,225.6,234.43,224.43,233.49,5684520,257.87,215.32,7.56,51.87,217.34,233.5,243.87,243.87,0,,,217.34,,0,,0,,,,,
2011-03-04,235.96,236.07,227.08,228.98,5310195,257.61,215.32,7.66,47.87,214.36,233.15,243.87,243.87,0,,,214.36,,0,,0,,,,,
2011-03-07,228.06,228.06,221.06,222.17,5018677,257.31,215.32,7.68,42.53,209.95,232.6,243.87,243.87,0,,,209.95,,0,,0,,,,,
2011-03-08,221.8,224.87,221.58,223.24,3911872,257.02,215.32,7.36,43.6,210.85,231.96,243.5,243.87,0,,,210.85,,0,,0,,,,,
2011-03-09,225.31,225.73,223.59,224.24,2969497,256.71,215.32,7.02,44.63,211.73,231.13,239.76,243.5,0,,,211.73,,0,,0,,,,,
2011-03-10,223.99,226.08,221.31,225.31,9131295,256.38,215.32,6.86,45.77,212.53,230.26,236.33,239.76,0,,,212.53,,0,,0,,,,,
2011-03-11,223.77,223.77,215.76,216.23,13408462,255.98,215.32,7.05,38.51,206.54,229.29,236.33,236.33,0,,,206.54,,0,,0,,,,,
2011-03-14,217.08,219.01,213.56,216.94,4310527,255.6,213.56,6.93,39.32,206.49,228.64,236.33,236.33,0,,,206.49,,0,,0,,,,,
2011-03-15,214.11,214.11,209.56,210.52,7277782,255.16,209.56,6.97,34.84,200.99,227.54,236.33,236.33,0,,,200.99,,0,,0,,,,,
2011-03-16,212.17,213.23,210.55,211.2,5403615,254.75,209.56,6.66,35.68,201.64,226.54,236.07,236.33,0,,,201.64,,0,,0,,,,,
2011-03-17,208.75,216.18,208.73,215.65,5143065,254.37,208.73,6.72,41.01,204.19,225.9,236.07,236.07,0,,,204.19,,0,,0,,,,,
2011-03-18,217.77,218.44,211.51,212.42,5040907,253.97,208.73,6.73,38.51,202.1,224.96,236.07,236.07,0,,,202.1,,0,,0,,,,,
2011-03-21,213.29,213.9,211.59,212.27,2483325,253.57,208.73,6.42,38.4,202.21,224.03,236.07,236.07,0,,,202.21,,0,,0,,,,,
2011-03-22,213.36,216.34,212.47,215.24,3673552,253.2,208.73,6.25,42.14,204.24,223.17,236.07,236.07,0,,,204.24,,0,,0,,,,,
2011-03-23,215.35,220.98,214.79,220.46,3911625,252.87,208.73,6.25,48.1,207.61,222.52,236.07,236.07,0,,,207.61,,0,,0,,,,,
2011-03-24,221.28,226.84,221.28,226.43,22492950,252.58,208.73,6.26,53.95,211.45,222.44,236.07,236.07,0,,,211.45,,0,,0,,,,,
2011-03-25,230.46,232.37,227.74,231.15,9933052,252.32,208.73,6.23,57.98,214.51,222.66,236.07,236.07,0,,,214.51,,0,,0,,,,,
2011-03-28,231.15,235.22,229.7,231.71,5338755,252.06,208.73,6.18,58.44,214.91,222.94,236.07,236.07,0,,,214.91,,0,,0,,,,,
2011-03-29,230.6,233.01,227.17,228.68,4624252,251.76,208.73,6.16,54.91,212.97,222.77,236.07,236.07,0,,,212.97,,0,,0,,,,,
2011-03-30,229.91,231.32,227.53,227.86,6977752,251.47,208.73,5.99,53.95,212.55,222.79,236.07,236.07,0,,,212.55,,0,,0,,,,,
2011-03-31,229.04,231.82,227.21,228.02,7264200,251.19,208.73,5.89,54.12,212.72,222.89,236.07,236.07,0,,,212.72,,0,,0,,,,,
2011-04-01,229.65,235.98,227.95,235.21,6077092,250.95,208.73,6.04,60.98,217.26,223.11,235.98,236.07,0,,,217.26,,0,,0,,,,,
2011-04-04,234.39,243.09,232.16,240.3,12253882,250.75,208.73,6.39,64.97,220.31,223.45,243.09,235.98,0,,,220.31,,0,,0,,,,,
2011-04-05,242.37,245.08,241.34,244.38,8862022,250.6,208.73,6.28,67.81,223.02,223.86,245.08,243.09,0,,,223.02,,0,,0,,,,,
2011-04-06,244.75,248.34,242.11,243.01,4527937,250.47,208.73,6.27,65.88,222.14,224.36,248.34,245.08,0,,,222.14,,0,,0,,,,,
2011-04-07,243.76,244.63,240.68,242.67,3975667,250.31,211.51,6.11,65.38,222.95,224.99,248.34,248.34,0,,,222.95,,0,,0,,,,,
2011-04-08,243.2,244.59,240.0,243.36,6226507,250.18,211.59,6.0,65.94,223.5,225.78,248.34,248.34,0,,,223.5,,0,,0,,,,,
2011-04-11,243.34,247.29,241.66,242.88,3749902,250.05,212.47,5.97,65.15,223.5,226.66,248.34,248.34,0,,,223.5,,0,,0,,,,,
2011-04-13,241.8,247.51,240.44,246.67,4682977,249.91,214.79,6.05,68.38,226.66,227.56,248.34,248.34,0,,,226.66,,0,,0,,,,,
2011-04-15,247.06,248.03,242.9,246.29,2549827,249.77,221.28,5.99,67.7,228.63,228.23,248.34,248.34,0,,,228.63,,0,,0,,,,,
2011-04-18,245.97,248.73,240.04,241.17,4194375,249.59,227.17,6.18,59.19,227.16,228.49,248.73,248.34,0,,,227.16,,0,,0,,,,,
2011-04-19,241.17,241.35,233.29,235.73,6806587,249.35,227.17,6.31,51.74,223.56,228.71,248.73,248.73,0,,,223.56,,0,,0,,,,,
2011-04-20,238.44,238.72,236.16,237.83,3745012,249.11,227.17,6.08,54.14,225.07,229.24,248.73,248.73,0,,,225.07,,0,,0,,,,,
2011-04-21,238.78,239.99,226.42,227.69,9484740,248.8,226.42,6.61,43.01,217.93,229.38,248.73,248.73,0,,,217.93,,0,,0,,,,,
2011-04-25,227.62,231.49,227.21,229.3,3182602,248.51,226.42,6.44,44.95,219.08,229.55,248.73,248.73,0,,,219.08,,0,,0,,,,,
2011-04-26,230.49,230.6,225.85,228.83,3429712,248.24,225.85,6.32,44.47,218.66,229.67,248.73,248.73,0,,,218.66,,0,,0,,,,,
2011-04-27,231.49,231.49,221.48,222.81,11055817,247.94,221.48,6.59,38.82,213.15,229.89,248.73,248.73,0,,,213.15,,0,,0,,,,,
2011-04-28,223.42,224.24,218.33,220.03,14698470,247.62,218.33,6.54,36.51,210.34,229.99,248.73,248.73,0,,,210.34,,0,,0,,,,,
2011-04-29,221.98,223.59,219.24,221.16,6464085,247.28,218.33,6.38,38.12,211.17,230.35,248.73,248.73,0,,,211.17,,0,,0,,,,,
2011-05-02,223.07,223.16,220.12,222.3,3131145,246.95,218.33,6.14,39.78,212.06,230.72,248.73,248.73,0,,,212.06,,0,,0,,,,,
2011-05-03,223.31,224.95,221.65,222.69,6897660,246.64,218.33,5.94,40.37,212.45,230.95,248.73,248.73,0,,,212.45,,0,,0,,,,,
2011-05-04,223.29,225.49,222.69,224.0,3219525,246.34,218.33,5.72,42.41,213.45,231.34,248.73,248.73,0,,,213.45,,0,,0,,,,,
2011-05-05,224.73,225.83,219.99,221.13,4525950,246.01,218.33,5.72,39.25,211.59,231.63,248.73,248.73,0,,,211.59,,0,,0,,,,,
2011-05-06,222.19,228.28,221.93,227.85,4732260,245.71,218.33,5.83,48.87,215.86,232.05,248.73,248.73,0,,,215.86,,0,,0,,,,,
2011-05-09,229.55,229.6,225.63,226.86,1595092,245.41,218.33,5.69,47.67,215.31,232.27,248.73,248.73,0,,,215.31,,0,,0,,,,,
2011-05-10,227.46,228.68,224.08,225.06,2081325,245.09,218.33,5.62,45.49,214.2,232.22,248.73,248.73,0,,,214.2,,0,,0,,,,,
2011-05-11,225.96,228.16,225.52,227.61,2337922,244.71,218.33,5.44,49.05,215.96,232.1,248.73,248.73,0,,,215.96,,0,,0,,,,,
2011-05-12,227.61,228.14,222.2,223.33,3248985,244.29,218.33,5.47,43.87,213.18,231.82,248.73,248.73,0,,,213.18,,0,,0,,,,,
2011-05-13,223.27,226.84,221.37,224.53,2966902,243.84,218.33,5.47,45.6,213.95,231.69,248.73,248.73,0,,,213.95,,0,,0,,,,,
2011-05-16,225.52,228.19,223.88,226.72,2615512,243.4,218.33,5.39,48.72,215.42,231.65,248.73,248.73,0,,,215.42,,0,,0,,,,,
2011-05-17,219.21,229.36,219.21,227.23,4275682,243.01,218.33,5.73,49.44,215.52,231.62,241.35,248.73,0,,,215.52,,0,,0,,,,,
2011-05-18,227.61,230.93,227.61,228.21,3727380,242.64,218.33,5.58,50.88,216.25,231.39,239.99,241.35,0,,,216.25,,0,,0,,,,,
2011-05-19,228.72,229.83,226.36,227.96,4510192,242.28,219.21,5.43,50.49,216.48,230.98,239.99,239.99,0,,,216.48,,0,,0,,,,,
2011-05-20,229.6,233.19,227.97,229.72,3306622,241.95,219.21,5.42,53.24,217.63,230.49,233.19,239.99,0,,,217.63,,0,,0,,,,,
2011-05-23,229.72,232.37,211.81,213.55,18246345,241.48,211.81,6.5,34.36,204.01,229.51,233.19,233.19,0,,,204.01,,0,,0,,,,,
2011-05-24,213.9,218.78,211.83,214.84,12409417,241.03,211.81,6.53,36.3,204.82,228.58,233.19,233.19,0,,,204.82,,0,,0,,,,,
2011-05-25,214.9,217.22,210.4,211.88,6142267,240.6,210.4,6.55,33.83,202.43,227.53,233.19,233.19,0,,,202.43,,0,,0,,,,,
2011-05-26,213.36,213.88,208.93,212.59,6298890,240.17,208.93,6.44,34.97,202.47,226.52,233.19,233.19,0,,,202.47,,0,,0,,,,,
2011-05-27,212.8,214.67,211.73,214.12,3496980,239.76,208.93,6.19,37.48,203.63,225.43,233.19,233.19,0,,,203.63,,0,,0,,,,,
2011-05-30,215.57,215.95,212.57,213.54,3231360,239.36,208.93,5.99,36.9,203.38,224.34,233.19,233.19,0,,,203.38,,0,,0,,,,,
2011-05-31,214.34,215.31,212.97,214.81,2682885,238.93,208.93,5.73,39.12,204.38,223.46,233.19,233.19,0,,,204.38,,0,,0,,,,,
2011-06-01,215.72,217.45,215.03,215.88,3206752,238.52,208.93,5.51,41.01,205.21,222.8,233.19,233.19,0,,,205.21,,0,,0,,,,,
2011-06-02,214.68,214.99,213.16,213.68,2939445,238.1,208.93,5.31,38.37,203.93,222.0,233.19,233.19,0,,,203.93,,0,,0,,,,,
2011-06-03,214.18,215.2,209.38,211.34,4496400,237.68,208.93,5.34,35.74,202.39,221.45,233.19,233.19,0,,,202.39,,0,,0,,,,,
2011-06-06,212.03,212.03,209.38,211.62,2341372,237.27,208.93,5.15,36.31,202.7,220.86,233.19,233.19,0,,,202.7,,0,,0,,,,,
2011-06-07,211.55,211.9,210.18,210.93,2668050,236.89,208.93,4.91,35.48,202.42,220.27,233.19,233.19,0,,,202.42,,0,,0,,,,,
2011-06-08,210.68,214.35,210.54,211.45,4346790,236.51,208.93,4.83,36.65,202.81,219.89,233.19,233.19,0,,,202.81,,0,,0,,,,,
2011-06-09,212.12,214.57,211.81,213.71,2762130,236.13,208.93,4.71,41.6,204.35,219.68,233.19,233.19,0,,,204.35,,0,,0,,,,,
2011-06-10,213.9,214.54,211.98,212.74,2651535,235.75,208.93,4.55,40.15,203.83,219.4,233.19,233.19,0,,,203.83,,0,,0,,,,,
2011-06-13,213.01,213.68,210.66,212.8,1946535,235.35,208.93,4.44,40.29,203.94,219.08,233.19,233.19,0,,,203.94,,0,,0,,,,,
2011-06-14,214.07,215.46,213.36,215.08,8484862,234.93,208.93,4.32,45.45,205.49,218.83,233.19,233.19,0,,,205.49,,0,,0,,,,,
2011-06-15,215.2,215.25,212.61,213.31,3127312,234.5,208.93,4.2,42.39,204.43,218.47,233.19,233.19,0,,,204.43,,0,,0,,,,,
2011-06-16,212.57,215.35,211.7,214.25,2534010,234.09,209.38,4.16,44.53,205.21,218.24,233.19,233.19,0,,,205.21,,0,,0,,,,,
2011-06-17,213.58,215.79,213.2,214.15,2430847,233.7,209.38,4.05,44.34,205.22,217.78,232.37,233.19,0,,,205.22,,0,,0,,,,,
2011-06-20,215.01,215.01,209.07,212.19,3645742,233.34,209.07,4.18,40.7,203.77,217.29,218.78,232.37,0,,,203.77,,0,,0,,,,,
2011-06-21,213.69,213.69,206.89,210.93,4955055,233.0,206.89,4.37,38.51,202.1,216.82,217.45,218.78,0,,,202.1,,0,,0,,,,,
2011-06-22,212.25,213.25,208.94,212.44,3341422,232.66,206.89,4.36,42.5,203.08,216.32,217.45,217.45,0,,,203.08,,0,,0,,,,,
2011-06-23,212.12,212.12,209.49,209.91,2576602,232.35,206.89,4.26,38.04,201.51,215.87,217.45,217.45,0,,,201.51,,0,,0,,,,,
2011-06-24,210.6,218.1,209.88,215.33,7098690,232.09,206.89,4.55,50.11,204.82,215.56,218.1,217.45,0,,,204.82,,0,,0,,,,,
2011-06-27,214.68,218.77,212.82,217.52,3358027,231.89,206.89,4.65,54.01,206.17,215.26,218.77,218.1,0,,,206.17,,0,,0,,,,,
2011-06-28,218.48,222.19,217.78,221.49,4395945,231.71,206.89,4.65,60.1,208.73,215.07,222.19,218.77,0,,,208.73,,0,,0,,,,,
2011-06-29,223.24,228.04,222.75,226.0,6628320,231.56,206.89,4.78,65.66,211.54,214.99,228.04,222.19,0,,,211.54,,0,,0,,,,,
2011-06-30,225.31,227.92,223.03,226.68,5547705,231.46,206.89,4.79,66.42,211.98,214.95,228.04,228.04,0,,,211.98,,0,,0,,,,,
2011-07-01,227.73,228.83,225.74,226.66,2244030,231.4,206.89,4.67,66.37,212.05,214.85,228.83,228.04,0,,,212.05,,0,,0,,,,,
2011-07-04,228.7,229.39,224.63,226.3,1907265,231.38,206.89,4.68,65.48,211.81,215.27,229.39,228.83,0,,,211.81,,0,,0,,,,,
2011-07-05,225.33,225.74,214.68,215.75,11134200,231.24,206.89,5.17,46.03,204.67,215.3,229.39,229.39,0,,,204.67,,0,,0,,,,,
2011-07-06,216.67,218.62,215.01,215.82,5375430,231.06,206.89,5.06,46.14,204.79,215.43,229.39,229.39,0,,,204.79,,0,,0,,,,,
2011-07-07,216.05,219.88,216.05,219.58,3911685,230.91,206.89,4.99,52.02,207.27,215.67,229.39,229.39,0,,,207.27,,0,,0,,,,,
2011-07-08,220.21,221.43,217.93,219.34,3188317,230.75,206.89,4.88,51.63,207.18,215.84,229.39,229.39,0,,,207.18,,0,,0,,,,,
2011-07-11,218.33,218.88,213.91,216.89,3479520,230.58,206.89,4.92,47.72,205.58,215.95,229.39,229.39,0,,,205.58,,0,,0,,,,,
2011-07-12,215.57,217.55,212.39,214.38,2407972,230.37,208.94,4.94,44.05,204.63,215.94,229.39,229.39,0,,,204.63,,0,,0,,,,,
2011-07-13,214.68,216.38,212.58,213.86,5717775,230.16,209.49,4.86,43.3,204.53,215.87,229.39,229.39,0,,,204.53,,0,,0,,,,,
2011-07-14,213.13,215.35,211.7,213.39,3714975,229.94,209.88,4.77,42.6,204.42,215.86,229.39,229.39,0,,,204.42,,0,,0,,,,,
2011-07-15,214.46,215.01,212.8,213.27,1376407,229.73,211.7,4.59,42.41,205.07,215.93,229.39,229.39,0,,,205.07,,0,,0,,,,,
2011-07-18,214.34,219.52,212.88,218.62,6023437,229.51,211.7,4.73,52.52,208.42,216.16,229.39,229.39,0,,,208.42,,0,,0,,,,,
2011-07-19,218.89,220.21,216.45,218.61,4901805,229.26,211.7,4.67,52.5,208.46,216.42,229.39,229.39,0,,,208.46,,0,,0,,,,,
2011-07-20,219.67,220.39,215.57,216.25,5156557,228.99,211.7,4.68,48.17,206.93,216.58,229.39,229.39,0,,,206.93,,0,,0,,,,,
2011-07-21,215.57,216.12,212.31,214.27,4927237,228.72,211.7,4.62,44.84,205.69,216.59,229.39,229.39,0,,,205.69,,0,,0,,,,,
2011-07-22,215.59,219.1,214.18,218.37,3799125,228.49,211.7,4.64,52.22,208.32,216.78,229.39,229.39,0,,,208.32,,0,,0,,,,,
2011-07-25,218.37,221.64,216.52,220.97,3520200,228.27,211.7,4.68,56.22,209.97,217.05,229.39,229.39,0,,,209.97,,0,,0,,,,,
2011-07-26,221.76,223.86,209.23,210.44,18270420,227.97,209.23,5.39,41.18,201.88,216.9,229.39,229.39,0,,,201.88,,0,,0,,,,,
2011-07-27,211.37,211.39,198.98,201.4,27079260,227.61,198.98,5.89,33.02,192.3,216.5,229.39,229.39,0,,,192.3,,0,,0,,,,,
2011-07-28,201.2,204.78,199.21,204.26,10908262,227.29,198.98,5.87,37.26,194.16,216.17,229.39,229.39,0,,,194.16,,0,,0,,,,,
2011-07-29,204.17,204.93,201.31,203.36,4638277,226.97,198.98,5.71,36.47,193.69,215.81,229.39,229.39,0,,,193.69,,0,,0,,,,,
2011-08-01,204.63,204.84,200.96,201.63,3625260,226.64,198.98,5.58,34.96,192.66,215.46,225.74,229.39,0,,,192.66,,0,,0,,,,,
2011-08-02,201.2,202.14,199.0,200.19,3420960,226.29,198.98,5.4,33.7,191.85,215.1,223.86,225.74,0,,,191.85,,0,,0,,,,,
2011-08-03,198.51,201.2,197.33,200.44,4111635,225.94,197.33,5.29,34.14,191.53,214.7,223.86,223.86,0,,,191.53,,0,,0,,,,,
2011-08-04,200.53,201.75,196.77,197.33,3592815,225.54,196.77,5.27,31.34,189.35,214.28,223.86,223.86,0,,,189.35,,0,,0,,,,,
2011-08-05,193.98,195.39,187.93,189.18,11972992,225.1,187.93,5.57,25.44,180.95,213.41,223.86,223.86,0,,,180.95,,0,,0,,,,,
2011-08-08,186.63,191.11,183.55,189.1,9267682,224.65,183.55,5.71,25.39,179.35,212.46,223.86,223.86,0,,,179.35,,0,,0,,,,,
2011-08-09,185.18,195.67,184.06,191.51,11897197,224.22,183.55,6.13,29.9,180.62,211.46,223.86,223.86,0,,,180.62,,0,,0,,,,,
2011-08-10,197.12,200.5,196.71,199.79,8756325,223.86,183.55,6.33,42.73,185.83,210.59,223.86,223.86,0,,,185.83,,0,,0,,,,,
2011-08-11,199.39,200.17,194.64,196.45,4651515,223.48,183.55,6.28,39.58,183.71,209.58,223.86,223.86,0,,,183.71,,0,,0,,,,,
2011-08-12,197.82,198.6,190.47,192.32,5523570,223.09,183.55,6.41,36.05,180.96,208.44,223.86,223.86,0,,,180.96,,0,,0,,,,,
2011-08-16,194.58,198.27,193.58,197.24,4760865,222.81,183.55,6.38,42.62,184.15,207.47,223.86,223.86,0,,,184.15,,0,,0,,,,,
2011-08-17,197.06,200.95,196.43,198.64,5446740,222.5,183.55,6.24,44.37,185.14,206.9,223.86,223.86,0,,,185.14,,0,,0,,,,,
2011-08-18,199.71,199.72,196.09,196.94,4878300,222.17,183.55,6.06,42.67,184.17,206.27,223.86,223.86,0,,,184.17,,0,,0,,,,,
2011-08-19,194.36,194.36,187.1,187.88,3913192,221.8,183.55,6.33,34.96,178.15,205.21,223.86,223.86,0,,,178.15,,0,,0,,,,,
2011-08-22,187.99,192.91,186.84,191.75,3557632,221.47,183.55,6.31,39.95,180.66,204.29,223.86,223.86,0,,,180.66,,0,,0,,,,,
2011-08-23,192.68,197.26,191.7,196.72,6139417,221.18,183.55,6.26,45.71,183.9,203.62,223.86,223.86,0,,,183.9,,0,,0,,,,,
2011-08-24,195.25,196.59,194.03,195.59,3628297,220.88,183.55,6.0,44.66,183.34,202.99,211.39,223.86,0,,,183.34,,0,,0,,,,,
2011-08-25,197.04,198.27,193.44,195.39,5817630,220.58,183.55,5.92,44.47,183.27,202.38,204.93,211.39,0,,,183.27,,0,,0,,,,,
2011-08-26,195.39,199.06,192.02,193.86,5556810,220.28,183.55,6.0,42.93,182.22,201.73,204.93,204.93,0,,,182.22,,0,,0,,,,,
2011-08-29,197.64,199.15,194.14,197.58,4179907,219.98,183.55,5.95,47.67,184.66,201.2,204.84,204.93,0,,,184.66,,0,,0,,,,,
2011-08-30,198.83,199.58,195.6,197.53,7531327,219.64,184.06,5.81,47.62,184.89,200.5,202.14,204.84,0,,,184.89,,0,,0,,,,,
2011-09-02,205.49,205.6,193.53,196.13,5343097,219.27,186.84,6.25,45.95,184.61,199.75,205.6,202.14,0,,,184.61,,0,,0,,,,,
2011-09-05,195.21,195.21,191.38,193.17,3478935,218.92,186.84,6.15,42.56,182.78,198.98,205.6,205.6,0,,,182.78,,0,,0,,,,,
2011-09-06,192.16,198.72,191.27,198.14,4890540,218.67,186.84,6.24,49.32,185.92,198.44,205.6,205.6,0,,,185.92,,0,,0,,,,,
2011-09-07,198.27,203.01,197.81,202.09,6424627,218.39,186.84,6.17,53.96,188.52,197.9,205.6,205.6,0,,,188.52,,0,,0,,,,,
2011-09-08,203.1,205.38,199.19,200.31,5188815,218.12,186.84,6.17,51.66,187.37,197.21,205.6,205.6,0,,,187.37,,0,,0,,,,,
2011-09-09,200.29,201.58,195.25,196.13,3441435,217.86,186.84,6.18,46.65,184.66,196.74,205.6,205.6,0,,,184.66,,0,,0,,,,,
2011-09-12,192.96,196.23,192.06,192.96,4037265,217.54,186.84,6.04,43.22,182.72,196.45,205.6,205.6,0,,,182.72,,0,,0,,,,,
2011-09-13,194.32,196.89,191.27,191.95,3444630,217.22,186.84,6.01,42.16,182.08,196.04,205.6,205.6,0,,,182.08,,0,,0,,,,,
2011-09-14,192.29,199.37,189.35,195.55,3989647,216.92,189.35,6.29,47.15,185.05,195.78,205.6,205.6,0,,,185.05,,0,,0,,,,,
2011-09-15,198.07,199.06,192.61,193.36,4628835,216.61,189.35,6.3,44.62,183.63,195.51,205.6,205.6,0,,,183.63,,0,,0,,,,,
2011-09-16,194.53,195.67,189.14,189.74,8211097,216.35,189.14,6.32,40.75,181.22,195.16,205.6,205.6,0,,,181.22,,0,,0,,,,,
2011-09-19,189.01,189.41,186.3,186.74,4992840,216.1,186.3,6.11,37.81,178.47,194.7,205.6,205.6,0,,,178.47,,0,,0,,,,,
2011-09-20,186.19,187.74,183.95,185.1,8540872,215.84,183.95,5.95,36.27,176.74,194.29,205.6,205.6,0,,,176.74,,0,,0,,,,,
2011-09-21,186.19,188.11,183.48,184.52,6039802,215.51,183.48,5.85,35.72,176.27,194.14,205.6,205.6,0,,,176.27,,0,,0,,,,,
2011-09-22,182.69,183.31,180.66,180.97,4292655,215.2,180.66,5.71,32.46,173.14,193.87,205.6,205.6,0,,,173.14,,0,,0,,,,,
2011-09-23,180.55,182.47,177.51,180.44,5448315,214.91,177.51,5.66,31.99,171.78,193.5,205.6,205.6,0,,,171.78,,0,,0,,,,,
2011-09-26,180.97,181.33,177.78,179.01,3998685,214.58,177.51,5.51,30.7,170.96,192.81,205.6,205.6,0,,,170.96,,0,,0,,,,,
2011-09-27,181.68,188.6,181.68,186.55,6230400,214.29,177.51,5.8,43.62,175.63,192.48,205.6,205.6,0,,,175.63,,0,,0,,,,,
2011-09-28,187.74,187.87,184.16,185.11,3767220,213.97,177.51,5.65,42.01,174.8,192.24,205.6,205.6,0,,,174.8,,0,,0,,,,,
2011-09-29,184.5,189.58,181.38,188.03,6816082,213.71,177.51,5.83,46.34,176.56,191.93,205.6,205.6,0,,,176.56,,0,,0,,,,,
2011-09-30,186.76,188.9,183.82,185.02,3737977,213.45,177.51,5.78,42.79,174.66,191.48,205.38,205.6,0,,,174.66,,0,,0,,,,,
2011-10-03,180.55,184.16,179.73,180.49,2866845,213.19,177.51,5.74,38.07,171.76,190.93,205.38,205.38,0,,,171.76,,0,,0,,,,,
2011-10-04,179.99,184.84,179.53,181.93,2585169,212.96,177.51,5.71,40.32,172.71,190.73,205.38,205.38,0,,,172.71,,0,,0,,,,,
2011-10-05,182.67,183.82,174.6,176.88,3097569,212.67,174.6,5.96,35.45,168.31,190.23,205.38,205.38,0,,,168.31,,0,,0,,,,,
2011-10-07,181.25,184.44,179.45,183.4,3499311,212.39,174.6,6.08,44.74,172.44,189.79,201.58,205.38,0,,,172.44,,0,,0,,,,,
2011-10-10,183.37,188.42,183.37,187.6,2356245,212.08,174.6,6.0,49.75,175.2,189.52,199.37,201.58,0,,,175.2,,0,,0,,,,,
2011-10-11,188.42,190.56,183.37,184.36,2614069,211.78,174.6,6.09,46.26,173.05,189.16,199.37,199.37,0,,,173.05,,0,,0,,,,,
2011-10-12,185.29,192.4,184.5,190.71,2384067,211.57,174.6,6.23,53.19,177.06,189.05,199.37,199.37,0,,,177.06,,0,,0,,,,,
2011-10-13,191.27,194.34,186.76,188.25,2549326,211.34,174.6,6.32,50.47,175.41,188.74,199.06,199.37,0,,,175.41,,0,,0,,,,,
2011-10-14,187.72,191.13,185.85,188.05,1822396,211.1,174.6,6.25,50.25,175.33,188.42,195.67,199.06,0,,,175.33,,0,,0,,,,,
2011-10-17,189.55,190.25,183.37,183.71,1748274,210.82,174.6,6.29,45.52,172.5,188.01,194.34,195.67,0,,,172.5,,0,,0,,,,,
2011-10-18,181.9,183.85,180.3,181.51,1629013,210.59,174.6,6.1,43.29,171.21,187.62,194.34,194.34,0,,,171.21,,0,,0,,,,,
2011-10-19,183.37,184.41,181.68,182.98,3964471,210.36,174.6,5.87,45.22,172.31,187.12,194.34,194.34,0,,,172.31,,0,,0,,,,,
2011-10-20,181.23,182.33,178.29,179.31,2579317,210.16,174.6,5.79,41.44,170.0,186.36,194.34,194.34,0,,,170.0,,0,,0,,,,,
2011-10-21,179.42,183.93,179.42,180.61,3556605,209.95,174.6,5.7,43.25,170.89,185.7,194.34,194.34,0,,,170.89,,0,,0,,,,,
2011-10-24,183.2,184.27,178.86,179.65,2656435,209.71,174.6,5.68,42.21,170.29,185.15,194.34,194.34,0,,,170.29,,0,,0,,,,,
2011-10-25,179.99,179.99,176.8,177.73,6825855,209.48,174.6,5.5,40.13,169.17,184.64,194.34,194.34,0,,,169.17,,0,,0,,,,,
2011-10-28,183.37,185.77,180.41,184.75,10638139,209.3,174.6,5.68,49.85,173.57,184.4,194.34,194.34,0,,,173.57,,0,,0,,,,,
2011-10-31,185.63,185.63,178.91,179.31,4837863,209.06,176.8,5.76,43.9,170.75,183.86,194.34,194.34,0,,,170.75,,0,,0,,,,,
2011-11-01,179.28,181.62,178.32,180.24,4485798,208.79,176.8,5.58,45.11,171.47,183.42,194.34,194.34,0,,,171.47,,0,,0,,,,,
2011-11-02,178.86,181.09,177.47,178.15,2840113,208.47,176.8,5.44,42.88,170.21,183.04,194.34,194.34,0,,,170.21,,0,,0,,,,,
2011-11-03,179.36,187.32,178.94,185.74,8989404,208.17,176.8,5.71,52.13,174.93,183.0,194.34,194.34,0,,,174.93,,0,,0,,,,,
2011-11-04,187.32,191.21,187.32,188.48,4428121,207.88,176.8,5.69,54.97,176.71,183.12,194.34,194.34,0,,,176.71,,0,,0,,,,,
2011-11-08,189.01,190.71,188.36,189.07,2608906,207.61,176.8,5.45,55.58,177.25,183.27,194.34,194.34,0,,,177.25,,0,,0,,,,,
2011-11-09,190.11,190.73,184.56,186.16,2247055,207.33,176.8,5.5,51.85,175.34,183.44,194.34,194.34,0,,,175.34,,0,,0,,,,,
2011-11-11,185.23,185.63,179.51,183.03,1951618,207.04,176.8,5.59,48.1,173.26,183.53,194.34,194.34,0,,,173.26,,0,,0,,,,,
2011-11-14,185.51,185.51,178.29,178.97,2045286,206.66,176.8,5.7,43.7,170.57,183.53,194.34,194.34,0,,,170.57,,0,,0,,,,,
2011-11-15,180.55,182.52,173.78,174.57,3469069,206.22,173.78,5.92,39.48,166.58,183.13,194.34,194.34,0,,,166.58,,0,,0,,,,,
2011-11-16,174.31,174.31,161.65,168.25,9147532,205.71,161.65,6.42,34.35,158.12,182.56,191.21,194.34,0,,,158.12,,0,,0,,,,,
2011-11-17,167.49,171.1,158.66,160.72,5989441,205.17,158.66,6.85,29.44,151.98,181.65,191.21,191.21,0,,,151.98,,0,,0,,,,,
2011-11-18,161.48,161.65,150.73,155.08,18281533,204.58,150.73,7.14,26.4,145.51,180.66,191.21,191.21,0,,,145.51,,0,,0,,,,,
2011-11-21,155.5,156.71,146.7,147.4,11107992,203.94,146.7,7.35,22.92,139.08,179.55,191.21,191.21,0,,,139.08,,0,,0,,,,,
2011-11-22,150.08,152.17,148.16,149.69,5376708,203.32,146.7,7.16,26.05,140.68,178.48,191.21,191.21,0,,,140.68,,0,,0,,,,,
2011-11-23,148.25,148.39,142.44,144.3,6120985,202.64,142.44,7.17,23.62,135.77,177.39,191.21,191.21,0,,,135.77,,0,,0,,,,,
2011-11-24,144.95,149.52,138.8,147.68,8718480,201.98,138.8,7.42,28.14,136.57,176.2,191.21,191.21,0,,,136.57,,0,,0,,,,,
2011-11-25,147.49,155.72,146.7,152.37,8828004,201.39,138.8,7.54,33.98,139.52,175.03,191.21,191.21,0,,,139.52,,0,,0,,,,,
2011-11-28,156.74,159.96,155.16,159.05,4567170,200.88,138.8,7.54,41.3,143.83,174.18,191.21,191.21,0,,,143.83,,0,,0,,,,,
2011-11-29,159.14,162.72,157.47,159.34,5233722,200.35,138.8,7.38,41.61,144.12,173.14,191.21,191.21,0,,,144.12,,0,,0,,,,,
2011-11-30,158.49,160.27,154.6,159.5,4440084,199.9,138.8,7.25,41.79,144.31,172.18,191.21,191.21,0,,,144.31,,0,,0,,,,,
2011-12-01,165.88,166.81,154.54,155.98,6129193,199.41,138.8,7.61,38.97,141.8,171.11,191.21,191.21,0,,,141.8,,0,,0,,,,,
2011-12-02,155.53,160.24,153.13,159.48,4920046,198.95,138.8,7.58,43.08,144.08,170.3,191.21,191.21,0,,,144.08,,0,,0,,,,,
2011-12-05,159.56,164.02,159.11,163.03,5065870,198.55,138.8,7.39,46.98,146.5,169.69,191.21,191.21,0,,,146.5,,0,,0,,,,,
2011-12-07,164.16,164.7,161.48,163.17,4084228,198.17,138.8,7.09,47.14,146.79,169.03,190.73,191.21,0,,,146.79,,0,,0,,,,,
2011-12-08,162.24,162.75,152.9,153.81,4823056,197.72,138.8,7.32,38.99,140.6,168.18,190.73,190.73,0,,,140.6,,0,,0,,,,,
2011-12-09,150.53,151.18,146.89,148.81,4403497,197.23,138.8,7.29,35.46,137.39,167.12,185.63,190.73,0,,,137.39,,0,,0,,,,,
2011-12-12,151.49,151.77,144.58,145.54,6632463,196.72,138.8,7.28,33.33,135.29,165.98,185.51,185.63,0,,,135.29,,0,,0,,,,,
2011-12-13,143.88,148.39,142.01,146.95,6150049,196.2,138.8,7.22,35.14,136.24,164.95,182.52,185.51,0,,,136.24,,0,,0,,,,,
2011-12-14,146.41,149.69,143.09,144.07,4577290,195.69,138.8,7.17,33.16,134.41,163.6,174.31,182.52,0,,,134.41,,0,,0,,,,,
2011-12-15,141.73,142.97,138.23,140.35,7694418,195.11,138.23,7.08,30.76,131.88,162.3,171.1,174.31,0,,,131.88,,0,,0,,,,,
2011-12-16,142.46,144.16,133.27,135.64,8223541,194.5,133.27,7.35,27.99,127.01,160.81,166.81,171.1,0,,,127.01,,0,,0,,,,,
2011-12-19,134.85,134.85,128.13,130.93,7192722,193.87,128.13,7.36,25.52,122.25,159.24,166.81,166.81,0,,,122.25,,0,,0,,,,,
2011-12-20,132.73,133.97,126.02,128.78,7861617,193.21,126.02,7.4,24.46,120.13,157.34,166.81,166.81,0,,,120.13,,0,,0,,,,,
2011-12-21,133.63,135.3,129.77,131.63,7149825,192.6,126.02,7.34,28.69,122.01,155.44,166.81,166.81,0,,,122.01,,0,,0,,,,,
2011-12-22,130.73,134.74,130.33,133.72,5211109,192.0,126.02,7.13,31.72,123.5,153.6,166.81,166.81,0,,,123.5,,0,,0,,,,,
2011-12-23,134.65,139.36,134.42,136.48,5227963,191.39,126.02,7.02,35.6,125.35,151.94,166.81,166.81,0,,,125.35,,0,,0,,,,,
2011-12-26,137.22,139.59,135.47,137.61,2415360,190.8,126.02,6.82,37.18,126.22,150.43,166.81,166.81,0,,,126.22,,0,,0,,,,,
2011-12-27,137.67,139.14,134.37,135.84,3148278,190.18,126.02,6.67,35.7,125.18,148.99,166.81,166.81,0,,,125.18,,0,,0,,,,,
2011-12-28,135.02,140.1,133.72,139.42,4807113,189.59,126.02,6.65,40.81,127.5,147.82,166.81,166.81,0,,,127.5,,0,,0,,,,,
2011-12-29,138.01,139.7,131.1,133.3,6612796,188.95,126.02,6.79,35.6,123.46,146.66,166.81,166.81,0,,,123.46,,0,,0,,,,,
2011-12-30,135.41,135.81,133.44,134.76,2756293,188.42,126.02,6.48,37.65,124.6,145.79,164.7,166.81,0,,,124.6,,0,,0,,,,,
2012-01-02,135.24,136.43,131.83,133.47,3914646,187.88,126.02,6.35,36.54,123.86,145.07,164.7,164.7,0,,,123.86,,0,,0,,,,,
2012-01-03,135.55,142.01,134.99,139.98,3631129,187.4,126.02,6.51,45.27,127.96,144.82,164.7,164.7,0,,,127.96,,0,,0,,,,,
2012-01-04,140.66,145.85,140.66,143.09,5329938,186.94,126.02,6.46,48.88,129.99,144.6,162.75,164.7,0,,,129.99,,0,,0,,,,,
2012-01-05,142.86,146.92,141.99,143.73,4930092,186.47,126.02,6.35,49.62,130.48,144.58,151.77,162.75,0,,,130.48,,0,,0,,,,,
2012-01-06,143.17,143.99,138.26,140.8,4030285,185.98,126.02,6.31,46.32,128.62,144.35,151.77,151.77,0,,,128.62,,0,,0,,,,,
2012-01-09,141.62,146.41,139.02,145.65,5189839,185.52,126.02,6.38,52.01,131.7,144.13,149.69,151.77,0,,,131.7,,0,,0,,,,,
2012-01-10,145.62,150.87,145.62,149.32,5322172,185.08,129.77,6.3,55.82,135.37,143.81,150.87,149.69,0,,,135.37,,0,,0,,,,,
2012-01-11,148.36,150.65,146.22,149.38,4341838,184.65,130.33,6.17,55.88,135.68,143.47,150.87,150.87,0,,,135.68,,0,,0,,,,,
2012-01-12,148.53,153.47,147.57,148.14,5592852,184.23,131.1,6.15,54.19,135.15,143.1,153.47,150.87,0,,,135.15,,0,,0,,,,,
2012-01-13,148.9,151.49,148.45,150.53,3069658,183.82,131.1,5.95,56.89,136.83,142.91,153.47,153.47,0,,,136.83,,0,,0,,,,,
2012-01-16,148.95,157.36,148.64,156.29,5168997,183.46,131.1,6.15,62.6,140.41,142.81,157.36,153.47,0,,,140.41,,0,,0,,,,,
2012-01-17,156.91,161.08,156.91,158.4,4916388,183.1,131.1,6.05,64.46,141.83,142.65,161.08,157.36,0,,,141.83,,0,,0,,,,,
2012-01-18,158.55,160.77,153.21,154.12,9137410,182.71,131.1,6.16,58.15,139.0,142.35,161.08,161.08,0,,,139.0,,0,,0,,,,,
2012-01-19,156.6,157.22,148.73,149.66,9964656,182.29,131.83,6.33,52.39,136.26,142.21,161.08,161.08,0,,,136.26,,0,,0,,,,,
2012-01-20,150.14,156.06,150.14,154.45,10648341,181.9,131.83,6.33,57.28,139.34,142.4,161.08,161.08,0,,,139.34,,0,,0,,,,,
2012-01-23,154.6,160.69,154.6,159.28,8988538,181.52,134.99,6.32,61.57,143.52,142.86,161.08,161.08,0,,,143.52,,0,,0,,,,,
2012-01-24,161.93,162.02,157.7,158.43,6746614,181.16,138.26,6.18,60.42,144.15,143.24,162.02,161.08,0,,,144.15,,0,,0,,,,,
2012-01-25,159.7,160.55,157.02,159.36,7040217,180.79,138.26,5.99,61.27,144.88,143.75,162.02,162.02,0,,,144.88,,0,,0,,,,,
2012-01-27,160.8,160.83,151.77,154.37,9537666,180.39,138.26,6.21,54.5,141.51,144.22,162.02,162.02,0,,,141.51,,0,,0,,,,,
2012-01-30,146.13,146.13,136.26,137.75,31303773,179.9,136.26,7.06,39.02,129.56,144.29,162.02,162.02,0,,,129.56,,0,,0,,,,,
2012-01-31,137.58,141.9,135.98,141.39,13441825,179.43,135.98,6.98,42.85,131.87,144.64,162.02,162.02,0,,,131.87,,0,,0,,,,,
2012-02-01,141.62,144.81,139.16,144.21,7776409,178.98,135.98,6.88,45.69,133.75,145.15,162.02,162.02,0,,,133.75,,0,,0,,,,,
2012-02-02,144.58,153.61,144.58,145.91,21610803,178.55,135.98,7.06,47.39,134.73,145.63,162.02,162.02,0,,,134.73,,0,,0,,,,,
2012-02-03,146.7,149.97,146.13,149.38,6434686,178.11,135.98,6.85,50.78,137.11,146.15,162.02,162.02,0,,,137.11,,0,,0,,,,,
2012-02-06,151.49,154.03,150.62,153.16,8375904,177.68,135.98,6.69,54.24,139.65,146.71,162.02,162.02,0,,,139.65,,0,,0,,,,,
2012-02-07,154.14,154.76,145.54,146.75,6970320,177.19,135.98,6.87,48.07,135.4,147.01,162.02,162.02,0,,,135.4,,0,,0,,,,,
2012-02-08,147.82,150.08,145.17,147.49,6053541,176.66,135.98,6.73,48.79,135.97,147.4,162.02,162.02,0,,,135.97,,0,,0,,,,,
2012-02-09,147.54,149.97,146.95,147.8,4709736,176.14,135.98,6.47,49.11,136.35,147.68,162.02,162.02,0,,,136.35,,0,,0,,,,,
2012-02-10,148.11,148.95,145.62,147.04,9484092,175.61,135.98,6.24,48.32,136.01,148.14,162.02,162.02,0,,,136.01,,0,,0,,,,,
2012-02-13,147.82,148.73,145.77,147.57,3929655,175.08,135.98,6.01,48.94,136.5,148.56,162.02,162.02,0,,,136.5,,0,,0,,,,,
2012-02-14,148.36,151.1,146.22,149.52,5261919,174.64,135.98,5.93,51.26,137.81,149.1,162.02,162.02,0,,,137.81,,0,,0,,,,,
2012-02-15,151.55,157.87,150.62,156.34,15041709,174.24,135.98,6.1,58.4,142.1,149.64,162.02,162.02,0,,,142.1,,0,,0,,,,,
2012-02-16,157.42,165.15,157.42,160.55,15371383,173.85,135.98,6.29,62.09,144.68,150.23,165.15,162.02,0,,,144.68,,0,,0,,,,,
2012-02-17,163.34,183.57,161.37,171.27,42432310,173.53,135.98,7.49,69.5,150.8,151.14,183.57,165.15,0,,,150.8,,0,,0,,,,,
2012-02-21,174.54,180.55,173.58,179.42,16226164,173.28,135.98,7.62,73.71,155.97,152.43,183.57,183.57,0,,,155.97,,0,,0,,,,,
2012-02-22,181.03,185.06,169.66,172.93,16714170,173.0,139.16,8.17,65.91,152.48,153.34,185.06,183.57,0,,,152.48,,0,,0,,,,,
2012-02-23,173.21,180.97,170.39,175.98,14988178,172.75,144.58,8.35,67.64,156.14,154.23,185.06,185.06,0,,,156.14,,0,,0,,,,,
2012-02-24,177.73,179.42,170.2,171.41,8463345,172.47,145.17,8.41,62.52,153.34,154.96,185.06,185.06,0,,,153.34,,0,,0,,,,,
2012-02-27,171.97,173.1,161.37,163.34,7550635,172.14,145.17,8.64,54.64,147.98,155.47,185.06,185.06,0,,,147.98,,0,,0,,,,,
2012-02-28,165.32,175.47,164.92,174.06,10362535,171.84,145.17,8.89,61.57,154.73,156.25,185.06,185.06,0,,,154.73,,0,,0,,,,,
2012-02-29,177.73,182.58,171.58,173.41,15751798,171.54,145.17,9.04,60.96,154.21,156.82,185.06,185.06,0,,,154.21,,0,,0,,,,,
2012-03-01,172.06,172.06,166.44,169.1,9874203,171.22,145.62,8.9,56.94,151.68,157.18,185.06,185.06,0,,,151.68,,0,,0,,,,,
2012-03-02,170.96,171.3,164.55,167.52,10172452,170.91,145.62,8.74,55.5,150.76,157.63,185.06,185.06,0,,,150.76,,0,,0,,,,,
2012-03-05,164.89,165.03,159.7,160.97,5406232,170.53,145.77,8.68,49.86,146.63,158.01,185.06,185.06,0,,,146.63,,0,,0,,,,,
2012-03-06,161.3,170.72,155.03,157.0,12663774,170.1,146.22,9.18,46.75,143.89,158.09,185.06,185.06,0,,,143.89,,0,,0,,,,,
2012-03-07,154.77,158.25,150.39,154.4,9715024,169.73,150.39,9.08,44.79,143.66,157.93,185.06,185.06,0,,,143.66,,0,,0,,,,,
2012-03-09,157.51,159.79,155.57,158.79,7599099,169.45,150.39,8.82,48.71,146.67,157.94,185.06,185.06,0,,,146.67,,0,,0,,,,,
2012-03-12,162.29,163.15,159.27,162.32,6969004,169.17,150.39,8.5,51.68,149.16,158.04,185.06,185.06,0,,,149.16,,0,,0,,,,,
2012-03-13,163.97,169.04,163.6,165.68,5926179,168.92,150.39,8.37,54.39,151.41,158.42,185.06,185.06,0,,,151.41,,0,,0,,,,,
2012-03-14,168.56,169.73,165.94,167.39,7360440,168.69,150.39,8.07,55.75,152.72,159.4,185.06,185.06,0,,,152.72,,0,,0,,,,,
2012-03-15,167.02,167.36,160.47,161.55,5352867,168.43,150.39,7.98,50.24,149.01,160.08,185.06,185.06,0,,,149.01,,0,,0,,,,,
2012-03-16,163.49,167.96,153.55,155.86,13421541,168.13,150.39,8.44,45.52,145.03,160.46,185.06,185.06,0,,,145.03,,0,,0,,,,,
2012-03-19,156.03,156.43,147.65,148.19,10190338,167.8,147.65,8.47,40.06,139.15,160.54,185.06,185.06,0,,,139.15,,0,,0,,,,,
2012-03-20,148.68,152.27,145.63,149.39,12079360,167.54,145.63,8.34,41.25,139.34,160.54,185.06,185.06,0,,,139.34,,0,,0,,,,,
2012-03-21,149.82,154.43,148.11,153.78,9352932,167.3,145.63,8.19,45.5,142.27,160.56,185.06,185.06,0,,,142.27,,0,,0,,,,,
2012-03-22,153.75,155.8,148.17,148.82,12095847,167.02,145.63,8.15,41.82,139.1,160.63,182.58,185.06,0,,,139.1,,0,,0,,,,,
2012-03-23,149.53,153.49,147.28,151.95,11336727,166.7,145.63,8.01,44.85,141.21,160.78,182.58,182.58,0,,,141.21,,0,,0,,,,,
2012-03-26,151.73,151.73,146.4,147.05,5321742,166.37,145.63,7.84,41.23,138.17,160.75,182.58,182.58,0,,,138.17,,0,,0,,,,,
2012-03-27,149.36,149.79,143.12,145.52,9669454,166.06,143.12,7.75,40.14,136.4,160.7,182.58,182.58,0,,,136.4,,0,,0,,,,,
2012-03-28,145.26,147.34,143.04,143.64,5734062,165.7,143.04,7.51,38.78,135.32,160.57,182.58,182.58,0,,,135.32,,0,,0,,,,,
2012-03-29,142.7,143.92,140.13,141.7,10390327,165.32,140.13,7.24,37.37,133.28,160.31,172.06,182.58,0,,,133.28,,0,,0,,,,,
2012-03-30,143.27,147.51,142.41,146.49,8474802,164.99,140.13,7.14,42.88,136.44,159.98,171.3,172.06,0,,,136.44,,0,,0,,,,,
2012-04-02,146.88,149.19,144.69,148.56,5669760,164.72,140.13,6.95,45.12,137.9,159.58,170.72,171.3,0,,,137.9,,0,,0,,,,,
2012-04-03,149.68,153.46,148.42,150.44,13609137,164.45,140.13,6.81,47.15,139.2,158.89,170.72,170.72,0,,,139.2,,0,,0,,,,,
2012-04-04,149.82,156.37,149.45,155.86,16890538,164.18,140.13,6.82,52.6,142.69,158.1,169.73,170.72,0,,,142.69,,0,,0,,,,,
2012-04-09,154.37,154.37,148.48,149.16,5884482,163.87,140.13,6.86,46.25,138.34,157.31,169.73,169.73,0,,,138.34,,0,,0,,,,,
2012-04-10,150.39,150.5,145.17,145.74,10739382,163.54,140.13,6.75,43.38,136.21,156.3,169.73,169.73,0,,,136.21,,0,,0,,,,,
2012-04-11,143.78,144.95,142.41,142.75,7339024,163.19,140.13,6.51,40.98,134.45,155.35,169.73,169.73,0,,,134.45,,0,,0,,,,,
2012-04-12,144.69,146.91,144.63,146.63,7483521,162.85,140.13,6.34,45.21,137.06,154.79,169.73,169.73,0,,,137.06,,0,,0,,,,,
2012-04-13,147.88,149.25,144.78,147.25,6756790,162.52,140.13,6.21,45.88,137.55,153.9,167.96,169.73,0,,,137.55,,0,,0,,,,,
2012-04-16,145.83,149.76,145.43,148.54,4865302,162.2,140.13,6.07,47.32,138.47,153.07,167.96,167.96,0,,,138.47,,0,,0,,,,,
2012-04-17,148.39,151.3,147.11,149.73,5853984,161.91,140.13,5.94,48.68,139.33,152.42,156.43,167.96,0,,,139.33,,0,,0,,,,,
2012-04-18,150.39,152.04,147.99,148.56,7196244,161.58,140.13,5.8,47.38,138.66,151.79,156.37,156.43,0,,,138.66,,0,,0,,,,,
2012-04-19,146.71,146.71,142.1,142.73,15777799,161.19,140.13,5.85,41.48,134.87,151.18,156.37,156.37,0,,,134.87,,0,,0,,,,,
2012-04-20,141.84,143.86,138.42,139.79,10804482,160.78,138.42,5.82,38.85,132.42,150.61,156.37,156.37,0,,,132.42,,0,,0,,,,,
2012-04-23,139.56,141.24,133.87,134.24,7756870,160.37,133.87,5.93,34.41,127.25,149.94,156.37,156.37,0,,,127.25,,0,,0,,,,,
2012-04-24,135.09,137.17,133.27,135.04,6096316,159.98,133.27,5.79,35.55,127.67,149.15,156.37,156.37,0,,,127.67,,0,,0,,,,,
2012-04-25,135.21,136.26,131.47,132.13,6507591,159.59,131.47,5.72,33.28,125.24,148.14,156.37,156.37,0,,,125.24,,0,,0,,,,,
2012-04-26,132.16,132.73,129.65,131.87,14411017,159.16,129.65,5.53,33.08,124.59,147.01,156.37,156.37,0,,,124.59,,0,,0,,,,,
2012-04-27,131.02,134.15,129.31,129.94,8367585,158.74,129.31,5.48,31.54,123.26,145.76,156.37,156.37,0,,,123.26,,0,,0,,,,,
2012-04-30,128.71,129.42,126.63,128.03,8139747,158.33,126.63,5.32,30.05,121.24,144.65,156.37,156.37,0,,,121.24,,0,,0,,,,,
2012-05-02,127.94,129.37,127.12,127.6,5551245,157.93,126.63,5.1,29.71,121.11,143.7,156.37,156.37,0,,,121.11,,0,,0,,,,,
2012-05-03,127.03,130.14,126.89,128.26,7039338,157.55,126.63,4.97,31.0,121.62,143.04,156.37,156.37,0,,,121.62,,0,,0,,,,,
2012-05-04,128.26,128.74,120.48,121.93,13052080,157.14,120.48,5.21,26.05,115.33,142.12,156.37,156.37,0,,,115.33,,0,,0,,,,,
2012-05-07,120.2,130.28,118.86,129.28,14538961,156.79,118.86,5.65,38.35,119.24,141.31,154.37,156.37,0,,,119.24,,0,,0,,,,,
2012-05-08,130.11,130.11,122.08,122.73,9128479,156.41,118.86,5.82,33.07,114.9,140.44,152.04,154.37,0,,,114.9,,0,,0,,,,,
2012-05-09,121.9,126.66,121.34,123.1,8443461,156.03,118.86,5.78,33.63,115.16,139.48,152.04,152.04,0,,,115.16,,0,,0,,,,,
2012-05-10,123.33,126.97,123.33,124.9,9306550,155.62,118.86,5.65,36.4,116.42,138.74,152.04,152.04,0,,,116.42,,0,,0,,,,,
2012-05-11,123.67,128.03,123.67,125.95,14236138,155.23,118.86,5.56,38.02,117.15,138.09,152.04,152.04,0,,,117.15,,0,,0,,,,,
2012-05-14,126.15,127.54,121.68,123.7,7499194,154.8,118.86,5.58,35.91,115.69,137.42,152.04,152.04,0,,,115.69,,0,,0,,,,,
2012-05-15,122.65,125.52,122.65,123.39,6487702,154.39,118.86,5.38,35.61,115.62,136.81,152.04,152.04,0,,,115.62,,0,,0,,,,,
2012-05-16,121.31,121.68,117.35,119.03,8893470,153.98,117.35,5.43,31.68,112.27,135.9,152.04,152.04,0,,,112.27,,0,,0,,,,,
2012-05-17,119.17,121.19,116.86,117.4,7255731,153.55,116.86,5.35,30.34,111.11,134.86,146.71,152.04,0,,,111.11,,0,,0,,,,,
2012-05-18,115.89,116.72,112.42,114.36,13618591,153.13,112.42,5.33,27.95,107.69,133.65,143.86,146.71,0,,,107.69,,0,,0,,,,,
2012-05-21,115.3,118.32,114.64,117.77,6859879,152.7,112.42,5.23,34.2,109.95,132.38,141.24,143.86,0,,,109.95,,0,,0,,,,,
2012-05-22,119.28,121.65,118.0,118.8,9623178,152.24,112.42,5.13,36.01,110.68,131.37,137.17,141.24,0,,,110.68,,0,,0,,,,,
2012-05-23,118.49,121.59,117.92,118.91,16637602,151.8,112.42,5.03,36.21,110.82,130.48,136.26,137.17,0,,,110.82,,0,,0,,,,,
2012-05-24,119.91,120.77,117.06,118.52,8799685,151.32,112.42,4.93,35.78,110.63,129.67,134.15,136.26,0,,,110.63,,0,,0,,,,,
2012-05-25,117.77,120.0,117.77,118.63,6714385,150.85,112.42,4.74,36.01,110.83,128.74,134.15,134.15,0,,,110.83,,0,,0,,,,,
2012-05-28,119.2,124.15,119.2,123.67,9640018,150.43,112.42,4.8,45.65,114.04,127.95,130.28,134.15,0,,,114.04,,0,,0,,,,,
2012-05-29,125.07,125.95,123.19,124.15,7690606,150.03,112.42,4.65,46.48,114.45,127.14,130.28,130.28,0,,,114.45,,0,,0,,,,,
2012-05-30,123.61,123.61,119.8,120.2,4050246,149.62,112.42,4.63,40.96,111.92,126.15,130.28,130.28,0,,,111.92,,0,,0,,,,,
2012-05-31,119.06,122.87,118.54,120.82,7651225,149.21,112.42,4.61,42.12,112.33,125.23,130.28,130.28,0,,,112.33,,0,,0,,,,,
2012-06-01,120.28,120.71,117.49,117.83,3689827,148.8,112.42,4.52,38.21,110.46,124.4,130.28,130.28,0,,,110.46,,0,,0,,,,,
2012-06-04,117.21,118.37,115.7,117.55,4837105,148.37,112.42,4.38,37.86,110.37,123.66,130.11,130.28,0,,,110.37,,0,,0,,,,,
2012-06-05,118.94,120.59,118.49,119.68,4311760,147.98,112.42,4.29,42.24,111.81,123.17,128.03,130.11,0,,,111.81,,0,,0,,,,,
2012-06-06,120.77,123.9,120.65,122.87,8089350,147.61,112.42,4.28,48.15,113.87,122.77,128.03,128.03,0,,,113.87,,0,,0,,,,,
2012-06-07,124.98,124.98,122.65,124.3,6204079,147.21,112.42,4.14,50.59,114.88,122.51,128.03,128.03,0,,,114.88,,0,,0,,,,,
2012-06-08,123.33,126.43,122.76,126.01,6555852,146.85,114.64,4.11,53.41,116.75,122.31,127.54,128.03,0,,,116.75,,0,,0,,,,,
2012-06-11,127.15,128.37,122.22,122.99,7304787,146.47,115.7,4.26,48.18,115.06,122.08,128.37,127.54,0,,,115.06,,0,,0,,,,,
2012-06-12,121.96,125.29,121.48,124.95,5124570,146.11,115.7,4.22,51.5,116.34,121.98,128.37,128.37,0,,,116.34,,0,,0,,,,,
2012-06-13,124.87,127.26,123.64,126.01,5783790,145.72,115.7,4.18,53.24,117.06,121.92,128.37,128.37,0,,,117.06,,0,,0,,,,,
2012-06-14,125.84,126.32,123.21,123.87,5163351,145.29,115.7,4.1,49.38,115.73,121.78,128.37,128.37,0,,,115.73,,0,,0,,,,,
2012-06-15,124.3,125.12,122.53,124.47,5527879,144.86,115.7,4.0,50.46,116.19,121.86,128.37,128.37,0,,,116.19,,0,,0,,,,,
2012-06-18,126.18,127.0,121.16,121.85,7010548,144.43,115.7,4.13,45.84,114.41,121.61,128.37,128.37,0,,,114.41,,0,,0,,,,,
2012-06-19,121.39,122.39,119.88,120.51,7095931,144.01,115.7,4.01,43.64,113.62,121.54,128.37,128.37,0,,,113.62,,0,,0,,,,,
2012-06-20,121.39,123.98,121.22,122.47,7969180,143.63,115.7,3.97,47.6,114.91,121.52,128.37,128.37,0,,,114.91,,0,,0,,,,,
2012-06-21,123.5,127.49,123.1,126.92,11959978,143.32,115.7,4.05,55.29,117.73,121.59,128.37,128.37,0,,,117.73,,0,,0,,,,,
2012-06-22,125.47,128.4,124.21,125.78,8334951,143.03,115.7,4.06,53.14,116.99,121.58,128.4,128.37,0,,,116.99,,0,,0,,,,,
2012-06-25,127.03,127.83,123.5,123.87,6199183,142.79,118.49,4.08,49.66,116.67,121.59,128.4,128.4,0,,,116.67,,0,,0,,,,,
2012-06-26,123.9,125.66,123.73,124.87,4498897,142.59,119.88,3.92,51.45,117.88,121.64,128.4,128.4,0,,,117.88,,0,,0,,,,,
2012-06-27,126.4,126.4,125.04,125.58,5464102,142.44,119.88,3.75,52.74,118.46,121.85,128.4,128.4,0,,,118.46,,0,,0,,,,,
2012-06-28,125.95,127.4,125.15,125.92,11812704,142.28,119.88,3.65,53.38,118.75,122.14,128.4,128.4,0,,,118.75,,0,,0,,,,,
2012-06-29,127.6,132.73,127.34,132.41,12385833,142.2,119.88,3.87,63.51,122.78,122.74,132.73,128.4,0,,,122.78,,0,,0,,,,,
2012-07-02,133.55,134.84,131.99,133.92,5677203,142.11,119.88,3.8,65.39,123.81,123.28,134.84,132.73,0,,,123.81,,0,,0,,,,,
2012-07-03,134.84,134.98,131.19,131.67,4658661,141.97,119.88,3.8,60.39,122.35,123.71,134.98,134.84,0,,,122.35,,0,,0,,,,,
2012-07-04,132.79,133.67,131.99,132.81,4279093,141.8,119.88,3.67,61.98,123.18,124.17,134.98,134.98,0,,,123.18,,0,,0,,,,,
2012-07-05,133.3,135.06,132.76,134.24,4147756,141.63,119.88,3.57,63.93,124.16,124.69,135.06,134.98,0,,,124.16,,0,,0,,,,,
2012-07-06,135.01,135.12,132.5,134.58,6548334,141.46,119.88,3.5,64.4,124.43,125.23,135.12,135.06,0,,,124.43,,0,,0,,,,,
2012-07-09,134.44,134.44,132.3,133.47,3903319,141.31,119.88,3.42,61.59,123.77,125.55,135.12,135.12,0,,,123.77,,0,,0,,,,,
2012-07-10,132.22,134.72,132.22,134.29,3341073,141.15,121.22,3.35,62.87,124.79,125.89,135.12,135.12,0,,,124.79,,0,,0,,,,,
2012-07-11,133.9,133.95,131.85,132.33,3758580,140.94,123.1,3.29,57.88,124.2,126.29,135.12,135.12,0,,,124.2,,0,,0,,,,,
2012-07-12,132.16,133.81,130.65,131.65,4303296,140.73,123.5,3.28,56.21,123.9,126.66,135.12,135.12,0,,,123.9,,0,,0,,,,,
2012-07-13,131.59,132.79,130.91,131.9,3022240,140.58,123.5,3.18,56.7,124.12,127.12,135.12,135.12,0,,,124.12,,0,,0,,,,,
2012-07-16,133.58,133.58,130.79,131.22,2285554,140.47,123.73,3.15,54.89,123.78,127.58,135.12,135.12,0,,,123.78,,0,,0,,,,,
2012-07-17,131.9,132.24,128.46,128.97,2584279,140.36,125.04,3.19,49.26,122.74,127.89,135.12,135.12,0,,,122.74,,0,,0,,,,,
2012-07-18,128.17,131.67,126.52,130.56,3930885,140.25,125.15,3.33,52.93,123.7,128.15,135.12,135.12,0,,,123.7,,0,,0,,,,,
2012-07-19,132.84,134.95,132.67,133.78,6487347,140.18,126.52,3.41,59.34,126.19,128.46,135.12,135.12,0,,,126.19,,0,,0,,,,,
2012-07-20,136.15,136.66,129.59,129.94,9508236,140.11,126.52,3.67,50.51,123.54,128.59,136.66,135.12,0,,,123.54,,0,,0,,,,,
2012-07-23,128.6,128.74,124.58,124.98,4995972,140.04,124.58,3.79,41.84,119.61,128.66,136.66,136.66,0,,,119.61,,0,,0,,,,,
2012-07-24,124.81,125.72,122.79,124.01,3719859,139.99,122.79,3.73,40.38,118.43,128.63,136.66,136.66,0,,,118.43,,0,,0,,,,,
2012-07-25,123.07,125.01,122.53,123.19,3107260,139.96,122.53,3.64,39.14,117.87,128.53,136.66,136.66,0,,,117.87,,0,,0,,,,,
2012-07-26,123.61,124.98,119.94,120.74,10272187,139.88,119.94,3.74,35.61,115.36,128.43,136.66,136.66,0,,,115.36,,0,,0,,,,,
2012-07-27,122.76,123.16,117.69,118.37,6525838,139.78,117.69,3.86,32.56,113.0,128.23,136.66,136.66,0,,,113.0,,0,,0,,,,,
2012-07-30,119.2,123.56,119.06,123.33,5440609,139.69,117.69,3.96,43.49,116.14,128.28,136.66,136.66,0,,,116.14,,0,,0,,,,,
2012-07-31,123.67,123.9,119.8,122.84,5451174,139.59,117.69,3.97,42.75,115.82,128.35,136.66,136.66,0,,,115.82,,0,,0,,,,,
2012-08-01,122.93,125.86,122.25,125.55,4781263,139.53,117.69,3.94,48.0,117.58,128.46,136.66,136.66,0,,,117.58,,0,,0,,,,,
2012-08-02,125.66,127.52,124.58,127.29,4695174,139.44,117.69,3.87,51.1,118.75,128.47,136.66,136.66,0,,,118.75,,0,,0,,,,,
2012-08-03,125.89,128.68,124.01,128.26,7455415,139.41,117.69,3.93,52.79,119.34,128.55,136.66,136.66,0,,,119.34,,0,,0,,,,,
2012-08-06,129.62,131.25,128.97,130.56,3781731,139.38,117.69,3.86,56.62,120.87,128.77,136.66,136.66,0,,,120.87,,0,,0,,,,,
2012-08-07,130.51,132.61,129.91,132.19,4069497,139.37,117.69,3.78,59.15,121.97,129.02,136.66,136.66,0,,,121.97,,0,,0,,,,,
2012-08-08,132.19,133.84,131.16,131.96,5652261,139.32,117.69,3.7,58.63,121.88,129.23,136.66,136.66,0,,,121.88,,0,,0,,,,,
2012-08-09,132.22,134.18,129.74,131.76,4349473,139.25,117.69,3.75,58.15,121.71,129.43,136.66,136.66,0,,,121.71,,0,,0,,,,,
2012-08-10,131.3,131.59,129.17,130.51,2122177,139.16,117.69,3.67,55.12,120.96,129.36,136.66,136.66,0,,,120.96,,0,,0,,,,,
2012-08-13,130.51,132.84,129.34,132.47,3338703,139.1,117.69,3.66,58.75,122.23,129.31,136.66,136.66,0,,,122.23,,0,,0,,,,,
2012-08-14,133.01,133.87,130.76,132.1,3741414,139.01,117.69,3.62,57.8,122.02,129.33,136.66,136.66,0,,,122.02,,0,,0,,,,,
2012-08-16,132.16,133.55,130.62,131.16,2695519,138.89,117.69,3.57,55.35,121.45,129.27,136.66,136.66,0,,,121.45,,0,,0,,,,,
2012-08-17,131.59,132.39,129.22,130.71,3152686,138.77,117.69,3.54,54.17,121.18,129.16,136.66,136.66,0,,,121.18,,0,,0,,,,,
2012-08-21,131.02,132.44,130.85,132.07,2354769,138.66,119.06,3.41,57.15,122.6,129.07,134.18,136.66,0,,,122.6,,0,,0,,,,,
2012-08-22,131.53,134.04,131.1,132.36,4107451,138.54,119.8,3.38,57.78,123.05,129.04,134.18,134.18,0,,,123.05,,0,,0,,,,,
2012-08-23,132.73,133.7,132.27,132.87,3748840,138.38,122.25,3.24,58.92,124.29,128.99,134.18,134.18,0,,,124.29,,0,,0,,,,,
2012-08-24,131.87,133.53,130.16,131.62,3573027,138.2,124.01,3.25,54.99,124.07,128.96,134.18,134.18,0,,,124.07,,0,,0,,,,,
2012-08-27,132.27,132.84,127.89,128.34,4238334,138.03,124.01,3.37,46.27,121.87,128.85,134.18,134.18,0,,,121.87,,0,,0,,,,,
2012-08-28,127.32,128.06,126.21,126.92,3710881,137.88,126.21,3.28,43.08,121.75,128.69,134.18,134.18,0,,,121.75,,0,,0,,,,,
2012-08-29,126.8,127.4,122.05,123.41,5635245,137.67,122.05,3.43,36.4,118.0,128.43,134.18,134.18,0,,,118.0,,0,,0,,,,,
2012-08-30,122.67,127.03,121.56,124.81,6029847,137.44,121.56,3.57,40.37,118.64,128.29,134.18,134.18,0,,,118.64,,0,,0,,,,,
2012-08-31,124.64,124.98,120.54,121.48,6849532,137.2,120.54,3.64,34.81,116.11,127.99,134.18,134.18,0,,,116.11,,0,,0,,,,,
2012-09-03,122.59,123.84,122.28,123.13,2226940,136.96,120.54,3.55,39.27,117.24,127.63,134.18,134.18,0,,,117.24,,0,,0,,,,,
2012-09-04,122.93,124.98,121.96,124.67,3763705,136.76,120.54,3.51,43.19,118.25,127.46,134.18,134.18,0,,,118.25,,0,,0,,,,,
2012-09-05,123.61,123.61,117.92,118.29,9689269,136.63,117.92,3.74,33.55,113.11,127.23,134.18,134.18,0,,,113.11,,0,,0,,,,,
2012-09-06,118.77,119.32,116.42,116.68,10281061,136.46,116.42,3.68,31.63,111.61,126.99,134.18,134.18,0,,,111.61,,0,,0,,,,,
2012-09-07,118.88,119.93,117.78,118.86,5425942,136.29,116.42,3.65,36.89,113.04,126.84,134.18,134.18,0,,,113.04,,0,,0,,,,,
2012-09-10,118.01,118.3,114.3,114.85,10953898,136.09,114.3,3.71,32.01,109.7,126.65,134.04,134.18,0,,,109.7,,0,,0,,,,,
2012-09-11,114.19,116.86,113.67,116.51,8395275,135.87,113.67,3.68,35.8,110.59,126.59,134.04,134.04,0,,,110.59,,0,,0,,,,,
2012-09-12,116.74,117.35,113.14,114.56,11108185,135.61,113.14,3.71,33.44,109.13,126.29,134.04,134.04,0,,,109.13,,0,,0,,,,,
2012-09-13,114.13,117.03,114.1,116.28,7949182,135.41,113.14,3.66,37.36,110.27,126.07,134.04,134.04,0,,,110.27,,0,,0,,,,,
2012-09-14,118.74,119.7,117.72,118.77,7579651,135.22,113.14,3.64,42.62,111.89,125.85,134.04,134.04,0,,,111.89,,0,,0,,,,,
2012-09-17,120.91,125.18,120.45,123.84,9957276,135.06,113.14,3.84,51.55,115.03,125.73,134.04,134.04,0,,,115.03,,0,,0,,,,,
2012-09-18,124.1,131.06,123.84,130.48,12809401,134.95,113.14,4.08,60.27,119.15,125.81,134.04,134.04,0,,,119.15,,0,,0,,,,,
2012-09-20,127.96,128.16,124.68,125.35,6641589,134.8,113.14,4.2,52.42,115.76,125.63,133.7,134.04,0,,,115.76,,0,,0,,,,,
2012-09-21,127.0,135.44,126.71,134.77,17498500,134.7,113.14,4.62,62.16,121.56,125.72,135.44,133.7,1,134.77,121.56,121.56,121.56,1,2012-09-21,0,,,16,,
2012-09-24,135.96,145.85,135.12,143.73,26120719,134.61,113.14,5.09,68.73,127.03,126.11,145.85,135.44,0,,,127.03,127.03,1,2012-09-21,0,,,16,,
2012-09-25,145.5,148.46,140.69,147.13,23450488,134.53,113.14,5.28,70.8,129.09,126.62,148.46,145.85,0,,,129.09,129.09,1,2012-09-21,0,,,16,,
2012-09-26,145.1,147.27,143.3,146.98,16154535,134.36,113.14,5.18,70.57,129.06,127.17,148.46,148.46,0,,,129.06,129.09,1,2012-09-21,0,,,16,,
2012-09-27,146.72,147.65,143.27,143.88,9759567,134.13,113.14,5.13,65.97,127.1,127.55,148.46,148.46,0,,,127.1,129.09,1,2012-09-21,0,,,16,,
2012-09-28,144.98,146.4,141.79,143.21,5720674,133.93,113.14,5.09,64.99,126.69,127.92,148.46,148.46,0,,,126.69,129.09,1,2012-09-21,0,,,16,,
2012-10-01,143.24,146.43,143.18,145.91,5884957,133.73,113.14,4.96,67.12,128.52,128.42,148.46,148.46,0,,,128.52,129.09,1,2012-09-21,0,,,16,,
2012-10-03,145.76,146.58,143.42,144.92,6364404,133.55,113.14,4.83,65.54,127.97,128.89,148.46,148.46,0,,,127.97,129.09,1,2012-09-21,0,,,16,,
2012-10-04,145.85,155.3,145.85,154.41,18693790,133.49,113.14,5.23,72.27,133.82,129.63,155.3,148.46,1,154.41,133.82,133.82,133.82,1,2012-09-21,0,,,16,,
2012-10-05,156.58,157.94,130.48,153.04,16245366,133.35,114.1,6.81,70.14,132.2,130.32,157.94,155.3,0,,,132.2,133.82,1,2012-09-21,1,133.82,TRAILING_STOP|SMA150_BREAK,16,10,-0.7
2012-10-08,152.81,152.81,146.49,147.5,5571028,133.18,117.72,6.8,62.17,129.85,130.81,157.94,157.94,0,,,129.85,,0,,0,,,,,
2012-10-09,148.75,149.45,143.88,145.13,7110619,133.02,120.45,6.71,59.07,129.29,131.26,157.94,157.94,0,,,129.29,,0,,0,,,,,
2012-10-10,143.82,143.82,141.21,142.17,4671310,132.85,123.84,6.51,55.37,128.64,131.72,157.94,157.94,0,,,128.64,,0,,0,,,,,
2012-10-11,142.08,146.84,140.08,145.94,10532008,132.75,124.68,6.53,58.9,131.34,132.36,157.94,157.94,0,,,131.34,,0,,0,,,,,
2012-10-12,145.85,147.59,141.88,142.31,6229498,132.65,126.71,6.47,54.43,129.71,132.99,157.94,157.94,0,,,129.71,,0,,0,,,,,
2012-10-15,142.23,145.16,139.82,144.52,5683890,132.59,130.48,6.39,56.59,132.45,133.64,157.94,157.94,0,,,132.45,,0,,0,,,,,
2012-10-16,144.98,146.55,141.44,141.88,5729467,132.47,130.48,6.3,53.34,130.81,134.32,157.94,157.94,0,,,130.81,,0,,0,,,,,
2012-10-17,142.66,144.05,141.62,143.56,4190739,132.35,130.48,6.02,55.11,132.08,135.0,157.94,157.94,0,,,132.08,,0,,0,,,,,
2012-10-18,144.4,144.46,142.08,143.27,4760299,132.2,130.48,5.76,54.72,132.06,135.62,157.94,157.94,0,,,132.06,,0,,0,,,,,
2012-10-19,144.02,144.05,139.65,140.52,5487732,132.02,130.48,5.66,51.07,130.35,136.37,157.94,157.94,0,,,130.35,,0,,0,,,,,
2012-10-22,139.18,141.73,138.17,140.26,4203483,131.88,130.48,5.51,50.73,130.29,137.15,157.94,157.94,0,,,130.29,,0,,0,,,,,
2012-10-23,139.24,141.79,138.75,138.89,3116034,131.76,130.48,5.34,48.86,129.52,137.82,157.94,157.94,0,,,129.52,,0,,0,,,,,
2012-10-25,138.08,140.34,138.08,139.5,5285388,131.71,130.48,5.12,49.75,130.06,138.64,157.94,157.94,0,,,130.06,,0,,0,,,,,
2012-10-29,141.21,142.14,131.18,131.59,16432579,131.59,130.48,5.53,40.03,124.68,139.14,157.94,157.94,0,,,124.68,,0,,0,,,,,
2012-10-30,131.32,134.11,128.86,132.69,12579337,131.45,128.86,5.51,41.74,124.86,139.75,157.94,157.94,0,,,124.86,,0,,0,,,,,
2012-10-31,132.19,132.66,129.93,130.37,3559581,131.32,128.86,5.32,39.21,123.5,140.22,157.94,157.94,0,,,123.5,,0,,0,,,,,
2012-11-01,130.02,131.88,129.44,131.38,2870455,131.19,128.86,5.11,40.89,124.29,140.64,157.94,157.94,0,,,124.29,,0,,0,,,,,
2012-11-02,132.63,134.43,132.14,133.06,4488774,131.09,128.86,4.96,43.68,125.47,140.94,157.94,157.94,0,,,125.47,,0,,0,,,,,
2012-11-05,132.4,135.06,132.4,133.76,3371317,131.02,128.86,4.8,44.84,126.03,141.05,157.94,157.94,0,,,126.03,,0,,0,,,,,
2012-11-06,133.01,135.53,133.01,134.98,2858674,130.96,128.86,4.64,46.91,126.92,141.38,152.81,157.94,0,,,126.92,,0,,0,,,,,
2012-11-07,134.4,137.94,134.4,137.41,3788304,130.93,128.86,4.56,50.85,128.54,141.46,149.45,152.81,0,,,128.54,,0,,0,,,,,
2012-11-08,136.57,138.31,135.18,137.99,2887482,130.87,128.86,4.46,51.78,128.99,141.27,147.59,149.45,0,,,128.99,,0,,0,,,,,
2012-11-09,136.92,138.95,134.28,134.69,4208805,130.78,128.86,4.47,46.44,126.85,140.86,147.59,147.59,0,,,126.85,,0,,0,,,,,
2012-11-12,134.28,135.99,133.67,134.54,2473576,130.67,128.86,4.32,46.21,126.85,140.44,147.59,147.59,0,,,126.85,,0,,0,,,,,
2012-11-15,133.38,136.75,133.04,136.49,5229181,130.55,128.86,4.27,49.74,128.14,140.2,146.55,147.59,0,,,128.14,,0,,0,,,,,
2012-11-16,135.7,137.3,132.8,133.56,2951515,130.44,128.86,4.29,44.96,126.24,139.87,146.55,146.55,0,,,126.24,,0,,0,,,,,
2012-11-19,133.96,135.01,132.22,132.89,2836692,130.36,128.86,4.18,43.92,125.88,139.44,144.46,146.55,0,,,125.88,,0,,0,,,,,
2012-11-20,133.88,134.37,131.56,132.31,1964623,130.29,128.86,4.09,43.0,125.57,139.02,144.46,144.46,0,,,125.57,,0,,0,,,,,
2012-11-21,132.92,133.06,128.02,128.86,4527229,130.17,128.02,4.15,37.88,123.02,138.17,144.05,144.46,0,,,123.02,,0,,0,,,,,
2012-11-22,129.32,130.37,127.24,128.34,4352545,130.04,127.24,4.08,37.16,122.47,137.35,142.14,144.05,0,,,122.47,,0,,0,,,,,
2012-11-23,128.77,130.77,128.77,130.31,3657483,129.92,127.24,3.96,41.67,123.82,136.77,142.14,142.14,0,,,123.82,,0,,0,,,,,
2012-11-26,130.48,131.03,127.73,128.25,4250889,129.78,127.24,3.92,38.56,122.52,136.21,142.14,142.14,0,,,122.52,,0,,0,,,,,
2012-11-27,129.06,130.14,128.74,129.85,3704266,129.65,127.24,3.77,42.17,123.65,135.8,142.14,142.14,0,,,123.65,,0,,0,,,,,
2012-11-29,130.25,130.45,127.76,128.83,10124884,129.56,127.24,3.69,40.54,123.05,135.23,138.95,142.14,0,,,123.05,,0,,0,,,,,
2012-11-30,130.16,136.86,129.9,135.91,10902961,129.53,127.24,4.0,53.91,127.41,135.02,138.95,138.95,0,,,127.41,,0,,0,,,,,
2012-12-03,135.18,138.75,134.54,137.94,6087433,129.56,127.24,4.02,56.91,128.71,134.8,138.95,138.95,0,,,128.71,,0,,0,,,,,
2012-12-04,138.17,140.57,137.3,137.79,6033685,129.58,127.24,3.96,56.62,128.64,134.66,140.57,138.95,0,,,128.64,,0,,0,,,,,
2012-12-05,139.18,140.02,136.92,137.7,4995430,129.61,127.24,3.9,56.43,128.63,134.46,140.57,140.57,0,,,128.63,,0,,0,,,,,
2012-12-06,138.43,141.47,136.02,140.2,4691724,129.67,127.24,4.01,60.36,130.17,134.36,141.47,140.57,0,,,130.17,,0,,0,,,,,
2012-12-07,141.44,143.68,139.79,140.92,5312488,129.74,127.24,4.0,61.43,130.64,134.38,143.68,141.47,0,,,130.64,,0,,0,,,,,
2012-12-10,141.3,142.66,140.37,141.21,3103519,129.83,127.24,3.88,61.88,130.91,134.41,143.68,143.68,0,,,130.91,,0,,0,,,,,
2012-12-11,142.08,142.08,135.85,137.62,4662738,129.9,127.24,4.05,53.56,128.48,134.36,143.68,143.68,0,,,128.48,,0,,0,,,,,
2012-12-12,138.6,139.53,134.14,134.8,9617857,129.94,127.24,4.15,48.09,126.6,134.21,143.68,143.68,0,,,126.6,,0,,0,,,,,
2012-12-13,134.54,135.59,131.47,132.19,6899943,130.01,127.24,4.14,43.64,124.91,134.23,143.68,143.68,0,,,124.91,,0,,0,,,,,
2012-12-14,132.37,133.32,129.32,130.43,7072131,130.02,127.73,4.13,40.9,123.95,134.15,143.68,143.68,0,,,123.95,,0,,0,,,,,
2012-12-17,130.37,131.18,127.79,128.11,7664827,130.05,127.73,4.08,37.54,122.49,134.08,143.68,143.68,0,,,122.49,,0,,0,,,,,
2012-12-18,128.34,133.82,128.34,133.5,7179766,130.12,127.76,4.2,48.17,125.9,134.15,143.68,143.68,0,,,125.9,,0,,0,,,,,
2012-12-19,135.01,136.25,134.08,135.44,7668615,130.19,127.76,4.09,51.38,127.22,134.23,143.68,143.68,0,,,127.22,,0,,0,,,,,
2012-12-20,133.96,135.01,132.57,134.54,2988906,130.25,127.79,4.01,49.84,126.7,134.25,143.68,143.68,0,,,126.7,,0,,0,,,,,
2012-12-21,133.44,133.85,131.56,132.02,3303016,130.3,127.79,3.93,45.71,125.13,134.15,143.68,143.68,0,,,125.13,,0,,0,,,,,
2012-12-24,132.22,133.32,130.89,131.99,4058740,130.36,127.79,3.83,45.66,125.18,133.97,143.68,143.68,0,,,125.18,,0,,0,,,,,
2012-12-26,132.22,134.31,132.19,133.5,1962655,130.46,127.79,3.72,48.62,126.23,133.82,143.68,143.68,0,,,126.23,,0,,0,,,,,
2012-12-27,133.79,134.54,130.98,131.09,5197417,130.55,127.79,3.71,44.46,124.68,133.7,143.68,143.68,0,,,124.68,,0,,0,,,,,
2012-12-28,131.82,132.75,130.54,131.93,2725980,130.67,127.79,3.6,46.18,125.29,133.62,143.68,143.68,0,,,125.29,,0,,0,,,,,
2012-12-31,131.21,133.15,131.21,132.37,1704724,130.76,127.79,3.48,47.11,125.65,133.48,143.68,143.68,0,,,125.65,,0,,0,,,,,
2013-01-01,133.53,135.62,132.98,134.89,3979164,130.87,127.79,3.46,52.2,127.29,133.52,143.68,143.68,0,,,127.29,,0,,0,,,,,
2013-01-02,136.75,139.12,136.57,138.05,5726508,131.0,127.79,3.52,57.69,129.29,133.7,143.68,143.68,0,,,129.29,,0,,0,,,,,
2013-01-03,138.98,139.73,136.92,138.49,5089371,131.13,127.79,3.47,58.41,129.61,133.9,143.68,143.68,0,,,129.61,,0,,0,,,,,
2013-01-04,137.7,141.3,137.21,140.81,4809444,131.28,127.79,3.51,62.06,131.08,134.3,143.68,143.68,0,,,131.08,,0,,0,,,,,
2013-01-07,141.21,141.68,138.31,139.07,3491524,131.38,127.79,3.5,57.95,129.96,134.66,142.66,143.68,0,,,129.96,,0,,0,,,,,
2013-01-08,138.92,142.49,137.88,141.44,4481490,131.5,128.34,3.58,61.67,131.62,135.03,142.49,142.66,0,,,131.62,,0,,0,,,,,
2013-01-09,141.07,142.02,136.83,137.38,4531930,131.61,130.54,3.7,53.02,129.66,135.33,142.49,142.49,0,,,129.66,,0,,0,,,,,
2013-01-10,137.73,138.2,134.05,134.48,6262318,131.7,130.54,3.73,47.85,127.77,135.49,142.49,142.49,0,,,127.77,,0,,0,,,,,
2013-01-11,134.25,135.12,131.06,131.56,4984029,131.8,130.54,3.75,43.28,125.87,135.58,142.49,142.49,0,,,125.87,,0,,0,,,,,
2013-01-14,131.79,133.67,130.92,132.95,3610882,131.9,130.54,3.68,45.93,126.81,135.48,142.49,142.49,0,,,126.81,,0,,0,,,,,
2013-01-15,133.38,134.54,132.28,132.77,3669232,131.99,130.54,3.58,45.63,126.76,135.31,142.49,142.49,0,,,126.76,,0,,0,,,,,
2013-01-16,132.25,133.32,130.54,130.72,3118647,132.04,130.54,3.52,42.27,125.48,135.07,142.49,142.49,0,,,125.48,,0,,0,,,,,
2013-01-17,131.18,131.88,128.74,130.51,5913412,132.08,128.74,3.5,41.93,124.76,134.83,142.49,142.49,0,,,124.76,,0,,0,,,,,
2013-01-18,131.06,132.8,130.02,131.32,10730509,132.11,128.74,3.44,43.81,125.32,134.54,142.49,142.49,0,,,125.32,,0,,0,,,,,
2013-01-21,131.3,135.41,131.21,134.57,8666464,132.19,128.74,3.5,50.7,127.38,134.32,142.49,142.49,0,,,127.38,,0,,0,,,,,
2013-01-22,134.54,135.21,132.98,133.67,5292745,132.25,128.74,3.41,48.91,126.86,134.07,142.49,142.49,0,,,126.86,,0,,0,,,,,
2013-01-23,133.44,134.66,132.4,133.96,3818494,132.3,128.74,3.33,49.53,127.1,133.95,142.49,142.49,0,,,127.1,,0,,0,,,,,
2013-01-24,133.38,134.77,131.06,132.34,6169444,132.36,128.74,3.35,46.17,126.04,133.87,142.49,142.49,0,,,126.04,,0,,0,,,,,
2013-01-25,131.93,133.85,131.85,133.03,2794083,132.42,128.74,3.26,47.8,126.55,133.9,142.49,142.49,0,,,126.55,,0,,0,,,,,
2013-01-28,134.25,134.25,131.9,132.25,2432755,132.49,128.74,3.19,46.1,126.09,133.96,142.49,142.49,0,,,126.09,,0,,0,,,,,
2013-01-29,132.34,132.89,129.09,129.5,5367136,132.55,128.74,3.24,40.64,124.28,134.0,142.49,142.49,0,,,124.28,,0,,0,,,,,
2013-01-30,130.02,130.28,127.93,128.6,4465110,132.59,127.93,3.17,39.01,123.48,133.84,142.49,142.49,0,,,123.48,,0,,0,,,,,
2013-01-31,127.87,133.5,127.87,132.11,7960249,132.62,127.87,3.35,47.8,125.6,133.73,142.49,142.49,0,,,125.6,,0,,0,,,,,
2013-02-01,131.7,133.47,125.9,130.48,20548240,132.65,125.9,3.65,44.59,123.69,133.6,142.49,142.49,0,,,123.69,,0,,0,,,,,
2013-02-04,131.82,131.82,126.25,127.03,9719899,132.67,125.9,3.79,38.66,121.38,133.43,142.49,142.49,0,,,121.38,,0,,0,,,,,
2013-02-05,126.14,126.14,123.38,123.79,6981918,132.67,123.38,3.78,34.08,118.45,133.16,142.02,142.49,0,,,118.45,,0,,0,,,,,
2013-02-06,125.14,125.32,121.54,122.1,7686819,132.64,121.54,3.78,31.95,116.75,132.78,138.2,142.02,0,,,116.75,,0,,0,,,,,
2013-02-07,121.8,123.12,119.75,120.63,5413609,132.61,119.75,3.75,30.19,115.22,132.43,135.41,138.2,0,,,115.22,,0,,0,,,,,
2013-02-08,120.63,123.85,120.11,122.24,5091352,132.54,119.75,3.75,34.46,116.26,132.1,135.41,135.41,0,,,116.26,,0,,0,,,,,
2013-02-11,122.97,123.36,120.98,121.54,3652180,132.46,119.75,3.65,33.5,115.88,131.74,135.41,135.41,0,,,115.88,,0,,0,,,,,
2013-02-12,121.22,122.86,120.93,122.36,2531524,132.4,119.75,3.53,35.75,116.49,131.32,135.41,135.41,0,,,116.49,,0,,0,,,,,
2013-02-13,121.95,122.92,120.05,120.52,2687748,132.31,119.75,3.48,33.04,115.33,130.74,135.41,135.41,0,,,115.33,,0,,0,,,,,
2013-02-14,120.05,121.33,118.9,119.34,2654127,132.21,118.9,3.4,31.4,114.34,130.1,135.41,135.41,0,,,114.34,,0,,0,,,,,
2013-02-15,118.29,120.54,118.29,119.78,2777152,132.12,118.29,3.32,32.74,114.47,129.4,135.41,135.41,0,,,114.47,,0,,0,,,,,
2013-02-18,119.26,122.33,119.26,121.48,3910063,132.04,118.29,3.3,37.81,115.58,128.82,135.21,135.41,0,,,115.58,,0,,0,,,,,
2013-02-19,121.28,124.53,121.28,124.23,3083197,131.97,118.29,3.3,45.03,117.36,128.24,134.77,135.21,0,,,117.36,,0,,0,,,,,
2013-02-20,124.73,125.14,122.77,123.33,2390995,131.91,118.29,3.23,43.26,116.82,127.77,134.77,134.77,0,,,116.82,,0,,0,,,,,
2013-02-21,121.95,122.86,120.28,121.13,3433231,131.84,118.29,3.22,39.2,115.41,127.33,134.25,134.77,0,,,115.41,,0,,0,,,,,
2013-02-22,120.05,121.07,118.88,119.67,3062458,131.76,118.29,3.15,36.74,114.52,126.93,134.25,134.25,0,,,114.52,,0,,0,,,,,
2013-02-25,120.11,122.39,119.58,121.6,3679173,131.69,118.29,3.13,41.93,115.78,126.55,133.5,134.25,0,,,115.78,,0,,0,,,,,
2013-02-26,121.28,122.97,117.73,118.29,5630671,131.62,117.73,3.28,36.41,113.36,126.07,133.5,133.5,0,,,113.36,,0,,0,,,,,
2013-02-27,120.46,121.66,118.96,120.95,4762342,131.56,117.73,3.28,42.91,115.07,125.74,133.5,133.5,0,,,115.07,,0,,0,,,,,
2013-02-28,122.39,122.97,116.94,117.79,9535263,131.45,116.94,3.48,37.95,112.63,125.32,133.47,133.5,0,,,112.63,,0,,0,,,,,
2013-03-01,117.12,118.96,116.24,117.67,4369612,131.37,116.24,3.43,37.77,112.36,124.87,131.82,133.47,0,,,112.36,,0,,0,,,,,
2013-03-04,117.56,118.52,116.24,117.24,2740957,131.32,116.24,3.34,37.1,112.14,124.29,126.14,131.82,0,,,112.14,,0,,0,,,,,
2013-03-05,117.41,118.2,116.24,116.42,4036485,131.27,116.24,3.25,35.79,111.67,123.71,125.32,126.14,0,,,111.67,,0,,0,,,,,
2013-03-06,117.67,119.99,116.71,118.85,6095604,131.24,116.24,3.27,42.3,113.23,123.21,125.14,125.32,0,,,113.23,,0,,0,,,,,
2013-03-07,118.29,121.51,118.2,120.52,4692343,131.24,116.24,3.27,46.32,114.3,122.82,125.14,125.14,0,,,114.3,,0,,0,,,,,
2013-03-08,120.95,122.01,120.4,121.54,3042895,131.26,116.24,3.15,48.68,115.04,122.43,125.14,125.14,0,,,115.04,,0,,0,,,,,
2013-03-11,121.8,122.07,119.93,120.34,2723289,131.24,116.24,3.08,46.12,114.31,122.04,125.14,125.14,0,,,114.31,,0,,0,,,,,
2013-03-12,120.19,120.72,117.29,117.56,3044223,131.2,116.24,3.11,40.76,112.5,121.64,125.14,125.14,0,,,112.5,,0,,0,,,,,
2013-03-13,117.12,118.0,115.07,115.36,4998231,131.13,115.07,3.09,37.09,110.7,121.2,125.14,125.14,0,,,110.7,,0,,0,,,,,
2013-03-14,115.63,117.35,114.81,116.45,4235235,131.06,114.81,3.05,39.97,111.34,120.67,125.14,125.14,0,,,111.34,,0,,0,,,,,
2013-03-15,116.45,118.0,115.42,115.98,2950477,130.98,114.81,3.02,39.14,111.06,120.19,125.14,125.14,0,,,111.06,,0,,0,,,,,
2013-03-18,115.24,115.95,114.25,114.63,3022353,130.87,114.25,2.93,36.77,110.07,119.78,125.14,125.14,0,,,110.07,,0,,0,,,,,
2013-03-19,114.83,115.04,108.42,108.8,8513574,130.72,108.42,3.19,28.68,104.19,119.28,125.14,125.14,0,,,104.19,,0,,0,,,,,
2013-03-20,108.83,110.5,106.11,106.67,7819176,130.55,106.11,3.28,26.4,101.99,118.76,122.97,125.14,0,,,101.99,,0,,0,,,,,
2013-03-21,106.64,108.04,104.88,105.23,4942480,130.37,104.88,3.27,24.95,100.65,118.25,122.97,122.97,0,,,100.65,,0,,0,,,,,
2013-03-22,104.56,106.26,104.09,105.32,3915783,130.2,104.09,3.19,25.23,100.5,117.69,122.97,122.97,0,,,100.5,,0,,0,,,,,
2013-03-25,106.67,107.57,104.53,105.08,3498940,130.02,104.09,3.18,24.97,100.35,117.14,122.97,122.97,0,,,100.35,,0,,0,,,,,
2013-03-26,104.38,105.41,103.09,103.36,3378325,129.83,103.09,3.12,23.1,98.95,116.5,122.97,122.97,0,,,98.95,,0,,0,,,,,
2013-03-28,103.06,104.88,102.04,103.65,6371106,129.65,102.04,3.1,24.13,98.8,115.94,122.97,122.97,0,,,98.8,,0,,0,,,,,
2013-04-01,104.79,107.98,104.7,106.87,4624206,129.49,102.04,3.19,34.58,100.82,115.53,122.07,122.97,0,,,100.82,,0,,0,,,,,
2013-04-02,105.99,108.92,105.99,108.39,2877696,129.33,102.04,3.17,38.86,101.81,115.15,122.07,122.07,0,,,101.81,,0,,0,,,,,
2013-04-03,108.63,110.91,106.17,107.05,5142102,129.16,102.04,3.28,36.59,100.87,114.67,122.07,122.07,0,,,100.87,,0,,0,,,,,
2013-04-04,105.99,106.52,103.83,104.32,4192224,128.97,102.04,3.28,32.43,99.12,114.0,122.07,122.07,0,,,99.12,,0,,0,,,,,
2013-04-05,104.82,105.96,103.3,104.12,3239782,128.79,102.04,3.23,32.14,99.02,113.36,122.07,122.07,0,,,99.02,,0,,0,,,,,
2013-04-08,104.53,107.92,103.06,106.87,9079623,128.64,102.04,3.35,40.04,100.71,112.89,122.07,122.07,0,,,100.71,,0,,0,,,,,
2013-04-09,107.31,108.51,104.35,104.67,5139159,128.5,102.04,3.41,36.39,99.25,112.39,122.07,122.07,0,,,99.25,,0,,0,,,,,
2013-04-10,105.14,105.67,102.77,104.18,3739038,128.37,102.04,3.37,35.61,98.96,111.81,120.72,122.07,0,,,98.96,,0,,0,,,,,
2013-04-11,104.82,105.32,103.42,104.38,2513319,128.23,102.04,3.26,36.21,99.16,111.34,118.0,120.72,0,,,99.16,,0,,0,,,,,
2013-04-12,103.12,106.52,103.06,105.17,3632983,128.12,102.04,3.28,38.64,99.66,110.82,118.0,118.0,0,,,99.66,,0,,0,,,,,
2013-04-15,104.24,106.26,103.94,104.44,3592893,128.0,102.04,3.21,37.23,99.24,110.37,118.0,118.0,0,,,99.24,,0,,0,,,,,
2013-04-16,104.41,107.31,104.18,106.75,4742962,127.88,102.04,3.2,44.18,100.73,110.01,115.95,118.0,0,,,100.73,,0,,0,,,,,
2013-04-17,107.19,108.33,106.52,107.37,4517581,127.81,102.04,3.11,45.91,101.2,109.68,115.04,115.95,0,,,101.2,,0,,0,,,,,
2013-04-18,107.28,109.18,106.67,108.83,5280810,127.75,102.04,3.06,49.86,102.17,109.42,110.91,115.04,0,,,102.17,,0,,0,,,,,
2013-04-22,109.21,112.43,109.07,112.05,6387552,127.71,102.77,3.1,57.26,104.46,109.2,112.43,110.91,0,,,104.46,,0,,0,,,,,
2013-04-23,112.38,113.11,109.27,110.5,4963905,127.68,102.77,3.15,53.19,103.43,108.86,113.11,112.43,0,,,103.43,,0,,0,,,,,
2013-04-25,111.38,114.07,109.27,112.76,6676713,127.65,102.77,3.27,57.89,104.81,108.57,114.07,113.11,0,,,104.81,,0,,0,,,,,
2013-04-26,112.55,112.61,109.97,110.56,2895100,127.63,102.77,3.24,52.37,103.41,108.25,114.07,114.07,0,,,103.41,,0,,0,,,,,
2013-04-29,111.15,112.67,110.97,112.2,2281536,127.6,102.77,3.16,55.76,104.52,108.07,114.07,114.07,0,,,104.52,,0,,0,,,,,
2013-04-30,112.61,113.78,109.86,112.87,3915544,127.56,102.77,3.21,57.1,104.92,107.98,114.07,114.07,0,,,104.92,,0,,0,,,,,
2013-05-02,113.02,113.46,111.26,112.02,3866035,127.48,102.77,3.14,54.83,104.42,107.84,114.07,114.07,0,,,104.42,,0,,0,,,,,
2013-05-03,112.23,113.78,110.44,112.23,3470923,127.36,102.77,3.15,55.3,104.54,107.71,114.07,114.07,0,,,104.54,,0,,0,,,,,
2013-05-06,111.58,114.13,111.58,113.22,3194988,127.28,103.06,3.11,57.56,105.31,107.66,114.13,114.07,0,,,105.31,,0,,0,,,,,
2013-05-07,113.46,115.48,113.46,115.13,3818871,127.15,103.06,3.05,61.58,106.58,107.88,115.48,114.13,0,,,106.58,,0,,0,,,,,
2013-05-08,115.48,115.68,113.37,114.4,2500089,126.95,103.94,3.0,59.27,106.44,108.13,115.68,115.48,0,,,106.44,,0,,0,,,,,
2013-05-09,114.28,115.89,112.79,114.75,4015885,126.74,104.18,3.0,60.04,106.74,108.45,115.89,115.68,0,,,106.74,,0,,0,,,,,
2013-05-10,114.48,116.27,114.45,115.36,3336679,126.53,106.52,2.92,61.42,107.97,108.79,116.27,115.89,0,,,107.97,,0,,0,,,,,
2013-05-13,114.25,114.95,111.26,111.5,2777857,126.31,106.67,3.0,49.73,105.47,109.0,116.27,116.27,0,,,105.47,,0,,0,,,,,
2013-05-14,111.97,111.99,109.97,110.5,2785570,126.09,109.07,2.93,47.22,105.67,109.24,116.27,116.27,0,,,105.67,,0,,0,,,,,
2013-05-15,111.0,112.35,110.94,112.05,4048284,125.87,109.27,2.86,51.32,106.79,109.52,116.27,116.27,0,,,106.79,,0,,0,,,,,
2013-05-16,112.17,113.96,111.64,113.43,2228955,125.66,109.27,2.82,54.69,107.71,109.74,116.27,116.27,0,,,107.71,,0,,0,,,,,
2013-05-17,113.72,119.58,112.14,118.23,6796039,125.42,109.86,3.15,64.03,110.78,110.06,119.58,116.27,0,,,110.78,,0,,0,,,,,
2013-05-20,119.72,120.05,117.41,118.44,5763720,125.19,109.86,3.11,64.38,110.94,110.44,120.05,119.58,0,,,110.94,,0,,0,,,,,
2013-05-21,118.29,121.74,117.7,120.63,8399919,125.01,109.86,3.18,67.85,112.31,110.99,121.74,120.05,0,,,112.31,,0,,0,,,,,
2013-05-22,121.22,121.74,118.47,119.31,5408031,124.83,109.97,3.18,63.81,111.49,111.49,121.74,121.74,0,,,111.49,,0,,0,,,,,
2013-05-23,118.0,118.0,111.88,114.6,8156986,124.65,109.97,3.49,51.94,108.25,111.75,121.74,121.74,0,,,108.25,,0,,0,,,,,
2013-05-24,115.36,116.24,111.44,112.76,4511340,124.43,109.97,3.58,48.17,107.0,112.02,121.74,121.74,0,,,107.0,,0,,0,,,,,
2013-05-27,112.55,115.63,111.94,115.33,2724412,124.25,109.97,3.59,53.27,108.65,112.39,121.74,121.74,0,,,108.65,,0,,0,,,,,
2013-05-28,115.42,120.05,113.69,119.37,7642035,124.08,109.97,3.79,59.95,111.13,112.89,121.74,121.74,0,,,111.13,,0,,0,,,,,
2013-05-29,119.61,120.28,116.15,119.4,5878839,123.93,109.97,3.81,59.99,111.13,113.37,121.74,121.74,0,,,111.13,,0,,0,,,,,
2013-05-30,118.38,120.69,117.35,120.37,5727033,123.78,109.97,3.78,61.52,111.78,113.9,121.74,121.74,0,,,111.78,,0,,0,,,,,
2013-05-31,119.52,120.31,116.65,117.44,4882840,123.61,109.97,3.77,54.72,109.89,114.25,121.74,121.74,0,,,109.89,,0,,0,,,,,
2013-06-03,117.12,118.2,114.89,115.36,2540589,123.44,109.97,3.74,50.45,108.57,114.52,121.74,121.74,0,,,108.57,,0,,0,,,,,
2013-06-04,115.13,116.97,113.61,114.4,2965047,123.26,110.94,3.71,48.57,108.29,114.71,121.74,121.74,0,,,108.29,,0,,0,,,,,
2013-06-05,113.66,114.48,113.08,113.87,2197710,123.1,111.44,3.55,47.52,108.23,114.77,121.74,121.74,0,,,108.23,,0,,0,,,,,
2013-06-06,113.22,114.37,112.11,112.58,3799168,122.92,111.44,3.46,44.96,107.46,114.84,121.74,121.74,0,,,107.46,,0,,0,,,,,
2013-06-07,112.05,113.9,110.59,110.91,3456174,122.78,110.59,3.45,41.82,106.1,114.77,121.74,121.74,0,,,106.1,,0,,0,,,,,
2013-06-10,111.56,112.43,107.16,107.87,3356388,122.62,107.16,3.58,36.79,102.91,114.68,121.74,121.74,0,,,102.91,,0,,0,,,,,
2013-06-11,106.58,108.92,105.9,106.11,2858895,122.45,105.9,3.54,34.22,101.38,114.48,121.74,121.74,0,,,101.38,,0,,0,,,,,
2013-06-12,105.58,107.57,104.44,105.03,2758894,122.28,104.44,3.51,32.71,100.22,114.22,121.74,121.74,0,,,100.22,,0,,0,,,,,
2013-06-13,104.26,104.56,102.07,102.54,3164722,122.07,102.07,3.47,29.49,97.85,113.9,121.74,121.74,0,,,97.85,,0,,0,,,,,
2013-06-14,103.27,104.91,102.39,103.15,3253302,121.87,102.07,3.4,31.28,98.29,113.6,121.74,121.74,0,,,98.29,,0,,0,,,,,
2013-06-17,103.42,107.46,102.83,106.84,3572899,121.68,102.07,3.49,41.02,100.61,113.39,121.74,121.74,0,,,100.61,,0,,0,,,,,
2013-06-18,106.81,107.95,105.41,105.82,2836603,121.47,102.07,3.42,39.36,100.0,113.08,121.74,121.74,0,,,100.0,,0,,0,,,,,
2013-06-19,105.82,106.87,104.73,105.55,2923984,121.26,102.07,3.33,38.91,99.88,112.78,120.69,121.74,0,,,99.88,,0,,0,,,,,
2013-06-20,104.24,104.38,99.9,100.34,4334668,121.03,99.9,3.49,31.45,95.69,112.3,120.69,120.69,0,,,95.69,,0,,0,,,,,
2013-06-21,100.08,102.24,98.38,99.73,4329214,120.79,98.38,3.52,30.71,94.77,111.78,120.69,120.69,0,,,94.77,,0,,0,,,,,
2013-06-24,99.23,99.49,96.21,96.89,4289305,120.53,96.21,3.52,27.46,92.22,111.3,120.69,120.69,0,,,92.22,,0,,0,,,,,
2013-06-25,96.74,98.32,94.9,95.57,5458032,120.28,94.9,3.51,26.08,90.93,110.8,120.69,120.69,0,,,90.93,,0,,0,,,,,
2013-06-26,96.33,97.5,95.25,95.57,4464093,120.03,94.9,3.42,26.08,90.99,110.25,120.69,120.69,0,,,90.99,,0,,0,,,,,
2013-06-27,96.77,97.21,94.92,95.42,6154270,119.78,94.9,3.34,25.9,90.95,109.65,120.31,120.69,0,,,90.95,,0,,0,,,,,
2013-06-28,96.62,102.54,96.33,102.04,7454647,119.6,94.9,3.61,43.57,95.04,109.11,118.2,120.31,0,,,95.04,,0,,0,,,,,
2013-07-01,102.48,105.41,102.48,104.97,3822502,119.45,94.9,3.59,49.33,96.94,108.66,116.97,118.2,0,,,96.94,,0,,0,,,,,
2013-07-02,104.97,108.74,102.48,107.51,6279046,119.3,94.9,3.79,53.74,98.45,108.22,114.48,116.97,0,,,98.45,,0,,0,,,,,
2013-07-03,105.88,106.43,102.86,104.7,4008208,119.14,94.9,3.85,48.69,96.6,107.73,114.37,114.48,0,,,96.6,,0,,0,,,,,
2013-07-04,105.82,105.99,101.04,102.36,5562250,118.96,94.9,3.93,44.91,95.04,107.33,113.9,114.37,0,,,95.04,,0,,0,,,,,
2013-07-05,103.74,105.11,102.24,104.65,3706459,118.79,94.9,3.85,49.08,96.57,107.06,112.43,113.9,0,,,96.57,,0,,0,,,,,
2013-07-08,103.65,107.75,102.04,107.02,5321985,118.6,94.9,3.98,53.04,98.01,106.78,108.92,112.43,0,,,98.01,,0,,0,,,,,
2013-07-09,107.98,110.44,107.31,109.36,4609821,118.41,94.9,3.94,56.62,99.54,106.45,110.44,108.92,0,,,99.54,,0,,0,,,,,
2013-07-10,109.77,110.06,107.28,107.87,3549519,118.21,94.9,3.86,53.81,98.64,106.06,110.44,110.44,0,,,98.64,,0,,0,,,,,
2013-07-11,109.68,110.62,108.13,109.21,3748863,118.02,94.9,3.78,55.93,99.55,105.69,110.62,110.44,0,,,99.55,,0,,0,,,,,
2013-07-12,108.92,110.91,108.42,110.24,3254349,117.82,94.9,3.69,57.55,100.28,105.45,110.91,110.62,0,,,100.28,,0,,0,,,,,
2013-07-15,109.74,110.68,108.19,109.01,3148645,117.61,94.9,3.6,54.95,99.54,105.24,110.91,110.91,0,,,99.54,,0,,0,,,,,
2013-07-16,107.46,108.6,105.88,107.11,2788087,117.38,94.92,3.57,51.12,98.35,104.99,110.91,110.91,0,,,98.35,,0,,0,,,,,
2013-07-17,107.16,109.51,106.05,107.05,3536179,117.18,94.92,3.56,51.0,98.31,104.77,110.91,110.91,0,,,98.31,,0,,0,,,,,
2013-07-18,106.81,111.58,106.81,110.97,5158272,117.02,96.33,3.65,57.99,101.25,104.71,111.58,110.91,0,,,101.25,,0,,0,,,,,
2013-07-19,110.97,111.26,100.87,101.72,18989812,116.82,100.87,4.13,42.56,96.48,104.41,111.58,111.58,0,,,96.48,,0,,0,,,,,
2013-07-22,101.78,101.78,93.93,94.51,18634459,116.58,93.93,4.4,34.79,89.34,103.96,111.58,111.58,0,,,89.34,,0,,0,,,,,
2013-07-23,94.75,97.33,94.37,96.59,10699099,116.37,93.93,4.29,38.29,90.75,103.64,111.58,111.58,0,,,90.75,,0,,0,,,,,
2013-07-24,96.51,97.3,94.34,95.51,5577600,116.11,93.93,4.2,37.18,90.12,103.33,111.58,111.58,0,,,90.12,,0,,0,,,,,
2013-07-25,95.45,95.86,92.03,92.85,7543113,115.83,92.03,4.17,34.51,87.78,103.0,111.58,111.58,0,,,87.78,,0,,0,,,,,
2013-07-26,93.69,94.28,91.38,93.02,4507434,115.55,91.38,4.08,34.83,87.74,102.67,111.58,111.58,0,,,87.74,,0,,0,,,,,
2013-07-29,93.67,94.16,91.65,91.94,3079539,115.29,91.38,3.97,33.7,87.12,102.17,111.58,111.58,0,,,87.12,,0,,0,,,,,
2013-07-30,91.38,92.9,89.07,89.33,3152044,115.0,89.07,3.96,31.07,84.67,101.62,111.58,111.58,0,,,84.67,,0,,0,,,,,
2013-07-31,88.42,93.29,86.81,92.7,5223540,114.73,86.81,4.14,37.82,85.97,101.19,111.58,111.58,0,,,85.97,,0,,0,,,,,
2013-08-01,92.03,94.08,87.49,88.19,5340520,114.44,86.81,4.31,33.14,82.94,100.79,111.58,111.58,0,,,82.94,,0,,0,,,,,
2013-08-02,87.9,90.03,86.52,87.6,4641553,114.15,86.52,4.26,32.57,82.5,100.38,111.58,111.58,0,,,82.5,,0,,0,,,,,
2013-08-05,81.28,81.4,70.18,70.74,33288564,113.74,70.18,5.2,21.33,65.56,99.51,111.58,111.58,0,,,65.56,,0,,0,,,,,
2013-08-06,70.27,70.39,65.24,65.94,29238318,113.28,65.24,5.22,19.29,60.8,98.52,111.58,111.58,0,,,60.8,,0,,0,,,,,
2013-08-07,66.2,68.51,66.2,67.72,10314940,112.81,65.24,5.03,22.26,62.07,97.6,111.58,111.58,0,,,62.07,,0,,0,,,,,
2013-08-08,68.37,69.86,66.58,68.75,8154894,112.34,65.24,4.9,24.01,62.82,96.71,111.58,111.58,0,,,62.82,,0,,0,,,,,
2013-08-12,69.57,71.91,66.96,70.21,9716893,111.87,65.24,4.91,26.52,63.76,95.64,111.58,111.58,0,,,63.76,,0,,0,,,,,
2013-08-13,69.63,72.53,68.72,70.8,8643034,111.42,65.24,4.83,27.56,64.19,94.51,111.58,111.58,0,,,64.19,,0,,0,,,,,
2013-08-14,71.56,71.79,67.93,69.42,9880539,110.94,65.24,4.76,26.61,63.35,93.24,111.58,111.58,0,,,63.35,,0,,0,,,,,
2013-08-16,68.51,69.25,61.28,61.81,21924972,110.43,61.28,5.0,22.08,56.96,91.81,111.58,111.58,0,,,56.96,,0,,0,,,,,
2013-08-19,61.84,62.07,58.94,60.37,18625441,109.94,58.94,4.87,21.34,55.34,90.41,111.26,111.58,0,,,55.34,,0,,0,,,,,
2013-08-20,59.88,61.28,58.65,59.35,24627702,109.46,58.65,4.71,20.81,54.69,88.9,101.78,111.26,0,,,54.69,,0,,0,,,,,
2013-08-21,60.32,63.98,60.32,61.43,20582248,108.98,58.65,4.7,24.92,56.04,87.38,97.33,101.78,0,,,56.04,,0,,0,,,,,
2013-08-22,60.84,63.65,60.14,62.92,9752724,108.52,58.65,4.62,27.81,57.06,85.83,97.3,97.33,0,,,57.06,,0,,0,,,,,
2013-08-23,63.48,68.69,63.04,67.99,23794407,108.1,58.65,4.7,36.74,60.27,84.5,95.86,97.3,0,,,60.27,,0,,0,,,,,
2013-08-26,69.22,73.17,68.57,72.56,24635890,107.71,58.65,4.73,43.51,63.2,83.28,94.28,95.86,0,,,63.2,,0,,0,,,,,
2013-08-27,72.03,74.31,64.56,65.15,24610020,107.27,58.65,5.09,36.66,58.18,81.78,94.16,94.28,0,,,58.18,,0,,0,,,,,
2013-08-28,64.42,67.75,61.37,66.67,28889868,106.82,58.65,5.18,38.79,59.1,80.36,94.08,94.16,0,,,59.1,,0,,0,,,,,
2013-08-29,67.64,69.6,65.59,68.92,14008242,106.39,58.65,5.1,41.9,60.6,79.09,94.08,94.08,0,,,60.6,,0,,0,,,,,
2013-08-30,69.39,70.71,67.72,69.69,11148094,105.96,58.65,4.95,42.97,61.2,77.85,94.08,94.08,0,,,61.2,,0,,0,,,,,
2013-09-02,70.07,71.44,69.42,70.77,6281337,105.55,58.65,4.74,44.52,62.04,76.51,90.03,94.08,0,,,62.04,,0,,0,,,,,
2013-09-03,71.21,73.73,69.33,69.8,15287476,105.13,58.65,4.72,43.38,61.43,75.44,81.4,90.03,0,,,61.43,,0,,0,,,,,
2013-09-04,69.89,75.19,69.89,74.52,17444079,104.74,58.65,4.76,50.06,64.44,74.78,75.19,81.4,0,,,64.44,,0,,0,,,,,
2013-09-05,75.92,81.66,74.96,80.84,19873774,104.42,58.65,4.93,57.31,68.4,74.25,81.66,75.19,0,,,68.4,,0,,0,,,,,
2013-09-06,82.27,86.08,80.96,85.33,18427747,104.13,58.65,4.96,61.59,71.28,73.91,86.08,81.66,0,,,71.28,,0,,0,,,,,
2013-09-10,86.26,88.0,82.24,85.75,17765553,103.82,58.65,5.01,61.97,71.52,73.67,88.0,86.08,0,,,71.52,,0,,0,,,,,
2013-09-11,83.92,85.63,82.6,84.4,11846881,103.51,60.14,4.88,59.9,71.23,73.39,88.0,88.0,0,,,71.23,,0,,0,,,,,
2013-09-12,84.67,86.08,80.39,80.93,11889318,103.2,60.14,4.94,54.83,68.95,73.02,88.0,88.0,0,,,68.95,,0,,0,,,,,
2013-09-13,80.87,86.08,80.39,85.69,14119531,102.95,61.37,4.99,59.85,72.4,72.9,88.0,88.0,0,,,72.4,,0,,0,,,,,
2013-09-16,86.89,87.49,80.87,81.38,9514197,102.68,61.37,5.11,54.0,69.54,72.52,88.0,88.0,0,,,69.54,,0,,0,,,,,
2013-09-17,80.39,82.72,79.28,81.91,8953179,102.42,61.37,4.99,54.59,69.96,72.31,88.0,88.0,0,,,69.96,,0,,0,,,,,
2013-09-18,82.48,82.72,75.71,77.84,17509488,102.12,61.37,5.13,49.37,67.24,71.99,88.0,88.0,0,,,67.24,,0,,0,,,,,
2013-09-19,81.44,81.59,78.65,80.3,14005572,101.85,65.59,5.03,52.34,70.3,72.31,88.0,88.0,0,,,70.3,,0,,0,,,,,
2013-09-20,80.27,83.14,78.11,81.29,23108782,101.58,67.72,5.03,53.52,71.65,72.82,88.0,88.0,0,,,71.65,,0,,0,,,,,
2013-09-23,80.27,81.2,77.18,77.66,9646699,101.29,69.33,4.97,48.75,69.89,73.15,88.0,88.0,0,,,69.89,,0,,0,,,,,
2013-09-24,76.97,80.69,76.43,78.77,14163097,101.02,69.33,4.92,50.21,70.64,73.48,88.0,88.0,0,,,70.64,,0,,0,,,,,
2013-09-25,78.83,86.86,78.65,85.87,32685085,100.79,69.89,5.15,58.38,75.25,74.0,88.0,88.0,0,,,75.25,,0,,0,,,,,
2013-09-26,85.87,91.72,84.58,90.43,40508775,100.59,74.96,5.29,62.62,79.78,74.66,91.72,88.0,0,,,79.78,,0,,0,,,,,
2013-09-27,89.11,89.98,84.88,86.23,14462301,100.33,75.71,5.31,56.87,77.31,75.22,91.72,91.72,0,,,77.31,,0,,0,,,,,
2013-09-30,83.98,84.49,81.23,82.42,9420366,100.06,75.71,5.29,52.19,74.87,75.91,91.72,91.72,0,,,74.87,,0,,0,,,,,
2013-10-01,83.41,86.32,83.41,84.67,11157711,99.82,75.71,5.19,54.57,76.39,76.72,91.72,91.72,0,,,76.39,,0,,0,,,,,
2013-10-03,87.22,88.06,85.06,86.35,11265414,99.6,75.71,5.06,56.32,77.56,77.62,91.72,91.72,0,,,77.56,,0,,0,,,,,
2013-10-04,85.18,87.37,84.64,86.35,7227450,99.36,75.71,4.9,56.32,77.67,78.45,91.72,91.72,0,,,77.67,,0,,0,,,,,
2013-10-07,86.29,88.72,85.27,87.61,7629721,99.16,75.71,4.79,57.73,78.55,79.27,91.72,91.72,0,,,78.55,,0,,0,,,,,
2013-10-08,88.36,88.96,86.11,86.56,6281857,98.93,75.71,4.65,56.1,77.97,79.89,91.72,91.72,0,,,77.97,,0,,0,,,,,
2013-10-09,85.93,89.26,85.18,88.75,9335350,98.73,75.71,4.61,58.72,79.41,80.43,91.72,91.72,0,,,79.41,,0,,0,,,,,
2013-10-10,88.39,89.62,87.67,88.57,4921504,98.54,76.43,4.42,58.41,79.66,81.21,91.72,91.72,0,,,79.66,,0,,0,,,,,
2013-10-11,89.44,89.68,87.1,88.15,5027398,98.34,76.43,4.29,57.65,79.47,81.92,91.72,91.72,0,,,79.47,,0,,0,,,,,
2013-10-14,88.0,88.0,85.84,86.83,4980393,98.15,76.43,4.15,55.22,78.72,82.52,91.72,91.72,0,,,78.72,,0,,0,,,,,
2013-10-15,87.46,88.48,84.7,87.28,7964937,97.94,76.43,4.12,55.9,79.02,83.11,91.72,91.72,0,,,79.02,,0,,0,,,,,
2013-10-17,86.98,88.66,85.84,88.03,7961767,97.72,78.65,4.03,57.07,80.31,83.68,91.72,91.72,0,,,80.31,,0,,0,,,,,
2013-10-18,88.33,91.15,86.98,88.66,13393894,97.5,81.23,4.04,58.09,81.57,84.31,91.72,91.72,0,,,81.57,,0,,0,,,,,
2013-10-21,88.66,89.5,86.74,87.28,8018481,97.28,81.23,3.95,55.03,80.74,84.74,91.72,91.72,0,,,80.74,,0,,0,,,,,
2013-10-22,86.98,88.66,86.98,87.34,6855822,97.08,81.23,3.79,55.14,80.89,84.95,91.72,91.72,0,,,80.89,,0,,0,,,,,
2013-10-23,87.43,87.91,84.4,85.6,7778680,96.88,83.41,3.77,51.21,80.5,84.96,91.72,91.72,0,,,80.5,,0,,0,,,,,
2013-10-24,85.6,86.92,83.56,84.1,7820035,96.67,83.56,3.74,48.03,79.61,84.91,91.72,91.72,0,,,79.61,,0,,0,,,,,
2013-10-25,83.86,83.86,81.62,82.39,6149556,96.44,81.62,3.65,44.63,77.92,84.84,91.72,91.72,0,,,77.92,,0,,0,,,,,
2013-10-28,82.9,83.14,81.05,81.7,5083252,96.22,81.05,3.54,43.3,77.36,84.87,91.15,91.72,0,,,77.36,,0,,0,,,,,
2013-10-29,81.7,82.66,78.68,81.79,11760088,96.04,78.68,3.57,43.53,76.6,84.74,91.15,91.15,0,,,76.6,,0,,0,,,,,
2013-10-30,81.94,84.58,81.94,83.59,8879881,95.89,78.68,3.51,48.19,77.8,84.81,91.15,91.15,0,,,77.8,,0,,0,,,,,
2013-10-31,83.59,85.12,82.66,84.64,8929734,95.75,78.68,3.44,50.75,78.53,84.9,91.15,91.15,0,,,78.53,,0,,0,,,,,
2013-11-01,84.67,87.16,84.67,86.11,11696956,95.62,78.68,3.37,54.15,79.52,85.18,91.15,91.15,0,,,79.52,,0,,0,,,,,
2013-11-05,86.35,86.98,84.25,85.33,9660451,95.49,78.68,3.33,52.09,79.05,85.34,91.15,91.15,0,,,79.05,,0,,0,,,,,
2013-11-06,84.58,86.92,83.17,84.19,26332621,95.36,78.68,3.36,49.15,78.29,85.44,91.15,91.15,0,,,78.29,,0,,0,,,,,
2013-11-07,82.78,82.78,79.85,80.72,17531296,95.21,78.68,3.43,41.48,76.01,85.54,91.15,91.15,0,,,76.01,,0,,0,,,,,
2013-11-08,79.67,82.0,78.74,81.41,7370244,95.04,78.68,3.41,43.37,76.46,85.63,91.15,91.15,0,,,76.46,,0,,0,,,,,
2013-11-11,80.87,81.59,79.85,80.51,5136216,94.85,78.68,3.3,41.48,75.96,85.45,91.15,91.15,0,,,75.96,,0,,0,,,,,
2013-11-12,80.39,81.02,78.59,79.22,5354149,94.67,78.59,3.23,38.87,75.14,85.08,91.15,91.15,0,,,75.14,,0,,0,,,,,
2013-11-13,78.74,80.99,78.59,80.18,4555027,94.51,78.59,3.17,41.81,75.8,84.88,91.15,91.15,0,,,75.8,,0,,0,,,,,
2013-11-14,80.99,82.06,80.69,81.47,3587259,94.36,78.59,3.08,45.59,76.69,84.85,91.15,91.15,0,,,76.69,,0,,0,,,,,
2013-11-18,82.36,84.46,81.76,83.95,5538991,94.2,78.59,3.07,52.04,78.29,84.82,91.15,91.15,0,,,78.29,,0,,0,,,,,
2013-11-19,83.74,85.45,82.81,85.06,6323373,94.07,78.59,3.04,54.63,79.03,84.78,89.5,91.15,0,,,79.03,,0,,0,,,,,
2013-11-20,84.82,86.77,84.07,84.58,5870514,93.94,78.59,3.02,53.29,78.74,84.72,88.66,89.5,0,,,78.74,,0,,0,,,,,
2013-11-21,84.16,84.49,81.79,82.12,4283502,93.79,78.59,3.0,46.93,77.16,84.54,87.91,88.66,0,,,77.16,,0,,0,,,,,
2013-11-22,82.87,83.38,81.59,82.27,2828239,93.64,78.59,2.92,47.34,77.32,84.39,87.16,87.91,0,,,77.32,,0,,0,,,,,
2013-11-25,82.84,87.1,82.81,86.56,6090960,93.52,78.59,3.05,57.51,79.99,84.32,87.16,87.16,0,,,79.99,,0,,0,,,,,
2013-11-26,86.98,91.18,86.98,88.63,23751618,93.4,78.59,3.16,61.39,81.25,84.32,91.18,87.16,0,,,81.25,,0,,0,,,,,
2013-11-27,89.14,89.32,86.38,87.67,10913070,93.27,78.59,3.15,58.71,80.64,84.31,91.18,91.18,0,,,80.64,,0,,0,,,,,
2013-11-28,88.33,91.6,88.06,90.55,12763588,93.15,78.59,3.2,63.81,82.47,84.43,91.6,91.18,0,,,82.47,,0,,0,,,,,
2013-11-29,91.18,95.17,91.12,93.79,12523042,93.03,78.59,3.31,68.52,84.49,84.65,95.17,91.6,1,93.79,84.49,84.49,84.49,1,2013-11-29,0,,,17,,
2013-12-02,94.18,96.46,93.94,95.77,9962433,92.93,78.59,3.26,71.0,85.79,84.91,96.46,95.17,0,,,85.79,85.79,1,2013-11-29,0,,,17,,
2013-12-03,95.11,98.95,94.93,98.38,14865616,92.83,78.59,3.31,73.92,87.44,85.23,98.95,96.46,0,,,87.44,87.44,1,2013-11-29,0,,,17,,
2013-12-04,98.38,99.43,97.36,98.74,11136204,92.75,78.59,3.23,74.3,87.73,85.61,99.43,98.95,0,,,87.73,87.73,1,2013-11-29,0,,,17,,
2013-12-05,100.06,103.12,100.0,102.79,11775786,92.69,80.69,3.31,78.2,90.99,86.13,103.12,99.43,1,102.79,90.99,90.99,90.99,1,2013-11-29,0,,,17,,
2013-12-06,102.16,105.52,102.1,102.82,11091721,92.62,81.59,3.32,78.22,91.3,86.7,105.52,103.12,0,,,91.3,91.3,1,2013-11-29,0,,,17,,
2013-12-09,105.73,106.15,102.01,102.94,6645495,92.56,81.59,3.37,78.33,91.34,87.33,106.15,105.52,0,,,91.34,91.34,1,2013-11-29,0,,,17,,
2013-12-10,103.18,103.18,96.88,99.31,14914060,92.48,81.59,3.58,67.04,88.86,87.89,106.15,106.15,0,,,88.86,91.34,1,2013-11-29,0,,,17,,
2013-12-11,98.29,98.95,96.22,97.21,6110386,92.37,81.59,3.55,61.51,87.53,88.41,106.15,106.15,0,,,87.53,91.34,1,2013-11-29,0,,,17,,
2013-12-12,96.52,98.53,96.07,96.73,6646338,92.25,81.59,3.47,60.29,87.27,88.91,106.15,106.15,0,,,87.27,91.34,1,2013-11-29,0,,,17,,
2013-12-13,95.98,95.98,92.38,92.74,7762825,92.1,82.81,3.53,51.18,85.06,89.21,106.15,106.15,0,,,85.06,91.34,1,2013-11-29,0,,,17,,
2013-12-16,92.38,94.0,91.57,92.92,5547919,91.96,86.38,3.45,51.54,86.42,89.49,106.15,106.15,0,,,86.42,91.34,1,2013-11-29,1,91.96,SMA150_BREAK,17,12,-1.95
2013-12-17,93.7,94.75,92.02,92.59,4948243,91.81,86.38,3.4,50.8,86.25,89.7,106.15,106.15,0,,,86.25,,0,,0,,,,,
2013-12-18,91.93,98.77,91.93,98.14,10124725,91.72,88.06,3.65,60.86,90.22,90.13,106.15,106.15,0,,,90.22,,0,,0,,,,,
2013-12-19,98.77,99.76,95.53,97.54,8900961,91.63,91.12,3.69,59.45,90.83,90.58,106.15,106.15,0,,,90.83,,0,,0,,,,,
2013-12-20,97.0,100.3,96.7,99.67,5669056,91.55,91.57,3.68,62.76,92.35,91.21,106.15,106.15,0,,,92.35,,0,,0,,,,,
2013-12-23,99.67,102.85,99.31,101.5,5826727,91.47,91.57,3.67,65.37,93.54,91.88,106.15,106.15,0,,,93.54,,0,,0,,,,,
2013-12-24,101.92,104.08,101.62,103.72,4867990,91.37,91.57,3.6,68.28,95.03,92.65,106.15,106.15,0,,,95.03,,0,,0,,,,,
2013-12-26,104.38,105.49,103.24,104.86,10275691,91.28,91.57,3.5,69.69,95.83,93.51,106.15,106.15,0,,,95.83,,0,,0,,,,,
2013-12-27,104.26,104.68,102.88,103.93,3884490,91.17,91.57,3.39,67.07,95.3,94.3,106.15,106.15,0,,,95.3,,0,,0,,,,,
2013-12-30,104.08,108.7,102.88,107.62,8573215,91.09,91.57,3.56,71.62,97.56,95.17,108.7,106.15,1,107.62,97.56,97.56,97.56,1,2013-12-30,0,,,18,,
2013-12-31,108.49,108.55,105.49,106.12,6757911,91.04,91.57,3.53,67.54,96.62,95.91,108.7,108.7,0,,,96.62,97.56,1,2013-12-30,0,,,18,,
2014-01-01,106.33,106.66,104.77,105.22,2864473,90.99,91.57,3.41,65.14,96.12,96.58,108.7,108.7,0,,,96.12,97.56,1,2013-12-30,0,,,18,,
2014-01-02,104.98,106.6,100.9,101.8,4370070,90.9,91.57,3.57,56.86,93.8,97.16,108.7,108.7,0,,,93.8,97.56,1,2013-12-30,0,,,18,,
2014-01-03,100.99,100.99,98.32,99.25,5056587,90.76,91.57,3.57,51.6,92.16,97.73,108.7,108.7,0,,,92.16,97.56,1,2013-12-30,0,,,18,,
2014-01-06,99.25,100.78,98.17,98.56,4132305,90.62,91.57,3.5,50.24,91.76,98.27,108.7,108.7,0,,,91.76,97.56,1,2013-12-30,0,,,18,,
2014-01-07,99.16,102.13,98.08,98.98,9744445,90.48,91.93,3.54,51.08,92.13,98.68,108.7,108.7,0,,,92.13,97.56,1,2013-12-30,0,,,18,,
2014-01-08,99.19,99.46,97.33,97.72,5650831,90.35,91.93,3.44,48.44,91.38,98.99,108.7,108.7,0,,,91.38,97.56,1,2013-12-30,1,97.56,TRAILING_STOP,18,8,-9.35
2014-01-09,97.72,99.43,96.7,97.72,4226640,90.23,95.53,3.39,48.44,92.61,99.32,108.7,108.7,0,,,92.61,,0,,0,,,,,
2014-01-10,98.02,99.43,97.18,97.78,3201762,90.12,96.7,3.31,48.58,93.1,99.56,108.7,108.7,0,,,93.1,,0,,0,,,,,
2014-01-13,97.78,99.28,96.91,98.29,3468142,90.02,96.7,3.24,49.89,93.47,99.71,108.7,108.7,0,,,93.47,,0,,0,,,,,
2014-01-14,98.11,98.89,96.94,97.3,2964028,89.91,96.7,3.15,47.37,92.89,99.76,108.7,108.7,0,,,92.89,,0,,0,,,,,
2014-01-15,97.42,100.6,97.42,99.91,4527048,89.84,96.7,3.16,53.98,94.57,99.81,108.7,108.7,0,,,94.57,,0,,0,,,,,
2014-01-16,100.12,102.85,99.91,101.89,4818171,89.8,96.7,3.14,58.26,95.86,99.92,108.7,108.7,0,,,95.86,,0,,0,,,,,
2014-01-17,101.32,103.78,100.42,103.09,4835995,89.78,96.7,3.16,60.65,96.62,99.93,108.7,108.7,0,,,96.62,,0,,0,,,,,
2014-01-20,103.03,104.62,102.55,104.32,3176704,89.78,96.7,3.08,62.98,97.47,99.98,108.7,108.7,0,,,97.47,,0,,0,,,,,
2014-01-21,104.23,104.5,101.38,101.83,3635128,89.77,96.7,3.08,55.76,95.86,99.94,108.7,108.7,0,,,95.86,,0,,0,,,,,
2014-01-22,101.83,103.39,101.11,101.98,3932491,89.76,96.7,3.03,56.09,95.99,100.03,108.7,108.7,0,,,95.99,,0,,0,,,,,
2014-01-23,101.71,103.99,101.71,102.73,5236821,89.74,96.7,2.97,57.77,96.51,100.21,108.7,108.7,0,,,96.51,,0,,0,,,,,
2014-01-24,101.8,102.28,98.2,98.98,5405704,89.69,96.7,3.08,47.9,94.02,100.29,108.7,108.7,0,,,94.02,,0,,0,,,,,
2014-01-27,97.18,98.77,96.64,97.33,3192183,89.64,96.64,3.03,44.32,92.97,100.44,108.55,108.7,0,,,92.97,,0,,0,,,,,
2014-01-28,97.18,99.37,96.25,98.59,5004802,89.62,96.25,3.04,47.55,93.65,100.63,106.66,108.55,0,,,93.65,,0,,0,,,,,
2014-01-29,99.01,103.18,99.01,102.43,6238659,89.64,96.25,3.15,55.93,96.05,100.96,106.6,106.66,0,,,96.05,,0,,0,,,,,
2014-01-30,99.94,105.34,98.68,103.9,8804194,89.69,96.25,3.4,58.66,96.83,101.15,105.34,106.6,0,,,96.83,,0,,0,,,,,
2014-01-31,102.55,104.08,100.99,103.63,5714628,89.74,96.25,3.38,57.95,96.67,101.36,105.34,105.34,0,,,96.67,,0,,0,,,,,
2014-02-03,101.98,104.26,99.31,100.27,3797110,89.77,96.25,3.49,49.87,94.43,101.38,105.34,105.34,0,,,94.43,,0,,0,,,,,
2014-02-04,99.4,100.48,96.97,97.69,5314179,89.79,96.25,3.49,44.72,92.77,101.25,105.34,105.34,0,,,92.77,,0,,0,,,,,
2014-02-05,98.02,98.86,94.99,96.49,17779729,89.75,94.99,3.52,42.52,91.55,101.01,105.34,105.34,0,,,91.55,,0,,0,,,,,
2014-02-06,94.48,94.69,91.78,94.24,12363696,89.68,91.78,3.6,38.67,88.98,100.65,105.34,105.34,0,,,88.98,,0,,0,,,,,
2014-02-07,94.37,95.43,93.55,94.22,5098083,89.59,91.78,3.48,38.64,89.05,100.33,105.34,105.34,0,,,89.05,,0,,0,,,,,
2014-02-10,94.19,95.94,93.67,94.31,4629148,89.52,91.78,3.39,38.9,89.16,99.89,105.34,105.34,0,,,89.16,,0,,0,,,,,
2014-02-11,94.67,95.49,93.34,93.83,3596314,89.47,91.78,3.3,37.99,88.91,99.48,105.34,105.34,0,,,88.91,,0,,0,,,,,
2014-02-12,94.07,95.82,94.07,95.19,4737055,89.4,91.78,3.21,42.12,89.85,99.14,105.34,105.34,0,,,89.85,,0,,0,,,,,
2014-02-13,95.58,96.03,90.83,91.92,10423366,89.3,90.83,3.35,35.92,87.33,98.81,105.34,105.34,0,,,87.33,,0,,0,,,,,
2014-02-14,91.95,92.19,88.05,89.83,6756409,89.17,88.05,3.41,32.62,85.02,98.5,105.34,105.34,0,,,85.02,,0,,0,,,,,
2014-02-17,89.29,90.98,88.5,89.26,5467681,89.05,88.05,3.34,31.76,84.69,98.19,105.34,105.34,0,,,84.69,,0,,0,,,,,
2014-02-18,89.23,91.59,88.5,90.53,6881937,88.92,88.05,3.32,35.81,85.53,97.91,105.34,105.34,0,,,85.53,,0,,0,,,,,
2014-02-19,90.74,92.13,90.47,91.13,5276152,88.8,88.05,3.21,37.69,85.99,97.69,105.34,105.34,0,,,85.99,,0,,0,,,,,
2014-02-20,90.68,92.19,89.98,91.31,4378176,88.68,88.05,3.13,38.28,86.16,97.47,105.34,105.34,0,,,86.16,,0,,0,,,,,
2014-02-21,91.83,92.1,89.92,91.1,3499816,88.57,88.05,3.07,37.83,86.07,97.25,105.34,105.34,0,,,86.07,,0,,0,,,,,
2014-02-24,91.1,94.94,90.86,94.7,5156665,88.49,88.05,3.14,48.84,88.34,97.13,105.34,105.34,0,,,88.34,,0,,0,,,,,
2014-02-25,95.13,97.06,94.91,96.61,5661157,88.39,88.05,3.08,53.54,89.61,97.11,105.34,105.34,0,,,89.61,,0,,0,,,,,
2014-02-26,97.09,98.6,96.58,98.24,7522377,88.37,88.05,3.01,57.16,90.71,97.05,105.34,105.34,0,,,90.71,,0,,0,,,,,
2014-02-28,97.7,102.17,97.52,101.48,7416049,88.42,88.05,3.12,63.28,92.72,97.04,104.26,105.34,0,,,92.72,,0,,0,,,,,
2014-03-03,101.81,102.54,97.55,98.42,7164963,88.43,88.05,3.26,55.25,90.66,96.88,104.26,104.26,0,,,90.66,,0,,0,,,,,
2014-03-04,98.24,101.39,97.27,100.99,4917570,88.47,88.05,3.32,59.86,92.28,96.77,102.54,104.26,0,,,92.28,,0,,0,,,,,
2014-03-05,101.63,101.63,99.51,101.02,2834149,88.52,88.05,3.23,59.91,92.35,96.74,102.54,102.54,0,,,92.35,,0,,0,,,,,
2014-03-06,101.33,105.71,100.72,104.87,7038147,88.6,88.05,3.36,65.98,94.75,96.84,105.71,102.54,1,104.87,94.75,94.75,94.75,1,2014-03-06,0,,,19,,
2014-03-07,105.2,113.36,105.02,111.82,10707355,88.73,88.05,3.73,73.72,98.99,97.14,113.36,105.71,0,,,98.99,98.99,1,2014-03-06,0,,,19,,
2014-03-10,111.25,116.21,110.73,114.6,9683107,88.9,88.5,3.85,76.07,100.85,97.66,116.21,113.36,0,,,100.85,100.85,1,2014-03-06,0,,,19,,
2014-03-11,114.57,116.96,113.24,114.54,6766342,89.05,88.5,3.84,75.91,100.82,98.24,116.96,116.21,0,,,100.82,100.85,1,2014-03-06,0,,,19,,
2014-03-12,114.09,114.73,110.43,111.28,4641913,89.2,89.92,3.87,67.71,99.17,98.66,116.96,116.96,0,,,99.17,100.85,1,2014-03-06,0,,,19,,
2014-03-13,111.28,113.82,109.61,110.76,4907839,89.35,89.92,3.9,66.47,98.81,98.94,116.96,116.96,0,,,98.81,100.85,1,2014-03-06,0,,,19,,
2014-03-14,109.98,114.33,107.98,113.7,5171637,89.64,89.92,4.07,69.82,100.59,99.27,116.96,116.96,0,,,100.59,100.85,1,2014-03-06,0,,,19,,
2014-03-18,113.73,117.36,112.7,114.33,6925146,89.96,90.86,4.12,70.5,101.29,99.62,117.36,116.96,0,,,101.29,101.29,1,2014-03-06,0,,,19,,
2014-03-19,114.64,116.06,113.55,115.03,6574080,90.28,94.91,4.0,71.28,103.16,100.11,117.36,117.36,0,,,103.16,103.16,1,2014-03-06,0,,,19,,
2014-03-20,113.85,114.27,110.82,111.82,4437888,90.57,96.58,4.02,63.1,101.64,100.59,117.36,117.36,0,,,101.64,103.16,1,2014-03-06,0,,,19,,
2014-03-21,112.82,113.97,112.31,113.58,3667579,90.85,97.27,3.88,65.44,103.09,101.16,117.36,117.36,0,,,103.09,103.16,1,2014-03-06,0,,,19,,
2014-03-24,113.61,115.51,112.7,113.76,5199502,91.14,97.27,3.81,65.68,103.26,101.81,117.36,117.36,0,,,103.26,103.26,1,2014-03-06,0,,,19,,
2014-03-25,113.76,119.35,113.58,118.9,11275554,91.47,97.27,3.95,71.72,106.48,102.63,119.35,117.36,1,118.9,106.48,106.48,106.48,1,2014-03-06,0,,,19,,
2014-03-26,119.9,120.87,117.36,118.29,8442735,91.85,99.51,3.91,70.14,106.86,103.43,120.87,119.35,0,,,106.86,106.86,1,2014-03-06,0,,,19,,
2014-03-27,118.26,122.29,116.87,119.69,10342420,92.24,100.72,4.02,71.68,108.09,104.29,122.29,120.87,0,,,108.09,108.09,1,2014-03-06,0,,,19,,
2014-03-28,119.6,121.89,118.96,121.05,4071063,92.65,105.02,3.94,73.13,110.45,105.15,122.29,122.29,0,,,110.45,110.45,1,2014-03-06,0,,,19,,
2014-03-31,121.59,122.08,117.75,118.6,4769193,93.04,107.98,3.97,66.52,109.84,106.04,122.29,122.29,0,,,109.84,110.45,1,2014-03-06,0,,,19,,
2014-04-01,119.05,119.93,115.66,117.66,4674742,93.4,107.98,3.99,64.13,109.22,106.97,122.29,122.29,0,,,109.22,110.45,1,2014-03-06,0,,,19,,
2014-04-02,117.96,118.45,115.33,116.96,5888028,93.73,107.98,3.93,62.33,108.81,107.89,122.29,122.29,0,,,108.81,110.45,1,2014-03-06,0,,,19,,
2014-04-03,118.23,118.69,112.28,113.33,9786232,94.0,107.98,4.11,53.89,106.35,108.65,122.29,122.29,0,,,106.35,110.45,1,2014-03-06,0,,,19,,
2014-04-04,113.12,113.46,110.13,111.01,6468364,94.3,107.98,4.05,49.3,104.89,109.32,122.29,122.29,0,,,104.89,110.45,1,2014-03-06,1,110.45,TRAILING_STOP,19,21,5.32
2014-04-07,109.25,109.8,106.47,107.47,6800272,94.58,106.47,4.09,43.24,102.08,109.85,122.29,122.29,0,,,102.08,,0,,0,,,,,
2014-04-09,108.86,110.67,106.77,109.86,9131310,94.85,106.47,4.07,47.9,103.63,110.48,122.29,122.29,0,,,103.63,,0,,0,,,,,
2014-04-10,109.92,113.67,109.92,112.85,8661492,95.14,106.47,4.05,53.08,105.57,111.08,122.29,122.29,0,,,105.57,,0,,0,,,,,
2014-04-11,111.85,113.24,110.49,112.19,4721547,95.41,106.47,3.96,51.86,105.21,111.6,122.29,122.29,0,,,105.21,,0,,0,,,,,
2014-04-15,111.91,112.37,108.83,110.1,3621055,95.68,106.47,3.93,48.07,103.88,112.0,122.29,122.29,0,,,103.88,,0,,0,,,,,
2014-04-16,109.13,110.7,105.86,106.2,5150553,95.89,105.86,4.0,41.92,101.12,112.16,122.29,122.29,0,,,101.12,,0,,0,,,,,
2014-04-17,106.17,110.04,104.47,109.64,7827774,96.08,104.47,4.11,48.21,102.8,112.53,122.29,122.29,0,,,102.8,,0,,0,,,,,
2014-04-21,110.1,114.64,110.1,112.73,8056587,96.27,104.47,4.17,53.13,104.75,112.92,122.29,122.29,0,,,104.75,,0,,0,,,,,
2014-04-22,112.52,114.57,111.64,113.0,6023142,96.45,104.47,4.08,53.54,104.99,113.32,122.29,122.29,0,,,104.99,,0,,0,,,,,
2014-04-23,113.12,115.84,113.12,114.7,7167295,96.65,104.47,3.99,56.17,106.14,113.65,122.29,122.29,0,,,106.14,,0,,0,,,,,
2014-04-24,114.7,114.7,114.7,114.7,0,96.88,104.47,3.71,56.17,106.33,113.74,122.29,122.29,0,,,106.33,,0,,0,,,,,
2014-04-25,114.64,118.11,114.51,115.66,5576679,97.08,104.47,3.7,57.74,106.96,113.78,122.29,122.29,0,,,106.96,,0,,0,,,,,
2014-04-28,115.66,116.12,112.25,112.64,5462940,97.28,104.47,3.71,51.5,105.0,113.72,122.29,122.29,0,,,105.0,,0,,0,,,,,
2014-04-29,113.3,114.21,111.64,112.85,7314229,97.49,104.47,3.63,51.89,105.19,113.77,122.08,122.29,0,,,105.19,,0,,0,,,,,
2014-04-30,113.36,114.57,107.95,109.16,8698753,97.7,104.47,3.85,45.05,102.67,113.72,122.08,122.08,0,,,102.67,,0,,0,,,,,
2014-05-02,110.04,111.49,107.35,109.1,9850854,97.89,104.47,3.87,44.94,102.62,113.56,119.93,122.08,0,,,102.62,,0,,0,,,,,
2014-05-05,108.89,111.01,106.86,107.65,8306395,98.07,104.47,3.89,42.4,101.67,113.34,118.69,119.93,0,,,101.67,,0,,0,,,,,
2014-05-06,107.68,109.92,107.68,108.25,4882723,98.27,104.47,3.77,43.82,102.13,113.11,118.69,118.69,0,,,102.13,,0,,0,,,,,
2014-05-07,108.53,109.7,107.68,107.92,3198294,98.47,104.47,3.65,43.19,102.0,112.98,118.11,118.69,0,,,102.0,,0,,0,,,,,
2014-05-08,108.28,112.28,108.28,111.46,5651872,98.64,104.47,3.7,51.27,104.25,112.91,118.11,118.11,0,,,104.25,,0,,0,,,,,
2014-05-09,112.76,117.96,111.73,117.39,8554375,98.82,104.47,3.9,61.22,107.94,113.03,118.11,118.11,0,,,107.94,,0,,0,,,,,
2014-05-12,117.96,122.08,117.66,120.17,7536306,99.04,106.86,3.95,64.84,110.49,113.08,122.08,118.11,1,120.17,110.49,110.49,110.49,1,2014-05-12,0,,,20,,
2014-05-13,120.93,139.01,120.84,132.45,33699136,99.38,106.86,5.02,75.66,117.71,113.55,139.01,122.08,0,,,117.71,117.71,1,2014-05-12,0,,,20,,
2014-05-14,133.69,134.02,127.94,130.91,11088304,99.68,106.86,5.09,72.64,116.66,113.92,139.01,139.01,0,,,116.66,117.71,1,2014-05-12,0,,,20,,
2014-05-15,131.27,135.99,129.61,131.94,10113084,99.99,106.86,5.19,73.41,117.26,114.29,139.01,139.01,0,,,117.26,117.71,1,2014-05-12,0,,,20,,
2014-05-16,136.9,142.16,134.51,140.1,18096501,100.35,106.86,5.54,78.53,122.29,115.0,142.16,139.01,1,140.1,122.29,122.29,122.29,1,2014-05-12,0,,,20,,
2014-05-19,139.8,165.15,139.77,161.25,34897689,100.84,106.86,6.96,86.03,134.99,116.45,165.15,142.16,0,,,134.99,134.99,1,2014-05-12,0,,,20,,
2014-05-20,162.12,174.1,156.65,168.05,33974839,101.38,106.86,7.71,87.54,138.87,118.16,174.1,165.15,0,,,138.87,138.87,1,2014-05-12,0,,,20,,
2014-05-21,168.05,169.84,161.15,163.97,17540931,101.88,106.86,7.78,81.83,136.19,119.85,174.1,174.1,0,,,136.19,138.87,1,2014-05-12,0,,,20,,
2014-05-22,165.39,166.24,158.04,159.34,12792403,102.35,106.86,7.81,75.79,133.19,121.46,174.1,174.1,0,,,133.19,138.87,1,2014-05-12,0,,,20,,
2014-05-23,160.61,169.11,160.52,164.63,16355884,102.86,106.86,7.95,77.81,136.51,123.36,174.1,174.1,0,,,136.51,138.87,1,2014-05-12,0,,,20,,
2014-05-26,166.36,176.34,151.93,156.77,27697570,103.33,107.68,9.13,68.66,130.93,124.93,176.34,174.1,0,,,130.93,138.87,1,2014-05-12,0,,,20,,
2014-05-27,156.77,157.1,145.49,148.6,17926338,103.74,107.68,9.3,60.68,125.54,126.12,176.34,176.34,0,,,125.54,138.87,1,2014-05-12,0,,,20,,
2014-05-28,149.63,155.38,148.36,150.54,13141699,104.16,108.28,9.14,61.81,127.1,127.4,176.34,176.34,0,,,127.1,138.87,1,2014-05-12,0,,,20,,
2014-05-29,150.02,152.23,145.82,147.18,21641911,104.55,111.73,8.95,58.65,126.21,128.63,176.34,176.34,0,,,126.21,138.87,1,2014-05-12,0,,,20,,
2014-05-30,147.18,152.75,145.79,146.52,11150736,104.94,117.66,8.8,58.03,127.86,129.98,176.34,176.34,0,,,127.86,138.87,1,2014-05-12,0,,,20,,
2014-06-02,147.6,151.84,146.76,150.39,10569531,105.36,120.84,8.55,60.68,131.58,131.33,176.34,176.34,0,,,131.58,138.87,1,2014-05-12,0,,,20,,
2014-06-03,151.29,156.22,148.21,155.68,17624563,105.83,127.94,8.52,64.03,137.38,132.77,176.34,176.34,0,,,137.38,138.87,1,2014-05-12,0,,,20,,
2014-06-04,157.28,159.1,154.71,155.83,10828987,106.31,129.61,8.22,64.12,138.23,134.19,176.34,176.34,0,,,138.23,138.87,1,2014-05-12,0,,,20,,
2014-06-05,157.1,159.4,154.32,157.56,13188135,106.81,134.51,8.0,65.24,141.13,135.62,176.34,176.34,0,,,141.13,141.13,1,2014-05-12,0,,,20,,
2014-06-06,159.01,159.7,155.62,158.95,11948568,107.32,139.77,7.72,66.16,143.97,137.1,176.34,176.34,0,,,143.97,143.97,1,2014-05-12,0,,,20,,
2014-06-09,159.76,161.06,157.89,159.07,10944765,107.84,145.49,7.39,66.24,146.17,138.54,176.34,176.34,0,,,146.17,146.17,1,2014-05-12,0,,,20,,
2014-06-10,160.55,160.79,152.14,154.74,11136172,108.31,145.49,7.48,60.51,143.32,139.95,176.34,176.34,0,,,143.32,146.17,1,2014-05-12,0,,,20,,
2014-06-11,155.2,157.16,148.21,149.54,12415170,108.74,145.49,7.59,54.41,139.89,141.17,176.34,176.34,0,,,139.89,146.17,1,2014-05-12,0,,,20,,
2014-06-12,149.42,150.45,145.34,147.39,8950740,109.15,145.34,7.41,52.08,138.57,142.44,176.34,176.34,0,,,138.57,146.17,1,2014-05-12,1,146.17,TRAILING_STOP,20,24,21.63
2014-06-13,148.21,152.87,141.07,143.82,15149605,109.54,141.07,7.72,48.36,134.64,143.6,176.34,176.34,0,,,134.64,,0,,0,,,,,
2014-06-16,143.97,146.58,140.41,145.82,9857023,109.95,140.41,7.61,50.49,135.78,144.87,176.34,176.34,0,,,135.78,,0,,0,,,,,
2014-06-17,146.3,150.69,143.88,149.9,11411839,110.41,140.41,7.56,54.6,138.45,146.26,176.34,176.34,0,,,138.45,,0,,0,,,,,
2014-06-18,150.33,151.48,144.03,146.0,9088167,110.85,140.41,7.55,50.3,135.94,147.53,176.34,176.34,0,,,135.94,,0,,0,,,,,
2014-06-19,146.39,149.06,144.58,145.73,8336601,111.28,140.41,7.33,50.01,135.91,148.67,176.34,176.34,0,,,135.91,,0,,0,,,,,
2014-06-20,144.28,147.91,143.46,144.46,5941701,111.72,140.41,7.12,48.57,135.23,149.58,176.34,176.34,0,,,135.23,,0,,0,,,,,
2014-06-23,144.28,148.51,144.03,147.82,7192536,112.17,140.41,6.93,52.46,137.52,150.5,161.06,176.34,0,,,137.52,,0,,0,,,,,
2014-06-24,148.51,152.32,148.51,151.42,12964896,112.63,140.41,6.76,56.28,139.96,151.13,161.06,161.06,0,,,139.96,,0,,0,,,,,
2014-06-25,152.44,153.9,150.33,151.14,9003489,113.08,140.41,6.53,55.9,139.93,151.8,161.06,161.06,0,,,139.93,,0,,0,,,,,
2014-06-26,151.84,154.56,150.69,151.96,14638425,113.53,140.41,6.34,56.81,140.59,152.47,161.06,161.06,0,,,140.59,,0,,0,,,,,
2014-06-27,152.08,152.99,146.85,147.88,8087898,113.95,140.41,6.33,51.16,137.97,152.73,161.06,161.06,0,,,137.97,,0,,0,,,,,
2014-06-30,148.51,152.14,148.51,151.42,7637700,114.41,140.41,6.18,55.31,140.35,152.4,161.06,161.06,0,,,140.35,,0,,0,,,,,
2014-07-01,152.38,154.14,151.78,152.72,6656943,114.88,140.41,5.93,56.77,141.35,151.89,161.06,161.06,0,,,141.35,,0,,0,,,,,
2014-07-02,154.26,158.01,153.41,156.92,11638029,115.35,140.41,5.89,61.17,144.09,151.66,161.06,161.06,0,,,144.09,,0,,0,,,,,
2014-07-03,158.43,159.07,155.5,157.95,11313343,115.81,140.41,5.72,62.18,144.87,151.61,161.06,161.06,0,,,144.87,,0,,0,,,,,
2014-07-04,158.58,159.55,155.65,159.04,10454680,116.29,140.41,5.59,63.28,145.66,151.43,161.06,161.06,0,,,145.66,,0,,0,,,,,
2014-07-07,159.7,161.03,158.22,160.22,7781970,116.75,143.46,5.39,64.48,147.57,151.54,161.03,161.06,0,,,147.57,,0,,0,,,,,
2014-07-08,160.67,161.28,144.55,146.94,14821774,117.11,143.46,6.2,46.19,138.46,151.49,161.28,161.03,0,,,138.46,,0,,0,,,,,
2014-07-09,148.15,151.05,144.52,147.27,12142378,117.45,143.46,6.23,46.6,138.66,151.38,161.28,161.28,0,,,138.66,,0,,0,,,,,
2014-07-10,149.3,153.35,142.58,147.45,12488389,117.78,142.58,6.55,46.83,138.26,151.39,161.28,161.28,0,,,138.26,,0,,0,,,,,
2014-07-11,148.21,149.36,134.11,135.05,15236683,118.02,134.11,7.17,35.3,127.03,151.0,161.28,161.28,0,,,127.03,,0,,0,,,,,
2014-07-14,135.32,138.11,132.54,137.14,7217571,118.25,132.54,7.06,38.07,127.93,150.56,161.28,161.28,0,,,127.93,,0,,0,,,,,
2014-07-15,138.77,143.25,136.72,141.95,9027861,118.51,132.54,7.02,44.01,131.06,150.1,161.28,161.28,0,,,131.06,,0,,0,,,,,
2014-07-16,143.13,148.36,140.44,145.91,7863708,118.79,132.54,7.08,48.39,133.57,149.77,161.28,161.28,0,,,133.57,,0,,0,,,,,
2014-07-17,146.06,148.03,145.03,147.09,5862724,119.11,132.54,6.79,49.66,134.52,149.42,161.28,161.28,0,,,134.52,,0,,0,,,,,
2014-07-18,146.33,146.33,142.19,144.37,7038622,119.43,132.54,6.66,46.81,132.86,148.94,161.28,161.28,0,,,132.86,,0,,0,,,,,
2014-07-21,144.58,146.09,141.25,142.28,4608240,119.73,132.54,6.53,44.69,131.6,148.38,161.28,161.28,0,,,131.6,,0,,0,,,,,
2014-07-22,142.58,144.28,139.74,141.58,4942558,120.06,132.54,6.39,43.97,131.24,147.94,161.28,161.28,0,,,131.24,,0,,0,,,,,
2014-07-23,142.4,143.64,140.34,141.86,5204028,120.38,132.54,6.17,44.35,131.57,147.68,161.28,161.28,0,,,131.57,,0,,0,,,,,
2014-07-24,142.16,144.46,140.95,142.95,4244562,120.72,132.54,5.98,45.91,132.4,147.54,161.28,161.28,0,,,132.4,,0,,0,,,,,
2014-07-25,143.4,143.61,134.6,137.35,10261803,120.98,132.54,6.19,39.75,128.64,147.32,161.28,161.28,0,,,128.64,,0,,0,,,,,
2014-07-28,138.02,139.68,136.47,139.04,6001330,121.26,132.54,5.98,42.27,129.87,147.09,161.28,161.28,0,,,129.87,,0,,0,,,,,
2014-07-30,138.83,140.34,136.23,139.71,6979158,121.52,132.54,5.85,43.28,130.4,146.75,161.28,161.28,0,,,130.4,,0,,0,,,,,
2014-07-31,139.17,142.04,137.38,138.14,5879385,121.77,132.54,5.76,41.44,129.44,146.49,161.28,161.28,0,,,129.44,,0,,0,,,,,
2014-08-01,136.78,139.56,134.96,135.57,5870952,121.98,132.54,5.68,38.56,127.84,146.15,161.28,161.28,0,,,127.84,,0,,0,,,,,
2014-08-04,136.17,139.07,135.81,138.5,5579028,122.2,132.54,5.52,43.4,129.83,145.95,161.28,161.28,0,,,129.83,,0,,0,,,,,
2014-08-05,139.07,139.56,136.11,138.02,4930218,122.43,134.6,5.37,42.8,130.31,145.63,161.28,161.28,0,,,130.31,,0,,0,,,,,
2014-08-06,137.32,141.8,137.02,138.8,7148994,122.64,134.6,5.33,44.14,130.84,145.21,153.35,161.28,0,,,130.84,,0,,0,,,,,
2014-08-07,138.08,141.25,138.08,139.65,4651636,122.86,134.6,5.18,45.63,131.49,144.82,153.35,153.35,0,,,131.49,,0,,0,,,,,
2014-08-08,137.93,137.93,132.78,133.63,7339929,123.05,132.78,5.3,37.91,126.92,144.21,149.36,153.35,0,,,126.92,,0,,0,,,,,
2014-08-11,134.96,136.11,132.93,134.02,5079640,123.27,132.78,5.15,38.63,127.27,143.75,148.36,149.36,0,,,127.27,,0,,0,,,,,
2014-08-12,134.05,136.11,132.03,135.63,7713405,123.51,132.03,5.07,41.66,128.11,143.22,148.36,148.36,0,,,128.11,,0,,0,,,,,
2014-08-13,129.43,130.58,123.71,126.85,22653099,123.7,123.71,5.56,32.3,119.35,142.36,148.36,148.36,0,,,119.35,,0,,0,,,,,
2014-08-14,126.55,129.94,124.16,128.82,10103157,123.9,123.71,5.58,35.79,120.61,141.43,148.03,148.36,0,,,120.61,,0,,0,,,,,
2014-08-18,128.25,134.9,128.0,134.36,9381403,124.14,123.71,5.67,44.45,124.12,140.64,146.33,148.03,0,,,124.12,,0,,0,,,,,
2014-08-19,135.02,138.05,134.11,137.65,10837560,124.41,123.71,5.55,48.86,126.32,139.93,146.09,146.33,0,,,126.32,,0,,0,,,,,
2014-08-20,136.47,140.59,136.47,140.01,9028534,124.69,123.71,5.44,51.82,127.91,139.25,144.46,146.09,0,,,127.91,,0,,0,,,,,
2014-08-21,139.68,140.56,137.92,138.95,6196278,124.96,123.71,5.24,50.41,127.36,138.99,144.46,144.46,0,,,127.36,,0,,0,,,,,
2014-08-22,139.47,140.47,137.02,137.62,5367142,125.23,123.71,5.12,48.62,126.59,138.66,144.46,144.46,0,,,126.59,,0,,0,,,,,
2014-08-25,138.14,142.76,137.96,140.5,9614661,125.5,123.71,5.12,52.54,128.45,138.43,143.61,144.46,0,,,128.45,,0,,0,,,,,
2014-08-26,139.41,142.98,135.57,140.95,7037295,125.76,123.71,5.28,53.15,128.63,138.63,142.98,143.61,0,,,128.63,,0,,0,,,,,
2014-08-27,141.62,143.34,137.26,138.62,6756667,126.0,123.71,5.34,49.64,127.09,138.68,143.34,142.98,0,,,127.09,,0,,0,,,,,
2014-08-28,139.44,147.57,138.32,145.73,19260625,126.27,123.71,5.62,58.62,131.49,138.81,147.57,143.34,0,,,131.49,,0,,0,,,,,
2014-09-01,145.61,147.3,143.4,144.28,8189760,126.56,123.71,5.5,56.41,130.63,138.75,147.57,147.57,0,,,130.63,,0,,0,,,,,
2014-09-02,143.97,147.06,143.37,145.37,5451334,126.85,123.71,5.37,57.7,131.42,138.69,147.57,147.57,0,,,131.42,,0,,0,,,,,
2014-09-03,145.52,146.39,142.37,143.28,6062769,127.12,123.71,5.27,54.38,130.14,138.66,147.57,147.57,0,,,130.14,,0,,0,,,,,
2014-09-04,142.16,142.22,136.75,137.35,16035526,127.37,123.71,5.36,46.23,126.25,138.49,147.57,147.57,0,,,126.25,,0,,0,,,,,
2014-09-05,137.38,137.68,133.75,134.78,7700230,127.62,124.16,5.26,43.21,124.81,138.27,147.57,147.57,0,,,124.81,,0,,0,,,,,
2014-09-08,136.1,137.53,135.28,136.34,5194578,127.87,128.0,5.08,45.54,127.22,138.08,147.57,147.57,0,,,127.22,,0,,0,,,,,
2014-09-09,136.38,136.71,134.3,134.73,5136804,128.09,133.75,4.89,43.56,128.23,137.81,147.57,147.57,0,,,128.23,,0,,0,,,,,
2014-09-10,133.39,135.77,132.78,133.45,5367211,128.29,132.78,4.75,41.99,127.17,137.68,147.57,147.57,0,,,127.17,,0,,0,,,,,
2014-09-11,133.73,136.04,131.62,135.64,7617610,128.5,131.62,4.73,45.59,128.21,137.56,147.57,147.57,0,,,128.21,,0,,0,,,,,
2014-09-12,136.34,137.35,133.76,134.43,7838391,128.73,131.62,4.65,43.97,127.48,137.39,147.57,147.57,0,,,127.48,,0,,0,,,,,
2014-09-15,133.09,135.77,131.72,134.27,5586012,128.97,131.62,4.6,43.75,127.41,137.26,147.57,147.57,0,,,127.41,,0,,0,,,,,
2014-09-16,134.37,135.64,130.83,131.5,6469999,129.2,130.83,4.62,39.98,125.35,137.12,147.57,147.57,0,,,125.35,,0,,0,,,,,
2014-09-17,132.23,135.13,131.23,134.4,6102651,129.47,130.83,4.57,45.29,127.25,136.99,147.57,147.57,0,,,127.25,,0,,0,,,,,
2014-09-18,133.7,139.6,133.06,139.24,8209140,129.77,130.83,4.71,52.79,130.28,137.03,147.57,147.57,0,,,130.28,,0,,0,,,,,
2014-09-19,141.1,141.67,135.52,137.96,14708557,130.06,130.83,4.81,50.81,129.39,137.0,147.57,147.57,0,,,129.39,,0,,0,,,,,
2014-09-22,136.74,137.32,134.27,135.0,5813163,130.34,130.83,4.73,46.46,127.53,136.85,147.57,147.57,0,,,127.53,,0,,0,,,,,
2014-09-23,135.0,136.8,131.17,131.84,5266473,130.58,130.83,4.8,42.3,125.45,136.79,147.57,147.57,0,,,125.45,,0,,0,,,,,
2014-09-24,131.56,133.12,127.6,128.91,6936720,130.83,127.6,4.85,38.82,122.45,136.62,147.57,147.57,0,,,122.45,,0,,0,,,,,
2014-09-25,129.74,130.56,122.46,123.68,13262446,131.05,122.46,5.08,33.53,117.21,136.22,147.57,147.57,0,,,117.21,,0,,0,,,,,
2014-09-26,123.65,125.75,122.0,125.08,7110981,131.29,122.0,4.98,36.04,118.02,136.16,147.3,147.57,0,,,118.02,,0,,0,,,,,
2014-09-29,125.41,128.76,125.23,126.54,5882166,131.53,122.0,4.89,38.65,119.02,136.08,147.06,147.3,0,,,119.02,,0,,0,,,,,
2014-09-30,125.29,127.91,121.03,122.09,6804099,131.74,121.03,5.03,34.09,115.74,135.67,146.39,147.06,0,,,115.74,,0,,0,,,,,
2014-10-01,122.06,123.25,120.97,121.48,5278447,131.94,120.97,4.84,33.51,115.45,135.13,142.22,146.39,0,,,115.45,,0,,0,,,,,
2014-10-07,121.82,123.89,118.29,120.26,9223857,132.13,118.29,4.89,32.32,113.74,134.48,141.67,142.22,0,,,113.74,,0,,0,,,,,
2014-10-08,120.3,125.17,120.02,123.1,11517303,132.32,118.29,4.91,37.86,115.56,133.95,141.67,141.67,0,,,115.56,,0,,0,,,,,
2014-10-09,126.81,134.0,126.81,133.42,17693673,132.57,118.29,5.34,52.93,121.93,133.81,141.67,141.67,0,,,121.93,,0,,0,,,,,
2014-10-10,130.95,137.29,130.16,134.97,18470979,132.81,118.29,5.47,54.71,122.84,133.62,141.67,141.67,0,,,122.84,,0,,0,,,,,
2014-10-13,131.96,134.76,131.96,132.9,7694571,133.02,118.29,5.29,51.89,121.62,133.35,141.67,141.67,0,,,121.62,,0,,0,,,,,
2014-10-14,133.7,138.75,131.41,137.65,9859420,133.29,118.29,5.44,57.32,124.59,133.32,141.67,141.67,0,,,124.59,,0,,0,,,,,
2014-10-15,137.65,137.65,137.65,137.65,0,133.53,118.29,5.05,57.32,124.85,133.05,141.67,141.67,0,,,124.85,,0,,0,,,,,
2014-10-16,138.02,139.97,132.78,133.76,10655256,133.75,118.29,5.2,51.77,122.24,132.7,141.67,141.67,0,,,122.24,,0,,0,,,,,
2014-10-17,134.37,138.87,134.24,138.11,6154102,133.97,118.29,5.19,56.81,125.05,132.46,141.67,141.67,0,,,125.05,,0,,0,,,,,
2014-10-20,141.13,141.92,136.53,138.9,6075169,134.15,118.29,5.21,57.67,125.55,132.31,141.92,141.67,0,,,125.55,,0,,0,,,,,
2014-10-21,139.21,145.88,138.87,145.24,11558667,134.35,118.29,5.34,63.91,129.55,132.58,145.88,141.92,1,145.24,129.55,129.55,129.55,1,2014-10-21,0,,,21,,
2014-10-22,146.3,148.53,144.93,147.22,9060129,134.57,118.29,5.21,65.62,130.91,132.99,148.53,145.88,0,,,130.91,130.91,1,2014-10-21,0,,,21,,
2014-10-27,151.05,154.65,146.94,153.89,15048057,134.86,118.29,5.39,70.65,135.09,133.58,154.65,148.53,0,,,135.09,135.09,1,2014-10-21,0,,,21,,
2014-10-28,153.89,156.9,150.14,155.5,7655533,135.15,118.29,5.49,71.73,136.07,134.27,156.9,154.65,0,,,136.07,136.07,1,2014-10-21,0,,,21,,
2014-10-29,157.15,157.54,152.91,155.1,8910856,135.43,118.29,5.43,71.03,135.85,134.99,157.54,156.9,0,,,135.85,136.07,1,2014-10-21,0,,,21,,
2014-10-30,154.65,156.23,153.0,155.38,11375292,135.7,120.02,5.27,71.24,136.71,135.65,157.54,157.54,0,,,136.71,136.71,1,2014-10-21,0,,,21,,
2014-10-31,155.81,157.02,154.1,156.35,5712303,135.98,126.81,5.1,72.0,139.71,136.38,157.54,157.54,0,,,139.71,139.71,1,2014-10-21,0,,,21,,
2014-11-03,157.15,157.33,153.09,154.31,5005062,136.26,130.16,5.04,67.94,139.56,137.05,157.54,157.54,0,,,139.56,139.71,1,2014-10-21,0,,,21,,
2014-11-05,154.25,158.36,153.8,157.11,8148459,136.55,131.41,5.01,70.41,141.8,137.9,158.36,157.54,0,,,141.8,141.8,1,2014-10-21,0,,,21,,
2014-11-07,155.93,159.49,151.08,151.66,6373645,136.81,131.41,5.25,60.62,138.12,138.48,159.49,158.36,0,,,138.12,141.8,1,2014-10-21,0,,,21,,
2014-11-10,151.72,156.11,151.48,152.82,4812807,137.03,132.78,5.21,61.84,139.36,138.93,159.49,159.49,0,,,139.36,141.8,1,2014-10-21,0,,,21,,
2014-11-11,151.75,151.97,147.64,149.41,4891354,137.24,132.78,5.2,56.34,137.16,139.31,159.49,159.49,0,,,137.16,141.8,1,2014-10-21,0,,,21,,
2014-11-12,149.23,153.03,149.23,150.72,4999633,137.45,134.24,5.1,57.89,138.56,139.84,159.49,159.49,0,,,138.56,141.8,1,2014-10-21,0,,,21,,
2014-11-13,151.12,154.22,149.53,150.93,7204749,137.65,136.53,5.07,58.14,139.48,140.47,159.49,159.49,0,,,139.48,141.8,1,2014-10-21,0,,,21,,
2014-11-14,149.53,151.54,143.84,149.74,12942667,137.85,138.87,5.26,56.06,139.36,141.17,159.49,159.49,0,,,139.36,141.8,1,2014-10-21,0,,,21,,
2014-11-17,148.16,152.73,146.61,151.75,5413863,138.08,143.84,5.32,58.75,142.28,142.1,159.49,159.49,0,,,142.28,142.28,1,2014-10-21,0,,,21,,
2014-11-18,152.24,155.53,152.18,154.83,5712708,138.33,143.84,5.21,62.53,144.34,143.09,159.49,159.49,0,,,144.34,144.34,1,2014-10-21,0,,,21,,
2014-11-19,154.92,156.35,150.6,151.72,5617890,138.59,143.84,5.25,56.86,142.31,143.93,159.49,159.49,0,,,142.31,144.34,1,2014-10-21,0,,,21,,
2014-11-20,150.57,152.27,146.49,149.71,4611801,138.85,143.84,5.29,53.48,140.98,144.85,159.49,159.49,0,,,140.98,144.34,1,2014-10-21,0,,,21,,
2014-11-21,148.92,154.62,148.92,153.64,4455057,139.15,143.84,5.32,58.65,143.5,145.93,159.49,159.49,0,,,143.5,144.34,1,2014-10-21,0,,,21,,
2014-11-24,153.58,157.88,153.58,156.93,5707977,139.47,143.84,5.25,62.42,145.67,147.15,159.49,159.49,0,,,145.67,145.67,1,2014-10-21,0,,,21,,
2014-11-25,157.15,162.38,157.15,161.71,13803247,139.79,143.84,5.26,67.11,148.74,148.43,162.38,159.49,1,161.71,148.74,148.74,148.74,1,2014-10-21,0,,,21,,
2014-11-26,161.71,166.46,160.43,165.12,9275677,140.15,143.84,5.32,69.99,150.91,149.49,166.46,162.38,0,,,150.91,150.91,1,2014-10-21,0,,,21,,
2014-11-27,164.52,175.27,163.6,173.1,19671136,140.57,143.84,5.77,75.41,155.75,150.76,175.27,166.46,0,,,155.75,155.75,1,2014-10-21,0,,,21,,
2014-11-28,174.17,174.75,170.88,172.86,9096285,141.01,143.84,5.63,74.97,155.69,152.09,175.27,175.27,0,,,155.69,155.75,1,2014-10-21,0,,,21,,
2014-12-01,171.61,172.34,166.28,167.01,3849297,141.39,143.84,5.7,65.04,151.87,153.07,175.27,175.27,0,,,151.87,155.75,1,2014-10-21,0,,,21,,
2014-12-02,166.77,169.63,164.15,165.34,4482507,141.74,143.84,5.69,62.49,150.8,154.0,175.27,175.27,0,,,150.8,155.75,1,2014-10-21,0,,,21,,
2014-12-03,165.67,172.65,165.67,169.51,8905510,142.12,143.84,5.8,66.06,153.41,155.19,175.27,175.27,0,,,153.41,155.75,1,2014-10-21,0,,,21,,
2014-12-04,171.34,171.98,165.67,166.83,6053596,142.47,143.84,5.84,61.98,151.66,156.14,175.27,175.27,0,,,151.66,155.75,1,2014-10-21,0,,,21,,
2014-12-05,167.5,169.39,165.12,165.79,3945606,142.81,146.49,5.73,60.42,151.95,157.04,175.27,175.27,0,,,151.95,155.75,1,2014-10-21,0,,,21,,
2014-12-08,166.01,167.65,159.43,162.6,5740375,143.12,146.49,5.9,55.78,149.77,157.62,175.27,175.27,0,,,149.77,155.75,1,2014-10-21,0,,,21,,
2014-12-09,161.74,163.11,157.15,157.94,4912383,143.42,146.49,5.91,49.77,146.76,157.98,175.27,175.27,0,,,146.76,155.75,1,2014-10-21,0,,,21,,
2014-12-10,156.54,160.5,153.67,154.16,7536988,143.7,146.49,5.97,45.49,144.28,157.99,175.27,175.27,0,,,144.28,155.75,1,2014-10-21,1,155.75,TRAILING_STOP,21,33,7.24
2014-12-11,153.22,159.46,151.57,154.68,8835136,144.0,148.92,6.11,46.17,145.33,157.96,175.27,175.27,0,,,145.33,,0,,0,,,,,
2014-12-12,155.68,156.78,148.5,150.66,6288244,144.28,148.5,6.27,41.79,142.5,157.81,175.27,175.27,0,,,142.5,,0,,0,,,,,
2014-12-15,149.17,153.98,148.44,151.54,5304877,144.57,148.44,6.21,43.06,143.08,157.68,175.27,175.27,0,,,143.08,,0,,0,,,,,
2014-12-16,149.84,154.65,149.84,150.93,9279769,144.86,148.44,6.11,42.37,142.75,157.5,175.27,175.27,0,,,142.75,,0,,0,,,,,
2014-12-17,150.45,152.12,146.49,149.26,6841050,145.13,146.49,6.08,40.46,141.05,157.33,175.27,175.27,0,,,141.05,,0,,0,,,,,
2014-12-18,151.36,157.57,151.36,156.75,6877452,145.44,146.49,6.24,51.13,145.77,157.32,175.27,175.27,0,,,145.77,,0,,0,,,,,
2014-12-19,158.97,161.84,157.21,157.78,6656338,145.7,146.49,6.16,52.4,146.49,157.53,175.27,175.27,0,,,146.49,,0,,0,,,,,
2014-12-22,158.15,162.63,157.82,161.99,6822943,145.98,146.49,6.06,57.26,149.27,157.83,175.27,175.27,0,,,149.27,,0,,0,,,,,
2014-12-23,162.02,164.27,158.67,159.34,6441271,146.16,146.49,6.03,53.55,147.58,158.16,175.27,175.27,0,,,147.58,,0,,0,,,,,
2014-12-24,160.13,161.01,153.8,155.04,11667561,146.32,146.49,6.11,48.1,144.75,158.31,175.27,175.27,0,,,144.75,,0,,0,,,,,
2014-12-26,156.54,156.9,152.3,153.22,4297560,146.47,146.49,6.01,45.97,143.65,158.38,174.75,175.27,0,,,143.65,,0,,0,,,,,
2014-12-29,153.86,156.54,153.86,155.01,2926317,146.56,146.49,5.81,48.39,144.94,158.56,172.65,174.75,0,,,144.94,,0,,0,,,,,
2014-12-30,155.32,157.97,154.74,157.36,3221614,146.54,146.49,5.63,51.47,146.57,158.75,172.65,172.65,0,,,146.57,,0,,0,,,,,
2014-12-31,156.17,162.9,155.5,161.56,8045835,146.5,146.49,5.76,56.46,149.2,158.97,172.65,172.65,0,,,149.2,,0,,0,,,,,
2015-01-01,161.77,164.42,160.53,163.57,4694068,146.49,146.49,5.62,58.66,150.58,159.36,171.98,172.65,0,,,150.58,,0,,0,,,,,
2015-01-02,164.09,168.69,163.85,167.68,6176788,146.55,146.49,5.59,62.78,153.26,159.96,169.39,171.98,0,,,153.26,,0,,0,,,,,
2015-01-05,168.11,169.57,164.52,166.53,4562988,146.56,146.49,5.55,60.95,152.54,160.39,169.57,169.39,0,,,152.54,,0,,0,,,,,
2015-01-06,165.0,165.06,158.06,158.94,5676498,146.58,146.49,5.76,50.47,147.51,160.46,169.57,169.57,0,,,147.51,,0,,0,,,,,
2015-01-07,158.15,158.94,152.27,154.62,6781173,146.62,146.49,5.82,45.66,144.68,160.22,169.57,169.57,0,,,144.68,,0,,0,,,,,
2015-01-08,157.15,159.09,156.02,156.87,4579558,146.66,151.36,5.73,48.42,147.82,159.95,169.57,169.57,0,,,147.82,,0,,0,,,,,
2015-01-09,157.3,159.06,152.88,155.17,3800550,146.71,152.27,5.76,46.5,147.0,159.35,169.57,169.57,0,,,147.0,,0,,0,,,,,
2015-01-12,155.07,157.75,154.16,156.93,2713641,146.78,152.27,5.6,48.77,148.24,158.82,169.57,169.57,0,,,148.24,,0,,0,,,,,
2015-01-13,158.49,162.02,155.47,156.84,5782050,146.82,152.27,5.67,48.65,148.14,158.48,169.57,169.57,0,,,148.14,,0,,0,,,,,
2015-01-14,157.08,164.94,157.08,163.69,6791280,146.88,152.27,5.84,56.88,152.44,158.43,169.57,169.57,0,,,152.44,,0,,0,,,,,
2015-01-15,165.67,168.05,161.41,163.81,7668231,146.93,152.27,5.9,57.01,152.48,158.24,169.57,169.57,0,,,152.48,,0,,0,,,,,
2015-01-16,162.93,167.41,161.2,166.8,5929110,146.99,152.27,5.92,60.22,154.39,158.24,169.57,169.57,0,,,154.39,,0,,0,,,,,
2015-01-19,167.01,172.01,166.31,171.18,5226327,147.07,152.27,5.91,64.42,157.23,158.42,172.01,169.57,1,171.18,157.23,157.23,157.23,1,2015-01-19,0,,,22,,
2015-01-20,172.71,172.98,169.51,171.31,6902265,147.15,152.27,5.73,64.54,157.43,158.71,172.98,172.01,0,,,157.43,157.43,1,2015-01-19,0,,,22,,
2015-01-21,171.76,172.68,168.78,172.1,5599384,147.27,152.27,5.6,65.3,158.03,159.18,172.98,172.98,0,,,158.03,158.03,1,2015-01-19,0,,,22,,
2015-01-22,172.65,175.02,171.06,173.26,6014205,147.43,152.27,5.49,66.44,158.85,159.81,175.02,172.98,1,173.26,158.85,158.85,158.85,1,2015-01-19,0,,,22,,
2015-01-23,174.23,175.66,168.9,170.0,7540984,147.58,152.27,5.58,60.42,156.69,160.32,175.66,175.02,0,,,156.69,158.85,1,2015-01-19,0,,,22,,
2015-01-27,173.68,174.5,170.24,171.7,6309520,147.77,152.27,5.5,62.34,157.84,161.03,175.66,175.66,0,,,157.84,158.85,1,2015-01-19,0,,,22,,
2015-01-28,171.15,172.04,166.37,170.09,7454415,147.93,152.27,5.51,59.41,156.79,161.64,175.66,175.66,0,,,156.79,158.85,1,2015-01-19,0,,,22,,
2015-01-29,169.63,176.58,168.11,175.36,7405209,148.1,152.88,5.72,65.18,160.25,162.46,176.58,175.66,0,,,160.25,160.25,1,2015-01-19,0,,,22,,
2015-01-30,176.03,181.39,173.9,177.7,8632012,148.31,152.88,5.85,67.4,161.68,163.41,181.39,176.58,1,177.7,161.68,161.68,161.68,1,2015-01-19,0,,,22,,
2015-02-02,177.49,180.6,176.73,178.98,4353852,148.53,154.16,5.71,68.58,163.02,164.15,181.39,181.39,0,,,163.02,163.02,1,2015-01-19,0,,,22,,
2015-02-03,180.26,182.09,177.37,180.96,4835320,148.77,155.47,5.64,70.36,164.78,164.92,182.09,181.39,0,,,164.78,164.78,1,2015-01-19,0,,,22,,
2015-02-04,182.12,182.73,172.98,173.59,5060523,148.94,157.08,5.93,57.31,160.37,165.31,182.73,182.09,0,,,160.37,164.78,1,2015-01-19,0,,,22,,
2015-02-05,174.75,176.51,166.95,168.63,5206513,149.06,161.2,6.19,50.52,158.37,165.62,182.73,182.73,0,,,158.37,164.78,1,2015-01-19,0,,,22,,
2015-02-06,168.69,170.09,160.34,160.89,6729909,149.12,160.34,6.44,42.13,152.92,165.81,182.73,182.73,0,,,152.92,164.78,1,2015-01-19,1,164.78,TRAILING_STOP,22,14,-3.74
2015-02-09,159.28,162.02,156.6,157.48,3354183,149.16,156.6,6.37,39.05,149.53,165.95,182.73,182.73,0,,,149.53,,0,,0,,,,,
2015-02-10,155.62,162.63,155.62,159.28,3927507,149.24,155.62,6.42,41.48,150.33,166.1,182.73,182.73,0,,,150.33,,0,,0,,,,,
2015-02-11,160.19,161.44,154.47,155.59,4294812,149.27,154.47,6.46,38.12,147.54,166.04,182.73,182.73,0,,,147.54,,0,,0,,,,,
2015-02-12,154.71,164.09,152.73,163.05,9512382,149.33,152.73,6.81,47.39,151.54,166.09,182.73,182.73,0,,,151.54,,0,,0,,,,,
2015-02-13,152.88,160.71,152.88,157.97,13845936,149.34,152.73,7.05,42.7,148.1,165.9,182.73,182.73,0,,,148.1,,0,,0,,,,,
2015-02-16,158.3,159.58,155.64,158.42,4907550,149.34,152.73,6.82,43.24,148.54,165.59,182.73,182.73,0,,,148.54,,0,,0,,,,,
2015-02-18,158.08,160.8,156.92,158.82,3404049,149.34,152.73,6.61,43.74,148.94,165.33,182.73,182.73,0,,,148.94,,0,,0,,,,,
2015-02-19,159.03,161.32,156.62,159.79,4355154,149.34,152.73,6.48,45.01,149.66,165.36,182.73,182.73,0,,,149.66,,0,,0,,,,,
2015-02-20,160.4,168.64,160.22,168.0,9851290,149.48,152.73,6.65,54.42,154.84,165.81,182.73,182.73,0,,,154.84,,0,,0,,,,,
2015-02-23,169.07,169.07,165.26,166.35,5242173,149.61,152.73,6.44,52.48,153.91,166.12,182.73,182.73,0,,,153.91,,0,,0,,,,,
2015-02-24,166.63,170.5,165.44,169.53,6955339,149.75,152.73,6.35,55.76,156.03,166.6,182.73,182.73,0,,,156.03,,0,,0,,,,,
2015-02-25,170.6,171.97,165.87,167.36,4782459,149.97,152.73,6.33,53.07,154.64,166.95,182.73,182.73,0,,,154.64,,0,,0,,,,,
2015-02-26,166.45,169.04,160.07,161.41,14242278,150.13,152.73,6.52,46.45,150.67,167.1,182.73,182.73,0,,,150.67,,0,,0,,,,,
2015-02-27,162.97,166.11,162.08,165.35,5570446,150.29,152.73,6.39,50.82,153.3,167.16,182.73,182.73,0,,,153.3,,0,,0,,,,,
2015-03-02,160.8,168.03,160.8,167.09,8863410,150.43,152.73,6.45,52.66,154.38,167.27,182.73,182.73,0,,,154.38,,0,,0,,,,,
2015-03-03,167.09,168.34,163.67,167.7,5711361,150.57,152.73,6.32,53.32,154.86,167.3,182.73,182.73,0,,,154.86,,0,,0,,,,,
2015-03-04,168.64,170.11,163.88,165.35,5368972,150.71,152.73,6.31,50.41,153.35,167.1,182.73,182.73,0,,,153.35,,0,,0,,,,,
2015-03-05,166.63,167.06,162.39,165.01,3148335,150.86,152.73,6.2,49.98,153.21,166.89,176.51,182.73,0,,,153.21,,0,,0,,,,,
2015-03-09,162.97,163.55,156.83,157.84,3937045,150.97,152.88,6.34,41.95,148.54,166.42,171.97,176.51,0,,,148.54,,0,,0,,,,,
2015-03-10,158.69,160.46,155.76,158.14,3388863,151.07,155.64,6.22,42.36,149.73,165.91,171.97,171.97,0,,,149.73,,0,,0,,,,,
2015-03-11,158.63,160.46,156.01,157.41,4336518,151.17,155.76,6.09,41.58,149.39,165.49,171.97,171.97,0,,,149.39,,0,,0,,,,,
2015-03-12,158.66,161.71,158.08,161.17,2993826,151.33,155.76,5.97,47.02,151.9,165.14,171.97,171.97,0,,,151.9,,0,,0,,,,,
2015-03-13,161.99,162.57,154.73,155.49,3625519,151.44,154.73,6.1,40.83,147.8,164.66,171.97,171.97,0,,,147.8,,0,,0,,,,,
2015-03-16,156.34,158.94,153.57,158.14,4775821,151.56,153.57,6.05,44.5,149.16,164.08,171.97,171.97,0,,,149.16,,0,,0,,,,,
2015-03-17,158.94,162.23,157.63,161.62,3152625,151.72,153.57,5.94,48.97,151.47,163.55,171.97,171.97,0,,,151.47,,0,,0,,,,,
2015-03-18,162.17,162.45,156.71,157.29,4190058,151.86,153.57,5.93,44.2,148.69,162.82,171.97,171.97,0,,,148.69,,0,,0,,,,,
2015-03-19,159.21,159.79,153.75,156.01,2782710,151.98,153.57,5.94,42.87,147.86,161.99,171.97,171.97,0,,,147.86,,0,,0,,,,,
2015-03-20,154.42,155.89,149.54,150.0,5179126,152.06,149.54,5.98,37.21,142.61,161.21,171.97,171.97,0,,,142.61,,0,,0,,,,,
2015-03-23,150.33,150.51,143.74,144.53,5466642,152.1,143.74,6.03,32.94,137.11,160.4,171.97,171.97,0,,,137.11,,0,,0,,,,,
2015-03-24,143.43,148.01,142.21,146.49,4632145,152.14,142.21,6.02,35.78,137.88,159.92,171.97,171.97,0,,,137.88,,0,,0,,,,,
2015-03-25,147.04,147.22,143.53,144.44,3697993,152.22,142.21,5.85,34.16,136.67,159.49,171.97,171.97,0,,,136.67,,0,,0,,,,,
2015-03-26,143.43,149.23,142.92,143.95,7407238,152.28,142.21,5.88,33.76,136.33,158.98,170.11,171.97,0,,,136.33,,0,,0,,,,,
2015-03-27,144.66,145.6,139.16,142.09,4480102,152.33,139.16,5.92,32.23,134.09,158.53,170.11,170.11,0,,,134.09,,0,,0,,,,,
2015-03-30,143.43,146.43,141.73,145.72,4548237,152.45,139.16,5.84,38.11,136.49,157.95,170.11,170.11,0,,,136.49,,0,,0,,,,,
2015-03-31,146.46,147.71,142.21,143.65,5933668,152.55,139.16,5.81,36.19,135.17,157.47,170.11,170.11,0,,,135.17,,0,,0,,,,,
2015-04-01,143.92,144.05,140.14,140.81,5019112,152.59,139.16,5.68,33.67,133.43,156.89,170.11,170.11,0,,,133.43,,0,,0,,,,,
2015-04-06,140.6,145.51,138.92,143.5,7298490,152.63,138.92,5.74,38.06,135.04,156.37,167.06,170.11,0,,,135.04,,0,,0,,,,,
2015-04-07,141.91,143.59,139.59,142.52,4446670,152.65,138.92,5.62,37.1,134.49,155.8,163.55,167.06,0,,,134.49,,0,,0,,,,,
2015-04-08,143.43,146.12,142.82,143.98,5247312,152.68,138.92,5.47,39.56,135.53,155.0,162.57,163.55,0,,,135.53,,0,,0,,,,,
2015-04-09,144.38,145.3,140.69,142.0,3581359,152.71,138.92,5.41,37.42,134.29,154.19,162.57,162.57,0,,,134.29,,0,,0,,,,,
2015-04-10,142.4,144.84,141.79,143.19,3367534,152.73,138.92,5.24,39.53,135.17,153.31,162.57,162.57,0,,,135.17,,0,,0,,,,,
2015-04-13,143.43,149.2,143.43,148.1,6016558,152.78,138.92,5.3,47.42,138.3,152.67,162.57,162.57,0,,,138.3,,0,,0,,,,,
2015-04-15,147.71,148.81,140.57,141.85,6140497,152.8,138.92,5.51,40.23,134.13,152.01,162.45,162.57,0,,,134.13,,0,,0,,,,,
2015-04-16,142.24,143.34,139.89,141.6,3803406,152.77,138.92,5.36,39.97,134.07,151.22,162.45,162.45,0,,,134.07,,0,,0,,,,,
2015-04-17,141.42,144.66,141.02,143.34,3632844,152.76,138.92,5.24,42.75,135.27,150.43,162.45,162.45,0,,,135.27,,0,,0,,,,,
2015-04-20,144.41,144.41,137.45,140.32,3135909,152.73,137.45,5.36,39.34,132.75,149.52,159.79,162.45,0,,,132.75,,0,,0,,,,,
2015-04-21,140.32,142.43,137.94,138.55,4397890,152.7,137.45,5.3,37.45,131.65,148.62,155.89,159.79,0,,,131.65,,0,,0,,,,,
2015-04-22,138.61,141.48,135.84,140.87,5182029,152.72,135.84,5.32,41.42,132.59,147.82,150.51,155.89,0,,,132.59,,0,,0,,,,,
2015-04-23,142.4,143.34,140.69,142.4,3146893,152.77,135.84,5.13,43.94,133.71,147.31,149.23,150.51,0,,,133.71,,0,,0,,,,,
2015-04-24,143.01,143.83,141.15,142.82,4282333,152.82,135.84,4.96,44.65,134.09,146.8,149.23,149.23,0,,,134.09,,0,,0,,,,,
2015-04-27,143.8,143.98,137.39,138.12,3938541,152.84,135.84,5.07,38.77,130.99,146.15,149.23,149.23,0,,,130.99,,0,,0,,,,,
2015-04-28,138.25,145.63,137.15,142.18,6003312,152.9,135.84,5.32,45.45,133.44,145.52,149.2,149.23,0,,,133.44,,0,,0,,,,,
2015-04-29,142.09,143.37,139.8,141.7,2819844,152.94,135.84,5.19,44.83,133.22,145.06,149.2,149.2,0,,,133.22,,0,,0,,,,,
2015-04-30,141.3,148.44,137.7,145.3,10635402,153.01,135.84,5.59,50.32,135.27,144.63,149.2,149.2,0,,,135.27,,0,,0,,,,,
2015-05-04,147.04,150.76,145.42,149.63,4249645,153.11,135.84,5.58,56.0,138.07,144.23,150.76,149.2,0,,,138.07,,0,,0,,,,,
2015-05-05,149.84,151.98,147.71,149.63,3511611,153.23,135.84,5.49,56.0,138.13,143.98,151.98,150.76,0,,,138.13,,0,,0,,,,,
2015-05-06,148.62,148.93,139.68,140.2,4722240,153.27,135.84,5.8,43.46,131.84,143.45,151.98,151.98,0,,,131.84,,0,,0,,,,,
2015-05-07,139.16,142.27,136.78,139.59,4260034,153.28,135.84,5.78,42.79,131.46,143.1,151.98,151.98,0,,,131.46,,0,,0,,,,,
2015-05-08,141.45,142.73,140.38,141.21,2197642,153.3,135.84,5.59,45.2,132.63,142.99,151.98,151.98,0,,,132.63,,0,,0,,,,,
2015-05-11,141.73,145.51,139.1,143.25,4653870,153.35,135.84,5.65,48.16,133.91,142.88,151.98,151.98,0,,,133.91,,0,,0,,,,,
2015-05-12,143.25,143.31,135.23,135.87,5113764,153.38,135.23,5.83,39.79,128.83,142.6,151.98,151.98,0,,,128.83,,0,,0,,,,,
2015-05-13,137.03,139.47,135.56,139.01,4054597,153.45,135.23,5.69,44.23,130.95,142.43,151.98,151.98,0,,,130.95,,0,,0,,,,,
2015-05-14,138.98,140.93,136.57,140.38,4614879,153.56,135.23,5.59,46.1,131.89,142.38,151.98,151.98,0,,,131.89,,0,,0,,,,,
2015-05-15,140.63,142.76,138.61,140.96,2624143,153.66,135.23,5.49,46.91,132.34,142.22,151.98,151.98,0,,,132.34,,0,,0,,,,,
2015-05-18,140.99,143.43,140.02,143.16,2275501,153.77,135.23,5.34,49.98,133.85,142.2,151.98,151.98,0,,,133.85,,0,,0,,,,,
2015-05-19,142.82,146.46,141.85,143.53,3620634,153.92,135.23,5.29,50.5,134.13,142.29,151.98,151.98,0,,,134.13,,0,,0,,,,,
2015-05-20,143.56,145.08,139.89,141.08,3444466,154.05,135.23,5.28,47.02,132.55,142.21,151.98,151.98,0,,,132.55,,0,,0,,,,,
2015-05-21,141.08,142.49,138.92,141.88,3400150,154.19,135.23,5.16,48.27,133.15,142.19,151.98,151.98,0,,,133.15,,0,,0,,,,,
2015-05-22,142.15,143.83,140.69,142.82,2397267,154.32,135.23,5.02,49.78,133.85,142.15,151.98,151.98,0,,,133.85,,0,,0,,,,,
2015-05-25,142.24,144.87,139.96,142.92,4211997,154.39,135.23,5.01,49.94,133.92,142.18,151.98,151.98,0,,,133.92,,0,,0,,,,,
2015-05-26,141.15,150.67,140.47,147.37,13087288,154.47,135.23,5.38,56.81,136.54,142.32,151.98,151.98,0,,,136.54,,0,,0,,,,,
2015-05-27,146.49,154.3,145.88,152.5,10294650,154.6,135.23,5.6,63.1,139.71,142.47,154.3,151.98,0,,,139.71,,0,,0,,,,,
2015-05-28,152.59,155.61,150.21,154.24,10853431,154.71,135.23,5.58,64.96,140.84,142.88,155.61,154.3,0,,,140.84,,0,,0,,,,,
2015-05-29,152.9,157.47,151.03,153.6,7202971,154.82,135.23,5.64,63.69,140.39,143.28,157.47,155.61,0,,,140.39,,0,,0,,,,,
2015-06-01,153.26,156.65,152.9,155.06,4051272,154.96,135.23,5.51,65.36,141.42,143.67,157.47,157.47,0,,,141.42,,0,,0,,,,,
2015-06-02,156.13,157.17,151.83,153.26,5314372,155.06,135.56,5.5,61.6,140.38,144.1,157.47,157.47,0,,,140.38,,0,,0,,,,,
2015-06-03,154.48,155.83,146.91,150.06,5556276,155.13,136.57,5.74,55.49,138.48,144.49,157.47,157.47,0,,,138.48,,0,,0,,,,,
2015-06-04,150.7,152.41,147.77,151.37,2846427,155.18,138.61,5.66,57.35,140.06,144.84,157.47,157.47,0,,,140.06,,0,,0,,,,,
2015-06-05,150.79,153.81,149.63,150.61,3302854,155.2,138.92,5.56,55.89,139.75,145.11,157.47,157.47,0,,,139.75,,0,,0,,,,,
2015-06-08,150.15,150.36,147.25,148.35,2317689,155.16,138.92,5.4,51.67,138.39,145.29,157.47,157.47,0,,,138.39,,0,,0,,,,,
2015-06-09,147.22,149.97,146.55,147.31,2767117,155.11,138.92,5.26,49.81,137.82,145.6,157.47,157.47,0,,,137.82,,0,,0,,,,,
2015-06-10,148.26,154.12,148.01,153.35,6025344,155.09,138.92,5.37,59.05,141.64,145.97,157.47,157.47,0,,,141.64,,0,,0,,,,,
2015-06-11,153.9,154.67,148.07,148.78,4344642,155.05,139.96,5.46,51.35,138.98,146.21,157.47,157.47,0,,,138.98,,0,,0,,,,,
2015-06-12,148.32,152.28,147.65,151.55,3599832,155.02,139.96,5.4,55.16,140.8,146.42,157.47,157.47,0,,,140.8,,0,,0,,,,,
2015-06-15,151.67,153.38,150.36,151.25,3667803,155.0,140.47,5.23,54.66,140.89,146.47,157.47,157.47,0,,,140.89,,0,,0,,,,,
2015-06-16,151.37,151.37,147.95,149.9,2821882,154.95,145.88,5.1,52.36,141.91,146.48,157.47,157.47,0,,,141.91,,0,,0,,,,,
2015-06-17,150.58,150.64,146.55,146.97,4538755,154.92,146.55,5.03,47.67,140.29,146.71,157.47,157.47,0,,,140.29,,0,,0,,,,,
2015-06-18,147.55,150.09,147.43,148.47,2654031,154.89,146.55,4.89,50.13,141.35,147.0,157.47,157.47,0,,,141.35,,0,,0,,,,,
2015-06-19,149.17,149.17,145.36,147.25,3859863,154.88,145.36,4.81,48.15,140.22,147.2,157.47,157.47,0,,,140.22,,0,,0,,,,,
2015-06-22,148.35,151.98,148.01,150.55,3030334,154.87,145.36,4.81,53.51,142.35,147.45,157.47,157.47,0,,,142.35,,0,,0,,,,,
2015-06-23,150.79,153.17,148.13,148.81,3785488,154.86,145.36,4.82,50.54,141.22,147.88,157.47,157.47,0,,,141.22,,0,,0,,,,,
2015-06-24,148.93,157.29,148.44,155.09,10985920,154.9,145.36,5.11,59.31,145.08,148.41,157.47,157.47,0,,,145.08,,0,,0,,,,,
2015-06-25,154.12,158.66,154.12,156.25,9313326,154.93,145.36,5.07,60.7,145.85,148.94,158.66,157.47,0,,,145.85,,0,,0,,,,,
2015-06-26,155.55,155.76,151.37,153.17,4173817,154.91,145.36,5.06,55.31,143.88,149.35,158.66,158.66,0,,,143.88,,0,,0,,,,,
2015-06-29,150.76,151.92,148.2,150.91,3218274,154.91,145.36,5.05,51.68,142.42,149.61,158.66,158.66,0,,,142.42,,0,,0,,,,,
2015-06-30,150.67,153.05,150.18,151.31,3831690,154.92,145.36,4.9,52.28,142.78,149.87,158.66,158.66,0,,,142.78,,0,,0,,,,,
2015-07-01,150.94,158.17,150.94,157.29,6124279,154.94,145.36,5.06,60.19,146.53,150.41,158.66,158.66,0,,,146.53,,0,,0,,,,,
2015-07-02,157.17,158.45,155.06,156.13,4175061,154.94,145.36,4.94,58.18,145.86,150.88,158.66,158.66,0,,,145.86,,0,,0,,,,,
2015-07-03,157.17,160.16,157.17,158.14,4249372,154.92,145.36,4.88,60.63,147.2,151.39,160.16,158.66,0,,,147.2,,0,,0,,,,,
2015-07-06,154.97,159.12,154.21,158.69,2605689,154.87,145.36,4.88,61.3,147.56,151.92,160.16,160.16,0,,,147.56,,0,,0,,,,,
2015-07-07,159.0,160.28,156.74,158.08,3786822,154.77,145.36,4.78,60.08,147.23,152.28,160.28,160.16,0,,,147.23,,0,,0,,,,,
2015-07-08,156.25,156.86,151.74,156.07,5265988,154.66,145.36,4.9,56.11,145.86,152.4,160.28,160.28,0,,,145.86,,0,,0,,,,,
2015-07-09,156.5,162.23,155.49,161.32,7772599,154.62,145.36,5.03,62.99,149.15,152.63,162.23,160.28,1,161.32,149.15,149.15,149.15,1,2015-07-09,0,,,23,,
2015-07-10,163.61,164.98,161.87,163.94,6992448,154.61,148.01,4.93,65.87,151.79,152.98,164.98,162.23,0,,,151.79,151.79,1,2015-07-09,0,,,23,,
2015-07-13,163.97,165.19,161.9,164.4,3626259,154.58,148.13,4.81,66.36,152.21,153.29,165.19,164.98,0,,,152.21,152.21,1,2015-07-09,0,,,23,,
2015-07-14,164.43,167.67,163.45,166.72,5184459,154.58,148.2,4.77,68.81,153.75,153.74,167.67,165.19,1,166.72,153.75,153.75,153.75,1,2015-07-09,0,,,23,,
2015-07-15,166.63,168.73,165.9,166.96,3965323,154.59,148.2,4.63,69.06,154.0,154.3,168.73,167.67,0,,,154.0,154.0,1,2015-07-09,0,,,23,,
2015-07-16,166.93,172.12,166.14,171.02,5043882,154.64,148.2,4.73,73.02,156.56,154.95,172.12,168.73,1,171.02,156.56,156.56,156.56,1,2015-07-09,0,,,23,,
2015-07-17,170.9,175.66,170.75,174.9,5815546,154.76,148.2,4.74,76.16,159.05,155.76,175.66,172.12,0,,,159.05,159.05,1,2015-07-09,0,,,23,,
2015-07-20,173.95,173.95,170.47,172.34,3803104,154.88,150.18,4.72,70.34,158.07,156.56,175.66,175.66,0,,,158.07,159.05,1,2015-07-09,0,,,23,,
2015-07-21,172.37,177.0,170.63,173.13,4262800,155.0,150.94,4.84,71.08,158.76,157.42,177.0,175.66,0,,,158.76,159.05,1,2015-07-09,0,,,23,,
2015-07-22,172.61,175.11,171.42,173.92,3591255,155.15,151.74,4.75,71.83,159.59,158.11,177.0,177.0,0,,,159.59,159.59,1,2015-07-09,0,,,23,,
2015-07-23,175.66,176.36,172.43,173.74,3363750,155.3,151.74,4.7,71.37,159.51,158.94,177.0,177.0,0,,,159.51,159.59,1,2015-07-09,0,,,23,,
2015-07-24,173.34,175.17,170.6,171.11,2932654,155.44,151.74,4.69,64.91,157.82,159.59,177.0,177.0,0,,,157.82,159.59,1,2015-07-09,0,,,23,,
2015-07-27,170.6,172.24,165.41,166.02,3618868,155.55,151.74,4.84,54.6,154.44,160.09,177.0,177.0,0,,,154.44,159.59,1,2015-07-09,0,,,23,,
2015-07-28,166.38,170.9,166.38,170.23,4435752,155.64,151.74,4.84,60.23,157.15,160.76,177.0,177.0,0,,,157.15,159.59,1,2015-07-09,0,,,23,,
2015-07-29,170.44,174.26,169.68,173.1,3711084,155.74,155.49,4.82,63.54,160.26,161.64,177.0,177.0,0,,,160.26,160.26,1,2015-07-09,0,,,23,,
2015-07-30,174.56,175.84,172.49,175.11,5269528,155.83,161.87,4.72,65.7,163.76,162.52,177.0,177.0,0,,,163.76,163.76,1,2015-07-09,0,,,23,,
2015-07-31,175.17,176.79,169.22,169.89,5022340,155.9,161.9,4.92,56.37,160.26,163.28,177.0,177.0,0,,,160.26,163.76,1,2015-07-09,0,,,23,,
2015-08-03,168.4,175.45,167.97,172.7,5909841,156.02,163.45,5.1,59.69,162.47,164.02,177.0,177.0,0,,,162.47,163.76,1,2015-07-09,0,,,23,,
2015-08-04,173.13,174.26,169.8,172.0,3971035,156.14,165.41,5.06,58.5,162.7,164.79,177.0,177.0,0,,,162.7,163.76,1,2015-07-09,0,,,23,,
2015-08-05,172.27,175.75,170.38,171.24,3488721,156.25,165.41,5.08,57.16,162.2,165.33,177.0,177.0,0,,,162.2,163.76,1,2015-07-09,0,,,23,,
2015-08-06,172.12,174.56,170.29,172.4,3500584,156.35,165.41,5.02,58.71,162.99,165.87,177.0,177.0,0,,,162.99,163.76,1,2015-07-09,0,,,23,,
2015-08-07,173.28,173.31,152.74,162.45,30387123,156.36,152.74,6.13,44.0,151.6,166.18,177.0,177.0,0,,,151.6,163.76,1,2015-07-09,1,163.76,TRAILING_STOP|SMA150_BREAK,23,22,1.51
2015-08-10,159.73,167.73,158.48,166.29,14651772,156.37,152.74,6.36,49.28,153.93,166.69,177.0,177.0,0,,,153.93,,0,,0,,,,,
2015-08-11,167.06,167.18,162.36,163.0,3455772,156.34,152.74,6.25,45.34,151.88,167.08,177.0,177.0,0,,,151.88,,0,,0,,,,,
2015-08-12,161.2,162.36,156.95,158.63,3019948,156.29,152.74,6.23,40.68,149.07,167.12,177.0,177.0,0,,,149.07,,0,,0,,,,,
2015-08-13,158.69,161.38,154.05,157.84,5304867,156.28,152.74,6.31,39.88,148.51,167.18,177.0,177.0,0,,,148.51,,0,,0,,,,,
2015-08-14,159.03,161.32,157.02,159.61,4573557,156.32,152.74,6.17,42.6,149.75,167.23,177.0,177.0,0,,,149.75,,0,,0,,,,,
2015-08-17,159.91,161.14,156.25,159.88,2861506,156.34,152.74,6.08,43.02,149.99,167.27,177.0,177.0,0,,,149.99,,0,,0,,,,,
2015-08-18,161.07,161.38,157.93,159.61,2291664,156.37,152.74,5.89,42.68,149.94,167.32,176.79,177.0,0,,,149.94,,0,,0,,,,,
2015-08-19,158.91,160.98,157.47,160.07,2640196,156.39,152.74,5.72,43.5,150.35,167.45,176.79,176.79,0,,,150.35,,0,,0,,,,,
2015-08-20,158.69,159.61,153.63,154.39,3337749,156.37,152.74,5.77,36.57,146.65,167.22,176.79,176.79,0,,,146.65,,0,,0,,,,,
2015-08-21,151.37,153.02,148.59,151.89,4862601,156.29,148.59,5.77,34.01,143.65,166.82,176.79,176.79,0,,,143.65,,0,,0,,,,,
2015-08-24,146.49,146.49,137.33,140.11,7700613,156.13,137.33,6.4,25.08,131.88,166.01,176.79,176.79,0,,,131.88,,0,,0,,,,,
2015-08-25,143.47,144.23,130.83,140.99,7787143,155.96,130.83,6.9,26.63,129.95,165.15,176.79,176.79,0,,,129.95,,0,,0,,,,,
2015-08-26,140.99,148.2,136.72,146.58,6767295,155.8,130.83,7.23,35.72,133.34,164.47,176.79,176.79,0,,,133.34,,0,,0,,,,,
2015-08-27,147.1,147.65,139.83,141.36,15193254,155.6,130.83,7.27,31.76,129.94,163.48,176.79,176.79,0,,,129.94,,0,,0,,,,,
2015-08-28,144.01,146.27,141.33,143.19,4553430,155.41,130.83,7.1,34.5,131.23,162.43,175.75,176.79,0,,,131.23,,0,,0,,,,,
2015-08-31,141.6,142.09,137.61,138.22,4984795,155.17,130.83,6.99,30.88,128.1,161.29,175.75,175.75,0,,,128.1,,0,,0,,,,,
2015-09-01,137.33,139.1,131.29,132.91,4612831,154.92,130.83,7.05,27.55,124.64,159.95,175.75,175.75,0,,,124.64,,0,,0,,,,,
2015-09-02,134.16,134.28,125.28,126.04,9685620,154.62,125.28,7.19,23.94,118.26,158.35,174.56,175.75,0,,,118.26,,0,,0,,,,,
2015-09-03,127.84,131.53,126.71,129.15,5739595,154.35,125.28,7.07,28.5,120.35,156.87,173.31,174.56,0,,,120.35,,0,,0,,,,,
2015-09-04,128.11,128.11,124.51,125.86,4024624,154.02,124.51,6.9,26.68,118.09,155.36,167.73,173.31,0,,,118.09,,0,,0,,,,,
2015-09-07,125.92,127.2,121.77,122.56,3853390,153.65,121.77,6.79,24.96,115.11,153.91,167.18,167.73,0,,,115.11,,0,,0,,,,,
2015-09-08,122.68,130.56,120.82,129.46,6658378,153.32,120.82,7.0,34.48,119.11,152.55,162.36,167.18,0,,,119.11,,0,,0,,,,,
2015-09-09,131.62,133.21,129.27,129.85,4061371,152.98,120.82,6.78,34.98,119.5,151.11,161.38,162.36,0,,,119.5,,0,,0,,,,,
2015-09-10,126.34,133.36,125.31,132.48,6740938,152.7,120.82,6.87,38.41,121.14,149.69,161.38,161.38,0,,,121.14,,0,,0,,,,,
2015-09-11,132.39,133.0,128.02,128.6,4858846,152.44,120.82,6.74,35.44,118.73,148.31,161.38,161.38,0,,,118.73,,0,,0,,,,,
2015-09-14,130.27,131.13,128.86,130.54,2754970,152.24,120.82,6.44,38.02,120.18,146.91,161.38,161.38,0,,,120.18,,0,,0,,,,,
2015-09-15,130.08,131.19,128.62,129.9,2474862,152.05,120.82,6.16,37.49,119.95,145.5,160.98,161.38,0,,,119.95,,0,,0,,,,,
2015-09-16,130.94,130.94,127.15,128.77,3766815,151.85,120.82,5.99,36.52,119.34,144.09,159.61,160.98,0,,,119.34,,0,,0,,,,,
2015-09-18,130.51,131.09,126.26,127.48,9861891,151.66,120.82,5.91,35.39,118.56,142.59,153.02,159.61,0,,,118.56,,0,,0,,,,,
2015-09-21,126.66,127.73,125.89,126.81,4349206,151.42,120.82,5.62,34.79,118.32,141.4,148.2,153.02,0,,,118.32,,0,,0,,,,,
2015-09-22,127.64,128.55,122.62,123.47,10681389,151.19,120.82,5.64,31.88,116.15,139.98,148.2,148.2,0,,,116.15,,0,,0,,,,,
2015-09-23,122.37,124.45,120.72,121.88,8094166,150.95,120.72,5.5,30.57,115.18,138.6,148.2,148.2,0,,,115.18,,0,,0,,,,,
2015-09-24,121.82,122.92,118.21,121.3,12991047,150.7,118.21,5.45,30.09,114.01,137.36,147.65,148.2,0,,,114.01,,0,,0,,,,,
2015-09-28,122.13,122.43,118.82,119.46,7430025,150.43,118.21,5.32,28.54,112.91,136.08,146.27,147.65,0,,,112.91,,0,,0,,,,,
2015-09-29,118.15,122.74,117.54,120.72,6218845,150.11,117.54,5.31,31.15,113.51,134.78,142.09,146.27,0,,,113.51,,0,,0,,,,,
2015-09-30,121.94,126.56,121.27,125.83,5830041,149.84,117.54,5.35,40.63,116.78,133.65,139.1,142.09,0,,,116.78,,0,,0,,,,,
2015-10-01,127.02,127.02,121.51,122.03,9575920,149.52,117.54,5.36,36.6,114.32,132.4,134.28,139.1,0,,,114.32,,0,,0,,,,,
2015-10-05,123.35,125.43,122.59,124.97,4260249,149.24,117.54,5.22,41.44,116.31,131.23,133.36,134.28,0,,,116.31,,0,,0,,,,,
2015-10-06,126.11,126.17,120.6,121.05,9556252,148.97,117.54,5.24,37.34,113.76,130.12,133.36,133.36,0,,,113.76,,0,,0,,,,,
2015-10-07,121.18,124.42,120.84,124.12,5840596,148.7,117.54,5.12,42.17,115.82,129.19,133.36,133.36,0,,,115.82,,0,,0,,,,,
2015-10-08,124.88,126.23,122.89,124.76,5947794,148.42,117.54,5.0,43.15,116.32,128.68,133.36,133.36,0,,,116.32,,0,,0,,,,,
2015-10-09,126.11,126.41,123.17,123.6,5428452,148.12,117.54,4.87,41.77,115.65,128.1,133.36,133.36,0,,,115.65,,0,,0,,,,,
2015-10-12,124.27,127.79,123.41,125.8,6266626,147.86,117.54,4.84,45.35,117.1,127.41,133.36,133.36,0,,,117.1,,0,,0,,,,,
2015-10-13,127.3,128.52,126.2,127.61,6056643,147.61,117.54,4.69,48.17,118.37,126.95,133.0,133.36,0,,,118.37,,0,,0,,,,,
2015-10-14,127.94,128.22,125.06,125.68,2821137,147.39,117.54,4.58,45.47,117.19,126.36,131.19,133.0,0,,,117.19,,0,,0,,,,,
2015-10-15,126.07,129.96,125.8,129.66,6685029,147.2,117.54,4.56,51.51,119.77,126.08,131.19,131.19,0,,,119.77,,0,,0,,,,,
2015-10-16,130.33,131.0,128.43,130.79,4538221,147.03,117.54,4.41,53.1,120.6,126.01,131.09,131.19,0,,,120.6,,0,,0,,,,,
2015-10-19,130.39,132.2,129.29,131.37,4873189,146.83,117.54,4.31,53.93,121.04,126.19,132.2,131.09,0,,,121.04,,0,,0,,,,,
2015-10-20,131.98,132.5,129.41,130.11,2694774,146.66,117.54,4.22,51.78,120.29,126.22,132.5,132.2,0,,,120.29,,0,,0,,,,,
2015-10-21,130.15,130.82,127.12,127.61,13240614,146.46,120.6,4.18,47.71,119.72,126.28,132.5,132.5,0,,,119.72,,0,,0,,,,,
2015-10-23,129.17,129.56,127.45,128.52,3923719,146.23,120.6,4.03,49.27,120.41,126.47,132.5,132.5,0,,,120.41,,0,,0,,,,,
2015-10-26,129.41,134.12,128.25,133.18,10507887,146.07,120.6,4.17,56.45,123.32,126.6,134.12,132.5,0,,,123.32,,0,,0,,,,,
2015-10-27,133.02,134.49,130.6,131.25,4415671,145.91,120.6,4.15,53.1,122.09,126.64,134.49,134.12,0,,,122.09,,0,,0,,,,,
2015-10-28,130.05,132.72,129.41,130.02,4082578,145.78,120.84,4.09,51.02,121.42,126.56,134.49,134.49,0,,,121.42,,0,,0,,,,,
2015-10-29,129.9,130.7,123.81,124.42,10453105,145.64,122.89,4.29,42.8,118.36,126.42,134.49,134.49,0,,,118.36,,0,,0,,,,,
2015-10-30,124.57,125.13,121.09,121.73,6182628,145.48,121.09,4.27,39.51,116.03,126.13,134.49,134.49,0,,,116.03,,0,,0,,,,,
2015-11-02,121.36,124.12,120.57,122.55,4347640,145.33,120.57,4.22,41.0,116.42,125.88,134.49,134.49,0,,,116.42,,0,,0,,,,,
2015-11-03,123.66,123.78,121.51,123.08,4349130,145.19,120.57,4.08,42.0,116.86,125.7,134.49,134.49,0,,,116.86,,0,,0,,,,,
2015-11-04,123.96,124.39,122.43,123.08,4195359,145.06,120.57,3.93,42.0,116.96,125.55,134.49,134.49,0,,,116.96,,0,,0,,,,,
2015-11-05,123.2,123.35,117.9,119.0,3902547,144.89,117.9,4.04,36.5,113.36,125.29,134.49,134.49,0,,,113.36,,0,,0,,,,,
2015-11-06,118.76,120.47,112.7,117.2,14898504,144.71,112.7,4.3,34.37,110.29,125.08,134.49,134.49,0,,,110.29,,0,,0,,,,,
2015-11-09,113.86,116.31,111.87,112.97,12071524,144.52,111.87,4.38,29.94,107.24,124.78,134.49,134.49,0,,,107.24,,0,,0,,,,,
2015-11-10,112.24,112.61,108.6,109.21,10597155,144.3,108.6,4.38,26.65,103.72,124.38,134.49,134.49,0,,,103.72,,0,,0,,,,,
2015-11-13,109.55,110.86,108.14,108.93,5715061,144.07,108.14,4.26,26.41,103.47,124.03,134.49,134.49,0,,,103.47,,0,,0,,,,,
2015-11-16,108.41,110.68,107.74,109.24,5717926,143.84,107.74,4.16,27.17,103.6,123.65,134.49,134.49,0,,,103.6,,0,,0,,,,,
2015-11-17,109.94,111.11,108.84,109.45,4590894,143.62,107.74,4.03,27.72,103.82,123.1,134.49,134.49,0,,,103.82,,0,,0,,,,,
2015-11-18,109.39,110.43,106.55,106.94,4475050,143.38,106.55,4.02,25.29,101.81,122.6,134.49,134.49,0,,,101.81,,0,,0,,,,,
2015-11-19,107.74,107.99,106.39,107.62,3528210,143.11,106.39,3.84,27.15,102.32,122.02,134.49,134.49,0,,,102.32,,0,,0,,,,,
2015-11-20,107.13,109.45,106.79,107.89,4231416,142.89,106.39,3.76,27.92,102.55,121.58,134.49,134.49,0,,,102.55,,0,,0,,,,,
2015-11-23,108.66,109.58,106.88,107.25,3501583,142.66,106.39,3.68,27.19,102.18,121.02,134.49,134.49,0,,,102.18,,0,,0,,,,,
2015-11-24,107.13,108.23,106.06,106.42,3012870,142.41,106.06,3.58,26.23,101.61,120.41,134.49,134.49,0,,,101.61,,0,,0,,,,,
2015-11-26,107.01,107.62,105.78,106.12,5429128,142.18,105.78,3.45,25.87,101.41,119.82,134.49,134.49,0,,,101.41,,0,,0,,,,,
2015-11-27,106.42,108.75,106.42,107.74,3996300,141.98,105.78,3.39,31.29,102.49,119.22,132.72,134.49,0,,,102.49,,0,,0,,,,,
2015-11-30,108.23,109.15,106.91,107.13,5667532,141.75,105.78,3.31,30.39,102.15,118.54,130.7,132.72,0,,,102.15,,0,,0,,,,,
2015-12-01,107.74,108.32,106.88,107.4,2684626,141.52,105.78,3.18,31.33,102.41,117.93,125.13,130.7,0,,,102.41,,0,,0,,,,,
2015-12-02,107.99,107.99,105.69,105.97,3313312,141.27,105.69,3.11,29.09,101.5,117.14,124.39,125.13,0,,,101.5,,0,,0,,,,,
2015-12-03,105.26,105.26,102.9,103.24,7294459,141.04,102.9,3.11,25.35,98.82,116.22,124.39,124.39,0,,,98.82,,0,,0,,,,,
2015-12-04,102.2,104.34,101.74,103.06,5337480,140.78,101.74,3.07,25.12,98.34,115.28,124.39,124.39,0,,,98.34,,0,,0,,,,,
2015-12-07,103.76,104.37,102.78,103.33,2841214,140.52,101.74,2.97,26.2,98.58,114.38,123.35,124.39,0,,,98.58,,0,,0,,,,,
2015-12-08,102.84,103.15,100.49,100.82,4051336,140.23,100.49,2.96,22.9,96.55,113.49,120.47,123.35,0,,,96.55,,0,,0,,,,,
2015-12-09,101.62,104.8,101.62,103.39,9798981,139.92,100.49,3.03,32.3,98.16,112.65,116.31,120.47,0,,,98.16,,0,,0,,,,,
2015-12-10,103.76,104.4,101.4,102.57,3997072,139.61,100.49,3.03,31.0,97.63,111.63,112.61,116.31,0,,,97.63,,0,,0,,,,,
2015-12-11,102.78,103.09,100.55,101.31,4771759,139.35,100.49,3.0,29.07,96.84,110.64,111.11,112.61,0,,,96.84,,0,,0,,,,,
2015-12-14,100.82,103.46,100.73,102.32,3060426,139.1,100.49,2.98,32.69,97.51,109.71,111.11,111.11,0,,,97.51,,0,,0,,,,,
2015-12-15,102.35,102.84,100.55,101.68,2487760,138.83,100.49,2.93,31.59,97.13,108.95,111.11,111.11,0,,,97.13,,0,,0,,,,,
2015-12-16,102.84,104.19,102.48,102.97,3148881,138.57,100.49,2.9,36.25,97.98,108.33,110.43,111.11,0,,,97.98,,0,,0,,,,,
2015-12-17,104.07,104.07,101.25,103.49,3409300,138.35,100.49,2.89,38.09,98.32,107.69,109.58,110.43,0,,,98.32,,0,,0,,,,,
2015-12-18,102.97,103.09,101.25,101.92,5545135,138.1,100.49,2.85,34.83,97.34,106.99,109.58,109.58,0,,,97.34,,0,,0,,,,,
2015-12-21,101.92,103.15,101.71,102.29,2318526,137.85,100.49,2.74,36.21,97.64,106.3,109.58,109.58,0,,,97.64,,0,,0,,,,,
2015-12-22,102.78,103.3,101.28,101.59,3424249,137.59,100.49,2.69,34.71,97.23,105.72,109.15,109.58,0,,,97.23,,0,,0,,,,,
2015-12-23,102.2,105.78,102.11,105.35,7452429,137.33,100.49,2.8,47.34,99.58,105.32,109.15,109.15,0,,,99.58,,0,,0,,,,,
2015-12-24,106.49,106.82,105.05,105.72,4821280,137.08,100.49,2.73,48.4,99.87,105.08,109.15,109.15,0,,,99.87,,0,,0,,,,,
2015-12-28,106.3,106.52,104.71,104.96,2776992,136.84,100.49,2.66,46.34,99.42,104.94,109.15,109.15,0,,,99.42,,0,,0,,,,,
2015-12-29,105.66,105.66,101.92,103.18,5137282,136.58,100.49,2.74,41.85,98.22,104.75,108.32,109.15,0,,,98.22,,0,,0,,,,,
2015-12-30,104.07,104.62,103.03,103.91,3235122,136.32,100.55,2.66,44.24,98.77,104.57,107.99,108.32,0,,,98.77,,0,,0,,,,,
2015-12-31,103.88,104.22,102.48,103.55,4680094,136.06,100.55,2.59,43.29,98.58,104.37,106.82,107.99,0,,,98.58,,0,,0,,,,,
2016-01-01,103.46,105.29,102.93,104.62,2551222,135.78,100.55,2.57,46.92,99.28,104.29,106.82,106.82,0,,,99.28,,0,,0,,,,,
2016-01-04,104.37,104.65,100.7,101.13,3483033,135.43,100.55,2.67,38.31,96.96,104.08,106.82,106.82,0,,,96.96,,0,,0,,,,,
2016-01-05,101.5,102.87,100.52,101.8,3429985,135.08,100.52,2.65,40.57,97.4,103.87,106.82,106.82,0,,,97.4,,0,,0,,,,,
2016-01-06,102.41,103.33,101.1,101.4,3766134,134.74,100.52,2.62,39.64,97.16,103.68,106.82,106.82,0,,,97.16,,0,,0,,,,,
2016-01-07,100.39,100.52,93.72,94.12,7421127,134.33,93.72,2.98,27.34,89.96,103.27,106.82,106.82,0,,,89.96,,0,,0,,,,,
2016-01-08,95.74,95.77,93.23,94.03,4541688,133.94,93.23,2.95,27.23,89.76,102.87,106.82,106.82,0,,,89.76,,0,,0,,,,,
2016-01-11,92.99,92.99,90.6,91.49,4570783,133.54,90.6,2.98,24.2,87.22,102.32,106.82,106.82,0,,,87.22,,0,,0,,,,,
2016-01-12,91.76,93.78,91.27,92.22,3632026,133.15,90.6,2.95,26.72,87.72,101.83,106.82,106.82,0,,,87.72,,0,,0,,,,,
2016-01-13,93.02,93.66,87.51,90.72,5437554,132.75,87.51,3.18,24.89,85.57,101.27,106.82,106.82,0,,,85.57,,0,,0,,,,,
2016-01-14,88.89,89.93,87.23,87.94,3836478,132.35,87.23,3.2,21.9,83.66,100.67,106.82,106.82,0,,,83.66,,0,,0,,,,,
2016-01-15,89.07,89.07,82.7,83.5,4898815,131.92,82.7,3.43,18.14,79.14,100.01,106.82,106.82,0,,,79.14,,0,,0,,,,,
2016-01-18,83.25,90.6,80.68,86.99,10254495,131.48,80.68,3.89,28.52,80.41,99.48,106.82,106.82,0,,,80.41,,0,,0,,,,,
2016-01-19,87.6,88.95,83.62,88.33,6368319,131.08,80.68,3.99,32.08,81.2,98.98,106.82,106.82,0,,,81.2,,0,,0,,,,,
2016-01-20,86.59,88.58,83.44,87.57,8119474,130.65,80.68,4.08,31.13,80.66,98.54,106.82,106.82,0,,,80.66,,0,,0,,,,,
2016-01-21,89.07,90.32,86.59,87.6,6389520,130.23,80.68,4.05,31.22,80.69,98.01,106.82,106.82,0,,,80.69,,0,,0,,,,,
2016-01-22,89.47,90.54,87.91,90.2,4220617,129.83,80.68,3.97,38.42,82.42,97.6,106.52,106.82,0,,,82.42,,0,,0,,,,,
2016-01-25,90.81,92.71,88.33,88.92,4580764,129.44,80.68,4.0,36.4,81.58,97.18,105.66,106.52,0,,,81.58,,0,,0,,,,,
2016-01-27,89.07,89.38,85.18,85.46,5916802,129.02,80.68,4.01,31.57,79.34,96.62,105.29,105.66,0,,,79.34,,0,,0,,,,,
2016-01-28,85.46,86.01,83.28,83.8,14325036,128.6,80.68,3.92,29.54,78.33,96.03,105.29,105.29,0,,,78.33,,0,,0,,,,,
2016-01-29,84.33,85.49,83.56,84.91,4825786,128.16,80.68,3.78,32.65,79.14,95.42,105.29,105.29,0,,,79.14,,0,,0,,,,,
2016-02-01,85.52,88.64,83.56,85.86,10034334,127.74,80.68,3.87,35.29,79.69,94.84,104.65,105.29,0,,,79.69,,0,,0,,,,,
2016-02-02,86.04,86.13,82.21,82.52,5761080,127.26,80.68,3.88,30.73,77.53,94.19,103.33,104.65,0,,,77.53,,0,,0,,,,,
2016-02-03,81.42,81.6,78.23,78.48,6513556,126.74,78.23,3.91,26.31,74.09,93.4,103.33,103.33,0,,,74.09,,0,,0,,,,,
2016-02-04,79.12,80.47,77.87,79.27,5526613,126.25,77.87,3.81,28.48,74.54,92.65,100.52,103.33,0,,,74.54,,0,,0,,,,,
2016-02-05,79.52,81.69,78.63,81.3,5011585,125.78,77.87,3.76,33.86,75.89,91.85,95.77,100.52,0,,,75.89,,0,,0,,,,,
2016-02-08,81.39,84.42,80.5,80.99,5080377,125.31,77.87,3.77,33.45,75.68,91.03,93.78,95.77,0,,,75.68,,0,,0,,,,,
2016-02-09,80.65,81.66,79.55,80.44,3999670,124.8,77.87,3.65,32.68,75.41,90.21,93.78,93.78,0,,,75.41,,0,,0,,,,,
2016-02-10,80.16,80.35,77.53,78.36,3900423,124.28,77.53,3.6,29.9,73.99,89.38,93.66,93.78,0,,,73.99,,0,,0,,,,,
2016-02-11,77.74,79.12,72.94,73.61,8070220,123.72,72.94,3.78,24.73,69.27,88.37,92.71,93.66,0,,,69.27,,0,,0,,,,,
2016-02-12,69.79,70.8,62.59,63.94,30656788,123.09,62.59,4.3,17.93,59.24,87.05,92.71,92.71,0,,,59.24,,0,,0,,,,,
2016-02-15,65.32,67.03,62.38,66.08,21288186,122.47,62.38,4.33,22.98,60.53,85.77,92.71,92.71,0,,,60.53,,0,,0,,,,,
2016-02-16,66.73,67.31,62.2,63.21,11995162,121.86,62.2,4.38,21.1,58.58,84.5,92.71,92.71,0,,,58.58,,0,,0,,,,,
2016-02-17,63.48,65.2,61.28,64.74,13749124,121.21,61.28,4.35,24.63,59.28,83.27,92.71,92.71,0,,,59.28,,0,,0,,,,,
2016-02-18,66.11,66.42,61.95,63.48,15185833,120.54,61.28,4.36,23.69,58.47,82.0,92.71,92.71,0,,,58.47,,0,,0,,,,,
2016-02-19,61.22,64.46,60.39,62.29,21575691,119.86,60.39,4.34,22.81,57.42,80.94,92.71,92.71,0,,,57.42,,0,,0,,,,,
2016-02-22,63.05,63.18,61.46,61.83,12329764,119.16,60.39,4.15,22.46,57.24,79.87,92.71,92.71,0,,,57.24,,0,,0,,,,,
2016-02-23,62.87,62.87,59.99,60.27,15617923,118.45,59.99,4.06,21.27,56.16,78.83,89.38,92.71,0,,,56.16,,0,,0,,,,,
2016-02-24,60.18,60.18,56.87,57.21,16800108,117.69,56.87,4.01,19.13,53.18,77.66,88.64,89.38,0,,,53.18,,0,,0,,,,,
2016-02-25,57.85,58.06,55.92,57.76,19241316,116.91,55.92,3.88,20.67,53.31,76.56,88.64,88.64,0,,,53.31,,0,,0,,,,,
2016-02-26,58.43,59.26,57.42,58.22,9488707,116.15,55.92,3.73,22.02,53.7,75.57,88.64,88.64,0,,,53.7,,0,,0,,,,,
2016-02-29,58.65,59.07,55.19,55.61,16253800,115.37,55.19,3.74,19.95,51.77,74.64,86.13,88.64,0,,,51.77,,0,,0,,,,,
2016-03-01,55.98,57.3,55.55,56.81,16279459,114.59,55.19,3.6,23.5,52.64,73.64,84.42,86.13,0,,,52.64,,0,,0,,,,,
2016-03-02,59.26,62.41,58.65,59.44,29220081,113.82,55.19,3.74,30.75,54.24,72.67,84.42,84.42,0,,,54.24,,0,,0,,,,,
2016-03-03,59.99,63.57,59.47,63.24,24829233,113.1,55.19,3.77,39.65,56.67,71.86,84.42,84.42,0,,,56.67,,0,,0,,,,,
2016-03-04,63.73,66.24,62.47,65.87,19633504,112.44,55.19,3.77,44.92,58.37,71.14,84.42,84.42,0,,,58.37,,0,,0,,,,,
2016-03-08,66.11,68.04,64.12,64.89,13240912,111.73,55.19,3.78,43.4,57.73,70.29,81.66,84.42,0,,,57.73,,0,,0,,,,,
2016-03-09,64.89,66.11,63.42,65.9,10257723,111.02,55.19,3.7,45.45,58.43,69.53,80.35,81.66,0,,,58.43,,0,,0,,,,,
2016-03-10,65.96,65.96,63.42,63.91,12005086,110.28,55.19,3.62,42.2,57.2,68.81,79.12,80.35,0,,,57.2,,0,,0,,,,,
2016-03-11,63.91,64.4,62.9,63.48,10116858,109.57,55.19,3.47,41.52,57.03,68.13,70.8,79.12,0,,,57.03,,0,,0,,,,,
2016-03-14,64.15,65.41,62.84,64.86,11349492,108.85,55.19,3.4,44.64,57.96,67.46,68.04,70.8,0,,,57.96,,0,,0,,,,,
2016-03-15,64.83,65.53,64.37,64.98,6386377,108.14,55.19,3.24,44.92,58.15,66.77,68.04,68.04,0,,,58.15,,0,,0,,,,,
2016-03-16,65.81,66.42,64.31,65.13,9272242,107.43,55.19,3.16,45.29,58.3,66.19,68.04,68.04,0,,,58.3,,0,,0,,,,,
2016-03-17,65.84,68.68,65.41,67.89,17147316,106.73,55.19,3.19,51.67,60.06,65.83,68.68,68.04,0,,,60.06,,0,,0,,,,,
2016-03-18,68.41,69.91,68.07,69.42,13204377,106.11,55.19,3.11,54.81,61.1,65.51,69.91,68.68,0,,,61.1,,0,,0,,,,,
2016-03-21,69.42,69.66,67.95,68.53,9276801,105.46,55.19,3.01,52.66,60.59,65.08,69.91,69.91,0,,,60.59,,0,,0,,,,,
2016-03-22,69.17,71.81,68.81,71.44,22087651,104.85,55.55,3.03,58.4,62.58,64.76,71.81,69.91,0,,,62.58,,0,,0,,,,,
2016-03-23,71.93,72.11,70.92,71.26,9134821,104.27,58.65,2.9,57.94,63.58,64.46,72.11,71.81,0,,,63.58,,0,,0,,,,,
2016-03-28,71.81,72.05,68.78,69.27,7496754,103.68,59.47,2.92,52.89,62.55,64.15,72.11,72.11,0,,,62.55,,0,,0,,,,,
2016-03-29,69.14,69.91,67.61,67.92,7910284,103.07,62.47,2.88,49.73,62.71,63.96,72.11,72.11,0,,,62.71,,0,,0,,,,,
2016-03-30,68.81,70.92,68.13,70.31,8649823,102.47,62.84,2.89,54.87,64.37,64.18,72.11,72.11,0,,,64.37,,0,,0,,,,,
2016-03-31,69.85,70.83,69.17,69.69,10190908,101.87,62.84,2.8,53.35,64.03,64.3,72.11,72.11,0,,,64.03,,0,,0,,,,,
2016-04-01,69.66,73.89,69.39,71.29,28848411,101.28,62.84,2.92,56.69,64.98,64.56,73.89,72.11,0,,,64.98,,0,,0,,,,,
2016-04-04,71.93,72.72,70.21,71.53,9727903,100.73,62.84,2.89,57.19,65.16,64.79,73.89,73.89,0,,,65.16,,0,,0,,,,,
2016-04-05,71.44,72.17,68.78,69.08,9742818,100.17,62.84,2.93,50.79,63.55,64.98,73.89,73.89,0,,,63.55,,0,,0,,,,,
2016-04-06,70.12,70.89,68.96,69.73,10515573,99.7,64.31,2.86,52.32,64.51,65.23,73.89,73.89,0,,,64.51,,0,,0,,,,,
2016-04-07,70.4,74.35,68.99,73.0,56733978,99.25,64.31,3.03,59.17,66.5,65.6,74.35,73.89,0,,,66.5,,0,,0,,,,,
2016-04-08,72.85,75.51,72.11,75.17,32995939,98.77,65.41,3.06,62.97,68.25,66.09,75.51,74.35,0,,,68.25,,0,,0,,,,,
2016-04-11,75.66,78.48,75.3,78.02,23217325,98.35,67.61,3.08,67.28,70.81,66.79,78.48,75.51,0,,,70.81,,0,,0,,,,,
2016-04-12,78.17,78.97,77.19,77.93,11380137,97.92,67.61,2.99,67.01,70.81,67.46,78.97,78.48,0,,,70.81,,0,,0,,,,,
2016-04-13,78.48,82.92,78.48,81.82,18091654,97.54,67.61,3.13,72.13,73.22,68.25,82.92,78.97,0,,,73.22,,0,,0,,,,,
2016-04-18,82.52,82.52,80.41,80.93,10573980,97.19,67.61,3.06,69.47,72.7,69.09,82.92,82.92,0,,,72.7,,0,,0,,,,,
2016-04-20,81.08,82.18,80.68,81.39,8125939,96.9,67.61,2.95,70.09,73.07,69.91,82.92,82.92,0,,,73.07,,0,,0,,,,,
2016-04-21,82.31,82.64,78.3,78.91,13104777,96.56,67.61,3.04,62.77,71.4,70.56,82.92,82.92,0,,,71.4,,0,,0,,,,,
2016-04-22,78.82,78.82,77.32,78.08,10174039,96.24,68.13,2.94,60.5,71.11,71.05,82.92,82.92,0,,,71.11,,0,,0,,,,,
2016-04-25,76.52,78.17,76.06,76.92,7663179,95.94,68.78,2.88,57.37,70.62,71.42,82.92,82.92,0,,,70.62,,0,,0,,,,,
2016-04-26,77.13,80.1,76.52,79.06,12111312,95.6,68.78,2.93,61.34,71.97,71.9,82.92,82.92,0,,,71.97,,0,,0,,,,,
2016-04-27,79.37,80.38,77.81,78.2,8223579,95.26,68.78,2.91,58.96,71.43,72.3,82.92,82.92,0,,,71.43,,0,,0,,,,,
2016-04-28,78.23,78.75,75.79,76.52,11381691,94.89,68.78,2.91,54.52,70.34,72.73,82.92,82.92,0,,,70.34,,0,,0,,,,,
2016-04-29,76.52,77.62,75.39,76.77,6422227,94.54,68.96,2.86,55.06,70.6,73.17,82.92,82.92,0,,,70.6,,0,,0,,,,,
2016-05-02,76.52,78.97,75.69,78.17,7625385,94.19,68.99,2.89,58.08,71.49,73.61,82.92,82.92,0,,,71.49,,0,,0,,,,,
2016-05-03,78.66,79.4,75.85,76.18,7737865,93.83,72.11,2.94,52.66,71.21,73.99,82.92,82.92,0,,,71.21,,0,,0,,,,,
2016-05-04,75.91,76.31,72.88,73.31,7796373,93.46,72.88,2.97,46.0,69.6,74.26,82.92,82.92,0,,,69.6,,0,,0,,,,,
2016-05-05,73.4,75.6,73.15,75.14,7646020,93.11,72.88,2.94,50.32,70.8,74.5,82.92,82.92,0,,,70.8,,0,,0,,,,,
2016-05-06,74.99,78.02,73.83,77.59,8198874,92.79,72.88,3.03,55.45,72.32,74.77,82.92,82.92,0,,,72.32,,0,,0,,,,,
2016-05-09,77.9,78.91,76.89,77.9,7155321,92.48,72.88,2.95,56.07,72.57,75.08,82.92,82.92,0,,,72.57,,0,,0,,,,,
2016-05-10,78.11,79.83,77.16,78.75,8571981,92.2,72.88,2.93,57.8,73.13,75.33,82.92,82.92,0,,,73.13,,0,,0,,,,,
2016-05-11,77.53,78.36,76.52,77.32,6245035,91.9,72.88,2.88,53.95,72.24,75.53,82.92,82.92,0,,,72.24,,0,,0,,,,,
2016-05-12,77.13,78.45,76.58,76.89,6009574,91.62,72.88,2.81,52.81,72.01,75.78,82.92,82.92,0,,,72.01,,0,,0,,,,,
2016-05-13,76.64,77.13,74.99,75.14,5814828,91.31,72.88,2.76,48.34,70.92,76.02,82.92,82.92,0,,,70.92,,0,,0,,,,,
2016-05-16,75.66,76.09,73.34,74.22,8357790,90.97,72.88,2.76,46.13,70.32,76.16,82.64,82.92,0,,,70.32,,0,,0,,,,,
2016-05-17,75.11,75.48,73.83,74.07,6308229,90.65,72.88,2.68,45.76,70.28,76.3,82.64,82.64,0,,,70.28,,0,,0,,,,,
2016-05-18,73.46,73.64,72.24,73.18,7804741,90.31,72.24,2.62,43.54,69.53,76.36,82.64,82.64,0,,,69.53,,0,,0,,,,,
2016-05-19,73.58,74.65,72.54,73.0,9434119,89.98,72.24,2.58,43.09,69.44,76.41,80.38,82.64,0,,,69.44,,0,,0,,,,,
2016-05-20,73.43,73.92,72.85,73.03,5363727,89.64,72.24,2.48,43.19,69.53,76.54,80.38,80.38,0,,,69.53,,0,,0,,,,,
2016-05-23,73.46,73.61,72.3,72.69,4436086,89.3,72.24,2.39,42.23,69.37,76.64,80.38,80.38,0,,,69.37,,0,,0,,,,,
2016-05-24,72.54,72.72,70.8,72.05,6575871,88.95,70.8,2.36,40.4,68.5,76.61,80.38,80.38,0,,,68.5,,0,,0,,,,,
2016-05-25,72.88,75.33,72.79,75.02,9777909,88.62,70.8,2.43,51.0,70.37,76.61,79.83,80.38,0,,,70.37,,0,,0,,,,,
2016-05-26,75.76,79.12,75.72,78.72,15536379,88.29,70.8,2.54,60.44,72.68,76.63,79.83,79.83,0,,,72.68,,0,,0,,,,,
2016-05-27,78.97,80.93,77.5,78.42,15783897,87.97,70.8,2.61,59.44,72.44,76.65,80.93,79.83,0,,,72.44,,0,,0,,,,,
2016-05-30,75.23,77.01,73.58,73.89,17527254,87.6,70.8,2.77,46.84,69.41,76.38,80.93,80.93,0,,,69.41,,0,,0,,,,,
2016-05-31,74.07,75.48,73.15,73.77,12986740,87.22,70.8,2.74,46.56,69.36,76.14,80.93,80.93,0,,,69.36,,0,,0,,,,,
2016-06-01,74.68,74.68,71.93,72.45,9900412,86.83,70.8,2.74,43.46,68.51,75.85,80.93,80.93,0,,,68.51,,0,,0,,,,,
2016-06-02,72.54,73.77,71.65,73.49,8242699,86.45,70.8,2.69,46.48,69.21,75.66,80.93,80.93,0,,,69.21,,0,,0,,,,,
2016-06-03,74.07,74.07,72.05,72.24,7426492,86.08,70.8,2.65,43.48,68.43,75.47,80.93,80.93,0,,,68.43,,0,,0,,,,,
2016-06-06,72.48,73.09,71.62,72.3,7378348,85.71,70.8,2.56,43.67,68.53,75.32,80.93,80.93,0,,,68.53,,0,,0,,,,,
2016-06-07,73.15,73.95,72.05,73.03,9357246,85.31,70.8,2.51,46.02,69.03,75.11,80.93,80.93,0,,,69.03,,0,,0,,,,,
2016-06-08,73.0,74.99,72.69,74.32,9545574,84.93,70.8,2.5,50.0,69.87,74.99,80.93,80.93,0,,,69.87,,0,,0,,,,,
2016-06-09,74.56,75.23,73.58,74.19,6161736,84.56,70.8,2.44,49.6,69.83,74.91,80.93,80.93,0,,,69.83,,0,,0,,,,,
2016-06-10,74.68,77.44,74.65,75.76,19265191,84.23,70.8,2.5,54.32,70.8,74.87,80.93,80.93,0,,,70.8,,0,,0,,,,,
2016-06-13,74.84,74.84,73.03,73.67,6798640,83.91,70.8,2.51,47.89,69.44,74.72,80.93,80.93,0,,,69.44,,0,,0,,,,,
2016-06-14,73.95,74.62,73.64,74.32,7119642,83.59,71.62,2.4,49.88,70.21,74.66,80.93,80.93,0,,,70.21,,0,,0,,,,,
2016-06-15,74.47,75.42,74.22,75.02,5016255,83.27,71.62,2.32,52.0,70.72,74.72,80.93,80.93,0,,,70.72,,0,,0,,,,,
2016-06-16,74.68,75.11,73.34,74.32,4867209,82.94,71.62,2.28,49.73,70.29,74.69,80.93,80.93,0,,,70.29,,0,,0,,,,,
2016-06-17,75.17,75.85,74.32,74.9,7991322,82.65,71.62,2.22,51.62,70.7,74.6,80.93,80.93,0,,,70.7,,0,,0,,,,,
2016-06-20,74.01,76.37,73.64,75.85,7421814,82.37,71.62,2.26,54.61,71.29,74.53,80.93,80.93,0,,,71.29,,0,,0,,,,,
2016-06-21,76.28,76.49,74.38,74.59,9309622,82.12,71.62,2.25,50.17,70.48,74.4,80.93,80.93,0,,,70.48,,0,,0,,,,,
2016-06-22,74.74,75.42,74.38,75.08,5072823,81.89,71.62,2.16,51.81,70.86,74.32,80.93,80.93,0,,,70.86,,0,,0,,,,,
2016-06-23,74.87,75.48,73.06,74.96,6407446,81.66,71.62,2.18,51.37,70.77,74.26,80.93,80.93,0,,,70.77,,0,,0,,,,,
2016-06-24,73.34,73.34,69.63,72.39,12838987,81.42,69.63,2.41,42.86,68.3,74.16,77.44,80.93,0,,,68.3,,0,,0,,,,,
2016-06-27,72.45,73.8,72.39,72.88,5555170,81.17,69.63,2.34,44.74,68.66,74.12,77.44,77.44,0,,,68.66,,0,,0,,,,,
2016-06-28,73.25,73.77,72.6,72.82,6673680,80.95,69.63,2.25,44.55,68.68,74.08,77.44,77.44,0,,,68.68,,0,,0,,,,,
2016-06-29,73.64,75.17,73.28,74.65,8887617,80.73,69.63,2.26,51.43,69.85,74.13,77.44,77.44,0,,,69.85,,0,,0,,,,,
2016-06-30,75.82,78.48,75.42,78.17,19718140,80.53,69.63,2.37,61.38,72.05,74.3,78.48,77.44,0,,,72.05,,0,,0,,,,,
2016-07-01,78.97,81.39,78.91,80.84,17473663,80.35,69.63,2.43,66.91,73.73,74.56,81.39,78.48,0,,,73.73,,0,,0,,,,,
2016-07-04,81.57,84.91,81.57,84.51,18764431,80.21,69.63,2.55,72.7,76.02,74.95,84.91,81.39,0,,,76.02,,0,,0,,,,,
2016-07-05,84.75,86.59,83.77,85.34,18408132,80.07,69.63,2.57,73.81,76.54,75.4,86.59,84.91,0,,,76.54,,0,,0,,,,,
2016-07-07,85.55,86.9,85.3,85.67,9758058,79.92,69.63,2.5,74.26,76.8,75.75,86.9,86.59,0,,,76.8,,0,,0,,,,,
2016-07-08,85.7,86.74,83.04,84.42,10241812,79.77,69.63,2.59,69.4,75.94,75.94,86.9,86.9,0,,,75.94,,0,,0,,,,,
2016-07-11,85.7,86.8,84.78,85.21,4750768,79.62,69.63,2.57,70.7,76.46,76.17,86.9,86.9,0,,,76.46,,0,,0,,,,,
2016-07-12,85.4,85.79,83.47,84.66,9527371,79.48,69.63,2.55,68.51,76.11,76.53,86.9,86.9,0,,,76.11,,0,,0,,,,,
2016-07-13,85.09,89.99,85.09,86.62,19610497,79.37,69.63,2.75,71.86,77.25,76.96,89.99,86.9,0,,,77.25,,0,,0,,,,,
2016-07-14,86.68,88.92,85.83,88.61,9982306,79.27,69.63,2.78,74.79,78.51,77.49,89.99,89.99,0,,,78.51,,0,,0,,,,,
2016-07-15,88.7,89.1,86.93,87.29,6636229,79.17,69.63,2.73,69.61,77.69,77.95,89.99,89.99,0,,,77.69,,0,,0,,,,,
2016-07-18,87.36,88.7,84.91,85.58,9359701,79.06,72.39,2.81,63.47,77.46,78.4,89.99,89.99,0,,,77.46,,0,,0,,,,,
2016-07-19,85.3,86.16,83.9,85.58,9285730,78.95,72.6,2.77,63.47,77.55,78.84,89.99,89.99,0,,,77.55,,0,,0,,,,,
2016-07-20,85.61,88.46,85.46,88.24,9200169,78.85,73.28,2.78,68.49,79.48,79.35,89.99,89.99,0,,,79.48,,0,,0,,,,,
2016-07-21,88.61,88.61,84.85,85.76,7082847,78.75,75.42,2.85,60.19,78.55,79.73,89.99,89.99,0,,,78.55,,0,,0,,,,,
2016-07-22,86.31,87.11,85.4,86.25,8267547,78.64,78.91,2.77,61.19,80.09,80.13,89.99,89.99,0,,,80.09,,0,,0,,,,,
2016-07-25,86.31,90.78,86.07,90.17,10985235,78.56,81.57,2.91,68.1,83.41,80.61,90.78,89.99,1,90.17,83.41,83.41,83.41,1,2016-07-25,0,,,24,,
2016-07-26,91.18,91.18,89.47,90.17,10088238,78.48,83.04,2.83,68.1,83.96,81.16,91.18,90.78,0,,,83.96,83.96,1,2016-07-25,0,,,24,,
2016-07-27,89.96,92.59,89.5,91.21,15617938,78.4,83.04,2.84,69.75,84.61,81.73,92.59,91.18,1,91.21,84.61,84.61,84.61,1,2016-07-25,0,,,24,,
2016-07-28,91.79,92.56,90.36,91.49,10836774,78.33,83.04,2.8,70.2,84.83,82.27,92.59,92.59,0,,,84.83,84.83,1,2016-07-25,0,,,24,,
2016-07-29,90.6,91.15,88.76,89.31,11207770,78.24,83.47,2.79,62.44,83.57,82.77,92.59,92.59,0,,,83.57,84.83,1,2016-07-25,0,,,24,,
2016-08-01,89.38,91.21,86.47,86.84,14019010,78.14,83.47,2.93,55.02,81.88,83.17,92.59,92.59,0,,,81.88,84.83,1,2016-07-25,0,,,24,,
2016-08-02,87.17,88.15,84.48,84.88,8444331,78.0,83.9,2.99,49.95,80.72,83.47,92.59,92.59,0,,,80.72,84.83,1,2016-07-25,1,84.83,TRAILING_STOP,24,7,-5.93
2016-08-03,84.78,85.0,81.11,81.6,9234027,77.84,81.11,3.05,42.83,77.64,83.71,92.59,92.59,0,,,77.64,,0,,0,,,,,
2016-08-04,82.64,83.1,80.93,81.97,9450058,77.69,80.93,2.99,43.8,77.86,83.94,92.59,92.59,0,,,77.86,,0,,0,,,,,
2016-08-05,82.67,84.85,82.64,84.29,7854577,77.56,80.93,2.98,49.59,79.36,84.25,92.59,92.59,0,,,79.36,,0,,0,,,,,
2016-08-08,85.09,86.84,83.38,85.79,11378592,77.44,80.93,3.01,52.97,80.3,84.69,92.59,92.59,0,,,80.3,,0,,0,,,,,
2016-08-09,85.79,87.02,84.91,85.52,9328692,77.32,80.93,2.95,52.29,80.17,85.12,92.59,92.59,0,,,80.17,,0,,0,,,,,
2016-08-10,85.7,86.35,83.25,83.47,8690398,77.18,80.93,2.96,47.33,78.84,85.47,92.59,92.59,0,,,78.84,,0,,0,,,,,
2016-08-11,84.54,85.09,82.15,83.5,9147865,77.06,80.93,2.96,47.41,78.86,85.77,92.59,92.59,0,,,78.86,,0,,0,,,,,
2016-08-12,84.42,85.46,84.08,84.78,7100220,76.95,80.93,2.89,50.78,79.74,85.99,92.59,92.59,0,,,79.74,,0,,0,,,,,
2016-08-16,85.09,85.09,82.95,83.93,7352197,76.83,80.93,2.83,48.56,79.22,86.09,92.59,92.59,0,,,79.22,,0,,0,,,,,
2016-08-17,83.87,84.91,83.56,84.23,4627923,76.77,80.93,2.73,49.4,79.49,86.08,92.59,92.59,0,,,79.49,,0,,0,,,,,
2016-08-18,84.88,86.44,84.48,85.92,5837692,76.71,80.93,2.69,53.98,80.6,86.1,92.59,92.59,0,,,80.6,,0,,0,,,,,
2016-08-19,86.28,87.42,85.79,86.93,5682876,76.68,80.93,2.62,56.51,81.3,86.14,92.59,92.59,0,,,81.3,,0,,0,,,,,
2016-08-22,86.87,89.62,86.38,88.09,12614592,76.66,80.93,2.66,59.28,82.02,86.26,92.59,92.59,0,,,82.02,,0,,0,,,,,
2016-08-23,87.81,87.81,83.19,83.8,14645764,76.61,80.93,2.82,47.28,79.15,86.22,92.59,92.59,0,,,79.15,,0,,0,,,,,
2016-08-24,83.53,84.54,82.86,83.74,7631973,76.58,80.93,2.74,47.14,79.16,86.19,92.59,92.59,0,,,79.16,,0,,0,,,,,
2016-08-25,83.56,86.93,83.44,86.25,19988074,76.6,80.93,2.79,53.51,80.75,86.17,92.56,92.59,0,,,80.75,,0,,0,,,,,
2016-08-26,85.7,87.05,84.48,85.37,6649134,76.59,82.15,2.78,51.18,80.6,86.07,91.21,92.56,0,,,80.6,,0,,0,,,,,
2016-08-29,85.24,86.62,84.26,86.28,5851561,76.58,82.15,2.75,53.43,81.2,86.03,91.21,91.21,0,,,81.2,,0,,0,,,,,
2016-08-30,86.01,87.08,85.18,86.04,6517761,76.57,82.15,2.69,52.74,81.09,86.05,89.62,91.21,0,,,81.09,,0,,0,,,,,
2016-08-31,85.76,86.71,84.57,85.15,7272975,76.55,82.15,2.65,50.15,80.54,86.03,89.62,89.62,0,,,80.54,,0,,0,,,,,
2016-09-01,85.15,85.67,82.4,82.92,7598988,76.5,82.15,2.69,44.27,79.07,85.86,89.62,89.62,0,,,79.07,,0,,0,,,,,
2016-09-02,82.18,83.8,82.18,83.32,7059571,76.46,82.18,2.61,45.5,79.39,85.77,89.62,89.62,0,,,79.39,,0,,0,,,,,
2016-09-06,83.87,85.03,83.87,84.57,5642566,76.46,82.18,2.55,49.28,80.24,85.72,89.62,89.62,0,,,80.24,,0,,0,,,,,
2016-09-07,84.45,98.89,82.06,97.73,118930660,76.55,82.06,3.57,71.6,88.01,85.97,98.89,89.62,1,97.73,88.01,88.01,88.01,1,2016-09-07,0,,,25,,
2016-09-08,97.0,99.72,94.0,95.96,60723063,76.62,82.06,3.72,67.31,86.76,86.16,99.72,98.89,0,,,86.76,88.01,1,2016-09-07,0,,,25,,
2016-09-09,94.92,96.05,93.66,94.3,18464658,76.68,82.06,3.63,63.47,85.76,86.27,99.72,99.72,0,,,85.76,88.01,1,2016-09-07,0,,,25,,
2016-09-12,92.13,94.18,89.53,90.29,17585380,76.73,82.06,3.71,55.27,83.12,86.23,99.72,99.72,0,,,83.12,88.01,1,2016-09-07,0,,,25,,
2016-09-14,90.85,91.74,88.82,89.83,16250269,76.81,82.06,3.65,54.4,82.86,86.24,99.72,99.72,0,,,82.86,88.01,1,2016-09-07,0,,,25,,
2016-09-15,90.48,92.96,89.22,92.26,24745357,76.9,82.06,3.66,58.14,84.42,86.42,99.72,99.72,0,,,84.42,88.01,1,2016-09-07,0,,,25,,
2016-09-16,93.88,94.1,89.37,90.02,20438254,76.95,82.06,3.74,53.76,82.93,86.6,99.72,99.72,0,,,82.93,88.01,1,2016-09-07,0,,,25,,
2016-09-19,90.17,91.71,89.96,90.32,10170675,77.02,82.06,3.59,54.26,83.21,86.89,99.72,99.72,0,,,83.21,88.01,1,2016-09-07,0,,,25,,
2016-09-20,90.54,91.03,89.16,89.47,15416650,77.08,82.06,3.47,52.53,82.75,87.14,99.72,99.72,0,,,82.75,88.01,1,2016-09-07,0,,,25,,
2016-09-21,90.85,90.85,88.11,88.61,10698471,77.14,82.06,3.42,50.78,82.23,87.28,99.72,99.72,0,,,82.23,88.01,1,2016-09-07,0,,,25,,
2016-09-22,89.93,90.72,89.37,90.29,9113542,77.26,82.06,3.33,54.01,83.37,87.43,99.72,99.72,0,,,83.37,88.01,1,2016-09-07,0,,,25,,
2016-09-23,90.54,92.5,89.37,89.71,20409826,77.43,82.06,3.31,52.72,83.01,87.57,99.72,99.72,0,,,83.01,88.01,1,2016-09-07,0,,,25,,
2016-09-26,89.62,90.08,87.35,87.65,12023686,77.57,82.06,3.27,48.31,81.71,87.71,99.72,99.72,0,,,81.71,88.01,1,2016-09-07,1,88.01,TRAILING_STOP,25,13,-9.95
2016-09-27,88.21,88.36,86.24,86.64,8866812,77.73,82.06,3.19,46.27,81.11,87.81,99.72,99.72,0,,,81.11,,0,,0,,,,,
2016-09-28,87.13,88.82,86.43,88.33,8483836,77.88,82.06,3.13,50.08,82.24,87.93,99.72,99.72,0,,,82.24,,0,,0,,,,,
2016-09-29,88.88,89.19,79.55,81.64,26473857,78.01,79.55,3.6,38.46,76.78,87.86,99.72,99.72,0,,,76.78,,0,,0,,,,,
2016-09-30,81.64,83.08,80.96,82.68,11844472,78.14,79.55,3.49,40.76,77.52,87.8,99.72,99.72,0,,,77.52,,0,,0,,,,,
2016-10-03,83.85,84.65,83.05,84.22,8956906,78.29,79.55,3.38,44.1,78.58,87.75,99.72,99.72,0,,,78.58,,0,,0,,,,,
2016-10-04,85.32,85.38,83.91,84.71,7335136,78.45,79.55,3.25,45.15,78.99,87.67,99.72,99.72,0,,,78.99,,0,,0,,,,,
2016-10-05,84.89,85.26,83.3,83.97,7569546,78.63,79.55,3.15,43.81,78.58,87.54,99.72,99.72,0,,,78.58,,0,,0,,,,,
2016-10-06,84.49,85.94,83.36,83.54,13619655,78.8,79.55,3.11,43.0,78.32,87.53,99.72,99.72,0,,,78.32,,0,,0,,,,,
2016-10-07,83.6,83.73,82.56,82.99,7844728,78.97,79.55,2.97,41.94,78.06,87.5,96.05,99.72,0,,,78.06,,0,,0,,,,,
2016-10-10,83.6,83.85,82.41,82.84,5589574,79.15,79.55,2.86,41.64,78.04,87.39,94.18,96.05,0,,,78.04,,0,,0,,,,,
2016-10-13,82.74,82.81,80.63,81.3,9390540,79.31,79.55,2.82,38.58,77.08,87.25,94.1,94.18,0,,,77.08,,0,,0,,,,,
2016-10-14,81.64,82.22,81.12,81.58,6070750,79.46,79.55,2.69,39.45,77.34,87.1,94.1,94.1,0,,,77.34,,0,,0,,,,,
2016-10-17,81.76,82.19,79.67,80.84,7761292,79.58,79.55,2.68,37.92,76.87,86.92,94.1,94.1,0,,,76.87,,0,,0,,,,,
2016-10-18,81.52,84.09,81.27,83.6,11847322,79.7,79.55,2.72,46.3,78.62,86.87,92.5,94.1,0,,,78.62,,0,,0,,,,,
2016-10-19,85.38,88.18,85.38,86.7,28025533,79.84,79.55,2.86,53.83,80.53,87.0,92.5,92.5,0,,,80.53,,0,,0,,,,,
2016-10-20,87.32,87.72,86.4,87.26,8686419,79.98,79.55,2.75,55.06,80.97,87.13,92.5,92.5,0,,,80.97,,0,,0,,,,,
2016-10-21,87.16,87.56,86.15,86.98,6939982,80.14,79.55,2.65,54.28,80.85,87.21,92.5,92.5,0,,,80.85,,0,,0,,,,,
2016-10-24,87.41,87.59,86.55,86.7,5081389,80.29,79.67,2.54,53.47,80.79,86.84,92.5,92.5,0,,,80.79,,0,,0,,,,,
2016-10-25,86.8,87.35,85.11,86.0,5834316,80.43,79.67,2.51,51.4,80.35,86.51,90.08,92.5,0,,,80.35,,0,,0,,,,,
2016-10-26,85.78,87.04,85.17,85.51,7352385,80.57,79.67,2.47,49.94,80.07,86.22,89.19,90.08,0,,,80.07,,0,,0,,,,,
2016-10-27,85.32,85.44,83.57,84.86,6893160,80.7,79.67,2.43,48.0,79.67,86.04,89.19,89.19,0,,,79.67,,0,,0,,,,,
2016-10-28,85.01,85.9,84.77,85.29,6859747,80.82,79.67,2.34,49.4,80.01,85.88,89.19,89.19,0,,,80.01,,0,,0,,,,,
2016-11-01,85.94,88.08,85.08,86.89,10602879,80.93,79.67,2.38,54.34,81.01,85.7,88.18,89.19,0,,,81.01,,0,,0,,,,,
2016-11-02,85.78,85.87,83.88,84.09,7750207,81.04,79.67,2.43,45.9,79.17,85.51,88.18,88.18,0,,,79.17,,0,,0,,,,,
2016-11-03,84.22,86.0,84.09,84.49,5589694,81.13,79.67,2.39,47.16,79.46,85.31,88.18,88.18,0,,,79.46,,0,,0,,,,,
2016-11-04,84.92,85.26,82.04,82.68,7914966,81.2,79.67,2.45,42.34,78.25,85.09,88.18,88.18,0,,,78.25,,0,,0,,,,,
2016-11-07,83.66,86.21,83.6,85.35,9815949,81.31,79.67,2.53,50.39,79.92,84.98,88.18,88.18,0,,,79.92,,0,,0,,,,,
2016-11-08,86.55,90.11,86.27,87.9,35331114,81.44,81.27,2.69,56.62,81.99,84.9,90.11,88.18,0,,,81.99,,0,,0,,,,,
2016-11-09,80.41,86.21,79.12,85.08,23347333,81.54,79.12,3.12,49.26,79.17,84.74,90.11,90.11,0,,,79.17,,0,,0,,,,,
2016-11-10,87.04,88.27,85.38,86.33,13606837,81.65,79.12,3.13,52.22,79.97,84.7,90.11,90.11,0,,,79.97,,0,,0,,,,,
2016-11-11,85.78,87.65,82.56,83.57,17816359,81.73,79.12,3.27,45.85,78.1,84.6,90.11,90.11,0,,,78.1,,0,,0,,,,,
2016-11-15,83.57,84.8,81.09,82.1,9298560,81.8,79.12,3.3,42.85,77.13,84.39,90.11,90.11,0,,,77.13,,0,,0,,,,,
2016-11-16,83.48,83.85,80.44,80.87,7470733,81.88,79.12,3.31,40.46,76.33,84.36,90.11,90.11,0,,,76.33,,0,,0,,,,,
2016-11-17,82.25,83.2,80.78,81.82,12462207,81.96,79.12,3.24,43.1,76.98,84.34,90.11,90.11,0,,,76.98,,0,,0,,,,,
2016-11-18,82.19,83.17,81.49,82.44,5015217,82.03,79.12,3.13,44.81,77.46,84.28,90.11,90.11,0,,,77.46,,0,,0,,,,,
2016-11-21,82.87,83.02,77.56,79.12,12079720,82.05,77.56,3.3,38.17,74.69,84.09,90.11,90.11,0,,,74.69,,0,,0,,,,,
2016-11-22,79.98,80.01,75.87,76.36,18710880,82.04,75.87,3.36,33.7,72.3,83.84,90.11,90.11,0,,,72.3,,0,,0,,,,,
2016-11-23,76.85,77.56,75.19,76.79,13429614,82.03,75.19,3.29,34.98,72.4,83.61,90.11,90.11,0,,,72.4,,0,,0,,,,,
2016-11-24,76.67,77.19,75.78,76.36,12446395,82.0,75.19,3.15,34.27,72.21,83.39,90.11,90.11,0,,,72.21,,0,,0,,,,,
2016-11-25,76.79,78.26,76.54,77.8,7198387,81.98,75.19,3.06,38.76,73.2,83.22,90.11,90.11,0,,,73.2,,0,,0,,,,,
2016-11-28,77.83,79.18,77.46,78.32,6200037,81.96,75.19,2.97,40.34,73.6,83.12,90.11,90.11,0,,,73.6,,0,,0,,,,,
2016-11-29,79.03,80.07,78.54,79.31,7021126,81.96,75.19,2.88,43.35,74.3,83.05,90.11,90.11,0,,,74.3,,0,,0,,,,,
2016-11-30,79.77,80.69,79.24,79.89,8705592,81.97,75.19,2.78,45.1,74.74,83.02,90.11,90.11,0,,,74.74,,0,,0,,,,,
2016-12-01,80.17,80.53,78.66,79.03,4300866,81.98,75.19,2.71,42.98,74.23,82.86,90.11,90.11,0,,,74.23,,0,,0,,,,,
2016-12-02,78.88,79.31,77.5,77.89,4751875,81.98,75.19,2.65,40.28,73.54,82.57,90.11,90.11,0,,,73.54,,0,,0,,,,,
2016-12-05,77.77,79.4,77.1,78.97,5521509,81.98,75.19,2.62,43.88,74.25,82.29,90.11,90.11,0,,,74.25,,0,,0,,,,,
2016-12-06,79.06,79.49,78.26,78.63,5483967,82.0,75.19,2.53,43.0,74.1,82.01,90.11,90.11,0,,,74.1,,0,,0,,,,,
2016-12-07,79.12,79.31,77.59,78.32,5704443,82.01,75.19,2.47,42.17,73.93,81.74,88.27,90.11,0,,,73.93,,0,,0,,,,,
2016-12-08,78.94,79.8,78.69,79.0,5204125,82.01,75.19,2.4,44.69,74.42,81.5,88.27,88.27,0,,,74.42,,0,,0,,,,,
2016-12-09,79.58,80.07,78.88,79.21,5863581,82.03,75.19,2.31,45.48,74.61,81.29,87.65,88.27,0,,,74.61,,0,,0,,,,,
2016-12-12,79.0,79.0,77.31,78.26,5306887,82.07,75.19,2.28,42.52,74.02,81.07,84.8,87.65,0,,,74.02,,0,,0,,,,,
2016-12-13,77.99,78.08,76.82,77.0,5092387,82.08,75.19,2.22,38.91,73.25,80.8,83.85,84.8,0,,,73.25,,0,,0,,,,,
2016-12-14,77.19,77.74,76.61,76.88,4311780,82.07,75.78,2.14,38.58,73.42,80.46,83.2,83.85,0,,,73.42,,0,,0,,,,,
2016-12-15,76.11,77.77,76.05,76.94,4375378,82.07,76.05,2.11,38.86,73.57,80.22,83.17,83.2,0,,,73.57,,0,,0,,,,,
2016-12-16,77.16,77.25,75.19,75.38,8088010,82.04,75.19,2.11,34.4,72.28,79.92,83.02,83.17,0,,,72.28,,0,,0,,,,,
2016-12-19,75.5,75.75,74.3,74.61,7301883,82.03,74.3,2.06,32.43,71.52,79.65,80.69,83.02,0,,,71.52,,0,,0,,,,,
2016-12-20,74.89,75.19,74.06,74.21,3939247,82.01,74.06,2.0,31.42,71.22,79.28,80.69,80.69,0,,,71.22,,0,,0,,,,,
2016-12-21,74.4,75.01,74.0,74.15,3671200,82.0,74.0,1.93,31.26,71.21,78.82,80.69,80.69,0,,,71.21,,0,,0,,,,,
2016-12-22,73.97,74.21,72.55,73.05,5460360,81.99,72.55,1.91,28.45,70.03,78.42,80.69,80.69,0,,,70.03,,0,,0,,,,,
2016-12-23,72.95,74.12,72.77,73.05,5077795,81.99,72.55,1.87,28.45,70.06,77.98,80.69,80.69,0,,,70.06,,0,,0,,,,,
2016-12-26,73.05,73.14,71.54,71.94,4476181,81.98,71.54,1.85,25.74,69.02,77.59,80.69,80.69,0,,,69.02,,0,,0,,,,,
2016-12-27,72.0,73.48,71.27,73.2,3775044,81.98,71.27,1.87,33.48,69.72,77.29,80.69,80.69,0,,,69.72,,0,,0,,,,,
2016-12-28,73.6,74.4,73.11,73.26,3709056,81.98,71.27,1.83,33.84,69.79,77.04,80.53,80.69,0,,,69.79,,0,,0,,,,,
2016-12-29,73.08,73.9,72.68,72.89,7271137,81.98,71.27,1.79,32.68,69.58,76.74,80.07,80.53,0,,,69.58,,0,,0,,,,,
2016-12-30,73.35,74.64,73.05,74.4,7527727,82.0,71.27,1.79,41.46,70.55,76.47,80.07,80.07,0,,,70.55,,0,,0,,,,,
2017-01-02,74.4,75.68,74.09,75.19,4854928,82.0,71.27,1.77,45.47,71.07,76.34,80.07,80.07,0,,,71.07,,0,,0,,,,,
2017-01-03,75.35,77.5,75.26,76.61,7784323,81.99,71.27,1.81,51.85,71.96,76.35,80.07,80.07,0,,,71.96,,0,,0,,,,,
2017-01-04,76.76,78.54,76.76,78.02,9654199,81.98,71.27,1.82,57.2,72.87,76.39,80.07,80.07,0,,,72.87,,0,,0,,,,,
2017-01-05,78.11,78.91,77.43,78.54,6064410,82.01,71.27,1.79,59.01,73.22,76.46,80.07,80.07,0,,,73.22,,0,,0,,,,,
2017-01-06,78.2,78.88,77.4,77.59,6331767,82.04,71.27,1.77,54.48,72.62,76.46,79.0,80.07,0,,,72.62,,0,,0,,,,,
2017-01-09,77.96,78.85,77.34,78.32,4324932,82.08,71.27,1.75,57.2,73.1,76.46,78.91,79.0,0,,,73.1,,0,,0,,,,,
2017-01-10,78.39,79.31,78.39,78.72,3881938,82.11,71.27,1.7,58.66,73.4,76.44,79.31,78.91,0,,,73.4,,0,,0,,,,,
2017-01-11,79.0,79.67,78.69,78.97,6456862,82.16,71.27,1.65,59.58,73.59,76.41,79.67,79.31,0,,,73.59,,0,,0,,,,,
2017-01-12,79.18,79.18,77.43,78.54,7792162,82.2,71.27,1.65,57.21,73.31,76.39,79.67,79.67,0,,,73.31,,0,,0,,,,,
2017-01-13,79.89,80.01,78.57,79.03,9113337,82.24,71.27,1.64,59.21,73.64,76.43,80.01,79.67,0,,,73.64,,0,,0,,,,,
2017-01-16,79.18,79.28,78.42,78.88,4331106,82.27,71.27,1.59,58.31,73.58,76.43,80.01,80.01,0,,,73.58,,0,,0,,,,,
2017-01-17,79.18,79.49,78.32,78.54,2993143,82.3,72.68,1.56,56.23,73.85,76.42,80.01,80.01,0,,,73.85,,0,,0,,,,,
2017-01-18,78.91,82.31,78.72,81.27,17994367,82.34,72.68,1.71,66.54,75.5,76.52,82.31,80.01,0,,,75.5,,0,,0,,,,,
2017-01-19,81.88,82.59,80.81,81.27,9107890,82.39,73.05,1.72,66.54,75.62,76.6,82.59,82.31,0,,,75.62,,0,,0,,,,,
2017-01-20,80.9,81.61,78.88,79.21,4911199,82.42,74.09,1.79,55.17,74.59,76.6,82.59,82.59,0,,,74.59,,0,,0,,,,,
2017-01-23,79.12,79.58,77.96,78.75,6029206,82.44,75.26,1.78,52.99,74.69,76.61,82.59,82.59,0,,,74.69,,0,,0,,,,,
2017-01-24,79.0,81.27,79.0,80.87,11656417,82.49,76.76,1.83,60.69,76.53,76.74,82.59,82.59,0,,,76.53,,0,,0,,,,,
2017-01-25,81.3,81.64,79.71,80.96,11634085,82.53,77.34,1.84,60.98,76.77,76.88,82.59,82.59,0,,,76.77,,0,,0,,,,,
2017-01-27,81.49,87.29,81.49,85.69,24451939,82.59,77.34,2.16,72.54,79.61,77.17,87.29,82.59,1,85.69,79.61,79.61,79.61,1,2017-01-27,0,,,26,,
2017-01-30,85.32,85.81,84.37,84.71,6311967,82.66,77.34,2.11,68.04,79.01,77.48,87.29,87.29,0,,,79.01,79.61,1,2017-01-27,0,,,26,,
2017-01-31,84.71,86.61,83.6,84.12,10046563,82.72,77.43,2.17,65.42,78.62,77.8,87.29,87.29,0,,,78.62,79.61,1,2017-01-27,0,,,26,,
2017-02-01,84.52,86.37,83.3,85.87,12535152,82.79,77.43,2.24,69.21,79.71,78.19,87.29,87.29,0,,,79.71,79.71,1,2017-01-27,0,,,26,,
2017-02-02,85.97,86.55,84.52,85.32,8017710,82.88,77.43,2.22,66.73,79.36,78.56,87.29,87.29,0,,,79.36,79.71,1,2017-01-27,0,,,26,,
2017-02-03,85.94,87.75,85.63,87.59,11166966,82.98,77.96,2.24,71.31,80.99,79.04,87.75,87.29,1,87.59,80.99,80.99,80.99,1,2017-01-27,0,,,26,,
2017-02-06,88.36,89.37,87.29,88.42,12472383,83.08,77.96,2.23,72.78,81.53,79.56,89.37,87.75,0,,,81.53,81.53,1,2017-01-27,0,,,26,,
2017-02-07,89.13,95.14,86.12,93.36,67639699,83.21,77.96,2.71,79.52,84.4,80.27,95.14,89.37,0,,,84.4,84.4,1,2017-01-27,0,,,26,,
2017-02-08,92.93,96.46,92.07,95.91,37705536,83.33,77.96,2.83,82.0,85.96,81.03,96.46,95.14,0,,,85.96,85.96,1,2017-01-27,0,,,26,,
2017-02-09,95.94,97.51,93.73,96.49,18916219,83.43,77.96,2.9,82.52,86.29,81.8,97.51,96.46,0,,,86.29,86.29,1,2017-01-27,0,,,26,,
2017-02-10,96.74,97.97,95.97,96.98,12803560,83.51,77.96,2.83,82.96,86.65,82.6,97.97,97.51,0,,,86.65,86.65,1,2017-01-27,0,,,26,,
2017-02-13,96.98,96.98,93.36,95.24,7280893,83.58,77.96,2.89,75.59,85.49,83.3,97.97,97.97,0,,,85.49,86.65,1,2017-01-27,0,,,26,,
2017-02-14,95.57,97.46,94.83,97.12,8442933,83.66,79.0,2.87,77.87,87.06,84.03,97.97,97.97,0,,,87.06,87.06,1,2017-01-27,0,,,26,,
2017-02-15,96.87,96.87,93.32,93.85,8150257,83.72,79.71,2.94,66.24,85.14,84.6,97.97,97.97,0,,,85.14,87.06,1,2017-01-27,0,,,26,,
2017-02-16,93.79,95.05,91.72,94.62,8534797,83.78,81.49,2.97,67.47,86.22,85.16,97.97,97.97,0,,,86.22,87.06,1,2017-01-27,0,,,26,,
2017-02-17,92.55,95.27,92.27,94.62,10324347,83.85,83.3,2.97,67.47,86.82,85.69,97.97,97.97,0,,,86.82,87.06,1,2017-01-27,0,,,26,,
2017-02-20,94.4,95.54,93.85,94.68,5166156,83.9,83.3,2.88,67.58,86.92,86.26,97.97,97.97,0,,,86.92,87.06,1,2017-01-27,0,,,26,,
2017-02-21,95.02,96.69,94.46,95.39,5097706,83.95,83.3,2.83,68.88,87.41,86.83,97.97,97.97,0,,,87.41,87.41,1,2017-01-27,0,,,26,,
2017-02-22,96.19,97.43,94.96,95.2,9082795,84.0,84.52,2.81,68.09,87.71,87.38,97.97,97.97,0,,,87.71,87.71,1,2017-01-27,0,,,26,,
2017-02-23,95.17,96.1,94.09,94.68,13964640,84.06,85.63,2.75,65.87,87.78,87.91,97.97,97.97,0,,,87.78,87.78,1,2017-01-27,0,,,26,,
2017-02-27,94.4,95.57,93.69,94.28,4069939,84.12,86.12,2.69,64.14,87.73,88.43,97.97,97.97,0,,,87.73,87.78,1,2017-01-27,0,,,26,,
2017-02-28,93.97,101.07,93.97,100.23,16553127,84.2,86.12,3.0,74.78,91.35,89.14,101.07,97.97,1,100.23,91.35,91.35,91.35,1,2017-01-27,0,,,26,,
2017-03-01,100.57,101.37,98.47,98.88,11957178,84.29,91.72,2.99,69.72,92.35,89.8,101.37,101.07,0,,,92.35,92.35,1,2017-01-27,0,,,26,,
2017-03-02,99.96,101.34,97.27,97.61,9601747,84.36,91.72,3.07,65.25,91.48,90.44,101.37,101.37,0,,,91.48,92.35,1,2017-01-27,0,,,26,,
2017-03-03,96.84,98.97,96.13,97.58,9024568,84.41,91.72,3.05,65.15,91.48,90.98,101.37,101.37,0,,,91.48,92.35,1,2017-01-27,0,,,26,,
2017-03-06,97.89,100.08,97.8,99.37,7208899,84.47,91.72,3.02,68.45,92.66,91.59,101.37,101.37,0,,,92.66,92.66,1,2017-01-27,0,,,26,,
2017-03-07,99.96,101.41,98.38,98.81,10594942,84.52,91.72,3.02,66.33,92.3,92.24,101.41,101.37,0,,,92.3,92.66,1,2017-01-27,0,,,26,,
2017-03-08,98.72,99.18,96.87,97.64,4652793,84.56,91.72,2.97,62.02,91.57,92.87,101.41,101.41,0,,,91.57,92.66,1,2017-01-27,0,,,26,,
2017-03-09,96.9,98.51,96.5,97.18,4180287,84.62,91.72,2.9,60.35,91.32,93.41,101.41,101.41,0,,,91.32,92.66,1,2017-01-27,0,,,26,,
2017-03-10,98.07,98.97,96.9,97.55,5041179,84.69,92.27,2.84,61.25,91.78,93.97,101.41,101.41,0,,,91.78,92.66,1,2017-01-27,0,,,26,,
2017-03-14,100.54,101.5,98.78,99.55,11881774,84.78,93.69,2.92,65.77,93.49,94.43,101.5,101.41,0,,,93.49,93.49,1,2017-01-27,0,,,26,,
2017-03-15,99.96,103.56,99.59,102.98,15997201,84.93,93.69,3.0,71.84,95.65,95.04,103.56,101.5,1,102.98,95.65,95.65,95.65,1,2017-01-27,0,,,26,,
2017-03-16,103.56,104.52,103.29,104.18,8478933,85.08,93.69,2.89,73.61,96.5,95.71,104.52,103.56,0,,,96.5,96.5,1,2017-01-27,0,,,26,,
2017-03-17,104.83,105.97,102.42,104.06,13448142,85.21,93.69,2.94,73.11,96.39,96.31,105.97,104.52,0,,,96.39,96.5,1,2017-01-27,0,,,26,,
2017-03-20,104.03,105.91,103.5,105.45,8631736,85.34,93.69,2.9,75.19,97.31,96.98,105.97,105.97,0,,,97.31,97.31,1,2017-01-27,0,,,26,,
2017-03-21,105.82,106.19,103.84,104.24,7534485,85.46,93.97,2.86,70.12,96.65,97.54,106.19,105.97,0,,,96.65,97.31,1,2017-01-27,0,,,26,,
2017-03-22,103.19,103.38,101.59,102.33,6809808,85.59,96.13,2.85,62.91,96.15,98.0,106.19,106.19,0,,,96.15,97.31,1,2017-01-27,0,,,26,,
2017-03-23,102.73,104.18,101.68,103.63,6659070,85.72,96.13,2.82,65.51,97.0,98.34,106.19,106.19,0,,,97.0,97.31,1,2017-01-27,0,,,26,,
2017-03-24,103.66,104.74,102.76,103.07,4962666,85.84,96.13,2.76,63.44,96.68,98.58,106.19,106.19,0,,,96.68,97.31,1,2017-01-27,0,,,26,,
2017-03-27,103.07,104.46,102.21,103.66,8456554,85.98,96.5,2.73,64.71,97.21,98.82,106.19,106.19,0,,,97.21,97.31,1,2017-01-27,0,,,26,,
2017-03-28,103.56,104.83,103.44,104.0,4998507,86.11,96.5,2.63,65.45,97.49,99.06,106.19,106.19,0,,,97.49,97.49,1,2017-01-27,0,,,26,,
2017-03-29,104.09,105.17,103.04,103.56,6558873,86.23,96.5,2.59,63.59,97.23,99.33,106.19,106.19,0,,,97.23,97.49,1,2017-01-27,0,,,26,,
2017-03-30,103.78,104.06,101.07,101.47,23046645,86.32,96.5,2.62,55.53,95.87,99.48,106.19,106.19,0,,,95.87,97.49,1,2017-01-27,0,,,26,,
2017-03-31,101.19,102.39,100.2,100.48,6990559,86.41,96.9,2.59,52.15,95.38,99.7,106.19,106.19,0,,,95.38,97.49,1,2017-01-27,0,,,26,,
2017-04-03,100.88,103.53,100.73,103.01,5909323,86.53,98.78,2.62,59.01,97.62,99.98,106.19,106.19,0,,,97.62,97.62,1,2017-01-27,0,,,26,,
2017-04-05,103.38,106.06,102.11,105.66,8307175,86.68,99.59,2.72,64.71,99.53,100.35,106.19,106.19,0,,,99.53,99.53,1,2017-01-27,0,,,26,,
2017-04-06,105.6,111.03,105.26,110.51,26907577,86.84,100.2,2.94,72.3,102.72,100.87,111.03,106.19,1,110.51,102.72,102.72,102.72,1,2017-01-27,0,,,26,,
2017-04-07,110.41,111.56,107.42,107.85,12116586,86.99,100.2,3.02,64.15,100.95,101.29,111.56,111.03,0,,,100.95,102.72,1,2017-01-27,0,,,26,,
2017-04-10,107.91,109.61,107.08,107.79,7452910,87.13,100.2,2.99,63.97,100.93,101.71,111.56,111.56,0,,,100.93,102.72,1,2017-01-27,0,,,26,,
2017-04-11,107.61,110.07,107.39,108.87,6743887,87.29,100.2,2.97,65.79,101.64,102.18,111.56,111.56,0,,,101.64,102.72,1,2017-01-27,0,,,26,,
2017-04-12,108.87,109.67,106.16,107.91,5271327,87.44,100.2,3.0,62.76,101.0,102.64,111.56,111.56,0,,,101.0,102.72,1,2017-01-27,0,,,26,,
2017-04-13,107.91,109.03,106.56,106.93,4926940,87.6,100.2,2.97,59.75,100.39,102.86,111.56,111.56,0,,,100.39,102.72,1,2017-01-27,0,,,26,,
2017-04-17,106.65,107.85,106.19,106.56,3478483,87.75,100.2,2.87,58.6,100.22,103.12,111.56,111.56,0,,,100.22,102.72,1,2017-01-27,0,,,26,,
2017-04-18,107.3,109.98,104.4,104.74,11183388,87.89,100.2,3.07,53.2,98.91,103.35,111.56,111.56,0,,,98.91,102.72,1,2017-01-27,0,,,26,,
2017-04-19,105.51,107.85,103.41,107.39,7397221,87.95,100.2,3.16,59.11,100.56,103.68,111.56,111.56,0,,,100.56,102.72,1,2017-01-27,0,,,26,,
2017-04-20,107.67,109.15,107.11,107.61,5183182,88.03,100.2,3.08,59.57,100.75,103.96,111.56,111.56,0,,,100.75,102.72,1,2017-01-27,0,,,26,,
2017-04-21,108.01,109.67,106.31,108.1,7536420,88.12,100.2,3.1,60.62,101.06,104.27,111.56,111.56,0,,,101.06,102.72,1,2017-01-27,0,,,26,,
2017-04-24,108.35,109.77,108.28,108.72,5157666,88.24,100.2,3.0,61.97,101.52,104.63,111.56,111.56,0,,,101.52,102.72,1,2017-01-27,0,,,26,,
2017-04-25,109.21,112.76,108.66,109.77,18478690,88.38,100.73,3.08,64.21,102.33,105.05,112.76,111.56,0,,,102.33,102.72,1,2017-01-27,0,,,26,,
2017-04-26,110.66,111.03,106.99,108.62,7330224,88.49,102.11,3.15,60.04,102.0,105.42,112.76,112.76,0,,,102.0,102.72,1,2017-01-27,0,,,26,,
2017-04-27,108.38,109.7,107.42,108.72,7126728,88.61,103.41,3.09,60.28,102.54,105.73,112.76,112.76,0,,,102.54,102.72,1,2017-01-27,0,,,26,,
2017-04-28,108.9,109.7,107.61,108.41,6140073,88.73,103.41,3.02,59.09,102.38,105.91,112.76,112.76,0,,,102.38,102.72,1,2017-01-27,0,,,26,,
2017-05-02,108.99,109.52,107.45,108.28,3847897,88.86,103.41,2.95,58.57,102.35,106.05,112.76,112.76,0,,,102.35,102.72,1,2017-01-27,0,,,26,,
2017-05-03,108.84,109.46,106.8,107.24,4945317,88.98,103.41,2.93,54.41,101.69,106.15,112.76,112.76,0,,,101.69,102.72,1,2017-01-27,0,,,26,,
2017-05-04,107.98,108.47,106.4,107.76,4091970,89.1,103.41,2.87,56.09,102.06,106.23,112.76,112.76,0,,,102.06,102.72,1,2017-01-27,0,,,26,,
2017-05-05,107.88,108.25,105.76,106.62,5883588,89.21,103.41,2.84,51.61,101.35,106.31,112.76,112.76,0,,,101.35,102.72,1,2017-01-27,0,,,26,,
2017-05-08,106.62,109.33,105.42,108.38,6013983,89.35,103.41,2.92,57.28,102.43,106.51,112.76,112.76,0,,,102.43,102.72,1,2017-01-27,0,,,26,,
2017-05-09,108.59,110.07,108.28,109.12,6193525,89.5,103.41,2.84,59.44,102.96,106.69,112.76,112.76,0,,,102.96,102.96,1,2017-01-27,0,,,26,,
2017-05-10,109.27,110.44,108.5,109.27,6913107,89.64,103.41,2.77,59.88,103.1,106.9,112.76,112.76,0,,,103.1,103.1,1,2017-01-27,0,,,26,,
2017-05-11,109.52,110.11,107.21,107.45,7419835,89.81,105.42,2.78,52.42,102.59,107.03,112.76,112.76,0,,,102.59,103.1,1,2017-01-27,0,,,26,,
2017-05-12,107.54,107.85,105.14,105.45,6028240,89.96,105.14,2.78,45.69,101.21,107.08,112.76,112.76,0,,,101.21,103.1,1,2017-01-27,0,,,26,,
2017-05-15,105.79,107.27,105.66,105.97,5625054,90.11,105.14,2.71,47.58,101.59,107.16,112.76,112.76,0,,,101.59,103.1,1,2017-01-27,0,,,26,,
2017-05-16,106.09,106.19,103.97,105.17,11055541,90.24,103.97,2.67,44.99,100.71,107.28,112.76,112.76,0,,,100.71,103.1,1,2017-01-27,0,,,26,,
2017-05-17,105.29,106.74,104.89,105.26,5178474,90.39,103.97,2.61,45.35,100.81,107.44,112.76,112.76,0,,,100.81,103.1,1,2017-01-27,0,,,26,,
2017-05-18,104.46,104.83,100.88,101.44,5943534,90.51,100.88,2.74,34.9,97.23,107.39,112.76,112.76,0,,,97.23,103.1,1,2017-01-27,1,103.1,TRAILING_STOP,26,75,20.32
2017-05-19,102.92,103.66,100.02,101.22,6579072,90.63,100.02,2.8,34.41,96.76,107.24,112.76,112.76,0,,,96.76,,0,,0,,,,,
2017-05-22,101.99,102.58,99.06,99.55,4803766,90.74,99.06,2.86,30.86,95.33,106.87,112.76,112.76,0,,,95.33,,0,,0,,,,,
2017-05-23,99.86,99.89,95.39,96.19,7575574,90.84,95.39,2.97,25.22,91.86,106.48,112.76,112.76,0,,,91.86,,0,,0,,,,,
2017-05-24,96.38,97.3,91.69,92.49,8309751,90.91,91.69,3.16,20.73,88.11,105.97,111.03,112.76,0,,,88.11,,0,,0,,,,,
2017-05-25,93.38,94.77,92.34,93.82,7772850,91.0,91.69,3.11,25.84,89.0,105.47,110.44,111.03,0,,,89.0,,0,,0,,,,,
2017-05-26,94.34,99.25,93.88,97.76,17286951,91.09,91.69,3.27,38.5,91.44,105.13,110.44,110.44,0,,,91.44,,0,,0,,,,,
2017-05-29,98.6,98.97,94.28,94.62,14966164,91.14,91.69,3.38,33.58,89.34,104.72,110.44,110.44,0,,,89.34,,0,,0,,,,,
2017-05-30,90.7,91.01,82.43,86.63,44568508,91.14,82.43,4.01,24.87,80.68,104.06,110.44,110.44,0,,,80.68,,0,,0,,,,,
2017-05-31,86.5,87.62,84.93,85.27,13385181,91.13,82.43,3.91,23.74,79.87,103.41,110.44,110.44,0,,,79.87,,0,,0,,,,,
2017-06-01,85.27,86.1,84.34,85.46,10159063,91.12,82.43,3.76,24.26,80.09,102.68,110.44,110.44,0,,,80.09,,0,,0,,,,,
2017-06-02,86.13,87.89,85.39,86.69,11196010,91.12,82.43,3.67,27.68,80.95,101.98,110.44,110.44,0,,,80.95,,0,,0,,,,,
2017-06-05,87.09,87.55,85.79,86.29,4861965,91.13,82.43,3.53,27.25,80.78,101.25,110.44,110.44,0,,,80.78,,0,,0,,,,,
2017-06-06,86.26,86.69,85.18,85.58,8853085,91.13,82.43,3.39,26.46,80.42,100.48,110.44,110.44,0,,,80.42,,0,,0,,,,,
2017-06-07,85.7,86.26,84.31,84.72,5422536,91.13,82.43,3.28,25.5,79.93,99.65,110.11,110.44,0,,,79.93,,0,,0,,,,,
2017-06-08,85.15,85.95,84.84,85.46,5623272,91.12,82.43,3.14,27.93,80.51,98.88,107.85,110.11,0,,,80.51,,0,,0,,,,,
2017-06-09,85.27,86.2,85.02,85.61,4851813,91.13,82.43,3.0,28.43,80.7,98.11,107.27,107.85,0,,,80.7,,0,,0,,,,,
2017-06-12,84.53,86.54,84.31,85.79,9124711,91.14,82.43,2.94,29.08,80.85,97.35,106.74,107.27,0,,,80.85,,0,,0,,,,,
2017-06-13,86.04,87.12,85.92,86.54,7157097,91.17,82.43,2.83,31.84,81.41,96.63,106.74,106.74,0,,,81.41,,0,,0,,,,,
2017-06-14,86.38,86.72,84.87,85.42,5666733,91.17,82.43,2.76,29.97,80.73,95.9,104.83,106.74,0,,,80.73,,0,,0,,,,,
2017-06-15,85.3,86.72,84.78,85.83,4776921,91.15,82.43,2.7,31.56,81.04,95.17,103.66,104.83,0,,,81.04,,0,,0,,,,,
2017-06-16,85.98,86.81,85.09,85.33,4334370,91.15,82.43,2.63,30.64,80.76,94.46,102.58,103.66,0,,,80.76,,0,,0,,,,,
2017-06-19,85.52,86.01,85.05,85.21,2624529,91.15,82.43,2.51,30.42,80.76,93.69,99.89,102.58,0,,,80.76,,0,,0,,,,,
2017-06-20,85.46,85.64,84.78,85.02,2772757,91.16,84.31,2.39,30.04,81.35,92.88,99.25,99.89,0,,,81.35,,0,,0,,,,,
2017-06-21,84.59,85.61,83.76,84.31,5898574,91.17,83.76,2.35,28.59,80.73,92.05,99.25,99.25,0,,,80.73,,0,,0,,,,,
2017-06-22,84.38,85.55,84.19,84.62,4207764,91.2,83.76,2.28,30.17,80.98,91.29,99.25,99.25,0,,,80.98,,0,,0,,,,,
2017-06-23,84.28,84.84,81.54,83.3,7565677,91.21,81.54,2.36,27.4,79.34,90.55,98.97,99.25,0,,,79.34,,0,,0,,,,,
2017-06-27,83.33,83.64,80.7,82.93,6749808,91.21,80.7,2.4,26.66,78.79,89.78,91.01,98.97,0,,,78.79,,0,,0,,,,,
2017-06-28,82.74,84.41,81.75,84.1,4590004,91.24,80.7,2.42,32.83,79.53,89.08,87.89,91.01,0,,,79.53,,0,,0,,,,,
2017-06-29,84.16,85.76,83.3,83.67,6209550,91.29,80.7,2.42,31.77,79.25,88.36,87.89,87.89,0,,,79.25,,0,,0,,,,,
2017-06-30,83.85,84.62,82.93,83.48,7544218,91.34,80.7,2.37,31.29,79.17,87.76,87.89,87.89,0,,,79.17,,0,,0,,,,,
2017-07-03,83.7,84.41,83.11,83.6,4821132,91.38,80.7,2.29,31.99,79.29,87.18,87.55,87.89,0,,,79.29,,0,,0,,,,,
2017-07-04,83.91,84.19,82.37,82.62,4199715,91.42,80.7,2.26,29.36,78.69,86.61,87.12,87.55,0,,,78.69,,0,,0,,,,,
2017-07-05,82.99,83.11,82.15,82.71,4212100,91.45,80.7,2.16,29.93,78.8,86.16,87.12,87.12,0,,,78.8,,0,,0,,,,,
2017-07-06,83.2,85.09,82.86,83.79,11124703,91.48,80.7,2.18,36.54,79.49,85.87,87.12,87.12,0,,,79.49,,0,,0,,,,,
2017-07-07,83.51,83.82,82.93,83.3,3867748,91.5,80.7,2.09,34.93,79.24,85.52,87.12,87.12,0,,,79.24,,0,,0,,,,,
2017-07-10,83.76,85.52,83.64,84.93,1473850,91.54,80.7,2.1,43.79,80.28,85.09,87.12,87.12,0,,,80.28,,0,,0,,,,,
2017-07-11,85.15,87.8,85.09,86.23,15576577,91.59,80.7,2.15,49.68,81.08,84.81,87.8,87.12,0,,,81.08,,0,,0,,,,,
2017-07-12,86.63,87.24,86.2,86.72,4331832,91.64,80.7,2.07,51.73,81.45,84.82,87.8,87.8,0,,,81.45,,0,,0,,,,,
2017-07-13,87.12,88.39,86.94,87.92,7657572,91.71,80.7,2.04,56.42,82.25,84.91,88.39,87.8,0,,,82.25,,0,,0,,,,,
2017-07-14,88.32,88.32,86.41,86.84,3928923,91.76,80.7,2.03,51.57,81.56,84.95,88.39,88.39,0,,,81.56,,0,,0,,,,,
2017-07-17,86.78,87.55,86.38,87.09,3622629,91.82,80.7,1.97,52.59,81.76,84.97,88.39,88.39,0,,,81.76,,0,,0,,,,,
2017-07-18,87.31,89.16,86.78,88.39,9808513,91.88,81.75,2.0,57.57,82.93,85.04,89.16,88.39,0,,,82.93,,0,,0,,,,,
2017-07-19,89.31,89.96,88.57,89.59,7017780,91.95,82.15,1.97,61.59,83.85,85.17,89.96,89.16,0,,,83.85,,0,,0,,,,,
2017-07-20,89.5,90.95,89.31,90.36,8059516,92.04,82.15,1.95,63.95,84.37,85.36,90.95,89.96,0,,,84.37,,0,,0,,,,,
2017-07-21,90.64,90.7,88.29,89.47,3854904,92.13,82.15,1.98,59.41,83.77,85.49,90.95,90.95,0,,,83.77,,0,,0,,,,,
2017-07-24,89.47,91.01,89.19,90.24,3254794,92.22,82.15,1.97,61.93,84.28,85.64,91.01,90.95,0,,,84.28,,0,,0,,,,,
2017-07-25,90.24,90.67,89.59,89.87,3247836,92.31,82.15,1.91,60.0,84.08,85.78,91.01,91.01,0,,,84.08,,0,,0,,,,,
2017-07-26,89.77,90.82,88.54,88.79,4778656,92.41,82.86,1.93,54.65,83.6,85.86,91.01,91.01,0,,,83.6,,0,,0,,,,,
2017-07-27,89.0,89.71,87.4,87.8,10118001,92.5,82.93,1.96,50.24,82.97,85.94,91.01,91.01,0,,,82.97,,0,,0,,,,,
2017-07-28,87.62,89.07,87.0,88.73,5046805,92.59,83.64,1.97,54.0,83.8,86.03,91.01,91.01,0,,,83.8,,0,,0,,,,,
2017-07-31,89.16,89.77,88.85,89.53,3147286,92.7,85.09,1.9,57.01,84.84,86.17,91.01,91.01,0,,,84.84,,0,,0,,,,,
2017-08-01,90.02,90.42,88.79,89.22,4165398,92.81,86.2,1.88,55.49,85.03,86.31,91.01,91.01,0,,,85.03,,0,,0,,,,,
2017-08-02,89.19,89.47,86.47,87.12,5796372,92.91,86.38,1.96,46.48,83.68,86.38,91.01,91.01,0,,,83.68,,0,,0,,,,,
2017-08-03,87.12,87.12,85.15,85.55,6711996,93.0,85.15,1.96,41.1,82.26,86.42,91.01,91.01,0,,,82.26,,0,,0,,,,,
2017-08-04,85.58,85.92,83.91,84.68,5085193,93.07,83.91,1.97,38.45,81.28,86.42,91.01,91.01,0,,,81.28,,0,,0,,,,,
2017-08-07,85.12,86.5,84.65,85.7,4066309,93.16,83.91,1.96,43.09,81.94,86.5,91.01,91.01,0,,,81.94,,0,,0,,,,,
2017-08-08,85.89,86.17,82.71,83.08,7106557,93.22,82.71,2.06,35.65,79.78,86.5,91.01,91.01,0,,,79.78,,0,,0,,,,,
2017-08-09,82.43,82.93,80.95,82.06,4121962,93.26,80.95,2.07,33.25,78.53,86.44,91.01,91.01,0,,,78.53,,0,,0,,,,,
2017-08-10,82.09,83.42,76.51,78.21,25756357,93.27,76.51,2.42,26.09,74.34,86.25,91.01,91.01,0,,,74.34,,0,,0,,,,,
2017-08-11,76.63,77.59,74.84,77.13,10608037,93.27,74.84,2.48,24.5,73.04,86.04,91.01,91.01,0,,,73.04,,0,,0,,,,,
2017-08-14,78.85,78.85,77.43,78.02,3426424,93.26,74.84,2.43,28.38,73.65,85.86,91.01,91.01,0,,,73.65,,0,,0,,,,,
2017-08-16,78.36,80.61,77.19,80.18,7219839,93.28,74.84,2.5,36.86,75.0,85.78,91.01,91.01,0,,,75.0,,0,,0,,,,,
2017-08-17,80.21,81.29,79.29,79.75,4944169,93.29,74.84,2.46,35.95,74.74,85.68,91.01,91.01,0,,,74.74,,0,,0,,,,,
2017-08-18,79.44,80.46,78.14,80.15,5850735,93.3,74.84,2.45,37.5,75.01,85.56,91.01,91.01,0,,,75.01,,0,,0,,,,,
2017-08-21,80.49,80.83,76.57,76.88,7723221,93.28,74.84,2.58,30.91,72.81,85.34,91.01,91.01,0,,,72.81,,0,,0,,,,,
2017-08-22,77.13,78.17,76.35,77.53,7078437,93.28,74.84,2.53,33.42,73.27,85.09,90.82,91.01,0,,,73.27,,0,,0,,,,,
2017-08-23,78.38,79.53,77.98,79.19,4399308,93.28,74.84,2.49,39.45,74.36,84.86,90.82,90.82,0,,,74.36,,0,,0,,,,,
2017-08-24,79.44,79.75,78.1,78.82,4531413,93.28,74.84,2.43,38.61,74.17,84.6,90.42,90.82,0,,,74.17,,0,,0,,,,,
2017-08-28,78.88,79.97,78.85,79.44,3212563,93.28,74.84,2.34,40.88,74.63,84.31,90.42,90.42,0,,,74.63,,0,,0,,,,,
2017-08-29,79.13,79.9,78.45,78.76,3758487,93.27,74.84,2.28,39.17,74.23,84.04,90.42,90.42,0,,,74.23,,0,,0,,,,,
2017-08-30,79.07,79.69,79.04,79.32,3687196,93.25,74.84,2.18,41.35,74.66,83.79,90.42,90.42,0,,,74.66,,0,,0,,,,,
2017-08-31,79.47,80.25,79.07,80.03,4882923,93.26,74.84,2.11,44.08,75.16,83.51,89.47,90.42,0,,,75.16,,0,,0,,,,,
2017-09-01,80.09,81.02,79.75,80.65,3429508,93.27,74.84,2.05,46.43,75.6,83.21,87.12,89.47,0,,,75.6,,0,,0,,,,,
2017-09-04,81.33,82.48,80.46,81.43,6059532,93.28,74.84,2.05,49.31,76.1,82.91,86.5,87.12,0,,,76.1,,0,,0,,,,,
2017-09-05,81.92,82.11,80.77,81.52,4267725,93.28,76.35,2.0,49.65,76.7,82.65,86.5,86.5,0,,,76.7,,0,,0,,,,,
2017-09-06,81.21,81.86,80.62,81.18,3818409,93.25,76.35,1.94,48.34,76.52,82.34,86.17,86.5,0,,,76.52,,0,,0,,,,,
2017-09-07,81.92,81.92,80.46,80.68,3603531,93.22,76.35,1.91,46.41,76.22,82.04,83.42,86.17,0,,,76.22,,0,,0,,,,,
2017-09-08,80.22,81.18,78.88,79.22,4139704,93.19,76.35,1.94,41.22,75.26,81.72,83.42,83.42,0,,,75.26,,0,,0,,,,,
2017-09-11,80.4,81.74,80.0,81.05,5114595,93.16,76.35,1.98,48.93,76.41,81.49,82.48,83.42,0,,,76.41,,0,,0,,,,,
2017-09-12,81.58,82.39,81.39,81.89,4169077,93.14,76.35,1.93,52.04,76.98,81.27,82.48,82.48,0,,,76.98,,0,,0,,,,,
2017-09-13,82.26,83.29,81.8,82.17,4057941,93.1,77.98,1.9,53.06,77.73,81.02,83.29,82.48,0,,,77.73,,0,,0,,,,,
2017-09-14,82.2,90.55,82.2,84.96,86113077,93.08,78.1,2.36,61.82,79.26,80.88,90.55,83.29,0,,,79.26,,0,,0,,,,,
2017-09-15,83.72,83.72,81.46,81.89,23947992,93.0,78.45,2.44,50.63,77.34,80.7,90.55,90.55,0,,,77.34,,0,,0,,,,,
2017-09-18,83.82,83.85,82.33,82.7,7159164,92.91,78.45,2.41,53.04,77.89,80.61,90.55,90.55,0,,,77.89,,0,,0,,,,,
2017-09-19,83.01,84.31,82.14,83.44,6425874,92.83,78.88,2.39,55.2,78.52,80.57,90.55,90.55,0,,,78.52,,0,,0,,,,,
2017-09-20,83.82,84.13,82.61,82.85,5811954,92.73,78.88,2.33,53.1,78.18,80.47,90.55,90.55,0,,,78.18,,0,,0,,,,,
2017-09-21,83.07,83.57,81.49,82.23,5776264,92.64,78.88,2.31,50.92,77.79,80.44,90.55,90.55,0,,,77.79,,0,,0,,,,,
2017-09-22,81.83,81.92,80.18,80.46,7207782,92.53,78.88,2.29,45.2,76.66,80.39,90.55,90.55,0,,,76.66,,0,,0,,,,,
2017-09-25,80.4,80.71,78.29,79.0,6291607,92.43,78.29,2.3,41.09,75.52,80.42,90.55,90.55,0,,,75.52,,0,,0,,,,,
2017-09-26,80.09,80.37,79.07,79.32,7188978,92.33,78.29,2.24,42.33,75.77,80.49,90.55,90.55,0,,,75.77,,0,,0,,,,,
2017-09-27,80.34,80.34,76.99,77.39,8083396,92.22,76.99,2.32,37.26,74.04,80.47,90.55,90.55,0,,,74.04,,0,,0,,,,,
2017-09-28,77.11,79.16,76.46,76.97,7485623,92.1,76.46,2.34,36.24,73.57,80.36,90.55,90.55,0,,,73.57,,0,,0,,,,,
2017-09-29,78.23,79.07,77.34,78.18,5980863,91.98,76.46,2.33,41.22,74.36,80.31,90.55,90.55,0,,,74.36,,0,,0,,,,,
2017-10-03,79.39,79.39,77.02,77.39,4545441,91.87,76.46,2.33,39.07,73.85,80.22,90.55,90.55,0,,,73.85,,0,,0,,,,,
2017-10-04,77.53,78.0,76.83,77.48,3121884,91.75,76.46,2.25,39.46,73.96,80.24,90.55,90.55,0,,,73.96,,0,,0,,,,,
2017-10-05,77.76,78.23,77.44,77.9,2205126,91.64,76.46,2.14,41.33,74.3,80.25,90.55,90.55,0,,,74.3,,0,,0,,,,,
2017-10-06,78.23,79.49,78.0,79.25,4338548,91.5,76.46,2.1,47.01,75.2,80.25,90.55,90.55,0,,,75.2,,0,,0,,,,,
2017-10-09,79.16,80.98,78.51,80.37,5049038,91.38,76.46,2.13,51.22,75.91,80.3,90.55,90.55,0,,,75.91,,0,,0,,,,,
2017-10-10,80.84,81.21,79.81,80.79,3132557,91.27,76.46,2.08,52.74,76.21,80.35,90.55,90.55,0,,,76.21,,0,,0,,,,,
2017-10-11,81.12,81.26,78.18,79.16,5127079,91.14,76.46,2.15,46.67,75.11,80.36,90.55,90.55,0,,,75.11,,0,,0,,,,,
2017-10-12,79.35,79.39,77.95,78.6,3875729,91.01,76.46,2.1,44.76,74.79,80.34,90.55,90.55,0,,,74.79,,0,,0,,,,,
2017-10-13,79.63,79.63,78.28,78.46,3253847,90.87,76.46,2.04,44.28,74.73,80.29,84.31,90.55,0,,,74.73,,0,,0,,,,,
2017-10-16,78.69,79.02,77.95,78.28,2828456,90.74,76.46,1.97,43.62,74.66,80.21,84.31,84.31,0,,,74.66,,0,,0,,,,,
2017-10-17,78.6,78.97,77.76,78.46,2866692,90.62,76.46,1.92,44.51,74.81,80.11,84.31,84.31,0,,,74.81,,0,,0,,,,,
2017-10-18,78.69,79.53,77.9,78.93,4217801,90.49,76.46,1.9,46.86,75.13,80.02,84.13,84.31,0,,,75.13,,0,,0,,,,,
2017-10-19,79.16,79.63,78.37,78.79,771136,90.35,76.46,1.85,46.23,75.07,79.94,83.57,84.13,0,,,75.07,,0,,0,,,,,
2017-10-23,79.39,82.79,78.14,80.79,14098006,90.21,76.83,2.05,55.42,76.35,79.95,82.79,83.57,0,,,76.35,,0,,0,,,,,
2017-10-24,81.26,82.61,79.9,82.14,14512994,90.06,76.83,2.1,60.35,77.19,80.04,82.79,82.79,0,,,77.19,,0,,0,,,,,
2017-10-25,82.93,85.45,82.28,84.47,10997079,89.93,76.83,2.19,67.11,78.64,80.16,85.45,82.79,0,,,78.64,,0,,0,,,,,
2017-10-26,85.12,94.34,85.07,89.92,45379418,89.82,77.44,2.74,76.99,81.99,80.42,94.34,85.45,0,,,81.99,,0,,0,,,,,
2017-10-27,90.34,91.45,87.82,88.61,12344033,89.72,77.76,2.8,71.43,81.21,80.64,94.34,94.34,0,,,81.21,,0,,0,,,,,
2017-10-30,88.94,90.71,87.63,89.26,11234983,89.63,77.76,2.82,72.49,81.61,80.78,94.34,94.34,0,,,81.61,,0,,0,,,,,
2017-10-31,89.73,92.2,88.94,91.27,14261097,89.55,77.76,2.85,75.52,82.89,81.1,94.34,94.34,0,,,82.89,,0,,0,,,,,
2017-11-01,91.83,93.04,91.27,92.1,9643841,89.48,77.76,2.77,76.66,83.48,81.41,94.34,94.34,0,,,83.48,,0,,0,,,,,
2017-11-02,91.73,92.24,88.94,90.94,12103698,89.39,77.76,2.81,71.63,82.7,81.66,94.34,94.34,0,,,82.7,,0,,0,,,,,
2017-11-03,90.06,94.53,90.01,93.13,28837677,89.32,77.76,2.93,74.97,84.03,82.0,94.53,94.34,0,,,84.03,,0,,0,,,,,
2017-11-06,93.59,93.92,91.36,92.2,12966904,89.24,77.76,2.91,71.14,83.45,82.33,94.53,94.53,0,,,83.45,,0,,0,,,,,
2017-11-07,93.18,93.78,85.96,86.8,39300782,89.15,77.76,3.26,53.92,79.73,82.54,94.53,94.53,0,,,79.73,,0,,0,,,,,
2017-11-08,84.38,86.14,83.4,83.82,21569596,89.04,77.9,3.27,47.14,77.85,82.71,94.53,94.53,0,,,77.85,,0,,0,,,,,
2017-11-09,84.1,86.47,83.82,85.77,7940660,88.92,78.14,3.22,51.45,79.22,82.92,94.53,94.53,0,,,79.22,,0,,0,,,,,
2017-11-10,85.68,86.8,84.84,86.14,5931600,88.79,78.14,3.13,52.24,79.52,83.21,94.53,94.53,0,,,79.52,,0,,0,,,,,
2017-11-13,86.33,86.56,82.89,83.26,6143788,88.61,79.9,3.17,45.94,78.22,83.42,94.53,94.53,0,,,78.22,,0,,0,,,,,
2017-11-14,82.98,85.26,82.47,84.89,12007432,88.46,82.28,3.14,49.64,80.08,83.65,94.53,94.53,0,,,80.08,,0,,0,,,,,
2017-11-15,83.12,84.33,81.44,82.23,10250659,88.29,81.44,3.17,44.31,78.07,83.81,94.53,94.53,0,,,78.07,,0,,0,,,,,
2017-11-16,82.19,82.98,80.7,81.72,6285347,88.1,80.7,3.1,43.35,77.54,83.95,94.53,94.53,0,,,77.54,,0,,0,,,,,
2017-11-17,83.72,83.72,81.35,81.81,6686745,87.93,80.7,3.05,43.58,77.63,84.08,94.53,94.53,0,,,77.63,,0,,0,,,,,
2017-11-20,81.67,81.86,80.79,81.26,4616995,87.76,80.7,2.91,42.43,77.37,84.15,94.53,94.53,0,,,77.37,,0,,0,,,,,
2017-11-21,81.58,82.61,81.21,81.44,6701671,87.59,80.7,2.8,42.96,77.56,84.18,94.53,94.53,0,,,77.56,,0,,0,,,,,
2017-11-22,81.77,83.02,79.95,82.56,15151286,87.44,79.95,2.82,46.27,78.02,84.24,94.53,94.53,0,,,78.02,,0,,0,,,,,
2017-11-23,83.44,87.73,82.33,86.47,27536643,87.3,79.95,3.0,55.89,80.42,84.48,94.53,94.53,0,,,80.42,,0,,0,,,,,
2017-11-24,87.12,87.49,85.68,85.96,13964675,87.16,79.95,2.92,54.52,80.15,84.73,94.53,94.53,0,,,80.15,,0,,0,,,,,
2017-11-27,85.63,86.61,84.79,85.77,6737532,87.01,79.95,2.84,53.99,80.08,84.97,94.53,94.53,0,,,80.08,,0,,0,,,,,
2017-11-28,86.14,88.1,85.68,87.63,9738586,86.87,79.95,2.81,58.28,81.3,85.28,94.53,94.53,0,,,81.3,,0,,0,,,,,
2017-11-29,88.01,88.47,86.38,87.17,11521114,86.72,79.95,2.76,56.86,81.04,85.58,94.53,94.53,0,,,81.04,,0,,0,,,,,
2017-11-30,86.61,86.98,85.21,85.68,10185899,86.57,79.95,2.7,52.43,80.11,85.8,94.53,94.53,0,,,80.11,,0,,0,,,,,
2017-12-01,86.14,86.89,84.38,84.84,7141836,86.41,79.95,2.69,50.07,79.58,86.0,93.92,94.53,0,,,79.58,,0,,0,,,,,
2017-12-04,85.21,85.45,83.35,84.51,4427516,86.25,79.95,2.65,49.13,79.39,86.13,93.78,93.92,0,,,79.39,,0,,0,,,,,
2017-12-05,83.82,84.28,82.42,83.96,4947369,86.09,79.95,2.61,47.53,79.07,86.19,88.47,93.78,0,,,79.07,,0,,0,,,,,
2017-12-06,83.72,85.77,83.54,84.1,7338188,85.93,79.95,2.58,47.99,79.17,86.17,88.47,88.47,0,,,79.17,,0,,0,,,,,
2017-12-07,84.75,85.63,84.51,85.26,7280761,85.78,79.95,2.5,51.8,79.97,86.02,88.47,88.47,0,,,79.97,,0,,0,,,,,
2017-12-08,86.1,87.45,85.45,85.77,11543563,85.64,79.95,2.48,53.41,80.32,85.92,88.47,88.47,0,,,80.32,,0,,0,,,,,
2017-12-11,86.33,86.33,85.21,85.45,3688196,85.49,79.95,2.39,52.23,80.18,85.8,88.47,88.47,0,,,80.18,,0,,0,,,,,
2017-12-12,85.4,86.14,84.93,85.4,5212388,85.33,79.95,2.3,52.04,80.2,85.6,88.47,88.47,0,,,80.2,,0,,0,,,,,
2017-12-13,84.93,85.82,82.98,83.44,4287554,85.16,82.33,2.34,44.99,79.7,85.31,88.47,88.47,0,,,79.7,,0,,0,,,,,
2017-12-14,83.82,84.1,82.14,83.44,4987301,85.0,82.14,2.31,44.99,79.66,85.06,88.47,88.47,0,,,79.66,,0,,0,,,,,
2017-12-15,84.75,85.45,83.16,83.72,10284569,84.85,82.14,2.31,46.2,79.84,84.75,88.47,88.47,0,,,79.84,,0,,0,,,,,
2017-12-18,83.26,84.14,80.79,83.12,9937570,84.7,80.79,2.39,43.97,78.95,84.45,88.47,88.47,0,,,78.95,,0,,0,,,,,
2017-12-19,83.72,84.51,83.54,83.86,8647185,84.56,80.79,2.31,47.34,79.48,84.35,88.47,88.47,0,,,79.48,,0,,0,,,,,
2017-12-20,84.14,84.89,83.72,83.96,7508973,84.42,80.79,2.23,47.8,79.6,84.35,88.47,88.47,0,,,79.6,,0,,0,,,,,
2017-12-21,84.0,86.1,83.91,85.12,14417710,84.31,80.79,2.23,52.9,80.35,84.33,88.47,88.47,0,,,80.35,,0,,0,,,,,
2017-12-22,85.73,86.98,85.4,85.87,11112286,84.21,80.79,2.2,55.91,80.85,84.32,88.47,88.47,0,,,80.85,,0,,0,,,,,
2017-12-26,87.36,87.59,86.33,86.61,10129145,84.12,80.79,2.17,58.7,81.35,84.43,88.47,88.47,0,,,81.35,,0,,0,,,,,
2017-12-27,86.61,88.01,85.82,86.28,12294330,84.06,80.79,2.17,56.97,81.13,84.48,88.47,88.47,0,,,81.13,,0,,0,,,,,
2017-12-28,86.61,86.89,85.49,85.82,5915154,84.01,80.79,2.11,54.55,80.87,84.6,88.01,88.47,0,,,80.87,,0,,0,,,,,
2017-12-29,86.14,87.17,85.91,86.14,5837814,83.96,80.79,2.06,55.95,81.12,84.75,88.01,88.01,0,,,81.12,,0,,0,,,,,
2018-01-01,86.28,89.78,86.24,88.61,14221778,83.9,80.79,2.17,64.94,82.63,84.97,89.78,88.01,1,88.61,82.63,82.63,82.63,1,2018-01-01,0,,,27,,
2018-01-02,90.1,91.92,87.73,91.45,23565569,83.88,80.79,2.32,72.01,84.37,85.31,91.92,89.78,0,,,84.37,84.37,1,2018-01-01,0,,,27,,
2018-01-03,92.38,92.85,91.08,91.78,13637110,83.91,80.79,2.28,72.7,84.61,85.66,92.85,91.92,0,,,84.61,84.61,1,2018-01-01,0,,,27,,
2018-01-04,92.06,94.06,91.41,93.83,14450624,83.97,80.79,2.3,76.56,85.91,86.03,94.06,92.85,1,93.83,85.91,85.91,85.91,1,2018-01-01,0,,,27,,
2018-01-05,94.11,96.39,94.11,95.32,19274135,84.03,80.79,2.32,78.9,86.86,86.33,96.39,94.06,0,,,86.86,86.86,1,2018-01-01,0,,,27,,
2018-01-08,96.06,96.25,94.53,94.95,5822499,84.09,80.79,2.28,76.85,86.65,86.63,96.39,96.39,0,,,86.65,86.86,1,2018-01-01,0,,,27,,
2018-01-09,95.22,95.41,92.48,94.15,6319831,84.14,83.54,2.33,72.47,87.02,86.91,96.39,96.39,0,,,87.02,87.02,1,2018-01-01,0,,,27,,
2018-01-10,94.15,97.74,93.69,96.67,15393638,84.22,83.72,2.45,76.93,88.63,87.21,97.74,96.39,1,96.67,88.63,88.63,88.63,1,2018-01-01,0,,,27,,
2018-01-11,96.58,96.95,95.5,96.39,5567140,84.29,83.91,2.38,75.47,88.56,87.52,97.74,97.74,0,,,88.56,88.63,1,2018-01-01,0,,,27,,
2018-01-12,96.85,98.34,94.62,95.64,11196848,84.36,85.4,2.47,71.54,88.51,87.85,98.34,97.74,0,,,88.51,88.63,1,2018-01-01,0,,,27,,
2018-01-15,95.92,97.04,94.11,94.48,5305858,84.42,85.49,2.51,65.84,87.77,88.17,98.34,98.34,0,,,87.77,88.63,1,2018-01-01,0,,,27,,
2018-01-16,94.62,95.18,90.99,92.2,9669560,84.46,85.49,2.63,56.33,86.21,88.43,98.34,98.34,0,,,86.21,88.63,1,2018-01-01,0,,,27,,
2018-01-17,91.55,93.41,89.03,93.04,12263755,84.51,85.49,2.75,58.7,86.67,88.73,98.34,98.34,0,,,86.67,88.63,1,2018-01-01,0,,,27,,
2018-01-18,93.41,94.11,89.26,90.75,9461595,84.54,85.91,2.9,50.64,85.24,88.95,98.34,98.34,0,,,85.24,88.63,1,2018-01-01,0,,,27,,
2018-01-19,90.34,91.64,89.59,90.85,4371119,84.58,86.24,2.84,50.96,85.45,89.14,98.34,98.34,0,,,85.45,88.63,1,2018-01-01,0,,,27,,
2018-01-22,91.36,98.34,90.71,97.37,19820608,84.66,87.73,3.18,66.19,89.92,89.52,98.34,98.34,0,,,89.92,89.92,1,2018-01-01,0,,,27,,
2018-01-23,99.37,100.53,96.3,97.27,20713446,84.74,89.03,3.26,65.85,90.24,89.92,100.53,98.34,0,,,90.24,90.24,1,2018-01-01,0,,,27,,
2018-01-24,96.85,99.6,95.13,96.99,11030400,84.82,89.03,3.34,64.85,90.01,90.3,100.53,100.53,0,,,90.01,90.24,1,2018-01-01,0,,,27,,
2018-01-25,96.85,99.18,95.27,95.92,21320475,84.89,89.03,3.38,61.04,89.29,90.72,100.53,100.53,0,,,89.29,90.24,1,2018-01-01,0,,,27,,
2018-01-29,96.34,96.99,93.73,94.9,8267296,84.96,89.03,3.38,57.57,88.64,91.1,100.53,100.53,0,,,88.64,90.24,1,2018-01-01,0,,,27,,
2018-01-30,95.18,96.02,93.27,94.62,6760018,85.04,89.03,3.33,56.62,88.49,91.47,100.53,100.53,0,,,88.49,90.24,1,2018-01-01,0,,,27,,
2018-01-31,94.39,96.48,92.29,93.32,12559349,85.11,89.03,3.39,52.3,87.61,91.81,100.53,100.53,0,,,87.61,90.24,1,2018-01-01,0,,,27,,
2018-02-01,93.59,95.04,90.48,93.46,10520230,85.17,89.03,3.48,52.72,87.64,92.13,100.53,100.53,0,,,87.64,90.24,1,2018-01-01,0,,,27,,
2018-02-02,92.34,92.43,85.26,87.08,12197761,85.19,85.26,3.81,36.85,82.04,92.23,100.53,100.53,0,,,82.04,90.24,1,2018-01-01,1,90.24,TRAILING_STOP,27,24,1.84
2018-02-05,85.68,88.94,83.26,88.33,10260198,85.22,83.26,3.95,40.62,82.1,92.34,100.53,100.53,0,,,82.1,,0,,0,,,,,
2018-02-06,84.28,87.08,82.14,86.14,9712898,85.24,82.14,4.11,36.51,80.2,92.35,100.53,100.53,0,,,80.2,,0,,0,,,,,
2018-02-07,87.68,88.47,86.66,87.77,10329147,85.28,82.14,3.98,41.28,81.34,92.38,100.53,100.53,0,,,81.34,,0,,0,,,,,
2018-02-08,88.85,91.97,87.77,88.61,22688194,85.31,82.14,4.0,43.62,81.87,92.46,100.53,100.53,0,,,81.87,,0,,0,,,,,
2018-02-09,85.91,88.71,85.68,87.91,8587666,85.34,82.14,3.93,42.11,81.46,92.53,100.53,100.53,0,,,81.46,,0,,0,,,,,
2018-02-12,88.57,91.5,88.47,90.8,9746825,85.39,82.14,3.9,49.84,83.34,92.69,100.53,100.53,0,,,83.34,,0,,0,,,,,
2018-02-14,91.55,92.43,90.71,91.13,7781773,85.43,82.14,3.75,50.65,83.66,92.77,100.53,100.53,0,,,83.66,,0,,0,,,,,
2018-02-15,92.16,92.35,88.36,88.87,5627414,85.45,82.14,3.76,45.26,82.19,92.68,100.53,100.53,0,,,82.19,,0,,0,,,,,
2018-02-16,89.77,90.47,88.03,88.54,6881218,85.46,82.14,3.67,44.51,82.04,92.58,100.53,100.53,0,,,82.04,,0,,0,,,,,
2018-02-19,89.06,89.3,86.62,87.51,5548339,85.46,82.14,3.6,42.18,81.42,92.37,100.53,100.53,0,,,81.42,,0,,0,,,,,
2018-02-20,87.47,88.92,86.9,87.37,5526504,85.46,82.14,3.49,41.86,81.41,92.1,100.53,100.53,0,,,81.41,,0,,0,,,,,
2018-02-21,87.79,88.22,85.35,86.1,6127936,85.46,82.14,3.44,38.96,80.62,91.81,100.53,100.53,0,,,80.62,,0,,0,,,,,
2018-02-22,85.87,86.85,85.35,85.68,7325803,85.44,82.14,3.3,38.02,80.44,91.52,99.6,100.53,0,,,80.44,,0,,0,,,,,
2018-02-23,86.39,88.12,85.92,87.23,5903091,85.42,82.14,3.24,43.43,81.48,91.21,99.18,99.6,0,,,81.48,,0,,0,,,,,
2018-02-26,87.7,88.73,87.32,87.65,5571950,85.41,82.14,3.12,44.84,81.84,90.92,96.99,99.18,0,,,81.84,,0,,0,,,,,
2018-02-27,87.79,88.4,85.45,85.77,6008686,85.38,82.14,3.11,40.04,80.63,90.59,96.48,96.99,0,,,80.63,,0,,0,,,,,
2018-02-28,85.35,85.87,84.04,84.41,9655809,85.34,84.04,3.01,36.96,80.45,90.25,96.48,96.48,0,,,80.45,,0,,0,,,,,
2018-03-01,85.31,86.2,84.7,85.16,6768063,85.31,84.04,2.93,39.72,80.99,90.02,95.04,96.48,0,,,80.99,,0,,0,,,,,
2018-03-05,85.07,85.73,84.23,84.88,4722003,85.28,84.04,2.82,39.03,80.88,89.75,92.43,95.04,0,,,80.88,,0,,0,,,,,
2018-03-06,85.45,86.15,82.44,82.82,5104528,85.25,82.44,2.89,34.34,78.97,89.48,92.43,92.43,0,,,78.97,,0,,0,,,,,
2018-03-07,82.82,83.76,80.0,80.23,7637799,85.19,80.0,2.95,29.53,76.45,89.13,92.43,92.43,0,,,76.45,,0,,0,,,,,
2018-03-08,80.56,81.46,78.54,80.85,6710709,85.14,78.54,2.95,31.98,76.36,88.58,92.43,92.43,0,,,76.36,,0,,0,,,,,
2018-03-09,81.22,83.15,80.09,80.89,9925102,85.08,78.54,2.96,32.15,76.38,88.03,92.43,92.43,0,,,76.38,,0,,0,,,,,
2018-03-12,81.69,81.74,79.72,81.64,9123597,85.04,78.54,2.89,35.3,76.91,87.52,92.43,92.43,0,,,76.91,,0,,0,,,,,
2018-03-13,81.6,82.44,81.03,81.6,8051617,85.02,78.54,2.78,35.21,76.96,87.04,92.43,92.43,0,,,76.96,,0,,0,,,,,
2018-03-14,81.22,82.44,80.33,81.22,8837035,85.0,78.54,2.74,34.27,76.74,86.59,92.43,92.43,0,,,76.74,,0,,0,,,,,
2018-03-15,81.22,82.39,81.22,81.74,5919232,84.97,78.54,2.62,36.75,77.15,86.16,92.35,92.43,0,,,77.15,,0,,0,,,,,
2018-03-16,81.69,83.24,80.38,81.13,10466068,84.96,78.54,2.64,35.08,76.75,85.75,90.47,92.35,0,,,76.75,,0,,0,,,,,
2018-03-19,81.6,81.6,78.31,78.64,6406121,84.93,78.31,2.69,29.25,75.03,85.26,89.3,90.47,0,,,75.03,,0,,0,,,,,
2018-03-20,78.4,79.48,78.03,78.97,4103288,84.94,78.03,2.6,30.89,75.21,84.99,88.92,89.3,0,,,75.21,,0,,0,,,,,
2018-03-21,79.3,79.67,77.42,77.98,6618739,84.94,77.42,2.57,28.73,74.39,84.64,88.73,88.92,0,,,74.39,,0,,0,,,,,
2018-03-22,78.31,78.36,76.24,76.43,6440184,84.93,76.24,2.54,25.71,73.02,84.32,88.73,88.73,0,,,73.02,,0,,0,,,,,
2018-03-23,75.16,77.0,74.98,76.43,6338328,84.91,74.98,2.5,25.71,72.62,83.94,88.73,88.73,0,,,72.62,,0,,0,,,,,
2018-03-26,76.9,77.51,75.73,77.23,5569982,84.89,74.98,2.45,30.11,73.17,83.56,88.73,88.73,0,,,73.17,,0,,0,,,,,
2018-03-27,77.93,78.17,76.76,77.75,5473439,84.88,74.98,2.38,32.89,73.56,83.22,88.4,88.73,0,,,73.56,,0,,0,,,,,
2018-03-28,77.37,77.61,75.96,76.39,5314016,84.87,74.98,2.34,29.58,72.71,82.74,86.2,88.4,0,,,72.71,,0,,0,,,,,
2018-04-02,77.09,77.79,76.57,77.42,5985693,84.87,74.98,2.27,34.93,73.42,82.28,86.2,86.2,0,,,73.42,,0,,0,,,,,
2018-04-03,77.47,80.89,77.28,80.47,7649561,84.88,74.98,2.36,47.62,75.32,82.0,86.15,86.2,0,,,75.32,,0,,0,,,,,
2018-04-04,80.42,82.25,79.53,79.95,10485067,84.89,74.98,2.39,45.97,74.97,81.72,86.15,86.15,0,,,74.97,,0,,0,,,,,
2018-04-05,81.22,82.25,81.03,81.88,5368585,84.9,74.98,2.38,52.53,76.22,81.53,83.76,86.15,0,,,76.22,,0,,0,,,,,
2018-04-06,82.02,82.63,80.94,82.25,3637880,84.93,74.98,2.33,53.69,76.49,81.36,83.24,83.76,0,,,76.49,,0,,0,,,,,
2018-04-09,82.21,83.85,82.02,83.1,6272615,84.95,74.98,2.3,56.33,77.06,81.26,83.85,83.24,0,,,77.06,,0,,0,,,,,
2018-04-10,83.19,83.66,82.3,83.52,3649228,84.98,74.98,2.23,57.62,77.38,81.19,83.85,83.85,0,,,77.38,,0,,0,,,,,
2018-04-11,83.38,85.45,83.0,85.07,7215318,85.01,74.98,2.25,62.06,78.37,81.12,85.45,83.85,1,85.07,78.37,78.37,78.37,1,2018-04-11,0,,,28,,
2018-04-12,85.31,85.59,83.47,83.8,3665255,85.02,74.98,2.24,56.81,77.55,80.99,85.59,85.45,0,,,77.55,78.37,1,2018-04-11,1,85.02,SMA150_BREAK,28,2,-0.06
2018-04-13,84.04,84.32,82.58,82.82,2812919,85.03,74.98,2.2,53.07,76.94,80.89,85.59,85.59,0,,,76.94,,0,,0,,,,,
2018-04-16,82.63,83.29,81.55,83.05,2292212,85.04,74.98,2.17,53.84,77.11,80.84,85.59,85.59,0,,,77.11,,0,,0,,,,,
2018-04-17,83.47,83.8,82.3,82.77,2758598,85.06,75.73,2.12,52.71,77.22,80.76,85.59,85.59,0,,,77.22,,0,,0,,,,,
2018-04-18,83.05,83.52,82.07,82.49,2178827,85.08,75.96,2.07,51.55,77.14,80.68,85.59,85.59,0,,,77.14,,0,,0,,,,,
2018-04-19,82.72,83.52,81.74,83.05,2755814,85.09,75.96,2.05,53.75,77.52,80.69,85.59,85.59,0,,,77.52,,0,,0,,,,,
2018-04-20,82.63,84.7,82.63,83.9,5246399,85.1,76.57,2.05,56.94,78.27,80.81,85.59,85.59,0,,,78.27,,0,,0,,,,,
2018-04-23,84.18,84.93,83.62,83.85,3518684,85.12,77.28,2.0,56.7,78.51,80.91,85.59,85.59,0,,,78.51,,0,,0,,,,,
2018-04-24,83.57,84.6,82.63,82.96,3858977,85.1,79.53,2.0,52.32,78.69,80.98,85.59,85.59,0,,,78.69,,0,,0,,,,,
2018-04-25,82.91,83.29,79.86,80.56,3114416,85.09,79.86,2.1,42.75,77.18,80.95,85.59,85.59,0,,,77.18,,0,,0,,,,,
2018-04-26,80.0,81.93,79.34,81.08,8861347,85.08,79.34,2.14,45.09,77.32,80.93,85.59,85.59,0,,,77.32,,0,,0,,,,,
2018-04-27,81.17,81.93,80.94,81.55,3181023,85.07,79.34,2.05,47.2,77.68,80.94,85.59,85.59,0,,,77.68,,0,,0,,,,,
2018-04-30,81.78,83.19,81.78,82.44,2236471,85.07,79.34,2.02,51.03,78.27,80.96,85.59,85.59,0,,,78.27,,0,,0,,,,,
2018-05-02,83.76,84.04,82.02,82.49,5551848,85.07,79.34,2.02,51.24,78.3,81.01,85.59,85.59,0,,,78.3,,0,,0,,,,,
2018-05-03,81.69,82.91,80.05,80.33,3633182,85.07,79.34,2.08,42.59,76.87,81.07,85.59,85.59,0,,,76.87,,0,,0,,,,,
2018-05-04,80.33,80.52,78.73,79.11,2669546,85.07,78.73,2.06,38.62,75.89,81.07,85.59,85.59,0,,,75.89,,0,,0,,,,,
2018-05-07,79.34,79.77,78.31,79.2,2720386,85.07,78.31,2.02,39.07,75.84,81.11,85.59,85.59,0,,,75.84,,0,,0,,,,,
2018-05-08,79.39,79.72,77.61,78.22,5198731,85.07,77.61,2.03,35.97,74.97,81.17,85.59,85.59,0,,,74.97,,0,,0,,,,,
2018-05-09,78.5,79.48,78.17,78.5,2871177,85.08,77.61,1.97,37.5,75.19,81.24,85.59,85.59,0,,,75.19,,0,,0,,,,,
2018-05-10,78.69,79.2,75.16,75.68,9908099,85.07,75.16,2.12,29.8,72.45,81.19,85.59,85.59,0,,,72.45,,0,,0,,,,,
2018-05-11,76.2,77.14,75.4,75.73,7155264,85.06,75.16,2.1,30.07,72.5,81.12,84.93,85.59,0,,,72.5,,0,,0,,,,,
2018-05-14,75.73,76.29,72.82,73.0,5204961,85.03,72.82,2.19,24.46,69.9,81.01,84.93,84.93,0,,,69.9,,0,,0,,,,,
2018-05-15,73.62,76.43,73.0,73.33,7839753,85.0,72.82,2.28,26.25,70.05,80.87,84.93,84.93,0,,,70.05,,0,,0,,,,,
2018-05-16,72.77,74.98,71.93,74.46,4031284,84.96,71.93,2.34,32.19,70.45,80.67,84.93,84.93,0,,,70.45,,0,,0,,,,,
2018-05-17,74.98,75.96,74.08,74.41,7601441,84.92,71.93,2.3,32.06,70.44,80.49,84.93,84.93,0,,,70.44,,0,,0,,,,,
2018-05-18,74.6,74.79,71.36,71.74,3786274,84.86,71.36,2.38,26.29,68.47,80.15,84.93,84.93,0,,,68.47,,0,,0,,,,,
2018-05-21,71.78,72.11,70.09,70.47,3693657,84.81,70.09,2.36,24.07,67.24,79.76,84.93,84.93,0,,,67.24,,0,,0,,,,,
2018-05-22,70.52,72.07,70.52,71.41,3384044,84.76,70.09,2.3,28.86,67.89,79.37,84.6,84.93,0,,,67.89,,0,,0,,,,,
2018-05-23,71.46,71.93,70.52,70.7,2520715,84.71,70.09,2.24,27.45,67.47,78.94,84.04,84.6,0,,,67.47,,0,,0,,,,,
2018-05-24,71.08,71.31,69.2,70.28,3612011,84.65,69.2,2.23,26.62,66.91,78.45,84.04,84.04,0,,,66.91,,0,,0,,,,,
2018-05-25,70.61,71.03,70.0,70.47,3855315,84.6,69.2,2.15,27.68,67.09,78.0,84.04,84.04,0,,,67.09,,0,,0,,,,,
2018-05-28,70.7,74.74,70.7,74.41,7542068,84.57,69.2,2.3,45.35,69.53,77.72,84.04,84.04,0,,,69.53,,0,,0,,,,,
2018-05-29,74.98,81.55,74.7,78.36,63943559,84.57,69.2,2.64,56.76,71.85,77.56,84.04,84.04,0,,,71.85,,0,,0,,,,,
2018-05-30,76.71,80.85,75.31,77.93,36540757,84.55,69.2,2.85,55.4,71.43,77.4,82.91,84.04,0,,,71.43,,0,,0,,,,,
2018-05-31,78.31,79.77,77.32,78.54,16494380,84.52,69.2,2.82,56.97,71.84,77.27,81.55,82.91,0,,,71.84,,0,,0,,,,,
2018-06-01,78.45,78.45,75.12,75.45,9306243,84.46,69.2,2.86,47.79,69.82,77.02,81.55,81.55,0,,,69.82,,0,,0,,,,,
2018-06-04,75.59,75.96,70.14,70.66,14237353,84.34,69.2,3.08,37.66,66.59,76.58,81.55,81.55,0,,,66.59,,0,,0,,,,,
2018-06-05,70.66,70.7,68.22,68.69,12195205,84.2,68.22,3.03,34.43,65.02,76.07,81.55,81.55,0,,,65.02,,0,,0,,,,,
2018-06-06,68.54,70.52,68.54,70.05,8982847,84.07,68.22,2.96,38.36,65.95,75.64,81.55,81.55,0,,,65.95,,0,,0,,,,,
2018-06-07,70.47,71.83,70.42,71.69,6290061,83.94,68.22,2.87,42.82,67.06,75.35,81.55,81.55,0,,,67.06,,0,,0,,,,,
2018-06-08,71.46,73.15,70.66,72.82,7174973,83.82,68.22,2.85,45.73,67.81,75.07,81.55,81.55,0,,,67.81,,0,,0,,,,,
2018-06-11,73.33,73.94,72.39,72.72,5338391,83.69,68.22,2.75,45.51,67.81,74.78,81.55,81.55,0,,,67.81,,0,,0,,,,,
2018-06-12,72.58,73.9,71.83,73.52,5710082,83.56,68.22,2.7,47.68,68.36,74.48,81.55,81.55,0,,,68.36,,0,,0,,,,,
2018-06-13,74.04,74.65,73.05,73.29,5538985,83.44,68.22,2.63,47.1,68.26,74.17,81.55,81.55,0,,,68.26,,0,,0,,,,,
2018-06-14,73.24,73.24,71.03,71.36,6087770,83.33,68.22,2.6,42.42,67.03,73.87,81.55,81.55,0,,,67.03,,0,,0,,,,,
2018-06-15,71.31,72.11,69.95,70.56,6690135,83.25,68.22,2.57,40.62,66.54,73.59,81.55,81.55,0,,,66.54,,0,,0,,,,,
2018-06-18,70.42,71.78,69.34,71.31,5643821,83.15,68.22,2.56,43.06,67.03,73.33,81.55,81.55,0,,,67.03,,0,,0,,,,,
2018-06-19,70.99,71.78,69.53,69.86,6199993,83.04,68.22,2.54,39.66,66.11,73.05,81.55,81.55,0,,,66.11,,0,,0,,,,,
2018-06-20,70.19,70.89,69.58,70.33,5077061,82.95,68.22,2.45,41.28,66.47,72.77,81.55,81.55,0,,,66.47,,0,,0,,,,,
2018-06-21,71.03,71.97,70.42,70.85,8314390,82.86,68.22,2.39,43.1,66.84,72.61,81.55,81.55,0,,,66.84,,0,,0,,,,,
2018-06-22,70.52,70.89,69.67,70.42,4637036,82.78,68.22,2.31,41.94,66.62,72.44,81.55,81.55,0,,,66.62,,0,,0,,,,,
2018-06-25,70.42,70.8,68.59,68.87,6350796,82.7,68.22,2.3,37.99,65.63,72.3,81.55,81.55,0,,,65.63,,0,,0,,,,,
2018-06-26,68.87,69.39,68.26,68.78,4605005,82.61,68.26,2.22,37.77,65.64,72.15,80.85,81.55,0,,,65.64,,0,,0,,,,,
2018-06-27,68.92,69.25,66.15,66.67,6965052,82.51,66.15,2.28,32.9,63.53,71.89,79.77,80.85,0,,,63.53,,0,,0,,,,,
2018-06-28,66.57,67.56,64.88,65.49,8756324,82.41,64.88,2.31,30.53,62.33,71.59,78.45,79.77,0,,,62.33,,0,,0,,,,,
2018-06-29,66.71,67.93,66.24,67.37,10374286,82.3,64.88,2.32,38.17,63.53,71.44,75.96,78.45,0,,,63.53,,0,,0,,,,,
2018-07-02,67.61,67.98,65.92,66.85,4014364,82.17,64.88,2.3,36.96,63.21,71.32,74.65,75.96,0,,,63.21,,0,,0,,,,,
2018-07-03,66.62,66.62,65.21,65.73,5861611,82.04,64.88,2.25,34.43,62.52,71.13,74.65,74.65,0,,,62.52,,0,,0,,,,,
2018-07-04,65.73,66.1,64.37,64.98,5266760,81.9,64.37,2.22,32.8,61.89,70.94,74.65,74.65,0,,,61.89,,0,,0,,,,,
2018-07-05,64.88,65.02,63.47,63.66,6354035,81.74,63.47,2.17,30.12,60.77,70.72,74.65,74.65,0,,,60.77,,0,,0,,,,,
2018-07-06,63.85,66.81,63.76,66.06,8393741,81.6,63.47,2.24,39.78,62.27,70.58,74.65,74.65,0,,,62.27,,0,,0,,,,,
2018-07-09,66.62,66.95,65.4,65.82,4641051,81.47,63.47,2.19,39.2,62.15,70.29,74.65,74.65,0,,,62.15,,0,,0,,,,,
2018-07-10,66.1,67.51,65.96,67.18,4466996,81.35,63.47,2.15,44.19,63.05,69.92,74.65,74.65,0,,,63.05,,0,,0,,,,,
2018-07-11,67.04,68.08,66.06,66.53,5264754,81.23,63.47,2.14,42.4,62.64,69.54,73.24,74.65,0,,,62.64,,0,,0,,,,,
2018-07-12,66.95,67.37,64.55,65.02,5791016,81.1,63.47,2.19,38.49,61.63,69.09,72.11,73.24,0,,,61.63,,0,,0,,,,,
2018-07-13,65.31,65.35,62.77,63.05,6688598,80.96,62.77,2.22,34.08,60.11,68.67,71.97,72.11,0,,,60.11,,0,,0,,,,,
2018-07-16,63.05,63.15,60.66,61.03,5498218,80.8,60.66,2.24,30.25,58.09,68.35,71.97,71.97,0,,,58.09,,0,,0,,,,,
2018-07-17,61.5,64.13,60.52,63.9,7675970,80.66,60.52,2.34,40.48,59.83,68.19,71.97,71.97,0,,,59.83,,0,,0,,,,,
2018-07-18,63.94,64.37,61.27,62.49,5743139,80.5,60.52,2.39,37.57,58.89,67.94,71.97,71.97,0,,,58.89,,0,,0,,,,,
2018-07-19,62.86,63.62,61.46,62.11,4872954,80.35,60.52,2.37,36.8,58.65,67.62,70.89,71.97,0,,,58.65,,0,,0,,,,,
2018-07-20,62.25,64.04,61.88,63.38,5073743,80.21,60.52,2.36,41.14,59.48,67.31,70.8,70.89,0,,,59.48,,0,,0,,,,,
2018-07-23,63.62,65.63,62.96,65.26,5048661,80.09,60.52,2.38,46.94,60.68,67.06,69.39,70.8,0,,,60.68,,0,,0,,,,,
2018-07-24,65.31,69.39,65.07,68.97,14241131,79.99,60.52,2.52,56.14,62.98,66.91,69.39,69.39,0,,,62.98,,0,,0,,,,,
2018-07-25,69.44,73.57,66.48,67.28,47859275,79.89,60.52,2.85,51.74,61.67,66.71,73.57,69.39,0,,,61.67,,0,,0,,,,,
2018-07-26,67.56,67.98,66.01,66.39,13088082,79.77,60.52,2.78,49.54,61.14,66.54,73.57,73.57,0,,,61.14,,0,,0,,,,,
2018-07-27,66.67,67.7,66.2,66.81,5959511,79.66,60.52,2.69,50.61,61.47,66.42,73.57,73.57,0,,,61.47,,0,,0,,,,,
2018-07-30,67.04,69.11,66.9,68.83,9169279,79.55,60.52,2.66,55.49,62.79,66.33,73.57,73.57,0,,,62.79,,0,,0,,,,,
2018-07-31,69.01,69.95,68.12,69.53,9110753,79.44,60.52,2.6,57.07,63.28,66.32,73.57,73.57,0,,,63.28,,0,,0,,,,,
2018-08-01,69.77,70.09,68.36,69.06,7218091,79.32,60.52,2.54,55.64,63.02,66.28,73.57,73.57,0,,,63.02,,0,,0,,,,,
2018-08-02,68.97,70.14,68.31,69.2,5908968,79.21,60.52,2.49,55.99,63.15,66.22,73.57,73.57,0,,,63.15,,0,,0,,,,,
2018-08-03,69.48,70.05,69.16,69.48,4949479,79.1,60.52,2.38,56.74,63.4,66.19,73.57,73.57,0,,,63.4,,0,,0,,,,,
2018-08-06,69.77,71.22,69.72,70.47,6672395,79.0,60.52,2.33,59.35,64.07,66.25,73.57,73.57,0,,,64.07,,0,,0,,,,,
2018-08-07,70.85,70.85,68.26,68.97,5762915,78.87,61.27,2.35,54.02,63.34,66.25,73.57,73.57,0,,,63.34,,0,,0,,,,,
2018-08-08,68.97,69.77,68.36,69.06,3694645,78.72,61.46,2.28,54.29,63.51,66.33,73.57,73.57,0,,,63.51,,0,,0,,,,,
2018-08-09,69.06,70.52,68.73,69.95,3849977,78.57,61.88,2.25,56.93,64.25,66.48,73.57,73.57,0,,,64.25,,0,,0,,,,,
2018-08-10,69.95,70.33,68.12,68.73,3550580,78.4,62.96,2.24,52.45,63.82,66.53,73.57,73.57,0,,,63.82,,0,,0,,,,,
2018-08-13,68.36,69.25,67.61,68.17,3555510,78.22,65.07,2.2,50.49,64.19,66.57,73.57,73.57,0,,,64.19,,0,,0,,,,,
2018-08-14,68.45,68.69,67.56,67.84,2812094,78.04,66.01,2.13,49.32,64.34,66.64,73.57,73.57,0,,,64.34,,0,,0,,,,,
2018-08-16,67.61,69.2,67.32,68.17,4576252,77.87,66.01,2.11,50.55,64.57,66.75,73.57,73.57,0,,,64.57,,0,,0,,,,,
2018-08-17,68.54,70.05,68.26,69.34,5001845,77.69,66.2,2.09,54.76,65.4,66.94,73.57,73.57,0,,,65.4,,0,,0,,,,,
2018-08-20,70.05,70.8,69.86,70.42,4923730,77.51,66.9,2.05,58.3,66.36,67.08,73.57,73.57,0,,,66.36,,0,,0,,,,,
2018-08-21,70.89,71.83,70.52,70.89,5001773,77.35,67.32,2.0,59.77,66.83,67.25,73.57,73.57,0,,,66.83,,0,,0,,,,,
2018-08-23,70.7,71.27,68.83,69.39,4221464,77.18,67.32,2.03,53.3,65.84,67.32,73.57,73.57,0,,,65.84,,0,,0,,,,,
2018-08-24,69.39,75.87,68.69,75.31,31797538,77.07,67.32,2.4,68.01,69.42,67.62,75.87,73.57,0,,,69.42,,0,,0,,,,,
2018-08-27,76.01,76.29,74.23,75.07,13621490,76.95,67.32,2.38,67.09,69.28,67.95,76.29,75.87,0,,,69.28,,0,,0,,,,,
2018-08-28,75.21,75.82,71.88,72.96,10860282,76.83,67.32,2.49,59.45,67.84,68.28,76.29,76.29,0,,,67.84,,0,,0,,,,,
2018-08-29,72.91,77.61,72.3,75.73,20108730,76.73,67.32,2.69,65.07,69.49,68.77,77.61,76.29,0,,,69.49,,0,,0,,,,,
2018-08-30,75.68,76.9,75.12,75.92,9498914,76.59,67.32,2.62,65.43,69.66,69.17,77.61,77.61,0,,,69.66,,0,,0,,,,,
2018-08-31,76.24,77.18,74.27,75.68,8388264,76.44,67.32,2.64,64.54,69.49,69.61,77.61,77.61,0,,,69.49,,0,,0,,,,,
2018-09-03,76.06,77.84,75.87,76.76,9935832,76.31,67.32,2.61,66.73,70.21,70.1,77.84,77.61,0,,,70.21,,0,,0,,,,,
2018-09-04,76.85,76.9,72.58,73.9,8166498,76.16,67.32,2.73,56.73,68.28,70.45,77.84,77.84,0,,,68.28,,0,,0,,,,,
2018-09-05,73.71,75.4,70.75,74.13,13213861,76.02,67.32,2.87,57.28,68.34,70.75,77.84,77.84,0,,,68.34,,0,,0,,,,,
2018-09-06,75.26,77.32,73.9,76.43,11046623,75.9,67.32,2.91,62.46,69.8,71.0,77.84,77.84,0,,,69.8,,0,,0,,,,,
2018-09-07,76.43,78.22,73.52,74.51,14671712,75.78,68.26,3.04,56.32,68.79,71.24,78.22,77.84,0,,,68.79,,0,,0,,,,,
2018-09-10,74.18,75.07,72.58,73.0,6815427,75.64,68.69,3.0,51.99,67.98,71.46,78.22,78.22,0,,,67.98,,0,,0,,,,,
2018-09-11,73.59,74.59,72.36,73.36,10091442,75.55,68.69,2.94,52.92,68.25,71.68,78.22,78.22,0,,,68.25,,0,,0,,,,,
2018-09-12,73.36,73.93,71.17,71.45,9414455,75.43,68.69,2.93,47.65,67.03,71.76,78.22,78.22,0,,,67.03,,0,,0,,,,,
2018-09-14,71.88,74.4,71.88,73.31,10398967,75.35,68.69,2.93,52.6,68.23,71.89,78.22,78.22,0,,,68.23,,0,,0,,,,,
2018-09-17,73.07,73.07,71.93,72.45,3755063,75.25,70.75,2.82,50.24,68.43,72.0,78.22,78.22,0,,,68.43,,0,,0,,,,,
2018-09-18,72.55,73.02,69.27,70.26,8685643,75.12,69.27,2.89,44.72,66.48,72.04,78.22,78.22,0,,,66.48,,0,,0,,,,,
2018-09-19,71.36,71.74,70.26,71.22,6108676,75.01,69.27,2.79,47.45,67.17,72.1,78.22,78.22,0,,,67.17,,0,,0,,,,,
2018-09-21,72.31,72.31,64.22,68.03,11280098,74.86,64.22,3.16,40.33,63.18,72.01,78.22,78.22,0,,,63.18,,0,,0,,,,,
2018-09-24,68.98,68.98,66.13,67.12,4974635,74.7,64.22,3.14,38.56,62.6,71.95,78.22,78.22,0,,,62.6,,0,,0,,,,,
2018-09-25,66.6,69.17,66.03,68.17,7388125,74.56,64.22,3.14,41.75,63.28,71.92,78.22,78.22,0,,,63.28,,0,,0,,,,,
2018-09-26,68.5,69.31,68.27,68.65,3739806,74.43,64.22,3.0,43.2,63.69,71.88,78.22,78.22,0,,,63.69,,0,,0,,,,,
2018-09-27,68.69,69.46,66.41,67.65,7884479,74.3,64.22,3.0,40.91,63.04,71.84,78.22,78.22,0,,,63.04,,0,,0,,,,,
2018-09-28,67.74,67.98,64.46,65.17,7062306,74.15,64.22,3.04,35.85,61.41,71.74,78.22,78.22,0,,,61.41,,0,,0,,,,,
2018-10-01,65.08,67.98,63.13,67.65,7191129,74.03,63.13,3.17,43.39,62.56,71.74,78.22,78.22,0,,,62.56,,0,,0,,,,,
2018-10-03,68.41,72.64,67.17,69.93,16456814,73.92,63.13,3.33,49.3,63.93,71.8,78.22,78.22,0,,,63.93,,0,,0,,,,,
2018-10-04,68.93,71.26,68.6,69.93,10444564,73.81,63.13,3.29,49.3,63.96,71.82,78.22,78.22,0,,,63.96,,0,,0,,,,,
2018-10-05,69.27,70.41,66.36,66.98,9385085,73.67,63.13,3.34,42.63,62.02,71.7,78.22,78.22,0,,,62.02,,0,,0,,,,,
2018-10-08,66.55,67.55,64.65,66.22,9132523,73.54,63.13,3.31,41.08,61.55,71.54,78.22,78.22,0,,,61.55,,0,,0,,,,,
2018-10-09,66.36,68.03,64.79,66.84,7821977,73.42,63.13,3.3,42.9,61.95,71.46,78.22,78.22,0,,,61.95,,0,,0,,,,,
2018-10-10,67.46,71.03,67.08,70.55,7848645,73.32,63.13,3.37,52.36,64.3,71.3,75.07,78.22,0,,,64.3,,0,,0,,,,,
2018-10-11,68.08,71.26,67.6,69.74,6359958,73.22,63.13,3.39,50.4,63.77,71.12,74.59,75.07,0,,,63.77,,0,,0,,,,,
2018-10-12,70.5,72.74,70.41,71.5,7655675,73.15,63.13,3.36,54.4,64.92,71.07,74.4,74.59,0,,,64.92,,0,,0,,,,,
2018-10-15,71.74,72.98,70.26,72.17,5209684,73.09,63.13,3.31,55.86,65.38,70.96,74.4,74.4,0,,,65.38,,0,,0,,,,,
2018-10-16,72.31,72.98,71.88,72.5,4799630,73.04,63.13,3.16,56.59,65.7,70.84,73.07,74.4,0,,,65.7,,0,,0,,,,,
2018-10-17,73.26,73.88,69.98,70.55,7900337,72.97,63.13,3.21,51.16,64.41,70.67,73.88,73.07,0,,,64.41,,0,,0,,,,,
2018-10-19,69.98,71.55,69.08,69.93,5638133,72.89,63.13,3.16,49.53,64.04,70.44,73.88,73.88,0,,,64.04,,0,,0,,,,,
2018-10-22,70.45,71.55,69.12,70.36,5188175,72.82,63.13,3.1,50.7,64.36,70.33,73.88,73.88,0,,,64.36,,0,,0,,,,,
2018-10-23,71.36,72.36,69.31,70.26,13765726,72.74,63.13,3.1,50.41,64.29,70.2,73.88,73.88,0,,,64.29,,0,,0,,,,,
2018-10-24,71.6,72.74,70.31,72.26,8048611,72.68,64.65,3.06,55.9,66.12,70.06,73.88,73.88,0,,,66.12,,0,,0,,,,,
2018-10-25,71.26,72.79,65.89,66.84,46914007,72.59,64.65,3.33,42.25,62.44,69.8,73.88,73.88,0,,,62.44,,0,,0,,,,,
2018-10-26,67.55,67.6,63.99,64.22,26351665,72.49,63.99,3.35,37.48,60.52,69.51,73.88,73.88,0,,,60.52,,0,,0,,,,,
2018-10-29,65.03,65.13,63.32,64.65,16596499,72.39,63.32,3.24,38.7,60.65,69.22,73.88,73.88,0,,,60.65,,0,,0,,,,,
2018-10-30,64.94,66.55,64.7,65.79,17763932,72.31,63.32,3.15,41.94,61.44,69.03,73.88,73.88,0,,,61.44,,0,,0,,,,,
2018-10-31,65.89,66.13,64.32,65.41,18658155,72.24,63.32,3.05,41.16,61.26,68.77,73.88,73.88,0,,,61.26,,0,,0,,,,,
2018-11-01,65.84,67.32,65.84,66.79,18514431,72.17,63.32,2.97,45.16,62.21,68.58,73.88,73.88,0,,,62.21,,0,,0,,,,,
2018-11-02,67.51,70.36,67.32,69.46,25054634,72.12,63.32,3.01,51.95,63.9,68.55,73.88,73.88,0,,,63.9,,0,,0,,,,,
2018-11-05,67.98,67.98,65.94,66.6,12435322,72.05,63.32,3.05,45.45,62.03,68.4,73.88,73.88,0,,,62.03,,0,,0,,,,,
2018-11-06,66.7,67.65,65.65,65.94,9397104,71.98,63.32,2.97,44.08,61.66,68.33,73.88,73.88,0,,,61.66,,0,,0,,,,,
2018-11-07,66.55,66.55,66.08,66.32,1121760,71.9,63.32,2.8,45.11,62.01,68.3,73.88,73.88,0,,,62.01,,0,,0,,,,,
2018-11-09,66.36,66.98,65.84,66.6,5825050,71.81,63.32,2.69,45.9,62.27,68.25,73.88,73.88,0,,,62.27,,0,,0,,,,,
2018-11-12,66.6,67.12,65.17,65.56,8027643,71.72,63.32,2.63,43.41,61.64,68.15,73.88,73.88,0,,,61.64,,0,,0,,,,,
2018-11-13,65.36,66.08,64.51,65.36,5492697,71.61,63.32,2.56,42.92,61.56,68.07,73.88,73.88,0,,,61.56,,0,,0,,,,,
2018-11-14,65.46,65.84,62.51,62.84,17411472,71.48,62.51,2.61,37.3,59.63,67.99,73.88,73.88,0,,,59.63,,0,,0,,,,,
2018-11-15,62.89,64.41,61.94,63.6,12196075,71.35,61.94,2.6,39.86,59.93,67.86,73.88,73.88,0,,,59.93,,0,,0,,,,,
2018-11-16,63.75,63.79,62.46,63.51,8934462,71.21,61.94,2.51,39.65,59.94,67.64,72.79,73.88,0,,,59.94,,0,,0,,,,,
2018-11-19,63.56,65.03,63.56,64.7,6923682,71.08,61.94,2.44,43.8,60.75,67.47,72.79,72.79,0,,,60.75,,0,,0,,,,,
2018-11-20,64.6,64.75,63.7,64.13,11370903,70.95,61.94,2.34,42.3,60.45,67.37,72.79,72.79,0,,,60.45,,0,,0,,,,,
2018-11-21,64.51,64.51,62.7,63.37,8588079,70.82,61.94,2.3,40.32,59.98,67.28,72.79,72.79,0,,,59.98,,0,,0,,,,,
2018-11-22,63.6,64.08,62.65,62.94,8808101,70.68,61.94,2.24,39.2,59.75,67.15,72.79,72.79,0,,,59.75,,0,,0,,,,,
2018-11-26,62.99,63.89,62.32,63.75,7523888,70.56,61.94,2.19,42.44,60.3,66.92,70.36,72.79,0,,,60.3,,0,,0,,,,,
2018-11-27,63.18,64.79,63.08,63.75,9725050,70.43,61.94,2.16,42.44,60.33,66.72,70.36,70.36,0,,,60.33,,0,,0,,,,,
2018-11-28,63.84,63.99,63.13,63.75,8965627,70.3,61.94,2.07,42.44,60.39,66.46,70.36,70.36,0,,,60.39,,0,,0,,,,,
2018-11-29,63.94,65.46,62.51,64.89,10339738,70.18,61.94,2.13,47.37,61.08,66.22,70.36,70.36,0,,,61.08,,0,,0,,,,,
2018-11-30,65.41,66.93,62.94,64.84,123227256,70.05,61.94,2.26,47.18,60.96,65.97,70.36,70.36,0,,,60.96,,0,,0,,,,,
2018-12-03,65.46,67.84,64.13,67.41,16129731,69.95,61.94,2.37,56.81,62.55,65.86,70.36,70.36,0,,,62.55,,0,,0,,,,,
2018-12-04,66.74,67.93,66.27,67.08,7323826,69.86,61.94,2.31,55.41,62.37,65.77,67.98,70.36,0,,,62.37,,0,,0,,,,,
2018-12-05,66.36,66.84,62.89,63.22,21703542,69.74,61.94,2.45,42.31,59.79,65.53,67.93,67.98,0,,,59.79,,0,,0,,,,,
2018-12-06,63.13,63.37,61.89,62.46,13418588,69.61,61.89,2.38,40.28,59.33,65.27,67.93,67.93,0,,,59.33,,0,,0,,,,,
2018-12-07,62.61,63.51,61.23,62.75,10787228,69.48,61.23,2.37,41.43,59.3,64.95,67.93,67.93,0,,,59.3,,0,,0,,,,,
2018-12-10,61.84,62.22,59.56,59.89,13939033,69.33,59.56,2.43,34.4,56.86,64.72,67.93,67.93,0,,,56.86,,0,,0,,,,,
2018-12-11,59.04,62.32,58.7,61.46,21465276,69.2,58.7,2.52,40.38,57.53,64.63,67.93,67.93,0,,,57.53,,0,,0,,,,,
2018-12-12,61.84,63.7,61.46,63.13,9954488,69.09,58.7,2.5,46.02,58.62,64.58,67.93,67.93,0,,,58.62,,0,,0,,,,,
2018-12-13,63.65,64.41,63.08,63.51,8670196,68.99,58.7,2.41,47.25,58.92,64.5,67.93,67.93,0,,,58.92,,0,,0,,,,,
2018-12-14,63.27,64.6,62.61,63.37,6485337,68.89,58.7,2.38,46.82,58.85,64.43,67.93,67.93,0,,,58.85,,0,,0,,,,,
2018-12-17,63.46,65.13,63.27,64.41,8413741,68.8,58.7,2.35,50.36,59.55,64.35,67.93,67.93,0,,,59.55,,0,,0,,,,,
2018-12-18,64.37,66.74,64.03,66.51,17072720,68.74,58.7,2.37,56.64,60.88,64.26,67.93,67.93,0,,,60.88,,0,,0,,,,,
2018-12-19,66.79,67.55,66.03,66.7,10669275,68.68,58.7,2.31,57.16,61.05,64.26,67.93,67.93,0,,,61.05,,0,,0,,,,,
2018-12-20,66.41,67.55,65.89,67.12,6354028,68.64,58.7,2.26,58.37,61.35,64.3,67.93,67.93,0,,,61.35,,0,,0,,,,,
2018-12-21,68.31,68.41,66.03,66.46,15851379,68.59,58.7,2.27,55.71,60.92,64.3,68.41,67.93,0,,,60.92,,0,,0,,,,,
2018-12-24,66.65,69.46,66.13,67.79,22943907,68.55,58.7,2.35,59.69,61.73,64.34,69.46,68.41,0,,,61.73,,0,,0,,,,,
2018-12-26,67.27,68.36,65.89,68.08,13578782,68.5,58.7,2.36,60.52,61.91,64.43,69.46,69.46,0,,,61.91,,0,,0,,,,,
2018-12-27,68.5,68.89,66.36,66.6,22742988,68.47,58.7,2.37,54.35,60.94,64.47,69.46,69.46,0,,,60.94,,0,,0,,,,,
2018-12-28,66.65,68.89,66.65,68.55,9774725,68.46,58.7,2.36,60.12,62.21,64.66,69.46,69.46,0,,,62.21,,0,,0,,,,,
2018-12-31,68.79,69.93,68.69,69.55,7130426,68.44,58.7,2.29,62.72,62.9,64.86,69.93,69.46,1,69.55,62.9,62.9,62.9,1,2018-12-31,0,,,29,,
2019-01-01,70.17,70.36,69.27,70.22,6440421,68.44,58.7,2.21,64.4,63.39,65.08,70.36,69.93,0,,,63.39,63.39,1,2018-12-31,0,,,29,,
2019-01-02,69.84,71.17,68.93,69.46,8615103,68.44,61.46,2.21,61.05,63.82,65.24,71.17,70.36,0,,,63.82,63.82,1,2018-12-31,0,,,29,,
2019-01-03,69.46,69.46,66.98,67.32,8083906,68.42,62.61,2.23,52.72,62.81,65.34,71.17,71.17,0,,,62.81,63.82,1,2018-12-31,1,68.42,SMA150_BREAK,29,4,-1.63
2019-01-04,67.36,68.36,66.65,67.93,20439249,68.37,62.61,2.19,54.62,63.22,65.5,71.17,71.17,0,,,63.22,,0,,0,,,,,
2019-01-07,68.5,69.41,68.27,68.74,8163279,68.31,63.27,2.14,57.09,64.0,65.69,71.17,71.17,0,,,64.0,,0,,0,,,,,
2019-01-08,68.6,68.74,67.55,67.89,7453809,68.24,64.03,2.07,53.79,63.75,65.83,71.17,71.17,0,,,63.75,,0,,0,,,,,
2019-01-09,68.31,68.41,66.32,66.84,7124203,68.16,65.89,2.07,49.94,63.69,65.93,71.17,71.17,0,,,63.69,,0,,0,,,,,
2019-01-10,66.84,67.08,65.36,65.51,7810193,68.1,65.36,2.05,45.51,62.67,65.99,71.17,71.17,0,,,62.67,,0,,0,,,,,
2019-01-11,65.98,65.98,64.79,65.22,7359392,68.06,64.79,1.99,44.58,62.34,66.0,71.17,71.17,0,,,62.34,,0,,0,,,,,
2019-01-14,65.41,65.41,64.22,64.51,4735962,68.03,64.22,1.93,42.3,61.73,65.99,71.17,71.17,0,,,61.73,,0,,0,,,,,
2019-01-15,64.79,65.46,64.51,65.03,5007754,68.0,64.22,1.86,44.54,62.11,65.91,71.17,71.17,0,,,62.11,,0,,0,,,,,
2019-01-16,65.13,66.22,64.84,65.03,5484091,67.95,64.22,1.83,44.54,62.13,65.84,71.17,71.17,0,,,62.13,,0,,0,,,,,
2019-01-17,65.27,66.98,64.7,66.74,9573414,67.91,64.22,1.86,51.68,63.21,65.96,71.17,71.17,0,,,63.21,,0,,0,,,,,
2019-01-18,66.98,67.7,66.32,67.51,17158253,67.88,64.22,1.82,54.52,63.73,66.13,71.17,71.17,0,,,63.73,,0,,0,,,,,
2019-01-21,67.65,68.74,67.27,67.51,10341030,67.84,64.22,1.8,54.52,63.75,66.29,71.17,71.17,0,,,63.75,,0,,0,,,,,
2019-01-22,67.51,68.08,66.55,67.74,6256263,67.8,64.22,1.78,55.42,63.91,66.55,71.17,71.17,0,,,63.91,,0,,0,,,,,
2019-01-23,67.79,68.12,65.7,65.98,5371992,67.77,64.22,1.83,47.6,62.75,66.7,71.17,71.17,0,,,62.75,,0,,0,,,,,
2019-01-24,65.89,66.7,65.32,65.7,6289323,67.73,64.22,1.79,46.47,62.59,66.78,71.17,71.17,0,,,62.59,,0,,0,,,,,
2019-01-25,65.79,66.13,62.84,63.18,7134722,67.68,62.84,1.9,37.82,60.43,66.77,71.17,71.17,0,,,60.43,,0,,0,,,,,
2019-01-28,63.27,63.51,60.37,60.66,8737901,67.62,60.37,1.99,31.5,57.92,66.68,71.17,71.17,0,,,57.92,,0,,0,,,,,
2019-01-29,60.13,62.18,60.13,61.27,8758306,67.56,60.13,1.99,34.36,58.23,66.58,71.17,71.17,0,,,58.23,,0,,0,,,,,
2019-01-30,61.8,61.8,60.51,60.8,7509058,67.49,60.13,1.94,33.21,57.96,66.39,69.46,71.17,0,,,57.96,,0,,0,,,,,
2019-01-31,61.37,61.84,60.61,61.56,12325961,67.43,60.13,1.89,36.89,58.49,66.22,69.41,69.46,0,,,58.49,,0,,0,,,,,
2019-02-01,61.8,62.51,60.56,61.23,6031620,67.38,60.13,1.9,35.96,58.27,66.02,69.41,69.41,0,,,58.27,,0,,0,,,,,
2019-02-04,61.42,62.13,60.04,61.8,6807730,67.33,60.04,1.91,38.82,58.6,65.86,68.74,69.41,0,,,58.6,,0,,0,,,,,
2019-02-05,61.8,61.99,53.47,55.99,48929404,67.26,53.47,2.38,26.05,52.35,65.47,68.74,68.74,0,,,52.35,,0,,0,,,,,
2019-02-06,56.47,58.18,54.8,57.85,19423985,67.21,53.47,2.45,33.58,53.5,65.13,68.74,68.74,0,,,53.5,,0,,0,,,,,
2019-02-07,58.04,59.47,57.66,59.18,8069603,67.16,53.47,2.41,38.41,54.39,64.88,68.74,68.74,0,,,54.39,,0,,0,,,,,
2019-02-08,59.23,60.18,58.8,59.23,8295240,67.11,53.47,2.33,38.59,54.47,64.57,68.74,68.74,0,,,54.47,,0,,0,,,,,
2019-02-11,58.23,60.18,58.04,59.7,9511824,67.07,53.47,2.32,40.36,54.78,64.24,68.74,68.74,0,,,54.78,,0,,0,,,,,
2019-02-12,60.23,60.33,59.27,59.56,5528900,67.03,53.47,2.23,39.99,54.75,63.89,68.74,68.74,0,,,54.75,,0,,0,,,,,
2019-02-14,58.07,60.52,57.97,60.04,7971447,67.01,53.47,2.25,41.96,55.05,63.58,68.74,68.74,0,,,55.05,,0,,0,,,,,
2019-02-15,59.7,59.75,58.5,58.84,7013360,66.96,53.47,2.2,38.56,54.31,63.29,68.74,68.74,0,,,54.31,,0,,0,,,,,
2019-02-18,58.84,59.37,58.69,58.93,6749057,66.91,53.47,2.09,38.96,54.44,62.99,68.74,68.74,0,,,54.44,,0,,0,,,,,
2019-02-19,58.88,60.52,58.88,59.8,4229035,66.86,53.47,2.06,42.83,55.02,62.69,68.12,68.74,0,,,55.02,,0,,0,,,,,
2019-02-20,60.04,60.86,59.75,60.47,5089826,66.82,53.47,1.99,45.68,55.5,62.45,68.12,68.12,0,,,55.5,,0,,0,,,,,
2019-02-21,60.72,60.81,60.09,60.67,3138802,66.79,53.47,1.9,46.54,55.69,62.24,66.7,68.12,0,,,55.69,,0,,0,,,,,
2019-02-22,60.62,61.82,60.19,61.34,4784997,66.78,53.47,1.88,49.43,56.13,62.1,66.13,66.7,0,,,56.13,,0,,0,,,,,
2019-02-25,61.63,62.45,60.81,62.02,4015688,66.79,53.47,1.87,52.24,56.58,62.0,63.51,66.13,0,,,56.58,,0,,0,,,,,
2019-02-26,61.25,63.22,59.94,62.5,6564549,66.78,53.47,1.97,54.18,56.82,61.93,63.22,63.51,0,,,56.82,,0,,0,,,,,
2019-02-27,62.74,63.61,62.26,62.59,6764048,66.78,54.8,1.92,54.55,57.36,61.85,63.61,63.22,0,,,57.36,,0,,0,,,,,
2019-02-28,62.64,62.79,61.78,62.11,14167452,66.78,57.66,1.86,52.12,58.04,61.75,63.61,63.61,0,,,58.04,,0,,0,,,,,
2019-03-01,62.45,64.18,62.31,63.75,9309674,66.78,57.97,1.87,58.87,59.19,61.65,64.18,63.61,0,,,59.19,,0,,0,,,,,
2019-03-05,65.29,65.53,63.99,64.86,9082342,66.78,57.97,1.87,62.71,59.91,61.56,65.53,64.18,0,,,59.91,,0,,0,,,,,
2019-03-06,65.2,67.61,65.05,66.59,13004838,66.76,57.97,1.93,67.75,60.99,61.53,67.61,65.53,0,,,60.99,,0,,0,,,,,
2019-03-07,66.69,66.74,65.29,65.63,4192540,66.75,57.97,1.89,62.68,60.39,61.46,67.61,67.61,0,,,60.39,,0,,0,,,,,
2019-03-08,65.44,65.44,64.09,64.67,9335968,66.74,58.5,1.87,58.01,59.97,61.42,67.61,67.61,0,,,59.97,,0,,0,,,,,
2019-03-11,65.25,68.04,64.76,67.51,12701280,66.75,58.69,1.98,66.07,61.79,61.48,68.04,67.61,0,,,61.79,,0,,0,,,,,
2019-03-12,67.9,68.76,67.03,67.27,7526822,66.74,58.88,1.96,64.94,61.71,61.61,68.76,68.04,0,,,61.71,,0,,0,,,,,
2019-03-13,67.51,67.65,65.29,65.53,5268092,66.71,59.75,1.99,57.26,60.86,61.78,68.76,68.76,0,,,60.86,,0,,0,,,,,
2019-03-14,65.29,66.16,64.18,64.81,5767075,66.68,59.94,1.99,54.4,60.46,61.89,68.76,68.76,0,,,60.46,,0,,0,,,,,
2019-03-15,63.85,65.58,63.7,65.34,6878337,66.66,59.94,1.98,56.14,60.8,62.05,68.76,68.76,0,,,60.8,,0,,0,,,,,
2019-03-18,65.73,66.64,64.04,64.72,11419966,66.62,59.94,2.02,53.56,60.38,62.15,68.76,68.76,0,,,60.38,,0,,0,,,,,
2019-03-19,65.05,65.97,64.72,65.63,10369254,66.59,59.94,1.97,56.7,61.0,62.3,68.76,68.76,0,,,61.0,,0,,0,,,,,
2019-03-20,65.63,69.77,65.63,66.06,34728590,66.57,61.78,2.12,58.14,61.79,62.44,69.77,68.76,0,,,61.79,,0,,0,,,,,
2019-03-22,66.26,66.84,64.47,65.1,12856428,66.55,61.78,2.14,53.84,61.16,62.74,69.77,69.77,0,,,61.16,,0,,0,,,,,
2019-03-25,64.67,67.56,64.14,66.59,26125367,66.52,62.31,2.23,58.92,62.23,63.03,69.77,69.77,0,,,62.23,,0,,0,,,,,
2019-03-26,67.41,70.06,67.22,68.47,35481702,66.52,63.7,2.32,64.27,63.85,63.34,70.06,69.77,0,,,63.85,,0,,0,,,,,
2019-03-27,69.39,70.11,68.09,68.71,26105730,66.53,63.7,2.3,64.89,64.02,63.66,70.11,70.06,0,,,64.02,,0,,0,,,,,
2019-03-28,69.49,69.77,68.28,68.96,45326931,66.53,63.7,2.24,65.57,64.22,63.97,70.11,70.11,0,,,64.22,,0,,0,,,,,
2019-04-01,72.71,75.03,72.09,73.2,25156745,66.57,63.7,2.52,74.56,66.77,64.42,75.03,70.11,1,73.2,66.77,66.77,66.77,1,2019-04-01,0,,,30,,
2019-04-02,73.49,74.35,71.03,71.99,20278983,66.58,63.7,2.57,69.02,65.95,64.82,75.03,75.03,0,,,65.95,66.77,1,2019-04-01,0,,,30,,
2019-04-03,72.67,73.39,70.35,71.17,19628856,66.59,63.7,2.61,65.47,65.4,65.23,75.03,75.03,0,,,65.4,66.77,1,2019-04-01,0,,,30,,
2019-04-04,71.61,72.23,69.39,70.55,13697381,66.59,63.7,2.62,62.84,64.99,65.62,75.03,75.03,0,,,64.99,66.77,1,2019-04-01,0,,,30,,
2019-04-05,71.12,71.89,69.77,70.06,12657002,66.59,63.7,2.59,60.76,64.7,65.96,75.03,75.03,0,,,64.7,66.77,1,2019-04-01,0,,,30,,
2019-04-08,70.26,71.17,69.49,69.97,13220181,66.56,63.7,2.52,60.37,64.68,66.28,75.03,75.03,0,,,64.68,66.77,1,2019-04-01,0,,,30,,
2019-04-09,70.35,70.5,68.52,69.05,17283821,66.52,64.04,2.48,56.34,64.23,66.56,75.03,75.03,0,,,64.23,66.77,1,2019-04-01,0,,,30,,
2019-04-10,69.15,70.64,69.1,69.58,10842680,66.49,64.14,2.42,58.08,64.65,66.83,75.03,75.03,0,,,64.65,66.77,1,2019-04-01,0,,,30,,
2019-04-11,69.49,72.09,68.71,71.65,24219236,66.47,64.14,2.49,64.08,65.94,67.15,75.03,75.03,0,,,65.94,66.77,1,2019-04-01,0,,,30,,
2019-04-12,71.99,75.46,71.8,74.88,43815259,66.46,64.14,2.58,71.05,67.96,67.57,75.46,75.03,0,,,67.96,67.96,1,2019-04-01,0,,,30,,
2019-04-15,75.27,75.41,73.87,74.5,11053354,66.45,64.14,2.51,69.35,67.76,67.96,75.46,75.46,0,,,67.76,67.96,1,2019-04-01,0,,,30,,
2019-04-16,74.69,75.99,73.44,73.92,11087979,66.43,67.22,2.51,66.72,68.41,68.36,75.99,75.46,0,,,68.41,68.41,1,2019-04-01,0,,,30,,
2019-04-18,75.17,75.17,73.0,73.29,7161272,66.43,68.09,2.49,63.88,68.31,68.68,75.99,75.99,0,,,68.31,68.41,1,2019-04-01,0,,,30,,
2019-04-22,73.1,73.1,70.35,70.5,6499049,66.4,68.28,2.52,53.11,66.55,68.86,75.99,75.99,0,,,66.55,68.41,1,2019-04-01,0,,,30,,
2019-04-23,70.35,71.85,70.16,70.83,6018400,66.37,68.52,2.46,54.1,66.89,69.0,75.99,75.99,0,,,66.89,68.41,1,2019-04-01,0,,,30,,
2019-04-24,70.74,71.65,70.26,70.79,7705263,66.34,68.52,2.38,53.95,66.91,69.18,75.99,75.99,0,,,66.91,68.41,1,2019-04-01,0,,,30,,
2019-04-25,71.17,72.42,69.1,69.63,17295969,66.32,68.52,2.45,49.7,66.12,69.34,75.99,75.99,0,,,66.12,68.41,1,2019-04-01,0,,,30,,
2019-04-26,69.73,70.55,67.99,68.67,9643069,66.29,67.99,2.46,46.45,65.32,69.38,75.99,75.99,0,,,65.32,68.41,1,2019-04-01,1,68.41,TRAILING_STOP,30,18,-6.54
2019-04-30,67.99,69.58,66.88,68.23,14315500,66.27,66.88,2.48,44.99,64.65,69.41,75.99,75.99,0,,,64.65,,0,,0,,,,,
2019-05-02,68.38,69.05,66.84,67.08,10325875,66.22,66.84,2.46,41.34,63.91,69.46,75.99,75.99,0,,,63.91,,0,,0,,,,,
2019-05-03,67.17,68.04,65.92,66.16,8390333,66.18,65.92,2.43,38.64,63.02,69.51,75.99,75.99,0,,,63.02,,0,,0,,,,,
2019-05-06,65.87,65.87,63.27,63.51,9020087,66.14,63.27,2.47,32.13,60.41,69.45,75.99,75.99,0,,,60.41,,0,,0,,,,,
2019-05-07,63.7,64.28,61.05,61.49,8647726,66.07,61.05,2.52,28.23,58.33,69.34,75.99,75.99,0,,,58.33,,0,,0,,,,,
2019-05-08,61.58,61.58,59.32,59.51,15303026,66.02,59.32,2.5,25.02,56.49,69.14,75.99,75.99,0,,,56.49,,0,,0,,,,,
2019-05-09,59.56,60.57,59.32,60.19,13936931,65.97,59.32,2.41,28.05,56.99,68.94,75.99,75.99,0,,,56.99,,0,,0,,,,,
2019-05-10,60.43,61.2,59.61,60.86,11398050,65.92,59.32,2.35,31.0,57.46,68.8,75.99,75.99,0,,,57.46,,0,,0,,,,,
2019-05-13,60.33,60.72,57.05,57.68,10847294,65.85,57.05,2.46,25.62,54.58,68.5,75.99,75.99,0,,,54.58,,0,,0,,,,,
2019-05-14,58.07,62.16,57.63,61.63,25941657,65.81,57.05,2.61,39.63,57.03,68.27,75.99,75.99,0,,,57.03,,0,,0,,,,,
2019-05-15,61.53,61.97,58.07,58.4,11735485,65.76,57.05,2.7,33.99,54.89,67.93,75.99,75.99,0,,,54.89,,0,,0,,,,,
2019-05-16,58.4,60.43,58.31,59.94,13662204,65.71,57.05,2.66,38.48,55.91,67.63,75.99,75.99,0,,,55.91,,0,,0,,,,,
2019-05-17,59.75,60.38,58.98,59.85,8777033,65.64,57.05,2.57,38.32,55.91,67.19,75.99,75.99,0,,,55.91,,0,,0,,,,,
2019-05-20,62.16,64.33,61.63,63.56,15063392,65.6,57.05,2.7,48.14,58.21,66.9,75.17,75.99,0,,,58.21,,0,,0,,,,,
2019-05-21,63.56,63.75,60.57,60.96,10096863,65.56,57.05,2.74,42.98,56.51,66.56,73.1,75.17,0,,,56.51,,0,,0,,,,,
2019-05-22,61.29,63.22,59.9,62.88,12714321,65.54,57.05,2.78,47.46,57.72,66.31,72.42,73.1,0,,,57.72,,0,,0,,,,,
2019-05-23,64.76,67.7,63.61,64.14,22390610,65.52,57.05,2.92,50.22,58.44,66.11,72.42,72.42,0,,,58.44,,0,,0,,,,,
2019-05-24,64.38,66.93,64.33,66.5,10037711,65.49,57.05,2.92,55.0,59.97,66.0,72.42,72.42,0,,,59.97,,0,,0,,,,,
2019-05-27,66.59,70.59,66.16,70.06,35842146,65.5,57.05,3.02,61.07,62.19,66.03,70.59,72.42,0,,,62.19,,0,,0,,,,,
2019-05-28,70.83,71.03,68.43,69.97,21729849,65.49,57.05,2.99,60.85,62.15,66.04,71.03,70.59,0,,,62.15,,0,,0,,,,,
2019-05-29,69.77,69.77,67.9,68.38,8006184,65.46,57.05,2.93,56.89,61.17,65.93,71.03,71.03,0,,,61.17,,0,,0,,,,,
2019-05-30,68.62,69.53,68.04,69.05,9835370,65.44,57.05,2.82,58.12,61.67,65.74,71.03,71.03,0,,,61.67,,0,,0,,,,,
2019-05-31,69.24,69.29,66.35,67.65,11824619,65.42,57.05,2.83,54.6,60.76,65.51,71.03,71.03,0,,,60.76,,0,,0,,,,,
2019-06-03,67.27,69.63,67.03,68.96,11879171,65.41,57.63,2.82,57.21,61.81,65.34,71.03,71.03,0,,,61.81,,0,,0,,,,,
2019-06-04,69.29,70.35,68.14,68.33,15631724,65.4,58.07,2.77,55.56,61.58,65.18,71.03,71.03,0,,,61.58,,0,,0,,,,,
2019-06-06,68.43,69.2,65.25,66.06,14182515,65.37,58.31,2.86,49.94,60.14,65.03,71.03,71.03,0,,,60.14,,0,,0,,,,,
2019-06-07,66.02,67.94,64.91,66.02,14654515,65.33,58.98,2.87,49.85,60.33,64.87,71.03,71.03,0,,,60.33,,0,,0,,,,,
2019-06-10,66.26,67.12,65.39,65.73,8628229,65.32,59.9,2.79,49.11,60.5,64.7,71.03,71.03,0,,,60.5,,0,,0,,,,,
2019-06-11,65.82,67.61,65.29,67.17,10633415,65.34,59.9,2.75,52.83,61.45,64.62,71.03,71.03,0,,,61.45,,0,,0,,,,,
2019-06-12,67.41,68.09,65.49,65.73,11129594,65.35,59.9,2.74,48.98,60.53,64.52,71.03,71.03,0,,,60.53,,0,,0,,,,,
2019-06-13,65.73,66.74,65.34,66.21,9467662,65.35,63.61,2.65,50.28,62.14,64.46,71.03,71.03,0,,,62.14,,0,,0,,,,,
2019-06-14,67.41,68.43,65.82,66.16,17332932,65.36,64.33,2.64,50.14,62.35,64.42,71.03,71.03,0,,,62.35,,0,,0,,,,,
2019-06-17,67.03,67.41,64.96,65.2,14424170,65.35,64.91,2.63,47.35,61.94,64.39,71.03,71.03,0,,,61.94,,0,,0,,,,,
2019-06-18,65.53,66.59,64.62,66.11,10325816,65.32,64.62,2.58,50.18,62.46,64.48,71.03,71.03,0,,,62.46,,0,,0,,,,,
2019-06-19,66.5,66.93,63.99,65.2,11533322,65.31,63.99,2.61,47.43,61.64,64.6,71.03,71.03,0,,,61.64,,0,,0,,,,,
2019-06-20,65.29,68.47,64.76,68.23,13970908,65.33,63.99,2.69,56.06,63.55,64.89,71.03,71.03,0,,,63.55,,0,,0,,,,,
2019-06-21,68.38,69.24,67.51,68.81,11601602,65.35,63.99,2.62,57.49,63.97,65.18,71.03,71.03,0,,,63.97,,0,,0,,,,,
2019-06-24,70.35,71.32,69.39,71.03,18372701,65.38,63.99,2.61,62.54,65.4,65.52,71.32,71.03,0,,,65.4,,0,,0,,,,,
2019-06-25,70.64,71.56,69.68,71.22,8306005,65.41,63.99,2.56,62.95,65.56,65.97,71.56,71.32,0,,,65.56,,0,,0,,,,,
2019-06-26,70.83,72.76,70.74,72.47,16456718,65.46,63.99,2.52,65.59,66.39,66.33,72.76,71.56,1,72.47,66.39,66.39,66.39,1,2019-06-26,0,,,31,,
2019-06-27,72.33,72.76,71.65,71.99,10529610,65.52,63.99,2.42,63.71,66.15,66.79,72.76,72.76,0,,,66.15,66.39,1,2019-06-26,0,,,31,,
2019-06-28,71.7,71.85,69.92,70.5,7498136,65.57,63.99,2.4,58.15,65.21,67.14,72.76,72.76,0,,,65.21,66.39,1,2019-06-26,0,,,31,,
2019-07-01,70.74,71.56,69.1,70.4,6618565,65.61,63.99,2.4,57.78,65.14,67.49,72.76,72.76,0,,,65.14,66.39,1,2019-06-26,0,,,31,,
2019-07-02,70.45,70.64,68.96,69.44,5825625,65.64,63.99,2.35,54.26,64.55,67.69,72.76,72.76,0,,,64.55,66.39,1,2019-06-26,0,,,31,,
2019-07-03,69.39,71.08,69.15,70.3,9271047,65.69,63.99,2.32,56.8,65.13,68.0,72.76,72.76,0,,,65.13,66.39,1,2019-06-26,0,,,31,,
2019-07-04,70.5,70.98,69.82,70.45,5004601,65.73,63.99,2.24,57.25,65.28,68.25,72.76,72.76,0,,,65.28,66.39,1,2019-06-26,0,,,31,,
2019-07-05,70.79,70.83,67.22,67.61,10632584,65.76,63.99,2.33,47.3,63.38,68.36,72.76,72.76,0,,,63.38,66.39,1,2019-06-26,0,,,31,,
2019-07-08,66.98,67.8,64.18,64.86,9496461,65.77,63.99,2.43,40.04,61.55,68.31,72.76,72.76,0,,,61.55,66.39,1,2019-06-26,1,66.39,TRAILING_STOP|SMA150_BREAK,31,9,-8.39
2019-07-09,64.72,65.29,63.46,64.76,8178805,65.78,63.46,2.38,39.8,61.33,68.13,72.76,72.76,0,,,61.33,,0,,0,,,,,
2019-07-10,65.49,65.73,63.8,64.33,7966262,65.78,63.46,2.35,38.73,61.08,67.95,72.76,72.76,0,,,61.08,,0,,0,,,,,
2019-07-11,64.57,64.72,62.5,62.69,20836630,65.77,62.5,2.34,34.87,59.71,67.76,72.76,72.76,0,,,59.71,,0,,0,,,,,
2019-07-12,62.64,63.22,62.06,62.45,10910933,65.75,62.06,2.26,34.33,59.46,67.54,72.76,72.76,0,,,59.46,,0,,0,,,,,
2019-07-15,62.93,63.17,60.91,61.92,13043104,65.72,60.91,2.26,33.12,58.74,67.34,72.76,72.76,0,,,58.74,,0,,0,,,,,
2019-07-16,62.02,62.74,61.58,62.16,8431898,65.68,60.91,2.18,34.25,58.94,67.12,72.76,72.76,0,,,58.94,,0,,0,,,,,
2019-07-17,62.16,62.55,61.63,61.78,5043222,65.67,60.91,2.09,33.29,58.76,66.9,72.76,72.76,0,,,58.76,,0,,0,,,,,
2019-07-18,61.78,62.16,61.2,61.68,10455841,65.67,60.91,2.01,33.03,58.75,66.75,72.76,72.76,0,,,58.75,,0,,0,,,,,
2019-07-19,61.92,62.11,61.1,61.39,7321238,65.66,60.91,1.94,32.23,58.61,66.6,72.76,72.76,0,,,58.61,,0,,0,,,,,
2019-07-22,61.68,61.97,60.67,61.78,6606532,65.67,60.67,1.89,34.52,58.81,66.47,72.76,72.76,0,,,58.81,,0,,0,,,,,
2019-07-23,62.11,62.16,61.2,61.58,5669497,65.67,60.67,1.82,33.88,58.73,66.28,72.76,72.76,0,,,58.73,,0,,0,,,,,
2019-07-24,61.73,61.87,59.27,59.66,10133569,65.65,59.27,1.88,28.49,56.98,66.08,72.76,72.76,0,,,56.98,,0,,0,,,,,
2019-07-25,59.94,60.14,58.4,58.93,8319563,65.62,58.4,1.87,26.75,56.23,65.84,71.85,72.76,0,,,56.23,,0,,0,,,,,
2019-07-26,58.98,60.28,58.11,58.45,10247067,65.59,58.11,1.89,25.64,55.81,65.58,71.56,71.85,0,,,55.81,,0,,0,,,,,
2019-07-29,58.64,58.84,56.86,57.1,7138637,65.54,56.86,1.9,22.78,54.52,65.31,71.08,71.56,0,,,54.52,,0,,0,,,,,
2019-07-30,57.29,57.54,55.41,55.66,10937507,65.46,55.41,1.91,20.19,53.09,64.96,71.08,71.08,0,,,53.09,,0,,0,,,,,
2019-07-31,55.17,56.91,54.98,56.76,7114686,65.4,54.98,1.92,27.01,53.66,64.68,70.98,71.08,0,,,53.66,,0,,0,,,,,
2019-08-01,56.23,56.96,54.5,55.46,6644276,65.32,54.5,1.95,24.36,52.64,64.25,70.83,70.98,0,,,52.64,,0,,0,,,,,
2019-08-02,55.37,55.46,53.82,54.45,8971219,65.24,53.82,1.93,22.51,51.77,63.78,67.8,70.83,0,,,51.77,,0,,0,,,,,
2019-08-05,53.92,55.27,52.62,54.5,8649871,65.15,52.62,1.98,22.83,51.37,63.22,65.73,67.8,0,,,51.37,,0,,0,,,,,
2019-08-06,54.26,55.51,54.11,55.22,6788990,65.07,52.62,1.94,27.37,51.86,62.69,65.73,65.73,0,,,51.86,,0,,0,,,,,
2019-08-07,55.41,56.04,53.97,55.41,17902641,64.99,52.62,1.95,28.56,51.98,62.12,64.72,65.73,0,,,51.98,,0,,0,,,,,
2019-08-08,55.7,56.48,54.26,56.23,25552334,64.91,52.62,1.97,33.63,52.49,61.6,63.22,64.72,0,,,52.49,,0,,0,,,,,
2019-08-09,56.48,56.76,54.16,54.84,11735309,64.81,52.62,2.02,29.77,51.57,61.08,63.17,63.22,0,,,51.57,,0,,0,,,,,
2019-08-13,52.04,54.45,48.57,48.72,44147720,64.67,48.57,2.32,19.28,46.07,60.35,62.74,63.17,0,,,46.07,,0,,0,,,,,
2019-08-14,49.01,50.26,48.77,49.2,16977418,64.53,48.57,2.26,21.62,46.42,59.68,62.55,62.74,0,,,46.42,,0,,0,,,,,
2019-08-16,49.15,49.92,48.43,49.49,9602287,64.41,48.43,2.21,23.06,46.59,58.98,62.16,62.55,0,,,46.59,,0,,0,,,,,
2019-08-19,49.54,49.92,49.05,49.44,8225292,64.29,48.43,2.11,22.98,46.62,58.28,62.16,62.16,0,,,46.62,,0,,0,,,,,
2019-08-20,49.49,49.68,47.85,48.14,8726047,64.15,47.85,2.09,20.98,45.61,57.63,62.16,62.16,0,,,45.61,,0,,0,,,,,
2019-08-21,48.09,48.09,45.78,46.55,25422307,64.01,45.78,2.11,18.81,43.88,57.02,62.16,62.16,0,,,43.88,,0,,0,,,,,
2019-08-22,46.4,47.03,45.97,46.26,13547673,63.87,45.78,2.04,18.44,43.74,56.41,61.87,62.16,0,,,43.74,,0,,0,,,,,
2019-08-23,46.26,47.32,44.96,46.55,16970212,63.75,44.96,2.06,20.15,43.64,55.81,60.28,61.87,0,,,43.64,,0,,0,,,,,
2019-08-26,47.37,48.52,45.83,48.19,17742443,63.63,44.96,2.1,29.18,44.67,55.33,60.28,60.28,0,,,44.67,,0,,0,,,,,
2019-08-27,48.86,53.05,48.67,50.79,21956425,63.54,44.96,2.3,40.63,46.21,54.94,58.84,60.28,0,,,46.21,,0,,0,,,,,
2019-08-28,50.69,51.46,48.77,49.49,13979685,63.44,44.96,2.33,37.38,45.35,54.53,57.54,58.84,0,,,45.35,,0,,0,,,,,
2019-08-29,49.49,49.58,48.19,48.77,7558972,63.33,44.96,2.26,35.67,44.94,54.08,56.96,57.54,0,,,44.94,,0,,0,,,,,
2019-08-30,48.86,49.34,47.8,48.72,10516958,63.21,44.96,2.21,35.55,44.94,53.65,56.96,56.96,0,,,44.94,,0,,0,,,,,
2019-09-03,48.57,48.77,47.27,47.56,7432957,63.08,44.96,2.16,32.77,44.22,53.18,56.76,56.96,0,,,44.22,,0,,0,,,,,
2019-09-04,47.71,48.43,46.79,48.28,14355020,62.95,44.96,2.12,36.11,44.71,52.74,56.76,56.76,0,,,44.71,,0,,0,,,,,
2019-09-05,48.67,50.6,48.57,49.3,17899937,62.83,44.96,2.14,40.62,45.36,52.32,56.76,56.76,0,,,45.36,,0,,0,,,,,
2019-09-06,49.54,50.21,48.86,49.92,7866773,62.72,44.96,2.08,43.24,45.8,51.93,56.76,56.76,0,,,45.8,,0,,0,,,,,
2019-09-09,50.16,50.55,49.34,49.54,8860837,62.61,44.96,2.02,42.01,45.59,51.6,56.76,56.76,0,,,45.59,,0,,0,,,,,
2019-09-11,50.23,51.61,49.63,51.26,11951914,62.53,44.96,2.02,49.04,46.7,51.34,56.76,56.76,0,,,46.7,,0,,0,,,,,
2019-09-12,51.21,52.5,50.52,50.87,11740883,62.47,44.96,2.02,47.63,46.45,51.09,54.45,56.76,0,,,46.45,,0,,0,,,,,
2019-09-13,50.82,51.31,49.29,50.97,11014744,62.4,44.96,2.02,48.05,46.52,50.88,53.05,54.45,0,,,46.52,,0,,0,,,,,
2019-09-16,50.33,50.67,49.78,49.93,7112247,62.33,44.96,1.96,44.15,45.88,50.69,53.05,53.05,0,,,45.88,,0,,0,,,,,
2019-09-17,49.93,50.18,47.86,48.11,10043905,62.24,45.83,1.99,38.3,44.98,50.41,53.05,53.05,0,,,44.98,,0,,0,,,,,
2019-09-18,48.35,48.75,47.76,48.01,8058186,62.15,46.79,1.91,38.0,45.29,50.16,53.05,53.05,0,,,45.29,,0,,0,,,,,
2019-09-19,48.06,48.11,46.48,46.77,8910056,62.05,46.48,1.89,34.42,44.4,49.9,53.05,53.05,0,,,44.4,,0,,0,,,,,
2019-09-20,46.92,50.62,45.98,49.44,29024918,62.0,45.98,2.09,46.17,45.82,49.73,53.05,53.05,0,,,45.82,,0,,0,,,,,
2019-09-23,50.87,51.46,48.99,51.11,23114050,61.96,45.98,2.12,51.97,46.88,49.6,53.05,53.05,0,,,46.88,,0,,0,,,,,
2019-09-24,51.21,52.25,50.13,51.21,14263656,61.91,45.98,2.12,52.3,46.95,49.46,53.05,53.05,0,,,46.95,,0,,0,,,,,
2019-09-25,51.21,51.21,49.24,49.49,15774906,61.84,45.98,2.11,46.38,45.84,49.23,53.05,53.05,0,,,45.84,,0,,0,,,,,
2019-09-26,49.44,51.95,49.24,51.02,22561537,61.78,45.98,2.15,51.63,46.8,49.1,52.5,53.05,0,,,46.8,,0,,0,,,,,
2019-09-27,50.92,51.41,49.14,49.34,12738830,61.71,45.98,2.16,46.27,45.71,49.12,52.5,52.5,0,,,45.71,,0,,0,,,,,
2019-09-30,49.44,49.49,46.87,47.76,11513335,61.63,45.98,2.19,41.87,44.67,49.08,52.5,52.5,0,,,44.67,,0,,0,,,,,
2019-10-01,48.06,48.94,45.44,46.23,15210748,61.55,45.44,2.29,38.09,43.44,48.97,52.5,52.5,0,,,43.44,,0,,0,,,,,
2019-10-03,46.08,47.66,45.59,46.58,11115713,61.47,45.44,2.27,39.44,43.68,48.87,52.5,52.5,0,,,43.68,,0,,0,,,,,
2019-10-04,46.87,47.37,45.1,45.29,11690257,61.37,45.1,2.27,36.31,42.73,48.78,52.5,52.5,0,,,42.73,,0,,0,,,,,
2019-10-07,45.29,45.39,42.04,42.23,16652132,61.25,42.04,2.35,30.18,39.69,48.63,52.5,52.5,0,,,39.69,,0,,0,,,,,
2019-10-09,42.23,43.37,41.84,43.07,15225493,61.13,41.84,2.29,33.5,40.2,48.53,52.5,52.5,0,,,40.2,,0,,0,,,,,
2019-10-10,42.97,44.11,42.23,42.48,19819884,61.01,41.84,2.26,32.34,39.84,48.39,52.5,52.5,0,,,39.84,,0,,0,,,,,
2019-10-11,42.73,43.12,41.44,42.48,17247352,60.88,41.44,2.22,32.34,39.73,48.2,52.5,52.5,0,,,39.73,,0,,0,,,,,
2019-10-14,42.68,43.32,42.18,42.28,15720258,60.74,41.44,2.14,31.9,39.66,47.92,52.25,52.5,0,,,39.66,,0,,0,,,,,
2019-10-15,42.53,42.92,41.94,42.18,16921189,60.6,41.44,2.06,31.67,39.65,47.67,52.25,52.25,0,,,39.65,,0,,0,,,,,
2019-10-16,42.43,42.68,40.75,41.3,17136734,60.47,40.75,2.05,29.65,38.86,47.42,52.25,52.25,0,,,38.86,,0,,0,,,,,
2019-10-17,41.35,44.31,41.2,44.01,20292119,60.33,40.75,2.12,41.94,40.55,47.27,52.25,52.25,0,,,40.55,,0,,0,,,,,
2019-10-18,48.4,56.84,48.4,53.63,167677342,60.26,40.75,2.89,65.18,46.25,47.47,56.84,52.25,0,,,46.25,,0,,0,,,,,
2019-10-22,54.22,54.77,50.67,51.11,57324642,60.16,40.75,2.98,58.57,44.57,47.56,56.84,56.84,0,,,44.57,,0,,0,,,,,
2019-10-23,51.46,54.47,50.97,53.14,40965324,60.07,40.75,3.01,61.92,45.85,47.69,56.84,56.84,0,,,45.85,,0,,0,,,,,
2019-10-24,53.09,53.58,49.83,50.62,28459169,59.98,40.75,3.07,55.88,44.19,47.72,56.84,56.84,0,,,44.19,,0,,0,,,,,
2019-10-25,50.62,51.71,48.99,50.28,28474020,59.86,40.75,3.04,55.1,43.99,47.74,56.84,56.84,0,,,43.99,,0,,0,,,,,
2019-10-27,51.02,51.26,50.62,51.02,2372937,59.76,40.75,2.89,56.52,44.56,47.73,56.84,56.84,0,,,44.56,,0,,0,,,,,
2019-10-29,51.51,53.78,51.02,53.09,24273377,59.67,40.75,2.88,60.31,45.9,47.81,56.84,56.84,0,,,45.9,,0,,0,,,,,
2019-10-30,57.33,60.29,57.33,58.12,79479137,59.63,40.75,3.19,67.69,48.94,48.04,60.29,56.84,0,,,48.94,,0,,0,,,,,
2019-10-31,56.74,57.23,55.51,55.8,37725375,59.56,40.75,3.15,61.97,47.47,48.24,60.29,60.29,0,,,47.47,,0,,0,,,,,
2019-11-01,56.25,56.94,55.41,56.15,19538180,59.51,40.75,3.04,62.49,47.78,48.51,60.29,60.29,0,,,47.78,,0,,0,,,,,
2019-11-04,56.39,57.13,54.82,55.65,20859205,59.44,40.75,2.98,61.21,47.49,48.76,60.29,60.29,0,,,47.49,,0,,0,,,,,
2019-11-05,56.15,57.23,55.16,55.31,16670483,59.37,40.75,2.92,60.31,47.31,49.05,60.29,60.29,0,,,47.31,,0,,0,,,,,
2019-11-06,55.51,56.34,54.67,54.82,18504336,59.3,40.75,2.83,58.96,47.06,49.23,60.29,60.29,0,,,47.06,,0,,0,,,,,
2019-11-07,54.96,55.36,54.03,54.72,13782432,59.22,41.2,2.72,58.67,47.21,49.35,60.29,60.29,0,,,47.21,,0,,0,,,,,
2019-11-08,53.19,55.26,52.6,53.53,21720965,59.12,48.4,2.72,55.21,48.85,49.42,60.29,60.29,0,,,48.85,,0,,0,,,,,
2019-11-11,53.43,56.74,52.4,56.05,26122637,59.04,48.99,2.83,60.52,50.59,49.64,60.29,60.29,0,,,50.59,,0,,0,,,,,
2019-11-13,55.7,57.08,53.38,53.88,29011138,58.94,48.99,2.9,54.53,49.15,49.74,60.29,60.29,0,,,49.15,,0,,0,,,,,
2019-11-14,54.12,54.62,52.6,53.14,21808147,58.8,48.99,2.83,52.61,48.72,49.86,60.29,60.29,0,,,48.72,,0,,0,,,,,
2019-11-15,53.29,54.17,53.04,53.48,10858135,58.68,48.99,2.71,53.42,49.02,50.06,60.29,60.29,0,,,49.02,,0,,0,,,,,
2019-11-18,53.78,54.08,52.89,53.24,10536197,58.56,50.62,2.6,52.74,49.48,50.29,60.29,60.29,0,,,49.48,,0,,0,,,,,
2019-11-19,53.29,55.36,51.81,54.91,20906445,58.46,51.02,2.67,56.88,50.64,50.57,60.29,60.29,0,,,50.64,,0,,0,,,,,
2019-11-20,55.65,55.85,53.53,55.06,24352170,58.36,51.81,2.65,57.24,51.02,50.89,60.29,60.29,0,,,51.02,,0,,0,,,,,
2019-11-21,55.11,56.34,53.73,54.72,15782183,58.25,51.81,2.64,56.09,50.8,51.31,60.29,60.29,0,,,50.8,,0,,0,,,,,
2019-11-22,54.27,55.75,53.73,55.36,14997151,58.16,51.81,2.6,57.81,51.25,51.72,60.29,60.29,0,,,51.25,,0,,0,,,,,
2019-11-25,55.36,56.1,54.86,55.41,9491162,58.07,51.81,2.5,57.95,51.34,52.15,60.29,60.29,0,,,51.34,,0,,0,,,,,
2019-11-26,55.31,55.85,52.5,52.79,16426434,57.94,51.81,2.56,48.89,49.61,52.49,60.29,60.29,0,,,49.61,,0,,0,,,,,
2019-11-27,53.19,53.53,52.2,52.6,9148707,57.79,51.81,2.47,48.3,49.55,52.84,60.29,60.29,0,,,49.55,,0,,0,,,,,
2019-11-28,52.89,53.98,52.6,53.53,12670853,57.65,51.81,2.4,51.39,50.2,53.22,57.23,60.29,0,,,50.2,,0,,0,,,,,
2019-11-29,53.48,54.22,52.35,52.6,9658261,57.51,51.81,2.36,48.28,49.62,53.59,57.23,57.23,0,,,49.62,,0,,0,,,,,
2019-12-02,52.6,53.09,50.37,50.52,18767083,57.36,50.37,2.38,42.15,47.79,53.81,57.23,57.23,0,,,47.79,,0,,0,,,,,
2019-12-03,51.31,51.41,49.09,49.34,15865275,57.22,49.09,2.38,39.11,46.6,53.67,57.23,57.23,0,,,46.6,,0,,0,,,,,
2019-12-04,48.94,49.83,48.15,49.29,18410247,57.08,48.15,2.33,38.98,46.29,53.61,57.08,57.23,0,,,46.29,,0,,0,,,,,
2019-12-05,49.24,49.54,47.86,48.11,10546191,56.92,47.86,2.28,35.98,45.46,53.44,57.08,57.08,0,,,45.46,,0,,0,,,,,
2019-12-06,48.25,48.45,45.39,45.93,19910201,56.77,45.39,2.34,31.21,43.2,53.28,57.08,57.08,0,,,43.2,,0,,0,,,,,
2019-12-09,46.13,46.72,45.24,45.39,14269784,56.61,45.24,2.28,30.14,42.84,53.12,57.08,57.08,0,,,42.84,,0,,0,,,,,
2019-12-10,45.34,45.74,43.81,44.11,12286578,56.45,43.81,2.25,27.72,41.55,52.89,57.08,57.08,0,,,41.55,,0,,0,,,,,
2019-12-11,44.11,44.6,42.92,43.62,15123234,56.29,42.92,2.21,26.84,40.97,52.57,56.34,57.08,0,,,40.97,,0,,0,,,,,
2019-12-12,43.86,45.24,43.47,44.6,17340004,56.15,42.92,2.18,31.56,41.62,52.12,56.34,56.34,0,,,41.62,,0,,0,,,,,
2019-12-13,44.7,46.18,44.7,46.03,12783019,56.03,42.92,2.14,37.86,42.57,51.8,56.34,56.34,0,,,42.57,,0,,0,,,,,
2019-12-16,46.08,46.18,44.8,45.0,8597276,55.92,42.92,2.08,35.33,41.94,51.42,56.34,56.34,0,,,41.94,,0,,0,,,,,
2019-12-17,45.19,45.79,45.0,45.29,8676075,55.83,42.92,1.99,36.62,42.19,51.08,56.34,56.34,0,,,42.19,,0,,0,,,,,
2019-12-18,45.44,45.79,44.31,44.65,14598223,55.73,42.92,1.95,34.97,41.8,50.72,56.34,56.34,0,,,41.8,,0,,0,,,,,
2019-12-19,44.5,44.6,43.76,43.86,13292627,55.61,42.92,1.88,33.0,41.34,50.36,56.1,56.34,0,,,41.34,,0,,0,,,,,
2019-12-20,42.83,44.8,42.58,44.26,31041944,55.52,42.58,1.9,35.0,41.47,50.01,56.1,56.1,0,,,41.47,,0,,0,,,,,
2019-12-23,43.91,44.85,43.32,43.52,19016580,55.4,42.58,1.88,33.03,41.01,49.68,55.85,56.1,0,,,41.01,,0,,0,,,,,
2019-12-24,43.52,43.76,42.83,42.92,18985823,55.3,42.58,1.81,31.49,40.67,49.24,54.22,55.85,0,,,40.67,,0,,0,,,,,
2019-12-26,43.12,43.12,41.84,41.94,16725071,55.18,41.84,1.77,29.1,39.82,48.84,54.22,54.22,0,,,39.82,,0,,0,,,,,
2019-12-27,42.14,42.73,42.04,42.58,13499408,55.06,41.84,1.7,32.69,40.28,48.49,54.22,54.22,0,,,40.28,,0,,0,,,,,
2019-12-30,42.73,42.88,42.04,42.28,9545249,54.92,41.84,1.64,31.88,40.12,48.12,53.09,54.22,0,,,40.12,,0,,0,,,,,
2019-12-31,42.23,43.22,42.04,42.88,15897198,54.8,41.84,1.61,35.35,40.53,47.77,51.41,53.09,0,,,40.53,,0,,0,,,,,
2020-01-01,42.92,43.52,42.68,42.92,12283581,54.67,41.84,1.55,35.59,40.6,47.37,49.83,51.41,0,,,40.6,,0,,0,,,,,
2020-01-02,43.17,45.24,42.92,44.8,24677041,54.54,41.84,1.61,45.63,41.77,47.03,49.54,49.83,0,,,41.77,,0,,0,,,,,
2020-01-03,44.8,45.05,43.71,44.01,10859861,54.39,41.84,1.59,42.62,41.27,46.67,48.45,49.54,0,,,41.27,,0,,0,,,,,
2020-01-06,43.66,43.81,41.84,42.09,12626606,54.2,41.84,1.63,36.35,40.01,46.23,46.72,48.45,0,,,40.01,,0,,0,,,,,
2020-01-07,42.53,43.42,42.14,42.83,13321218,54.02,41.84,1.61,40.01,40.5,45.81,46.18,46.72,0,,,40.5,,0,,0,,,,,
2020-01-08,41.94,42.78,41.94,42.63,11199141,53.85,41.84,1.56,39.35,40.41,45.47,46.18,46.18,0,,,40.41,,0,,0,,,,,
2020-01-09,43.42,44.5,43.02,44.31,16119627,53.69,41.84,1.58,47.22,41.47,45.19,46.18,46.18,0,,,41.47,,0,,0,,,,,
2020-01-10,44.5,44.9,43.81,44.16,10521165,53.53,41.84,1.54,46.64,41.4,44.88,46.18,46.18,0,,,41.4,,0,,0,,,,,
2020-01-13,44.4,45.93,44.16,45.44,17317084,53.37,41.84,1.56,52.06,42.22,44.64,46.18,46.18,0,,,42.22,,0,,0,,,,,
2020-01-14,45.79,46.03,44.8,45.34,11899391,53.22,41.84,1.54,51.62,42.17,44.47,46.03,46.18,0,,,42.17,,0,,0,,,,,
2020-01-15,45.24,46.38,44.85,46.23,10739845,53.09,41.84,1.54,55.26,42.74,44.37,46.38,46.03,0,,,42.74,,0,,0,,,,,
2020-01-16,46.82,47.12,45.79,45.93,14205313,52.95,41.84,1.52,53.79,42.56,44.26,47.12,46.38,0,,,42.56,,0,,0,,,,,
2020-01-17,45.98,46.48,45.44,45.59,8424298,52.82,41.84,1.49,52.1,42.36,44.17,47.12,47.12,0,,,42.36,,0,,0,,,,,
2020-01-20,45.69,45.93,44.11,44.36,12234865,52.67,41.84,1.51,46.42,41.55,44.12,47.12,47.12,0,,,41.55,,0,,0,,,,,
2020-01-21,44.4,44.85,42.63,42.83,24323645,52.51,41.84,1.56,40.51,40.53,44.03,47.12,47.12,0,,,40.53,,0,,0,,,,,
2020-01-22,43.07,43.22,42.48,42.88,16583634,52.36,41.84,1.5,40.77,40.6,43.99,47.12,47.12,0,,,40.6,,0,,0,,,,,
2020-01-23,42.88,43.42,42.73,42.88,14871754,52.2,41.84,1.44,40.77,40.64,43.97,47.12,47.12,0,,,40.64,,0,,0,,,,,
2020-01-24,42.92,44.6,42.83,44.4,27348156,52.06,41.84,1.47,48.83,41.61,43.96,47.12,47.12,0,,,41.61,,0,,0,,,,,
2020-01-27,44.11,44.36,43.22,43.37,13164355,51.91,41.94,1.45,44.42,40.99,43.87,47.12,47.12,0,,,40.99,,0,,0,,,,,
2020-01-28,43.37,43.86,42.48,42.73,11310748,51.76,41.94,1.44,41.89,40.58,43.8,47.12,47.12,0,,,40.58,,0,,0,,,,,
2020-01-29,43.12,44.5,43.02,43.96,15586751,51.6,42.48,1.47,48.02,41.54,43.75,47.12,47.12,0,,,41.54,,0,,0,,,,,
2020-01-30,44.06,44.06,42.63,43.47,14992301,51.43,42.48,1.46,45.94,41.22,43.71,47.12,47.12,0,,,41.22,,0,,0,,,,,
2020-01-31,43.86,44.01,41.49,42.18,14087306,51.24,41.49,1.54,40.92,40.01,43.66,47.12,47.12,0,,,40.01,,0,,0,,,,,
2020-02-03,39.37,40.01,38.29,38.93,20417630,51.02,38.29,1.71,31.56,36.74,43.48,47.12,47.12,0,,,36.74,,0,,0,,,,,
2020-02-04,39.27,39.67,38.83,39.42,13225776,50.8,38.29,1.64,34.01,37.09,43.34,47.12,47.12,0,,,37.09,,0,,0,,,,,
2020-02-05,39.47,39.96,38.73,39.08,23954561,50.58,38.29,1.62,33.12,36.89,43.22,47.12,47.12,0,,,36.89,,0,,0,,,,,
2020-02-06,39.42,39.67,38.93,39.03,16156110,50.38,38.29,1.55,32.98,36.9,43.12,47.12,47.12,0,,,36.9,,0,,0,,,,,
2020-02-07,39.22,39.77,38.68,39.27,16682125,50.17,38.29,1.52,34.38,37.08,43.01,47.12,47.12,0,,,37.08,,0,,0,,,,,
2020-02-10,39.22,39.27,37.4,37.74,21400298,49.96,37.4,1.54,30.08,35.78,42.86,47.12,47.12,0,,,35.78,,0,,0,,,,,
2020-02-11,38.09,38.58,37.74,38.04,20338186,49.74,37.4,1.49,31.88,36.01,42.7,47.12,47.12,0,,,36.01,,0,,0,,,,,
2020-02-12,37.3,37.69,35.33,35.87,51223154,49.51,35.33,1.58,26.56,33.86,42.46,47.12,47.12,0,,,33.86,,0,,0,,,,,
2020-02-13,36.36,36.86,35.77,36.56,20159277,49.3,35.33,1.55,30.53,34.33,42.19,46.48,47.12,0,,,34.33,,0,,0,,,,,
2020-02-14,36.71,36.91,35.52,35.72,20464164,49.11,35.33,1.53,28.51,33.79,41.91,45.93,46.48,0,,,33.79,,0,,0,,,,,
2020-02-17,35.72,35.92,34.29,34.39,21604096,48.91,34.29,1.54,25.62,32.58,41.65,44.85,45.93,0,,,32.58,,0,,0,,,,,
2020-02-18,33.85,34.44,32.96,34.24,34528421,48.71,32.96,1.54,25.31,32.05,41.37,44.6,44.85,0,,,32.05,,0,,0,,,,,
2020-02-19,34.24,35.13,33.75,34.93,18802594,48.52,32.96,1.53,29.55,32.5,41.11,44.6,44.6,0,,,32.5,,0,,0,,,,,
2020-02-20,34.93,35.43,34.44,34.64,15578115,48.34,32.96,1.49,28.81,32.34,40.79,44.6,44.6,0,,,32.34,,0,,0,,,,,
2020-02-24,33.85,34.29,33.25,33.45,13344620,48.15,32.96,1.48,25.94,31.57,40.43,44.5,44.6,0,,,31.57,,0,,0,,,,,
2020-02-25,33.3,34.04,33.21,33.45,13587843,47.95,32.96,1.43,25.94,31.61,40.03,44.5,44.5,0,,,31.61,,0,,0,,,,,
2020-02-26,33.16,33.5,32.66,32.81,13462112,47.76,32.66,1.39,24.42,31.12,39.61,44.5,44.5,0,,,31.12,,0,,0,,,,,
2020-02-27,32.81,32.91,31.63,32.17,18665991,47.56,31.63,1.38,22.97,30.37,39.14,44.06,44.5,0,,,30.37,,0,,0,,,,,
2020-02-28,31.28,31.28,29.9,30.2,21837210,47.36,29.9,1.45,19.19,28.48,38.62,44.01,44.06,0,,,28.48,,0,,0,,,,,
2020-03-02,30.69,31.28,28.67,29.16,23026620,47.14,28.67,1.53,17.55,27.34,38.07,40.01,44.01,0,,,27.34,,0,,0,,,,,
2020-03-03,29.6,30.94,29.46,30.59,20595361,46.93,28.67,1.55,26.81,28.26,37.61,39.96,40.01,0,,,28.26,,0,,0,,,,,
2020-03-04,30.69,30.79,29.46,30.24,18105957,46.74,28.67,1.53,26.04,28.04,37.19,39.96,39.96,0,,,28.04,,0,,0,,,,,
2020-03-05,30.49,30.98,29.55,30.29,20609801,46.55,28.67,1.53,26.37,28.08,36.77,39.77,39.96,0,,,28.08,,0,,0,,,,,
2020-03-06,29.31,29.31,28.57,29.16,16052493,46.35,28.57,1.54,23.82,27.31,36.32,39.77,39.77,0,,,27.31,,0,,0,,,,,
2020-03-09,28.42,28.47,26.69,26.84,21890315,46.15,26.69,1.61,19.62,25.14,35.73,39.27,39.77,0,,,25.14,,0,,0,,,,,
2020-03-11,27.09,28.32,26.84,27.19,30448084,45.96,26.69,1.6,21.85,25.37,35.19,38.58,39.27,0,,,25.37,,0,,0,,,,,
2020-03-12,25.66,26.25,23.68,23.83,35581815,45.74,23.68,1.73,16.97,22.11,34.56,37.69,38.58,0,,,22.11,,0,,0,,,,,
2020-03-13,21.91,26.05,18.16,25.61,39258475,45.54,18.16,2.17,26.36,21.12,33.95,36.91,37.69,0,,,21.12,,0,,0,,,,,
2020-03-16,24.03,25.41,22.99,23.39,26300859,45.33,18.16,2.2,22.88,19.67,33.28,36.91,36.91,0,,,19.67,,0,,0,,,,,
2020-03-17,23.73,25.01,22.7,22.89,23765865,45.12,18.16,2.21,22.17,19.34,32.64,35.92,36.91,0,,,19.34,,0,,0,,,,,
2020-03-18,23.24,24.08,22.1,23.04,27058510,44.91,18.16,2.2,22.95,19.45,32.11,35.43,35.92,0,,,19.45,,0,,0,,,,,
2020-03-19,22.15,23.29,21.51,22.2,27935085,44.69,18.16,2.17,21.65,18.93,31.53,35.43,35.43,0,,,18.93,,0,,0,,,,,
2020-03-20,22.65,23.63,21.76,23.14,41569603,44.47,18.16,2.15,26.64,19.55,31.0,35.43,35.43,0,,,19.55,,0,,0,,,,,
2020-03-23,21.22,21.46,19.78,19.88,15468456,44.23,18.16,2.23,21.52,17.39,30.36,34.29,35.43,0,,,17.39,,0,,0,,,,,
2020-03-24,20.72,20.97,19.24,19.74,20665278,44.04,18.16,2.2,21.33,17.32,29.71,34.04,34.29,0,,,17.32,,0,,0,,,,,
2020-03-25,19.74,19.93,18.9,19.59,14159048,43.84,18.16,2.11,21.12,17.28,29.11,33.5,34.04,0,,,17.28,,0,,0,,,,,
2020-03-26,19.78,20.82,19.19,20.33,18641891,43.65,18.16,2.08,25.12,17.78,28.52,32.91,33.5,0,,,17.78,,0,,0,,,,,
2020-03-27,21.12,21.61,19.88,20.08,22363767,43.45,18.16,2.05,24.66,17.64,27.99,31.28,32.91,0,,,17.64,,0,,0,,,,,
2020-03-30,19.98,20.33,19.39,19.93,13042664,43.26,18.16,1.97,24.38,17.59,27.44,31.28,31.28,0,,,17.59,,0,,0,,,,,
2020-03-31,20.43,20.87,19.93,20.52,20143889,43.09,18.16,1.9,27.91,18.02,26.93,30.98,31.28,0,,,18.02,,0,,0,,,,,
2020-04-01,20.38,20.92,20.13,20.43,15999704,42.92,18.16,1.82,27.7,18.02,26.47,30.98,30.98,0,,,18.02,,0,,0,,,,,
2020-04-03,20.87,20.92,20.13,20.38,14723818,42.74,18.16,1.75,27.58,18.03,26.0,30.98,30.98,0,,,18.03,,0,,0,,,,,
2020-04-07,20.77,21.17,20.57,21.02,18389888,42.56,18.9,1.68,31.84,18.74,25.54,29.31,30.98,0,,,18.74,,0,,0,,,,,
2020-04-08,20.92,22.35,20.67,20.97,28424361,42.36,18.9,1.68,31.68,18.71,25.08,28.47,29.31,0,,,18.71,,0,,0,,,,,
2020-04-09,21.36,22.35,21.12,22.05,28487889,42.18,18.9,1.66,38.71,19.42,24.7,28.32,28.47,0,,,19.42,,0,,0,,,,,
2020-04-13,22.84,23.04,21.56,21.71,36316250,42.0,18.9,1.64,37.41,19.21,24.31,26.25,28.32,0,,,19.21,,0,,0,,,,,
2020-04-15,22.05,22.84,21.02,21.17,40178021,41.82,18.9,1.66,35.37,18.85,23.92,26.05,26.25,0,,,18.85,,0,,0,,,,,
2020-04-16,21.17,21.61,20.87,21.41,27540736,41.64,18.9,1.59,37.01,19.05,23.57,25.41,26.05,0,,,19.05,,0,,0,,,,,
2020-04-17,22.3,22.3,21.22,21.56,29739937,41.46,18.9,1.56,38.07,19.17,23.28,25.01,25.41,0,,,19.17,,0,,0,,,,,
2020-04-20,21.71,22.84,21.31,22.25,53220401,41.28,18.9,1.55,42.83,19.62,23.05,24.08,25.01,0,,,19.62,,0,,0,,,,,
2020-04-21,21.96,21.96,21.27,21.41,23711207,41.09,19.19,1.51,38.91,19.2,22.74,23.63,24.08,0,,,19.2,,0,,0,,,,,
2020-04-22,21.31,21.56,20.62,21.07,24357462,40.9,19.39,1.47,37.42,19.07,22.44,23.63,23.63,0,,,19.07,,0,,0,,,,,
2020-04-23,21.31,21.56,20.92,21.12,19335932,40.7,19.39,1.41,37.79,19.14,22.13,23.04,23.63,0,,,19.14,,0,,0,,,,,
2020-04-24,20.82,21.12,20.33,20.38,20109013,40.5,19.93,1.37,34.47,18.88,21.84,23.04,23.04,0,,,18.88,,0,,0,,,,,
2020-04-27,20.67,20.67,20.13,20.38,16346387,40.3,20.13,1.31,34.47,18.98,21.62,23.04,23.04,0,,,18.98,,0,,0,,,,,
2020-04-28,20.48,20.87,20.38,20.67,15589273,40.1,20.13,1.25,36.99,19.21,21.41,23.04,23.04,0,,,19.21,,0,,0,,,,,
2020-04-29,20.72,21.07,20.57,20.67,19732006,39.92,20.13,1.2,36.99,19.24,21.3,23.04,23.04,0,,,19.24,,0,,0,,,,,
2020-04-30,21.02,22.6,20.87,22.15,56260375,39.75,20.13,1.25,48.66,20.16,21.18,23.04,23.04,0,,,20.16,,0,,0,,,,,
2020-05-04,21.41,24.52,20.62,23.19,145551259,39.59,20.13,1.44,54.97,20.71,21.18,24.52,23.04,0,,,20.71,,0,,0,,,,,
2020-05-05,24.32,24.32,22.3,22.6,93115983,39.41,20.13,1.48,51.13,20.3,21.17,24.52,24.52,0,,,20.3,,0,,0,,,,,
2020-05-06,22.75,23.09,22.45,22.7,48709097,39.22,20.13,1.42,51.75,20.4,21.16,24.52,24.52,0,,,20.4,,0,,0,,,,,
2020-05-07,22.6,22.99,22.45,22.75,52075536,39.03,20.13,1.36,52.07,20.48,21.18,24.52,24.52,0,,,20.48,,0,,0,,,,,
2020-05-08,23.04,23.19,21.51,21.91,43617415,38.85,20.13,1.38,46.42,19.92,21.13,24.52,24.52,0,,,19.92,,0,,0,,,,,
2020-05-11,22.25,22.7,21.81,22.25,28659570,38.65,20.13,1.35,48.84,20.16,21.21,24.52,24.52,0,,,20.16,,0,,0,,,,,
2020-05-12,22.1,22.1,21.12,21.22,42068689,38.47,20.13,1.33,42.56,19.51,21.26,24.52,24.52,0,,,19.51,,0,,0,,,,,
2020-05-13,22.79,26.79,21.86,26.25,309684441,38.32,20.13,1.63,65.73,22.55,21.48,26.79,24.52,0,,,22.55,,0,,0,,,,,
2020-05-14,26.54,28.86,24.67,27.09,247689523,38.2,20.13,1.82,68.04,22.97,21.71,28.86,26.79,0,,,22.97,,0,,0,,,,,
2020-05-15,27.14,27.88,26.64,26.94,88420870,38.07,20.13,1.77,67.17,22.9,21.94,28.86,28.86,0,,,22.9,,0,,0,,,,,
2020-05-18,27.33,28.07,25.51,25.71,90733008,37.93,20.13,1.83,60.33,22.07,22.13,28.86,28.86,0,,,22.07,,0,,0,,,,,
2020-05-19,26.05,26.2,24.97,25.06,50207014,37.82,20.38,1.79,57.03,21.77,22.28,28.86,28.86,0,,,21.77,,0,,0,,,,,
2020-05-20,24.77,26.25,24.67,25.61,59552678,37.7,20.57,1.77,59.07,22.19,22.46,28.86,28.86,0,,,22.19,,0,,0,,,,,
2020-05-21,25.66,25.9,24.97,25.21,42185317,37.59,20.62,1.71,56.95,21.99,22.62,28.86,28.86,0,,,21.99,,0,,0,,,,,
2020-05-22,25.06,25.21,23.83,24.23,43983000,37.47,20.62,1.69,52.02,21.38,22.72,28.86,28.86,0,,,21.38,,0,,0,,,,,
2020-05-26,24.67,25.11,24.03,24.52,41215567,37.35,21.12,1.65,53.31,21.76,22.84,28.86,28.86,0,,,21.76,,0,,0,,,,,
2020-05-27,24.92,25.01,24.42,24.87,38437471,37.23,21.12,1.57,54.88,22.03,22.94,28.86,28.86,0,,,22.03,,0,,0,,,,,
2020-05-28,25.06,26.89,24.82,26.49,99108821,37.13,21.12,1.61,61.37,23.06,23.09,28.86,28.86,0,,,23.06,,0,,0,,,,,
2020-05-29,26.45,28.07,25.8,27.63,105110971,37.03,21.12,1.65,65.17,23.76,23.31,28.86,28.86,0,,,23.76,,0,,0,,,,,
2020-06-01,28.02,28.62,27.33,27.63,55551873,36.85,21.12,1.63,65.17,23.78,23.52,28.86,28.86,0,,,23.78,,0,,0,,,,,
2020-06-02,27.83,28.17,27.09,27.63,40754934,36.7,21.12,1.59,65.17,23.8,23.72,28.86,28.86,0,,,23.8,,0,,0,,,,,
2020-06-03,27.83,28.37,27.04,27.33,48884133,36.52,21.86,1.57,63.13,23.87,23.89,28.86,28.86,0,,,23.87,,0,,0,,,,,
2020-06-04,27.53,27.68,26.05,26.45,48000538,36.36,23.83,1.57,57.45,23.95,24.06,28.86,28.86,0,,,23.95,,0,,0,,,,,
2020-06-05,26.64,27.58,26.54,27.38,50338792,36.21,23.83,1.54,61.4,24.58,24.27,28.86,28.86,0,,,24.58,,0,,0,,,,,
2020-06-08,28.17,28.37,27.19,27.58,51859308,36.05,23.83,1.52,62.21,24.72,24.48,28.86,28.86,0,,,24.72,,0,,0,,,,,
2020-06-09,27.88,31.03,27.43,30.24,157992928,35.9,23.83,1.67,70.97,26.34,24.81,31.03,28.86,0,,,26.34,,0,,0,,,,,
2020-06-10,31.08,31.97,30.15,30.89,136015328,35.72,23.83,1.68,72.64,26.75,25.16,31.97,31.03,0,,,26.75,,0,,0,,,,,
2020-06-11,30.39,31.87,29.36,29.6,79479200,35.54,23.83,1.74,64.69,25.88,25.46,31.97,31.97,0,,,25.88,,0,,0,,,,,
2020-06-12,28.02,31.38,27.88,30.98,73158497,35.38,23.83,1.86,68.64,26.68,25.8,31.97,31.97,0,,,26.68,,0,,0,,,,,
2020-06-15,28.86,30.2,28.12,28.72,103034367,35.2,24.03,1.93,57.33,25.25,26.02,31.97,31.97,0,,,25.25,,0,,0,,,,,
2020-06-16,29.5,29.6,27.24,27.98,62614476,35.02,24.42,1.96,54.18,24.88,26.18,31.97,31.97,0,,,24.88,,0,,0,,,,,
2020-06-17,27.93,28.27,26.99,27.09,69099047,34.83,24.82,1.91,50.58,24.47,26.33,31.97,31.97,0,,,24.47,,0,,0,,,,,
2020-06-18,28.27,31.72,28.12,31.33,250945739,34.67,25.8,2.11,63.14,27.4,26.62,31.97,31.97,0,,,27.4,,0,,0,,,,,
2020-06-19,32.22,32.56,31.33,32.02,101028508,34.53,26.05,2.05,64.71,27.97,26.93,32.56,31.97,0,,,27.97,,0,,0,,,,,
2020-06-22,32.51,34.44,31.82,33.21,91763294,34.38,26.05,2.09,67.3,28.71,27.3,34.44,32.56,0,,,28.71,,0,,0,,,,,
2020-06-23,33.65,34.93,33.25,34.44,91398846,34.25,26.05,2.06,69.77,29.52,27.71,34.93,34.44,0,,,29.52,,0,,0,,,,,
2020-06-24,35.52,39.27,35.13,35.87,215400090,34.13,26.05,2.26,72.38,30.31,28.2,39.27,34.93,1,35.87,30.31,30.31,30.31,1,2020-06-24,0,,,32,,
2020-06-25,35.82,37.99,35.08,37.35,144564546,34.03,26.54,2.31,74.81,31.4,28.57,39.27,39.27,0,,,31.4,31.4,1,2020-06-24,0,,,32,,
2020-06-26,38.19,38.19,36.02,36.41,90479816,33.91,26.99,2.3,70.57,30.95,28.88,39.27,39.27,0,,,30.95,31.4,1,2020-06-24,0,,,32,,
2020-06-29,35.72,36.31,34.88,35.28,46339601,33.78,26.99,2.24,65.75,30.26,29.16,39.27,39.27,0,,,30.26,31.4,1,2020-06-24,0,,,32,,
2020-06-30,36.12,37.3,34.54,35.23,81189594,33.65,26.99,2.28,65.53,30.2,29.48,39.27,39.27,0,,,30.2,31.4,1,2020-06-24,0,,,32,,
2020-07-01,35.82,36.21,34.93,35.57,47292064,33.52,26.99,2.21,66.33,30.47,29.83,39.27,39.27,0,,,30.47,31.4,1,2020-06-24,0,,,32,,
2020-07-02,36.51,36.66,35.92,36.21,38221106,33.4,26.99,2.13,67.85,30.93,30.18,39.27,39.27,0,,,30.93,31.4,1,2020-06-24,0,,,32,,
2020-07-03,36.51,38.48,36.17,38.14,144291268,33.28,26.99,2.14,71.94,32.17,30.61,39.27,39.27,0,,,32.17,32.17,1,2020-06-24,0,,,32,,
2020-07-06,38.53,43.81,38.29,42.97,253712372,33.22,26.99,2.39,79.11,35.12,31.23,43.81,39.27,1,42.97,35.12,35.12,35.12,1,2020-06-24,0,,,32,,
2020-07-07,43.17,43.52,41.64,41.99,111716827,33.14,26.99,2.36,74.93,34.51,31.82,43.81,43.81,0,,,34.51,35.12,1,2020-06-24,0,,,32,,
2020-07-08,41.94,42.48,40.46,40.7,62357476,33.06,28.12,2.33,69.7,34.07,32.34,43.81,43.81,0,,,34.07,35.12,1,2020-06-24,0,,,32,,
2020-07-09,41.25,42.53,40.7,41.49,58888933,32.99,31.33,2.3,71.04,35.67,32.84,43.81,43.81,0,,,35.67,35.67,1,2020-06-24,0,,,32,,
2020-07-10,41.59,41.89,40.61,40.85,34700995,32.92,31.82,2.22,68.41,35.47,33.29,43.81,43.81,0,,,35.47,35.67,1,2020-06-24,0,,,32,,
2020-07-13,41.89,42.43,41.25,42.04,44799983,32.87,33.25,2.18,70.59,36.75,33.77,43.81,43.81,0,,,36.75,36.75,1,2020-06-24,0,,,32,,
2020-07-14,41.4,41.4,37.99,38.39,126699442,32.8,34.54,2.31,57.5,34.73,34.12,43.81,43.81,0,,,34.73,36.75,1,2020-06-24,0,,,32,,
2020-07-15,38.98,39.37,35.87,36.31,68980710,32.72,34.54,2.4,51.63,33.34,34.42,43.81,43.81,0,,,33.34,36.75,1,2020-06-24,1,36.75,TRAILING_STOP,32,16,2.45
2020-07-16,37.0,37.65,35.67,36.41,68663539,32.66,34.54,2.37,51.88,33.42,34.76,43.81,43.81,0,,,33.42,,0,,0,,,,,
2020-07-17,36.41,38.63,36.31,37.84,78864096,32.61,34.54,2.36,55.49,34.34,35.1,43.81,43.81,0,,,34.34,,0,,0,,,,,
2020-07-20,38.24,38.53,37.3,37.5,27201922,32.56,34.54,2.28,54.44,34.18,35.44,43.81,43.81,0,,,34.18,,0,,0,,,,,
2020-07-21,37.99,38.09,37.2,37.5,24120376,32.52,34.93,2.18,54.44,34.38,35.68,43.81,43.81,0,,,34.38,,0,,0,,,,,
2020-07-22,37.79,38.43,37.0,37.5,39542598,32.47,35.67,2.13,54.44,34.66,35.9,43.81,43.81,0,,,34.66,,0,,0,,,,,
2020-07-23,37.4,37.79,37.1,37.2,14881157,32.42,35.67,2.03,53.34,34.53,36.15,43.81,43.81,0,,,34.53,,0,,0,,,,,
2020-07-24,36.91,37.2,36.12,36.41,20980042,32.36,35.67,1.96,50.43,34.07,36.33,43.81,43.81,0,,,34.07,,0,,0,,,,,
2020-07-27,36.41,36.41,35.33,35.72,25408696,32.29,35.33,1.9,47.97,33.55,36.57,43.81,43.81,0,,,33.55,,0,,0,,,,,
2020-07-28,35.62,37.2,35.43,36.95,37075100,32.24,35.33,1.89,52.42,34.35,36.86,43.81,43.81,0,,,34.35,,0,,0,,,,,
2020-07-29,36.91,39.57,36.86,37.94,99005391,32.2,35.33,1.95,55.71,34.95,37.23,43.81,43.81,0,,,34.95,,0,,0,,,,,
2020-07-30,38.29,38.48,35.97,36.31,48846295,32.15,35.33,1.99,49.63,33.87,37.39,43.81,43.81,0,,,33.87,,0,,0,,,,,
2020-07-31,36.31,36.46,35.28,35.47,37100469,32.1,35.28,1.93,46.8,33.35,37.51,43.81,43.81,0,,,33.35,,0,,0,,,,,
2020-08-03,35.67,36.36,35.23,35.72,34937296,32.05,35.23,1.87,47.75,33.54,37.59,43.52,43.81,0,,,33.54,,0,,0,,,,,
2020-08-04,35.97,36.95,35.52,36.17,34061980,32.01,35.23,1.84,49.51,33.85,37.65,42.53,43.52,0,,,33.85,,0,,0,,,,,
2020-08-05,36.36,36.66,35.97,36.21,19603899,31.97,35.23,1.76,49.67,33.93,37.66,42.53,42.53,0,,,33.93,,0,,0,,,,,
2020-08-06,36.26,36.56,35.03,35.23,37611238,31.92,35.03,1.74,45.79,33.24,37.59,42.43,42.53,0,,,33.24,,0,,0,,,,,
2020-08-07,34.93,35.08,34.29,34.78,33940209,31.87,34.29,1.68,44.09,32.74,37.53,42.43,42.43,0,,,32.74,,0,,0,,,,,
2020-08-10,35.52,37.15,35.38,35.77,60884632,31.82,34.29,1.73,48.62,33.35,37.55,41.4,42.43,0,,,33.35,,0,,0,,,,,
2020-08-11,36.12,36.26,35.13,35.28,38272571,31.76,34.29,1.69,46.61,33.06,37.55,39.57,41.4,0,,,33.06,,0,,0,,,,,
2020-08-12,35.72,36.17,35.43,35.57,51044859,31.7,34.29,1.63,47.98,33.28,37.55,39.57,39.57,0,,,33.28,,0,,0,,,,,
2020-08-13,36.02,39.03,35.72,38.43,128231852,31.68,34.29,1.76,59.13,35.04,37.63,39.57,39.57,0,,,35.04,,0,,0,,,,,
2020-08-14,38.68,38.93,36.21,36.86,51951333,31.64,34.29,1.83,52.48,33.98,37.58,39.57,39.57,0,,,33.98,,0,,0,,,,,
2020-08-17,37.4,37.4,36.21,36.51,20972682,31.6,34.29,1.79,51.1,33.79,37.37,39.57,39.57,0,,,33.79,,0,,0,,,,,
2020-08-18,36.71,37.2,36.61,36.95,15728683,31.55,34.29,1.71,52.78,34.12,37.2,39.57,39.57,0,,,34.12,,0,,0,,,,,
2020-08-19,37.25,38.14,37.2,37.5,30237082,31.5,34.29,1.67,54.87,34.5,37.09,39.57,39.57,0,,,34.5,,0,,0,,,,,
2020-08-20,37.05,39.18,36.71,37.99,52180373,31.45,34.29,1.73,56.71,34.78,36.98,39.57,39.57,0,,,34.78,,0,,0,,,,,
2020-08-21,38.93,41.4,38.68,40.11,179881928,31.42,34.29,1.85,63.61,36.07,36.95,41.4,39.57,1,40.11,36.07,36.07,36.07,1,2020-08-21,0,,,33,,
2020-08-24,40.95,41.84,40.11,40.36,47777042,31.38,34.29,1.84,64.33,36.24,36.9,41.84,41.4,0,,,36.24,36.24,1,2020-08-21,0,,,33,,
2020-08-25,40.46,40.61,39.08,39.47,35938488,31.33,34.29,1.82,59.78,35.68,36.93,41.84,41.84,0,,,35.68,36.24,1,2020-08-21,0,,,33,,
2020-08-26,39.47,40.06,38.88,39.42,35170066,31.29,34.29,1.77,59.53,35.67,37.04,41.84,41.84,0,,,35.67,36.24,1,2020-08-21,0,,,33,,
2020-08-27,39.47,40.36,38.53,38.68,56210754,31.26,34.29,1.78,55.74,35.19,37.11,41.84,41.84,0,,,35.19,36.24,1,2020-08-21,0,,,33,,
2020-08-28,39.72,41.54,39.57,41.1,133646824,31.24,35.13,1.85,63.84,36.98,37.22,41.84,41.84,0,,,36.98,36.98,1,2020-08-21,0,,,33,,
2020-08-31,41.49,41.89,37.5,38.04,108963300,31.21,35.13,2.03,51.11,34.89,37.24,41.89,41.84,0,,,34.89,36.98,1,2020-08-21,0,,,33,,
2020-09-01,38.48,39.03,36.86,38.04,53806439,31.18,35.43,2.04,51.11,34.98,37.26,41.89,41.89,0,,,34.98,36.98,1,2020-08-21,1,36.98,TRAILING_STOP,33,8,-7.79
2020-09-02,38.39,38.88,37.55,38.63,39483515,31.14,35.72,1.99,53.2,35.49,37.29,41.89,41.89,0,,,35.49,,0,,0,,,,,
2020-09-03,38.63,39.87,38.24,39.47,44237336,31.12,36.21,1.97,56.07,36.22,37.37,41.89,41.89,0,,,36.22,,0,,0,,,,,
2020-09-04,38.43,39.32,37.99,38.19,50939480,31.08,36.21,1.93,50.94,35.41,37.43,41.89,41.89,0,,,35.41,,0,,0,,,,,
2020-09-07,38.43,38.63,37.65,37.94,19331457,31.04,36.61,1.86,49.97,35.43,37.5,41.89,41.89,0,,,35.43,,0,,0,,,,,
2020-09-08,37.84,38.29,36.51,37.0,21977011,31.0,36.51,1.86,46.42,34.8,37.5,41.89,41.89,0,,,34.8,,0,,0,,,,,
2020-09-09,36.61,36.71,35.13,36.02,36060255,30.96,35.13,1.86,42.99,33.7,37.44,41.89,41.89,0,,,33.7,,0,,0,,,,,
2020-09-10,36.51,36.81,35.87,36.56,18326939,30.94,35.13,1.79,45.38,34.1,37.45,41.89,41.89,0,,,34.1,,0,,0,,,,,
2020-09-11,36.86,37.35,36.51,36.61,18819257,30.93,35.13,1.73,45.61,34.17,37.49,41.89,41.89,0,,,34.17,,0,,0,,,,,
2020-09-14,35.72,36.95,35.52,35.77,37783051,30.9,35.13,1.7,42.41,33.65,37.49,41.89,41.89,0,,,33.65,,0,,0,,,,,
2020-09-15,36.17,36.17,35.23,35.47,30178571,30.88,35.13,1.65,41.3,33.49,37.47,41.89,41.89,0,,,33.49,,0,,0,,,,,
2020-09-16,35.67,35.67,35.08,35.18,21572296,30.85,35.08,1.57,40.2,33.34,37.43,41.89,41.89,0,,,33.34,,0,,0,,,,,
2020-09-17,35.18,35.23,34.54,34.69,19961461,30.83,34.54,1.51,38.34,32.88,37.41,41.89,41.89,0,,,32.88,,0,,0,,,,,
2020-09-18,35.03,35.28,34.04,34.19,29035181,30.81,34.04,1.49,36.48,32.4,37.39,41.89,41.89,0,,,32.4,,0,,0,,,,,
2020-09-21,34.04,35.08,33.55,33.8,39228186,30.79,33.55,1.49,35.06,31.99,37.33,41.89,41.89,0,,,31.99,,0,,0,,,,,
2020-09-22,34.04,34.09,31.87,32.17,52745087,30.76,31.87,1.55,29.82,30.34,37.22,41.89,41.89,0,,,30.34,,0,,0,,,,,
2020-09-23,32.66,32.86,30.49,31.08,35786278,30.73,30.49,1.61,26.93,29.14,37.07,41.89,41.89,0,,,29.14,,0,,0,,,,,
2020-09-24,30.39,30.54,29.16,29.46,40194059,30.7,29.16,1.63,23.3,27.64,36.78,41.89,41.89,0,,,27.64,,0,,0,,,,,
2020-09-25,29.6,30.05,28.47,29.75,57967582,30.67,28.47,1.62,25.24,27.6,36.54,41.89,41.89,0,,,27.6,,0,,0,,,,,
2020-09-28,30.44,31.82,30.1,31.38,56524500,30.65,28.47,1.66,35.16,28.63,36.37,39.87,41.89,0,,,28.63,,0,,0,,,,,
2020-09-29,31.82,31.92,29.7,29.85,57724724,30.61,28.47,1.7,31.0,27.61,36.13,39.87,39.87,0,,,27.61,,0,,0,,,,,
2020-09-30,29.9,30.05,28.81,28.86,36272660,30.58,28.47,1.66,28.64,27.0,35.84,39.87,39.87,0,,,27.0,,0,,0,,,,,
2020-10-01,29.31,29.5,28.81,29.21,29778644,30.56,28.47,1.59,30.65,27.27,35.55,39.32,39.87,0,,,27.27,,0,,0,,,,,
2020-10-05,29.31,29.6,29.01,29.16,17900218,30.53,28.47,1.52,30.52,27.28,35.18,38.63,39.32,0,,,27.28,,0,,0,,,,,
2020-10-06,29.31,29.41,28.76,28.96,23682155,30.51,28.47,1.46,29.96,27.2,34.8,38.29,38.63,0,,,27.2,,0,,0,,,,,
2020-10-07,28.96,29.01,27.88,28.02,23694997,30.5,27.88,1.44,27.43,26.41,34.42,37.35,38.29,0,,,26.41,,0,,0,,,,,
2020-10-08,28.07,29.11,28.07,28.86,20247543,30.49,27.88,1.41,32.89,26.97,34.07,37.35,37.35,0,,,26.97,,0,,0,,,,,
2020-10-09,29.06,29.06,28.52,28.72,15014180,30.48,27.88,1.35,32.45,26.92,33.74,37.35,37.35,0,,,26.92,,0,,0,,,,,
2020-10-12,29.01,29.01,28.07,28.22,11148456,30.47,27.88,1.32,30.87,26.62,33.31,36.95,37.35,0,,,26.62,,0,,0,,,,,
2020-10-13,28.12,28.27,27.78,27.93,9177795,30.45,27.78,1.26,29.96,26.43,32.97,36.17,36.95,0,,,26.43,,0,,0,,,,,
2020-10-14,27.63,27.78,27.28,27.58,12692593,30.44,27.28,1.22,28.85,26.07,32.62,35.67,36.17,0,,,26.07,,0,,0,,,,,
2020-10-15,27.53,27.53,26.64,26.79,20436290,30.44,26.64,1.2,26.47,25.36,32.23,35.28,35.67,0,,,25.36,,0,,0,,,,,
2020-10-16,26.79,27.09,26.4,26.84,15812870,30.44,26.4,1.16,26.88,25.34,31.81,35.28,35.28,0,,,25.34,,0,,0,,,,,
2020-10-19,27.04,28.47,26.79,28.27,23091815,30.47,26.4,1.2,37.63,26.24,31.48,35.08,35.28,0,,,26.24,,0,,0,,,,,
2020-10-20,28.12,28.86,27.83,28.27,14933119,30.49,26.4,1.19,37.63,26.24,31.16,34.09,35.08,0,,,26.24,,0,,0,,,,,
2020-10-21,28.17,28.72,27.68,28.07,12447760,30.52,26.4,1.18,36.75,26.12,30.86,32.86,34.09,0,,,26.12,,0,,0,,,,,
2020-10-22,27.63,28.62,27.53,28.42,10834275,30.55,26.4,1.17,39.41,26.35,30.6,31.92,32.86,0,,,26.35,,0,,0,,,,,
2020-10-23,28.57,29.01,28.47,28.72,11960326,30.59,26.4,1.13,41.67,26.57,30.34,31.92,31.92,0,,,26.57,,0,,0,,,,,
2020-10-26,28.91,29.85,28.76,29.06,29967874,30.64,26.4,1.13,44.21,26.79,30.09,31.92,31.92,0,,,26.79,,0,,0,,,,,
2020-10-27,29.11,30.0,28.27,29.26,40575215,30.68,26.4,1.17,45.71,26.89,29.87,31.92,31.92,0,,,26.89,,0,,0,,,,,
2020-10-28,29.16,29.16,28.12,28.27,20260451,30.73,26.4,1.17,39.98,26.25,29.63,30.05,31.92,0,,,26.25,,0,,0,,,,,
2020-10-29,27.93,28.02,27.09,27.43,20793997,30.79,26.4,1.17,35.88,25.71,29.38,30.0,30.05,0,,,25.71,,0,,0,,,,,
2020-10-30,27.48,28.07,26.99,27.63,26886677,30.84,26.4,1.16,37.52,25.85,29.14,30.0,30.0,0,,,25.85,,0,,0,,,,,
2020-11-02,27.88,27.93,27.14,27.48,15607090,30.89,26.4,1.14,36.76,25.77,28.92,30.0,30.0,0,,,25.77,,0,,0,,,,,
2020-11-03,27.58,27.83,27.24,27.58,15116416,30.94,26.4,1.1,37.67,25.86,28.71,30.0,30.0,0,,,25.86,,0,,0,,,,,
2020-11-04,27.63,27.68,26.59,26.84,29425117,30.98,26.4,1.1,33.8,25.38,28.53,30.0,30.0,0,,,25.38,,0,,0,,,,,
2020-11-05,27.14,28.76,26.99,28.02,42148409,31.03,26.4,1.16,43.73,26.1,28.43,30.0,30.0,0,,,26.1,,0,,0,,,,,
2020-11-06,28.17,28.52,27.43,27.58,36124550,31.08,26.59,1.15,41.24,25.88,28.37,30.0,30.0,0,,,25.88,,0,,0,,,,,
2020-11-09,27.28,28.07,27.04,27.83,42337022,31.13,26.59,1.14,43.22,26.05,28.3,30.0,30.0,0,,,26.05,,0,,0,,,,,
2020-11-10,27.83,28.07,27.43,27.83,28467588,31.18,26.59,1.11,43.22,26.08,28.19,30.0,30.0,0,,,26.08,,0,,0,,,,,
2020-11-11,27.83,28.86,27.33,27.58,54098312,31.22,26.59,1.14,41.6,25.89,28.11,30.0,30.0,0,,,25.89,,0,,0,,,,,
2020-11-12,27.58,28.07,27.43,27.73,29213561,31.26,26.59,1.1,42.98,26.01,28.07,30.0,30.0,0,,,26.01,,0,,0,,,,,
2020-11-13,27.68,27.78,27.43,27.58,14725782,31.3,26.59,1.05,41.91,25.95,28.02,30.0,30.0,0,,,25.95,,0,,0,,,,,
2020-11-14,27.88,28.12,27.78,27.93,3771670,31.34,26.59,1.01,45.33,26.2,27.98,30.0,30.0,0,,,26.2,,0,,0,,,,,
2020-11-17,28.02,28.22,27.73,27.88,15666967,31.38,26.59,0.97,44.92,26.2,27.94,30.0,30.0,0,,,26.2,,0,,0,,,,,
2020-11-18,27.93,28.22,27.78,28.07,20946155,31.43,26.59,0.94,46.87,26.34,27.94,30.0,30.0,0,,,26.34,,0,,0,,,,,
2020-11-19,28.02,29.8,27.83,28.76,83753489,31.47,26.59,1.01,53.32,26.74,27.94,30.0,30.0,0,,,26.74,,0,,0,,,,,
2020-11-20,29.01,29.31,28.27,28.81,40480755,31.52,26.59,1.01,53.76,26.77,27.94,30.0,30.0,0,,,26.77,,0,,0,,,,,
2020-11-23,29.21,31.13,28.86,30.94,94909249,31.59,26.59,1.11,67.69,28.08,28.03,31.13,30.0,0,,,28.08,,0,,0,,,,,
2020-11-24,31.28,31.48,30.34,30.94,75427091,31.65,26.59,1.11,67.69,28.08,28.13,31.48,31.13,0,,,28.08,,0,,0,,,,,
2020-11-25,31.03,31.53,29.95,30.24,51698826,31.72,26.99,1.14,60.72,27.74,28.22,31.53,31.48,0,,,27.74,,0,,0,,,,,
2020-11-26,30.49,31.18,30.15,31.03,52388355,31.79,27.04,1.13,65.09,28.27,28.36,31.53,31.53,0,,,28.27,,0,,0,,,,,
2020-11-27,31.23,33.01,31.18,32.42,101747612,31.87,27.04,1.19,71.16,29.13,28.55,33.01,31.53,1,32.42,29.13,29.13,29.13,1,2020-11-27,0,,,34,,
2020-12-01,32.86,33.95,32.42,33.6,49680395,31.95,27.33,1.22,75.12,29.97,28.73,33.95,33.01,0,,,29.97,29.97,1,2020-11-27,0,,,34,,
2020-12-02,33.8,34.04,32.61,33.35,52877271,32.03,27.33,1.23,72.84,29.8,28.9,34.04,33.95,0,,,29.8,29.97,1,2020-11-27,0,,,34,,
2020-12-03,33.8,34.34,33.55,33.75,42090086,32.1,27.43,1.22,74.19,30.1,29.09,34.34,34.04,0,,,30.1,30.1,1,2020-11-27,0,,,34,,
2020-12-04,34.09,34.93,33.25,33.8,58177274,32.17,27.43,1.25,74.36,30.11,29.26,34.93,34.34,0,,,30.11,30.11,1,2020-11-27,0,,,34,,
2020-12-07,33.95,34.88,33.8,34.49,39793015,32.25,27.73,1.24,76.67,30.66,29.46,34.93,34.93,0,,,30.66,30.66,1,2020-11-27,0,,,34,,
2020-12-08,34.83,36.31,33.65,35.67,83272427,32.34,27.73,1.34,79.99,31.36,29.68,36.31,34.93,1,35.67,31.36,31.36,31.36,1,2020-11-27,0,,,34,,
2020-12-09,36.46,37.1,35.82,36.12,69007540,32.43,27.78,1.35,81.09,31.66,29.91,37.1,36.31,0,,,31.66,31.66,1,2020-11-27,0,,,34,,
2020-12-10,35.97,36.17,34.24,35.18,55059367,32.52,27.83,1.39,72.14,31.04,30.14,37.1,37.1,0,,,31.04,31.66,1,2020-11-27,0,,,34,,
2020-12-11,35.28,36.51,34.98,35.47,45233211,32.61,28.27,1.4,73.13,31.37,30.4,37.1,37.1,0,,,31.37,31.66,1,2020-11-27,0,,,34,,
2020-12-14,35.97,36.71,35.38,36.36,47189075,32.68,28.86,1.39,75.94,32.14,30.7,37.1,37.1,0,,,32.14,32.14,1,2020-11-27,0,,,34,,
2020-12-15,36.36,36.36,35.23,35.87,44611278,32.74,29.95,1.37,71.5,32.2,30.98,37.1,37.1,0,,,32.2,32.2,1,2020-11-27,0,,,34,,
2020-12-16,36.17,36.46,35.62,35.87,31631032,32.8,29.95,1.34,71.5,32.23,31.25,37.1,37.1,0,,,32.23,32.23,1,2020-11-27,0,,,34,,
2020-12-17,35.97,36.31,35.28,35.38,31094015,32.86,30.15,1.31,66.96,31.99,31.54,37.1,37.1,0,,,31.99,32.23,1,2020-11-27,0,,,34,,
2020-12-18,35.43,35.67,34.09,35.38,40500644,32.93,31.18,1.33,66.96,32.32,31.78,37.1,37.1,0,,,32.32,32.32,1,2020-11-27,0,,,34,,
2020-12-21,35.03,35.23,31.68,32.12,55099409,32.98,31.68,1.5,44.95,30.28,31.93,37.1,37.1,0,,,30.28,32.32,1,2020-11-27,1,32.98,TRAILING_STOP|SMA150_BREAK,34,16,1.72
2020-12-22,32.22,32.86,30.2,32.22,57170730,33.02,30.2,1.58,45.54,29.79,32.08,37.1,37.1,0,,,29.79,,0,,0,,,,,
2020-12-23,32.27,33.7,32.12,33.5,35851831,33.08,30.2,1.58,52.57,30.62,32.27,37.1,37.1,0,,,30.62,,0,,0,,,,,
2020-12-24,33.85,34.09,33.16,33.35,29009900,33.14,30.2,1.54,51.72,30.55,32.46,37.1,37.1,0,,,30.55,,0,,0,,,,,
2020-12-28,33.55,35.03,33.45,34.78,41052655,33.21,30.2,1.55,58.54,31.47,32.7,37.1,37.1,0,,,31.47,,0,,0,,,,,
2020-12-29,35.03,35.28,33.85,34.93,38681074,33.27,30.2,1.54,59.19,31.57,32.94,37.1,37.1,0,,,31.57,,0,,0,,,,,
2020-12-30,35.62,35.92,34.49,34.93,55267922,33.31,30.2,1.53,59.19,31.58,33.17,37.1,37.1,0,,,31.58,,0,,0,,,,,
2020-12-31,34.93,36.02,34.69,35.43,60457447,33.37,30.2,1.52,61.53,31.91,33.43,37.1,37.1,0,,,31.91,,0,,0,,,,,
2021-01-01,35.67,38.48,35.52,38.19,123660698,33.44,30.2,1.63,71.29,33.61,33.76,38.48,37.1,1,38.19,33.61,33.61,33.61,1,2021-01-01,0,,,35,,
2021-01-04,38.78,40.31,38.24,40.11,138885188,33.52,30.2,1.66,75.88,34.83,34.14,40.31,38.48,0,,,34.83,34.83,1,2021-01-01,0,,,35,,
2021-01-05,39.72,40.11,39.08,39.62,68178443,33.61,30.2,1.62,72.69,34.54,34.5,40.31,40.31,0,,,34.54,34.83,1,2021-01-01,0,,,35,,
2021-01-06,39.82,40.11,37.74,38.88,78478570,33.69,30.2,1.67,68.03,34.03,34.77,40.31,40.31,0,,,34.03,34.83,1,2021-01-01,0,,,35,,
2021-01-07,39.27,39.62,38.58,38.78,42199800,33.76,30.2,1.63,67.41,34.0,35.03,40.31,40.31,0,,,34.0,34.83,1,2021-01-01,0,,,35,,
2021-01-08,39.13,40.01,38.48,38.83,68394773,33.82,30.2,1.62,67.57,34.03,35.31,40.31,40.31,0,,,34.03,34.83,1,2021-01-01,0,,,35,,
2021-01-11,39.22,39.47,37.79,38.48,46504882,33.87,30.2,1.62,65.14,33.8,35.56,40.31,40.31,0,,,33.8,34.83,1,2021-01-01,0,,,35,,
2021-01-12,38.48,39.47,38.09,38.83,37860013,33.93,30.2,1.61,66.44,34.04,35.78,40.31,40.31,0,,,34.04,34.83,1,2021-01-01,0,,,35,,
2021-01-13,39.13,41.74,39.13,40.21,154573968,33.99,32.12,1.7,71.02,35.51,36.0,41.74,40.31,0,,,35.51,35.51,1,2021-01-01,0,,,35,,
2021-01-14,39.87,40.16,39.08,39.67,34995707,34.07,33.16,1.66,67.16,35.54,36.21,41.74,41.74,0,,,35.54,35.54,1,2021-01-01,0,,,35,,
2021-01-15,39.67,39.96,38.34,38.88,37081742,34.14,33.45,1.66,61.85,35.12,36.38,41.74,41.74,0,,,35.12,35.54,1,2021-01-01,0,,,35,,
2021-01-18,38.88,39.08,36.76,37.55,38159244,34.21,33.85,1.7,54.1,34.37,36.5,41.74,41.74,0,,,34.37,35.54,1,2021-01-01,0,,,35,,
2021-01-19,37.6,39.47,37.6,39.22,29092687,34.26,34.49,1.72,60.75,35.65,36.66,41.74,41.74,0,,,35.65,35.65,1,2021-01-01,0,,,35,,
2021-01-20,39.18,40.16,38.88,39.96,40633278,34.31,34.69,1.69,63.29,36.21,36.8,41.74,41.74,0,,,36.21,36.21,1,2021-01-01,0,,,35,,
2021-01-21,40.46,40.7,37.99,38.24,56574146,34.35,35.52,1.76,54.47,35.33,36.87,41.74,41.74,0,,,35.33,36.21,1,2021-01-01,0,,,35,,
2021-01-22,37.99,38.78,36.61,37.15,58968250,34.36,36.61,1.79,49.74,34.97,36.94,41.74,41.74,0,,,34.97,36.21,1,2021-01-01,0,,,35,,
2021-01-25,37.25,37.74,35.52,35.77,51673382,34.36,35.52,1.82,44.48,33.7,36.95,41.74,41.74,0,,,33.7,36.21,1,2021-01-01,1,36.21,TRAILING_STOP,35,17,-5.18
2021-01-27,35.38,35.72,34.93,35.23,38751487,34.35,34.93,1.75,42.58,33.2,36.91,41.74,41.74,0,,,33.2,,0,,0,,,,,
2021-01-28,34.88,36.31,34.64,36.12,48537154,34.35,34.64,1.74,46.62,33.68,36.92,41.74,41.74,0,,,33.68,,0,,0,,,,,
2021-01-29,36.51,37.0,35.33,35.57,52158893,34.35,34.64,1.74,44.54,33.33,36.91,41.74,41.74,0,,,33.33,,0,,0,,,,,
2021-02-01,36.02,37.94,34.93,37.69,51185628,34.37,34.64,1.83,53.23,34.64,36.99,41.74,41.74,0,,,34.64,,0,,0,,,,,
2021-02-02,38.14,39.42,37.55,38.39,57099937,34.39,34.64,1.83,55.7,35.09,37.09,41.74,41.74,0,,,35.09,,0,,0,,,,,
2021-02-03,38.63,40.8,38.58,39.18,104638908,34.4,34.64,1.87,58.37,35.57,37.32,41.74,41.74,0,,,35.57,,0,,0,,,,,
2021-02-04,39.37,41.94,39.08,41.64,154097676,34.43,34.64,1.94,65.37,37.11,37.64,41.94,41.74,0,,,37.11,,0,,0,,,,,
2021-02-05,42.09,43.57,40.7,42.97,146833328,34.43,34.64,2.01,68.46,37.92,37.95,43.57,41.94,1,42.97,37.92,37.92,37.92,1,2021-02-05,0,,,36,,
2021-02-08,40.7,40.95,39.03,39.32,114554488,34.41,34.64,2.15,54.18,35.48,38.15,43.57,43.57,0,,,35.48,37.92,1,2021-02-05,0,,,36,,
2021-02-09,39.08,39.22,37.89,38.24,49601029,34.39,34.64,2.1,50.8,34.81,38.27,43.57,43.57,0,,,34.81,37.92,1,2021-02-05,1,37.92,TRAILING_STOP,36,3,-11.75
2021-02-10,38.14,38.88,37.3,37.74,38714221,34.37,34.64,2.06,49.27,34.52,38.36,43.57,43.57,0,,,34.52,,0,,0,,,,,
2021-02-11,37.94,38.63,37.65,38.24,33240680,34.35,34.64,1.98,50.87,34.89,38.47,43.57,43.57,0,,,34.89,,0,,0,,,,,
2021-02-12,38.43,38.93,38.09,38.29,24770265,34.33,34.64,1.9,51.03,34.98,38.57,43.57,43.57,0,,,34.98,,0,,0,,,,,
2021-02-15,38.53,38.93,38.09,38.39,19106327,34.33,34.64,1.83,51.38,35.09,38.57,43.57,43.57,0,,,35.09,,0,,0,,,,,
2021-02-16,38.53,39.47,37.89,39.37,46759963,34.35,34.64,1.81,54.82,35.73,38.55,43.57,43.57,0,,,35.73,,0,,0,,,,,
2021-02-17,39.47,40.26,38.58,39.52,71963620,34.37,34.64,1.8,55.35,35.84,38.54,43.57,43.57,0,,,35.84,,0,,0,,,,,
2021-02-18,39.67,43.47,39.42,42.43,166636643,34.4,34.93,1.96,64.01,37.7,38.66,43.57,43.57,0,,,37.7,,0,,0,,,,,
2021-02-19,42.18,42.68,39.08,39.87,74472617,34.41,34.93,2.08,54.07,35.97,38.7,43.57,43.57,0,,,35.97,,0,,0,,,,,
2021-02-22,39.57,40.01,38.58,39.13,38769981,34.43,37.3,2.03,51.58,36.32,38.71,43.57,43.57,0,,,36.32,,0,,0,,,,,
2021-02-23,39.37,40.9,38.98,40.16,43031158,34.44,37.3,2.02,54.71,36.99,38.77,43.57,43.57,0,,,36.99,,0,,0,,,,,
2021-02-24,40.66,42.78,36.17,42.38,61230344,34.48,36.17,2.35,60.62,37.82,38.88,43.57,43.57,0,,,37.82,,0,,0,,,,,
2021-02-25,42.97,47.37,42.83,46.53,328616125,34.54,36.17,2.54,68.81,40.38,39.09,47.37,43.57,1,46.53,40.38,40.38,40.38,1,2021-02-25,0,,,37,,
2021-02-26,45.39,48.15,44.75,46.97,206095365,34.62,36.17,2.6,69.54,40.62,39.34,48.15,47.37,0,,,40.62,40.62,1,2021-02-25,0,,,37,,
2021-03-01,48.06,48.94,46.97,48.15,123674746,34.69,36.17,2.56,71.45,41.41,39.65,48.94,48.15,0,,,41.41,41.41,1,2021-02-25,0,,,37,,
2021-03-02,48.75,51.51,48.6,51.07,152393453,34.78,36.17,2.61,75.54,43.25,40.1,51.51,48.94,1,51.07,43.25,43.25,43.25,1,2021-02-25,0,,,37,,
2021-03-03,51.51,51.95,49.93,50.33,65329850,34.88,36.17,2.57,72.7,42.81,40.47,51.95,51.51,0,,,42.81,43.25,1,2021-02-25,0,,,37,,
2021-03-04,49.68,55.36,49.24,53.53,213396105,35.0,36.17,2.82,76.77,44.7,40.92,55.36,51.95,1,53.53,44.7,44.7,44.7,1,2021-02-25,0,,,37,,
2021-03-05,54.03,55.16,49.68,51.76,112585811,35.1,36.17,3.01,70.51,43.43,41.37,55.36,55.36,0,,,43.43,44.7,1,2021-02-25,0,,,37,,
2021-03-08,52.74,54.77,52.3,53.68,79729837,35.22,36.17,3.01,73.07,44.67,41.92,55.36,55.36,0,,,44.67,44.7,1,2021-02-25,0,,,37,,
2021-03-09,54.22,55.75,52.4,54.12,108574936,35.34,36.17,3.04,73.64,44.94,42.53,55.75,55.36,0,,,44.94,44.94,1,2021-02-25,0,,,37,,
2021-03-10,54.86,55.75,53.58,54.08,85630459,35.46,36.17,2.98,73.49,44.95,43.16,55.75,55.75,0,,,44.95,44.95,1,2021-02-25,0,,,37,,
2021-03-12,54.37,55.6,51.86,52.69,126521758,35.58,36.17,3.03,68.24,44.02,43.71,55.75,55.75,0,,,44.02,44.95,1,2021-02-25,0,,,37,,
2021-03-15,55.26,55.26,53.34,54.52,107827286,35.71,36.17,3.0,71.16,45.22,44.35,55.75,55.75,0,,,45.22,45.22,1,2021-02-25,0,,,37,,
2021-03-16,55.06,55.46,52.79,53.19,67218075,35.83,36.17,2.97,66.38,44.38,44.86,55.75,55.75,0,,,44.38,45.22,1,2021-02-25,0,,,37,,
2021-03-17,53.29,53.29,48.55,49.44,60727935,35.92,36.17,3.1,55.14,41.88,45.23,55.75,55.75,0,,,41.88,45.22,1,2021-02-25,0,,,37,,
2021-03-18,51.51,53.09,49.93,51.41,158412104,36.01,42.83,3.14,59.07,45.34,45.64,55.75,55.75,0,,,45.34,45.34,1,2021-02-25,0,,,37,,
2021-03-19,51.02,51.81,48.5,51.31,108069373,36.1,44.75,3.15,58.78,45.91,45.96,55.75,55.75,0,,,45.91,45.91,1,2021-02-25,0,,,37,,
2021-03-22,51.36,52.1,50.57,51.51,48322688,36.2,46.97,3.04,59.2,46.86,46.25,55.75,55.75,0,,,46.86,46.86,1,2021-02-25,0,,,37,,
2021-03-23,51.76,51.95,50.77,51.07,42647877,36.3,48.5,2.9,57.81,47.17,46.64,55.75,55.75,0,,,47.17,47.17,1,2021-02-25,0,,,37,,
2021-03-24,50.67,51.02,48.85,49.19,42597772,36.38,48.5,2.85,52.18,45.99,47.0,55.75,55.75,0,,,45.99,47.17,1,2021-02-25,0,,,37,,
2021-03-25,49.24,49.34,46.28,47.56,66287150,36.44,46.28,2.87,47.83,44.19,47.33,55.75,55.75,0,,,44.19,47.17,1,2021-02-25,1,47.17,TRAILING_STOP,37,20,1.38
2021-03-26,48.35,48.85,47.81,48.06,40617084,36.49,46.28,2.76,49.23,44.59,47.66,55.75,55.75,0,,,44.59,,0,,0,,,,,
2021-03-30,48.55,48.94,47.66,48.3,41698864,36.55,46.28,2.65,49.92,44.81,47.99,55.75,55.75,0,,,44.81,,0,,0,,,,,
2021-03-31,48.25,49.09,47.76,48.11,28483055,36.6,46.28,2.56,49.35,44.75,48.31,55.75,55.75,0,,,44.75,,0,,0,,,,,
2021-04-01,48.35,50.52,48.3,50.28,52965110,36.68,46.28,2.55,55.63,46.16,48.68,55.75,55.75,0,,,46.16,,0,,0,,,,,
2021-04-05,50.33,50.42,47.76,48.35,49348313,36.74,46.28,2.55,49.72,44.91,48.97,55.75,55.75,0,,,44.91,,0,,0,,,,,
2021-04-06,48.75,49.83,47.61,48.7,38527134,36.79,46.28,2.53,50.74,45.15,49.18,55.75,55.75,0,,,45.15,,0,,0,,,,,
2021-04-07,48.7,50.13,48.7,49.34,35782543,36.87,46.28,2.45,52.64,45.62,49.5,55.75,55.75,0,,,45.62,,0,,0,,,,,
2021-04-08,49.24,52.35,49.19,50.92,85159684,36.95,46.28,2.5,57.04,46.6,49.89,55.75,55.75,0,,,46.6,,0,,0,,,,,
2021-04-09,51.21,51.81,50.42,50.82,41928206,37.03,46.28,2.42,56.68,46.59,50.25,55.75,55.75,0,,,46.59,,0,,0,,,,,
2021-04-12,49.34,49.34,43.71,44.45,87601428,37.07,43.71,2.76,39.6,41.4,50.31,55.6,55.75,0,,,41.4,,0,,0,,,,,
2021-04-13,44.95,46.18,44.01,45.93,56028764,37.12,43.71,2.72,43.83,42.38,50.29,55.46,55.6,0,,,42.38,,0,,0,,,,,
2021-04-15,45.89,46.53,44.4,45.44,40230735,37.17,43.71,2.67,42.76,42.1,50.24,55.46,55.46,0,,,42.1,,0,,0,,,,,
2021-04-16,45.79,46.43,45.1,45.59,31881785,37.23,43.71,2.58,43.22,42.26,50.16,53.29,55.46,0,,,42.26,,0,,0,,,,,
2021-04-19,43.42,44.01,42.43,43.47,40713340,37.27,42.43,2.62,38.54,40.44,49.9,53.09,53.29,0,,,40.44,,0,,0,,,,,
2021-04-20,44.31,44.75,43.32,43.62,32591936,37.32,42.43,2.53,39.05,40.59,49.68,52.35,53.09,0,,,40.59,,0,,0,,,,,
2021-04-22,43.42,44.31,42.92,44.11,26098682,37.37,42.43,2.45,40.75,40.96,49.37,52.35,52.35,0,,,40.96,,0,,0,,,,,
2021-04-23,43.96,45.64,43.91,44.8,42258515,37.43,42.43,2.4,43.16,41.44,49.14,52.35,52.35,0,,,41.44,,0,,0,,,,,
2021-04-26,45.19,45.93,44.95,45.54,28374188,37.5,42.43,2.31,45.71,41.98,48.86,52.35,52.35,0,,,41.98,,0,,0,,,,,
2021-04-27,45.69,47.86,45.59,47.66,52076540,37.58,42.43,2.31,52.32,43.34,48.65,52.35,52.35,0,,,43.34,,0,,0,,,,,
2021-04-28,47.91,48.2,47.27,47.46,33378032,37.67,42.43,2.21,51.68,43.28,48.43,52.35,52.35,0,,,43.28,,0,,0,,,,,
2021-04-29,47.86,48.5,46.43,46.58,35047086,37.75,42.43,2.2,48.85,42.72,48.22,52.35,52.35,0,,,42.72,,0,,0,,,,,
2021-04-30,46.18,48.75,45.59,47.66,62814554,37.84,42.43,2.27,52.3,43.37,48.0,52.35,52.35,0,,,43.37,,0,,0,,,,,
2021-05-03,47.22,54.42,46.77,52.79,133520586,37.98,42.43,2.65,64.53,46.42,47.98,54.42,52.35,1,52.79,46.42,46.42,46.42,1,2021-05-03,0,,,38,,
2021-05-04,54.27,55.75,51.46,51.86,154123432,38.12,42.43,2.77,61.45,45.75,48.06,55.75,54.42,0,,,45.75,46.42,1,2021-05-03,0,,,38,,
2021-05-05,52.6,57.04,52.35,56.0,167171542,38.3,42.43,2.94,68.63,48.3,48.22,57.04,55.75,1,56.0,48.3,48.3,48.3,1,2021-05-03,0,,,38,,
2021-05-06,58.07,58.52,56.25,57.28,195095327,38.48,42.43,2.91,70.46,49.15,48.42,58.52,57.04,0,,,49.15,49.15,1,2021-05-03,0,,,38,,
2021-05-07,57.68,57.97,56.44,57.04,81272693,38.65,42.43,2.81,69.64,49.06,48.6,58.52,58.52,0,,,49.06,49.15,1,2021-05-03,0,,,38,,
2021-05-10,57.92,65.57,57.43,64.78,258968781,38.88,42.43,3.22,78.38,53.78,49.06,65.57,58.52,1,64.78,53.78,53.78,53.78,1,2021-05-03,0,,,38,,
2021-05-11,64.14,74.16,63.5,72.48,510138918,39.17,42.92,3.75,83.47,58.55,49.83,74.16,65.57,0,,,58.55,58.55,1,2021-05-03,0,,,38,,
2021-05-12,73.27,75.59,67.35,70.46,347503495,39.45,42.92,4.07,78.26,57.04,50.6,75.59,74.16,0,,,57.04,58.55,1,2021-05-03,0,,,38,,
2021-05-14,71.44,73.32,66.51,67.1,162636270,39.7,43.91,4.27,70.39,55.07,51.23,75.59,75.59,0,,,55.07,58.55,1,2021-05-03,0,,,38,,
2021-05-17,68.14,70.9,65.97,70.31,119433001,39.98,44.95,4.32,73.17,57.46,51.96,75.59,75.59,0,,,57.46,58.55,1,2021-05-03,0,,,38,,
2021-05-18,71.74,72.28,69.81,70.8,76124575,40.26,45.59,4.19,73.57,58.07,52.72,75.59,75.59,0,,,58.07,58.55,1,2021-05-03,0,,,38,,
2021-05-19,69.72,73.37,69.27,72.77,105322060,40.56,45.59,4.18,75.2,59.35,53.47,75.59,75.59,0,,,59.35,59.35,1,2021-05-03,0,,,38,,
2021-05-20,73.42,76.67,71.1,71.59,241049864,40.84,45.59,4.28,72.33,58.52,54.24,76.67,75.59,0,,,58.52,59.35,1,2021-05-03,0,,,38,,
2021-05-21,72.43,72.82,70.75,71.25,63713770,41.13,45.59,4.12,71.48,58.41,55.0,76.67,76.67,0,,,58.41,59.35,1,2021-05-03,0,,,38,,
2021-05-24,71.84,72.87,69.67,71.49,62656781,41.42,46.77,4.05,71.73,59.0,55.74,76.67,76.67,0,,,59.0,59.35,1,2021-05-03,0,,,38,,
2021-05-25,72.18,73.86,71.74,73.51,87624494,41.72,51.46,3.93,73.83,61.94,56.49,76.67,76.67,0,,,61.94,61.94,1,2021-05-03,0,,,38,,
2021-05-26,74.4,74.45,71.2,71.54,81757007,42.02,52.35,3.89,68.49,61.0,57.18,76.67,76.67,0,,,61.0,61.94,1,2021-05-03,0,,,38,,
2021-05-27,71.99,73.32,70.6,72.33,72878541,42.33,56.25,3.8,69.44,62.87,58.11,76.67,76.67,0,,,62.87,62.87,1,2021-05-03,0,,,38,,
2021-05-28,72.97,73.56,70.6,70.95,51857599,42.61,56.44,3.74,65.7,62.08,58.94,76.67,76.67,0,,,62.08,62.87,1,2021-05-03,0,,,38,,
2021-05-31,71.1,71.49,69.86,70.11,45690142,42.89,57.43,3.59,63.46,61.97,59.76,76.67,76.67,0,,,61.97,62.87,1,2021-05-03,0,,,38,,
2021-06-01,70.7,73.22,69.77,70.16,96266171,43.17,63.5,3.58,63.54,64.03,60.58,76.67,76.67,0,,,64.03,64.03,1,2021-05-03,0,,,38,,
2021-06-02,70.16,72.33,69.96,71.29,48257118,43.46,65.97,3.49,65.38,65.64,61.51,76.67,76.67,0,,,65.64,65.64,1,2021-05-03,0,,,38,,
2021-06-03,72.03,72.48,71.15,71.39,36304245,43.74,65.97,3.34,65.54,65.81,62.44,76.67,76.67,0,,,65.81,65.81,1,2021-05-03,0,,,38,,
2021-06-04,71.39,74.25,70.36,72.92,90382724,44.03,65.97,3.38,68.06,66.77,63.4,76.67,76.67,0,,,66.77,66.77,1,2021-05-03,0,,,38,,
2021-06-07,73.56,77.46,72.33,75.98,165279581,44.34,69.27,3.5,72.4,69.76,64.44,77.46,76.67,0,,,69.76,69.76,1,2021-05-03,0,,,38,,
2021-06-08,76.33,76.38,73.91,74.75,64350912,44.65,69.27,3.43,68.38,69.02,65.41,77.46,77.46,0,,,69.02,69.76,1,2021-05-03,0,,,38,,
2021-06-09,74.95,78.5,72.77,73.81,151104976,44.96,69.67,3.59,65.39,68.43,66.28,78.5,77.46,0,,,68.43,69.76,1,2021-05-03,0,,,38,,
2021-06-10,74.35,75.49,73.71,74.8,50134183,45.28,69.67,3.47,67.02,69.16,67.19,78.5,78.5,0,,,69.16,69.76,1,2021-05-03,0,,,38,,
2021-06-11,75.88,76.48,74.45,75.19,57334651,45.6,69.67,3.36,67.67,69.48,68.15,78.5,78.5,0,,,69.48,69.76,1,2021-05-03,0,,,38,,
2021-06-14,68.48,68.83,60.83,66.51,188258380,45.86,60.83,4.15,46.0,60.41,68.77,78.5,78.5,0,,,60.41,69.76,1,2021-05-03,1,69.76,TRAILING_STOP,38,30,32.15
2021-06-15,66.31,71.05,66.21,68.73,157719401,46.13,60.83,4.2,50.38,61.81,69.31,78.5,78.5,0,,,61.81,,0,,0,,,,,
2021-06-16,68.53,68.68,65.47,66.11,76338651,46.39,60.83,4.13,45.67,60.16,69.78,78.5,78.5,0,,,60.16,,0,,0,,,,,
2021-06-17,64.34,67.1,64.29,64.63,57532702,46.64,60.83,4.04,43.21,59.27,70.07,78.5,78.5,0,,,59.27,,0,,0,,,,,
2021-06-18,65.23,66.61,59.8,63.4,85418573,46.87,59.8,4.23,41.23,58.0,70.27,78.5,78.5,0,,,58.0,,0,,0,,,,,
2021-06-21,62.07,67.35,60.24,66.85,87907722,47.13,59.8,4.44,48.39,60.09,70.6,78.5,78.5,0,,,60.09,,0,,0,,,,,
2021-06-22,68.09,68.43,65.62,65.87,73077525,47.39,59.8,4.32,46.65,59.54,70.64,78.5,78.5,0,,,59.54,,0,,0,,,,,
2021-06-23,66.36,67.05,64.93,65.18,56573877,47.64,59.8,4.17,45.41,59.2,70.39,78.5,78.5,0,,,59.2,,0,,0,,,,,
2021-06-24,65.32,66.06,63.55,63.8,43743653,47.88,59.8,4.05,42.96,58.39,70.17,78.5,78.5,0,,,58.39,,0,,0,,,,,
2021-06-25,64.14,65.13,63.89,64.34,41261986,48.12,59.8,3.85,44.23,58.86,70.08,78.5,78.5,0,,,58.86,,0,,0,,,,,
2021-06-28,64.63,66.31,64.29,65.42,49421642,48.37,59.8,3.72,46.78,59.65,69.92,78.5,78.5,0,,,59.65,,0,,0,,,,,
2021-06-29,65.37,65.87,63.45,64.04,60695920,48.61,59.8,3.63,44.01,58.82,69.69,78.5,78.5,0,,,58.82,,0,,0,,,,,
2021-06-30,64.54,65.47,63.75,64.68,52576742,48.85,59.8,3.49,45.62,59.32,69.42,78.5,78.5,0,,,59.32,,0,,0,,,,,
2021-07-01,64.98,64.98,63.8,64.09,31115771,49.09,59.8,3.33,44.35,59.05,69.17,78.5,78.5,0,,,59.05,,0,,0,,,,,
2021-07-02,63.65,65.57,63.55,64.98,52496916,49.31,59.8,3.23,46.75,59.69,68.96,78.5,78.5,0,,,59.69,,0,,0,,,,,
2021-07-05,65.32,65.67,64.78,65.08,32239917,49.54,59.8,3.07,47.03,59.87,68.75,78.5,78.5,0,,,59.87,,0,,0,,,,,
2021-07-06,64.88,65.37,63.4,63.6,29874907,49.76,59.8,2.99,43.44,58.96,68.42,78.5,78.5,0,,,58.96,,0,,0,,,,,
2021-07-07,63.89,67.3,63.05,66.9,107610245,50.0,59.8,3.08,52.2,61.03,68.26,76.48,78.5,0,,,61.03,,0,,0,,,,,
2021-07-08,67.1,68.09,65.47,66.16,63877406,50.23,59.8,3.05,50.32,60.58,68.06,76.48,76.48,0,,,60.58,,0,,0,,,,,
2021-07-09,66.02,66.51,65.18,65.57,46231697,50.44,60.24,2.92,48.81,60.42,67.88,71.05,76.48,0,,,60.42,,0,,0,,,,,
2021-07-12,66.21,67.4,64.93,65.72,39592408,50.66,63.05,2.89,49.23,61.48,67.73,71.05,71.05,0,,,61.48,,0,,0,,,,,
2021-07-13,66.11,66.21,65.37,65.52,31055765,50.87,63.05,2.74,48.66,61.45,67.58,68.68,71.05,0,,,61.45,,0,,0,,,,,
2021-07-14,65.47,66.21,64.68,64.98,25001862,51.08,63.05,2.66,47.07,61.16,67.37,68.43,68.68,0,,,61.16,,0,,0,,,,,
2021-07-15,64.98,65.23,63.94,64.09,23376344,51.27,63.05,2.56,44.5,60.65,67.12,68.43,68.43,0,,,60.65,,0,,0,,,,,
2021-07-16,64.24,66.11,64.19,65.37,35622518,51.47,63.05,2.52,48.83,61.5,66.87,68.43,68.43,0,,,61.5,,0,,0,,,,,
2021-07-19,64.39,64.88,62.96,63.15,45955101,51.65,62.96,2.51,42.62,60.04,66.44,68.43,68.43,0,,,60.04,,0,,0,,,,,
2021-07-20,63.5,63.89,61.57,62.36,39112354,51.83,61.57,2.5,40.64,59.08,66.03,68.09,68.43,0,,,59.08,,0,,0,,,,,
2021-07-22,62.86,64.04,62.86,63.7,22648698,52.02,61.57,2.44,45.28,59.98,65.69,68.09,68.09,0,,,59.98,,0,,0,,,,,
2021-07-23,63.8,64.24,62.81,63.1,21843100,52.2,61.57,2.37,43.64,59.64,65.3,68.09,68.09,0,,,59.64,,0,,0,,,,,
2021-07-26,63.05,63.15,61.67,61.87,20830093,52.37,61.57,2.31,40.39,58.89,64.86,68.09,68.09,0,,,58.89,,0,,0,,,,,
2021-07-27,62.27,63.1,60.44,60.69,31595300,52.54,60.44,2.33,37.51,57.74,64.67,68.09,68.09,0,,,57.74,,0,,0,,,,,
2021-07-28,60.79,60.88,58.02,59.5,48463361,52.7,58.02,2.37,34.81,56.14,64.36,68.09,68.09,0,,,56.14,,0,,0,,,,,
2021-07-29,59.7,60.64,58.57,59.4,36237615,52.86,58.02,2.35,34.59,56.09,64.13,68.09,68.09,0,,,56.09,,0,,0,,,,,
2021-07-30,59.75,61.43,58.02,58.61,64497796,53.04,58.02,2.42,32.79,55.53,63.93,68.09,68.09,0,,,55.53,,0,,0,,,,,
2021-08-02,57.33,60.54,56.39,59.06,73899617,53.22,56.39,2.55,34.87,55.19,63.79,68.09,68.09,0,,,55.19,,0,,0,,,,,
2021-08-03,59.5,59.8,58.12,58.32,30057995,53.38,56.39,2.48,33.05,54.76,63.5,68.09,68.09,0,,,54.76,,0,,0,,,,,
2021-08-04,58.81,59.21,56.99,57.23,28143341,53.54,56.39,2.47,30.54,54.07,63.22,68.09,68.09,0,,,54.07,,0,,0,,,,,
2021-08-05,56.74,56.84,54.27,56.49,57870302,53.68,54.27,2.5,28.92,52.86,62.93,68.09,68.09,0,,,52.86,,0,,0,,,,,
2021-08-06,56.15,58.07,55.85,56.79,30135489,53.83,54.27,2.48,30.52,53.07,62.69,67.4,68.09,0,,,53.07,,0,,0,,,,,
2021-08-09,56.89,57.13,54.86,55.26,24710657,53.97,54.27,2.47,27.16,52.09,62.39,67.4,67.4,0,,,52.09,,0,,0,,,,,
2021-08-10,55.26,56.54,52.89,53.88,32237188,54.09,52.89,2.55,24.54,50.68,62.01,66.21,67.4,0,,,50.68,,0,,0,,,,,
2021-08-11,53.88,54.42,52.2,53.78,35786362,54.19,52.2,2.53,24.36,50.4,61.66,66.21,66.21,0,,,50.4,,0,,0,,,,,
2021-08-12,53.93,55.46,53.78,55.11,29271670,54.29,52.2,2.47,31.68,51.3,61.35,66.11,66.21,0,,,51.3,,0,,0,,,,,
2021-08-13,55.06,55.6,54.12,54.86,25049016,54.39,52.2,2.4,31.07,51.19,61.04,66.11,66.11,0,,,51.19,,0,,0,,,,,
2021-08-16,54.86,55.06,53.29,53.48,26369729,54.49,52.2,2.35,27.88,50.33,60.65,64.88,66.11,0,,,50.33,,0,,0,,,,,
2021-08-17,53.29,53.93,51.9,52.05,30710411,54.58,51.9,2.33,25.02,49.32,60.22,64.24,64.88,0,,,49.32,,0,,0,,,,,
2021-08-18,51.95,54.37,51.36,53.73,48195539,54.68,51.36,2.38,33.64,50.19,59.89,64.24,64.24,0,,,50.19,,0,,0,,,,,
2021-08-20,53.24,53.63,50.47,50.97,35462206,54.76,50.47,2.44,27.95,48.07,59.36,64.24,64.24,0,,,48.07,,0,,0,,,,,
2021-08-23,51.31,51.86,49.29,50.77,41180042,54.84,49.29,2.45,27.59,47.54,58.85,63.15,64.24,0,,,47.54,,0,,0,,,,,
2021-08-24,50.72,52.79,50.18,52.55,34796030,54.92,49.29,2.46,35.62,48.68,58.41,63.1,63.15,0,,,48.68,,0,,0,,,,,
2021-08-25,52.55,52.94,51.95,52.4,26650342,55.01,49.29,2.36,35.27,48.66,57.97,61.43,63.1,0,,,48.66,,0,,0,,,,,
2021-08-26,52.4,52.69,51.11,51.31,22209147,55.09,49.29,2.3,32.72,47.99,57.5,61.43,61.43,0,,,47.99,,0,,0,,,,,
2021-08-27,51.76,53.98,51.61,53.48,47297035,55.2,49.29,2.33,41.75,49.37,57.11,61.43,61.43,0,,,49.37,,0,,0,,,,,
2021-08-30,53.63,54.42,52.64,53.38,29654256,55.29,49.29,2.29,41.48,49.33,56.76,60.54,61.43,0,,,49.33,,0,,0,,,,,
2021-08-31,53.38,53.48,51.46,51.86,30251959,55.37,49.29,2.27,37.42,48.37,56.3,59.8,60.54,0,,,48.37,,0,,0,,,,,
2021-09-01,53.78,54.82,51.9,54.22,77814672,55.48,49.29,2.32,46.21,49.86,56.01,59.21,59.8,0,,,49.86,,0,,0,,,,,
2021-09-02,54.22,54.82,53.63,53.98,34975008,55.59,49.29,2.24,45.51,49.76,55.73,58.07,59.21,0,,,49.76,,0,,0,,,,,
2021-09-03,53.98,55.46,53.29,54.72,41379799,55.72,49.29,2.23,48.13,50.24,55.43,58.07,58.07,0,,,50.24,,0,,0,,,,,
2021-09-06,55.11,55.6,54.32,54.72,26518805,55.85,49.29,2.16,48.13,50.28,55.15,57.13,58.07,0,,,50.28,,0,,0,,,,,
2021-09-07,54.77,56.05,53.29,54.57,41841969,55.97,49.29,2.21,47.59,50.16,54.91,56.54,57.13,0,,,50.16,,0,,0,,,,,
2021-09-08,54.57,55.56,54.32,54.96,24443457,56.1,49.29,2.14,49.17,50.45,54.71,56.05,56.54,0,,,50.45,,0,,0,,,,,
2021-09-09,54.67,55.51,54.47,54.91,18226347,56.21,49.29,2.06,48.97,50.47,54.56,56.05,56.05,0,,,50.47,,0,,0,,,,,
2021-09-13,54.96,55.16,54.27,54.42,21565898,56.32,49.29,1.98,46.91,50.21,54.4,56.05,56.05,0,,,50.21,,0,,0,,,,,
2021-09-14,54.67,57.73,54.47,57.23,59747450,56.44,50.18,2.07,57.85,52.26,54.35,57.73,56.05,0,,,52.26,,0,,0,,,,,
2021-09-15,57.63,57.73,56.74,57.13,28300364,56.54,51.11,1.99,57.4,52.56,54.29,57.73,57.73,0,,,52.56,,0,,0,,,,,
2021-09-16,57.38,59.16,56.79,57.43,38178964,56.64,51.11,2.02,58.45,52.73,54.26,59.16,57.73,0,,,52.73,,0,,0,,,,,
2021-09-17,57.68,58.07,55.51,55.8,38626513,56.75,51.46,2.06,51.07,51.77,54.21,59.16,59.16,0,,,51.77,,0,,0,,,,,
2021-09-20,55.11,55.85,52.89,53.34,26766122,56.85,51.46,2.12,42.38,50.14,54.1,59.16,59.16,0,,,50.14,,0,,0,,,,,
2021-09-21,53.34,53.93,52.35,53.68,25946767,56.96,51.46,2.08,43.8,50.39,54.0,59.16,59.16,0,,,50.39,,0,,0,,,,,
2021-09-22,53.58,56.64,53.53,56.3,33744100,57.08,51.9,2.16,53.37,52.17,54.03,59.16,59.16,0,,,52.17,,0,,0,,,,,
2021-09-23,56.74,57.28,56.25,56.39,22157667,57.2,52.35,2.08,53.66,52.44,54.12,59.16,59.16,0,,,52.44,,0,,0,,,,,
2021-09-24,56.39,58.37,55.11,55.51,53416142,57.31,52.35,2.16,50.34,51.81,54.18,59.16,59.16,0,,,51.81,,0,,0,,,,,
2021-09-27,55.95,56.84,55.16,56.2,22672655,57.43,52.35,2.13,52.8,52.28,54.21,59.16,59.16,0,,,52.28,,0,,0,,,,,
2021-09-28,56.2,60.09,56.1,59.55,117412631,57.56,52.35,2.26,62.52,54.35,54.37,60.09,59.16,1,59.55,54.35,54.35,54.35,1,2021-09-28,0,,,39,,
2021-09-29,60.09,63.1,59.6,61.97,130367062,57.69,52.35,2.35,67.7,55.85,54.65,63.1,60.09,0,,,55.85,55.85,1,2021-09-28,0,,,39,,
2021-09-30,62.41,64.39,61.62,63.8,84962917,57.85,52.35,2.38,70.97,57.01,55.04,64.39,63.1,0,,,57.01,57.01,1,2021-09-28,0,,,39,,
2021-10-01,63.45,65.42,62.76,64.73,73574574,58.02,52.35,2.4,72.49,57.6,55.41,65.42,64.39,0,,,57.6,57.6,1,2021-09-28,0,,,39,,
2021-10-04,65.08,65.32,63.84,64.68,43796233,58.18,52.35,2.34,72.27,57.61,55.87,65.42,65.42,0,,,57.61,57.61,1,2021-09-28,0,,,39,,
2021-10-05,64.68,67.1,64.49,65.37,59198873,58.34,52.35,2.36,73.46,58.04,56.35,67.1,65.42,0,,,58.04,58.04,1,2021-09-28,0,,,39,,
2021-10-06,65.92,66.21,61.87,62.36,47534375,58.44,52.35,2.5,61.11,56.01,56.68,67.1,67.1,0,,,56.01,58.04,1,2021-09-28,0,,,39,,
2021-10-07,63.05,63.99,62.27,62.41,30079052,58.54,52.35,2.44,61.22,56.08,57.01,67.1,67.1,0,,,56.08,58.04,1,2021-09-28,0,,,39,,
2021-10-08,62.86,65.37,62.22,64.58,60132715,58.65,52.35,2.49,65.99,57.44,57.46,67.1,67.1,0,,,57.44,58.04,1,2021-09-28,0,,,39,,
2021-10-11,64.83,67.4,63.99,65.87,79804445,58.75,52.35,2.56,68.47,58.23,57.87,67.4,67.1,0,,,58.23,58.23,1,2021-09-28,0,,,39,,
2021-10-12,65.77,70.26,65.03,69.67,194579626,58.88,53.53,2.75,74.4,60.95,58.41,70.26,67.4,1,69.67,60.95,60.95,60.95,1,2021-09-28,0,,,39,,
2021-10-13,70.75,79.29,70.55,75.24,284153085,59.03,55.11,3.24,80.26,64.74,59.19,79.29,70.26,0,,,64.74,64.74,1,2021-09-28,0,,,39,,
2021-10-14,75.98,76.67,73.02,73.37,63824644,59.17,55.11,3.27,74.12,63.51,59.83,79.29,79.29,0,,,63.51,64.74,1,2021-09-28,0,,,39,,
2021-10-18,73.91,76.43,73.12,73.61,62935135,59.3,55.16,3.27,74.4,63.68,60.48,79.29,79.29,0,,,63.68,64.74,1,2021-09-28,0,,,39,,
2021-10-19,73.91,75.54,67.05,68.68,60458394,59.4,56.1,3.64,60.43,60.57,60.95,79.29,79.29,0,,,60.57,64.74,1,2021-09-28,0,,,39,,
2021-10-20,68.98,72.63,67.35,71.94,90667104,59.52,59.6,3.76,65.09,63.76,61.52,79.29,79.29,0,,,63.76,64.74,1,2021-09-28,0,,,39,,
2021-10-21,72.23,72.92,68.83,70.6,80710120,59.64,61.62,3.79,61.86,63.55,62.06,79.29,79.29,0,,,63.55,64.74,1,2021-09-28,0,,,39,,
2021-10-22,70.85,71.59,68.04,68.38,45361973,59.73,61.87,3.77,56.83,62.22,62.5,79.29,79.29,0,,,62.22,64.74,1,2021-09-28,0,,,39,,
2021-10-25,69.12,69.37,66.66,67.79,46106791,59.83,61.87,3.69,55.54,61.89,62.93,79.29,79.29,0,,,61.89,64.74,1,2021-09-28,0,,,39,,
2021-10-26,67.99,71.15,67.74,70.7,61931483,59.97,61.87,3.67,60.33,63.78,63.48,79.29,79.29,0,,,63.78,64.74,1,2021-09-28,0,,,39,,
2021-10-27,70.85,72.13,69.32,69.96,49001065,60.09,61.87,3.61,58.6,63.34,63.9,79.29,79.29,0,,,63.34,64.74,1,2021-09-28,0,,,39,,
2021-10-28,69.91,69.91,66.46,67.05,45480814,60.2,62.22,3.6,52.26,61.59,64.23,79.29,79.29,0,,,61.59,64.74,1,2021-09-28,0,,,39,,
2021-10-29,66.51,68.43,62.91,67.35,74880481,60.3,62.22,3.74,52.82,61.69,64.56,79.29,79.29,0,,,61.69,64.74,1,2021-09-28,1,64.74,TRAILING_STOP,39,23,8.72
2021-11-01,67.89,71.05,67.79,70.8,47088878,60.44,62.91,3.74,58.87,64.14,65.06,79.29,79.29,0,,,64.14,,0,,0,,,,,
2021-11-02,70.85,72.03,70.55,71.39,43239091,60.58,62.91,3.58,59.82,64.63,65.66,79.29,79.29,0,,,64.63,,0,,0,,,,,
2021-11-03,71.74,72.82,69.91,70.46,40004115,60.74,62.91,3.53,57.57,64.06,66.22,79.29,79.29,0,,,64.06,,0,,0,,,,,
2021-11-04,71.05,71.44,70.51,70.7,5126467,60.89,62.91,3.35,58.01,64.34,66.7,79.29,79.29,0,,,64.34,,0,,0,,,,,
2021-11-08,71.2,72.92,71.0,72.03,40376175,61.05,62.91,3.27,60.45,65.25,67.22,79.29,79.29,0,,,65.25,,0,,0,,,,,
2021-11-09,72.03,73.51,70.65,71.15,60335360,61.2,62.91,3.24,58.04,64.7,67.75,79.29,79.29,0,,,64.7,,0,,0,,,,,
2021-11-10,67.89,68.93,65.13,65.37,138304800,61.3,62.91,3.44,45.28,60.84,68.05,79.29,79.29,0,,,60.84,,0,,0,,,,,
2021-11-11,66.21,66.21,63.35,63.94,39623805,61.4,62.91,3.39,42.77,59.95,68.2,79.29,79.29,0,,,59.95,,0,,0,,,,,
2021-11-12,64.14,64.88,62.91,64.29,36992832,61.51,62.91,3.29,43.59,60.24,68.28,76.67,79.29,0,,,60.24,,0,,0,,,,,
2021-11-15,64.29,64.63,62.96,63.3,18093447,61.6,62.91,3.18,41.76,59.68,68.26,76.43,76.67,0,,,59.68,,0,,0,,,,,
2021-11-16,63.25,63.75,62.51,62.86,18854850,61.68,62.51,3.04,40.94,59.36,68.2,75.54,76.43,0,,,59.36,,0,,0,,,,,
2021-11-17,62.66,64.09,62.46,63.2,19432448,61.76,62.46,2.94,41.89,59.63,68.15,73.51,75.54,0,,,59.63,,0,,0,,,,,
2021-11-18,63.65,63.89,61.03,61.48,24759369,61.88,61.03,2.93,38.51,58.04,68.02,73.51,73.51,0,,,58.04,,0,,0,,,,,
2021-11-22,61.38,61.67,58.76,59.26,26537396,61.97,58.76,2.93,34.62,55.86,67.91,73.51,73.51,0,,,55.86,,0,,0,,,,,
2021-11-23,59.01,63.55,58.52,62.86,54491542,62.08,58.52,3.08,44.42,58.0,67.93,73.51,73.51,0,,,58.0,,0,,0,,,,,
2021-11-24,63.15,63.25,61.33,61.62,26787634,62.19,58.52,3.0,42.08,57.25,67.83,73.51,73.51,0,,,57.25,,0,,0,,,,,
2021-11-25,61.57,62.61,60.88,61.92,28317022,62.31,58.52,2.91,42.86,57.51,67.7,73.51,73.51,0,,,57.51,,0,,0,,,,,
2021-11-26,61.18,61.57,58.22,58.66,35551381,62.41,58.22,2.96,37.0,55.27,67.33,73.51,73.51,0,,,55.27,,0,,0,,,,,
2021-11-29,58.61,59.11,56.05,57.04,34876783,62.5,56.05,2.97,34.48,53.49,66.73,73.51,73.51,0,,,53.49,,0,,0,,,,,
2021-11-30,57.63,59.9,56.84,58.12,39289768,62.59,56.05,2.98,37.54,54.19,66.22,73.51,73.51,0,,,54.19,,0,,0,,,,,
2021-12-01,58.47,59.55,57.18,59.26,33349600,62.68,56.05,2.93,40.69,54.95,65.74,73.51,73.51,0,,,54.95,,0,,0,,,,,
2021-12-02,58.71,60.0,58.66,59.75,25902010,62.76,56.05,2.82,42.04,55.34,65.44,73.51,73.51,0,,,55.34,,0,,0,,,,,
2021-12-03,59.75,61.03,59.45,59.65,24423428,62.84,56.05,2.73,41.83,55.34,65.03,73.51,73.51,0,,,55.34,,0,,0,,,,,
2021-12-06,59.7,62.12,59.26,60.09,43929860,62.93,56.05,2.74,43.17,55.61,64.68,73.51,73.51,0,,,55.61,,0,,0,,,,,
2021-12-07,60.69,61.77,60.19,61.28,24391252,63.02,56.05,2.66,46.75,56.43,64.44,73.51,73.51,0,,,56.43,,0,,0,,,,,
2021-12-08,62.12,62.12,60.93,61.77,20955993,63.08,56.05,2.56,48.19,56.82,64.24,68.93,73.51,0,,,56.82,,0,,0,,,,,
2021-12-09,61.87,63.6,61.18,63.3,32530991,63.16,56.05,2.55,52.53,57.81,64.0,66.21,68.93,0,,,57.81,,0,,0,,,,,
2021-12-10,63.1,64.04,62.66,63.7,34504988,63.21,56.05,2.47,53.62,58.13,63.79,64.88,66.21,0,,,58.13,,0,,0,,,,,
2021-12-13,64.54,65.18,62.91,63.1,23669811,63.25,56.05,2.45,51.7,57.75,63.66,65.18,64.88,0,,,57.75,,0,,0,,,,,
2021-12-14,63.1,64.68,62.56,63.94,27498312,63.29,56.05,2.43,54.18,58.31,63.54,65.18,65.18,0,,,58.31,,0,,0,,,,,
2021-12-15,63.89,65.13,63.15,63.65,36670268,63.29,56.05,2.4,53.16,58.14,63.3,65.18,65.18,0,,,58.14,,0,,0,,,,,
2021-12-16,64.34,64.63,62.91,64.24,28718661,63.23,56.05,2.35,55.01,58.55,63.07,65.18,65.18,0,,,58.55,,0,,0,,,,,
2021-12-17,64.29,64.44,58.91,59.35,61215633,63.16,56.05,2.58,40.7,55.25,62.7,65.18,65.18,0,,,55.25,,0,,0,,,,,
2021-12-20,59.11,59.11,55.31,56.25,47400432,63.08,55.31,2.68,34.56,52.93,62.21,65.18,65.18,0,,,52.93,,0,,0,,,,,
2021-12-21,56.99,58.02,55.95,56.54,29272382,62.99,55.31,2.64,35.54,53.15,61.7,65.18,65.18,0,,,53.15,,0,,0,,,,,
2021-12-22,56.89,57.87,56.84,57.63,21868577,62.9,55.31,2.54,39.22,53.91,61.25,65.18,65.18,0,,,53.91,,0,,0,,,,,
2021-12-23,58.07,58.76,57.87,58.07,20133308,62.81,55.31,2.44,40.7,54.26,61.0,65.18,65.18,0,,,54.26,,0,,0,,,,,
2021-12-24,58.32,58.47,56.15,56.39,27427209,62.71,55.31,2.43,37.01,53.19,60.75,65.18,65.18,0,,,53.19,,0,,0,,,,,
2021-12-27,56.25,57.13,55.56,56.84,26450977,62.61,55.31,2.37,38.61,53.52,60.5,65.18,65.18,0,,,53.52,,0,,0,,,,,
2021-12-28,57.33,57.92,57.08,57.43,19540853,62.52,55.31,2.28,40.74,53.96,60.31,65.18,65.18,0,,,53.96,,0,,0,,,,,
2021-12-29,57.43,57.83,56.74,57.33,15659936,62.41,55.31,2.19,40.49,53.95,60.12,65.18,65.18,0,,,53.95,,0,,0,,,,,
2021-12-30,57.33,57.43,56.05,56.34,21703724,62.31,55.31,2.14,37.94,53.35,59.9,65.18,65.18,0,,,53.35,,0,,0,,,,,
2021-12-31,56.64,58.66,56.49,58.17,29471570,62.21,55.31,2.15,44.85,54.52,59.78,65.18,65.18,0,,,54.52,,0,,0,,,,,
2022-01-03,58.22,60.14,57.97,59.9,26998477,62.14,55.31,2.15,50.46,55.64,59.81,65.18,65.18,0,,,55.64,,0,,0,,,,,
2022-01-04,60.14,60.39,58.52,59.26,23684780,62.07,55.31,2.13,48.49,55.24,59.69,65.18,65.18,0,,,55.24,,0,,0,,,,,
2022-01-05,58.76,59.8,58.71,59.01,21100778,61.99,55.31,2.06,47.71,55.13,59.6,65.18,65.18,0,,,55.13,,0,,0,,,,,
2022-01-06,58.37,59.75,57.78,59.35,21274724,61.91,55.31,2.05,48.92,55.35,59.51,65.18,65.18,0,,,55.35,,0,,0,,,,,
2022-01-07,60.19,60.29,58.12,58.71,23860527,61.83,55.31,2.06,46.73,54.93,59.52,65.18,65.18,0,,,54.93,,0,,0,,,,,
2022-01-10,59.01,62.07,58.91,61.82,46077589,61.75,55.56,2.15,56.83,56.96,59.67,65.13,65.18,0,,,56.96,,0,,0,,,,,
2022-01-11,61.77,62.46,60.59,61.08,28263294,61.65,55.56,2.13,54.2,56.5,59.77,65.13,65.13,0,,,56.5,,0,,0,,,,,
2022-01-12,61.23,61.77,60.49,61.53,22751471,61.57,55.56,2.07,55.54,56.83,59.85,64.63,65.13,0,,,56.83,,0,,0,,,,,
2022-01-13,61.62,62.81,60.79,61.87,27759563,61.49,55.56,2.07,56.58,57.05,59.92,64.44,64.63,0,,,57.05,,0,,0,,,,,
2022-01-14,61.72,63.7,61.23,62.86,38827107,61.41,55.56,2.1,59.55,57.67,60.03,63.7,64.44,0,,,57.67,,0,,0,,,,,
2022-01-17,63.2,63.75,62.71,63.01,24887809,61.33,56.05,2.02,60.0,57.98,60.12,63.75,63.7,0,,,57.98,,0,,0,,,,,
2022-01-18,63.15,63.25,59.55,59.85,36833735,61.28,56.05,2.14,47.99,55.86,60.08,63.75,63.75,0,,,55.86,,0,,0,,,,,
2022-01-19,59.95,61.18,59.21,61.03,24114802,61.23,56.05,2.13,51.86,56.63,60.05,63.75,63.75,0,,,56.63,,0,,0,,,,,
2022-01-20,61.18,61.48,60.29,60.88,16346200,61.2,56.49,2.06,51.34,56.72,59.97,63.75,63.75,0,,,56.72,,0,,0,,,,,
2022-01-21,60.59,61.43,57.78,58.81,26625295,61.16,57.78,2.17,44.64,55.74,59.81,63.75,63.75,0,,,55.74,,0,,0,,,,,
2022-01-24,59.01,59.31,55.56,56.49,29775640,61.11,55.56,2.29,38.57,53.43,59.59,63.75,63.75,0,,,53.43,,0,,0,,,,,
2022-01-25,56.2,57.58,55.56,56.84,28811319,61.04,55.56,2.27,39.9,53.67,59.35,63.75,63.75,0,,,53.67,,0,,0,,,,,
2022-01-27,56.69,59.55,56.25,58.61,51899167,61.0,55.56,2.34,46.23,54.76,59.18,63.75,63.75,0,,,54.76,,0,,0,,,,,
2022-01-28,60.59,60.93,56.74,56.99,61785304,60.94,55.56,2.47,41.88,53.63,58.94,63.75,63.75,0,,,53.63,,0,,0,,,,,
2022-01-31,57.43,58.02,56.05,57.23,37774703,60.9,55.56,2.44,42.74,53.81,58.87,63.75,63.75,0,,,53.81,,0,,0,,,,,
2022-02-01,57.53,60.0,57.23,59.01,53793696,60.86,55.56,2.46,48.79,54.94,58.96,63.75,63.75,0,,,54.94,,0,,0,,,,,
2022-02-02,59.4,60.83,58.96,59.55,32156077,60.82,55.56,2.42,50.5,55.32,59.06,63.75,63.75,0,,,55.32,,0,,0,,,,,
2022-02-03,59.6,60.24,58.91,59.31,27294506,60.79,55.56,2.34,49.7,55.21,59.12,63.75,63.75,0,,,55.21,,0,,0,,,,,
2022-02-04,59.4,59.4,57.73,57.97,25226133,60.75,55.56,2.29,45.41,54.38,59.12,63.75,63.75,0,,,54.38,,0,,0,,,,,
2022-02-07,57.97,58.42,56.54,56.84,26932812,60.7,55.56,2.26,42.11,53.67,59.13,63.75,63.75,0,,,53.67,,0,,0,,,,,
2022-02-08,57.13,57.23,54.47,55.01,41744108,60.63,54.47,2.3,37.37,52.11,59.07,63.75,63.75,0,,,52.11,,0,,0,,,,,
2022-02-09,55.26,55.75,54.47,54.96,17705304,60.56,54.47,2.23,37.25,52.12,58.99,63.75,63.75,0,,,52.12,,0,,0,,,,,
2022-02-10,55.26,56.69,54.86,56.3,19498660,60.51,54.47,2.2,42.71,53.0,58.95,63.75,63.75,0,,,53.0,,0,,0,,,,,
2022-02-11,55.75,56.25,55.11,55.56,13652835,60.44,54.47,2.13,40.61,52.58,58.93,63.75,63.75,0,,,52.58,,0,,0,,,,,
2022-02-14,54.52,54.72,52.0,52.45,26510266,60.35,52.0,2.23,33.21,49.68,58.74,63.75,63.75,0,,,49.68,,0,,0,,,,,
2022-02-15,53.29,54.77,52.0,54.08,20300727,60.27,52.0,2.27,39.44,50.7,58.54,63.25,63.75,0,,,50.7,,0,,0,,,,,
2022-02-16,54.57,54.96,53.73,54.37,17655412,60.2,52.0,2.19,40.5,50.94,58.38,61.48,63.25,0,,,50.94,,0,,0,,,,,
2022-02-17,54.57,55.6,53.38,53.53,45900731,60.12,52.0,2.2,38.4,50.4,58.2,61.48,61.48,0,,,50.4,,0,,0,,,,,
2022-02-18,53.53,53.73,52.5,52.69,17873081,60.03,52.0,2.13,36.37,49.9,57.97,61.43,61.48,0,,,49.9,,0,,0,,,,,
2022-02-21,52.3,52.69,49.54,49.83,44296864,59.94,49.54,2.2,30.46,47.19,57.68,60.93,61.43,0,,,47.19,,0,,0,,,,,
2022-02-22,49.04,49.44,47.56,48.8,51316741,59.83,47.56,2.2,28.65,45.86,57.24,60.93,60.93,0,,,45.86,,0,,0,,,,,
2022-02-23,49.09,50.23,48.89,48.99,31779044,59.73,47.56,2.15,29.48,46.02,56.84,60.93,60.93,0,,,46.02,,0,,0,,,,,
2022-02-24,47.32,47.61,43.42,43.76,48563259,59.61,43.42,2.39,21.92,41.1,56.25,60.93,60.93,0,,,41.1,,0,,0,,,,,
2022-02-25,46.97,48.8,45.49,47.51,61882199,59.5,43.42,2.58,34.83,43.4,55.77,60.83,60.93,0,,,43.4,,0,,0,,,,,
2022-02-28,47.37,49.49,46.38,49.19,41519924,59.41,43.42,2.62,39.64,44.45,55.32,60.83,60.83,0,,,44.45,,0,,0,,,,,
2022-03-02,49.04,50.33,48.4,49.73,33734292,59.33,43.42,2.57,41.15,44.84,54.87,60.83,60.83,0,,,44.84,,0,,0,,,,,
2022-03-03,50.42,50.92,49.49,49.78,25803995,59.26,43.42,2.49,41.29,44.92,54.54,60.24,60.83,0,,,44.92,,0,,0,,,,,
2022-03-04,49.29,49.93,48.35,48.55,25945200,59.18,43.42,2.42,38.75,44.17,54.12,59.4,60.24,0,,,44.17,,0,,0,,,,,
2022-03-07,47.56,48.5,46.87,48.11,25686510,59.11,43.42,2.37,37.85,43.92,53.7,58.42,59.4,0,,,43.92,,0,,0,,,,,
2022-03-08,48.11,49.83,47.86,49.44,26663604,59.05,43.42,2.34,42.21,44.8,53.38,57.23,58.42,0,,,44.8,,0,,0,,,,,
2022-03-09,49.78,50.33,49.19,49.98,25304136,58.99,43.42,2.26,43.93,45.21,53.17,56.69,57.23,0,,,45.21,,0,,0,,,,,
2022-03-10,50.72,51.61,50.03,50.37,28489527,58.93,43.42,2.21,45.2,45.49,52.95,56.69,56.69,0,,,45.49,,0,,0,,,,,
2022-03-11,50.37,51.46,50.18,51.21,23386870,58.89,43.42,2.15,47.94,46.07,52.7,56.25,56.69,0,,,46.07,,0,,0,,,,,
2022-03-14,51.16,51.66,49.88,50.37,20912014,58.85,43.42,2.12,45.49,45.55,52.48,55.6,56.25,0,,,45.55,,0,,0,,,,,
2022-03-15,50.77,51.07,49.04,49.54,21490509,58.8,43.42,2.11,43.15,45.02,52.23,55.6,55.6,0,,,45.02,,0,,0,,,,,
2022-03-16,49.98,50.72,49.88,50.52,16457526,58.77,43.42,2.05,46.64,45.69,51.94,55.6,55.6,0,,,45.69,,0,,0,,,,,
2022-03-17,51.16,51.26,50.52,50.72,16130728,58.75,43.42,1.95,47.36,45.89,51.65,55.6,55.6,0,,,45.89,,0,,0,,,,,
2022-03-21,50.97,51.02,49.93,50.03,14160082,58.73,45.49,1.89,45.12,46.17,51.34,53.73,55.6,0,,,46.17,,0,,0,,,,,
2022-03-22,50.08,50.47,49.44,50.33,18084732,58.69,46.38,1.83,46.31,46.7,51.08,52.69,53.73,0,,,46.7,,0,,0,,,,,
2022-03-23,50.72,52.4,50.42,50.57,37287036,58.67,46.87,1.85,47.29,47.01,50.88,52.4,52.69,0,,,47.01,,0,,0,,,,,
2022-03-24,50.37,51.31,50.23,50.67,17503276,58.65,46.87,1.79,47.72,47.11,50.73,52.4,52.4,0,,,47.11,,0,,0,,,,,
2022-03-25,50.82,51.71,50.57,50.97,24798590,58.64,46.87,1.75,49.06,47.34,50.6,52.4,52.4,0,,,47.34,,0,,0,,,,,
2022-03-28,51.31,51.31,48.94,49.19,28281264,58.61,46.87,1.79,42.16,46.16,50.36,52.4,52.4,0,,,46.16,,0,,0,,,,,
2022-03-29,49.49,49.63,48.15,48.45,24751771,58.59,47.86,1.77,39.66,46.02,50.12,52.4,52.4,0,,,46.02,,0,,0,,,,,
2022-03-30,48.89,50.08,48.8,49.54,25234310,58.58,48.15,1.76,44.84,46.83,50.03,52.4,52.4,0,,,46.83,,0,,0,,,,,
2022-03-31,49.83,49.83,48.55,48.7,22962401,58.56,48.15,1.72,41.86,46.31,49.85,52.4,52.4,0,,,46.31,,0,,0,,,,,
2022-04-01,48.85,53.48,48.8,53.14,74868337,58.56,48.15,1.94,57.83,49.03,49.81,53.48,52.4,0,,,49.03,,0,,0,,,,,
2022-04-04,53.58,53.88,52.79,53.68,34054330,58.58,48.15,1.88,59.29,49.42,49.81,53.88,53.48,0,,,49.42,,0,,0,,,,,
2022-04-05,53.98,56.05,53.63,55.31,34624398,58.59,48.15,1.92,63.42,50.45,49.9,56.05,53.88,0,,,50.45,,0,,0,,,,,
2022-04-06,55.21,56.64,54.82,56.0,42528918,58.61,48.15,1.91,65.04,50.89,50.1,56.64,56.05,0,,,50.89,,0,,0,,,,,
2022-04-07,56.05,57.87,55.16,55.8,45264070,58.63,48.15,1.97,64.15,50.73,50.34,57.87,56.64,0,,,50.73,,0,,0,,,,,
2022-04-08,56.2,56.34,55.26,55.8,19306565,58.65,48.15,1.91,64.15,50.77,50.57,57.87,57.87,0,,,50.77,,0,,0,,,,,
2022-04-11,55.8,56.94,55.6,55.85,19058505,58.66,48.15,1.87,64.3,50.83,50.97,57.87,57.87,0,,,50.83,,0,,0,,,,,
2022-04-12,55.85,55.85,53.63,54.52,25159871,58.66,48.15,1.89,57.79,49.95,51.2,57.87,57.87,0,,,49.95,,0,,0,,,,,
2022-04-13,54.82,55.16,53.83,53.98,15633459,58.65,48.15,1.85,55.34,49.63,51.36,57.87,57.87,0,,,49.63,,0,,0,,,,,
2022-04-18,53.73,54.42,52.84,53.68,18237871,58.65,48.15,1.83,53.97,49.45,51.49,57.87,57.87,0,,,49.45,,0,,0,,,,,
2022-04-19,54.27,55.16,51.95,52.84,26507027,58.63,48.15,1.93,50.23,48.85,51.6,57.87,57.87,0,,,48.85,,0,,0,,,,,
2022-04-20,53.04,53.78,52.4,53.14,17850871,58.62,48.15,1.89,51.52,49.06,51.75,57.87,57.87,0,,,49.06,,0,,0,,,,,
2022-04-21,53.38,54.37,53.34,53.98,18520814,58.62,48.55,1.84,55.04,49.77,51.94,57.87,57.87,0,,,49.77,,0,,0,,,,,
2022-04-22,53.73,54.91,53.09,53.24,21803030,58.59,48.55,1.84,51.49,49.3,52.07,57.87,57.87,0,,,49.3,,0,,0,,,,,
2022-04-25,52.55,52.55,50.62,51.02,31725522,58.55,48.8,1.9,42.61,47.91,52.11,57.87,57.87,0,,,47.91,,0,,0,,,,,
2022-04-26,51.56,52.4,51.21,52.25,21251537,58.51,50.62,1.86,47.97,49.33,52.17,57.87,57.87,0,,,49.33,,0,,0,,,,,
2022-04-27,51.81,52.69,51.07,51.9,19789916,58.49,50.62,1.84,46.63,49.12,52.19,57.87,57.87,0,,,49.12,,0,,0,,,,,
2022-04-28,52.3,53.43,51.51,53.09,24440581,58.49,50.62,1.85,51.56,49.88,52.28,57.87,57.87,0,,,49.88,,0,,0,,,,,
2022-04-29,53.48,54.12,51.76,51.95,20369122,58.48,50.62,1.89,47.08,49.12,52.36,57.87,57.87,0,,,49.12,,0,,0,,,,,
2022-05-02,51.51,51.9,50.67,51.71,16280662,58.45,50.62,1.84,46.17,49.0,52.4,57.87,57.87,0,,,49.0,,0,,0,,,,,
2022-05-04,51.81,53.68,51.16,51.66,32442013,58.41,50.62,1.89,45.97,48.93,52.43,57.87,57.87,0,,,48.93,,0,,0,,,,,
2022-05-05,52.25,54.72,52.1,53.14,43687971,58.4,50.62,1.97,52.51,49.83,52.54,57.87,57.87,0,,,49.83,,0,,0,,,,,
2022-05-06,52.25,52.25,49.83,50.37,37146290,58.36,49.83,2.07,42.21,47.72,52.54,57.87,57.87,0,,,47.72,,0,,0,,,,,
2022-05-09,50.08,50.18,48.15,48.75,32286106,58.29,48.15,2.08,37.57,46.11,52.48,57.87,57.87,0,,,46.11,,0,,0,,,,,
2022-05-10,48.6,49.88,47.46,47.71,23048696,58.19,47.46,2.1,34.91,45.19,52.38,56.94,57.87,0,,,45.19,,0,,0,,,,,
2022-05-11,48.3,48.35,45.0,46.23,31708100,58.07,45.0,2.19,31.5,43.36,52.22,56.94,56.94,0,,,43.36,,0,,0,,,,,
2022-05-12,45.64,45.93,43.91,44.8,29606312,57.94,43.91,2.2,28.6,42.06,52.07,55.85,56.94,0,,,42.06,,0,,0,,,,,
2022-05-13,45.79,47.22,45.44,45.69,28207461,57.82,43.91,2.22,32.75,42.63,51.98,55.16,55.85,0,,,42.63,,0,,0,,,,,
2022-05-16,46.38,48.45,45.44,48.01,27593828,57.7,43.91,2.27,42.2,44.09,51.93,55.16,55.16,0,,,44.09,,0,,0,,,,,
2022-05-17,49.24,49.49,48.06,49.29,22875497,57.61,43.91,2.22,46.66,44.95,51.95,55.16,55.16,0,,,44.95,,0,,0,,,,,
2022-05-18,49.14,49.68,48.75,49.14,20804686,57.52,43.91,2.13,46.21,44.91,51.82,54.91,55.16,0,,,44.91,,0,,0,,,,,
2022-05-19,47.86,49.44,47.37,48.7,24918767,57.42,43.91,2.12,44.84,44.63,51.65,54.91,54.91,0,,,44.63,,0,,0,,,,,
2022-05-20,49.34,52.79,49.34,52.4,52063254,57.33,43.91,2.26,56.48,46.93,51.55,54.91,54.91,0,,,46.93,,0,,0,,,,,
2022-05-23,54.47,55.06,50.18,50.42,62079730,57.2,43.91,2.45,50.36,45.52,51.37,55.06,54.91,0,,,45.52,,0,,0,,,,,
2022-05-24,50.72,50.82,49.39,49.73,23518464,57.03,43.91,2.38,48.39,45.13,51.17,55.06,55.06,0,,,45.13,,0,,0,,,,,
2022-05-25,50.08,50.13,48.25,48.65,20752902,56.87,43.91,2.34,45.4,44.46,50.93,55.06,55.06,0,,,44.46,,0,,0,,,,,
2022-05-26,48.8,49.83,47.07,49.54,31516573,56.7,43.91,2.37,48.24,45.01,50.72,55.06,55.06,0,,,45.01,,0,,0,,,,,
2022-05-27,49.83,50.67,49.49,50.47,22624272,56.58,43.91,2.29,51.1,45.67,50.58,55.06,55.06,0,,,45.67,,0,,0,,,,,
2022-05-30,51.11,51.36,50.62,50.92,15618484,56.44,43.91,2.19,52.47,46.02,50.48,55.06,55.06,0,,,46.02,,0,,0,,,,,
2022-05-31,50.77,51.46,50.33,50.52,13815189,56.31,43.91,2.11,51.1,45.81,50.38,55.06,55.06,0,,,45.81,,0,,0,,,,,
2022-06-01,50.82,51.71,50.52,51.02,19031052,56.19,43.91,2.05,52.76,46.18,50.31,55.06,55.06,0,,,46.18,,0,,0,,,,,
2022-06-02,50.97,51.71,50.77,51.51,14396611,56.08,45.44,1.97,54.39,47.06,50.26,55.06,55.06,0,,,47.06,,0,,0,,,,,
2022-06-03,51.86,52.0,49.78,49.93,16818510,55.95,45.44,1.98,48.56,46.03,50.13,55.06,55.06,0,,,46.03,,0,,0,,,,,
2022-06-06,49.73,50.52,49.09,50.33,13106186,55.82,47.07,1.94,50.02,46.86,50.03,55.06,55.06,0,,,46.86,,0,,0,,,,,
2022-06-07,50.33,50.67,49.44,49.83,12461144,55.7,47.07,1.89,48.18,46.57,49.99,55.06,55.06,0,,,46.57,,0,,0,,,,,
2022-06-08,50.18,50.62,49.49,49.93,13141747,55.58,47.07,1.84,48.59,46.67,49.91,55.06,55.06,0,,,46.67,,0,,0,,,,,
2022-06-09,49.73,50.23,49.39,50.03,10558307,55.45,47.07,1.77,49.02,46.78,49.85,55.06,55.06,0,,,46.78,,0,,0,,,,,
2022-06-10,49.39,49.83,48.85,49.14,12084428,55.3,47.07,1.73,45.36,46.23,49.72,55.06,55.06,0,,,46.23,,0,,0,,,,,
2022-06-13,48.35,48.55,46.63,46.82,17092346,55.14,46.63,1.78,37.51,44.55,49.55,55.06,55.06,0,,,44.55,,0,,0,,,,,
2022-06-14,46.87,47.91,46.48,46.92,14122032,54.98,46.48,1.76,38.01,44.59,49.39,55.06,55.06,0,,,44.59,,0,,0,,,,,
2022-06-15,47.37,47.46,46.67,46.87,10067299,54.81,46.48,1.69,37.85,44.6,49.23,55.06,55.06,0,,,44.6,,0,,0,,,,,
2022-06-16,47.27,47.56,44.7,45.0,18970107,54.64,44.7,1.77,32.29,42.74,48.96,55.06,55.06,0,,,42.74,,0,,0,,,,,
2022-06-17,45.0,45.19,44.01,44.26,19423105,54.5,44.01,1.73,30.39,42.06,48.75,55.06,55.06,0,,,42.06,,0,,0,,,,,
2022-06-20,44.65,44.75,40.85,41.54,29513123,54.35,40.85,1.88,24.64,39.15,48.51,52.0,55.06,0,,,39.15,,0,,0,,,,,
2022-06-21,42.92,44.36,41.84,44.16,22661754,54.22,40.85,1.95,37.0,40.8,48.39,52.0,52.0,0,,,40.8,,0,,0,,,,,
2022-06-22,44.11,44.11,42.78,43.07,15810723,54.08,40.85,1.91,34.47,40.12,48.29,52.0,52.0,0,,,40.12,,0,,0,,,,,
2022-06-23,43.32,44.16,42.92,43.71,18750796,53.95,40.85,1.86,37.19,40.57,48.25,52.0,52.0,0,,,40.57,,0,,0,,,,,
2022-06-24,43.96,45.15,43.91,44.95,14019484,53.83,40.85,1.83,42.19,41.39,48.23,52.0,52.0,0,,,41.39,,0,,0,,,,,
2022-06-27,45.49,46.03,45.29,45.34,12631665,53.72,40.85,1.78,43.71,41.68,48.14,52.0,52.0,0,,,41.68,,0,,0,,,,,
2022-06-28,44.95,45.84,44.8,45.69,10726671,53.63,40.85,1.73,45.1,41.94,48.02,52.0,52.0,0,,,41.94,,0,,0,,,,,
2022-06-29,45.59,45.84,45.05,45.54,12444297,53.52,40.85,1.66,44.59,41.88,47.9,52.0,52.0,0,,,41.88,,0,,0,,,,,
2022-06-30,45.44,46.03,44.16,44.36,12928130,53.4,40.85,1.67,40.7,41.11,47.75,52.0,52.0,0,,,41.11,,0,,0,,,,,
2022-07-01,44.21,45.19,43.81,45.05,11083459,53.29,40.85,1.65,43.79,41.57,47.51,50.67,52.0,0,,,41.57,,0,,0,,,,,
2022-07-04,44.8,45.49,44.5,45.1,8313484,53.2,40.85,1.61,44.02,41.64,47.33,50.67,50.67,0,,,41.64,,0,,0,,,,,
2022-07-05,45.29,45.74,44.4,44.6,10855459,53.12,40.85,1.59,42.18,41.33,47.16,50.62,50.67,0,,,41.33,,0,,0,,,,,
2022-07-06,44.6,45.49,43.81,45.34,13265068,53.03,40.85,1.59,45.79,41.8,47.05,50.23,50.62,0,,,41.8,,0,,0,,,,,
2022-07-07,45.64,46.53,45.54,46.38,12754453,52.95,40.85,1.56,50.47,42.49,46.94,49.83,50.23,0,,,42.49,,0,,0,,,,,
2022-07-08,46.63,46.77,45.98,46.43,9073561,52.86,40.85,1.51,50.69,42.56,46.81,48.55,49.83,0,,,42.56,,0,,0,,,,,
2022-07-11,46.13,47.56,45.98,47.41,15327095,52.78,41.84,1.51,54.93,43.52,46.69,47.91,48.55,0,,,43.52,,0,,0,,,,,
2022-07-12,47.27,49.04,46.87,47.86,26846741,52.69,42.78,1.56,56.77,44.09,46.6,49.04,47.91,0,,,44.09,,0,,0,,,,,
2022-07-13,48.11,48.3,47.41,47.71,11393802,52.6,42.92,1.51,55.95,44.07,46.49,49.04,49.04,0,,,44.07,,0,,0,,,,,
2022-07-14,47.86,48.85,47.56,48.6,17190244,52.52,43.81,1.5,59.66,44.95,46.4,49.04,49.04,0,,,44.95,,0,,0,,,,,
2022-07-15,48.7,49.04,48.15,48.89,14733964,52.42,43.81,1.45,60.82,45.17,46.36,49.04,49.04,0,,,45.17,,0,,0,,,,,
2022-07-18,49.14,50.03,49.14,49.78,15327967,52.33,43.81,1.43,64.22,45.76,46.34,50.03,49.04,0,,,45.76,,0,,0,,,,,
2022-07-19,49.73,50.97,49.63,50.52,17326606,52.24,43.81,1.42,66.8,46.24,46.37,50.97,50.03,0,,,46.24,,0,,0,,,,,
2022-07-20,50.92,51.02,49.88,50.08,12672579,52.15,43.81,1.4,63.86,45.97,46.37,51.02,50.97,0,,,45.97,,0,,0,,,,,
2022-07-21,50.28,53.24,49.88,52.74,31402684,52.08,43.81,1.54,71.92,47.59,46.46,53.24,51.02,1,52.74,47.59,47.59,47.59,1,2022-07-21,0,,,40,,
2022-07-22,53.04,53.24,51.51,52.35,23174430,52.0,43.81,1.56,69.47,47.33,46.57,53.24,53.24,0,,,47.33,47.59,1,2022-07-21,1,52.0,SMA150_BREAK,40,2,-1.41
2022-07-25,52.3,53.29,52.15,53.14,22259520,51.96,43.81,1.53,71.59,47.86,46.78,53.29,53.24,0,,,47.86,,0,,0,,,,,
2022-07-26,53.24,53.29,50.87,51.31,19616877,51.92,43.81,1.59,61.06,46.64,46.93,53.29,53.29,0,,,46.64,,0,,0,,,,,
2022-07-27,51.36,52.45,51.31,52.0,14565909,51.89,45.54,1.56,63.25,47.68,47.1,53.29,53.29,0,,,47.68,,0,,0,,,,,
2022-07-28,52.05,52.79,51.46,52.55,15680825,51.86,45.98,1.54,64.95,48.19,47.35,53.29,53.29,0,,,48.19,,0,,0,,,,,
2022-07-29,52.99,54.03,52.89,53.14,19856494,51.83,45.98,1.54,66.72,48.58,47.64,54.03,53.29,0,,,48.58,,0,,0,,,,,
2022-08-01,53.73,54.47,53.09,53.98,22164390,51.81,46.87,1.53,69.12,49.42,48.06,54.47,54.03,0,,,49.42,,0,,0,,,,,
2022-08-02,53.83,54.72,53.53,53.83,19199618,51.79,47.41,1.5,68.17,49.52,48.38,54.72,54.47,0,,,49.52,,0,,0,,,,,
2022-08-03,53.93,54.08,51.66,52.5,21585274,51.76,47.56,1.57,60.31,48.67,48.7,54.72,54.72,0,,,48.67,,0,,0,,,,,
2022-08-04,52.79,53.14,51.31,51.95,29617217,51.72,48.15,1.59,57.36,48.5,48.97,54.72,54.72,0,,,48.5,,0,,0,,,,,
2022-08-05,51.36,52.05,50.82,50.97,18574304,51.69,49.14,1.56,52.44,48.21,49.17,54.72,54.72,0,,,48.21,,0,,0,,,,,
2022-08-08,51.02,51.86,50.92,51.16,17681708,51.64,49.63,1.52,53.28,48.53,49.37,54.72,54.72,0,,,48.53,,0,,0,,,,,
2022-08-10,51.07,52.25,50.67,51.95,15013045,51.59,49.88,1.52,56.69,49.12,49.57,54.72,54.72,0,,,49.12,,0,,0,,,,,
2022-08-11,52.3,52.79,51.95,52.2,12114335,51.54,49.88,1.47,57.74,49.31,49.8,54.72,54.72,0,,,49.31,,0,,0,,,,,
2022-08-12,52.2,52.79,52.1,52.2,10763916,51.49,50.67,1.42,57.74,49.61,50.06,54.72,54.72,0,,,49.61,,0,,0,,,,,
2022-08-16,52.5,53.38,52.2,53.19,13280628,51.45,50.67,1.4,61.98,50.26,50.33,54.72,54.72,0,,,50.26,,0,,0,,,,,
2022-08-17,53.24,53.53,52.79,53.04,11873959,51.42,50.67,1.35,60.98,50.2,50.59,54.72,54.72,0,,,50.2,,0,,0,,,,,
2022-08-18,52.94,55.8,52.6,55.46,51698789,51.37,50.67,1.48,69.51,51.67,50.96,55.8,54.72,1,55.46,51.67,51.67,51.67,1,2022-08-18,0,,,41,,
2022-08-19,55.85,55.95,53.14,53.38,24153753,51.32,50.67,1.58,57.81,50.27,51.22,55.95,55.8,0,,,50.27,51.67,1,2022-08-18,0,,,41,,
2022-08-22,53.38,53.38,51.36,51.61,15731612,51.26,50.67,1.61,50.09,49.1,51.4,55.95,55.95,0,,,49.1,51.67,1,2022-08-18,1,51.67,TRAILING_STOP,41,3,-6.83
2022-08-23,51.26,52.5,51.07,52.35,14839367,51.19,50.67,1.6,52.92,49.59,51.6,55.95,55.95,0,,,49.59,,0,,0,,,,,
2022-08-24,52.35,52.79,51.81,52.55,13850255,51.12,50.67,1.55,53.68,49.75,51.77,55.95,55.95,0,,,49.75,,0,,0,,,,,
2022-08-25,52.79,58.42,52.79,56.69,123809633,51.08,50.67,1.86,66.0,52.21,52.06,58.42,55.95,1,56.69,52.21,52.21,52.21,1,2022-08-25,0,,,42,,
2022-08-26,57.23,57.97,56.74,57.08,35382649,51.06,50.67,1.82,66.89,52.49,52.37,58.42,58.42,0,,,52.49,52.49,1,2022-08-25,0,,,42,,
2022-08-29,55.26,59.9,54.86,58.42,64083519,51.05,50.67,2.05,69.83,53.2,52.7,59.9,58.42,0,,,53.2,53.2,1,2022-08-25,0,,,42,,
2022-08-30,59.21,59.31,57.73,58.02,24352411,51.03,50.67,2.02,67.89,52.97,53.0,59.9,59.9,0,,,52.97,53.2,1,2022-08-25,0,,,42,,
2022-09-01,57.83,60.19,57.23,59.35,33962599,51.03,50.67,2.08,70.79,53.78,53.32,60.19,59.9,0,,,53.78,53.78,1,2022-08-25,0,,,42,,
2022-09-02,60.34,60.54,58.22,58.52,35218282,51.04,51.07,2.1,66.74,53.37,53.59,60.54,60.19,0,,,53.37,53.78,1,2022-08-25,0,,,42,,
2022-09-05,58.52,60.54,58.52,59.7,29311116,51.06,51.07,2.1,69.42,54.13,53.91,60.54,60.54,0,,,54.13,54.13,1,2022-08-25,0,,,42,,
2022-09-06,59.95,60.88,59.6,60.0,29811637,51.07,51.07,2.04,70.08,54.37,54.15,60.88,60.54,0,,,54.37,54.37,1,2022-08-25,0,,,42,,
2022-09-07,59.8,61.82,59.65,61.28,40008816,51.1,51.07,2.05,72.77,55.18,54.45,61.82,60.88,1,61.28,55.18,55.18,55.18,1,2022-08-25,0,,,42,,
2022-09-08,62.07,62.86,61.92,62.22,46822765,51.13,51.07,2.01,74.59,55.81,54.75,62.86,61.82,0,,,55.81,55.81,1,2022-08-25,0,,,42,,
2022-09-09,63.01,64.24,62.61,63.35,58624534,51.16,51.07,2.01,76.6,56.54,55.15,64.24,62.86,0,,,56.54,56.54,1,2022-08-25,0,,,42,,
2022-09-12,63.45,63.65,62.46,62.96,20900641,51.19,51.07,1.95,74.41,56.33,55.52,64.24,64.24,0,,,56.33,56.54,1,2022-08-25,0,,,42,,
2022-09-13,63.15,63.6,62.27,62.46,16512339,51.21,51.07,1.91,71.58,56.04,55.85,64.24,64.24,0,,,56.04,56.54,1,2022-08-25,0,,,42,,
2022-09-14,60.59,62.76,60.59,62.27,21610596,51.23,51.81,1.93,70.48,56.15,56.15,64.24,64.24,0,,,56.15,56.54,1,2022-08-25,0,,,42,,
2022-09-15,62.66,62.81,60.92,61.27,19845442,51.26,52.79,1.93,64.85,55.83,56.4,64.24,64.24,0,,,55.83,56.54,1,2022-08-25,0,,,42,,
2022-09-16,61.17,61.67,58.34,58.99,27215734,51.29,54.86,2.03,54.21,54.98,56.57,64.24,64.24,0,,,54.98,56.54,1,2022-08-25,0,,,42,,
2022-09-19,59.14,59.88,58.59,58.79,14671038,51.32,54.86,1.97,53.38,54.89,56.78,64.24,64.24,0,,,54.89,56.54,1,2022-08-25,0,,,42,,
2022-09-20,59.29,60.58,59.24,59.68,14192397,51.34,57.23,1.96,56.56,56.26,57.04,64.24,64.24,0,,,56.26,56.54,1,2022-08-25,0,,,42,,
2022-09-21,59.73,60.08,58.44,58.69,13977349,51.36,57.23,1.94,52.29,55.64,57.29,64.24,64.24,0,,,55.64,56.54,1,2022-08-25,0,,,42,,
2022-09-22,58.64,59.53,57.7,58.99,16097084,51.4,57.7,1.93,53.44,56.0,57.56,64.24,64.24,0,,,56.0,56.54,1,2022-08-25,0,,,42,,
2022-09-23,59.24,59.73,57.25,57.6,20665995,51.43,57.25,1.97,47.72,54.92,57.74,64.24,64.24,0,,,54.92,56.54,1,2022-08-25,0,,,42,,
2022-09-26,57.35,57.35,54.52,54.97,23220636,51.43,54.52,2.05,39.17,52.26,57.84,64.24,64.24,0,,,52.26,56.54,1,2022-08-25,1,56.54,TRAILING_STOP,42,22,-0.26
2022-09-27,55.26,55.86,54.37,55.56,16032426,51.44,54.37,2.01,41.69,52.62,57.95,64.24,64.24,0,,,52.62,,0,,0,,,,,
2022-09-28,55.81,57.15,54.97,56.65,29709270,51.47,54.37,2.02,46.14,53.32,58.06,64.24,64.24,0,,,53.32,,0,,0,,,,,
2022-09-29,57.05,58.34,57.0,58.09,22008219,51.53,54.37,2.0,51.41,54.26,58.23,64.24,64.24,0,,,54.26,,0,,0,,,,,
2022-09-30,58.05,59.93,57.75,59.48,19809915,51.6,54.37,2.01,55.89,55.15,58.37,64.24,64.24,0,,,55.15,,0,,0,,,,,
2022-10-03,59.88,61.37,59.48,60.13,33110061,51.67,54.37,2.0,57.85,55.57,58.59,64.24,64.24,0,,,55.57,,0,,0,,,,,
2022-10-04,60.97,61.97,60.68,61.57,19488969,51.79,54.37,1.99,61.89,56.51,58.92,64.24,64.24,0,,,56.51,,0,,0,,,,,
2022-10-06,62.07,63.71,62.07,63.41,33973394,51.9,54.37,2.0,66.33,57.69,59.29,64.24,64.24,0,,,57.69,,0,,0,,,,,
2022-10-07,63.31,63.76,62.32,63.46,16854426,51.99,54.37,1.96,66.45,57.75,59.66,64.24,64.24,0,,,57.75,,0,,0,,,,,
2022-10-10,62.32,63.26,61.92,62.76,16294745,52.08,54.37,1.93,63.21,57.32,59.86,63.76,64.24,0,,,57.32,,0,,0,,,,,
2022-10-11,62.96,63.26,60.23,60.53,19652471,52.15,54.37,2.01,54.15,55.83,59.97,63.76,63.76,0,,,55.83,,0,,0,,,,,
2022-10-12,60.97,61.47,59.63,61.17,15229878,52.23,54.37,2.0,56.1,56.25,60.06,63.76,63.76,0,,,56.25,,0,,0,,,,,
2022-10-13,61.47,61.92,59.88,60.23,13430722,52.31,54.37,2.0,52.57,55.64,60.14,63.76,63.76,0,,,55.64,,0,,0,,,,,
2022-10-14,62.02,62.46,60.92,61.12,21693441,52.39,54.37,2.02,55.43,56.2,60.2,63.76,63.76,0,,,56.2,,0,,0,,,,,
2022-10-17,61.07,62.71,59.93,62.51,20535097,52.48,54.37,2.07,59.53,57.06,60.33,63.76,63.76,0,,,57.06,,0,,0,,,,,
2022-10-18,62.86,68.72,62.17,67.73,139761163,52.59,54.37,2.39,70.5,60.22,60.6,68.72,63.76,1,67.73,60.22,60.22,60.22,1,2022-10-18,0,,,43,,
2022-10-19,67.73,69.66,66.09,67.08,68570758,52.7,54.97,2.48,68.03,59.94,60.83,69.66,68.72,0,,,59.94,60.22,1,2022-10-18,0,,,43,,
2022-10-20,66.83,67.23,65.54,65.99,27874547,52.8,57.0,2.42,63.97,59.95,60.99,69.66,69.66,0,,,59.95,60.22,1,2022-10-18,0,,,43,,
2022-10-21,66.19,66.88,63.8,64.85,29166961,52.9,57.75,2.47,59.95,59.43,61.08,69.66,69.66,0,,,59.43,60.22,1,2022-10-18,0,,,43,,
2022-10-24,66.14,66.14,65.34,65.79,4732523,53.01,59.48,2.38,62.07,60.67,61.16,69.66,69.66,0,,,60.67,60.67,1,2022-10-18,0,,,43,,
2022-10-25,66.39,71.25,66.04,70.61,133272405,53.14,59.63,2.6,70.64,63.69,61.41,71.25,69.66,1,70.61,63.69,63.69,63.69,1,2022-10-18,0,,,43,,
2022-10-27,71.1,72.99,70.11,72.39,56975973,53.29,59.63,2.62,73.06,64.82,61.75,72.99,71.25,0,,,64.82,64.82,1,2022-10-18,0,,,43,,
2022-10-28,72.74,74.23,71.35,72.94,70321148,53.44,59.63,2.64,73.78,65.16,62.1,74.23,72.99,0,,,65.16,65.16,1,2022-10-18,0,,,43,,
2022-10-31,73.24,74.18,72.44,73.54,32571520,53.59,59.63,2.58,74.58,65.59,62.51,74.23,74.23,0,,,65.59,65.59,1,2022-10-18,0,,,43,,
2022-11-01,73.49,76.12,73.09,75.52,61773051,53.76,59.63,2.61,77.06,66.85,63.06,76.12,74.23,1,75.52,66.85,66.85,66.85,1,2022-10-18,0,,,43,,
2022-11-02,75.47,76.07,73.54,74.13,40551107,53.91,59.63,2.6,71.77,65.96,63.57,76.12,76.12,0,,,65.96,66.85,1,2022-10-18,0,,,43,,
2022-11-03,73.49,75.62,73.19,74.83,22652092,54.08,59.88,2.59,72.78,66.5,64.08,76.12,76.12,0,,,66.5,66.85,1,2022-10-18,0,,,43,,
2022-11-04,74.93,76.91,74.83,75.52,28838769,54.26,59.93,2.55,73.78,66.98,64.64,76.91,76.12,0,,,66.98,66.98,1,2022-10-18,0,,,43,,
2022-11-07,76.07,76.67,74.93,75.32,25692239,54.43,59.93,2.5,72.95,66.89,65.18,76.91,76.91,0,,,66.89,66.98,1,2022-10-18,0,,,43,,
2022-11-09,75.62,75.92,73.88,74.28,24940437,54.61,62.17,2.46,68.59,66.99,65.74,76.91,76.91,0,,,66.99,66.99,1,2022-10-18,0,,,43,,
2022-11-10,74.18,75.87,73.83,75.03,23204614,54.75,63.8,2.43,69.98,68.04,66.41,76.91,76.91,0,,,68.04,68.04,1,2022-10-18,0,,,43,,
2022-11-11,76.47,76.47,73.39,73.98,29429192,54.89,63.8,2.48,65.6,67.33,67.02,76.91,76.91,0,,,67.33,68.04,1,2022-10-18,0,,,43,,
2022-11-14,68.82,72.64,68.57,70.91,76991767,54.99,63.8,2.69,54.8,65.21,67.5,76.91,76.91,0,,,65.21,68.04,1,2022-10-18,0,,,43,,
2022-11-15,70.41,70.86,69.61,69.86,14960753,55.08,65.34,2.59,51.66,65.11,67.89,76.91,76.91,0,,,65.11,68.04,1,2022-10-18,0,,,43,,
2022-11-16,70.16,71.15,69.42,70.11,14645687,55.18,66.04,2.53,52.36,65.55,68.24,76.91,76.91,0,,,65.55,68.04,1,2022-10-18,0,,,43,,
2022-11-17,70.01,70.76,69.66,69.86,9283135,55.27,68.57,2.43,51.56,66.3,68.57,76.91,76.91,0,,,66.3,68.04,1,2022-10-18,0,,,43,,
2022-11-18,70.01,70.51,69.12,70.26,10058932,55.37,68.57,2.35,52.8,66.61,68.86,76.91,76.91,0,,,66.61,68.04,1,2022-10-18,0,,,43,,
2022-11-21,70.16,71.75,70.11,71.55,19613606,55.48,68.57,2.3,56.68,67.47,69.13,76.91,76.91,0,,,67.47,68.04,1,2022-10-18,0,,,43,,
2022-11-22,71.75,74.78,70.51,73.54,49800129,55.61,68.57,2.44,61.87,68.66,69.46,76.91,76.91,0,,,68.66,68.66,1,2022-10-18,0,,,43,,
2022-11-23,74.18,75.67,73.64,74.43,29457345,55.75,68.57,2.42,63.95,69.25,69.85,76.91,76.91,0,,,69.25,69.25,1,2022-10-18,0,,,43,,
2022-11-24,74.78,75.42,73.88,74.28,13578346,55.89,68.57,2.36,63.33,69.2,70.31,76.91,76.91,0,,,69.2,69.25,1,2022-10-18,0,,,43,,
2022-11-25,74.88,81.68,74.78,81.38,125076142,56.08,68.57,2.72,75.56,73.54,70.99,81.68,76.91,1,81.38,73.54,73.54,73.54,1,2022-10-18,0,,,43,,
2022-11-28,82.42,84.26,80.59,80.84,77942912,56.26,68.57,2.79,73.55,73.14,71.67,84.26,81.68,0,,,73.14,73.54,1,2022-10-18,0,,,43,,
2022-11-29,81.23,81.98,80.09,80.49,23237977,56.44,68.57,2.72,72.21,72.96,72.32,84.26,84.26,0,,,72.96,73.54,1,2022-10-18,0,,,43,,
2022-11-30,80.98,83.42,80.98,83.12,39048501,56.66,68.57,2.74,75.78,74.65,73.01,84.26,84.26,0,,,74.65,74.65,1,2022-10-18,0,,,43,,
2022-12-01,83.42,84.81,82.47,84.06,35582972,56.87,68.57,2.71,76.92,75.27,73.55,84.81,84.26,0,,,75.27,75.27,1,2022-10-18,0,,,43,,
2022-12-02,84.56,90.62,84.21,89.92,151605821,57.12,68.57,2.98,82.47,78.87,74.31,90.62,84.81,1,89.92,78.87,78.87,78.87,1,2022-10-18,0,,,43,,
2022-12-05,90.72,90.92,86.5,87.04,54166041,57.35,69.12,3.09,73.16,77.12,75.01,90.92,90.62,0,,,77.12,78.87,1,2022-10-18,0,,,43,,
2022-12-06,86.74,88.18,86.25,87.39,30697492,57.58,69.12,3.0,73.55,77.4,75.76,90.92,90.92,0,,,77.4,78.87,1,2022-10-18,0,,,43,,
2022-12-07,87.39,87.84,85.4,86.55,23086451,57.82,69.12,2.96,70.88,76.89,76.46,90.92,90.92,0,,,76.89,78.87,1,2022-10-18,0,,,43,,
2022-12-08,86.3,87.64,85.3,86.84,25351714,58.05,69.12,2.92,71.27,77.11,77.0,90.92,90.92,0,,,77.11,78.87,1,2022-10-18,0,,,43,,
2022-12-09,87.34,89.03,83.82,84.91,40894739,58.26,70.11,3.08,65.07,76.08,77.41,90.92,90.92,0,,,76.08,78.87,1,2022-10-18,0,,,43,,
2022-12-12,85.26,86.5,83.47,86.15,18971694,58.5,70.51,3.08,67.05,77.02,77.85,90.92,90.92,0,,,77.02,78.87,1,2022-10-18,0,,,43,,
2022-12-13,86.4,86.79,84.41,85.06,11420243,58.74,73.64,3.03,63.63,77.39,78.24,90.92,90.92,0,,,77.39,78.87,1,2022-10-18,0,,,43,,
2022-12-14,85.5,86.15,84.46,85.01,11608268,58.99,73.88,2.93,63.47,77.5,78.56,90.92,90.92,0,,,77.5,78.87,1,2022-10-18,0,,,43,,
2022-12-15,85.16,86.5,82.92,83.37,15595022,59.24,74.78,2.98,58.29,76.71,78.86,90.92,90.92,0,,,76.71,78.87,1,2022-10-18,0,,,43,,
2022-12-16,83.42,83.91,79.69,80.24,26157996,59.48,79.69,3.07,49.93,76.27,79.04,90.92,90.92,0,,,76.27,78.87,1,2022-10-18,0,,,43,,
2022-12-19,80.69,83.52,79.99,83.22,25190170,59.73,79.69,3.1,56.35,78.17,79.3,90.92,90.92,0,,,78.17,78.87,1,2022-10-18,0,,,43,,
2022-12-20,83.12,83.77,80.94,83.42,18459170,59.96,79.69,3.08,56.75,78.31,79.57,90.92,90.92,0,,,78.31,78.87,1,2022-10-18,0,,,43,,
2022-12-21,83.72,86.45,80.04,80.59,60162462,60.17,79.69,3.32,49.78,76.33,79.78,90.92,90.92,0,,,76.33,78.87,1,2022-10-18,0,,,43,,
2022-12-22,81.13,81.53,77.86,78.35,32843415,60.37,77.86,3.34,45.06,74.26,79.89,90.92,90.92,0,,,74.26,78.87,1,2022-10-18,1,78.87,TRAILING_STOP,43,46,16.44
2022-12-23,77.61,78.3,72.99,73.44,33814978,60.53,72.99,3.49,36.82,69.37,79.87,90.92,90.92,0,,,69.37,,0,,0,,,,,
2022-12-26,73.49,77.01,72.59,76.32,28743927,60.69,72.59,3.55,43.36,71.05,80.05,90.92,90.92,0,,,71.05,,0,,0,,,,,
2022-12-27,77.06,77.76,75.97,77.16,20578890,60.87,72.59,3.43,45.15,71.68,80.3,90.92,90.92,0,,,71.68,,0,,0,,,,,
2022-12-28,77.11,77.76,76.12,76.67,13477427,61.05,72.59,3.3,44.27,71.45,80.52,90.92,90.92,0,,,71.45,,0,,0,,,,,
2022-12-29,76.37,79.35,75.32,78.3,22698606,61.25,72.59,3.35,47.89,72.46,80.8,90.92,90.92,0,,,72.46,,0,,0,,,,,
2022-12-30,78.95,79.79,78.25,78.65,21058183,61.44,72.59,3.22,48.67,72.78,81.08,90.92,90.92,0,,,72.78,,0,,0,,,,,
2023-01-02,79.0,81.08,78.65,79.59,18024909,61.63,72.59,3.17,50.77,73.42,81.34,89.03,90.92,0,,,73.42,,0,,0,,,,,
2023-01-03,80.09,80.69,79.3,79.79,14562959,61.83,72.59,3.04,51.23,73.63,81.55,89.03,89.03,0,,,73.63,,0,,0,,,,,
2023-01-04,80.04,80.04,77.06,78.65,19770399,62.01,72.59,3.04,48.46,72.9,81.69,89.03,89.03,0,,,72.9,,0,,0,,,,,
2023-01-05,78.65,81.58,78.65,81.38,32813046,62.22,72.59,3.03,54.77,74.67,81.93,89.03,89.03,0,,,74.67,,0,,0,,,,,
2023-01-06,81.73,82.92,80.54,81.18,25418809,62.41,72.59,2.98,54.25,74.57,81.92,86.79,89.03,0,,,74.57,,0,,0,,,,,
2023-01-09,81.78,82.18,80.19,80.89,14591225,62.62,72.59,2.91,53.45,74.43,81.92,86.79,86.79,0,,,74.43,,0,,0,,,,,
2023-01-10,80.89,81.08,77.76,79.3,15654141,62.81,72.59,2.94,49.17,73.39,81.89,86.5,86.79,0,,,73.39,,0,,0,,,,,
2023-01-11,79.35,80.89,78.55,80.44,12606176,63.02,72.59,2.9,52.13,74.15,81.8,86.5,86.5,0,,,74.15,,0,,0,,,,,
2023-01-12,80.84,80.84,78.55,79.45,11149830,63.21,72.59,2.85,49.44,73.54,81.64,86.45,86.5,0,,,73.54,,0,,0,,,,,
2023-01-13,79.69,80.74,79.05,80.14,11720884,63.42,72.59,2.77,51.33,74.04,81.32,86.45,86.45,0,,,74.04,,0,,0,,,,,
2023-01-16,80.39,81.23,78.95,79.2,8801145,63.62,75.32,2.74,48.66,74.37,81.06,86.45,86.45,0,,,74.37,,0,,0,,,,,
2023-01-17,79.35,79.64,77.96,79.25,9659104,63.83,75.32,2.66,48.82,74.45,80.78,86.45,86.45,0,,,74.45,,0,,0,,,,,
2023-01-18,79.45,80.64,79.0,80.34,12217656,64.05,75.32,2.59,52.14,75.2,80.58,82.92,86.45,0,,,75.2,,0,,0,,,,,
2023-01-19,80.39,81.23,79.05,79.45,11636323,64.27,77.06,2.56,49.32,75.23,80.33,82.92,82.92,0,,,75.23,,0,,0,,,,,
2023-01-20,80.14,82.77,79.74,80.24,34188777,64.51,77.06,2.61,51.81,75.7,80.17,82.92,82.92,0,,,75.7,,0,,0,,,,,
2023-01-23,80.54,80.89,78.95,79.64,10598963,64.74,77.06,2.56,49.81,75.34,79.96,82.92,82.92,0,,,75.34,,0,,0,,,,,
2023-01-24,79.79,80.14,77.66,78.01,11680665,64.99,77.06,2.56,44.75,74.3,79.72,82.92,82.92,0,,,74.3,,0,,0,,,,,
2023-01-25,77.96,78.06,75.72,76.17,12122314,65.2,75.72,2.54,39.83,72.67,79.43,82.92,82.92,0,,,72.67,,0,,0,,,,,
2023-01-27,76.17,76.67,71.15,72.74,24286328,65.4,71.15,2.76,32.63,68.8,79.07,82.92,82.92,0,,,68.8,,0,,0,,,,,
2023-01-30,72.64,74.23,72.2,73.54,15140765,65.6,71.15,2.7,35.56,69.35,78.85,82.92,82.92,0,,,69.35,,0,,0,,,,,
2023-01-31,73.88,78.35,73.49,77.86,21605272,65.82,71.15,2.86,48.55,72.03,78.67,82.92,82.92,0,,,72.03,,0,,0,,,,,
2023-02-01,78.6,79.15,73.39,75.08,25871135,66.01,71.15,3.07,42.6,70.1,78.39,82.92,82.92,0,,,70.1,,0,,0,,,,,
2023-02-02,74.48,77.76,73.34,75.08,19704904,66.21,71.15,3.16,42.6,70.04,78.21,82.92,82.92,0,,,70.04,,0,,0,,,,,
2023-02-03,75.67,75.67,72.89,74.43,20381422,66.4,71.15,3.13,41.23,69.63,78.08,82.92,82.92,0,,,69.63,,0,,0,,,,,
2023-02-06,74.38,76.27,73.74,74.13,18279464,66.6,71.15,3.09,40.58,69.47,78.1,82.77,82.92,0,,,69.47,,0,,0,,,,,
2023-02-07,74.68,75.77,73.93,74.58,10950829,66.8,71.15,3.0,42.05,69.82,78.04,82.77,82.77,0,,,69.82,,0,,0,,,,,
2023-02-08,74.63,75.82,73.54,75.57,10258753,67.0,71.15,2.95,45.27,70.49,77.99,82.77,82.77,0,,,70.49,,0,,0,,,,,
2023-02-09,75.67,76.07,74.28,75.82,10229353,67.21,71.15,2.87,46.08,70.71,77.96,82.77,82.77,0,,,70.71,,0,,0,,,,,
2023-02-10,75.08,76.12,74.38,74.88,9331734,67.41,71.15,2.79,43.47,70.16,77.85,82.77,82.77,0,,,70.16,,0,,0,,,,,
2023-02-13,75.37,75.97,70.06,71.05,39475505,67.57,70.06,3.01,34.8,67.17,77.6,82.77,82.77,0,,,67.17,,0,,0,,,,,
2023-02-14,71.05,71.6,68.97,70.51,23192868,67.73,68.97,2.98,33.77,66.48,77.29,82.77,82.77,0,,,66.48,,0,,0,,,,,
2023-02-15,70.51,71.55,69.32,71.25,11358552,67.89,68.97,2.93,36.53,66.99,77.01,82.77,82.77,0,,,66.99,,0,,0,,,,,
2023-02-16,71.7,72.79,70.95,72.44,13731805,68.05,68.97,2.85,40.79,67.81,76.8,82.77,82.77,0,,,67.81,,0,,0,,,,,
2023-02-17,71.75,72.79,71.1,71.9,11520434,68.21,68.97,2.77,39.49,67.52,76.49,82.77,82.77,0,,,67.52,,0,,0,,,,,
2023-02-20,71.75,72.05,70.11,71.15,14307992,68.36,68.97,2.71,37.7,67.08,76.15,80.89,82.77,0,,,67.08,,0,,0,,,,,
2023-02-21,71.1,71.95,69.81,70.26,10208971,68.51,68.97,2.67,35.64,66.53,75.8,80.14,80.89,0,,,66.53,,0,,0,,,,,
2023-02-22,70.01,70.01,67.93,68.32,12057163,68.63,67.93,2.64,31.57,64.95,75.43,79.15,80.14,0,,,64.95,,0,,0,,,,,
2023-02-23,68.67,69.32,67.53,68.47,9376810,68.75,67.53,2.58,32.22,64.95,75.03,79.15,79.15,0,,,64.95,,0,,0,,,,,
2023-02-24,68.57,69.22,67.73,67.93,6920781,68.87,67.53,2.51,31.08,64.65,74.65,79.15,79.15,0,,,64.65,,0,,0,,,,,
2023-02-27,67.88,68.12,65.84,66.64,10127233,68.96,65.84,2.49,28.5,63.27,74.2,79.15,79.15,0,,,63.27,,0,,0,,,,,
2023-02-28,66.78,69.76,66.78,69.32,17700910,69.08,65.84,2.53,39.7,64.97,73.87,79.15,79.15,0,,,64.97,,0,,0,,,,,
2023-03-01,69.27,72.59,69.02,72.3,19033336,69.2,65.84,2.61,49.22,66.84,73.64,77.76,79.15,0,,,66.84,,0,,0,,,,,
2023-03-02,72.39,75.23,72.0,74.28,33846022,69.36,65.84,2.65,54.38,68.09,73.43,76.27,77.76,0,,,68.09,,0,,0,,,,,
2023-03-03,74.78,74.98,73.59,74.18,12536302,69.5,65.84,2.56,54.08,68.08,73.26,76.27,76.27,0,,,68.08,,0,,0,,,,,
2023-03-06,74.98,74.98,73.74,74.38,8700081,69.65,65.84,2.47,54.61,68.28,73.06,76.12,76.27,0,,,68.28,,0,,0,,,,,
2023-03-08,73.98,77.81,73.69,77.51,23004128,69.81,65.84,2.59,62.08,70.22,72.99,77.81,76.12,1,77.51,70.22,70.22,70.22,1,2023-03-08,0,,,44,,
2023-03-09,77.81,79.4,76.67,76.86,23650904,69.96,65.84,2.6,59.88,69.79,72.95,79.4,77.81,0,,,69.79,70.22,1,2023-03-08,0,,,44,,
2023-03-10,75.47,77.66,75.23,76.47,17430705,70.12,65.84,2.58,58.54,69.55,72.96,79.4,79.4,0,,,69.55,70.22,1,2023-03-08,0,,,44,,
2023-03-13,76.52,77.06,73.49,73.74,13019179,70.26,65.84,2.65,50.07,67.74,73.0,79.4,79.4,0,,,67.74,70.22,1,2023-03-08,0,,,44,,
2023-03-14,73.83,74.48,72.84,74.28,11433968,70.41,65.84,2.58,51.56,68.14,73.02,79.4,79.4,0,,,68.14,70.22,1,2023-03-08,0,,,44,,
2023-03-15,74.63,75.72,74.28,74.58,9616546,70.56,65.84,2.5,52.41,68.38,72.91,79.4,79.4,0,,,68.38,70.22,1,2023-03-08,0,,,44,,
2023-03-16,74.48,75.47,72.74,75.08,10750873,70.72,65.84,2.52,53.87,68.7,72.91,79.4,79.4,0,,,68.7,70.22,1,2023-03-08,0,,,44,,
2023-03-17,75.52,76.22,74.98,75.77,8659283,70.88,65.84,2.43,55.87,69.2,72.94,79.4,79.4,0,,,69.2,70.22,1,2023-03-08,0,,,44,,
2023-03-20,75.72,75.82,73.09,73.74,9561209,71.03,65.84,2.45,49.11,67.88,72.91,79.4,79.4,0,,,67.88,70.22,1,2023-03-08,0,,,44,,
2023-03-21,74.13,75.47,74.03,75.32,6583494,71.18,66.78,2.4,53.8,69.24,72.95,79.4,79.4,0,,,69.24,70.22,1,2023-03-08,0,,,44,,
2023-03-22,75.57,75.92,73.49,73.69,8870115,71.32,69.02,2.4,48.81,68.94,72.92,79.4,79.4,0,,,68.94,70.22,1,2023-03-08,0,,,44,,
2023-03-23,73.69,74.43,73.39,73.79,9246419,71.45,72.0,2.3,49.12,70.06,72.86,79.4,79.4,0,,,70.06,70.22,1,2023-03-08,0,,,44,,
2023-03-24,73.74,73.98,70.91,71.3,8853059,71.56,70.91,2.36,42.22,68.05,72.71,79.4,79.4,0,,,68.05,70.22,1,2023-03-08,1,71.56,SMA150_BREAK,44,13,-7.68
2023-03-27,71.6,71.8,70.16,70.56,9250889,71.67,70.16,2.31,40.4,67.36,72.57,79.4,79.4,0,,,67.36,,0,,0,,,,,
2023-03-28,70.95,70.95,69.12,69.61,8741706,71.79,69.12,2.27,38.13,66.42,72.52,79.4,79.4,0,,,66.42,,0,,0,,,,,
2023-03-29,69.71,70.76,69.22,69.81,21242210,71.91,69.12,2.22,38.91,66.59,72.5,79.4,79.4,0,,,66.59,,0,,0,,,,,
2023-03-31,70.21,71.9,69.32,69.56,17429246,72.02,69.12,2.24,38.26,66.41,72.44,79.4,79.4,0,,,66.41,,0,,0,,,,,
2023-04-03,70.51,70.95,69.02,69.32,20010201,72.11,69.02,2.22,37.62,66.24,72.34,79.4,79.4,0,,,66.24,,0,,0,,,,,
2023-04-05,69.61,69.61,67.33,67.63,33221018,72.18,67.33,2.23,33.34,64.58,72.19,79.4,79.4,0,,,64.58,,0,,0,,,,,
2023-04-06,67.63,70.51,67.13,70.11,36406171,72.26,67.13,2.31,43.49,66.06,72.16,79.4,79.4,0,,,66.06,,0,,0,,,,,
2023-04-10,70.41,72.25,70.31,70.81,19229627,72.34,67.13,2.3,45.99,66.52,72.18,79.4,79.4,0,,,66.52,,0,,0,,,,,
2023-04-11,70.81,72.3,70.71,71.45,12046522,72.42,67.13,2.25,48.25,66.96,72.28,77.66,79.4,0,,,66.96,,0,,0,,,,,
2023-04-12,73.49,73.69,71.05,71.15,30215325,72.51,67.13,2.27,47.25,66.75,72.37,77.06,77.66,0,,,66.75,,0,,0,,,,,
2023-04-13,71.6,71.9,71.0,71.3,13653616,72.58,67.13,2.18,47.83,66.91,72.48,76.22,77.06,0,,,66.91,,0,,0,,,,,
2023-04-17,71.3,72.49,70.51,72.15,10021225,72.67,67.13,2.16,51.11,67.47,72.67,76.22,76.22,0,,,67.47,,0,,0,,,,,
2023-04-18,72.59,75.18,72.49,74.93,36556170,72.76,67.13,2.22,59.97,69.22,72.86,76.22,76.22,0,,,69.22,,0,,0,,,,,
2023-04-19,75.03,76.42,74.48,74.88,19669027,72.84,67.13,2.2,59.76,69.2,72.94,76.42,76.22,0,,,69.2,,0,,0,,,,,
2023-04-20,75.03,76.12,74.73,75.72,10833263,72.92,67.13,2.15,62.15,69.79,72.99,76.42,76.42,0,,,69.79,,0,,0,,,,,
2023-04-21,75.47,75.92,74.13,74.73,9544452,73.0,67.13,2.12,57.79,69.16,73.01,76.42,76.42,0,,,69.16,,0,,0,,,,,
2023-04-24,74.73,76.37,74.48,76.02,10625904,73.09,67.13,2.1,61.58,70.01,73.06,76.42,76.42,0,,,70.01,,0,,0,,,,,
2023-04-25,76.42,77.31,75.82,76.57,15881484,73.19,67.13,2.06,63.1,70.39,73.03,77.31,76.42,1,76.57,70.39,70.39,70.39,1,2023-04-25,0,,,45,,
2023-04-26,76.62,77.71,76.07,76.96,15774821,73.29,67.13,2.03,64.18,70.66,73.03,77.71,77.31,0,,,70.66,70.66,1,2023-04-25,0,,,45,,
2023-04-27,76.91,77.16,76.32,76.76,8190609,73.41,67.13,1.95,63.16,70.59,73.04,77.71,77.71,0,,,70.59,70.66,1,2023-04-25,0,,,45,,
2023-04-28,77.26,78.11,77.01,77.86,14254949,73.54,67.13,1.9,66.33,71.33,73.18,78.11,77.71,1,77.86,71.33,71.33,71.33,1,2023-04-25,0,,,45,,
2023-05-02,77.86,81.83,77.61,81.03,35606484,73.68,70.31,2.07,73.44,74.32,73.41,81.83,78.11,0,,,74.32,74.32,1,2023-04-25,0,,,45,,
2023-05-03,80.94,87.34,80.24,86.35,89592598,73.86,70.51,2.43,80.78,77.58,73.8,87.34,81.83,0,,,77.58,77.58,1,2023-04-25,0,,,45,,
2023-05-04,86.4,87.29,84.21,85.45,24553286,74.04,70.51,2.47,76.91,76.97,74.14,87.34,87.34,0,,,76.97,77.58,1,2023-04-25,0,,,45,,
2023-05-05,84.96,85.06,79.05,80.19,64424735,74.19,70.51,2.75,59.09,73.39,74.29,87.34,87.34,0,,,73.39,77.58,1,2023-04-25,0,,,45,,
2023-05-08,80.84,81.83,79.1,81.03,31172930,74.37,70.51,2.75,60.66,73.93,74.53,87.34,87.34,0,,,73.93,77.58,1,2023-04-25,0,,,45,,
2023-05-09,81.03,81.43,78.25,78.85,20842146,74.52,72.49,2.78,54.79,73.17,74.65,87.34,87.34,0,,,73.17,77.58,1,2023-04-25,0,,,45,,
2023-05-10,78.65,80.39,77.66,80.04,15936655,74.68,74.13,2.78,57.22,74.48,74.86,87.34,87.34,0,,,74.48,77.58,1,2023-04-25,0,,,45,,
2023-05-11,80.19,81.33,80.19,80.49,10982435,74.83,74.13,2.67,58.14,74.84,75.09,87.34,87.34,0,,,74.84,77.58,1,2023-04-25,0,,,45,,
2023-05-12,80.49,81.33,79.45,80.39,14913713,74.96,74.13,2.62,57.84,74.82,75.39,87.34,87.34,0,,,74.82,77.58,1,2023-04-25,0,,,45,,
2023-05-15,80.39,80.74,79.59,79.89,6660341,75.1,74.48,2.51,56.29,74.68,75.7,87.34,87.34,0,,,74.68,77.58,1,2023-04-25,0,,,45,,
2023-05-16,80.04,81.88,79.99,81.03,17397846,75.23,75.82,2.47,58.99,75.89,76.08,87.34,87.34,0,,,75.89,77.58,1,2023-04-25,0,,,45,,
2023-05-17,81.43,82.62,79.64,81.68,23479447,75.35,76.07,2.51,60.48,76.37,76.48,87.34,87.34,0,,,76.37,77.58,1,2023-04-25,0,,,45,,
2023-05-18,82.38,83.02,80.94,81.08,15242495,75.47,76.32,2.48,58.37,76.08,76.86,87.34,87.34,0,,,76.08,77.58,1,2023-04-25,0,,,45,,
2023-05-19,81.28,81.28,78.95,79.5,14458238,75.58,77.01,2.47,53.1,75.3,77.2,87.34,87.34,0,,,75.3,77.58,1,2023-04-25,0,,,45,,
2023-05-22,79.79,79.94,78.6,78.75,16522857,75.7,77.61,2.39,50.76,75.07,77.57,87.34,87.34,0,,,75.07,77.58,1,2023-04-25,0,,,45,,
2023-05-23,78.95,80.64,78.65,79.89,13196912,75.82,77.66,2.36,54.07,75.84,77.9,87.34,87.34,0,,,75.84,77.58,1,2023-04-25,0,,,45,,
2023-05-24,79.64,80.44,79.3,79.45,7944636,75.95,77.66,2.27,52.6,75.62,78.19,87.34,87.34,0,,,75.62,77.58,1,2023-04-25,0,,,45,,
2023-05-25,79.5,81.63,79.35,81.33,15727153,76.09,77.66,2.27,57.88,76.83,78.52,87.34,87.34,0,,,76.83,77.58,1,2023-04-25,0,,,45,,
2023-05-26,81.53,81.63,77.86,78.4,34064193,76.19,77.66,2.38,48.77,74.87,78.76,87.34,87.34,0,,,74.87,77.58,1,2023-04-25,0,,,45,,
2023-05-29,78.55,83.02,76.71,82.42,69936887,76.29,76.71,2.66,58.44,76.96,79.13,87.34,87.34,0,,,76.96,77.58,1,2023-04-25,1,77.58,TRAILING_STOP,45,24,1.32
2023-05-30,82.38,83.32,80.98,81.48,21708061,76.39,76.71,2.64,55.78,76.37,79.44,87.34,87.34,0,,,76.37,,0,,0,,,,,
2023-05-31,81.58,81.88,80.29,81.33,14009026,76.49,76.71,2.56,55.35,76.32,79.65,87.29,87.34,0,,,76.32,,0,,0,,,,,
2023-06-01,81.43,82.72,81.23,81.43,11738032,76.6,76.71,2.49,55.6,76.43,79.87,85.06,87.29,0,,,76.43,,0,,0,,,,,
2023-06-02,81.88,83.32,81.43,82.62,18339998,76.71,76.71,2.44,58.53,77.23,80.1,83.32,85.06,0,,,77.23,,0,,0,,,,,
2023-06-05,82.92,85.4,82.77,85.01,27799817,76.81,76.71,2.47,63.72,78.76,80.44,85.4,83.32,1,85.01,78.76,78.76,78.76,1,2023-06-05,0,,,46,,
2023-06-06,83.47,83.91,81.63,83.27,33451773,76.88,76.71,2.53,58.03,77.59,80.68,85.4,85.4,0,,,77.59,78.76,1,2023-06-05,0,,,46,,
2023-06-07,83.42,84.36,83.27,83.62,14636223,76.95,76.71,2.43,58.83,77.88,80.92,85.4,85.4,0,,,77.88,78.76,1,2023-06-05,0,,,46,,
2023-06-08,83.62,85.3,83.52,83.72,17859626,77.02,76.71,2.38,59.07,77.98,81.14,85.4,85.4,0,,,77.98,78.76,1,2023-06-05,0,,,46,,
2023-06-09,83.82,86.0,82.47,85.21,27565304,77.08,76.71,2.47,62.55,78.89,81.43,86.0,85.4,0,,,78.89,78.89,1,2023-06-05,0,,,46,,
2023-06-12,85.6,86.3,84.61,85.21,13270970,77.16,76.71,2.41,62.55,78.92,81.67,86.3,86.0,0,,,78.92,78.92,1,2023-06-05,0,,,46,,
2023-06-13,85.7,86.15,84.21,84.51,15766317,77.22,76.71,2.38,59.78,78.49,81.79,86.3,86.3,0,,,78.49,78.92,1,2023-06-05,0,,,46,,
2023-06-14,84.51,84.71,82.77,83.27,12406707,77.27,76.71,2.35,55.11,77.72,81.68,86.3,86.3,0,,,77.72,78.92,1,2023-06-05,0,,,46,,
2023-06-15,83.57,85.01,83.17,83.96,13288056,77.33,76.71,2.31,57.12,78.18,81.63,86.3,86.3,0,,,78.18,78.92,1,2023-06-05,0,,,46,,
2023-06-16,85.4,86.74,84.61,86.15,34525441,77.41,76.71,2.34,62.8,79.57,81.83,86.74,86.3,0,,,79.57,79.57,1,2023-06-05,0,,,46,,
2023-06-19,87.29,89.53,86.5,86.74,48262241,77.49,80.29,2.42,64.18,81.1,82.02,89.53,86.74,0,,,81.1,81.1,1,2023-06-05,0,,,46,,
2023-06-20,86.05,87.79,85.35,87.34,20356316,77.58,80.29,2.42,65.57,81.49,82.31,89.53,89.53,0,,,81.49,81.49,1,2023-06-05,0,,,46,,
2023-06-21,87.79,87.79,85.85,86.3,12787420,77.68,81.23,2.38,61.13,81.15,82.52,89.53,89.53,0,,,81.15,81.49,1,2023-06-05,0,,,46,,
2023-06-22,86.3,86.6,84.51,85.16,14017753,77.78,81.43,2.36,56.6,80.5,82.67,89.53,89.53,0,,,80.5,81.49,1,2023-06-05,0,,,46,,
2023-06-23,84.91,84.91,82.77,84.06,17269470,77.88,81.63,2.37,52.55,79.85,82.79,89.53,89.53,0,,,79.85,81.49,1,2023-06-05,0,,,46,,
2023-06-26,84.51,84.51,82.72,83.22,12716576,77.96,81.63,2.32,49.63,79.34,82.9,89.53,89.53,0,,,79.34,81.49,1,2023-06-05,0,,,46,,
2023-06-27,83.57,84.76,83.52,83.77,8859692,78.05,82.47,2.27,51.53,80.01,83.0,89.53,89.53,0,,,80.01,81.49,1,2023-06-05,0,,,46,,
2023-06-28,84.11,85.21,83.91,84.46,14368143,78.14,82.47,2.21,53.88,80.49,83.09,89.53,89.53,0,,,80.49,81.49,1,2023-06-05,0,,,46,,
2023-06-30,84.91,87.84,84.51,87.04,25365133,78.23,82.47,2.29,61.41,82.1,83.29,89.53,89.53,0,,,82.1,82.1,1,2023-06-05,0,,,46,,
2023-07-03,87.04,88.53,86.5,87.69,19684273,78.32,82.72,2.27,63.04,82.62,83.56,89.53,89.53,0,,,82.62,82.62,1,2023-06-05,0,,,46,,
2023-07-04,87.89,88.14,86.05,86.3,16087313,78.4,82.72,2.26,57.43,81.73,83.81,89.53,89.53,0,,,81.73,82.62,1,2023-06-05,0,,,46,,
2023-07-05,86.99,92.75,86.5,92.31,83791105,78.47,82.72,2.56,69.9,85.41,84.23,92.75,89.53,1,92.31,85.41,85.41,85.41,1,2023-06-05,0,,,46,,
2023-07-06,92.8,94.64,92.06,92.45,56439123,78.55,82.72,2.56,70.12,85.5,84.66,94.64,92.75,0,,,85.5,85.5,1,2023-06-05,0,,,46,,
2023-07-07,91.91,92.36,88.63,90.97,31284507,78.62,82.72,2.65,64.75,84.48,84.98,94.64,94.64,0,,,84.48,85.5,1,2023-06-05,0,,,46,,
2023-07-10,91.11,91.51,89.48,90.57,11075931,78.67,82.72,2.61,63.33,84.25,85.39,94.64,94.64,0,,,84.25,85.5,1,2023-06-05,0,,,46,,
2023-07-11,91.06,93.85,90.87,93.3,22800419,78.73,82.72,2.66,68.4,85.98,85.75,94.64,94.64,0,,,85.98,85.98,1,2023-06-05,0,,,46,,
2023-07-12,94.04,95.09,93.15,93.65,25725680,78.76,82.72,2.6,68.99,86.24,86.15,95.09,94.64,0,,,86.24,86.24,1,2023-06-05,0,,,46,,
2023-07-13,94.24,95.83,90.72,91.16,36009798,78.78,82.72,2.78,60.33,84.52,86.48,95.83,95.09,0,,,84.52,86.24,1,2023-06-05,0,,,46,,
2023-07-14,91.86,92.26,90.42,91.46,12918080,78.81,82.72,2.72,60.97,84.75,86.82,95.83,95.83,0,,,84.75,86.24,1,2023-06-05,0,,,46,,
2023-07-17,91.86,93.0,91.56,92.36,11898240,78.85,82.72,2.63,62.89,85.39,87.14,95.83,95.83,0,,,85.39,86.24,1,2023-06-05,0,,,46,,
2023-07-18,92.36,95.29,91.41,94.19,37436831,78.9,83.52,2.72,66.5,86.78,87.45,95.83,95.83,0,,,86.78,86.78,1,2023-06-05,0,,,46,,
2023-07-19,94.69,95.63,93.7,94.29,20977209,78.96,83.91,2.66,66.69,87.01,87.81,95.83,95.83,0,,,87.01,87.01,1,2023-06-05,0,,,46,,
2023-07-20,94.54,96.28,94.04,95.09,24047166,79.02,84.51,2.63,68.25,87.75,88.2,96.28,95.83,0,,,87.75,87.75,1,2023-06-05,0,,,46,,
2023-07-21,94.54,96.58,93.45,93.85,26435192,79.08,86.05,2.67,63.31,87.44,88.53,96.58,96.28,0,,,87.44,87.75,1,2023-06-05,0,,,46,,
2023-07-24,94.34,98.02,94.14,97.37,29251662,79.16,86.05,2.78,69.96,89.64,88.94,98.02,96.58,1,97.37,89.64,89.64,89.64,1,2023-06-05,0,,,46,,
2023-07-25,98.02,98.91,96.53,97.07,27110132,79.25,86.5,2.75,68.81,89.61,89.34,98.91,98.02,0,,,89.61,89.64,1,2023-06-05,0,,,46,,
2023-07-26,97.32,101.14,97.12,100.5,41205469,79.39,88.63,2.84,74.04,92.47,89.87,101.14,98.91,1,100.5,92.47,92.47,92.47,1,2023-06-05,0,,,46,,
2023-07-27,101.0,103.13,100.85,102.78,31217241,79.52,88.63,2.83,76.82,93.95,90.52,103.13,101.14,0,,,93.95,93.95,1,2023-06-05,0,,,46,,
2023-07-28,102.78,103.28,100.65,102.39,19471153,79.64,89.48,2.81,75.34,93.99,91.13,103.28,103.13,0,,,93.99,93.99,1,2023-06-05,0,,,46,,
2023-07-31,102.88,104.72,102.14,103.33,20986122,79.8,90.42,2.8,76.52,94.92,91.71,104.72,103.28,1,103.33,94.92,94.92,94.92,1,2023-06-05,0,,,46,,
2023-08-01,103.97,106.36,103.58,103.97,22397728,79.97,90.42,2.81,77.31,95.33,92.28,106.36,104.72,0,,,95.33,95.33,1,2023-06-05,0,,,46,,
2023-08-02,103.73,104.12,98.31,99.85,28667271,80.14,90.42,3.03,62.6,92.52,92.7,106.36,106.36,0,,,92.52,95.33,1,2023-06-05,0,,,46,,
2023-08-03,99.8,101.79,98.31,100.05,19267199,80.3,90.42,3.06,62.97,92.63,93.16,106.36,106.36,0,,,92.63,95.33,1,2023-06-05,0,,,46,,
2023-08-04,100.65,102.44,97.92,98.26,31396068,80.44,91.41,3.16,57.51,91.74,93.59,106.36,106.36,0,,,91.74,95.33,1,2023-06-05,0,,,46,,
2023-08-07,94.79,98.91,94.14,95.93,36847815,80.57,91.41,3.28,51.28,90.16,93.99,106.36,106.36,0,,,90.16,95.33,1,2023-06-05,1,95.33,TRAILING_STOP,46,45,12.13
2023-08-08,96.97,100.25,96.58,98.17,26841111,80.7,93.45,3.35,56.19,92.23,94.49,106.36,106.36,0,,,92.23,,0,,0,,,,,
2023-08-09,98.66,101.24,97.92,100.55,20454065,80.85,93.45,3.35,60.73,93.77,95.05,106.36,106.36,0,,,93.77,,0,,0,,,,,
2023-08-10,100.75,101.69,98.56,99.16,14663080,80.98,93.45,3.34,57.02,92.88,95.54,106.36,106.36,0,,,92.88,,0,,0,,,,,
2023-08-11,100.16,103.64,99.56,102.75,30945987,81.13,94.14,3.42,63.26,95.38,96.06,106.36,106.36,0,,,95.38,,0,,0,,,,,
2023-08-14,102.7,102.7,100.16,101.5,12302674,81.28,94.14,3.36,59.99,94.61,96.52,106.36,106.36,0,,,94.61,,0,,0,,,,,
2023-08-16,100.7,101.15,98.36,99.56,17684303,81.41,94.14,3.34,55.22,93.37,96.96,106.36,106.36,0,,,93.37,,0,,0,,,,,
2023-08-17,99.56,101.45,99.31,99.61,11091212,81.53,94.14,3.26,55.32,93.46,97.2,106.36,106.36,0,,,93.46,,0,,0,,,,,
2023-08-18,99.81,100.06,97.46,97.71,12953826,81.64,94.14,3.21,50.75,92.26,97.38,106.36,106.36,0,,,92.26,,0,,0,,,,,
2023-08-21,98.36,100.9,97.21,100.65,20365580,81.78,94.14,3.24,56.71,94.14,97.7,106.36,106.36,0,,,94.14,,0,,0,,,,,
2023-08-22,101.2,112.52,100.75,110.72,100869823,81.98,94.14,3.86,70.07,100.22,98.37,112.52,106.36,1,110.72,100.22,100.22,100.22,1,2023-08-22,0,,,47,,
2023-08-23,112.67,112.67,108.23,109.18,52947192,82.18,94.14,3.9,66.68,99.2,98.9,112.67,112.52,0,,,99.2,100.22,1,2023-08-22,0,,,47,,
2023-08-24,111.17,112.72,106.74,107.33,43168726,82.36,94.14,4.05,62.76,97.91,99.36,112.72,112.67,0,,,97.91,100.22,1,2023-08-22,0,,,47,,
2023-08-25,107.33,108.88,104.69,104.94,26019715,82.54,94.14,4.06,58.0,96.36,99.82,112.72,112.72,0,,,96.36,100.22,1,2023-08-22,0,,,47,,
2023-08-28,106.49,110.18,105.74,109.23,41415363,82.74,94.14,4.14,63.37,99.07,100.41,112.72,112.72,0,,,99.07,100.22,1,2023-08-22,0,,,47,,
2023-08-29,109.48,115.26,108.73,114.31,65979986,82.96,96.58,4.31,68.5,103.05,101.14,115.26,112.72,1,114.31,103.05,103.05,103.05,1,2023-08-22,0,,,47,,
2023-08-30,115.16,119.15,113.67,118.35,80676360,83.22,97.21,4.4,71.87,105.81,101.95,119.15,115.26,0,,,105.81,105.81,1,2023-08-22,0,,,47,,
2023-08-31,120.55,121.64,118.35,120.89,68540952,83.49,97.21,4.32,73.77,107.5,102.84,121.64,119.15,0,,,107.5,107.5,1,2023-08-22,0,,,47,,
2023-09-01,121.64,136.7,121.04,135.75,192280009,83.87,97.21,5.14,81.61,116.54,104.19,136.7,121.64,0,,,116.54,116.54,1,2023-08-22,0,,,47,,
2023-09-04,136.85,140.24,134.21,138.34,92488417,84.27,97.21,5.2,82.58,118.16,105.67,140.24,136.7,0,,,118.16,118.16,1,2023-08-22,0,,,47,,
2023-09-05,139.29,143.18,136.75,137.99,52060353,84.68,97.21,5.29,81.95,117.88,107.03,143.18,140.24,0,,,117.88,118.16,1,2023-08-22,0,,,47,,
2023-09-06,138.09,138.19,134.11,135.15,26583311,85.1,97.21,5.2,76.8,116.11,108.3,143.18,143.18,0,,,116.11,118.16,1,2023-08-22,0,,,47,,
2023-09-07,135.4,138.54,134.6,137.3,25911001,85.52,97.21,5.11,77.93,117.55,109.52,143.18,143.18,0,,,117.55,118.16,1,2023-08-22,0,,,47,,
2023-09-08,138.19,145.97,138.19,144.87,71729474,85.97,97.21,5.37,81.37,122.27,110.93,145.97,143.18,1,144.87,122.27,122.27,122.27,1,2023-08-22,0,,,47,,
2023-09-11,145.97,148.46,138.59,139.44,76013022,86.4,100.75,5.69,72.63,119.73,112.16,148.46,145.97,0,,,119.73,122.27,1,2023-08-22,0,,,47,,
2023-09-12,141.03,141.08,123.84,125.28,86077435,86.73,104.69,6.51,55.79,111.36,112.89,148.46,148.46,0,,,111.36,122.27,1,2023-08-22,0,,,47,,
2023-09-13,126.58,130.32,121.24,128.42,74638974,87.09,104.69,6.7,58.11,113.26,113.71,148.46,148.46,0,,,113.26,122.27,1,2023-08-22,1,122.27,TRAILING_STOP,47,17,10.43
2023-09-14,129.17,133.86,125.78,129.52,63995422,87.46,104.69,6.8,58.92,113.91,114.7,148.46,148.46,0,,,113.91,,0,,0,,,,,
2023-09-15,130.42,131.66,126.33,127.23,23253842,87.81,105.74,6.69,56.47,112.85,115.6,148.46,148.46,0,,,112.85,,0,,0,,,,,
2023-09-18,128.07,129.32,125.63,126.08,16251908,88.15,108.73,6.48,55.22,113.25,116.53,148.46,148.46,0,,,113.25,,0,,0,,,,,
2023-09-20,125.63,127.08,122.79,123.24,20538834,88.47,113.67,6.32,52.16,113.17,117.44,148.46,148.46,0,,,113.17,,0,,0,,,,,
2023-09-21,122.64,126.63,121.79,123.89,32859985,88.79,118.35,6.22,52.81,115.22,118.3,148.46,148.46,0,,,115.22,,0,,0,,,,,
2023-09-22,124.63,125.23,122.94,124.03,18256470,89.14,121.04,5.93,52.95,116.39,119.08,148.46,148.46,0,,,116.39,,0,,0,,,,,
2023-09-25,124.48,126.58,123.34,124.88,37608586,89.51,121.24,5.74,53.89,117.13,119.94,148.46,148.46,0,,,117.13,,0,,0,,,,,
2023-09-26,125.38,125.58,122.74,123.99,16917591,89.86,121.24,5.54,52.71,116.7,120.65,148.46,148.46,0,,,116.7,,0,,0,,,,,
2023-09-27,123.99,127.23,122.49,126.53,28571024,90.22,121.24,5.48,55.7,118.37,121.48,148.46,148.46,0,,,118.37,,0,,0,,,,,
2023-09-28,126.93,130.81,125.58,126.28,54115299,90.58,121.24,5.46,55.33,118.22,122.37,148.46,148.46,0,,,118.22,,0,,0,,,,,
2023-09-29,127.92,131.31,127.72,130.62,29692801,90.98,121.24,5.43,60.28,121.04,123.4,148.46,148.46,0,,,121.04,,0,,0,,,,,
2023-10-03,130.62,132.01,129.52,130.77,18947214,91.38,121.24,5.22,60.45,121.28,124.51,148.46,148.46,0,,,121.28,,0,,0,,,,,
2023-10-04,130.42,130.42,125.33,127.18,21432884,91.77,121.24,5.24,54.66,118.95,125.39,148.46,148.46,0,,,118.95,,0,,0,,,,,
2023-10-05,127.92,130.12,126.73,127.03,14679290,92.16,121.24,5.1,54.42,118.95,125.93,148.46,148.46,0,,,118.95,,0,,0,,,,,
2023-10-06,127.72,129.52,127.18,128.52,13871322,92.57,121.79,4.92,56.42,120.21,126.58,148.46,148.46,0,,,120.21,,0,,0,,,,,
2023-10-09,126.68,127.52,123.99,126.08,17709670,92.97,121.79,4.89,52.37,118.66,127.2,148.46,148.46,0,,,118.66,,0,,0,,,,,
2023-10-10,126.63,131.06,126.63,130.81,23073503,93.38,121.79,4.9,58.58,121.71,128.07,148.46,148.46,0,,,121.71,,0,,0,,,,,
2023-10-11,131.41,132.21,128.92,130.47,18607776,93.76,121.79,4.78,58.0,121.56,128.77,141.08,148.46,0,,,121.56,,0,,0,,,,,
2023-10-12,130.67,133.36,129.87,130.27,18231128,94.14,121.79,4.69,57.63,121.49,129.31,133.86,141.08,0,,,121.49,,0,,0,,,,,
2023-10-13,129.57,129.82,127.13,127.97,14077735,94.49,122.49,4.58,53.46,120.32,129.63,133.86,133.86,0,,,120.32,,0,,0,,,,,
2023-10-16,127.72,131.21,126.63,130.77,15014283,94.87,122.49,4.58,57.49,122.12,129.96,133.36,133.86,0,,,122.12,,0,,0,,,,,
2023-10-17,131.51,133.21,129.72,132.06,23757135,95.23,122.49,4.5,59.24,123.01,129.83,133.36,133.36,0,,,123.01,,0,,0,,,,,
2023-10-18,132.36,133.31,127.82,128.82,25434863,95.58,122.49,4.57,53.31,120.87,129.52,133.36,133.36,0,,,120.87,,0,,0,,,,,
2023-10-19,127.82,129.57,126.73,128.82,18139312,95.93,123.99,4.45,53.31,121.45,129.21,133.36,133.36,0,,,121.45,,0,,0,,,,,
2023-10-20,128.57,129.72,124.18,124.83,17288411,96.27,123.99,4.53,46.63,118.83,128.87,133.36,133.36,0,,,118.83,,0,,0,,,,,
2023-10-23,124.83,125.38,116.51,117.4,19539996,96.56,116.51,4.84,37.27,111.34,128.2,133.36,133.36,0,,,111.34,,0,,0,,,,,
2023-10-25,117.7,119.9,113.72,115.96,20235803,96.83,113.72,4.93,35.77,109.41,127.24,133.36,133.36,0,,,109.41,,0,,0,,,,,
2023-10-26,115.06,117.9,113.17,117.5,18497619,97.12,113.17,4.92,38.61,110.23,126.51,133.36,133.36,0,,,110.23,,0,,0,,,,,
2023-10-27,118.3,120.2,117.06,117.3,13964054,97.39,113.17,4.79,38.38,110.19,126.24,133.36,133.36,0,,,110.19,,0,,0,,,,,
2023-10-30,117.85,121.09,117.35,120.35,18259367,97.7,113.17,4.72,44.03,112.2,125.97,133.36,133.36,0,,,112.2,,0,,0,,,,,
2023-10-31,121.09,122.04,119.15,120.5,13504849,98.01,113.17,4.59,44.3,112.39,125.67,133.36,133.36,0,,,112.39,,0,,0,,,,,
2023-11-01,120.94,122.64,120.35,121.19,11853409,98.32,113.17,4.42,45.61,112.94,125.47,133.36,133.36,0,,,112.94,,0,,0,,,,,
2023-11-02,122.19,128.12,121.99,127.67,22803638,98.68,113.17,4.6,56.02,117.0,125.52,133.36,133.36,0,,,117.0,,0,,0,,,,,
2023-11-03,128.62,132.06,127.67,128.22,27932123,99.06,113.17,4.59,56.77,117.37,125.69,133.36,133.36,0,,,117.37,,0,,0,,,,,
2023-11-06,129.02,130.81,127.28,129.67,13327821,99.45,113.17,4.51,58.78,118.35,125.88,133.36,133.36,0,,,118.35,,0,,0,,,,,
2023-11-07,129.87,130.42,127.97,128.57,10828413,99.85,113.17,4.37,56.63,117.74,126.03,133.36,133.36,0,,,117.74,,0,,0,,,,,
2023-11-08,129.22,129.87,124.18,124.93,15189519,100.22,113.17,4.46,50.09,115.33,126.04,133.36,133.36,0,,,115.33,,0,,0,,,,,
2023-11-09,123.69,127.03,121.59,125.43,33342195,100.59,113.17,4.53,50.93,115.61,126.08,133.36,133.36,0,,,115.61,,0,,0,,,,,
2023-11-10,125.18,129.82,123.44,128.67,24894388,100.98,113.17,4.66,56.08,117.61,126.16,133.31,133.36,0,,,117.61,,0,,0,,,,,
2023-11-13,128.57,137.6,128.32,136.1,77439295,101.44,113.17,4.99,65.11,122.18,126.48,137.6,133.31,1,136.1,122.18,122.18,122.18,1,2023-11-13,0,,,48,,
2023-11-15,137.6,137.94,134.9,137.0,24142281,101.89,113.17,4.85,66.03,122.85,126.7,137.94,137.6,0,,,122.85,122.85,1,2023-11-13,0,,,48,,
2023-11-16,137.0,140.44,136.85,138.24,29402772,102.34,113.17,4.76,67.29,123.71,126.94,140.44,137.94,1,138.24,123.71,123.71,123.71,1,2023-11-13,0,,,48,,
2023-11-17,138.34,142.78,137.15,141.43,28788415,102.8,117.06,4.82,70.36,127.03,127.42,142.78,140.44,0,,,127.03,127.03,1,2023-11-13,0,,,48,,
2023-11-20,142.18,142.73,139.44,140.54,19703693,103.26,117.35,4.71,68.43,126.62,127.87,142.78,142.78,0,,,126.62,127.03,1,2023-11-13,0,,,48,,
2023-11-21,141.08,141.13,135.8,139.19,19689241,103.72,119.15,4.76,65.5,126.32,128.23,142.78,142.78,0,,,126.32,127.03,1,2023-11-13,0,,,48,,
2023-11-22,139.59,141.33,138.84,140.74,14276386,104.17,120.35,4.6,67.24,127.83,128.71,142.78,142.78,0,,,127.83,127.83,1,2023-11-13,0,,,48,,
2023-11-23,141.08,143.78,140.69,142.33,22350588,104.62,121.59,4.49,68.96,129.34,129.1,143.78,142.78,0,,,129.34,129.34,1,2023-11-13,0,,,48,,
2023-11-24,143.28,154.94,141.83,151.8,109749908,105.14,121.59,5.1,76.8,135.04,129.81,154.94,143.78,1,151.8,135.04,135.04,135.04,1,2023-11-13,0,,,48,,
2023-11-28,152.05,157.34,151.06,155.59,48716588,105.67,121.59,5.19,79.07,137.43,130.65,157.34,154.94,0,,,137.43,137.43,1,2023-11-13,0,,,48,,
2023-11-29,160.53,165.51,157.79,164.57,66299728,106.27,121.59,5.53,83.26,142.99,131.87,165.51,157.34,0,,,142.99,142.99,1,2023-11-13,0,,,48,,
2023-11-30,165.26,175.98,160.33,169.95,125768226,106.89,121.59,6.25,85.18,145.98,133.18,175.98,165.51,0,,,145.98,145.98,1,2023-11-13,0,,,48,,
2023-12-01,170.85,173.64,169.0,170.0,37623687,107.52,121.59,6.13,85.19,146.09,134.44,175.98,175.98,0,,,146.09,146.09,1,2023-11-13,0,,,48,,
2023-12-04,174.59,176.08,170.3,173.54,43592841,108.16,123.44,6.13,86.38,148.99,135.93,176.08,175.98,0,,,148.99,148.99,1,2023-11-13,0,,,48,,
2023-12-05,173.54,181.12,172.79,176.18,43939364,108.82,128.32,6.29,87.21,152.22,137.51,181.12,176.08,1,176.18,152.22,152.22,152.22,1,2023-11-13,0,,,48,,
2023-12-06,177.18,180.47,174.34,177.93,24652623,109.49,134.9,6.28,87.74,155.55,139.28,181.12,181.12,0,,,155.55,155.55,1,2023-11-13,0,,,48,,
2023-12-07,178.38,183.86,175.83,182.76,28058369,110.17,135.8,6.4,89.08,158.88,141.46,183.86,181.12,1,182.76,158.88,158.88,158.88,1,2023-11-13,0,,,48,,
2023-12-08,183.26,183.31,172.69,176.18,36422560,110.77,135.8,6.7,76.74,154.43,143.47,183.86,183.86,0,,,154.43,158.88,1,2023-11-13,0,,,48,,
2023-12-11,176.93,180.92,176.53,179.12,20541517,111.39,135.8,6.56,78.19,156.42,145.52,183.86,183.86,0,,,156.42,158.88,1,2023-11-13,0,,,48,,
2023-12-12,179.47,180.22,175.73,177.38,14211330,112.04,135.8,6.41,75.2,155.4,147.53,183.86,183.86,0,,,155.4,158.88,1,2023-11-13,0,,,48,,
2023-12-13,177.48,181.37,175.83,179.12,21665601,112.69,138.84,6.35,76.18,157.58,149.48,183.86,183.86,0,,,157.58,158.88,1,2023-11-13,0,,,48,,
2023-12-14,179.72,183.66,179.72,180.87,23427830,113.37,140.69,6.22,77.16,159.41,151.5,183.86,183.86,0,,,159.41,159.41,1,2023-11-13,0,,,48,,
2023-12-15,183.46,185.65,180.47,181.02,25157198,114.05,141.83,6.15,77.25,159.94,153.49,185.65,183.86,0,,,159.94,159.94,1,2023-11-13,0,,,48,,
2023-12-18,181.02,187.7,179.37,186.85,25404383,114.76,151.06,6.3,80.36,166.67,155.46,187.7,185.65,1,186.85,166.67,166.67,166.67,1,2023-11-13,0,,,48,,
2023-12-19,186.85,187.75,181.91,184.21,19460688,115.45,157.79,6.27,75.34,167.23,157.33,187.75,187.7,0,,,167.23,167.23,1,2023-11-13,0,,,48,,
2023-12-20,185.45,189.89,169.1,171.5,39496283,116.06,160.33,7.31,56.9,159.19,158.72,189.89,187.75,0,,,159.19,167.23,1,2023-11-13,0,,,48,,
2023-12-21,168.45,180.62,165.31,179.92,31883299,116.72,165.31,7.88,63.3,165.9,160.44,189.89,189.89,0,,,165.9,167.23,1,2023-11-13,1,167.23,TRAILING_STOP,48,27,22.87
2023-12-22,180.52,180.82,175.38,177.78,19064120,117.36,165.31,7.71,60.83,164.63,162.2,189.89,189.89,0,,,164.63,,0,,0,,,,,
2023-12-26,178.97,183.76,178.13,181.67,37756996,118.03,165.31,7.58,63.61,167.23,164.07,189.89,189.89,0,,,167.23,,0,,0,,,,,
2023-12-27,182.86,185.11,179.47,181.42,17855973,118.71,165.31,7.44,63.3,167.16,165.83,189.89,189.89,0,,,167.16,,0,,0,,,,,
2023-12-28,181.96,193.38,181.47,192.03,80428777,119.46,165.31,7.77,70.01,173.79,167.7,193.38,189.89,1,192.03,173.79,173.79,173.79,1,2023-12-28,0,,,49,,
2023-12-29,191.39,199.11,190.74,192.98,56016618,120.22,165.31,7.81,70.53,174.37,169.56,199.11,193.38,0,,,174.37,174.37,1,2023-12-28,0,,,49,,
2024-01-01,198.42,204.05,196.32,197.57,75665268,121.01,165.31,8.04,72.97,177.17,171.54,204.05,199.11,0,,,177.17,177.17,1,2023-12-28,0,,,49,,
2024-01-02,202.4,204.3,197.02,201.41,72765808,121.81,165.31,7.99,74.84,179.69,173.54,204.3,204.05,0,,,179.69,179.69,1,2023-12-28,0,,,49,,
2024-01-03,201.21,201.21,192.93,193.83,52393773,122.58,165.31,8.02,65.23,174.78,175.31,204.3,204.3,0,,,174.78,179.69,1,2023-12-28,0,,,49,,
2024-01-04,195.28,196.17,191.29,194.48,30243640,123.32,165.31,7.8,65.64,175.34,177.16,204.3,204.3,0,,,175.34,179.69,1,2023-12-28,0,,,49,,
2024-01-05,195.47,197.32,192.28,195.23,31168193,124.08,165.31,7.6,66.13,175.96,178.97,204.3,204.3,0,,,175.96,179.69,1,2023-12-28,0,,,49,,
2024-01-08,195.33,199.56,192.93,194.58,24173941,124.84,165.31,7.53,65.26,175.59,180.72,204.3,204.3,0,,,175.59,179.69,1,2023-12-28,0,,,49,,
2024-01-09,196.27,198.67,194.18,195.03,20766773,125.59,165.31,7.31,65.59,176.02,182.16,204.3,204.3,0,,,176.02,179.69,1,2023-12-28,0,,,49,,
2024-01-10,195.42,200.41,191.44,199.06,39855938,126.37,165.31,7.43,68.56,178.54,183.61,204.3,204.3,0,,,178.54,179.69,1,2023-12-28,0,,,49,,
2024-01-11,200.41,201.36,196.17,197.17,26199838,127.12,165.31,7.27,65.7,177.43,184.69,204.3,204.3,0,,,177.43,179.69,1,2023-12-28,0,,,49,,
2024-01-12,197.42,198.57,195.03,195.87,14384270,127.87,175.38,7.01,63.73,180.13,185.56,204.3,204.3,0,,,180.13,180.13,1,2023-12-28,0,,,49,,
2024-01-15,203.9,203.9,198.42,200.66,39361703,128.65,178.13,7.08,67.58,184.08,186.58,204.3,204.3,0,,,184.08,184.08,1,2023-12-28,0,,,49,,
2024-01-16,201.46,203.15,196.42,202.4,36297046,129.44,179.47,7.05,68.88,185.67,187.54,204.3,204.3,0,,,185.67,185.67,1,2023-12-28,0,,,49,,
2024-01-17,199.66,212.57,199.61,206.49,104586370,130.25,181.47,7.48,71.73,188.69,188.55,212.57,204.3,1,206.49,188.69,188.69,188.69,1,2023-12-28,0,,,49,,
2024-01-18,208.89,212.52,195.72,211.53,68991855,131.09,190.74,8.14,74.8,194.59,189.67,212.57,212.57,0,,,194.59,194.59,1,2023-12-28,0,,,49,,
2024-01-19,214.37,222.35,211.88,221.6,63867429,132.0,191.29,8.33,79.57,201.14,190.97,222.35,212.57,1,221.6,201.14,201.14,201.14,1,2023-12-28,0,,,49,,
2024-01-23,220.85,221.25,200.96,202.35,45960109,132.8,191.29,9.21,57.26,188.14,191.84,222.35,222.35,0,,,188.14,201.14,1,2023-12-28,1,201.14,TRAILING_STOP,49,18,4.74
2024-01-24,203.9,210.73,200.11,209.28,32560581,133.63,191.29,9.31,61.45,192.54,192.84,222.35,222.35,0,,,192.54,,0,,0,,,,,
2024-01-25,210.38,219.95,210.38,219.25,34410301,134.52,191.29,9.41,66.53,198.91,194.24,222.35,222.35,0,,,198.91,,0,,0,,,,,
2024-01-29,220.35,222.55,219.25,220.65,22269048,135.41,191.44,8.97,67.19,200.15,195.62,222.55,222.35,0,,,200.15,,0,,0,,,,,
2024-01-30,222.79,233.76,221.65,227.28,46928698,136.35,191.44,9.27,70.16,204.23,197.17,233.76,222.55,1,227.28,204.23,204.23,204.23,1,2024-01-30,0,,,50,,
2024-01-31,227.33,231.57,224.44,227.58,19835653,137.29,191.44,9.12,70.29,204.52,198.72,233.76,233.76,0,,,204.52,204.52,1,2024-01-30,0,,,50,,
2024-02-01,229.82,231.32,222.55,226.83,26372822,138.23,191.44,9.09,69.47,204.06,200.05,233.76,233.76,0,,,204.06,204.52,1,2024-01-30,0,,,50,,
2024-02-02,229.03,235.01,228.33,233.11,31480257,139.23,195.03,9.03,72.39,209.35,201.68,235.01,233.76,0,,,209.35,209.35,1,2024-01-30,0,,,50,,
2024-02-05,233.96,242.54,231.67,234.61,32248058,140.24,195.03,9.16,73.05,210.23,203.79,242.54,235.01,0,,,210.23,210.23,1,2024-01-30,0,,,50,,
2024-02-06,235.61,235.61,227.68,231.12,20312567,141.22,195.72,9.07,68.91,208.27,205.5,242.54,242.54,0,,,208.27,210.23,1,2024-01-30,0,,,50,,
2024-02-07,231.62,237.3,228.03,230.87,20297349,142.19,195.72,9.08,68.61,208.09,207.26,242.54,242.54,0,,,208.09,210.23,1,2024-01-30,0,,,50,,
2024-02-08,231.32,236.25,229.08,230.12,20903389,143.15,195.72,8.95,67.66,207.7,208.88,242.54,242.54,0,,,207.7,210.23,1,2024-01-30,0,,,50,,
2024-02-09,235.81,235.91,216.71,226.88,49500870,144.08,195.72,9.68,63.56,205.12,210.4,242.54,242.54,0,,,205.12,210.23,1,2024-01-30,0,,,50,,
2024-02-12,227.33,229.47,213.57,216.06,28287984,144.94,200.11,10.12,52.19,199.31,211.2,242.54,242.54,0,,,199.31,210.23,1,2024-01-30,0,,,50,,
2024-02-13,216.36,216.81,200.76,212.72,58782489,145.74,200.11,10.55,49.26,196.88,211.85,242.54,242.54,0,,,196.88,210.23,1,2024-01-30,1,210.23,TRAILING_STOP,50,11,-7.5
2024-02-14,201.91,225.54,201.91,223.79,48738557,146.62,200.11,11.48,57.73,203.39,212.73,242.54,242.54,0,,,203.39,,0,,0,,,,,
2024-02-15,226.83,232.47,224.14,226.88,30765077,147.53,200.76,11.28,59.75,205.74,213.58,242.54,242.54,0,,,205.74,,0,,0,,,,,
2024-02-16,227.88,229.82,224.29,225.19,20099858,148.42,200.76,10.87,58.11,204.92,214.62,242.54,242.54,0,,,204.92,,0,,0,,,,,
2024-02-19,225.98,229.97,224.39,225.04,12184195,149.3,200.76,10.49,57.96,205.08,215.64,242.54,242.54,0,,,205.08,,0,,0,,,,,
2024-02-20,226.23,233.11,225.29,230.22,22994469,150.21,200.76,10.32,61.68,208.53,216.81,242.54,242.54,0,,,208.53,,0,,0,,,,,
2024-02-21,231.32,231.67,219.4,221.25,22193528,151.08,200.76,10.46,52.94,202.65,217.7,242.54,242.54,0,,,202.65,,0,,0,,,,,
2024-02-22,223.34,228.73,220.3,227.83,25023398,151.99,200.76,10.31,57.68,206.99,218.79,242.54,242.54,0,,,206.99,,0,,0,,,,,
2024-02-23,228.78,233.06,227.83,228.93,21463226,152.9,200.76,9.95,58.43,207.95,219.79,242.54,242.54,0,,,207.95,,0,,0,,,,,
2024-02-26,229.13,231.47,225.59,227.38,14288582,153.79,200.76,9.66,56.9,207.14,220.79,242.54,242.54,0,,,207.14,,0,,0,,,,,
2024-02-27,227.38,227.73,221.1,221.95,22497412,154.64,200.76,9.44,51.76,203.78,221.66,242.54,242.54,0,,,203.78,,0,,0,,,,,
2024-02-28,222.99,229.77,220.35,224.04,36680021,155.5,200.76,9.44,53.5,205.13,222.44,242.54,242.54,0,,,205.13,,0,,0,,,,,
2024-02-29,225.19,232.32,219.11,226.88,150876575,156.38,200.76,9.71,55.83,206.78,223.26,242.54,242.54,0,,,206.78,,0,,0,,,,,
2024-03-01,229.33,236.65,228.93,234.61,35475431,157.3,200.76,9.72,61.49,211.77,224.19,242.54,242.54,0,,,211.77,,0,,0,,,,,
2024-03-04,236.4,275.04,236.4,263.77,246246357,158.41,200.76,11.91,74.67,229.11,225.94,275.04,242.54,1,263.77,229.11,229.11,229.11,1,2024-03-04,0,,,51,,
2024-03-05,264.72,270.9,253.95,265.02,64079248,159.51,201.91,12.27,75.06,230.06,227.38,275.04,275.04,0,,,230.06,230.06,1,2024-03-04,0,,,51,,
2024-03-06,269.91,271.2,248.87,254.45,81812288,160.52,219.11,12.99,65.75,228.5,229.12,275.04,275.04,0,,,228.5,230.06,1,2024-03-04,0,,,51,,
2024-03-07,256.0,260.28,254.05,256.74,26124937,161.55,219.11,12.51,66.71,230.3,230.7,275.04,275.04,0,,,230.3,230.3,1,2024-03-04,0,,,51,,
2024-03-11,258.34,258.79,252.91,253.8,20685651,162.55,219.11,12.03,64.22,228.72,231.85,275.04,275.04,0,,,228.72,230.3,1,2024-03-04,0,,,51,,
2024-03-12,254.25,255.1,242.44,243.38,27919780,163.48,219.11,12.08,56.19,221.97,232.61,275.04,275.04,0,,,221.97,230.3,1,2024-03-04,0,,,51,,
2024-03-13,244.28,245.53,221.4,224.64,42267395,164.31,219.11,12.94,45.23,209.3,232.52,275.04,275.04,0,,,209.3,230.3,1,2024-03-04,1,230.3,TRAILING_STOP,51,7,-12.69
2024-03-14,224.14,231.62,221.3,225.79,38281171,165.15,219.11,12.75,45.93,210.17,232.46,275.04,275.04,0,,,210.17,,0,,0,,,,,
2024-03-15,224.84,227.03,206.49,216.11,52563647,165.94,206.49,13.31,41.18,199.35,232.11,275.04,275.04,0,,,199.35,,0,,0,,,,,
2024-03-18,216.11,226.23,212.77,223.64,30924687,166.79,206.49,13.32,45.87,204.2,231.79,275.04,275.04,0,,,204.2,,0,,0,,,,,
2024-03-19,223.59,225.79,216.61,218.16,21463953,167.59,206.49,13.02,43.17,200.86,231.24,275.04,275.04,0,,,200.86,,0,,0,,,,,
2024-03-20,219.35,225.29,215.17,224.09,21903121,168.41,206.49,12.82,46.82,204.82,231.01,275.04,275.04,0,,,204.82,,0,,0,,,,,
2024-03-21,229.23,237.25,227.33,236.5,36784553,169.33,206.49,12.84,53.53,212.81,231.2,275.04,275.04,0,,,212.81,,0,,0,,,,,
2024-03-22,234.31,239.64,233.86,238.4,18998595,170.23,206.49,12.34,54.48,214.37,231.47,275.04,275.04,0,,,214.37,,0,,0,,,,,
2024-03-26,237.8,239.74,235.51,239.1,12328059,171.15,206.49,11.76,54.84,215.21,231.88,275.04,275.04,0,,,215.21,,0,,0,,,,,
2024-03-27,240.64,248.77,239.79,242.39,22974438,172.1,206.49,11.61,56.61,217.43,232.76,275.04,275.04,0,,,217.43,,0,,0,,,,,
2024-03-28,252.31,252.96,244.88,246.57,28014588,173.08,206.49,11.53,58.81,220.18,233.88,275.04,275.04,0,,,220.18,,0,,0,,,,,
2024-04-01,248.27,254.1,247.77,253.01,16746624,174.12,206.49,11.25,62.01,224.52,234.86,275.04,275.04,0,,,224.52,,0,,0,,,,,
2024-04-02,253.01,254.15,249.07,251.46,18413211,175.12,206.49,10.81,60.78,223.82,235.68,275.04,275.04,0,,,223.82,,0,,0,,,,,
2024-04-03,249.81,253.9,247.92,251.06,19412822,176.06,206.49,10.46,60.45,223.79,236.54,275.04,275.04,0,,,223.79,,0,,0,,,,,
2024-04-04,252.26,256.15,246.72,250.76,15849252,177.0,206.49,10.39,60.19,223.64,237.4,271.2,275.04,0,,,223.64,,0,,0,,,,,
2024-04-05,250.76,255.15,247.02,254.2,14549888,177.98,206.49,10.23,62.23,225.97,238.2,271.2,271.2,0,,,225.97,,0,,0,,,,,
2024-04-08,255.0,257.54,253.4,255.7,12516140,178.98,206.49,9.79,63.12,227.23,239.35,260.28,271.2,0,,,227.23,,0,,0,,,,,
2024-04-09,256.45,259.14,252.61,255.0,13774213,179.96,212.77,9.56,62.38,229.03,240.25,259.14,260.28,0,,,229.03,,0,,0,,,,,
2024-04-10,256.05,264.52,255.2,261.73,35119907,180.94,215.17,9.56,66.44,234.17,241.34,264.52,259.14,1,261.73,234.17,234.17,234.17,1,2024-04-10,0,,,52,,
2024-04-12,257.84,268.41,257.24,261.73,22621987,181.89,215.17,9.67,66.44,234.09,242.49,268.41,264.52,0,,,234.09,234.17,1,2024-04-10,0,,,52,,
2024-04-15,253.45,261.18,251.81,255.75,21131641,182.79,227.33,9.69,59.79,234.28,243.62,268.41,268.41,0,,,234.28,234.28,1,2024-04-10,0,,,52,,
2024-04-16,254.25,259.69,250.81,256.99,14383707,183.6,233.86,9.63,60.67,237.29,244.71,268.41,268.41,0,,,237.29,237.29,1,2024-04-10,0,,,52,,
2024-04-18,258.84,262.23,250.96,252.46,17532083,184.36,235.51,9.75,55.86,234.84,245.57,268.41,268.41,0,,,234.84,237.29,1,2024-04-10,0,,,52,,
2024-04-19,250.01,255.6,245.53,253.8,16875480,185.14,239.79,9.77,56.95,237.12,246.21,268.41,268.41,0,,,237.12,237.29,1,2024-04-10,0,,,52,,
2024-04-22,256.69,260.23,253.75,258.59,12338668,185.96,244.88,9.54,60.68,242.06,246.03,268.41,268.41,0,,,242.06,242.06,1,2024-04-10,0,,,52,,
2024-04-23,259.24,263.23,258.84,259.39,12491248,186.77,245.53,9.19,61.28,243.03,245.85,268.41,268.41,0,,,243.03,243.03,1,2024-04-10,0,,,52,,
2024-04-24,260.68,264.62,257.39,263.28,14961057,187.56,245.53,9.05,64.16,245.63,246.14,268.41,268.41,0,,,245.63,245.63,1,2024-04-10,0,,,52,,
2024-04-25,264.22,273.1,263.33,270.8,29632042,188.44,245.53,9.1,68.96,250.44,246.61,273.1,268.41,1,270.8,250.44,250.44,250.44,1,2024-04-10,0,,,52,,
2024-04-26,273.64,280.62,273.45,278.03,33600079,189.46,245.53,9.15,72.74,255.07,247.42,280.62,273.1,0,,,255.07,255.07,1,2024-04-10,0,,,52,,
2024-04-29,281.07,281.07,273.99,276.09,16489028,190.44,245.53,9.01,70.27,253.92,248.51,281.07,280.62,0,,,253.92,255.07,1,2024-04-10,0,,,52,,
2024-04-30,277.88,283.96,276.59,280.87,25044316,191.45,245.53,8.92,72.73,257.05,250.38,283.96,281.07,0,,,257.05,257.05,1,2024-04-10,0,,,52,,
2024-05-02,282.27,299.37,281.32,291.84,52394156,192.55,245.53,9.61,77.36,263.67,252.58,299.37,283.96,1,291.84,263.67,263.67,263.67,1,2024-04-10,0,,,52,,
2024-05-03,295.13,317.37,293.24,304.1,130758171,193.73,245.53,10.75,81.2,270.82,255.52,317.37,299.37,0,,,270.82,270.82,1,2024-04-10,0,,,52,,
2024-05-06,307.25,307.69,280.23,288.1,67553636,194.83,245.53,11.94,65.56,259.71,257.67,317.37,317.37,0,,,259.71,270.82,1,2024-04-10,0,,,52,,
2024-05-07,289.15,289.15,275.89,279.43,34027122,195.87,245.53,12.03,58.94,254.05,259.71,317.37,317.37,0,,,254.05,270.82,1,2024-04-10,0,,,52,,
2024-05-08,279.18,289.8,277.83,285.46,30462793,196.95,245.53,12.03,61.83,257.95,261.75,317.37,317.37,0,,,257.95,270.82,1,2024-04-10,0,,,52,,
2024-05-09,285.81,285.81,270.15,272.35,26191548,197.93,245.53,12.29,53.08,249.32,262.95,317.37,317.37,0,,,249.32,270.82,1,2024-04-10,1,270.82,TRAILING_STOP,52,19,3.47
2024-05-10,274.14,275.99,266.27,273.5,26800050,198.93,245.53,12.11,53.7,250.18,264.12,317.37,317.37,0,,,250.18,,0,,0,,,,,
2024-05-13,273.59,285.46,266.52,282.47,31570308,199.96,253.75,12.59,58.32,258.38,265.56,317.37,317.37,0,,,258.38,,0,,0,,,,,
2024-05-14,283.17,288.55,281.17,287.4,18050458,201.04,257.39,12.22,60.64,263.02,267.06,317.37,317.37,0,,,263.02,,0,,0,,,,,
2024-05-15,288.55,292.34,287.25,290.5,15400221,202.1,257.39,11.71,62.07,265.36,268.53,317.37,317.37,0,,,265.36,,0,,0,,,,,
2024-05-16,292.74,296.13,286.66,293.93,16245511,203.19,263.33,11.55,63.65,269.66,269.89,317.37,317.37,0,,,269.66,,0,,0,,,,,
2024-05-17,294.53,300.91,292.94,299.02,20721512,204.34,266.27,11.3,65.91,274.09,271.48,317.37,317.37,0,,,274.09,,0,,0,,,,,
2024-05-21,310.98,321.55,307.49,318.26,42280416,205.61,266.27,12.1,72.8,285.97,273.72,321.55,317.37,1,318.26,285.97,285.97,285.97,1,2024-05-21,0,,,53,,
2024-05-22,301.11,308.74,294.13,301.06,74932755,206.76,266.27,12.96,60.94,274.3,275.39,321.55,321.55,0,,,274.3,285.97,1,2024-05-21,0,,,53,,
2024-05-23,302.96,307.79,299.62,303.91,26563225,207.95,266.27,12.62,62.04,276.37,277.05,321.55,321.55,0,,,276.37,285.97,1,2024-05-21,0,,,53,,
2024-05-24,303.91,309.29,301.51,304.75,22736707,209.11,266.27,12.27,62.38,277.14,278.69,321.55,321.55,0,,,277.14,285.97,1,2024-05-21,0,,,53,,
2024-05-27,306.35,306.55,295.93,297.67,26504237,210.22,266.27,12.15,57.73,272.65,280.11,321.55,321.55,0,,,272.65,285.97,1,2024-05-21,0,,,53,,
2024-05-28,299.02,300.02,289.65,290.64,22303081,211.29,266.27,12.02,53.46,268.2,281.07,321.55,321.55,0,,,268.2,285.97,1,2024-05-21,0,,,53,,
2024-05-29,290.15,296.08,287.8,293.24,15049196,212.39,266.27,11.76,54.79,270.06,282.12,321.55,321.55,0,,,270.06,285.97,1,2024-05-21,0,,,53,,
2024-05-30,292.84,294.43,288.45,289.9,13070194,213.45,266.27,11.34,52.7,268.18,283.26,321.55,321.55,0,,,268.18,285.97,1,2024-05-21,0,,,53,,
2024-05-31,291.54,299.72,287.7,298.02,27964255,214.56,266.27,11.39,56.99,273.38,284.63,321.55,321.55,0,,,273.38,285.97,1,2024-05-21,0,,,53,,
2024-06-03,319.06,320.06,307.25,310.54,33744563,215.77,266.52,12.15,62.62,281.04,286.56,321.55,321.55,0,,,281.04,285.97,1,2024-05-21,0,,,53,,
2024-06-04,310.14,310.14,223.39,245.83,122751545,216.55,223.39,17.51,36.24,221.35,286.3,321.55,321.55,0,,,221.35,285.97,1,2024-05-21,1,285.97,TRAILING_STOP,53,11,-10.15
2024-06-05,254.25,257.44,224.34,254.6,59449633,217.42,223.39,18.62,39.93,226.26,286.17,321.55,321.55,0,,,226.26,,0,,0,,,,,
2024-06-06,269.11,291.49,266.22,277.13,111330080,218.48,223.39,19.93,48.23,239.93,286.76,321.55,321.55,0,,,239.93,,0,,0,,,,,
2024-06-07,278.18,285.16,274.54,284.66,32634629,219.61,223.39,19.26,50.68,245.23,287.47,321.55,321.55,0,,,245.23,,0,,0,,,,,
2024-06-10,287.55,289.7,281.92,283.62,17918606,220.71,223.39,18.44,50.32,245.1,287.9,321.55,321.55,0,,,245.1,,0,,0,,,,,
2024-06-11,285.16,295.48,284.46,294.33,29060221,221.9,223.39,17.97,53.9,252.32,288.44,321.55,321.55,0,,,252.32,,0,,0,,,,,
2024-06-12,294.63,297.82,290.25,294.28,18978949,223.05,223.39,17.23,53.88,252.79,289.05,321.55,321.55,0,,,252.79,,0,,0,,,,,
2024-06-13,296.33,304.65,291.54,303.06,26007861,224.27,223.39,16.94,56.83,258.65,289.79,321.55,321.55,0,,,258.65,,0,,0,,,,,
2024-06-14,304.25,308.54,298.92,304.8,24901598,225.5,223.39,16.41,57.42,260.12,290.22,321.55,321.55,0,,,260.12,,0,,0,,,,,
2024-06-18,307.59,309.69,302.46,304.7,20245612,226.68,223.39,15.76,57.37,260.49,290.24,321.55,321.55,0,,,260.49,,0,,0,,,,,
2024-06-19,306.05,306.05,295.18,296.18,22855416,227.8,223.39,15.41,53.29,255.23,290.51,320.06,321.55,0,,,255.23,,0,,0,,,,,
2024-06-20,297.52,297.52,290.64,292.54,26187852,228.88,223.39,14.8,51.6,253.29,290.94,320.06,320.06,0,,,253.29,,0,,0,,,,,
2024-06-21,293.14,298.87,290.64,294.18,22108141,229.99,223.39,14.33,52.34,254.66,291.24,320.06,320.06,0,,,254.66,,0,,0,,,,,
2024-06-24,293.14,296.98,287.65,293.84,15182677,231.11,223.39,13.97,52.16,254.67,291.95,320.06,320.06,0,,,254.67,,0,,0,,,,,
2024-06-25,294.83,298.97,291.79,293.04,15320510,232.23,223.39,13.49,51.72,254.48,292.6,320.06,320.06,0,,,254.48,,0,,0,,,,,
2024-06-26,293.34,296.68,292.14,294.88,12663797,233.34,224.34,12.85,52.71,256.41,293.02,320.06,320.06,0,,,256.41,,0,,0,,,,,
2024-06-27,294.98,299.77,290.94,296.08,25624094,234.4,266.22,12.56,53.38,271.34,293.31,320.06,320.06,0,,,271.34,,0,,0,,,,,
2024-06-28,305.1,307.0,299.12,299.97,32298955,235.49,274.54,12.44,55.59,276.7,293.62,320.06,320.06,0,,,276.7,,0,,0,,,,,
2024-07-01,301.06,303.36,296.33,301.51,12526215,236.58,281.92,12.06,56.46,280.41,293.87,320.06,320.06,0,,,280.41,,0,,0,,,,,
2024-07-02,302.81,302.91,292.89,296.28,12935465,237.61,284.46,11.91,52.66,277.98,293.78,310.14,320.06,0,,,277.98,,0,,0,,,,,
2024-07-03,297.42,312.58,296.73,310.39,37577666,238.74,287.65,12.23,60.41,287.93,293.52,312.58,310.14,1,310.39,287.93,287.93,287.93,1,2024-07-03,0,,,54,,
2024-07-04,312.88,316.37,308.59,310.14,31457159,239.88,287.65,11.91,60.22,287.99,293.82,316.37,312.58,0,,,287.99,287.99,1,2024-07-03,0,,,54,,
2024-07-05,309.79,321.06,307.4,315.47,37284773,241.05,287.65,12.03,62.87,291.34,294.21,321.06,316.37,0,,,291.34,291.34,1,2024-07-03,0,,,54,,
2024-07-08,316.37,328.98,314.62,327.39,45685018,242.28,287.65,12.2,68.01,298.92,294.96,328.98,321.06,1,327.39,298.92,298.92,298.92,1,2024-07-03,0,,,54,,
2024-07-09,330.03,334.37,322.25,328.53,39457293,243.46,287.65,12.19,68.46,299.66,295.99,334.37,328.98,0,,,299.66,299.66,1,2024-07-03,0,,,54,,
2024-07-10,329.93,330.23,313.68,326.99,25392018,244.6,287.65,12.5,67.09,298.46,297.2,334.37,334.37,0,,,298.46,299.66,1,2024-07-03,0,,,54,,
2024-07-11,328.53,333.82,327.44,331.72,23370124,245.72,287.65,12.1,69.14,301.78,298.49,334.37,334.37,0,,,301.78,301.78,1,2024-07-03,0,,,54,,
2024-07-12,331.03,332.67,320.36,324.94,19411215,246.75,287.65,12.11,63.08,297.39,299.65,334.37,334.37,0,,,297.39,301.78,1,2024-07-03,0,,,54,,
2024-07-15,326.49,327.44,321.15,324.45,10789487,247.78,290.94,11.7,62.66,298.45,300.54,334.37,334.37,0,,,298.45,301.78,1,2024-07-03,0,,,54,,
2024-07-16,324.45,326.49,318.21,319.06,9882249,248.75,290.94,11.45,58.0,295.14,300.82,334.37,334.37,0,,,295.14,301.78,1,2024-07-03,0,,,54,,
2024-07-18,318.81,318.81,305.3,307.69,21439407,249.63,290.94,11.62,49.63,287.69,302.88,334.37,334.37,0,,,287.69,301.78,1,2024-07-03,0,,,54,,
2024-07-19,305.05,306.8,291.89,293.24,26877331,250.4,291.89,11.92,41.45,278.49,304.17,334.37,334.37,0,,,278.49,301.78,1,2024-07-03,1,301.78,TRAILING_STOP,54,12,-2.78
2024-07-22,293.24,305.45,288.25,304.01,19646190,251.2,288.25,12.29,48.29,283.97,305.07,334.37,334.37,0,,,283.97,,0,,0,,,,,
2024-07-23,305.7,314.62,282.17,306.45,65820195,252.07,282.17,13.73,49.73,282.56,305.79,334.37,334.37,0,,,282.56,,0,,0,,,,,
2024-07-24,307.1,312.33,305.95,308.24,15750887,252.93,282.17,13.21,50.8,284.07,306.61,334.37,334.37,0,,,284.07,,0,,0,,,,,
2024-07-25,304.1,311.58,300.12,310.64,13306048,253.82,282.17,13.08,52.28,285.7,307.16,334.37,334.37,0,,,285.7,,0,,0,,,,,
2024-07-26,312.58,317.32,309.84,316.37,16011265,254.74,282.17,12.68,55.7,289.66,307.89,334.37,334.37,0,,,289.66,,0,,0,,,,,
2024-07-29,326.04,326.04,318.16,322.1,25820136,255.68,282.17,12.47,58.88,293.5,308.53,334.37,334.37,0,,,293.5,,0,,0,,,,,
2024-07-30,322.05,326.04,315.67,316.47,16317537,256.58,282.17,12.32,54.73,289.97,308.92,334.37,334.37,0,,,289.97,,0,,0,,,,,
2024-07-31,315.47,318.51,310.93,314.32,26845162,257.43,282.17,11.98,53.19,288.81,309.24,334.37,334.37,0,,,288.81,,0,,0,,,,,
2024-08-01,313.78,319.01,304.95,307.59,23814781,258.25,282.17,12.13,48.57,284.37,309.62,334.37,334.37,0,,,284.37,,0,,0,,,,,
2024-08-02,302.51,308.69,299.72,300.76,16899884,259.11,282.17,11.9,44.37,280.11,309.89,334.37,334.37,0,,,280.11,,0,,0,,,,,
2024-08-05,291.14,295.03,284.16,290.79,25762827,259.85,282.17,12.24,39.05,273.46,309.78,334.37,334.37,0,,,273.46,,0,,0,,,,,
2024-08-06,291.14,301.01,284.86,286.71,17719054,260.58,282.17,12.52,37.09,270.64,309.54,334.37,334.37,0,,,270.64,,0,,0,,,,,
2024-08-07,292.54,304.7,291.44,303.71,18911910,261.39,282.17,12.91,48.65,281.34,309.9,333.82,334.37,0,,,281.34,,0,,0,,,,,
2024-08-08,304.01,304.01,296.23,296.98,11640751,262.16,282.17,12.54,45.12,277.25,309.97,333.82,333.82,0,,,277.25,,0,,0,,,,,
2024-08-09,301.37,305.16,298.52,301.57,12805164,262.89,282.17,12.23,47.9,280.42,310.15,332.67,333.82,0,,,280.42,,0,,0,,,,,
2024-08-12,299.42,302.02,295.93,298.07,11827604,263.6,282.17,11.79,45.98,278.45,310.09,327.44,332.67,0,,,278.45,,0,,0,,,,,
2024-08-13,299.92,300.72,288.39,289.34,11461814,264.21,284.16,11.83,41.53,273.46,309.68,326.49,327.44,0,,,273.46,,0,,0,,,,,
2024-08-14,291.24,292.78,285.7,289.39,10643943,264.79,284.16,11.49,41.56,273.72,309.45,326.04,326.49,0,,,273.72,,0,,0,,,,,
2024-08-16,292.39,297.03,288.69,295.93,10118811,265.47,284.16,11.27,46.1,278.08,308.97,326.04,326.04,0,,,278.08,,0,,0,,,,,
2024-08-19,297.28,298.87,292.73,293.13,9809448,266.13,284.16,10.9,44.51,276.52,308.4,326.04,326.04,0,,,276.52,,0,,0,,,,,
2024-08-20,293.73,296.28,291.04,295.78,7415963,266.8,284.16,10.5,46.39,278.5,307.75,326.04,326.04,0,,,278.5,,0,,0,,,,,
2024-08-21,295.68,297.08,294.23,296.03,4898623,267.48,284.16,9.95,46.58,279.03,306.7,326.04,326.04,0,,,279.03,,0,,0,,,,,
2024-08-22,297.38,301.87,296.23,299.02,12084994,268.17,284.16,9.66,48.85,281.15,305.72,326.04,326.04,0,,,281.15,,0,,0,,,,,
2024-08-23,299.32,300.72,294.63,295.58,7528035,268.82,284.16,9.4,46.4,279.1,304.67,326.04,326.04,0,,,279.1,,0,,0,,,,,
2024-08-26,297.13,303.36,293.98,296.68,15560440,269.48,284.16,9.4,47.31,279.81,303.5,326.04,326.04,0,,,279.81,,0,,0,,,,,
2024-08-27,298.27,299.17,295.98,297.18,6802421,270.15,284.86,8.96,47.74,280.66,302.58,326.04,326.04,0,,,280.66,,0,,0,,,,,
2024-08-28,297.38,298.12,293.33,293.98,6579323,270.78,285.7,8.66,45.19,279.08,301.56,319.01,326.04,0,,,279.08,,0,,0,,,,,
2024-08-29,294.33,294.33,286.5,290.39,11000139,271.36,285.7,8.6,42.44,276.8,300.6,319.01,319.01,0,,,276.8,,0,,0,,,,,
2024-08-30,291.09,292.83,289.14,289.94,9721851,271.92,285.7,8.25,42.09,276.75,300.01,308.69,319.01,0,,,276.75,,0,,0,,,,,
2024-09-02,290.39,291.39,284.45,286.2,6500598,272.42,284.45,8.16,39.23,273.98,299.78,305.16,308.69,0,,,273.98,,0,,0,,,,,
2024-09-03,286.6,289.59,285.25,285.75,5677328,272.84,284.45,7.88,38.89,273.87,299.17,305.16,305.16,0,,,273.87,,0,,0,,,,,
2024-09-04,282.91,284.2,276.22,278.12,14798436,273.35,276.22,8.0,33.55,266.13,298.23,305.16,305.16,0,,,266.13,,0,,0,,,,,
2024-09-05,278.41,279.86,269.68,272.98,18037015,273.77,269.68,8.16,30.51,260.53,297.05,305.16,305.16,0,,,260.53,,0,,0,,,,,
2024-09-06,271.48,272.63,262.6,263.25,20003822,274.07,262.6,8.32,25.75,251.79,295.47,305.16,305.16,0,,,251.79,,0,,0,,,,,
2024-09-09,263.15,265.24,257.66,261.5,17426762,274.34,257.66,8.26,25.0,249.05,293.64,303.36,305.16,0,,,249.05,,0,,0,,,,,
2024-09-10,262.6,267.14,261.3,263.95,11350960,274.58,257.66,8.09,28.17,250.74,291.7,303.36,303.36,0,,,250.74,,0,,0,,,,,
2024-09-11,264.49,266.64,256.81,258.21,10164459,274.79,256.81,8.21,25.45,246.67,289.76,303.36,303.36,0,,,246.67,,0,,0,,,,,
2024-09-12,259.6,265.94,259.11,265.44,12118164,275.05,256.81,8.18,34.08,251.36,288.13,303.36,303.36,0,,,251.36,,0,,0,,,,,
2024-09-13,266.44,266.89,262.7,263.75,7917998,275.25,256.81,7.89,33.12,250.46,286.67,303.36,303.36,0,,,250.46,,0,,0,,,,,
2024-09-16,263.75,270.13,263.2,268.93,10495634,275.48,256.81,7.83,38.83,253.85,285.61,303.36,303.36,0,,,253.85,,0,,0,,,,,
2024-09-17,269.18,269.28,263.7,264.29,7503456,275.7,256.81,7.67,35.88,250.96,284.73,303.36,303.36,0,,,250.96,,0,,0,,,,,
2024-09-18,264.39,267.44,262.2,264.74,8732556,275.93,256.81,7.49,36.38,251.37,283.99,303.36,303.36,0,,,251.37,,0,,0,,,,,
2024-09-19,266.04,267.19,248.93,256.61,17353175,276.1,248.93,8.26,31.54,242.98,282.42,303.36,303.36,0,,,242.98,,0,,0,,,,,
2024-09-20,257.91,266.24,257.31,265.59,13916388,276.36,248.93,8.36,40.9,248.71,281.38,303.36,303.36,0,,,248.71,,0,,0,,,,,
2024-09-23,273.43,275.02,268.64,273.63,21859230,276.74,248.93,8.44,47.78,253.84,280.45,299.17,303.36,0,,,253.84,,0,,0,,,,,
2024-09-24,274.42,282.86,271.73,281.66,21252167,277.2,248.93,8.63,53.59,258.9,279.9,298.12,299.17,0,,,258.9,,0,,0,,,,,
2024-09-25,282.21,284.1,278.22,281.56,12868230,277.59,248.93,8.43,53.51,258.96,279.64,294.33,298.12,0,,,258.96,,0,,0,,,,,
2024-09-26,281.56,282.71,277.32,280.06,8488686,277.94,248.93,8.21,52.26,258.14,279.33,292.83,294.33,0,,,258.14,,0,,0,,,,,
2024-09-27,284.45,290.49,282.61,286.95,45809973,278.36,248.93,8.37,57.23,262.48,279.03,291.39,292.83,0,,,262.48,,0,,0,,,,,
2024-09-30,284.2,284.3,274.07,279.11,22843205,278.72,248.93,8.69,50.75,257.21,278.56,290.49,291.39,0,,,257.21,,0,,0,,,,,
2024-10-01,279.81,284.9,278.41,279.86,13449947,279.05,248.93,8.54,51.32,257.8,278.03,290.49,290.49,0,,,257.8,,0,,0,,,,,
2024-10-03,273.63,277.27,265.79,268.39,15222490,279.36,248.93,8.93,43.13,250.13,277.11,290.49,290.49,0,,,250.13,,0,,0,,,,,
2024-10-04,268.39,272.18,261.7,267.04,11763747,279.62,248.93,9.04,42.27,249.19,276.04,290.49,290.49,0,,,249.19,,0,,0,,,,,
2024-10-07,268.93,269.38,253.62,256.11,11421742,279.8,248.93,9.52,36.04,241.82,274.73,290.49,290.49,0,,,241.82,,0,,0,,,,,
2024-10-08,255.46,266.94,254.37,264.94,16215450,280.05,248.93,9.74,43.31,247.37,273.67,290.49,290.49,0,,,247.37,,0,,0,,,,,
2024-10-09,264.79,268.74,261.95,263.75,8894689,280.33,248.93,9.53,42.61,246.74,272.56,290.49,290.49,0,,,246.74,,0,,0,,,,,
2024-10-10,264.74,272.58,264.59,270.78,12825979,280.64,248.93,9.48,47.98,251.31,271.78,290.49,290.49,0,,,251.31,,0,,0,,,,,
2024-10-11,270.68,273.33,267.94,269.43,6125003,280.93,253.62,9.19,47.07,252.2,271.08,290.49,290.49,0,,,252.2,,0,,0,,,,,
2024-10-14,270.08,272.68,266.74,268.19,5634973,281.15,253.62,8.96,46.2,251.55,270.36,290.49,290.49,0,,,251.55,,0,,0,,,,,
2024-10-15,269.43,272.03,267.19,271.03,5601497,281.2,253.62,8.66,48.54,253.58,269.85,290.49,290.49,0,,,253.58,,0,,0,,,,,
2024-10-16,271.08,274.97,268.29,269.03,5147947,281.23,253.62,8.52,46.99,252.38,269.3,290.49,290.49,0,,,252.38,,0,,0,,,,,
2024-10-17,269.23,269.93,252.42,253.67,20613475,281.22,252.42,9.16,37.17,241.65,268.48,290.49,290.49,0,,,241.65,,0,,0,,,,,
2024-10-18,253.27,255.26,245.98,253.32,18204264,281.2,245.98,9.17,36.98,239.27,267.83,290.49,290.49,0,,,239.27,,0,,0,,,,,
2024-10-21,254.96,257.41,244.49,247.13,12966258,281.15,244.49,9.44,33.71,234.6,267.29,290.49,290.49,0,,,234.6,,0,,0,,,,,
2024-10-22,247.13,247.48,231.16,232.31,22786450,281.08,231.16,9.93,27.44,220.27,266.32,290.49,290.49,0,,,220.27,,0,,0,,,,,
2024-10-23,232.51,234.91,222.08,223.23,55940287,281.07,222.08,10.14,24.45,211.25,264.96,290.49,290.49,0,,,211.25,,0,,0,,,,,
2024-10-24,223.63,229.32,221.58,226.82,26378660,281.08,221.58,9.97,27.8,213.52,263.91,290.49,290.49,0,,,213.52,,0,,0,,,,,
2024-10-25,227.52,227.72,210.26,216.4,38742027,281.08,210.26,10.5,24.41,202.66,262.28,290.49,290.49,0,,,202.66,,0,,0,,,,,
2024-10-28,217.89,238.0,212.8,229.27,57158451,281.12,210.26,11.55,34.96,210.27,261.13,284.9,290.49,0,,,210.27,,0,,0,,,,,
2024-10-29,232.31,235.51,227.02,234.51,29437193,281.23,210.26,11.33,38.72,213.79,259.98,284.9,284.9,0,,,213.79,,0,,0,,,,,
2024-10-30,234.46,242.59,230.27,236.1,21343526,281.31,210.26,11.4,39.85,214.77,259.04,277.27,284.9,0,,,214.77,,0,,0,,,,,
2024-10-31,236.0,240.3,232.36,238.5,14333246,281.32,210.26,11.16,41.61,216.48,258.17,274.97,277.27,0,,,216.48,,0,,0,,,,,
2024-11-01,240.39,242.49,240.0,241.46,3323181,281.34,210.26,10.64,43.79,218.73,257.66,274.97,274.97,0,,,218.73,,0,,0,,,,,
2024-11-04,242.44,242.44,230.32,232.9,17322490,281.3,210.26,10.75,39.23,213.14,256.57,274.97,274.97,0,,,213.14,,0,,0,,,,,
2024-11-05,233.51,235.9,229.02,234.76,11731176,281.25,210.26,10.47,40.67,214.52,255.28,274.97,274.97,0,,,214.52,,0,,0,,,,,
2024-11-06,237.0,248.68,235.63,247.46,23232573,281.25,210.26,10.72,49.5,222.55,254.14,274.97,274.97,0,,,222.55,,0,,0,,,,,
2024-11-07,247.87,248.88,243.39,243.78,8342302,281.19,210.26,10.35,47.31,220.43,252.88,274.97,274.97,0,,,220.43,,0,,0,,,,,
2024-11-08,244.49,244.99,236.9,238.54,9480514,281.11,210.26,10.18,44.29,217.16,251.49,274.97,274.97,0,,,217.16,,0,,0,,,,,
2024-11-11,236.9,241.94,234.32,238.72,7671938,281.02,210.26,10.0,44.42,217.39,249.88,274.97,274.97,0,,,217.39,,0,,0,,,,,
2024-11-12,238.9,239.34,228.52,229.74,10589650,280.88,210.26,10.06,39.44,211.56,248.24,274.97,274.97,0,,,211.56,,0,,0,,,,,
2024-11-13,229.23,229.23,221.04,222.09,11397140,280.67,210.26,9.96,35.76,206.69,246.31,269.93,274.97,0,,,206.69,,0,,0,,,,,
2024-11-14,221.89,227.32,220.25,223.24,10187321,280.45,210.26,9.76,36.71,207.57,244.81,257.41,269.93,0,,,207.57,,0,,0,,,,,
2024-11-18,224.64,225.88,219.2,222.2,11297324,280.24,212.8,9.54,36.19,207.89,243.31,257.41,257.41,0,,,207.89,,0,,0,,,,,
2024-11-19,223.53,232.71,223.13,225.41,12068006,279.99,219.2,9.61,39.08,212.05,242.29,248.88,257.41,0,,,212.05,,0,,0,,,,,
2024-11-21,224.98,228.76,217.66,227.46,14856780,279.76,217.66,9.71,40.92,212.79,241.04,248.88,248.88,0,,,212.79,,0,,0,,,,,
2024-11-22,227.62,235.65,226.32,233.9,15168514,279.62,217.66,9.69,46.41,216.96,240.05,248.88,248.88,0,,,216.96,,0,,0,,,,,
2024-11-25,241.39,245.22,239.9,240.71,16392929,279.51,217.66,9.8,51.53,221.28,239.04,248.88,248.88,0,,,221.28,,0,,0,,,,,
2024-11-26,242.99,247.08,242.59,243.46,12353100,279.45,217.66,9.56,53.47,223.21,238.18,248.88,248.88,0,,,223.21,,0,,0,,,,,
2024-11-27,242.58,247.87,240.99,247.14,9980383,279.41,217.66,9.37,56.0,225.71,237.48,248.88,248.88,0,,,225.71,,0,,0,,,,,
2024-11-28,248.84,253.27,247.14,251.96,17770794,279.36,217.66,9.13,59.13,228.98,236.84,253.27,248.88,0,,,228.98,,0,,0,,,,,
2024-11-29,252.47,253.26,246.89,250.56,8530849,279.3,217.66,8.94,57.84,228.21,236.22,253.27,253.27,0,,,228.21,,0,,0,,,,,
2024-12-02,249.23,250.72,247.58,249.13,5206287,279.21,217.66,8.52,56.49,227.56,236.07,253.27,253.27,0,,,227.56,,0,,0,,,,,
2024-12-03,249.92,253.27,249.58,251.82,5163693,279.08,217.66,8.21,58.46,229.5,236.02,253.27,253.27,0,,,229.5,,0,,0,,,,,
2024-12-04,252.32,256.01,249.78,250.82,8341454,278.9,217.66,8.07,57.42,228.95,236.15,256.01,253.27,0,,,228.95,,0,,0,,,,,
2024-12-05,251.47,252.37,247.23,251.27,6737876,278.74,217.66,7.86,57.78,229.38,236.78,256.01,256.01,0,,,229.38,,0,,0,,,,,
2024-12-06,251.37,252.32,247.73,248.53,7762375,278.52,217.66,7.63,54.71,227.77,237.62,256.01,256.01,0,,,227.77,,0,,0,,,,,
2024-12-09,247.88,253.87,246.78,249.03,9382718,278.23,217.66,7.59,55.18,228.12,238.36,256.01,256.01,0,,,228.12,,0,,0,,,,,
2024-12-10,249.63,255.11,247.08,248.08,13142458,277.86,217.66,7.62,54.04,227.49,239.42,256.01,256.01,0,,,227.49,,0,,0,,,,,
2024-12-11,250.47,253.87,248.08,253.17,10687907,277.63,217.66,7.49,58.94,230.86,240.22,256.01,256.01,0,,,230.86,,0,,0,,,,,
2024-12-12,253.27,253.92,243.49,243.99,13847859,277.39,226.32,7.7,48.82,227.68,240.53,256.01,256.01,0,,,227.68,,0,,0,,,,,
2024-12-13,243.49,243.64,236.85,242.24,9230527,277.1,236.85,7.66,47.16,230.09,240.74,256.01,256.01,0,,,230.09,,0,,0,,,,,
2024-12-16,242.24,247.68,241.84,247.08,8698753,276.93,236.85,7.53,52.03,233.3,241.02,256.01,256.01,0,,,233.3,,0,,0,,,,,
2024-12-17,246.28,249.97,240.69,241.84,7406625,276.72,236.85,7.65,46.98,229.83,241.03,256.01,256.01,0,,,229.83,,0,,0,,,,,
2024-12-18,242.49,242.89,237.0,239.35,9599459,276.44,236.85,7.53,44.76,228.31,241.25,256.01,256.01,0,,,228.31,,0,,0,,,,,
2024-12-19,231.96,242.54,231.51,241.74,10935031,276.13,231.51,7.78,47.33,227.91,241.48,256.01,256.01,0,,,227.91,,0,,0,,,,,
2024-12-20,241.74,244.44,234.01,234.81,12507201,275.76,231.51,7.97,41.32,223.31,241.06,256.01,256.01,0,,,223.31,,0,,0,,,,,
2024-12-23,237.85,243.34,234.61,240.44,14608700,275.4,231.51,8.02,47.19,226.91,240.95,256.01,256.01,0,,,226.91,,0,,0,,,,,
2024-12-24,241.49,243.29,238.15,238.85,6497376,275.0,231.51,7.82,45.8,226.02,240.96,256.01,256.01,0,,,226.02,,0,,0,,,,,
2024-12-26,239.8,242.04,237.6,241.24,7197644,274.49,231.51,7.57,48.27,227.72,241.04,256.01,256.01,0,,,227.72,,0,,0,,,,,
2024-12-27,241.49,242.19,234.31,234.91,6572582,274.05,231.51,7.6,42.71,223.62,241.22,256.01,256.01,0,,,223.62,,0,,0,,,,,
2024-12-30,235.16,235.41,223.13,225.13,34741159,273.52,223.13,7.93,35.85,214.3,241.32,256.01,256.01,0,,,214.3,,0,,0,,,,,
2024-12-31,225.13,231.06,224.78,228.92,8401290,273.02,223.13,7.81,39.88,216.82,241.51,256.01,256.01,0,,,216.82,,0,,0,,,,,
2025-01-01,229.53,233.61,226.85,232.74,7758093,272.58,223.13,7.74,43.72,219.34,241.86,256.01,256.01,0,,,219.34,,0,,0,,,,,
2025-01-02,232.51,233.21,227.02,232.25,13936789,272.2,223.13,7.63,43.34,219.09,242.09,255.11,256.01,0,,,219.09,,0,,0,,,,,
2025-01-03,232.51,236.27,229.18,229.58,10901266,271.77,223.13,7.59,41.22,217.4,242.16,255.11,255.11,0,,,217.4,,0,,0,,,,,
2025-01-06,231.01,231.01,218.73,219.36,15604026,271.3,218.73,7.92,34.32,209.11,241.67,255.11,255.11,0,,,209.11,,0,,0,,,,,
2025-01-07,220.54,225.81,218.19,224.35,12709847,270.81,218.19,7.9,39.63,212.17,241.13,255.11,255.11,0,,,212.17,,0,,0,,,,,
2025-01-08,224.35,225.2,217.32,220.91,9124370,270.21,217.32,7.9,37.39,209.66,240.37,253.92,255.11,0,,,209.66,,0,,0,,,,,
2025-01-09,223.38,223.38,215.35,215.93,9403979,270.01,215.35,7.91,34.35,205.78,239.33,253.92,253.92,0,,,205.78,,0,,0,,,,,
2025-01-10,215.93,216.2,202.68,204.06,20791872,269.68,202.68,8.31,28.43,193.64,237.74,249.97,253.92,0,,,193.64,,0,,0,,,,,
2025-01-13,199.58,200.58,191.26,192.18,23244835,269.11,191.26,8.63,23.97,181.96,235.79,249.97,249.97,0,,,181.96,,0,,0,,,,,
2025-01-14,193.29,198.98,191.37,196.69,16773870,268.52,191.26,8.56,28.55,184.91,234.04,249.97,249.97,0,,,184.91,,0,,0,,,,,
2025-01-15,198.58,204.97,197.63,201.74,13345400,267.98,191.26,8.54,33.39,188.18,232.37,244.44,249.97,0,,,188.18,,0,,0,,,,,
2025-01-16,204.57,211.28,203.92,210.15,12785825,267.42,191.26,8.61,40.6,193.56,231.02,244.44,244.44,0,,,193.56,,0,,0,,,,,
2025-01-17,209.85,214.44,207.56,213.63,11603310,266.88,191.26,8.49,43.34,195.89,229.76,244.44,244.44,0,,,195.89,,0,,0,,,,,
2025-01-20,214.7,218.04,212.8,216.47,7252346,266.3,191.26,8.25,45.54,197.87,228.7,243.34,244.44,0,,,197.87,,0,,0,,,,,
2025-01-21,216.73,217.78,208.36,209.11,8267629,265.66,191.26,8.34,41.08,193.07,227.36,243.29,243.34,0,,,193.07,,0,,0,,,,,
2025-01-22,209.56,209.75,198.95,205.03,11550327,265.0,191.26,8.51,38.81,190.32,225.93,242.19,243.29,0,,,190.32,,0,,0,,,,,
2025-01-23,203.87,207.66,202.77,206.06,11501338,264.4,191.26,8.25,39.72,191.16,224.36,242.19,242.19,0,,,191.16,,0,,0,,,,,
2025-01-24,206.57,208.22,199.08,199.77,9344993,263.78,191.26,8.32,36.2,187.06,222.89,236.27,242.19,0,,,187.06,,0,,0,,,,,
2025-01-27,198.58,198.58,192.7,194.13,8410047,263.11,191.26,8.23,33.34,183.48,221.28,236.27,236.27,0,,,183.48,,0,,0,,,,,
2025-01-28,195.84,197.04,185.61,187.23,17826505,262.4,185.61,8.46,30.2,176.99,219.29,236.27,236.27,0,,,176.99,,0,,0,,,,,
2025-01-29,183.75,200.1,183.75,199.44,38044200,261.78,183.75,9.02,40.82,183.87,217.87,236.27,236.27,0,,,183.87,,0,,0,,,,,
2025-01-30,200.58,201.28,193.62,195.96,12911947,261.12,183.75,8.92,39.0,181.69,216.43,236.27,236.27,0,,,181.69,,0,,0,,,,,
2025-01-31,198.08,208.24,195.38,207.65,21137642,260.53,183.75,9.21,47.47,189.05,215.29,231.01,236.27,0,,,189.05,,0,,0,,,,,
2025-02-01,209.12,213.95,196.19,199.6,24872103,259.86,183.75,9.82,43.04,183.45,214.12,225.81,231.01,0,,,183.45,,0,,0,,,,,
2025-02-03,197.41,197.49,189.23,195.83,23794278,259.16,183.75,9.86,41.1,180.99,212.63,225.2,225.81,0,,,180.99,,0,,0,,,,,
2025-02-04,197.58,207.36,197.15,206.29,22318249,258.56,183.75,9.98,48.08,187.66,211.54,223.38,225.2,0,,,187.66,,0,,0,,,,,
2025-02-05,206.63,212.12,206.05,208.57,13834798,257.88,183.75,9.7,49.49,189.31,210.46,218.04,223.38,0,,,189.31,,0,,0,,,,,
2025-02-06,210.66,210.66,203.66,204.41,6329168,257.17,183.75,9.5,46.99,186.76,209.44,218.04,218.04,0,,,186.76,,0,,0,,,,,
2025-02-07,204.57,205.97,200.88,202.41,7630722,256.42,183.75,9.19,45.79,185.68,208.68,218.04,218.04,0,,,185.68,,0,,0,,,,,
2025-02-10,208.56,209.36,201.31,202.55,19309166,255.59,183.75,9.11,45.89,185.82,207.8,218.04,218.04,0,,,185.82,,0,,0,,,,,
2025-02-11,203.16,203.47,193.09,199.29,18788514,254.72,183.75,9.2,43.79,183.66,206.69,218.04,218.04,0,,,183.66,,0,,0,,,,,
2025-02-12,200.28,200.41,189.7,198.41,18458569,253.87,183.75,9.31,43.21,183.02,205.56,218.04,218.04,0,,,183.02,,0,,0,,,,,
2025-02-13,198.58,204.97,198.58,201.4,10675334,253.0,183.75,9.11,45.82,185.08,204.62,218.04,218.04,0,,,185.08,,0,,0,,,,,
2025-02-14,202.08,203.21,190.71,192.9,12360217,252.12,183.75,9.35,40.17,179.44,203.74,217.78,218.04,0,,,179.44,,0,,0,,,,,
2025-02-17,192.9,195.4,188.1,193.06,14215439,251.24,183.75,9.21,40.32,179.64,202.7,213.95,217.78,0,,,179.64,,0,,0,,,,,
2025-02-18,193.14,194.09,183.19,186.18,19765470,250.36,183.19,9.33,36.15,174.93,201.54,213.95,213.95,0,,,174.93,,0,,0,,,,,
2025-02-19,184.04,195.08,182.81,194.68,16602294,249.6,182.81,9.54,43.88,180.15,200.83,213.95,213.95,0,,,180.15,,0,,0,,,,,
2025-02-20,192.47,201.23,192.4,199.75,14019550,248.98,182.81,9.49,47.93,183.45,200.69,213.95,213.95,0,,,183.45,,0,,0,,,,,
2025-02-21,199.42,201.73,195.09,196.0,12105028,248.26,182.81,9.28,45.32,181.17,200.81,213.95,213.95,0,,,181.17,,0,,0,,,,,
2025-02-24,191.85,194.57,190.11,191.03,10830137,247.49,182.81,9.04,42.06,178.12,200.62,213.95,213.95,0,,,178.12,,0,,0,,,,,
2025-02-25,191.3,196.0,187.26,194.2,18316744,246.73,182.81,9.02,44.79,180.18,200.37,213.95,213.95,0,,,180.18,,0,,0,,,,,
2025-02-27,194.63,195.08,185.91,187.05,11545214,245.91,182.81,9.03,40.19,175.56,199.6,213.95,213.95,0,,,175.56,,0,,0,,,,,
2025-02-28,182.62,186.13,177.23,178.79,17163841,244.99,177.23,9.09,35.64,168.34,198.44,213.95,213.95,0,,,168.34,,0,,0,,,,,
2025-03-03,179.72,186.24,175.63,185.08,15248881,244.07,175.63,9.2,41.11,171.79,197.4,212.12,213.95,0,,,171.79,,0,,0,,,,,
2025-03-04,182.22,192.88,180.42,192.35,16755486,243.25,175.63,9.43,46.74,176.32,196.84,212.12,212.12,0,,,176.32,,0,,0,,,,,
2025-03-05,191.59,197.68,191.52,195.65,11759241,242.46,175.63,9.19,49.12,178.61,196.52,212.12,212.12,0,,,178.61,,0,,0,,,,,
2025-03-06,197.58,201.08,196.59,197.98,12704429,241.73,175.63,8.93,50.79,180.29,196.25,210.66,212.12,0,,,180.29,,0,,0,,,,,
2025-03-07,197.98,200.78,195.79,196.54,8240367,241.03,175.63,8.64,49.71,179.55,196.15,209.36,210.66,0,,,179.55,,0,,0,,,,,
2025-03-10,196.84,199.96,190.96,191.71,7893304,240.37,175.63,8.67,46.14,176.42,196.07,209.36,209.36,0,,,176.42,,0,,0,,,,,
2025-03-11,189.6,194.79,187.61,193.71,9057560,239.75,175.63,8.56,47.81,177.78,196.28,204.97,209.36,0,,,177.78,,0,,0,,,,,
2025-03-12,194.99,196.06,188.35,193.22,7855326,239.01,175.63,8.5,47.42,177.5,196.08,204.97,204.97,0,,,177.5,,0,,0,,,,,
2025-03-13,194.59,196.96,192.5,192.92,6439500,238.32,175.63,8.21,47.17,177.5,195.97,204.97,204.97,0,,,177.5,,0,,0,,,,,
2025-03-17,194.59,196.79,192.58,195.02,6627117,237.61,175.63,7.93,49.21,179.05,195.55,203.21,204.97,0,,,179.05,,0,,0,,,,,
2025-03-18,195.02,195.02,195.02,195.02,0,236.92,175.63,7.36,49.21,179.42,195.4,201.73,203.21,0,,,179.42,,0,,0,,,,,
2025-03-19,205.57,207.31,203.68,205.26,8763675,236.36,175.63,7.71,58.3,185.79,195.71,207.31,201.73,0,,,185.79,,0,,0,,,,,
2025-03-20,206.51,207.51,202.06,206.11,7090259,235.81,175.63,7.55,58.96,186.45,195.71,207.51,207.31,0,,,186.45,,0,,0,,,,,
2025-03-21,206.11,213.22,205.87,211.51,14567468,235.24,175.63,7.54,62.95,189.94,195.81,213.22,207.51,0,,,189.94,,0,,0,,,,,
2025-03-24,213.55,220.04,212.34,217.08,17162186,234.74,175.63,7.61,66.57,193.49,196.23,220.04,213.22,0,,,193.49,,0,,0,,,,,
2025-03-25,219.24,221.43,212.4,213.15,13641191,234.19,180.42,7.71,61.97,192.48,196.59,221.43,220.04,0,,,192.48,,0,,0,,,,,
2025-03-26,214.2,215.59,209.56,210.08,11768733,233.61,187.61,7.59,58.57,192.98,196.84,221.43,221.43,0,,,192.98,,0,,0,,,,,
2025-03-27,210.08,216.45,208.32,213.53,37280559,233.04,187.61,7.63,61.15,195.18,197.31,221.43,221.43,0,,,195.18,,0,,0,,,,,
2025-03-28,215.09,220.84,213.76,215.98,20677777,232.51,187.61,7.61,62.92,196.77,197.9,221.43,221.43,0,,,196.77,,0,,0,,,,,
2025-04-01,214.7,215.25,209.61,211.25,16822545,231.94,187.61,7.52,57.49,193.78,198.23,221.43,221.43,0,,,193.78,,0,,0,,,,,
2025-04-02,212.65,212.7,206.98,212.13,9217703,231.38,187.61,7.39,58.21,194.43,198.87,221.43,221.43,0,,,194.43,,0,,0,,,,,
2025-04-03,208.72,220.04,208.72,218.22,14138540,230.87,188.35,7.67,62.91,198.42,199.71,221.43,221.43,0,,,198.42,,0,,0,,,,,
2025-04-04,218.22,221.43,212.6,214.0,20924777,230.36,192.5,7.75,58.04,197.03,200.63,221.43,221.43,0,,,197.03,,0,,0,,,,,
2025-04-07,193.59,208.65,193.09,207.26,19369229,229.81,192.58,8.69,51.22,192.08,201.05,221.43,221.43,0,,,192.08,,0,,0,,,,,
2025-04-08,210.56,214.45,208.14,210.5,9741351,229.31,193.09,8.59,54.01,194.41,201.41,221.43,221.43,0,,,194.41,,0,,0,,,,,
2025-04-09,210.5,213.75,204.76,211.37,10120991,228.81,193.09,8.61,54.76,194.95,201.92,221.43,221.43,0,,,194.95,,0,,0,,,,,
2025-04-11,215.55,217.53,212.05,212.52,7830994,228.37,193.09,8.44,55.79,195.81,202.64,221.43,221.43,0,,,195.81,,0,,0,,,,,
2025-04-15,215.55,222.18,213.7,221.33,13352688,228.03,193.09,8.53,62.76,201.44,203.54,222.18,221.43,0,,,201.44,,0,,0,,,,,
2025-04-16,221.33,226.42,220.29,225.53,16706004,227.78,193.09,8.35,65.55,204.26,204.83,226.42,222.18,0,,,204.26,,0,,0,,,,,
2025-04-17,227.52,228.92,224.06,226.91,14226916,227.55,193.09,8.11,66.44,205.32,206.43,228.92,226.42,0,,,205.32,,0,,0,,,,,
2025-04-21,225.69,228.44,219.86,226.71,25601594,227.3,193.09,8.14,66.18,205.17,207.82,228.92,228.92,0,,,205.17,,0,,0,,,,,
2025-04-22,227.52,231.96,226.62,227.84,10971980,227.1,193.09,7.94,66.98,206.03,209.0,231.96,228.92,0,,,206.03,,0,,0,,,,,
2025-04-23,229.92,230.84,223.63,230.05,9723451,226.86,193.09,7.89,68.56,207.49,210.15,231.96,231.96,0,,,207.49,,0,,0,,,,,
2025-04-24,228.52,231.03,226.09,230.02,13730795,226.63,193.09,7.68,68.51,207.61,211.22,231.96,231.96,0,,,207.61,,0,,0,,,,,
2025-04-25,230.5,231.3,217.39,221.9,18081374,226.32,193.09,8.12,56.92,202.07,212.06,231.96,231.96,0,,,202.07,,0,,0,,,,,
2025-04-28,221.9,230.9,221.1,229.83,11353051,226.09,193.09,8.24,63.43,207.11,213.33,231.96,231.96,0,,,207.11,,0,,0,,,,,
2025-04-29,229.82,234.71,229.76,230.84,16328906,225.87,193.09,8.01,64.17,207.92,214.57,234.71,231.96,0,,,207.92,,0,,0,,,,,
2025-04-30,231.01,231.88,224.59,226.36,8248908,225.66,193.09,7.96,58.5,205.06,215.67,234.71,234.71,0,,,205.06,,0,,0,,,,,
2025-05-02,226.36,230.75,223.79,224.36,6528363,225.39,204.76,7.88,56.12,207.71,216.72,234.71,234.71,0,,,207.71,,0,,0,,,,,
2025-05-05,224.53,229.01,224.53,228.24,4412046,225.09,204.76,7.65,59.56,210.37,217.83,234.71,234.71,0,,,210.37,,0,,0,,,,,
2025-05-06,228.24,228.47,215.67,217.29,11268211,224.66,212.05,8.02,48.09,205.49,218.57,234.71,234.71,0,,,205.49,,0,,0,,,,,
2025-05-07,213.05,225.73,212.95,224.68,16036419,224.28,212.95,8.36,54.46,210.33,219.22,234.71,234.71,0,,,210.33,,0,,0,,,,,
2025-05-08,224.83,226.52,214.45,216.71,7896625,223.86,212.95,8.63,47.67,205.01,219.57,234.71,234.71,0,,,205.01,,0,,0,,,,,
2025-05-09,211.66,217.54,211.66,216.18,9483894,223.38,211.66,8.43,47.24,204.37,219.73,234.71,234.71,0,,,204.37,,0,,0,,,,,
2025-05-12,223.53,233.01,223.53,232.46,14953189,223.07,211.66,9.03,59.2,214.47,220.24,234.71,234.71,0,,,214.47,,0,,0,,,,,
2025-05-13,233.31,242.69,232.51,237.88,26179873,222.79,211.66,9.12,62.27,217.91,221.07,242.69,234.71,1,237.88,217.91,217.91,217.91,1,2025-05-13,0,,,55,,
2025-05-14,239.19,240.26,233.85,238.86,21213251,222.6,211.66,8.92,62.81,218.67,222.02,242.69,242.69,0,,,218.67,218.67,1,2025-05-13,0,,,55,,
2025-05-15,239.5,247.15,237.09,245.16,16138842,222.45,211.66,9.0,66.19,222.68,223.08,247.15,242.69,1,245.16,222.68,222.68,222.68,1,2025-05-13,0,,,55,,
2025-05-16,247.28,259.44,243.65,249.83,50239674,222.41,211.66,9.49,68.47,225.37,224.21,259.44,247.15,0,,,225.37,225.37,1,2025-05-13,0,,,55,,
2025-05-19,252.46,253.36,242.69,243.27,15730487,222.26,211.66,9.57,62.12,221.08,225.27,259.44,259.44,0,,,221.08,225.37,1,2025-05-13,0,,,55,,
2025-05-20,244.48,248.96,241.29,243.92,15814933,222.13,211.66,9.44,62.49,221.59,226.33,259.44,259.44,0,,,221.59,225.37,1,2025-05-13,0,,,55,,
2025-05-21,243.99,249.02,241.29,246.9,9812359,221.97,211.66,9.31,64.22,223.59,227.29,259.44,259.44,0,,,223.59,225.37,1,2025-05-13,0,,,55,,
2025-05-22,246.48,251.12,244.09,247.05,14679264,221.82,211.66,9.15,64.31,223.8,228.39,259.44,259.44,0,,,223.8,225.37,1,2025-05-13,0,,,55,,
2025-05-23,246.98,255.42,244.59,254.27,18672122,221.73,211.66,9.27,68.4,228.38,229.96,259.44,259.44,0,,,228.38,228.38,1,2025-05-13,0,,,55,,
2025-05-26,255.31,261.8,254.9,261.31,18231776,221.67,211.66,9.15,71.79,233.0,231.65,261.8,259.44,1,261.31,233.0,233.0,233.0,1,2025-05-13,0,,,55,,
2025-05-27,261.44,262.85,257.94,259.62,11619198,221.6,211.66,8.84,69.85,232.11,233.26,262.85,261.8,0,,,232.11,233.0,1,2025-05-13,0,,,55,,
2025-05-28,260.55,268.39,260.29,266.05,16354936,221.69,211.66,8.84,72.86,236.26,235.05,268.39,262.85,1,266.05,236.26,236.26,236.26,1,2025-05-13,0,,,55,,
2025-05-29,266.42,268.56,263.57,265.85,12113755,221.77,211.66,8.56,72.61,236.32,236.53,268.56,268.39,0,,,236.32,236.32,1,2025-05-13,0,,,55,,
2025-05-30,267.18,268.09,258.19,259.29,16166684,221.85,223.53,8.66,64.98,235.98,237.65,268.56,268.56,0,,,235.98,236.32,1,2025-05-13,0,,,55,,
2025-06-02,260.5,262.35,258.11,260.85,5496542,222.04,232.51,8.34,65.9,240.19,238.79,268.56,268.56,0,,,240.19,240.19,1,2025-05-13,0,,,55,,
2025-06-03,261.95,262.3,251.52,252.42,10202467,222.23,233.85,8.52,57.17,235.08,239.64,268.56,268.56,0,,,235.08,240.19,1,2025-05-13,0,,,55,,
2025-06-04,252.57,254.07,249.97,253.22,7322863,222.41,237.09,8.2,57.75,236.89,240.49,268.56,268.56,0,,,236.89,240.19,1,2025-05-13,0,,,55,,
2025-06-05,254.42,255.96,250.72,251.47,5868497,222.64,241.29,7.99,55.99,237.3,241.2,268.56,268.56,0,,,237.3,240.19,1,2025-05-13,0,,,55,,
2025-06-06,252.27,257.76,251.52,255.16,5912223,222.82,241.29,7.87,58.84,239.76,242.04,268.56,268.56,0,,,239.76,240.19,1,2025-05-13,0,,,55,,
2025-06-09,256.46,259.06,253.72,257.61,8142667,222.97,241.29,7.69,60.66,241.46,243.23,268.56,268.56,0,,,241.46,241.46,1,2025-05-13,0,,,55,,
2025-06-10,258.96,262.85,257.66,260.0,13506650,223.13,241.29,7.51,62.4,243.12,244.24,268.56,268.56,0,,,243.12,243.12,1,2025-05-13,0,,,55,,
2025-06-11,260.85,260.85,254.96,256.46,6312600,223.25,244.09,7.4,58.28,241.85,245.09,268.56,268.56,0,,,241.85,243.12,1,2025-05-13,0,,,55,,
2025-06-12,255.81,257.46,252.62,253.27,7494477,223.33,244.59,7.22,54.76,240.08,245.99,268.56,268.56,0,,,240.08,243.12,1,2025-05-13,0,,,55,,
2025-06-13,247.08,254.66,245.18,253.02,6863381,223.46,245.18,7.38,54.48,240.01,246.94,268.56,268.56,0,,,240.01,243.12,1,2025-05-13,0,,,55,,
2025-06-16,252.47,255.71,247.68,253.92,5449381,223.59,245.18,7.42,55.36,240.56,247.8,268.56,268.56,0,,,240.56,243.12,1,2025-05-13,0,,,55,,
2025-06-17,254.47,255.96,250.17,251.82,3780350,223.62,245.18,7.31,52.8,239.28,248.95,268.56,268.56,0,,,239.28,243.12,1,2025-05-13,0,,,55,,
2025-06-18,251.82,254.71,249.73,251.27,4309390,223.67,245.18,7.14,52.12,239.04,249.84,268.56,268.56,0,,,239.04,243.12,1,2025-05-13,0,,,55,,
2025-06-19,250.57,252.47,242.99,246.68,6499510,223.72,242.99,7.31,46.73,235.23,250.84,268.56,268.56,0,,,235.23,243.12,1,2025-05-13,1,243.12,TRAILING_STOP,55,28,2.2
2025-06-20,246.48,251.67,246.33,249.92,7364337,223.8,242.99,7.17,50.61,237.42,251.96,268.56,268.56,0,,,237.42,,0,,0,,,,,
2025-06-23,247.93,254.96,247.63,253.27,6599595,223.96,242.99,7.18,54.33,239.57,252.65,268.56,268.56,0,,,239.57,,0,,0,,,,,
2025-06-24,255.41,263.25,253.67,259.4,13591549,224.2,242.99,7.38,60.22,243.39,253.37,268.56,268.56,0,,,243.39,,0,,0,,,,,
2025-06-25,260.65,263.7,259.5,261.3,8079034,224.46,242.99,7.16,61.86,244.76,254.12,268.56,268.56,0,,,244.76,,0,,0,,,,,
2025-06-26,261.85,264.79,260.35,263.9,8632812,224.74,242.99,6.96,64.05,246.57,254.74,268.09,268.56,0,,,246.57,,0,,0,,,,,
2025-06-27,264.44,267.84,262.65,263.55,8256515,224.99,242.99,6.84,63.52,246.43,255.2,267.84,268.09,0,,,246.43,,0,,0,,,,,
2025-06-30,271.43,271.53,262.9,265.74,24499093,225.25,242.99,6.97,65.44,247.75,255.95,271.53,267.84,0,,,247.75,,0,,0,,,,,
2025-07-01,267.19,267.19,261.95,264.1,6368798,225.45,242.99,6.84,62.77,246.78,256.62,271.53,271.53,0,,,246.78,,0,,0,,,,,
2025-07-02,264.1,265.04,258.46,260.05,4720752,225.58,242.99,6.82,56.64,244.18,257.06,271.53,271.53,0,,,244.18,,0,,0,,,,,
2025-07-03,260.05,261.1,256.56,257.06,3482668,225.67,242.99,6.66,52.56,242.36,257.4,271.53,271.53,0,,,242.36,,0,,0,,,,,
2025-07-04,258.46,262.8,257.61,259.6,6547713,225.75,242.99,6.6,55.49,244.04,257.57,271.53,271.53,0,,,244.04,,0,,0,,,,,
2025-07-07,259.95,260.35,254.81,255.81,3448589,225.78,242.99,6.52,50.47,241.65,257.39,271.53,271.53,0,,,241.65,,0,,0,,,,,
2025-07-08,255.81,258.61,255.71,257.56,3629949,225.82,242.99,6.26,52.61,242.95,257.32,271.53,271.53,0,,,242.95,,0,,0,,,,,
2025-07-09,257.56,264.79,257.26,261.5,9205944,225.9,242.99,6.35,57.08,245.43,257.17,271.53,271.53,0,,,245.43,,0,,0,,,,,
2025-07-10,261.95,262.05,259.11,260.75,3978183,225.96,246.33,6.11,56.0,246.22,257.0,271.53,271.53,0,,,246.22,,0,,0,,,,,
2025-07-11,259.8,260.95,256.41,258.16,3395468,226.01,247.63,6.0,52.3,245.06,256.96,271.53,271.53,0,,,245.06,,0,,0,,,,,
2025-07-14,258.11,259.21,254.66,256.81,2826291,226.05,253.67,5.89,50.43,246.27,256.83,271.53,271.53,0,,,246.27,,0,,0,,,,,
2025-07-15,256.81,258.81,255.16,256.96,2785020,226.11,254.66,5.73,50.65,246.8,256.98,271.53,271.53,0,,,246.8,,0,,0,,,,,
2025-07-16,255.96,257.76,252.77,253.82,3917127,226.14,252.77,5.68,46.21,244.18,257.0,271.53,271.53,0,,,244.18,,0,,0,,,,,
2025-07-17,253.82,255.86,251.62,252.72,3133140,226.17,251.62,5.58,44.73,243.16,257.04,271.53,271.53,0,,,243.16,,0,,0,,,,,
2025-07-18,252.62,254.32,249.48,249.97,3769277,226.15,249.48,5.52,41.19,240.71,256.87,271.53,271.53,0,,,240.71,,0,,0,,,,,
2025-07-21,250.52,254.86,247.78,254.12,3502780,226.22,247.78,5.64,47.9,242.74,256.75,271.53,271.53,0,,,242.74,,0,,0,,,,,
2025-07-22,254.12,255.06,249.48,249.97,3295956,226.27,247.78,5.63,42.66,240.07,256.42,271.53,271.53,0,,,240.07,,0,,0,,,,,
2025-07-23,251.07,251.27,247.23,250.67,2778287,226.29,247.23,5.52,43.78,240.41,256.22,271.53,271.53,0,,,240.41,,0,,0,,,,,
2025-07-24,250.67,251.82,247.98,250.52,2537746,226.35,247.23,5.4,43.58,240.4,256.13,271.53,271.53,0,,,240.4,,0,,0,,,,,
2025-07-25,248.63,250.42,238.95,239.65,6249024,226.35,238.95,5.84,32.29,230.33,255.69,271.53,271.53,0,,,230.33,,0,,0,,,,,
2025-07-28,240.49,242.89,235.01,236.25,3829301,226.31,235.01,5.98,29.7,226.73,255.1,267.19,271.53,0,,,226.73,,0,,0,,,,,
2025-07-29,235.75,241.09,233.76,240.05,4090733,226.35,233.76,6.08,35.89,228.7,254.7,265.04,267.19,0,,,228.7,,0,,0,,,,,
2025-07-30,241.24,242.49,238.9,241.14,3128052,226.35,233.76,5.9,37.59,229.52,254.37,264.79,265.04,0,,,229.52,,0,,0,,,,,
2025-07-31,238.1,240.84,237.1,237.95,4900265,226.35,233.76,5.77,34.7,227.55,254.08,264.79,264.79,0,,,227.55,,0,,0,,,,,
2025-08-01,238.45,238.45,231.1,231.6,4328861,226.28,231.1,5.88,29.78,222.49,253.46,264.79,264.79,0,,,222.49,,0,,0,,,,,
2025-08-04,232.1,242.2,230.33,241.43,4836529,226.33,230.33,6.31,43.2,228.29,253.07,264.79,264.79,0,,,228.29,,0,,0,,,,,
2025-08-05,243.01,249.0,243.0,248.25,16107703,226.48,230.33,6.4,50.3,232.63,252.7,264.79,264.79,0,,,232.63,,0,,0,,,,,
2025-08-06,249.5,249.6,238.4,239.83,11261810,226.55,230.33,6.74,43.13,226.97,251.98,262.05,264.79,0,,,226.97,,0,,0,,,,,
2025-08-07,231.85,232.69,222.59,227.97,32931833,226.52,222.59,7.49,35.47,216.24,250.79,260.95,262.05,0,,,216.24,,0,,0,,,,,
2025-08-08,227.5,229.11,222.24,222.71,10903726,226.46,222.24,7.45,32.69,212.76,249.42,259.21,260.95,0,,,212.76,,0,,0,,,,,
2025-08-11,223.0,224.79,219.9,221.46,8120448,226.4,219.9,7.27,32.05,211.3,247.95,258.81,259.21,0,,,211.3,,0,,0,,,,,
2025-08-12,222.0,225.66,220.5,222.87,5579037,226.43,219.9,7.12,33.63,212.31,246.57,257.76,258.81,0,,,212.31,,0,,0,,,,,
2025-08-13,224.0,226.96,221.52,223.99,4866381,226.42,219.9,7.0,34.93,213.11,245.37,255.86,257.76,0,,,213.11,,0,,0,,,,,
2025-08-14,224.48,224.8,220.42,221.33,3835220,226.43,219.9,6.81,33.27,211.52,244.18,255.06,255.86,0,,,211.52,,0,,0,,,,,
2025-08-18,226.0,226.0,216.12,216.62,9821664,226.43,216.12,7.03,30.5,207.07,242.75,255.06,255.06,0,,,207.07,,0,,0,,,,,
2025-08-19,217.85,220.14,216.04,219.7,5359240,226.54,216.04,6.82,34.35,209.17,241.54,255.06,255.06,0,,,209.17,,0,,0,,,,,
2025-08-20,219.7,221.55,219.1,220.67,3150685,226.73,216.04,6.51,35.56,210.01,240.31,251.82,255.06,0,,,210.01,,0,,0,,,,,
2025-08-21,220.98,222.43,217.98,218.48,3594173,226.87,216.04,6.36,34.03,208.69,238.88,251.82,251.82,0,,,208.69,,0,,0,,,,,
2025-08-22,218.98,219.79,217.02,218.59,3265473,226.98,216.04,6.1,34.18,208.93,237.48,250.42,251.82,0,,,208.93,,0,,0,,,,,
2025-08-25,219.0,219.6,216.21,216.51,2460395,227.03,216.04,5.91,32.65,207.72,236.09,249.6,250.42,0,,,207.72,,0,,0,,,,,
2025-08-26,216.5,216.65,211.05,211.5,5248328,227.01,211.05,5.89,29.23,202.84,234.58,249.6,249.6,0,,,202.84,,0,,0,,,,,
2025-08-28,211.5,213.71,208.05,208.51,5028650,226.96,208.05,5.87,27.39,199.92,232.96,249.6,249.6,0,,,199.92,,0,,0,,,,,
2025-08-29,208.51,211.55,205.12,208.01,6491590,226.95,205.12,5.91,27.09,198.6,231.43,249.6,249.6,0,,,198.6,,0,,0,,,,,
2025-09-01,209.5,213.3,209.05,212.22,6448724,227.0,205.12,5.87,33.81,201.34,230.08,249.6,249.6,0,,,201.34,,0,,0,,,,,
2025-09-02,213.05,217.15,212.28,215.07,7347728,227.06,205.12,5.8,37.98,203.23,228.92,249.6,249.6,0,,,203.23,,0,,0,,,,,
2025-09-03,215.2,217.36,214.22,216.97,3107124,227.17,205.12,5.61,40.67,204.58,227.68,249.6,249.6,0,,,204.58,,0,,0,,,,,
2025-09-04,221.12,221.8,210.5,211.09,9965549,227.29,205.12,6.02,35.54,200.52,226.39,249.6,249.6,0,,,200.52,,0,,0,,,,,
2025-09-05,211.49,213.13,209.6,212.36,3958541,227.46,205.12,5.84,37.38,201.45,225.11,232.69,249.6,0,,,201.45,,0,,0,,,,,
2025-09-08,214.5,218.7,213.8,216.68,5280719,227.57,205.12,5.87,43.3,204.22,223.98,229.11,232.69,0,,,204.22,,0,,0,,,,,
2025-09-09,216.68,217.0,214.08,214.52,2832092,227.69,205.12,5.66,41.2,202.96,223.14,226.96,229.11,0,,,202.96,,0,,0,,,,,
2025-09-10,214.55,220.84,214.05,220.03,8012241,227.78,205.12,5.74,48.1,206.46,222.6,226.96,226.96,0,,,206.46,,0,,0,,,,,
2025-09-11,220.0,230.0,219.42,229.08,28357811,227.97,205.12,6.09,57.03,212.07,222.24,230.0,226.96,0,,,212.07,,0,,0,,,,,
2025-09-12,228.5,230.51,226.8,228.72,7574797,228.19,205.12,5.92,56.61,211.95,221.82,230.51,230.0,0,,,211.95,,0,,0,,,,,
2025-09-15,229.7,232.85,228.3,229.67,8536557,228.35,205.12,5.82,57.49,212.63,221.55,232.85,230.51,0,,,212.63,,0,,0,,,,,
2025-09-16,230.1,232.68,229.12,232.19,5707608,228.51,205.12,5.66,59.83,214.36,221.57,232.85,232.85,0,,,214.36,,0,,0,,,,,
2025-09-17,233.0,234.99,232.4,234.32,5487958,228.7,205.12,5.46,61.74,215.87,221.33,234.99,232.85,1,234.32,215.87,215.87,215.87,1,2025-09-17,0,,,56,,
2025-09-18,235.0,235.9,231.1,234.49,4534560,228.92,205.12,5.41,61.9,216.01,220.87,235.9,234.99,0,,,216.01,216.01,1,2025-09-17,0,,,56,,
2025-09-19,233.94,241.35,233.71,237.17,14496280,229.15,209.05,5.57,64.37,218.95,220.78,241.35,235.9,1,237.17,218.95,218.95,218.95,1,2025-09-17,0,,,56,,
2025-09-22,237.09,242.43,236.41,239.6,7227055,229.42,209.6,5.6,66.49,220.67,221.17,242.43,241.35,0,,,220.67,220.67,1,2025-09-17,0,,,56,,
2025-09-23,239.6,240.83,236.6,238.73,6141305,229.69,209.6,5.5,65.0,220.18,221.7,242.43,242.43,0,,,220.18,220.67,1,2025-09-17,0,,,56,,
2025-09-24,238.5,239.17,234.74,236.01,4665637,229.92,209.6,5.43,60.44,218.48,222.19,242.43,242.43,0,,,218.48,220.67,1,2025-09-17,0,,,56,,
2025-09-25,235.0,238.0,233.1,234.62,4026105,230.2,209.6,5.39,58.19,217.6,222.58,242.43,242.43,0,,,217.6,220.67,1,2025-09-17,0,,,56,,
2025-09-26,233.4,234.0,229.77,231.01,4520518,230.45,213.8,5.35,52.71,216.7,222.82,242.43,242.43,0,,,216.7,220.67,1,2025-09-17,1,230.45,SMA150_BREAK,56,8,-1.65
2025-09-29,231.2,235.6,231.01,233.97,6844860,230.77,214.05,5.3,56.34,218.73,223.24,242.43,242.43,0,,,218.73,,0,,0,,,,,
2025-09-30,234.9,239.65,233.08,238.45,7781995,231.06,214.05,5.39,61.2,221.56,223.96,242.43,242.43,0,,,221.56,,0,,0,,,,,
2025-10-01,239.0,242.8,238.5,240.17,7001353,231.33,219.42,5.31,62.9,224.51,224.65,242.8,242.43,0,,,224.51,,0,,0,,,,,
2025-10-03,240.5,246.29,240.0,245.02,9487956,231.66,226.8,5.38,67.27,230.05,225.46,246.29,242.8,1,245.02,230.05,230.05,230.05,1,2025-10-03,0,,,57,,
2025-10-06,244.7,246.75,243.18,245.31,5947078,232.02,228.3,5.25,67.52,230.82,226.35,246.75,246.29,0,,,230.82,230.82,1,2025-10-03,0,,,57,,
2025-10-07,245.6,246.27,242.48,244.86,6648973,232.36,229.12,5.15,66.68,230.88,227.23,246.75,246.75,0,,,230.88,230.88,1,2025-10-03,0,,,57,,
2025-10-08,244.85,245.56,237.73,239.04,4226459,232.7,229.77,5.34,56.84,227.21,227.98,246.75,246.75,0,,,227.21,230.88,1,2025-10-03,0,,,57,,
2025-10-09,239.5,240.9,237.79,239.04,4334247,233.1,229.77,5.18,56.84,227.32,228.9,246.75,246.75,0,,,227.32,230.88,1,2025-10-03,0,,,57,,
2025-10-10,239.05,242.38,238.91,239.64,6959120,233.47,229.77,5.06,57.59,227.79,229.94,246.75,246.75,0,,,227.79,230.88,1,2025-10-03,0,,,57,,
2025-10-13,237.4,239.2,234.08,234.86,6337675,233.75,229.77,5.09,50.14,224.68,230.83,246.75,246.75,0,,,224.68,230.88,1,2025-10-03,0,,,57,,
2025-10-14,235.05,236.0,230.4,232.44,4680465,234.0,229.77,5.13,46.83,223.09,231.5,246.75,246.75,0,,,223.09,230.88,1,2025-10-03,1,234.0,TRAILING_STOP|SMA150_BREAK,57,8,-4.5
2025-10-15,232.0,237.9,232.0,235.8,5422265,234.25,229.77,5.19,51.6,225.22,232.2,246.75,246.75,0,,,225.22,,0,,0,,,,,
2025-10-16,236.8,237.46,233.9,236.17,4104632,234.51,229.77,5.07,52.11,225.54,232.84,246.75,246.75,0,,,225.54,,0,,0,,,,,
2025-10-17,235.6,237.59,231.45,232.62,3238488,234.79,229.77,5.15,47.0,223.2,233.55,246.75,246.75,0,,,223.2,,0,,0,,,,,
2025-10-20,233.49,235.7,233.05,233.76,3655987,235.05,230.4,5.0,48.74,224.24,234.27,246.75,246.75,0,,,224.24,,0,,0,,,,,
2025-10-21,234.0,235.68,233.85,234.6,712531,235.33,230.4,4.78,50.04,224.93,234.86,246.75,246.75,0,,,224.93,,0,,0,,,,,
2025-10-23,235.3,238.64,233.75,234.29,4072749,235.6,230.4,4.79,49.54,224.73,235.52,246.75,246.75,0,,,224.73,,0,,0,,,,,
2025-10-24,235.27,236.79,229.54,230.94,5297389,235.84,229.54,4.96,44.38,222.16,235.89,246.75,246.75,0,,,222.16,,0,,0,,,,,
2025-10-27,232.0,236.94,231.57,235.0,7375341,236.11,229.54,5.04,51.03,224.73,236.08,246.75,246.75,0,,,224.73,,0,,0,,,,,
2025-10-28,235.0,238.5,234.22,237.34,9973722,236.32,229.54,4.98,54.42,226.28,236.37,246.75,246.75,0,,,226.28,,0,,0,,,,,
2025-10-29,238.44,246.7,237.0,245.39,14046107,236.59,229.54,5.32,63.71,231.24,236.9,246.75,246.75,0,,,231.24,,0,,0,,,,,
2025-10-30,254.0,262.37,245.12,261.29,75432122,236.92,229.54,6.17,74.69,240.93,237.87,262.37,246.75,1,261.29,240.93,240.93,240.93,1,2025-10-30,0,,,58,,
2025-10-31,261.29,266.49,260.66,265.49,23280006,237.24,229.54,6.15,76.69,243.66,238.9,266.49,262.37,0,,,243.66,243.66,1,2025-10-30,0,,,58,,
2025-11-03,265.0,268.4,262.85,264.95,11181498,237.59,229.54,6.1,75.86,243.34,239.92,268.4,266.49,0,,,243.34,243.66,1,2025-10-30,0,,,58,,
2025-11-04,263.5,268.4,263.45,267.25,9063915,237.97,229.54,6.02,77.01,244.87,240.92,268.4,268.4,0,,,244.87,244.87,1,2025-10-30,0,,,58,,
2025-11-06,266.7,266.9,259.5,260.05,5823324,238.28,229.54,6.15,66.39,240.15,241.6,268.4,268.4,0,,,240.15,244.87,1,2025-10-30,0,,,58,,
2025-11-07,258.0,265.8,255.3,263.85,10052522,238.6,229.54,6.46,68.84,242.39,242.44,268.4,268.4,0,,,242.39,244.87,1,2025-10-30,0,,,58,,
2025-11-10,264.95,274.8,264.2,273.35,18151146,239.01,229.54,6.78,73.93,248.31,243.69,274.8,268.4,1,273.35,248.31,248.31,248.31,1,2025-10-30,0,,,58,,
2025-11-11,274.0,287.75,271.7,285.8,37222053,239.5,229.54,7.44,78.82,255.89,245.39,287.75,274.8,0,,,255.89,255.89,1,2025-10-30,0,,,58,,
2025-11-12,285.5,290.9,282.75,287.05,15184051,239.96,229.54,7.49,79.24,256.67,247.26,290.9,287.75,0,,,256.67,256.67,1,2025-10-30,0,,,58,,
2025-11-13,286.0,289.5,280.2,281.5,16076468,240.41,229.54,7.62,72.37,253.0,248.84,290.9,290.9,0,,,253.0,256.67,1,2025-10-30,0,,,58,,
2025-11-14,281.5,284.5,279.8,281.6,11786151,240.91,229.54,7.41,72.41,253.2,250.28,290.9,290.9,0,,,253.2,256.67,1,2025-10-30,0,,,58,,
2025-11-17,281.6,286.85,280.6,285.5,7910619,241.41,231.57,7.33,74.23,256.45,251.79,290.9,290.9,0,,,256.45,256.67,1,2025-10-30,0,,,58,,
2025-11-18,284.95,290.2,282.9,289.1,11332882,241.92,234.22,7.33,75.82,259.66,253.26,290.9,290.9,0,,,259.66,259.66,1,2025-10-30,0,,,58,,
2025-11-19,290.4,292.4,286.75,289.2,14533784,242.43,237.0,7.21,75.86,260.73,254.73,292.4,290.9,0,,,260.73,260.73,1,2025-10-30,0,,,58,,
2025-11-20,289.5,290.8,284.45,285.25,8839796,242.86,245.12,7.15,70.36,260.93,256.07,292.4,292.4,0,,,260.93,260.93,1,2025-10-30,0,,,58,,
2025-11-21,285.0,285.25,281.3,282.5,6158231,243.24,255.3,6.92,66.74,262.7,257.52,292.4,292.4,0,,,262.7,262.7,1,2025-10-30,0,,,58,,
2025-11-24,282.2,284.6,275.75,277.9,9586847,243.58,255.3,7.06,61.06,259.64,258.82,292.4,292.4,0,,,259.64,262.7,1,2025-10-30,0,,,58,,
2025-11-25,277.0,285.35,276.7,282.9,7350075,243.96,255.3,7.17,64.59,262.79,260.26,292.4,292.4,0,,,262.79,262.79,1,2025-10-30,0,,,58,,
2025-11-26,282.8,290.25,282.15,289.7,11134915,244.37,255.3,7.24,68.73,267.13,262.09,292.4,292.4,0,,,267.13,267.13,1,2025-10-30,0,,,58,,
2025-11-27,289.7,295.25,288.9,290.85,10234788,244.77,255.3,7.17,69.38,267.92,264.03,295.25,292.4,0,,,267.92,267.92,1,2025-10-30,0,,,58,,
2025-11-28,290.25,293.15,290.1,290.85,7279931,245.18,264.2,6.88,69.38,271.08,265.87,295.25,295.25,0,,,271.08,271.08,1,2025-10-30,0,,,58,,
2025-12-01,291.1,295.25,290.25,291.0,9651733,245.64,271.7,6.74,69.48,273.77,267.7,295.25,295.25,0,,,273.77,273.77,1,2025-10-30,0,,,58,,
2025-12-02,290.9,291.6,284.8,285.5,6242631,246.01,275.75,6.75,61.8,271.57,269.46,295.25,295.25,0,,,271.57,273.77,1,2025-10-30,0,,,58,,
2025-12-03,286.0,287.7,276.05,278.55,6343542,246.33,275.75,7.1,53.72,266.85,270.95,295.25,295.25,0,,,266.85,273.77,1,2025-10-30,0,,,58,,
2025-12-04,279.0,279.55,274.4,275.75,8033107,246.66,274.4,6.96,50.84,264.69,272.32,295.25,295.25,0,,,264.69,273.77,1,2025-10-30,0,,,58,,
2025-12-05,275.85,279.5,273.1,277.75,4629680,247.01,273.1,6.92,52.79,265.57,273.77,295.25,295.25,0,,,265.57,273.77,1,2025-10-30,1,273.77,TRAILING_STOP,58,26,4.77
2025-12-08,277.7,279.2,267.7,269.7,5178235,247.29,267.7,7.25,45.05,258.36,275.06,295.25,295.25,0,,,258.36,,0,,0,,,,,
2025-12-09,269.4,280.55,268.9,277.0,9945144,247.69,267.7,7.56,51.93,262.86,276.46,295.25,295.25,0,,,262.86,,0,,0,,,,,
2025-12-10,276.95,280.75,274.2,275.0,3543157,248.02,267.7,7.49,50.08,261.62,277.72,295.25,295.25,0,,,261.62,,0,,0,,,,,
2025-12-11,275.0,279.15,273.8,276.5,3695549,248.42,267.7,7.34,51.48,262.69,278.76,295.25,295.25,0,,,262.69,,0,,0,,,,,
2025-12-12,276.85,287.5,276.85,285.15,12084724,248.88,267.7,7.6,58.66,268.09,279.55,295.25,295.25,0,,,268.09,,0,,0,,,,,
2025-12-15,285.15,286.45,281.55,282.6,4114513,249.22,267.7,7.4,56.03,266.57,280.12,295.25,295.25,0,,,266.57,,0,,0,,,,,
2025-12-16,281.5,281.8,275.8,279.35,5220449,249.49,267.7,7.36,52.78,264.51,280.6,295.25,295.25,0,,,264.51,,0,,0,,,,,
2025-12-17,278.5,280.65,275.65,277.85,3130658,249.75,267.7,7.19,51.3,263.65,280.96,295.25,295.25,0,,,263.65,,0,,0,,,,,
2025-12-18,277.2,277.7,271.45,275.05,4139636,249.95,267.7,7.14,48.56,261.88,281.46,295.25,295.25,0,,,261.88,,0,,0,,,,,
2025-12-19,275.05,277.9,272.5,275.75,7050742,250.12,267.7,7.01,49.29,262.42,281.85,295.25,295.25,0,,,262.42,,0,,0,,,,,
2025-12-22,276.0,282.45,275.8,281.85,4874650,250.38,267.7,6.99,55.24,266.37,282.14,295.25,295.25,0,,,266.37,,0,,0,,,,,
2025-12-23,282.2,284.35,280.6,281.9,5087115,250.64,267.7,6.76,55.28,266.55,282.0,295.25,295.25,0,,,266.55,,0,,0,,,,,
2025-12-24,281.9,285.5,277.75,278.2,5866008,250.84,267.7,6.83,51.07,264.12,281.71,295.25,295.25,0,,,264.12,,0,,0,,,,,
2025-12-26,278.0,285.6,277.05,281.5,6390786,251.07,267.7,6.95,54.41,266.17,281.71,295.25,295.25,0,,,266.17,,0,,0,,,,,
2025-12-29,282.5,284.5,278.5,279.4,3963435,251.24,267.7,6.88,51.98,264.86,281.64,295.25,295.25,0,,,264.86,,0,,0,,,,,
2025-12-30,279.7,283.75,276.3,282.8,5022408,251.38,268.9,6.92,55.45,267.42,281.55,291.6,295.25,0,,,267.42,,0,,0,,,,,
2025-12-31,283.8,291.2,282.25,287.45,10765553,251.57,271.45,7.07,59.73,271.18,281.49,291.2,291.6,0,,,271.18,,0,,0,,,,,
2026-01-01,288.5,293.3,288.1,291.45,7927074,251.74,271.45,6.98,63.02,273.81,281.57,293.3,291.2,1,291.45,273.81,273.81,273.81,1,2026-01-01,0,,,59,,
2026-01-02,292.7,300.85,291.55,299.5,13871683,251.96,271.45,7.15,68.59,278.89,282.04,300.85,293.3,0,,,278.89,278.89,1,2026-01-01,0,,,59,,
2026-01-05,300.8,303.4,296.0,300.05,9119661,252.24,271.45,7.17,68.93,279.23,282.63,303.4,300.85,0,,,279.23,279.23,1,2026-01-01,0,,,59,,
2026-01-06,300.7,302.7,294.7,296.95,6926709,252.48,271.45,7.23,64.63,277.2,283.26,303.4,303.4,0,,,277.2,279.23,1,2026-01-01,0,,,59,,
2026-01-07,296.95,305.9,296.5,303.55,12724071,252.82,271.45,7.39,69.06,281.35,283.95,305.9,303.4,1,303.55,281.35,281.35,281.35,1,2026-01-01,0,,,59,,
2026-01-08,303.9,303.9,261.5,271.75,48951103,252.94,261.5,9.89,41.88,255.85,283.35,305.9,305.9,0,,,255.85,281.35,1,2026-01-01,1,281.35,TRAILING_STOP,59,6,-3.47
2026-01-09,279.0,285.5,271.65,274.25,62968609,253.09,261.5,10.17,43.75,257.28,282.8,305.9,305.9,0,,,257.28,,0,,0,,,,,
2026-01-12,272.5,272.5,258.25,267.9,36431979,253.18,258.25,10.59,40.21,251.82,282.03,305.9,305.9,0,,,251.82,,0,,0,,,,,
2026-01-13,269.15,269.75,262.45,265.55,10914720,253.23,258.25,10.35,38.95,250.46,281.19,305.9,305.9,0,,,250.46,,0,,0,,,,,
2026-01-14,265.95,272.35,263.5,267.45,9508874,253.28,258.25,10.24,40.57,251.76,280.58,305.9,305.9,0,,,251.76,,0,,0,,,,,
2026-01-15,267.45,267.45,267.45,267.45,0,253.35,258.25,9.51,40.57,252.25,280.21,305.9,305.9,0,,,252.25,,0,,0,,,,,
2026-01-16,269.2,269.4,263.85,265.4,5568981,253.43,258.25,9.23,39.26,251.11,279.87,305.9,305.9,0,,,251.11,,0,,0,,,,,
2026-01-19,265.4,269.15,256.5,263.1,25303568,253.5,256.5,9.47,37.8,248.88,279.38,305.9,305.9,0,,,248.88,,0,,0,,,,,
2026-01-20,262.5,262.5,248.75,250.15,24904986,253.48,248.75,9.82,30.82,237.72,278.73,305.9,305.9,0,,,237.72,,0,,0,,,,,
2026-01-21,249.95,257.85,247.9,252.35,14481811,253.48,247.9,9.83,33.08,238.84,277.91,305.9,305.9,0,,,238.84,,0,,0,,,,,
2026-01-22,254.8,256.95,250.3,251.55,6157502,253.48,247.9,9.6,32.66,238.48,277.12,305.9,305.9,0,,,238.48,,0,,0,,,,,
2026-01-23,255.55,255.55,241.65,242.5,6847147,253.45,241.65,9.91,28.3,230.36,275.99,305.9,305.9,0,,,230.36,,0,,0,,,,,
2026-01-27,243.5,248.8,240.5,247.7,9603734,253.44,240.5,9.8,33.77,233.4,274.74,305.9,305.9,0,,,233.4,,0,,0,,,,,
2026-01-28,250.05,260.9,246.85,259.65,8340263,253.48,240.5,10.1,44.29,240.91,273.98,305.9,305.9,0,,,240.91,,0,,0,,,,,
2026-01-29,260.8,261.75,256.5,260.5,7777528,253.49,240.5,9.75,44.96,241.69,273.35,305.9,305.9,0,,,241.69,,0,,0,,,,,
2026-01-30,259.8,263.65,256.85,262.7,6252061,253.5,240.5,9.54,46.74,243.25,272.84,305.9,305.9,0,,,243.25,,0,,0,,,,,
2026-02-02,253.5,259.1,249.5,258.25,5287190,253.46,240.5,9.8,43.66,240.2,272.29,305.9,305.9,0,,,240.2,,0,,0,,,,,
2026-02-03,266.4,271.6,261.35,267.9,8088230,253.49,240.5,10.06,51.18,246.26,272.02,305.9,305.9,0,,,246.26,,0,,0,,,,,
2026-02-04,268.95,274.0,264.6,272.7,8243278,253.54,240.5,10.01,54.43,249.38,271.72,305.9,305.9,0,,,249.38,,0,,0,,,,,
2026-02-05,272.3,272.9,267.6,268.9,3631556,253.57,240.5,9.67,51.5,247.16,271.29,303.9,305.9,0,,,247.16,,0,,0,,,,,
2026-02-06,268.2,269.15,263.1,266.6,3549301,253.61,240.5,9.41,49.76,245.85,270.9,285.5,303.9,0,,,245.85,,0,,0,,,,,
2026-02-09,267.6,275.55,267.6,274.65,5685381,253.73,240.5,9.38,55.45,251.06,270.67,275.55,285.5,0,,,251.06,,0,,0,,,,,
2026-02-10,275.4,277.0,271.0,276.1,5379904,253.84,240.5,9.14,56.41,252.16,270.56,277.0,275.55,0,,,252.16,,0,,0,,,,,
2026-02-11,261.9,263.25,258.6,260.65,85237867,253.87,240.5,9.74,45.25,241.79,269.82,277.0,277.0,0,,,241.79,,0,,0,,,,,
2026-02-12,259.0,265.8,259.0,260.6,69540657,253.89,240.5,9.53,45.21,241.9,268.93,277.0,277.0,0,,,241.9,,0,,0,,,,,
2026-02-13,257.0,262.2,254.7,256.25,25601888,253.86,240.5,9.38,42.47,239.19,267.75,277.0,277.0,0,,,239.19,,0,,0,,,,,
