Date,Open,High,Low,Close,Volume,SMA150,MA30,DonchianLow15,DonchianHigh20,DonchianHigh20_prev,ATR14,RSI14,BuyCall,EntryPrice,CandidateStop,StopLoss_Entry,TrailingStop,InPosition,TradeId,EntryDate,ExitSignal,ExitPrice,ExitReason,HoldingDays,PnL_pct
2006-01-02,51.06,51.32,50.1,50.41,715590,,,,,,,,0,,,,,0,,,0,,,,
2006-01-03,50.74,51.37,50.44,50.64,419965,,,,,,,,0,,,,,0,,,0,,,,
2006-01-04,51.23,52.24,50.88,51.84,1448085,,,,,,,,0,,,,,0,,,0,,,,
2006-01-05,51.84,53.42,51.42,53.1,3013255,,,,,,,,0,,,,,0,,,0,,,,
2006-01-06,54.03,55.17,53.17,54.88,2035155,,,,,,,,0,,,,,0,,,0,,,,
2006-01-09,55.08,56.96,54.22,55.88,2035060,,,,,,,,0,,,,,0,,,0,,,,
2006-01-10,56.13,56.3,53.5,54.69,1998300,,,,,,,,0,,,,,0,,,0,,,,
2006-01-12,54.9,55.6,51.17,54.78,937425,,,,,,,,0,,,,,0,,,0,,,,
2006-01-13,55.25,56.46,54.99,55.64,2309120,,,,,,,,0,,,,,0,,,0,,,,
2006-01-16,55.94,56.83,55.09,56.51,1812945,,,,,,,,0,,,,,0,,,0,,,,
2006-01-17,60.22,62.07,56.48,56.67,1566355,,,,,,,,0,,,,,0,,,0,,,,
2006-01-18,56.49,56.83,54.38,56.08,1319795,,,,,,,,0,,,,,0,,,0,,,,
2006-01-19,56.83,57.7,56.41,57.31,690225,,,,,,,,0,,,,,0,,,0,,,,
2006-01-20,57.53,61.16,57.02,59.23,1201500,,,,,,2.17,,0,,,,,0,,,0,,,,
2006-01-23,59.36,65.55,57.72,64.21,3207325,,,50.1,,,2.57,91.88,0,,56.4,,,0,,,0,,,,
2006-01-24,60.32,64.59,58.41,58.85,2447030,,,50.44,,,2.83,64.95,0,,52.89,,,0,,,0,,,,
2006-01-25,62.07,62.07,56.13,56.79,2142220,,,50.88,,,3.05,57.92,0,,51.56,,,0,,,0,,,,
2006-01-27,57.51,59.31,57.16,58.27,3883055,,,51.17,,,3.01,61.17,0,,52.63,,,0,,,0,,,,
2006-01-30,58.27,59.24,56.65,58.3,1723365,,,51.17,,,2.98,61.24,0,,52.67,,,0,,,0,,,,
2006-01-31,58.49,59.27,57.71,58.93,1218250,,,51.17,65.55,,2.88,62.66,0,,53.15,,,0,,,0,,,,
2006-02-01,58.93,59.97,57.71,58.78,1584040,,,51.17,65.55,65.55,2.84,62.07,0,,53.08,,,0,,,0,,,,
2006-02-02,59.45,60.32,57.81,59.22,3089815,,,51.17,65.55,65.55,2.81,63.16,0,,53.38,,,0,,,0,,,,
2006-02-03,59.64,59.64,56.71,57.5,1398940,,,54.38,65.55,65.55,2.82,56.37,0,,53.33,,,0,,,0,,,,
2006-02-06,57.7,58.73,57.0,58.51,617915,,,54.38,65.55,65.55,2.74,59.15,0,,54.04,,,0,,,0,,,,
2006-02-07,58.75,63.3,58.58,60.93,4386870,,,54.38,65.55,65.55,2.89,64.91,0,,55.5,,,0,,,0,,,,
2006-02-08,61.02,61.02,58.28,58.7,3066370,,,54.38,65.55,65.55,2.88,56.94,0,,54.07,,,0,,,0,,,,
2006-02-10,58.79,60.24,58.58,59.95,1673030,,,56.13,65.55,65.55,2.79,59.91,0,,55.52,,,0,,,0,,,,
2006-02-13,60.15,61.2,59.31,60.68,1940520,,,56.13,65.55,65.55,2.73,61.58,0,,56.03,,,0,,,0,,,,
2006-02-14,61.15,63.07,60.7,62.72,2295570,,,56.13,65.55,65.55,2.7,65.85,0,,57.36,,,0,,,0,,,,
2006-02-15,63.47,63.65,60.37,61.5,1645385,,57.38,56.13,65.55,65.55,2.75,61.45,0,,56.55,,,0,,,0,,,,
2006-02-16,61.72,61.72,59.99,60.19,861150,,57.71,56.13,65.55,65.55,2.67,57.04,0,,55.75,,,0,,,0,,,,
2006-02-17,62.42,62.42,59.45,59.6,1052045,,58.01,56.65,65.55,65.55,2.69,55.12,0,,55.53,,,0,,,0,,,,
2006-02-20,59.8,59.8,57.76,58.18,841530,,58.22,56.65,65.55,65.55,2.65,50.7,0,,54.64,,,0,,,0,,,,
2006-02-21,60.04,60.22,57.88,58.49,911735,,58.4,56.71,65.55,65.55,2.63,51.62,0,,54.88,,,0,,,0,,,,
2006-02-22,58.93,59.23,57.7,57.82,381935,,58.5,56.71,64.59,65.55,2.55,49.48,0,,54.5,,,0,,,0,,,,
2006-02-23,58.58,58.75,55.17,55.59,3406825,,58.49,55.17,63.65,64.59,2.62,43.11,0,,52.5,,,0,,,0,,,,
2006-02-24,56.48,57.19,55.08,56.22,3413370,,58.54,55.08,63.65,63.65,2.58,45.25,0,,52.9,,,0,,,0,,,,
2006-02-27,56.65,58.37,56.3,58.0,5140130,,58.65,55.08,63.65,63.65,2.55,50.89,0,,54.07,,,0,,,0,,,,
2006-02-28,58.52,58.55,56.32,57.27,1232795,,58.7,55.08,63.65,63.65,2.53,48.68,0,,53.61,,,0,,,0,,,,
2006-03-01,57.26,59.45,56.84,59.17,2298245,,58.79,55.08,63.65,63.65,2.54,54.26,0,,54.83,,,0,,,0,,,,
2006-03-02,59.27,60.85,59.07,60.34,2477245,,58.91,55.08,63.65,63.65,2.48,57.33,0,,55.62,,,0,,,0,,,,
2006-03-03,60.67,63.3,60.41,62.97,2468225,,59.14,55.08,63.65,63.65,2.52,63.31,0,,57.3,,,0,,,0,,,,
2006-03-06,62.96,63.56,61.2,63.2,847260,,59.34,55.08,63.65,63.65,2.5,63.78,0,,57.45,,,0,,,0,,,,
2006-03-07,63.12,63.12,60.72,61.23,1162875,,59.4,55.08,63.65,63.65,2.5,56.95,0,,56.18,,,0,,,0,,,,
2006-03-08,61.37,65.83,61.37,62.89,3178220,,59.36,55.08,65.83,63.65,2.65,60.76,0,,57.16,,,0,,,0,,,,
2006-03-09,60.51,63.89,60.51,61.87,1838110,,59.46,55.08,65.83,65.83,2.7,57.4,0,,56.46,,,0,,,0,,,,
2006-03-10,62.77,64.25,62.34,63.67,2784135,,59.69,55.08,65.83,65.83,2.68,61.45,0,,57.64,,,0,,,0,,,,
2006-03-13,63.79,64.64,62.61,62.86,873250,,59.84,55.08,65.83,65.83,2.64,58.74,0,,57.15,,,0,,,0,,,,
2006-03-14,62.77,74.4,60.25,66.54,26958070,,60.12,55.08,74.4,65.83,3.46,66.07,0,,58.97,,,0,,,0,,,,
2006-03-16,66.79,68.09,65.44,65.84,6619830,,60.35,55.08,74.4,74.4,3.4,63.75,0,,58.56,,,0,,,0,,,,
2006-03-17,66.26,67.23,64.87,65.52,2456215,,60.57,55.08,74.4,74.4,3.33,62.67,0,,58.4,,,0,,,0,,,,
2006-03-20,66.09,66.44,64.36,64.58,3108885,,60.75,56.3,74.4,74.4,3.24,59.47,0,,58.26,,,0,,,0,,,,
2006-03-21,64.7,65.39,61.7,62.06,2609725,,60.9,56.32,74.4,74.4,3.27,51.84,0,,56.62,,,0,,,0,,,,
2006-03-22,62.92,63.12,61.38,61.92,3404040,,61.02,56.84,74.4,74.4,3.16,51.45,0,,56.78,,,0,,,0,,,,
2006-03-23,62.6,62.91,60.5,61.17,1429630,,61.02,59.07,74.4,74.4,3.11,49.28,0,,57.07,,,0,,,0,,,,
2006-03-24,61.55,64.35,60.87,62.5,4210770,,61.15,60.25,74.4,74.4,3.13,53.05,0,,58.31,,,0,,,0,,,,
2006-03-27,63.73,63.73,61.21,61.64,3441835,,61.21,60.25,74.4,74.4,3.09,50.44,0,,57.78,,,0,,,0,,,,
2006-03-28,62.07,62.93,59.71,60.04,2918535,,61.19,59.71,74.4,74.4,3.1,45.91,0,,56.56,,,0,,,0,,,,
2006-03-29,60.32,61.53,60.27,61.15,2323185,,61.13,59.71,74.4,74.4,2.98,49.31,0,,57.36,,,0,,,0,,,,
2006-03-30,61.53,61.72,59.14,59.6,2642930,,61.07,59.14,74.4,74.4,2.95,45.05,0,,56.19,,,0,,,0,,,,
2006-03-31,60.13,62.68,59.8,62.26,2416380,,61.14,59.14,74.4,74.4,2.96,52.62,0,,57.9,,,0,,,0,,,,
2006-04-03,62.6,63.8,61.41,63.13,968255,,61.26,59.14,74.4,74.4,2.92,54.81,0,,58.48,,,0,,,0,,,,
2006-04-04,63.82,65.05,62.96,64.28,2598430,,61.46,59.14,74.4,74.4,2.86,57.6,0,,59.27,,,0,,,0,,,,
2006-04-05,64.7,64.87,63.17,63.41,1633325,,61.62,59.14,74.4,74.4,2.78,54.84,0,,58.76,,,0,,,0,,,,
2006-04-07,63.47,64.33,60.52,61.22,1414135,,61.74,59.14,74.4,74.4,2.85,48.53,0,,57.3,,,0,,,0,,,,
2006-04-10,62.16,62.16,60.85,61.08,904845,,61.92,59.14,74.4,74.4,2.74,48.15,0,,57.28,,,0,,,0,,,,
2006-04-12,61.99,62.58,58.79,59.43,2230410,,62.03,58.79,74.4,74.4,2.82,43.79,0,,56.05,,,0,,,0,,,,
2006-04-13,60.11,60.11,55.17,55.78,3920340,,61.95,55.17,74.4,74.4,2.97,36.01,0,,52.39,,,0,,,0,,,,
2006-04-17,56.96,59.62,56.83,58.62,5183530,,62.0,55.17,68.09,74.4,3.03,44.3,0,,54.18,,,0,,,0,,,,
2006-04-18,59.45,62.07,59.23,61.59,4368110,,62.08,55.17,67.23,68.09,3.06,51.39,0,,56.07,,,0,,,0,,,,
2006-04-19,62.77,64.7,59.49,60.53,3120200,,62.09,55.17,66.44,67.23,3.22,48.99,0,,55.29,,,0,,,0,,,,
2006-04-20,61.04,62.51,60.57,61.0,1328375,,62.02,55.17,65.39,66.44,3.13,50.11,0,,55.65,,,0,,,0,,,,
2006-04-21,62.02,62.07,59.45,60.16,1302135,,61.92,55.17,65.05,65.39,3.09,48.09,0,,55.13,,,0,,,0,,,,
2006-04-24,60.57,60.85,59.41,59.76,998470,,61.87,55.17,65.05,65.05,2.97,47.12,0,,54.95,,,0,,,0,,,,
2006-04-25,59.24,61.13,59.24,60.69,1629705,,61.8,55.17,65.05,65.05,2.9,49.67,0,,55.6,,,0,,,0,,,,
2006-04-26,61.2,62.92,60.93,62.43,1800330,,61.82,55.17,65.05,65.05,2.85,54.12,0,,56.76,,,0,,,0,,,,
2006-04-27,62.95,63.09,59.47,60.86,2351260,,61.72,55.17,65.05,65.05,2.9,49.83,0,,55.71,,,0,,,0,,,,
2006-04-28,59.62,61.02,50.75,60.44,990235,,61.64,50.75,65.05,65.05,3.43,48.72,0,,53.61,,,0,,,0,,,,
2006-05-02,61.29,64.52,61.29,63.96,2140320,,61.56,50.75,65.05,65.05,3.48,57.32,0,,55.85,,,0,,,0,,,,
2006-05-03,65.05,65.39,62.96,64.8,2010510,,61.52,50.75,65.39,65.05,3.4,59.08,0,,56.45,,,0,,,0,,,,
2006-05-04,64.52,65.57,63.49,64.35,2286025,,61.48,50.75,65.57,65.39,3.31,57.7,0,,56.22,,,0,,,0,,,,
2006-05-05,64.0,65.0,62.07,63.36,1126875,,61.44,50.75,65.57,65.57,3.28,54.69,0,,55.6,,,0,,,0,,,,
2006-05-08,63.79,64.35,62.07,62.6,1966290,,61.46,50.75,65.57,65.57,3.21,52.43,0,,55.15,,,0,,,0,,,,
2006-05-09,62.68,64.7,62.09,64.18,2743255,,61.53,50.75,65.57,65.57,3.17,56.46,0,,56.2,,,0,,,0,,,,
2006-05-10,63.82,66.44,63.82,65.44,4251365,,61.68,50.75,66.44,65.57,3.13,59.42,0,,57.04,,,0,,,0,,,,
2006-05-11,65.7,66.08,64.19,65.16,1162485,,61.76,50.75,66.44,66.44,3.04,58.47,0,,56.92,,,0,,,0,,,,
2006-05-12,63.82,65.22,62.95,63.15,911205,,61.82,50.75,66.44,66.44,2.98,52.03,0,,55.66,,,0,,,0,,,,
2006-05-15,63.46,63.46,60.32,60.49,646325,,61.83,50.75,66.44,66.44,2.99,44.98,0,,53.94,,,0,,,0,,,,
2006-05-16,62.53,64.38,56.71,59.6,1195880,,61.78,50.75,66.44,66.44,3.33,42.89,0,,53.14,,,0,,,0,,,,
2006-05-17,60.76,61.81,59.9,60.76,1701750,,61.82,50.75,66.44,66.44,3.25,46.39,0,,53.94,,,0,,,0,,,,
2006-05-18,60.41,60.93,56.7,57.47,1456090,,61.66,50.75,66.44,66.44,3.32,39.07,0,,51.77,,,0,,,0,,,,
2006-05-19,60.94,61.12,55.46,57.19,1428515,,61.46,50.75,66.44,66.44,3.49,38.51,0,,51.48,,,0,,,0,,,,
2006-05-22,58.05,58.47,54.58,57.15,1812900,,61.22,54.58,66.44,66.44,3.51,38.43,0,,52.71,,,0,,,0,,,,
2006-05-23,57.15,57.15,53.52,55.69,2779885,,60.96,53.52,66.44,66.44,3.52,35.38,0,,51.41,,,0,,,0,,,,
2006-05-24,57.35,59.35,53.88,54.38,3761440,,60.74,53.52,66.44,66.44,3.66,32.87,0,,50.47,,,0,,,0,,,,
2006-05-25,53.92,54.92,49.99,52.36,4526710,,60.45,49.99,66.44,66.44,3.75,29.4,0,,47.93,,,0,,,0,,,,
2006-05-26,54.58,55.46,53.24,53.47,3168310,,60.25,49.99,66.44,66.44,3.71,33.55,0,,48.68,,,0,,,0,,,,
2006-05-29,54.05,55.29,53.61,54.58,1051395,,60.21,49.99,66.44,66.44,3.57,37.51,0,,49.49,,,0,,,0,,,,
2006-05-30,54.93,54.93,52.46,53.33,561975,,60.03,49.99,66.44,66.44,3.49,34.98,0,,48.73,,,0,,,0,,,,
2006-05-31,52.64,52.82,49.64,50.39,1395250,,59.66,49.64,66.44,66.44,3.51,29.88,0,,46.71,,,0,,,0,,,,
2006-06-01,52.68,52.68,49.46,50.32,1627900,,59.32,49.46,66.44,66.44,3.49,29.77,0,,46.62,,,0,,,0,,,,
2006-06-02,50.52,55.29,49.46,54.56,2534075,,59.1,49.46,66.44,66.44,3.65,43.5,0,,49.24,,,0,,,0,,,,
2006-06-05,54.76,55.18,53.7,54.41,2586530,,58.91,49.46,66.44,66.44,3.5,43.17,0,,49.25,,,0,,,0,,,,
2006-06-06,52.82,53.57,51.42,52.31,1015625,,58.66,49.46,66.44,66.44,3.46,38.85,0,,47.92,,,0,,,0,,,,
2006-06-07,51.76,53.33,49.46,51.44,2579725,,58.35,49.46,66.08,66.44,3.49,37.18,0,,47.34,,,0,,,0,,,,
2006-06-08,49.55,50.31,43.89,45.12,1292890,,57.78,43.89,65.22,66.08,3.78,27.85,0,,41.21,,,0,,,0,,,,
2006-06-09,44.51,47.69,41.86,46.05,3006135,,57.28,41.86,64.38,65.22,3.93,30.61,0,,41.04,,,0,,,0,,,,
2006-06-12,47.34,47.34,42.39,45.35,1322280,,56.78,41.86,64.38,64.38,4.0,29.69,0,,40.54,,,0,,,0,,,,
2006-06-13,43.98,44.87,42.39,42.95,994360,,56.08,41.86,61.81,64.38,3.93,26.72,0,,39.04,,,0,,,0,,,,
2006-06-14,43.1,45.03,38.89,42.94,2235490,,55.35,38.89,61.12,61.81,4.08,26.71,0,,37.94,,,0,,,0,,,,
2006-06-15,43.98,45.75,42.39,44.15,1780940,,54.68,38.89,61.12,61.12,4.03,30.76,0,,38.75,,,0,,,0,,,,
2006-06-16,45.93,48.13,45.22,46.16,1310395,,54.1,38.89,59.35,61.12,4.03,36.98,0,,40.05,,,0,,,0,,,,
2006-06-19,46.46,47.69,43.72,47.29,372155,,53.59,38.89,59.35,59.35,4.02,40.23,0,,40.78,,,0,,,0,,,,
2006-06-20,45.94,46.63,45.13,46.11,1301235,,52.99,38.89,59.35,59.35,3.89,38.02,0,,40.11,,,0,,,0,,,,
2006-06-21,46.46,47.3,46.01,46.33,307620,,52.36,38.89,55.46,59.35,3.71,38.7,0,,40.38,,,0,,,0,,,,
2006-06-22,48.21,51.58,47.16,49.95,1745195,,51.85,38.89,55.46,55.46,3.82,48.61,0,,42.64,,,0,,,0,,,,
2006-06-23,49.95,51.58,46.53,48.83,2489075,,51.37,38.89,55.29,55.46,3.9,46.13,0,,41.86,,,0,,,0,,,,
2006-06-26,51.23,51.23,45.93,48.39,16390640,,50.97,38.89,55.29,55.29,4.0,45.15,0,,41.51,,,0,,,0,,,,
2006-06-27,49.46,49.46,47.72,48.4,2450220,,50.59,38.89,55.29,55.29,3.84,45.18,0,,41.62,,,0,,,0,,,,
2006-06-28,47.13,48.75,46.83,47.53,1281975,,50.15,38.89,55.29,55.29,3.7,43.09,0,,41.15,,,0,,,0,,,,
2006-06-29,48.2,48.22,44.21,44.94,2037690,,49.74,38.89,55.29,55.29,3.73,37.52,0,,39.47,,,0,,,0,,,,
2006-06-30,47.34,47.78,46.37,47.33,987510,,49.41,38.89,55.18,55.29,3.66,44.63,0,,41.05,,,0,,,0,,,,
2006-07-03,48.4,49.46,46.99,48.73,1024400,,49.13,38.89,53.57,55.18,3.58,48.34,0,,42.01,,,0,,,0,,,,
2006-07-04,49.28,50.52,49.28,49.62,958695,,48.92,38.89,53.33,53.57,3.45,50.6,0,,42.67,,,0,,,0,,,,
2006-07-05,49.62,50.8,48.05,50.56,885560,,48.8,42.39,51.58,53.33,3.4,52.95,0,,44.47,,,0,,,0,,,,
2006-07-06,49.47,51.12,49.47,49.62,1063760,,48.71,43.72,51.58,51.58,3.28,50.37,0,,44.39,,,0,,,0,,,,
2006-07-07,50.52,50.52,47.87,48.42,652420,,48.54,43.72,51.58,51.58,3.23,47.21,0,,43.65,,,0,,,0,,,,
2006-07-10,50.69,50.69,47.71,48.44,234745,,48.33,44.21,51.58,51.58,3.21,47.27,0,,43.84,,,0,,,0,,,,
2006-07-11,48.58,49.11,48.13,48.87,293660,,48.18,44.21,51.58,51.58,3.05,48.61,0,,44.22,,,0,,,0,,,,
2006-07-12,44.34,49.41,44.34,48.86,326545,,48.13,44.21,51.58,51.58,3.2,48.58,0,,44.12,,,0,,,0,,,,
2006-07-13,49.41,50.52,47.36,48.24,2362350,,48.06,44.21,51.58,51.58,3.19,46.6,0,,43.72,,,0,,,0,,,,
2006-07-14,48.58,49.78,47.0,48.42,1078270,,47.86,44.21,51.58,51.58,3.17,47.28,0,,43.86,,,0,,,0,,,,
2006-07-17,48.58,50.34,45.1,45.97,707155,,47.58,44.21,51.58,51.58,3.31,39.93,0,,42.18,,,0,,,0,,,,
2006-07-18,45.95,45.95,44.07,44.73,2740290,,47.32,44.07,51.58,51.58,3.21,36.81,0,,41.4,,,0,,,0,,,,
2006-07-19,45.91,47.16,44.38,44.86,1044905,,47.11,44.07,51.58,51.58,3.18,37.36,0,,41.5,,,0,,,0,,,,
2006-07-20,45.93,46.81,45.23,46.56,678865,,47.15,44.07,51.58,51.58,3.09,44.23,0,,42.66,,,0,,,0,,,,
2006-07-21,46.63,46.63,45.09,45.99,370950,,47.15,44.07,51.23,51.58,2.98,42.54,0,,42.37,,,0,,,0,,,,
2006-07-24,45.93,49.09,44.22,48.68,1448680,,47.26,44.07,51.12,51.23,3.12,51.86,0,,44.01,,,0,,,0,,,,
2006-07-25,50.25,52.82,49.3,52.54,3241930,,47.58,44.07,52.82,51.12,3.19,61.5,0,,46.45,,,0,,,0,,,,
2006-07-26,52.97,55.99,52.64,55.11,5029420,,47.99,44.07,55.99,52.82,3.21,66.34,0,,48.1,,,0,,,0,,,,
2006-07-27,54.77,55.29,52.04,52.34,2954185,,48.26,44.07,55.99,55.99,3.21,57.9,0,,46.31,,,0,,,0,,,,
2006-07-28,52.48,54.22,52.13,52.59,2114105,,48.48,44.07,55.99,55.99,3.13,58.41,0,,46.52,,,0,,,0,,,,
2006-07-31,52.99,54.76,52.14,52.58,1213965,,48.65,44.07,55.99,55.99,3.1,58.38,0,,46.54,,,0,,,0,,,,
2006-08-01,52.99,53.86,52.11,53.25,804205,,48.89,44.07,55.99,55.99,3.0,59.9,0,,47.04,,,0,,,0,,,,
2006-08-02,52.99,57.04,52.99,56.15,2086160,,49.22,44.07,57.04,55.99,3.07,65.74,0,,48.86,,,0,,,0,,,,
2006-08-03,56.52,57.76,56.36,56.8,3729690,,49.45,44.07,57.76,57.04,2.97,66.91,0,,49.35,,,0,,,0,,,,
2006-08-04,57.4,57.58,54.99,56.17,1661895,,49.69,44.07,57.76,57.76,2.94,64.62,0,,48.96,,,0,,,0,,,,
2006-08-07,54.76,57.0,54.76,56.75,4795375,,49.97,44.07,57.76,57.76,2.89,65.78,0,,49.37,,,0,,,0,,,,
2006-08-08,56.17,58.64,52.64,56.59,1119680,,50.24,44.22,58.64,57.76,3.11,65.14,0,,49.16,,,0,,,0,,,,
2006-08-09,57.2,58.2,57.2,57.88,3951620,56.2,50.59,44.22,58.64,58.64,3.01,67.84,0,,50.07,,,0,,,0,,,,
2006-08-10,57.88,59.24,57.43,59.0,2762120,56.26,51.05,44.22,59.24,58.64,2.92,70.01,1,59.0,50.85,50.85,50.85,1,1,2006-08-10,0,,,,
2006-08-11,59.19,59.19,57.96,58.29,779745,56.31,51.42,44.22,59.24,59.24,2.8,66.93,0,,50.47,,50.85,1,1,2006-08-10,0,,,,
2006-08-14,58.87,59.0,57.44,58.29,2515345,56.35,51.74,49.3,59.24,59.24,2.71,66.93,0,,52.22,,52.22,1,1,2006-08-10,0,,,,
2006-08-16,58.64,59.31,58.49,58.99,926205,56.39,52.05,52.04,59.31,59.24,2.59,68.51,0,,53.67,,53.67,1,1,2006-08-10,0,,,,
2006-08-17,58.99,59.52,58.29,58.71,2056750,56.42,52.32,52.04,59.52,59.31,2.49,67.13,0,,53.55,,53.67,1,1,2006-08-10,0,,,,
2006-08-18,57.81,59.0,57.81,58.25,1831790,56.43,52.61,52.11,59.52,59.52,2.4,64.81,0,,53.34,,53.67,1,1,2006-08-10,0,,,,
2006-08-21,58.25,58.94,57.6,58.41,2139100,56.46,52.94,52.11,59.52,59.52,2.32,65.26,0,,53.49,,53.67,1,1,2006-08-10,0,,,,
2006-08-22,59.02,59.02,57.23,57.64,1230910,56.48,53.25,52.11,59.52,59.52,2.29,61.2,0,,53.02,,53.67,1,1,2006-08-10,0,,,,
2006-08-23,58.63,59.71,57.05,59.06,2453285,56.5,53.59,52.64,59.71,59.52,2.31,65.46,0,,54.1,,54.1,1,1,2006-08-10,0,,,,
2006-08-24,58.82,59.35,57.76,58.14,1649085,56.51,53.9,52.64,59.71,59.71,2.26,60.8,0,,53.54,,54.1,1,1,2006-08-10,0,,,,
2006-08-25,59.17,61.21,58.82,60.6,2329995,56.54,54.31,52.64,61.21,59.71,2.32,67.47,1,60.6,55.09,55.09,55.09,1,1,2006-08-10,0,,,,
2006-08-28,60.94,61.82,60.62,61.7,1263660,56.58,54.75,52.64,61.82,61.21,2.24,69.93,0,,55.85,,55.85,1,1,2006-08-10,0,,,,
2006-08-29,61.77,61.87,60.99,61.37,570925,56.6,55.27,52.64,61.87,61.82,2.14,68.26,0,,55.7,,55.85,1,1,2006-08-10,0,,,,
2006-08-30,61.79,61.81,59.7,61.34,407510,56.62,55.82,57.05,61.87,61.87,2.14,68.1,0,,57.15,,57.15,1,1,2006-08-10,0,,,,
2006-08-31,61.57,63.41,59.7,60.29,2454330,56.59,56.34,57.05,63.41,61.87,2.25,62.6,0,,56.4,,57.15,1,1,2006-08-10,0,,,,
2006-09-01,60.06,62.18,59.91,61.84,972540,56.61,56.84,57.05,63.41,63.41,2.25,66.86,0,,57.4,,57.4,1,1,2006-08-10,0,,,,
2006-09-04,63.24,63.24,61.91,62.19,494895,56.65,57.38,57.05,63.41,63.41,2.19,67.75,0,,57.67,,57.67,1,1,2006-08-10,0,,,,
2006-09-05,62.0,62.71,61.7,62.19,408930,56.67,57.84,57.05,63.41,63.41,2.11,67.75,0,,57.72,,57.72,1,1,2006-08-10,0,,,,
2006-09-06,61.82,63.0,60.78,61.27,1072115,56.69,58.13,57.05,63.41,63.41,2.12,62.61,0,,57.12,,57.72,1,1,2006-08-10,0,,,,
2006-09-07,60.94,62.53,60.22,60.61,1748515,56.7,58.31,57.05,63.41,63.41,2.13,59.14,0,,56.69,,57.72,1,1,2006-08-10,0,,,,
2006-09-08,61.47,61.85,59.54,59.92,1395155,56.71,58.56,57.05,63.41,63.41,2.14,55.67,0,,56.24,,57.72,1,1,2006-08-10,0,,,,
2006-09-11,60.24,60.58,58.68,59.15,1256235,56.71,58.78,57.05,63.41,63.41,2.13,52.01,0,,55.75,,57.72,1,1,2006-08-10,0,,,,
2006-09-12,59.35,60.23,57.58,58.81,2796465,56.72,58.99,57.05,63.41,63.41,2.16,50.43,0,,55.51,,57.72,1,1,2006-08-10,1,57.72,TRAILING_STOP,23,-2.16
2006-09-13,60.41,60.71,59.42,59.85,4059095,56.73,59.21,57.58,63.41,63.41,2.14,54.94,0,,56.37,,,0,,,0,,,,
2006-09-14,60.43,63.05,60.43,61.68,3474765,56.73,59.39,57.58,63.41,63.41,2.22,61.56,0,,57.5,,,0,,,0,,,,
2006-09-15,61.82,61.82,59.74,61.45,2121030,56.75,59.55,57.58,63.41,63.41,2.21,60.36,0,,57.36,,,0,,,0,,,,
2006-09-18,61.97,62.96,61.17,62.1,1562425,56.77,59.75,57.58,63.41,63.41,2.18,62.58,0,,57.79,,,0,,,0,,,,
2006-09-19,62.0,62.69,60.6,61.24,1113080,56.77,59.9,57.58,63.41,63.41,2.17,57.95,0,,57.24,,,0,,,0,,,,
2006-09-20,61.24,62.59,59.37,61.29,794450,56.76,60.05,57.58,63.41,63.41,2.25,58.15,0,,57.23,,,0,,,0,,,,
2006-09-21,61.65,63.75,61.29,62.74,6491685,56.77,60.21,57.58,63.75,63.41,2.26,63.41,0,,58.15,,,0,,,0,,,,
2006-09-22,62.8,63.51,62.04,62.33,1122070,56.78,60.32,57.58,63.75,63.75,2.21,61.07,0,,57.92,,,0,,,0,,,,
2006-09-25,61.82,62.87,61.33,62.27,1778445,56.8,60.46,57.58,63.75,63.75,2.16,60.72,0,,57.92,,,0,,,0,,,,
2006-09-26,62.01,62.87,61.29,61.84,1421315,56.82,60.58,57.58,63.75,63.75,2.12,58.13,0,,57.67,,,0,,,0,,,,
2006-09-27,61.84,65.7,61.84,65.38,5335670,56.87,60.79,57.58,65.7,63.75,2.24,69.63,1,65.38,59.87,59.87,59.87,1,2,2006-09-27,0,,,,
2006-09-28,65.71,70.48,65.36,69.7,7461180,56.95,61.16,57.58,70.48,65.7,2.45,77.69,0,,62.52,,62.52,1,2,2006-09-27,0,,,,
2006-09-29,69.6,69.75,66.68,66.98,3192365,57.03,61.45,57.58,70.48,70.48,2.49,65.84,0,,60.73,,62.52,1,2,2006-09-27,0,,,,
2006-10-03,66.24,68.27,66.24,67.2,2052840,57.1,61.74,57.58,70.48,70.48,2.46,66.29,0,,60.9,,62.52,1,2,2006-09-27,0,,,,
2006-10-04,67.95,68.34,65.73,67.79,3649445,57.16,62.08,59.37,70.48,70.48,2.47,67.52,0,,61.87,,62.52,1,2,2006-09-27,0,,,,
2006-10-05,68.54,69.24,67.68,68.68,3287245,57.24,62.4,59.37,70.48,70.48,2.41,69.34,0,,62.49,,62.52,1,2,2006-09-27,0,,,,
2006-10-06,69.07,70.9,68.8,69.68,2999860,57.31,62.78,59.37,70.9,70.48,2.39,71.28,0,,63.14,,63.14,1,2,2006-09-27,0,,,,
2006-10-09,69.61,70.3,68.06,68.64,1575435,57.37,63.05,59.37,70.9,70.9,2.38,66.56,0,,62.48,,63.14,1,2,2006-09-27,0,,,,
2006-10-10,68.77,69.42,68.04,68.72,1312425,57.4,63.28,59.37,70.9,70.9,2.31,66.74,0,,62.57,,63.14,1,2,2006-09-27,0,,,,
2006-10-11,68.91,69.45,67.98,68.39,932735,57.44,63.52,59.37,70.9,70.9,2.25,65.16,0,,62.4,,63.14,1,2,2006-09-27,0,,,,
2006-10-12,68.7,70.64,68.05,70.18,2160205,57.5,63.81,61.29,70.9,70.9,2.27,69.39,0,,64.18,,64.18,1,2,2006-09-27,0,,,,
2006-10-13,71.36,72.76,71.36,72.42,4809070,57.56,64.22,61.29,72.76,70.9,2.3,73.7,1,72.42,65.61,65.61,65.61,1,2,2006-09-27,0,,,,
2006-10-16,73.31,76.11,72.63,74.06,7721325,57.64,64.62,61.29,76.11,72.76,2.4,76.33,0,,66.6,,66.6,1,2,2006-09-27,0,,,,
2006-10-17,72.95,74.37,72.44,73.27,2234640,57.71,64.99,61.29,76.11,76.11,2.36,72.57,0,,66.11,,66.6,1,2,2006-09-27,0,,,,
2006-10-18,73.84,75.07,72.6,73.92,2234925,57.78,65.39,61.84,76.11,76.11,2.37,73.71,0,,66.71,,66.71,1,2,2006-09-27,0,,,,
2006-10-19,75.9,75.9,72.25,72.38,1021315,57.82,65.76,65.36,76.11,76.11,2.46,66.61,0,,66.83,,66.83,1,2,2006-09-27,0,,,,
2006-10-20,72.78,74.45,72.47,74.21,1966580,57.88,66.21,65.73,76.11,76.11,2.43,70.27,0,,68.15,,68.15,1,2,2006-09-27,0,,,,
2006-10-23,74.72,74.72,73.48,73.91,540670,57.93,66.68,65.73,76.11,76.11,2.35,68.94,0,,68.02,,68.15,1,2,2006-09-27,0,,,,
2006-10-26,72.42,74.8,71.05,73.72,4125790,57.99,67.16,65.73,76.11,76.11,2.45,68.05,0,,67.83,,68.15,1,2,2006-09-27,0,,,,
2006-10-27,74.9,75.4,73.68,73.91,3921535,58.07,67.66,67.68,76.11,76.11,2.4,68.49,0,,68.63,,68.63,1,2,2006-09-27,0,,,,
2006-10-30,73.91,75.87,73.31,75.58,2098940,58.16,68.19,67.98,76.11,76.11,2.41,72.08,0,,69.8,,69.8,1,2,2006-09-27,0,,,,
2006-10-31,75.6,77.45,74.9,77.0,2472010,58.27,68.7,67.98,77.45,76.11,2.42,74.73,1,77.0,70.71,70.71,70.71,1,2,2006-09-27,0,,,,
2006-11-01,77.51,79.28,77.19,77.96,4527285,58.37,69.25,67.98,79.28,77.45,2.41,76.35,0,,71.34,,71.34,1,2,2006-09-27,0,,,,
2006-11-02,77.96,79.29,77.48,78.74,1416050,58.49,69.8,67.98,79.29,79.28,2.37,77.62,0,,71.87,,71.87,1,2,2006-09-27,0,,,,
2006-11-03,79.49,79.49,77.25,77.82,1049630,58.6,70.36,68.05,79.49,79.29,2.36,72.69,0,,71.31,,71.87,1,2,2006-09-27,0,,,,
2006-11-06,75.95,78.2,75.95,77.38,611360,58.71,70.89,71.05,79.49,79.49,2.35,70.39,0,,72.03,,72.03,1,2,2006-09-27,0,,,,
2006-11-07,77.72,77.97,73.86,75.05,1780720,58.81,71.3,71.05,79.49,79.49,2.47,59.62,0,,70.44,,72.03,1,2,2006-09-27,0,,,,
2006-11-08,74.22,77.33,74.01,76.37,2094090,58.91,71.77,71.05,79.49,79.49,2.54,63.07,0,,71.25,,72.03,1,2,2006-09-27,0,,,,
2006-11-09,77.45,77.9,76.5,77.33,1171645,59.0,72.27,71.05,79.49,79.49,2.46,65.38,0,,71.92,,72.03,1,2,2006-09-27,0,,,,
2006-11-10,78.04,79.66,77.19,78.6,2931465,59.1,72.83,71.05,79.66,79.49,2.46,68.22,0,,72.74,,72.74,1,2,2006-09-27,0,,,,
2006-11-13,78.78,80.92,78.78,79.82,1880750,59.21,73.31,71.05,80.92,79.66,2.45,70.7,1,79.82,73.53,73.53,73.53,1,2,2006-09-27,0,,,,
2006-11-14,80.55,84.39,79.66,83.61,3658535,59.36,73.78,71.05,84.39,80.92,2.62,76.78,0,,75.87,,75.87,1,2,2006-09-27,0,,,,
2006-11-15,83.9,84.59,81.84,82.49,4848085,59.5,74.29,71.05,84.59,84.39,2.63,72.02,0,,75.14,,75.87,1,2,2006-09-27,0,,,,
2006-11-16,82.51,87.38,82.51,85.77,6433880,59.68,74.91,73.31,87.38,84.59,2.79,76.59,1,85.77,77.9,77.9,77.9,1,2,2006-09-27,0,,,,
2006-11-17,86.55,87.95,84.29,85.68,4620545,59.88,75.51,73.31,87.95,87.38,2.85,76.22,0,,77.8,,77.9,1,2,2006-09-27,0,,,,
2006-11-20,84.79,88.32,82.86,86.95,3645990,60.06,76.12,73.86,88.32,87.95,3.04,77.84,0,,78.68,,78.68,1,2,2006-09-27,0,,,,
2006-11-21,87.08,89.71,86.57,88.96,4046075,60.25,76.76,73.86,89.71,88.32,3.04,80.14,1,88.96,79.97,79.97,79.97,1,2,2006-09-27,0,,,,
2006-11-22,89.2,90.93,88.87,89.24,3670855,60.44,77.45,73.86,90.93,89.71,2.97,80.45,0,,80.2,,80.2,1,2,2006-09-27,0,,,,
2006-11-23,89.2,90.05,87.45,88.22,1902850,60.62,78.1,73.86,90.93,90.93,2.95,75.88,0,,79.56,,80.2,1,2,2006-09-27,0,,,,
2006-11-24,87.49,90.08,87.27,87.7,1360355,60.8,78.74,73.86,90.93,90.93,2.94,73.59,0,,79.23,,80.2,1,2,2006-09-27,0,,,,
2006-11-27,88.32,89.55,87.1,87.62,1774995,60.99,79.32,73.86,90.93,90.93,2.9,73.22,0,,79.2,,80.2,1,2,2006-09-27,0,,,,
2006-11-28,87.62,87.62,86.29,86.77,1580290,61.16,79.8,74.01,90.93,90.93,2.79,69.27,0,,78.78,,80.2,1,2,2006-09-27,0,,,,
2006-11-29,87.44,87.44,82.63,82.99,3550565,61.3,80.1,76.5,90.93,90.93,2.93,55.05,0,,77.07,,80.2,1,2,2006-09-27,0,,,,
2006-11-30,83.29,84.77,82.7,83.78,2770850,61.45,80.45,77.19,90.93,90.93,2.87,57.03,0,,77.85,,80.2,1,2,2006-09-27,0,,,,
2006-12-01,84.61,87.72,84.26,87.17,2420090,61.63,80.89,78.78,90.93,90.93,2.95,64.32,0,,80.52,,80.52,1,2,2006-09-27,0,,,,
2006-12-04,88.33,89.17,87.1,87.59,2683750,61.79,81.4,79.66,90.93,90.93,2.89,65.11,0,,81.12,,81.12,1,2,2006-09-27,0,,,,
2006-12-05,87.97,88.43,85.76,86.78,1685955,61.93,81.82,81.84,90.93,90.93,2.87,62.25,0,,81.34,,81.34,1,2,2006-09-27,0,,,,
2006-12-06,84.79,87.51,84.79,85.32,1117265,62.07,82.2,82.51,90.93,90.93,2.86,57.36,0,,80.63,,81.34,1,2,2006-09-27,0,,,,
2006-12-07,86.2,86.79,84.27,85.32,1289895,62.22,82.58,82.63,90.93,90.93,2.84,57.36,0,,80.68,,81.34,1,2,2006-09-27,0,,,,
2006-12-08,86.92,86.92,81.54,82.13,3089615,62.35,82.86,81.54,90.93,90.93,3.02,47.83,0,,78.14,,81.34,1,2,2006-09-27,0,,,,
2006-12-11,81.25,82.31,76.22,78.4,2133460,62.45,82.95,76.22,90.93,90.93,3.24,39.56,0,,73.82,,81.34,1,2,2006-09-27,1,81.34,TRAILING_STOP,51,24.41
2006-12-12,73.34,81.24,73.31,76.18,2301480,62.52,82.92,73.31,90.93,90.93,3.57,35.62,0,,71.19,,,0,,,0,,,,
2006-12-13,76.62,78.96,75.12,77.99,1660715,62.6,82.93,73.31,90.93,90.93,3.59,40.8,0,,72.35,,,0,,,0,,,,
2006-12-14,79.26,80.0,78.16,79.17,2158205,62.71,82.94,73.31,90.93,90.93,3.48,43.97,0,,73.18,,,0,,,0,,,,
2006-12-15,79.4,81.93,79.4,81.02,2049975,62.85,83.05,73.31,90.93,90.93,3.43,48.61,0,,74.41,,,0,,,0,,,,
2006-12-18,81.02,83.9,78.9,83.45,1677115,63.01,83.25,73.31,90.93,90.93,3.54,54.01,0,,75.9,,,0,,,0,,,,
2006-12-19,82.84,84.61,80.56,82.68,1681100,63.15,83.5,73.31,90.93,90.93,3.58,52.14,0,,75.38,,,0,,,0,,,,
2006-12-20,82.67,84.79,79.89,81.84,1795240,63.31,83.69,73.31,90.08,90.93,3.67,50.1,0,,74.78,,,0,,,0,,,,
2006-12-21,83.39,83.39,80.75,82.25,1895390,63.48,83.85,73.31,90.08,90.08,3.6,51.11,0,,75.09,,,0,,,0,,,,
2006-12-22,82.71,83.29,80.9,81.48,1116255,63.64,83.95,73.31,89.55,90.08,3.51,49.11,0,,74.65,,,0,,,0,,,,
2006-12-26,83.2,83.2,80.9,81.89,587060,63.82,84.01,73.31,89.17,89.55,3.42,50.23,0,,74.97,,,0,,,0,,,,
2006-12-27,81.25,83.88,81.25,82.44,1279385,64.01,83.98,73.31,89.17,89.17,3.37,51.75,0,,75.37,,,0,,,0,,,,
2006-12-28,83.21,83.55,80.02,80.62,3326455,64.19,83.91,73.31,89.17,89.17,3.38,46.65,0,,74.18,,,0,,,0,,,,
2006-12-29,80.62,83.46,80.62,82.95,2739155,64.39,83.82,73.31,89.17,89.17,3.34,53.03,0,,75.71,,,0,,,0,,,,
2007-01-02,83.34,83.34,81.48,82.65,907130,64.58,83.72,73.31,89.17,89.17,3.23,52.17,0,,75.59,,,0,,,0,,,,
2007-01-03,83.0,84.42,82.19,83.84,1229170,64.78,83.61,73.31,88.43,89.17,3.16,55.29,0,,76.4,,,0,,,0,,,,
2007-01-04,84.77,85.67,82.86,83.77,1567750,65.0,83.44,75.12,87.51,88.43,3.14,55.06,0,,76.98,,,0,,,0,,,,
2007-01-05,83.55,84.92,82.37,83.52,1274125,65.22,83.25,78.16,86.92,87.51,3.1,54.2,0,,77.86,,,0,,,0,,,,
2007-01-08,83.37,83.37,81.08,82.23,2482595,65.41,83.05,78.9,86.92,86.92,3.05,49.89,0,,77.31,,,0,,,0,,,,
2007-01-09,83.02,83.9,81.26,82.53,5433595,65.6,82.88,78.9,85.67,86.92,3.02,50.87,0,,77.52,,,0,,,0,,,,
2007-01-10,82.76,83.37,80.41,81.54,1763110,65.79,82.68,79.89,85.67,85.67,3.02,47.56,0,,77.21,,,0,,,0,,,,
2007-01-11,81.95,85.49,80.9,84.53,5507855,66.01,82.6,79.89,85.67,85.67,3.13,56.71,0,,79.07,,,0,,,0,,,,
2007-01-12,86.52,88.67,85.65,88.28,5773600,66.3,82.78,80.02,88.67,85.67,3.2,64.96,1,88.28,81.48,81.48,81.48,1,3,2007-01-12,0,,,,
2007-01-15,95.74,95.92,88.67,94.2,4851670,66.62,83.13,80.02,95.92,88.67,3.52,73.54,0,,85.09,,85.09,1,3,2007-01-12,0,,,,
2007-01-16,88.51,99.42,88.51,97.35,5853485,66.97,83.46,80.02,99.42,95.92,4.05,76.8,0,,86.77,,86.77,1,3,2007-01-12,0,,,,
2007-01-17,97.33,99.78,95.61,96.73,4026295,67.33,83.77,80.02,99.78,99.42,4.05,74.84,0,,86.36,,86.77,1,3,2007-01-12,0,,,,
2007-01-18,96.89,98.21,95.08,96.61,9438535,67.68,84.1,80.02,99.78,99.78,3.99,74.45,0,,86.33,,86.77,1,3,2007-01-12,0,,,,
2007-01-19,96.61,96.64,93.71,94.55,2293970,68.02,84.4,80.41,99.78,99.78,3.91,67.84,0,,85.18,,86.77,1,3,2007-01-12,0,,,,
2007-01-22,95.5,97.84,93.62,96.51,1762380,68.36,84.78,80.41,99.78,99.78,3.93,70.52,0,,86.43,,86.77,1,3,2007-01-12,0,,,,
2007-01-23,96.62,96.8,89.2,89.94,4416820,68.64,85.04,80.41,99.78,99.78,4.2,54.21,0,,82.02,,86.77,1,3,2007-01-12,0,,,,
2007-01-24,91.85,91.85,89.2,89.92,3724235,68.93,85.42,80.41,99.78,99.78,4.09,54.17,0,,82.08,,86.77,1,3,2007-01-12,0,,,,
2007-01-25,91.62,91.62,90.5,90.85,2065465,69.23,85.91,80.41,99.78,99.78,3.92,55.84,0,,82.79,,86.77,1,3,2007-01-12,0,,,,
2007-01-29,92.03,92.29,88.5,89.03,1473330,69.49,86.28,80.41,99.78,99.78,3.91,51.85,0,,81.62,,86.77,1,3,2007-01-12,0,,,,
2007-01-31,89.03,95.3,89.03,94.43,5466445,69.79,86.79,80.41,99.78,99.78,4.08,60.81,0,,84.99,,86.77,1,3,2007-01-12,0,,,,
2007-02-01,94.59,96.69,93.69,95.77,2484930,70.11,87.28,80.41,99.78,99.78,4.0,62.66,0,,85.91,,86.77,1,3,2007-01-12,0,,,,
2007-02-02,96.27,108.63,95.95,103.82,10641560,70.48,87.96,80.9,108.63,99.78,4.63,71.42,1,103.82,90.84,90.84,90.84,1,3,2007-01-12,0,,,,
2007-02-05,103.86,105.98,98.9,99.77,7171335,70.83,88.53,85.65,108.63,108.63,4.81,63.37,0,,89.7,,90.84,1,3,2007-01-12,0,,,,
2007-02-06,99.8,101.02,96.32,96.74,6212200,71.17,89.02,88.5,108.63,108.63,4.8,58.09,0,,88.7,,90.84,1,3,2007-01-12,0,,,,
2007-02-07,96.62,99.98,96.62,97.66,3420205,71.51,89.54,88.5,108.63,108.63,4.7,59.2,0,,89.36,,90.84,1,3,2007-01-12,0,,,,
2007-02-08,94.02,100.66,94.02,99.64,4297705,71.85,90.14,88.5,108.63,108.63,4.83,61.56,0,,90.54,,90.84,1,3,2007-01-12,0,,,,
2007-02-09,98.23,102.8,95.74,101.27,9345215,72.19,90.79,88.5,108.63,108.63,4.99,63.44,0,,91.49,,91.49,1,3,2007-01-12,0,,,,
2007-02-12,97.73,101.57,97.06,97.83,3117370,72.51,91.3,88.5,108.63,108.63,4.96,57.1,0,,89.29,,91.49,1,3,2007-01-12,0,,,,
2007-02-13,97.68,97.68,88.07,91.5,5761195,72.79,91.67,88.07,108.63,108.63,5.3,47.67,0,,84.84,,91.49,1,3,2007-01-12,1,91.49,TRAILING_STOP,21,3.64
2007-02-14,89.43,92.91,84.2,91.99,6832365,73.08,91.97,84.2,108.63,108.63,5.55,48.38,0,,83.7,,,0,,,0,,,,
2007-02-15,92.38,96.98,92.03,96.54,5234600,73.4,92.43,84.2,108.63,108.63,5.51,54.55,0,,86.66,,,0,,,0,,,,
2007-02-19,97.81,99.62,94.52,96.72,6221320,73.72,92.86,84.2,108.63,108.63,5.48,54.79,0,,86.8,,,0,,,0,,,,
2007-02-20,95.39,97.5,92.74,93.92,4026850,74.02,93.2,84.2,108.63,108.63,5.43,50.5,0,,85.03,,,0,,,0,,,,
2007-02-21,92.04,95.81,90.32,94.76,2784320,74.33,93.57,84.2,108.63,108.63,5.43,51.72,0,,85.57,,,0,,,0,,,,
2007-02-22,93.62,95.39,90.79,91.78,5087370,74.62,93.89,84.2,108.63,108.63,5.37,47.26,0,,83.68,,,0,,,0,,,,
2007-02-23,92.56,93.21,84.98,86.72,8413305,74.89,94.03,84.2,108.63,108.63,5.58,40.83,0,,80.28,,,0,,,0,,,,
2007-02-26,87.08,89.04,85.52,87.52,2877065,75.17,94.23,84.2,108.63,108.63,5.43,42.17,0,,80.9,,,0,,,0,,,,
2007-02-27,88.32,88.67,85.33,86.14,3616620,75.45,94.28,84.2,108.63,108.63,5.28,40.47,0,,80.11,,,0,,,0,,,,
2007-02-28,83.85,86.01,73.31,81.38,3549795,75.68,94.05,73.31,108.63,108.63,5.82,35.19,0,,73.05,,,0,,,0,,,,
2007-03-01,82.48,86.91,80.72,85.63,1987000,75.94,93.77,73.31,108.63,108.63,5.85,42.41,0,,75.77,,,0,,,0,,,,
2007-03-02,85.85,86.2,81.65,83.06,3300020,76.17,93.29,73.31,108.63,108.63,5.75,39.54,0,,74.18,,,0,,,0,,,,
2007-03-05,82.14,82.14,76.34,78.89,4076240,76.35,92.7,73.31,105.98,108.63,5.82,35.36,0,,71.44,,,0,,,0,,,,
2007-03-06,79.31,82.84,74.22,76.15,5890945,76.49,92.01,73.31,102.8,105.98,6.02,32.9,0,,69.54,,,0,,,0,,,,
2007-03-07,79.47,80.9,69.99,73.37,6935165,76.63,91.31,69.99,102.8,102.8,6.37,30.58,0,,66.41,,,0,,,0,,,,
2007-03-08,74.83,79.49,72.78,77.03,4318735,76.79,90.66,69.99,102.8,102.8,6.39,36.9,0,,68.75,,,0,,,0,,,,
2007-03-09,77.7,82.65,75.43,80.62,4839985,76.98,90.35,69.99,102.8,102.8,6.45,42.44,0,,71.03,,,0,,,0,,,,
2007-03-12,79.66,83.54,79.66,81.09,3205705,77.17,90.05,69.99,101.57,102.8,6.27,43.14,0,,71.45,,,0,,,0,,,,
2007-03-13,80.74,88.53,80.74,87.19,5450040,77.37,89.93,69.99,99.62,101.57,6.38,51.44,0,,75.32,,,0,,,0,,,,
2007-03-14,85.67,85.67,81.87,83.52,6524695,77.55,89.75,69.99,99.62,99.62,6.3,46.99,0,,73.0,,,0,,,0,,,,
2007-03-15,85.13,87.68,82.15,82.9,2745740,77.73,89.36,69.99,99.62,99.62,6.25,46.27,0,,72.64,,,0,,,0,,,,
2007-03-16,84.03,84.26,77.1,79.26,3427260,77.88,88.81,69.99,99.62,99.62,6.31,42.15,0,,70.24,,,0,,,0,,,,
2007-03-19,80.37,83.99,78.09,83.03,2603500,78.05,88.12,69.99,97.5,99.62,6.28,47.37,0,,72.7,,,0,,,0,,,,
2007-03-20,84.79,84.96,80.99,81.75,2271440,78.21,87.52,69.99,95.81,97.5,6.12,45.86,0,,71.98,,,0,,,0,,,,
2007-03-21,82.14,85.67,81.78,84.98,3382785,78.39,87.13,69.99,95.39,95.81,5.96,50.19,0,,74.17,,,0,,,0,,,,
2007-03-22,86.2,89.89,85.69,89.01,4426920,78.59,86.84,69.99,93.21,95.39,5.89,55.02,0,,76.82,,,0,,,0,,,,
2007-03-23,89.19,93.62,86.83,92.67,4976825,78.82,86.61,69.99,93.62,93.21,5.95,58.92,0,,79.14,,,0,,,0,,,,
2007-03-26,93.49,96.09,91.29,91.77,3109825,79.04,86.29,69.99,96.09,93.62,5.87,57.6,0,,78.61,,,0,,,0,,,,
2007-03-28,91.68,92.56,85.85,87.5,3901640,79.23,85.95,69.99,96.09,96.09,5.93,51.68,0,,75.82,,,0,,,0,,,,
2007-03-29,89.2,91.0,83.58,84.79,6799245,79.41,85.72,72.78,96.09,96.09,6.04,48.28,0,,74.93,,,0,,,0,,,,
2007-03-30,86.02,87.35,85.23,86.62,3457525,79.6,85.54,75.43,96.09,96.09,5.79,50.64,0,,77.16,,,0,,,0,,,,
2007-04-02,83.01,83.53,79.49,81.13,4711970,79.75,85.03,77.1,96.09,96.09,5.88,44.14,0,,74.11,,,0,,,0,,,,
2007-04-03,82.31,83.55,80.42,82.23,2923720,79.91,84.55,77.1,96.09,96.09,5.69,45.64,0,,74.95,,,0,,,0,,,,
2007-04-04,82.31,84.43,80.4,81.02,3477985,80.06,84.12,77.1,96.09,96.09,5.57,44.23,0,,74.25,,,0,,,0,,,,
2007-04-05,82.14,82.14,76.84,79.74,6117695,80.19,83.62,76.84,96.09,96.09,5.55,42.72,0,,73.35,,,0,,,0,,,,
2007-04-09,80.37,89.17,80.37,88.2,7976545,80.36,83.5,76.84,96.09,96.09,5.83,53.9,0,,78.62,,,0,,,0,,,,
2007-04-10,88.32,89.2,85.37,86.43,4288720,80.53,83.49,76.84,96.09,96.09,5.68,51.63,0,,77.57,,,0,,,0,,,,
2007-04-11,86.43,87.43,82.15,82.63,3129430,80.67,83.32,76.84,96.09,96.09,5.65,47.05,0,,75.14,,,0,,,0,,,,
2007-04-12,82.14,82.14,79.89,81.83,2339825,80.82,83.18,76.84,96.09,96.09,5.45,46.12,0,,74.76,,,0,,,0,,,,
2007-04-13,82.84,84.43,82.24,82.83,5925400,80.96,83.23,76.84,96.09,96.09,5.24,47.51,0,,75.54,,,0,,,0,,,,
2007-04-16,83.9,84.5,82.61,82.83,5367455,81.09,83.14,76.84,96.09,96.09,5.0,47.51,0,,75.7,,,0,,,0,,,,
2007-04-17,83.9,83.9,81.84,82.16,8079980,81.23,83.11,76.84,96.09,96.09,4.79,46.58,0,,75.41,,,0,,,0,,,,
2007-04-18,83.05,84.08,82.68,83.25,8267210,81.37,83.25,76.84,96.09,96.09,4.59,48.36,0,,76.25,,,0,,,0,,,,
2007-04-19,83.01,83.18,80.59,82.07,4551110,81.52,83.45,76.84,96.09,96.09,4.45,46.55,0,,75.58,,,0,,,0,,,,
2007-04-20,83.02,83.53,81.27,82.36,2682765,81.67,83.75,76.84,96.09,96.09,4.29,47.07,0,,75.87,,,0,,,0,,,,
2007-04-23,83.09,83.37,81.25,81.78,2010015,81.82,83.91,76.84,96.09,96.09,4.14,46.1,0,,75.6,,,0,,,0,,,,
2007-04-24,81.43,84.52,80.9,82.7,12866545,81.98,83.98,76.84,96.09,96.09,4.1,47.94,0,,76.22,,,0,,,0,,,,
2007-04-25,83.89,83.89,82.31,82.61,6051275,82.13,84.03,76.84,92.56,96.09,3.92,47.77,0,,76.28,,,0,,,0,,,,
2007-04-26,83.52,83.55,81.45,82.28,8591595,82.27,83.86,76.84,91.0,92.56,3.79,47.1,0,,76.16,,,0,,,0,,,,
2007-04-27,82.34,82.84,80.03,80.37,3296085,82.39,83.76,79.89,89.2,91.0,3.72,43.33,0,,75.99,,,0,,,0,,,,
2007-04-30,77.72,82.97,77.05,82.7,5118745,82.53,83.75,77.05,89.2,89.2,3.88,48.72,0,,76.44,,,0,,,0,,,,
2007-05-03,83.02,85.14,83.0,83.59,11572475,82.68,83.9,77.05,89.2,89.2,3.78,50.65,0,,77.08,,,0,,,0,,,,
2007-05-04,84.26,86.38,83.73,84.8,14412590,82.84,83.95,77.05,89.2,89.2,3.71,53.23,0,,77.91,,,0,,,0,,,,
2007-05-07,85.85,90.07,85.33,89.49,23839815,83.01,84.21,77.05,90.07,89.2,3.82,61.61,1,89.49,80.86,80.86,80.86,1,4,2007-05-07,0,,,,
2007-05-08,89.2,91.06,88.14,89.5,7841210,83.19,84.36,77.05,91.06,90.07,3.75,61.62,0,,80.91,,80.91,1,4,2007-05-07,0,,,,
2007-05-09,89.2,91.85,88.16,91.53,6258505,83.39,84.45,77.05,91.85,91.06,3.75,64.79,1,91.53,82.22,82.22,82.22,1,4,2007-05-07,0,,,,
2007-05-10,91.53,95.39,91.41,92.48,11117305,83.59,84.44,77.05,95.39,91.85,3.76,66.19,0,,82.82,,82.82,1,4,2007-05-07,0,,,,
2007-05-11,88.51,93.09,88.51,91.93,4915005,83.77,84.45,77.05,95.39,95.39,3.82,64.58,0,,82.43,,82.82,1,4,2007-05-07,0,,,,
2007-05-14,92.38,93.44,92.03,92.82,1916160,83.93,84.62,77.05,95.39,95.39,3.66,66.02,0,,83.11,,83.11,1,4,2007-05-07,0,,,,
2007-05-15,92.91,95.19,92.27,94.37,4269415,84.11,84.94,77.05,95.39,95.39,3.61,68.42,0,,84.15,,84.15,1,4,2007-05-07,0,,,,
2007-05-16,94.86,96.25,94.86,95.73,4440755,84.3,85.25,77.05,96.25,95.39,3.48,70.4,1,95.73,85.11,85.11,85.11,1,4,2007-05-07,0,,,,
2007-05-17,96.76,97.7,96.18,96.88,5110990,84.49,85.77,77.05,97.7,96.25,3.37,72.0,0,,85.92,,85.92,1,4,2007-05-07,0,,,,
2007-05-18,95.29,98.14,92.62,95.61,3123850,84.67,86.22,77.05,98.14,97.7,3.53,67.66,0,,85.0,,85.92,1,4,2007-05-07,0,,,,
2007-05-21,94.4,99.39,94.4,98.99,3506225,84.87,86.82,77.05,99.39,98.14,3.63,72.42,1,98.99,87.11,87.11,87.11,1,4,2007-05-07,0,,,,
2007-05-22,99.21,101.55,99.21,100.9,4481485,85.08,87.52,77.05,101.55,99.39,3.56,74.69,0,,88.39,,88.39,1,4,2007-05-07,0,,,,
2007-05-23,100.99,105.43,100.49,103.54,5550275,85.31,88.03,83.0,105.43,101.55,3.65,77.45,0,,92.01,,92.01,1,4,2007-05-07,0,,,,
2007-05-24,103.13,103.4,99.39,101.87,5014770,85.54,88.55,83.73,105.43,105.43,3.69,72.09,0,,91.16,,92.01,1,4,2007-05-07,0,,,,
2007-05-25,100.1,103.13,99.67,100.54,4174120,85.74,89.14,85.33,105.43,105.43,3.67,68.06,0,,90.84,,92.01,1,4,2007-05-07,0,,,,
2007-05-28,102.51,104.56,98.54,98.91,3855170,85.92,89.71,88.14,105.43,105.43,3.84,63.37,0,,90.62,,92.01,1,4,2007-05-07,0,,,,
2007-05-29,98.86,100.67,98.86,100.08,1358840,86.09,90.29,88.16,105.43,105.43,3.7,65.22,0,,91.47,,92.01,1,4,2007-05-07,0,,,,
2007-05-30,99.75,102.24,97.97,99.71,3433430,86.27,90.85,88.51,105.43,105.43,3.74,64.12,0,,91.33,,92.01,1,4,2007-05-07,0,,,,
2007-05-31,102.24,103.31,98.86,102.41,4085260,86.46,91.53,88.51,105.43,105.43,3.79,68.33,0,,93.03,,93.03,1,4,2007-05-07,0,,,,
2007-06-01,103.31,104.73,102.07,102.77,3485335,86.66,92.18,92.03,105.43,105.43,3.71,68.85,0,,94.49,,94.49,1,4,2007-05-07,0,,,,
2007-06-04,105.07,105.07,98.2,102.57,1538910,86.85,92.86,92.27,105.43,105.43,3.93,68.18,0,,94.29,,94.49,1,4,2007-05-07,0,,,,
2007-06-05,103.09,104.2,100.64,103.08,4840285,87.04,93.55,92.62,105.43,105.43,3.91,69.01,0,,94.76,,94.76,1,4,2007-05-07,0,,,,
2007-06-06,106.17,106.64,101.17,102.52,2058865,87.23,94.24,92.62,106.64,105.43,4.02,66.93,0,,94.32,,94.76,1,4,2007-05-07,0,,,,
2007-06-07,99.03,103.08,99.03,101.51,1008280,87.42,94.87,92.62,106.64,106.64,4.02,63.24,0,,93.67,,94.76,1,4,2007-05-07,0,,,,
2007-06-08,99.75,100.98,99.03,99.56,2732700,87.58,95.43,94.4,106.64,106.64,3.91,56.72,0,,93.08,,94.76,1,4,2007-05-07,0,,,,
2007-06-11,100.46,101.5,99.75,100.79,1026165,87.74,96.05,97.97,106.64,106.64,3.77,59.55,0,,95.15,,95.15,1,4,2007-05-07,0,,,,
2007-06-12,101.05,105.09,99.93,104.44,4532040,87.91,96.85,97.97,106.64,106.64,3.87,66.55,0,,97.44,,97.44,1,4,2007-05-07,0,,,,
2007-06-13,104.38,105.45,102.45,104.21,1844260,88.08,97.57,97.97,106.64,106.64,3.81,65.77,0,,97.33,,97.44,1,4,2007-05-07,0,,,,
2007-06-14,104.73,106.25,103.01,104.35,3513915,88.26,98.26,97.97,106.64,106.64,3.77,66.03,0,,97.45,,97.45,1,4,2007-05-07,0,,,,
2007-06-15,104.7,107.57,104.24,106.83,2900270,88.46,99.0,97.97,107.57,106.64,3.74,70.31,1,106.83,99.07,99.07,99.07,1,4,2007-05-07,0,,,,
2007-06-18,107.58,110.17,107.58,108.55,3265460,88.68,99.63,97.97,110.17,107.57,3.71,72.86,0,,100.2,,100.2,1,4,2007-05-07,0,,,,
2007-06-19,103.59,109.9,102.47,109.27,2084995,88.9,100.29,97.97,110.17,110.17,3.97,73.87,0,,100.49,,100.49,1,4,2007-05-07,0,,,,
2007-06-20,110.08,111.95,109.91,110.52,2874025,89.12,100.92,98.2,111.95,110.17,3.88,75.57,1,110.52,101.43,101.43,101.43,1,4,2007-05-07,0,,,,
2007-06-21,110.43,111.86,108.47,110.11,1649065,89.33,101.51,98.2,111.95,111.95,3.85,73.87,0,,101.19,,101.43,1,4,2007-05-07,0,,,,
2007-06-22,110.08,111.06,108.74,109.42,2505130,89.53,102.1,98.2,111.95,111.95,3.74,70.98,0,,100.82,,101.43,1,4,2007-05-07,0,,,,
2007-06-25,109.28,110.42,108.12,109.76,2761830,89.7,102.66,99.03,111.95,111.95,3.63,71.57,0,,101.38,,101.43,1,4,2007-05-07,0,,,,
2007-06-26,110.79,110.79,105.7,106.87,4404890,89.86,103.08,99.03,111.95,111.95,3.74,60.32,0,,99.45,,101.43,1,4,2007-05-07,0,,,,
2007-06-27,109.49,109.49,104.73,105.13,1677190,89.99,103.39,99.03,111.95,111.95,3.81,54.74,0,,98.28,,101.43,1,4,2007-05-07,0,,,,
2007-06-28,105.09,106.51,102.42,103.18,4739925,90.11,103.6,99.03,111.95,111.95,3.83,49.25,0,,97.01,,101.43,1,4,2007-05-07,0,,,,
2007-06-29,105.96,108.3,103.84,107.85,3206585,90.25,104.01,99.75,111.95,111.95,3.92,59.69,0,,100.2,,101.43,1,4,2007-05-07,0,,,,
2007-07-02,111.27,111.27,107.07,108.19,2071940,90.38,104.31,99.93,111.95,111.95,3.94,60.33,0,,100.46,,101.43,1,4,2007-05-07,0,,,,
2007-07-03,109.19,111.86,108.56,111.05,3529275,90.52,104.65,102.42,111.95,111.95,3.92,65.31,0,,103.15,,103.15,1,4,2007-05-07,0,,,,
2007-07-04,111.64,111.64,109.28,110.18,1388585,90.67,104.87,102.42,111.95,111.95,3.81,62.73,0,,102.67,,103.15,1,4,2007-05-07,0,,,,
2007-07-05,110.26,113.26,110.26,112.21,4198335,90.83,105.22,102.42,113.26,111.95,3.76,66.1,1,112.21,104.01,104.01,104.01,1,4,2007-05-07,0,,,,
2007-07-06,112.21,112.75,111.23,111.99,1983895,91.0,105.6,102.42,113.26,113.26,3.6,65.41,0,,103.97,,104.01,1,4,2007-05-07,0,,,,
2007-07-09,112.57,114.17,111.86,113.02,1578350,91.17,106.07,102.42,114.17,113.26,3.51,67.14,0,,104.7,,104.7,1,4,2007-05-07,0,,,,
2007-07-10,113.64,113.64,111.89,112.34,1095705,91.37,106.48,102.42,114.17,114.17,3.38,64.83,0,,104.34,,104.7,1,4,2007-05-07,0,,,,
2007-07-11,112.21,113.19,110.43,112.56,1787885,91.56,106.91,102.42,114.17,114.17,3.34,65.25,0,,104.52,,104.7,1,4,2007-05-07,0,,,,
2007-07-12,114.0,115.78,112.61,114.45,1908630,91.74,107.31,102.42,115.78,114.17,3.33,68.67,1,114.45,105.74,105.74,105.74,1,4,2007-05-07,0,,,,
2007-07-13,115.79,117.52,112.75,114.85,5424815,91.92,107.71,102.42,117.52,115.78,3.43,69.36,0,,105.93,,105.93,1,4,2007-05-07,0,,,,
2007-07-16,114.89,116.28,113.64,115.02,4275265,92.11,108.13,102.42,117.52,117.52,3.38,69.67,0,,106.08,,106.08,1,4,2007-05-07,0,,,,
2007-07-17,115.6,117.11,114.98,115.72,2049890,92.31,108.55,102.42,117.52,117.52,3.29,70.95,0,,106.59,,106.59,1,4,2007-05-07,0,,,,
2007-07-18,115.42,117.56,115.16,116.88,1908280,92.52,109.03,102.42,117.56,117.52,3.22,72.99,0,,107.38,,107.38,1,4,2007-05-07,0,,,,
2007-07-19,117.56,117.91,115.42,115.79,1578620,92.75,109.5,103.84,117.91,117.56,3.17,68.15,0,,107.18,,107.38,1,4,2007-05-07,0,,,,
2007-07-20,112.23,117.38,112.23,114.82,1729390,92.99,110.01,107.07,117.91,117.91,3.31,64.08,0,,107.54,,107.54,1,4,2007-05-07,0,,,,
2007-07-23,114.71,115.6,110.67,111.22,3227620,93.22,110.36,108.56,117.91,117.91,3.43,51.73,0,,105.64,,107.54,1,4,2007-05-07,0,,,,
2007-07-24,113.64,113.64,108.32,109.53,5209900,93.43,110.53,108.32,117.91,117.91,3.56,47.13,0,,104.38,,107.54,1,4,2007-05-07,0,,,,
2007-07-25,107.78,110.86,106.9,110.18,1490370,93.64,110.73,106.9,117.91,117.91,3.59,49.01,0,,104.31,,107.54,1,4,2007-05-07,1,107.54,TRAILING_STOP,58,20.17
2007-07-26,110.26,111.02,107.77,109.6,4333815,93.83,110.9,106.9,117.91,117.91,3.57,47.39,0,,103.95,,,0,,,0,,,,
2007-07-27,108.65,110.97,106.17,109.43,4077940,94.0,110.99,106.17,117.91,117.91,3.65,46.91,0,,103.54,,,0,,,0,,,,
2007-07-30,107.23,120.91,106.54,113.84,4774955,94.21,111.17,106.17,120.91,117.91,4.42,58.77,0,,105.87,,,0,,,0,,,,
2007-07-31,113.84,117.56,109.54,111.48,4399670,94.41,111.24,106.17,120.91,120.91,4.68,52.06,0,,104.18,,,0,,,0,,,,
2007-08-01,111.09,112.21,107.76,110.08,3386645,94.59,111.22,106.17,120.91,120.91,4.66,48.53,0,,103.28,,,0,,,0,,,,
2007-08-02,110.26,111.32,108.17,110.5,5351260,94.79,111.24,106.17,120.91,120.91,4.55,49.63,0,,103.63,,,0,,,0,,,,
2007-08-03,111.15,112.39,110.08,110.64,2052475,94.98,111.28,106.17,120.91,120.91,4.39,50.02,0,,103.82,,,0,,,0,,,,
2007-08-06,107.23,111.59,107.05,110.49,3717985,95.17,111.3,106.17,120.91,120.91,4.4,49.58,0,,103.72,,,0,,,0,,,,
2007-08-07,111.68,113.8,107.08,109.32,3480550,95.36,111.38,106.17,120.91,120.91,4.57,46.19,0,,102.86,,,0,,,0,,,,
2007-08-08,109.68,112.39,109.35,111.48,3652645,95.55,111.6,106.17,120.91,120.91,4.46,52.63,0,,104.32,,,0,,,0,,,,
2007-08-09,111.32,112.9,107.6,108.13,2124080,95.72,111.76,106.17,120.91,120.91,4.52,43.86,0,,102.12,,,0,,,0,,,,
2007-08-10,103.43,107.38,102.45,104.97,2734335,95.86,111.67,102.45,120.91,120.91,4.6,37.5,0,,98.79,,,0,,,0,,,,
2007-08-13,105.09,108.26,102.65,106.92,3878110,96.01,111.62,102.45,120.91,120.91,4.68,42.99,0,,100.0,,,0,,,0,,,,
2007-08-14,107.94,107.94,105.68,106.43,1106515,96.17,111.47,102.45,120.91,120.91,4.5,41.99,0,,99.79,,,0,,,0,,,,
2007-08-16,101.53,105.09,98.15,99.36,4299275,96.28,111.11,98.15,120.91,120.91,4.77,30.86,0,,93.62,,,0,,,0,,,,
2007-08-17,97.26,103.31,95.12,102.44,6690770,96.41,110.78,95.12,120.91,120.91,5.02,38.51,0,,94.44,,,0,,,0,,,,
2007-08-20,104.2,108.43,102.77,107.7,4316185,96.59,110.64,95.12,120.91,120.91,5.09,48.9,0,,97.78,,,0,,,0,,,,
2007-08-21,109.35,109.35,104.56,105.25,2166615,96.73,110.38,95.12,120.91,120.91,5.07,45.08,0,,96.22,,,0,,,0,,,,
2007-08-22,105.45,106.82,100.13,103.76,2757495,96.83,110.09,95.12,120.91,120.91,5.18,42.89,0,,95.18,,,0,,,0,,,,
2007-08-23,108.95,108.95,100.82,103.75,3144440,96.89,109.8,95.12,120.91,120.91,5.39,42.87,0,,95.03,,,0,,,0,,,,
2007-08-24,106.34,106.34,100.65,101.7,3714510,96.92,109.38,95.12,120.91,120.91,5.41,39.78,0,,93.69,,,0,,,0,,,,
2007-08-27,103.66,104.2,102.44,102.85,2894520,96.96,108.98,95.12,120.91,120.91,5.21,42.29,0,,94.57,,,0,,,0,,,,
2007-08-28,103.99,108.17,102.95,106.85,6885300,97.03,108.7,95.12,117.56,120.91,5.21,50.09,0,,97.15,,,0,,,0,,,,
2007-08-29,105.96,111.15,103.66,109.1,12916125,97.13,108.48,95.12,113.8,117.56,5.38,53.87,0,,98.49,,,0,,,0,,,,
2007-08-30,111.32,112.55,109.1,112.15,21029125,97.23,108.33,95.12,113.8,113.8,5.24,58.46,0,,100.55,,,0,,,0,,,,
2007-08-31,114.53,114.53,112.57,113.11,3498115,97.39,108.24,95.12,114.53,113.8,5.03,59.82,0,,101.31,,,0,,,0,,,,
2007-09-03,113.11,114.15,111.48,113.52,3704520,97.54,108.19,95.12,114.53,114.53,4.87,60.41,0,,101.68,,,0,,,0,,,,
2007-09-04,114.0,119.37,114.0,117.35,5497675,97.72,108.4,95.12,119.37,114.53,4.94,65.54,1,117.35,104.11,104.11,104.11,1,5,2007-09-04,0,,,,
2007-09-05,117.56,120.23,117.34,118.91,1063630,97.92,108.71,95.12,120.23,119.37,4.79,67.39,0,,105.21,,105.21,1,5,2007-09-04,0,,,,
2007-09-06,116.19,119.29,116.19,117.51,2842975,98.07,108.95,95.12,120.23,120.23,4.67,64.06,0,,104.39,,105.21,1,5,2007-09-04,0,,,,
2007-09-07,117.72,118.4,115.78,115.99,1565145,98.21,109.17,100.13,120.23,120.23,4.52,60.56,0,,105.18,,105.21,1,5,2007-09-04,0,,,,
2007-09-10,115.5,116.95,114.0,115.71,1747675,98.29,109.38,100.13,120.23,120.23,4.41,59.92,0,,105.07,,105.21,1,5,2007-09-04,0,,,,
2007-09-11,116.61,117.35,114.89,115.23,1098795,98.39,109.42,100.13,120.23,120.23,4.27,58.75,0,,104.85,,105.21,1,5,2007-09-04,0,,,,
2007-09-12,115.44,117.18,114.91,115.17,1734345,98.51,109.55,100.65,120.23,120.23,4.13,58.6,0,,105.08,,105.21,1,5,2007-09-04,0,,,,
2007-09-13,115.96,118.63,115.76,117.47,2514175,98.65,109.79,100.65,120.23,120.23,4.08,62.62,0,,106.6,,106.6,1,5,2007-09-04,0,,,,
2007-09-14,118.44,119.7,114.39,115.78,3491140,98.75,109.97,102.44,120.23,120.23,4.17,58.15,0,,106.05,,106.6,1,5,2007-09-04,0,,,,
2007-09-17,115.06,117.75,114.35,117.32,2297220,98.86,110.19,102.95,120.23,120.23,4.11,60.89,0,,107.25,,107.25,1,5,2007-09-04,0,,,,
2007-09-18,116.85,118.25,116.31,117.61,3060575,98.99,110.43,103.66,120.23,120.23,3.96,61.4,0,,107.77,,107.77,1,5,2007-09-04,0,,,,
2007-09-19,121.12,124.15,119.75,121.87,5061645,99.19,110.85,109.1,124.15,120.23,4.14,68.02,1,121.87,112.21,112.21,112.21,1,5,2007-09-04,0,,,,
2007-09-20,124.68,126.8,121.4,125.78,6073475,99.42,111.32,111.48,126.8,124.15,4.23,72.66,0,,115.47,,115.47,1,5,2007-09-04,0,,,,
2007-09-21,126.05,127.16,125.25,126.41,2434285,99.62,111.93,111.48,127.16,126.8,4.07,73.33,0,,115.98,,115.98,1,5,2007-09-04,0,,,,
2007-09-24,126.82,132.32,126.5,130.4,2627505,99.84,112.78,114.0,132.32,127.16,4.2,77.16,1,130.4,119.31,119.31,119.31,1,5,2007-09-04,0,,,,
2007-09-25,130.03,131.93,129.69,131.73,3224485,100.1,113.61,114.0,132.32,132.32,4.06,78.27,0,,120.26,,120.26,1,5,2007-09-04,0,,,,
2007-09-26,131.81,135.37,131.81,134.61,4672555,100.36,114.55,114.0,135.37,132.32,4.03,80.5,1,134.61,122.14,122.14,122.14,1,5,2007-09-04,0,,,,
2007-09-27,137.15,138.04,135.33,136.92,4757895,100.66,115.8,114.0,138.04,135.37,3.99,82.09,0,,123.66,,123.66,1,5,2007-09-04,0,,,,
2007-09-28,137.33,138.04,134.46,136.19,4877325,100.99,116.92,114.0,138.04,138.04,3.96,79.88,0,,123.2,,123.66,1,5,2007-09-04,0,,,,
2007-10-01,136.6,137.6,132.54,133.86,3206875,101.3,117.8,114.35,138.04,138.04,4.04,73.11,0,,121.77,,123.66,1,5,2007-09-04,0,,,,
2007-10-03,134.12,136.4,130.03,134.94,4999140,101.63,118.79,114.35,138.04,138.04,4.2,74.2,0,,122.35,,123.66,1,5,2007-09-04,0,,,,
2007-10-04,134.94,135.9,129.14,134.44,3691635,101.98,119.81,114.35,138.04,138.04,4.38,72.73,0,,121.91,,123.66,1,5,2007-09-04,0,,,,
2007-10-05,135.19,135.37,130.2,131.61,1562315,102.29,120.74,114.35,138.04,138.04,4.44,64.89,0,,120.04,,123.66,1,5,2007-09-04,0,,,,
2007-10-08,131.81,132.5,122.89,127.47,1764090,102.58,121.6,114.35,138.04,138.04,4.81,55.47,0,,117.13,,123.66,1,5,2007-09-04,1,123.66,TRAILING_STOP,24,5.37
2007-10-09,125.94,130.64,124.68,129.95,1843910,102.92,122.5,116.31,138.04,138.04,4.89,59.28,0,,119.33,,,0,,,0,,,,
2007-10-10,131.8,136.44,131.14,135.76,3332390,103.32,123.46,119.75,138.04,138.04,5.01,66.52,0,,124.14,,,0,,,0,,,,
2007-10-11,137.15,137.15,133.23,135.33,2536555,103.73,124.34,121.4,138.04,138.04,4.93,65.59,0,,124.47,,,0,,,0,,,,
2007-10-12,135.37,136.74,131.81,132.53,1153155,104.1,125.02,122.89,138.04,138.04,4.93,59.74,0,,123.16,,,0,,,0,,,,
2007-10-15,134.12,147.66,134.12,146.06,6578980,104.54,126.11,122.89,147.66,138.04,5.66,72.5,1,146.06,131.4,131.4,131.4,1,6,2007-10-15,0,,,,
2007-10-16,148.68,160.48,146.95,157.94,7559095,105.05,127.6,122.89,160.48,147.66,6.28,78.84,0,,138.65,,138.65,1,6,2007-10-15,0,,,,
2007-10-17,146.06,156.74,133.59,155.35,7021855,105.51,128.86,122.89,160.48,160.48,7.57,74.79,0,,136.11,,138.65,1,6,2007-10-15,1,138.65,TRAILING_STOP,3,-5.08
2007-10-18,160.08,160.08,150.69,152.67,5550705,105.97,129.99,122.89,160.48,160.48,7.7,70.74,0,,134.3,,,0,,,0,,,,
2007-10-19,154.78,154.78,145.34,147.81,3587085,106.4,131.0,122.89,160.48,160.48,7.83,63.98,0,,131.08,,,0,,,0,,,,
2007-10-22,146.75,150.53,142.32,145.88,3113335,106.84,131.99,122.89,160.48,160.48,7.85,61.47,0,,129.82,,,0,,,0,,,,
2007-10-23,154.91,159.42,150.51,154.76,3435385,107.32,133.29,122.89,160.48,160.48,8.26,67.74,0,,135.28,,,0,,,0,,,,
2007-10-24,154.76,159.22,151.38,154.32,2788885,107.81,134.6,122.89,160.48,160.48,8.23,67.16,0,,135.01,,,0,,,0,,,,
2007-10-25,154.78,157.46,149.63,155.65,2874680,108.28,135.95,122.89,160.48,160.48,8.2,68.06,0,,135.89,,,0,,,0,,,,
2007-10-26,154.78,167.43,151.94,164.96,2633940,108.78,137.53,122.89,167.43,160.48,8.72,73.51,1,164.96,141.55,141.55,141.55,1,7,2007-10-26,0,,,,
2007-10-29,165.29,170.44,162.29,165.48,3075560,109.27,139.19,124.68,170.44,167.43,8.68,73.78,0,,142.51,,142.51,1,7,2007-10-26,0,,,,
2007-10-30,168.27,168.27,160.31,161.79,3522920,109.74,140.67,131.14,170.44,170.44,8.63,68.46,0,,142.31,,142.51,1,7,2007-10-26,0,,,,
2007-10-31,161.73,164.58,161.04,163.4,1304920,110.24,142.2,131.81,170.44,170.44,8.27,69.49,0,,143.82,,143.82,1,7,2007-10-26,0,,,,
2007-11-01,164.76,168.14,158.17,163.49,2358475,110.77,143.58,131.81,170.44,170.44,8.39,69.55,0,,143.8,,143.82,1,7,2007-10-26,0,,,,
2007-11-02,160.22,167.08,157.1,166.03,1158835,111.3,144.92,133.59,170.44,170.44,8.5,71.27,0,,145.95,,145.95,1,7,2007-10-26,0,,,,
2007-11-05,166.18,179.9,162.99,173.31,5597425,111.91,146.49,133.59,179.9,170.44,9.1,75.53,1,173.31,150.25,150.25,150.25,1,7,2007-10-26,0,,,,
2007-11-06,174.56,178.65,165.12,168.57,2690965,112.49,147.76,133.59,179.9,179.9,9.42,68.42,0,,146.98,,150.25,1,7,2007-10-26,0,,,,
2007-11-07,169.21,177.75,164.08,166.09,2301420,113.05,148.91,142.32,179.9,179.9,9.72,64.97,0,,148.09,,150.25,1,7,2007-10-26,0,,,,
2007-11-08,158.64,165.92,158.64,164.06,2157855,113.62,149.89,142.32,179.9,179.9,9.56,62.2,0,,146.89,,150.25,1,7,2007-10-26,0,,,,
2007-11-12,160.31,162.95,155.23,158.06,3526790,114.08,150.59,142.32,179.9,179.9,9.51,54.79,0,,143.05,,150.25,1,7,2007-10-26,0,,,,
2007-11-13,158.63,170.99,157.28,170.15,2552810,114.64,151.72,149.63,179.9,179.9,9.81,64.08,0,,153.08,,153.08,1,7,2007-10-26,0,,,,
2007-11-14,173.75,177.91,171.26,176.45,3026835,115.26,153.14,149.63,179.9,179.9,9.66,67.8,0,,157.25,,157.25,1,7,2007-10-26,0,,,,
2007-11-15,175.45,177.94,170.37,171.62,1316385,115.86,154.37,149.63,179.9,179.9,9.51,62.46,0,,154.23,,157.25,1,7,2007-10-26,0,,,,
2007-11-16,168.23,175.45,168.23,174.25,783585,116.47,155.69,151.94,179.9,179.9,9.35,64.12,0,,156.81,,157.25,1,7,2007-10-26,0,,,,
2007-11-19,175.2,176.56,173.15,174.73,2588530,117.09,157.13,155.23,179.9,179.9,8.92,64.43,0,,158.49,,158.49,1,7,2007-10-26,0,,,,
2007-11-20,172.77,182.52,172.77,177.48,4244055,117.72,158.8,155.23,182.52,179.9,8.98,66.22,0,,160.23,,160.23,1,7,2007-10-26,0,,,,
2007-11-21,179.19,179.27,166.36,168.0,1627265,118.29,160.07,155.23,182.52,182.52,9.26,55.79,0,,153.93,,160.23,1,7,2007-10-26,0,,,,
2007-11-22,167.43,168.3,160.31,163.67,2057575,118.83,161.0,155.23,182.52,182.52,9.17,51.78,0,,151.2,,160.23,1,7,2007-10-26,0,,,,
2007-11-23,166.54,169.03,163.01,165.04,2449415,119.38,161.99,155.23,182.52,182.52,8.95,52.93,0,,152.23,,160.23,1,7,2007-10-26,0,,,,
2007-11-26,167.47,170.09,164.76,167.18,9834630,119.95,163.14,155.23,182.52,182.52,8.69,54.75,0,,153.78,,160.23,1,7,2007-10-26,0,,,,
2007-11-27,167.79,169.71,164.94,166.02,2194265,120.51,163.81,155.23,182.52,182.52,8.41,53.54,0,,153.22,,160.23,1,7,2007-10-26,0,,,,
2007-11-28,167.97,169.21,160.31,161.32,1950325,121.03,163.92,155.23,182.52,182.52,8.44,48.84,0,,150.17,,160.23,1,7,2007-10-26,0,,,,
2007-11-29,164.74,166.88,161.73,163.66,3347655,121.57,164.2,155.23,182.52,182.52,8.24,51.14,0,,151.81,,160.23,1,7,2007-10-26,0,,,,
2007-11-30,163.34,170.05,162.64,165.77,3365885,122.14,164.63,155.23,182.52,182.52,8.18,53.18,0,,153.21,,160.23,1,7,2007-10-26,0,,,,
2007-12-03,166.75,169.19,165.65,167.85,1810230,122.71,165.3,157.28,182.52,182.52,7.85,55.18,0,,155.46,,160.23,1,7,2007-10-26,0,,,,
2007-12-04,168.68,169.3,167.43,168.2,2604970,123.27,166.05,160.31,182.52,182.52,7.42,55.52,0,,156.98,,160.23,1,7,2007-10-26,0,,,,
2007-12-05,167.97,169.18,166.54,167.45,2051215,123.83,166.47,160.31,182.52,182.52,7.08,54.56,0,,156.72,,160.23,1,7,2007-10-26,0,,,,
2007-12-06,168.34,169.39,163.27,164.44,2505170,124.32,166.81,160.31,182.52,182.52,7.01,50.75,0,,154.83,,160.23,1,7,2007-10-26,0,,,,
2007-12-07,165.86,167.43,164.23,167.17,1478035,124.84,167.19,160.31,182.52,182.52,6.74,53.89,0,,156.77,,160.23,1,7,2007-10-26,0,,,,
2007-12-10,167.43,167.88,165.83,167.37,965735,125.35,167.27,160.31,182.52,182.52,6.4,54.12,0,,157.12,,160.23,1,7,2007-10-26,0,,,,
2007-12-11,169.21,169.21,166.72,167.61,2258165,125.85,167.34,160.31,182.52,182.52,6.12,54.42,0,,157.46,,160.23,1,7,2007-10-26,0,,,,
2007-12-12,166.54,170.1,160.71,167.8,5131770,126.36,167.54,160.31,182.52,182.52,6.36,54.67,0,,157.43,,160.23,1,7,2007-10-26,0,,,,
2007-12-13,168.32,174.38,168.32,173.17,4608770,126.89,167.87,160.31,182.52,182.52,6.37,61.12,0,,160.88,,160.88,1,7,2007-10-26,0,,,,
2007-12-14,173.68,177.93,173.16,177.17,8700010,127.44,168.32,160.31,182.52,182.52,6.26,65.1,0,,163.54,,163.54,1,7,2007-10-26,0,,,,
2007-12-17,177.27,180.49,171.39,175.35,2976960,127.97,168.63,160.31,182.52,182.52,6.46,61.99,0,,162.23,,163.54,1,7,2007-10-26,0,,,,
2007-12-18,174.91,177.76,166.13,169.76,455585,128.46,168.52,160.31,180.49,182.52,6.83,53.53,0,,158.38,,163.54,1,7,2007-10-26,0,,,,
2007-12-19,171.88,174.2,165.12,167.25,2179280,128.94,168.47,160.71,180.49,180.49,6.99,50.21,0,,156.79,,163.54,1,7,2007-10-26,0,,,,
2007-12-20,167.63,171.53,164.8,166.34,1589440,129.39,168.48,160.71,180.49,180.49,6.97,49.02,0,,156.21,,163.54,1,7,2007-10-26,0,,,,
2007-12-24,169.21,170.46,166.81,169.79,2345920,129.85,168.67,160.71,180.49,180.49,6.77,53.51,0,,158.57,,163.54,1,7,2007-10-26,0,,,,
2007-12-26,170.99,173.67,168.14,172.94,1788985,130.31,169.17,160.71,180.49,180.49,6.68,57.21,0,,160.66,,163.54,1,7,2007-10-26,0,,,,
2007-12-27,173.49,175.27,169.39,170.35,2548215,130.76,169.17,160.71,180.49,180.49,6.62,53.44,0,,159.03,,163.54,1,7,2007-10-26,0,,,,
2007-12-28,170.99,175.62,169.75,173.76,1774735,131.25,169.08,160.71,180.49,180.49,6.57,57.42,0,,161.27,,163.54,1,7,2007-10-26,0,,,,
2007-12-31,175.62,175.98,172.06,172.86,900765,131.75,169.12,160.71,180.49,180.49,6.38,56.06,0,,160.81,,163.54,1,7,2007-10-26,0,,,,
2008-01-01,172.83,175.17,172.08,173.23,723580,132.23,169.09,160.71,180.49,180.49,6.15,56.51,0,,161.21,,163.54,1,7,2007-10-26,0,,,,
2008-01-02,174.56,186.12,174.56,184.29,3686330,132.8,169.41,160.71,186.12,180.49,6.63,67.4,1,184.29,168.02,168.02,168.02,1,7,2007-10-26,0,,,,
2008-01-03,183.46,186.96,182.57,184.5,2562330,133.34,169.64,160.71,186.96,186.12,6.47,67.57,0,,168.26,,168.26,1,7,2007-10-26,0,,,,
2008-01-04,184.35,191.38,182.95,187.9,3574130,133.91,170.31,164.8,191.38,186.96,6.61,70.21,1,187.9,171.72,171.72,171.72,1,7,2007-10-26,0,,,,
2008-01-07,184.35,195.4,174.67,194.18,3104430,134.52,171.32,164.8,195.4,191.38,7.62,74.37,0,,175.1,,175.1,1,7,2007-10-26,0,,,,
2008-01-08,195.93,200.38,187.58,189.83,3222265,135.1,172.15,164.8,200.38,195.4,7.99,67.36,0,,172.05,,175.1,1,7,2007-10-26,0,,,,
2008-01-09,190.59,199.31,189.7,195.15,5181265,135.72,173.08,164.8,200.38,200.38,8.1,70.97,0,,175.4,,175.4,1,7,2007-10-26,0,,,,
2008-01-10,198.6,200.38,191.31,194.0,4727250,136.34,174.02,164.8,200.38,200.38,8.17,69.19,0,,174.62,,175.4,1,7,2007-10-26,0,,,,
2008-01-11,195.75,210.17,192.37,208.35,6572805,137.06,175.58,164.8,210.17,200.38,8.86,76.95,1,208.35,183.41,183.41,183.41,1,7,2007-10-26,0,,,,
2008-01-14,210.18,230.04,207.17,225.88,8199610,137.89,177.66,166.81,230.04,210.17,9.86,82.69,0,,194.72,,194.72,1,7,2007-10-26,0,,,,
2008-01-15,225.5,229.35,211.08,213.13,6402495,138.62,179.24,168.14,230.04,230.04,10.46,69.2,0,,186.54,,194.72,1,7,2007-10-26,0,,,,
2008-01-16,211.96,213.54,202.97,206.03,4469725,139.3,180.51,169.39,230.04,230.04,10.47,63.03,0,,182.37,,194.72,1,7,2007-10-26,0,,,,
2008-01-17,208.04,212.85,198.78,206.98,3536020,139.98,181.8,169.75,230.04,230.04,10.73,63.49,0,,182.93,,194.72,1,7,2007-10-26,0,,,,
2008-01-18,206.62,206.62,194.15,198.2,516090,140.59,182.83,172.06,230.04,230.04,10.88,56.38,0,,177.94,,194.72,1,7,2007-10-26,1,194.72,TRAILING_STOP,58,18.04
2008-01-21,192.37,202.84,181.68,188.92,2408440,141.13,183.64,172.08,230.04,230.04,11.61,50.0,0,,171.47,,,0,,,0,,,,
2008-01-22,178.12,195.75,151.14,173.59,3639625,141.56,183.86,151.14,230.04,230.04,13.97,41.62,0,,153.03,,,0,,,0,,,,
2008-01-23,185.03,195.93,170.99,180.91,4573800,142.02,184.31,151.14,230.04,230.04,14.75,46.25,0,,157.23,,,0,,,0,,,,
2008-01-24,195.93,199.3,174.56,178.51,6836390,142.48,184.67,151.14,230.04,230.04,15.46,44.99,0,,155.21,,,0,,,0,,,,
2008-01-25,182.04,205.01,179.9,195.53,3481300,143.06,185.6,151.14,230.04,230.04,16.25,54.47,0,,165.66,,,0,,,0,,,,
2008-01-28,193.97,205.01,184.41,203.31,1895700,143.68,186.6,151.14,230.04,230.04,16.56,58.03,0,,170.47,,,0,,,0,,,,
2008-01-29,205.01,212.85,190.94,204.16,4328530,144.33,187.5,151.14,230.04,230.04,16.95,58.41,0,,170.77,,,0,,,0,,,,
2008-01-30,204.84,204.84,190.94,196.06,259620,144.93,188.19,151.14,230.04,230.04,16.73,53.41,0,,165.69,,,0,,,0,,,,
2008-01-31,199.14,204.84,187.2,199.64,4376745,145.58,189.19,151.14,230.04,230.04,16.79,55.24,0,,167.95,,,0,,,0,,,,
2008-02-01,203.05,204.84,188.81,193.29,7751540,146.15,190.05,151.14,230.04,230.04,16.74,51.39,0,,163.89,,,0,,,0,,,,
2008-02-04,199.31,201.24,191.83,193.96,3356465,146.72,190.97,151.14,230.04,230.04,16.22,51.78,0,,164.67,,,0,,,0,,,,
2008-02-05,194.51,195.75,187.6,188.75,1990970,147.24,191.61,151.14,230.04,230.04,15.64,48.59,0,,161.7,,,0,,,0,,,,
2008-02-06,187.02,193.95,181.07,193.2,2488040,147.79,192.28,151.14,230.04,230.04,15.44,51.34,0,,164.7,,,0,,,0,,,,
2008-02-07,193.2,193.2,180.8,184.3,2603445,148.27,192.75,151.14,230.04,230.04,15.22,46.03,0,,159.1,,,0,,,0,,,,
2008-02-08,184.3,186.08,171.98,175.21,2601065,148.69,192.8,151.14,230.04,230.04,15.14,41.32,0,,153.29,,,0,,,0,,,,
2008-02-11,175.21,175.8,160.48,165.78,3395480,149.04,192.56,151.14,229.35,230.04,15.16,37.09,0,,147.2,,,0,,,0,,,,
2008-02-12,166.74,178.12,164.06,176.44,4889300,149.47,192.67,160.48,213.54,229.35,15.08,44.07,0,,157.24,,,0,,,0,,,,
2008-02-13,178.12,181.68,170.99,172.24,3252485,149.87,192.26,160.48,212.85,213.54,14.77,42.09,0,,154.74,,,0,,,0,,,,
2008-02-14,182.57,182.57,173.19,176.91,2712105,150.28,192.01,160.48,212.85,212.85,14.45,45.04,0,,157.97,,,0,,,0,,,,
2008-02-15,174.56,187.02,171.88,183.36,2325490,150.74,191.86,160.48,212.85,212.85,14.5,48.92,0,,162.1,,,0,,,0,,,,
2008-02-18,185.24,190.03,183.82,187.18,3079605,151.22,191.63,160.48,212.85,212.85,13.94,51.13,0,,164.93,,,0,,,0,,,,
2008-02-19,194.51,195.9,181.07,184.91,1996365,151.68,191.46,160.48,212.85,212.85,14.0,49.75,0,,163.43,,,0,,,0,,,,
2008-02-20,184.89,184.89,175.47,179.2,1581545,152.1,190.93,160.48,212.85,212.85,13.68,46.38,0,,159.96,,,0,,,0,,,,
2008-02-21,179.69,184.35,174.59,178.24,1558855,152.52,190.41,160.48,212.85,212.85,13.4,45.82,0,,159.53,,,0,,,0,,,,
2008-02-22,174.56,175.45,171.04,172.95,2060320,152.9,189.23,160.48,212.85,212.85,12.95,42.74,0,,156.41,,,0,,,0,,,,
2008-02-25,177.76,178.05,167.08,170.42,2545540,153.3,187.38,160.48,212.85,212.85,12.81,41.32,0,,154.87,,,0,,,0,,,,
2008-02-26,169.21,174.56,169.21,171.14,1683995,153.71,185.98,160.48,204.84,212.85,12.28,41.91,0,,155.69,,,0,,,0,,,,
2008-02-27,172.97,178.99,172.77,176.84,2757150,154.15,185.0,160.48,204.84,204.84,11.96,46.53,0,,159.58,,,0,,,0,,,,
2008-02-28,178.12,183.11,173.67,179.82,2778390,154.62,184.1,160.48,204.84,204.84,11.78,48.82,0,,161.62,,,0,,,0,,,,
2008-02-29,177.89,185.24,169.23,182.13,2985065,155.11,183.56,160.48,201.24,204.84,12.08,50.59,0,,162.91,,,0,,,0,,,,
2008-03-03,171.88,177.76,165.65,167.33,2074360,155.46,182.84,164.06,195.9,201.24,12.4,40.85,0,,154.35,,,0,,,0,,,,
2008-03-04,167.43,170.99,154.07,162.25,4770540,155.8,182.47,154.07,195.9,195.9,12.72,38.14,0,,147.53,,,0,,,0,,,,
2008-03-05,162.09,164.76,155.88,159.7,4360045,156.13,181.76,154.07,195.9,195.9,12.45,36.82,0,,146.07,,,0,,,0,,,,
2008-03-07,159.7,159.7,144.15,149.77,5119425,156.39,180.8,144.15,195.9,195.9,12.67,32.14,0,,136.21,,,0,,,0,,,,
2008-03-10,151.4,151.4,138.4,143.69,10215405,156.61,179.07,138.4,195.9,195.9,12.69,29.66,0,,130.35,,,0,,,0,,,,
2008-03-11,134.84,150.76,134.71,148.93,5531340,156.87,177.26,134.71,195.9,195.9,12.93,34.37,0,,132.34,,,0,,,0,,,,
2008-03-12,154.07,158.51,150.73,153.89,3742805,157.17,175.58,134.71,195.9,195.9,12.69,38.56,0,,135.7,,,0,,,0,,,,
2008-03-13,150.72,153.54,135.73,143.67,5312500,157.38,173.84,134.71,195.9,195.9,13.08,33.77,0,,128.85,,,0,,,0,,,,
2008-03-14,143.67,159.4,139.82,153.24,3541275,157.68,172.29,134.71,195.9,195.9,13.55,41.14,0,,134.71,,,0,,,0,,,,
2008-03-17,149.8,149.8,138.67,141.39,5544380,157.93,170.56,134.71,195.9,195.9,13.62,35.82,0,,127.02,,,0,,,0,,,,
2008-03-18,139.83,147.13,133.77,139.39,6631690,158.14,168.74,133.77,195.9,195.9,13.6,35.0,0,,125.43,,,0,,,0,,,,
2008-03-19,145.17,148.73,131.81,134.19,9444900,158.33,166.92,131.81,185.24,195.9,13.84,32.89,0,,121.26,,,0,,,0,,,,
2008-03-24,137.15,141.07,126.91,129.13,6392830,158.53,164.79,126.91,185.24,185.24,13.86,30.94,0,,116.35,,,0,,,0,,,,
2008-03-25,130.03,143.39,130.03,140.88,6987155,158.78,163.34,126.91,185.24,185.24,13.89,39.88,0,,123.91,,,0,,,0,,,,
2008-03-26,143.39,149.62,139.88,147.62,3800670,159.05,162.42,126.91,185.24,185.24,13.59,44.33,0,,128.46,,,0,,,0,,,,
2008-03-27,145.18,145.18,140.2,141.15,4554225,159.29,161.6,126.91,185.24,185.24,13.15,41.18,0,,124.58,,,0,,,0,,,,
2008-03-28,141.96,146.04,136.32,143.78,5456695,159.55,160.51,126.91,185.24,185.24,12.91,42.95,0,,126.44,,,0,,,0,,,,
2008-03-31,143.39,146.06,132.18,140.69,9373050,159.8,159.46,126.91,185.24,185.24,12.98,41.37,0,,124.4,,,0,,,0,,,,
2008-04-01,144.1,144.1,126.68,128.54,8324865,159.98,157.85,126.68,185.24,185.24,13.29,35.8,0,,116.27,,,0,,,0,,,,
2008-04-02,133.39,136.26,131.63,132.63,9261800,160.18,156.16,126.68,177.76,185.24,12.9,38.79,0,,119.18,,,0,,,0,,,,
2008-04-03,132.7,133.59,129.32,132.56,3186435,160.35,154.34,126.68,170.99,177.76,12.28,38.75,0,,119.54,,,0,,,0,,,,
2008-04-04,132.71,133.2,126.47,127.26,5090635,160.47,152.41,126.47,164.76,170.99,11.88,36.22,0,,116.32,,,0,,,0,,,,
2008-04-07,127.87,135.72,123.79,133.79,5362655,160.61,150.9,123.79,159.7,164.76,11.89,41.31,0,,119.63,,,0,,,0,,,,
2008-04-08,133.77,138.36,132.53,135.15,5254960,160.76,149.46,123.79,159.4,159.7,11.45,42.34,0,,120.8,,,0,,,0,,,,
2008-04-09,135.37,145.42,132.01,142.09,5289170,160.95,148.44,123.79,159.4,159.4,11.59,47.43,0,,125.18,,,0,,,0,,,,
2008-04-10,142.9,146.46,137.17,138.57,6053590,161.09,147.37,123.79,159.4,159.4,11.43,45.25,0,,123.02,,,0,,,0,,,,
2008-04-11,140.71,141.6,134.59,135.36,5140465,161.2,146.18,123.79,159.4,159.4,11.11,43.29,0,,121.16,,,0,,,0,,,,
2008-04-15,134.48,139.47,132.01,137.76,8752550,161.34,144.88,123.79,159.4,159.4,10.85,45.2,0,,122.88,,,0,,,0,,,,
2008-04-16,139.47,141.43,137.53,139.96,2959865,161.5,143.55,123.79,149.8,159.4,10.36,46.96,0,,124.63,,,0,,,0,,,,
2008-04-17,142.28,151.94,142.28,146.84,11679770,161.71,142.37,123.79,151.94,149.8,10.47,52.13,0,,128.99,,,0,,,0,,,,
2008-04-21,148.19,158.53,145.18,157.02,16970085,161.98,142.03,123.79,158.53,151.94,10.68,58.57,0,,135.42,,,0,,,0,,,,
2008-04-22,157.46,164.58,156.09,161.91,9708480,162.3,142.02,123.79,164.58,158.53,10.52,61.27,0,,138.68,,,0,,,0,,,,
2008-04-23,162.98,163.85,154.98,159.81,5077185,162.58,142.02,123.79,164.58,164.58,10.4,59.48,0,,137.41,,,0,,,0,,,,
2008-04-24,161.23,162.09,156.74,160.05,5738825,162.87,142.36,123.79,164.58,164.58,10.04,59.62,0,,137.8,,,0,,,0,,,,
2008-04-25,160.31,163.87,158.17,161.68,5053415,163.17,142.96,123.79,164.58,164.58,9.73,60.65,0,,139.06,,,0,,,0,,,,
2008-04-28,163.16,164.76,160.31,163.67,3648765,163.48,143.46,123.79,164.76,164.58,9.36,61.93,0,,140.59,,,0,,,0,,,,
2008-04-29,162.98,169.03,161.2,168.44,8736005,163.79,143.94,123.79,169.03,164.76,9.25,64.88,1,168.44,143.74,143.74,143.74,1,8,2008-04-29,0,,,,
2008-04-30,168.27,169.19,160.66,164.5,8709525,164.04,144.64,132.01,169.19,169.03,9.19,60.7,0,,143.98,,143.74,1,8,2008-04-29,1,164.04,SMA150_BREAK,2,-2.61
2008-05-02,166.54,172.72,164.94,166.66,3301870,164.31,145.08,132.01,172.72,169.19,9.13,62.14,0,,145.42,,,0,,,0,,,,
2008-05-05,167.25,172.76,164.58,168.63,5627640,164.57,145.99,132.01,172.76,172.72,9.06,63.45,0,,146.73,,,0,,,0,,,,
2008-05-06,168.32,170.09,166.02,168.87,7518855,164.82,146.97,132.01,172.76,172.76,8.7,63.62,0,,147.12,,,0,,,0,,,,
2008-05-07,168.86,168.86,160.53,161.63,7682275,165.0,147.89,132.01,172.76,172.76,8.68,55.45,0,,142.47,,,0,,,0,,,,
2008-05-08,155.68,161.38,152.47,153.75,6794655,165.11,148.71,137.53,172.76,172.76,8.71,48.2,0,,139.21,,,0,,,0,,,,
2008-05-09,152.65,155.85,148.19,148.88,7531760,165.19,148.98,142.28,172.76,172.76,8.64,44.34,0,,137.7,,,0,,,0,,,,
2008-05-12,150.33,157.24,146.06,156.25,8558135,165.34,149.26,145.18,172.76,172.76,8.82,50.76,0,,143.3,,,0,,,0,,,,
2008-05-13,157.9,161.0,153.58,154.82,6708675,165.47,149.72,146.06,172.76,172.76,8.72,49.57,0,,142.73,,,0,,,0,,,,
2008-05-14,154.07,156.3,151.94,153.63,5498745,165.6,150.05,146.06,172.76,172.76,8.41,48.54,0,,142.17,,,0,,,0,,,,
2008-05-15,154.6,160.27,154.6,159.17,5241255,165.79,150.66,146.06,172.76,172.76,8.28,53.38,0,,145.83,,,0,,,0,,,,
2008-05-16,160.31,163.49,158.88,160.32,4259275,166.0,151.72,146.06,172.76,172.76,8.02,54.33,0,,146.75,,,0,,,0,,,,
2008-05-20,160.13,160.13,151.58,154.85,5023125,166.17,152.46,146.06,172.76,172.76,8.07,49.16,0,,143.19,,,0,,,0,,,,
2008-05-21,152.31,155.85,151.63,154.92,5287345,166.3,153.21,146.06,172.76,172.76,7.79,49.22,0,,143.41,,,0,,,0,,,,
2008-05-22,155.14,155.14,147.63,148.61,7040190,166.39,153.92,146.06,172.76,172.76,7.77,43.66,0,,139.36,,,0,,,0,,,,
2008-05-23,149.76,151.02,142.77,143.39,4864695,166.46,154.24,142.77,172.76,172.76,7.81,39.67,0,,134.87,,,0,,,0,,,,
2008-05-26,141.69,141.69,135.47,136.83,4528385,166.4,154.3,135.47,172.76,172.76,7.82,35.3,0,,128.2,,,0,,,0,,,,
2008-05-27,138.1,139.9,130.97,132.5,7206045,166.23,153.98,130.97,172.76,172.76,7.9,32.74,0,,123.86,,,0,,,0,,,,
2008-05-28,134.16,146.43,132.72,145.31,10595885,166.16,154.2,130.97,172.76,172.76,8.33,45.37,0,,131.83,,,0,,,0,,,,
2008-05-29,146.17,148.69,139.05,140.44,7768755,166.08,154.37,130.97,172.76,172.76,8.42,42.13,0,,128.63,,,0,,,0,,,,
2008-05-30,143.3,144.29,133.7,142.27,13104250,166.04,154.52,130.97,172.76,172.76,8.58,43.76,0,,129.7,,,0,,,0,,,,
2008-06-02,139.0,144.78,132.76,134.4,6234105,165.97,154.33,130.97,172.76,172.76,8.82,38.72,0,,124.46,,,0,,,0,,,,
2008-06-03,132.72,137.51,129.54,135.84,6517185,165.84,153.97,129.54,170.09,172.76,8.76,40.08,0,,124.96,,,0,,,0,,,,
2008-06-04,135.77,139.31,130.61,132.15,6448785,165.69,153.14,129.54,168.86,170.09,8.76,37.77,0,,122.58,,,0,,,0,,,,
2008-06-05,132.15,139.41,129.72,138.27,7198200,165.58,152.35,129.54,163.49,168.86,8.82,43.58,0,,126.48,,,0,,,0,,,,
2008-06-06,141.69,141.69,135.59,136.41,6678345,165.39,151.57,129.54,163.49,163.49,8.63,42.29,0,,125.41,,,0,,,0,,,,
2008-06-09,133.62,134.48,122.86,126.11,9781085,165.12,150.44,122.86,163.49,163.49,8.98,35.93,0,,116.31,,,0,,,0,,,,
2008-06-10,127.36,128.93,120.35,122.23,7946910,164.86,149.12,120.35,163.49,163.49,8.95,33.87,0,,112.99,,,0,,,0,,,,
2008-06-11,122.86,127.14,122.59,126.59,4550100,164.61,147.89,120.35,163.49,163.49,8.66,38.17,0,,115.99,,,0,,,0,,,,
2008-06-12,125.19,129.14,121.07,128.12,6557125,164.38,146.54,120.35,163.49,163.49,8.62,39.65,0,,117.01,,,0,,,0,,,,
2008-06-13,130.93,132.71,125.55,126.36,7637070,164.11,145.27,120.35,163.49,163.49,8.52,38.51,0,,115.94,,,0,,,0,,,,
2008-06-16,127.34,132.69,127.34,131.96,9110270,163.84,144.12,120.35,160.13,163.49,8.36,44.04,0,,119.66,,,0,,,0,,,,
2008-06-17,132.19,144.02,130.42,142.5,10982725,163.66,143.25,120.35,155.85,160.13,8.73,52.67,0,,126.21,,,0,,,0,,,,
2008-06-18,142.59,144.2,132.94,134.61,15260880,163.45,142.1,120.35,155.14,155.85,8.91,46.85,0,,121.0,,,0,,,0,,,,
2008-06-19,132.72,133.26,127.7,128.8,10563620,163.22,141.01,120.35,151.02,155.14,8.77,43.07,0,,117.35,,,0,,,0,,,,
2008-06-20,128.78,131.63,124.49,126.21,15450330,163.01,140.09,120.35,148.69,151.02,8.65,41.46,0,,115.75,,,0,,,0,,,,
2008-06-23,125.55,127.16,120.17,125.04,9577325,162.71,139.3,120.17,148.69,148.69,8.54,40.73,0,,115.02,,,0,,,0,,,,
2008-06-24,126.45,129.08,120.17,121.72,7184750,162.34,138.15,120.17,148.69,148.69,8.56,38.62,0,,112.86,,,0,,,0,,,,
2008-06-25,118.37,124.49,115.15,122.87,13616080,162.02,137.08,115.15,148.69,148.69,8.62,39.78,0,,111.89,,,0,,,0,,,,
2008-06-26,123.76,126.45,119.27,121.64,9903815,161.67,136.01,115.15,144.78,148.69,8.52,38.94,0,,111.16,,,0,,,0,,,,
2008-06-27,118.37,118.37,110.66,112.74,12046395,161.25,134.47,110.66,144.78,144.78,8.69,33.4,0,,103.81,,,0,,,0,,,,
2008-06-30,112.1,113.89,105.14,108.52,11179920,160.79,132.74,105.14,144.2,144.78,8.7,31.13,0,,99.24,,,0,,,0,,,,
2008-07-01,109.41,109.41,104.03,106.51,9449995,160.38,131.13,104.03,144.2,144.2,8.46,30.09,0,,97.74,,,0,,,0,,,,
2008-07-02,107.13,115.68,101.93,113.79,10781475,160.05,129.76,101.93,144.2,144.2,8.84,38.18,0,,101.48,,,0,,,0,,,,
2008-07-03,112.61,113.89,100.98,104.06,12157755,159.64,128.27,100.98,144.2,144.2,9.13,32.73,0,,94.69,,,0,,,0,,,,
2008-07-04,103.85,110.29,100.83,107.69,10910840,159.25,127.08,100.83,144.2,144.2,9.15,36.38,0,,96.97,,,0,,,0,,,,
2008-07-07,105.82,113.55,105.53,108.32,8511535,158.86,126.13,100.83,144.2,144.2,9.07,37.02,0,,97.43,,,0,,,0,,,,
2008-07-08,105.82,111.72,101.61,108.86,9894800,158.51,125.34,100.83,144.2,144.2,9.14,37.6,0,,97.73,,,0,,,0,,,,
2008-07-09,112.1,121.07,111.25,120.01,11953780,158.22,124.5,100.83,144.2,144.2,9.36,48.18,0,,104.77,,,0,,,0,,,,
2008-07-10,119.27,123.37,114.43,121.68,10404950,157.93,123.88,100.83,144.2,144.2,9.33,49.56,0,,105.87,,,0,,,0,,,,
2008-07-11,120.19,125.55,116.6,119.32,17444255,157.6,123.11,100.83,144.2,144.2,9.31,47.63,0,,104.37,,,0,,,0,,,,
2008-07-14,119.27,123.93,112.2,113.77,26102490,157.24,122.42,100.83,144.2,144.2,9.48,43.36,0,,100.67,,,0,,,0,,,,
2008-07-15,112.46,112.46,103.36,107.09,25507360,156.84,121.46,100.83,144.2,144.2,9.55,38.84,0,,96.32,,,0,,,0,,,,
2008-07-16,107.61,109.23,104.21,104.82,15732200,156.44,120.55,100.83,133.26,144.2,9.22,37.41,0,,95.07,,,0,,,0,,,,
2008-07-17,111.16,115.13,106.9,113.97,24378020,156.09,119.74,100.83,131.63,133.26,9.3,46.02,0,,100.92,,,0,,,0,,,,
2008-07-18,115.56,125.55,114.97,122.97,17510465,155.79,119.3,100.83,129.08,131.63,9.46,52.89,0,,106.62,,,0,,,0,,,,
2008-07-21,124.65,126.27,120.76,125.08,13301175,155.51,119.26,100.83,129.08,129.08,9.18,54.35,0,,108.17,,,0,,,0,,,,
2008-07-22,124.65,133.58,123.22,131.84,18384215,155.27,119.58,100.83,133.58,129.08,9.26,58.78,0,,112.47,,,0,,,0,,,,
2008-07-23,135.51,143.84,134.88,136.96,16014820,155.03,119.93,100.83,143.84,133.58,9.46,61.8,0,,115.64,,,0,,,0,,,,
2008-07-24,137.21,142.91,133.08,136.36,15729165,154.75,120.2,100.83,143.84,143.84,9.49,61.23,0,,115.24,,,0,,,0,,,,
2008-07-25,128.72,133.08,126.63,127.85,11082795,154.44,120.25,101.61,143.84,143.84,9.5,53.71,0,,110.0,,,0,,,0,,,,
2008-07-28,113.71,129.08,113.71,125.06,15375255,154.14,120.02,101.61,143.84,143.84,9.92,51.48,0,,107.92,,,0,,,0,,,,
2008-07-29,121.96,123.22,110.32,111.15,23506465,153.77,118.98,103.36,143.84,143.84,10.27,42.09,0,,99.3,,,0,,,0,,,,
2008-07-30,111.93,123.74,111.93,121.83,21863800,153.47,118.55,103.36,143.84,143.84,10.43,49.68,0,,106.08,,,0,,,0,,,,
2008-07-31,121.96,122.85,115.7,117.28,13695970,153.12,118.17,103.36,143.84,143.84,10.2,46.86,0,,103.3,,,0,,,0,,,,
2008-08-01,116.58,122.68,112.1,121.94,17893810,152.78,118.02,103.36,143.84,143.84,10.23,49.99,0,,106.29,,,0,,,0,,,,
2008-08-04,121.96,128.2,120.2,126.63,16348105,152.49,118.08,103.36,143.84,143.84,10.07,52.99,0,,109.42,,,0,,,0,,,,
2008-08-05,127.16,138.64,125.52,136.41,22491705,152.24,118.57,104.21,143.84,143.84,10.28,58.57,0,,115.86,,,0,,,0,,,,
2008-08-06,139.0,143.81,131.83,133.27,21401295,151.97,118.91,106.9,143.84,143.84,10.41,56.26,0,,114.66,,,0,,,0,,,,
2008-08-07,133.27,137.49,132.1,133.9,10563655,151.71,119.32,110.32,143.84,143.84,10.05,56.63,0,,116.44,,,0,,,0,,,,
2008-08-08,134.51,137.51,126.67,131.85,22692550,151.36,119.96,110.32,143.84,143.84,10.1,55.0,0,,115.08,,,0,,,0,,,,
2008-08-11,137.89,137.89,134.52,136.24,12037000,151.04,120.88,110.32,143.84,143.84,9.81,57.8,0,,118.11,,,0,,,0,,,,
2008-08-12,136.31,137.12,128.3,129.23,13856510,150.65,121.64,110.32,143.84,143.84,9.74,52.22,0,,113.63,,,0,,,0,,,,
2008-08-13,128.24,131.26,125.37,130.05,19504310,150.22,122.18,110.32,143.84,143.84,9.47,52.79,0,,114.34,,,0,,,0,,,,
2008-08-14,130.05,130.18,123.09,125.55,21456735,149.79,122.9,110.32,143.84,143.84,9.3,49.29,0,,111.55,,,0,,,0,,,,
2008-08-18,125.19,127.79,121.07,124.2,16943130,149.32,123.45,110.32,143.84,143.84,9.11,48.26,0,,110.81,,,0,,,0,,,,
2008-08-19,122.86,123.92,120.2,121.93,12688850,148.84,123.9,110.32,143.84,143.84,8.75,46.49,0,,109.59,,,0,,,0,,,,
2008-08-20,121.6,124.62,119.83,120.85,12436050,148.26,124.3,111.93,143.84,143.84,8.47,45.63,0,,109.61,,,0,,,0,,,,
2008-08-21,120.17,120.53,115.68,116.42,9974100,147.53,124.18,112.1,143.81,143.84,8.23,42.2,0,,106.97,,,0,,,0,,,,
2008-08-22,115.68,122.54,114.16,121.93,15792320,146.92,124.19,112.1,143.81,143.81,8.24,47.49,0,,110.52,,,0,,,0,,,,
2008-08-25,126.45,128.19,122.34,122.97,11869760,146.37,124.31,114.16,143.81,143.81,8.1,48.45,0,,111.97,,,0,,,0,,,,
2008-08-26,121.96,122.59,118.76,121.9,16982365,145.8,124.58,114.16,143.81,143.81,7.82,47.49,0,,111.46,,,0,,,0,,,,
2008-08-27,123.4,124.54,120.74,121.49,13055045,145.29,125.06,114.16,143.81,143.81,7.53,47.1,0,,111.39,,,0,,,0,,,,
2008-08-28,121.96,122.59,119.45,120.27,10836080,144.83,125.58,114.16,143.81,143.81,7.22,45.91,0,,110.81,,,0,,,0,,,,
2008-08-29,122.86,130.37,122.32,129.75,19076130,144.54,126.11,114.16,143.81,143.81,7.43,55.38,0,,116.79,,,0,,,0,,,,
2008-09-01,129.15,130.88,125.22,129.66,15530580,144.2,126.33,114.16,143.81,143.81,7.3,55.28,0,,116.82,,,0,,,0,,,,
2008-09-02,131.29,138.39,130.3,136.28,24059335,143.91,126.7,114.16,143.81,143.81,7.4,60.82,0,,121.02,,,0,,,0,,,,
2008-09-04,136.31,136.31,130.98,131.68,20732740,143.49,126.7,114.16,143.81,143.81,7.25,55.66,0,,118.15,,,0,,,0,,,,
2008-09-05,130.93,130.93,122.69,123.26,30080985,142.95,126.24,114.16,138.39,143.81,7.38,47.68,0,,112.64,,,0,,,0,,,,
2008-09-08,124.65,131.65,124.65,127.57,22302315,142.44,125.95,114.16,138.39,138.39,7.45,51.51,0,,115.37,,,0,,,0,,,,
2008-09-09,128.24,128.4,123.77,127.34,15704165,141.99,125.93,114.16,138.39,138.39,7.25,51.3,0,,115.35,,,0,,,0,,,,
2008-09-10,125.51,129.75,124.65,127.42,18446420,141.5,126.01,114.16,138.39,138.39,7.1,51.37,0,,115.51,,,0,,,0,,,,
2008-09-11,126.43,128.76,124.29,126.29,12555550,141.06,126.51,114.16,138.39,138.39,6.91,50.18,0,,114.91,,,0,,,0,,,,
2008-09-12,129.85,129.85,123.22,124.21,12957470,140.59,126.59,114.16,138.39,138.39,6.89,47.96,0,,113.58,,,0,,,0,,,,
2008-09-15,121.96,122.86,114.07,117.88,4209365,140.12,126.61,114.07,138.39,138.39,7.12,41.9,0,,109.31,,,0,,,0,,,,
2008-09-16,114.43,125.53,108.69,124.8,20554995,139.66,126.71,108.69,138.39,138.39,7.81,49.43,0,,111.52,,,0,,,0,,,,
2008-09-17,126.27,128.24,117.23,119.53,19380680,139.23,126.47,108.69,138.39,138.39,8.04,44.68,0,,107.96,,,0,,,0,,,,
2008-09-18,111.38,124.65,109.64,121.71,23031760,138.88,125.98,108.69,138.39,138.39,8.54,46.95,0,,109.04,,,0,,,0,,,,
2008-09-19,124.01,129.12,123.22,127.08,19861650,138.62,125.77,108.69,138.39,138.39,8.46,52.15,0,,112.56,,,0,,,0,,,,
2008-09-22,128.23,129.64,125.55,126.43,13033940,138.28,125.53,108.69,138.39,138.39,8.15,51.5,0,,112.35,,,0,,,0,,,,
2008-09-23,125.37,127.06,121.91,122.56,12012010,137.95,125.22,108.69,138.39,138.39,7.93,47.64,0,,109.99,,,0,,,0,,,,
2008-09-24,122.89,127.84,122.89,127.38,18204465,137.62,124.92,108.69,138.39,138.39,7.74,52.42,0,,113.23,,,0,,,0,,,,
2008-09-25,127.34,130.19,126.45,129.39,21352225,137.26,124.93,108.69,138.39,138.39,7.46,54.29,0,,114.71,,,0,,,0,,,,
2008-09-26,127.34,130.0,125.95,126.46,23698700,136.86,124.81,108.69,138.39,138.39,7.21,51.13,0,,112.99,,,0,,,0,,,,
2008-09-29,126.45,128.06,118.39,120.45,24062265,136.43,124.64,108.69,138.39,138.39,7.39,45.3,0,,108.99,,,0,,,0,,,,
2008-09-30,117.24,130.03,96.49,129.18,22737250,136.1,124.8,96.49,138.39,138.39,9.26,53.58,0,,109.31,,,0,,,0,,,,
2008-10-01,129.49,133.62,126.8,131.75,27393850,135.79,125.13,96.49,136.31,138.39,9.08,55.71,0,,111.09,,,0,,,0,,,,
2008-10-03,130.03,132.72,124.49,125.96,23026825,135.47,125.3,96.49,133.62,136.31,9.02,50.14,0,,107.39,,,0,,,0,,,,
2008-10-06,124.6,126.63,120.29,121.6,13916255,135.15,125.47,96.49,133.62,133.62,8.83,46.38,0,,104.71,,,0,,,0,,,,
2008-10-07,138.82,138.82,117.14,122.48,19058415,134.82,125.49,96.49,138.82,133.62,9.75,47.24,0,,104.66,,,0,,,0,,,,
2008-10-08,119.81,119.81,102.49,116.18,20837280,134.42,125.26,96.49,138.82,138.82,10.48,42.04,0,,100.11,,,0,,,0,,,,
2008-10-10,103.13,115.68,96.22,99.11,22736455,133.88,124.51,96.22,138.82,138.82,11.16,31.82,0,,88.56,,,0,,,0,,,,
2008-10-13,101.34,120.89,101.34,118.37,22362115,133.45,124.4,96.22,138.82,138.82,11.92,47.37,0,,100.48,,,0,,,0,,,,
2008-10-14,130.34,130.34,113.53,114.62,25757925,133.1,124.21,96.22,138.82,138.82,12.27,45.2,0,,97.83,,,0,,,0,,,,
2008-10-15,113.35,116.56,107.88,110.99,20542195,132.76,123.59,96.22,138.82,138.82,12.01,43.15,0,,95.66,,,0,,,0,,,,
2008-10-16,107.61,113.44,103.4,111.71,6571135,132.44,122.99,96.22,138.82,138.82,11.87,43.7,0,,96.21,,,0,,,0,,,,
2008-10-17,118.2,118.2,106.72,111.26,19285710,132.18,122.16,96.22,138.82,138.82,11.84,43.42,0,,95.94,,,0,,,0,,,,
2008-10-20,112.35,117.3,108.24,110.82,25104450,131.97,121.46,96.22,138.82,138.82,11.64,43.13,0,,95.79,,,0,,,0,,,,
2008-10-21,114.2,119.81,111.74,117.75,19670765,131.76,121.28,96.22,138.82,138.82,11.45,48.94,0,,100.39,,,0,,,0,,,,
2008-10-22,114.12,119.06,112.12,113.21,13346215,131.49,120.8,96.22,138.82,138.82,11.13,45.65,0,,97.67,,,0,,,0,,,,
2008-10-23,111.2,115.68,106.72,111.63,16925405,131.27,120.27,96.22,138.82,138.82,10.98,44.53,0,,96.76,,,0,,,0,,,,
2008-10-24,109.41,110.97,92.73,96.65,21571550,130.9,119.25,92.73,138.82,138.82,11.54,35.59,0,,85.55,,,0,,,0,,,,
2008-10-27,95.06,97.93,85.19,95.87,16055345,130.59,118.23,85.19,138.82,138.82,11.63,35.19,0,,82.48,,,0,,,0,,,,
2008-10-29,106.72,107.43,92.92,94.49,22217715,130.29,117.24,85.19,138.82,138.82,11.83,34.46,0,,81.45,,,0,,,0,,,,
2008-10-31,96.15,104.03,95.26,100.97,14748160,130.07,116.68,85.19,138.82,138.82,11.67,40.69,0,,85.74,,,0,,,0,,,,
2008-11-03,104.44,112.04,104.04,108.01,14041135,129.93,116.12,85.19,138.82,138.82,11.63,46.63,0,,90.31,,,0,,,0,,,,
2008-11-04,107.61,116.38,104.46,114.87,17551300,129.76,115.96,85.19,138.82,138.82,11.65,51.7,0,,94.72,,,0,,,0,,,,
2008-11-05,116.92,121.03,106.24,108.33,18841285,129.5,115.52,85.19,138.82,138.82,11.87,47.1,0,,90.35,,,0,,,0,,,,
2008-11-06,105.82,109.57,99.09,104.51,14708505,129.25,114.77,85.19,138.82,138.82,11.77,44.61,0,,87.96,,,0,,,0,,,,
2008-11-07,104.03,107.43,98.13,104.31,18138005,128.99,114.03,85.19,130.34,138.82,11.6,44.47,0,,87.95,,,0,,,0,,,,
2008-11-10,106.62,109.95,103.72,109.21,14198950,128.78,113.58,85.19,130.34,130.34,11.21,48.52,0,,91.36,,,0,,,0,,,,
2008-11-11,107.61,108.15,100.44,101.17,10869725,128.6,112.71,85.19,130.34,130.34,11.04,42.99,0,,86.29,,,0,,,0,,,,
2008-11-12,100.26,102.18,93.83,94.22,13449920,128.34,111.54,85.19,130.34,130.34,10.85,38.86,0,,81.94,,,0,,,0,,,,
2008-11-14,96.85,99.43,87.35,88.41,23297860,128.04,110.27,85.19,121.03,130.34,10.93,35.77,0,,78.13,,,0,,,0,,,,
2008-11-17,89.28,89.66,77.32,81.74,4986675,127.74,108.98,77.32,121.03,121.03,11.03,32.57,0,,71.14,,,0,,,0,,,,
2008-11-18,81.07,81.07,76.23,78.51,20776800,127.37,107.29,76.23,121.03,121.03,10.64,31.12,0,,68.96,,,0,,,0,,,,
2008-11-19,76.23,83.27,75.53,76.68,23260910,126.98,105.45,75.53,121.03,121.03,10.43,30.29,0,,67.68,,,0,,,0,,,,
2008-11-20,75.15,75.15,70.72,72.83,4448665,126.52,103.68,70.72,121.03,121.03,10.11,28.58,0,,63.81,,,0,,,0,,,,
2008-11-21,75.15,75.78,68.8,73.8,27107865,126.09,102.09,68.8,121.03,121.03,9.89,29.66,0,,63.94,,,0,,,0,,,,
2008-11-24,73.36,75.33,70.28,71.3,17989185,125.66,100.38,68.8,121.03,121.03,9.54,28.46,0,,62.56,,,0,,,0,,,,
2008-11-25,74.4,75.1,65.82,67.54,18747520,125.19,98.76,65.82,121.03,121.03,9.53,26.72,0,,59.15,,,0,,,0,,,,
2008-11-26,68.14,75.01,65.0,72.54,27816490,124.74,97.88,65.0,121.03,121.03,9.56,32.63,0,,62.08,,,0,,,0,,,,
2008-11-27,72.54,72.54,72.54,72.54,0,124.25,96.35,65.0,121.03,121.03,8.88,32.63,0,,62.54,,,0,,,0,,,,
2008-11-28,68.51,74.61,63.22,73.27,20299850,123.69,94.97,63.22,121.03,121.03,9.06,33.54,0,,62.29,,,0,,,0,,,,
2008-12-01,73.98,78.32,73.2,74.08,29906195,123.11,93.74,63.22,121.03,121.03,8.78,34.59,0,,63.0,,,0,,,0,,,,
2008-12-02,73.18,77.97,69.63,76.96,25024930,122.55,92.58,63.22,121.03,121.03,8.74,38.33,0,,64.88,,,0,,,0,,,,
2008-12-03,78.02,78.9,75.76,77.79,18239230,122.01,91.47,63.22,121.03,121.03,8.34,39.41,0,,65.69,,,0,,,0,,,,
2008-12-04,78.83,83.36,77.66,81.64,24519495,121.47,90.49,63.22,109.95,121.03,8.15,44.27,0,,68.29,,,0,,,0,,,,
2008-12-05,81.97,85.19,78.92,79.46,20811295,120.91,89.22,63.22,109.95,109.95,8.02,42.2,0,,66.98,,,0,,,0,,,,
2008-12-08,82.5,83.94,80.35,81.06,13395505,120.33,88.15,63.22,109.95,109.95,7.77,44.26,0,,68.18,,,0,,,0,,,,
2008-12-10,82.04,83.58,78.58,83.01,23207005,119.78,87.19,63.22,108.15,109.95,7.57,46.74,0,,69.57,,,0,,,0,,,,
2008-12-11,83.49,85.91,79.71,81.97,16993035,119.22,86.7,63.22,102.18,108.15,7.47,45.57,0,,68.96,,,0,,,0,,,,
2008-12-12,80.66,84.91,78.13,84.08,14953785,118.66,86.31,63.22,99.43,102.18,7.42,48.39,0,,70.36,,,0,,,0,,,,
2008-12-15,85.77,88.31,85.19,87.2,12927955,118.11,86.07,63.22,89.66,99.43,7.19,52.31,0,,72.52,,,0,,,0,,,,
2008-12-16,86.99,90.81,85.78,89.82,14824720,117.63,85.7,63.22,90.81,89.66,7.04,55.38,0,,74.31,,,0,,,0,,,,
2008-12-17,90.4,93.26,88.25,89.25,15602940,117.2,85.07,63.22,93.26,90.81,6.89,54.56,0,,74.04,,,0,,,0,,,,
2008-12-18,88.78,97.39,88.78,96.35,18393845,116.85,84.45,63.22,97.39,93.26,7.02,62.11,0,,78.54,,,0,,,0,,,,
2008-12-19,96.8,100.8,95.28,97.93,17593185,116.46,84.11,63.22,100.8,97.39,6.91,63.56,0,,79.63,,,0,,,0,,,,
2008-12-22,98.59,99.87,94.8,96.4,10367845,116.07,83.84,69.63,100.8,100.8,6.78,61.12,0,,80.87,,,0,,,0,,,,
2008-12-23,95.61,97.37,88.02,89.59,17050730,115.65,83.34,69.63,100.8,100.8,6.96,51.62,0,,76.35,,,0,,,0,,,,
2008-12-24,88.78,89.32,86.27,88.02,14320735,115.17,82.64,75.76,100.8,100.8,6.7,49.7,0,,77.56,,,0,,,0,,,,
2008-12-26,88.14,91.65,85.6,86.59,10758190,114.68,82.15,77.66,100.8,100.8,6.66,47.95,0,,77.3,,,0,,,0,,,,
2008-12-29,86.09,90.0,83.94,88.77,13604755,114.24,81.97,78.13,100.8,100.8,6.61,50.79,0,,78.89,,,0,,,0,,,,
2008-12-30,89.05,93.16,88.6,91.52,14290435,113.82,82.07,78.13,100.8,100.8,6.47,54.19,0,,80.76,,,0,,,0,,,,
2008-12-31,93.21,93.44,89.61,90.52,12477375,113.43,82.37,78.13,100.8,100.8,6.28,52.76,0,,80.24,,,0,,,0,,,,
2009-01-02,93.62,98.2,92.78,97.19,14261265,113.12,82.99,78.13,100.8,100.8,6.38,60.28,0,,84.48,,,0,,,0,,,,
2009-01-05,98.56,101.3,98.56,100.46,9165605,112.88,83.78,78.13,101.3,100.8,6.22,63.35,0,,86.7,,,0,,,0,,,,
2009-01-06,100.62,103.49,98.9,102.19,12893855,112.68,84.76,83.94,103.49,101.3,6.1,64.9,0,,89.83,,,0,,,0,,,,
2009-01-07,102.95,103.2,92.37,93.64,10571555,112.33,85.42,83.94,103.49,103.49,6.44,52.98,0,,84.09,,,0,,,0,,,,
2009-01-09,91.11,96.91,85.19,87.27,25173105,111.98,85.96,83.94,103.49,103.49,6.82,46.18,0,,79.73,,,0,,,0,,,,
2009-01-12,87.88,88.75,79.81,81.01,22546950,111.57,86.4,79.81,103.49,103.49,6.97,40.65,0,,74.21,,,0,,,0,,,,
2009-01-13,79.28,83.4,77.66,78.97,15257915,111.2,86.62,77.66,103.49,103.49,6.88,39.02,0,,72.24,,,0,,,0,,,,
2009-01-14,80.71,81.96,78.56,80.6,12034855,110.83,86.89,77.66,103.49,103.49,6.63,41.06,0,,73.45,,,0,,,0,,,,
2009-01-15,77.12,78.63,75.51,77.85,11930135,110.47,87.04,75.51,103.49,103.49,6.52,38.7,0,,71.04,,,0,,,0,,,,
2009-01-16,80.48,80.89,78.2,79.55,9286470,110.08,87.22,75.51,103.49,103.49,6.27,40.96,0,,72.3,,,0,,,0,,,,
2009-01-19,80.51,80.71,77.4,78.61,7942585,109.69,87.28,75.51,103.49,103.49,6.06,40.08,0,,71.83,,,0,,,0,,,,
2009-01-20,77.07,77.07,74.72,75.76,6111545,109.36,87.21,74.72,103.49,103.49,5.91,37.46,0,,69.83,,,0,,,0,,,,
2009-01-21,72.74,76.76,72.46,73.12,10361190,109.03,86.93,72.46,103.49,103.49,5.79,35.16,0,,67.46,,,0,,,0,,,,
2009-01-22,73.63,75.51,72.33,74.62,8445315,108.69,86.76,72.33,103.49,103.49,5.6,37.51,0,,68.5,,,0,,,0,,,,
2009-01-23,73.54,75.13,68.17,68.93,14467735,108.29,86.36,68.17,103.49,103.49,5.7,32.68,0,,63.38,,,0,,,0,,,,
2009-01-27,70.84,72.59,68.74,70.8,8791605,107.92,85.95,68.17,103.49,103.49,5.57,35.61,0,,64.68,,,0,,,0,,,,
2009-01-28,71.56,77.03,71.2,75.84,26017380,107.55,85.75,68.17,103.49,103.49,5.62,42.84,0,,67.9,,,0,,,0,,,,
2009-01-29,77.12,79.81,76.42,78.14,15203530,107.12,85.55,68.17,103.49,103.49,5.5,45.83,0,,69.46,,,0,,,0,,,,
2009-01-30,77.84,78.74,75.09,77.79,10647140,106.74,85.24,68.17,103.49,103.49,5.37,45.44,0,,69.32,,,0,,,0,,,,
2009-02-02,77.66,77.66,70.15,71.36,10987800,106.36,84.62,68.17,103.49,103.49,5.53,38.9,0,,65.06,,,0,,,0,,,,
2009-02-03,72.28,74.38,70.31,70.94,10959425,105.99,84.01,68.17,103.49,103.49,5.42,38.51,0,,64.86,,,0,,,0,,,,
2009-02-04,72.46,73.51,70.49,70.87,9570105,105.63,83.16,68.17,103.49,103.49,5.25,38.44,0,,64.93,,,0,,,0,,,,
2009-02-05,71.11,71.56,68.87,70.36,10099535,105.28,82.24,68.17,103.2,103.49,5.07,37.91,0,,64.73,,,0,,,0,,,,
2009-02-06,70.31,72.98,70.31,72.28,8293960,104.95,81.44,68.17,96.91,103.2,4.9,41.22,0,,66.08,,,0,,,0,,,,
2009-02-09,73.46,76.23,72.89,75.77,12410810,104.64,80.98,68.17,88.75,96.91,4.83,46.77,0,,68.37,,,0,,,0,,,,
2009-02-10,76.23,78.02,74.61,75.51,11356660,104.39,80.56,68.17,83.4,88.75,4.73,46.42,0,,68.27,,,0,,,0,,,,
2009-02-11,73.59,77.81,73.04,77.29,13429835,104.18,80.25,68.17,81.96,83.4,4.73,49.23,0,,69.42,,,0,,,0,,,,
2009-02-12,76.41,78.02,76.24,77.21,12343235,103.99,79.87,68.17,80.89,81.96,4.52,49.11,0,,69.51,,,0,,,0,,,,
2009-02-13,78.38,79.71,78.2,78.99,8345915,103.76,79.45,68.17,80.89,80.89,4.38,52.03,0,,70.75,,,0,,,0,,,,
2009-02-16,78.92,78.92,73.72,75.11,9084555,103.56,78.93,68.74,80.71,80.89,4.44,45.86,0,,68.4,,,0,,,0,,,,
2009-02-17,73.63,74.16,70.5,71.59,13144880,103.32,78.08,68.87,79.81,80.71,4.45,41.1,0,,66.16,,,0,,,0,,,,
2009-02-18,70.67,72.35,69.05,70.71,11209755,103.07,77.09,68.87,79.81,79.81,4.37,39.98,0,,65.65,,,0,,,0,,,,
2009-02-19,71.02,72.46,69.06,69.67,10887215,102.81,76.01,68.87,79.81,79.81,4.3,38.64,0,,65.03,,,0,,,0,,,,
2009-02-20,69.05,69.05,66.0,66.85,10274755,102.46,75.11,66.0,79.81,79.81,4.26,35.2,0,,62.28,,,0,,,0,,,,
2009-02-24,66.0,66.35,63.67,65.22,12938465,102.08,74.38,63.67,79.81,79.81,4.18,33.36,0,,60.5,,,0,,,0,,,,
2009-02-25,66.18,67.4,65.22,65.65,11110095,101.72,73.87,63.67,79.81,79.81,4.04,34.33,0,,60.88,,,0,,,0,,,,
2009-02-26,64.57,65.64,61.52,62.11,16328155,101.38,73.3,61.52,79.81,79.81,4.04,30.38,0,,57.87,,,0,,,0,,,,
2009-02-27,62.74,63.29,60.4,62.4,15414885,101.08,72.7,60.4,79.71,79.81,3.96,31.08,0,,57.74,,,0,,,0,,,,
2009-03-02,61.52,61.52,57.27,57.95,16340390,100.77,72.03,57.27,79.71,79.71,4.04,26.65,0,,53.77,,,0,,,0,,,,
2009-03-03,57.75,59.86,56.53,58.27,22533445,100.4,71.32,56.53,79.71,79.71,3.99,27.45,0,,53.77,,,0,,,0,,,,
2009-03-04,61.77,61.77,57.29,57.78,19491745,99.96,70.63,56.53,79.71,79.71,4.03,26.96,0,,53.43,,,0,,,0,,,,
2009-03-05,59.19,60.26,53.15,53.93,25961390,99.49,69.9,53.15,79.71,79.71,4.25,23.45,0,,49.67,,,0,,,0,,,,
2009-03-06,52.37,55.35,51.4,52.9,43328785,98.96,69.23,51.4,79.71,79.71,4.23,22.6,0,,48.44,,,0,,,0,,,,
2009-03-09,52.48,53.21,49.91,50.47,18064455,98.38,68.42,49.91,79.71,79.71,4.16,20.7,0,,46.42,,,0,,,0,,,,
2009-03-12,52.01,55.16,50.88,54.61,26269915,97.84,67.95,49.91,79.71,79.71,4.2,31.31,0,,49.06,,,0,,,0,,,,
2009-03-13,55.71,60.0,55.71,59.17,21907730,97.38,67.56,49.91,79.71,79.71,4.28,40.71,0,,51.95,,,0,,,0,,,,
2009-03-16,59.19,63.4,58.36,61.44,29074100,96.96,67.08,49.91,79.71,79.71,4.34,44.77,0,,53.37,,,0,,,0,,,,
2009-03-17,61.7,62.4,57.59,58.38,25643115,96.61,66.42,49.91,79.71,79.71,4.37,40.72,0,,51.38,,,0,,,0,,,,
2009-03-18,58.83,62.24,58.83,61.11,24488485,96.2,65.86,49.91,78.92,79.71,4.33,45.46,0,,53.16,,,0,,,0,,,,
2009-03-19,61.87,65.1,61.34,64.21,28018705,95.85,65.62,49.91,74.16,78.92,4.31,50.31,0,,55.18,,,0,,,0,,,,
2009-03-20,63.85,64.68,58.59,61.41,24455430,95.44,65.31,49.91,72.46,74.16,4.44,46.3,0,,53.29,,,0,,,0,,,,
2009-03-23,63.47,67.6,62.34,67.02,24043910,95.05,65.18,49.91,72.46,72.46,4.56,54.17,0,,56.82,,,0,,,0,,,,
2009-03-24,67.43,71.65,65.49,66.71,30446405,94.58,65.06,49.91,71.65,72.46,4.68,53.71,0,,56.55,,,0,,,0,,,,
2009-03-25,68.12,72.64,66.97,71.4,32500610,94.17,65.03,49.91,72.64,71.65,4.77,59.42,0,,59.51,,,0,,,0,,,,
2009-03-26,73.72,76.64,72.46,75.58,38050440,93.78,65.02,49.91,76.64,72.64,4.8,63.73,0,,62.19,,,0,,,0,,,,
2009-03-27,76.05,78.0,75.08,77.31,28983670,93.42,65.08,49.91,78.0,76.64,4.67,65.36,0,,63.39,,,0,,,0,,,,
2009-03-30,75.71,76.67,70.07,71.2,25336185,92.98,64.88,49.91,78.0,78.0,4.85,55.79,0,,59.33,,,0,,,0,,,,
2009-03-31,72.1,76.01,67.37,74.42,48698815,92.62,64.79,49.91,78.0,78.0,5.12,59.18,0,,61.22,,,0,,,0,,,,
2009-04-01,75.33,75.67,71.76,75.0,26359915,92.25,64.65,50.88,78.0,78.0,5.03,59.78,0,,61.98,,,0,,,0,,,,
2009-04-02,75.54,80.53,75.54,78.84,20519345,91.94,64.78,55.71,80.53,78.0,5.07,63.59,0,,66.04,,,0,,,0,,,,
2009-04-06,81.61,83.22,76.44,78.06,27773380,91.63,64.99,57.59,83.22,80.53,5.19,62.3,0,,66.08,,,0,,,0,,,,
2009-04-08,77.12,80.66,71.99,79.55,29217355,91.35,65.29,57.59,83.22,83.22,5.44,63.81,0,,66.88,,,0,,,0,,,,
2009-04-09,82.5,83.97,78.02,79.92,39840680,91.08,65.63,58.59,83.97,83.22,5.48,64.19,0,,67.43,,,0,,,0,,,,
2009-04-13,80.75,84.39,80.75,82.84,24256575,90.85,66.16,58.59,84.39,83.97,5.4,67.15,0,,69.36,,,0,,,0,,,,
2009-04-15,81.61,92.37,78.21,90.43,33801615,90.64,67.0,58.59,92.37,84.39,6.03,73.32,0,,73.84,,,0,,,0,,,,
2009-04-16,91.85,92.52,82.71,84.67,34495165,90.39,67.64,62.34,92.52,92.37,6.3,63.56,0,,71.19,,,0,,,0,,,,
2009-04-17,84.66,91.83,84.66,90.26,28751055,90.18,68.57,65.49,92.52,92.52,6.36,68.01,0,,75.81,,,0,,,0,,,,
2009-04-20,92.37,95.04,89.39,91.44,31980195,89.98,69.54,66.97,95.04,92.52,6.31,68.88,0,,77.09,,,0,,,0,,,,
2009-04-21,89.68,89.68,85.62,88.59,47872470,89.76,70.56,67.37,95.04,95.04,6.28,64.36,0,,75.41,,,0,,,0,,,,
2009-04-22,89.5,91.45,83.68,84.68,33008015,89.46,71.44,67.37,95.04,95.04,6.38,58.66,0,,72.82,,,0,,,0,,,,
2009-04-23,85.52,91.46,83.01,90.05,32260005,89.2,72.52,67.37,95.04,95.04,6.53,63.45,0,,76.19,,,0,,,0,,,,
2009-04-24,90.66,96.12,90.22,94.99,34622540,88.92,73.89,67.37,96.12,95.04,6.5,67.2,0,,79.39,,,0,,,0,,,,
2009-04-27,93.26,100.98,92.07,99.99,33410170,88.71,75.46,71.76,100.98,96.12,6.67,70.51,1,99.99,83.97,83.97,83.97,1,9,2009-04-27,0,,,,
2009-04-28,99.0,102.23,94.16,95.18,32536260,88.53,76.95,71.99,102.23,100.98,6.77,63.84,0,,80.87,,83.97,1,9,2009-04-27,0,,,,
2009-04-29,96.13,101.12,95.92,99.95,24840940,88.34,78.46,71.99,102.23,102.23,6.71,67.16,0,,83.99,,83.99,1,9,2009-04-27,0,,,,
2009-04-30,99.95,99.95,99.95,99.95,0,88.16,79.82,71.99,102.23,102.23,6.23,67.16,0,,84.31,,84.31,1,9,2009-04-27,0,,,,
2009-05-04,103.13,109.77,102.61,109.29,23971715,88.04,81.41,78.02,109.77,102.23,6.49,72.82,1,109.29,92.17,92.17,92.17,1,9,2009-04-27,0,,,,
2009-05-05,111.2,115.32,107.79,112.52,32932980,87.95,83.22,78.21,115.32,109.77,6.56,74.46,0,,94.27,,94.27,1,9,2009-04-27,0,,,,
2009-05-06,113.89,113.89,106.41,108.56,26688150,87.84,84.8,78.21,115.32,115.32,6.63,68.97,0,,91.67,,94.27,1,9,2009-04-27,0,,,,
2009-05-07,109.86,112.78,109.41,112.05,13826565,87.8,86.4,82.71,115.32,115.32,6.46,71.0,0,,95.54,,95.54,1,9,2009-04-27,0,,,,
2009-05-08,111.74,112.45,106.77,108.91,13939875,87.7,87.98,83.01,115.32,115.32,6.4,66.76,0,,93.65,,95.54,1,9,2009-04-27,0,,,,
2009-05-11,109.96,113.42,108.12,111.26,24579045,87.64,89.45,83.01,115.32,115.32,6.32,68.29,0,,95.22,,95.54,1,9,2009-04-27,0,,,,
2009-05-12,113.07,121.94,110.33,119.99,29413830,87.63,91.23,83.01,121.94,115.32,6.7,73.2,1,119.99,100.6,100.6,100.6,1,9,2009-04-27,0,,,,
2009-05-13,118.2,124.11,118.2,120.47,30724895,87.59,92.86,83.01,124.11,121.94,6.64,73.45,0,,100.94,,100.94,1,9,2009-04-27,0,,,,
2009-05-14,119.98,119.98,113.52,116.08,32466810,87.52,94.22,83.01,124.11,124.11,6.66,67.41,0,,98.1,,100.94,1,9,2009-04-27,0,,,,
2009-05-15,123.81,123.81,117.38,120.09,21272620,87.5,95.64,90.22,124.11,124.11,6.74,69.85,0,,103.04,,103.04,1,9,2009-04-27,0,,,,
2009-05-18,132.91,148.93,132.11,141.72,344055,87.6,97.99,92.07,148.93,124.11,8.32,78.98,1,141.72,116.55,116.55,116.55,1,9,2009-04-27,0,,,,
2009-05-19,147.11,148.93,136.73,139.24,33476630,87.66,100.15,94.16,148.93,148.93,8.6,76.13,0,,115.47,,116.55,1,9,2009-04-27,0,,,,
2009-05-20,123.2,144.24,123.2,132.64,20969380,87.7,102.07,95.92,148.93,148.93,9.49,69.0,0,,111.2,,116.55,1,9,2009-04-27,0,,,,
2009-05-21,133.64,137.92,131.11,134.04,21361885,87.79,103.91,99.95,148.93,148.93,9.29,69.65,0,,113.58,,116.55,1,9,2009-04-27,0,,,,
2009-05-22,134.36,139.83,131.32,138.89,17808785,87.86,105.94,102.61,148.93,148.93,9.24,71.85,0,,117.63,,117.63,1,9,2009-04-27,0,,,,
2009-05-25,139.46,141.81,137.21,140.92,10168035,87.92,107.99,106.41,148.93,148.93,8.91,72.74,0,,120.43,,120.43,1,9,2009-04-27,0,,,,
2009-05-26,139.33,141.65,134.69,135.59,10305420,87.98,109.84,106.41,148.93,148.93,8.77,66.77,0,,117.08,,120.43,1,9,2009-04-27,0,,,,
2009-05-27,136.9,145.91,136.9,145.24,13082480,88.14,111.92,106.77,148.93,148.93,8.88,71.36,0,,123.35,,123.35,1,9,2009-04-27,0,,,,
2009-05-28,145.47,147.47,140.44,142.38,23055335,88.27,113.65,106.77,148.93,148.93,8.75,68.35,0,,121.59,,123.35,1,9,2009-04-27,0,,,,
2009-05-29,143.83,147.84,140.41,141.82,17248740,88.45,115.56,108.12,148.93,148.93,8.65,67.74,0,,121.75,,123.35,1,9,2009-04-27,0,,,,
2009-06-01,144.01,147.47,132.91,135.05,24724190,88.69,117.05,110.33,148.93,148.93,9.07,60.77,0,,117.83,,123.35,1,9,2009-04-27,0,,,,
2009-06-02,140.15,140.92,127.88,131.07,31624890,88.77,118.37,113.52,148.93,148.93,9.36,57.05,0,,116.14,,123.35,1,9,2009-04-27,0,,,,
2009-06-03,132.94,134.91,129.27,130.54,19962660,88.88,119.77,113.52,148.93,148.93,9.09,56.55,0,,115.98,,123.35,1,9,2009-04-27,0,,,,
2009-06-04,131.09,134.73,127.08,133.79,24609075,89.03,121.41,117.38,148.93,148.93,8.99,58.91,0,,119.43,,123.35,1,9,2009-04-27,0,,,,
2009-06-05,137.41,137.41,132.91,134.46,19200860,89.18,122.89,123.2,148.93,148.93,8.67,59.4,0,,122.01,,123.35,1,9,2009-04-27,0,,,,
2009-06-08,134.73,135.46,125.81,127.12,11250630,89.29,123.96,123.2,148.93,148.93,8.74,52.08,0,,117.23,,123.35,1,9,2009-04-27,0,,,,
2009-06-09,127.45,133.61,120.56,132.19,14054955,89.43,125.03,120.56,148.93,148.93,9.05,56.1,0,,119.42,,123.35,1,9,2009-04-27,1,123.35,TRAILING_STOP,31,23.36
2009-06-10,134.0,137.95,133.09,137.0,17477915,89.56,126.43,120.56,148.93,148.93,8.81,59.57,0,,122.68,,,0,,,0,,,,
2009-06-11,139.28,139.28,130.72,132.29,12514795,89.68,127.51,120.56,148.93,148.93,8.79,54.99,0,,119.65,,,0,,,0,,,,
2009-06-12,133.82,135.63,127.1,128.13,16276170,89.79,128.44,120.56,148.93,148.93,8.78,51.24,0,,116.98,,,0,,,0,,,,
2009-06-15,126.54,134.11,125.26,130.8,18093935,90.02,129.16,120.56,148.93,148.93,8.78,53.43,0,,118.7,,,0,,,0,,,,
2009-06-16,127.63,139.28,127.26,138.31,16782095,90.3,130.02,120.56,147.84,148.93,9.01,59.02,0,,123.39,,,0,,,0,,,,
2009-06-17,139.28,140.7,129.82,131.38,15788970,90.55,130.78,120.56,147.84,147.84,9.15,52.73,0,,118.83,,,0,,,0,,,,
2009-06-18,132.36,136.73,127.26,133.45,19976485,90.77,131.5,120.56,147.84,147.84,9.17,54.3,0,,120.15,,,0,,,0,,,,
2009-06-19,135.28,138.92,131.47,137.67,13313595,90.96,132.45,120.56,147.84,147.84,9.05,57.4,0,,122.95,,,0,,,0,,,,
2009-06-22,138.38,142.38,137.46,139.43,16808720,91.13,133.39,120.56,147.84,147.84,8.75,58.66,0,,124.28,,,0,,,0,,,,
2009-06-23,136.53,137.42,131.71,136.43,12273510,91.32,133.94,120.56,147.84,147.84,8.68,55.64,0,,122.4,,,0,,,0,,,,
2009-06-24,137.46,140.72,134.43,139.98,10367460,91.55,134.59,120.56,147.84,147.84,8.51,58.37,0,,124.8,,,0,,,0,,,,
2009-06-25,142.01,144.01,139.7,141.75,15752820,91.8,135.45,120.56,147.84,147.84,8.21,59.7,0,,126.14,,,0,,,0,,,,
2009-06-26,142.9,149.66,142.01,148.94,15000375,92.07,136.41,120.56,149.66,147.84,8.19,64.65,1,148.94,130.8,130.8,130.8,1,10,2009-06-26,0,,,,
2009-06-29,149.29,163.86,148.97,157.95,32608910,92.44,136.95,120.56,163.86,149.66,8.67,69.67,0,,136.29,,136.29,1,10,2009-06-26,0,,,,
2009-06-30,158.76,161.67,150.03,151.52,25420550,92.83,137.36,125.26,163.86,163.86,8.88,62.81,0,,133.56,,136.29,1,10,2009-06-26,0,,,,
2009-07-01,152.57,160.2,151.14,158.29,21537575,93.29,138.21,125.26,163.86,163.86,8.89,66.55,0,,137.92,,137.92,1,10,2009-06-26,0,,,,
2009-07-02,159.31,160.75,152.32,155.43,14245515,93.78,138.93,125.26,163.86,163.86,8.86,63.64,0,,136.1,,137.92,1,10,2009-06-26,0,,,,
2009-07-03,154.23,159.49,152.46,159.01,13096050,94.32,139.6,125.26,163.86,163.86,8.73,65.66,0,,138.5,,138.5,1,10,2009-06-26,0,,,,
2009-07-06,160.24,161.13,142.3,144.63,15059295,94.77,139.72,127.26,163.86,163.86,9.45,52.93,0,,129.41,,138.5,1,10,2009-06-26,0,,,,
2009-07-07,145.29,150.39,144.74,148.7,18469900,95.28,140.16,127.26,163.86,163.86,9.19,55.55,0,,132.21,,138.5,1,10,2009-06-26,0,,,,
2009-07-08,145.87,148.57,140.47,143.2,18125845,95.74,140.09,127.26,163.86,163.86,9.12,51.38,0,,128.71,,138.5,1,10,2009-06-26,0,,,,
2009-07-09,141.35,145.11,135.66,139.27,18816840,96.2,139.99,131.47,163.86,163.86,9.14,48.57,0,,127.56,,138.5,1,10,2009-06-26,1,138.5,TRAILING_STOP,10,-7.01
2009-07-10,140.19,143.29,132.2,134.41,14993220,96.64,139.74,131.71,163.86,163.86,9.28,45.28,0,,124.41,,,0,,,0,,,,
2009-07-13,130.91,140.43,128.74,137.53,34698180,97.07,139.82,128.74,163.86,163.86,9.45,47.73,0,,125.32,,,0,,,0,,,,
2009-07-14,141.65,142.92,136.29,138.95,27239740,97.52,140.08,128.74,163.86,163.86,9.25,48.85,0,,126.37,,,0,,,0,,,,
2009-07-15,140.56,145.6,138.55,143.6,20832595,97.99,140.52,128.74,163.86,163.86,9.09,52.45,0,,129.47,,,0,,,0,,,,
2009-07-16,147.17,149.29,142.74,145.41,14861170,98.46,140.91,128.74,163.86,163.86,8.91,53.82,0,,130.76,,,0,,,0,,,,
2009-07-17,146.93,156.12,146.02,154.96,17768720,98.98,141.59,128.74,163.86,163.86,9.04,60.29,0,,136.84,,,0,,,0,,,,
2009-07-20,167.28,167.28,148.68,161.37,13151900,99.54,142.73,128.74,167.28,163.86,9.72,63.94,0,,140.51,,,0,,,0,,,,
2009-07-21,163.3,163.3,156.59,161.02,14827250,100.07,143.69,128.74,167.28,167.28,9.51,63.6,0,,140.43,,,0,,,0,,,,
2009-07-22,167.26,167.26,155.13,156.7,14935550,100.58,144.35,128.74,167.28,167.28,9.7,59.35,0,,137.52,,,0,,,0,,,,
2009-07-23,159.31,163.44,158.58,162.76,14716965,101.13,145.37,128.74,167.28,167.28,9.48,63.08,0,,141.57,,,0,,,0,,,,
2009-07-24,162.76,165.12,160.22,162.76,12315760,101.66,146.52,128.74,167.28,167.28,9.16,63.08,0,,141.79,,,0,,,0,,,,
2009-07-27,163.86,172.84,160.24,170.84,17416115,102.25,147.85,128.74,172.84,167.28,9.4,67.66,1,170.84,146.84,146.84,146.84,1,11,2009-07-27,0,,,,
2009-07-28,171.32,177.41,166.65,174.16,19645560,102.85,149.05,128.74,177.41,172.84,9.5,69.34,0,,148.91,,148.91,1,11,2009-07-27,0,,,,
2009-07-29,167.98,172.29,162.47,167.06,15702450,103.38,150.24,128.74,177.41,177.41,9.66,61.92,0,,144.23,,148.91,1,11,2009-07-27,0,,,,
2009-07-30,166.59,170.05,163.31,167.61,12096110,103.9,151.38,128.74,177.41,177.41,9.45,62.26,0,,144.72,,148.91,1,11,2009-07-27,0,,,,
2009-07-31,171.14,172.51,165.32,166.98,11548155,104.42,152.35,128.74,177.41,177.41,9.29,61.58,0,,144.42,,148.91,1,11,2009-07-27,0,,,,
2009-08-03,167.59,169.16,166.04,167.82,8999855,104.9,153.3,136.29,177.41,177.41,8.85,62.17,0,,147.78,,148.91,1,11,2009-07-27,0,,,,
2009-08-04,168.59,168.78,161.24,162.89,11921345,105.33,154.18,138.55,177.41,177.41,8.75,56.7,0,,145.41,,148.91,1,11,2009-07-27,0,,,,
2009-08-05,163.13,163.31,153.86,155.09,23342860,105.72,154.69,142.74,177.41,177.41,8.8,49.31,0,,141.74,,148.91,1,11,2009-07-27,0,,,,
2009-08-06,155.12,158.26,152.57,153.96,23236730,106.15,155.09,146.02,177.41,177.41,8.58,48.32,0,,142.26,,148.91,1,11,2009-07-27,0,,,,
2009-08-07,153.66,154.56,147.47,148.32,17198460,106.55,155.07,147.47,177.41,177.41,8.47,43.65,0,,139.17,,148.91,1,11,2009-07-27,1,148.91,TRAILING_STOP,10,-12.83
2009-08-10,150.02,154.7,145.09,153.54,31452505,107.0,154.93,145.09,177.41,177.41,8.56,48.6,0,,141.69,,,0,,,0,,,,
2009-08-11,153.48,159.67,152.57,158.38,26039820,107.46,155.16,145.09,177.41,177.41,8.45,52.76,0,,144.88,,,0,,,0,,,,
2009-08-12,154.76,159.49,152.82,158.47,15520775,107.91,155.16,145.09,177.41,177.41,8.32,52.83,0,,145.03,,,0,,,0,,,,
2009-08-13,159.31,161.86,157.87,159.74,15509915,108.37,155.3,145.09,177.41,177.41,8.01,53.96,0,,146.05,,,0,,,0,,,,
2009-08-14,160.22,160.22,155.68,158.42,8622910,108.78,155.28,145.09,177.41,177.41,7.77,52.55,0,,145.37,,,0,,,0,,,,
2009-08-17,155.12,157.31,150.04,150.76,11611480,109.11,155.49,145.09,177.41,177.41,7.81,45.18,0,,140.4,,,0,,,0,,,,
2009-08-18,150.2,153.66,149.0,151.32,12173770,109.44,155.58,145.09,177.41,177.41,7.59,45.78,0,,140.91,,,0,,,0,,,,
2009-08-19,152.03,152.39,147.21,149.46,12269460,109.81,155.79,145.09,177.41,177.41,7.41,44.06,0,,139.82,,,0,,,0,,,,
2009-08-20,150.48,154.57,149.23,153.91,11182475,110.26,156.27,145.09,177.41,177.41,7.27,49.0,0,,142.79,,,0,,,0,,,,
2009-08-21,153.81,161.44,151.71,160.66,17649365,110.79,157.15,145.09,177.41,177.41,7.44,55.43,0,,147.03,,,0,,,0,,,,
2009-08-24,162.59,166.23,162.4,165.63,11827765,111.37,158.08,145.09,177.41,177.41,7.31,59.48,0,,150.32,,,0,,,0,,,,
2009-08-25,164.93,167.86,162.69,166.86,12068115,111.94,159.02,145.09,172.51,177.41,7.15,60.44,0,,151.22,,,0,,,0,,,,
2009-08-26,167.31,170.41,167.05,169.9,11168425,112.56,159.89,145.09,172.51,172.51,6.9,62.78,0,,153.35,,,0,,,0,,,,
2009-08-27,167.51,170.94,166.59,168.0,9633505,113.15,160.65,145.09,172.51,172.51,6.72,60.38,0,,152.25,,,0,,,0,,,,
2009-08-28,166.68,168.74,164.16,167.29,7175650,113.74,161.06,145.09,170.94,172.51,6.56,59.46,0,,151.89,,,0,,,0,,,,
2009-08-31,165.13,166.23,162.95,164.82,7340140,114.33,161.17,147.21,170.94,170.94,6.4,56.26,0,,151.11,,,0,,,0,,,,
2009-09-01,166.41,168.23,160.58,162.53,8174465,114.93,161.22,147.21,170.94,170.94,6.49,53.39,0,,149.57,,,0,,,0,,,,
2009-09-02,160.58,164.7,160.4,161.89,5921300,115.51,161.39,147.21,170.94,170.94,6.34,52.58,0,,149.26,,,0,,,0,,,,
2009-09-03,163.18,165.64,160.65,161.78,6336430,116.13,161.36,147.21,170.94,170.94,6.24,52.43,0,,149.26,,,0,,,0,,,,
2009-09-04,163.13,165.64,162.04,165.18,5533910,116.76,161.44,147.21,170.94,170.94,6.07,56.48,0,,151.56,,,0,,,0,,,,
2009-09-07,166.04,170.23,166.04,169.79,9136040,117.38,161.41,147.21,170.94,170.94,6.0,61.28,0,,154.59,,,0,,,0,,,,
2009-09-08,171.14,172.0,164.08,164.82,10767135,117.96,161.1,147.21,172.0,170.94,6.13,54.32,0,,151.29,,,0,,,0,,,,
2009-09-09,164.82,167.77,164.37,166.65,7107510,118.55,161.08,149.23,172.0,172.0,5.94,56.29,0,,153.27,,,0,,,0,,,,
2009-09-10,166.89,169.78,164.23,165.55,9966200,119.18,161.01,151.71,172.0,172.0,5.91,54.76,0,,153.41,,,0,,,0,,,,
2009-09-11,165.86,167.22,162.1,164.39,8573030,119.8,160.93,160.4,172.0,172.0,5.86,53.12,0,,155.59,,,0,,,0,,,,
2009-09-14,164.04,165.41,162.05,163.07,6935840,120.42,160.77,160.4,172.0,172.0,5.68,51.24,0,,154.86,,,0,,,0,,,,
2009-09-15,163.86,166.77,163.7,165.62,7985400,121.05,160.86,160.4,172.0,172.0,5.54,54.58,0,,156.6,,,0,,,0,,,,
2009-09-16,167.14,167.65,164.69,165.25,6108145,121.67,161.2,160.4,172.0,172.0,5.35,54.01,0,,156.49,,,0,,,0,,,,
2009-09-17,167.14,168.85,165.5,166.02,8664500,122.28,161.6,160.4,172.0,172.0,5.23,55.07,0,,157.07,,,0,,,0,,,,
2009-09-18,166.57,168.24,162.77,166.38,17216935,122.88,162.2,160.4,172.0,172.0,5.24,55.59,0,,157.29,,,0,,,0,,,,
2009-09-22,168.76,168.76,165.13,165.67,5788485,123.47,162.61,160.4,172.0,172.0,5.13,54.26,0,,156.9,,,0,,,0,,,,
2009-09-23,166.55,169.32,166.23,167.5,16761900,124.07,162.91,160.4,172.0,172.0,5.02,57.11,0,,158.16,,,0,,,0,,,,
2009-09-24,166.59,168.44,164.6,167.46,8509565,124.66,163.21,160.65,172.0,172.0,4.94,57.03,0,,158.27,,,0,,,0,,,,
2009-09-25,166.59,168.85,165.7,166.55,7096995,125.27,163.44,162.04,172.0,172.0,4.81,55.05,0,,158.23,,,0,,,0,,,,
2009-09-29,167.5,169.27,166.77,168.65,10005945,125.92,163.78,162.05,172.0,172.0,4.66,58.61,0,,159.69,,,0,,,0,,,,
2009-09-30,170.23,181.41,169.14,179.36,45237550,126.64,164.73,162.05,181.41,172.0,5.24,71.16,1,179.36,166.21,166.21,166.21,1,12,2009-09-30,0,,,,
2009-10-01,178.42,185.33,177.54,183.76,24119990,127.4,165.81,162.05,185.33,181.41,5.42,74.58,0,,168.93,,168.93,1,12,2009-09-30,0,,,,
2009-10-05,182.07,183.34,175.39,176.44,13516780,128.13,166.71,162.05,185.33,185.33,5.63,61.53,0,,164.07,,168.93,1,12,2009-09-30,0,,,,
2009-10-06,177.51,182.79,174.41,181.86,12104735,128.91,167.64,162.05,185.33,185.33,5.83,66.24,0,,167.43,,168.93,1,12,2009-09-30,0,,,,
2009-10-07,183.89,184.44,177.54,178.54,12198310,129.66,168.24,162.05,185.33,185.33,5.91,61.29,0,,165.24,,168.93,1,12,2009-09-30,0,,,,
2009-10-08,179.86,186.44,177.61,183.86,17050240,130.48,168.85,162.77,186.44,185.33,6.11,65.71,0,,168.77,,168.93,1,12,2009-09-30,0,,,,
2009-10-09,185.71,187.16,178.88,181.42,14735620,131.27,169.33,162.77,187.16,186.44,6.27,62.2,0,,167.09,,168.93,1,12,2009-09-30,0,,,,
2009-10-12,182.74,186.14,181.47,184.52,12621535,132.11,169.82,162.77,187.16,187.16,6.16,64.78,0,,169.17,,169.17,1,12,2009-09-30,0,,,,
2009-10-13,184.52,184.52,184.52,184.52,0,132.96,170.37,162.77,187.16,187.16,5.72,64.78,0,,169.46,,169.46,1,12,2009-09-30,0,,,,
2009-10-14,187.53,189.71,182.52,187.97,11479920,133.82,171.06,164.6,189.71,187.16,5.82,67.62,1,187.97,172.22,172.22,172.22,1,12,2009-09-30,0,,,,
2009-10-15,189.64,189.64,181.7,183.16,10499780,134.68,171.67,164.6,189.71,189.71,5.97,60.31,0,,169.02,,172.22,1,12,2009-09-30,0,,,,
2009-10-16,184.25,185.87,181.16,183.25,14230400,135.55,172.36,164.6,189.71,189.71,5.88,60.39,0,,169.14,,172.22,1,12,2009-09-30,0,,,,
2009-10-20,185.71,186.92,179.83,181.03,9070415,136.42,173.0,165.7,189.71,189.71,5.97,57.1,0,,168.02,,172.22,1,12,2009-09-30,0,,,,
2009-10-21,179.88,181.88,177.12,177.89,8743615,137.25,173.54,166.77,189.71,189.71,5.88,52.71,0,,166.41,,172.22,1,12,2009-09-30,0,,,,
2009-10-22,177.15,179.68,174.78,175.9,6598435,138.02,173.9,169.14,189.71,189.71,5.81,50.09,0,,165.96,,172.22,1,12,2009-09-30,0,,,,
2009-10-23,182.07,182.07,177.05,180.98,8304025,138.82,174.27,174.41,189.71,189.71,5.84,56.1,0,,170.98,,172.22,1,12,2009-09-30,0,,,,
2009-10-26,181.7,181.7,175.48,176.22,4460990,139.61,174.65,174.41,189.71,189.71,5.87,50.02,0,,167.89,,172.22,1,12,2009-09-30,0,,,,
2009-10-27,173.87,179.75,168.41,173.38,18034350,140.36,174.87,168.41,189.71,189.71,6.26,46.76,0,,163.8,,172.22,1,12,2009-09-30,1,172.22,TRAILING_STOP,18,-3.98
2009-10-28,172.66,175.69,168.23,168.98,15208850,141.05,174.99,168.23,189.71,189.71,6.34,42.18,0,,160.84,,,0,,,0,,,,
2009-10-29,168.41,170.21,163.85,165.25,17635290,141.75,175.02,163.85,189.71,189.71,6.34,38.72,0,,156.97,,,0,,,0,,,,
2009-10-30,168.41,174.2,164.04,165.21,10901980,142.4,175.09,163.85,189.71,189.71,6.62,38.68,0,,156.77,,,0,,,0,,,,
2009-11-03,165.13,167.49,161.6,162.77,11643330,143.04,174.99,161.6,189.71,189.71,6.57,36.42,0,,154.48,,,0,,,0,,,,
2009-11-04,164.08,168.96,162.97,168.25,9460765,143.69,175.09,161.6,189.71,189.71,6.54,44.31,0,,158.03,,,0,,,0,,,,
2009-11-05,168.41,170.21,162.08,166.79,11040040,144.29,175.12,161.6,189.71,189.71,6.65,42.78,0,,157.01,,,0,,,0,,,,
2009-11-06,167.68,172.73,167.68,170.76,9430750,144.92,175.26,161.6,189.71,189.71,6.6,48.02,0,,159.61,,,0,,,0,,,,
2009-11-09,166.68,182.98,166.68,181.7,19860525,145.65,175.8,161.6,189.71,189.71,7.29,59.12,0,,166.2,,,0,,,0,,,,
2009-11-10,186.44,187.16,180.03,181.41,12050590,146.37,176.26,161.6,189.71,189.71,7.28,58.76,0,,166.02,,,0,,,0,,,,
2009-11-11,180.68,183.89,179.34,183.01,8065490,147.09,176.78,161.6,189.71,189.71,7.09,60.19,0,,167.18,,,0,,,0,,,,
2009-11-12,183.34,183.7,176.97,178.44,14094455,147.75,177.18,161.6,189.71,189.71,7.06,54.38,0,,164.25,,,0,,,0,,,,
2009-11-13,178.28,182.43,176.7,181.36,12226205,148.44,177.6,161.6,189.64,189.71,6.97,57.22,0,,166.2,,,0,,,0,,,,
2009-11-16,182.25,184.23,181.25,182.29,8831355,149.13,177.7,161.6,187.16,189.64,6.68,58.12,0,,166.99,,,0,,,0,,,,
2009-11-17,186.62,186.62,179.34,182.47,6582910,149.81,177.65,161.6,187.16,187.16,6.72,58.3,0,,167.08,,,0,,,0,,,,
2009-11-18,181.16,182.98,180.93,181.91,5088005,150.47,177.84,161.6,187.16,187.16,6.39,57.46,0,,166.94,,,0,,,0,,,,
2009-11-19,180.97,182.98,178.06,179.62,5850460,151.06,177.76,161.6,187.16,187.16,6.29,54.05,0,,165.53,,,0,,,0,,,,
2009-11-20,178.61,181.88,173.89,180.62,9253395,151.7,177.83,161.6,187.16,187.16,6.41,55.3,0,,166.1,,,0,,,0,,,,
2009-11-23,180.25,183.43,180.25,181.96,5518350,152.32,177.77,161.6,187.16,187.16,6.18,56.98,0,,167.11,,,0,,,0,,,,
2009-11-24,183.52,183.52,178.62,182.08,5970380,152.92,177.79,162.08,187.16,187.16,6.09,57.14,0,,167.41,,,0,,,0,,,,
2009-11-25,182.07,186.07,181.44,185.1,11950580,153.56,177.81,162.08,187.16,187.16,5.98,60.98,0,,169.43,,,0,,,0,,,,
2009-11-26,185.16,188.98,180.62,181.58,13558880,154.21,177.71,166.68,188.98,187.16,6.15,54.82,0,,168.58,,,0,,,0,,,,
2009-11-27,178.42,180.25,170.6,176.82,9159750,154.79,177.34,166.68,188.98,188.98,6.5,47.79,0,,165.28,,,0,,,0,,,,
2009-11-30,179.34,184.08,179.15,181.96,7341520,155.37,177.3,170.6,188.98,188.98,6.55,54.56,0,,169.86,,,0,,,0,,,,
2009-12-01,183.89,189.35,183.07,188.78,8371170,155.96,177.48,170.6,189.35,188.98,6.61,61.67,0,,174.22,,,0,,,0,,,,
2009-12-02,189.53,191.68,187.97,190.71,8068555,156.6,177.81,170.6,191.68,189.35,6.4,63.41,1,190.71,175.61,175.61,175.61,1,13,2009-12-02,0,,,,
2009-12-03,191.99,193.72,188.8,191.1,5644490,157.2,178.25,170.6,193.72,191.68,6.3,63.77,0,,175.93,,175.93,1,13,2009-12-02,0,,,,
2009-12-04,188.44,190.22,185.71,186.99,5019750,157.78,178.62,170.6,193.72,193.72,6.23,57.39,0,,173.32,,175.93,1,13,2009-12-02,0,,,,
2009-12-07,187.53,188.78,182.67,183.71,4812455,158.28,178.71,170.6,193.72,193.72,6.22,52.84,0,,171.21,,175.93,1,13,2009-12-02,0,,,,
2009-12-08,183.7,190.7,182.07,189.29,8824885,158.79,179.14,170.6,193.72,193.72,6.4,58.82,0,,174.69,,175.93,1,13,2009-12-02,0,,,,
2009-12-09,184.8,187.97,183.87,184.95,5265440,159.3,179.53,170.6,193.72,193.72,6.33,53.17,0,,171.94,,175.93,1,13,2009-12-02,0,,,,
2009-12-10,184.78,187.53,182.36,185.95,6852780,159.79,180.09,170.6,193.72,193.72,6.24,54.26,0,,172.64,,175.93,1,13,2009-12-02,0,,,,
2009-12-11,186.8,188.1,181.67,182.75,5799610,160.29,180.68,170.6,193.72,193.72,6.26,50.24,0,,170.57,,175.93,1,13,2009-12-02,0,,,,
2009-12-14,182.61,184.43,180.15,181.09,5540770,160.75,181.21,170.6,193.72,193.72,6.12,48.24,0,,169.59,,175.93,1,13,2009-12-02,0,,,,
2009-12-15,180.15,182.27,173.69,174.73,9679880,161.12,181.61,170.6,193.72,193.72,6.29,41.43,0,,165.37,,175.93,1,13,2009-12-02,1,175.93,TRAILING_STOP,10,-7.75
2009-12-16,174.24,174.24,169.67,170.64,14981050,161.45,181.69,169.67,193.72,193.72,6.2,37.74,0,,162.48,,,0,,,0,,,,
2009-12-17,169.7,172.78,166.74,171.46,15020595,161.82,181.84,166.74,193.72,193.72,6.19,38.92,0,,162.04,,,0,,,0,,,,
2009-12-18,171.14,173.6,169.06,170.1,7655975,162.15,181.82,166.74,193.72,193.72,6.07,37.65,0,,161.25,,,0,,,0,,,,
2009-12-21,170.96,174.78,168.59,173.75,8562675,162.37,181.55,166.74,193.72,193.72,6.08,43.01,0,,163.59,,,0,,,0,,,,
2009-12-22,173.87,177.23,173.87,176.64,8248355,162.62,181.4,166.74,193.72,193.72,5.9,46.91,0,,165.58,,,0,,,0,,,,
2009-12-23,176.79,179.34,176.02,178.86,6607675,162.92,181.26,166.74,193.72,193.72,5.71,49.75,0,,167.14,,,0,,,0,,,,
2009-12-24,179.15,180.58,177.55,179.76,5123925,163.23,181.3,166.74,193.72,193.72,5.52,50.9,0,,167.84,,,0,,,0,,,,
2009-12-29,180.58,181.67,178.83,179.29,3554785,163.5,181.23,166.74,193.72,193.72,5.33,50.25,0,,167.67,,,0,,,0,,,,
2009-12-30,179.29,179.7,176.62,178.68,5058270,163.75,181.11,166.74,193.72,193.72,5.17,49.38,0,,167.38,,,0,,,0,,,,
2009-12-31,179.34,180.88,178.08,180.1,6235040,164.05,181.03,166.74,193.72,193.72,5.0,51.5,0,,168.41,,,0,,,0,,,,
2010-01-04,180.96,182.06,179.9,180.63,4371510,164.28,180.99,166.74,193.72,193.72,4.8,52.3,0,,168.89,,,0,,,0,,,,
2010-01-05,181.7,185.71,181.28,184.4,7629380,164.56,181.15,166.74,190.7,193.72,4.82,57.66,0,,171.31,,,0,,,0,,,,
2010-01-06,185.71,187.29,180.71,181.3,5953585,164.83,181.17,166.74,190.7,190.7,4.94,52.44,0,,169.22,,,0,,,0,,,,
2010-01-07,181.42,183.16,180.08,182.59,4964525,165.14,181.19,166.74,190.7,190.7,4.81,54.3,0,,170.14,,,0,,,0,,,,
2010-01-08,182.61,185.69,181.4,184.97,7931425,165.5,181.29,166.74,188.1,190.7,4.77,57.58,0,,171.7,,,0,,,0,,,,
2010-01-11,185.53,191.72,184.82,191.06,10096505,165.91,181.49,166.74,191.72,188.1,4.92,64.6,1,191.06,175.53,175.53,175.53,1,14,2010-01-11,0,,,,
2010-01-12,190.81,195.72,187.71,191.04,14351905,166.29,181.8,168.59,195.72,191.72,5.14,64.56,0,,175.99,,175.99,1,14,2010-01-11,0,,,,
2010-01-13,189.62,190.96,186.9,189.4,10503700,166.65,182.22,168.59,195.72,195.72,5.07,61.39,0,,174.98,,175.99,1,14,2010-01-11,0,,,,
2010-01-14,190.22,196.45,189.69,194.1,10746410,167.1,182.63,173.87,196.45,195.72,5.21,66.47,0,,179.67,,179.67,1,14,2010-01-11,0,,,,
2010-01-15,196.63,199.07,193.94,196.23,16362695,167.53,182.88,176.02,199.07,196.45,5.21,68.49,0,,181.77,,181.77,1,14,2010-01-11,0,,,,
2010-01-18,194.81,202.64,193.12,201.67,10033600,167.96,183.24,176.62,202.64,199.07,5.52,72.98,1,201.67,185.27,185.27,185.27,1,14,2010-01-11,0,,,,
2010-01-19,214.42,214.42,199.02,201.32,8069485,168.42,183.58,176.62,214.42,202.64,6.22,72.27,0,,184.58,,185.27,1,14,2010-01-11,0,,,,
2010-01-20,201.55,203.7,196.67,197.31,6584845,168.88,183.93,176.62,214.42,214.42,6.28,64.49,0,,181.95,,185.27,1,14,2010-01-11,0,,,,
2010-01-21,197.54,198.63,191.17,193.22,7313095,169.3,184.24,178.08,214.42,214.42,6.36,57.68,0,,179.74,,185.27,1,14,2010-01-11,0,,,,
2010-01-22,190.26,192.61,186.62,187.83,7275735,169.63,184.19,179.9,214.42,214.42,6.38,50.16,0,,176.86,,185.27,1,14,2010-01-11,0,,,,
2010-01-25,186.8,187.46,183.0,185.47,5243060,169.99,184.21,180.08,214.42,214.42,6.27,47.26,0,,175.47,,185.27,1,14,2010-01-11,1,185.27,TRAILING_STOP,11,-3.03
2010-01-27,182.63,183.82,175.72,177.1,12127575,170.28,183.92,175.72,214.42,214.42,6.52,38.7,0,,168.46,,,0,,,0,,,,
2010-01-28,178.06,187.53,178.06,185.49,14347760,170.6,184.01,175.72,214.42,214.42,6.8,48.72,0,,173.68,,,0,,,0,,,,
2010-01-29,183.88,190.26,179.92,186.75,15392485,170.91,184.2,175.72,214.42,214.42,7.05,50.04,0,,174.33,,,0,,,0,,,,
2010-02-01,186.8,195.17,182.98,193.45,10680450,171.29,184.82,175.72,214.42,214.42,7.42,56.47,0,,178.4,,,0,,,0,,,,
2010-02-02,193.94,197.0,187.57,188.86,8883385,171.62,185.43,175.72,214.42,214.42,7.56,51.57,0,,175.35,,,0,,,0,,,,
2010-02-03,190.36,196.09,186.44,194.99,13260715,171.97,186.21,175.72,214.42,214.42,7.71,56.94,0,,179.2,,,0,,,0,,,,
2010-02-04,192.97,194.62,190.26,190.89,6585835,172.25,186.9,175.72,214.42,214.42,7.5,52.73,0,,176.7,,,0,,,0,,,,
2010-02-05,188.2,188.98,181.17,186.75,12212410,172.44,187.34,175.72,214.42,214.42,7.66,48.81,0,,173.92,,,0,,,0,,,,
2010-02-08,186.62,189.66,182.25,186.2,7426465,172.68,187.66,175.72,214.42,214.42,7.64,48.29,0,,173.58,,,0,,,0,,,,
2010-02-09,186.62,192.44,184.47,189.08,9225825,172.88,188.0,175.72,214.42,214.42,7.66,51.19,0,,175.42,,,0,,,0,,,,
2010-02-10,190.08,190.35,185.73,186.55,8286355,173.09,188.22,175.72,214.42,214.42,7.45,48.61,0,,173.93,,,0,,,0,,,,
2010-02-11,187.53,190.24,187.24,188.11,4078795,173.28,188.52,175.72,214.42,214.42,7.18,50.28,0,,175.12,,,0,,,0,,,,
2010-02-15,188.07,190.17,183.89,187.32,4549330,173.57,188.81,175.72,214.42,214.42,7.11,49.41,0,,174.65,,,0,,,0,,,,
2010-02-16,187.89,189.66,185.41,186.83,6636255,173.82,189.03,175.72,214.42,214.42,6.91,48.84,0,,174.47,,,0,,,0,,,,
2010-02-17,188.26,195.51,187.89,194.32,11366410,174.16,189.49,175.72,214.42,214.42,7.04,56.96,0,,179.22,,,0,,,0,,,,
2010-02-18,194.26,203.24,194.0,200.0,24856930,174.57,190.01,178.06,203.7,214.42,7.19,61.89,0,,183.56,,,0,,,0,,,,
2010-02-19,195.17,200.68,194.99,199.27,13856280,175.0,190.61,179.92,203.24,203.7,7.09,60.92,0,,183.78,,,0,,,0,,,,
2010-02-22,200.91,203.0,196.86,201.63,8715490,175.43,191.24,181.17,203.24,203.24,7.02,62.94,0,,185.76,,,0,,,0,,,,
2010-02-23,200.27,205.7,198.22,199.94,11249705,175.83,191.74,181.17,205.7,203.24,7.05,60.53,0,,184.65,,,0,,,0,,,,
2010-02-24,199.36,202.27,193.91,199.14,8601590,176.2,192.01,181.17,205.7,205.7,7.14,59.37,0,,184.07,,,0,,,0,,,,
2010-02-25,199.56,200.81,196.91,199.59,7738815,176.56,192.29,181.17,205.7,205.7,6.91,59.84,0,,184.52,,,0,,,0,,,,
2010-02-26,201.0,207.01,197.54,204.73,8116780,176.9,192.8,181.17,207.01,205.7,7.1,64.8,0,,187.71,,,0,,,0,,,,
2010-03-02,205.92,213.93,205.73,210.29,14963530,177.22,193.34,182.25,213.93,207.01,7.25,69.23,1,210.29,191.56,191.56,191.56,1,15,2010-03-02,0,,,,
2010-03-03,211.93,213.92,207.7,209.18,11365680,177.54,193.78,183.89,213.93,213.93,7.17,67.41,0,,191.44,,191.56,1,15,2010-03-02,0,,,,
2010-03-04,209.38,209.82,202.55,204.21,11118615,177.86,193.86,183.89,213.93,213.93,7.18,59.81,0,,188.23,,191.56,1,15,2010-03-02,0,,,,
2010-03-05,204.82,207.46,200.35,200.88,13164750,178.11,193.85,183.89,213.93,213.93,7.17,55.31,0,,186.08,,191.56,1,15,2010-03-02,0,,,,
2010-03-08,208.33,208.33,201.57,205.61,15896925,178.4,194.12,183.89,213.93,213.93,7.19,59.92,0,,189.12,,191.56,1,15,2010-03-02,0,,,,
2010-03-09,190.26,206.35,190.26,203.49,4524955,178.62,194.46,185.41,213.93,213.93,7.83,57.08,0,,187.83,,191.56,1,15,2010-03-02,1,191.56,TRAILING_STOP,6,-8.91
2010-03-10,203.49,206.65,203.37,206.01,6196885,178.83,195.07,187.89,213.93,213.93,7.5,59.54,0,,190.5,,,0,,,0,,,,
2010-03-11,205.26,210.27,205.26,209.62,9045940,179.11,195.88,190.26,213.93,213.93,7.33,62.82,0,,193.74,,,0,,,0,,,,
2010-03-12,209.56,211.49,207.84,209.57,9742385,179.39,196.96,190.26,213.93,213.93,7.06,62.74,0,,193.88,,,0,,,0,,,,
2010-03-15,205.48,210.16,205.48,208.05,4507825,179.67,197.71,190.26,213.93,213.93,6.89,60.36,0,,193.02,,,0,,,0,,,,
2010-03-16,207.37,209.18,206.19,208.45,6725940,179.94,198.43,190.26,213.93,213.93,6.61,60.78,0,,193.46,,,0,,,0,,,,
2010-03-17,210.29,210.73,207.38,209.23,12125165,180.25,198.96,190.26,213.93,213.93,6.38,61.64,0,,194.12,,,0,,,0,,,,
2010-03-18,208.52,213.38,208.3,211.89,7689270,180.63,199.73,190.26,213.93,213.93,6.29,64.5,0,,195.9,,,0,,,0,,,,
2010-03-19,213.38,213.38,209.66,210.47,6133220,181.0,200.24,190.26,213.93,213.93,6.11,61.85,0,,195.1,,,0,,,0,,,,
2010-03-22,200.27,209.8,200.27,208.74,5492690,181.41,200.84,190.26,213.93,213.93,6.4,58.69,0,,193.79,,,0,,,0,,,,
2010-03-23,210.01,213.36,209.74,211.55,6263015,181.79,201.66,190.26,213.93,213.93,6.27,62.08,0,,195.69,,,0,,,0,,,,
2010-03-25,209.76,212.14,208.79,210.25,7565780,182.14,202.47,190.26,213.93,213.93,6.06,59.64,0,,194.99,,,0,,,0,,,,
2010-03-26,210.3,218.11,209.65,217.25,9027285,182.53,203.41,190.26,218.11,213.93,6.23,67.13,1,217.25,199.39,199.39,199.39,1,16,2010-03-26,0,,,,
2010-03-29,217.93,221.21,215.75,218.29,6028530,182.92,204.46,190.26,221.21,218.11,6.18,68.08,0,,200.1,,200.1,1,16,2010-03-26,0,,,,
2010-03-30,218.29,220.66,212.95,213.58,5330135,183.29,205.31,190.26,221.21,221.21,6.29,59.68,0,,196.99,,200.1,1,16,2010-03-26,0,,,,
2010-03-31,213.38,215.69,211.54,212.7,3538230,183.7,206.16,200.27,221.21,221.21,6.13,58.24,0,,199.86,,200.1,1,16,2010-03-26,0,,,,
2010-04-01,212.65,215.6,212.65,213.66,3816315,184.12,207.05,200.27,221.21,221.21,5.91,59.39,0,,200.63,,200.63,1,16,2010-03-26,0,,,,
2010-04-05,214.33,215.38,210.83,214.31,4195040,184.55,207.72,200.27,221.21,221.21,5.81,60.2,0,,201.11,,201.11,1,16,2010-03-26,0,,,,
2010-04-06,214.84,215.55,212.29,213.85,4302480,184.95,208.18,200.27,221.21,221.21,5.63,59.3,0,,200.94,,201.11,1,16,2010-03-26,0,,,,
2010-04-07,215.2,217.23,209.07,211.98,18454375,185.29,208.6,200.27,221.21,221.21,5.81,55.68,0,,199.61,,201.11,1,16,2010-03-26,0,,,,
2010-04-08,210.64,212.2,209.38,210.61,6740765,185.59,208.9,200.27,221.21,221.21,5.6,53.13,0,,198.87,,201.11,1,16,2010-03-26,0,,,,
2010-04-09,211.2,218.45,210.74,215.47,12797095,185.91,209.42,200.27,221.21,221.21,5.76,60.12,0,,201.9,,201.9,1,16,2010-03-26,0,,,,
2010-04-12,215.07,216.37,212.13,214.27,7172525,186.21,209.93,200.27,221.21,221.21,5.65,57.83,0,,201.2,,201.9,1,16,2010-03-26,0,,,,
2010-04-13,214.84,214.84,209.93,210.76,4825870,186.5,210.3,200.27,221.21,221.21,5.59,51.62,0,,198.97,,201.9,1,16,2010-03-26,0,,,,
2010-04-15,212.11,213.55,207.92,209.07,7152780,186.77,210.44,207.92,221.21,221.21,5.6,48.9,0,,200.43,,201.9,1,16,2010-03-26,0,,,,
2010-04-16,208.68,211.14,205.99,209.08,5622710,187.07,210.4,205.99,221.21,221.21,5.57,48.92,0,,199.81,,201.9,1,16,2010-03-26,0,,,,
2010-04-19,207.56,211.93,205.41,211.07,6129665,187.39,210.47,205.41,221.21,221.21,5.63,52.35,0,,200.85,,201.9,1,16,2010-03-26,0,,,,
2010-04-20,211.2,217.57,211.2,216.11,8998350,187.75,210.86,205.41,221.21,221.21,5.7,59.72,0,,204.06,,204.06,1,16,2010-03-26,0,,,,
2010-04-21,217.57,227.95,217.57,225.29,26047175,188.18,211.68,205.41,227.95,221.21,6.13,69.1,1,225.29,209.69,209.69,209.69,1,16,2010-03-26,0,,,,
2010-04-22,222.34,226.13,222.32,223.02,13803410,188.56,212.26,205.41,227.95,227.95,5.97,65.07,0,,208.34,,209.69,1,16,2010-03-26,0,,,,
2010-04-23,222.94,225.76,222.41,225.02,5720055,188.93,212.97,205.41,227.95,227.95,5.78,66.9,0,,209.75,,209.75,1,16,2010-03-26,0,,,,
2010-04-26,225.76,234.32,225.39,232.97,16826845,189.39,213.87,205.41,234.32,227.95,6.03,72.98,1,232.97,214.71,214.71,214.71,1,16,2010-03-26,0,,,,
2010-04-27,231.77,233.96,228.89,232.42,7134950,189.82,214.63,205.41,234.32,234.32,5.96,71.99,0,,214.4,,214.71,1,16,2010-03-26,0,,,,
2010-04-28,230.31,231.22,226.9,228.33,6100705,190.24,215.26,205.41,234.32,234.32,5.93,64.97,0,,211.79,,214.71,1,16,2010-03-26,0,,,,
2010-04-29,229.19,233.94,229.19,231.97,13210430,190.69,216.06,205.41,234.32,234.32,5.91,67.97,0,,214.15,,214.71,1,16,2010-03-26,0,,,,
2010-04-30,234.14,234.14,229.97,231.22,5560430,191.15,216.81,205.41,234.32,234.32,5.78,66.7,0,,213.75,,214.71,1,16,2010-03-26,0,,,,
2010-05-03,230.86,233.58,227.95,229.49,2338320,191.57,217.49,205.41,234.32,234.32,5.77,63.75,0,,212.64,,214.71,1,16,2010-03-26,0,,,,
2010-05-04,229.79,235.03,226.54,227.48,8337075,191.99,218.01,205.41,235.03,234.32,5.97,60.41,0,,211.22,,214.71,1,16,2010-03-26,0,,,,
2010-05-05,221.5,227.87,221.47,226.0,6726505,192.39,218.53,205.41,235.03,235.03,6.0,58.01,0,,210.24,,214.71,1,16,2010-03-26,0,,,,
2010-05-06,222.85,228.09,222.12,224.66,4212245,192.78,219.06,205.41,235.03,235.03,6.0,55.83,0,,209.38,,214.71,1,16,2010-03-26,0,,,,
2010-05-07,219.43,222.12,215.24,216.87,9055115,193.12,219.24,205.41,235.03,235.03,6.24,45.23,0,,204.19,,214.71,1,16,2010-03-26,0,,,,
2010-05-10,218.84,229.2,218.84,227.48,7993775,193.52,219.81,211.2,235.03,235.03,6.68,57.16,0,,212.67,,214.71,1,16,2010-03-26,0,,,,
2010-05-11,227.4,232.84,226.54,229.29,9079200,193.93,220.21,215.24,235.03,235.03,6.65,58.81,0,,215.21,,215.21,1,16,2010-03-26,0,,,,
2010-05-12,224.18,236.32,224.18,234.85,9068370,194.39,220.76,215.24,236.32,235.03,7.04,63.46,0,,218.53,,218.53,1,16,2010-03-26,0,,,,
2010-05-13,235.78,240.33,235.41,238.79,9973175,194.85,221.6,215.24,240.33,236.32,6.93,66.36,1,238.79,221.15,221.15,221.15,1,16,2010-03-26,0,,,,
2010-05-14,238.14,239.02,233.04,235.91,18998125,195.23,222.38,215.24,240.33,240.33,6.86,62.46,0,,219.33,,221.15,1,16,2010-03-26,0,,,,
2010-05-17,231.22,232.52,224.03,229.8,16886290,195.54,222.91,215.24,240.33,240.33,7.22,55.06,0,,215.15,,221.15,1,16,2010-03-26,0,,,,
2010-05-18,229.8,231.17,226.91,228.44,16597995,195.88,223.39,215.24,240.33,240.33,7.01,53.55,0,,214.42,,221.15,1,16,2010-03-26,0,,,,
2010-05-19,226.31,226.49,217.27,219.4,11986965,196.13,223.57,215.24,240.33,240.33,7.31,44.71,0,,208.39,,221.15,1,16,2010-03-26,1,221.15,TRAILING_STOP,37,1.79
2010-05-20,221.78,225.83,217.41,222.14,11543770,196.42,223.91,215.24,240.33,240.33,7.39,47.54,0,,210.1,,,0,,,0,,,,
2010-05-21,217.14,224.91,215.7,223.56,8823435,196.69,224.34,215.24,240.33,240.33,7.52,48.99,0,,210.93,,,0,,,0,,,,
2010-05-24,223.55,228.03,218.89,220.37,5085955,196.95,224.5,215.24,240.33,240.33,7.63,45.91,0,,208.8,,,0,,,0,,,,
2010-05-25,218.43,218.65,212.4,214.04,7723085,197.15,224.5,212.4,240.33,240.33,7.66,40.48,0,,203.75,,,0,,,0,,,,
2010-05-26,215.16,219.21,211.49,212.75,14306915,197.33,224.56,211.49,240.33,240.33,7.66,39.45,0,,202.61,,,0,,,0,,,,
2010-05-27,212.77,224.72,210.96,223.58,13507560,197.57,225.05,210.96,240.33,240.33,8.1,50.73,0,,209.13,,,0,,,0,,,,
2010-05-28,225.27,227.67,221.74,225.34,7747100,197.85,225.59,210.96,240.33,240.33,7.94,52.29,0,,210.37,,,0,,,0,,,,
2010-05-31,223.58,227.67,222.53,226.63,4662770,198.14,226.11,210.96,240.33,240.33,7.74,53.45,0,,211.34,,,0,,,0,,,,
2010-06-01,227.11,227.67,216.45,217.31,8930410,198.38,226.15,210.96,240.33,240.33,7.99,44.94,0,,205.16,,,0,,,0,,,,
2010-06-02,219.76,221.96,214.88,220.89,6537050,198.67,226.0,210.96,240.33,240.33,7.93,48.34,0,,207.51,,,0,,,0,,,,
2010-06-03,222.7,229.5,222.7,228.46,7414595,199.02,226.18,210.96,240.33,240.33,7.97,54.71,0,,212.36,,,0,,,0,,,,
2010-06-04,228.03,231.34,228.03,229.04,7272295,199.34,226.32,210.96,240.33,240.33,7.64,55.17,0,,212.96,,,0,,,0,,,,
2010-06-07,224.1,225.27,219.94,223.4,7122970,199.66,226.0,210.96,240.33,240.33,7.75,49.91,0,,209.25,,,0,,,0,,,,
2010-06-08,223.33,228.51,223.33,225.5,8407510,200.0,225.77,210.96,240.33,240.33,7.56,51.75,0,,210.73,,,0,,,0,,,,
2010-06-09,225.26,230.59,225.26,227.97,7812710,200.4,225.75,210.96,240.33,240.33,7.4,53.9,0,,212.43,,,0,,,0,,,,
2010-06-10,227.97,229.87,224.4,229.5,6817990,200.82,225.67,210.96,239.02,240.33,7.26,55.24,0,,213.5,,,0,,,0,,,,
2010-06-11,230.24,231.74,227.71,229.1,7028035,201.25,225.6,210.96,232.52,239.02,7.03,54.79,0,,213.4,,,0,,,0,,,,
2010-06-14,230.06,232.08,228.08,231.07,3069890,201.71,225.65,210.96,232.08,232.52,6.82,56.64,0,,214.82,,,0,,,0,,,,
2010-06-15,228.79,231.07,226.23,229.0,3309380,202.11,225.7,210.96,232.08,232.08,6.68,54.13,0,,213.57,,,0,,,0,,,,
2010-06-16,229.87,229.87,223.45,224.47,6787285,202.5,225.65,210.96,232.08,232.08,6.66,49.01,0,,210.66,,,0,,,0,,,,
2010-06-17,224.35,224.91,219.2,223.44,11126405,202.85,225.61,214.88,232.08,232.08,6.59,47.9,0,,211.35,,,0,,,0,,,,
2010-06-18,223.44,225.78,221.1,222.79,12770945,203.12,225.81,214.88,232.08,232.08,6.45,47.17,0,,211.02,,,0,,,0,,,,
2010-06-21,224.35,230.26,224.35,229.38,7028360,203.44,225.87,214.88,232.08,232.08,6.53,54.67,0,,215.23,,,0,,,0,,,,
2010-06-22,228.05,231.32,226.42,227.23,4845490,203.74,225.8,214.88,232.08,232.08,6.41,52.08,0,,213.92,,,0,,,0,,,,
2010-06-23,225.33,231.07,225.33,229.76,5381525,204.08,225.64,219.2,232.08,232.08,6.36,54.8,0,,217.02,,,0,,,0,,,,
2010-06-24,228.09,233.27,228.09,232.3,9207320,204.42,225.42,219.2,233.27,232.08,6.28,57.41,0,,218.72,,,0,,,0,,,,
2010-06-25,231.89,234.96,227.55,229.71,6537805,204.73,225.21,219.2,234.96,233.27,6.36,53.98,0,,216.99,,,0,,,0,,,,
2010-06-28,230.06,232.87,228.4,232.07,3983065,205.06,225.29,219.2,234.96,234.96,6.22,56.53,0,,218.6,,,0,,,0,,,,
2010-06-29,230.81,231.55,226.93,228.15,5399395,205.37,225.28,219.2,234.96,234.96,6.15,51.44,0,,216.13,,,0,,,0,,,,
2010-06-30,225.27,229.13,224.74,228.47,7153910,205.7,225.58,219.2,234.96,234.96,6.02,51.82,0,,216.42,,,0,,,0,,,,
2010-07-01,228.4,228.4,223.44,226.87,5839670,206.01,225.74,219.2,234.96,234.96,5.95,49.71,0,,215.43,,,0,,,0,,,,
2010-07-02,227.11,229.5,226.58,227.52,2428120,206.31,225.87,219.2,234.96,234.96,5.73,50.59,0,,215.99,,,0,,,0,,,,
2010-07-05,227.32,228.95,225.36,227.29,2097975,206.61,226.1,219.2,234.96,234.96,5.58,50.26,0,,215.95,,,0,,,0,,,,
2010-07-06,228.03,231.51,227.3,230.48,4386780,206.91,226.65,219.2,234.96,234.96,5.48,54.73,0,,218.07,,,0,,,0,,,,
2010-07-07,232.08,232.08,226.12,227.49,4321410,207.22,227.14,219.2,234.96,234.96,5.52,50.18,0,,216.12,,,0,,,0,,,,
2010-07-08,231.71,231.78,227.81,228.32,4591380,207.56,227.3,221.1,234.96,234.96,5.43,51.38,0,,217.35,,,0,,,0,,,,
2010-07-09,229.79,234.99,229.68,234.12,5484015,207.91,227.59,223.44,234.99,234.96,5.52,58.89,0,,221.81,,,0,,,0,,,,
2010-07-12,234.88,238.11,232.73,236.92,4312175,208.23,227.93,223.44,238.11,234.99,5.51,61.94,1,236.92,223.62,223.62,223.62,1,17,2010-07-12,0,,,,
2010-07-13,236.95,239.78,234.13,239.01,3804700,208.55,228.66,223.44,239.78,238.11,5.52,64.09,0,,224.96,,224.96,1,17,2010-07-12,0,,,,
2010-07-14,240.54,243.84,239.82,241.72,8475475,208.89,229.35,223.44,243.84,239.78,5.47,66.71,0,,226.74,,226.74,1,17,2010-07-12,0,,,,
2010-07-15,248.26,249.27,241.94,248.32,15944265,209.3,230.01,223.44,249.27,243.84,5.62,72.05,0,,230.9,,230.9,1,17,2010-07-12,0,,,,
2010-07-16,250.1,251.74,245.94,249.58,11515560,209.74,230.7,223.44,251.74,249.27,5.63,72.95,0,,231.71,,231.71,1,17,2010-07-12,0,,,,
2010-07-19,249.18,251.39,247.04,250.25,7309745,210.15,231.59,223.44,251.74,251.74,5.54,73.43,0,,232.2,,232.2,1,17,2010-07-12,0,,,,
2010-07-20,251.07,255.43,249.82,251.75,8051265,210.59,232.47,223.44,255.43,251.74,5.54,74.54,1,251.75,233.16,233.16,233.16,1,17,2010-07-12,0,,,,
2010-07-21,252.12,252.86,245.83,247.74,5821275,211.0,233.13,223.44,255.43,255.43,5.65,66.58,0,,230.51,,233.16,1,17,2010-07-12,0,,,,
2010-07-22,246.47,251.53,245.5,249.51,7460620,211.45,233.79,225.36,255.43,255.43,5.68,68.19,0,,232.27,,233.16,1,17,2010-07-12,0,,,,
2010-07-23,251.02,256.54,251.02,255.61,12190455,211.94,234.68,225.36,256.54,255.43,5.77,73.03,1,255.61,236.14,236.14,236.14,1,17,2010-07-12,0,,,,
2010-07-26,255.62,256.86,252.86,254.85,5565950,212.48,235.47,226.12,256.86,256.54,5.65,71.57,0,,235.99,,236.14,1,17,2010-07-12,0,,,,
2010-07-27,255.07,256.71,251.57,252.76,8134080,213.03,236.26,226.12,256.86,256.86,5.61,67.57,0,,234.66,,236.14,1,17,2010-07-12,0,,,,
2010-07-28,254.51,254.51,246.61,248.25,7000240,213.54,237.06,227.81,256.86,256.86,5.77,59.8,0,,232.21,,236.14,1,17,2010-07-12,0,,,,
2010-07-29,248.26,252.86,246.89,251.13,7545020,214.08,237.98,229.68,256.86,256.86,5.79,62.74,0,,234.68,,236.14,1,17,2010-07-12,0,,,,
2010-07-30,250.1,251.39,245.87,247.06,4661185,214.57,238.79,232.73,256.86,256.86,5.77,56.45,0,,233.08,,236.14,1,17,2010-07-12,0,,,,
2010-08-02,248.28,250.41,246.45,248.4,4723770,215.05,239.42,234.13,256.86,256.86,5.64,57.94,0,,234.5,,236.14,1,17,2010-07-12,0,,,,
2010-08-03,248.4,252.23,247.4,249.37,4953580,215.52,240.16,239.82,256.86,256.86,5.58,59.04,0,,237.06,,237.06,1,17,2010-07-12,0,,,,
2010-08-04,250.1,250.72,243.68,244.84,5902855,215.95,240.66,241.94,256.86,256.86,5.69,52.19,0,,234.78,,237.06,1,17,2010-07-12,0,,,,
2010-08-05,245.41,247.17,241.28,242.12,6734645,216.37,240.99,241.28,256.86,256.86,5.7,48.55,0,,232.79,,237.06,1,17,2010-07-12,0,,,,
2010-08-06,242.33,244.73,240.12,241.7,3310475,216.79,241.39,240.12,256.86,256.86,5.62,48.0,0,,232.19,,237.06,1,17,2010-07-12,0,,,,
2010-08-09,241.7,243.08,237.96,240.87,7863250,217.19,241.68,237.96,256.86,256.86,5.59,46.85,0,,230.96,,237.06,1,17,2010-07-12,0,,,,
2010-08-10,240.91,241.83,236.95,238.13,6740840,217.58,242.02,236.95,256.86,256.86,5.54,43.2,0,,228.89,,237.06,1,17,2010-07-12,1,237.06,TRAILING_STOP,22,0.06
2010-08-11,238.13,239.34,234.77,237.06,6623320,217.93,242.3,234.77,256.86,256.86,5.47,41.82,0,,227.52,,,0,,,0,,,,
2010-08-12,235.39,242.72,234.44,241.94,5976525,218.33,242.8,234.44,256.86,256.86,5.67,49.68,0,,230.42,,,0,,,0,,,,
2010-08-13,242.74,245.69,242.74,244.25,4534835,218.74,243.36,234.44,256.86,256.86,5.53,52.92,0,,232.0,,,0,,,0,,,,
2010-08-16,244.68,247.65,243.41,245.8,4977590,219.15,243.98,234.44,256.86,256.86,5.44,55.01,0,,233.06,,,0,,,0,,,,
2010-08-17,245.87,247.08,243.35,244.72,4577160,219.51,244.45,234.44,256.86,256.86,5.32,53.24,0,,232.45,,,0,,,0,,,,
2010-08-18,244.72,249.92,242.74,248.86,6307095,219.89,245.17,234.44,256.86,256.86,5.45,58.74,0,,235.03,,,0,,,0,,,,
2010-08-19,249.73,251.2,246.79,250.75,4684215,220.3,245.91,234.44,256.86,256.86,5.38,61.0,0,,236.3,,,0,,,0,,,,
2010-08-20,249.73,252.86,248.73,251.39,4624730,220.68,246.49,234.44,256.86,256.86,5.29,61.76,0,,236.77,,,0,,,0,,,,
2010-08-23,251.39,254.83,250.17,254.01,3651835,221.07,247.06,234.44,256.71,256.86,5.24,64.79,0,,238.49,,,0,,,0,,,,
2010-08-24,252.86,254.7,249.71,252.33,5415270,221.41,247.5,234.44,254.83,256.71,5.22,61.43,0,,237.42,,,0,,,0,,,,
2010-08-25,250.84,253.96,249.71,250.41,6578005,221.73,247.79,234.44,254.83,254.83,5.15,57.74,0,,236.22,,,0,,,0,,,,
2010-08-26,250.65,252.86,248.26,251.54,7188305,222.09,247.9,234.44,254.83,254.83,5.11,59.29,0,,236.98,,,0,,,0,,,,
2010-08-27,251.39,254.38,242.49,244.02,4726265,222.43,247.71,234.44,254.83,254.83,5.6,46.94,0,,231.81,,,0,,,0,,,,
2010-08-30,244.95,248.08,241.27,243.47,3479155,222.8,247.49,234.44,254.83,254.83,5.69,46.19,0,,231.39,,,0,,,0,,,,
2010-08-31,234.81,246.42,211.48,244.7,4318510,223.2,247.25,211.48,254.83,254.83,7.77,48.2,0,,223.14,,,0,,,0,,,,
2010-09-01,244.7,249.92,244.7,249.02,4534980,223.68,247.3,211.48,254.83,254.83,7.59,54.62,0,,226.05,,,0,,,0,,,,
2010-09-02,249.94,256.68,249.94,255.26,7979275,224.14,247.49,211.48,256.68,254.83,7.6,61.95,1,255.26,230.07,230.07,230.07,1,18,2010-09-02,0,,,,
2010-09-03,257.46,257.46,251.11,253.71,3513110,224.59,247.42,211.48,257.46,256.68,7.51,59.39,0,,229.13,,230.07,1,18,2010-09-02,0,,,,
2010-09-06,254.51,258.47,254.37,256.47,5057435,225.01,247.48,211.48,258.47,257.46,7.31,62.38,0,,231.04,,231.04,1,18,2010-09-02,0,,,,
2010-09-07,256.72,258.63,253.23,257.0,4221330,225.46,247.62,211.48,258.63,258.47,7.18,62.94,0,,231.47,,231.47,1,18,2010-09-02,0,,,,
2010-09-08,255.62,256.11,252.51,254.01,5155280,225.86,247.81,211.48,258.63,258.63,6.98,57.68,0,,229.67,,231.47,1,18,2010-09-02,0,,,,
2010-09-09,254.7,255.97,251.44,253.67,3865715,226.28,247.9,211.48,258.63,258.63,6.81,57.1,0,,229.57,,231.47,1,18,2010-09-02,0,,,,
2010-09-13,254.88,263.5,254.88,262.27,6447070,226.78,248.4,211.48,263.5,258.63,7.02,66.37,1,262.27,234.97,234.97,234.97,1,18,2010-09-02,0,,,,
2010-09-14,263.07,264.26,258.49,262.29,6029480,227.29,248.87,211.48,264.26,263.5,6.93,66.39,0,,235.05,,235.05,1,18,2010-09-02,0,,,,
2010-09-15,262.79,271.25,262.24,270.33,8460645,227.83,249.56,211.48,271.25,264.26,7.08,72.77,1,270.33,240.13,240.13,240.13,1,18,2010-09-02,0,,,,
2010-09-16,270.33,280.08,268.89,273.05,10070090,228.41,250.5,211.48,280.08,271.25,7.38,74.53,0,,241.69,,241.69,1,18,2010-09-02,0,,,,
2010-09-17,273.1,278.24,272.35,277.04,6433195,229.0,251.67,211.48,280.08,280.08,7.27,76.89,0,,244.34,,244.34,1,18,2010-09-02,0,,,,
2010-09-20,276.77,288.17,273.68,284.46,7145005,229.65,253.09,211.48,288.17,280.08,7.79,80.51,1,284.46,248.78,248.78,248.78,1,18,2010-09-02,0,,,,
2010-09-21,285.13,291.03,280.47,281.5,10457885,230.28,254.45,211.48,291.03,288.17,7.98,75.44,0,,246.74,,248.78,1,18,2010-09-02,0,,,,
2010-09-22,282.47,285.41,278.6,281.31,7649460,230.86,255.89,244.7,291.03,291.03,7.9,75.11,0,,257.74,,257.74,1,18,2010-09-02,0,,,,
2010-09-23,281.73,283.15,273.95,274.97,8305375,231.36,257.15,249.94,291.03,291.03,7.99,64.98,0,,255.34,,257.74,1,18,2010-09-02,0,,,,
2010-09-24,275.15,278.23,271.32,277.11,8634710,231.88,258.32,251.11,291.03,291.03,7.92,66.62,0,,257.16,,257.74,1,18,2010-09-02,0,,,,
2010-09-27,279.52,280.77,274.6,277.16,4490365,232.38,259.42,251.44,291.03,291.03,7.79,66.65,0,,257.39,,257.74,1,18,2010-09-02,0,,,,
2010-09-28,276.58,279.51,274.45,276.82,6985740,232.89,260.46,251.44,291.03,291.03,7.6,66.09,0,,257.3,,257.74,1,18,2010-09-02,0,,,,
2010-09-29,266.69,279.96,266.69,277.76,6439615,233.42,261.56,251.44,291.03,291.03,8.0,66.93,0,,257.63,,257.74,1,18,2010-09-02,0,,,,
2010-09-30,277.77,283.74,273.54,282.58,10918285,233.97,262.68,251.44,291.03,291.03,8.16,70.9,0,,260.64,,260.64,1,18,2010-09-02,0,,,,
2010-10-01,282.83,291.29,282.83,289.61,5313840,234.54,263.98,254.88,291.29,291.03,8.2,75.53,0,,266.29,,266.29,1,18,2010-09-02,0,,,,
2010-10-04,290.93,293.54,288.92,290.02,3687630,235.07,265.26,258.49,293.54,291.29,7.94,75.77,0,,267.93,,267.93,1,18,2010-09-02,0,,,,
2010-10-05,290.02,292.47,288.74,289.69,4334955,235.6,266.45,262.24,293.54,293.54,7.64,75.13,0,,269.17,,269.17,1,18,2010-09-02,0,,,,
2010-10-06,292.4,294.0,285.48,287.29,6782255,236.16,267.62,266.69,294.0,293.54,7.7,70.44,0,,269.06,,269.17,1,18,2010-09-02,0,,,,
2010-10-07,287.29,291.11,287.06,288.48,4859325,236.74,268.89,266.69,294.0,294.0,7.44,71.39,0,,270.0,,270.0,1,18,2010-09-02,0,,,,
2010-10-08,289.09,291.24,286.16,288.78,5830295,237.3,270.13,266.69,294.0,294.0,7.27,71.64,0,,270.31,,270.31,1,18,2010-09-02,0,,,,
2010-10-11,289.86,295.25,282.86,285.2,10020915,237.84,271.5,266.69,295.25,294.0,7.64,64.46,0,,267.76,,270.31,1,18,2010-09-02,0,,,,
2010-10-12,287.96,287.97,280.46,283.79,4249265,238.36,272.85,266.69,295.25,295.25,7.63,61.83,0,,266.85,,270.31,1,18,2010-09-02,0,,,,
2010-10-13,285.23,293.25,284.5,292.17,5136290,238.91,274.43,266.69,295.25,295.25,7.76,69.73,0,,272.17,,272.17,1,18,2010-09-02,0,,,,
2010-10-14,293.32,295.8,286.37,287.6,9509550,239.43,275.71,266.69,295.8,295.25,7.88,62.17,0,,269.15,,272.17,1,18,2010-09-02,0,,,,
2010-10-15,287.8,289.64,275.13,276.22,12532945,239.88,276.41,266.69,295.8,295.8,8.35,48.16,0,,261.49,,272.17,1,18,2010-09-02,0,,,,
2010-10-18,262.42,275.66,262.42,272.53,11204405,240.31,277.04,262.42,295.8,295.8,8.74,44.65,0,,257.43,,272.17,1,18,2010-09-02,1,272.17,TRAILING_STOP,32,6.63
2010-10-19,273.82,275.35,268.87,270.05,8202805,240.72,277.49,262.42,295.8,295.8,8.58,42.41,0,,255.93,,,0,,,0,,,,
2010-10-20,269.41,271.62,266.84,267.61,5254270,241.09,277.85,262.42,295.8,295.8,8.31,40.27,0,,254.54,,,0,,,0,,,,
2010-10-21,270.33,278.28,268.49,277.0,9674255,241.53,278.61,262.42,295.8,295.8,8.48,50.6,0,,260.49,,,0,,,0,,,,
2010-10-22,278.39,278.39,268.67,269.23,4631140,241.94,279.13,262.42,295.8,295.8,8.57,43.85,0,,255.42,,,0,,,0,,,,
2010-10-25,269.78,274.01,268.49,269.33,4696400,242.32,279.37,262.42,295.8,295.8,8.35,43.95,0,,255.62,,,0,,,0,,,,
2010-10-26,270.33,270.38,267.62,268.4,4419695,242.71,279.57,262.42,295.8,295.8,7.95,43.15,0,,255.29,,,0,,,0,,,,
2010-10-27,268.58,268.99,264.45,266.11,3512190,243.03,279.43,262.42,295.8,295.8,7.71,41.17,0,,253.98,,,0,,,0,,,,
2010-10-28,267.66,270.55,264.81,265.7,9676480,243.35,279.18,262.42,295.8,295.8,7.57,40.81,0,,253.81,,,0,,,0,,,,
2010-10-29,266.43,272.72,263.17,270.52,6046415,243.73,278.97,262.42,295.8,295.8,7.71,46.73,0,,256.82,,,0,,,0,,,,
2010-11-01,273.8,280.32,272.55,278.35,5140055,244.17,278.76,262.42,295.8,295.8,7.86,54.67,0,,261.77,,,0,,,0,,,,
2010-11-02,280.26,282.74,278.25,280.74,5065500,244.61,278.74,262.42,295.8,295.8,7.62,56.78,0,,263.47,,,0,,,0,,,,
2010-11-03,281.02,283.86,281.0,282.48,2664580,245.07,278.78,262.42,295.8,295.8,7.3,58.31,0,,264.81,,,0,,,0,,,,
2010-11-04,285.17,286.05,282.85,284.01,2665910,245.54,279.08,262.42,295.8,295.8,7.03,59.66,0,,265.97,,,0,,,0,,,,
2010-11-08,286.7,291.29,282.94,286.13,6482605,246.03,279.38,262.42,295.8,295.8,7.12,61.51,0,,267.28,,,0,,,0,,,,
2010-11-09,285.96,288.12,283.39,287.3,3860055,246.54,279.72,263.17,295.8,295.8,6.95,62.54,0,,268.4,,,0,,,0,,,,
2010-11-10,288.17,288.17,282.52,283.83,3503475,247.0,279.95,263.17,295.8,295.8,6.86,57.64,0,,266.22,,,0,,,0,,,,
2010-11-11,284.31,286.84,279.06,279.97,3167795,247.44,280.02,263.17,295.8,295.8,6.93,52.69,0,,263.69,,,0,,,0,,,,
2010-11-12,281.0,281.0,272.43,274.38,4544795,247.86,279.75,263.17,291.29,295.8,7.04,46.46,0,,260.0,,,0,,,0,,,,
2010-11-15,275.89,282.28,273.1,279.84,3234555,248.33,279.42,263.17,291.29,291.29,7.2,52.38,0,,263.42,,,0,,,0,,,,
2010-11-16,282.05,282.09,265.73,270.17,7237705,248.74,278.76,263.17,291.29,291.29,7.85,43.26,0,,256.75,,,0,,,0,,,,
2010-11-18,275.66,275.66,255.43,262.24,25503185,249.08,277.85,255.43,291.29,291.29,8.73,37.5,0,,248.47,,,0,,,0,,,,
2010-11-19,263.18,263.18,251.95,254.64,13416300,249.34,276.76,251.95,291.29,291.29,8.91,32.96,0,,242.28,,,0,,,0,,,,
2010-11-22,257.46,267.35,251.94,263.08,13820860,249.59,275.91,251.94,291.29,291.29,9.38,41.43,0,,247.42,,,0,,,0,,,,
2010-11-23,261.32,262.42,253.83,261.45,7074135,249.85,275.0,251.94,291.29,291.29,9.37,40.37,0,,246.37,,,0,,,0,,,,
2010-11-24,262.61,263.15,251.94,254.66,4932325,250.04,273.98,251.94,291.29,291.29,9.5,36.21,0,,241.9,,,0,,,0,,,,
2010-11-25,254.73,256.67,245.71,246.96,11465340,250.14,272.76,245.71,291.29,291.29,9.6,32.16,0,,234.79,,,0,,,0,,,,
2010-11-26,246.61,251.43,238.52,244.75,7351030,250.22,271.18,238.52,291.29,291.29,9.84,31.09,0,,230.81,,,0,,,0,,,,
2010-11-29,248.07,248.08,242.93,244.42,5470435,250.33,269.74,238.52,291.29,291.29,9.5,30.92,0,,230.82,,,0,,,0,,,,
2010-11-30,244.4,255.58,241.86,251.36,6530490,250.45,268.91,238.52,291.29,291.29,9.81,38.38,0,,235.1,,,0,,,0,,,,
2010-12-01,251.95,262.77,251.94,261.95,5507435,250.66,268.56,238.52,291.29,291.29,9.92,47.66,0,,241.85,,,0,,,0,,,,
2010-12-02,265.0,268.67,261.71,267.64,6647870,250.91,268.48,238.52,291.29,291.29,9.71,51.85,0,,245.66,,,0,,,0,,,,
2010-12-03,267.64,267.64,255.41,258.59,8015840,251.12,268.17,238.52,291.29,291.29,9.89,45.59,0,,239.7,,,0,,,0,,,,
2010-12-06,262.0,262.0,253.04,254.23,4688830,251.31,267.42,238.52,291.29,291.29,9.82,42.91,0,,236.94,,,0,,,0,,,,
2010-12-07,254.7,254.71,240.45,243.57,12159570,251.44,266.56,238.52,288.17,291.29,10.14,37.14,0,,229.85,,,0,,,0,,,,
2010-12-08,242.56,242.56,228.64,230.15,21467880,251.52,265.25,228.64,288.17,288.17,10.48,31.42,0,,217.67,,,0,,,0,,,,
2010-12-09,232.15,238.88,226.14,229.09,15667605,251.53,263.94,226.14,286.84,288.17,10.64,31.01,0,,216.05,,,0,,,0,,,,
2010-12-10,230.42,244.58,229.5,243.4,10515220,251.63,263.19,226.14,282.28,286.84,10.99,41.93,0,,225.05,,,0,,,0,,,,
2010-12-13,246.42,249.18,237.8,242.86,8870460,251.68,262.43,226.14,282.28,282.28,11.02,41.67,0,,224.68,,,0,,,0,,,,
2010-12-14,245.28,245.48,236.35,239.68,12568445,251.69,261.4,226.14,282.09,282.28,10.88,40.04,0,,222.72,,,0,,,0,,,,
2010-12-15,239.07,242.93,235.4,238.63,9978370,251.71,260.07,226.14,275.66,282.09,10.64,39.5,0,,222.2,,,0,,,0,,,,
2010-12-16,239.92,242.69,236.33,240.79,9694435,251.78,258.74,226.14,268.67,275.66,10.34,41.27,0,,223.8,,,0,,,0,,,,
2010-12-20,240.91,240.91,232.97,233.72,7356300,251.81,257.12,226.14,268.67,268.67,10.17,37.4,0,,219.35,,,0,,,0,,,,
2010-12-21,235.55,243.46,235.39,242.44,9313990,251.97,255.73,226.14,268.67,268.67,10.14,44.34,0,,225.0,,,0,,,0,,,,
2010-12-22,244.22,244.49,239.84,241.21,5855595,252.1,254.23,226.14,268.67,268.67,9.74,43.6,0,,224.46,,,0,,,0,,,,
2010-12-23,243.26,243.26,240.84,241.66,2830535,252.22,252.71,226.14,268.67,268.67,9.22,43.97,0,,225.1,,,0,,,0,,,,
2010-12-24,239.07,243.63,239.07,243.11,2594170,252.37,251.35,226.14,268.67,268.67,8.89,45.2,0,,226.26,,,0,,,0,,,,
2010-12-27,244.47,244.58,240.92,242.12,2077245,252.56,250.09,226.14,268.67,268.67,8.51,44.48,0,,225.87,,,0,,,0,,,,
2010-12-28,243.09,243.09,236.59,237.03,3570910,252.72,248.85,226.14,268.67,268.67,8.37,40.88,0,,222.68,,,0,,,0,,,,
2010-12-29,237.33,241.83,237.33,241.35,3942910,252.84,247.56,226.14,268.67,268.67,8.12,44.95,0,,225.64,,,0,,,0,,,,
2010-12-30,242.74,246.18,240.0,245.28,7050460,252.97,246.74,226.14,268.67,268.67,7.98,48.44,0,,228.27,,,0,,,0,,,,
2010-12-31,245.82,249.73,244.93,248.28,4513055,253.11,246.27,229.5,267.64,268.67,7.75,50.99,0,,231.47,,,0,,,0,,,,
2011-01-03,251.02,252.31,246.85,251.51,5266100,253.34,246.17,232.97,262.0,267.64,7.59,53.64,0,,234.82,,,0,,,0,,,,
2011-01-04,252.47,253.15,247.07,247.88,6919075,253.52,245.66,232.97,254.71,262.0,7.48,50.34,0,,232.55,,,0,,,0,,,,
2011-01-05,248.45,248.45,239.62,241.07,8749390,253.6,244.98,232.97,253.15,254.71,7.58,44.77,0,,228.1,,,0,,,0,,,,
2011-01-06,242.07,243.13,239.07,240.14,3967170,253.68,244.5,232.97,253.15,253.15,7.32,44.05,0,,227.66,,,0,,,0,,,,
2011-01-07,239.13,239.13,232.43,235.51,12047915,253.76,244.11,232.43,253.15,253.15,7.35,40.57,0,,224.48,,,0,,,0,,,,
2011-01-10,236.31,239.99,229.19,230.72,8070285,253.79,243.65,229.19,253.15,253.15,7.6,37.29,0,,220.15,,,0,,,0,,,,
2011-01-11,231.73,243.76,231.71,239.1,12543110,253.87,243.47,229.19,253.15,253.15,7.99,45.59,0,,225.29,,,0,,,0,,,,
2011-01-12,240.16,243.27,237.23,241.52,12960200,253.95,243.14,229.19,253.15,253.15,7.85,47.74,0,,226.95,,,0,,,0,,,,
2011-01-13,240.63,244.14,231.91,232.71,5724240,253.97,242.17,229.19,253.15,253.15,8.16,41.33,0,,221.05,,,0,,,0,,,,
2011-01-14,233.51,234.84,219.76,220.97,13463850,253.91,240.61,219.76,253.15,253.15,8.66,34.66,0,,210.01,,,0,,,0,,,,
2011-01-17,222.88,228.03,220.7,226.01,10319355,253.89,239.52,219.76,253.15,253.15,8.56,39.2,0,,213.32,,,0,,,0,,,,
2011-01-18,226.22,238.69,226.22,235.07,14701270,253.96,238.89,219.76,253.15,253.15,8.85,46.4,0,,218.97,,,0,,,0,,,,
2011-01-19,235.39,238.52,233.18,235.41,7958925,254.04,238.61,219.76,253.15,253.15,8.6,46.66,0,,219.36,,,0,,,0,,,,
2011-01-20,234.29,245.22,230.79,236.33,12914185,254.13,238.82,219.76,253.15,253.15,9.02,47.39,0,,219.67,,,0,,,0,,,,
2011-01-21,234.47,237.9,232.81,236.69,10185635,254.17,239.07,219.76,253.15,253.15,8.74,47.69,0,,220.09,,,0,,,0,,,,
2011-01-24,237.04,247.3,237.04,243.8,16310795,254.29,239.09,219.76,253.15,253.15,8.87,53.38,0,,224.59,,,0,,,0,,,,
2011-01-25,244.22,247.16,237.92,238.55,13241745,254.34,238.94,219.76,253.15,253.15,8.9,49.13,0,,221.19,,,0,,,0,,,,
2011-01-27,241.64,243.85,236.68,238.87,14377695,254.39,238.92,219.76,253.15,253.15,8.78,49.4,0,,221.47,,,0,,,0,,,,
2011-01-28,239.07,239.88,228.67,230.52,13023670,254.39,238.65,219.76,253.15,253.15,8.95,43.1,0,,215.97,,,0,,,0,,,,
2011-01-31,226.57,232.23,225.95,228.44,9721405,254.37,238.23,219.76,253.15,253.15,8.76,41.67,0,,214.76,,,0,,,0,,,,
2011-02-01,230.54,231.28,226.93,228.52,8100325,254.37,238.06,219.76,253.15,253.15,8.44,41.75,0,,215.02,,,0,,,0,,,,
2011-02-02,230.79,231.16,223.63,225.28,8549595,254.35,237.49,219.76,248.45,253.15,8.38,39.4,0,,212.97,,,0,,,0,,,,
2011-02-03,223.99,232.34,223.99,231.04,4917935,254.38,237.15,219.76,247.3,248.45,8.38,45.3,0,,216.69,,,0,,,0,,,,
2011-02-04,229.02,233.24,222.92,224.83,9051770,254.36,236.59,219.76,247.3,247.3,8.52,40.7,0,,212.59,,,0,,,0,,,,
2011-02-07,228.47,228.47,223.48,225.93,4912680,254.35,236.02,220.7,247.3,247.3,8.26,41.83,0,,213.78,,,0,,,0,,,,
2011-02-08,225.29,226.93,217.39,218.97,6334730,254.27,235.24,217.39,247.3,247.3,8.35,37.03,0,,208.13,,,0,,,0,,,,
2011-02-09,217.92,219.77,211.48,213.44,8796985,254.18,234.46,211.48,247.3,247.3,8.35,33.73,0,,202.6,,,0,,,0,,,,
2011-02-10,212.6,219.72,211.48,214.34,9417625,254.09,233.56,211.48,247.3,247.3,8.34,34.75,0,,203.18,,,0,,,0,,,,
2011-02-11,214.26,226.14,213.9,224.67,7206395,254.02,232.87,211.48,247.3,247.3,8.62,45.19,0,,209.66,,,0,,,0,,,,
2011-02-14,221.98,234.63,221.98,233.56,6552065,254.0,232.38,211.48,247.3,247.3,8.91,52.27,0,,215.2,,,0,,,0,,,,
2011-02-15,234.91,236.92,229.93,234.43,6995755,253.97,231.81,211.48,247.3,247.3,8.77,52.91,0,,215.85,,,0,,,0,,,,
2011-02-16,232.66,239.99,232.66,238.48,8241520,253.95,231.5,211.48,247.3,247.3,8.67,55.88,0,,218.53,,,0,,,0,,,,
2011-02-17,248.05,248.05,237.6,242.28,7378890,253.91,231.54,211.48,248.05,247.3,8.8,58.52,0,,220.9,,,0,,,0,,,,
2011-02-18,242.38,246.66,237.24,238.48,10497290,253.84,231.48,211.48,248.05,248.05,8.84,54.98,0,,218.42,,,0,,,0,,,,
2011-02-21,237.23,241.46,235.02,240.34,5389735,253.77,231.64,211.48,248.05,248.05,8.67,56.37,0,,219.73,,,0,,,0,,,,
2011-02-22,233.79,237.96,231.34,232.57,5128665,253.64,231.7,211.48,248.05,248.05,8.69,49.48,0,,214.71,,,0,,,0,,,,
2011-02-23,231.7,235.2,230.11,230.79,4696050,253.53,231.43,211.48,248.05,248.05,8.44,48.03,0,,213.73,,,0,,,0,,,,
2011-02-24,228.58,230.06,217.0,218.9,10047650,253.32,230.67,211.48,248.05,248.05,8.82,39.67,0,,205.81,,,0,,,0,,,,
2011-02-25,221.76,228.77,219.53,226.65,8398290,253.13,230.47,211.48,248.05,248.05,8.89,46.24,0,,210.75,,,0,,,0,,,,
2011-02-28,226.75,237.83,222.88,224.09,9199505,252.93,230.58,211.48,248.05,248.05,9.33,44.52,0,,208.81,,,0,,,0,,,,
2011-03-01,227.11,238.88,226.83,237.01,7055055,252.82,230.94,211.48,248.05,248.05,9.72,53.86,0,,216.89,,,0,,,0,,,,
2011-03-03,235.02,242.74,231.91,240.87,11345475,252.77,231.14,211.48,248.05,248.05,9.8,56.23,0,,219.32,,,0,,,0,,,,
2011-03-04,243.55,246.61,241.49,244.27,8147410,252.73,231.43,213.9,248.05,248.05,9.51,58.27,0,,222.52,,,0,,,0,,,,
2011-03-07,239.99,240.91,232.81,236.01,5579705,252.65,231.42,217.0,248.05,248.05,9.65,51.95,0,,218.13,,,0,,,0,,,,
2011-03-08,236.49,242.38,235.96,241.18,4933980,252.6,231.57,217.0,248.05,248.05,9.41,55.22,0,,221.62,,,0,,,0,,,,
2011-03-09,242.19,244.5,237.6,239.24,6666290,252.54,231.42,217.0,248.05,248.05,9.24,53.74,0,,220.49,,,0,,,0,,,,
2011-03-10,238.54,238.54,234.47,236.32,3470595,252.48,231.34,217.0,248.05,248.05,8.92,51.51,0,,218.82,,,0,,,0,,,,
2011-03-11,234.65,238.52,231.4,232.76,6341595,252.42,231.14,217.0,248.05,248.05,8.79,48.84,0,,216.6,,,0,,,0,,,,
2011-03-14,232.81,238.5,232.81,237.29,4843775,252.39,231.37,217.0,248.05,248.05,8.57,52.23,0,,219.67,,,0,,,0,,,,
2011-03-15,230.49,239.03,229.08,235.93,7451930,252.36,231.62,217.0,248.05,248.05,8.67,51.13,0,,218.73,,,0,,,0,,,,
2011-03-16,237.23,243.66,237.23,242.49,7462555,252.38,232.08,217.0,248.05,248.05,8.6,55.94,0,,223.0,,,0,,,0,,,,
2011-03-17,239.07,244.28,236.55,237.43,8448360,252.39,232.49,217.0,248.05,248.05,8.54,51.71,0,,219.78,,,0,,,0,,,,
2011-03-18,238.7,239.07,231.91,233.4,7745895,252.33,232.56,219.53,246.66,248.05,8.44,48.57,0,,218.09,,,0,,,0,,,,
2011-03-21,236.86,237.23,231.91,235.27,2942770,252.27,232.91,222.88,246.61,246.66,8.22,50.09,0,,220.56,,,0,,,0,,,,
2011-03-22,236.86,239.99,235.02,238.31,3878430,252.22,233.33,226.83,246.61,246.61,7.99,52.54,0,,224.0,,,0,,,0,,,,
2011-03-23,238.15,242.28,237.48,241.9,4621175,252.2,234.09,229.08,246.61,246.61,7.76,55.33,0,,227.21,,,0,,,0,,,,
2011-03-24,242.41,245.39,240.46,242.64,6041580,252.16,235.06,229.08,246.61,246.61,7.56,55.9,0,,227.83,,,0,,,0,,,,
2011-03-25,246.94,251.92,244.02,251.01,9739995,252.16,236.29,229.08,251.92,246.61,7.68,61.88,0,,233.14,,,0,,,0,,,,
2011-03-28,251.94,256.04,251.03,254.56,7284900,252.18,237.28,229.08,256.04,251.92,7.49,64.1,0,,235.56,,,0,,,0,,,,
2011-03-29,253.34,263.3,253.34,261.53,12467980,252.23,238.21,229.08,263.3,256.04,7.67,68.04,0,,239.94,,,0,,,0,,,,
2011-03-30,262.4,263.37,259.95,262.32,5872165,252.3,239.14,229.08,263.37,263.3,7.36,68.47,0,,240.65,,,0,,,0,,,,
2011-03-31,262.79,265.47,254.89,258.16,13092835,252.35,239.8,229.08,265.47,263.37,7.59,63.69,0,,237.81,,,0,,,0,,,,
2011-04-01,259.35,260.58,253.52,258.88,5346590,252.4,240.35,229.08,265.47,265.47,7.56,64.16,0,,238.3,,,0,,,0,,,,
2011-04-04,259.5,265.16,258.74,263.36,5457340,252.53,241.18,229.08,265.47,265.47,7.47,67.0,0,,241.24,,,0,,,0,,,,
2011-04-05,266.28,266.28,259.13,262.01,5036870,252.65,241.9,231.91,266.28,265.47,7.45,65.32,0,,241.33,,,0,,,0,,,,
2011-04-06,261.13,265.13,260.22,262.78,8471455,252.77,242.91,231.91,266.28,266.28,7.27,65.84,0,,241.95,,,0,,,0,,,,
2011-04-07,262.97,268.12,260.53,265.87,6285310,252.89,244.08,231.91,268.12,266.28,7.29,67.94,0,,243.93,,,0,,,0,,,,
2011-04-08,265.92,268.57,263.94,266.6,7826220,252.96,245.67,231.91,268.57,268.12,7.1,68.44,0,,244.53,,,0,,,0,,,,
2011-04-11,264.3,264.79,258.18,259.27,7885465,253.0,246.76,235.02,268.57,268.57,7.2,58.67,0,,240.77,,,0,,,0,,,,
2011-04-13,256.54,265.9,256.42,264.5,5860385,253.05,248.11,237.48,268.57,268.57,7.36,62.75,0,,244.86,,,0,,,0,,,,
2011-04-15,262.25,268.1,261.43,262.96,6912525,253.09,248.97,240.46,268.57,268.57,7.31,60.85,0,,244.89,,,0,,,0,,,,
2011-04-18,262.97,266.65,254.59,255.58,7108325,253.1,249.46,244.02,268.57,268.57,7.65,52.6,0,,241.09,,,0,,,0,,,,
2011-04-19,254.51,260.55,254.18,259.18,4305525,253.14,249.96,251.03,268.57,268.57,7.56,55.75,0,,245.81,,,0,,,0,,,,
2011-04-20,261.5,267.17,260.21,266.28,3784850,253.17,250.97,253.34,268.57,268.57,7.59,61.22,0,,251.14,,,0,,,0,,,,
2011-04-21,266.47,268.09,264.56,266.2,4924225,253.19,251.8,253.52,268.57,268.57,7.3,61.13,0,,251.34,,,0,,,0,,,,
2011-04-25,257.09,259.02,252.12,253.28,20508745,253.08,252.27,252.12,268.57,268.57,7.78,48.49,0,,242.22,,,0,,,0,,,,
2011-04-26,255.21,255.21,246.17,249.43,14093040,252.92,252.71,246.17,268.57,268.57,7.87,45.47,0,,237.69,,,0,,,0,,,,
2011-04-27,252.16,252.31,245.14,247.13,9635485,252.72,253.18,245.14,268.57,268.57,7.82,43.72,0,,235.9,,,0,,,0,,,,
2011-04-28,249.16,249.16,243.5,245.26,10635175,252.46,253.45,243.5,268.57,268.57,7.67,42.29,0,,234.25,,,0,,,0,,,,
2011-04-29,246.05,246.94,233.61,236.6,15491240,252.16,253.47,233.61,268.57,268.57,8.07,36.38,0,,225.1,,,0,,,0,,,,
2011-05-02,238.68,238.7,231.73,234.74,9367700,251.85,253.21,231.73,268.57,268.57,7.99,35.24,0,,223.32,,,0,,,0,,,,
2011-05-03,234.23,238.24,222.62,226.27,22116145,251.53,252.84,222.62,268.57,268.57,8.54,30.54,0,,214.46,,,0,,,0,,,,
2011-05-04,226.1,229.69,223.44,227.22,14179185,251.19,252.64,222.62,268.57,268.57,8.38,31.64,0,,215.18,,,0,,,0,,,,
2011-05-05,228.01,229.69,221.16,222.49,8260385,250.83,252.21,221.16,268.57,268.57,8.39,29.17,0,,211.64,,,0,,,0,,,,
2011-05-06,222.88,232.61,222.88,231.38,11581670,250.53,251.98,221.16,268.57,268.57,8.51,38.85,0,,217.29,,,0,,,0,,,,
2011-05-09,231.73,233.28,226.42,227.62,5076885,250.19,251.5,221.16,268.57,268.57,8.39,36.57,0,,214.94,,,0,,,0,,,,
2011-05-10,228.02,228.49,223.99,225.95,7412830,249.81,250.95,221.16,268.57,268.57,8.11,35.58,0,,214.05,,,0,,,0,,,,
2011-05-11,225.27,228.91,225.09,225.87,8275310,249.39,250.11,221.16,268.1,268.57,7.81,35.53,0,,214.2,,,0,,,0,,,,
2011-05-12,224.91,228.01,220.86,221.72,6511545,248.93,249.01,220.86,268.1,268.1,7.76,32.94,0,,211.46,,,0,,,0,,,,
2011-05-13,222.61,231.67,222.27,228.9,10011215,248.53,247.93,220.86,268.1,268.1,7.92,40.95,0,,215.98,,,0,,,0,,,,
2011-05-16,228.33,228.33,224.02,225.16,3966445,248.11,246.69,220.86,268.09,268.1,7.7,38.38,0,,213.71,,,0,,,0,,,,
2011-05-17,225.48,228.31,221.88,224.24,5716775,247.69,245.56,220.86,268.09,268.09,7.61,37.75,0,,213.18,,,0,,,0,,,,
2011-05-18,224.91,226.56,221.08,223.98,6481770,247.25,244.39,220.86,268.09,268.09,7.46,37.56,0,,213.12,,,0,,,0,,,,
2011-05-19,226.19,226.19,221.99,223.37,3538375,246.84,243.06,220.86,268.09,268.09,7.22,37.1,0,,212.88,,,0,,,0,,,,
2011-05-20,225.09,226.47,222.15,224.52,6269095,246.45,241.81,220.86,259.02,268.09,7.02,38.64,0,,213.76,,,0,,,0,,,,
2011-05-23,223.44,224.0,217.55,218.47,7595615,245.95,240.33,217.55,255.21,259.02,7.01,33.93,0,,208.75,,,0,,,0,,,,
2011-05-24,219.76,223.44,218.19,221.12,6296630,245.51,238.84,217.55,252.31,255.21,6.89,37.52,0,,210.55,,,0,,,0,,,,
2011-05-25,221.39,221.39,216.08,217.3,6637750,245.12,237.2,216.08,249.16,252.31,6.78,34.6,0,,207.67,,,0,,,0,,,,
2011-05-26,219.67,222.88,217.83,222.22,6305810,244.78,235.96,216.08,246.94,249.16,6.69,40.97,0,,210.9,,,0,,,0,,,,
2011-05-27,223.43,225.83,221.83,224.47,8170820,244.48,234.63,216.08,238.7,246.94,6.5,43.68,0,,212.48,,,0,,,0,,,,
2011-05-30,225.09,229.5,225.09,229.0,5998095,244.22,233.5,216.08,238.24,238.7,6.39,48.76,0,,215.47,,,0,,,0,,,,
2011-05-31,230.22,237.04,230.06,235.85,10911405,243.95,232.84,216.08,237.04,238.24,6.51,55.33,0,,219.81,,,0,,,0,,,,
2011-06-01,235.8,237.55,232.67,235.07,3961410,243.72,232.04,216.08,237.55,237.04,6.39,54.47,0,,219.38,,,0,,,0,,,,
2011-06-02,230.81,236.31,230.81,234.24,4338985,243.49,230.97,216.08,237.55,237.55,6.33,53.52,0,,218.89,,,0,,,0,,,,
2011-06-03,233.92,236.86,225.09,228.54,7067540,243.22,229.71,216.08,237.55,237.55,6.72,47.41,0,,214.96,,,0,,,0,,,,
2011-06-06,228.4,228.4,222.18,227.2,9434745,242.96,228.84,216.08,237.55,237.55,6.69,46.08,0,,214.11,,,0,,,0,,,,
2011-06-07,225.64,230.41,225.23,228.89,5219080,242.72,228.16,216.08,237.55,237.55,6.58,48.06,0,,215.27,,,0,,,0,,,,
2011-06-08,228.93,229.88,226.38,228.53,6911705,242.44,227.54,216.08,237.55,237.55,6.36,47.66,0,,215.19,,,0,,,0,,,,
2011-06-09,228.75,232.89,228.58,231.82,5245275,242.13,227.09,216.08,237.55,237.55,6.22,51.64,0,,217.4,,,0,,,0,,,,
2011-06-10,231.0,231.74,227.84,229.73,4060225,241.79,226.86,216.08,237.55,237.55,6.06,49.09,0,,216.16,,,0,,,0,,,,
2011-06-13,228.8,230.26,226.35,229.38,5555375,241.43,226.68,216.08,237.55,237.55,5.91,48.65,0,,216.04,,,0,,,0,,,,
2011-06-14,229.7,235.13,229.7,234.36,5273515,241.1,226.95,216.08,237.55,237.55,5.9,54.78,0,,219.26,,,0,,,0,,,,
2011-06-15,234.29,234.35,227.09,227.73,6280325,240.71,226.97,217.83,237.55,237.55,5.99,46.78,0,,215.5,,,0,,,0,,,,
2011-06-16,226.9,228.77,224.17,226.51,13606230,240.31,227.1,221.83,237.55,237.55,5.89,45.46,0,,216.11,,,0,,,0,,,,
2011-06-17,231.5,231.5,225.7,227.38,6305405,239.93,226.97,222.18,237.55,237.55,5.89,46.62,0,,216.79,,,0,,,0,,,,
2011-06-20,227.84,230.16,223.37,228.1,7130700,239.58,226.99,222.18,237.55,237.55,5.95,47.6,0,,217.22,,,0,,,0,,,,
2011-06-21,228.95,234.35,228.1,230.97,6476290,239.29,227.15,222.18,237.55,237.55,5.97,51.46,0,,219.05,,,0,,,0,,,,
2011-06-22,233.04,235.76,231.56,233.35,7148560,238.98,227.4,222.18,237.55,237.55,5.89,54.45,0,,220.64,,,0,,,0,,,,
2011-06-23,231.99,232.86,229.3,231.44,4770705,238.73,227.73,222.18,237.55,237.55,5.76,51.7,0,,219.5,,,0,,,0,,,,
2011-06-24,232.67,237.69,232.48,236.63,5449420,238.56,227.99,222.18,237.69,237.55,5.79,57.92,0,,222.82,,,0,,,0,,,,
2011-06-27,235.65,244.09,232.49,242.98,8757805,238.48,228.58,223.37,244.09,237.69,6.21,64.03,1,242.98,227.04,227.04,227.04,1,19,2011-06-27,0,,,,
2011-06-28,243.84,244.04,239.97,242.33,6884085,238.34,229.18,223.37,244.09,244.09,6.06,63.02,0,,226.72,,227.04,1,19,2011-06-27,0,,,,
2011-06-29,244.02,244.76,239.29,240.59,6687300,238.2,229.74,223.37,244.76,244.09,6.01,60.29,0,,225.63,,227.04,1,19,2011-06-27,0,,,,
2011-06-30,240.99,242.9,238.27,239.84,7557495,238.1,230.29,223.37,244.76,244.76,5.91,59.09,0,,225.21,,227.04,1,19,2011-06-27,0,,,,
2011-07-01,244.39,244.58,240.48,243.49,4277470,238.08,230.92,223.37,244.76,244.76,5.83,62.93,0,,227.62,,227.62,1,19,2011-06-27,0,,,,
2011-07-04,246.23,248.8,244.12,248.15,4394180,238.1,231.91,223.37,248.8,244.76,5.79,67.17,1,248.15,230.65,230.65,230.65,1,19,2011-06-27,0,,,,
2011-07-05,249.13,249.13,245.52,246.98,3904440,238.12,232.77,223.37,249.13,248.8,5.64,65.16,0,,230.0,,230.65,1,19,2011-06-27,0,,,,
2011-07-06,246.67,247.48,242.9,243.67,2691170,238.07,233.65,223.37,249.13,249.13,5.56,59.7,0,,227.92,,230.65,1,19,2011-06-27,0,,,,
2011-07-07,244.19,248.3,243.57,247.68,2870420,237.97,234.5,223.37,249.13,249.13,5.5,63.67,0,,230.54,,230.65,1,19,2011-06-27,0,,,,
2011-07-08,248.13,248.84,242.31,242.89,4272440,237.81,235.11,223.37,249.13,249.13,5.58,56.51,0,,227.4,,230.65,1,19,2011-06-27,0,,,,
2011-07-11,242.9,242.9,234.36,235.08,6432280,237.65,235.31,228.1,249.13,249.13,5.79,47.2,0,,223.8,,230.65,1,19,2011-06-27,1,237.65,SMA150_BREAK,11,-2.19
2011-07-12,233.31,236.63,231.59,235.54,7215995,237.53,235.3,229.3,249.13,249.13,5.73,47.74,0,,224.53,,,0,,,0,,,,
2011-07-13,236.02,238.79,234.85,236.54,4801380,237.48,235.35,229.3,249.13,249.13,5.61,48.98,0,,225.26,,,0,,,0,,,,
2011-07-14,235.57,240.71,235.28,237.93,4072410,237.53,235.48,231.59,249.13,249.13,5.59,50.72,0,,226.93,,,0,,,0,,,,
2011-07-15,238.25,239.34,234.82,235.82,2789800,237.58,235.72,231.59,249.13,249.13,5.52,48.04,0,,225.62,,,0,,,0,,,,
2011-07-18,235.32,236.11,232.88,234.81,3974445,237.52,235.97,231.59,249.13,249.13,5.35,46.76,0,,225.08,,,0,,,0,,,,
2011-07-19,235.78,237.69,234.9,236.77,3553920,237.48,236.23,231.59,249.13,249.13,5.18,49.56,0,,226.46,,,0,,,0,,,,
2011-07-20,237.92,238.35,234.35,234.84,4681000,237.45,236.44,231.59,249.13,249.13,5.09,46.94,0,,225.27,,,0,,,0,,,,
2011-07-21,234.22,234.7,229.14,230.55,12203725,237.39,236.4,229.14,249.13,249.13,5.14,41.67,0,,221.66,,,0,,,0,,,,
2011-07-22,231.98,244.02,230.81,241.21,21087915,237.39,236.78,229.14,249.13,249.13,5.73,55.15,0,,228.14,,,0,,,0,,,,
2011-07-25,240.8,249.23,240.55,248.71,12150640,237.49,237.43,229.14,249.23,249.13,5.94,61.83,0,,232.84,,,0,,,0,,,,
2011-07-26,248.3,249.23,242.83,245.42,10951515,237.51,237.8,229.14,249.23,249.23,5.97,57.77,0,,230.69,,,0,,,0,,,,
2011-07-27,245.88,246.41,240.62,241.88,7148625,237.52,238.27,229.14,249.23,249.23,5.96,53.68,0,,228.42,,,0,,,0,,,,
2011-07-28,239.0,243.27,239.0,242.07,6765025,237.52,238.79,229.14,249.23,249.23,5.84,53.86,0,,228.62,,,0,,,0,,,,
2011-07-29,241.79,249.6,240.37,248.76,9254860,237.56,239.5,229.14,249.6,249.23,6.08,60.04,0,,232.78,,,0,,,0,,,,
2011-08-01,250.9,254.35,250.43,251.64,6133050,237.62,240.29,229.14,254.35,249.6,6.05,62.37,1,251.64,234.66,234.66,234.66,1,20,2011-08-01,0,,,,
2011-08-02,250.16,250.7,246.64,249.75,4850430,237.71,240.91,229.14,254.35,254.35,5.97,59.9,0,,233.49,,234.66,1,20,2011-08-01,0,,,,
2011-08-03,247.5,247.5,240.44,242.0,9169615,237.71,241.2,229.14,254.35,254.35,6.21,50.97,0,,228.33,,234.66,1,20,2011-08-01,0,,,,
2011-08-04,242.46,244.17,238.25,239.17,7848375,237.67,241.46,229.14,254.35,254.35,6.19,48.15,0,,226.52,,234.66,1,20,2011-08-01,0,,,,
2011-08-05,231.56,232.95,223.19,231.01,15628460,237.56,241.27,223.19,254.35,254.35,6.89,41.09,0,,218.81,,234.66,1,20,2011-08-01,1,237.56,TRAILING_STOP|SMA150_BREAK,5,-5.6
2011-08-08,224.15,235.43,223.29,229.78,8300890,237.41,240.83,223.19,254.35,254.35,7.26,40.13,0,,217.76,,,0,,,0,,,,
2011-08-09,221.42,230.31,219.64,224.15,18090930,237.25,240.22,219.64,254.35,254.35,7.51,36.01,0,,212.78,,,0,,,0,,,,
2011-08-10,231.0,233.18,227.89,232.51,9516980,237.2,239.95,219.64,254.35,254.35,7.62,45.04,0,,218.1,,,0,,,0,,,,
2011-08-11,230.07,232.95,224.34,225.21,9349310,237.1,239.47,219.64,254.35,254.35,7.69,39.76,0,,213.35,,,0,,,0,,,,
2011-08-12,228.67,228.91,221.92,224.91,7980730,237.03,238.85,219.64,254.35,254.35,7.64,39.56,0,,213.19,,,0,,,0,,,,
2011-08-16,228.2,228.91,224.42,225.5,7184500,236.99,238.09,219.64,254.35,254.35,7.41,40.21,0,,213.72,,,0,,,0,,,,
2011-08-17,224.54,228.14,217.08,217.57,10824105,236.85,237.11,217.08,254.35,254.35,7.67,34.77,0,,207.58,,,0,,,0,,,,
2011-08-18,218.11,218.54,204.77,206.13,1961760,236.61,235.86,204.77,254.35,254.35,8.11,28.73,0,,195.8,,,0,,,0,,,,
2011-08-19,204.24,204.59,193.62,198.93,15966050,236.39,234.24,193.62,254.35,254.35,8.42,25.7,0,,187.23,,,0,,,0,,,,
2011-08-22,199.97,200.5,190.86,195.49,12491505,236.22,232.66,190.86,254.35,254.35,8.51,24.38,0,,184.04,,,0,,,0,,,,
2011-08-23,196.78,205.13,195.48,201.53,12693050,236.05,231.54,190.86,254.35,254.35,8.59,31.08,0,,187.88,,,0,,,0,,,,
2011-08-24,200.6,207.27,192.69,195.23,12395595,235.79,230.19,190.86,254.35,254.35,9.02,28.27,0,,183.53,,,0,,,0,,,,
2011-08-25,196.22,197.84,186.96,189.57,19345960,235.48,228.63,186.96,254.35,254.35,9.15,25.99,0,,178.49,,,0,,,0,,,,
2011-08-26,190.82,191.91,184.46,186.05,10980215,235.15,226.9,184.46,254.35,254.35,9.03,24.66,0,,175.47,,,0,,,0,,,,
2011-08-29,189.52,195.65,188.87,193.33,11080275,234.86,225.48,184.46,254.35,254.35,9.07,32.37,0,,180.14,,,0,,,0,,,,
2011-08-30,197.15,200.87,196.21,199.52,9426925,234.56,224.31,184.46,250.7,254.35,8.96,38.16,0,,184.2,,,0,,,0,,,,
2011-09-02,205.33,206.39,194.94,200.94,11090720,234.31,223.11,184.46,247.5,250.7,9.14,39.44,0,,185.0,,,0,,,0,,,,
2011-09-05,199.68,209.19,196.78,207.28,13737055,234.1,222.19,184.46,244.17,247.5,9.37,44.93,0,,188.93,,,0,,,0,,,,
2011-09-06,206.26,213.7,201.82,212.11,15091680,233.98,221.58,184.46,235.43,244.17,9.55,48.74,0,,191.93,,,0,,,0,,,,
2011-09-07,212.31,215.56,211.83,212.67,10098150,233.87,220.63,184.46,235.43,235.43,9.14,49.18,0,,192.57,,,0,,,0,,,,
2011-09-08,212.32,215.91,209.5,213.99,12449725,233.78,219.47,184.46,233.18,235.43,8.94,50.26,0,,193.55,,,0,,,0,,,,
2011-09-09,213.37,214.61,203.9,205.2,11559455,233.64,218.13,184.46,233.18,233.18,9.07,43.61,0,,187.8,,,0,,,0,,,,
2011-09-12,202.73,203.1,193.89,195.58,7030250,233.41,216.59,184.46,232.95,233.18,9.23,37.72,0,,181.48,,,0,,,0,,,,
2011-09-13,196.27,200.6,193.24,195.26,7750235,233.21,215.03,184.46,228.91,232.95,9.09,37.54,0,,181.37,,,0,,,0,,,,
2011-09-14,196.22,203.58,194.03,202.49,10823220,233.05,213.48,184.46,228.91,228.91,9.13,44.09,0,,186.01,,,0,,,0,,,,
2011-09-15,203.97,208.87,198.39,207.51,9527160,232.98,212.01,184.46,228.14,228.91,9.22,48.15,0,,189.18,,,0,,,0,,,,
2011-09-16,210.35,212.2,205.65,210.79,16317510,232.96,210.71,184.46,218.54,228.14,9.03,50.67,0,,191.42,,,0,,,0,,,,
2011-09-19,209.2,209.2,204.4,205.45,6504100,232.9,209.5,184.46,215.91,218.54,8.84,46.69,0,,188.11,,,0,,,0,,,,
2011-09-20,204.83,213.87,204.4,212.75,7609115,232.82,208.61,188.87,215.91,215.91,8.89,52.22,0,,194.25,,,0,,,0,,,,
2011-09-21,212.6,215.93,210.21,215.12,12873220,232.7,208.08,193.24,215.93,215.91,8.66,53.89,0,,197.39,,,0,,,0,,,,
2011-09-22,210.35,211.27,205.89,206.89,9979475,232.51,207.32,193.24,215.93,215.93,8.7,47.66,0,,192.06,,,0,,,0,,,,
2011-09-23,204.61,207.56,198.15,202.14,13703975,232.27,206.59,193.24,215.93,215.93,8.75,44.46,0,,188.96,,,0,,,0,,,,
2011-09-26,201.5,201.69,193.11,196.4,13580105,231.96,205.38,193.11,215.93,215.93,8.77,40.89,0,,185.2,,,0,,,0,,,,
2011-09-27,199.75,203.66,198.08,202.36,9597470,231.72,204.62,193.11,215.93,215.93,8.67,45.76,0,,189.12,,,0,,,0,,,,
2011-09-28,202.91,203.84,198.16,199.51,10083715,231.45,203.78,193.11,215.93,215.93,8.45,43.9,0,,187.42,,,0,,,0,,,,
2011-09-29,197.89,200.96,196.24,198.96,10926140,231.23,202.89,193.11,215.93,215.93,8.19,43.53,0,,187.24,,,0,,,0,,,,
2011-09-30,197.56,197.71,187.96,189.5,14635020,230.95,201.96,187.96,215.93,215.93,8.39,37.67,0,,179.29,,,0,,,0,,,,
2011-10-03,186.55,186.92,182.27,183.85,9969910,230.72,201.21,182.27,215.93,215.93,8.3,34.67,0,,173.8,,,0,,,0,,,,
2011-10-04,183.09,185.32,176.88,178.5,16141740,230.4,200.53,176.88,215.93,215.93,8.31,32.07,0,,168.55,,,0,,,0,,,,
2011-10-05,180.78,181.34,175.8,177.06,10903735,230.08,199.92,175.8,215.93,215.93,8.12,31.39,0,,167.39,,,0,,,0,,,,
2011-10-07,181.74,193.15,181.74,191.63,12722505,229.78,199.59,175.8,215.93,215.93,8.69,44.31,0,,176.41,,,0,,,0,,,,
2011-10-10,191.57,196.22,189.12,195.08,7355710,229.48,199.58,175.8,215.93,215.93,8.57,46.87,0,,178.71,,,0,,,0,,,,
2011-10-11,197.2,201.03,194.36,195.8,9235720,229.15,199.79,175.8,215.93,215.93,8.44,47.41,0,,179.27,,,0,,,0,,,,
2011-10-12,196.4,204.57,193.09,203.35,12414410,228.94,200.37,175.8,215.93,215.93,8.65,52.84,0,,183.99,,,0,,,0,,,,
2011-10-13,204.59,206.08,200.87,202.09,15379755,228.67,200.66,175.8,215.93,215.93,8.41,51.88,0,,183.34,,,0,,,0,,,,
2011-10-14,200.04,206.45,200.04,205.21,10864180,228.45,200.85,175.8,215.93,215.93,8.26,54.11,0,,185.45,,,0,,,0,,,,
2011-10-17,206.8,210.69,206.12,208.65,9049145,228.26,201.11,175.8,215.93,215.93,8.07,56.5,0,,187.8,,,0,,,0,,,,
2011-10-18,204.59,205.53,200.36,204.13,10259885,228.07,201.0,175.8,215.93,215.93,8.08,52.62,0,,184.88,,,0,,,0,,,,
2011-10-19,205.52,211.1,205.46,210.68,5811550,227.9,200.95,175.8,215.93,215.93,8.0,57.21,0,,189.15,,,0,,,0,,,,
2011-10-20,207.56,211.28,204.61,210.28,7378920,227.72,200.87,175.8,211.28,215.93,7.91,56.84,0,,188.96,,,0,,,0,,,,
2011-10-21,211.43,212.01,208.74,209.74,7096310,227.51,200.73,175.8,212.01,211.28,7.58,56.33,0,,188.83,,,0,,,0,,,,
2011-10-24,215.39,221.16,214.46,217.34,14777600,227.37,201.14,175.8,221.16,212.01,7.85,61.63,0,,193.55,,,0,,,0,,,,
2011-10-25,218.03,222.07,206.45,207.89,30541475,227.2,201.55,175.8,222.07,221.16,8.41,53.01,0,,187.09,,,0,,,0,,,,
2011-10-28,215.93,219.99,213.06,213.98,20464180,227.06,202.17,175.8,222.07,222.07,8.67,57.17,0,,190.84,,,0,,,0,,,,
2011-10-31,213.89,216.5,212.31,215.63,10248145,226.91,202.61,181.74,222.07,222.07,8.35,58.24,0,,194.1,,,0,,,0,,,,
2011-11-01,213.89,215.06,210.19,211.27,5702165,226.7,202.73,189.12,222.07,222.07,8.14,54.35,0,,193.88,,,0,,,0,,,,
2011-11-02,209.05,212.0,207.79,209.41,8370240,226.48,202.69,193.09,222.07,222.07,7.86,52.73,0,,194.19,,,0,,,0,,,,
2011-11-03,208.29,210.17,205.02,207.54,8604835,226.19,202.76,193.09,222.07,222.07,7.67,51.09,0,,193.12,,,0,,,0,,,,
2011-11-04,211.25,212.96,208.99,209.89,9257910,225.9,202.66,200.04,222.07,222.07,7.51,53.07,0,,197.05,,,0,,,0,,,,
2011-11-08,211.84,214.61,210.04,212.09,7846160,225.57,202.56,200.04,222.07,222.07,7.31,54.91,0,,198.61,,,0,,,0,,,,
2011-11-09,213.7,213.91,205.24,206.88,9010940,225.2,202.56,200.36,222.07,222.07,7.4,49.91,0,,195.29,,,0,,,0,,,,
2011-11-11,205.15,206.94,195.66,196.59,14576455,224.79,202.38,195.66,222.07,222.07,7.68,41.81,0,,186.9,,,0,,,0,,,,
2011-11-14,199.57,201.05,194.6,195.2,6361660,224.36,202.34,194.6,222.07,222.07,7.59,40.85,0,,185.71,,,0,,,0,,,,
2011-11-15,194.17,195.48,185.65,187.55,10666425,223.86,201.84,185.65,222.07,222.07,7.75,35.94,0,,177.68,,,0,,,0,,,,
2011-11-16,187.57,189.91,181.88,187.13,13430830,223.36,201.43,181.88,222.07,222.07,7.77,35.68,0,,176.14,,,0,,,0,,,,
2011-11-17,186.73,187.76,182.47,183.3,11050500,222.83,200.91,181.88,222.07,222.07,7.6,33.37,0,,173.79,,,0,,,0,,,,
2011-11-18,181.92,182.42,174.83,179.33,17458585,222.25,200.57,174.83,222.07,222.07,7.66,31.12,0,,168.84,,,0,,,0,,,,
2011-11-21,178.55,180.63,175.42,176.13,9976120,221.65,200.31,174.83,222.07,222.07,7.48,29.39,0,,166.89,,,0,,,0,,,,
2011-11-22,176.97,178.35,173.03,176.13,16670885,221.09,200.23,173.03,222.07,222.07,7.33,29.39,0,,166.39,,,0,,,0,,,,
2011-11-23,174.27,175.35,171.31,174.29,13105390,220.49,200.14,171.31,222.07,222.07,7.15,28.35,0,,164.75,,,0,,,0,,,,
2011-11-24,174.83,179.42,174.02,178.04,15189375,219.92,199.69,171.31,222.07,222.07,7.02,33.54,0,,167.26,,,0,,,0,,,,
2011-11-25,177.61,181.87,175.84,179.9,9059265,219.42,199.18,171.31,222.07,222.07,6.95,36.02,0,,168.5,,,0,,,0,,,,
2011-11-28,182.49,185.43,181.27,184.39,7765115,218.92,198.8,171.31,219.99,222.07,6.85,41.67,0,,171.47,,,0,,,0,,,,
2011-11-29,184.69,186.31,179.53,181.49,9850415,218.36,198.07,171.31,216.5,219.99,6.85,39.26,0,,169.6,,,0,,,0,,,,
2011-11-30,178.74,181.3,174.09,176.25,13014390,217.76,197.21,171.31,215.06,216.5,6.89,35.28,0,,166.19,,,0,,,0,,,,
2011-12-01,183.22,185.75,179.13,180.89,13175810,217.27,196.4,171.31,214.61,215.06,7.07,40.98,0,,169.06,,,0,,,0,,,,
2011-12-02,182.02,188.22,179.58,187.1,13119630,216.86,195.68,171.31,214.61,214.61,7.18,47.62,0,,172.99,,,0,,,0,,,,
2011-12-05,186.92,192.69,184.61,191.97,12542560,216.49,195.28,171.31,214.61,214.61,7.25,52.17,0,,176.09,,,0,,,0,,,,
2011-12-07,192.13,195.74,191.47,193.35,9369965,216.14,194.7,171.31,214.61,214.61,7.04,53.41,0,,177.12,,,0,,,0,,,,
2011-12-08,192.5,193.79,185.06,186.62,11616210,215.81,193.91,171.31,213.91,214.61,7.16,47.03,0,,172.7,,,0,,,0,,,,
2011-12-09,182.52,188.39,181.93,184.48,10877715,215.48,193.07,171.31,206.94,213.91,7.11,45.18,0,,171.35,,,0,,,0,,,,
2011-12-12,186.92,187.48,179.9,180.48,7581910,215.17,191.84,171.31,201.05,206.94,7.14,41.87,0,,168.75,,,0,,,0,,,,
2011-12-13,178.92,181.15,174.9,178.53,12728320,214.85,190.86,171.31,195.74,201.05,7.08,40.32,0,,167.54,,,0,,,0,,,,
2011-12-14,178.36,182.46,176.79,178.39,12109370,214.55,189.67,171.31,195.74,195.74,6.98,40.21,0,,167.51,,,0,,,0,,,,
2011-12-15,176.32,177.09,173.71,176.52,11343050,214.19,188.37,173.71,195.74,195.74,6.81,38.62,0,,167.22,,,0,,,0,,,,
2011-12-16,177.62,179.29,166.46,168.14,20547090,213.79,186.93,166.46,195.74,195.74,7.24,32.44,0,,159.11,,,0,,,0,,,,
2011-12-19,167.01,167.01,154.0,157.91,18571490,213.34,185.22,154.0,195.74,195.74,7.74,26.81,0,,148.03,,,0,,,0,,,,
2011-12-20,159.52,159.52,150.44,152.57,19478995,212.85,183.38,150.44,195.74,195.74,7.83,24.42,0,,143.33,,,0,,,0,,,,
2011-12-21,157.2,159.77,154.81,158.89,11989230,212.43,181.68,150.44,195.74,195.74,7.79,32.12,0,,147.44,,,0,,,0,,,,
2011-12-22,156.65,163.35,156.31,162.49,15454380,211.99,180.03,150.44,195.74,195.74,7.73,36.11,0,,149.8,,,0,,,0,,,,
2011-12-23,164.6,166.65,161.0,163.66,14661785,211.58,178.59,150.44,195.74,195.74,7.58,37.4,0,,150.65,,,0,,,0,,,,
2011-12-26,163.67,165.72,161.25,162.18,8533050,211.16,177.44,150.44,195.74,195.74,7.36,36.4,0,,149.84,,,0,,,0,,,,
2011-12-27,162.26,162.33,156.19,157.21,8711185,210.72,176.18,150.44,195.74,195.74,7.27,33.19,0,,146.7,,,0,,,0,,,,
2011-12-28,156.42,156.42,152.53,154.85,9735825,210.26,175.09,150.44,195.74,195.74,7.09,31.76,0,,145.3,,,0,,,0,,,,
2011-12-29,153.34,155.84,150.28,151.68,13925110,209.78,173.91,150.28,195.74,195.74,6.98,29.89,0,,143.27,,,0,,,0,,,,
2011-12-30,151.77,153.9,149.41,150.3,10162725,209.32,172.81,149.41,195.74,195.74,6.8,29.09,0,,142.21,,,0,,,0,,,,
2012-01-02,150.65,151.58,145.82,147.82,9727265,208.83,171.76,145.82,195.74,195.74,6.73,27.66,0,,139.47,,,0,,,0,,,,
2012-01-03,149.74,156.58,149.47,155.78,10710050,208.42,171.08,145.82,195.74,195.74,6.87,38.19,0,,144.5,,,0,,,0,,,,
2012-01-04,157.12,159.21,154.72,157.75,16936750,207.99,170.46,145.82,193.79,195.74,6.7,40.5,0,,145.89,,,0,,,0,,,,
2012-01-05,157.91,163.45,157.17,161.93,16901170,207.58,170.05,145.82,188.39,193.79,6.67,45.18,0,,148.6,,,0,,,0,,,,
2012-01-06,160.47,161.07,155.54,158.74,12345325,207.11,169.41,145.82,187.48,188.39,6.65,42.44,0,,146.56,,,0,,,0,,,,
2012-01-09,158.28,160.58,155.32,159.62,8763275,206.6,168.73,145.82,182.46,187.48,6.55,43.46,0,,147.19,,,0,,,0,,,,
2012-01-10,161.62,166.83,161.09,166.41,9827090,206.14,168.13,145.82,182.46,182.46,6.6,50.72,0,,151.54,,,0,,,0,,,,
2012-01-11,167.02,176.22,166.11,173.65,15532065,205.74,167.87,145.82,179.29,182.46,6.85,57.05,0,,156.04,,,0,,,0,,,,
2012-01-12,173.16,180.12,172.4,174.92,17759615,205.38,167.83,145.82,180.12,179.29,6.91,58.06,0,,156.82,,,0,,,0,,,,
2012-01-13,176.48,177.8,172.7,174.77,12004280,205.03,167.62,145.82,180.12,180.12,6.78,57.89,0,,156.81,,,0,,,0,,,,
2012-01-16,173.71,174.64,170.57,173.95,9907110,204.66,167.19,145.82,180.12,180.12,6.6,56.88,0,,156.41,,,0,,,0,,,,
2012-01-17,175.39,182.25,175.39,178.97,13262725,204.33,166.75,145.82,182.25,180.12,6.72,61.32,0,,159.56,,,0,,,0,,,,
2012-01-18,179.29,180.21,172.99,173.57,9206400,203.95,166.09,145.82,182.25,182.25,6.76,54.79,0,,156.06,,,0,,,0,,,,
2012-01-19,175.76,178.77,175.43,177.63,8891125,203.6,165.79,145.82,182.25,182.25,6.64,58.38,0,,158.75,,,0,,,0,,,,
2012-01-20,178.94,189.71,177.7,187.67,24622520,203.32,165.9,145.82,189.71,182.25,7.03,65.64,0,,164.97,,,0,,,0,,,,
2012-01-23,189.15,193.02,184.28,185.42,17972105,202.99,166.06,149.47,193.02,189.71,7.15,62.99,0,,164.65,,,0,,,0,,,,
2012-01-24,185.43,194.55,183.02,192.05,35059620,202.76,166.51,154.72,194.55,193.02,7.47,67.19,0,,170.47,,,0,,,0,,,,
2012-01-25,193.21,200.11,189.81,197.83,22249770,202.56,167.16,155.32,200.11,194.55,7.67,70.35,0,,174.26,,,0,,,0,,,,
2012-01-27,199.75,200.76,196.47,199.58,13897305,202.38,167.93,155.32,200.76,200.11,7.43,71.26,0,,175.55,,,0,,,0,,,,
2012-01-30,198.97,198.97,189.21,190.35,10052175,202.13,168.67,155.32,200.76,200.76,7.64,60.74,0,,169.46,,,0,,,0,,,,
2012-01-31,192.5,202.36,191.75,199.95,11015795,201.92,170.07,161.09,202.36,200.76,7.95,66.31,0,,177.36,,,0,,,0,,,,
2012-02-01,199.85,203.16,195.9,202.38,11137960,201.71,171.73,166.11,203.16,202.36,7.9,67.57,1,202.38,180.64,180.64,180.64,1,21,2012-02-01,0,,,,
2012-02-02,203.47,206.21,197.81,200.11,14033335,201.51,173.11,170.57,206.21,203.16,7.94,65.13,0,,180.64,,180.64,1,21,2012-02-01,1,201.51,SMA150_BREAK,2,-0.43
2012-02-03,200.25,206.33,197.37,204.47,10598495,201.29,174.51,170.57,206.33,206.21,8.01,67.55,0,,183.4,,,0,,,0,,,,
2012-02-06,207.19,208.01,204.21,206.46,14412175,201.05,175.93,170.57,208.01,206.33,7.71,68.62,1,206.46,184.88,184.88,184.88,1,22,2012-02-06,0,,,,
2012-02-07,209.22,209.22,204.4,207.12,8583245,200.81,177.43,172.99,209.22,208.01,7.5,68.99,0,,186.25,,186.25,1,22,2012-02-06,0,,,,
2012-02-08,207.94,212.24,205.08,209.65,14835090,200.61,179.18,172.99,212.24,209.22,7.48,70.41,1,209.65,187.9,187.9,187.9,1,22,2012-02-06,0,,,,
2012-02-09,207.32,212.36,205.75,211.01,11535310,200.41,181.05,175.43,212.36,212.24,7.42,71.18,0,,189.63,,189.63,1,22,2012-02-06,0,,,,
2012-02-10,209.42,212.75,204.94,207.95,8307250,200.18,182.93,177.7,212.75,212.36,7.44,66.97,0,,188.4,,189.63,1,22,2012-02-06,0,,,,
2012-02-13,208.31,209.75,206.17,207.63,7383195,199.91,184.84,183.02,212.75,212.75,7.17,66.53,0,,190.15,,190.15,1,22,2012-02-06,0,,,,
2012-02-14,207.94,210.73,206.68,210.1,6966125,199.66,186.91,183.02,212.75,212.75,6.95,68.27,0,,191.89,,191.89,1,22,2012-02-06,0,,,,
2012-02-15,212.4,228.77,212.05,227.09,17640965,199.55,189.29,189.21,228.77,212.75,7.78,77.1,1,227.09,204.35,204.35,204.35,1,22,2012-02-06,0,,,,
2012-02-16,224.15,229.7,222.26,227.71,12640000,199.42,191.62,189.21,229.7,228.77,7.76,77.35,0,,204.77,,204.77,1,22,2012-02-06,0,,,,
2012-02-17,232.11,240.86,230.63,237.73,14647050,199.38,194.15,189.21,240.86,229.7,8.14,80.94,1,237.73,210.98,210.98,210.98,1,22,2012-02-06,0,,,,
2012-02-21,236.02,243.36,235.86,239.48,10165915,199.41,196.84,191.75,243.36,240.86,8.1,81.49,0,,212.98,,212.98,1,22,2012-02-06,0,,,,
2012-02-22,239.24,240.56,223.93,226.17,15713830,199.35,199.06,195.9,243.36,243.36,8.71,65.88,0,,205.37,,212.98,1,22,2012-02-06,0,,,,
2012-02-23,225.05,231.56,222.44,226.48,15500985,199.28,201.06,197.37,243.36,243.36,8.74,66.04,0,,206.05,,212.98,1,22,2012-02-06,0,,,,
2012-02-24,226.5,231.85,218.75,220.11,15228050,199.16,202.61,197.37,243.36,243.36,9.05,59.72,0,,201.73,,212.98,1,22,2012-02-06,0,,,,
2012-02-27,220.4,220.93,205.52,207.29,15257535,198.97,203.69,204.21,243.36,243.36,9.5,49.46,0,,195.44,,212.98,1,22,2012-02-06,1,212.98,TRAILING_STOP,15,3.16
2012-02-28,210.08,220.96,208.34,217.71,15690705,198.86,205.12,204.4,243.36,243.36,9.8,56.07,0,,202.02,,,0,,,0,,,,
2012-02-29,221.33,224.96,215.79,219.05,12705420,198.74,206.62,204.94,243.36,243.36,9.76,56.85,0,,203.1,,,0,,,0,,,,
2012-03-01,218.54,218.54,210.61,214.43,7889280,198.61,207.81,204.94,243.36,243.36,9.66,53.33,0,,200.18,,,0,,,0,,,,
2012-03-02,216.67,224.84,212.86,216.98,15092035,198.52,209.25,204.94,243.36,243.36,9.83,54.98,0,,201.71,,,0,,,0,,,,
2012-03-05,216.68,217.42,212.54,213.89,6837555,198.33,210.46,205.52,243.36,243.36,9.47,52.55,0,,200.15,,,0,,,0,,,,
2012-03-06,213.68,223.19,205.66,213.42,19573025,198.1,211.32,205.52,243.36,243.36,10.05,52.17,0,,199.46,,,0,,,0,,,,
2012-03-07,212.03,217.6,210.31,216.65,11241830,197.91,212.36,205.52,243.36,243.36,9.85,54.59,0,,201.68,,,0,,,0,,,,
2012-03-09,221.14,226.72,220.4,225.68,11864430,197.8,213.48,205.52,243.36,243.36,9.87,60.59,0,,207.49,,,0,,,0,,,,
2012-03-12,232.49,233.91,225.63,227.84,9704070,197.7,214.48,205.52,243.36,243.36,9.75,61.89,0,,208.96,,,0,,,0,,,,
2012-03-13,230.63,232.21,229.95,230.74,9112190,197.58,215.52,205.52,243.36,243.36,9.37,63.62,0,,211.09,,,0,,,0,,,,
2012-03-14,235.28,238.75,234.02,236.96,13528020,197.49,217.07,205.52,243.36,243.36,9.27,67.08,0,,215.16,,,0,,,0,,,,
2012-03-15,237.14,237.32,229.44,231.07,9495920,197.36,218.11,205.52,243.36,243.36,9.17,61.15,0,,211.43,,,0,,,0,,,,
2012-03-16,229.6,237.97,223.83,226.2,14114215,197.26,218.91,205.52,243.36,243.36,9.53,56.7,0,,208.05,,,0,,,0,,,,
2012-03-19,228.39,230.26,221.06,222.99,9065365,197.15,219.67,205.52,243.36,243.36,9.5,53.91,0,,206.0,,,0,,,0,,,,
2012-03-20,223.19,227.14,219.49,220.65,10887380,197.08,220.21,205.66,243.36,243.36,9.37,51.9,0,,204.62,,,0,,,0,,,,
2012-03-21,220.4,231.18,220.05,228.53,11350050,197.07,220.94,205.66,240.56,243.36,9.5,57.62,0,,209.62,,,0,,,0,,,,
2012-03-22,229.74,231.24,217.44,218.82,10643525,197.03,221.33,205.66,238.75,240.56,9.8,49.77,0,,203.16,,,0,,,0,,,,
2012-03-23,221.1,223.65,214.3,219.35,13980440,196.95,221.66,205.66,238.75,238.75,9.77,50.17,0,,203.52,,,0,,,0,,,,
2012-03-26,218.52,218.52,208.31,209.27,11354425,196.84,221.6,205.66,238.75,238.75,9.86,43.15,0,,196.96,,,0,,,0,,,,
2012-03-27,214.63,215.93,207.76,212.31,14738350,196.76,221.74,205.66,238.75,238.75,9.74,45.62,0,,199.0,,,0,,,0,,,,
2012-03-28,210.17,211.63,206.12,207.49,9845400,196.64,221.74,206.12,238.75,238.75,9.49,42.46,0,,196.21,,,0,,,0,,,,
2012-03-29,204.24,211.58,203.7,208.69,13693150,196.58,221.69,203.7,238.75,238.75,9.37,43.51,0,,196.26,,,0,,,0,,,,
2012-03-30,210.63,214.26,210.17,213.18,12982690,196.62,221.23,203.7,238.75,238.75,9.1,47.37,0,,199.33,,,0,,,0,,,,
2012-04-02,209.42,216.03,209.42,214.78,8658330,196.73,220.8,203.7,238.75,238.75,8.92,48.71,0,,200.48,,,0,,,0,,,,
2012-04-03,215.93,220.4,215.56,218.69,9639870,196.88,220.16,203.7,238.75,238.75,8.69,51.94,0,,203.16,,,0,,,0,,,,
2012-04-04,215.93,218.31,214.88,216.98,7480375,196.99,219.41,203.7,238.75,238.75,8.34,50.45,0,,202.29,,,0,,,0,,,,
2012-04-09,215.29,215.38,212.25,213.13,5116705,197.11,218.98,203.7,238.75,238.75,8.08,47.15,0,,199.98,,,0,,,0,,,,
2012-04-10,214.72,215.65,211.99,214.55,5640610,197.27,218.58,203.7,238.75,238.75,7.77,48.49,0,,201.11,,,0,,,0,,,,
2012-04-11,211.66,217.53,210.92,215.26,8573780,197.47,218.42,203.7,238.75,238.75,7.68,49.18,0,,201.62,,,0,,,0,,,,
2012-04-12,216.38,223.67,216.38,222.54,9649565,197.66,218.93,203.7,238.75,238.75,7.74,55.74,0,,206.28,,,0,,,0,,,,
2012-04-13,224.3,226.34,215.02,216.15,11418680,197.77,218.88,203.7,237.97,238.75,7.99,49.68,0,,201.99,,,0,,,0,,,,
2012-04-16,215.71,223.19,215.39,222.6,6362420,197.92,218.99,203.7,237.97,237.97,7.98,55.0,0,,206.16,,,0,,,0,,,,
2012-04-17,224.86,227.84,216.02,225.35,15690000,198.04,219.36,203.7,231.24,237.97,8.25,57.08,0,,207.75,,,0,,,0,,,,
2012-04-18,226.91,228.12,221.16,222.5,7589085,198.11,219.54,203.7,231.24,231.24,8.16,54.28,0,,205.97,,,0,,,0,,,,
2012-04-19,222.69,224.94,220.17,222.36,5992735,198.17,219.82,203.7,231.24,231.24,7.92,54.14,0,,206.04,,,0,,,0,,,,
2012-04-20,221.32,224.09,216.33,218.94,6775160,198.21,220.01,203.7,231.24,231.24,7.91,50.68,0,,203.85,,,0,,,0,,,,
2012-04-23,219.1,221.03,209.61,211.0,7525865,198.24,219.82,209.42,228.12,231.24,8.16,43.7,0,,200.46,,,0,,,0,,,,
2012-04-24,212.38,212.41,202.54,207.17,12742675,198.32,219.2,202.54,228.12,228.12,8.28,40.79,0,,195.62,,,0,,,0,,,,
2012-04-25,207.19,209.24,201.1,203.61,14089155,198.38,218.4,201.1,228.12,228.12,8.27,38.23,0,,192.85,,,0,,,0,,,,
2012-04-26,203.84,204.39,200.15,202.11,10928690,198.37,217.44,200.15,228.12,228.12,7.98,37.18,0,,191.76,,,0,,,0,,,,
2012-04-27,202.67,207.56,202.54,205.33,12637520,198.36,216.39,200.15,228.12,228.12,7.8,40.95,0,,193.95,,,0,,,0,,,,
2012-04-30,208.37,210.11,204.26,205.88,8864860,198.33,215.55,200.15,228.12,228.12,7.66,41.59,0,,194.4,,,0,,,0,,,,
2012-05-02,205.93,209.73,203.66,205.19,9652495,198.33,214.85,200.15,228.12,228.12,7.55,40.99,0,,194.03,,,0,,,0,,,,
2012-05-03,203.47,203.47,196.03,196.83,11584715,198.22,213.97,196.03,228.12,228.12,7.66,34.45,0,,187.19,,,0,,,0,,,,
2012-05-04,195.1,195.33,185.75,187.8,18512390,198.04,212.88,185.75,228.12,228.12,7.91,29.06,0,,177.78,,,0,,,0,,,,
2012-05-07,184.13,191.51,180.18,190.18,15244255,197.93,211.6,180.18,228.12,228.12,8.15,32.08,0,,177.29,,,0,,,0,,,,
2012-05-08,190.73,191.55,180.78,182.91,12006490,197.8,210.4,180.18,228.12,228.12,8.34,28.14,0,,172.48,,,0,,,0,,,,
2012-05-09,180.47,182.62,177.62,178.76,12258880,197.68,209.05,177.62,228.12,228.12,8.12,26.16,0,,169.09,,,0,,,0,,,,
2012-05-10,179.06,185.0,179.06,182.5,12281805,197.55,208.16,177.62,228.12,228.12,7.99,30.87,0,,171.59,,,0,,,0,,,,
2012-05-11,181.0,187.66,179.86,186.03,12398320,197.46,207.28,177.62,228.12,228.12,7.97,35.08,0,,173.88,,,0,,,0,,,,
2012-05-14,186.73,188.52,181.34,185.55,9917940,197.37,206.55,177.62,228.12,228.12,7.92,34.77,0,,173.61,,,0,,,0,,,,
2012-05-15,183.76,187.19,182.83,184.8,8632690,197.34,205.76,177.62,228.12,228.12,7.66,34.26,0,,173.29,,,0,,,0,,,,
2012-05-16,180.43,182.63,178.57,180.67,9992800,197.32,204.67,177.62,228.12,228.12,7.56,31.52,0,,170.7,,,0,,,0,,,,
2012-05-17,182.16,183.74,175.65,176.93,10432440,197.31,203.41,175.65,224.94,228.12,7.6,29.24,0,,167.6,,,0,,,0,,,,
2012-05-18,173.7,177.69,171.48,176.58,15232940,197.3,202.01,171.48,224.09,224.94,7.5,29.03,0,,166.05,,,0,,,0,,,,
2012-05-21,176.88,180.19,176.72,179.15,11548055,197.22,200.75,171.48,221.03,224.09,7.22,32.87,0,,167.9,,,0,,,0,,,,
2012-05-22,182.08,182.83,178.3,179.58,9519610,197.12,199.63,171.48,212.41,221.03,7.03,33.52,0,,168.3,,,0,,,0,,,,
2012-05-23,178.55,180.34,176.97,179.19,6635220,197.01,198.45,171.48,210.11,212.41,6.77,33.21,0,,168.23,,,0,,,0,,,,
2012-05-24,180.5,185.95,179.06,185.58,10528230,196.89,197.46,171.48,210.11,210.11,6.78,42.66,0,,172.34,,,0,,,0,,,,
2012-05-25,185.62,188.22,184.58,186.06,9048690,196.78,196.24,171.48,210.11,210.11,6.55,43.31,0,,172.8,,,0,,,0,,,,
2012-05-28,186.73,191.94,186.73,191.46,8687640,196.69,195.42,171.48,210.11,210.11,6.5,50.14,0,,176.32,,,0,,,0,,,,
2012-05-29,192.13,193.06,189.6,190.45,6617815,196.57,194.35,171.48,209.73,210.11,6.29,48.96,0,,175.81,,,0,,,0,,,,
2012-05-30,189.11,189.11,185.3,186.14,4990380,196.45,193.04,171.48,203.47,209.73,6.21,44.14,0,,173.08,,,0,,,0,,,,
2012-05-31,183.31,184.28,179.3,180.59,12291025,196.25,191.64,171.48,195.33,203.47,6.25,38.85,0,,169.47,,,0,,,0,,,,
2012-06-01,180.37,183.2,177.99,179.4,7956805,196.04,190.21,171.48,193.06,195.33,6.18,37.8,0,,168.76,,,0,,,0,,,,
2012-06-04,177.71,185.13,175.59,183.76,7844875,195.87,189.04,171.48,193.06,193.06,6.42,43.78,0,,171.41,,,0,,,0,,,,
2012-06-05,185.13,188.2,183.02,184.06,9648500,195.65,188.14,171.48,193.06,193.06,6.33,44.18,0,,171.66,,,0,,,0,,,,
2012-06-06,185.8,191.2,185.62,189.77,9709670,195.52,187.56,171.48,193.06,193.06,6.39,51.25,0,,175.3,,,0,,,0,,,,
2012-06-07,191.77,197.52,189.44,196.61,13992220,195.41,187.33,171.48,197.52,193.06,6.51,58.09,0,,179.64,,,0,,,0,,,,
2012-06-08,196.74,196.74,189.95,195.18,9826365,195.27,187.1,175.59,197.52,197.52,6.53,56.31,0,,180.07,,,0,,,0,,,,
2012-06-11,197.17,199.38,191.76,192.84,9668225,195.15,186.68,175.59,199.38,197.52,6.61,53.43,0,,178.51,,,0,,,0,,,,
2012-06-12,191.22,197.41,191.04,196.7,9496080,195.06,186.38,175.59,199.38,199.38,6.59,57.31,0,,181.01,,,0,,,0,,,,
2012-06-13,197.15,197.71,193.43,194.29,12025830,194.98,186.01,175.59,199.38,199.38,6.42,54.27,0,,179.56,,,0,,,0,,,,
2012-06-14,194.92,195.97,189.97,191.35,8652655,194.85,185.83,175.59,199.38,199.38,6.39,50.73,0,,177.69,,,0,,,0,,,,
2012-06-15,192.85,196.13,190.77,195.03,8676880,194.74,186.07,175.59,199.38,199.38,6.32,54.71,0,,180.11,,,0,,,0,,,,
2012-06-18,198.31,198.48,186.99,188.91,11568040,194.62,186.03,175.59,199.38,199.38,6.69,47.79,0,,175.92,,,0,,,0,,,,
2012-06-19,187.94,189.81,185.64,189.18,9605275,194.57,186.24,175.59,199.38,199.38,6.51,48.1,0,,176.21,,,0,,,0,,,,
2012-06-20,189.37,191.72,187.81,189.02,7306450,194.53,186.58,175.59,199.38,199.38,6.32,47.92,0,,176.23,,,0,,,0,,,,
2012-06-21,187.19,194.34,187.04,193.69,8771305,194.57,186.95,175.59,199.38,199.38,6.39,53.47,0,,179.2,,,0,,,0,,,,
2012-06-22,190.02,193.04,188.42,191.58,10058440,194.6,187.14,175.59,199.38,199.38,6.31,50.84,0,,177.89,,,0,,,0,,,,
2012-06-25,192.66,195.35,190.14,191.21,10837585,194.65,187.33,183.02,199.38,199.38,6.23,50.37,0,,180.18,,,0,,,0,,,,
2012-06-26,190.3,192.09,188.26,189.4,7324135,194.72,187.48,185.62,199.38,199.38,6.06,48.03,0,,179.99,,,0,,,0,,,,
2012-06-27,190.62,191.89,188.52,189.06,7444060,194.81,187.76,185.64,199.38,199.38,5.87,47.59,0,,179.91,,,0,,,0,,,,
2012-06-28,185.29,187.18,182.84,184.84,28294940,194.86,188.02,182.84,199.38,199.38,5.9,42.33,0,,176.24,,,0,,,0,,,,
2012-06-29,187.88,192.3,186.45,191.86,16596540,194.98,188.53,182.84,199.38,199.38,6.01,51.86,0,,180.69,,,0,,,0,,,,
2012-07-02,192.9,196.2,191.86,194.42,10256415,195.09,189.04,182.84,199.38,199.38,5.89,54.79,0,,182.42,,,0,,,0,,,,
2012-07-03,195.11,198.33,195.11,197.2,8699560,195.21,189.63,182.84,199.38,199.38,5.75,57.8,0,,184.31,,,0,,,0,,,,
2012-07-04,198.61,198.67,195.53,196.7,8217360,195.29,190.21,182.84,199.38,199.38,5.56,57.06,0,,184.11,,,0,,,0,,,,
2012-07-05,196.44,198.23,194.83,197.19,16200755,195.39,190.6,182.84,199.38,199.38,5.41,57.63,0,,184.53,,,0,,,0,,,,
2012-07-06,197.89,197.89,194.17,195.97,7393060,195.52,190.93,182.84,199.38,199.38,5.29,55.65,0,,183.82,,,0,,,0,,,,
2012-07-09,194.32,196.91,193.6,195.65,10751920,195.62,191.07,182.84,198.67,199.38,5.14,55.12,0,,183.71,,,0,,,0,,,,
2012-07-10,195.87,203.8,195.74,203.11,15596340,195.73,191.49,182.84,203.8,198.67,5.36,63.83,1,203.11,188.38,188.38,188.38,1,23,2012-07-10,0,,,,
2012-07-11,201.75,204.26,200.71,201.48,9514675,195.79,192.0,182.84,204.26,203.8,5.23,61.04,0,,187.41,,188.38,1,23,2012-07-10,0,,,,
2012-07-12,200.2,200.2,197.0,197.91,10646670,195.82,192.58,182.84,204.26,204.26,5.18,55.34,0,,185.15,,188.38,1,23,2012-07-10,0,,,,
2012-07-13,198.89,200.59,194.66,195.44,10086840,195.88,193.11,182.84,204.26,204.26,5.23,51.74,0,,183.52,,188.38,1,23,2012-07-10,1,195.88,SMA150_BREAK,4,-3.56
2012-07-16,194.79,199.84,194.79,197.63,9258130,195.97,193.58,182.84,204.26,204.26,5.22,54.56,0,,184.94,,,0,,,0,,,,
2012-07-17,200.14,200.4,191.22,193.38,21296165,196.05,193.89,182.84,204.26,204.26,5.5,48.62,0,,182.01,,,0,,,0,,,,
2012-07-18,194.57,196.74,193.14,196.11,11002950,196.17,194.1,182.84,204.26,204.26,5.36,52.22,0,,183.86,,,0,,,0,,,,
2012-07-19,198.48,201.45,197.42,199.66,9572900,196.31,194.2,186.45,204.26,204.26,5.36,56.49,0,,187.36,,,0,,,0,,,,
2012-07-20,199.63,199.97,196.06,196.59,8901345,196.45,194.25,191.22,204.26,204.26,5.26,52.15,0,,187.03,,,0,,,0,,,,
2012-07-23,194.55,195.87,193.32,194.09,5149235,196.62,194.29,191.22,204.26,204.26,5.12,48.86,0,,185.52,,,0,,,0,,,,
2012-07-24,195.03,197.38,194.57,196.69,7008590,196.88,194.29,191.22,204.26,204.26,4.99,52.23,0,,187.28,,,0,,,0,,,,
2012-07-25,196.42,196.53,191.92,194.3,5959570,197.16,194.29,191.22,204.26,204.26,4.97,49.03,0,,185.75,,,0,,,0,,,,
2012-07-26,195.48,195.48,188.32,189.3,11539130,197.36,194.22,188.32,204.26,204.26,5.13,43.08,0,,181.45,,,0,,,0,,,,
2012-07-27,193.94,195.98,187.31,188.34,12318195,197.53,194.0,187.31,204.26,204.26,5.38,42.02,0,,180.33,,,0,,,0,,,,
2012-07-30,190.2,197.76,190.2,196.5,10874280,197.75,194.25,187.31,204.26,204.26,5.67,52.64,0,,185.4,,,0,,,0,,,,
2012-07-31,197.43,199.61,193.04,197.22,11655040,197.98,194.52,187.31,204.26,204.26,5.73,53.45,0,,185.82,,,0,,,0,,,,
2012-08-01,196.49,198.33,195.68,197.57,7583340,198.25,194.8,187.31,204.26,204.26,5.51,53.86,0,,186.19,,,0,,,0,,,,
2012-08-02,197.4,200.42,196.82,199.93,7235835,198.55,195.01,187.31,204.26,204.26,5.38,56.66,0,,187.81,,,0,,,0,,,,
2012-08-03,198.35,198.52,194.93,196.65,6171495,198.85,195.18,187.31,204.26,204.26,5.35,51.95,0,,185.71,,,0,,,0,,,,
2012-08-06,199.27,202.68,199.2,200.9,8000505,199.19,195.5,187.31,204.26,204.26,5.4,56.94,0,,188.42,,,0,,,0,,,,
2012-08-07,201.73,206.83,201.35,206.13,12126120,199.58,196.06,187.31,206.83,204.26,5.44,62.15,1,206.13,191.77,191.77,191.77,1,24,2012-08-07,0,,,,
2012-08-08,207.77,209.6,206.0,207.15,11818400,199.92,196.66,187.31,209.6,206.83,5.31,63.09,0,,192.51,,192.51,1,24,2012-08-07,0,,,,
2012-08-09,208.15,209.62,204.01,205.35,8039130,200.24,197.35,187.31,209.62,209.6,5.33,60.25,0,,191.34,,192.51,1,24,2012-08-07,0,,,,
2012-08-10,205.5,206.05,196.6,202.1,10717570,200.51,197.69,187.31,209.62,209.62,5.62,55.41,0,,189.04,,192.51,1,24,2012-08-07,1,200.51,SMA150_BREAK,4,-2.73
2012-08-13,201.92,204.94,198.78,204.15,7664460,200.81,198.01,187.31,209.62,209.62,5.66,57.72,0,,190.34,,,0,,,0,,,,
2012-08-14,203.62,209.66,203.14,209.13,8331825,201.14,198.41,187.31,209.66,209.62,5.72,62.76,0,,193.51,,,0,,,0,,,,
2012-08-16,210.6,211.93,209.23,210.41,10236065,201.43,198.87,187.31,211.93,209.66,5.51,63.96,1,210.41,194.48,194.48,194.48,1,25,2012-08-16,0,,,,
2012-08-17,210.6,211.85,208.22,209.7,8020800,201.67,199.28,187.31,211.93,211.93,5.38,62.76,0,,194.11,,194.48,1,25,2012-08-16,0,,,,
2012-08-21,210.42,211.11,207.28,209.79,6542515,201.91,199.75,190.2,211.93,211.93,5.27,62.85,0,,195.2,,195.2,1,25,2012-08-16,0,,,,
2012-08-22,208.99,211.52,207.79,209.28,5329760,202.14,200.2,193.04,211.93,211.93,5.16,61.89,0,,195.89,,195.89,1,25,2012-08-16,0,,,,
2012-08-23,210.42,211.27,205.69,206.76,8007630,202.36,200.32,194.93,211.93,211.93,5.19,57.22,0,,194.88,,195.89,1,25,2012-08-16,0,,,,
2012-08-24,205.52,205.53,201.26,203.13,7820030,202.52,200.38,194.93,211.93,211.93,5.21,51.22,0,,192.52,,195.89,1,25,2012-08-16,1,202.52,SMA150_BREAK,6,-3.75
2012-08-27,203.99,203.99,195.49,196.27,11436240,202.67,200.32,194.93,211.93,211.93,5.45,42.22,0,,187.94,,,0,,,0,,,,
2012-08-28,196.82,196.82,190.22,192.14,15059105,202.76,200.21,190.22,211.93,211.93,5.53,37.9,0,,183.65,,,0,,,0,,,,
2012-08-29,192.47,194.36,190.2,192.37,8429060,202.8,200.04,190.2,211.93,211.93,5.43,38.27,0,,183.86,,,0,,,0,,,,
2012-08-30,192.66,194.01,189.65,191.39,13225880,202.84,199.97,189.65,211.93,211.93,5.35,37.23,0,,183.09,,,0,,,0,,,,
2012-08-31,191.32,191.71,186.72,187.33,13678850,202.8,199.68,186.72,211.93,211.93,5.33,33.2,0,,179.52,,,0,,,0,,,,
2012-09-03,188.53,190.45,184.06,184.65,13863565,202.72,199.18,184.06,211.93,211.93,5.4,30.83,0,,176.85,,,0,,,0,,,,
2012-09-04,185.29,186.03,182.62,184.78,14720245,202.62,198.78,182.62,211.93,211.93,5.26,31.08,0,,176.55,,,0,,,0,,,,
2012-09-05,182.65,182.93,175.14,175.71,26524400,202.52,198.17,175.14,211.93,211.93,5.57,24.29,0,,168.0,,,0,,,0,,,,
2012-09-06,176.04,180.67,175.31,179.19,17139790,202.38,197.59,175.14,211.93,211.93,5.56,30.56,0,,170.25,,,0,,,0,,,,
2012-09-07,182.95,185.07,181.38,184.51,14688120,202.26,197.26,175.14,211.93,211.93,5.58,38.89,0,,173.67,,,0,,,0,,,,
2012-09-10,185.1,185.86,179.47,180.0,8453870,202.13,196.95,175.14,211.93,211.93,5.64,35.05,0,,170.72,,,0,,,0,,,,
2012-09-11,178.49,181.48,177.74,179.98,12816035,201.97,196.67,175.14,211.93,211.93,5.5,35.04,0,,170.8,,,0,,,0,,,,
2012-09-12,181.33,182.55,177.94,180.57,10010140,201.79,196.14,175.14,211.93,211.93,5.44,35.99,0,,171.22,,,0,,,0,,,,
2012-09-13,181.12,181.31,178.41,179.07,8826270,201.61,195.54,175.14,211.93,211.93,5.26,34.6,0,,170.37,,,0,,,0,,,,
2012-09-14,184.16,191.34,183.4,190.75,23582675,201.48,195.31,175.14,211.85,211.93,5.76,50.66,0,,177.57,,,0,,,0,,,,
2012-09-17,194.82,200.4,193.04,199.74,29419030,201.4,195.3,175.14,211.52,211.85,6.04,59.0,0,,183.19,,,0,,,0,,,,
2012-09-18,199.21,205.02,197.78,202.75,12796780,201.37,195.51,175.14,211.52,211.52,6.12,61.36,0,,185.07,,,0,,,0,,,,
2012-09-20,198.28,199.99,196.18,197.27,8981695,201.3,195.38,175.14,211.27,211.52,6.15,55.14,0,,181.52,,,0,,,0,,,,
2012-09-21,198.13,213.38,198.13,212.43,27714890,201.32,195.6,175.14,213.38,211.27,6.87,65.54,1,212.43,190.82,190.82,190.82,1,26,2012-09-21,0,,,,
2012-09-24,211.6,221.84,211.6,213.94,21446715,201.23,195.82,175.14,221.84,213.38,7.11,66.38,0,,191.63,,191.63,1,26,2012-09-21,0,,,,
2012-09-25,216.08,219.25,205.51,208.14,28696185,201.1,195.91,175.14,221.84,221.84,7.58,60.32,0,,187.58,,191.63,1,26,2012-09-21,0,,,,
2012-09-26,207.29,214.57,204.98,212.83,18623900,200.93,196.27,175.14,221.84,221.84,7.72,63.24,0,,190.51,,191.63,1,26,2012-09-21,0,,,,
2012-09-27,214.19,215.96,211.57,213.21,11615645,200.76,196.57,175.31,221.84,221.84,7.49,63.48,0,,190.97,,191.63,1,26,2012-09-21,0,,,,
2012-09-28,215.7,217.38,213.56,214.57,8744000,200.68,196.76,177.74,221.84,221.84,7.25,64.35,0,,192.81,,192.81,1,26,2012-09-21,0,,,,
2012-10-01,214.57,215.0,211.77,213.57,6400770,200.59,196.86,177.74,221.84,221.84,6.96,63.15,0,,192.36,,192.81,1,26,2012-09-21,0,,,,
2012-10-03,213.57,214.54,209.39,210.3,12445650,200.53,196.88,177.74,221.84,221.84,6.83,59.26,0,,190.33,,192.81,1,26,2012-09-21,0,,,,
2012-10-04,212.12,217.56,212.12,215.48,12199740,200.58,197.07,177.94,221.84,221.84,6.86,63.14,0,,193.72,,193.72,1,26,2012-09-21,0,,,,
2012-10-05,218.3,219.46,190.49,215.88,13287830,200.57,197.29,178.41,221.84,221.84,8.44,63.43,0,,193.08,,193.72,1,26,2012-09-21,1,200.57,TRAILING_STOP|SMA150_BREAK,10,-5.58
2012-10-08,216.84,216.84,211.74,213.62,11953470,200.53,197.52,183.4,221.84,221.84,8.2,60.54,0,,193.45,,,0,,,0,,,,
2012-10-09,216.46,217.59,211.95,213.13,8426490,200.53,197.85,190.49,221.84,221.84,8.02,59.9,0,,195.62,,,0,,,0,,,,
2012-10-10,211.53,212.3,208.17,209.06,8194840,200.47,198.28,190.49,221.84,221.84,7.8,54.74,0,,193.14,,,0,,,0,,,,
2012-10-11,209.66,215.33,204.72,214.14,12209350,200.47,199.01,190.49,221.84,221.84,8.0,59.44,0,,196.28,,,0,,,0,,,,
2012-10-12,214.38,216.02,210.64,211.49,9692445,200.46,199.65,190.49,221.84,221.84,7.82,56.16,0,,194.7,,,0,,,0,,,,
2012-10-15,212.49,212.68,209.4,211.38,9170700,200.43,200.32,190.49,221.84,221.84,7.49,56.03,0,,194.84,,,0,,,0,,,,
2012-10-16,214.1,220.94,214.1,216.44,22505645,200.37,201.29,190.49,221.84,221.84,7.64,60.79,0,,198.01,,,0,,,0,,,,
2012-10-17,218.16,219.01,212.53,217.96,13223790,200.3,202.4,190.49,221.84,221.84,7.56,62.12,0,,199.04,,,0,,,0,,,,
2012-10-18,218.58,228.36,216.85,227.1,20695375,200.28,203.81,190.49,228.36,221.84,7.84,68.94,1,227.1,204.75,204.75,204.75,1,27,2012-10-18,0,,,,
2012-10-19,226.66,228.7,224.01,227.08,13450145,200.21,205.52,190.49,228.7,228.36,7.61,68.91,0,,204.89,,204.89,1,27,2012-10-18,0,,,,
2012-10-22,225.53,231.95,224.69,231.14,11375225,200.21,207.25,190.49,231.95,228.7,7.59,71.55,1,231.14,207.52,207.52,207.52,1,27,2012-10-18,0,,,,
2012-10-23,230.25,232.12,229.21,230.86,6904275,200.24,208.8,190.49,232.12,231.95,7.25,71.1,0,,207.57,,207.57,1,27,2012-10-18,0,,,,
2012-10-25,230.42,234.78,230.06,233.85,9288430,200.31,210.59,190.49,234.78,232.12,7.07,73.04,1,233.85,209.61,209.61,209.61,1,27,2012-10-18,0,,,,
2012-10-29,232.7,234.16,229.07,230.77,5747140,200.38,212.28,190.49,234.78,234.78,6.93,67.98,0,,207.72,,209.61,1,27,2012-10-18,0,,,,
2012-10-30,231.0,234.01,221.32,223.77,13696330,200.35,213.72,204.72,234.78,234.78,7.34,58.11,0,,207.68,,209.61,1,27,2012-10-18,0,,,,
2012-10-31,223.72,224.18,220.15,223.37,8902660,200.38,215.2,204.72,234.78,234.78,7.11,57.6,0,,207.58,,209.61,1,27,2012-10-18,0,,,,
2012-11-01,223.45,228.5,222.31,228.01,6772515,200.44,216.44,204.72,234.78,234.78,7.04,61.82,0,,210.61,,210.61,1,27,2012-10-18,0,,,,
2012-11-02,231.89,231.95,229.02,229.59,7623680,200.57,217.44,204.72,234.78,234.78,6.82,63.16,0,,211.78,,211.78,1,27,2012-10-18,0,,,,
2012-11-05,229.38,230.2,226.75,229.35,4700380,200.69,218.32,209.4,234.78,234.78,6.58,62.8,0,,213.34,,213.34,1,27,2012-10-18,0,,,,
2012-11-06,228.93,231.28,227.67,230.46,5593160,200.84,219.43,209.4,234.78,234.78,6.37,63.83,0,,214.2,,214.2,1,27,2012-10-18,0,,,,
2012-11-07,229.49,234.91,229.49,232.71,9230880,201.0,220.11,212.53,234.91,234.78,6.3,65.9,0,,216.74,,216.74,1,27,2012-10-18,0,,,,
2012-11-08,229.68,232.31,228.82,230.91,6287305,201.12,220.67,212.53,234.91,234.91,6.13,62.81,0,,215.7,,216.74,1,27,2012-10-18,0,,,,
2012-11-09,230.91,232.88,228.13,229.51,4906055,201.22,221.38,216.85,234.91,234.91,6.03,60.44,0,,216.3,,216.74,1,27,2012-10-18,0,,,,
2012-11-12,230.25,233.25,229.51,231.65,4857270,201.3,222.01,220.15,234.91,234.91,5.87,62.75,0,,218.89,,218.89,1,27,2012-10-18,0,,,,
2012-11-15,229.3,234.21,228.74,232.75,9869410,201.41,222.66,220.15,234.91,234.91,5.84,63.92,0,,219.62,,219.62,1,27,2012-10-18,0,,,,
2012-11-16,234.06,234.9,230.8,231.62,9909415,201.53,223.23,220.15,234.91,234.91,5.71,61.78,0,,218.97,,219.62,1,27,2012-10-18,0,,,,
2012-11-19,231.66,232.33,227.19,229.36,6435810,201.63,223.76,220.15,234.91,234.91,5.67,57.61,0,,217.54,,219.62,1,27,2012-10-18,0,,,,
2012-11-20,231.31,232.83,229.25,230.24,12283860,201.73,224.42,220.15,234.91,234.91,5.52,58.78,0,,218.21,,219.62,1,27,2012-10-18,0,,,,
2012-11-21,230.44,234.37,230.14,233.52,5702200,201.8,225.02,220.15,234.91,234.91,5.43,62.87,0,,220.38,,220.38,1,27,2012-10-18,0,,,,
2012-11-22,234.78,239.69,234.68,237.43,8264615,201.94,225.74,220.15,239.69,234.91,5.48,67.08,1,237.43,222.87,222.87,222.87,1,27,2012-10-18,0,,,,
2012-11-23,238.54,238.54,235.16,237.38,4880425,202.04,226.53,222.31,239.69,239.69,5.33,66.97,0,,223.66,,223.66,1,27,2012-10-18,0,,,,
2012-11-26,238.37,240.19,235.56,239.09,6760640,202.13,227.4,226.75,240.19,239.69,5.28,68.76,0,,226.27,,226.27,1,27,2012-10-18,0,,,,
2012-11-27,240.26,244.41,239.59,243.67,8189415,202.28,228.55,226.75,244.41,240.19,5.29,72.99,1,243.67,229.23,229.23,229.23,1,27,2012-10-18,0,,,,
2012-11-29,243.87,248.19,243.66,247.47,13236165,202.44,229.66,227.19,248.19,244.41,5.23,75.9,0,,231.86,,231.86,1,27,2012-10-18,0,,,,
2012-11-30,248.19,250.19,245.58,249.31,8969560,202.65,230.92,227.19,250.19,248.19,5.19,77.18,0,,233.08,,233.08,1,27,2012-10-18,0,,,,
2012-12-03,248.19,250.25,246.4,249.63,6817330,202.9,232.2,227.19,250.25,250.19,5.09,77.4,0,,233.35,,233.35,1,27,2012-10-18,0,,,,
2012-12-04,249.63,250.91,247.29,249.72,4634285,203.19,233.31,227.19,250.91,250.25,4.99,77.47,0,,233.48,,233.48,1,27,2012-10-18,0,,,,
2012-12-05,250.31,253.1,250.31,252.1,6240190,203.51,234.45,227.19,253.1,250.91,4.87,79.23,1,252.1,235.09,235.09,235.09,1,27,2012-10-18,0,,,,
2012-12-06,253.57,260.47,251.4,257.65,7402840,203.88,235.47,227.19,260.47,253.1,5.17,82.64,0,,238.47,,238.47,1,27,2012-10-18,0,,,,
2012-12-07,258.39,258.77,249.55,250.98,10243690,204.18,236.26,227.19,260.47,260.47,5.46,68.16,0,,233.97,,238.47,1,27,2012-10-18,0,,,,
2012-12-10,250.29,252.31,248.43,249.86,8133650,204.48,236.89,227.19,260.47,260.47,5.35,66.07,0,,233.32,,238.47,1,27,2012-10-18,0,,,,
2012-12-11,250.85,253.08,247.45,250.34,8021425,204.78,237.54,229.25,260.47,260.47,5.37,66.54,0,,234.31,,238.47,1,27,2012-10-18,0,,,,
2012-12-12,251.2,251.29,247.82,250.52,6807245,205.14,238.09,230.14,260.47,260.47,5.23,66.73,0,,234.81,,238.47,1,27,2012-10-18,0,,,,
2012-12-13,250.84,254.33,248.4,250.34,8675145,205.55,238.74,234.68,260.47,260.47,5.28,66.33,0,,236.17,,238.47,1,27,2012-10-18,0,,,,
2012-12-14,250.84,256.29,250.17,255.5,5829215,205.99,239.8,235.16,260.47,260.47,5.34,71.6,0,,239.62,,239.62,1,27,2012-10-18,0,,,,
2012-12-17,255.18,258.0,254.06,256.7,8335590,206.48,240.91,235.56,260.47,260.47,5.24,72.67,0,,240.6,,240.6,1,27,2012-10-18,0,,,,
2012-12-18,256.52,257.5,249.36,255.74,8858360,206.99,241.84,239.59,260.47,260.47,5.45,70.38,0,,241.18,,241.18,1,27,2012-10-18,0,,,,
2012-12-19,256.88,257.33,250.88,252.14,8422430,207.46,242.59,243.66,260.47,260.47,5.52,62.44,0,,240.17,,241.18,1,27,2012-10-18,0,,,,
2012-12-20,252.72,253.09,246.89,249.06,7300910,207.88,243.25,245.58,260.47,260.47,5.57,56.57,0,,238.79,,241.18,1,27,2012-10-18,0,,,,
2012-12-21,247.44,253.4,246.87,249.56,8412495,208.31,243.88,246.4,260.47,260.47,5.64,57.27,0,,239.34,,241.18,1,27,2012-10-18,0,,,,
2012-12-24,249.71,254.05,249.71,253.6,4552520,208.76,244.58,246.87,260.47,260.47,5.56,62.55,0,,242.16,,242.16,1,27,2012-10-18,0,,,,
2012-12-26,254.04,256.77,253.42,255.36,5017515,209.26,245.39,246.87,260.47,260.47,5.4,64.6,0,,243.4,,243.4,1,27,2012-10-18,0,,,,
2012-12-27,255.75,259.69,255.55,257.69,9467615,209.8,246.33,246.87,260.47,260.47,5.32,67.16,0,,244.95,,244.95,1,27,2012-10-18,0,,,,
2012-12-28,257.64,257.82,254.63,256.8,6092510,210.34,247.17,246.87,260.47,260.47,5.17,65.22,0,,244.48,,244.95,1,27,2012-10-18,0,,,,
2012-12-31,255.56,258.67,255.51,256.23,3290620,210.85,247.95,246.87,260.47,260.47,5.03,63.94,0,,244.21,,244.95,1,27,2012-10-18,0,,,,
2013-01-01,258.71,259.05,256.97,257.39,3343610,211.37,248.81,246.87,260.47,260.47,4.87,65.42,0,,245.06,,245.06,1,27,2012-10-18,0,,,,
2013-01-02,258.99,263.38,258.14,261.95,7168225,211.92,249.9,246.87,263.38,260.47,4.95,70.55,1,261.95,247.95,247.95,247.95,1,27,2012-10-18,0,,,,
2013-01-03,263.3,263.77,261.27,262.54,4750195,212.43,250.98,246.87,263.77,263.38,4.77,71.15,0,,248.45,,248.45,1,27,2012-10-18,0,,,,
2013-01-04,261.12,261.97,258.77,260.46,6262900,212.93,251.87,246.87,263.77,263.77,4.7,66.07,0,,247.15,,248.45,1,27,2012-10-18,0,,,,
2013-01-07,261.6,262.11,257.92,259.31,5715850,213.38,252.6,246.87,263.77,263.77,4.67,63.38,0,,246.43,,248.45,1,27,2012-10-18,0,,,,
2013-01-08,258.54,258.58,253.68,256.94,6090610,213.82,253.26,246.87,263.77,263.77,4.73,58.12,0,,244.86,,248.45,1,27,2012-10-18,0,,,,
2013-01-09,255.42,257.25,253.88,254.93,7885125,214.28,253.78,246.87,263.77,263.77,4.64,54.03,0,,243.63,,248.45,1,27,2012-10-18,0,,,,
2013-01-10,256.69,260.05,254.14,258.39,6859365,214.8,254.27,246.87,263.77,263.77,4.73,59.34,0,,245.8,,248.45,1,27,2012-10-18,0,,,,
2013-01-11,259.17,259.53,256.17,257.65,6571215,215.32,254.61,246.87,263.77,263.77,4.63,57.8,0,,245.39,,248.45,1,27,2012-10-18,0,,,,
2013-01-14,258.22,262.72,257.17,261.81,6571910,215.84,255.03,249.71,263.77,263.77,4.7,63.52,0,,248.97,,248.97,1,27,2012-10-18,0,,,,
2013-01-15,263.3,270.29,262.55,269.03,16987060,216.41,255.68,253.42,270.29,263.77,4.97,70.9,1,269.03,254.69,254.69,254.69,1,27,2012-10-18,0,,,,
2013-01-16,270.1,270.1,265.03,266.22,11828785,216.92,256.23,253.68,270.29,270.29,4.97,65.36,0,,252.96,,254.69,1,27,2012-10-18,0,,,,
2013-01-17,266.56,268.02,263.32,265.64,7200690,217.38,256.68,253.68,270.29,270.29,4.95,64.24,0,,252.6,,254.69,1,27,2012-10-18,0,,,,
2013-01-18,266.32,267.36,260.7,262.18,7017900,217.83,256.83,253.68,270.29,270.29,5.08,57.89,0,,250.28,,254.69,1,27,2012-10-18,0,,,,
2013-01-21,261.63,262.87,258.91,261.69,3664365,218.29,257.19,253.68,270.29,270.29,5.0,57.03,0,,250.02,,254.69,1,27,2012-10-18,0,,,,
2013-01-22,261.6,265.53,260.73,263.19,5190575,218.73,257.63,253.68,270.29,270.29,4.98,59.04,0,,251.0,,254.69,1,27,2012-10-18,0,,,,
2013-01-23,264.81,265.76,260.74,264.13,6408855,219.19,258.09,253.68,270.29,270.29,4.98,60.29,0,,251.6,,254.69,1,27,2012-10-18,0,,,,
2013-01-24,264.66,266.14,261.9,263.74,9840850,219.68,258.53,253.68,270.29,270.29,4.93,59.48,0,,251.38,,254.69,1,27,2012-10-18,0,,,,
2013-01-25,263.11,264.78,260.64,261.84,8283305,220.12,258.91,253.68,270.29,270.29,4.88,55.56,0,,250.2,,254.69,1,27,2012-10-18,0,,,,
2013-01-28,260.85,270.84,259.87,266.88,18608065,220.64,259.29,253.68,270.84,270.29,5.31,62.6,0,,253.16,,254.69,1,27,2012-10-18,0,,,,
2013-01-29,267.51,283.99,267.46,278.69,45463865,221.24,260.03,253.88,283.99,270.84,6.15,73.29,1,278.69,260.28,260.28,260.28,1,27,2012-10-18,0,,,,
2013-01-30,279.07,286.36,278.94,283.56,24852050,221.87,260.95,254.14,286.36,283.99,6.26,76.3,0,,263.44,,263.44,1,27,2012-10-18,0,,,,
2013-01-31,282.36,285.21,281.43,284.3,13102855,222.47,262.03,256.17,286.36,286.36,6.08,76.72,0,,264.71,,264.71,1,27,2012-10-18,0,,,,
2013-02-01,283.53,286.16,280.79,285.15,7404405,223.1,263.23,257.17,286.36,286.36,6.03,77.23,0,,265.62,,265.62,1,27,2012-10-18,0,,,,
2013-02-04,284.83,286.16,278.6,279.11,5841720,223.68,264.21,258.91,286.36,286.36,6.14,66.15,0,,262.23,,265.62,1,27,2012-10-18,0,,,,
2013-02-05,277.71,281.15,274.47,275.61,8722175,224.26,264.95,258.91,286.36,286.36,6.18,60.72,0,,259.95,,265.62,1,27,2012-10-18,0,,,,
2013-02-06,277.25,277.66,275.04,275.79,6597650,224.84,265.63,258.91,286.36,286.36,5.93,60.89,0,,260.24,,265.62,1,27,2012-10-18,0,,,,
2013-02-07,275.22,279.92,275.01,275.87,8690950,225.44,266.23,258.91,286.36,286.36,5.85,60.98,0,,260.34,,265.62,1,27,2012-10-18,0,,,,
2013-02-08,275.58,277.82,273.04,274.03,11111940,225.99,266.81,258.91,286.36,286.36,5.78,57.88,0,,259.2,,265.62,1,27,2012-10-18,0,,,,
2013-02-11,274.49,283.13,274.49,282.21,26647505,226.58,267.67,259.87,286.36,286.36,6.01,66.13,0,,264.64,,265.62,1,27,2012-10-18,0,,,,
2013-02-12,282.57,284.15,278.04,280.1,10861285,227.13,268.43,259.87,286.36,286.36,6.02,62.71,0,,263.27,,265.62,1,27,2012-10-18,0,,,,
2013-02-13,280.51,281.94,278.21,279.08,4442120,227.68,269.0,259.87,286.36,286.36,5.86,61.07,0,,262.72,,265.62,1,27,2012-10-18,0,,,,
2013-02-14,279.78,280.35,269.16,270.54,13542895,228.17,269.27,259.87,286.36,286.36,6.24,49.42,0,,256.96,,265.62,1,27,2012-10-18,0,,,,
2013-02-15,270.48,274.8,268.23,273.75,8538210,228.69,269.71,259.87,286.36,286.36,6.26,53.05,0,,259.02,,265.62,1,27,2012-10-18,0,,,,
2013-02-18,273.69,273.69,269.16,270.49,5429680,229.18,270.08,267.46,286.36,286.36,6.14,49.19,0,,259.52,,265.62,1,27,2012-10-18,0,,,,
2013-02-19,271.06,273.08,269.16,271.88,3680465,229.64,270.58,268.23,286.36,286.36,5.98,50.83,0,,260.78,,265.62,1,27,2012-10-18,0,,,,
2013-02-20,273.29,274.77,271.15,271.88,3343455,230.11,271.15,268.23,286.36,286.36,5.82,50.83,0,,260.9,,265.62,1,27,2012-10-18,0,,,,
2013-02-21,268.61,270.97,264.25,265.34,8804450,230.56,271.38,264.25,286.36,286.36,5.94,43.21,0,,255.26,,265.62,1,27,2012-10-18,1,265.62,TRAILING_STOP,85,16.96
2013-02-22,265.42,268.59,265.21,266.68,5496945,231.04,271.68,264.25,286.36,286.36,5.76,45.03,0,,256.25,,,0,,,0,,,,
2013-02-25,265.82,267.53,263.06,264.65,6046380,231.48,271.77,263.06,286.36,286.36,5.67,42.79,0,,254.61,,,0,,,0,,,,
2013-02-26,264.62,264.62,256.97,258.34,5333690,231.92,271.42,256.97,286.36,286.36,5.81,36.69,0,,248.41,,,0,,,0,,,,
2013-02-27,258.5,266.32,258.5,264.44,7968095,232.37,271.36,256.97,286.16,286.36,5.97,44.87,0,,252.24,,,0,,,0,,,,
2013-02-28,266.47,267.65,251.96,253.89,13401880,232.73,270.97,251.96,286.16,286.16,6.66,36.17,0,,243.3,,,0,,,0,,,,
2013-03-01,254.05,260.28,249.11,257.58,13593630,233.14,270.81,249.11,286.16,286.16,6.98,40.52,0,,244.52,,,0,,,0,,,,
2013-03-04,256.59,261.29,254.43,258.56,7328045,233.57,270.71,249.11,284.15,286.16,6.98,41.65,0,,245.16,,,0,,,0,,,,
2013-03-05,259.71,266.09,259.66,265.04,7799155,234.03,270.77,249.11,284.15,284.15,7.01,48.64,0,,249.31,,,0,,,0,,,,
2013-03-06,266.42,267.26,262.55,264.84,8063055,234.5,270.8,249.11,284.15,284.15,6.85,48.44,0,,249.29,,,0,,,0,,,,
2013-03-07,262.56,265.7,261.32,265.06,5472035,235.0,270.84,249.11,284.15,284.15,6.67,48.69,0,,249.55,,,0,,,0,,,,
2013-03-08,266.32,267.84,264.89,265.76,5903450,235.52,270.97,249.11,284.15,284.15,6.41,49.49,0,,250.18,,,0,,,0,,,,
2013-03-11,266.51,269.67,262.88,264.66,8740050,235.97,270.9,249.11,284.15,284.15,6.44,48.21,0,,249.45,,,0,,,0,,,,
2013-03-12,264.25,264.79,260.28,261.56,5098545,236.4,270.32,249.11,281.94,284.15,6.3,44.68,0,,247.54,,,0,,,0,,,,
2013-03-13,259.71,260.28,252.36,254.37,8087885,236.78,269.35,249.11,280.35,281.94,6.5,37.79,0,,242.77,,,0,,,0,,,,
2013-03-14,253.67,257.82,245.36,255.52,18084215,237.15,268.39,245.36,274.8,280.35,6.93,39.4,0,,241.98,,,0,,,0,,,,
2013-03-15,254.27,257.64,248.76,253.07,16501410,237.53,267.32,245.36,274.77,274.8,7.07,37.19,0,,240.3,,,0,,,0,,,,
2013-03-18,248.0,252.42,245.36,250.29,11670100,237.85,266.36,245.36,274.77,274.77,7.12,34.8,0,,238.48,,,0,,,0,,,,
2013-03-19,250.46,252.47,242.03,249.61,11476595,238.14,265.5,242.03,274.77,274.77,7.35,34.22,0,,236.77,,,0,,,0,,,,
2013-03-20,247.81,249.51,243.84,245.41,7643165,238.4,264.48,242.03,270.97,274.77,7.24,30.82,0,,234.14,,,0,,,0,,,,
2013-03-21,245.78,252.91,242.15,247.76,8629120,238.68,263.55,242.03,269.67,270.97,7.49,34.73,0,,235.49,,,0,,,0,,,,
2013-03-22,248.0,250.72,244.13,245.56,6679940,238.97,262.6,242.03,269.67,269.67,7.43,32.86,0,,234.11,,,0,,,0,,,,
2013-03-25,248.95,252.05,245.56,247.31,7280340,239.26,261.43,242.03,269.67,269.67,7.36,35.82,0,,235.29,,,0,,,0,,,,
2013-03-26,246.47,246.49,243.11,244.45,6651170,239.5,260.25,242.03,269.67,269.67,7.13,33.24,0,,233.59,,,0,,,0,,,,
2013-03-28,245.17,247.66,241.21,245.68,6827560,239.73,259.13,241.21,269.67,269.67,7.09,35.4,0,,234.14,,,0,,,0,,,,
2013-04-01,245.78,249.04,244.79,248.36,4906715,239.99,258.39,241.21,269.67,269.67,6.88,39.95,0,,236.01,,,0,,,0,,,,
2013-04-02,249.31,249.32,244.24,245.8,5734520,240.23,257.46,241.21,269.67,269.67,6.75,37.25,0,,234.44,,,0,,,0,,,,
2013-04-03,245.91,248.57,240.11,241.42,8463625,240.44,256.49,240.11,269.67,269.67,6.88,33.12,0,,231.17,,,0,,,0,,,,
2013-04-04,239.13,239.88,234.23,234.94,6417705,240.63,255.26,234.23,269.67,269.67,6.9,28.15,0,,225.01,,,0,,,0,,,,
2013-04-05,234.3,235.98,229.91,232.24,6484050,240.82,253.94,229.91,269.67,269.67,6.84,26.38,0,,221.87,,,0,,,0,,,,
2013-04-08,231.66,233.84,226.28,227.26,4864420,241.03,252.67,226.28,269.67,269.67,6.89,23.44,0,,217.42,,,0,,,0,,,,
2013-04-09,228.61,234.18,226.43,227.26,7490495,241.27,251.36,226.28,269.67,269.67,6.95,23.44,0,,217.37,,,0,,,0,,,,
2013-04-10,229.45,234.75,226.66,234.08,10046765,241.54,250.34,226.28,264.79,269.67,7.03,34.95,0,,221.72,,,0,,,0,,,,
2013-04-11,235.45,237.03,232.51,236.51,9714180,241.84,249.61,226.28,260.28,264.79,6.85,38.49,0,,223.41,,,0,,,0,,,,
2013-04-12,234.21,241.2,233.18,238.8,7911225,242.19,248.76,226.28,257.82,260.28,6.94,41.72,0,,224.83,,,0,,,0,,,,
2013-04-15,237.24,247.69,236.86,244.45,7689700,242.59,248.44,226.28,257.64,257.82,7.22,48.85,0,,228.29,,,0,,,0,,,,
2013-04-16,243.0,258.58,242.29,257.5,11987860,243.07,248.44,226.28,258.58,257.64,7.86,60.78,0,,236.27,,,0,,,0,,,,
2013-04-17,259.11,273.88,258.04,260.13,9186545,243.63,248.49,226.28,273.88,258.58,8.47,62.67,1,260.13,237.56,237.56,237.56,1,28,2013-04-17,0,,,,
2013-04-18,258.71,271.41,255.94,269.99,11300880,244.24,248.66,226.28,273.88,273.88,8.97,68.75,0,,243.59,,243.59,1,28,2013-04-17,0,,,,
2013-04-22,271.14,280.3,270.9,272.21,13252895,244.82,248.9,226.28,280.3,273.88,9.07,69.93,0,,244.96,,244.96,1,28,2013-04-17,0,,,,
2013-04-23,272.94,274.84,266.92,272.9,7340650,245.44,249.16,226.28,280.3,280.3,8.99,70.31,0,,245.46,,245.46,1,28,2013-04-17,0,,,,
2013-04-25,277.85,287.1,274.45,283.97,19391755,246.14,249.77,226.28,287.1,280.3,9.36,75.6,1,283.97,252.35,252.35,252.35,1,28,2013-04-17,0,,,,
2013-04-26,281.43,283.3,277.11,280.75,10489965,246.8,250.31,226.28,287.1,287.1,9.18,71.6,0,,250.39,,252.35,1,28,2013-04-17,0,,,,
2013-04-29,280.68,280.68,275.82,278.68,6561785,247.47,250.88,226.28,287.1,287.1,8.88,69.08,0,,249.26,,252.35,1,28,2013-04-17,0,,,,
2013-04-30,280.87,283.51,275.39,281.94,9010945,248.08,251.8,226.28,287.1,287.1,8.82,70.82,0,,251.4,,252.35,1,28,2013-04-17,0,,,,
2013-05-02,280.51,288.75,280.29,286.35,10775590,248.65,252.82,226.43,288.75,287.1,8.8,73.04,0,,254.31,,254.31,1,28,2013-04-17,0,,,,
2013-05-03,285.78,285.78,277.09,278.56,9326475,249.16,253.67,226.66,288.75,288.75,8.83,63.81,0,,249.34,,254.31,1,28,2013-04-17,0,,,,
2013-05-06,277.09,278.01,272.94,275.72,6739100,249.68,254.52,232.51,288.75,288.75,8.6,60.79,0,,249.61,,254.31,1,28,2013-04-17,0,,,,
2013-05-07,276.15,284.65,275.6,284.07,7357170,250.16,255.67,233.18,288.75,288.75,8.63,65.9,0,,255.2,,255.2,1,28,2013-04-17,0,,,,
2013-05-08,284.46,285.98,277.8,281.38,4865505,250.61,256.87,236.86,288.75,288.75,8.6,63.05,0,,254.71,,255.2,1,28,2013-04-17,0,,,,
2013-05-09,281.06,281.06,273.43,274.66,15607600,251.05,257.76,242.29,288.75,288.75,8.55,56.48,0,,252.22,,255.2,1,28,2013-04-17,0,,,,
2013-05-10,273.88,278.55,273.12,277.64,7711835,251.48,258.83,255.94,288.75,288.75,8.33,58.54,0,,258.84,,258.84,1,28,2013-04-17,0,,,,
2013-05-13,276.71,282.95,273.14,274.26,10233900,251.89,259.73,255.94,288.75,288.75,8.44,55.34,0,,256.59,,258.84,1,28,2013-04-17,0,,,,
2013-05-14,274.82,278.02,272.95,277.19,6341930,252.31,260.82,266.92,288.75,288.75,8.2,57.51,0,,262.3,,262.3,1,28,2013-04-17,0,,,,
2013-05-15,277.28,286.15,277.28,284.97,8367595,252.78,262.13,266.92,288.75,288.75,8.25,62.69,0,,267.28,,267.28,1,28,2013-04-17,0,,,,
2013-05-16,283.76,290.88,283.6,289.16,5787370,253.31,263.49,272.94,290.88,288.75,8.18,65.16,1,289.16,272.03,272.03,272.03,1,28,2013-04-17,0,,,,
2013-05-17,288.99,291.06,286.16,289.98,6127865,253.81,264.97,272.94,291.06,290.88,7.95,65.64,0,,272.72,,272.72,1,28,2013-04-17,0,,,,
2013-05-20,290.63,292.75,287.96,288.93,7109685,254.29,266.55,272.94,292.75,291.06,7.72,64.42,0,,272.19,,272.72,1,28,2013-04-17,0,,,,
2013-05-21,288.09,291.82,286.16,287.21,4457135,254.78,268.29,272.94,292.75,292.75,7.57,62.37,0,,271.18,,272.72,1,28,2013-04-17,0,,,,
2013-05-22,288.42,289.18,282.96,285.77,4430345,255.27,270.08,272.94,292.75,292.75,7.48,60.64,0,,270.32,,272.72,1,28,2013-04-17,0,,,,
2013-05-23,280.51,283.86,273.39,274.86,17628985,255.71,271.66,272.94,292.75,292.75,7.83,49.41,0,,263.05,,272.72,1,28,2013-04-17,0,,,,
2013-05-24,277.09,279.88,271.15,276.0,11354170,256.12,273.29,271.15,292.75,292.75,7.89,50.45,0,,263.14,,272.72,1,28,2013-04-17,1,272.72,TRAILING_STOP,25,4.84
2013-05-27,275.77,281.06,272.94,279.2,5079820,256.57,274.79,271.15,292.75,292.75,7.91,53.32,0,,265.2,,,0,,,0,,,,
2013-05-28,278.7,280.24,275.4,277.37,6338635,257.01,276.15,271.15,292.75,292.75,7.69,51.48,0,,264.16,,,0,,,0,,,,
2013-05-29,277.47,277.47,272.65,275.69,4984010,257.41,277.38,271.15,292.75,292.75,7.48,49.78,0,,263.21,,,0,,,0,,,,
2013-05-30,273.75,276.6,267.86,270.61,19729175,257.76,278.26,267.86,292.75,292.75,7.57,44.95,0,,258.78,,,0,,,0,,,,
2013-05-31,269.16,271.74,266.51,270.21,6939990,258.04,278.68,266.51,292.75,292.75,7.41,44.58,0,,258.18,,,0,,,0,,,,
2013-06-03,268.97,271.61,266.32,270.26,5639100,258.33,279.02,266.32,292.75,292.75,7.26,44.64,0,,258.25,,,0,,,0,,,,
2013-06-04,270.1,272.75,261.98,263.58,6481315,258.55,278.8,261.98,292.75,292.75,7.51,38.55,0,,252.33,,,0,,,0,,,,
2013-06-05,262.55,264.32,257.28,261.08,10525180,258.75,278.43,257.28,292.75,292.75,7.47,36.54,0,,249.17,,,0,,,0,,,,
2013-06-06,260.47,269.69,258.44,267.85,7218255,258.98,278.26,257.28,292.75,292.75,7.74,44.92,0,,253.36,,,0,,,0,,,,
2013-06-07,267.08,268.58,258.6,260.33,16958990,259.17,277.48,257.28,292.75,292.75,7.9,38.79,0,,248.4,,,0,,,0,,,,
2013-06-10,261.79,262.42,254.65,255.98,7101745,259.39,276.65,254.65,292.75,292.75,7.89,35.76,0,,244.73,,,0,,,0,,,,
2013-06-11,254.05,254.05,247.97,249.83,10709250,259.57,275.69,247.97,292.75,292.75,7.9,31.95,0,,238.53,,,0,,,0,,,,
2013-06-12,247.81,248.19,239.23,240.72,16756695,259.65,274.31,239.23,292.75,292.75,8.09,27.31,0,,229.61,,,0,,,0,,,,
2013-06-13,239.88,244.07,237.5,240.0,9278645,259.72,272.77,237.5,292.75,292.75,7.99,26.98,0,,228.64,,,0,,,0,,,,
2013-06-14,242.56,247.51,242.11,245.17,9145290,259.83,271.66,237.5,292.75,292.75,7.95,33.28,0,,232.0,,,0,,,0,,,,
2013-06-17,245.94,249.52,239.7,248.58,9148855,259.95,270.75,237.5,291.82,292.75,8.08,37.13,0,,234.11,,,0,,,0,,,,
2013-06-18,247.77,248.32,242.53,243.02,7215030,260.01,269.38,237.5,289.18,291.82,7.94,33.71,0,,230.62,,,0,,,0,,,,
2013-06-19,243.08,243.56,239.31,242.72,7633795,260.09,268.09,237.5,283.86,289.18,7.68,33.53,0,,230.6,,,0,,,0,,,,
2013-06-20,238.75,239.13,232.7,234.18,9339930,260.12,266.74,232.7,281.06,283.86,7.84,28.83,0,,223.38,,,0,,,0,,,,
2013-06-21,232.15,239.78,231.18,237.94,11567800,260.17,265.42,231.18,281.06,281.06,7.9,33.27,0,,225.27,,,0,,,0,,,,
2013-06-24,235.97,237.77,233.15,234.79,8864770,260.18,264.11,231.18,280.24,281.06,7.68,31.49,0,,223.38,,,0,,,0,,,,
2013-06-25,236.29,236.86,228.15,232.6,17111600,260.19,262.62,228.15,277.47,280.24,7.75,30.29,0,,220.91,,,0,,,0,,,,
2013-06-26,233.48,238.79,233.48,235.8,13302520,260.23,260.98,228.15,276.6,277.47,7.64,34.25,0,,223.05,,,0,,,0,,,,
2013-06-27,238.75,242.71,238.69,240.83,11566105,260.3,259.37,228.15,272.75,276.6,7.59,40.03,0,,226.33,,,0,,,0,,,,
2013-06-28,244.04,251.59,243.19,250.31,7250955,260.41,258.05,228.15,272.75,272.75,7.81,49.11,0,,232.29,,,0,,,0,,,,
2013-07-01,250.08,255.73,249.33,254.76,5323995,260.53,256.91,228.15,272.75,272.75,7.71,52.72,0,,235.23,,,0,,,0,,,,
2013-07-02,253.5,255.92,246.43,247.15,5683025,260.59,255.57,228.15,269.69,272.75,7.84,46.62,0,,230.24,,,0,,,0,,,,
2013-07-03,243.93,245.93,240.09,241.36,6367035,260.61,254.09,228.15,269.69,269.69,7.78,42.58,0,,226.54,,,0,,,0,,,,
2013-07-04,242.17,244.23,237.82,238.93,9497150,260.58,252.9,228.15,268.58,269.69,7.69,40.98,0,,225.04,,,0,,,0,,,,
2013-07-05,243.69,249.36,243.15,246.8,5785940,260.57,251.92,228.15,262.42,268.58,7.88,47.83,0,,229.98,,,0,,,0,,,,
2013-07-08,245.07,245.07,238.74,240.0,10780235,260.51,250.62,228.15,255.92,262.42,7.89,43.17,0,,225.59,,,0,,,0,,,,
2013-07-09,242.39,244.74,241.43,242.26,4614270,260.46,249.44,228.15,255.92,255.92,7.67,45.08,0,,227.2,,,0,,,0,,,,
2013-07-10,243.15,245.55,239.48,240.8,5341890,260.4,248.28,228.15,255.92,255.92,7.55,44.05,0,,226.33,,,0,,,0,,,,
2013-07-11,245.45,249.07,244.73,246.74,4593290,260.37,247.49,228.15,255.92,255.92,7.61,49.16,0,,230.13,,,0,,,0,,,,
2013-07-12,248.33,248.8,243.54,247.47,5287195,260.3,246.73,228.15,255.92,255.92,7.44,49.77,0,,230.71,,,0,,,0,,,,
2013-07-15,247.56,251.96,245.73,250.8,5449990,260.3,246.08,228.15,255.92,255.92,7.35,52.55,0,,232.91,,,0,,,0,,,,
2013-07-16,243.34,243.34,234.92,235.84,9493130,260.2,245.15,233.48,255.92,255.92,7.96,41.44,0,,224.64,,,0,,,0,,,,
2013-07-17,236.82,236.83,225.65,228.72,17944220,260.06,244.08,225.65,255.92,255.92,8.19,37.39,0,,217.28,,,0,,,0,,,,
2013-07-18,231.22,239.05,221.9,237.25,28548405,259.97,243.06,221.9,255.92,255.92,8.83,44.4,0,,221.11,,,0,,,0,,,,
2013-07-19,239.51,240.09,227.06,228.38,18642230,259.82,241.99,221.9,255.92,255.92,9.13,39.45,0,,215.18,,,0,,,0,,,,
2013-07-22,228.78,232.0,225.8,229.95,6446280,259.65,241.12,221.9,255.92,255.92,8.92,40.71,0,,216.34,,,0,,,0,,,,
2013-07-23,233.72,233.72,229.37,230.48,5451370,259.48,240.48,221.9,255.92,255.92,8.59,41.16,0,,216.9,,,0,,,0,,,,
2013-07-24,224.73,224.73,214.6,215.59,14788645,259.21,239.64,214.6,255.92,255.92,9.12,33.54,0,,204.51,,,0,,,0,,,,
2013-07-25,213.46,219.35,213.07,215.99,21479325,258.97,238.84,213.07,255.92,255.92,8.91,33.9,0,,204.4,,,0,,,0,,,,
2013-07-26,218.8,219.75,209.69,212.21,12108980,258.72,237.74,209.69,255.92,255.92,8.99,32.15,0,,200.78,,,0,,,0,,,,
2013-07-29,211.17,214.77,209.32,210.43,8592030,258.46,236.47,209.32,255.92,255.92,8.74,31.34,0,,199.67,,,0,,,0,,,,
2013-07-30,210.79,217.02,208.28,209.43,14577145,258.17,235.35,208.28,251.96,255.92,8.74,30.86,0,,198.68,,,0,,,0,,,,
2013-07-31,208.66,208.66,194.59,198.23,24999165,257.79,233.87,194.59,251.96,251.96,9.18,26.1,0,,186.6,,,0,,,0,,,,
2013-08-01,200.04,209.41,196.42,208.05,25717725,257.46,233.0,194.59,251.96,251.96,9.45,35.5,0,,192.76,,,0,,,0,,,,
2013-08-02,209.25,213.17,206.94,211.38,15682345,257.15,232.11,194.59,251.96,251.96,9.22,38.36,0,,195.06,,,0,,,0,,,,
2013-08-05,212.69,216.33,205.72,215.44,14983120,256.88,231.47,194.59,251.96,251.96,9.32,41.76,0,,197.61,,,0,,,0,,,,
2013-08-06,212.17,212.69,206.99,208.83,13055665,256.56,230.67,194.59,251.96,251.96,9.26,38.08,0,,193.39,,,0,,,0,,,,
2013-08-07,208.49,209.31,202.3,204.78,16176110,256.18,229.64,194.59,251.96,251.96,9.1,35.99,0,,190.88,,,0,,,0,,,,
2013-08-08,205.79,208.82,202.55,208.01,10922345,255.81,228.55,194.59,251.96,251.96,8.89,38.87,0,,193.1,,,0,,,0,,,,
2013-08-12,209.43,210.75,201.41,205.11,9866865,255.45,227.04,194.59,251.96,251.96,8.93,37.25,0,,191.21,,,0,,,0,,,,
2013-08-13,204.43,222.07,201.02,218.96,14227315,255.18,225.85,194.59,243.34,251.96,9.79,48.34,0,,199.56,,,0,,,0,,,,
2013-08-14,219.88,222.75,214.89,220.27,12402745,254.93,224.95,194.59,240.09,243.34,9.65,49.26,0,,200.5,,,0,,,0,,,,
2013-08-16,213.45,213.45,199.27,200.99,16207615,254.57,223.6,194.59,240.09,240.09,10.46,38.47,0,,187.53,,,0,,,0,,,,
2013-08-19,199.27,199.27,187.4,189.31,11262170,254.11,221.95,187.4,240.09,240.09,10.69,33.66,0,,177.45,,,0,,,0,,,,
2013-08-20,182.67,193.0,180.69,188.03,17173380,253.65,219.99,180.69,233.72,240.09,10.8,33.17,0,,174.31,,,0,,,0,,,,
2013-08-21,198.89,204.6,183.7,187.38,17473350,253.15,218.24,180.69,233.72,233.72,11.52,32.91,0,,173.41,,,0,,,0,,,,
2013-08-22,185.51,193.53,182.03,185.79,15688855,252.6,216.35,180.69,224.73,233.72,11.52,32.24,0,,172.38,,,0,,,0,,,,
2013-08-23,187.49,189.86,182.65,188.06,15303680,252.08,214.6,180.69,222.75,224.73,11.21,34.3,0,,174.05,,,0,,,0,,,,
2013-08-26,189.69,190.53,178.07,178.98,19895135,251.5,212.34,178.07,222.75,222.75,11.3,30.33,0,,167.26,,,0,,,0,,,,
2013-08-27,176.27,176.27,166.89,168.17,16500450,250.87,209.69,166.89,222.75,222.75,11.36,26.42,0,,156.53,,,0,,,0,,,,
2013-08-28,163.13,163.63,150.22,160.56,51153445,250.2,206.69,150.22,222.75,222.75,11.83,24.06,0,,145.75,,,0,,,0,,,,
2013-08-29,164.78,166.22,156.35,163.01,34666870,249.53,204.26,150.22,222.75,222.75,11.69,26.34,0,,147.42,,,0,,,0,,,,
2013-08-30,162.5,170.74,156.86,159.6,85220080,248.83,201.96,150.22,222.75,222.75,11.85,25.21,0,,145.12,,,0,,,0,,,,
2013-09-02,162.04,167.37,159.93,165.61,22843345,248.18,199.57,150.22,222.75,222.75,11.56,30.85,0,,149.19,,,0,,,0,,,,
2013-09-03,166.32,167.51,147.8,150.0,29590015,247.43,196.95,147.8,222.75,222.75,12.14,25.47,0,,137.92,,,0,,,0,,,,
2013-09-04,149.99,156.54,146.27,153.57,29505260,246.68,194.41,146.27,222.75,222.75,12.0,28.54,0,,139.81,,,0,,,0,,,,
2013-09-05,168.93,179.14,163.57,177.72,73632590,246.0,192.65,146.27,222.75,222.75,12.97,45.03,0,,154.74,,,0,,,0,,,,
2013-09-06,178.69,184.51,174.47,182.49,48465115,245.33,191.55,146.27,222.75,222.75,12.76,47.6,0,,157.95,,,0,,,0,,,,
2013-09-10,187.97,196.53,187.2,191.28,40783530,244.71,190.72,146.27,222.75,222.75,12.86,52.05,0,,163.56,,,0,,,0,,,,
2013-09-11,188.54,199.82,185.9,197.3,31007555,244.12,190.23,146.27,222.75,222.75,12.93,54.87,0,,167.39,,,0,,,0,,,,
2013-09-12,199.24,199.37,192.39,195.43,33403740,243.57,189.73,146.27,222.75,222.75,12.51,53.81,0,,166.47,,,0,,,0,,,,
2013-09-13,191.66,205.6,191.66,203.03,29836370,243.08,189.51,146.27,213.45,222.75,12.61,57.42,0,,171.31,,,0,,,0,,,,
2013-09-16,208.66,212.25,201.56,208.38,21660575,242.63,189.85,146.27,212.25,213.45,12.47,59.8,0,,174.85,,,0,,,0,,,,
2013-09-17,205.4,206.74,199.89,201.87,18527690,242.14,189.64,146.27,212.25,212.25,12.19,55.72,0,,170.84,,,0,,,0,,,,
2013-09-18,203.2,208.01,200.75,206.86,13218535,241.69,189.49,146.27,212.25,212.25,11.84,58.08,0,,174.29,,,0,,,0,,,,
2013-09-19,220.35,224.72,217.14,218.47,27187920,241.27,189.6,146.27,224.72,212.25,12.27,63.02,0,,181.49,,,0,,,0,,,,
2013-09-20,222.65,222.98,201.59,211.22,30107545,240.81,189.67,146.27,224.72,224.72,12.92,58.39,0,,176.38,,,0,,,0,,,,
2013-09-23,205.6,207.88,195.95,197.37,23254975,240.26,189.43,146.27,224.72,224.72,13.09,50.73,0,,167.34,,,0,,,0,,,,
2013-09-24,195.44,201.76,194.12,196.5,17824475,239.77,189.04,146.27,224.72,224.72,12.7,50.28,0,,167.03,,,0,,,0,,,,
2013-09-25,196.97,199.66,191.84,198.13,17426325,239.26,188.81,146.27,224.72,224.72,12.35,51.15,0,,168.32,,,0,,,0,,,,
2013-09-26,198.32,201.09,195.34,197.62,18419130,238.78,188.1,163.57,224.72,224.72,11.88,50.85,0,,174.07,,,0,,,0,,,,
2013-09-27,198.42,200.9,194.9,197.53,13399860,238.28,187.34,174.47,224.72,224.72,11.46,50.79,0,,177.93,,,0,,,0,,,,
2013-09-30,195.26,195.41,190.68,193.11,18720980,237.76,187.08,185.9,224.72,224.72,11.13,47.98,0,,179.1,,,0,,,0,,,,
2013-10-01,195.04,201.13,194.09,200.06,13985425,237.32,187.44,185.9,224.72,224.72,10.91,52.44,0,,183.73,,,0,,,0,,,,
2013-10-03,201.21,215.18,201.21,211.67,28307155,236.96,188.23,190.68,224.72,224.72,11.21,58.8,0,,192.62,,,0,,,0,,,,
2013-10-04,209.62,214.74,206.96,209.34,14738720,236.59,188.96,190.68,224.72,224.72,10.96,57.15,0,,191.28,,,0,,,0,,,,
2013-10-07,208.28,208.64,200.04,205.38,19601900,236.23,189.61,190.68,224.72,224.72,10.84,54.36,0,,188.8,,,0,,,0,,,,
2013-10-08,213.64,214.41,202.72,204.41,16814600,235.83,190.16,190.68,224.72,224.72,10.9,53.66,0,,188.14,,,0,,,0,,,,
2013-10-09,202.2,207.86,200.43,206.8,17121925,235.52,191.08,190.68,224.72,224.72,10.66,55.18,0,,189.84,,,0,,,0,,,,
2013-10-10,206.36,209.41,202.34,204.3,22450835,235.17,192.29,190.68,224.72,224.72,10.4,53.22,0,,188.4,,,0,,,0,,,,
2013-10-11,208.33,211.52,204.26,210.7,21485650,234.85,193.96,190.68,224.72,224.72,10.18,57.39,0,,192.68,,,0,,,0,,,,
2013-10-14,209.81,216.89,209.28,212.51,16030130,234.5,195.61,190.68,224.72,224.72,9.99,58.52,0,,193.97,,,0,,,0,,,,
2013-10-15,213.82,215.75,206.22,207.22,13563985,234.11,197.2,190.68,224.72,224.72,9.96,54.02,0,,190.58,,,0,,,0,,,,
2013-10-17,207.13,212.37,204.49,210.07,33121345,233.75,198.68,190.68,224.72,224.72,9.81,55.98,0,,192.51,,,0,,,0,,,,
2013-10-18,211.31,222.46,208.92,221.54,22848835,233.45,201.06,190.68,224.72,224.72,10.08,62.85,0,,199.74,,,0,,,0,,,,
2013-10-21,222.29,227.23,222.1,225.3,14205925,233.19,203.45,190.68,227.23,224.72,9.76,64.79,0,,202.37,,,0,,,0,,,,
2013-10-22,223.03,231.84,222.27,230.15,22853540,232.98,205.2,190.68,231.84,227.23,9.75,67.17,0,,205.51,,,0,,,0,,,,
2013-10-23,230.7,234.34,226.71,231.87,19709625,232.83,206.85,194.09,234.34,231.84,9.6,68.0,0,,207.85,,,0,,,0,,,,
2013-10-24,231.91,234.66,229.55,231.31,15138355,232.67,208.18,200.04,234.66,234.34,9.28,67.4,0,,209.69,,,0,,,0,,,,
2013-10-25,230.35,231.04,226.25,228.16,8360810,232.5,209.21,200.04,234.66,234.66,8.98,64.01,0,,207.86,,,0,,,0,,,,
2013-10-28,229.93,233.55,227.46,228.3,14810540,232.35,210.31,200.04,234.66,234.66,8.77,64.1,0,,208.09,,,0,,,0,,,,
2013-10-29,227.25,241.71,225.4,239.59,21811705,232.29,211.52,200.43,241.71,234.66,9.31,70.3,1,239.59,215.14,215.14,215.14,1,29,2013-10-29,0,,,,
2013-10-30,240.47,241.43,233.07,234.13,13582310,232.21,212.38,200.43,241.71,241.71,9.24,64.5,0,,211.66,,215.14,1,29,2013-10-29,0,,,,
2013-10-31,233.95,235.64,230.51,234.28,15711585,232.12,213.46,202.34,241.71,241.71,8.95,64.58,0,,212.59,,215.14,1,29,2013-10-29,1,232.12,SMA150_BREAK,3,-3.12
2013-11-01,234.71,237.53,230.96,233.55,14258565,232.04,214.35,204.26,241.71,241.71,8.78,63.77,0,,212.87,,,0,,,0,,,,
2013-11-05,230.89,240.93,229.16,235.1,17738400,231.96,214.91,204.49,241.71,241.71,8.99,64.78,0,,213.81,,,0,,,0,,,,
2013-11-06,234.53,237.56,230.9,232.42,11912900,231.88,215.61,204.49,241.71,241.71,8.82,61.57,0,,212.19,,,0,,,0,,,,
2013-11-07,233.02,235.6,223.42,224.43,12944240,231.74,216.52,204.49,241.71,241.71,9.06,53.12,0,,206.88,,,0,,,0,,,,
2013-11-08,222.46,222.96,213.17,214.45,13636750,231.51,217.11,208.92,241.71,241.71,9.22,44.84,0,,201.81,,,0,,,0,,,,
2013-11-11,211.73,212.42,205.56,206.39,16116270,231.25,217.39,205.56,241.71,241.71,9.2,39.48,0,,195.51,,,0,,,0,,,,
2013-11-12,206.94,209.31,198.89,200.78,16885065,230.98,217.49,198.89,241.71,241.71,9.28,36.24,0,,189.61,,,0,,,0,,,,
2013-11-13,197.93,201.75,193.63,197.47,39012215,230.73,217.49,193.63,241.71,241.71,9.2,34.44,0,,185.78,,,0,,,0,,,,
2013-11-14,202.15,211.24,202.15,210.21,22185795,230.58,218.06,193.63,241.71,241.71,9.53,45.62,0,,193.78,,,0,,,0,,,,
2013-11-18,214.51,218.87,213.9,218.41,14869295,230.52,218.67,193.63,241.71,241.71,9.47,51.37,0,,199.11,,,0,,,0,,,,
2013-11-19,219.78,220.31,216.15,217.49,15186525,230.46,218.87,193.63,241.71,241.71,9.09,50.72,0,,198.77,,,0,,,0,,,,
2013-11-20,215.37,221.48,214.6,216.8,11536220,230.34,219.12,193.63,241.71,241.71,8.93,50.21,0,,198.43,,,0,,,0,,,,
2013-11-21,214.2,214.22,206.69,208.14,16170540,230.15,219.21,193.63,241.71,241.71,9.01,44.19,0,,192.78,,,0,,,0,,,,
2013-11-22,210.77,211.99,206.44,207.37,11465075,229.94,219.31,193.63,241.71,241.71,8.77,43.69,0,,192.45,,,0,,,0,,,,
2013-11-25,209.24,215.56,208.87,213.73,10727185,229.74,219.54,193.63,241.71,241.71,8.73,48.85,0,,196.58,,,0,,,0,,,,
2013-11-26,214.41,216.1,212.54,213.85,7324655,229.45,219.86,193.63,241.71,241.71,8.36,48.95,0,,196.91,,,0,,,0,,,,
2013-11-27,212.69,216.66,211.44,214.77,8549025,229.15,219.99,193.63,241.71,241.71,8.13,49.72,0,,197.65,,,0,,,0,,,,
2013-11-28,217.59,219.35,213.36,214.65,10909630,228.78,220.06,193.63,241.43,241.71,7.98,49.62,0,,197.67,,,0,,,0,,,,
2013-11-29,214.99,222.25,214.97,221.49,9210385,228.44,220.54,193.63,240.93,241.43,7.95,55.42,0,,202.1,,,0,,,0,,,,
2013-12-02,222.23,229.2,221.88,228.16,8985375,228.14,221.14,193.63,240.93,240.93,7.93,60.23,0,,206.42,,,0,,,0,,,,
2013-12-03,227.21,229.93,225.34,228.71,8899090,227.77,221.38,193.63,240.93,240.93,7.7,60.61,0,,206.93,,,0,,,0,,,,
2013-12-04,227.26,229.74,226.33,228.22,8248745,227.42,221.48,193.63,237.56,240.93,7.39,60.06,0,,206.82,,,0,,,0,,,,
2013-12-05,236.25,239.5,235.27,237.88,10405365,227.15,221.74,202.15,239.5,237.56,7.67,66.48,1,237.88,215.7,215.7,215.7,1,30,2013-12-05,0,,,,
2013-12-06,237.33,246.98,236.11,245.21,11096255,226.91,222.18,206.44,246.98,239.5,7.9,70.38,0,,221.71,,221.71,1,30,2013-12-05,0,,,,
2013-12-09,256.76,257.25,248.55,249.76,10508465,226.66,222.8,206.44,257.25,246.98,8.19,72.51,0,,224.45,,224.45,1,30,2013-12-05,0,,,,
2013-12-10,249.67,249.67,239.43,242.36,7427500,226.42,223.27,206.44,257.25,257.25,8.35,64.39,0,,219.57,,224.45,1,30,2013-12-05,0,,,,
2013-12-11,239.89,245.99,237.62,243.96,9152360,226.21,223.79,206.44,257.25,257.25,8.35,65.29,0,,220.6,,224.45,1,30,2013-12-05,0,,,,
2013-12-12,242.58,243.21,238.4,239.07,6403500,225.91,223.77,206.44,257.25,257.25,8.15,60.25,0,,217.58,,224.45,1,30,2013-12-05,0,,,,
2013-12-13,235.68,239.32,233.77,237.56,7975630,225.62,223.89,208.87,257.25,257.25,7.96,58.74,0,,217.54,,224.45,1,30,2013-12-05,0,,,,
2013-12-16,236.07,243.71,235.62,241.7,8426820,225.4,224.14,211.44,257.25,257.25,7.97,61.58,0,,221.06,,224.45,1,30,2013-12-05,0,,,,
2013-12-17,243.56,245.32,239.2,240.68,6818380,225.15,224.37,211.44,257.25,257.25,7.84,60.48,0,,220.49,,224.45,1,30,2013-12-05,0,,,,
2013-12-18,239.53,250.05,239.13,245.81,10330635,224.96,224.73,213.36,257.25,257.25,8.06,63.98,0,,224.29,,224.45,1,30,2013-12-05,0,,,,
2013-12-19,248.29,248.9,238.17,240.85,11220600,224.72,225.01,214.97,257.25,257.25,8.25,58.58,0,,221.5,,224.45,1,30,2013-12-05,0,,,,
2013-12-20,239.51,246.03,239.46,244.85,7252380,224.45,225.69,221.88,257.25,257.25,8.13,61.4,0,,226.47,,226.47,1,30,2013-12-05,0,,,,
2013-12-23,245.45,249.95,245.45,247.42,5821480,224.17,226.79,225.34,257.25,257.25,7.91,63.15,0,,229.42,,229.42,1,30,2013-12-05,0,,,,
2013-12-24,248.33,248.71,244.97,245.82,5070345,223.88,228.11,226.33,257.25,257.25,7.62,61.29,0,,228.92,,229.42,1,30,2013-12-05,0,,,,
2013-12-26,246.75,252.73,245.1,248.53,13471165,223.61,229.7,233.77,257.25,257.25,7.62,63.26,0,,233.15,,233.15,1,30,2013-12-05,0,,,,
2013-12-27,251.01,251.83,247.23,248.04,6232180,223.35,231.38,233.77,257.25,257.25,7.4,62.64,0,,232.98,,233.15,1,30,2013-12-05,0,,,,
2013-12-30,249.09,250.24,245.84,246.46,7064845,223.09,232.59,233.77,257.25,257.25,7.19,60.58,0,,232.1,,233.15,1,30,2013-12-05,0,,,,
2013-12-31,247.55,249.62,244.57,249.01,6365405,222.91,233.61,233.77,257.25,257.25,7.03,62.71,0,,233.85,,233.85,1,30,2013-12-05,0,,,,
2014-01-01,249.38,250.05,246.83,247.6,2849425,222.72,234.62,233.77,257.25,257.25,6.76,60.75,0,,233.12,,233.85,1,30,2013-12-05,0,,,,
2014-01-02,247.56,253.88,242.07,243.78,12972060,222.49,235.51,233.77,257.25,257.25,7.12,55.68,0,,230.41,,233.85,1,30,2013-12-05,0,,,,
2014-01-03,241.04,243.25,238.67,241.6,12018740,222.25,236.63,233.77,257.25,257.25,6.98,52.96,0,,229.1,,233.85,1,30,2013-12-05,0,,,,
2014-01-06,240.96,241.81,237.9,240.72,9181445,222.02,237.74,235.62,257.25,257.25,6.76,51.86,0,,229.3,,233.85,1,30,2013-12-05,0,,,,
2014-01-07,240.95,242.54,232.9,236.49,15100310,221.79,238.5,232.9,253.88,257.25,6.97,46.83,0,,225.53,,233.85,1,30,2013-12-05,1,233.85,TRAILING_STOP,23,-1.7
2014-01-08,237.6,238.55,231.3,232.18,13901845,221.54,239.11,231.3,253.88,253.88,6.99,42.32,0,,222.2,,,0,,,0,,,,
2014-01-09,230.89,231.95,225.37,227.03,25553735,221.25,239.52,225.37,253.88,253.88,6.97,37.65,0,,216.91,,,0,,,0,,,,
2014-01-10,228.77,229.27,222.06,223.04,19877740,220.98,239.8,222.06,253.88,253.88,6.99,34.48,0,,213.22,,,0,,,0,,,,
2014-01-13,223.22,229.93,223.22,227.04,8470360,220.75,239.98,222.06,253.88,253.88,6.98,39.94,0,,215.81,,,0,,,0,,,,
2014-01-14,227.06,228.7,224.04,225.53,12100565,220.47,239.9,222.06,253.88,253.88,6.82,38.63,0,,214.94,,,0,,,0,,,,
2014-01-15,227.06,227.63,223.49,225.77,14202760,220.24,239.8,222.06,253.88,253.88,6.63,38.97,0,,215.22,,,0,,,0,,,,
2014-01-16,227.06,229.45,223.93,225.36,18979890,220.03,239.7,222.06,253.88,253.88,6.55,38.58,0,,215.01,,,0,,,0,,,,
2014-01-17,225.72,227.63,219.39,220.92,18932820,219.84,239.14,219.39,253.88,253.88,6.67,34.49,0,,211.18,,,0,,,0,,,,
2014-01-20,218.95,223.8,216.96,222.88,9875240,219.72,238.39,216.96,253.88,253.88,6.68,37.63,0,,211.62,,,0,,,0,,,,
2014-01-21,223.21,228.44,221.98,227.74,10979910,219.64,237.66,216.96,253.88,253.88,6.66,44.71,0,,214.77,,,0,,,0,,,,
2014-01-22,227.25,230.39,224.78,227.79,11839660,219.52,237.17,216.96,253.88,253.88,6.59,44.78,0,,214.85,,,0,,,0,,,,
2014-01-23,226.72,233.8,226.36,233.0,15027160,219.42,236.81,216.96,253.88,253.88,6.65,51.6,0,,218.17,,,0,,,0,,,,
2014-01-24,230.51,235.45,228.97,230.81,14064340,219.34,236.53,216.96,253.88,253.88,6.64,48.87,0,,216.77,,,0,,,0,,,,
2014-01-27,225.33,226.79,221.31,222.48,10879550,219.2,236.03,216.96,253.88,253.88,6.84,40.16,0,,211.26,,,0,,,0,,,,
2014-01-28,221.69,225.91,213.7,214.94,12651355,219.08,235.14,213.7,253.88,253.88,7.23,34.21,0,,205.05,,,0,,,0,,,,
2014-01-29,216.58,220.34,214.83,218.48,10925525,218.95,234.4,213.7,253.88,253.88,7.1,38.79,0,,207.42,,,0,,,0,,,,
2014-01-30,215.18,216.27,211.73,212.46,11477500,218.8,233.29,211.73,243.25,253.88,7.08,34.41,0,,202.89,,,0,,,0,,,,
2014-01-31,213.3,215.94,212.75,215.17,5722790,218.68,232.43,211.73,242.54,243.25,6.82,37.82,0,,204.81,,,0,,,0,,,,
2014-02-03,213.09,217.27,212.82,215.35,6931690,218.54,231.45,211.73,242.54,242.54,6.65,38.05,0,,205.04,,,0,,,0,,,,
2014-02-04,212.06,216.01,210.96,214.95,8545405,218.37,230.37,210.96,238.55,242.54,6.54,37.71,0,,204.6,,,0,,,0,,,,
2014-02-05,215.56,216.52,212.97,215.31,7306550,218.14,229.35,210.96,235.45,238.55,6.32,38.24,0,,204.98,,,0,,,0,,,,
2014-02-06,215.58,217.67,210.49,211.34,10324800,217.85,228.11,210.49,235.45,235.45,6.38,34.75,0,,202.22,,,0,,,0,,,,
2014-02-07,214.61,216.4,212.82,215.65,6262595,217.64,227.03,210.49,235.45,235.45,6.29,41.04,0,,205.06,,,0,,,0,,,,
2014-02-10,216.89,218.32,213.08,214.4,4396885,217.46,225.96,210.49,235.45,235.45,6.22,39.84,0,,204.31,,,0,,,0,,,,
2014-02-11,215.24,216.86,213.91,214.78,4572215,217.3,224.82,210.49,235.45,235.45,5.98,40.41,0,,204.71,,,0,,,0,,,,
2014-02-12,216.52,217.09,213.52,214.53,7384095,217.08,223.72,210.49,235.45,235.45,5.81,40.14,0,,204.66,,,0,,,0,,,,
2014-02-13,214.64,215.52,210.1,211.06,5899360,216.89,222.63,210.1,235.45,235.45,5.78,36.5,0,,202.31,,,0,,,0,,,,
2014-02-14,212.49,212.88,207.44,211.35,8778435,216.68,221.62,207.44,235.45,235.45,5.76,37.02,0,,201.63,,,0,,,0,,,,
2014-02-17,212.88,214.6,211.73,213.69,3941195,216.5,220.72,207.44,235.45,235.45,5.58,41.15,0,,203.26,,,0,,,0,,,,
2014-02-18,213.64,225.43,212.41,223.3,10684885,216.35,220.28,207.44,235.45,235.45,6.11,54.4,0,,209.1,,,0,,,0,,,,
2014-02-19,223.13,225.72,221.88,223.44,7007375,216.19,219.99,207.44,235.45,235.45,5.95,54.56,0,,209.3,,,0,,,0,,,,
2014-02-20,221.12,224.55,219.67,221.85,9773920,215.99,219.81,207.44,235.45,235.45,5.87,52.31,0,,208.33,,,0,,,0,,,,
2014-02-21,222.27,229.55,222.27,228.66,9309810,215.95,220.0,207.44,229.55,235.45,6.0,59.93,0,,212.63,,,0,,,0,,,,
2014-02-24,227.06,238.53,226.66,237.25,12811810,216.0,220.34,207.44,238.53,229.55,6.42,67.08,1,237.25,217.89,217.89,217.89,1,31,2014-02-24,0,,,,
2014-02-25,237.79,239.7,234.75,236.97,9506545,216.0,220.72,207.44,239.7,238.53,6.32,66.66,0,,217.78,,217.89,1,31,2014-02-24,0,,,,
2014-02-26,236.06,238.94,235.33,237.45,9380195,216.06,221.11,207.44,239.7,239.7,6.12,67.04,0,,218.22,,218.22,1,31,2014-02-24,0,,,,
2014-02-28,237.69,243.65,237.23,242.78,9366255,216.15,221.69,207.44,243.65,239.7,6.14,70.98,1,242.78,221.64,221.64,221.64,1,31,2014-02-24,0,,,,
2014-03-03,241.43,246.35,239.05,240.57,9655975,216.21,222.35,207.44,246.35,243.65,6.23,67.39,0,,220.16,,221.64,1,31,2014-02-24,0,,,,
2014-03-04,240.47,250.03,240.47,247.86,11947275,216.43,223.18,207.44,250.03,246.35,6.46,72.36,1,247.86,224.71,224.71,224.71,1,31,2014-02-24,0,,,,
2014-03-05,249.09,251.81,247.95,250.56,13213960,216.66,223.94,207.44,251.81,250.03,6.29,73.95,0,,226.57,,226.57,1,31,2014-02-24,0,,,,
2014-03-06,250.61,255.8,250.43,254.74,9941880,216.94,224.84,207.44,255.8,251.81,6.22,76.22,0,,229.31,,229.31,1,31,2014-02-24,0,,,,
2014-03-07,255.61,272.78,254.71,269.56,23583950,217.34,226.06,207.44,272.78,255.8,7.07,82.17,0,,238.3,,238.3,1,31,2014-02-24,0,,,,
2014-03-10,266.72,276.26,266.72,273.34,16911865,217.76,227.48,211.73,276.26,272.78,7.24,83.31,0,,242.05,,242.05,1,31,2014-02-24,0,,,,
2014-03-11,273.23,278.41,270.18,271.61,19830435,218.25,229.11,212.41,278.41,276.26,7.31,80.76,0,,241.12,,242.05,1,31,2014-02-24,0,,,,
2014-03-12,271.61,273.02,266.73,267.85,10747045,218.65,230.88,219.67,278.41,278.41,7.24,75.34,0,,241.16,,242.05,1,31,2014-02-24,0,,,,
2014-03-13,270.15,273.04,263.47,264.64,10533955,219.01,232.42,219.67,278.41,278.41,7.41,70.97,0,,238.98,,242.05,1,31,2014-02-24,0,,,,
2014-03-14,262.7,262.7,255.03,259.61,13711595,219.3,233.99,222.27,278.41,278.41,7.56,64.63,0,,236.5,,242.05,1,31,2014-02-24,0,,,,
2014-03-18,261.55,265.0,257.31,258.5,9473510,219.63,235.43,226.66,278.41,278.41,7.57,63.29,0,,237.24,,242.05,1,31,2014-02-24,0,,,,
2014-03-19,260.21,268.05,258.93,265.48,20189155,220.04,237.1,234.75,278.41,278.41,7.71,67.82,0,,244.34,,244.34,1,31,2014-02-24,0,,,,
2014-03-20,260.88,265.07,257.86,260.08,12914880,220.38,238.61,235.33,278.41,278.41,7.71,61.5,0,,241.06,,244.34,1,31,2014-02-24,0,,,,
2014-03-21,255.8,270.54,253.33,267.15,64854420,220.8,240.34,237.23,278.41,278.41,8.39,65.97,0,,245.8,,245.8,1,31,2014-02-24,0,,,,
2014-03-24,268.62,273.04,267.15,270.3,15594445,221.14,242.3,239.05,278.41,278.41,8.21,67.77,0,,248.55,,248.55,1,31,2014-02-24,0,,,,
2014-03-25,270.44,272.27,267.51,268.43,8412610,221.46,244.06,240.47,278.41,278.41,7.96,65.55,0,,247.99,,248.55,1,31,2014-02-24,0,,,,
2014-03-26,270.47,275.46,269.37,274.02,13856980,221.95,246.05,247.95,278.41,278.41,7.9,68.83,0,,254.13,,254.13,1,31,2014-02-24,0,,,,
2014-03-27,274.0,281.45,271.32,273.99,21452140,222.51,248.02,250.43,281.45,278.41,8.05,68.79,0,,254.83,,254.83,1,31,2014-02-24,0,,,,
2014-03-28,274.92,281.65,274.01,280.12,10456480,223.13,250.21,253.33,281.65,281.45,8.03,72.16,0,,259.77,,259.77,1,31,2014-02-24,0,,,,
2014-03-31,281.86,282.62,277.85,279.85,10543390,223.74,252.5,253.33,282.62,281.65,7.79,71.79,0,,259.75,,259.77,1,31,2014-02-24,0,,,,
2014-04-01,281.67,283.37,278.51,281.38,11106200,224.38,254.83,253.33,283.37,282.62,7.58,72.64,0,,260.88,,260.88,1,31,2014-02-24,0,,,,
2014-04-02,279.37,282.56,275.42,281.12,6919030,225.0,257.08,253.33,283.37,283.37,7.55,72.24,0,,260.73,,260.88,1,31,2014-02-24,0,,,,
2014-04-03,281.45,281.45,273.64,274.93,5572305,225.64,258.8,253.33,283.37,283.37,7.57,63.34,0,,256.73,,260.88,1,31,2014-02-24,0,,,,
2014-04-04,274.0,277.93,271.7,273.65,8209800,226.34,260.48,253.33,283.37,283.37,7.48,61.65,0,,255.96,,260.88,1,31,2014-02-24,0,,,,
2014-04-07,273.6,275.83,270.19,272.48,5393885,227.09,262.16,253.33,283.37,283.37,7.34,60.07,0,,255.3,,260.88,1,31,2014-02-24,0,,,,
2014-04-09,273.71,285.5,272.31,284.34,8360910,227.9,264.02,253.33,285.5,283.37,7.76,68.79,1,284.34,262.67,262.67,262.67,1,31,2014-02-24,0,,,,
2014-04-10,284.43,290.79,282.77,288.12,10369990,228.76,265.72,253.33,290.79,285.5,7.78,70.97,0,,265.09,,265.09,1,31,2014-02-24,0,,,,
2014-04-11,284.54,288.69,283.58,286.6,5411945,229.56,267.37,253.33,290.79,290.79,7.59,68.89,0,,264.24,,265.09,1,31,2014-02-24,0,,,,
2014-04-15,286.26,286.52,274.82,276.91,4690300,230.41,268.69,267.15,290.79,290.79,7.89,57.34,0,,262.4,,265.09,1,31,2014-02-24,0,,,,
2014-04-16,277.26,280.65,273.43,274.37,4174880,231.21,269.74,267.51,290.79,290.79,7.84,54.75,0,,260.91,,265.09,1,31,2014-02-24,0,,,,
2014-04-17,275.34,282.17,275.34,280.64,6318240,231.9,271.07,269.37,290.79,290.79,7.84,59.61,0,,265.58,,265.58,1,31,2014-02-24,0,,,,
2014-04-21,281.67,289.33,281.47,288.14,5660175,232.6,272.42,270.19,290.79,290.79,7.9,64.51,0,,270.65,,270.65,1,31,2014-02-24,0,,,,
2014-04-22,288.56,289.67,285.13,287.43,4972865,233.25,273.65,270.19,290.79,290.79,7.66,63.72,0,,270.35,,270.65,1,31,2014-02-24,0,,,,
2014-04-23,285.88,293.9,285.88,291.21,8169030,233.87,274.86,270.19,293.9,290.79,7.68,66.09,1,291.21,272.77,272.77,272.77,1,31,2014-02-24,0,,,,
2014-04-24,291.21,291.21,291.21,291.21,0,234.51,275.58,270.19,293.9,293.9,7.14,66.09,0,,273.14,,273.14,1,31,2014-02-24,0,,,,
2014-04-25,291.63,296.61,287.63,293.68,12287160,235.11,276.26,270.19,296.61,293.9,7.27,67.7,0,,274.64,,274.64,1,31,2014-02-24,0,,,,
2014-04-28,296.99,297.91,292.2,293.08,8868885,235.68,276.98,270.19,297.91,296.61,7.16,66.87,0,,274.33,,274.64,1,31,2014-02-24,0,,,,
2014-04-29,294.31,296.03,288.89,292.86,5984595,236.29,277.81,270.19,297.91,297.91,7.16,66.55,0,,274.19,,274.64,1,31,2014-02-24,0,,,,
2014-04-30,294.68,296.71,286.87,290.71,6673185,236.84,278.68,270.19,297.91,297.91,7.35,63.35,0,,272.67,,274.64,1,31,2014-02-24,0,,,,
2014-05-02,292.27,294.83,290.96,293.19,4528060,237.34,279.8,272.31,297.91,297.91,7.12,65.41,0,,275.13,,275.13,1,31,2014-02-24,0,,,,
2014-05-05,294.3,299.85,291.53,297.29,7227275,237.92,281.09,273.43,299.85,297.91,7.2,68.57,0,,278.09,,278.09,1,31,2014-02-24,0,,,,
2014-05-06,297.95,299.53,292.87,294.49,5337910,238.56,282.06,273.43,299.85,299.85,7.16,64.26,0,,276.31,,278.09,1,31,2014-02-24,0,,,,
2014-05-07,293.87,298.14,290.61,294.64,6034730,239.22,283.21,273.43,299.85,299.85,7.19,64.39,0,,276.39,,278.09,1,31,2014-02-24,0,,,,
2014-05-08,295.46,298.8,293.74,297.71,6485510,239.88,284.23,273.43,299.85,299.85,7.04,67.02,0,,278.47,,278.47,1,31,2014-02-24,0,,,,
2014-05-09,298.12,316.15,296.56,312.13,11327365,240.65,285.62,275.34,316.15,299.85,7.93,75.98,1,312.13,287.81,287.81,287.81,1,31,2014-02-24,0,,,,
2014-05-12,316.73,324.15,314.07,315.49,9777475,241.43,287.19,281.47,324.15,316.15,8.23,77.51,0,,291.83,,291.83,1,31,2014-02-24,0,,,,
2014-05-13,320.95,322.29,314.24,315.92,9343160,242.25,288.59,285.13,324.15,324.15,8.21,77.71,0,,293.34,,293.34,1,31,2014-02-24,0,,,,
2014-05-14,316.54,319.99,312.39,313.57,6712060,243.01,289.91,285.88,324.15,324.15,8.17,73.91,0,,292.1,,293.34,1,31,2014-02-24,0,,,,
2014-05-15,314.24,320.93,314.06,318.85,7888990,243.72,291.2,286.87,324.15,324.15,8.11,76.67,0,,295.87,,295.87,1,31,2014-02-24,0,,,,
2014-05-16,335.32,354.29,322.67,336.27,19275385,244.57,293.08,286.87,354.29,324.15,10.06,83.04,1,336.27,305.81,305.81,305.81,1,31,2014-02-24,0,,,,
2014-05-19,340.49,363.94,340.49,356.32,11546880,245.57,295.58,286.87,363.94,354.29,11.32,87.33,0,,317.9,,317.9,1,31,2014-02-24,0,,,,
2014-05-20,358.31,362.68,352.76,355.81,6207320,246.58,298.07,286.87,363.94,363.94,11.22,86.73,0,,317.64,,317.9,1,31,2014-02-24,0,,,,
2014-05-21,356.01,357.77,346.82,347.8,5343765,247.52,300.5,286.87,363.94,363.94,11.2,77.69,0,,312.49,,317.9,1,31,2014-02-24,0,,,,
2014-05-22,350.45,356.01,345.87,352.88,4446910,248.51,303.14,290.61,363.94,363.94,11.13,79.17,0,,317.06,,317.9,1,31,2014-02-24,0,,,,
2014-05-23,353.76,358.97,352.56,357.26,5853140,249.49,305.96,290.61,363.94,363.94,10.79,80.38,0,,320.11,,320.11,1,31,2014-02-24,0,,,,
2014-05-26,359.65,369.58,354.09,358.87,8715260,250.47,308.45,290.61,369.58,363.94,11.13,80.82,0,,320.92,,320.92,1,31,2014-02-24,0,,,,
2014-05-27,356.22,358.75,350.65,354.29,4665425,251.45,310.65,290.61,369.58,369.58,10.92,75.61,0,,318.11,,320.92,1,31,2014-02-24,0,,,,
2014-05-28,354.29,359.27,349.73,356.37,5950100,252.42,312.98,293.74,369.58,369.58,10.82,76.36,0,,320.56,,320.92,1,31,2014-02-24,0,,,,
2014-05-29,356.2,362.79,354.57,357.49,10555410,253.33,315.67,296.56,369.58,369.58,10.63,76.77,0,,322.35,,322.35,1,31,2014-02-24,0,,,,
2014-05-30,358.12,358.12,349.49,351.82,3890590,254.17,318.25,312.39,369.58,369.58,10.49,70.12,0,,324.06,,324.06,1,31,2014-02-24,0,,,,
2014-06-02,351.08,365.4,349.22,364.22,5954760,255.07,321.03,312.39,369.58,369.58,10.9,75.18,0,,331.79,,331.79,1,31,2014-02-24,0,,,,
2014-06-03,365.95,368.83,361.76,363.99,6000185,255.95,323.56,312.39,369.58,369.58,10.62,74.93,0,,331.82,,331.82,1,31,2014-02-24,0,,,,
2014-06-04,362.52,370.38,360.44,368.79,4109700,256.86,326.27,314.06,370.38,369.58,10.57,76.7,0,,335.51,,335.51,1,31,2014-02-24,0,,,,
2014-06-05,368.85,373.64,367.31,372.94,5422885,257.83,329.0,322.67,373.64,370.38,10.27,78.13,1,372.94,341.26,341.26,341.26,1,31,2014-02-24,0,,,,
2014-06-06,374.67,380.06,372.7,378.16,4047810,258.83,331.9,340.49,380.06,373.64,10.06,79.82,0,,350.7,,350.7,1,31,2014-02-24,0,,,,
2014-06-09,380.34,381.23,375.73,376.94,3942460,259.74,334.67,345.87,381.23,380.06,9.74,78.3,0,,351.92,,351.92,1,31,2014-02-24,0,,,,
2014-06-10,377.09,377.35,368.9,370.28,4218745,260.65,337.24,345.87,381.23,381.23,9.65,70.42,0,,347.69,,351.92,1,31,2014-02-24,0,,,,
2014-06-11,370.96,377.18,369.42,371.87,4870360,261.57,339.88,345.87,381.23,381.23,9.51,71.17,0,,348.81,,351.92,1,31,2014-02-24,0,,,,
2014-06-12,372.49,373.27,366.39,368.38,4192650,262.47,342.47,349.22,381.23,381.23,9.32,67.17,0,,347.8,,351.92,1,31,2014-02-24,0,,,,
2014-06-13,367.65,369.38,350.56,351.97,6276850,263.25,344.43,349.22,381.23,381.23,10.0,52.28,0,,336.76,,351.92,1,31,2014-02-24,1,351.92,TRAILING_STOP,74,48.33
2014-06-16,350.81,352.75,338.81,343.28,6851985,263.99,345.96,338.81,381.23,381.23,10.28,46.42,0,,327.5,,,0,,,0,,,,
2014-06-17,342.68,357.78,340.85,356.15,7990990,264.86,348.02,338.81,381.23,381.23,10.76,54.55,0,,335.48,,,0,,,0,,,,
2014-06-18,357.2,363.18,352.95,357.88,9690125,265.82,350.12,338.81,381.23,381.23,10.72,55.53,0,,336.62,,,0,,,0,,,,
2014-06-19,358.57,361.46,353.58,356.58,5141745,266.82,352.09,338.81,381.23,381.23,10.52,54.58,0,,335.92,,,0,,,0,,,,
2014-06-20,354.3,364.69,353.91,361.33,5838570,267.89,353.73,338.81,381.23,381.23,10.54,57.44,0,,338.97,,,0,,,0,,,,
2014-06-23,360.49,365.9,359.15,364.55,5348310,269.01,355.36,338.81,381.23,381.23,10.27,59.31,0,,341.23,,,0,,,0,,,,
2014-06-24,364.17,373.66,364.17,372.69,5401370,270.09,357.25,338.81,381.23,381.23,10.21,63.67,0,,346.52,,,0,,,0,,,,
2014-06-25,374.43,374.43,368.82,370.31,4149915,271.1,359.14,338.81,381.23,381.23,9.88,61.59,0,,345.2,,,0,,,0,,,,
2014-06-26,370.8,375.4,369.34,373.19,5944135,272.14,360.96,338.81,381.23,381.23,9.61,63.16,0,,347.24,,,0,,,0,,,,
2014-06-27,373.36,374.95,367.89,369.63,4505300,273.16,362.07,338.81,381.23,381.23,9.43,59.91,0,,345.06,,,0,,,0,,,,
2014-06-30,374.04,377.53,369.98,371.5,4887415,274.25,362.57,338.81,381.23,381.23,9.32,61.04,0,,346.34,,,0,,,0,,,,
2014-07-01,373.27,374.7,371.02,371.73,4136855,275.34,363.1,338.81,381.23,381.23,8.91,61.19,0,,346.76,,,0,,,0,,,,
2014-07-02,375.59,375.88,372.35,373.05,3797820,276.4,363.95,338.81,381.23,381.23,8.57,62.06,0,,347.84,,,0,,,0,,,,
2014-07-03,375.01,377.08,370.35,372.82,4618140,277.46,364.61,338.81,381.23,381.23,8.44,61.8,0,,347.78,,,0,,,0,,,,
2014-07-04,372.69,377.14,371.18,374.8,4327275,278.53,365.2,338.81,381.23,381.23,8.27,63.24,0,,349.17,,,0,,,0,,,,
2014-07-07,375.11,376.01,370.76,372.3,3179705,279.58,365.64,340.85,377.53,381.23,8.05,60.16,0,,348.38,,,0,,,0,,,,
2014-07-08,372.46,373.08,358.55,365.57,4531395,280.54,366.02,352.95,377.53,377.53,8.51,52.73,0,,347.77,,,0,,,0,,,,
2014-07-09,363.96,370.15,360.94,362.74,5950625,281.44,366.23,353.58,377.53,377.53,8.56,49.94,0,,346.12,,,0,,,0,,,,
2014-07-10,363.03,375.32,353.34,360.5,8857260,282.32,366.33,353.34,377.53,377.53,9.52,47.78,0,,343.96,,,0,,,0,,,,
2014-07-11,360.12,363.05,349.96,351.71,5105850,283.14,366.33,349.96,377.53,377.53,9.78,40.4,0,,336.99,,,0,,,0,,,,
2014-07-14,351.93,360.27,349.9,357.51,3296985,283.94,366.1,349.9,377.53,377.53,9.82,46.29,0,,340.68,,,0,,,0,,,,
2014-07-15,359.11,368.52,358.55,367.63,3557585,284.76,366.23,349.9,377.53,377.53,9.9,54.71,0,,347.15,,,0,,,0,,,,
2014-07-16,374.12,382.37,369.02,380.2,6120160,285.63,366.61,349.9,382.37,377.53,10.25,62.56,1,380.2,355.03,355.03,355.03,1,32,2014-07-16,0,,,,
2014-07-17,381.4,381.59,376.79,378.34,3613160,286.53,366.79,349.9,382.37,382.37,9.86,60.87,0,,354.09,,355.03,1,32,2014-07-16,0,,,,
2014-07-18,376.56,389.12,374.14,386.4,6500310,287.48,367.06,349.9,389.12,382.37,10.23,65.23,1,386.4,359.04,359.04,359.04,1,32,2014-07-16,0,,,,
2014-07-21,389.92,394.57,387.71,391.73,5750940,288.5,367.55,349.9,394.57,389.12,10.08,67.79,0,,362.58,,362.58,1,32,2014-07-16,0,,,,
2014-07-22,393.87,394.11,387.63,390.36,5523135,289.52,368.22,349.9,394.57,394.57,9.82,66.44,0,,361.87,,362.58,1,32,2014-07-16,0,,,,
2014-07-23,390.85,395.54,384.11,387.22,8698735,290.49,368.73,349.9,395.54,394.57,9.94,63.32,0,,359.77,,362.58,1,32,2014-07-16,0,,,,
2014-07-24,387.21,389.32,383.82,386.57,4828895,291.46,369.34,349.9,395.54,395.54,9.62,62.67,0,,359.56,,362.58,1,32,2014-07-16,0,,,,
2014-07-25,387.01,388.95,381.66,384.45,4277980,292.38,370.42,349.9,395.54,395.54,9.45,60.47,0,,358.3,,362.58,1,32,2014-07-16,0,,,,
2014-07-28,390.55,394.32,381.01,382.71,5838272,293.33,371.74,349.9,395.54,395.54,9.73,58.65,0,,357.0,,362.58,1,32,2014-07-16,0,,,,
2014-07-30,387.11,390.79,379.61,388.85,3945078,294.29,372.83,349.9,395.54,395.54,9.83,62.89,0,,360.89,,362.58,1,32,2014-07-16,0,,,,
2014-07-31,389.14,390.45,377.58,379.13,5899359,295.17,373.54,349.9,395.54,395.54,10.05,53.53,0,,354.47,,362.58,1,32,2014-07-16,0,,,,
2014-08-01,375.59,384.3,372.59,374.62,4556225,296.03,374.14,349.9,395.54,395.54,10.17,49.82,0,,351.48,,362.58,1,32,2014-07-16,0,,,,
2014-08-04,379.17,381.64,374.82,378.35,3189855,296.89,374.71,349.9,395.54,395.54,9.94,52.74,0,,354.04,,362.58,1,32,2014-07-16,0,,,,
2014-08-05,379.95,382.85,374.48,380.38,4565734,297.78,375.23,358.55,395.54,395.54,9.83,54.29,0,,358.31,,362.58,1,32,2014-07-16,0,,,,
2014-08-06,379.46,379.51,369.98,370.95,3328178,298.61,375.18,369.02,395.54,395.54,9.87,46.62,0,,355.69,,362.58,1,32,2014-07-16,0,,,,
2014-08-07,367.9,374.19,367.9,368.91,3629281,299.4,375.13,367.9,395.54,395.54,9.62,45.13,0,,354.17,,362.58,1,32,2014-07-16,0,,,,
2014-08-08,363.01,365.23,357.25,359.14,4082447,300.15,374.66,357.25,395.54,395.54,9.76,38.76,0,,344.22,,362.58,1,32,2014-07-16,1,362.58,TRAILING_STOP,17,-4.63
2014-08-11,362.04,365.82,360.68,364.7,2245416,300.95,374.5,357.25,395.54,395.54,9.54,43.64,0,,347.95,,,0,,,0,,,,
2014-08-12,364.94,370.9,362.57,369.64,2849902,301.81,374.43,357.25,395.54,395.54,9.45,47.63,0,,351.2,,,0,,,0,,,,
2014-08-13,366.06,368.48,360.1,361.94,2422893,302.62,374.11,357.25,395.54,395.54,9.46,42.57,0,,346.23,,,0,,,0,,,,
2014-08-14,361.56,367.32,359.14,365.72,2695108,303.48,373.86,357.25,395.54,395.54,9.37,45.62,0,,348.73,,,0,,,0,,,,
2014-08-18,365.72,383.82,363.83,382.08,5628495,304.48,374.17,357.25,395.54,395.54,10.13,56.42,0,,358.77,,,0,,,0,,,,
2014-08-19,384.59,389.05,382.61,385.13,4398164,305.53,374.52,357.25,395.54,395.54,9.9,58.1,0,,360.89,,,0,,,0,,,,
2014-08-20,385.66,386.14,379.8,381.59,2593423,306.59,374.83,357.25,395.54,395.54,9.65,55.44,0,,358.78,,,0,,,0,,,,
2014-08-21,382.17,389.29,380.53,385.9,4041960,307.65,375.5,357.25,395.54,395.54,9.58,57.96,0,,361.6,,,0,,,0,,,,
2014-08-22,387.21,392.05,387.21,389.92,3805460,308.74,376.41,357.25,394.32,395.54,9.34,60.22,0,,364.36,,,0,,,0,,,,
2014-08-25,389.63,394.32,384.98,386.0,3188868,309.81,377.26,357.25,394.32,394.32,9.34,57.0,0,,361.83,,,0,,,0,,,,
2014-08-26,378.5,387.45,377.53,384.89,2960035,310.87,378.37,357.25,394.32,394.32,9.38,56.09,0,,361.08,,,0,,,0,,,,
2014-08-27,386.29,389.68,383.97,386.0,2117053,311.98,379.32,357.25,394.32,394.32,9.12,56.83,0,,361.97,,,0,,,0,,,,
2014-08-28,386.72,389.05,379.61,384.55,3524112,313.05,379.88,357.25,394.32,394.32,9.14,55.51,0,,361.02,,,0,,,0,,,,
2014-09-01,386.19,393.89,384.79,392.44,3827810,314.15,380.29,357.25,394.32,394.32,9.16,60.86,0,,366.1,,,0,,,0,,,,
2014-09-02,393.98,398.63,393.31,396.16,3827990,315.27,380.88,359.14,398.63,394.32,8.94,63.11,1,396.16,369.27,369.27,369.27,1,33,2014-09-02,0,,,,
2014-09-03,397.86,401.63,395.05,400.47,3913893,316.39,381.35,359.14,401.63,398.63,8.78,65.58,0,,372.17,,372.17,1,33,2014-09-02,0,,,,
2014-09-04,398.24,404.0,395.92,403.08,3577070,317.54,381.73,359.14,404.0,401.63,8.73,67.02,0,,373.88,,373.88,1,33,2014-09-02,0,,,,
2014-09-05,402.7,405.84,400.47,402.65,3236260,318.74,382.14,359.14,405.84,404.0,8.49,66.53,0,,373.77,,373.88,1,33,2014-09-02,0,,,,
2014-09-08,404.29,409.91,401.49,407.29,2644489,320.02,382.81,363.83,409.91,405.84,8.48,69.17,1,407.29,378.32,378.32,378.32,1,33,2014-09-02,0,,,,
2014-09-09,407.25,408.5,402.45,405.31,2014481,321.27,383.43,377.53,409.91,409.91,8.31,66.75,0,,381.73,,381.73,1,33,2014-09-02,0,,,,
2014-09-10,405.6,405.6,401.29,403.18,1554785,322.54,384.06,377.53,409.91,409.91,8.02,64.15,0,,380.55,,381.73,1,33,2014-09-02,0,,,,
2014-09-11,405.02,410.25,402.84,405.12,2920679,323.8,384.8,377.53,410.25,409.91,7.98,65.47,0,,381.83,,381.83,1,33,2014-09-02,0,,,,
2014-09-12,404.63,406.33,400.91,403.62,2314502,325.06,385.3,377.53,410.25,410.25,7.8,63.52,0,,380.98,,381.83,1,33,2014-09-02,0,,,,
2014-09-15,401.63,401.63,396.6,398.49,1665845,326.28,385.94,377.53,410.25,410.25,7.74,57.25,0,,377.71,,381.83,1,33,2014-09-02,0,,,,
2014-09-16,397.86,400.76,384.64,386.39,3811175,327.42,386.33,377.53,410.25,410.25,8.34,45.77,0,,369.51,,381.83,1,33,2014-09-02,0,,,,
2014-09-17,388.18,389.82,383.0,385.22,2328500,328.58,386.56,379.61,410.25,410.25,8.23,44.84,0,,369.52,,381.83,1,33,2014-09-02,0,,,,
2014-09-18,382.95,393.4,381.21,392.34,3458236,329.76,386.96,379.61,410.25,410.25,8.51,51.36,0,,373.92,,381.83,1,33,2014-09-02,1,381.83,TRAILING_STOP,13,-3.62
2014-09-19,394.66,397.76,385.47,394.61,4701389,330.96,387.75,381.21,410.25,410.25,8.78,53.25,0,,375.74,,,0,,,0,,,,
2014-09-22,390.89,398.82,389.19,395.15,2407552,332.17,388.62,381.21,410.25,410.25,8.84,53.71,0,,376.05,,,0,,,0,,,,
2014-09-23,393.98,396.55,385.37,386.34,2235528,333.31,389.53,381.21,410.25,410.25,9.01,45.76,0,,370.25,,,0,,,0,,,,
2014-09-24,386.24,388.08,380.58,384.3,3007551,334.47,390.18,380.58,410.25,410.25,8.9,44.13,0,,368.8,,,0,,,0,,,,
2014-09-25,381.88,382.71,363.25,365.77,6647739,335.5,390.06,363.25,410.25,410.25,9.77,32.73,0,,350.49,,,0,,,0,,,,
2014-09-26,363.01,379.27,358.41,377.09,6000406,336.58,390.56,358.41,410.25,410.25,10.56,42.5,0,,355.65,,,0,,,0,,,,
2014-09-29,379.17,379.17,372.2,373.7,3209235,337.59,390.83,358.41,410.25,410.25,10.31,40.6,0,,353.64,,,0,,,0,,,,
2014-09-30,372.69,373.32,364.41,365.62,4660370,338.53,390.28,358.41,410.25,410.25,10.23,36.42,0,,348.47,,,0,,,0,,,,
2014-10-01,363.59,369.3,362.04,367.8,3024329,339.51,389.7,358.41,410.25,410.25,10.02,38.27,0,,350.02,,,0,,,0,,,,
2014-10-07,365.43,372.64,360.39,361.65,3348273,340.39,389.04,358.41,410.25,410.25,10.18,35.16,0,,345.95,,,0,,,0,,,,
2014-10-08,360.83,368.09,360.44,366.88,3182969,341.26,388.4,358.41,410.25,410.25,10.0,39.65,0,,349.44,,,0,,,0,,,,
2014-10-09,368.82,377.33,368.82,375.01,3069354,342.18,387.9,358.41,410.25,410.25,10.03,45.91,0,,354.66,,,0,,,0,,,,
2014-10-10,371.72,371.96,365.48,367.07,2560762,343.04,387.27,358.41,410.25,410.25,10.0,41.39,0,,349.57,,,0,,,0,,,,
2014-10-13,363.93,376.56,361.07,374.53,2666892,343.92,386.93,358.41,410.25,410.25,10.39,46.7,0,,354.12,,,0,,,0,,,,
2014-10-14,376.75,387.89,375.16,384.4,4935617,344.88,386.87,358.41,406.33,410.25,10.6,52.79,0,,360.34,,,0,,,0,,,,
2014-10-15,384.4,384.4,384.4,384.4,0,345.79,386.87,358.41,401.63,406.33,9.84,52.79,0,,360.85,,,0,,,0,,,,
2014-10-16,382.37,389.58,377.77,381.06,4382823,346.66,386.49,358.41,400.76,401.63,9.98,50.52,0,,358.6,,,0,,,0,,,,
2014-10-17,383.24,392.05,381.93,388.76,4816107,347.55,386.24,358.41,398.82,400.76,10.06,55.29,0,,363.52,,,0,,,0,,,,
2014-10-20,400.62,405.99,396.89,404.49,6484171,348.45,386.38,358.41,405.99,398.82,10.57,63.11,1,404.49,373.32,373.32,373.32,1,34,2014-10-20,0,,,,
2014-10-21,405.6,411.22,404.63,409.52,3970498,349.36,386.59,358.41,411.22,405.99,10.29,65.2,0,,376.75,,376.75,1,34,2014-10-20,0,,,,
2014-10-22,413.34,414.22,406.33,410.88,2526798,350.29,386.87,360.39,414.22,411.22,10.12,65.77,0,,378.4,,378.4,1,34,2014-10-20,0,,,,
2014-10-27,411.02,415.23,406.91,413.15,2876993,351.26,387.06,360.39,415.23,414.22,9.99,66.74,0,,379.95,,379.95,1,34,2014-10-20,0,,,,
2014-10-28,413.54,416.83,409.09,410.63,1995946,352.23,387.24,360.39,416.83,415.23,9.83,64.55,0,,378.43,,379.95,1,34,2014-10-20,0,,,,
2014-10-29,413.3,415.28,408.99,411.94,1931522,353.25,387.53,360.39,416.83,416.83,9.58,65.19,0,,379.45,,379.95,1,34,2014-10-20,0,,,,
2014-10-30,411.41,417.51,408.5,416.44,4258888,354.3,387.91,360.44,417.51,416.83,9.54,67.37,0,,382.39,,382.39,1,34,2014-10-20,0,,,,
2014-10-31,418.19,426.32,417.94,425.35,3941516,355.37,388.63,361.07,426.32,417.51,9.56,71.21,1,425.35,388.33,388.33,388.33,1,34,2014-10-20,0,,,,
2014-11-03,427.87,432.71,423.41,431.01,3817449,356.51,389.72,361.07,432.71,426.32,9.54,73.36,0,,392.0,,392.0,1,34,2014-10-20,0,,,,
2014-11-05,431.01,446.02,429.46,443.31,4713467,357.68,391.61,361.07,446.02,432.71,10.05,77.32,0,,399.59,,399.59,1,34,2014-10-20,0,,,,
2014-11-07,447.13,457.29,445.63,454.05,6220448,358.91,393.91,375.16,457.29,446.02,10.33,80.1,0,,411.03,,411.03,1,34,2014-10-20,0,,,,
2014-11-10,455.94,460.2,443.98,445.77,4280640,360.09,395.69,377.77,460.2,457.29,10.75,72.7,0,,406.28,,411.03,1,34,2014-10-20,0,,,,
2014-11-11,446.26,453.71,446.26,451.78,3472821,361.27,397.6,377.77,460.2,460.2,10.55,74.54,0,,410.29,,411.03,1,34,2014-10-20,0,,,,
2014-11-12,454.0,467.26,451.44,465.76,5416022,362.55,399.95,381.93,467.26,460.2,10.92,78.21,1,465.76,420.44,420.44,420.44,1,34,2014-10-20,0,,,,
2014-11-13,468.47,470.36,455.02,458.45,5237971,363.74,402.35,396.89,470.36,467.26,11.24,72.33,0,,420.5,,420.5,1,34,2014-10-20,0,,,,
2014-11-14,459.81,464.41,455.5,461.65,2753729,364.95,404.93,404.63,470.36,470.36,11.07,73.28,0,,425.26,,425.26,1,34,2014-10-20,0,,,,
2014-11-17,462.62,462.62,455.94,460.68,2141989,366.15,408.09,406.33,470.36,470.36,10.76,72.47,0,,425.41,,425.41,1,34,2014-10-20,0,,,,
2014-11-18,460.63,464.55,456.13,458.84,2773087,367.33,410.82,406.91,470.36,470.36,10.59,70.87,0,,424.53,,425.41,1,34,2014-10-20,0,,,,
2014-11-19,460.68,460.68,452.07,455.16,2667750,368.53,413.53,408.5,470.36,470.36,10.45,67.65,0,,422.78,,425.41,1,34,2014-10-20,0,,,,
2014-11-20,455.94,456.62,448.1,451.73,2510781,369.72,416.4,408.5,470.36,470.36,10.31,64.71,0,,420.66,,425.41,1,34,2014-10-20,0,,,,
2014-11-21,452.55,467.07,451.19,461.7,4741296,370.98,419.54,408.5,470.36,470.36,10.71,68.94,0,,426.82,,426.82,1,34,2014-10-20,0,,,,
2014-11-24,463.68,467.12,460.1,462.86,3562884,372.17,422.91,417.94,470.36,470.36,10.45,69.4,0,,430.89,,430.89,1,34,2014-10-20,0,,,,
2014-11-25,463.68,464.55,451.73,455.7,3474162,373.29,425.87,423.41,470.36,470.36,10.62,63.18,0,,427.99,,430.89,1,34,2014-10-20,0,,,,
2014-11-26,455.84,458.6,449.16,455.26,3726653,374.41,428.54,429.46,470.36,470.36,10.53,62.81,0,,429.77,,430.89,1,34,2014-10-20,0,,,,
2014-11-27,455.21,457.39,447.85,454.39,7283496,375.6,431.46,443.98,470.36,470.36,10.46,62.03,0,,434.1,,434.1,1,34,2014-10-20,0,,,,
2014-11-28,456.71,470.26,455.99,465.81,5227699,376.87,434.5,443.98,470.36,470.36,10.85,67.69,0,,441.21,,441.21,1,34,2014-10-20,0,,,,
2014-12-01,468.91,477.43,465.76,473.51,4634567,378.16,437.47,446.26,477.43,470.36,10.91,70.85,1,473.51,446.9,446.9,446.9,1,34,2014-10-20,0,,,,
2014-12-02,473.36,478.98,469.01,477.23,4191689,379.42,440.56,447.85,478.98,477.43,10.84,72.26,0,,449.87,,449.87,1,34,2014-10-20,0,,,,
2014-12-03,478.2,484.69,474.96,483.09,3424250,380.72,443.96,447.85,484.69,478.98,10.76,74.37,1,483.09,453.7,453.7,453.7,1,34,2014-10-20,0,,,,
2014-12-04,485.37,486.62,475.49,483.96,2709507,382.01,447.14,447.85,486.62,484.69,10.79,74.67,0,,454.25,,454.25,1,34,2014-10-20,0,,,,
2014-12-05,485.95,490.21,480.62,482.61,2798293,383.29,449.74,447.85,490.21,486.62,10.7,73.21,0,,453.43,,454.25,1,34,2014-10-20,0,,,,
2014-12-08,483.96,486.91,479.65,480.72,2150646,384.53,452.11,447.85,490.21,490.21,10.46,71.1,0,,452.38,,454.25,1,34,2014-10-20,0,,,,
2014-12-09,480.09,480.14,471.43,473.17,2722580,385.73,454.19,447.85,490.21,490.21,10.37,63.28,0,,447.56,,454.25,1,34,2014-10-20,0,,,,
2014-12-10,472.93,480.28,470.94,473.6,3317262,386.94,456.21,447.85,490.21,490.21,10.3,63.52,0,,447.89,,454.25,1,34,2014-10-20,0,,,,
2014-12-11,473.17,478.88,464.75,474.81,3583840,388.16,458.34,447.85,490.21,490.21,10.57,64.25,0,,448.49,,454.25,1,34,2014-10-20,0,,,,
2014-12-12,475.49,477.77,466.15,467.94,2915819,389.33,460.21,447.85,490.21,490.21,10.65,57.27,0,,444.01,,454.25,1,34,2014-10-20,0,,,,
2014-12-15,464.65,471.81,460.1,461.5,2929634,390.42,461.71,447.85,490.21,490.21,10.72,51.62,0,,439.8,,454.25,1,34,2014-10-20,0,,,,
2014-12-16,459.81,461.26,450.37,456.91,5702983,391.51,462.77,447.85,490.21,490.21,10.75,47.98,0,,436.82,,454.25,1,34,2014-10-20,1,454.25,TRAILING_STOP,38,12.3
2014-12-17,453.37,465.13,449.36,459.66,5852857,392.61,463.72,447.85,490.21,490.21,11.11,50.24,0,,438.36,,,0,,,0,,,,
2014-12-18,467.55,474.33,464.65,472.35,3782348,393.77,464.69,449.36,490.21,490.21,11.36,59.08,0,,446.88,,,0,,,0,,,,
2014-12-19,481.01,481.01,472.68,474.57,3189647,394.85,465.37,449.36,490.21,490.21,11.17,60.41,0,,448.44,,,0,,,0,,,,
2014-12-22,475.69,484.74,470.94,482.36,2813921,395.97,466.59,449.36,490.21,490.21,11.36,64.73,0,,453.34,,,0,,,0,,,,
2014-12-23,484.98,489.82,476.8,478.01,3753789,397.05,467.47,449.36,490.21,490.21,11.48,60.74,0,,450.45,,,0,,,0,,,,
2014-12-24,478.2,481.78,475.49,478.49,3181539,398.15,467.89,449.36,490.21,490.21,11.11,61.03,0,,451.01,,,0,,,0,,,,
2014-12-26,479.9,484.01,472.39,478.64,2133879,399.21,468.56,449.36,490.21,490.21,11.14,61.12,0,,451.08,,,0,,,0,,,,
2014-12-29,479.17,483.62,475.49,478.3,2230958,400.16,469.12,449.36,490.21,490.21,10.93,60.76,0,,451.0,,,0,,,0,,,,
2014-12-30,479.22,483.96,474.33,482.85,1996949,401.0,469.86,449.36,490.21,490.21,10.84,63.84,0,,454.0,,,0,,,0,,,,
2014-12-31,484.06,488.85,483.04,486.33,2356002,401.87,470.77,449.36,490.21,490.21,10.49,66.04,0,,456.48,,,0,,,0,,,,
2015-01-01,486.58,487.88,483.09,486.96,1351985,402.8,471.83,449.36,490.21,490.21,10.08,66.44,0,,457.15,,,0,,,0,,,,
2015-01-02,487.11,500.37,485.66,497.85,3852825,403.77,473.37,449.36,500.37,490.21,10.41,72.45,1,497.85,463.96,463.96,463.96,1,35,2015-01-02,0,,,,
2015-01-05,500.37,503.76,498.63,501.0,2561430,404.73,474.68,449.36,503.76,500.37,10.09,73.9,0,,466.2,,466.2,1,35,2015-01-02,0,,,,
2015-01-06,497.13,497.13,480.86,483.09,5284530,405.55,475.36,449.36,503.76,503.76,10.81,55.84,0,,454.17,,466.2,1,35,2015-01-02,0,,,,
2015-01-07,482.85,489.19,478.69,482.7,4245189,406.41,476.26,449.36,503.76,503.76,10.79,55.53,0,,453.94,,466.2,1,35,2015-01-02,0,,,,
2015-01-08,489.82,490.79,478.83,485.9,5637844,407.27,477.28,464.65,503.76,503.76,10.87,57.66,0,,461.04,,466.2,1,35,2015-01-02,0,,,,
2015-01-09,488.75,489.72,471.43,479.12,5078463,408.08,478.1,470.94,503.76,503.76,11.4,51.97,0,,458.41,,466.2,1,35,2015-01-02,0,,,,
2015-01-12,479.17,487.69,476.41,485.51,2290147,408.98,478.76,470.94,503.76,503.76,11.39,56.34,0,,462.54,,466.2,1,35,2015-01-02,0,,,,
2015-01-13,487.88,495.34,484.3,488.37,4069260,409.8,479.25,471.43,503.76,503.76,11.37,58.18,0,,464.56,,466.2,1,35,2015-01-02,0,,,,
2015-01-14,488.37,489.58,478.4,483.62,2973231,410.6,479.47,471.43,503.76,503.76,11.35,54.11,0,,461.51,,466.2,1,35,2015-01-02,0,,,,
2015-01-15,506.71,507.19,494.76,497.61,6670800,411.46,479.95,471.43,507.19,503.76,12.23,62.44,0,,469.95,,469.95,1,35,2015-01-02,0,,,,
2015-01-16,500.08,504.82,496.21,498.34,6920742,412.3,480.43,471.43,507.19,507.19,11.97,62.82,0,,470.59,,470.59,1,35,2015-01-02,0,,,,
2015-01-19,502.84,514.79,500.32,512.03,6113156,413.19,481.41,471.43,514.79,507.19,12.29,69.11,1,512.03,479.21,479.21,479.21,1,35,2015-01-02,0,,,,
2015-01-20,515.52,536.96,514.12,533.77,6934581,414.23,483.18,471.43,536.96,514.79,13.19,76.05,0,,492.63,,492.63,1,35,2015-01-02,0,,,,
2015-01-21,535.32,538.99,528.1,529.75,4459351,415.3,485.06,471.43,538.99,536.96,13.03,72.79,0,,490.15,,492.63,1,35,2015-01-02,0,,,,
2015-01-22,532.12,549.01,530.28,546.69,5546866,416.46,487.5,471.43,549.01,538.99,13.47,77.22,1,546.69,500.78,500.78,500.78,1,35,2015-01-02,0,,,,
2015-01-23,552.74,558.94,542.38,547.08,4975114,417.65,489.91,471.43,558.94,549.01,13.69,77.31,0,,500.88,,500.88,1,35,2015-01-02,0,,,,
2015-01-27,552.64,578.68,548.87,573.17,5376830,419.13,493.42,471.43,578.68,558.94,14.97,82.4,1,573.17,516.86,516.86,516.86,1,35,2015-01-02,0,,,,
2015-01-28,571.13,580.62,564.79,571.71,6370073,420.65,497.09,471.43,580.62,578.68,15.03,81.3,0,,515.87,,516.86,1,35,2015-01-02,0,,,,
2015-01-29,570.12,582.75,563.48,580.33,5424486,422.15,501.21,471.43,582.75,580.62,15.34,82.76,0,,521.23,,521.23,1,35,2015-01-02,0,,,,
2015-01-30,583.47,584.73,565.03,569.29,4497194,423.55,504.86,471.43,584.73,582.75,15.65,74.71,0,,513.9,,521.23,1,35,2015-01-02,0,,,,
2015-02-02,567.26,601.14,565.71,597.56,6307718,425.16,509.03,476.41,601.14,584.73,17.06,80.06,1,597.56,532.86,532.86,532.86,1,35,2015-01-02,0,,,,
2015-02-03,603.08,605.59,565.81,567.84,9290016,426.54,512.14,478.4,605.59,601.14,18.68,64.58,0,,513.27,,532.86,1,35,2015-01-02,0,,,,
2015-02-04,572.1,573.07,535.56,540.74,10773056,427.71,514.09,478.4,605.59,605.59,20.03,54.28,0,,494.89,,532.86,1,35,2015-01-02,0,,,,
2015-02-05,544.41,560.0,540.74,547.8,6865785,428.88,516.41,494.76,605.59,605.59,19.97,56.24,0,,504.94,,532.86,1,35,2015-01-02,0,,,,
2015-02-06,549.84,553.22,528.3,545.14,7706020,430.05,518.64,496.21,605.59,605.59,20.33,55.28,0,,503.47,,532.86,1,35,2015-01-02,1,532.86,TRAILING_STOP,25,7.03
2015-02-09,537.25,551.38,532.41,535.9,4334546,431.13,520.54,500.32,605.59,605.59,20.23,51.96,0,,498.94,,,0,,,0,,,,
2015-02-10,529.41,551.58,523.22,536.38,9809275,432.24,522.48,514.12,605.59,605.59,20.81,52.12,0,,503.46,,,0,,,0,,,,
2015-02-11,541.46,554.34,537.74,551.05,6200994,433.44,524.75,523.22,605.59,605.59,20.61,56.87,0,,516.1,,,0,,,0,,,,
2015-02-12,554.68,562.9,545.96,560.24,5849894,434.7,527.22,523.22,605.59,605.59,20.34,59.58,0,,522.2,,,0,,,0,,,,
2015-02-13,563.53,569.92,558.06,562.52,4633409,435.96,529.74,523.22,605.59,605.59,19.74,60.25,0,,524.07,,,0,,,0,,,,
2015-02-16,564.36,565.32,548.0,552.06,4284303,437.15,531.54,523.22,605.59,605.59,19.57,55.71,0,,517.44,,,0,,,0,,,,
2015-02-18,553.71,555.64,545.96,551.29,4695905,438.33,533.22,523.22,605.59,605.59,18.86,55.37,0,,517.42,,,0,,,0,,,,
2015-02-19,555.64,557.19,535.56,547.17,5349212,439.5,535.36,523.22,605.59,605.59,19.06,53.54,0,,514.63,,,0,,,0,,,,
2015-02-20,548.34,552.55,536.28,543.54,6025707,440.68,537.38,523.22,605.59,605.59,18.86,51.91,0,,512.42,,,0,,,0,,,,
2015-02-23,545.48,548.87,528.59,531.49,6089272,441.81,538.9,523.22,605.59,605.59,18.96,46.82,0,,504.58,,,0,,,0,,,,
2015-02-24,532.31,537.93,524.67,534.15,6155111,442.97,540.74,523.22,605.59,605.59,18.55,48.03,0,,506.56,,,0,,,0,,,,
2015-02-25,536.48,540.74,532.51,535.32,4185156,444.19,542.4,523.22,605.59,605.59,17.82,48.58,0,,507.81,,,0,,,0,,,,
2015-02-26,534.98,539.82,526.41,534.64,5579001,445.37,543.94,523.22,605.59,605.59,17.5,48.26,0,,507.58,,,0,,,0,,,,
2015-02-27,537.83,552.11,532.75,549.01,5791546,446.58,546.12,523.22,605.59,605.59,17.63,55.06,0,,516.76,,,0,,,0,,,,
2015-03-02,609.85,629.21,608.59,626.84,13205219,448.22,550.43,523.22,629.21,605.59,22.1,74.55,1,626.84,563.98,563.98,563.98,1,36,2015-03-02,0,,,,
2015-03-03,628.25,628.25,608.45,611.21,6817671,449.78,554.19,523.22,629.21,629.21,21.94,68.16,0,,554.01,,563.98,1,36,2015-03-02,0,,,,
2015-03-04,630.08,633.96,588.7,593.15,10097232,451.15,556.89,524.67,633.96,629.21,23.6,61.59,0,,541.74,,563.98,1,36,2015-03-02,0,,,,
2015-03-05,593.4,602.11,584.2,597.08,6914112,452.52,559.0,524.67,633.96,633.96,23.2,62.43,0,,544.54,,563.98,1,36,2015-03-02,0,,,,
2015-03-09,590.49,590.49,570.31,572.68,6043383,453.74,560.44,524.67,633.96,633.96,23.45,54.4,0,,528.63,,563.98,1,36,2015-03-02,0,,,,
2015-03-10,572.97,575.78,561.45,566.73,5791801,454.94,561.1,524.67,633.96,633.96,22.8,52.62,0,,525.23,,563.98,1,36,2015-03-02,1,563.98,TRAILING_STOP,6,-10.03
2015-03-11,566.53,573.75,561.45,565.18,5816344,456.13,561.71,524.67,633.96,633.96,22.05,52.14,0,,524.73,,,0,,,0,,,,
2015-03-12,568.71,574.52,564.07,565.42,4512080,457.33,561.45,524.67,633.96,633.96,21.22,52.21,0,,525.44,,,0,,,0,,,,
2015-03-13,570.65,572.05,546.06,551.77,6749149,458.46,560.78,524.67,633.96,633.96,21.56,47.78,0,,516.41,,,0,,,0,,,,
2015-03-16,551.29,555.45,541.22,550.42,6445254,459.54,559.79,524.67,633.96,633.96,21.04,47.35,0,,515.88,,,0,,,0,,,,
2015-03-17,556.52,567.07,548.92,561.55,5627580,460.75,559.53,524.67,633.96,633.96,20.83,51.23,0,,523.2,,,0,,,0,,,,
2015-03-18,565.57,567.07,557.34,562.66,5847672,462.01,558.37,526.41,633.96,633.96,20.04,51.61,0,,525.03,,,0,,,0,,,,
2015-03-19,569.2,576.5,540.64,545.53,7705218,463.12,557.62,526.41,633.96,633.96,21.17,45.66,0,,513.22,,,0,,,0,,,,
2015-03-20,545.0,545.96,534.06,538.46,8160665,464.18,557.55,532.75,633.96,633.96,20.51,43.43,0,,511.22,,,0,,,0,,,,
2015-03-23,541.99,544.03,534.98,537.45,4191424,465.29,557.2,534.06,633.96,633.96,19.69,43.11,0,,511.55,,,0,,,0,,,,
2015-03-24,536.24,547.9,533.62,540.2,6309451,466.43,557.04,533.62,633.96,633.96,19.3,44.32,0,,513.43,,,0,,,0,,,,
2015-03-25,541.95,549.01,536.19,544.22,5578540,467.66,557.31,533.62,633.96,633.96,18.84,46.14,0,,516.34,,,0,,,0,,,,
2015-03-26,542.09,543.5,520.31,526.89,9233047,468.74,557.0,520.31,633.96,633.96,19.2,40.08,0,,500.48,,,0,,,0,,,,
2015-03-27,530.48,533.62,509.28,528.93,10655577,469.8,556.26,509.28,633.96,633.96,19.57,41.06,0,,497.87,,,0,,,0,,,,
2015-03-30,534.83,547.37,531.78,545.53,6631597,471.03,555.77,509.28,633.96,633.96,19.49,48.46,0,,508.63,,,0,,,0,,,,
2015-03-31,549.74,555.16,539.43,542.29,5970862,472.21,555.1,509.28,633.96,633.96,19.22,47.21,0,,506.72,,,0,,,0,,,,
2015-04-01,539.87,553.71,537.49,551.43,3753262,473.33,555.07,509.28,633.96,633.96,19.01,51.03,0,,512.76,,,0,,,0,,,,
2015-04-06,553.66,553.66,544.12,550.85,4305263,474.44,555.06,509.28,602.11,633.96,18.33,50.78,0,,512.84,,,0,,,0,,,,
2015-04-07,552.74,554.68,537.25,540.01,6754389,475.5,554.82,509.28,590.49,602.11,18.27,46.2,0,,505.89,,,0,,,0,,,,
2015-04-08,543.83,545.96,533.48,538.12,5750765,476.51,554.64,509.28,576.5,590.49,17.85,45.43,0,,504.95,,,0,,,0,,,,
2015-04-09,542.09,558.55,537.35,553.85,9653162,477.6,555.39,509.28,576.5,576.5,18.09,52.52,0,,514.93,,,0,,,0,,,,
2015-04-10,555.06,556.42,547.32,549.88,4938698,478.7,555.91,509.28,576.5,576.5,17.45,50.73,0,,512.8,,,0,,,0,,,,
2015-04-13,551.77,553.37,544.03,547.9,4596222,479.78,556.33,509.28,576.5,576.5,16.87,49.82,0,,511.91,,,0,,,0,,,,
2015-04-15,548.77,555.16,524.04,532.61,8869483,480.76,556.26,509.28,576.5,576.5,17.89,43.34,0,,501.37,,,0,,,0,,,,
2015-04-16,534.35,538.61,525.68,533.19,7288785,481.75,555.73,509.28,576.5,576.5,17.53,43.64,0,,501.98,,,0,,,0,,,,
2015-04-17,532.41,532.75,514.79,516.63,6618167,482.58,552.06,509.28,576.5,576.5,17.6,37.53,0,,491.26,,,0,,,0,,,,
2015-04-20,517.02,521.04,490.79,501.68,7836613,483.28,548.41,490.79,576.5,576.5,18.5,33.04,0,,474.85,,,0,,,0,,,,
2015-04-21,501.68,515.66,500.03,506.47,7204472,483.99,545.52,490.79,558.55,576.5,18.29,35.7,0,,478.07,,,0,,,0,,,,
2015-04-22,510.1,527.57,503.66,522.83,6947536,484.79,543.05,490.79,558.55,558.55,18.7,43.88,0,,488.36,,,0,,,0,,,,
2015-04-23,525.88,531.15,518.42,520.99,5464184,485.58,541.32,490.79,558.55,558.55,18.27,43.22,0,,487.46,,,0,,,0,,,,
2015-04-24,520.8,521.04,503.27,510.39,6533254,486.26,539.44,490.79,558.55,558.55,18.23,39.5,0,,480.64,,,0,,,0,,,,
2015-04-27,512.47,523.46,505.65,507.44,7839080,486.94,537.52,490.79,558.55,558.55,18.2,38.5,0,,478.76,,,0,,,0,,,,
2015-04-28,507.15,522.2,502.5,517.89,6322607,487.71,535.94,490.79,558.55,558.55,18.31,43.89,0,,485.43,,,0,,,0,,,,
2015-04-29,518.76,541.99,518.13,534.3,9301407,488.57,535.35,490.79,558.55,558.55,18.72,51.12,0,,495.74,,,0,,,0,,,,
2015-04-30,545.29,563.78,541.12,549.64,15658642,489.54,535.33,490.79,563.78,558.55,19.49,56.74,0,,505.12,,,0,,,0,,,,
2015-05-04,553.13,557.58,544.8,550.17,4309985,490.55,534.95,490.79,563.78,563.78,19.01,56.92,0,,505.78,,,0,,,0,,,,
2015-05-05,550.8,555.89,544.51,547.75,5385676,491.63,534.45,490.79,563.78,563.78,18.47,55.76,0,,504.58,,,0,,,0,,,,
2015-05-06,546.01,547.8,523.89,525.93,7698992,492.57,533.8,490.79,563.78,563.78,18.86,46.5,0,,490.25,,,0,,,0,,,,
2015-05-07,522.39,527.38,506.57,510.49,5848608,493.36,532.86,490.79,563.78,563.78,19.0,41.28,0,,480.2,,,0,,,0,,,,
2015-05-08,518.62,530.48,516.44,523.51,10010992,494.22,532.4,490.79,563.78,563.78,19.07,46.71,0,,488.55,,,0,,,0,,,,
2015-05-11,528.06,534.35,525.73,533.48,6700085,495.14,532.18,490.79,563.78,563.78,18.48,50.49,0,,495.37,,,0,,,0,,,,
2015-05-12,535.32,536.19,512.95,515.33,4943428,496.0,531.21,500.03,563.78,563.78,18.82,44.33,0,,486.52,,,0,,,0,,,,
2015-05-13,520.8,546.16,518.08,540.64,7971625,497.04,531.67,502.5,563.78,563.78,19.68,52.95,0,,503.09,,,0,,,0,,,,
2015-05-14,539.57,540.93,529.99,538.07,4929250,498.19,531.98,502.5,563.78,563.78,19.05,52.07,0,,501.85,,,0,,,0,,,,
2015-05-15,540.64,549.16,539.19,544.08,5825462,499.3,531.93,502.5,563.78,563.78,18.48,54.0,0,,506.11,,,0,,,0,,,,
2015-05-18,545.29,551.63,540.78,549.35,3944770,500.47,532.16,502.5,563.78,563.78,17.94,55.68,0,,509.87,,,0,,,0,,,,
2015-05-19,547.9,552.64,540.74,543.5,6047850,501.66,531.9,502.5,563.78,563.78,17.51,53.35,0,,506.39,,,0,,,0,,,,
2015-05-20,544.75,548.72,538.7,540.4,4763209,502.81,531.55,506.57,563.78,563.78,16.97,52.1,0,,506.1,,,0,,,0,,,,
2015-05-21,542.09,553.71,542.09,552.21,6157883,504.08,531.96,506.57,563.78,563.78,16.71,56.29,0,,513.89,,,0,,,0,,,,
2015-05-22,553.03,558.21,545.72,550.47,4265332,505.3,532.37,506.57,563.78,563.78,16.41,55.52,0,,512.97,,,0,,,0,,,,
2015-05-25,549.93,551.53,542.29,544.12,3426379,506.43,532.04,506.57,563.78,563.78,15.9,52.69,0,,509.22,,,0,,,0,,,,
2015-05-26,545.0,548.67,540.35,546.21,2475418,507.63,531.92,506.57,563.78,563.78,15.36,53.53,0,,510.92,,,0,,,0,,,,
2015-05-27,544.03,560.97,543.3,559.32,4120709,508.86,532.3,506.57,563.78,563.78,15.52,58.51,0,,519.27,,,0,,,0,,,,
2015-05-28,560.44,567.07,552.16,556.27,8272414,510.0,533.09,512.95,567.07,563.78,15.48,56.98,0,,519.46,,,0,,,0,,,,
2015-05-29,557.1,568.52,556.32,566.68,3421723,511.22,534.21,512.95,568.52,567.07,15.25,60.76,0,,526.33,,,0,,,0,,,,
2015-06-01,568.13,570.07,558.64,559.95,3142413,512.41,535.65,512.95,570.07,568.52,14.97,57.26,0,,522.17,,,0,,,0,,,,
2015-06-02,563.39,563.78,530.86,535.41,6978299,513.39,536.78,518.08,570.07,570.07,16.26,46.7,0,,507.2,,,0,,,0,,,,
2015-06-03,535.56,536.28,521.33,533.28,5114150,514.25,537.67,521.33,570.07,570.07,16.16,45.91,0,,506.97,,,0,,,0,,,,
2015-06-04,542.09,542.09,528.54,538.61,7432416,515.11,538.2,521.33,570.07,570.07,15.98,48.27,0,,510.53,,,0,,,0,,,,
2015-06-05,538.22,539.43,528.59,530.86,7028734,515.91,538.52,521.33,570.07,570.07,15.61,45.18,0,,505.77,,,0,,,0,,,,
2015-06-08,529.51,539.67,526.6,535.9,6286247,516.73,539.38,521.33,570.07,570.07,15.43,47.53,0,,509.15,,,0,,,0,,,,
2015-06-09,534.4,545.96,532.85,540.83,5252618,517.59,540.49,521.33,570.07,570.07,15.26,49.8,0,,512.44,,,0,,,0,,,,
2015-06-10,541.03,549.55,540.98,546.45,7919473,518.49,541.44,521.33,570.07,570.07,14.8,52.33,0,,516.37,,,0,,,0,,,,
2015-06-11,549.74,551.97,527.62,529.27,7608358,519.24,541.27,521.33,570.07,570.07,15.48,44.88,0,,504.84,,,0,,,0,,,,
2015-06-12,529.51,534.83,523.51,533.82,5518696,519.97,540.75,521.33,570.07,570.07,15.18,47.03,0,,507.97,,,0,,,0,,,,
2015-06-15,536.19,537.25,527.91,532.46,5896234,520.64,540.16,521.33,570.07,570.07,14.76,46.45,0,,507.37,,,0,,,0,,,,
2015-06-16,532.41,536.24,522.78,533.52,6283177,521.24,539.68,521.33,570.07,570.07,14.67,47.0,0,,508.12,,,0,,,0,,,,
2015-06-17,535.41,539.57,530.09,531.69,4522392,521.76,539.87,521.33,570.07,570.07,14.3,46.12,0,,507.18,,,0,,,0,,,,
2015-06-18,534.06,537.06,529.89,532.46,5579425,522.34,540.6,521.33,570.07,570.07,13.79,46.57,0,,508.02,,,0,,,0,,,,
2015-06-19,536.28,537.64,530.72,533.91,6783585,522.89,540.95,521.33,570.07,570.07,13.3,47.47,0,,509.28,,,0,,,0,,,,
2015-06-22,538.75,557.48,538.75,553.85,7325101,523.47,541.63,521.33,570.07,570.07,14.03,57.96,0,,521.65,,,0,,,0,,,,
2015-06-23,557.19,560.97,548.19,553.03,6608481,524.1,542.89,521.33,570.07,570.07,13.94,57.45,0,,521.19,,,0,,,0,,,,
2015-06-24,553.71,558.94,549.06,553.22,5427984,524.72,543.31,522.78,570.07,570.07,13.65,57.54,0,,521.98,,,0,,,0,,,,
2015-06-25,549.93,559.42,548.92,551.82,5953158,525.32,543.76,522.78,570.07,570.07,13.43,56.56,0,,521.23,,,0,,,0,,,,
2015-06-26,549.93,551.48,542.09,547.42,4432487,525.91,543.88,522.78,570.07,570.07,13.16,53.48,0,,518.57,,,0,,,0,,,,
2015-06-29,536.28,549.16,528.54,544.71,5390158,526.51,543.72,522.78,563.78,570.07,13.7,51.62,0,,516.47,,,0,,,0,,,,
2015-06-30,543.11,547.9,535.32,541.08,5479844,527.11,543.64,522.78,560.97,563.78,13.62,49.15,0,,514.18,,,0,,,0,,,,
2015-07-01,540.93,561.94,539.04,560.15,7663185,527.76,544.3,522.78,561.94,560.97,14.28,59.99,0,,526.04,,,0,,,0,,,,
2015-07-02,561.55,567.89,557.68,565.32,9886455,528.45,544.74,522.78,567.89,561.94,13.99,62.33,1,565.32,529.57,529.57,529.57,1,37,2015-07-02,0,,,,
2015-07-03,563.24,569.68,562.42,567.21,4422432,529.19,545.29,522.78,569.68,567.89,13.51,63.18,0,,531.1,,531.1,1,37,2015-07-02,0,,,,
2015-07-06,557.1,567.07,555.16,565.52,4973984,529.92,546.01,522.78,569.68,569.68,13.4,61.84,0,,530.08,,531.1,1,37,2015-07-02,0,,,,
2015-07-07,566.58,571.86,562.76,567.45,4969526,530.68,546.72,528.54,571.86,569.68,13.1,62.81,0,,533.45,,533.45,1,37,2015-07-02,0,,,,
2015-07-08,559.52,566.29,556.52,558.21,6414143,531.29,546.68,528.54,571.86,571.86,12.94,55.52,0,,527.6,,533.45,1,37,2015-07-02,0,,,,
2015-07-09,561.92,563.43,552.7,557.87,3602432,531.86,546.73,528.54,571.86,571.86,12.78,55.26,0,,527.48,,533.45,1,37,2015-07-02,0,,,,
2015-07-10,560.31,568.89,556.99,564.11,6853759,532.44,546.65,528.54,571.86,571.86,12.72,58.98,0,,531.55,,533.45,1,37,2015-07-02,0,,,,
2015-07-13,564.11,569.33,556.36,567.87,5161182,533.0,546.91,528.54,571.86,571.86,12.74,61.07,0,,533.96,,533.96,1,37,2015-07-02,0,,,,
2015-07-14,568.5,573.43,564.89,569.77,4566647,533.57,548.06,528.54,573.43,571.86,12.44,62.13,0,,535.39,,535.39,1,37,2015-07-02,0,,,,
2015-07-15,570.41,575.19,567.43,569.87,3307716,534.15,549.28,528.54,575.19,573.43,12.1,62.18,0,,535.68,,535.68,1,37,2015-07-02,0,,,,
2015-07-16,573.19,598.61,572.8,593.92,14142842,534.91,551.12,528.54,598.61,575.19,13.29,72.92,1,593.92,550.4,550.4,550.4,1,37,2015-07-02,0,,,,
2015-07-17,589.87,595.14,584.02,587.53,5847889,535.67,553.01,528.54,598.61,598.61,13.14,67.44,0,,546.38,,550.4,1,37,2015-07-02,0,,,,
2015-07-20,585.48,588.8,576.02,585.39,4688323,536.42,554.66,535.32,598.61,598.61,13.11,65.66,0,,547.28,,550.4,1,37,2015-07-02,0,,,,
2015-07-21,582.17,586.46,568.65,570.5,4375934,537.05,555.65,539.04,598.61,598.61,13.45,54.82,0,,538.69,,550.4,1,37,2015-07-02,0,,,,
2015-07-22,568.75,579.14,564.99,575.58,5900119,537.77,556.62,552.7,598.61,598.61,13.5,57.41,0,,546.48,,550.4,1,37,2015-07-02,0,,,,
2015-07-23,575.72,584.07,567.33,569.63,5569255,538.49,557.96,552.7,598.61,598.61,13.73,53.54,0,,542.49,,550.4,1,37,2015-07-02,0,,,,
2015-07-24,573.43,579.38,561.19,566.41,13673495,539.22,559.05,552.7,598.61,598.61,14.05,51.52,0,,540.2,,550.4,1,37,2015-07-02,0,,,,
2015-07-27,563.53,565.43,540.35,542.35,9829067,539.77,559.38,540.35,598.61,598.61,14.91,39.53,0,,520.0,,550.4,1,37,2015-07-02,1,550.4,TRAILING_STOP,18,-2.64
2015-07-28,545.08,550.35,537.13,547.67,8129213,540.28,559.85,537.13,598.61,598.61,14.79,42.7,0,,522.43,,,0,,,0,,,,
2015-07-29,549.67,554.4,548.4,553.48,4635380,540.8,560.58,537.13,598.61,598.61,14.21,46.04,0,,526.56,,,0,,,0,,,,
2015-07-30,557.58,561.82,549.48,552.01,6484751,541.27,561.23,537.13,598.61,598.61,14.08,45.32,0,,525.71,,,0,,,0,,,,
2015-07-31,553.96,565.28,553.28,559.62,6283549,541.81,562.09,537.13,598.61,598.61,14.02,49.7,0,,530.65,,,0,,,0,,,,
2015-08-03,562.06,568.6,559.53,562.75,4355574,542.37,562.38,537.13,598.61,598.61,13.67,51.42,0,,532.91,,,0,,,0,,,,
2015-08-04,564.89,570.31,557.82,566.06,5903968,542.96,562.82,537.13,598.61,598.61,13.58,53.24,0,,535.1,,,0,,,0,,,,
2015-08-05,567.92,575.24,562.55,566.36,3419273,543.54,563.25,537.13,598.61,598.61,13.52,53.41,0,,535.33,,,0,,,0,,,,
2015-08-06,565.97,572.31,564.94,570.6,3125993,544.13,563.88,537.13,598.61,598.61,13.08,55.87,0,,538.36,,,0,,,0,,,,
2015-08-07,570.75,570.75,562.06,566.26,2298504,544.66,564.51,537.13,598.61,598.61,12.77,52.8,0,,535.77,,,0,,,0,,,,
2015-08-10,568.65,570.55,556.94,561.97,2402572,545.16,565.08,537.13,598.61,598.61,12.83,49.89,0,,532.96,,,0,,,0,,,,
2015-08-11,563.72,566.8,552.65,557.43,3168648,545.56,565.63,537.13,598.61,598.61,12.92,46.94,0,,529.97,,,0,,,0,,,,
2015-08-12,555.62,556.01,542.55,544.35,4787034,545.85,565.1,537.13,598.61,598.61,13.06,39.66,0,,521.44,,,0,,,0,,,,
2015-08-13,549.87,557.62,546.45,553.82,5982710,546.32,564.72,537.13,595.14,598.61,13.08,46.17,0,,527.54,,,0,,,0,,,,
2015-08-14,551.48,560.36,541.43,556.21,7528941,546.81,564.35,537.13,588.8,595.14,13.49,47.7,0,,528.8,,,0,,,0,,,,
2015-08-17,555.96,557.92,546.5,547.82,4466163,547.22,563.76,537.13,586.46,588.8,13.35,43.06,0,,523.49,,,0,,,0,,,,
2015-08-18,553.28,553.53,542.06,547.77,2952439,547.68,563.11,541.43,584.07,586.46,13.21,43.04,0,,524.98,,,0,,,0,,,,
2015-08-19,547.33,548.16,539.42,540.6,4135059,548.05,562.52,539.42,584.07,584.07,12.89,39.26,0,,519.9,,,0,,,0,,,,
2015-08-20,536.69,539.62,516.69,520.49,8909772,548.26,561.27,516.69,579.38,584.07,13.68,31.03,0,,498.83,,,0,,,0,,,,
2015-08-21,514.25,516.1,501.86,512.59,10454764,548.45,559.56,501.86,575.24,579.38,14.03,28.5,0,,488.55,,,0,,,0,,,,
2015-08-24,494.44,494.44,463.6,470.39,17627734,548.27,556.31,463.6,575.24,575.24,16.53,19.4,0,,446.92,,,0,,,0,,,,
2015-08-25,477.17,494.0,471.8,490.78,14248966,548.22,553.67,463.6,575.24,575.24,17.04,30.88,0,,459.73,,,0,,,0,,,,
2015-08-26,487.41,489.76,476.83,483.61,6910566,548.03,550.8,463.6,575.24,575.24,16.81,29.3,0,,455.25,,,0,,,0,,,,
2015-08-27,493.46,499.61,484.44,496.93,11302689,547.79,547.57,463.6,575.24,575.24,16.76,35.87,0,,463.88,,,0,,,0,,,,
2015-08-28,503.52,516.1,490.1,495.86,10015309,547.56,544.51,463.6,575.24,575.24,17.42,35.58,0,,462.75,,,0,,,0,,,,
2015-08-31,494.44,505.37,489.85,495.46,6111825,547.22,541.51,463.6,575.24,575.24,17.28,35.47,0,,462.58,,,0,,,0,,,,
2015-09-01,487.9,488.88,465.61,468.48,8843551,546.69,538.11,463.6,575.24,575.24,18.18,28.78,0,,444.58,,,0,,,0,,,,
2015-09-02,471.36,476.19,453.36,455.31,11537443,545.91,534.1,453.36,572.31,575.24,18.51,26.19,0,,432.45,,,0,,,0,,,,
2015-09-03,459.6,477.66,457.41,475.12,8651466,545.26,530.95,453.36,570.75,572.31,18.79,35.59,0,,445.05,,,0,,,0,,,,
2015-09-04,471.41,471.7,451.31,456.68,8969600,544.44,527.29,451.31,570.55,570.75,19.14,31.56,0,,432.23,,,0,,,0,,,,
2015-09-07,458.29,460.78,435.94,438.97,9743637,543.57,523.85,435.94,566.8,570.55,19.55,28.25,0,,415.41,,,0,,,0,,,,
2015-09-08,441.31,464.09,439.11,462.43,12602488,542.67,521.01,435.94,560.36,566.8,19.95,37.59,0,,430.28,,,0,,,0,,,,
2015-09-09,472.48,483.02,463.6,474.49,11672474,542.05,518.37,435.94,560.36,560.36,19.99,41.78,0,,438.03,,,0,,,0,,,,
2015-09-10,466.24,475.22,460.68,470.92,8384392,541.58,515.67,435.94,560.36,560.36,19.61,40.91,0,,435.99,,,0,,,0,,,,
2015-09-11,476.19,481.75,463.12,469.61,7212180,541.06,512.67,435.94,557.92,560.36,19.54,40.57,0,,435.19,,,0,,,0,,,,
2015-09-14,468.39,485.95,467.65,484.19,5537347,540.66,510.05,435.94,553.53,557.92,19.45,45.9,0,,444.65,,,0,,,0,,,,
2015-09-15,485.07,486.44,469.22,470.24,9567400,540.22,506.86,435.94,548.16,553.53,19.29,42.02,0,,435.76,,,0,,,0,,,,
2015-09-16,475.66,484.98,474.24,482.29,7293528,539.86,504.06,435.94,539.62,548.16,18.96,46.25,0,,443.75,,,0,,,0,,,,
2015-09-18,487.9,507.81,487.9,504.93,18814281,539.55,501.87,435.94,516.1,539.62,19.43,53.16,0,,458.04,,,0,,,0,,,,
2015-09-21,498.2,517.18,496.44,515.23,7516002,539.25,500.17,435.94,517.18,516.1,19.53,55.94,0,,464.62,,,0,,,0,,,,
2015-09-22,518.15,521.76,492.98,497.37,7358434,538.82,498.01,435.94,521.76,517.18,20.19,50.36,0,,452.66,,,0,,,0,,,,
2015-09-23,486.68,502.39,485.07,499.32,7602683,538.46,496.08,435.94,521.76,521.76,19.98,50.94,0,,454.05,,,0,,,0,,,,
2015-09-24,497.66,505.66,493.95,501.51,6911468,538.13,494.65,435.94,521.76,521.76,19.39,51.62,0,,455.86,,,0,,,0,,,,
2015-09-28,502.05,509.37,492.78,494.44,6526803,537.78,492.67,435.94,521.76,521.76,19.19,49.25,0,,451.43,,,0,,,0,,,,
2015-09-29,487.8,501.08,473.27,492.29,19935063,537.44,490.54,435.94,521.76,521.76,19.81,48.52,0,,449.64,,,0,,,0,,,,
2015-09-30,496.49,497.66,479.61,483.66,12199436,537.12,488.4,439.11,521.76,521.76,19.68,45.61,0,,445.21,,,0,,,0,,,,
2015-10-01,487.9,491.27,479.02,484.24,8137042,536.79,486.28,460.68,521.76,521.76,19.15,45.84,0,,453.13,,,0,,,0,,,,
2015-10-05,492.29,502.44,489.41,500.83,9558125,536.56,484.96,460.68,521.76,521.76,19.08,52.22,0,,463.87,,,0,,,0,,,,
2015-10-06,504.83,506.0,492.78,494.15,8226452,536.29,484.08,463.12,521.76,521.76,18.66,49.68,0,,460.66,,,0,,,0,,,,
2015-10-07,491.07,497.47,483.02,484.78,11251639,535.86,483.15,467.65,521.76,521.76,18.36,46.29,0,,456.32,,,0,,,0,,,,
2015-10-08,487.9,488.34,472.48,479.61,9941551,534.88,483.46,469.22,521.76,521.76,18.18,44.48,0,,453.63,,,0,,,0,,,,
2015-10-09,483.02,487.17,474.97,478.58,10368020,533.99,483.05,472.48,521.76,521.76,17.76,44.11,0,,454.34,,,0,,,0,,,,
2015-10-12,485.76,485.76,473.36,475.27,5566595,533.21,482.77,472.48,521.76,521.76,17.37,42.88,0,,452.46,,,0,,,0,,,,
2015-10-13,475.22,480.19,473.27,479.02,7268043,532.42,482.18,472.48,521.76,521.76,16.63,44.76,0,,455.38,,,0,,,0,,,,
2015-10-14,477.85,484.78,476.24,483.51,5645540,531.83,481.76,472.48,521.76,521.76,16.05,47.01,0,,458.66,,,0,,,0,,,,
2015-10-15,484.98,489.85,483.56,486.63,5251039,531.29,481.47,472.48,521.76,521.76,15.36,48.58,0,,461.13,,,0,,,0,,,,
2015-10-16,482.54,495.22,479.51,492.78,5875167,530.81,482.28,472.48,521.76,521.76,15.38,51.62,0,,465.08,,,0,,,0,,,,
2015-10-19,489.85,496.49,489.02,494.39,4242869,530.34,483.58,472.48,521.76,521.76,14.82,52.41,0,,466.5,,,0,,,0,,,,
2015-10-20,492.39,500.88,492.39,497.08,5729459,529.97,484.31,472.48,521.76,521.76,14.36,53.78,0,,468.53,,,0,,,0,,,,
2015-10-21,496.98,502.3,492.78,499.37,6245542,529.63,485.74,472.48,521.76,521.76,14.02,54.96,0,,470.24,,,0,,,0,,,,
2015-10-23,502.78,514.74,502.78,512.93,11628906,529.31,488.2,472.48,514.74,521.76,14.11,61.28,0,,478.92,,,0,,,0,,,,
2015-10-26,516.05,519.81,506.64,508.44,8015119,528.95,489.74,472.48,519.81,514.74,14.05,58.36,0,,476.07,,,0,,,0,,,,
2015-10-27,504.74,515.71,503.17,509.18,13011580,528.7,490.89,472.48,519.81,519.81,13.94,58.71,0,,476.62,,,0,,,0,,,,
2015-10-28,483.71,483.71,465.02,471.22,33157058,528.25,490.9,465.02,519.81,519.81,16.1,40.12,0,,448.21,,,0,,,0,,,,
2015-10-29,473.27,474.63,455.75,457.6,22054683,527.72,490.5,455.75,519.81,519.81,16.3,35.75,0,,436.2,,,0,,,0,,,,
2015-10-30,460.58,466.83,453.75,463.9,16103533,527.21,489.83,453.75,519.81,519.81,16.07,39.06,0,,439.75,,,0,,,0,,,,
2015-11-02,466.24,468.24,461.65,466.68,10316509,526.7,489.71,453.75,519.81,519.81,15.39,40.51,0,,442.0,,,0,,,0,,,,
2015-11-03,469.36,471.8,461.9,463.17,9337442,526.27,489.07,453.75,519.81,519.81,15.0,39.24,0,,440.0,,,0,,,0,,,,
2015-11-04,468.39,468.48,459.21,461.07,6319148,525.82,487.61,453.75,519.81,519.81,14.59,38.46,0,,438.91,,,0,,,0,,,,
2015-11-05,460.58,460.58,450.82,452.58,8078032,525.2,485.52,450.82,519.81,519.81,14.28,35.4,0,,432.67,,,0,,,0,,,,
2015-11-06,450.82,456.19,448.38,453.9,9185858,524.61,484.07,448.38,519.81,519.81,13.82,36.25,0,,433.01,,,0,,,0,,,,
2015-11-09,442.04,455.7,435.11,453.7,9643857,523.96,482.55,435.11,519.81,519.81,14.3,36.17,0,,428.14,,,0,,,0,,,,
2015-11-10,451.8,462.04,451.07,457.02,7040567,523.33,481.07,435.11,519.81,519.81,14.06,38.52,0,,430.44,,,0,,,0,,,,
2015-11-13,463.9,475.41,460.87,473.22,10014779,522.89,480.36,435.11,519.81,519.81,14.37,48.5,0,,440.68,,,0,,,0,,,,
2015-11-16,472.29,473.27,465.46,469.8,6488927,522.43,479.61,435.11,519.81,519.81,13.9,46.78,0,,438.79,,,0,,,0,,,,
2015-11-17,473.02,473.27,461.6,464.09,5944197,521.83,478.96,435.11,519.81,519.81,13.74,43.96,0,,435.21,,,0,,,0,,,,
2015-11-18,463.21,465.17,451.02,452.33,6081331,521.18,477.89,435.11,519.81,519.81,13.77,38.79,0,,427.61,,,0,,,0,,,,
2015-11-19,456.68,456.68,448.97,451.85,8717250,520.54,476.26,435.11,519.81,519.81,13.34,38.59,0,,427.59,,,0,,,0,,,,
2015-11-20,451.75,454.09,447.16,448.72,11446890,519.98,474.75,435.11,519.81,519.81,12.88,37.24,0,,425.87,,,0,,,0,,,,
2015-11-23,449.85,453.02,447.6,451.5,7774882,519.44,473.64,435.11,519.81,519.81,12.35,39.27,0,,428.02,,,0,,,0,,,,
2015-11-24,451.65,455.65,451.5,452.63,5388027,519.01,472.74,435.11,519.81,519.81,11.76,40.12,0,,429.14,,,0,,,0,,,,
2015-11-26,453.85,457.21,453.26,454.04,26648537,518.7,471.92,435.11,515.71,519.81,11.25,41.22,0,,430.39,,,0,,,0,,,,
2015-11-27,455.7,463.9,454.82,459.6,10288912,518.38,471.4,435.11,483.71,515.71,11.15,45.47,0,,434.04,,,0,,,0,,,,
2015-11-30,457.9,462.92,456.77,457.31,8926273,517.95,470.67,435.11,475.41,483.71,10.79,44.06,0,,432.81,,,0,,,0,,,,
2015-12-01,459.6,459.95,447.07,450.43,11177827,517.48,469.57,435.11,475.41,475.41,10.94,40.03,0,,428.27,,,0,,,0,,,,
2015-12-02,451.07,452.19,446.19,448.38,7152991,517.06,468.3,435.11,475.41,475.41,10.59,38.89,0,,427.18,,,0,,,0,,,,
2015-12-03,448.87,454.09,447.55,451.31,8154164,516.69,466.91,446.19,475.41,475.41,10.3,41.46,0,,432.96,,,0,,,0,,,,
2015-12-04,448.77,451.6,445.06,449.36,7000002,516.23,465.41,445.06,475.41,475.41,10.03,40.24,0,,431.5,,,0,,,0,,,,
2015-12-07,451.75,454.29,449.16,451.11,6335649,515.68,463.88,445.06,475.41,475.41,9.68,41.89,0,,432.86,,,0,,,0,,,,
2015-12-08,448.87,451.75,446.43,447.7,7003729,515.0,462.16,445.06,475.41,475.41,9.37,39.6,0,,430.87,,,0,,,0,,,,
2015-12-09,445.99,449.94,437.16,439.7,8745990,514.26,459.72,437.16,475.41,475.41,9.61,34.8,0,,422.92,,,0,,,0,,,,
2015-12-10,441.06,443.6,434.33,439.06,10192522,513.54,457.41,434.33,475.41,475.41,9.59,34.44,0,,421.58,,,0,,,0,,,,
2015-12-11,439.06,439.89,425.99,429.99,15589823,512.9,454.77,425.99,475.41,475.41,9.9,29.75,0,,412.74,,,0,,,0,,,,
2015-12-14,421.55,430.77,419.11,420.91,10389129,512.3,453.09,419.11,473.27,475.41,10.02,25.95,0,,404.51,,,0,,,0,,,,
2015-12-15,421.55,426.33,419.25,425.55,11058615,511.65,452.02,419.11,473.27,473.27,9.81,30.82,0,,407.64,,,0,,,0,,,,
2015-12-16,426.43,431.21,423.5,427.55,8881531,510.94,450.81,419.11,465.17,473.27,9.66,32.87,0,,409.03,,,0,,,0,,,,
2015-12-17,431.31,432.92,421.01,425.01,11529678,510.34,449.42,419.11,463.9,465.17,9.82,31.59,0,,407.29,,,0,,,0,,,,
2015-12-18,423.79,430.13,420.67,422.08,10297545,509.55,448.05,419.11,463.9,463.9,9.8,30.13,0,,405.41,,,0,,,0,,,,
2015-12-21,422.08,432.48,421.69,431.65,5061836,508.84,447.07,419.11,463.9,463.9,9.87,39.89,0,,411.54,,,0,,,0,,,,
2015-12-22,432.18,439.75,430.92,435.89,8722574,508.12,446.51,419.11,463.9,463.9,9.79,43.65,0,,414.32,,,0,,,0,,,,
2015-12-23,439.11,441.75,437.36,441.06,4493436,507.39,446.08,419.11,463.9,463.9,9.51,47.92,0,,417.85,,,0,,,0,,,,
2015-12-24,441.84,444.24,437.6,439.84,3633255,506.7,445.62,419.11,463.9,463.9,9.31,47.02,0,,417.19,,,0,,,0,,,,
2015-12-28,439.11,445.55,437.55,444.33,5914945,506.06,445.2,419.11,462.92,463.9,9.21,50.71,0,,420.15,,,0,,,0,,,,
2015-12-29,444.38,448.77,440.28,447.26,5987050,505.36,444.33,419.11,459.95,462.92,9.16,53.01,0,,422.08,,,0,,,0,,,,
2015-12-30,446.92,448.87,442.63,444.09,3766369,504.65,443.48,419.11,454.29,459.95,8.95,50.28,0,,420.17,,,0,,,0,,,,
2015-12-31,444.97,444.97,437.36,438.23,6329611,503.95,442.62,419.11,454.29,454.29,8.86,45.59,0,,416.46,,,0,,,0,,,,
2016-01-01,438.87,441.94,434.77,439.01,3345654,503.23,442.17,419.11,454.29,454.29,8.74,46.31,0,,417.04,,,0,,,0,,,,
2016-01-04,438.04,438.04,425.6,427.79,5862854,502.36,441.37,419.11,454.29,454.29,9.07,38.46,0,,409.58,,,0,,,0,,,,
2016-01-05,429.26,429.26,423.11,425.89,5579449,501.49,440.61,419.25,451.75,454.29,8.86,37.3,0,,408.54,,,0,,,0,,,,
2016-01-06,428.67,428.67,419.6,420.28,5756267,500.51,439.57,419.6,449.94,451.75,8.88,34.06,0,,405.03,,,0,,,0,,,,
2016-01-07,414.72,414.86,397.15,399.35,13787371,499.44,437.79,397.15,448.87,449.94,9.9,25.23,0,,383.37,,,0,,,0,,,,
2016-01-08,403.5,408.62,400.08,403.69,11307470,498.56,436.11,397.15,448.87,448.87,9.85,29.32,0,,386.2,,,0,,,0,,,,
2016-01-11,400.08,413.16,397.54,407.11,10352347,497.72,434.36,397.15,448.87,448.87,10.26,32.46,0,,388.13,,,0,,,0,,,,
2016-01-12,409.64,410.47,391.3,396.27,13070476,496.77,432.33,391.3,448.87,448.87,10.9,28.19,0,,378.76,,,0,,,0,,,,
2016-01-13,400.08,401.49,382.95,396.86,15873927,495.88,430.54,382.95,448.87,448.87,11.44,28.74,0,,375.99,,,0,,,0,,,,
2016-01-14,385.25,392.27,379.34,381.15,11776737,494.85,428.3,379.34,448.87,448.87,11.88,23.57,0,,364.37,,,0,,,0,,,,
2016-01-15,382.95,386.27,360.07,365.19,13178892,493.68,425.43,360.07,448.87,448.87,12.9,19.69,0,,346.97,,,0,,,0,,,,
2016-01-18,363.24,374.07,357.88,364.17,14117119,492.46,422.59,357.88,448.87,448.87,13.14,19.47,0,,345.43,,,0,,,0,,,,
2016-01-19,366.9,386.42,366.9,383.49,14215698,491.49,420.34,357.88,448.87,448.87,13.79,34.44,0,,357.45,,,0,,,0,,,,
2016-01-20,376.27,383.88,365.59,378.22,15605644,490.45,418.02,357.88,448.87,448.87,14.11,32.66,0,,353.84,,,0,,,0,,,,
2016-01-21,390.32,402.47,388.08,399.25,28200956,489.56,416.67,357.88,448.87,448.87,14.83,44.91,0,,366.92,,,0,,,0,,,,
2016-01-22,409.25,417.3,404.57,413.89,15009103,488.77,415.84,357.88,448.87,448.87,15.06,51.53,0,,376.21,,,0,,,0,,,,
2016-01-25,419.35,419.35,405.15,410.67,10252421,487.96,415.19,357.88,448.87,448.87,15.0,50.1,0,,374.17,,,0,,,0,,,,
2016-01-27,413.84,416.18,401.64,405.35,8648945,487.11,414.67,357.88,448.87,448.87,14.97,47.75,0,,370.77,,,0,,,0,,,,
2016-01-28,405.93,406.81,392.66,395.84,9370465,486.19,413.68,357.88,444.97,448.87,14.91,43.8,0,,364.67,,,0,,,0,,,,
2016-01-29,386.42,399.88,383.74,398.52,13667701,485.16,412.71,357.88,441.94,444.97,15.0,45.18,0,,366.34,,,0,,,0,,,,
2016-02-01,400.08,400.42,384.96,389.64,10700914,484.07,411.54,357.88,438.04,441.94,15.03,41.54,0,,360.59,,,0,,,0,,,,
2016-02-02,389.35,394.66,379.2,381.44,12131028,482.92,410.18,357.88,429.26,438.04,15.06,38.47,0,,355.28,,,0,,,0,,,,
2016-02-03,377.64,380.56,369.98,371.34,10077279,481.72,408.17,357.88,428.67,429.26,14.8,35.02,0,,348.94,,,0,,,0,,,,
2016-02-04,376.42,377.25,364.32,373.49,11472602,480.56,406.09,357.88,419.35,428.67,14.67,36.33,0,,350.41,,,0,,,0,,,,
2016-02-05,375.39,395.2,374.95,389.88,11677917,479.53,404.38,357.88,419.35,419.35,15.17,45.35,0,,360.65,,,0,,,0,,,,
2016-02-08,391.3,407.84,391.3,398.67,11996680,478.58,403.01,357.88,419.35,419.35,15.37,49.48,0,,366.19,,,0,,,0,,,,
2016-02-09,391.3,396.08,386.42,390.22,6550274,477.45,401.21,364.32,419.35,419.35,15.15,45.89,0,,363.03,,,0,,,0,,,,
2016-02-10,388.27,388.37,376.03,384.08,10922352,476.24,399.1,364.32,419.35,419.35,15.08,43.42,0,,359.12,,,0,,,0,,,,
2016-02-11,383.39,387.15,364.27,368.07,8076824,474.91,396.57,364.27,419.35,419.35,15.64,37.73,0,,348.4,,,0,,,0,,,,
2016-02-12,379.98,386.37,369.93,381.64,28434501,473.68,394.68,364.27,419.35,419.35,15.83,44.38,0,,357.03,,,0,,,0,,,,
2016-02-15,386.08,409.84,386.08,407.54,13964589,472.62,393.63,364.27,419.35,419.35,16.71,54.4,0,,373.15,,,0,,,0,,,,
2016-02-16,410.62,412.28,395.2,395.98,12445006,471.54,392.57,364.27,419.35,419.35,16.74,50.07,0,,365.67,,,0,,,0,,,,
2016-02-17,397.06,397.06,385.2,393.35,10197761,470.44,391.49,364.27,419.35,419.35,16.39,49.11,0,,364.21,,,0,,,0,,,,
2016-02-18,400.28,402.13,382.13,388.42,12069460,469.27,390.43,364.27,419.35,419.35,16.65,47.28,0,,360.86,,,0,,,0,,,,
2016-02-19,386.03,387.3,380.56,383.0,12915275,468.04,389.88,364.27,419.35,419.35,16.02,45.29,0,,357.78,,,0,,,0,,,,
2016-02-22,385.44,389.1,381.59,387.54,10284642,466.82,389.34,364.27,419.35,419.35,15.41,47.29,0,,361.11,,,0,,,0,,,,
2016-02-23,388.27,388.27,373.98,375.83,9955791,465.53,388.3,364.27,416.18,419.35,15.33,42.92,0,,353.61,,,0,,,0,,,,
2016-02-24,375.68,381.54,368.12,377.29,11983475,464.08,387.67,364.27,412.28,416.18,15.2,43.62,0,,354.65,,,0,,,0,,,,
2016-02-25,376.76,378.42,368.32,369.05,9491615,462.63,386.74,364.27,412.28,412.28,14.83,40.59,0,,349.57,,,0,,,0,,,,
2016-02-26,375.68,380.86,372.9,377.0,9588881,461.24,386.6,364.27,412.28,412.28,14.62,44.59,0,,354.84,,,0,,,0,,,,
2016-02-29,377.64,382.17,364.95,366.66,82022905,459.88,386.65,364.27,412.28,412.28,14.8,40.75,0,,348.05,,,0,,,0,,,,
2016-03-01,370.9,383.69,370.9,382.52,12822550,458.59,387.26,364.27,412.28,412.28,14.96,48.12,0,,358.17,,,0,,,0,,,,
2016-03-02,390.32,401.84,390.32,397.4,15332044,457.44,387.73,364.27,412.28,412.28,15.27,53.92,0,,367.56,,,0,,,0,,,,
2016-03-03,401.4,408.86,397.25,407.06,14677533,456.38,388.69,364.95,412.28,412.28,15.01,57.26,0,,374.2,,,0,,,0,,,,
2016-03-04,408.03,408.03,399.35,405.98,8992492,455.47,388.91,364.95,412.28,412.28,14.56,56.76,0,,373.8,,,0,,,0,,,,
2016-03-08,405.54,412.81,398.91,401.79,6921273,454.5,388.51,364.95,412.81,412.28,14.51,54.78,0,,371.13,,,0,,,0,,,,
2016-03-09,399.1,408.08,397.64,406.76,8437253,453.52,388.38,364.95,412.81,412.81,14.22,56.71,0,,374.53,,,0,,,0,,,,
2016-03-10,407.4,409.84,400.67,403.01,5631550,452.53,388.3,364.95,412.81,412.81,13.86,54.81,0,,372.35,,,0,,,0,,,,
2016-03-11,403.84,411.74,398.37,402.81,8348484,451.48,388.53,364.95,412.81,412.81,13.82,54.71,0,,372.25,,,0,,,0,,,,
2016-03-14,407.5,412.03,403.11,405.4,6963673,450.43,388.76,364.95,412.81,412.81,13.5,55.89,0,,374.14,,,0,,,0,,,,
2016-03-15,407.4,411.55,406.03,408.72,8188560,449.38,389.4,364.95,412.81,412.81,12.97,57.42,0,,376.63,,,0,,,0,,,,
2016-03-16,408.86,416.03,401.06,414.33,8290044,448.37,390.49,364.95,416.03,412.81,13.11,59.95,0,,380.15,,,0,,,0,,,,
2016-03-17,419.6,424.48,415.2,417.79,11080947,447.35,392.04,364.95,424.48,416.03,12.9,61.47,0,,382.52,,,0,,,0,,,,
2016-03-18,419.55,427.01,418.72,425.55,6675930,446.41,393.78,364.95,427.01,424.48,12.64,64.71,0,,387.7,,,0,,,0,,,,
2016-03-21,428.38,434.72,427.3,433.75,8910574,445.56,395.24,364.95,434.72,427.01,12.39,67.79,0,,393.16,,,0,,,0,,,,
2016-03-22,436.18,436.77,423.79,430.57,8004834,444.71,396.3,370.9,436.77,434.72,12.43,65.41,0,,393.06,,,0,,,0,,,,
2016-03-23,428.62,430.57,424.57,426.91,5018310,443.93,397.53,390.32,436.77,436.77,11.97,62.68,0,,397.48,,,0,,,0,,,,
2016-03-28,427.26,427.99,409.64,412.67,9200929,442.99,398.48,397.25,436.77,436.77,12.43,53.34,0,,390.3,,,0,,,0,,,,
2016-03-29,413.64,422.43,412.18,419.06,6674980,442.07,400.18,397.64,436.77,436.77,12.27,56.47,0,,394.66,,,0,,,0,,,,
2016-03-30,422.82,434.92,421.65,433.5,9551121,441.31,401.91,397.64,436.77,436.77,12.53,62.59,0,,403.8,,,0,,,0,,,,
2016-03-31,432.96,438.14,427.6,433.4,12671936,440.55,402.77,397.64,438.14,436.77,12.39,62.52,0,,403.83,,,0,,,0,,,,
2016-04-01,430.23,441.06,429.4,439.01,8827751,439.87,404.2,398.37,441.06,438.14,12.34,64.75,0,,407.73,,,0,,,0,,,,
2016-04-04,440.58,440.62,431.4,433.99,5347581,439.3,405.56,398.37,441.06,441.06,12.11,61.24,0,,404.64,,,0,,,0,,,,
2016-04-05,432.67,438.62,420.57,422.13,12100258,438.69,406.68,401.06,441.06,441.06,12.54,53.82,0,,397.6,,,0,,,0,,,,
2016-04-06,422.82,425.74,412.86,414.38,7457831,438.32,407.73,401.06,441.06,441.06,12.56,49.59,0,,392.59,,,0,,,0,,,,
2016-04-07,417.4,421.35,414.62,416.33,5374072,437.82,408.69,401.06,441.06,441.06,12.16,50.64,0,,394.11,,,0,,,0,,,,
2016-04-08,416.38,417.01,409.89,411.4,6881318,437.34,409.87,409.64,441.06,441.06,11.8,47.92,0,,394.03,,,0,,,0,,,,
2016-04-11,413.64,421.45,407.4,419.4,6221772,436.82,411.28,407.4,441.06,441.06,11.96,52.39,0,,398.34,,,0,,,0,,,,
2016-04-12,420.08,425.89,419.01,423.55,5586212,436.34,413.09,407.4,441.06,441.06,11.6,54.57,0,,401.26,,,0,,,0,,,,
2016-04-13,429.4,434.53,427.5,429.84,9091282,435.91,414.86,407.4,441.06,441.06,11.56,57.72,0,,405.34,,,0,,,0,,,,
2016-04-18,434.18,435.26,426.82,434.48,6674315,435.68,417.12,407.4,441.06,441.06,11.33,59.94,0,,408.48,,,0,,,0,,,,
2016-04-20,435.31,449.5,433.6,447.99,10775664,435.63,419.3,407.4,449.5,441.06,11.66,65.58,1,447.99,416.98,416.98,416.98,1,38,2016-04-20,0,,,,
2016-04-21,452.58,461.31,451.8,456.63,11717618,435.51,421.27,407.4,461.31,449.5,11.78,68.63,0,,422.47,,422.47,1,38,2016-04-20,0,,,,
2016-04-22,454.33,466.92,450.92,464.34,7323373,435.56,423.18,407.4,466.92,461.31,12.08,71.09,0,,427.25,,427.25,1,38,2016-04-20,0,,,,
2016-04-25,462.53,465.8,453.75,458.53,7474910,435.69,424.93,407.4,466.92,466.92,12.08,66.84,0,,423.5,,427.25,1,38,2016-04-20,0,,,,
2016-04-26,458.73,473.17,452.43,468.58,12685893,435.73,427.16,407.4,473.17,466.92,12.7,70.16,1,468.58,429.57,429.57,429.57,1,38,2016-04-20,0,,,,
2016-04-27,450.14,462.04,446.97,454.24,29544825,435.59,428.74,407.4,473.17,473.17,13.33,60.8,0,,419.9,,429.57,1,38,2016-04-20,0,,,,
2016-04-28,451.8,460.43,450.38,456.73,16457436,435.5,430.53,407.4,473.17,473.17,13.1,61.75,0,,421.66,,429.57,1,38,2016-04-20,0,,,,
2016-04-29,455.46,465.9,453.8,460.97,10883473,435.44,432.47,407.4,473.17,473.17,13.03,63.39,0,,424.44,,429.57,1,38,2016-04-20,0,,,,
2016-05-02,462.87,467.41,457.12,460.38,9439328,435.28,434.3,407.4,473.17,473.17,12.83,62.98,0,,424.19,,429.57,1,38,2016-04-20,0,,,,
2016-05-03,462.43,463.51,455.02,459.17,8097969,435.21,435.99,407.4,473.17,473.17,12.52,62.11,0,,423.62,,429.57,1,38,2016-04-20,0,,,,
2016-05-04,454.73,458.63,449.11,451.26,8777977,435.0,437.22,407.4,473.17,473.17,12.35,56.59,0,,418.63,,429.57,1,38,2016-04-20,0,,,,
2016-05-05,451.8,455.99,447.36,449.89,8736141,434.64,438.29,419.01,473.17,473.17,12.08,55.66,0,,421.8,,429.57,1,38,2016-04-20,0,,,,
2016-05-06,449.85,452.82,447.89,450.29,4804806,434.2,439.11,426.82,473.17,473.17,11.57,55.89,0,,425.0,,429.57,1,38,2016-04-20,0,,,,
2016-05-09,454.53,466.43,450.48,465.56,10228014,433.99,440.17,426.82,473.17,473.17,11.9,63.54,0,,434.63,,434.63,1,38,2016-04-20,0,,,,
2016-05-10,467.41,477.17,466.58,476.14,12131886,433.84,441.69,433.6,477.17,473.17,11.88,67.72,1,476.14,443.73,443.73,443.73,1,38,2016-04-20,0,,,,
2016-05-11,470.92,487.27,468.63,486.15,21878712,433.73,443.67,446.97,487.27,477.17,12.36,71.09,0,,454.32,,454.32,1,38,2016-04-20,0,,,,
2016-05-12,486.54,494.64,478.73,480.63,13528266,433.64,445.93,446.97,494.64,487.27,12.61,66.94,0,,450.59,,454.32,1,38,2016-04-20,0,,,,
2016-05-13,481.75,484.19,474.73,478.78,7426191,433.55,447.92,446.97,494.64,494.64,12.39,65.55,0,,449.55,,454.32,1,38,2016-04-20,0,,,,
2016-05-16,480.1,481.71,465.7,474.68,5809867,433.49,449.3,446.97,494.64,494.64,12.65,62.47,0,,446.73,,454.32,1,38,2016-04-20,0,,,,
2016-05-17,478.83,493.27,478.44,491.17,8982435,433.54,451.22,446.97,494.64,494.64,13.07,68.82,0,,457.08,,457.08,1,38,2016-04-20,0,,,,
2016-05-18,486.44,490.83,483.27,488.98,8241793,433.46,452.89,447.36,494.64,494.64,12.7,67.19,0,,456.04,,457.08,1,38,2016-04-20,0,,,,
2016-05-19,489.61,489.61,477.17,478.63,5989236,433.36,454.37,447.36,494.64,494.64,12.68,59.98,0,,449.38,,457.08,1,38,2016-04-20,0,,,,
2016-05-20,482.0,483.71,476.29,478.73,5012902,433.32,456.26,447.36,494.64,494.64,12.31,60.03,0,,449.7,,457.08,1,38,2016-04-20,0,,,,
2016-05-23,483.41,483.41,473.27,474.73,4700955,433.28,458.27,447.36,494.64,494.64,12.15,57.28,0,,447.22,,457.08,1,38,2016-04-20,0,,,,
2016-05-24,471.56,479.07,470.34,477.12,4838908,433.27,460.3,447.36,494.64,494.64,11.91,58.5,0,,448.92,,457.08,1,38,2016-04-20,0,,,,
2016-05-25,482.05,490.83,481.41,490.0,7144175,433.37,462.92,447.36,494.64,494.64,12.04,64.42,0,,457.15,,457.15,1,38,2016-04-20,0,,,,
2016-05-26,490.34,510.35,488.15,506.44,11207975,433.55,465.82,447.89,510.35,494.64,12.76,70.25,1,506.44,467.44,467.44,467.44,1,38,2016-04-20,0,,,,
2016-05-27,507.66,512.3,496.68,500.0,7699491,433.66,468.37,450.48,512.3,510.35,12.97,65.71,0,,464.02,,467.44,1,38,2016-04-20,0,,,,
2016-05-30,501.51,509.42,500.1,501.27,4892196,433.76,470.75,465.7,512.3,512.3,12.71,66.17,0,,470.08,,470.08,1,38,2016-04-20,0,,,,
2016-05-31,502.54,506.15,498.34,502.73,5706744,433.83,473.02,465.7,512.3,512.3,12.36,66.73,0,,471.25,,471.25,1,38,2016-04-20,0,,,,
2016-06-01,512.15,516.64,497.66,499.56,9559476,433.86,474.74,465.7,516.64,512.3,12.84,64.25,0,,468.89,,471.25,1,38,2016-04-20,0,,,,
2016-06-02,498.15,512.3,494.49,511.66,7013241,433.96,476.58,465.7,516.64,516.64,13.19,68.98,0,,476.46,,476.46,1,38,2016-04-20,0,,,,
2016-06-03,514.4,531.76,514.25,529.52,13581215,434.16,478.75,465.7,531.76,516.64,13.68,74.38,1,529.52,487.65,487.65,487.65,1,38,2016-04-20,0,,,,
2016-06-06,528.98,531.81,517.47,519.96,9416306,434.21,480.8,470.34,531.81,531.76,13.73,67.6,0,,483.0,,487.65,1,38,2016-04-20,0,,,,
2016-06-07,526.06,526.06,514.01,521.47,11455340,434.29,482.56,470.34,531.81,531.81,13.61,68.1,0,,484.05,,487.65,1,38,2016-04-20,0,,,,
2016-06-08,523.42,528.35,517.96,525.96,6988719,434.41,484.95,470.34,531.81,531.81,13.38,69.58,0,,487.1,,487.65,1,38,2016-04-20,0,,,,
2016-06-09,529.81,532.69,524.1,529.47,7019405,434.79,487.38,470.34,532.69,531.81,13.04,70.73,0,,489.6,,489.6,1,38,2016-04-20,0,,,,
2016-06-10,526.93,535.86,525.28,527.96,6382258,435.26,489.61,470.34,535.86,532.69,12.86,69.52,0,,488.74,,489.6,1,38,2016-04-20,0,,,,
2016-06-13,516.98,521.67,511.32,518.3,6788154,435.63,491.54,470.34,535.86,535.86,13.13,62.16,0,,482.33,,489.6,1,38,2016-04-20,0,,,,
2016-06-14,522.84,522.84,512.79,516.84,8234417,435.96,493.46,481.41,535.86,535.86,12.91,61.1,0,,485.22,,489.6,1,38,2016-04-20,0,,,,
2016-06-15,519.03,520.49,510.0,516.01,7836638,436.31,495.62,488.15,535.86,535.86,12.74,60.48,0,,487.05,,489.6,1,38,2016-04-20,0,,,,
2016-06-16,515.22,515.52,503.52,510.79,5375177,436.64,497.65,494.49,535.86,535.86,12.72,56.54,0,,485.81,,489.6,1,38,2016-04-20,0,,,,
2016-06-17,514.15,520.98,512.0,514.15,7201452,437.05,499.78,494.49,535.86,535.86,12.54,58.42,0,,488.1,,489.6,1,38,2016-04-20,0,,,,
2016-06-20,502.54,511.22,501.56,509.81,11335041,437.43,501.25,494.49,535.86,535.86,12.54,55.11,0,,485.29,,489.6,1,38,2016-04-20,0,,,,
2016-06-21,511.81,511.81,502.98,504.88,5301794,437.77,502.21,494.49,535.86,535.86,12.28,51.54,0,,482.29,,489.6,1,38,2016-04-20,0,,,,
2016-06-22,505.37,508.39,501.17,503.71,5374493,438.08,502.8,494.49,535.86,535.86,11.92,50.71,0,,481.78,,489.6,1,38,2016-04-20,0,,,,
2016-06-23,505.47,515.23,502.34,513.66,5874012,438.35,503.9,501.17,535.86,535.86,11.99,57.1,0,,490.38,,490.38,1,38,2016-04-20,0,,,,
2016-06-24,489.85,499.22,480.88,498.15,9745784,438.54,504.54,480.88,535.86,535.86,13.47,46.89,0,,472.62,,490.38,1,38,2016-04-20,1,490.38,TRAILING_STOP,48,9.46
2016-06-27,495.12,505.08,494.88,502.0,4612787,438.79,505.46,480.88,535.86,535.86,13.24,49.31,0,,475.26,,,0,,,0,,,,
2016-06-28,502.54,507.91,500.34,501.56,4479273,439.12,505.8,480.88,535.86,535.86,12.83,49.04,0,,475.24,,,0,,,0,,,,
2016-06-29,505.95,506.39,501.81,505.32,4721178,439.48,506.35,480.88,535.86,535.86,12.26,51.53,0,,478.05,,,0,,,0,,,,
2016-06-30,509.37,522.3,508.39,520.59,10912401,439.96,507.74,480.88,535.86,535.86,12.6,60.06,0,,487.67,,,0,,,0,,,,
2016-07-01,522.84,532.5,522.54,529.76,6701034,440.48,509.45,480.88,535.86,535.86,12.55,64.15,0,,493.62,,,0,,,0,,,,
2016-07-04,532.3,533.72,526.45,530.69,5173772,441.0,511.31,480.88,535.86,535.86,12.17,64.54,0,,494.47,,,0,,,0,,,,
2016-07-05,528.11,533.03,522.3,526.64,5219466,441.48,512.96,480.88,535.86,535.86,12.07,61.37,0,,491.93,,,0,,,0,,,,
2016-07-07,531.07,537.67,527.23,534.08,4650991,441.98,514.43,480.88,537.67,535.86,12.0,64.8,0,,496.78,,,0,,,0,,,,
2016-07-08,532.85,540.23,531.86,538.21,6016471,442.52,515.49,480.88,540.23,537.67,11.74,66.57,1,538.21,499.61,499.61,499.61,1,39,2016-07-08,0,,,,
2016-07-11,543.34,544.67,533.39,536.2,6082359,443.09,516.7,480.88,544.67,540.23,11.7,64.86,0,,498.34,,499.61,1,39,2016-07-08,0,,,,
2016-07-12,541.71,553.63,540.87,552.55,6541827,443.78,518.41,480.88,553.63,544.67,12.11,71.32,1,552.55,508.61,508.61,508.61,1,39,2016-07-08,0,,,,
2016-07-13,555.2,555.2,542.79,548.46,6365885,444.43,519.93,480.88,555.2,553.63,12.13,67.95,0,,505.96,,508.61,1,39,2016-07-08,0,,,,
2016-07-14,547.37,553.23,545.26,551.81,4020476,445.11,521.67,480.88,555.2,555.2,11.84,69.24,0,,508.32,,508.61,1,39,2016-07-08,0,,,,
2016-07-15,547.77,561.85,547.62,556.53,6247207,445.82,523.17,480.88,561.85,555.2,12.01,70.99,1,556.53,511.25,511.25,511.25,1,39,2016-07-08,0,,,,
2016-07-18,561.41,568.11,560.43,562.39,6641864,446.58,524.26,494.88,568.11,561.85,11.98,73.06,0,,519.72,,519.72,1,39,2016-07-08,0,,,,
2016-07-19,562.1,565.2,555.35,556.93,5547223,447.36,525.5,500.34,568.11,568.11,11.83,68.19,0,,518.12,,519.72,1,39,2016-07-08,0,,,,
2016-07-20,554.81,559.29,547.47,549.84,5258296,448.1,526.44,501.81,568.11,568.11,11.82,62.39,0,,514.03,,519.72,1,39,2016-07-08,0,,,,
2016-07-21,549.49,549.49,527.48,529.94,9416152,448.77,526.57,508.39,568.11,568.11,12.58,49.62,0,,502.89,,519.72,1,39,2016-07-08,0,,,,
2016-07-22,529.84,537.08,524.87,529.6,8134377,449.49,526.58,522.3,568.11,568.11,12.55,49.43,0,,507.32,,519.72,1,39,2016-07-08,0,,,,
2016-07-25,510.69,531.86,510.69,529.99,15701682,450.19,526.65,510.69,568.11,568.11,13.17,49.67,0,,503.3,,519.72,1,39,2016-07-08,1,519.72,TRAILING_STOP,12,-3.44
2016-07-26,531.57,550.77,527.38,545.45,11437473,450.97,527.55,510.69,568.11,568.11,13.9,57.95,0,,512.78,,,0,,,0,,,,
2016-07-27,545.5,549.69,535.26,540.58,7787071,451.75,528.34,510.69,568.11,568.11,13.93,54.88,0,,509.61,,,0,,,0,,,,
2016-07-28,539.84,545.01,529.94,535.65,12174235,452.5,529.0,510.69,568.11,568.11,14.02,51.89,0,,506.38,,,0,,,0,,,,
2016-07-29,534.32,543.48,534.32,537.92,4861274,453.21,529.9,510.69,568.11,568.11,13.67,53.16,0,,508.08,,,0,,,0,,,,
2016-08-01,538.02,549.3,538.02,542.25,7026398,453.92,530.84,510.69,568.11,568.11,13.51,55.56,0,,510.98,,,0,,,0,,,,
2016-08-02,543.68,547.23,538.86,541.37,5749264,454.59,531.89,510.69,568.11,568.11,13.14,54.94,0,,510.65,,,0,,,0,,,,
2016-08-03,541.37,544.62,532.7,541.07,6489800,455.26,533.1,510.69,568.11,568.11,13.05,54.72,0,,510.52,,,0,,,0,,,,
2016-08-04,543.58,547.62,536.44,539.25,5769753,455.9,534.28,510.69,568.11,568.11,12.92,53.31,0,,509.43,,,0,,,0,,,,
2016-08-05,544.08,560.42,542.25,558.7,8030392,456.64,535.78,510.69,568.11,568.11,13.51,64.01,0,,521.59,,,0,,,0,,,,
2016-08-08,559.88,563.77,556.73,562.54,7360104,457.43,537.93,510.69,568.11,568.11,13.05,65.68,0,,524.37,,,0,,,0,,,,
2016-08-09,561.9,567.32,558.16,565.45,7958291,458.28,540.04,510.69,568.11,568.11,12.77,66.93,0,,526.43,,,0,,,0,,,,
2016-08-10,565.4,566.63,554.52,559.34,6611328,459.08,541.97,510.69,568.11,568.11,12.72,61.83,0,,522.52,,,0,,,0,,,,
2016-08-11,555.75,566.24,555.75,561.16,5098948,459.97,543.83,510.69,568.11,568.11,12.56,62.74,0,,523.8,,,0,,,0,,,,
2016-08-12,561.26,584.26,561.21,582.09,13209690,461.01,545.88,510.69,584.26,568.11,13.31,71.25,1,582.09,536.8,536.8,536.8,1,40,2016-08-12,0,,,,
2016-08-16,585.0,585.0,571.26,574.51,11126973,462.04,547.37,527.38,585.0,584.26,13.34,65.42,0,,537.46,,537.46,1,40,2016-08-12,0,,,,
2016-08-17,579.34,588.99,576.38,580.62,9879769,463.25,549.04,529.94,588.99,585.0,13.43,67.71,0,,542.2,,542.2,1,40,2016-08-12,0,,,,
2016-08-18,582.19,588.3,581.9,584.21,12089285,464.45,550.96,529.94,588.99,588.99,13.02,69.01,0,,544.79,,544.79,1,40,2016-08-12,0,,,,
2016-08-19,586.43,588.59,577.27,579.68,9209878,465.6,552.48,532.7,588.99,588.99,12.89,65.43,0,,542.86,,544.79,1,40,2016-08-12,0,,,,
2016-08-22,581.01,581.06,570.67,571.51,9499230,466.77,553.59,532.7,588.99,588.99,12.72,59.45,0,,537.71,,544.79,1,40,2016-08-12,0,,,,
2016-08-23,572.49,576.18,571.36,573.72,6963978,467.95,554.84,532.7,588.99,588.99,12.15,60.5,0,,539.52,,544.79,1,40,2016-08-12,0,,,,
2016-08-24,576.04,576.04,569.93,574.61,5835501,469.24,555.57,532.7,588.99,588.99,11.72,60.94,0,,540.38,,544.79,1,40,2016-08-12,0,,,,
2016-08-25,577.96,585.05,576.18,577.71,17177795,470.65,556.55,536.44,588.99,588.99,11.63,62.5,0,,543.68,,544.79,1,40,2016-08-12,0,,,,
2016-08-26,577.66,580.12,571.55,577.56,7531289,472.08,557.41,542.25,588.99,588.99,11.41,62.37,0,,545.67,,545.67,1,40,2016-08-12,0,,,,
2016-08-29,577.56,588.0,577.17,580.27,12461059,473.39,558.2,554.52,588.99,588.99,11.37,63.84,0,,551.54,,551.54,1,40,2016-08-12,0,,,,
2016-08-30,583.08,590.22,579.68,582.24,11834475,474.75,558.86,554.52,590.22,588.99,11.31,64.91,0,,552.85,,552.85,1,40,2016-08-12,0,,,,
2016-08-31,582.59,594.75,571.95,587.86,120541914,476.01,559.89,554.52,594.75,590.22,12.13,67.84,0,,555.92,,555.92,1,40,2016-08-12,0,,,,
2016-09-01,588.05,593.91,583.08,587.66,10204784,477.16,561.15,555.75,594.75,594.75,12.04,67.62,0,,556.27,,556.27,1,40,2016-08-12,0,,,,
2016-09-02,588.69,592.93,585.29,590.17,7279782,478.36,563.16,561.21,594.75,594.75,11.72,68.96,0,,559.91,,559.91,1,40,2016-08-12,0,,,,
2016-09-06,593.42,628.19,593.42,626.32,15252302,479.83,566.38,569.93,628.19,594.75,13.6,81.08,1,626.32,584.89,584.89,584.89,1,40,2016-08-12,0,,,,
2016-09-07,628.14,628.68,613.12,615.68,11869960,481.3,569.24,569.93,628.68,628.19,13.74,72.15,0,,577.93,,584.89,1,40,2016-08-12,0,,,,
2016-09-08,616.57,624.45,610.41,619.87,8039571,482.78,571.72,569.93,628.68,628.68,13.76,73.39,0,,580.62,,584.89,1,40,2016-08-12,0,,,,
2016-09-09,605.83,615.29,602.48,603.86,9795054,484.2,573.83,569.93,628.68,628.68,14.02,62.01,0,,570.12,,584.89,1,40,2016-08-12,0,,,,
2016-09-12,588.79,592.78,579.53,583.18,8471237,485.55,575.41,569.93,628.68,628.68,14.76,51.0,0,,556.29,,584.89,1,40,2016-08-12,1,584.89,TRAILING_STOP,20,0.48
2016-09-14,584.06,595.54,581.55,592.73,5915220,487.02,577.24,569.93,628.68,628.68,14.7,54.98,0,,562.49,,,0,,,0,,,,
2016-09-15,591.99,593.91,574.51,579.88,7145326,488.4,578.49,569.93,628.68,628.68,15.04,49.2,0,,553.97,,,0,,,0,,,,
2016-09-16,583.32,603.17,583.32,593.12,19309804,489.76,580.22,571.55,628.68,628.68,15.63,54.5,0,,562.66,,,0,,,0,,,,
2016-09-19,593.91,596.87,583.92,585.39,5311980,491.0,581.7,571.55,628.68,628.68,15.44,51.14,0,,557.8,,,0,,,0,,,,
2016-09-20,589.78,589.97,580.27,584.01,4538973,492.29,583.19,571.95,628.68,628.68,15.03,50.55,0,,557.32,,,0,,,0,,,,
2016-09-21,587.51,591.3,585.54,589.87,5480087,493.66,584.23,571.95,628.68,628.68,14.47,53.06,0,,561.47,,,0,,,0,,,,
2016-09-22,600.81,602.78,581.11,582.88,10205715,495.1,584.91,571.95,628.68,628.68,14.99,49.81,0,,556.62,,,0,,,0,,,,
2016-09-23,586.62,587.12,547.33,549.05,30222177,496.21,584.36,547.33,628.68,628.68,16.76,37.75,0,,525.41,,,0,,,0,,,,
2016-09-26,550.67,551.56,537.08,539.15,14880674,497.09,583.69,537.08,628.68,628.68,16.6,35.07,0,,515.71,,,0,,,0,,,,
2016-09-27,542.7,545.9,530.58,532.85,9085199,498.0,582.74,530.58,628.68,628.68,16.51,33.44,0,,509.54,,,0,,,0,,,,
2016-09-28,534.96,542.35,532.35,540.82,10240083,498.99,581.37,530.58,628.68,628.68,16.04,37.4,0,,514.99,,,0,,,0,,,,
2016-09-29,546.09,546.49,515.56,531.17,16581655,499.94,579.92,515.56,628.68,628.68,17.1,34.71,0,,503.05,,,0,,,0,,,,
2016-09-30,526.94,538.9,522.6,533.19,5781645,500.94,578.34,515.56,628.68,628.68,17.05,35.75,0,,504.4,,,0,,,0,,,,
2016-10-03,534.77,543.98,534.72,542.6,5276340,501.97,576.95,515.56,628.68,628.68,16.6,40.51,0,,510.76,,,0,,,0,,,,
2016-10-04,544.67,545.01,532.85,538.36,5690321,503.06,575.58,515.56,628.68,628.68,16.28,39.1,0,,508.24,,,0,,,0,,,,
2016-10-05,541.71,542.35,525.21,527.63,8222912,504.06,574.11,515.56,628.68,628.68,16.34,35.73,0,,501.28,,,0,,,0,,,,
2016-10-06,523.69,526.94,516.15,522.8,10646794,505.08,572.42,515.56,624.45,628.68,16.0,34.29,0,,498.39,,,0,,,0,,,,
2016-10-07,522.01,531.27,522.01,525.8,7702773,506.07,570.79,515.56,615.29,624.45,15.52,36.01,0,,500.65,,,0,,,0,,,,
2016-10-10,529.89,530.63,522.31,523.54,3261598,507.12,568.98,515.56,603.17,615.29,15.0,35.26,0,,499.54,,,0,,,0,,,,
2016-10-13,521.03,521.91,505.47,510.98,10008090,507.98,566.76,505.47,603.17,603.17,15.22,31.36,0,,487.92,,,0,,,0,,,,
2016-10-14,513.15,517.09,509.01,512.8,4314775,508.75,564.52,505.47,603.17,603.17,14.71,32.52,0,,489.44,,,0,,,0,,,,
2016-10-17,516.25,525.76,509.31,511.18,7930102,509.44,562.15,505.47,603.17,603.17,14.83,32.0,0,,488.31,,,0,,,0,,,,
2016-10-18,516.0,526.0,510.59,524.43,13532992,510.23,560.03,505.47,602.78,603.17,14.88,40.41,0,,496.83,,,0,,,0,,,,
2016-10-19,527.58,533.83,521.13,527.48,10754624,511.07,558.03,505.47,602.78,602.78,14.72,42.18,0,,498.9,,,0,,,0,,,,
2016-10-20,529.01,536.64,527.92,531.91,6969699,511.9,556.08,505.47,602.78,602.78,14.32,44.75,0,,502.02,,,0,,,0,,,,
2016-10-21,530.58,531.07,516.3,518.17,6526349,512.67,552.48,505.47,602.78,602.78,14.42,38.97,0,,493.1,,,0,,,0,,,,
2016-10-24,521.47,522.01,509.75,513.69,10660533,513.41,549.08,505.47,587.12,602.78,14.26,37.27,0,,490.31,,,0,,,0,,,,
2016-10-25,513.05,523.49,512.26,521.13,7356952,514.18,545.79,505.47,551.56,587.12,14.04,41.79,0,,495.26,,,0,,,0,,,,
2016-10-26,491.48,494.43,477.2,480.2,38780250,514.66,541.67,477.2,546.49,551.56,16.18,29.29,0,,458.01,,,0,,,0,,,,
2016-10-27,477.69,482.22,470.11,478.33,17198496,515.08,538.17,470.11,546.49,546.49,15.89,28.87,0,,454.63,,,0,,,0,,,,
2016-10-28,479.56,486.56,477.25,479.56,12688495,515.5,534.4,470.11,546.49,546.49,15.42,29.59,0,,455.74,,,0,,,0,,,,
2016-11-01,480.69,480.69,467.3,468.63,10425548,515.78,530.69,467.3,545.01,546.49,15.27,26.96,0,,447.85,,,0,,,0,,,,
2016-11-02,462.72,473.26,461.05,469.61,9885845,516.02,526.57,461.05,545.01,545.01,15.06,27.58,0,,446.55,,,0,,,0,,,,
2016-11-03,468.33,472.57,466.51,468.68,6631504,516.28,522.68,461.05,545.01,545.01,14.41,27.35,0,,446.37,,,0,,,0,,,,
2016-11-04,467.25,478.38,467.05,471.49,10868004,516.57,518.93,461.05,542.35,545.01,14.19,29.33,0,,448.33,,,0,,,0,,,,
2016-11-07,477.44,482.07,474.79,478.08,6990315,517.01,515.21,461.05,536.64,542.35,13.93,33.87,0,,452.76,,,0,,,0,,,,
2016-11-08,479.71,485.03,475.97,483.45,7460548,517.44,511.89,461.05,536.64,536.64,13.59,37.41,0,,456.45,,,0,,,0,,,,
2016-11-09,452.08,486.51,452.03,480.2,12824970,517.75,509.6,452.03,536.64,536.64,15.08,36.15,0,,450.35,,,0,,,0,,,,
2016-11-10,486.56,505.86,486.56,499.31,11433458,518.19,508.27,452.03,536.64,536.64,15.83,47.37,0,,462.18,,,0,,,0,,,,
2016-11-11,497.39,504.97,487.54,491.23,7085764,518.54,506.88,452.03,536.64,536.64,15.95,43.86,0,,456.89,,,0,,,0,,,,
2016-11-15,490.49,495.42,469.57,472.08,11822835,518.79,504.59,452.03,536.64,536.64,16.66,36.89,0,,444.06,,,0,,,0,,,,
2016-11-16,479.51,480.01,463.02,465.58,10704594,519.08,502.4,452.03,536.64,536.64,16.68,34.86,0,,439.86,,,0,,,0,,,,
2016-11-17,467.2,477.1,464.25,466.96,10250008,519.43,500.2,452.03,536.64,536.64,16.41,35.67,0,,440.93,,,0,,,0,,,,
2016-11-18,470.8,471.68,464.89,466.32,4572569,519.76,497.65,452.03,536.64,536.64,15.72,35.45,0,,440.97,,,0,,,0,,,,
2016-11-21,468.73,469.32,456.07,458.68,6217176,520.08,495.0,452.03,531.07,536.64,15.54,32.85,0,,436.16,,,0,,,0,,,,
2016-11-22,461.0,468.33,451.15,463.66,7313923,520.38,492.87,451.15,523.49,531.07,15.66,36.14,0,,439.0,,,0,,,0,,,,
2016-11-23,467.84,475.28,462.08,473.26,6477616,520.71,491.21,451.15,523.49,523.49,15.48,42.03,0,,445.31,,,0,,,0,,,,
2016-11-24,472.47,472.47,459.03,461.14,8199524,520.92,489.06,451.15,505.86,523.49,15.39,37.34,0,,437.56,,,0,,,0,,,,
2016-11-25,465.13,465.87,458.29,464.1,4674455,521.11,487.08,451.15,505.86,505.86,14.84,39.13,0,,439.84,,,0,,,0,,,,
2016-11-28,457.01,470.4,454.2,465.77,8268812,521.23,485.57,451.15,505.86,505.86,14.93,40.16,0,,440.85,,,0,,,0,,,,
2016-11-29,465.87,468.43,456.02,457.65,7612624,521.24,483.73,451.15,505.86,505.86,14.75,36.88,0,,435.73,,,0,,,0,,,,
2016-11-30,457.99,463.9,455.09,462.77,13575386,521.23,482.12,451.15,505.86,505.86,14.33,40.2,0,,439.32,,,0,,,0,,,,
2016-12-01,466.86,467.3,457.3,459.03,7451748,521.23,479.94,451.15,505.86,505.86,14.02,38.6,0,,437.11,,,0,,,0,,,,
2016-12-02,459.86,459.86,451.1,453.02,6381901,521.13,477.46,451.1,505.86,505.86,13.64,36.12,0,,433.47,,,0,,,0,,,,
2016-12-05,450.8,457.7,448.93,453.81,4995436,521.12,474.85,448.93,505.86,505.86,13.3,36.69,0,,433.49,,,0,,,0,,,,
2016-12-06,454.84,456.22,447.5,449.08,5465618,521.07,472.55,447.5,505.86,505.86,12.97,34.68,0,,430.18,,,0,,,0,,,,
2016-12-07,450.95,450.95,434.6,440.36,7558363,520.94,470.11,434.6,505.86,505.86,13.21,31.26,0,,420.09,,,0,,,0,,,,
2016-12-08,443.12,446.03,440.66,442.58,7629221,520.82,467.49,434.6,505.86,505.86,12.67,33.07,0,,421.88,,,0,,,0,,,,
2016-12-09,444.89,451.1,438.84,449.52,7780448,520.75,466.46,434.6,504.97,505.86,12.64,38.51,0,,426.38,,,0,,,0,,,,
2016-12-12,438.29,445.19,437.41,438.39,6849079,520.67,465.13,434.6,495.42,504.97,12.6,33.77,0,,419.23,,,0,,,0,,,,
2016-12-13,439.08,447.6,435.63,446.12,8404874,520.64,464.02,434.6,480.01,495.42,12.56,39.35,0,,424.24,,,0,,,0,,,,
2016-12-14,447.8,462.72,447.16,460.16,12775149,520.71,463.74,434.6,477.1,480.01,12.85,47.94,0,,433.1,,,0,,,0,,,,
2016-12-15,452.18,472.18,452.18,470.89,18021627,520.74,463.78,434.6,475.28,477.1,13.36,53.37,0,,439.68,,,0,,,0,,,,
2016-12-16,472.27,473.46,461.64,465.67,20477361,520.67,463.68,434.6,475.28,475.28,13.25,50.61,0,,436.39,,,0,,,0,,,,
2016-12-19,462.42,465.63,459.42,460.55,3735250,520.5,463.31,434.6,475.28,475.28,12.75,47.98,0,,433.42,,,0,,,0,,,,
2016-12-20,461.93,462.62,453.51,454.69,4836019,520.33,462.53,434.6,475.28,475.28,12.49,45.09,0,,429.82,,,0,,,0,,,,
2016-12-21,456.56,458.78,448.24,450.8,4454408,520.14,461.45,434.6,473.46,475.28,12.35,43.23,0,,427.4,,,0,,,0,,,,
2016-12-22,448.93,448.93,438.34,440.81,6540181,519.92,460.13,434.6,473.46,473.46,12.36,38.81,0,,420.95,,,0,,,0,,,,
2016-12-23,441.25,442.58,429.43,431.5,9018273,519.52,457.87,429.43,473.46,473.46,12.41,35.19,0,,413.18,,,0,,,0,,,,
2016-12-26,428.54,429.28,420.57,425.49,4494204,519.1,455.68,420.57,473.46,473.46,12.31,33.05,0,,406.43,,,0,,,0,,,,
2016-12-27,424.6,432.29,424.6,431.05,4694669,518.78,454.31,420.57,473.46,473.46,11.98,36.88,0,,410.23,,,0,,,0,,,,
2016-12-28,433.07,441.49,431.4,433.42,5072550,518.48,453.24,420.57,473.46,473.46,11.87,38.49,0,,411.83,,,0,,,0,,,,
2016-12-29,435.34,439.18,431.1,437.56,6082573,518.23,452.26,420.57,473.46,473.46,11.6,41.31,0,,414.68,,,0,,,0,,,,
2016-12-30,438.79,445.39,438.34,443.17,4616817,518.0,451.49,420.57,473.46,473.46,11.33,45.0,0,,418.48,,,0,,,0,,,,
2017-01-02,444.6,445.19,434.6,441.0,3054394,517.68,450.9,420.57,473.46,473.46,11.28,43.85,0,,417.12,,,0,,,0,,,,
2017-01-03,442.82,450.9,436.82,448.39,4621782,517.29,450.39,420.57,473.46,473.46,11.48,48.65,0,,421.75,,,0,,,0,,,,
2017-01-04,448.14,453.07,445.14,446.27,3703873,516.93,449.49,420.57,473.46,473.46,11.22,47.4,0,,420.55,,,0,,,0,,,,
2017-01-05,447.75,456.91,446.42,451.15,5829373,516.6,449.16,420.57,473.46,473.46,11.18,50.55,0,,423.73,,,0,,,0,,,,
2017-01-06,452.77,454.84,447.21,448.34,4431212,516.23,448.63,420.57,473.46,473.46,10.93,48.74,0,,422.08,,,0,,,0,,,,
2017-01-09,450.01,452.43,444.75,445.93,2690456,515.88,447.97,420.57,473.46,473.46,10.7,47.18,0,,420.68,,,0,,,0,,,,
2017-01-10,448.64,449.18,418.0,440.61,9436151,515.4,447.4,418.0,473.46,473.46,12.16,43.84,0,,415.42,,,0,,,0,,,,
2017-01-11,445.04,450.65,441.45,446.76,5678047,514.85,446.87,418.0,473.46,473.46,12.01,48.38,0,,419.49,,,0,,,0,,,,
2017-01-12,447.36,454.45,445.78,448.34,5106342,514.37,446.51,418.0,473.46,473.46,11.77,49.52,0,,420.67,,,0,,,0,,,,
2017-01-13,450.11,468.04,448.34,465.67,12693510,514.0,446.94,418.0,468.04,473.46,12.34,59.89,0,,431.47,,,0,,,0,,,,
2017-01-16,465.38,473.26,461.24,470.06,7430300,513.63,447.48,418.0,473.26,468.04,12.31,62.02,0,,434.31,,,0,,,0,,,,
2017-01-17,470.11,480.84,469.76,479.86,11331156,513.3,448.5,418.0,480.84,473.26,12.22,66.32,0,,440.69,,,0,,,0,,,,
2017-01-18,479.81,484.29,475.97,481.14,8789347,512.99,449.86,418.0,484.29,480.84,11.95,66.85,0,,441.7,,,0,,,0,,,,
2017-01-19,479.37,480.55,472.08,476.51,7688347,512.71,450.99,418.0,484.29,484.29,11.74,63.0,0,,438.86,,,0,,,0,,,,
2017-01-20,451.1,454.45,441.25,443.96,30189779,512.22,450.81,418.0,484.29,484.29,13.42,43.88,0,,416.74,,,0,,,0,,,,
2017-01-23,438.54,442.18,434.45,438.29,16502895,511.7,450.81,418.0,484.29,484.29,13.14,41.52,0,,413.27,,,0,,,0,,,,
2017-01-24,441.05,445.73,438.59,444.45,7103963,511.26,450.75,418.0,484.29,484.29,12.73,44.99,0,,417.51,,,0,,,0,,,,
2017-01-25,445.19,458.09,445.19,456.56,14328065,510.88,450.63,418.0,484.29,484.29,12.8,51.12,0,,425.28,,,0,,,0,,,,
2017-01-27,458.24,471.63,458.24,465.72,8821164,510.58,450.46,418.0,484.29,484.29,12.96,55.19,0,,431.08,,,0,,,0,,,,
2017-01-30,464.89,469.42,463.75,464.79,4525720,510.32,450.43,418.0,484.29,484.29,12.44,54.69,0,,430.83,,,0,,,0,,,,
2017-01-31,464.89,464.89,457.3,458.98,10629001,510.02,450.38,418.0,484.29,484.29,12.09,51.56,0,,427.31,,,0,,,0,,,,
2017-02-01,460.7,472.67,453.07,468.48,8340303,509.72,450.84,434.45,484.29,484.29,12.63,56.0,0,,438.57,,,0,,,0,,,,
2017-02-02,469.07,478.68,466.22,475.28,7557596,509.56,451.65,434.45,484.29,484.29,12.62,58.9,0,,442.96,,,0,,,0,,,,
2017-02-03,476.41,485.08,472.91,483.31,7134563,509.44,453.07,434.45,485.08,484.29,12.59,62.08,0,,448.16,,,0,,,0,,,,
2017-02-06,487.29,492.66,484.59,490.79,8575116,509.37,455.04,434.45,492.66,485.08,12.35,64.81,0,,453.14,,,0,,,0,,,,
2017-02-07,490.89,492.17,483.21,485.96,5242366,509.24,457.06,434.45,492.66,492.66,12.11,61.72,0,,450.19,,,0,,,0,,,,
2017-02-08,484.98,485.27,474.59,480.25,9694192,508.97,458.7,434.45,492.66,492.66,12.06,58.19,0,,446.54,,,0,,,0,,,,
2017-02-09,483.6,487.1,475.67,477.94,7938519,508.62,460.18,434.45,492.66,492.66,12.01,56.77,0,,445.08,,,0,,,0,,,,
2017-02-10,482.37,485.08,478.87,481.53,10345868,508.3,461.65,434.45,492.66,492.66,11.67,58.46,0,,447.63,,,0,,,0,,,,
2017-02-13,485.27,486.41,479.41,482.91,6626404,508.01,462.97,434.45,492.66,492.66,11.33,59.12,0,,448.74,,,0,,,0,,,,
2017-02-14,482.91,484.04,474.83,479.56,4089031,507.64,464.26,438.59,492.66,492.66,11.18,56.76,0,,448.06,,,0,,,0,,,,
2017-02-15,480.65,486.01,476.51,480.84,6242589,507.26,465.34,445.19,492.66,492.66,11.06,57.46,0,,451.16,,,0,,,0,,,,
2017-02-16,480.35,486.9,479.22,485.72,5218900,506.92,466.66,453.07,492.66,492.66,10.82,60.11,0,,457.1,,,0,,,0,,,,
2017-02-17,493.45,496.4,480.05,481.73,12983330,506.45,467.68,453.07,496.4,492.66,11.21,56.98,0,,454.26,,,0,,,0,,,,
2017-02-20,482.02,483.26,472.42,473.8,5840632,505.95,468.52,453.07,496.4,496.4,11.19,51.27,0,,449.17,,,0,,,0,,,,
2017-02-21,474.64,501.38,473.95,496.75,16440027,505.59,470.22,453.07,501.38,496.4,12.36,62.87,0,,463.19,,,0,,,0,,,,
2017-02-22,500.84,520.09,500.15,517.38,20167381,505.33,472.78,466.22,520.09,501.38,13.14,69.82,0,,480.35,,,0,,,0,,,,
2017-02-23,517.09,522.01,510.24,520.19,10360480,505.04,475.22,472.42,522.01,520.09,13.04,70.63,0,,484.3,,,0,,,0,,,,
2017-02-27,519.94,519.94,499.65,501.28,7372140,504.67,476.99,472.42,522.01,522.01,13.58,59.17,0,,471.75,,,0,,,0,,,,
2017-02-28,501.72,504.78,497.0,499.01,5799421,504.33,478.1,472.42,522.01,522.01,13.17,57.95,0,,470.56,,,0,,,0,,,,
2017-03-01,503.3,514.13,502.46,505.66,7624002,504.17,479.29,472.42,522.01,522.01,13.31,60.51,0,,474.75,,,0,,,0,,,,
2017-03-02,507.34,511.97,496.11,498.67,7112655,503.97,479.91,472.42,522.01,522.01,13.49,56.61,0,,470.12,,,0,,,0,,,,
2017-03-03,499.61,507.24,498.62,505.17,3965255,503.8,480.72,472.42,522.01,522.01,13.14,59.24,0,,474.55,,,0,,,0,,,,
2017-03-06,506.94,512.95,504.58,510.83,6994407,503.57,481.86,472.42,522.01,522.01,12.8,61.43,0,,478.43,,,0,,,0,,,,
2017-03-07,511.18,512.07,501.58,504.09,6043543,503.33,483.86,472.42,522.01,522.01,12.63,57.47,0,,474.19,,,0,,,0,,,,
2017-03-08,497.0,505.07,492.71,502.46,8850848,503.11,486.0,472.42,522.01,522.01,12.61,56.52,0,,473.15,,,0,,,0,,,,
2017-03-09,501.92,511.72,498.87,508.62,8560015,502.91,488.14,472.42,522.01,522.01,12.63,59.26,0,,477.11,,,0,,,0,,,,
2017-03-10,511.38,512.16,505.27,508.13,5494130,502.68,489.86,472.42,522.01,522.01,12.22,58.94,0,,477.07,,,0,,,0,,,,
2017-03-14,516.99,517.73,501.87,503.2,7975713,502.43,491.11,472.42,522.01,522.01,12.48,55.7,0,,473.72,,,0,,,0,,,,
2017-03-15,506.94,508.03,501.38,503.99,6248549,502.18,492.42,473.95,522.01,522.01,12.06,56.12,0,,475.01,,,0,,,0,,,,
2017-03-16,505.27,509.01,503.59,505.91,5362177,501.96,493.98,492.71,522.01,522.01,11.59,57.17,0,,482.82,,,0,,,0,,,,
2017-03-17,507.53,511.18,503.99,509.36,20296836,501.63,495.34,492.71,522.01,522.01,11.28,59.07,0,,485.26,,,0,,,0,,,,
2017-03-20,510.19,510.44,493.75,495.27,4932998,501.18,496.01,492.71,522.01,522.01,11.66,49.42,0,,475.91,,,0,,,0,,,,
2017-03-21,491.23,492.46,478.73,480.94,11017752,500.62,495.93,478.73,522.01,522.01,12.01,41.91,0,,461.78,,,0,,,0,,,,
2017-03-22,477.69,494.83,476.71,478.13,12685275,500.08,495.51,476.71,522.01,522.01,12.45,40.61,0,,459.0,,,0,,,0,,,,
2017-03-23,480.2,484.59,475.72,480.89,6942275,499.54,495.34,475.72,522.01,522.01,12.19,42.5,0,,460.62,,,0,,,0,,,,
2017-03-24,483.6,488.23,477.54,481.98,5501203,498.87,495.4,475.72,522.01,522.01,12.08,43.27,0,,461.39,,,0,,,0,,,,
2017-03-27,481.04,485.82,476.26,479.81,5384510,498.24,495.46,475.72,519.94,522.01,11.9,42.07,0,,460.11,,,0,,,0,,,,
2017-03-28,484.88,497.39,482.66,495.22,11194711,497.67,495.92,475.72,517.73,519.94,12.31,52.23,0,,469.78,,,0,,,0,,,,
2017-03-29,498.37,505.27,492.56,496.6,12677454,497.09,496.37,475.72,517.73,517.73,12.34,53.03,0,,470.65,,,0,,,0,,,,
2017-03-30,491.43,496.4,487.54,491.73,8454772,496.5,496.78,475.72,517.73,517.73,12.1,49.87,0,,467.67,,,0,,,0,,,,
2017-03-31,492.17,496.11,481.43,483.4,6985211,495.92,496.86,475.72,517.73,517.73,12.29,44.95,0,,462.17,,,0,,,0,,,,
2017-04-03,488.23,496.11,483.95,493.06,5755303,495.38,497.11,475.72,517.73,517.73,12.32,50.99,0,,468.38,,,0,,,0,,,,
2017-04-05,496.26,502.86,491.33,500.64,6595144,494.88,497.74,475.72,517.73,517.73,12.26,55.15,0,,473.31,,,0,,,0,,,,
2017-04-06,500.05,509.85,497.54,501.03,9928098,494.37,498.65,475.72,517.73,517.73,12.27,55.36,0,,473.56,,,0,,,0,,,,
2017-04-07,499.36,507.14,494.93,496.6,5019268,493.83,498.64,475.72,517.73,517.73,12.26,52.36,0,,470.71,,,0,,,0,,,,
2017-04-10,497.04,505.27,495.76,503.05,5986936,493.32,498.16,475.72,517.73,517.73,12.06,56.09,0,,475.0,,,0,,,0,,,,
2017-04-11,501.92,508.81,500.44,507.29,7406691,492.82,497.73,475.72,517.73,517.73,11.8,58.4,0,,477.91,,,0,,,0,,,,
2017-04-12,507.53,512.56,495.67,498.37,6161411,492.22,497.64,475.72,512.56,517.73,12.16,52.19,0,,471.91,,,0,,,0,,,,
2017-04-13,498.97,503.64,495.32,499.9,6216374,491.64,497.67,475.72,512.56,512.56,11.89,53.11,0,,473.08,,,0,,,0,,,,
2017-04-17,497.93,501.38,493.7,494.78,4070932,491.0,497.3,476.26,512.56,512.56,11.59,49.66,0,,470.16,,,0,,,0,,,,
2017-04-18,497.39,501.28,490.49,492.12,5450454,490.11,497.09,476.26,512.56,512.56,11.53,47.92,0,,468.48,,,0,,,0,,,,
2017-04-19,490.74,493.89,480.89,491.97,7447021,489.28,496.65,480.89,512.56,512.56,11.64,47.82,0,,469.86,,,0,,,0,,,,
2017-04-20,488.67,496.8,479.66,480.65,8153829,488.35,495.64,479.66,512.56,512.56,12.03,40.78,0,,461.89,,,0,,,0,,,,
2017-04-21,484.59,489.51,476.02,478.92,10301245,487.52,494.8,476.02,512.56,512.56,12.13,39.82,0,,459.49,,,0,,,0,,,,
2017-04-24,480.6,496.01,473.75,491.14,14182302,486.91,494.42,473.75,512.56,512.56,12.86,48.99,0,,466.13,,,0,,,0,,,,
2017-04-25,493.45,512.31,487.64,508.62,13778124,486.35,494.42,473.75,512.56,512.56,13.7,58.7,0,,476.84,,,0,,,0,,,,
2017-04-26,511.67,517.09,500.39,509.36,11516903,485.88,494.46,473.75,517.09,512.56,13.92,59.05,0,,477.18,,,0,,,0,,,,
2017-04-27,516.1,516.1,495.67,498.97,22108735,485.25,494.32,473.75,517.09,517.09,14.38,52.26,0,,470.17,,,0,,,0,,,,
2017-04-28,500.64,507.53,496.9,501.97,9287281,484.69,494.26,473.75,517.09,517.09,14.11,53.91,0,,472.28,,,0,,,0,,,,
2017-05-02,501.82,505.37,494.04,497.93,7539462,484.12,493.99,473.75,517.09,517.09,13.91,51.34,0,,469.81,,,0,,,0,,,,
2017-05-03,499.26,499.7,492.46,493.3,7220815,483.47,493.45,473.75,517.09,517.09,13.44,48.48,0,,467.14,,,0,,,0,,,,
2017-05-04,497.34,513.94,494.43,511.03,15719994,483.0,493.98,473.75,517.09,517.09,13.95,58.09,0,,478.23,,,0,,,0,,,,
2017-05-05,514.13,514.53,494.93,496.9,9440005,482.65,494.51,473.75,517.09,517.09,14.36,50.07,0,,468.85,,,0,,,0,,,,
2017-05-08,501.33,505.96,495.72,503.5,6834456,482.41,495.36,473.75,517.09,517.09,14.06,53.31,0,,473.3,,,0,,,0,,,,
2017-05-09,505.27,513.39,502.86,510.39,7872272,482.26,496.34,473.75,517.09,517.09,13.81,56.49,0,,477.91,,,0,,,0,,,,
2017-05-10,511.18,519.6,507.93,518.42,8812464,482.11,497.56,473.75,519.6,517.09,13.66,59.91,0,,483.19,,,0,,,0,,,,
2017-05-11,517.29,526.54,505.71,509.11,8962710,481.96,498.53,473.75,526.54,519.6,14.17,54.55,0,,476.85,,,0,,,0,,,,
2017-05-12,508.91,509.06,491.68,495.42,9934430,481.71,498.54,473.75,526.54,526.54,14.4,47.79,0,,467.86,,,0,,,0,,,,
2017-05-15,497.39,500.84,490.89,492.56,8806756,481.38,498.4,473.75,526.54,526.54,14.08,46.49,0,,466.23,,,0,,,0,,,,
2017-05-16,494.53,496.9,486.06,493.94,8610492,481.08,498.48,486.06,526.54,526.54,13.85,47.24,0,,471.38,,,0,,,0,,,,
2017-05-17,493.79,499.11,490.99,495.22,6443135,480.87,498.87,486.06,526.54,526.54,13.44,47.96,0,,472.48,,,0,,,0,,,,
2017-05-18,490.49,491.58,482.86,484.59,9227022,480.61,498.59,482.86,526.54,526.54,13.37,42.72,0,,464.6,,,0,,,0,,,,
2017-05-19,488.28,496.26,486.75,494.14,7611430,480.4,498.37,482.86,526.54,526.54,13.24,48.19,0,,470.84,,,0,,,0,,,,
2017-05-22,496.4,499.8,491.97,494.73,4970982,480.21,498.16,482.86,526.54,526.54,12.86,48.52,0,,471.48,,,0,,,0,,,,
2017-05-23,494.68,498.47,487.74,493.06,7549551,480.09,498.04,482.86,526.54,526.54,12.71,47.61,0,,470.51,,,0,,,0,,,,
2017-05-24,495.42,497.39,487.54,491.78,7271148,479.95,497.67,482.86,526.54,526.54,12.5,46.87,0,,469.82,,,0,,,0,,,,
2017-05-25,494.43,502.22,488.38,499.8,9157557,479.87,497.42,482.86,526.54,526.54,12.6,51.86,0,,474.93,,,0,,,0,,,,
2017-05-26,500.34,505.27,497.39,503.74,5995136,479.74,497.6,482.86,526.54,526.54,12.26,54.14,0,,477.69,,,0,,,0,,,,
2017-05-29,504.19,507.24,494.63,499.61,5441466,479.55,497.59,482.86,526.54,526.54,12.29,51.39,0,,475.01,,,0,,,0,,,,
2017-05-30,497.39,509.16,496.06,506.65,4725430,479.38,497.98,482.86,526.54,526.54,12.34,55.53,0,,479.51,,,0,,,0,,,,
2017-05-31,506.25,508.22,501.82,506.3,7263061,479.3,498.46,482.86,526.54,526.54,11.92,55.28,0,,479.57,,,0,,,0,,,,
2017-06-01,504.43,508.17,497.88,501.62,8105813,479.22,498.78,482.86,526.54,526.54,11.8,51.89,0,,476.63,,,0,,,0,,,,
2017-06-02,505.76,505.76,498.72,500.39,4474040,479.08,499.44,482.86,526.54,526.54,11.46,51.0,0,,476.06,,,0,,,0,,,,
2017-06-05,499.7,508.96,499.36,505.91,3858825,479.25,500.34,482.86,526.54,526.54,11.33,54.74,0,,479.71,,,0,,,0,,,,
2017-06-06,506.25,506.65,497.93,502.51,3866339,479.42,500.72,482.86,526.54,526.54,11.14,52.1,0,,477.64,,,0,,,0,,,,
2017-06-07,502.31,507.68,500.44,506.45,3389166,479.6,500.64,482.86,526.54,526.54,10.86,54.82,0,,480.37,,,0,,,0,,,,
2017-06-08,506.25,513.94,503.64,507.98,5980728,479.86,500.6,486.75,513.94,526.54,10.82,55.86,0,,482.68,,,0,,,0,,,,
2017-06-09,507.24,508.57,501.72,505.91,3242063,480.1,500.83,487.54,513.94,513.94,10.54,54.04,0,,481.8,,,0,,,0,,,,
2017-06-12,504.73,505.37,498.37,499.85,2360518,480.31,500.76,487.54,513.94,513.94,10.33,49.0,0,,478.03,,,0,,,0,,,,
2017-06-13,501.33,504.58,497.88,498.82,2181945,480.49,500.79,487.54,513.94,513.94,10.07,48.18,0,,477.54,,,0,,,0,,,,
2017-06-14,501.33,503.2,493.99,501.82,4648343,480.65,501.07,488.38,513.94,513.94,10.01,50.77,0,,479.8,,,0,,,0,,,,
2017-06-15,501.18,501.62,496.4,499.95,3425367,480.76,500.7,493.99,513.94,513.94,9.68,49.12,0,,480.68,,,0,,,0,,,,
2017-06-16,500.0,506.55,499.85,502.76,4999502,480.91,500.9,493.99,513.94,513.94,9.47,51.66,0,,482.63,,,0,,,0,,,,
2017-06-19,503.3,517.43,501.62,512.31,6844723,481.0,501.19,493.99,517.43,513.94,9.92,59.13,0,,488.49,,,0,,,0,,,,
2017-06-20,512.36,513.84,502.81,504.14,4388846,481.08,500.98,493.99,517.43,517.43,10.0,51.76,0,,483.17,,,0,,,0,,,,
2017-06-21,503.35,504.78,499.11,500.1,4346995,481.27,500.37,493.99,517.43,517.43,9.69,48.54,0,,480.77,,,0,,,0,,,,
2017-06-22,501.23,506.7,499.01,500.34,3463745,481.5,500.08,493.99,517.43,517.43,9.55,48.75,0,,481.02,,,0,,,0,,,,
2017-06-23,501.92,502.76,496.06,497.04,3548884,481.7,500.13,493.99,517.43,517.43,9.34,46.04,0,,479.03,,,0,,,0,,,,
2017-06-27,498.37,499.06,477.15,485.42,9842829,481.83,499.9,477.15,517.43,517.43,10.24,38.04,0,,465.32,,,0,,,0,,,,
2017-06-28,486.36,492.81,482.66,484.59,12691859,482.0,499.58,477.15,517.43,517.43,10.23,37.54,0,,464.79,,,0,,,0,,,,
2017-06-29,490.49,506.65,490.2,504.38,11855524,482.27,499.89,477.15,517.43,517.43,11.08,53.34,0,,476.99,,,0,,,0,,,,
2017-06-30,502.91,512.16,500.44,509.55,7600005,482.51,500.72,477.15,517.43,517.43,11.12,56.44,0,,480.29,,,0,,,0,,,,
2017-07-03,509.31,513.94,507.24,509.45,3701949,482.84,501.23,477.15,517.43,517.43,10.81,56.36,0,,480.44,,,0,,,0,,,,
2017-07-04,509.01,509.75,498.92,500.74,4086213,483.08,501.43,477.15,517.43,517.43,10.81,49.9,0,,474.82,,,0,,,0,,,,
2017-07-05,500.1,507.63,500.1,506.16,3154406,483.35,501.87,477.15,517.43,517.43,10.58,53.47,0,,478.47,,,0,,,0,,,,
2017-07-06,508.24,510.08,505.41,506.75,3514758,483.68,502.37,477.15,517.43,517.43,10.15,53.86,0,,479.13,,,0,,,0,,,,
2017-07-07,505.51,506.21,498.55,500.44,3509920,483.93,502.39,477.15,517.43,517.43,10.01,49.16,0,,475.16,,,0,,,0,,,,
2017-07-10,506.35,510.38,503.97,507.2,1238680,484.25,502.5,477.15,517.43,517.43,10.01,53.81,0,,479.52,,,0,,,0,,,,
2017-07-11,509.24,509.64,503.07,504.07,3928279,484.59,502.65,477.15,517.43,517.43,9.76,51.46,0,,477.67,,,0,,,0,,,,
2017-07-12,506.16,507.15,501.48,504.02,5504892,484.92,502.57,477.15,517.43,517.43,9.47,51.42,0,,477.83,,,0,,,0,,,,
2017-07-13,505.26,514.06,505.26,509.14,22231839,485.32,502.66,477.15,517.43,517.43,9.51,55.13,0,,481.1,,,0,,,0,,,,
2017-07-14,511.23,511.73,504.96,510.18,3160157,485.79,502.95,477.15,517.43,517.43,9.32,55.87,0,,481.91,,,0,,,0,,,,
2017-07-17,510.33,511.23,505.76,507.75,3169635,486.22,503.19,477.15,517.43,517.43,9.04,53.65,0,,480.52,,,0,,,0,,,,
2017-07-18,506.25,519.88,505.61,513.76,7864083,486.65,503.45,482.66,519.88,517.43,9.41,58.09,0,,485.99,,,0,,,0,,,,
2017-07-19,515.21,519.14,513.27,517.39,8119092,487.18,503.95,490.2,519.88,519.88,9.16,60.54,0,,491.01,,,0,,,0,,,,
2017-07-20,517.99,541.27,517.89,537.09,16391849,487.79,504.97,498.55,541.27,519.88,10.21,70.61,1,537.09,505.8,505.8,505.8,1,41,2017-07-20,0,,,,
2017-07-21,537.09,539.47,529.38,537.88,5567645,488.3,505.97,498.55,541.27,541.27,10.2,70.93,0,,506.31,,506.31,1,41,2017-07-20,0,,,,
2017-07-24,538.08,543.45,528.53,531.92,4779353,488.71,506.83,498.55,543.45,541.27,10.54,65.16,0,,502.24,,506.31,1,41,2017-07-20,0,,,,
2017-07-25,530.62,544.55,527.09,542.01,8181916,489.22,508.24,498.55,544.55,543.45,11.04,69.66,0,,508.42,,508.42,1,41,2017-07-20,0,,,,
2017-07-26,535.99,541.02,522.57,526.0,12085057,489.66,509.15,498.55,544.55,544.55,11.64,57.07,0,,497.7,,508.42,1,41,2017-07-20,0,,,,
2017-07-27,529.53,532.06,519.18,521.82,12290852,490.1,509.81,498.55,544.55,544.55,11.72,54.31,0,,494.94,,508.42,1,41,2017-07-20,0,,,,
2017-07-28,520.97,526.79,509.24,512.32,8268116,490.51,510.22,501.48,544.55,544.55,12.14,48.56,0,,489.51,,508.42,1,41,2017-07-20,0,,,,
2017-07-31,514.61,518.39,506.65,517.0,7245884,491.02,510.7,501.48,544.55,544.55,12.11,51.29,0,,492.55,,508.42,1,41,2017-07-20,1,508.42,TRAILING_STOP,8,-5.34
2017-08-01,515.41,518.94,511.97,513.76,4562630,491.57,510.75,501.48,544.55,544.55,11.74,49.34,0,,490.71,,,0,,,0,,,,
2017-08-02,515.95,521.22,509.84,514.11,4079631,492.16,511.08,504.96,544.55,544.55,11.72,49.56,0,,492.11,,,0,,,0,,,,
2017-08-03,513.22,513.57,502.08,503.27,4140945,492.64,511.19,502.08,544.55,544.55,11.74,43.2,0,,484.14,,,0,,,0,,,,
2017-08-04,503.27,508.05,501.88,505.36,4972811,493.12,511.35,501.88,544.55,544.55,11.34,44.67,0,,485.69,,,0,,,0,,,,
2017-08-07,506.25,509.04,501.38,503.07,5293884,493.56,511.55,501.38,544.55,544.55,11.08,43.35,0,,484.22,,,0,,,0,,,,
2017-08-08,504.96,508.19,493.37,496.76,8898560,493.92,511.93,493.37,544.55,544.55,11.35,39.83,0,,477.3,,,0,,,0,,,,
2017-08-09,491.78,495.96,482.83,484.32,7169705,494.2,511.92,482.83,544.55,544.55,11.53,33.98,0,,465.64,,,0,,,0,,,,
2017-08-10,482.48,491.48,480.94,482.88,10095387,494.43,511.21,480.94,544.55,544.55,11.46,33.37,0,,464.13,,,0,,,0,,,,
2017-08-11,480.3,490.69,477.41,487.06,9261420,494.71,510.46,477.41,544.55,544.55,11.59,36.92,0,,465.56,,,0,,,0,,,,
2017-08-14,488.35,494.77,487.11,489.1,3983656,494.96,509.78,477.41,544.55,544.55,11.31,38.63,0,,467.06,,,0,,,0,,,,
2017-08-16,490.29,498.85,485.37,496.81,5958229,495.28,509.65,477.41,544.55,544.55,11.47,44.75,0,,471.93,,,0,,,0,,,,
2017-08-17,497.5,500.73,492.33,494.47,3948664,495.61,509.26,477.41,544.55,544.55,11.25,43.34,0,,470.57,,,0,,,0,,,,
2017-08-18,492.63,493.28,487.21,487.76,4166976,495.92,508.62,477.41,544.55,544.55,10.96,39.49,0,,466.43,,,0,,,0,,,,
2017-08-21,489.45,500.69,489.15,492.13,17884400,496.22,508.35,477.41,544.55,544.55,11.1,43.04,0,,469.16,,,0,,,0,,,,
2017-08-22,493.32,504.27,493.32,496.51,6654272,496.54,507.99,477.41,544.55,544.55,11.18,46.43,0,,471.93,,,0,,,0,,,,
2017-08-23,502.28,503.07,497.45,499.94,3288488,496.77,507.85,477.41,541.02,544.55,10.85,48.99,0,,474.37,,,0,,,0,,,,
2017-08-24,500.29,507.75,499.34,504.12,7157375,497.0,507.86,477.41,532.06,541.02,10.67,52.0,0,,477.18,,,0,,,0,,,,
2017-08-28,504.76,510.13,503.47,507.85,3724389,497.19,507.81,477.41,526.79,532.06,10.39,54.57,0,,479.77,,,0,,,0,,,,
2017-08-29,506.65,506.7,498.3,500.88,3266295,497.32,507.5,477.41,521.22,526.79,10.33,49.25,0,,475.32,,,0,,,0,,,,
2017-08-30,503.47,506.75,499.59,501.18,3972126,497.48,507.28,477.41,521.22,521.22,10.1,49.48,0,,475.66,,,0,,,0,,,,
2017-08-31,501.28,502.67,495.86,497.65,4491876,497.84,506.75,477.41,521.22,521.22,9.87,46.81,0,,473.54,,,0,,,0,,,,
2017-09-01,499.29,507.05,495.81,504.81,4569367,498.28,506.33,477.41,513.57,521.22,9.96,52.42,0,,478.1,,,0,,,0,,,,
2017-09-04,503.87,506.25,497.01,499.04,3744616,498.65,505.06,477.41,510.13,513.57,9.91,48.03,0,,474.41,,,0,,,0,,,,
2017-09-05,499.54,503.92,498.8,500.69,3216819,498.94,503.82,485.37,510.13,510.13,9.57,49.33,0,,478.35,,,0,,,0,,,,
2017-09-06,499.29,499.29,488.85,490.19,4947660,499.1,502.43,485.37,510.13,510.13,9.73,42.08,0,,471.47,,,0,,,0,,,,
2017-09-07,491.34,496.31,491.34,493.92,4564617,499.3,500.83,487.21,510.13,510.13,9.47,45.16,0,,474.67,,,0,,,0,,,,
2017-09-08,495.31,495.81,489.2,491.34,3662579,499.51,499.67,487.21,510.13,510.13,9.27,43.44,0,,473.14,,,0,,,0,,,,
2017-09-11,492.68,494.72,489.99,491.24,3590293,499.67,498.65,488.85,510.13,510.13,8.95,43.37,0,,473.84,,,0,,,0,,,,
2017-09-12,492.23,499.49,490.59,493.82,3324949,499.79,498.03,488.85,510.13,510.13,8.94,45.77,0,,475.5,,,0,,,0,,,,
2017-09-13,493.42,502.87,492.38,496.61,4430874,499.88,497.35,488.85,510.13,510.13,9.05,48.32,0,,477.23,,,0,,,0,,,,
2017-09-14,502.28,518.99,499.39,516.95,15168429,500.05,497.46,488.85,518.99,510.13,10.0,62.24,1,516.95,489.71,489.71,489.71,1,42,2017-09-14,0,,,,
2017-09-15,515.16,517.2,508.24,513.37,8942804,500.24,497.44,488.85,518.99,518.99,9.93,59.21,0,,487.45,,489.71,1,42,2017-09-14,0,,,,
2017-09-18,515.85,523.16,515.5,521.72,7337260,500.51,498.05,488.85,523.16,518.99,9.92,63.65,1,521.72,492.85,492.85,492.85,1,42,2017-09-14,0,,,,
2017-09-19,519.18,521.27,514.71,517.94,2386279,500.78,498.47,488.85,523.16,523.16,9.71,60.45,0,,490.55,,492.85,1,42,2017-09-14,0,,,,
2017-09-20,513.96,519.68,513.96,516.65,8297561,501.01,498.92,488.85,523.16,523.16,9.43,59.35,0,,489.9,,492.85,1,42,2017-09-14,0,,,,
2017-09-21,515.21,519.68,502.92,509.79,3103034,501.19,499.36,488.85,523.16,523.16,9.95,53.75,0,,485.13,,492.85,1,42,2017-09-14,0,,,,
2017-09-22,506.65,507.75,500.49,502.57,4546160,501.35,499.97,488.85,523.16,523.16,9.9,48.57,0,,480.5,,492.85,1,42,2017-09-14,1,501.35,SMA150_BREAK,7,-3.02
2017-09-25,501.28,502.28,485.67,498.99,11921527,501.47,500.5,485.67,523.16,523.16,10.4,46.19,0,,476.8,,,0,,,0,,,,
2017-09-26,497.3,515.41,497.3,509.19,5292394,501.62,501.24,485.67,523.16,523.16,10.95,53.22,0,,483.01,,,0,,,0,,,,
2017-09-27,510.63,511.13,497.8,503.57,5300694,501.77,501.72,485.67,523.16,523.16,11.12,49.39,0,,479.28,,,0,,,0,,,,
2017-09-28,505.11,514.46,502.92,509.04,10408979,502.0,502.13,485.67,523.16,523.16,11.15,52.94,0,,482.78,,,0,,,0,,,,
2017-09-29,508.34,514.16,502.38,506.4,11578743,502.07,502.53,485.67,523.16,523.16,11.2,51.08,0,,481.05,,,0,,,0,,,,
2017-10-03,511.23,514.21,501.38,506.9,10712537,502.0,503.17,485.67,523.16,523.16,11.32,51.43,0,,481.3,,,0,,,0,,,,
2017-10-04,504.76,508.24,501.78,503.22,4792373,501.89,503.54,485.67,523.16,523.16,10.97,48.68,0,,479.15,,,0,,,0,,,,
2017-10-05,503.92,505.11,494.77,498.5,9349884,501.87,503.6,485.67,523.16,523.16,10.92,45.33,0,,476.14,,,0,,,0,,,,
2017-10-06,500.29,504.27,498.55,500.64,11343137,501.88,503.63,485.67,523.16,523.16,10.56,47.11,0,,477.77,,,0,,,0,,,,
2017-10-09,500.69,506.06,498.55,503.22,3942277,501.86,503.6,485.67,523.16,523.16,10.34,49.25,0,,479.57,,,0,,,0,,,,
2017-10-10,504.76,512.92,501.38,511.77,4932758,501.95,503.73,485.67,523.16,523.16,10.42,55.65,0,,485.03,,,0,,,0,,,,
2017-10-11,517.1,520.48,506.65,512.97,6188165,502.0,504.13,485.67,523.16,523.16,10.67,56.48,0,,485.64,,,0,,,0,,,,
2017-10-12,513.52,523.11,510.03,522.27,4800917,502.08,504.83,485.67,523.16,523.16,10.84,62.36,0,,491.53,,,0,,,0,,,,
2017-10-13,521.42,531.77,519.68,526.59,6447797,502.23,505.8,485.67,531.77,523.16,10.93,64.74,1,526.59,494.25,494.25,494.25,1,43,2017-10-13,0,,,,
2017-10-16,527.49,528.88,511.43,517.54,7148294,502.33,506.22,485.67,531.77,531.77,11.39,56.65,0,,488.11,,494.25,1,43,2017-10-13,0,,,,
2017-10-17,518.14,523.26,508.24,510.38,9443230,502.34,506.6,494.77,531.77,531.77,11.65,51.2,0,,486.35,,494.25,1,43,2017-10-13,0,,,,
2017-10-18,485.37,486.36,458.41,461.99,49308621,502.03,505.31,458.41,531.77,531.77,14.53,30.11,0,,441.1,,494.25,1,43,2017-10-13,1,502.03,TRAILING_STOP|SMA150_BREAK,4,-4.66
2017-10-19,461.4,462.49,455.53,457.82,3302209,501.73,504.23,455.53,531.77,531.77,13.99,29.0,0,,437.81,,,0,,,0,,,,
2017-10-23,456.18,458.56,445.09,447.52,21127981,501.35,502.68,445.09,531.77,531.77,13.95,26.42,0,,427.71,,,0,,,0,,,,
2017-10-24,449.21,455.33,447.67,449.51,19327721,500.98,501.29,445.09,531.77,531.77,13.52,27.76,0,,429.29,,,0,,,0,,,,
2017-10-25,465.63,473.93,454.19,470.45,37624005,500.72,500.6,445.09,531.77,531.77,14.29,40.12,0,,442.27,,,0,,,0,,,,
2017-10-26,469.45,485.22,468.96,481.69,24936306,500.63,500.19,445.09,531.77,531.77,14.44,45.51,0,,449.43,,,0,,,0,,,,
2017-10-27,482.38,488.75,479.05,483.33,7576778,500.64,499.75,445.09,531.77,531.77,14.1,46.27,0,,450.71,,,0,,,0,,,,
2017-10-30,484.57,486.36,479.0,481.39,4815226,500.66,498.56,445.09,531.77,531.77,13.62,45.46,0,,449.78,,,0,,,0,,,,
2017-10-31,492.33,526.15,490.64,520.33,39655956,500.93,498.8,445.09,531.77,531.77,15.84,60.41,0,,473.42,,,0,,,0,,,,
2017-11-01,522.12,541.07,521.67,532.21,22542766,501.26,499.15,445.09,541.07,531.77,16.19,63.68,1,532.21,480.85,480.85,480.85,1,44,2017-11-01,0,,,,
2017-11-02,531.12,535.1,523.46,529.28,7800191,501.59,499.52,445.09,541.07,541.07,15.87,62.31,0,,479.17,,480.85,1,44,2017-11-01,0,,,,
2017-11-03,532.46,542.76,531.22,537.19,9303981,501.87,500.21,445.09,542.76,541.07,15.69,64.52,0,,484.39,,484.39,1,44,2017-11-01,0,,,,
2017-11-06,536.14,538.63,527.89,531.62,8013536,502.11,500.94,445.09,542.76,542.76,15.34,61.77,0,,481.03,,484.39,1,44,2017-11-01,0,,,,
2017-11-07,532.61,536.49,520.18,524.31,9642624,502.32,501.66,445.09,542.76,542.76,15.41,58.26,0,,476.27,,484.39,1,44,2017-11-01,0,,,,
2017-11-08,534.8,548.92,530.72,541.91,19642327,502.71,503.09,445.09,548.92,542.76,16.07,63.62,0,,487.18,,487.18,1,44,2017-11-01,0,,,,
2017-11-09,545.99,552.45,530.13,537.49,11290503,503.01,504.04,445.09,552.45,548.92,16.51,61.49,0,,484.04,,487.18,1,44,2017-11-01,0,,,,
2017-11-10,532.06,545.99,529.58,541.86,9869691,503.28,505.31,445.09,552.45,552.45,16.51,62.82,0,,486.86,,487.18,1,44,2017-11-01,0,,,,
2017-11-13,554.0,561.51,531.17,534.45,21701958,503.51,506.16,447.67,561.51,552.45,17.49,59.09,0,,482.28,,487.18,1,44,2017-11-01,0,,,,
2017-11-14,534.45,546.98,529.73,542.71,10644657,503.81,507.37,454.19,561.51,561.51,17.48,61.81,0,,489.79,,489.79,1,44,2017-11-01,0,,,,
2017-11-15,543.55,548.43,534.2,539.08,7814066,504.05,508.44,468.96,561.51,561.51,17.25,59.92,0,,492.53,,492.53,1,44,2017-11-01,0,,,,
2017-11-16,541.07,545.54,538.28,539.67,5176117,504.27,509.66,479.0,561.51,561.51,16.53,60.14,0,,496.73,,496.73,1,44,2017-11-01,0,,,,
2017-11-17,547.03,554.39,537.63,539.47,4373503,504.54,511.02,479.0,561.51,561.51,16.55,60.02,0,,496.59,,496.73,1,44,2017-11-01,0,,,,
2017-11-20,539.33,544.55,533.86,542.21,3458524,504.83,512.41,490.64,561.51,561.51,16.13,61.13,0,,502.52,,502.52,1,44,2017-11-01,0,,,,
2017-11-21,544.05,545.94,536.24,543.85,5770768,505.15,513.76,520.18,561.51,561.51,15.67,61.81,0,,513.73,,513.73,1,44,2017-11-01,0,,,,
2017-11-22,543.6,544.05,536.09,537.58,4536211,505.46,514.62,520.18,561.51,561.51,15.12,57.64,0,,510.05,,513.73,1,44,2017-11-01,0,,,,
2017-11-23,539.47,544.85,532.66,541.22,10724159,505.78,515.56,520.18,561.51,561.51,14.91,59.36,0,,512.54,,513.73,1,44,2017-11-01,0,,,,
2017-11-24,542.01,544.75,538.13,542.56,3947490,506.2,516.24,520.18,561.51,561.51,14.32,60.0,0,,513.8,,513.8,1,44,2017-11-01,0,,,,
2017-11-27,541.17,558.82,538.03,556.38,9301318,506.71,517.23,520.18,561.51,561.51,14.78,65.97,0,,522.4,,522.4,1,44,2017-11-01,0,,,,
2017-11-28,556.48,562.85,554.99,559.52,10113136,507.17,518.63,529.58,562.85,561.51,14.29,67.17,0,,527.89,,527.89,1,44,2017-11-01,0,,,,
2017-11-29,557.53,559.17,543.85,546.54,6387037,507.42,519.84,529.58,562.85,562.85,14.39,58.06,0,,519.45,,527.89,1,44,2017-11-01,0,,,,
2017-11-30,544.2,544.55,531.27,532.51,19370807,507.58,522.19,529.58,562.85,562.85,14.45,50.15,0,,510.36,,527.89,1,44,2017-11-01,0,,,,
2017-12-01,536.49,536.99,529.03,530.97,7138045,507.79,524.63,529.03,562.85,562.85,13.98,49.35,0,,509.5,,527.89,1,44,2017-11-01,0,,,,
2017-12-04,533.31,537.93,526.79,532.06,4181453,507.99,527.45,526.79,562.85,562.85,13.78,49.96,0,,509.59,,527.89,1,44,2017-11-01,1,527.89,TRAILING_STOP,24,-0.81
2017-12-05,532.11,534.95,527.89,530.27,6167602,508.21,530.14,526.79,562.85,562.85,13.3,48.93,0,,508.75,,,0,,,0,,,,
2017-12-06,529.33,531.62,526.35,527.64,4234770,508.43,532.04,526.35,562.85,562.85,12.73,47.38,0,,507.29,,,0,,,0,,,,
2017-12-07,530.03,535.1,526.25,531.17,3528298,508.57,533.69,526.25,562.85,562.85,12.45,49.68,0,,509.72,,,0,,,0,,,,
2017-12-08,533.81,541.56,533.71,539.57,6007380,508.85,535.57,526.25,562.85,562.85,12.3,54.76,0,,515.24,,,0,,,0,,,,
2017-12-11,547.03,549.27,539.77,542.16,5326031,509.11,537.59,526.25,562.85,562.85,12.12,56.22,0,,517.03,,,0,,,0,,,,
2017-12-12,541.07,541.07,532.21,535.7,5232189,509.28,538.11,526.25,562.85,562.85,11.96,51.72,0,,512.97,,,0,,,0,,,,
2017-12-13,535.1,540.07,530.18,532.86,4163419,509.38,538.13,526.25,562.85,562.85,11.81,49.83,0,,511.23,,,0,,,0,,,,
2017-12-14,534.1,540.47,531.87,538.53,3558224,509.57,538.44,526.25,562.85,562.85,11.59,53.49,0,,515.05,,,0,,,0,,,,
2017-12-15,549.22,549.42,540.12,544.99,6059220,509.9,538.7,526.25,562.85,562.85,11.54,57.3,0,,519.24,,,0,,,0,,,,
2017-12-18,535.05,550.81,527.14,545.69,5889302,510.26,539.16,526.25,562.85,562.85,12.4,57.71,0,,519.12,,,0,,,0,,,,
2017-12-19,546.29,553.0,542.46,550.66,4325512,510.64,540.04,526.25,562.85,562.85,12.27,60.57,0,,522.41,,,0,,,0,,,,
2017-12-20,550.51,554.79,545.64,551.51,3534649,511.01,540.36,526.25,562.85,562.85,12.05,61.05,0,,523.11,,,0,,,0,,,,
2017-12-21,548.82,553.95,542.11,545.99,5781370,511.42,540.65,526.25,562.85,562.85,12.03,56.22,0,,519.56,,,0,,,0,,,,
2017-12-22,546.93,551.81,544.15,550.61,3075576,511.8,540.94,526.25,562.85,562.85,11.72,59.13,0,,522.75,,,0,,,0,,,,
2017-12-26,552.01,554.24,547.33,552.01,3272086,512.18,541.52,526.25,562.85,562.85,11.38,60.0,0,,523.88,,,0,,,0,,,,
2017-12-27,551.01,557.63,548.03,551.61,4163259,512.57,541.82,526.25,559.17,562.85,11.25,59.61,0,,523.71,,,0,,,0,,,,
2017-12-28,543.2,551.21,541.07,543.9,8433564,512.92,541.98,526.25,557.63,559.17,11.2,52.52,0,,518.77,,,0,,,0,,,,
2017-12-29,545.24,564.79,544.05,560.91,8363189,513.32,542.69,527.14,564.79,557.63,11.89,62.98,1,560.91,529.57,529.57,529.57,1,45,2017-12-29,0,,,,
2018-01-01,560.76,566.73,557.48,562.45,6943234,513.71,543.45,527.14,566.73,564.79,11.7,63.76,0,,530.69,,530.69,1,45,2017-12-29,0,,,,
2018-01-02,563.94,565.53,553.35,556.48,6292268,514.09,543.93,527.14,566.73,566.73,11.74,58.61,0,,526.82,,530.69,1,45,2017-12-29,0,,,,
2018-01-03,558.27,562.4,552.75,557.43,3990149,514.43,544.38,527.14,566.73,566.73,11.59,59.18,0,,527.53,,530.69,1,45,2017-12-29,0,,,,
2018-01-04,561.8,561.95,554.99,556.88,2766664,514.77,545.03,527.14,566.73,566.73,11.26,58.68,0,,527.4,,530.69,1,45,2017-12-29,0,,,,
2018-01-05,558.02,562.95,553.7,560.21,3249056,515.16,545.66,527.14,566.73,566.73,11.11,60.83,0,,529.64,,530.69,1,45,2017-12-29,0,,,,
2018-01-08,562.75,564.94,559.42,562.4,3770339,515.57,546.32,527.14,566.73,566.73,10.71,62.23,0,,531.32,,531.32,1,45,2017-12-29,0,,,,
2018-01-09,560.96,569.91,559.96,562.25,4607504,515.95,546.52,541.07,569.91,566.73,10.66,62.07,0,,535.9,,535.9,1,45,2017-12-29,0,,,,
2018-01-10,563.1,563.64,557.43,559.76,2411625,516.33,546.52,541.07,569.91,569.91,10.34,59.29,0,,534.51,,535.9,1,45,2017-12-29,0,,,,
2018-01-11,558.97,560.11,550.56,555.74,2825921,516.66,546.83,541.07,569.91,569.91,10.28,55.01,0,,531.95,,535.9,1,45,2017-12-29,0,,,,
2018-01-12,557.18,560.36,549.52,552.11,6013121,516.95,547.48,541.07,569.91,569.91,10.32,51.4,0,,529.58,,535.9,1,45,2017-12-29,0,,,,
2018-01-15,553.7,561.41,553.4,557.53,3943472,517.3,548.37,541.07,569.91,569.91,10.25,56.04,0,,533.13,,535.9,1,45,2017-12-29,0,,,,
2018-01-16,559.91,563.84,552.8,560.16,5993564,517.7,549.31,541.07,569.91,569.91,10.31,58.13,0,,534.79,,535.9,1,45,2017-12-29,0,,,,
2018-01-17,561.01,586.12,557.97,582.04,8453944,518.25,551.03,541.07,586.12,569.91,11.58,70.62,1,582.04,548.05,548.05,548.05,1,45,2017-12-29,0,,,,
2018-01-18,592.79,593.93,575.48,581.65,9466991,518.79,552.83,544.05,593.93,586.12,12.07,70.22,0,,548.47,,548.47,1,45,2017-12-29,0,,,,
2018-01-19,581.75,590.8,578.07,587.07,3897048,519.37,554.7,549.52,593.93,593.93,12.12,72.56,0,,553.75,,553.75,1,45,2017-12-29,0,,,,
2018-01-22,592.74,618.4,580.0,608.25,21790443,520.07,556.98,549.52,618.4,593.93,14.0,79.38,1,608.25,566.16,566.16,566.16,1,45,2017-12-29,0,,,,
2018-01-23,613.08,624.22,608.15,616.76,14286343,520.77,559.47,549.52,624.22,618.4,14.14,81.38,0,,571.55,,571.55,1,45,2017-12-29,0,,,,
2018-01-24,618.55,618.55,603.03,604.67,6158610,521.44,561.77,549.52,624.22,624.22,14.24,70.86,0,,563.69,,571.55,1,45,2017-12-29,0,,,,
2018-01-25,606.71,615.91,595.37,612.78,6749846,522.19,564.43,549.52,624.22,624.22,14.69,73.35,0,,568.62,,571.55,1,45,2017-12-29,0,,,,
2018-01-29,611.24,617.55,600.39,602.28,7017160,522.87,566.56,549.52,624.22,624.22,14.87,65.54,0,,561.73,,571.55,1,45,2017-12-29,0,,,,
2018-01-30,602.33,604.17,589.25,590.55,6447963,523.49,568.08,549.52,624.22,624.22,14.87,58.1,0,,554.16,,571.55,1,45,2017-12-29,0,,,,
2018-01-31,586.12,592.79,583.98,590.4,7108060,524.19,569.57,549.52,624.22,624.22,14.44,58.01,0,,554.35,,571.55,1,45,2017-12-29,0,,,,
2018-02-01,590.4,606.71,582.94,589.6,7839731,524.89,570.87,549.52,624.22,624.22,15.11,57.49,0,,553.39,,571.55,1,45,2017-12-29,0,,,,
2018-02-02,584.63,584.63,558.27,561.85,6185174,525.27,571.21,549.52,624.22,624.22,16.27,43.17,0,,534.72,,571.55,1,45,2017-12-29,1,571.55,TRAILING_STOP,25,1.9
2018-02-05,548.13,565.58,544.55,563.2,9318595,525.63,571.78,544.55,624.22,624.22,16.61,43.9,0,,533.71,,,0,,,0,,,,
2018-02-06,540.07,573.94,531.12,560.66,13938327,525.97,572.12,531.12,624.22,624.22,18.48,42.78,0,,526.35,,,0,,,0,,,,
2018-02-07,564.94,571.55,553.0,556.33,7679830,526.34,572.26,531.12,624.22,624.22,18.48,40.87,0,,523.55,,,0,,,0,,,,
2018-02-08,559.76,573.79,556.68,565.38,5816886,526.74,572.72,531.12,624.22,624.22,18.41,46.27,0,,529.44,,,0,,,0,,,,
2018-02-09,556.88,558.92,547.43,554.54,5865587,527.06,573.08,531.12,624.22,624.22,18.38,41.39,0,,522.47,,,0,,,0,,,,
2018-02-12,560.66,564.94,557.33,561.16,4765319,527.46,573.09,531.12,624.22,624.22,17.81,45.19,0,,527.12,,,0,,,0,,,,
2018-02-14,561.95,562.8,537.19,540.97,6478108,527.69,572.37,531.12,624.22,624.22,18.36,37.26,0,,513.72,,,0,,,0,,,,
2018-02-15,531.87,551.81,528.48,540.77,11593643,527.93,571.85,528.48,624.22,624.22,18.72,37.19,0,,512.48,,,0,,,0,,,,
2018-02-16,544.1,545.64,532.11,534.95,3910503,528.14,571.1,528.48,624.22,624.22,18.35,35.13,0,,508.97,,,0,,,0,,,,
2018-02-19,534.95,542.01,524.66,537.63,4251723,528.33,570.45,524.66,624.22,624.22,18.28,36.87,0,,509.47,,,0,,,0,,,,
2018-02-20,539.08,545.09,526.54,528.83,3395183,528.45,569.41,524.66,624.22,624.22,18.3,33.69,0,,503.78,,,0,,,0,,,,
2018-02-21,531.12,535.6,521.57,532.91,4638382,528.62,568.43,521.57,624.22,624.22,17.99,36.42,0,,505.59,,,0,,,0,,,,
2018-02-22,530.13,530.87,524.66,527.39,7808359,528.71,567.26,521.57,618.55,624.22,17.3,34.36,0,,502.49,,,0,,,0,,,,
2018-02-23,524.16,535.99,522.72,533.76,3888629,528.82,566.4,521.57,617.55,618.55,17.01,38.68,0,,506.79,,,0,,,0,,,,
2018-02-26,538.18,551.41,536.09,549.32,5297794,528.9,566.18,521.57,617.55,617.55,17.05,47.74,0,,516.8,,,0,,,0,,,,
2018-02-27,548.62,548.62,533.26,535.5,4136383,528.89,565.63,521.57,606.71,617.55,16.98,41.83,0,,507.93,,,0,,,0,,,,
2018-02-28,531.12,533.61,517.2,525.9,6626661,528.85,564.58,517.2,606.71,606.71,17.08,38.28,0,,500.22,,,0,,,0,,,,
2018-03-01,521.17,532.66,519.18,522.91,9827510,528.72,563.33,517.2,606.71,606.71,16.82,37.23,0,,498.46,,,0,,,0,,,,
2018-03-05,521.17,526.1,518.49,521.72,6766199,528.69,561.32,517.2,584.63,606.71,16.16,36.79,0,,498.13,,,0,,,0,,,,
2018-03-06,523.16,527.79,508.44,514.56,12240160,528.64,559.09,508.44,573.94,584.63,16.39,34.2,0,,490.44,,,0,,,0,,,,
2018-03-07,508.14,515.11,504.81,509.89,10428057,528.63,556.51,504.81,573.94,573.94,15.96,32.58,0,,486.51,,,0,,,0,,,,
2018-03-08,515.65,521.12,504.71,517.74,8483978,528.63,553.5,504.71,573.79,573.94,15.99,37.89,0,,491.52,,,0,,,0,,,,
2018-03-09,519.63,519.73,500.29,502.62,4955525,528.56,549.69,500.29,573.79,573.79,16.23,32.57,0,,480.13,,,0,,,0,,,,
2018-03-12,507.85,519.14,502.57,516.4,5283334,528.57,546.75,500.29,564.94,573.79,16.26,40.73,0,,489.0,,,0,,,0,,,,
2018-03-13,514.31,532.06,511.87,528.63,7846232,528.74,543.95,500.29,564.94,564.94,16.54,46.88,0,,496.7,,,0,,,0,,,,
2018-03-14,526.1,535.1,519.68,533.26,4976540,528.93,541.64,500.29,562.8,564.94,16.46,49.04,0,,499.74,,,0,,,0,,,,
2018-03-15,532.31,536.29,525.4,526.79,3932830,529.08,539.52,500.29,551.81,562.8,16.06,46.22,0,,495.84,,,0,,,0,,,,
2018-03-16,528.04,530.03,517.69,519.78,12146623,529.24,537.16,500.29,551.41,551.81,15.8,43.31,0,,491.49,,,0,,,0,,,,
2018-03-19,519.78,523.16,514.26,516.65,4656613,529.45,534.73,500.29,551.41,551.41,15.3,42.04,0,,489.8,,,0,,,0,,,,
2018-03-20,506.25,522.17,506.25,518.29,5398111,529.69,533.28,500.29,551.41,551.41,15.35,42.98,0,,490.83,,,0,,,0,,,,
2018-03-21,520.18,529.63,519.68,523.46,5518826,529.93,531.96,500.29,551.41,551.41,15.06,45.97,0,,494.35,,,0,,,0,,,,
2018-03-22,519.78,523.06,513.96,515.41,7194256,530.11,530.45,500.29,551.41,551.41,14.66,42.26,0,,489.43,,,0,,,0,,,,
2018-03-23,506.75,507.5,493.32,496.81,29385110,530.11,528.46,493.32,551.41,551.41,15.19,35.18,0,,474.75,,,0,,,0,,,,
2018-03-26,496.31,506.55,492.53,504.56,9498614,530.18,526.44,492.53,551.41,551.41,15.11,39.71,0,,479.54,,,0,,,0,,,,
2018-03-27,509.54,519.73,506.3,509.44,6423140,530.32,524.93,492.53,548.62,551.41,15.11,42.44,0,,482.69,,,0,,,0,,,,
2018-03-28,510.13,510.13,498.89,507.75,10980960,530.42,523.15,492.53,536.29,548.62,14.84,41.73,0,,481.78,,,0,,,0,,,,
2018-04-02,504.02,505.76,489.55,496.36,7120498,530.42,521.67,489.55,536.29,536.29,15.08,37.25,0,,473.28,,,0,,,0,,,,
2018-04-03,491.34,503.27,491.04,498.85,6053789,530.42,520.27,489.55,536.29,536.29,14.87,38.8,0,,475.03,,,0,,,0,,,,
2018-04-04,501.78,501.78,487.61,489.6,6047813,530.32,518.76,487.61,536.29,536.29,14.82,35.31,0,,468.45,,,0,,,0,,,,
2018-04-05,495.71,501.93,492.53,500.39,6682587,530.27,517.52,487.61,536.29,536.29,14.65,41.87,0,,475.52,,,0,,,0,,,,
2018-04-06,500.24,500.24,492.53,497.5,3812133,530.25,516.47,487.61,536.29,536.29,14.16,40.68,0,,473.98,,,0,,,0,,,,
2018-04-09,499.49,519.18,498.5,516.5,8708770,530.35,515.92,487.61,536.29,536.29,14.7,50.62,0,,485.88,,,0,,,0,,,,
2018-04-10,520.18,546.74,518.59,543.2,21689156,530.65,516.45,487.61,546.74,536.29,15.81,60.61,1,543.2,502.36,502.36,502.36,1,46,2018-04-10,0,,,,
2018-04-11,547.13,548.03,531.12,536.89,9261807,530.87,516.56,487.61,548.03,546.74,15.89,57.64,0,,498.24,,502.36,1,46,2018-04-10,0,,,,
2018-04-12,534.4,547.03,531.97,545.79,8021652,531.18,516.44,487.61,548.03,548.03,15.83,60.57,0,,504.02,,504.02,1,46,2018-04-10,0,,,,
2018-04-13,547.03,552.55,532.86,539.62,8788919,531.44,516.58,487.61,552.55,548.03,16.1,57.6,0,,499.86,,504.02,1,46,2018-04-10,0,,,,
2018-04-16,538.58,540.87,527.49,539.47,6418203,531.77,517.03,487.61,552.55,552.55,15.91,57.52,0,,499.89,,504.02,1,46,2018-04-10,1,531.77,SMA150_BREAK,5,-2.1
2018-04-17,542.01,542.01,527.39,529.53,5541004,532.0,517.25,487.61,552.55,552.55,15.82,52.69,0,,493.54,,,0,,,0,,,,
2018-04-18,532.61,532.61,513.71,515.45,7131174,532.16,517.04,487.61,552.55,552.55,16.04,46.71,0,,484.31,,,0,,,0,,,,
2018-04-19,518.19,518.64,506.35,510.13,10559623,532.29,516.89,487.61,552.55,552.55,15.77,44.64,0,,481.06,,,0,,,0,,,,
2018-04-20,510.73,511.08,500.29,502.97,4437940,532.35,516.66,487.61,552.55,552.55,15.41,41.96,0,,476.68,,,0,,,0,,,,
2018-04-23,505.66,508.44,497.3,503.47,4766412,532.4,516.19,487.61,552.55,552.55,15.11,42.22,0,,477.2,,,0,,,0,,,,
2018-04-24,503.27,511.97,500.64,502.13,4564259,532.3,516.17,487.61,552.55,552.55,14.84,41.68,0,,476.52,,,0,,,0,,,,
2018-04-25,503.27,503.27,493.62,495.71,4608455,532.18,515.48,492.53,552.55,552.55,14.47,39.09,0,,474.26,,,0,,,0,,,,
2018-04-26,494.07,498.35,480.69,491.09,14919977,531.98,514.23,480.69,552.55,552.55,14.7,37.29,0,,467.19,,,0,,,0,,,,
2018-04-27,478.65,540.17,478.65,536.29,58859461,532.1,514.33,478.65,552.55,552.55,18.04,57.74,0,,493.43,,,0,,,0,,,,
2018-04-30,532.91,533.21,510.63,514.51,18357008,532.08,513.92,478.65,552.55,552.55,18.59,49.38,0,,479.02,,,0,,,0,,,,
2018-05-02,515.7,525.1,512.62,520.93,25195767,532.16,513.96,478.65,552.55,552.55,18.15,51.61,0,,483.45,,,0,,,0,,,,
2018-05-03,519.18,535.89,519.18,530.52,12001916,532.34,514.42,478.65,552.55,552.55,18.05,54.8,0,,489.7,,,0,,,0,,,,
2018-05-04,531.02,531.02,516.25,517.49,5929870,532.47,514.39,478.65,552.55,552.55,17.81,49.98,0,,481.46,,,0,,,0,,,,
2018-05-07,520.93,535.0,520.18,533.21,6792091,532.63,514.72,478.65,552.55,552.55,17.79,55.11,0,,491.61,,,0,,,0,,,,
2018-05-08,533.76,544.55,530.57,539.33,12028184,532.87,515.52,478.65,552.55,552.55,17.52,56.96,0,,495.74,,,0,,,0,,,,
2018-05-09,540.17,546.69,534.15,545.54,7556830,533.11,517.14,478.65,552.55,552.55,17.16,58.82,0,,499.98,,,0,,,0,,,,
2018-05-10,545.54,551.01,540.02,544.7,11415139,533.37,518.48,478.65,552.55,552.55,16.72,58.45,0,,499.73,,,0,,,0,,,,
2018-05-11,545.64,553.5,542.56,550.32,4960854,533.65,519.84,478.65,553.5,552.55,16.31,60.24,0,,503.63,,,0,,,0,,,,
2018-05-14,548.23,555.89,544.6,548.92,4999526,533.96,521.21,478.65,555.89,553.5,15.95,59.55,0,,502.97,,,0,,,0,,,,
2018-05-15,545.04,560.46,544.4,546.74,6752759,534.28,522.89,478.65,560.46,555.89,15.96,58.44,0,,501.56,,,0,,,0,,,,
2018-05-16,542.06,549.77,538.13,547.03,9929095,534.59,524.5,478.65,560.46,560.46,15.65,58.55,0,,501.95,,,0,,,0,,,,
2018-05-17,547.03,550.02,533.61,536.54,8551787,534.81,526.06,478.65,560.46,560.46,15.7,53.0,0,,495.15,,,0,,,0,,,,
2018-05-18,533.9,537.78,525.65,530.03,7343619,534.93,527.05,478.65,560.46,560.46,15.45,49.85,0,,491.12,,,0,,,0,,,,
2018-05-21,532.11,534.9,519.04,524.01,4258800,535.01,527.94,510.63,560.46,560.46,15.48,47.06,0,,497.88,,,0,,,0,,,,
2018-05-22,525.55,530.62,517.84,520.48,4711540,535.0,528.07,512.62,560.46,560.46,15.29,45.45,0,,496.39,,,0,,,0,,,,
2018-05-23,519.18,525.35,516.6,517.44,4426060,534.93,527.21,516.25,560.46,560.46,14.82,44.06,0,,495.95,,,0,,,0,,,,
2018-05-24,518.89,534.1,518.29,531.57,5188026,535.03,527.03,516.25,560.46,560.46,14.95,51.51,0,,504.98,,,0,,,0,,,,
2018-05-25,532.71,540.57,529.63,535.6,4588810,535.2,526.69,516.6,560.46,560.46,14.66,53.41,0,,507.89,,,0,,,0,,,,
2018-05-28,538.78,545.04,538.03,543.2,5611936,535.74,526.81,516.6,560.46,560.46,14.29,56.85,0,,513.04,,,0,,,0,,,,
2018-05-29,544.05,546.93,540.27,544.8,8015443,536.32,526.99,516.6,560.46,560.46,13.75,57.56,0,,514.43,,,0,,,0,,,,
2018-05-30,540.82,541.76,532.16,538.73,5919369,536.93,527.3,516.6,560.46,560.46,13.67,53.93,0,,510.57,,,0,,,0,,,,
2018-05-31,540.07,548.82,529.38,542.96,15652651,537.55,528.21,516.6,560.46,560.46,14.08,56.02,0,,513.02,,,0,,,0,,,,
2018-06-01,540.07,541.36,529.98,533.76,4061137,537.97,529.0,516.6,560.46,560.46,14.0,50.65,0,,507.14,,,0,,,0,,,,
2018-06-04,536.64,539.03,528.38,534.15,4291186,538.32,530.04,516.6,560.46,560.46,13.76,50.87,0,,507.55,,,0,,,0,,,,
2018-06-05,531.77,533.11,521.42,528.04,5088506,538.62,530.86,516.6,560.46,560.46,13.69,47.39,0,,503.66,,,0,,,0,,,,
2018-06-06,527.14,530.92,523.76,528.53,5281259,538.93,531.74,516.6,560.46,560.46,13.22,47.7,0,,504.29,,,0,,,0,,,,
2018-06-07,530.92,547.03,529.28,539.47,6932191,539.06,533.2,516.6,560.46,560.46,13.6,54.17,0,,511.09,,,0,,,0,,,,
2018-06-08,538.13,538.98,532.56,534.5,4627913,539.08,534.64,516.6,560.46,560.46,13.12,51.08,0,,508.21,,,0,,,0,,,,
2018-06-11,536.89,539.67,527.49,537.04,4095873,539.13,534.67,516.6,560.46,560.46,13.05,52.57,0,,509.89,,,0,,,0,,,,
2018-06-12,540.57,541.56,532.91,534.25,3320721,539.11,535.33,516.6,550.02,560.46,12.74,50.74,0,,508.3,,,0,,,0,,,,
2018-06-13,536.89,548.82,533.95,537.73,5924906,539.15,535.89,518.29,550.02,550.02,12.89,52.94,0,,511.01,,,0,,,0,,,,
2018-06-14,536.89,536.89,528.14,529.13,3736633,539.18,535.84,521.42,548.82,550.02,12.66,47.32,0,,506.66,,,0,,,0,,,,
2018-06-15,524.95,531.77,513.32,525.9,7854953,539.07,536.12,513.32,548.82,548.82,13.07,45.37,0,,501.6,,,0,,,0,,,,
2018-06-18,527.39,528.14,518.64,519.73,3711213,538.96,535.67,513.32,548.82,548.82,12.81,41.83,0,,497.79,,,0,,,0,,,,
2018-06-19,519.33,521.57,511.63,514.41,6483110,538.77,534.84,511.63,548.82,548.82,12.61,39.0,0,,493.93,,,0,,,0,,,,
2018-06-20,517.94,524.56,514.36,516.3,4555002,538.65,533.87,511.63,548.82,548.82,12.44,40.54,0,,495.27,,,0,,,0,,,,
2018-06-21,518.44,519.18,508.34,510.28,4856050,538.44,532.72,508.34,548.82,548.82,12.32,37.31,0,,490.36,,,0,,,0,,,,
2018-06-22,510.23,524.95,507.8,522.82,5932446,538.33,531.8,507.8,548.82,548.82,12.67,46.81,0,,498.04,,,0,,,0,,,,
2018-06-25,517.54,520.53,510.33,512.42,4882240,538.15,530.59,507.8,548.82,548.82,12.65,41.23,0,,491.34,,,0,,,0,,,,
2018-06-26,513.71,515.9,509.29,511.43,4505122,537.96,529.41,507.8,548.82,548.82,12.22,40.73,0,,490.99,,,0,,,0,,,,
2018-06-27,513.22,513.22,498.89,505.11,5659070,537.71,528.01,498.89,548.82,548.82,12.37,37.61,0,,483.84,,,0,,,0,,,,
2018-06-28,505.26,510.73,498.1,501.88,4854274,537.43,526.86,498.1,548.82,548.82,12.39,36.09,0,,481.48,,,0,,,0,,,,
2018-06-29,503.07,511.73,496.06,508.05,7747444,537.23,526.12,496.06,548.82,548.82,12.63,41.0,0,,484.63,,,0,,,0,,,,
2018-07-02,508.0,511.03,500.29,509.49,6799910,537.02,525.64,496.06,548.82,548.82,12.49,42.12,0,,485.65,,,0,,,0,,,,
2018-07-03,510.13,517.1,506.5,508.79,6658467,536.8,525.25,496.06,548.82,548.82,12.36,41.7,0,,485.29,,,0,,,0,,,,
2018-07-04,509.19,513.47,504.91,511.97,3893493,536.5,525.07,496.06,548.82,548.82,12.09,44.38,0,,487.52,,,0,,,0,,,,
2018-07-05,511.23,515.06,506.25,508.24,2692462,536.16,524.29,496.06,548.82,548.82,11.85,41.95,0,,485.27,,,0,,,0,,,,
2018-07-06,510.23,514.11,506.75,510.93,2706424,535.92,523.47,496.06,548.82,548.82,11.53,44.32,0,,487.22,,,0,,,0,,,,
2018-07-09,512.32,526.45,512.32,522.42,6295104,535.86,522.78,496.06,548.82,548.82,11.82,53.11,0,,494.44,,,0,,,0,,,,
2018-07-10,525.1,532.02,519.18,529.68,5281760,535.85,522.27,496.06,548.82,548.82,11.89,57.66,0,,499.07,,,0,,,0,,,,
2018-07-11,529.53,539.42,527.94,533.66,6432494,535.86,522.1,496.06,539.42,548.82,11.86,59.96,0,,501.66,,,0,,,0,,,,
2018-07-12,536.79,542.76,532.41,535.45,4128221,535.89,521.85,496.06,542.76,539.42,11.75,60.98,0,,502.88,,,0,,,0,,,,
2018-07-13,536.79,538.08,516.65,520.18,4169212,535.84,521.4,496.06,542.76,542.76,12.44,49.38,0,,492.57,,,0,,,0,,,,
2018-07-16,520.18,527.04,515.55,519.28,5032325,535.76,520.9,496.06,542.76,542.76,12.37,48.79,0,,492.04,,,0,,,0,,,,
2018-07-17,518.89,536.94,516.2,535.0,4511522,535.73,521.14,496.06,542.76,542.76,12.97,58.18,0,,501.78,,,0,,,0,,,,
2018-07-18,538.28,539.47,512.22,523.71,4954888,535.61,520.98,496.06,542.76,542.76,13.99,50.95,0,,493.82,,,0,,,0,,,,
2018-07-19,525.2,534.5,515.6,523.96,5276418,535.53,520.46,496.06,542.76,542.76,14.34,51.1,0,,493.75,,,0,,,0,,,,
2018-07-20,523.96,533.56,522.17,530.82,2532288,535.52,520.34,500.29,542.76,542.76,14.13,55.02,0,,499.72,,,0,,,0,,,,
2018-07-23,532.02,541.86,527.69,537.44,6009401,535.51,520.35,504.91,542.76,542.76,14.13,58.48,0,,505.53,,,0,,,0,,,,
2018-07-24,538.13,545.94,535.15,543.15,6171893,535.5,520.65,504.91,545.94,542.76,13.9,61.25,1,543.15,509.37,509.37,509.37,1,47,2018-07-24,0,,,,
2018-07-25,544.05,544.55,526.64,529.38,3341114,535.39,520.37,506.25,545.94,545.94,14.18,52.21,0,,500.75,,509.37,1,47,2018-07-24,1,535.39,SMA150_BREAK,2,-1.43
2018-07-26,532.51,541.07,523.56,538.73,7920089,535.31,520.69,506.75,545.94,545.94,14.42,56.87,0,,506.78,,,0,,,0,,,,
2018-07-27,540.27,552.01,534.35,550.27,7678597,535.3,521.5,512.22,552.01,545.94,14.65,61.81,1,550.27,515.9,515.9,515.9,1,48,2018-07-27,0,,,,
2018-07-30,553.05,568.12,547.83,566.58,12949737,535.44,523.06,512.22,568.12,552.01,15.05,67.49,0,,526.15,,526.15,1,48,2018-07-27,0,,,,
2018-07-31,578.86,581.3,545.04,547.43,21735293,535.42,524.16,512.22,581.3,568.12,16.57,56.81,0,,512.79,,526.15,1,48,2018-07-27,0,,,,
2018-08-01,547.53,552.5,535.35,542.21,6871812,535.35,525.03,512.22,581.3,581.3,16.61,54.29,0,,509.39,,526.15,1,48,2018-07-27,1,535.35,SMA150_BREAK,4,-2.71
2018-08-02,542.31,548.33,536.09,544.3,6495837,535.3,526.16,512.22,581.3,581.3,16.3,55.15,0,,510.95,,,0,,,0,,,,
2018-08-03,543.55,575.43,542.81,571.65,15953749,535.49,527.79,512.22,581.3,581.3,17.46,64.53,0,,527.81,,,0,,,0,,,,
2018-08-06,572.1,600.74,572.1,593.58,22629303,535.71,530.49,512.22,600.74,581.3,18.29,69.96,1,593.58,541.4,541.4,541.4,1,49,2018-08-06,0,,,,
2018-08-07,593.78,603.63,580.55,589.85,16424825,535.89,533.11,512.22,603.63,600.74,18.64,68.05,0,,538.77,,541.4,1,49,2018-08-06,0,,,,
2018-08-08,593.53,595.67,583.83,593.08,7138029,536.13,536.04,515.6,603.63,603.63,18.15,68.85,0,,542.3,,542.3,1,49,2018-08-06,0,,,,
2018-08-09,591.79,621.03,591.79,617.7,18227195,536.53,539.9,522.17,621.03,603.63,18.94,74.12,1,617.7,559.84,559.84,559.84,1,49,2018-08-06,0,,,,
2018-08-10,617.95,620.54,607.95,612.18,16074351,536.9,543.37,523.56,621.03,621.03,18.49,71.21,0,,557.05,,559.84,1,49,2018-08-06,0,,,,
2018-08-13,608.7,612.68,599.35,601.64,8445677,537.18,546.44,523.56,621.03,621.03,18.12,65.89,0,,550.5,,559.84,1,49,2018-08-06,0,,,,
2018-08-14,605.32,617.95,605.32,614.72,10225641,537.53,549.97,523.56,621.03,621.03,17.99,68.99,0,,559.02,,559.84,1,49,2018-08-06,0,,,,
2018-08-16,611.58,631.58,607.95,620.09,18777302,537.91,553.58,523.56,631.58,621.03,18.39,70.18,0,,562.22,,562.22,1,49,2018-08-06,0,,,,
2018-08-17,626.6,629.04,616.95,623.92,13411536,538.34,557.43,534.35,631.58,631.58,17.94,71.04,0,,568.58,,568.58,1,49,2018-08-06,0,,,,
2018-08-20,626.6,627.2,618.74,621.03,6463139,538.78,561.1,535.35,631.58,631.58,17.27,69.42,0,,567.5,,568.58,1,49,2018-08-06,0,,,,
2018-08-21,622.03,634.81,613.97,632.32,15522297,539.31,564.77,535.35,634.81,631.58,17.52,72.1,1,632.32,574.62,574.62,574.62,1,49,2018-08-06,0,,,,
2018-08-23,641.17,641.17,625.16,628.34,12699837,539.78,568.06,535.35,641.17,634.81,17.41,69.78,0,,572.12,,574.62,1,49,2018-08-06,0,,,,
2018-08-24,634.61,639.93,630.58,636.45,15035968,540.29,571.48,536.09,641.17,641.17,17.0,71.77,0,,577.88,,577.88,1,49,2018-08-06,0,,,,
2018-08-27,639.53,647.99,638.54,646.69,9819034,540.72,575.19,542.81,647.99,641.17,16.61,74.1,1,646.69,586.98,586.98,586.98,1,49,2018-08-06,0,,,,
2018-08-28,648.48,659.23,638.54,656.49,9886447,541.22,579.73,572.1,659.23,647.99,16.9,76.12,0,,602.87,,602.87,1,49,2018-08-06,0,,,,
2018-08-29,653.95,664.05,649.73,653.36,13329261,541.66,584.2,580.55,664.05,659.23,16.72,74.13,0,,603.79,,603.79,1,49,2018-08-06,0,,,,
2018-08-30,658.28,658.28,639.58,646.25,14868623,541.92,587.91,583.83,664.05,664.05,16.86,69.66,0,,600.2,,603.79,1,49,2018-08-06,0,,,,
2018-08-31,646.0,649.98,637.79,645.75,10207700,542.11,591.98,591.79,664.05,664.05,16.52,69.35,0,,602.76,,603.79,1,49,2018-08-06,0,,,,
2018-09-03,651.91,651.91,626.2,628.39,6494484,542.27,595.46,599.35,664.05,664.05,17.18,59.28,0,,593.64,,603.79,1,49,2018-08-06,0,,,,
2018-09-04,627.6,640.92,619.39,638.34,9305124,542.44,599.04,599.35,664.05,664.05,17.49,62.63,0,,599.85,,603.79,1,49,2018-08-06,0,,,,
2018-09-05,637.54,643.16,627.94,634.21,8837398,542.65,602.27,605.32,664.05,664.05,17.33,60.4,0,,599.29,,603.79,1,49,2018-08-06,0,,,,
2018-09-06,635.45,639.83,621.23,634.76,10026621,542.95,605.32,607.95,664.05,664.05,17.42,60.61,0,,600.46,,603.79,1,49,2018-08-06,0,,,,
2018-09-07,636.55,644.51,628.69,642.07,6999943,543.29,609.08,613.97,664.05,664.05,17.3,63.27,0,,607.26,,607.26,1,49,2018-08-06,0,,,,
2018-09-10,641.47,674.29,639.83,648.23,32430222,543.68,612.73,613.97,674.29,664.05,18.53,65.39,0,,610.41,,610.41,1,49,2018-08-06,0,,,,
2018-09-11,648.14,662.11,643.96,646.64,19162102,544.25,615.94,613.97,674.29,674.29,18.5,64.35,0,,609.4,,610.41,1,49,2018-08-06,0,,,,
2018-09-12,661.41,661.41,626.7,632.02,14448365,544.71,618.12,619.39,674.29,674.29,19.66,55.65,0,,601.01,,610.41,1,49,2018-08-06,0,,,,
2018-09-14,638.34,640.53,628.59,632.97,12083354,545.19,620.97,619.39,674.29,674.29,19.11,56.06,0,,601.99,,610.41,1,49,2018-08-06,0,,,,
2018-09-17,630.28,630.58,618.65,622.57,6644742,545.63,623.65,618.65,674.29,674.29,18.77,50.48,0,,595.26,,610.41,1,49,2018-08-06,0,,,,
2018-09-18,620.63,629.64,602.88,605.32,10724450,545.9,625.69,602.88,674.29,674.29,19.34,42.86,0,,578.5,,610.41,1,49,2018-08-06,1,610.41,TRAILING_STOP,29,2.84
2018-09-19,608.3,619.14,598.06,605.52,9373364,546.24,626.82,598.06,674.29,674.29,19.46,42.97,0,,576.94,,,0,,,0,,,,
2018-09-21,615.61,630.58,560.36,595.97,24788799,546.47,626.9,560.36,674.29,674.29,23.09,39.18,0,,555.8,,,0,,,0,,,,
2018-09-24,596.37,602.48,584.68,594.13,11998797,546.82,627.04,560.36,674.29,674.29,22.71,38.47,0,,554.86,,,0,,,0,,,,
2018-09-25,595.57,616.46,586.37,611.04,17515392,547.29,627.64,560.36,674.29,674.29,23.24,47.77,0,,565.42,,,0,,,0,,,,
2018-09-26,615.66,620.98,608.75,614.12,8725133,547.82,627.52,560.36,674.29,674.29,22.45,49.27,0,,567.93,,,0,,,0,,,,
2018-09-27,614.02,616.41,593.78,596.91,9683836,548.21,627.01,560.36,674.29,674.29,22.46,42.0,0,,556.82,,,0,,,0,,,,
2018-09-28,595.27,616.46,590.85,609.94,16754620,548.75,627.29,560.36,674.29,674.29,22.69,48.23,0,,565.07,,,0,,,0,,,,
2018-10-01,611.78,614.17,569.41,590.25,20117451,549.14,626.47,560.36,674.29,674.29,24.27,41.05,0,,551.32,,,0,,,0,,,,
2018-10-03,589.4,589.4,566.03,569.16,18385327,549.42,624.77,560.36,674.29,674.29,24.26,35.04,0,,537.72,,,0,,,0,,,,
2018-10-04,561.95,587.36,550.81,583.09,16877024,549.74,623.41,550.81,674.29,674.29,25.14,41.17,0,,542.94,,,0,,,0,,,,
2018-10-05,582.84,587.32,561.95,565.43,9860010,549.85,621.56,550.81,674.29,674.29,25.16,36.47,0,,531.53,,,0,,,0,,,,
2018-10-08,566.93,571.4,543.15,553.55,12918017,549.97,618.93,543.15,674.29,674.29,25.38,33.68,0,,521.17,,,0,,,0,,,,
2018-10-09,558.87,560.86,546.19,549.87,8053297,550.13,616.32,543.15,674.29,674.29,24.61,32.85,0,,519.31,,,0,,,0,,,,
2018-10-10,550.96,587.61,549.87,586.02,13695001,550.55,614.64,543.15,674.29,674.29,25.55,46.82,0,,542.0,,,0,,,0,,,,
2018-10-11,552.01,582.64,547.13,577.72,11223315,550.93,612.34,543.15,662.11,674.29,26.5,44.53,0,,536.01,,,0,,,0,,,,
2018-10-12,586.47,599.0,577.62,581.75,10689006,551.37,609.84,543.15,661.41,662.11,26.14,45.92,0,,538.85,,,0,,,0,,,,
2018-10-15,581.84,581.84,566.38,573.44,5065325,551.8,607.18,543.15,640.53,661.41,25.37,43.51,0,,534.0,,,0,,,0,,,,
2018-10-16,574.63,591.14,567.17,585.67,13083651,552.25,605.16,543.15,630.58,640.53,25.27,47.85,0,,541.96,,,0,,,0,,,,
2018-10-17,591.54,595.57,563.54,572.94,9609195,552.72,602.73,543.15,630.58,630.58,25.76,44.05,0,,533.43,,,0,,,0,,,,
2018-10-19,567.32,573.44,551.56,559.52,12664549,553.01,600.44,543.15,630.58,630.58,25.48,40.41,0,,524.95,,,0,,,0,,,,
2018-10-22,564.89,568.92,555.19,559.02,10235243,553.21,597.8,543.15,630.58,630.58,24.64,40.28,0,,525.19,,,0,,,0,,,,
2018-10-23,554.0,568.32,550.51,559.71,9513054,553.39,595.31,543.15,620.98,630.58,24.15,40.57,0,,525.96,,,0,,,0,,,,
2018-10-24,571.4,573.84,554.24,561.06,9759225,553.61,592.86,543.15,620.98,620.98,23.83,41.18,0,,527.05,,,0,,,0,,,,
2018-10-25,554.99,561.65,549.47,558.02,13041860,553.87,590.05,543.15,620.98,620.98,23.0,40.18,0,,525.64,,,0,,,0,,,,
2018-10-26,558.97,560.96,531.67,534.8,9229395,553.99,586.27,531.67,616.46,620.98,23.45,33.54,0,,506.54,,,0,,,0,,,,
2018-10-29,538.43,573.89,535.65,563.64,15917739,554.29,583.51,531.67,616.46,616.46,24.56,45.58,0,,524.4,,,0,,,0,,,,
2018-10-30,561.8,568.67,555.99,559.67,8522604,554.53,581.09,531.67,614.17,616.46,23.71,44.39,0,,522.4,,,0,,,0,,,,
2018-10-31,565.24,582.84,554.99,579.26,12135088,554.96,579.3,531.67,599.0,614.17,24.01,51.18,0,,534.84,,,0,,,0,,,,
2018-11-01,578.91,604.77,578.91,598.9,16048865,555.64,578.51,531.67,604.77,599.0,24.14,56.86,0,,547.42,,,0,,,0,,,,
2018-11-02,609.15,614.57,601.84,607.36,12488669,556.33,578.58,531.67,614.57,604.77,23.54,59.07,0,,553.28,,,0,,,0,,,,
2018-11-05,625.51,629.59,613.87,621.03,24201213,557.07,579.1,531.67,629.59,614.57,23.44,62.42,0,,562.16,,,0,,,0,,,,
2018-11-06,622.62,624.71,596.81,604.17,15354794,557.71,579.37,531.67,629.59,629.59,23.76,56.3,0,,551.07,,,0,,,0,,,,
2018-11-07,609.59,609.59,601.39,603.58,1528117,558.43,579.69,531.67,629.59,629.59,22.65,56.09,0,,551.43,,,0,,,0,,,,
2018-11-09,605.72,620.44,597.76,609.89,13927467,559.17,579.65,531.67,629.59,629.59,22.65,57.88,0,,555.5,,,0,,,0,,,,
2018-11-12,609.25,615.16,601.54,603.28,7073703,559.93,579.29,531.67,629.59,629.59,22.01,55.34,0,,551.67,,,0,,,0,,,,
2018-11-13,603.18,617.4,600.79,614.97,8938939,560.69,579.89,531.67,629.59,629.59,21.62,58.78,0,,559.46,,,0,,,0,,,,
2018-11-14,618.89,619.94,605.52,609.4,9840254,561.43,579.87,531.67,629.59,629.59,21.11,56.55,0,,556.22,,,0,,,0,,,,
2018-11-15,609.94,629.09,607.46,622.72,11005288,562.14,580.95,531.67,629.59,629.59,21.14,60.43,0,,564.78,,,0,,,0,,,,
2018-11-16,623.22,633.27,613.22,616.46,12204545,562.63,582.53,531.67,633.27,629.59,21.07,57.81,0,,560.8,,,0,,,0,,,,
2018-11-19,616.46,616.95,605.32,612.98,9046876,563.14,583.53,535.65,633.27,633.27,20.39,56.35,0,,560.33,,,0,,,0,,,,
2018-11-20,611.38,616.26,606.26,609.35,6658508,563.56,584.99,554.99,633.27,633.27,19.65,54.8,0,,564.93,,,0,,,0,,,,
2018-11-21,607.61,625.26,606.91,623.47,7842430,564.12,587.32,554.99,633.27,633.27,19.56,59.48,0,,574.1,,,0,,,0,,,,
2018-11-22,622.42,626.01,608.8,611.24,6946666,564.6,589.37,578.91,633.27,633.27,19.39,54.24,0,,574.29,,,0,,,0,,,,
2018-11-26,615.31,631.33,613.18,627.65,9528169,565.25,590.76,596.81,633.27,633.27,19.44,59.41,0,,590.81,,,0,,,0,,,,
2018-11-27,626.5,635.26,619.64,621.88,11251342,565.96,592.23,596.81,635.26,633.27,19.17,56.97,0,,587.27,,,0,,,0,,,,
2018-11-28,626.6,628.39,619.14,624.56,9035388,566.73,593.65,596.81,635.26,635.26,18.46,57.84,0,,589.47,,,0,,,0,,,,
2018-11-29,628.59,632.77,618.15,627.99,19643832,567.56,595.47,597.76,635.26,635.26,18.18,58.97,0,,592.18,,,0,,,0,,,,
2018-11-30,629.59,631.82,620.63,622.38,8984998,568.35,596.7,597.76,635.26,635.26,17.68,56.3,0,,588.9,,,0,,,0,,,,
2018-12-03,628.59,629.59,618.25,621.43,5914250,569.15,598.31,600.79,635.26,635.26,17.23,55.84,0,,589.6,,,0,,,0,,,,
2018-12-04,621.58,624.17,615.26,619.89,8382005,569.98,600.33,600.79,635.26,635.26,16.64,55.05,0,,589.0,,,0,,,0,,,,
2018-12-05,617.55,620.58,610.09,611.63,9728083,570.78,602.08,605.32,635.26,635.26,16.2,50.9,0,,585.48,,,0,,,0,,,,
2018-12-06,606.96,610.54,595.02,596.81,7519849,571.18,603.32,595.02,635.26,635.26,16.23,44.44,0,,572.46,,,0,,,0,,,,
2018-12-07,599.15,606.21,589.16,600.69,12262327,571.76,604.64,589.16,635.26,635.26,16.29,46.36,0,,572.97,,,0,,,0,,,,
2018-12-10,591.79,598.26,582.14,587.12,11643401,572.2,605.61,582.14,635.26,635.26,16.45,41.01,0,,561.77,,,0,,,0,,,,
2018-12-11,577.87,613.32,577.37,600.99,16429956,572.67,607.81,577.37,635.26,635.26,17.84,47.66,0,,568.2,,,0,,,0,,,,
2018-12-12,601.49,618.65,599.75,616.61,7232578,573.33,609.58,577.37,635.26,635.26,17.92,53.94,0,,578.23,,,0,,,0,,,,
2018-12-13,621.43,622.52,612.83,615.76,7419355,573.88,611.45,577.37,635.26,635.26,17.33,53.57,0,,578.07,,,0,,,0,,,,
2018-12-14,615.76,619.64,608.0,616.9,4165047,574.4,612.7,577.37,635.26,635.26,16.92,54.03,0,,579.08,,,0,,,0,,,,
2018-12-17,619.19,621.13,612.83,613.82,4843342,574.85,613.2,577.37,635.26,635.26,16.31,52.5,0,,577.5,,,0,,,0,,,,
2018-12-18,614.32,618.45,610.54,616.06,8492688,575.33,613.49,577.37,635.26,635.26,15.71,53.53,0,,579.34,,,0,,,0,,,,
2018-12-19,620.88,648.14,615.81,638.19,16759139,575.91,614.06,577.37,648.14,635.26,16.89,62.23,1,638.19,592.83,592.83,592.83,1,50,2018-12-19,0,,,,
2018-12-20,633.51,643.41,625.61,629.54,11004125,576.45,614.91,577.37,648.14,648.14,16.96,57.69,0,,587.2,,592.83,1,50,2018-12-19,0,,,,
2018-12-21,629.88,634.41,613.32,617.5,10715457,576.92,615.37,577.37,648.14,648.14,17.25,51.99,0,,579.24,,592.83,1,50,2018-12-19,0,,,,
2018-12-24,622.62,623.77,610.19,611.68,6191605,577.35,615.43,577.37,648.14,648.14,16.99,49.45,0,,575.66,,592.83,1,50,2018-12-19,0,,,,
2018-12-26,607.7,620.29,600.2,616.16,6519211,577.88,615.86,577.37,648.14,648.14,17.21,51.42,0,,578.4,,592.83,1,50,2018-12-19,0,,,,
2018-12-27,620.19,622.62,612.28,614.22,12304812,578.45,615.84,577.37,648.14,648.14,16.72,50.5,0,,577.48,,592.83,1,50,2018-12-19,0,,,,
2018-12-28,620.54,624.61,616.66,621.68,6372911,579.1,616.25,577.37,648.14,648.14,16.27,53.91,0,,582.59,,592.83,1,50,2018-12-19,0,,,,
2018-12-31,627.0,628.54,615.46,616.56,6030093,579.74,616.04,577.37,648.14,648.14,16.04,51.3,0,,579.44,,592.83,1,50,2018-12-19,0,,,,
2019-01-01,618.55,626.8,618.55,623.92,12179223,580.45,616.29,577.37,648.14,648.14,15.63,54.69,0,,584.47,,592.83,1,50,2018-12-19,0,,,,
2019-01-02,619.64,625.11,614.17,616.71,12386281,581.02,616.41,599.75,648.14,648.14,15.29,50.95,0,,587.5,,592.83,1,50,2018-12-19,0,,,,
2019-01-03,618.05,618.65,600.39,604.67,13228602,581.48,616.26,600.2,648.14,648.14,15.5,45.36,0,,579.74,,592.83,1,50,2018-12-19,0,,,,
2019-01-04,608.7,621.38,606.21,616.26,8381367,581.96,616.02,600.2,648.14,648.14,15.59,50.94,0,,587.16,,592.83,1,50,2018-12-19,0,,,,
2019-01-07,622.62,637.24,620.83,634.01,11735286,582.56,616.78,600.2,648.14,648.14,15.98,58.01,0,,598.35,,598.35,1,50,2018-12-19,0,,,,
2019-01-08,632.57,650.22,627.2,647.39,11879875,583.28,617.43,600.2,650.22,648.14,16.48,62.4,0,,606.65,,606.65,1,50,2018-12-19,0,,,,
2019-01-09,648.83,668.43,648.83,666.49,18003387,584.11,618.92,600.2,668.43,650.22,16.8,67.62,1,666.49,618.75,618.75,618.75,1,50,2018-12-19,0,,,,
2019-01-10,665.29,665.29,651.07,659.67,12751327,584.94,620.09,600.2,668.43,668.43,16.71,64.19,0,,614.42,,618.75,1,50,2018-12-19,0,,,,
2019-01-11,661.41,664.89,654.65,662.91,8330315,585.8,621.26,600.2,668.43,668.43,16.24,65.1,0,,616.81,,618.75,1,50,2018-12-19,0,,,,
2019-01-14,659.42,659.42,649.03,655.64,6856244,586.65,622.36,600.2,668.43,668.43,16.08,61.36,0,,612.24,,618.75,1,50,2018-12-19,0,,,,
2019-01-15,657.73,660.67,651.52,657.04,5467484,587.51,623.55,600.2,668.43,668.43,15.58,61.81,0,,613.47,,618.75,1,50,2018-12-19,0,,,,
2019-01-16,657.14,666.78,657.14,660.42,6598151,588.32,624.9,600.39,668.43,668.43,15.16,62.95,0,,615.99,,618.75,1,50,2018-12-19,0,,,,
2019-01-17,666.29,676.33,662.01,673.0,10448209,589.24,626.95,600.39,676.33,668.43,15.22,66.89,1,673.0,624.07,624.07,624.07,1,50,2018-12-19,0,,,,
2019-01-18,671.26,672.4,657.88,661.02,7037386,590.07,629.09,600.39,676.33,676.33,15.21,60.31,0,,616.35,,624.07,1,50,2018-12-19,0,,,,
2019-01-21,657.98,660.92,652.96,656.74,6157956,590.88,630.96,600.39,676.33,676.33,14.7,58.11,0,,613.93,,624.07,1,50,2018-12-19,0,,,,
2019-01-22,652.81,660.02,650.32,658.03,7951640,591.69,633.32,600.39,676.33,676.33,14.34,58.6,0,,615.0,,624.07,1,50,2018-12-19,0,,,,
2019-01-23,655.94,663.4,655.05,658.03,7596006,592.54,635.22,600.39,676.33,676.33,13.91,58.6,0,,615.28,,624.07,1,50,2018-12-19,0,,,,
2019-01-24,661.41,661.96,651.47,660.07,7013582,593.44,636.67,606.21,676.33,676.33,13.67,59.47,0,,618.7,,624.07,1,50,2018-12-19,0,,,,
2019-01-25,661.61,673.2,661.61,666.14,6628922,594.42,638.35,620.83,676.33,676.33,13.63,62.02,0,,627.52,,627.52,1,50,2018-12-19,0,,,,
2019-01-28,665.39,670.81,646.84,652.76,7792690,595.34,639.54,627.2,676.33,676.33,14.37,53.94,0,,620.52,,627.52,1,50,2018-12-19,0,,,,
2019-01-29,654.95,667.38,646.05,657.19,8302420,596.28,640.99,646.05,676.33,676.33,14.87,55.99,0,,629.33,,629.33,1,50,2018-12-19,0,,,,
2019-01-30,683.34,699.56,680.06,687.22,46912230,597.46,643.36,646.05,699.56,676.33,16.83,66.76,1,687.22,647.39,647.39,647.39,1,50,2018-12-19,0,,,,
2019-01-31,693.49,722.93,685.33,718.8,35239544,598.76,646.05,646.05,722.93,699.56,18.31,73.97,0,,666.77,,666.77,1,50,2018-12-19,0,,,,
2019-02-01,716.86,722.48,701.6,713.38,13792059,600.1,648.84,646.05,722.93,722.93,18.5,71.12,0,,663.15,,666.77,1,50,2018-12-19,0,,,,
2019-02-04,707.46,720.59,704.18,716.61,8195956,601.47,652.15,646.05,722.93,722.93,18.35,71.82,0,,665.33,,666.77,1,50,2018-12-19,0,,,,
2019-02-05,718.11,727.65,715.62,725.57,8665426,602.94,655.94,646.05,727.65,722.93,17.9,73.71,1,725.57,671.41,671.41,671.41,1,50,2018-12-19,0,,,,
2019-02-06,727.36,730.54,711.74,721.84,8077340,604.41,659.47,646.05,730.54,727.65,17.96,71.56,0,,668.96,,671.41,1,50,2018-12-19,0,,,,
2019-02-07,722.33,729.84,720.1,726.21,7203465,605.86,663.2,646.05,730.54,730.54,17.37,72.57,0,,672.17,,672.17,1,50,2018-12-19,0,,,,
2019-02-08,723.08,728.85,712.39,715.52,7341956,607.23,666.33,646.05,730.54,730.54,17.31,66.34,0,,665.32,,672.17,1,50,2018-12-19,0,,,,
2019-02-11,716.02,716.02,701.5,707.02,7234953,608.56,669.34,646.05,730.54,730.54,17.11,61.8,0,,659.97,,672.17,1,50,2018-12-19,0,,,,
2019-02-12,697.22,709.55,696.22,701.79,15856819,609.82,671.94,646.05,730.54,730.54,16.84,59.12,0,,656.78,,672.17,1,50,2018-12-19,0,,,,
2019-02-14,702.19,702.59,688.86,691.25,10383603,611.04,674.42,646.05,730.54,730.54,16.62,54.03,0,,650.13,,672.17,1,50,2018-12-19,0,,,,
2019-02-15,696.22,700.2,678.02,682.9,10866440,612.19,677.03,646.05,730.54,730.54,17.02,50.33,0,,644.48,,672.17,1,50,2018-12-19,0,,,,
2019-02-18,682.3,693.94,677.03,689.56,7135564,613.3,679.47,646.05,730.54,730.54,17.01,53.09,0,,648.78,,672.17,1,50,2018-12-19,0,,,,
2019-02-19,689.56,701.6,685.93,689.31,6816325,614.37,681.32,646.05,730.54,730.54,16.91,52.97,0,,648.68,,672.17,1,50,2018-12-19,0,,,,
2019-02-20,693.84,699.21,691.55,696.57,5772687,615.45,682.96,677.03,730.54,730.54,16.41,56.05,0,,664.02,,672.17,1,50,2018-12-19,0,,,,
2019-02-21,696.72,702.69,691.35,693.44,6674353,616.51,683.86,677.03,730.54,730.54,16.05,54.4,0,,662.25,,672.17,1,50,2018-12-19,0,,,,
2019-02-22,693.69,700.65,687.47,698.26,9822278,617.69,685.14,677.03,730.54,730.54,15.84,56.52,0,,665.49,,672.17,1,50,2018-12-19,0,,,,
2019-02-25,699.11,701.99,692.35,699.9,11428024,618.9,686.37,677.03,730.54,730.54,15.4,57.25,0,,666.84,,672.17,1,50,2018-12-19,0,,,,
2019-02-26,690.26,711.74,689.31,706.32,9166951,620.04,688.06,677.03,730.54,730.54,15.9,60.08,0,,670.65,,672.17,1,50,2018-12-19,0,,,,
2019-02-27,711.09,723.87,709.2,714.33,13284424,621.31,689.97,677.03,730.54,730.54,16.02,63.34,0,,675.74,,675.74,1,50,2018-12-19,0,,,,
2019-02-28,719.55,719.55,702.59,705.72,26230891,622.52,691.48,677.03,730.54,730.54,16.09,57.87,0,,670.14,,675.74,1,50,2018-12-19,0,,,,
2019-03-01,709.65,711.09,695.78,698.61,7713824,623.64,692.34,677.03,730.54,730.54,16.03,53.75,0,,665.59,,675.74,1,50,2018-12-19,0,,,,
2019-03-05,701.89,729.94,696.92,728.1,11298428,624.91,694.57,677.03,730.54,730.54,17.25,64.91,0,,683.8,,683.8,1,50,2018-12-19,0,,,,
2019-03-06,729.94,729.94,708.71,716.71,10510670,626.07,696.57,677.03,730.54,730.54,17.53,58.99,0,,676.27,,683.8,1,50,2018-12-19,0,,,,
2019-03-07,716.86,735.46,716.86,729.79,11263734,627.4,698.96,677.03,735.46,730.54,17.62,63.15,0,,684.65,,684.65,1,50,2018-12-19,0,,,,
2019-03-08,728.05,733.27,724.47,729.44,7744794,628.68,701.34,677.03,735.46,735.46,16.99,62.97,0,,684.84,,684.84,1,50,2018-12-19,0,,,,
2019-03-11,729.35,740.88,726.66,730.54,9421608,629.88,703.69,677.03,740.88,735.46,16.79,63.33,0,,685.68,,685.68,1,50,2018-12-19,0,,,,
2019-03-12,734.72,744.96,734.57,738.55,8131901,631.02,706.11,685.93,744.96,740.88,16.62,65.94,0,,693.93,,693.93,1,50,2018-12-19,0,,,,
2019-03-13,739.59,746.95,732.53,734.02,12333789,632.27,708.82,687.47,746.95,744.96,16.46,63.2,0,,691.62,,693.93,1,50,2018-12-19,0,,,,
2019-03-14,736.01,745.66,733.42,736.61,7100875,633.56,711.46,687.47,746.95,746.95,16.16,64.12,0,,693.5,,693.93,1,50,2018-12-19,0,,,,
2019-03-15,738.94,744.91,727.75,731.14,14560368,634.81,712.93,687.47,746.95,746.95,16.23,60.67,0,,689.92,,693.93,1,50,2018-12-19,0,,,,
2019-03-18,737.0,749.78,736.26,742.97,8067253,635.95,713.73,689.31,749.78,746.95,16.4,65.04,0,,698.05,,698.05,1,50,2018-12-19,0,,,,
2019-03-19,750.93,758.88,745.01,756.8,8818172,637.04,715.18,689.31,758.88,749.78,16.37,69.33,1,756.8,706.99,706.99,706.99,1,50,2018-12-19,0,,,,
2019-03-20,756.65,762.86,750.28,751.67,9758274,638.12,716.35,695.78,762.86,758.88,16.1,66.09,0,,706.02,,706.99,1,50,2018-12-19,0,,,,
2019-03-22,760.58,761.77,731.58,752.97,10355078,639.18,717.26,695.78,762.86,762.86,17.11,66.52,0,,706.19,,706.99,1,50,2018-12-19,0,,,,
2019-03-25,748.64,750.93,737.15,741.68,7130411,640.01,717.92,695.78,762.86,762.86,17.01,59.51,0,,698.97,,706.99,1,50,2018-12-19,0,,,,
2019-03-26,743.37,756.85,737.65,753.02,7300104,640.95,718.82,696.92,762.86,762.86,17.17,63.65,0,,706.56,,706.99,1,50,2018-12-19,0,,,,
2019-03-27,757.19,765.85,751.77,755.2,7456768,641.97,720.14,708.71,765.85,762.86,16.95,64.41,0,,712.04,,712.04,1,50,2018-12-19,0,,,,
2019-03-28,757.0,783.4,753.07,776.49,16643818,643.05,722.46,716.86,783.4,765.85,17.9,70.78,1,776.49,727.85,727.85,727.85,1,50,2018-12-19,0,,,,
2019-04-01,776.74,778.78,756.5,761.47,6021202,644.0,724.44,724.47,783.4,783.4,18.22,62.3,0,,720.49,,727.85,1,50,2018-12-19,0,,,,
2019-04-02,765.0,770.77,756.9,763.26,6592678,644.92,726.84,726.66,783.4,783.4,17.91,62.88,0,,722.58,,727.85,1,50,2018-12-19,0,,,,
2019-04-03,765.85,768.58,754.61,757.39,5591613,645.83,729.33,727.75,783.4,783.4,17.63,59.68,0,,719.35,,727.85,1,50,2018-12-19,0,,,,
2019-04-04,758.89,767.74,755.9,758.04,7009879,646.67,731.61,727.75,783.4,783.4,17.21,59.93,0,,720.04,,727.85,1,50,2018-12-19,0,,,,
2019-04-05,759.83,764.6,752.02,758.09,5343947,647.54,733.9,727.75,783.4,783.4,16.88,59.95,0,,720.3,,727.85,1,50,2018-12-19,0,,,,
2019-04-08,760.18,763.86,744.51,750.53,4918795,648.3,735.7,727.75,783.4,783.4,17.06,55.45,0,,715.3,,727.85,1,50,2018-12-19,0,,,,
2019-04-09,750.93,761.87,746.95,759.28,5483424,649.05,737.9,731.58,783.4,783.4,16.91,59.26,0,,722.33,,727.85,1,50,2018-12-19,0,,,,
2019-04-10,757.14,763.76,753.91,756.75,5933250,649.72,739.85,731.58,783.4,783.4,16.4,57.72,0,,721.03,,727.85,1,50,2018-12-19,0,,,,
2019-04-11,756.4,757.24,742.97,748.24,5365803,650.35,741.46,731.58,783.4,783.4,16.25,52.77,0,,715.64,,727.85,1,50,2018-12-19,0,,,,
2019-04-12,749.34,762.61,747.55,760.23,4671869,651.11,743.25,731.58,783.4,783.4,16.16,58.21,0,,723.43,,727.85,1,50,2018-12-19,0,,,,
2019-04-15,759.88,766.05,755.9,758.74,3707106,651.86,744.74,737.15,783.4,783.4,15.73,57.33,0,,724.61,,727.85,1,50,2018-12-19,0,,,,
2019-04-16,760.97,771.81,760.97,766.94,7088601,652.78,746.78,737.65,783.4,783.4,15.54,60.85,0,,730.2,,730.2,1,50,2018-12-19,0,,,,
2019-04-18,774.2,774.8,764.85,767.04,6098041,653.64,749.06,742.97,783.4,783.4,15.14,60.89,0,,732.3,,732.3,1,50,2018-12-19,0,,,,
2019-04-22,764.75,764.75,746.5,751.43,4185156,654.42,749.83,742.97,783.4,783.4,15.53,51.51,0,,721.98,,732.3,1,50,2018-12-19,0,,,,
2019-04-23,753.36,755.2,744.96,749.19,5098170,655.19,750.92,742.97,783.4,783.4,15.15,50.31,0,,720.78,,732.3,1,50,2018-12-19,0,,,,
2019-04-24,750.63,751.62,734.37,748.79,7825049,655.9,751.55,734.37,783.4,783.4,15.3,50.09,0,,717.56,,732.3,1,50,2018-12-19,0,,,,
2019-04-25,749.93,754.46,734.57,736.9,10282068,656.49,751.8,734.37,783.4,783.4,15.63,43.84,0,,709.67,,732.3,1,50,2018-12-19,0,,,,
2019-04-26,757.89,761.02,743.22,755.8,23294204,657.22,752.64,734.37,783.4,783.4,16.24,53.72,0,,721.46,,732.3,1,50,2018-12-19,0,,,,
2019-04-30,755.85,765.55,751.72,762.71,12434805,658.09,753.45,734.37,783.4,783.4,16.06,56.72,0,,726.03,,732.3,1,50,2018-12-19,0,,,,
2019-05-02,761.27,763.66,744.02,748.29,7033021,658.86,753.92,734.37,778.78,783.4,16.32,49.51,0,,716.56,,732.3,1,50,2018-12-19,0,,,,
2019-05-03,750.08,759.68,749.39,753.22,5970814,659.73,754.48,734.37,774.8,778.78,15.97,51.77,0,,719.97,,732.3,1,50,2018-12-19,0,,,,
2019-05-06,741.98,749.34,740.09,743.42,5909936,660.65,754.88,734.37,774.8,774.8,15.76,47.25,0,,713.79,,732.3,1,50,2018-12-19,0,,,,
2019-05-07,747.8,751.43,736.01,737.85,5071941,661.53,754.71,734.37,774.8,774.8,15.74,44.85,0,,710.21,,732.3,1,50,2018-12-19,0,,,,
2019-05-08,737.9,740.73,729.39,731.53,6739894,662.44,753.87,729.39,774.8,774.8,15.43,42.23,0,,704.68,,732.3,1,50,2018-12-19,1,732.3,TRAILING_STOP,92,14.75
2019-05-09,729.94,736.51,725.47,727.06,4193451,663.32,753.05,725.47,774.8,774.8,15.11,40.43,0,,700.7,,,0,,,0,,,,
2019-05-10,730.44,734.52,725.57,731.09,3913815,664.12,752.32,725.47,774.8,774.8,14.67,42.8,0,,703.59,,,0,,,0,,,,
2019-05-13,730.04,738.84,726.06,728.15,5891071,664.88,751.87,725.47,774.8,774.8,14.54,41.5,0,,701.79,,,0,,,0,,,,
2019-05-14,725.47,734.52,718.6,727.41,7049134,665.75,751.02,718.6,774.8,774.8,14.64,41.16,0,,698.96,,,0,,,0,,,,
2019-05-15,731.83,733.72,712.24,718.06,4849130,666.47,749.78,712.24,774.8,774.8,15.12,37.06,0,,690.48,,,0,,,0,,,,
2019-05-16,717.06,731.04,714.82,727.9,5142617,667.39,748.16,712.24,774.8,774.8,15.2,43.45,0,,696.77,,,0,,,0,,,,
2019-05-17,727.85,748.09,723.28,744.91,9072242,668.56,747.61,712.24,774.8,774.8,15.89,52.43,0,,707.29,,,0,,,0,,,,
2019-05-20,756.1,786.39,756.1,778.18,15866697,669.86,748.11,712.24,786.39,774.8,17.72,64.36,1,778.18,727.53,727.53,727.53,1,51,2019-05-20,0,,,,
2019-05-21,785.44,787.53,766.89,768.78,9251548,671.22,748.48,712.24,787.53,786.39,17.93,59.8,0,,721.33,,727.53,1,51,2019-05-20,0,,,,
2019-05-22,770.62,779.77,766.05,774.95,5928186,672.69,749.05,712.24,787.53,787.53,17.63,61.72,0,,725.51,,727.53,1,51,2019-05-20,0,,,,
2019-05-23,783.75,799.96,766.44,772.21,14776218,674.18,749.52,712.24,799.96,787.53,18.76,60.34,0,,722.98,,727.53,1,51,2019-05-20,0,,,,
2019-05-24,775.25,791.61,774.3,788.92,9323114,675.53,750.8,712.24,799.96,799.96,18.81,65.41,0,,733.73,,733.73,1,51,2019-05-20,0,,,,
2019-05-27,789.72,812.0,782.95,809.51,9128216,677.07,752.47,712.24,812.0,799.96,19.54,70.43,1,809.51,746.52,746.52,746.52,1,51,2019-05-20,0,,,,
2019-05-28,811.9,817.67,796.68,804.04,13473187,678.56,754.05,712.24,817.67,812.0,19.64,67.62,0,,742.92,,746.52,1,51,2019-05-20,0,,,,
2019-05-29,802.4,808.62,797.77,800.36,5958128,680.07,755.79,712.24,817.67,817.67,19.01,65.72,0,,740.97,,746.52,1,51,2019-05-20,0,,,,
2019-05-30,798.92,809.81,798.92,803.19,6414384,681.52,757.22,712.24,817.67,817.67,18.43,66.5,0,,743.18,,746.52,1,51,2019-05-20,0,,,,
2019-05-31,806.63,814.28,788.92,803.94,11140585,683.06,758.73,712.24,817.67,817.67,18.93,66.72,0,,743.34,,746.52,1,51,2019-05-20,0,,,,
2019-06-03,809.16,810.26,798.77,808.27,6427567,684.72,760.1,712.24,817.67,817.67,18.4,68.0,0,,746.48,,746.52,1,51,2019-05-20,0,,,,
2019-06-04,803.19,823.29,801.16,818.36,9515354,686.45,761.81,712.24,823.29,817.67,18.66,70.82,1,818.36,752.81,752.81,752.81,1,51,2019-05-20,0,,,,
2019-06-06,819.56,821.5,801.45,803.34,14728937,688.07,763.54,714.82,823.29,823.29,18.76,62.05,0,,743.92,,752.81,1,51,2019-05-20,0,,,,
2019-06-07,806.73,808.86,796.98,799.66,6884094,689.66,765.23,723.28,823.29,823.29,18.27,60.09,0,,744.69,,752.81,1,51,2019-05-20,0,,,,
2019-06-10,803.05,812.35,803.05,809.76,5923875,691.34,767.26,756.1,823.29,823.29,17.87,63.5,0,,762.41,,762.41,1,51,2019-05-20,0,,,,
2019-06-11,812.74,817.02,802.65,810.41,5471529,693.18,769.71,766.05,823.29,823.29,17.62,63.72,0,,766.32,,766.32,1,51,2019-05-20,0,,,,
2019-06-12,809.66,811.35,804.74,809.16,4707478,694.81,771.49,766.05,823.29,823.29,16.84,62.95,0,,766.03,,766.32,1,51,2019-05-20,0,,,,
2019-06-13,806.87,818.96,806.38,815.73,9056584,696.52,773.26,766.44,823.29,823.29,16.53,65.32,0,,770.6,,770.6,1,51,2019-05-20,0,,,,
2019-06-14,815.68,818.66,793.15,796.88,8919370,697.97,774.88,774.3,823.29,823.29,17.17,54.56,0,,760.64,,770.6,1,51,2019-05-20,0,,,,
2019-06-17,795.78,796.68,770.92,773.51,10151212,699.14,775.55,770.92,823.29,823.29,17.8,44.72,0,,744.02,,770.6,1,51,2019-05-20,0,,,,
2019-06-18,777.73,780.62,765.95,771.57,8347632,700.23,776.49,765.95,823.29,823.29,17.58,44.01,0,,741.26,,770.6,1,51,2019-05-20,1,770.6,TRAILING_STOP,21,-0.97
2019-06-19,776.59,784.74,759.23,766.54,6411258,701.2,777.45,759.23,823.29,823.29,18.14,42.14,0,,735.4,,,0,,,0,,,,
2019-06-20,767.84,771.27,754.76,767.24,9190732,702.29,778.64,754.76,823.29,823.29,18.03,42.51,0,,734.44,,,0,,,0,,,,
2019-06-21,770.57,774.05,758.69,766.89,12610688,703.38,779.96,754.76,823.29,823.29,17.84,42.36,0,,734.34,,,0,,,0,,,,
2019-06-24,766.84,771.07,756.9,758.74,4866859,704.37,780.89,754.76,823.29,823.29,17.57,39.05,0,,729.26,,,0,,,0,,,,
2019-06-25,757.14,778.78,752.47,777.43,10044436,705.53,782.53,752.47,823.29,823.29,18.2,48.93,0,,740.13,,,0,,,0,,,,
2019-06-26,778.68,787.73,777.48,784.35,8715757,706.66,784.43,752.47,823.29,823.29,17.63,52.03,0,,744.97,,,0,,,0,,,,
2019-06-27,784.7,802.5,777.38,796.13,18439210,707.9,787.03,752.47,823.29,823.29,18.17,56.83,0,,752.21,,,0,,,0,,,,
2019-06-28,796.83,808.52,789.02,804.19,9174348,709.11,789.57,752.47,823.29,823.29,18.26,59.8,0,,757.35,,,0,,,0,,,,
2019-07-01,806.38,814.58,803.1,806.08,5896530,710.38,791.61,752.47,823.29,823.29,17.78,60.49,0,,758.89,,,0,,,0,,,,
2019-07-02,806.73,808.17,796.43,798.27,7549027,711.61,792.28,752.47,823.29,823.29,17.35,56.22,0,,754.14,,,0,,,0,,,,
2019-07-03,798.32,807.12,797.18,801.85,5535230,712.9,793.38,752.47,821.5,823.29,16.82,57.69,0,,756.8,,,0,,,0,,,,
2019-07-04,806.63,809.82,800.96,805.49,5553273,714.11,794.4,752.47,818.96,821.5,16.25,59.19,0,,759.53,,,0,,,0,,,,
2019-07-05,804.64,809.57,797.97,802.75,5871202,715.39,795.42,752.47,818.96,818.96,15.92,57.54,0,,757.98,,,0,,,0,,,,
2019-07-08,798.67,800.31,775.41,779.64,7485169,716.4,795.11,752.47,818.96,818.96,16.73,45.87,0,,742.54,,,0,,,0,,,,
2019-07-09,775.26,785.52,773.17,782.93,6448920,717.47,794.22,752.47,818.96,818.96,16.42,47.5,0,,744.87,,,0,,,0,,,,
2019-07-10,783.38,786.72,761.37,766.05,5814417,718.42,792.96,752.47,818.96,818.96,17.06,40.72,0,,733.55,,,0,,,0,,,,
2019-07-11,770.28,770.28,759.83,763.21,7111401,719.32,791.72,752.47,818.66,818.96,16.59,39.69,0,,732.04,,,0,,,0,,,,
2019-07-12,762.91,765.4,747.88,752.66,8552548,720.19,790.03,747.88,814.58,818.66,16.65,36.05,0,,723.66,,,0,,,0,,,,
2019-07-15,754.1,756.49,740.91,746.63,6350785,721.02,788.12,740.91,814.58,814.58,16.58,34.13,0,,717.5,,,0,,,0,,,,
2019-07-16,746.88,760.03,744.44,757.89,6170479,721.94,786.44,740.91,814.58,814.58,16.51,40.51,0,,724.8,,,0,,,0,,,,
2019-07-17,759.93,762.37,746.93,749.47,5757193,722.86,784.15,740.91,814.58,814.58,16.43,37.58,0,,719.42,,,0,,,0,,,,
2019-07-18,750.86,751.86,731.55,737.32,11283488,723.8,781.95,731.55,814.58,814.58,16.71,33.78,0,,708.28,,,0,,,0,,,,
2019-07-19,740.46,743.69,720.29,726.22,8091007,724.63,779.5,720.29,814.58,814.58,17.19,30.72,0,,697.05,,,0,,,0,,,,
2019-07-22,726.96,735.43,717.01,724.43,7020071,725.55,776.66,717.01,814.58,814.58,17.27,30.24,0,,694.75,,,0,,,0,,,,
2019-07-23,729.85,736.23,723.08,724.97,7048354,726.38,773.81,717.01,814.58,814.58,16.98,30.59,0,,695.29,,,0,,,0,,,,
2019-07-24,724.97,729.75,706.4,709.34,6618279,726.99,770.48,706.4,814.58,814.58,17.43,26.46,0,,681.37,,,0,,,0,,,,
2019-07-25,708.24,723.23,703.41,720.14,9972204,727.69,767.29,703.41,814.58,814.58,17.6,33.17,0,,687.22,,,0,,,0,,,,
2019-07-26,720.54,728.96,716.21,726.82,5450010,728.42,764.96,703.41,814.58,814.58,17.26,37.0,0,,691.76,,,0,,,0,,,,
2019-07-29,733.14,736.92,707.05,717.26,10314136,729.11,763.08,703.41,809.82,814.58,18.16,34.0,0,,685.0,,,0,,,0,,,,
2019-07-30,722.93,724.97,698.09,704.66,14100900,729.7,760.85,698.09,809.82,809.82,18.78,30.49,0,,674.68,,,0,,,0,,,,
2019-07-31,691.11,692.01,655.06,671.3,55836793,729.92,757.68,655.06,809.82,809.82,20.98,23.55,0,,637.35,,,0,,,0,,,,
2019-08-01,671.15,677.92,659.89,666.52,17001210,730.17,754.32,655.06,809.57,809.82,20.77,22.75,0,,634.41,,,0,,,0,,,,
2019-08-02,664.63,678.82,658.85,671.05,14426295,730.53,751.13,655.06,800.31,809.57,20.71,25.34,0,,637.37,,,0,,,0,,,,
2019-08-05,662.73,666.57,647.5,659.7,13042504,730.85,747.82,647.5,786.72,800.31,20.92,23.24,0,,627.4,,,0,,,0,,,,
2019-08-06,655.96,680.01,651.28,676.18,12419831,731.25,744.45,647.5,786.72,786.72,21.48,32.04,0,,637.65,,,0,,,0,,,,
2019-08-07,676.18,676.67,651.53,657.21,10486156,731.53,740.21,647.5,770.28,786.72,21.74,28.05,0,,625.24,,,0,,,0,,,,
2019-08-08,657.85,661.54,640.53,657.36,17563795,731.77,735.59,640.53,765.4,770.28,21.69,28.13,0,,623.05,,,0,,,0,,,,
2019-08-09,661.44,673.14,657.26,658.05,9289628,732.05,730.71,640.53,762.37,765.4,21.27,28.5,0,,623.77,,,0,,,0,,,,
2019-08-13,659.45,665.92,642.32,646.75,7389394,732.2,725.4,640.53,762.37,762.37,21.44,26.1,0,,616.37,,,0,,,0,,,,
2019-08-14,650.09,666.67,649.29,660.44,7148518,732.49,720.81,640.53,762.37,762.37,21.33,33.42,0,,625.27,,,0,,,0,,,,
2019-08-16,661.24,675.18,654.12,672.84,7040117,732.95,716.51,640.53,751.86,762.37,21.31,39.28,0,,633.29,,,0,,,0,,,,
2019-08-19,675.98,686.14,673.54,682.15,9082914,733.39,712.4,640.53,743.69,751.86,20.74,43.32,0,,639.67,,,0,,,0,,,,
2019-08-20,682.3,682.35,666.72,669.55,7602499,733.62,707.96,640.53,736.92,743.69,20.37,39.49,0,,631.79,,,0,,,0,,,,
2019-08-21,671.2,671.35,656.91,661.94,7892687,733.72,704.03,640.53,736.92,736.92,19.95,37.35,0,,627.16,,,0,,,0,,,,
2019-08-22,662.23,667.06,655.02,658.4,9262172,733.67,699.88,640.53,736.92,736.92,19.38,36.36,0,,625.26,,,0,,,0,,,,
2019-08-23,657.01,668.76,642.57,661.14,7775604,733.68,696.39,640.53,736.92,736.92,19.87,37.73,0,,626.7,,,0,,,0,,,,
2019-08-26,674.43,683.79,657.8,680.86,8864341,733.8,693.64,640.53,736.92,736.92,20.31,46.67,0,,639.13,,,0,,,0,,,,
2019-08-27,694.1,694.65,677.67,680.11,12015623,733.96,691.22,640.53,736.92,736.92,20.07,46.39,0,,638.8,,,0,,,0,,,,
2019-08-28,682.25,686.48,670.7,675.38,5677087,734.08,688.85,640.53,724.97,736.92,19.76,44.62,0,,635.95,,,0,,,0,,,,
2019-08-29,671.2,673.94,656.16,658.4,8753540,734.07,685.53,640.53,694.65,724.97,19.72,38.89,0,,625.03,,,0,,,0,,,,
2019-08-30,662.14,665.82,637.44,661.14,17115901,733.99,682.59,637.44,694.65,694.65,20.34,40.22,0,,625.35,,,0,,,0,,,,
2019-09-03,656.06,656.06,638.78,643.02,8461431,733.87,679.44,637.44,694.65,694.65,20.49,34.81,0,,613.57,,,0,,,0,,,,
2019-09-04,641.52,650.28,635.94,644.61,10786466,733.79,676.72,635.94,694.65,694.65,20.05,35.62,0,,614.39,,,0,,,0,,,,
2019-09-05,649.29,657.01,641.37,646.9,8108303,733.71,674.14,635.94,694.65,694.65,19.73,36.86,0,,616.08,,,0,,,0,,,,
2019-09-06,650.38,669.95,650.38,668.31,11101456,733.78,672.25,635.94,694.65,694.65,19.97,47.05,0,,629.73,,,0,,,0,,,,
2019-09-09,664.87,672.99,659.99,668.76,5607331,733.84,670.9,635.94,694.65,694.65,19.47,47.24,0,,630.35,,,0,,,0,,,,
2019-09-11,671.75,680.66,668.21,678.87,5966906,733.92,669.52,635.94,694.65,694.65,18.97,51.51,0,,637.2,,,0,,,0,,,,
2019-09-12,677.27,678.82,657.8,660.14,8087081,733.97,667.3,635.94,694.65,694.65,19.12,44.35,0,,625.02,,,0,,,0,,,,
2019-09-13,660.79,672.59,654.32,671.45,12105997,734.07,665.77,635.94,694.65,694.65,19.06,48.96,0,,632.36,,,0,,,0,,,,
2019-09-16,663.83,671.6,662.19,668.11,7659588,733.94,664.55,635.94,694.65,694.65,18.37,47.71,0,,630.66,,,0,,,0,,,,
2019-09-17,664.23,665.52,635.4,637.79,17297040,733.4,663.44,635.4,694.65,694.65,19.39,38.13,0,,610.24,,,0,,,0,,,,
2019-09-18,642.82,651.78,638.88,645.7,9702162,732.95,662.74,635.4,694.65,694.65,19.01,41.43,0,,615.6,,,0,,,0,,,,
2019-09-19,645.5,647.3,629.97,635.55,9554331,732.41,661.56,629.97,694.65,694.65,18.89,38.58,0,,607.33,,,0,,,0,,,,
2019-09-20,638.38,686.58,620.06,677.52,38862975,732.09,662.15,620.06,694.65,694.65,22.29,52.97,0,,628.83,,,0,,,0,,,,
2019-09-23,700.97,728.96,692.96,722.48,31417887,732.09,663.7,620.06,728.96,694.65,24.37,62.98,0,,656.44,,,0,,,0,,,,
2019-09-24,725.22,730.2,699.33,701.47,15683656,731.93,665.17,620.06,730.2,728.96,24.84,56.89,0,,642.58,,,0,,,0,,,,
2019-09-25,699.08,700.53,680.81,692.06,17058681,731.77,666.33,620.06,730.2,730.2,24.54,54.35,0,,636.71,,,0,,,0,,,,
2019-09-26,683.75,716.66,683.7,696.99,15007372,731.71,667.63,620.06,730.2,730.2,25.14,55.47,0,,639.49,,,0,,,0,,,,
2019-09-27,697.29,705.01,689.62,697.69,10245068,731.68,669.33,620.06,730.2,730.2,24.44,55.64,0,,640.4,,,0,,,0,,,,
2019-09-30,701.12,709.44,679.26,682.15,20073726,731.62,670.05,620.06,730.2,730.2,24.85,51.08,0,,630.1,,,0,,,0,,,,
2019-10-01,684.24,698.33,653.52,676.33,49442205,731.57,670.17,620.06,730.2,730.2,26.28,49.44,0,,625.4,,,0,,,0,,,,
2019-10-03,672.19,673.09,644.01,665.62,17615854,731.41,669.61,620.06,730.2,730.2,26.71,46.49,0,,618.2,,,0,,,0,,,,
2019-10-04,667.11,674.58,648.69,653.67,15317105,731.18,669.09,620.06,730.2,730.2,26.65,43.38,0,,610.54,,,0,,,0,,,,
2019-10-07,658.2,679.06,648.99,670.65,21554138,731.0,669.38,620.06,730.2,730.2,26.9,48.64,0,,621.33,,,0,,,0,,,,
2019-10-09,669.11,686.63,661.54,683.45,11537721,730.94,670.21,620.06,730.2,730.2,26.77,52.24,0,,629.67,,,0,,,0,,,,
2019-10-10,677.17,681.45,662.58,670.15,8679981,730.75,670.51,620.06,730.2,730.2,26.35,48.44,0,,621.37,,,0,,,0,,,,
2019-10-11,673.74,683.15,665.52,669.9,11042828,730.55,670.15,620.06,730.2,730.2,25.72,48.37,0,,621.62,,,0,,,0,,,,
2019-10-14,674.98,691.06,670.55,680.66,11099352,730.38,670.16,620.06,730.2,730.2,25.4,51.66,0,,628.78,,,0,,,0,,,,
2019-10-15,679.76,691.96,678.47,687.18,9260732,730.2,670.56,644.01,730.2,730.2,24.55,53.59,0,,641.54,,,0,,,0,,,,
2019-10-16,690.52,692.51,680.71,690.52,10404705,730.1,671.63,644.01,730.2,730.2,23.64,54.6,0,,644.3,,,0,,,0,,,,
2019-10-17,687.63,709.44,687.63,707.35,10617761,730.16,673.17,644.01,730.2,730.2,23.51,59.35,0,,655.24,,,0,,,0,,,,
2019-10-18,706.9,712.72,702.32,706.6,9500635,730.01,675.29,644.01,730.2,730.2,22.57,59.06,0,,655.38,,,0,,,0,,,,
2019-10-22,709.44,719.99,700.38,709.79,9704016,729.97,677.46,644.01,730.2,730.2,22.36,59.97,0,,657.58,,,0,,,0,,,,
2019-10-23,715.01,726.96,707.1,711.88,16158781,729.85,679.63,644.01,730.2,730.2,22.18,60.6,0,,659.05,,,0,,,0,,,,
2019-10-24,716.96,719.99,698.63,704.76,8986203,729.68,680.84,644.01,730.2,730.2,22.12,57.32,0,,654.49,,,0,,,0,,,,
2019-10-25,705.06,708.04,692.11,705.65,8226456,729.52,682.07,644.01,726.96,730.2,21.68,57.63,0,,655.36,,,0,,,0,,,,
2019-10-27,708.04,712.08,705.6,707.15,965647,729.31,683.01,648.69,726.96,726.96,20.59,58.18,0,,658.61,,,0,,,0,,,,
2019-10-29,703.56,739.81,701.32,735.38,10422117,729.32,685.52,648.99,739.81,726.96,21.87,66.87,1,735.38,676.07,676.07,676.07,1,52,2019-10-29,0,,,,
2019-10-30,741.9,746.78,732.44,744.29,10188947,729.37,687.95,661.54,746.78,739.81,21.33,69.05,0,,686.36,,686.36,1,52,2019-10-29,0,,,,
2019-10-31,744.89,746.88,729.01,733.29,8775411,729.38,690.12,662.58,746.88,746.78,21.09,63.49,0,,679.77,,686.36,1,52,2019-10-29,1,729.38,SMA150_BREAK,3,-0.82
2019-11-01,732.94,746.88,725.07,745.19,8484197,729.4,693.7,665.52,746.88,746.88,21.14,66.62,0,,688.4,,,0,,,0,,,,
2019-11-04,751.81,751.81,732.49,739.51,7851370,729.28,696.83,670.55,751.81,746.88,21.01,63.8,0,,686.5,,,0,,,0,,,,
2019-11-05,738.72,742.5,727.56,734.98,7306253,729.17,700.14,678.47,751.81,751.81,20.57,61.57,0,,686.5,,,0,,,0,,,,
2019-11-06,733.89,747.78,725.72,744.14,7821243,729.11,702.36,680.71,751.81,751.81,20.68,64.29,0,,693.09,,,0,,,0,,,,
2019-11-07,746.88,752.86,729.45,731.69,9871570,729.04,702.67,687.63,752.86,751.81,20.88,58.25,0,,687.23,,,0,,,0,,,,
2019-11-08,732.84,732.84,719.79,722.48,7427196,728.84,703.37,692.11,752.86,752.86,20.32,54.19,0,,683.16,,,0,,,0,,,,
2019-11-11,720.39,732.44,718.2,730.65,6355142,728.68,704.66,692.11,752.86,752.86,19.88,57.05,0,,688.72,,,0,,,0,,,,
2019-11-13,730.65,734.33,704.91,708.24,9290616,728.22,705.03,692.11,752.86,752.86,20.56,48.17,0,,673.81,,,0,,,0,,,,
2019-11-14,708.04,718.8,704.31,712.92,8000528,727.9,705.54,692.11,752.86,752.86,20.13,49.92,0,,677.12,,,0,,,0,,,,
2019-11-15,713.77,720.49,707.65,713.92,9315652,727.57,706.6,692.11,752.86,752.86,19.61,50.31,0,,678.11,,,0,,,0,,,,
2019-11-18,714.82,722.48,709.24,719.94,7907958,727.32,708.05,701.32,752.86,752.86,19.15,52.68,0,,685.37,,,0,,,0,,,,
2019-11-19,721.99,747.08,721.99,744.69,14424251,727.23,710.69,701.32,752.86,752.86,19.72,60.93,0,,700.95,,,0,,,0,,,,
2019-11-20,744.89,750.72,738.17,745.64,8798051,727.15,713.75,704.31,752.86,752.86,19.21,61.21,0,,702.9,,,0,,,0,,,,
2019-11-21,745.89,745.89,731.25,734.33,5529542,727.04,715.88,704.31,752.86,752.86,18.89,56.07,0,,695.82,,,0,,,0,,,,
2019-11-22,734.33,736.92,724.48,729.06,4889776,726.84,717.4,704.31,752.86,752.86,18.43,53.8,0,,692.73,,,0,,,0,,,,
2019-11-25,728.91,753.65,726.96,751.61,6888402,726.8,720.11,704.31,753.65,752.86,19.02,61.06,0,,706.88,,,0,,,0,,,,
2019-11-26,753.65,758.83,740.91,749.12,14624880,726.81,722.75,704.31,758.83,753.65,18.94,59.94,0,,705.33,,,0,,,0,,,,
2019-11-27,751.86,760.57,745.29,749.77,8436862,726.74,725.06,704.31,760.57,758.83,18.68,60.14,0,,705.92,,,0,,,0,,,,
2019-11-28,749.17,752.51,742.65,747.48,9235443,726.66,727.07,704.31,760.57,760.57,18.05,58.99,0,,704.86,,,0,,,0,,,,
2019-11-29,746.78,753.2,733.44,735.98,12674173,726.46,728.58,704.31,760.57,760.57,18.17,53.47,0,,697.36,,,0,,,0,,,,
2019-12-02,736.18,742.9,734.28,741.21,8285491,726.29,729.71,704.31,760.57,760.57,17.49,55.51,0,,701.19,,,0,,,0,,,,
2019-12-03,741.85,741.85,727.61,730.35,5408215,726.15,730.5,704.31,760.57,760.57,17.25,50.56,0,,694.34,,,0,,,0,,,,
2019-12-04,729.8,743.89,726.27,736.77,8016237,726.06,731.4,704.31,760.57,760.57,17.28,53.22,0,,698.47,,,0,,,0,,,,
2019-12-05,739.91,741.9,722.28,726.22,8151690,725.91,731.88,707.65,760.57,760.57,17.45,48.59,0,,692.66,,,0,,,0,,,,
2019-12-06,729.75,732.19,712.03,714.62,7458610,725.76,732.21,709.24,760.57,760.57,17.64,44.06,0,,685.58,,,0,,,0,,,,
2019-12-09,710.48,730.85,707.05,728.96,8977174,725.58,732.99,707.05,760.57,760.57,18.08,50.24,0,,693.81,,,0,,,0,,,,
2019-12-10,727.96,731.74,711.03,712.72,7625748,725.25,733.17,707.05,760.57,760.57,18.27,44.27,0,,683.21,,,0,,,0,,,,
2019-12-11,708.54,719.4,706.1,713.57,8266375,725.02,732.44,706.1,760.57,760.57,17.91,44.64,0,,683.68,,,0,,,0,,,,
2019-12-12,716.01,722.28,712.18,719.1,5519774,724.79,731.6,706.1,760.57,760.57,17.36,47.11,0,,687.62,,,0,,,0,,,,
2019-12-13,722.58,751.71,721.99,748.87,14834140,724.83,732.12,706.1,760.57,760.57,18.45,57.96,0,,706.09,,,0,,,0,,,,
2019-12-16,749.12,751.56,743.1,744.14,7286003,724.87,732.09,706.1,760.57,760.57,17.73,55.99,0,,703.52,,,0,,,0,,,,
2019-12-17,744.49,753.35,738.27,742.55,9788065,724.94,732.19,706.1,760.57,760.57,17.54,55.31,0,,702.62,,,0,,,0,,,,
2019-12-18,742.7,745.44,734.53,738.77,6678420,725.02,732.32,706.1,760.57,760.57,17.07,53.65,0,,700.49,,,0,,,0,,,,
2019-12-19,740.01,746.88,737.57,739.46,8400708,725.08,732.16,706.1,760.57,760.57,16.52,53.92,0,,701.31,,,0,,,0,,,,
2019-12-20,741.6,743.89,734.23,736.77,7019925,725.14,732.33,706.1,760.57,760.57,16.03,52.62,0,,699.9,,,0,,,0,,,,
2019-12-23,733.84,745.49,731.94,740.06,10250382,725.22,732.92,706.1,760.57,760.57,15.85,54.08,0,,702.14,,,0,,,0,,,,
2019-12-24,741.4,741.6,734.73,737.57,3642916,725.35,733.15,706.1,760.57,760.57,15.21,52.75,0,,700.96,,,0,,,0,,,,
2019-12-26,734.43,737.57,730.85,733.44,7919368,725.39,733.99,706.1,753.35,760.57,14.6,50.55,0,,698.7,,,0,,,0,,,,
2019-12-27,735.93,758.83,733.24,756.99,10736285,725.47,735.46,706.1,758.83,753.35,15.39,60.66,1,756.99,713.37,713.37,713.37,1,53,2019-12-27,0,,,,
2019-12-30,757.74,762.57,747.93,750.96,10034206,725.29,736.69,706.1,762.57,758.83,15.33,57.42,0,,709.51,,713.37,1,53,2019-12-27,0,,,,
2019-12-31,750.72,762.67,748.28,750.96,11660781,725.17,737.72,706.1,762.67,762.57,15.27,57.42,0,,709.56,,713.37,1,53,2019-12-27,0,,,,
2020-01-01,751.76,756.79,744.09,745.59,4917748,724.97,737.75,706.1,762.67,762.67,15.08,54.42,0,,706.22,,713.37,1,53,2019-12-27,0,,,,
2020-01-02,746.88,755.84,744.49,753.8,5156046,724.85,738.03,712.18,762.67,762.67,14.82,58.03,0,,713.72,,713.72,1,53,2019-12-27,0,,,,
2020-01-03,750.02,753.11,737.42,739.86,8489729,724.52,738.21,721.99,762.67,762.67,14.93,50.69,0,,707.92,,713.72,1,53,2019-12-27,0,,,,
2020-01-06,736.38,736.52,718.7,720.24,6356198,723.93,737.92,718.7,762.67,762.67,15.37,42.53,0,,693.87,,713.72,1,53,2019-12-27,1,723.93,SMA150_BREAK,7,-4.37
2020-01-07,724.97,734.93,718.05,722.73,9103360,723.38,736.95,718.05,762.67,762.67,15.48,43.77,0,,695.19,,,0,,,0,,,,
2020-01-08,712.28,722.73,706.15,721.49,8973215,722.86,736.03,706.15,762.67,762.67,15.56,43.27,0,,690.37,,,0,,,0,,,,
2020-01-09,730.5,741.9,727.96,739.76,7559853,722.44,735.7,706.15,762.67,762.67,15.91,51.97,0,,701.93,,,0,,,0,,,,
2020-01-10,739.91,748.67,731.74,736.97,8550490,721.99,735.35,706.15,762.67,762.67,15.98,50.69,0,,700.08,,,0,,,0,,,,
2020-01-13,736.92,743.65,732.29,734.33,6423758,721.5,735.29,706.15,762.67,762.67,15.65,49.45,0,,698.59,,,0,,,0,,,,
2020-01-14,736.92,748.28,731.15,744.79,7237665,721.01,735.41,706.15,762.67,762.67,15.75,54.22,0,,705.27,,,0,,,0,,,,
2020-01-15,743.94,745.89,734.93,743.2,7911661,720.6,735.84,706.15,762.67,762.67,15.41,53.4,0,,704.47,,,0,,,0,,,,
2020-01-16,743.4,747.28,732.04,734.23,6487613,720.17,735.76,706.15,762.67,762.67,15.4,48.88,0,,698.7,,,0,,,0,,,,
2020-01-17,731.79,739.36,727.81,736.82,7678864,719.68,736.11,706.15,762.67,762.67,15.12,50.19,0,,700.55,,,0,,,0,,,,
2020-01-20,739.86,743.1,721.99,724.18,10677371,719.11,736.43,706.15,762.67,762.67,15.55,44.22,0,,692.11,,,0,,,0,,,,
2020-01-21,723.33,726.57,713.07,714.62,8242803,718.48,735.95,706.15,762.67,762.67,15.41,40.32,0,,686.04,,,0,,,0,,,,
2020-01-22,714.02,719.74,703.66,709.64,13321307,717.77,735.85,703.66,762.67,762.67,15.45,38.42,0,,681.97,,,0,,,0,,,,
2020-01-23,722.04,734.48,716.41,719.99,20643257,717.26,736.06,703.66,762.67,762.67,16.12,44.3,0,,688.2,,,0,,,0,,,,
2020-01-24,720.39,738.62,717.4,734.33,9541490,717.0,736.57,703.66,762.67,762.67,16.49,51.25,0,,697.2,,,0,,,0,,,,
2020-01-27,729.4,745.34,727.96,737.17,9170435,716.77,736.18,703.66,762.67,762.67,16.55,52.51,0,,698.99,,,0,,,0,,,,
2020-01-28,735.33,743.4,731.94,734.08,7836737,716.55,735.84,703.66,756.79,762.67,16.19,50.96,0,,697.24,,,0,,,0,,,,
2020-01-29,736.92,742.4,730.5,732.19,7985274,716.32,735.5,703.66,755.84,756.79,15.88,49.99,0,,696.23,,,0,,,0,,,,
2020-01-30,732.69,733.34,724.28,727.86,6041343,716.06,735.14,703.66,753.11,755.84,15.39,47.75,0,,693.76,,,0,,,0,,,,
2020-01-31,731.65,734.18,722.18,726.27,8345819,715.84,734.7,703.66,748.67,753.11,15.15,46.92,0,,692.9,,,0,,,0,,,,
2020-02-03,701.77,709.84,692.66,706.0,11594991,715.36,733.67,692.66,748.67,748.67,16.47,37.86,0,,675.28,,,0,,,0,,,,
2020-02-04,709.49,717.6,707.05,712.03,9653925,714.88,732.74,692.66,748.67,748.67,16.12,41.48,0,,679.4,,,0,,,0,,,,
2020-02-05,716.46,722.63,712.23,721.04,7975101,714.38,732.19,692.66,748.67,748.67,15.73,46.49,0,,685.47,,,0,,,0,,,,
2020-02-06,724.43,741.9,719.99,733.89,9627252,713.91,732.2,692.66,748.67,748.67,16.17,52.72,0,,693.47,,,0,,,0,,,,
2020-02-07,733.64,746.08,730.95,745.04,8438354,713.51,731.8,692.66,748.28,748.67,16.1,57.35,0,,700.71,,,0,,,0,,,,
2020-02-10,743.2,743.69,735.93,738.02,4713339,713.1,731.37,692.66,748.28,748.28,15.6,53.78,0,,696.51,,,0,,,0,,,,
2020-02-11,739.91,753.95,738.91,746.83,7845657,712.74,731.23,692.66,753.95,748.28,15.62,57.37,0,,702.18,,,0,,,0,,,,
2020-02-12,748.87,757.54,747.88,752.11,6190440,712.38,731.45,692.66,757.54,753.95,15.27,59.41,0,,705.82,,,0,,,0,,,,
2020-02-13,747.98,750.32,739.21,744.69,5031706,711.99,731.15,692.66,757.54,757.54,15.1,55.4,0,,701.14,,,0,,,0,,,,
2020-02-14,744.99,749.42,729.06,733.44,6155000,711.69,730.93,692.66,757.54,757.54,15.48,49.91,0,,693.64,,,0,,,0,,,,
2020-02-17,734.33,740.01,727.16,735.33,4275465,711.37,731.44,692.66,757.54,757.54,15.29,50.79,0,,694.98,,,0,,,0,,,,
2020-02-18,734.68,734.68,721.69,730.6,5215502,711.13,731.7,692.66,757.54,757.54,15.17,48.49,0,,692.01,,,0,,,0,,,,
2020-02-19,737.57,742.0,732.29,737.97,4372673,710.96,732.25,692.66,757.54,757.54,14.9,52.13,0,,696.94,,,0,,,0,,,,
2020-02-20,739.66,750.86,734.53,741.21,7529403,710.89,732.3,692.66,757.54,757.54,15.0,53.68,0,,698.96,,,0,,,0,,,,
2020-02-24,734.88,735.33,719.99,722.43,6589087,710.73,731.81,692.66,757.54,757.54,15.45,44.65,0,,686.56,,,0,,,0,,,,
2020-02-25,726.37,728.96,719.05,725.72,5419596,710.51,731.52,707.05,757.54,757.54,15.05,46.36,0,,693.74,,,0,,,0,,,,
2020-02-26,722.28,732.69,719.0,726.37,7136975,710.36,730.91,712.23,757.54,757.54,14.95,46.7,0,,695.95,,,0,,,0,,,,
2020-02-27,725.67,736.38,713.57,732.79,8867328,710.33,730.56,713.57,757.54,757.54,15.52,50.15,0,,700.16,,,0,,,0,,,,
2020-02-28,715.91,721.69,688.13,694.4,16428944,710.12,729.24,688.13,757.54,757.54,17.6,35.41,0,,665.53,,,0,,,0,,,,
2020-03-02,706.35,710.28,672.49,681.36,13854352,709.83,727.39,672.49,757.54,757.54,19.04,31.97,0,,650.95,,,0,,,0,,,,
2020-03-03,687.03,692.91,672.19,684.29,11198145,709.56,726.06,672.19,757.54,757.54,19.16,33.53,0,,652.66,,,0,,,0,,,,
2020-03-04,687.13,693.11,665.52,679.36,14802724,709.36,724.88,665.52,757.54,757.54,19.76,32.19,0,,646.85,,,0,,,0,,,,
2020-03-05,683.65,691.11,672.44,675.08,10508008,709.06,723.73,665.52,757.54,757.54,19.68,31.03,0,,644.14,,,0,,,0,,,,
2020-03-06,647.3,658.05,638.38,654.92,12969235,708.58,721.56,638.38,757.54,757.54,20.9,26.24,0,,621.28,,,0,,,0,,,,
2020-03-09,636.34,639.18,612.54,620.96,14336369,707.94,717.78,612.54,757.54,757.54,22.43,20.5,0,,589.74,,,0,,,0,,,,
2020-03-11,611.1,631.76,609.55,616.77,11021433,707.35,713.77,609.55,757.54,757.54,22.42,19.92,0,,586.05,,,0,,,0,,,,
2020-03-12,589.54,591.53,525.95,540.99,29369378,706.48,707.33,525.95,757.54,757.54,27.3,12.85,0,,506.05,,,0,,,0,,,,
2020-03-13,514.8,583.21,449.22,566.43,25599305,705.81,701.81,449.22,750.86,757.54,34.92,22.76,0,,491.8,,,0,,,0,,,,
2020-03-16,540.09,542.73,500.26,506.49,21542970,704.72,694.43,449.22,750.86,750.86,37.16,17.66,0,,451.66,,,0,,,0,,,,
2020-03-17,513.01,529.09,475.46,486.32,20590414,703.56,686.43,449.22,750.86,750.86,38.33,16.34,0,,437.86,,,0,,,0,,,,
2020-03-18,487.96,503.95,390.47,471.48,36240904,702.2,678.61,390.47,750.86,750.86,43.7,15.42,0,,405.13,,,0,,,0,,,,
2020-03-19,439.22,463.02,421.99,426.47,33243997,700.66,669.09,390.47,750.86,750.86,44.11,13.03,0,,375.82,,,0,,,0,,,,
2020-03-20,429.61,447.83,412.48,426.37,30764236,699.12,659.27,390.47,750.86,750.86,43.49,13.03,0,,376.17,,,0,,,0,,,,
2020-03-23,383.75,390.37,300.74,307.37,37622635,696.78,645.05,300.74,736.38,750.86,49.36,8.83,0,,265.6,,,0,,,0,,,,
2020-03-24,330.57,336.1,289.79,301.89,50681510,694.48,630.28,289.79,736.38,736.38,49.14,8.69,0,,258.56,,,0,,,0,,,,
2020-03-25,292.28,362.24,284.81,325.44,51993973,692.25,616.53,284.81,736.38,736.38,51.16,14.88,0,,270.74,,,0,,,0,,,,
2020-03-26,334.55,397.34,330.62,339.98,62971564,690.03,602.97,284.81,736.38,736.38,52.64,18.56,0,,279.13,,,0,,,0,,,,
2020-03-27,368.46,407.75,352.58,358.25,71042591,687.87,589.84,284.81,721.69,736.38,53.72,23.05,0,,290.19,,,0,,,0,,,,
2020-03-30,343.57,380.41,338.93,366.62,61772544,685.85,577.24,284.81,710.28,721.69,52.85,25.09,0,,296.18,,,0,,,0,,,,
2020-03-31,382.8,388.18,371.1,377.42,34637148,683.95,565.37,284.81,693.11,710.28,50.61,27.75,0,,304.63,,,0,,,0,,,,
2020-04-01,374.69,378.22,352.53,357.16,27744593,681.94,552.76,284.81,693.11,693.11,48.83,25.89,0,,292.75,,,0,,,0,,,,
2020-04-03,358.7,360.79,322.65,324.1,41317365,679.7,539.21,284.81,691.11,693.11,48.07,23.17,0,,271.94,,,0,,,0,,,,
2020-04-07,345.96,404.06,340.93,387.23,48093237,677.74,527.52,284.81,658.05,691.11,50.35,36.84,0,,311.14,,,0,,,0,,,,
2020-04-08,382.15,425.92,371.95,389.72,64930598,675.8,515.81,284.81,639.18,658.05,50.6,37.31,0,,312.57,,,0,,,0,,,,
2020-04-09,403.32,421.24,396.99,418.4,44090546,674.09,505.67,284.81,631.76,639.18,49.24,42.65,0,,331.98,,,0,,,0,,,,
2020-04-13,416.21,426.12,400.33,417.21,33431643,672.48,495.39,284.81,591.53,631.76,47.57,42.48,0,,332.33,,,0,,,0,,,,
2020-04-15,432.2,449.77,410.74,415.56,48315019,670.85,485.03,284.81,583.21,591.53,46.96,42.25,0,,331.67,,,0,,,0,,,,
2020-04-16,406.9,425.22,399.03,420.79,42344330,669.36,474.63,284.81,542.73,583.21,45.47,43.33,0,,336.03,,,0,,,0,,,,
2020-04-17,448.13,483.88,430.6,476.81,47831797,668.25,467.37,284.81,529.09,542.73,46.73,53.45,0,,371.32,,,0,,,0,,,,
2020-04-20,480.0,481.44,449.37,454.05,42163627,666.96,459.8,284.81,503.95,529.09,45.68,49.58,0,,357.34,,,0,,,0,,,,
2020-04-21,434.19,438.12,411.23,418.9,33572119,665.3,450.95,322.65,483.88,503.95,45.48,44.25,0,,347.42,,,0,,,0,,,,
2020-04-22,416.81,432.74,410.29,429.36,36619611,663.7,442.62,322.65,483.88,483.88,43.83,46.1,0,,355.26,,,0,,,0,,,,
2020-04-23,432.79,438.02,424.28,428.26,29418000,662.03,434.39,322.65,483.88,483.88,41.69,45.93,0,,355.99,,,0,,,0,,,,
2020-04-24,414.27,417.91,399.58,402.27,35773252,660.31,425.97,322.65,483.88,483.88,40.76,41.92,0,,339.84,,,0,,,0,,,,
2020-04-27,413.27,427.71,407.4,425.52,35986805,658.67,419.45,322.65,483.88,483.88,39.66,46.43,0,,355.57,,,0,,,0,,,,
2020-04-28,436.18,456.49,433.44,453.56,43938246,657.24,414.01,322.65,483.88,483.88,39.04,51.33,0,,374.07,,,0,,,0,,,,
2020-04-29,428.96,446.98,424.18,437.27,61499689,655.91,410.56,340.93,483.88,483.88,38.35,48.55,0,,370.11,,,0,,,0,,,,
2020-04-30,449.12,459.98,438.57,443.05,40382553,654.55,406.44,371.95,483.88,483.88,37.23,49.59,0,,384.93,,,0,,,0,,,,
2020-05-04,422.24,422.24,398.04,401.13,37853978,652.99,402.93,396.99,483.88,483.88,37.79,42.81,0,,365.87,,,0,,,0,,,,
2020-05-05,412.28,417.01,384.89,387.38,50981056,651.06,399.63,384.89,483.88,483.88,37.38,40.84,0,,353.23,,,0,,,0,,,,
2020-05-06,383.4,392.81,366.52,387.23,67511628,648.82,396.83,366.52,483.88,483.88,36.59,40.82,0,,347.54,,,0,,,0,,,,
2020-05-07,385.39,400.58,381.11,395.7,41339309,646.78,395.8,366.52,483.88,483.88,35.37,42.7,0,,353.82,,,0,,,0,,,,
2020-05-08,401.82,407.75,378.07,380.46,33505509,644.71,394.27,366.52,483.88,483.88,34.96,40.22,0,,344.26,,,0,,,0,,,,
2020-05-11,389.37,391.86,375.28,377.97,30141935,642.58,396.62,366.52,483.88,483.88,33.65,39.81,0,,343.53,,,0,,,0,,,,
2020-05-12,374.74,390.17,368.46,385.24,38411107,640.5,399.4,366.52,483.88,483.88,32.8,41.67,0,,348.79,,,0,,,0,,,,
2020-05-13,409.29,414.72,397.94,412.28,48206058,638.7,402.3,366.52,483.88,483.88,32.56,48.09,0,,366.39,,,0,,,0,,,,
2020-05-14,403.37,409.29,396.0,400.28,31604212,636.86,404.31,366.52,483.88,483.88,31.4,45.68,0,,359.42,,,0,,,0,,,,
2020-05-15,401.08,402.22,385.19,386.93,25435025,635.0,405.26,366.52,483.88,483.88,30.37,43.11,0,,351.5,,,0,,,0,,,,
2020-05-18,387.38,387.38,350.84,357.31,47864748,633.02,404.95,350.84,481.44,483.88,30.81,37.98,0,,326.87,,,0,,,0,,,,
2020-05-19,367.27,370.95,348.64,353.03,42889678,630.91,404.14,348.64,459.98,481.44,30.2,37.29,0,,323.78,,,0,,,0,,,,
2020-05-20,351.53,364.78,348.54,360.99,30720803,628.76,404.27,348.54,459.98,459.98,29.21,39.49,0,,329.55,,,0,,,0,,,,
2020-05-21,361.49,367.47,354.22,355.71,24794914,626.66,405.32,348.54,459.98,459.98,28.07,38.53,0,,326.9,,,0,,,0,,,,
2020-05-22,350.64,358.25,331.47,335.55,48367892,624.43,403.6,331.47,459.98,459.98,27.98,35.01,0,,308.27,,,0,,,0,,,,
2020-05-26,340.58,346.25,334.95,339.88,30692834,622.16,401.94,331.47,459.98,459.98,26.78,36.35,0,,311.86,,,0,,,0,,,,
2020-05-27,344.66,390.82,340.08,385.39,72430787,620.15,400.84,331.47,459.98,459.98,28.51,48.43,0,,340.06,,,0,,,0,,,,
2020-05-28,388.38,405.95,385.39,389.32,72693713,618.14,399.91,331.47,459.98,459.98,27.94,49.33,0,,342.97,,,0,,,0,,,,
2020-05-29,380.41,387.63,373.79,383.35,51056390,615.98,398.83,331.47,459.98,459.98,27.06,47.97,0,,339.71,,,0,,,0,,,,
2020-06-01,392.66,407.8,390.92,395.3,44252980,613.9,397.98,331.47,422.24,459.98,26.87,50.89,0,,347.55,,,0,,,0,,,,
2020-06-02,396.35,413.27,389.92,408.39,37508638,611.89,395.7,331.47,417.01,422.24,26.62,53.94,0,,356.16,,,0,,,0,,,,
2020-06-03,420.25,430.2,403.56,407.85,49055899,609.87,394.16,331.47,430.2,417.01,26.62,53.79,0,,355.81,,,0,,,0,,,,
2020-06-04,405.91,412.18,389.92,392.71,45553578,607.79,393.29,331.47,430.2,430.2,26.31,49.66,0,,346.25,,,0,,,0,,,,
2020-06-05,397.34,408.2,388.88,403.61,39002875,605.77,392.43,331.47,430.2,430.2,25.81,52.49,0,,353.61,,,0,,,0,,,,
2020-06-08,413.27,442.9,412.28,428.46,60387580,603.92,392.44,331.47,442.9,430.2,26.77,58.24,0,,369.0,,,0,,,0,,,,
2020-06-09,433.14,440.66,414.77,418.3,46273705,601.8,392.97,331.47,442.9,442.9,26.71,55.3,0,,362.49,,,0,,,0,,,,
2020-06-10,420.44,430.9,413.57,425.67,36163051,599.68,392.98,331.47,442.9,442.9,26.04,57.0,0,,367.69,,,0,,,0,,,,
2020-06-11,424.73,433.74,407.0,411.73,45562670,597.53,391.58,331.47,442.9,442.9,26.09,52.9,0,,358.66,,,0,,,0,,,,
2020-06-12,388.38,410.78,387.53,406.3,47813512,595.27,390.55,331.47,442.9,442.9,25.95,51.35,0,,355.25,,,0,,,0,,,,
2020-06-15,404.26,404.26,382.05,387.98,39577100,592.93,388.71,334.95,442.9,442.9,25.83,46.41,0,,344.68,,,0,,,0,,,,
2020-06-16,403.22,403.32,358.9,379.96,96186227,590.56,388.01,340.08,442.9,442.9,27.16,44.39,0,,340.33,,,0,,,0,,,,
2020-06-17,375.88,396.1,373.74,387.98,56949066,588.19,388.03,358.9,442.9,442.9,26.82,46.88,0,,352.0,,,0,,,0,,,,
2020-06-18,384.39,406.35,382.4,403.71,43773580,586.0,388.58,358.9,442.9,442.9,26.61,51.45,0,,362.28,,,0,,,0,,,,
2020-06-19,405.81,420.54,405.81,415.32,52085319,583.96,389.23,358.9,442.9,442.9,25.91,54.56,0,,370.24,,,0,,,0,,,,
2020-06-22,418.25,434.09,416.36,428.36,40454004,581.94,390.83,358.9,442.9,442.9,25.4,57.83,0,,378.99,,,0,,,0,,,,
2020-06-23,428.71,443.15,428.61,441.81,30757220,580.16,392.96,358.9,443.15,442.9,24.65,60.95,0,,388.17,,,0,,,0,,,,
2020-06-24,446.14,446.64,420.44,422.88,33577082,578.23,394.21,358.9,446.64,443.15,24.76,54.81,0,,375.89,,,0,,,0,,,,
2020-06-25,417.26,426.92,408.64,419.95,49853200,576.27,394.47,358.9,446.64,446.64,24.29,53.9,0,,374.31,,,0,,,0,,,,
2020-06-26,424.23,426.97,416.26,423.08,32610915,574.29,395.23,358.9,446.64,446.64,23.32,54.76,0,,376.97,,,0,,,0,,,,
2020-06-29,413.27,414.07,400.68,403.12,36319455,572.01,395.77,358.9,446.64,446.64,23.26,48.54,0,,364.14,,,0,,,0,,,,
2020-06-30,408.3,413.08,402.37,404.96,26951915,569.74,397.35,358.9,446.64,446.64,22.36,49.11,0,,365.93,,,0,,,0,,,,
2020-07-01,408.3,435.53,404.96,431.45,53380512,567.72,399.97,358.9,446.64,446.64,22.95,56.62,0,,382.62,,,0,,,0,,,,
2020-07-02,439.17,439.66,419.55,421.44,50362770,565.67,401.98,358.9,446.64,446.64,22.74,53.41,0,,376.3,,,0,,,0,,,,
2020-07-03,428.21,429.81,421.89,426.67,31044457,563.51,404.35,358.9,446.64,446.64,21.72,54.85,0,,380.36,,,0,,,0,,,,
2020-07-06,432.34,435.78,429.31,432.2,18424079,561.39,407.57,358.9,446.64,446.64,20.82,56.38,0,,384.52,,,0,,,0,,,,
2020-07-07,431.7,447.13,424.43,445.49,37991679,559.37,411.09,373.74,447.13,446.64,20.95,59.91,0,,397.95,,,0,,,0,,,,
2020-07-08,448.13,459.48,439.17,442.3,45877067,557.33,412.99,382.4,459.48,447.13,20.91,58.68,0,,398.81,,,0,,,0,,,,
2020-07-09,445.99,455.1,444.2,451.86,29162679,555.44,415.07,400.68,459.48,459.48,20.33,61.24,0,,411.46,,,0,,,0,,,,
2020-07-10,448.03,449.57,435.18,437.77,25676354,553.41,416.89,400.68,459.48,459.48,20.07,55.76,0,,402.54,,,0,,,0,,,,
2020-07-13,442.1,444.54,430.95,438.22,21326370,551.47,418.32,400.68,459.48,459.48,19.6,55.89,0,,403.14,,,0,,,0,,,,
2020-07-14,433.09,433.99,413.67,415.96,25685579,549.33,418.57,400.68,459.48,459.48,19.96,48.04,0,,388.55,,,0,,,0,,,,
2020-07-15,422.24,442.6,420.99,424.88,43250557,547.32,419.14,400.68,459.48,459.48,20.43,51.01,0,,393.98,,,0,,,0,,,,
2020-07-16,430.15,434.34,416.71,432.2,30183647,545.44,420.45,400.68,459.48,459.48,20.23,53.37,0,,398.84,,,0,,,0,,,,
2020-07-17,432.2,438.07,422.83,431.3,33464985,543.45,421.38,400.68,459.48,459.48,19.88,53.03,0,,398.5,,,0,,,0,,,,
2020-07-20,435.88,440.96,427.51,432.2,30400586,541.58,421.5,402.37,459.48,459.48,19.42,53.35,0,,399.95,,,0,,,0,,,,
2020-07-21,438.17,449.12,436.68,444.34,43147019,539.79,422.37,404.96,459.48,459.48,19.24,57.52,0,,408.76,,,0,,,0,,,,
2020-07-22,476.01,482.59,458.19,476.96,89611937,538.17,424.08,413.67,482.59,459.48,20.6,66.26,0,,431.8,,,0,,,0,,,,
2020-07-23,470.98,472.78,457.29,458.93,40249567,536.24,425.65,413.67,482.59,482.59,20.53,59.03,0,,420.21,,,0,,,0,,,,
2020-07-24,454.7,454.7,439.71,443.75,30566635,534.24,426.9,413.67,482.59,482.59,20.44,53.72,0,,410.48,,,0,,,0,,,,
2020-07-27,445.14,446.14,428.11,429.76,21924237,532.15,428.29,413.67,482.59,482.59,20.27,49.31,0,,401.57,,,0,,,0,,,,
2020-07-28,432.2,438.17,422.64,435.23,33057573,530.13,430.14,413.67,482.59,482.59,19.93,51.01,0,,405.33,,,0,,,0,,,,
2020-07-29,433.94,445.14,432.49,439.07,24404819,528.13,431.84,413.67,482.59,482.59,19.41,52.21,0,,408.15,,,0,,,0,,,,
2020-07-30,440.06,444.05,422.98,424.08,26861618,526.04,432.52,413.67,482.59,482.59,19.53,47.32,0,,398.4,,,0,,,0,,,,
2020-07-31,427.22,432.64,419.55,429.86,27499638,523.97,433.0,413.67,482.59,482.59,19.07,49.29,0,,402.44,,,0,,,0,,,,
2020-08-03,429.81,430.1,413.97,415.61,23824107,521.83,432.58,413.67,482.59,482.59,18.86,44.83,0,,393.39,,,0,,,0,,,,
2020-08-04,420.1,429.41,415.61,427.37,24746211,519.79,432.1,413.97,482.59,482.59,18.5,48.94,0,,401.31,,,0,,,0,,,,
2020-08-05,437.17,444.99,431.35,433.14,36932321,517.63,432.44,413.97,482.59,482.59,18.43,50.87,0,,405.08,,,0,,,0,,,,
2020-08-06,434.19,436.48,425.32,431.2,33465135,515.5,432.81,413.97,482.59,482.59,17.91,50.18,0,,404.17,,,0,,,0,,,,
2020-08-07,429.66,435.18,425.37,431.5,15569399,513.37,433.09,413.97,482.59,482.59,17.33,50.29,0,,404.75,,,0,,,0,,,,
2020-08-10,432.2,435.18,427.51,429.31,14888044,511.26,433.97,413.97,482.59,482.59,16.64,49.42,0,,403.8,,,0,,,0,,,,
2020-08-11,433.49,448.03,433.49,446.14,30469633,509.21,435.34,413.97,482.59,482.59,16.79,55.77,0,,414.56,,,0,,,0,,,,
2020-08-12,442.95,450.87,437.12,449.22,23184137,507.27,435.93,413.97,482.59,482.59,16.58,56.84,0,,416.69,,,0,,,0,,,,
2020-08-13,452.21,454.85,443.5,446.24,21885850,505.44,436.76,413.97,482.59,482.59,16.2,55.45,0,,415.01,,,0,,,0,,,,
2020-08-14,449.62,449.62,423.83,434.04,36725538,503.52,437.0,413.97,482.59,482.59,16.89,50.03,0,,406.69,,,0,,,0,,,,
2020-08-17,437.27,439.17,423.58,436.33,30198343,501.62,437.14,413.97,482.59,482.59,16.79,51.0,0,,408.23,,,0,,,0,,,,
2020-08-18,437.67,445.39,433.49,443.95,21768516,499.64,437.09,413.97,482.59,482.59,16.44,54.18,0,,413.37,,,0,,,0,,,,
2020-08-19,444.15,450.07,440.61,442.35,18127671,497.68,437.09,413.97,472.78,482.59,15.95,53.39,0,,412.68,,,0,,,0,,,,
2020-08-20,436.08,439.47,431.45,433.14,16688938,495.67,436.47,413.97,454.85,472.78,15.59,49.0,0,,406.97,,,0,,,0,,,,
2020-08-21,438.17,443.0,434.44,438.62,25087973,493.63,436.5,413.97,454.85,454.85,15.18,51.56,0,,410.78,,,0,,,0,,,,
2020-08-24,442.15,447.58,440.46,443.95,18196776,491.64,436.69,415.61,454.85,454.85,14.73,53.97,0,,415.06,,,0,,,0,,,,
2020-08-25,449.07,454.5,445.24,449.92,26273592,489.74,437.82,423.58,454.85,454.85,14.43,56.58,0,,421.77,,,0,,,0,,,,
2020-08-26,450.12,462.87,447.13,461.42,25914508,487.9,439.04,423.58,462.87,454.85,14.53,61.15,0,,429.12,,,0,,,0,,,,
2020-08-27,462.07,472.53,462.07,471.08,19544214,486.22,440.33,423.58,472.53,462.87,14.28,64.53,0,,435.52,,,0,,,0,,,,
2020-08-28,474.47,510.87,474.07,507.08,59179945,484.83,442.86,423.58,510.87,472.53,16.1,73.7,0,,457.52,,,0,,,0,,,,
2020-08-31,522.27,531.63,484.28,494.68,55830536,483.4,444.94,423.58,531.63,510.87,18.34,67.25,0,,448.04,,,0,,,0,,,,
2020-09-01,492.99,501.31,477.66,483.68,33276725,481.82,446.25,423.58,531.63,531.63,18.72,62.06,0,,440.69,,,0,,,0,,,,
2020-09-02,484.98,485.92,470.14,482.39,20750575,480.15,446.43,423.58,531.63,531.63,18.51,61.46,0,,440.0,,,0,,,0,,,,
2020-09-03,486.37,487.91,471.13,472.98,14045705,478.38,446.9,423.58,531.63,531.63,18.38,57.13,0,,434.01,,,0,,,0,,,,
2020-09-04,467.05,470.98,450.72,453.31,29405304,476.51,447.22,423.58,531.63,531.63,18.66,49.3,0,,421.14,,,0,,,0,,,,
2020-09-07,455.1,465.21,448.78,456.79,25967554,474.68,448.12,431.45,531.63,531.63,18.5,50.59,0,,426.11,,,0,,,0,,,,
2020-09-08,457.89,460.48,439.42,442.5,21052285,472.77,448.36,431.45,531.63,531.63,18.68,45.48,0,,416.77,,,0,,,0,,,,
2020-09-09,438.07,441.51,423.23,429.46,31657672,470.8,448.04,423.23,531.63,531.63,18.73,41.37,0,,405.59,,,0,,,0,,,,
2020-09-10,434.64,446.83,428.96,444.99,34434841,469.06,448.74,423.23,531.63,531.63,18.66,47.46,0,,415.65,,,0,,,0,,,,
2020-09-11,444.15,447.98,437.42,445.34,18620781,467.28,449.26,423.23,531.63,531.63,18.09,47.59,0,,416.26,,,0,,,0,,,,
2020-09-14,450.12,453.11,436.18,438.72,17622727,465.4,450.03,423.23,531.63,531.63,18.0,45.27,0,,412.05,,,0,,,0,,,,
2020-09-15,439.22,450.02,434.09,447.68,17328721,463.49,450.7,423.23,531.63,531.63,17.85,48.9,0,,417.93,,,0,,,0,,,,
2020-09-16,447.68,448.73,438.17,444.15,20016188,461.48,451.07,423.23,531.63,531.63,17.33,47.56,0,,416.0,,,0,,,0,,,,
2020-09-17,439.12,444.59,436.68,441.06,14306232,459.5,451.4,423.23,531.63,531.63,16.66,46.37,0,,414.45,,,0,,,0,,,,
2020-09-18,442.7,447.43,434.24,441.51,20809690,457.47,451.73,423.23,531.63,531.63,16.41,46.58,0,,414.91,,,0,,,0,,,,
2020-09-21,441.16,442.15,418.8,421.59,19013877,455.26,451.48,418.8,531.63,531.63,16.91,39.23,0,,400.25,,,0,,,0,,,,
2020-09-22,422.24,424.88,404.61,410.29,27558176,453.03,450.28,404.61,531.63,531.63,17.15,35.78,0,,388.07,,,0,,,0,,,,
2020-09-23,416.36,421.14,404.41,418.0,18612700,450.93,449.24,404.41,531.63,531.63,17.12,39.68,0,,393.0,,,0,,,0,,,,
2020-09-24,412.28,412.58,399.48,400.78,21177182,448.7,447.73,399.48,531.63,531.63,17.22,34.63,0,,380.18,,,0,,,0,,,,
2020-09-25,405.81,414.97,398.49,413.32,20460096,446.58,447.04,398.49,531.63,531.63,17.17,40.56,0,,387.98,,,0,,,0,,,,
2020-09-28,418.25,438.77,416.31,437.42,19387091,444.58,447.07,398.49,501.31,531.63,17.76,49.96,0,,403.13,,,0,,,0,,,,
2020-09-29,440.56,441.46,423.03,425.08,19996904,442.47,446.44,398.49,487.91,501.31,17.81,45.96,0,,395.14,,,0,,,0,,,,
2020-09-30,425.22,426.32,417.01,422.88,18485278,440.48,445.79,398.49,487.91,487.91,17.2,45.26,0,,394.12,,,0,,,0,,,,
2020-10-01,428.41,443.45,425.62,441.86,21083211,438.58,446.08,398.49,470.98,487.91,17.44,52.02,0,,406.2,,,0,,,0,,,,
2020-10-05,442.2,454.55,437.22,442.3,24252318,436.69,446.21,398.49,465.21,470.98,17.43,52.17,0,,406.49,,,0,,,0,,,,
2020-10-06,447.63,450.82,440.86,447.78,19387351,434.79,446.33,398.49,460.48,465.21,16.9,54.06,0,,410.38,,,0,,,0,,,,
2020-10-07,445.14,454.05,441.66,451.22,19873734,433.17,446.38,398.49,454.55,460.48,16.58,55.26,0,,412.82,,,0,,,0,,,,
2020-10-08,453.66,459.73,445.39,450.02,20909290,431.63,446.0,398.49,459.73,454.55,16.42,54.72,0,,412.15,,,0,,,0,,,,
2020-10-09,451.42,467.85,448.28,466.1,28048230,430.17,445.83,398.49,467.85,459.73,16.64,60.28,1,466.1,422.37,422.37,422.37,1,54,2020-10-09,0,,,,
2020-10-12,471.53,478.0,460.38,466.05,21261504,428.75,444.46,398.49,478.0,467.85,16.71,60.26,0,,422.29,,422.37,1,54,2020-10-09,0,,,,
2020-10-13,463.96,471.03,457.84,459.43,15582492,427.31,443.29,398.49,478.0,478.0,16.46,56.92,0,,418.19,,422.37,1,54,2020-10-09,0,,,,
2020-10-14,456.1,472.68,452.11,469.34,13984621,426.08,442.81,398.49,478.0,478.0,16.75,60.45,0,,424.39,,424.39,1,54,2020-10-09,0,,,,
2020-10-15,471.43,479.95,458.09,460.68,28971494,425.01,442.09,398.49,479.95,478.0,17.12,56.12,0,,418.56,,424.39,1,54,2020-10-09,0,,,,
2020-10-16,463.22,473.52,461.07,470.44,16288157,424.03,442.0,398.49,479.95,479.95,16.81,59.63,0,,425.06,,425.06,1,54,2020-10-09,0,,,,
2020-10-19,475.07,493.84,474.27,490.9,28131936,423.7,443.26,416.31,493.84,479.95,17.28,65.8,1,490.9,443.88,443.88,443.88,1,54,2020-10-09,0,,,,
2020-10-20,483.83,496.58,483.08,491.9,21376064,423.2,444.43,417.01,496.58,493.84,17.01,66.08,0,,444.94,,444.94,1,54,2020-10-09,0,,,,
2020-10-21,494.83,505.39,484.58,499.36,27029535,423.15,446.32,417.01,505.39,496.58,17.28,68.12,1,499.36,449.57,449.57,449.57,1,54,2020-10-09,0,,,,
2020-10-22,493.94,510.87,493.59,508.18,30022336,423.3,448.95,425.62,510.87,505.39,17.28,70.39,0,,458.13,,458.13,1,54,2020-10-09,0,,,,
2020-10-23,511.76,513.36,502.4,505.09,18810262,423.52,450.95,437.22,513.36,510.87,16.83,68.55,0,,460.3,,460.3,1,54,2020-10-09,0,,,,
2020-10-26,506.14,507.73,488.86,491.3,17446937,423.95,452.48,440.86,513.36,513.36,16.98,60.89,0,,452.52,,460.3,1,54,2020-10-09,0,,,,
2020-10-27,491.95,510.12,480.64,505.99,24239860,424.49,454.72,441.66,513.36,513.36,17.87,65.33,0,,461.67,,461.67,1,54,2020-10-09,0,,,,
2020-10-28,508.68,515.35,491.45,502.6,30343575,425.79,456.55,445.39,515.35,513.36,18.3,63.54,0,,460.44,,461.67,1,54,2020-10-09,0,,,,
2020-10-29,503.9,514.2,487.32,491.8,50934336,427.05,458.14,448.28,515.35,515.35,18.91,58.07,0,,454.03,,461.67,1,54,2020-10-09,0,,,,
2020-10-30,492.94,499.46,479.6,490.45,23140833,428.15,459.79,452.11,515.35,515.35,18.98,57.4,0,,454.39,,461.67,1,54,2020-10-09,0,,,,
2020-11-02,494.78,529.49,493.04,520.48,37597227,429.36,462.42,452.11,529.49,515.35,20.41,66.58,1,520.48,472.8,472.8,472.8,1,54,2020-10-09,0,,,,
2020-11-03,522.82,534.77,521.82,531.93,25991938,430.51,466.1,452.11,534.77,529.49,19.98,69.29,0,,480.48,,480.48,1,54,2020-10-09,0,,,,
2020-11-04,522.92,531.63,508.88,522.97,28905623,431.56,469.85,458.09,534.77,534.77,20.2,64.85,0,,476.55,,480.48,1,54,2020-10-09,0,,,,
2020-11-05,532.68,540.24,525.36,537.06,23728389,432.62,473.82,461.07,540.24,534.77,19.99,68.29,1,537.06,486.77,486.77,486.77,1,54,2020-10-09,0,,,,
2020-11-06,536.51,543.73,528.99,539.5,22256961,433.84,478.45,474.27,543.73,540.24,19.61,68.86,0,,492.99,,492.99,1,54,2020-10-09,0,,,,
2020-11-09,547.71,565.64,545.97,562.7,26041462,435.43,483.43,479.6,565.64,543.73,20.08,73.69,1,562.7,509.42,509.42,509.42,1,54,2020-10-09,0,,,,
2020-11-10,569.62,585.56,565.89,581.17,34935409,436.72,488.22,479.6,585.56,565.64,20.28,76.78,0,,521.2,,521.2,1,54,2020-10-09,0,,,,
2020-11-11,577.44,608.61,574.0,606.12,50289937,438.16,494.25,479.6,608.61,585.56,21.3,80.17,0,,536.61,,536.61,1,54,2020-10-09,0,,,,
2020-11-12,599.45,607.91,586.35,597.21,34244439,439.35,500.06,479.6,608.61,608.61,21.32,75.91,0,,530.85,,536.61,1,54,2020-10-09,0,,,,
2020-11-13,592.53,609.8,581.87,607.81,28813262,440.63,505.6,479.6,609.8,608.61,21.79,77.44,0,,537.38,,537.38,1,54,2020-10-09,0,,,,
2020-11-14,611.4,615.43,603.03,610.6,3211214,441.93,511.21,479.6,615.43,609.8,21.12,77.85,1,610.6,539.62,539.62,539.62,1,54,2020-10-09,0,,,,
2020-11-17,610.6,628.28,606.47,626.19,25960060,443.3,517.15,479.6,628.28,615.43,21.17,79.98,0,,549.65,,549.65,1,54,2020-10-09,0,,,,
2020-11-18,622.4,637.34,619.46,633.65,24928180,444.34,523.23,479.6,637.34,628.28,20.94,80.93,0,,554.61,,554.61,1,54,2020-10-09,0,,,,
2020-11-19,616.43,630.37,606.52,608.96,26525371,445.37,528.53,479.6,637.34,637.34,21.38,69.24,0,,538.39,,554.61,1,54,2020-10-09,0,,,,
2020-11-20,612.44,613.94,589.54,605.32,29556191,446.62,533.17,493.04,637.34,637.34,21.59,67.69,0,,540.38,,554.61,1,54,2020-10-09,0,,,,
2020-11-23,608.41,610.05,590.24,593.12,23728765,447.71,537.41,508.88,637.34,637.34,21.47,62.62,0,,537.88,,554.61,1,54,2020-10-09,0,,,,
2020-11-24,600.49,620.01,598.05,617.07,30742369,448.97,542.66,508.88,637.34,637.34,21.85,67.73,0,,553.07,,554.61,1,54,2020-10-09,0,,,,
2020-11-25,622.4,627.38,593.52,597.36,35115637,450.27,546.93,525.36,637.34,637.34,22.71,60.42,0,,545.28,,554.61,1,54,2020-10-09,0,,,,
2020-11-26,599.75,615.63,591.58,610.0,35476456,451.5,551.91,528.99,637.34,637.34,22.81,63.16,0,,554.58,,554.61,1,54,2020-10-09,0,,,,
2020-11-27,609.46,611.1,596.26,599.1,29921076,452.47,556.2,545.97,637.34,637.34,22.24,59.34,0,,553.58,,554.61,1,54,2020-10-09,0,,,,
2020-12-01,608.46,612.44,593.72,601.14,21285697,453.56,559.87,565.89,637.34,637.34,21.99,59.83,0,,561.71,,561.71,1,54,2020-10-09,0,,,,
2020-12-02,604.48,610.95,598.75,605.57,19070722,454.64,563.66,574.0,637.34,637.34,21.29,60.93,0,,567.73,,567.73,1,54,2020-10-09,0,,,,
2020-12-03,607.61,608.46,597.85,600.19,17746316,455.97,567.02,581.87,637.34,637.34,20.52,58.82,0,,567.4,,567.73,1,54,2020-10-09,0,,,,
2020-12-04,604.08,613.89,600.69,611.94,20019707,457.47,570.48,581.87,637.34,637.34,20.04,61.92,0,,575.3,,575.3,1,54,2020-10-09,0,,,,
2020-12-07,614.38,621.8,609.9,616.68,24658169,459.0,574.2,589.54,637.34,637.34,19.46,63.13,0,,581.3,,581.3,1,54,2020-10-09,0,,,,
2020-12-08,616.53,621.26,609.06,618.07,16005349,460.48,578.42,589.54,637.34,637.34,18.94,63.49,0,,582.54,,582.54,1,54,2020-10-09,0,,,,
2020-12-09,616.58,634.05,616.43,631.56,22000284,462.15,582.61,589.54,637.34,637.34,18.84,66.92,0,,591.31,,591.31,1,54,2020-10-09,0,,,,
2020-12-10,621.9,629.82,617.77,624.44,16126862,463.8,586.67,589.54,637.34,637.34,18.48,63.53,0,,586.96,,591.31,1,54,2020-10-09,0,,,,
2020-12-11,623.75,629.02,605.82,610.7,17950692,465.3,590.64,589.54,637.34,637.34,18.82,57.48,0,,577.87,,591.31,1,54,2020-10-09,0,,,,
2020-12-14,613.44,621.21,609.85,613.34,14567480,466.64,594.73,590.24,637.34,637.34,18.29,58.3,0,,580.16,,591.31,1,54,2020-10-09,0,,,,
2020-12-15,613.19,613.19,599.8,604.58,22311290,468.0,597.54,591.58,637.34,637.34,17.95,54.54,0,,575.18,,591.31,1,54,2020-10-09,0,,,,
2020-12-16,611.0,612.34,602.29,603.58,14860853,469.45,599.92,591.58,637.34,637.34,17.38,54.11,0,,574.91,,591.31,1,54,2020-10-09,0,,,,
2020-12-17,604.73,608.46,600.69,602.88,14598759,471.08,602.59,591.58,634.05,637.34,16.7,53.79,0,,574.92,,591.31,1,54,2020-10-09,0,,,,
2020-12-18,601.89,608.46,594.02,606.97,17301814,472.78,604.92,593.72,634.05,634.05,16.54,55.44,0,,578.38,,591.31,1,54,2020-10-09,0,,,,
2020-12-21,602.73,604.73,571.02,580.08,18580262,474.24,606.27,571.02,634.05,634.05,17.92,44.23,0,,552.54,,591.31,1,54,2020-10-09,1,591.31,TRAILING_STOP,51,26.86
2020-12-22,582.57,591.48,566.04,587.3,19896386,475.78,607.09,566.04,634.05,634.05,18.46,47.31,0,,555.18,,,0,,,0,,,,
2020-12-23,586.55,592.03,581.87,589.99,12247401,477.48,607.38,566.04,634.05,634.05,17.87,48.45,0,,557.31,,,0,,,0,,,,
2020-12-24,592.53,611.45,591.68,607.66,15488083,479.26,607.44,566.04,634.05,634.05,18.12,55.31,0,,568.54,,,0,,,0,,,,
2020-12-28,611.45,618.22,611.45,615.08,8444506,480.79,608.03,566.04,634.05,634.05,17.58,57.85,0,,573.68,,,0,,,0,,,,
2020-12-29,618.12,629.77,616.03,627.58,13765454,482.38,608.69,566.04,634.05,634.05,17.38,61.78,0,,581.88,,,0,,,0,,,,
2020-12-30,629.62,631.36,615.63,622.5,10262221,483.98,609.09,566.04,634.05,634.05,17.26,59.36,0,,578.69,,,0,,,0,,,,
2020-12-31,619.81,623.35,613.44,617.87,12306502,485.46,608.81,566.04,634.05,634.05,16.73,57.15,0,,576.05,,,0,,,0,,,,
2021-01-01,617.67,622.85,614.98,621.21,6047062,486.88,608.39,566.04,634.05,634.05,16.1,58.35,0,,578.63,,,0,,,0,,,,
2021-01-04,625.19,630.37,618.72,622.1,14068156,488.31,608.83,566.04,634.05,634.05,15.78,58.69,0,,579.41,,,0,,,0,,,,
2021-01-05,615.43,665.12,615.43,661.69,37973963,490.1,610.71,566.04,665.12,634.05,18.2,70.11,1,661.69,603.33,603.33,603.33,1,55,2021-01-05,0,,,,
2021-01-06,659.25,664.38,646.45,651.53,20829645,491.75,612.66,566.04,665.12,665.12,18.19,65.13,0,,596.79,,603.33,1,55,2021-01-05,0,,,,
2021-01-07,656.26,673.69,656.26,668.31,17887570,493.35,614.37,566.04,673.69,665.12,18.47,69.04,1,668.31,607.43,607.43,607.43,1,55,2021-01-05,0,,,,
2021-01-08,675.18,676.03,665.72,669.9,12272794,495.03,616.78,566.04,676.03,673.69,17.89,69.39,0,,608.84,,608.84,1,55,2021-01-05,0,,,,
2021-01-11,673.19,673.84,657.41,664.18,7928365,496.62,618.59,566.04,676.03,676.03,17.78,66.48,0,,605.22,,608.84,1,55,2021-01-05,0,,,,
2021-01-12,658.55,682.15,656.51,672.89,13301893,498.36,621.05,566.04,682.15,676.03,18.34,68.63,0,,610.47,,610.47,1,55,2021-01-05,0,,,,
2021-01-13,673.19,688.33,666.27,684.94,15645903,500.22,623.84,581.87,688.33,682.15,18.61,71.38,1,684.94,623.34,623.34,623.34,1,55,2021-01-05,0,,,,
2021-01-14,675.68,684.94,671.84,673.19,9337503,502.12,626.1,591.68,688.33,688.33,18.22,65.37,0,,619.29,,623.34,1,55,2021-01-05,0,,,,
2021-01-15,674.78,680.11,666.82,672.04,12339771,504.07,628.49,611.45,688.33,688.33,17.86,64.8,0,,625.37,,625.37,1,55,2021-01-05,0,,,,
2021-01-18,671.65,672.19,648.44,654.27,13460603,505.84,629.9,613.44,688.33,688.33,18.28,56.52,0,,614.29,,625.37,1,55,2021-01-05,0,,,,
2021-01-19,660.79,669.16,657.01,665.97,9010539,507.59,631.55,613.44,688.33,688.33,18.04,60.13,0,,622.0,,625.37,1,55,2021-01-05,0,,,,
2021-01-20,661.24,678.12,661.24,672.94,9980614,509.31,633.38,613.44,688.33,688.33,17.96,62.15,0,,626.55,,626.55,1,55,2021-01-05,0,,,,
2021-01-21,677.92,692.11,666.97,673.04,15849438,510.94,634.76,614.98,692.11,688.33,18.47,62.18,0,,626.79,,626.79,1,55,2021-01-05,0,,,,
2021-01-22,667.21,671.1,636.14,641.82,21392223,512.27,635.34,615.43,692.11,692.11,19.79,49.25,0,,605.93,,626.79,1,55,2021-01-05,0,,,,
2021-01-25,651.28,665.22,636.69,655.66,21325345,513.82,636.84,615.43,692.11,692.11,20.41,53.83,0,,614.44,,626.79,1,55,2021-01-05,0,,,,
2021-01-27,657.21,661.04,624.79,629.47,24462588,515.22,637.37,624.79,692.11,692.11,21.54,45.47,0,,599.91,,626.79,1,55,2021-01-05,1,626.79,TRAILING_STOP,16,-5.27
2021-01-28,619.41,671.89,613.44,667.91,64303975,516.85,639.49,613.44,692.11,692.11,24.18,56.22,0,,619.16,,,0,,,0,,,,
2021-01-29,668.21,673.04,650.28,660.14,31273252,518.57,641.37,613.44,692.11,692.11,24.08,53.91,0,,614.22,,,0,,,0,,,,
2021-02-01,662.24,714.02,651.63,706.4,30648270,520.58,644.82,613.44,714.02,692.11,26.81,63.53,1,706.4,642.23,642.23,642.23,1,56,2021-02-01,0,,,,
2021-02-02,716.26,741.85,701.27,711.23,28703320,522.44,648.3,613.44,741.85,714.02,27.8,64.37,0,,644.69,,644.69,1,56,2021-02-01,0,,,,
2021-02-03,717.01,733.74,712.57,730.75,23541361,524.5,653.32,613.44,741.85,741.85,27.42,67.6,0,,657.53,,657.53,1,56,2021-02-01,0,,,,
2021-02-04,726.96,742.4,717.6,740.81,20490289,526.6,658.44,613.44,742.4,741.85,27.23,69.16,0,,664.15,,664.15,1,56,2021-02-01,0,,,,
2021-02-05,745.89,763.11,714.02,716.61,31121503,528.49,662.66,613.44,763.11,742.4,28.79,61.51,0,,647.5,,664.15,1,56,2021-02-01,0,,,,
2021-02-08,722.98,744.69,722.98,733.09,15662890,530.41,666.84,613.44,763.11,763.11,28.74,64.4,0,,658.16,,664.15,1,56,2021-02-01,0,,,,
2021-02-09,732.69,746.88,723.18,739.41,22307807,532.39,670.98,613.44,763.11,763.11,28.38,65.47,0,,662.48,,664.15,1,56,2021-02-01,0,,,,
2021-02-10,738.47,743.3,723.08,731.74,15140744,534.26,674.45,613.44,763.11,763.11,27.8,63.0,0,,657.92,,664.15,1,56,2021-02-01,0,,,,
2021-02-11,727.96,741.06,727.96,737.02,11897710,536.25,678.27,613.44,763.11,763.11,26.75,64.0,0,,662.02,,664.15,1,56,2021-02-01,0,,,,
2021-02-12,732.44,751.56,731.5,747.28,15668442,538.31,682.58,613.44,763.11,763.11,26.27,65.94,0,,668.96,,668.96,1,56,2021-02-01,0,,,,
2021-02-15,756.74,795.68,750.77,790.7,20648115,540.81,688.23,613.44,795.68,763.11,27.85,72.66,1,790.7,695.91,695.91,695.91,1,56,2021-02-01,0,,,,
2021-02-16,795.68,795.68,763.81,771.83,23968943,543.13,693.23,613.44,795.68,795.68,28.14,66.52,0,,683.55,,695.91,1,56,2021-02-01,0,,,,
2021-02-17,770.78,781.74,761.12,774.52,16956357,545.41,696.99,613.44,795.68,795.68,27.6,66.95,0,,685.64,,695.91,1,56,2021-02-01,0,,,,
2021-02-18,771.78,778.75,760.82,773.77,19685663,547.69,701.06,650.28,795.68,795.68,26.91,66.69,0,,697.9,,697.9,1,56,2021-02-01,0,,,,
2021-02-19,769.69,773.97,738.27,746.53,15634787,549.79,703.67,651.63,795.68,795.68,27.54,58.0,0,,680.36,,697.9,1,56,2021-02-01,0,,,,
2021-02-22,746.53,746.73,712.03,716.46,18123202,551.6,705.22,701.27,795.68,795.68,28.05,50.22,0,,677.17,,697.9,1,56,2021-02-01,0,,,,
2021-02-23,729.3,731.89,709.64,712.97,16804763,553.17,706.85,709.64,795.68,795.68,27.64,49.39,0,,677.99,,697.9,1,56,2021-02-01,0,,,,
2021-02-24,719.0,751.76,714.07,746.28,11207286,555.09,709.29,709.64,795.68,795.68,28.43,56.73,0,,698.94,,698.94,1,56,2021-02-01,0,,,,
2021-02-25,761.82,780.24,758.98,767.45,26635119,557.25,712.04,709.64,795.68,795.68,28.83,60.63,0,,712.33,,712.33,1,56,2021-02-01,0,,,,
2021-02-26,742.9,755.55,715.66,721.79,31306177,559.19,713.66,709.64,795.68,795.68,30.47,50.12,0,,681.79,,712.33,1,56,2021-02-01,0,,,,
2021-03-01,734.93,740.41,719.25,725.52,14301187,561.13,715.45,709.64,795.68,795.68,29.8,50.87,0,,684.64,,712.33,1,56,2021-02-01,0,,,,
2021-03-02,727.41,737.42,719.0,728.21,14503453,563.06,717.91,709.64,795.68,795.68,28.99,51.44,0,,686.92,,712.33,1,56,2021-02-01,0,,,,
2021-03-03,737.42,757.64,732.04,750.82,13603791,565.24,720.74,709.64,795.68,795.68,29.02,56.03,0,,701.48,,712.33,1,56,2021-02-01,0,,,,
2021-03-04,728.06,748.33,728.06,733.74,16896947,567.26,722.77,709.64,795.68,795.68,28.57,52.03,0,,690.76,,712.33,1,56,2021-02-01,0,,,,
2021-03-05,728.96,741.01,717.5,727.71,16358252,569.34,724.59,709.64,795.68,795.68,28.21,50.65,0,,687.11,,712.33,1,56,2021-02-01,0,,,,
2021-03-08,731.94,749.37,728.96,740.21,13898556,571.43,727.87,709.64,795.68,795.68,27.74,53.4,0,,695.49,,712.33,1,56,2021-02-01,0,,,,
2021-03-09,755.55,755.55,736.92,742.35,18951683,573.49,730.76,709.64,795.68,795.68,27.09,53.88,0,,697.3,,712.33,1,56,2021-02-01,0,,,,
2021-03-10,747.38,762.52,746.03,757.59,13377990,575.66,735.03,709.64,795.68,795.68,26.6,57.21,0,,707.46,,712.33,1,56,2021-02-01,0,,,,
2021-03-12,769.39,773.37,741.9,747.48,16343307,577.77,737.68,709.64,795.68,795.68,26.95,54.4,0,,700.71,,712.33,1,56,2021-02-01,0,,,,
2021-03-15,750.86,750.86,713.67,741.3,22466579,579.85,740.39,709.64,795.68,795.68,27.68,52.7,0,,696.23,,712.33,1,56,2021-02-01,0,,,,
2021-03-16,747.88,748.87,732.89,734.68,11358574,581.77,741.33,709.64,795.68,795.68,26.84,50.86,0,,692.52,,712.33,1,56,2021-02-01,0,,,,
2021-03-17,735.93,738.91,721.69,724.87,12380976,583.61,741.78,713.67,781.74,795.68,26.16,48.18,0,,687.99,,712.33,1,56,2021-02-01,0,,,,
2021-03-18,732.94,740.01,704.31,715.76,12261544,585.41,741.28,704.31,780.24,781.74,26.84,45.76,0,,678.54,,712.33,1,56,2021-02-01,1,712.33,TRAILING_STOP,33,0.84
2021-03-19,706.05,726.32,700.57,723.23,20377672,587.34,740.7,700.57,780.24,780.24,26.76,48.06,0,,682.17,,,0,,,0,,,,
2021-03-22,716.01,726.96,706.35,713.22,14802230,589.18,740.58,700.57,780.24,780.24,26.32,45.29,0,,676.0,,,0,,,0,,,,
2021-03-23,715.01,736.43,711.13,727.51,15949688,591.07,740.4,700.57,780.24,780.24,26.25,49.74,0,,685.27,,,0,,,0,,,,
2021-03-24,720.24,721.99,700.38,703.46,14379147,592.81,739.2,700.38,780.24,780.24,26.31,43.35,0,,669.65,,,0,,,0,,,,
2021-03-25,706.55,707.94,677.17,691.71,21179280,594.54,737.87,677.17,780.24,780.24,26.63,40.61,0,,654.12,,,0,,,0,,,,
2021-03-26,704.06,704.06,690.27,695.3,13143312,596.25,736.48,677.17,773.37,780.24,25.71,41.82,0,,657.05,,,0,,,0,,,,
2021-03-30,702.07,710.33,688.13,692.46,25965218,597.91,734.65,677.17,773.37,773.37,25.46,41.1,0,,655.39,,,0,,,0,,,,
2021-03-31,693.11,700.62,689.22,694.55,14924620,599.54,731.44,677.17,773.37,773.37,24.46,41.89,0,,657.4,,,0,,,0,,,,
2021-04-01,703.36,714.02,692.66,710.04,13090326,601.19,729.38,677.17,773.37,773.37,24.24,47.49,0,,667.54,,,0,,,0,,,,
2021-04-05,704.26,705.5,674.63,682.4,16239521,602.6,726.31,674.63,773.37,773.37,25.03,40.07,0,,648.34,,,0,,,0,,,,
2021-04-06,687.23,690.62,672.69,675.08,12062011,603.72,723.02,672.69,773.37,773.37,24.53,38.36,0,,643.31,,,0,,,0,,,,
2021-04-07,677.67,689.02,665.62,685.39,14433515,604.99,720.98,665.62,773.37,773.37,24.45,42.11,0,,647.65,,,0,,,0,,,,
2021-04-08,688.62,692.61,676.53,678.77,9026398,606.29,719.73,665.62,773.37,773.37,23.85,40.41,0,,643.78,,,0,,,0,,,,
2021-04-09,676.48,683.94,664.23,665.42,12509114,607.52,718.14,664.23,773.37,773.37,23.55,37.15,0,,634.9,,,0,,,0,,,,
2021-04-12,648.29,652.28,624.04,632.96,14649541,608.58,714.37,624.04,773.37,773.37,24.83,30.68,0,,599.72,,,0,,,0,,,,
2021-04-13,632.96,662.09,627.38,658.25,12737650,609.95,710.73,624.04,750.86,773.37,25.53,39.52,0,,615.56,,,0,,,0,,,,
2021-04-15,663.68,668.56,649.59,666.07,15195951,611.34,708.87,624.04,748.87,750.86,25.06,41.98,0,,620.92,,,0,,,0,,,,
2021-04-16,665.87,672.44,659.6,666.42,12242522,612.84,706.9,624.04,740.01,748.87,24.19,42.1,0,,621.73,,,0,,,0,,,,
2021-04-19,647.3,652.58,628.38,645.46,17292072,614.28,704.14,624.04,740.01,740.01,25.18,37.37,0,,607.55,,,0,,,0,,,,
2021-04-20,653.27,659.25,640.33,649.04,12296248,615.64,700.75,624.04,736.43,740.01,24.73,38.64,0,,610.16,,,0,,,0,,,,
2021-04-22,638.33,658.2,631.76,655.96,19385102,617.04,698.16,624.04,736.43,736.43,24.85,41.12,0,,614.54,,,0,,,0,,,,
2021-04-23,653.27,674.68,648.19,668.56,19167768,618.57,696.18,624.04,736.43,736.43,24.97,45.44,0,,622.59,,,0,,,0,,,,
2021-04-26,691.11,700.87,681.65,697.54,21646184,620.24,694.76,624.04,721.99,736.43,25.5,53.83,0,,640.93,,,0,,,0,,,,
2021-04-27,688.23,700.97,681.26,696.64,46559967,621.92,693.24,624.04,714.02,721.99,25.08,53.56,0,,640.62,,,0,,,0,,,,
2021-04-28,705.06,709.54,685.29,705.21,54060587,623.68,691.49,624.04,714.02,714.02,25.02,55.87,0,,646.19,,,0,,,0,,,,
2021-04-29,709.04,723.88,704.06,716.41,25939327,625.52,690.46,624.04,723.88,714.02,24.65,58.77,0,,653.66,,,0,,,0,,,,
2021-04-30,702.07,726.82,702.07,711.93,23011654,627.45,689.48,624.04,726.82,723.88,24.66,57.15,0,,650.77,,,0,,,0,,,,
2021-05-03,703.06,705.06,689.22,699.83,13752878,629.38,688.32,624.04,726.82,726.82,24.52,52.92,0,,643.06,,,0,,,0,,,,
2021-05-04,701.07,715.66,695.2,697.44,11980155,631.24,687.4,624.04,726.82,726.82,24.23,52.1,0,,641.71,,,0,,,0,,,,
2021-05-05,706.05,716.06,697.09,714.22,11155033,633.33,687.35,627.38,726.82,726.82,23.85,57.13,0,,653.9,,,0,,,0,,,,
2021-05-06,715.01,719.84,707.3,712.77,9484934,635.33,687.0,628.38,726.82,726.82,23.05,56.57,0,,653.83,,,0,,,0,,,,
2021-05-07,718.0,723.88,711.03,713.77,7131970,637.17,687.02,628.38,726.82,726.82,22.32,56.88,0,,654.96,,,0,,,0,,,,
2021-05-10,720.49,721.99,711.03,712.28,7980462,639.09,686.51,628.38,726.82,726.82,21.51,56.24,0,,654.54,,,0,,,0,,,,
2021-05-11,701.87,710.73,700.08,704.41,12736700,640.96,686.54,631.76,726.82,726.82,20.84,52.84,0,,651.04,,,0,,,0,,,,
2021-05-12,701.07,702.82,686.18,688.43,10856584,642.61,686.43,631.76,726.82,726.82,20.65,46.67,0,,640.85,,,0,,,0,,,,
2021-05-14,692.11,695.7,678.57,682.15,9377968,644.21,686.0,648.19,726.82,726.82,20.4,44.48,0,,642.45,,,0,,,0,,,,
2021-05-17,688.62,707.35,681.55,706.3,12099197,645.93,686.46,678.57,726.82,726.82,20.79,53.54,0,,667.89,,,0,,,0,,,,
2021-05-18,717.01,722.98,705.55,708.69,19519055,647.65,686.93,678.57,726.82,726.82,20.55,54.33,0,,669.6,,,0,,,0,,,,
2021-05-19,701.07,720.69,699.28,713.82,20244016,649.41,687.05,678.57,726.82,726.82,20.61,56.06,0,,672.86,,,0,,,0,,,,
2021-05-20,705.65,711.43,701.62,702.96,18840413,650.98,687.74,678.57,726.82,726.82,20.01,51.59,0,,666.26,,,0,,,0,,,,
2021-05-21,704.06,730.35,704.06,727.86,15883692,652.73,689.5,678.57,730.35,726.82,20.54,59.56,0,,681.97,,,0,,,0,,,,
2021-05-24,727.36,744.39,723.73,738.07,15716900,654.59,691.25,678.57,744.39,730.35,20.55,62.3,0,,688.55,,,0,,,0,,,,
2021-05-25,741.3,741.9,722.83,728.51,11344261,656.32,692.91,678.57,744.39,744.39,20.44,58.31,0,,682.45,,,0,,,0,,,,
2021-05-26,734.93,738.32,726.47,732.04,9081086,658.12,695.13,678.57,744.39,744.39,19.83,59.35,0,,685.14,,,0,,,0,,,,
2021-05-27,734.13,750.72,727.96,747.23,23040846,659.97,698.94,678.57,750.72,744.39,20.04,63.54,1,747.23,694.8,694.8,694.8,1,57,2021-05-27,0,,,,
2021-05-28,749.47,756.54,735.43,736.77,17149692,661.61,701.56,678.57,756.54,750.72,20.11,59.03,0,,688.0,,694.8,1,57,2021-05-27,0,,,,
2021-05-31,734.83,749.87,730.95,747.58,9275086,663.31,704.28,678.57,756.54,756.54,20.03,62.03,0,,695.03,,695.03,1,57,2021-05-27,0,,,,
2021-06-01,750.42,750.86,738.07,742.05,6660243,664.93,706.8,678.57,756.54,756.54,19.51,59.62,0,,691.81,,695.03,1,57,2021-05-27,0,,,,
2021-06-02,741.7,742.2,731.15,733.94,9973043,666.44,709.75,678.57,756.54,756.54,18.91,56.18,0,,686.98,,695.03,1,57,2021-05-27,0,,,,
2021-06-03,739.91,749.12,735.93,747.53,8170508,668.05,713.03,678.57,756.54,756.54,18.64,60.31,0,,695.92,,695.92,1,57,2021-05-27,0,,,,
2021-06-04,747.88,756.74,737.02,738.96,10336011,669.7,715.8,681.55,756.74,756.54,18.72,56.68,0,,691.33,,695.92,1,57,2021-05-27,0,,,,
2021-06-07,740.01,750.82,738.42,747.98,6986728,671.32,718.44,699.28,756.74,756.74,18.27,59.45,0,,703.36,,703.36,1,57,2021-05-27,0,,,,
2021-06-08,747.88,747.98,736.43,743.25,6426815,672.92,719.97,699.28,756.74,756.74,17.79,57.38,0,,700.63,,703.36,1,57,2021-05-27,0,,,,
2021-06-09,742.9,748.13,727.11,733.69,8004726,674.53,721.2,701.62,756.74,756.74,18.02,53.34,0,,695.09,,703.36,1,57,2021-05-27,0,,,,
2021-06-10,736.38,742.25,729.85,741.16,7795125,676.21,722.4,704.06,756.74,756.74,17.62,55.95,0,,700.99,,703.36,1,57,2021-05-27,0,,,,
2021-06-11,743.15,743.15,733.94,735.38,4840759,677.64,723.03,722.83,756.74,756.74,17.02,53.46,0,,703.92,,703.92,1,57,2021-05-27,0,,,,
2021-06-14,732.84,738.32,721.99,733.19,5190670,678.98,723.74,721.99,756.74,756.74,16.97,52.5,0,,702.26,,703.92,1,57,2021-05-27,0,,,,
2021-06-15,732.94,748.87,728.96,747.78,9686490,680.48,725.34,721.99,756.74,756.74,17.18,57.9,0,,711.53,,711.53,1,57,2021-05-27,0,,,,
2021-06-16,745.69,753.7,743.15,746.68,8614096,681.88,726.98,721.99,756.74,756.74,16.7,57.37,0,,711.14,,711.53,1,57,2021-05-27,0,,,,
2021-06-17,738.86,742.3,732.94,735.53,6674329,683.18,727.69,721.99,756.74,756.74,16.49,52.16,0,,704.09,,711.53,1,57,2021-05-27,0,,,,
2021-06-18,739.06,740.11,719.25,733.24,8143792,684.32,728.37,719.25,756.74,756.74,16.8,51.14,0,,701.49,,711.53,1,57,2021-05-27,0,,,,
2021-06-21,721.99,737.82,717.5,736.47,6464497,685.35,729.13,717.5,756.74,756.74,17.05,52.56,0,,702.82,,711.53,1,57,2021-05-27,0,,,,
2021-06-22,740.11,745.89,733.99,736.28,6727233,686.22,729.93,717.5,756.74,756.74,16.69,52.46,0,,702.94,,711.53,1,57,2021-05-27,0,,,,
2021-06-23,740.11,740.66,727.76,729.3,6154147,687.1,730.76,717.5,756.74,756.74,16.42,48.91,0,,698.62,,711.53,1,57,2021-05-27,0,,,,
2021-06-24,732.84,739.86,728.06,736.08,5313822,687.96,732.35,717.5,756.74,756.74,16.09,52.29,0,,703.21,,711.53,1,57,2021-05-27,0,,,,
2021-06-25,734.48,762.77,734.48,758.18,11170037,688.94,734.88,717.5,762.77,756.74,16.96,61.27,1,758.18,716.89,716.89,716.89,1,57,2021-05-27,0,,,,
2021-06-28,761.37,766.4,754.6,759.23,7672743,689.83,736.65,717.5,766.4,762.77,16.59,61.64,0,,717.81,,717.81,1,57,2021-05-27,0,,,,
2021-06-29,757.84,760.38,746.93,748.82,7500655,690.6,737.99,717.5,766.4,766.4,16.37,55.94,0,,711.25,,717.81,1,57,2021-05-27,0,,,,
2021-06-30,749.37,757.34,743.45,745.19,5459970,691.51,739.03,717.5,766.4,766.4,16.19,54.06,0,,709.02,,717.81,1,57,2021-05-27,0,,,,
2021-07-01,746.88,751.26,741.4,743.35,5695690,692.43,740.38,717.5,766.4,766.4,15.74,53.09,0,,708.14,,717.81,1,57,2021-05-27,0,,,,
2021-07-02,744.49,749.72,740.91,747.53,3557647,693.45,741.03,717.5,766.4,766.4,15.24,55.07,0,,711.16,,717.81,1,57,2021-05-27,0,,,,
2021-07-05,753.95,758.83,750.27,757.19,4680089,694.39,741.67,717.5,766.4,766.4,14.96,59.33,0,,717.58,,717.81,1,57,2021-05-27,0,,,,
2021-07-06,753.85,763.81,752.06,755.2,5529485,695.44,742.56,717.5,766.4,766.4,14.73,58.11,0,,716.45,,717.81,1,57,2021-05-27,0,,,,
2021-07-07,752.76,760.82,749.12,759.73,3573368,696.44,743.48,717.5,766.4,766.4,14.51,60.13,0,,719.52,,719.52,1,57,2021-05-27,0,,,,
2021-07-08,756.84,763.96,748.57,751.26,4188267,697.45,743.62,717.5,766.4,766.4,14.58,54.81,0,,714.01,,719.52,1,57,2021-05-27,0,,,,
2021-07-09,748.87,749.77,737.17,744.24,5782119,698.41,743.87,717.5,766.4,766.4,14.54,50.81,0,,709.51,,719.52,1,57,2021-05-27,0,,,,
2021-07-12,749.37,754.65,745.19,750.47,4475466,699.37,743.96,727.76,766.4,766.4,14.25,54.02,0,,717.14,,719.52,1,57,2021-05-27,0,,,,
2021-07-13,755.84,769.79,751.86,767.55,9810976,700.49,744.81,727.76,769.79,766.4,14.61,61.45,1,767.55,727.92,727.92,727.92,1,57,2021-05-27,0,,,,
2021-07-14,767.74,770.23,760.82,766.85,5621924,701.52,745.91,728.06,770.23,769.79,14.24,61.02,0,,727.81,,727.92,1,57,2021-05-27,0,,,,
2021-07-15,767.3,775.01,763.31,770.93,4239868,702.55,746.69,734.48,775.01,770.23,14.06,62.68,1,770.93,732.71,732.71,732.71,1,57,2021-05-27,0,,,,
2021-07-16,772.77,772.77,763.36,767.94,2913553,703.55,747.66,737.17,775.01,775.01,13.72,60.64,0,,731.89,,732.71,1,57,2021-05-27,0,,,,
2021-07-19,749.17,763.46,746.48,752.06,5554486,704.35,747.79,737.17,775.01,775.01,14.28,51.13,0,,721.28,,732.71,1,57,2021-05-27,0,,,,
2021-07-20,751.86,752.06,741.11,742.65,5815740,705.14,747.77,737.17,775.01,775.01,14.04,46.48,0,,715.37,,732.71,1,57,2021-05-27,0,,,,
2021-07-22,746.98,755.35,737.92,743.65,7876163,706.03,748.1,737.17,775.01,775.01,14.28,47.03,0,,715.86,,732.71,1,57,2021-05-27,0,,,,
2021-07-23,745.89,760.82,737.02,752.26,6604465,706.95,748.47,737.02,775.01,775.01,14.96,51.65,0,,720.91,,732.71,1,57,2021-05-27,0,,,,
2021-07-26,750.86,756.84,741.9,753.16,7890992,707.94,749.07,737.02,775.01,775.01,14.96,52.12,0,,721.49,,732.71,1,57,2021-05-27,0,,,,
2021-07-27,747.38,752.86,726.07,728.66,15441543,708.78,748.92,726.07,775.01,775.01,15.83,40.56,0,,701.46,,732.71,1,57,2021-05-27,1,732.71,TRAILING_STOP,43,-1.94
2021-07-28,731.74,731.74,709.14,719.89,11102486,709.56,747.99,709.14,775.01,775.01,16.31,37.37,0,,689.84,,,0,,,0,,,,
2021-07-29,717.01,725.47,713.02,714.27,6855673,710.27,746.91,709.14,775.01,775.01,16.03,35.44,0,,686.39,,,0,,,0,,,,
2021-07-30,715.06,715.66,704.21,705.95,10358450,711.11,745.92,704.21,775.01,775.01,15.71,32.75,0,,679.6,,,0,,,0,,,,
2021-08-02,712.03,722.53,709.04,718.15,6823345,711.98,745.42,704.21,775.01,775.01,15.77,39.95,0,,687.43,,,0,,,0,,,,
2021-08-03,720.99,737.77,716.31,735.53,9265839,712.96,745.39,704.21,775.01,775.01,16.18,48.42,0,,698.37,,,0,,,0,,,,
2021-08-04,737.42,753.85,735.58,750.67,9744349,713.91,745.86,704.21,775.01,775.01,16.33,54.45,0,,708.03,,,0,,,0,,,,
2021-08-05,749.87,751.86,740.41,746.18,7246991,714.78,746.43,704.21,775.01,775.01,15.98,52.49,0,,705.37,,,0,,,0,,,,
2021-08-06,743.89,754.5,735.73,737.77,6522599,715.52,746.48,704.21,775.01,775.01,16.18,48.94,0,,699.81,,,0,,,0,,,,
2021-08-09,737.92,754.25,736.67,752.36,6064688,716.38,746.29,704.21,775.01,775.01,16.28,54.67,0,,709.16,,,0,,,0,,,,
2021-08-10,752.36,760.82,751.86,758.38,8309248,717.32,746.26,704.21,775.01,775.01,15.76,56.83,0,,713.39,,,0,,,0,,,,
2021-08-11,761.82,765.8,749.37,757.64,6429468,718.23,746.56,704.21,775.01,775.01,15.81,56.47,0,,712.88,,,0,,,0,,,,
2021-08-12,755.84,760.23,750.22,754.2,3572081,719.11,746.86,704.21,775.01,775.01,15.39,54.76,0,,710.93,,,0,,,0,,,,
2021-08-13,754.35,761.32,751.06,756.74,4239376,719.74,747.3,704.21,772.77,775.01,15.02,55.82,0,,712.82,,,0,,,0,,,,
2021-08-16,752.86,762.62,752.86,758.83,3967629,720.46,747.68,704.21,765.8,772.77,14.65,56.73,0,,714.42,,,0,,,0,,,,
2021-08-17,755.84,756.84,746.18,753.6,5576110,721.03,747.56,704.21,765.8,765.8,14.51,53.76,0,,711.14,,,0,,,0,,,,
2021-08-18,760.62,760.62,747.38,751.26,5370460,721.57,747.43,704.21,765.8,765.8,14.42,52.44,0,,709.69,,,0,,,0,,,,
2021-08-20,742.7,745.89,733.14,737.17,6092036,722.06,746.68,704.21,765.8,765.8,14.68,45.24,0,,700.42,,,0,,,0,,,,
2021-08-23,746.38,746.38,731.35,733.04,3614761,722.46,746.07,709.04,765.8,765.8,14.71,43.36,0,,699.35,,,0,,,0,,,,
2021-08-24,732.94,746.58,728.46,743.25,4537435,722.85,746.04,716.31,765.8,765.8,14.95,49.0,0,,708.2,,,0,,,0,,,,
2021-08-25,745.09,748.33,732.14,735.98,6726509,723.26,745.55,728.46,765.8,765.8,15.04,45.53,0,,707.5,,,0,,,0,,,,
2021-08-26,731.05,746.88,729.3,743.25,6492155,723.74,744.74,728.46,765.8,765.8,15.22,49.39,0,,712.07,,,0,,,0,,,,
2021-08-27,743.4,756.44,737.92,749.27,5841967,724.37,744.16,728.46,765.8,765.8,15.45,52.41,0,,715.8,,,0,,,0,,,,
2021-08-30,752.86,786.22,750.86,780.79,12517507,725.14,744.48,728.46,786.22,765.8,16.99,64.37,1,780.79,735.1,735.1,735.1,1,58,2021-08-30,0,,,,
2021-08-31,781.64,785.72,775.16,783.23,12114870,725.87,744.99,728.46,786.22,786.22,16.53,65.1,0,,736.98,,736.98,1,58,2021-08-30,0,,,,
2021-09-01,794.78,815.59,792.09,795.58,19972195,726.69,746.45,728.46,815.59,786.22,17.66,68.61,1,795.58,744.19,744.19,744.19,1,58,2021-08-30,0,,,,
2021-09-02,792.19,802.75,789.11,799.36,6799617,727.74,748.34,728.46,815.59,815.59,17.37,69.62,0,,746.82,,746.82,1,58,2021-08-30,0,,,,
2021-09-03,801.15,806.53,784.42,794.68,7509746,728.67,750.04,728.46,815.59,815.59,17.71,66.76,0,,743.58,,746.82,1,58,2021-08-30,0,,,,
2021-09-06,797.52,802.55,792.04,797.47,4539192,729.79,751.54,728.46,815.59,815.59,17.2,67.61,0,,745.72,,746.82,1,58,2021-08-30,0,,,,
2021-09-07,794.68,796.08,778.8,784.57,6926921,730.57,752.59,728.46,815.59,815.59,17.3,59.95,0,,737.33,,746.82,1,58,2021-08-30,0,,,,
2021-09-08,786.72,794.03,779.74,791.4,5903035,731.44,754.68,728.46,815.59,815.59,17.09,62.38,0,,741.88,,746.82,1,58,2021-08-30,0,,,,
2021-09-09,785.72,790.4,780.94,786.86,4909325,731.98,756.91,728.46,815.59,815.59,16.61,59.78,0,,739.27,,746.82,1,58,2021-08-30,0,,,,
2021-09-13,782.73,787.16,780.24,785.07,4814443,732.47,759.27,728.46,815.59,815.59,15.92,58.75,0,,738.58,,746.82,1,58,2021-08-30,0,,,,
2021-09-14,787.71,797.67,786.72,791.1,6301208,732.87,762.11,728.46,815.59,815.59,15.68,61.19,0,,742.62,,746.82,1,58,2021-08-30,0,,,,
2021-09-15,792.69,794.13,783.73,788.11,4075592,733.19,764.44,729.3,815.59,815.59,15.31,59.31,0,,741.23,,746.82,1,58,2021-08-30,0,,,,
2021-09-16,789.2,804.09,785.82,799.26,15446511,733.74,766.57,729.3,815.59,815.59,15.52,63.78,0,,748.28,,748.28,1,58,2021-08-30,0,,,,
2021-09-17,805.49,817.29,793.94,803.99,14641298,734.21,768.35,737.92,817.29,815.59,16.08,65.51,0,,753.83,,753.83,1,58,2021-08-30,0,,,,
2021-09-20,796.67,805.19,788.21,792.54,6306484,734.56,769.89,750.86,817.29,817.29,16.14,58.26,0,,750.71,,753.83,1,58,2021-08-30,0,,,,
2021-09-21,791.94,795.68,769.09,792.04,7833561,734.97,771.7,769.09,817.29,817.29,16.89,57.96,0,,755.97,,755.97,1,58,2021-08-30,0,,,,
2021-09-22,789.2,793.49,782.73,785.07,4359142,735.29,772.79,769.09,817.29,817.29,16.45,53.78,0,,751.77,,755.97,1,58,2021-08-30,0,,,,
2021-09-23,791.05,811.11,789.25,808.77,9043492,735.7,774.47,769.09,817.29,817.29,17.14,63.43,0,,766.6,,766.6,1,58,2021-08-30,0,,,,
2021-09-24,809.17,813.55,791.79,794.73,5184626,735.72,775.71,769.09,817.29,817.29,17.47,55.97,0,,757.32,,766.6,1,58,2021-08-30,0,,,,
2021-09-27,799.56,805.44,789.5,793.64,7715259,735.87,777.02,769.09,817.29,817.29,17.36,55.43,0,,756.69,,766.6,1,58,2021-08-30,0,,,,
2021-09-28,798.67,802.25,774.77,785.92,7369680,735.95,777.99,769.09,817.29,817.29,18.08,51.6,0,,751.23,,766.6,1,58,2021-08-30,0,,,,
2021-09-29,779.74,786.22,775.26,778.9,14241004,735.98,778.66,769.09,817.29,817.29,17.57,48.32,0,,747.04,,766.6,1,58,2021-08-30,0,,,,
2021-09-30,776.66,784.08,761.67,763.36,9178187,736.09,778.99,761.67,817.29,817.29,17.92,41.98,0,,734.31,,766.6,1,58,2021-08-30,1,766.6,TRAILING_STOP,23,-1.82
2021-10-01,760.23,768.49,750.86,764.96,6089895,736.41,779.45,750.86,817.29,817.29,17.9,42.81,0,,731.75,,,0,,,0,,,,
2021-10-04,767.89,777.9,767.1,775.76,5845527,736.83,780.73,750.86,817.29,817.29,17.54,48.21,0,,738.96,,,0,,,0,,,,
2021-10-05,771.18,780.74,767.99,779.35,3945224,737.05,782.28,750.86,817.29,817.29,17.2,49.91,0,,741.5,,,0,,,0,,,,
2021-10-06,779.0,790.9,772.77,775.71,5092479,737.11,783.36,750.86,817.29,817.29,17.27,48.19,0,,739.11,,,0,,,0,,,,
2021-10-07,786.72,786.86,770.88,773.87,6622698,737.46,784.62,750.86,817.29,817.29,17.17,47.3,0,,737.98,,,0,,,0,,,,
2021-10-08,778.65,781.74,772.77,778.7,4295686,737.81,785.8,750.86,817.29,817.29,16.59,49.91,0,,741.49,,,0,,,0,,,,
2021-10-11,778.75,789.7,775.76,783.88,4417455,738.18,786.96,750.86,817.29,817.29,16.4,52.62,0,,744.96,,,0,,,0,,,,
2021-10-12,784.72,796.37,782.18,793.84,5098502,738.47,787.39,750.86,817.29,817.29,16.24,57.39,0,,751.49,,,0,,,0,,,,
2021-10-13,796.62,801.15,789.9,791.3,4381414,738.85,787.66,750.86,817.29,817.29,15.89,55.85,0,,750.08,,,0,,,0,,,,
2021-10-14,795.68,800.66,784.72,798.72,7157116,739.33,787.76,750.86,817.29,817.29,15.89,59.29,0,,754.87,,,0,,,0,,,,
2021-10-18,816.59,816.59,798.72,809.92,11014585,739.79,788.12,750.86,816.59,817.29,16.03,63.88,0,,762.0,,,0,,,0,,,,
2021-10-19,816.59,823.56,795.18,798.32,10633732,740.16,788.24,750.86,823.56,816.59,16.91,56.75,0,,753.93,,,0,,,0,,,,
2021-10-20,797.27,810.42,788.71,801.45,9023067,740.46,788.37,750.86,823.56,823.56,17.26,58.11,0,,755.72,,,0,,,0,,,,
2021-10-21,804.59,810.12,789.01,804.44,7405639,740.84,789.03,750.86,823.56,823.56,17.53,59.42,0,,757.46,,,0,,,0,,,,
2021-10-22,808.62,821.57,803.45,813.3,10646970,741.32,789.76,750.86,823.56,823.56,17.57,63.1,0,,763.15,,,0,,,0,,,,
2021-10-25,826.65,863.3,822.02,841.59,29193770,742.03,791.59,767.1,863.3,823.56,19.89,71.88,1,841.59,785.27,785.27,785.27,1,59,2021-10-25,0,,,,
2021-10-26,844.87,848.11,820.08,838.4,16771909,742.79,793.36,767.99,863.3,863.3,20.47,69.87,0,,783.12,,785.27,1,59,2021-10-25,0,,,,
2021-10-27,836.51,837.3,782.38,784.23,39606414,743.24,793.14,770.88,863.3,863.3,23.01,46.16,0,,747.45,,785.27,1,59,2021-10-25,1,785.27,TRAILING_STOP,3,-6.69
2021-10-28,784.23,785.72,751.51,755.2,19320926,743.45,792.04,751.51,863.3,863.3,23.81,38.6,0,,721.73,,,0,,,0,,,,
2021-10-29,758.83,758.83,711.03,738.91,21343427,743.63,790.03,711.03,863.3,863.3,25.52,35.12,0,,696.59,,,0,,,0,,,,
2021-11-01,751.86,756.84,736.92,749.22,11694854,743.77,788.2,711.03,863.3,863.3,25.12,38.87,0,,703.51,,,0,,,0,,,,
2021-11-02,749.37,758.18,744.94,752.71,11812106,744.1,786.87,711.03,863.3,863.3,24.27,40.14,0,,706.33,,,0,,,0,,,,
2021-11-03,756.29,759.48,745.39,747.48,10529505,744.47,785.39,711.03,863.3,863.3,23.55,38.84,0,,703.44,,,0,,,0,,,,
2021-11-04,753.85,753.9,748.28,749.82,793433,744.83,784.21,711.03,863.3,863.3,22.32,39.78,0,,705.76,,,0,,,0,,,,
2021-11-08,757.84,757.84,738.42,747.93,13872770,745.2,782.19,711.03,863.3,863.3,22.12,39.26,0,,704.68,,,0,,,0,,,,
2021-11-09,746.88,750.82,740.26,741.95,12120207,745.52,780.43,711.03,863.3,863.3,21.29,37.57,0,,701.37,,,0,,,0,,,,
2021-11-10,739.61,750.22,728.96,746.23,10844883,745.76,778.85,711.03,863.3,863.3,21.29,39.57,0,,704.14,,,0,,,0,,,,
2021-11-11,744.89,744.89,732.04,734.98,6195359,746.11,777.15,711.03,863.3,863.3,20.78,36.29,0,,697.22,,,0,,,0,,,,
2021-11-12,739.71,739.71,730.45,732.99,9372897,746.5,775.62,711.03,863.3,863.3,19.96,35.72,0,,696.48,,,0,,,0,,,,
2021-11-15,734.93,740.91,724.97,730.2,12849161,746.8,774.51,711.03,863.3,863.3,19.67,34.9,0,,694.87,,,0,,,0,,,,
2021-11-16,730.2,730.25,718.3,723.13,8978763,747.09,773.12,711.03,863.3,863.3,19.12,32.84,0,,690.68,,,0,,,0,,,,
2021-11-17,718.0,721.89,703.81,709.39,18083445,747.39,770.91,703.81,863.3,863.3,19.13,29.24,0,,679.4,,,0,,,0,,,,
2021-11-18,712.03,713.02,698.98,703.41,13458109,747.86,768.37,698.98,863.3,863.3,18.77,27.81,0,,674.18,,,0,,,0,,,,
2021-11-22,710.04,710.04,674.58,683.55,16741079,748.02,765.3,674.58,863.3,863.3,19.96,23.66,0,,652.44,,,0,,,0,,,,
2021-11-23,678.17,689.77,674.53,682.8,16575348,748.14,762.27,674.53,863.3,863.3,19.63,23.52,0,,652.17,,,0,,,0,,,,
2021-11-24,687.13,692.21,679.21,682.3,11463429,748.24,759.05,674.53,848.11,863.3,19.15,23.42,0,,652.16,,,0,,,0,,,,
2021-11-25,683.15,684.14,673.74,677.07,9760486,748.45,755.49,673.74,837.3,848.11,18.53,22.34,0,,648.94,,,0,,,0,,,,
2021-11-26,666.22,672.09,657.7,659.0,10252753,748.52,751.0,657.7,785.72,837.3,18.59,19.06,0,,631.9,,,0,,,0,,,,
2021-11-29,662.28,662.68,646.65,648.39,12084376,748.47,746.23,646.65,759.48,785.72,18.4,17.44,0,,621.49,,,0,,,0,,,,
2021-11-30,645.31,674.63,645.31,652.92,24699809,748.36,741.37,645.31,759.48,759.48,19.18,20.54,0,,623.45,,,0,,,0,,,,
2021-12-01,662.14,678.57,657.26,676.77,16184200,748.23,736.94,645.31,759.48,759.48,19.65,34.5,0,,638.52,,,0,,,0,,,,
2021-12-02,672.19,675.98,665.27,673.29,8612601,748.07,732.77,645.31,759.48,759.48,19.06,33.58,0,,636.67,,,0,,,0,,,,
2021-12-03,676.28,684.49,668.21,670.2,9505985,747.84,728.39,645.31,757.84,759.48,18.87,32.74,0,,634.81,,,0,,,0,,,,
2021-12-06,671.2,675.93,658.4,660.34,8022785,747.46,723.59,645.31,757.84,757.84,18.77,30.14,0,,628.51,,,0,,,0,,,,
2021-12-07,669.21,688.67,667.21,684.14,15123987,747.28,719.28,645.31,750.82,757.84,19.45,42.07,0,,643.41,,,0,,,0,,,,
2021-12-08,692.11,698.63,684.79,694.2,11670826,747.24,714.37,645.31,750.22,750.82,19.1,46.25,0,,650.13,,,0,,,0,,,,
2021-12-09,695.25,696.99,685.14,691.06,7021395,747.2,709.46,645.31,744.89,750.22,18.58,45.16,0,,648.45,,,0,,,0,,,,
2021-12-10,687.23,689.07,680.91,685.19,5549743,747.0,706.16,645.31,740.91,744.89,17.98,43.1,0,,645.07,,,0,,,0,,,,
2021-12-13,696.09,708.94,690.22,701.07,13634563,746.93,704.35,645.31,740.91,740.91,18.39,49.76,0,,655.03,,,0,,,0,,,,
2021-12-14,698.09,711.03,694.7,707.94,8612512,746.89,703.32,645.31,730.25,740.91,18.24,52.36,0,,659.56,,,0,,,0,,,,
2021-12-15,709.44,717.01,704.61,709.54,7692888,746.87,702.0,645.31,721.89,730.25,17.83,52.97,0,,660.87,,,0,,,0,,,,
2021-12-16,716.01,718.95,702.12,706.7,7309187,746.88,700.47,645.31,718.95,721.89,17.75,51.71,0,,659.09,,,0,,,0,,,,
2021-12-17,704.56,705.06,682.25,686.04,7844705,746.87,698.42,645.31,718.95,718.95,18.23,43.55,0,,645.44,,,0,,,0,,,,
2021-12-20,678.12,679.01,657.36,671.55,9934646,746.8,695.81,645.31,718.95,718.95,18.98,38.92,0,,635.6,,,0,,,0,,,,
2021-12-21,680.16,680.16,659.75,663.08,10116104,746.51,692.98,657.26,718.95,718.95,19.08,36.48,0,,634.05,,,0,,,0,,,,
2021-12-22,667.21,674.04,661.24,666.57,7489534,746.23,690.47,657.36,718.95,718.95,18.63,38.2,0,,636.64,,,0,,,0,,,,
2021-12-23,674.19,681.65,669.8,675.98,6884683,745.98,688.13,657.36,718.95,718.95,18.38,42.71,0,,642.87,,,0,,,0,,,,
2021-12-24,678.32,679.16,659.7,664.72,6028893,745.72,685.78,657.36,718.95,718.95,18.46,39.04,0,,635.56,,,0,,,0,,,,
2021-12-27,660.29,671.8,653.22,669.36,6996729,745.33,683.66,653.22,718.95,718.95,18.47,41.28,0,,637.17,,,0,,,0,,,,
2021-12-28,674.48,678.02,669.21,672.64,4645547,744.89,681.74,653.22,718.95,718.95,17.78,42.87,0,,639.74,,,0,,,0,,,,
2021-12-29,671.7,676.77,664.48,667.71,3969894,744.49,679.9,653.22,718.95,718.95,17.38,41.07,0,,636.82,,,0,,,0,,,,
2021-12-30,665.22,670.3,661.74,666.07,5119705,744.05,678.45,653.22,718.95,718.95,16.75,40.45,0,,636.19,,,0,,,0,,,,
2021-12-31,670.15,683.65,668.41,675.73,5586980,743.57,677.53,653.22,718.95,718.95,16.81,45.59,0,,642.38,,,0,,,0,,,,
2022-01-03,677.42,695.6,676.18,693.45,8550860,743.28,677.86,653.22,718.95,718.95,17.03,53.51,0,,653.66,,,0,,,0,,,,
2022-01-04,698.09,708.09,697.14,706.2,9705906,743.01,678.64,653.22,718.95,718.95,16.86,58.23,0,,662.0,,,0,,,0,,,,
2022-01-05,708.94,727.86,704.81,723.88,11312955,742.89,680.03,653.22,727.86,718.95,17.3,63.72,0,,673.11,,,0,,,0,,,,
2022-01-06,716.96,730.45,716.01,727.26,7955578,742.84,681.7,653.22,730.45,727.86,17.1,64.68,0,,675.42,,,0,,,0,,,,
2022-01-07,730.95,737.82,722.23,727.56,10454143,742.71,683.99,653.22,737.82,730.45,16.99,64.77,0,,675.69,,,0,,,0,,,,
2022-01-10,730.6,740.91,730.15,739.71,9595787,742.71,687.03,653.22,740.91,737.82,16.73,68.25,0,,683.7,,,0,,,0,,,,
2022-01-11,739.81,743.94,734.23,740.16,7252279,742.66,689.94,653.22,743.94,740.91,16.23,68.37,0,,684.32,,,0,,,0,,,,
2022-01-12,746.53,748.33,740.06,743.74,5294563,742.67,692.17,653.22,748.33,743.94,15.66,69.4,0,,687.01,,,0,,,0,,,,
2022-01-13,745.89,745.89,733.99,737.62,5196538,742.69,694.31,653.22,748.33,748.33,15.39,65.48,0,,683.24,,,0,,,0,,,,
2022-01-14,731.74,732.89,713.07,718.7,16302342,742.54,695.93,653.22,748.33,748.33,16.05,55.11,0,,670.6,,,0,,,0,,,,
2022-01-17,716.01,717.6,706.55,709.69,19680557,742.37,697.58,661.74,748.33,748.33,15.77,50.97,0,,667.82,,,0,,,0,,,,
2022-01-18,714.52,732.84,711.28,722.18,24055886,742.3,698.84,661.74,748.33,748.33,16.29,55.91,0,,675.52,,,0,,,0,,,,
2022-01-19,722.18,728.91,715.71,726.57,7746270,742.16,699.92,661.74,748.33,748.33,16.07,57.54,0,,678.5,,,0,,,0,,,,
2022-01-20,728.01,734.08,719.15,725.87,8505400,742.02,701.08,668.41,748.33,748.33,15.99,57.17,0,,680.33,,,0,,,0,,,,
2022-01-21,719.0,722.23,705.11,709.54,10689060,741.84,701.89,676.18,748.33,748.33,16.33,49.39,0,,672.16,,,0,,,0,,,,
2022-01-24,712.03,713.42,685.34,701.67,8812501,741.63,701.91,685.34,748.33,748.33,17.17,46.13,0,,669.58,,,0,,,0,,,,
2022-01-25,711.03,751.86,705.65,749.07,38088158,741.72,703.29,685.34,751.86,748.33,19.53,62.28,1,749.07,698.58,698.58,698.58,1,60,2022-01-25,0,,,,
2022-01-27,740.91,773.77,735.03,770.63,34927774,741.95,705.32,685.34,773.77,751.86,20.9,67.11,0,,711.57,,698.58,1,60,2022-01-25,1,741.95,SMA150_BREAK,2,-0.95
2022-01-28,774.86,781.44,758.33,761.52,17765524,742.16,707.15,685.34,781.44,773.77,21.06,63.41,0,,705.59,,,0,,,0,,,,
2022-01-31,772.23,774.57,759.18,769.84,12319200,742.39,709.94,685.34,781.44,781.44,20.65,65.29,0,,711.22,,,0,,,0,,,,
2022-02-01,774.86,790.6,765.9,778.65,15457534,742.52,713.51,685.34,790.6,781.44,20.94,67.21,0,,716.71,,,0,,,0,,,,
2022-02-02,786.72,802.55,784.08,800.76,13478899,742.8,718.1,685.34,802.55,790.6,21.16,71.48,1,800.76,730.83,730.83,730.83,1,61,2022-02-02,0,,,,
2022-02-03,798.86,808.52,789.75,796.23,10802708,743.12,722.42,685.34,808.52,802.55,20.98,69.48,0,,728.03,,730.83,1,61,2022-02-02,0,,,,
2022-02-04,793.64,801.15,787.86,795.23,10776387,743.45,726.4,685.34,808.52,808.52,20.44,69.03,0,,727.75,,730.83,1,61,2022-02-02,0,,,,
2022-02-07,799.16,800.26,780.84,786.32,10939179,743.74,730.45,685.34,808.52,808.52,20.36,64.92,0,,722.05,,730.83,1,61,2022-02-02,0,,,,
2022-02-08,790.7,797.67,772.92,795.23,12300670,744.05,734.65,685.34,808.52,808.52,20.68,67.03,0,,727.59,,730.83,1,61,2022-02-02,0,,,,
2022-02-09,797.67,806.13,796.82,800.51,9399830,744.34,738.91,685.34,808.52,808.52,19.98,68.25,0,,731.46,,731.46,1,61,2022-02-02,0,,,,
2022-02-10,804.19,812.56,799.76,806.43,12848281,744.68,743.53,685.34,812.56,808.52,19.46,69.61,0,,735.62,,735.62,1,61,2022-02-02,0,,,,
2022-02-11,797.62,806.53,795.18,800.46,9717894,744.96,748.01,685.34,812.56,812.56,18.89,66.52,0,,732.15,,735.62,1,61,2022-02-02,0,,,,
2022-02-14,786.72,799.66,766.75,770.13,8617389,745.08,751.16,685.34,812.56,812.56,19.94,53.53,0,,711.88,,735.62,1,61,2022-02-02,0,,,,
2022-02-15,773.77,795.78,761.12,793.64,7426563,745.41,754.5,705.65,812.56,812.56,21.0,60.04,0,,733.12,,735.62,1,61,2022-02-02,0,,,,
2022-02-16,791.69,804.94,786.02,793.74,7457765,745.7,757.42,735.03,812.56,812.56,20.85,60.07,0,,743.07,,743.07,1,61,2022-02-02,0,,,,
2022-02-17,793.69,798.67,777.25,779.55,6516308,745.78,759.27,758.33,812.56,812.56,20.89,54.7,0,,741.66,,743.07,1,61,2022-02-02,0,,,,
2022-02-18,777.9,787.26,775.76,784.13,5466662,745.89,761.17,759.18,812.56,812.56,20.22,56.07,0,,745.35,,745.35,1,61,2022-02-02,0,,,,
2022-02-21,780.29,793.49,772.87,785.57,5635224,745.99,763.1,761.12,812.56,812.56,20.25,56.51,0,,746.9,,746.9,1,61,2022-02-02,0,,,,
2022-02-22,762.91,783.73,762.91,775.91,6923558,746.05,764.31,761.12,812.56,812.56,20.42,52.67,0,,740.56,,746.9,1,61,2022-02-02,0,,,,
2022-02-23,780.24,782.23,769.04,773.97,6303173,746.19,765.44,761.12,812.56,812.56,19.9,51.91,0,,739.65,,746.9,1,61,2022-02-02,0,,,,
2022-02-24,749.27,765.95,722.28,727.26,13085009,746.09,764.89,722.28,812.56,812.56,22.17,37.73,0,,695.06,,746.9,1,61,2022-02-02,1,746.9,TRAILING_STOP|SMA150_BREAK,17,-6.73
2022-02-25,739.21,761.67,734.33,754.9,10066136,746.16,765.46,722.28,812.56,812.56,23.05,46.96,0,,712.31,,,0,,,0,,,,
2022-02-28,746.78,746.78,733.14,739.31,14463418,746.08,766.15,722.28,812.56,812.56,22.96,43.08,0,,702.31,,,0,,,0,,,,
2022-03-02,725.67,753.3,721.99,747.13,11691602,746.04,767.4,721.99,812.56,812.56,23.55,45.51,0,,706.86,,,0,,,0,,,,
2022-03-03,752.86,756.29,729.35,734.58,8357181,746.08,767.81,721.99,812.56,812.56,23.79,42.39,0,,698.6,,,0,,,0,,,,
2022-03-04,719.99,729.45,707.1,712.03,11660648,746.02,767.33,707.1,812.56,812.56,24.06,37.41,0,,678.92,,,0,,,0,,,,
2022-03-07,690.12,702.07,652.87,664.77,20147061,745.69,765.29,652.87,812.56,812.56,26.56,29.57,0,,628.69,,,0,,,0,,,,
2022-03-08,662.23,670.95,634.35,667.61,24828458,745.44,763.89,634.35,812.56,812.56,27.28,30.52,0,,623.87,,,0,,,0,,,,
2022-03-09,668.71,677.67,656.36,671.4,20438651,745.13,762.88,634.35,812.56,812.56,26.85,31.83,0,,626.6,,,0,,,0,,,,
2022-03-10,704.96,717.4,685.39,692.06,23224756,744.84,760.98,634.35,812.56,812.56,28.22,38.62,0,,639.01,,,0,,,0,,,,
2022-03-11,689.02,703.71,684.59,687.98,14224356,744.42,758.23,634.35,806.53,812.56,27.57,37.82,0,,636.82,,,0,,,0,,,,
2022-03-14,691.81,709.44,682.15,707.1,10720884,744.16,756.41,634.35,804.94,806.53,27.55,43.72,0,,649.16,,,0,,,0,,,,
2022-03-15,710.04,715.01,692.11,695.25,12157425,743.88,753.93,634.35,804.94,804.94,27.22,41.11,0,,641.74,,,0,,,0,,,,
2022-03-16,708.04,722.98,706.15,720.84,10038170,743.67,752.0,634.35,804.94,804.94,27.26,48.27,0,,658.22,,,0,,,0,,,,
2022-03-17,733.94,743.65,733.39,736.18,13657428,743.52,749.85,634.35,798.67,804.94,26.94,52.04,0,,668.33,,,0,,,0,,,,
2022-03-21,741.9,746.28,720.69,722.88,7495685,743.29,747.4,634.35,793.49,798.67,26.84,48.73,0,,659.81,,,0,,,0,,,,
2022-03-22,725.97,732.94,703.41,728.36,11117081,743.11,745.17,634.35,793.49,793.49,27.03,50.14,0,,663.22,,,0,,,0,,,,
2022-03-23,733.04,739.81,721.64,723.73,5886245,742.89,743.09,634.35,783.73,793.49,26.4,48.91,0,,660.66,,,0,,,0,,,,
2022-03-24,716.11,727.41,716.01,719.25,7559843,742.63,740.56,634.35,782.23,783.73,25.33,47.7,0,,658.48,,,0,,,0,,,,
2022-03-25,720.29,723.63,712.52,718.25,5430894,742.39,737.81,634.35,765.95,782.23,24.31,47.42,0,,658.51,,,0,,,0,,,,
2022-03-28,722.98,734.83,712.08,732.94,7077669,742.27,735.36,634.35,761.67,765.95,24.2,51.92,0,,668.06,,,0,,,0,,,,
2022-03-29,738.57,738.57,727.96,734.73,6174137,742.26,733.17,634.35,756.29,761.67,23.23,52.46,0,,669.86,,,0,,,0,,,,
2022-03-30,743.89,762.67,738.22,747.33,16618114,742.35,732.41,656.36,762.67,756.29,23.57,56.15,0,,685.1,,,0,,,0,,,,
2022-03-31,759.83,759.83,748.18,757.99,20449544,742.45,731.22,682.15,762.67,762.67,22.78,59.05,0,,701.1,,,0,,,0,,,,
2022-04-01,756.84,772.52,752.01,771.33,9321859,742.68,730.48,682.15,772.52,762.67,22.62,62.4,1,771.33,709.81,709.81,709.81,1,62,2022-04-01,0,,,,
2022-04-04,776.76,782.23,763.81,780.84,10959783,742.94,730.52,682.15,782.23,772.52,22.32,64.62,0,,716.15,,716.15,1,62,2022-04-01,0,,,,
2022-04-05,772.77,792.69,772.77,779.84,7334134,743.14,730.38,692.11,792.69,782.23,22.14,64.19,0,,718.94,,718.94,1,62,2022-04-01,0,,,,
2022-04-06,773.77,776.71,766.0,770.48,9954921,743.07,729.87,703.41,792.69,792.69,21.55,60.16,0,,717.06,,718.94,1,62,2022-04-01,0,,,,
2022-04-07,766.3,791.69,766.0,788.81,9820244,743.11,730.3,703.41,792.69,792.69,21.85,64.82,0,,728.69,,728.69,1,62,2022-04-01,0,,,,
2022-04-08,791.59,797.37,785.72,791.59,8104237,743.08,730.89,703.41,797.37,792.69,21.12,65.48,0,,730.97,,730.97,1,62,2022-04-01,0,,,,
2022-04-11,786.17,790.95,780.79,782.78,6340427,742.97,732.74,703.41,797.37,797.37,20.38,61.54,0,,725.78,,730.97,1,62,2022-04-01,0,,,,
2022-04-12,776.86,797.67,774.57,795.13,7672215,742.97,734.08,712.08,797.67,797.37,20.58,64.74,0,,736.5,,736.5,1,62,2022-04-01,0,,,,
2022-04-13,802.45,802.45,787.56,789.75,7640132,742.92,735.76,712.08,802.45,797.67,20.17,62.31,0,,733.3,,736.5,1,62,2022-04-01,0,,,,
2022-04-18,776.76,798.32,772.77,795.53,11478317,742.99,737.38,712.08,802.45,802.45,20.55,63.88,0,,736.77,,736.77,1,62,2022-04-01,0,,,,
2022-04-19,801.65,812.81,782.28,794.48,8711816,743.02,739.37,712.08,812.81,802.45,21.27,63.36,0,,735.62,,736.77,1,62,2022-04-01,0,,,,
2022-04-20,797.52,799.11,785.32,791.4,6676491,743.05,742.02,727.96,812.81,812.81,20.73,61.79,0,,739.28,,739.28,1,62,2022-04-01,0,,,,
2022-04-21,791.79,800.66,787.26,798.47,6851615,743.14,746.48,738.22,812.81,812.81,20.21,64.0,0,,747.61,,747.61,1,62,2022-04-01,0,,,,
2022-04-22,792.69,794.68,774.96,777.35,6255027,743.04,750.14,748.18,812.81,812.81,20.44,53.94,0,,737.15,,747.61,1,62,2022-04-01,0,,,,
2022-04-25,768.79,785.52,758.08,777.45,8023525,742.97,753.67,752.01,812.81,812.81,20.94,53.98,0,,738.16,,747.61,1,62,2022-04-01,0,,,,
2022-04-26,787.71,793.29,765.8,771.78,11087204,742.79,756.33,758.08,812.81,812.81,21.41,51.46,0,,736.22,,747.61,1,62,2022-04-01,0,,,,
2022-04-27,762.42,769.74,745.89,762.72,11485697,742.51,758.82,745.89,812.81,812.81,21.73,47.64,0,,726.1,,747.61,1,62,2022-04-01,1,747.61,TRAILING_STOP,17,-3.07
2022-04-28,773.67,782.18,763.16,776.56,11037317,742.41,761.13,745.89,812.81,812.81,21.57,53.34,0,,735.13,,,0,,,0,,,,
2022-04-29,761.82,763.66,721.99,725.57,34401710,741.96,762.14,721.99,812.81,812.81,23.93,37.25,0,,692.7,,,0,,,0,,,,
2022-05-02,719.0,735.13,715.51,724.33,16136040,741.56,762.26,715.51,812.81,812.81,23.62,36.95,0,,689.95,,,0,,,0,,,,
2022-05-04,729.95,732.09,701.07,704.26,14548684,740.86,761.2,701.07,812.81,812.81,24.15,32.51,0,,671.84,,,0,,,0,,,,
2022-05-05,713.02,718.8,695.99,699.43,12726146,740.23,760.42,695.99,812.81,812.81,24.05,31.53,0,,667.09,,,0,,,0,,,,
2022-05-06,687.13,689.62,665.32,670.6,15511195,739.41,758.49,665.32,812.81,812.81,24.77,26.4,0,,637.8,,,0,,,0,,,,
2022-05-09,657.45,666.22,646.1,660.94,13999329,738.57,756.4,646.1,812.81,812.81,24.75,24.94,0,,625.17,,,0,,,0,,,,
2022-05-10,660.94,669.31,654.82,657.01,9523698,737.76,754.32,646.1,812.81,812.81,24.02,24.35,0,,623.13,,,0,,,0,,,,
2022-05-11,658.95,673.19,652.72,669.55,9352398,737.14,752.7,646.1,812.81,812.81,23.76,30.05,0,,631.38,,,0,,,0,,,,
2022-05-12,664.23,664.23,641.32,646.95,11166084,736.35,749.83,641.32,812.81,812.81,24.08,26.21,0,,615.0,,,0,,,0,,,,
2022-05-13,653.67,656.66,630.77,633.31,9618627,735.4,746.45,630.77,812.81,812.81,24.21,24.21,0,,602.6,,,0,,,0,,,,
2022-05-16,637.19,646.5,627.43,636.29,6159695,734.45,742.75,627.43,812.81,812.81,23.85,25.55,0,,603.65,,,0,,,0,,,,
2022-05-17,640.23,654.77,638.48,652.23,8152237,733.62,739.23,627.43,812.81,812.81,23.46,32.44,0,,614.19,,,0,,,0,,,,
2022-05-18,652.03,667.61,647.6,656.71,13013873,732.84,735.4,627.43,800.66,812.81,23.22,34.28,0,,617.24,,,0,,,0,,,,
2022-05-19,640.63,655.02,638.53,647.5,9216948,731.97,730.96,627.43,800.66,800.66,22.86,32.33,0,,611.54,,,0,,,0,,,,
2022-05-20,657.01,672.94,655.26,670.3,9708672,731.21,727.31,627.43,794.68,800.66,23.04,41.24,0,,626.13,,,0,,,0,,,,
2022-05-23,670.2,681.95,665.77,672.54,7919353,730.4,724.04,627.43,793.29,794.68,22.55,42.04,0,,627.9,,,0,,,0,,,,
2022-05-24,666.92,678.62,658.45,661.29,8088546,729.53,719.79,627.43,793.29,793.29,22.38,39.14,0,,620.76,,,0,,,0,,,,
2022-05-25,665.22,669.85,657.31,662.23,5169619,728.62,715.48,627.43,782.18,793.29,21.68,39.51,0,,621.83,,,0,,,0,,,,
2022-05-26,670.15,682.4,665.22,680.41,10114633,727.76,712.07,627.43,782.18,782.18,21.57,46.41,0,,633.63,,,0,,,0,,,,
2022-05-27,686.14,690.92,681.4,685.44,5539060,727.01,708.41,627.43,763.66,782.18,20.78,48.18,0,,637.4,,,0,,,0,,,,
2022-05-30,692.21,695.1,687.23,690.77,3818060,726.27,705.11,627.43,735.13,763.66,19.99,50.05,0,,641.37,,,0,,,0,,,,
2022-05-31,686.14,693.11,680.21,682.35,10410424,725.46,701.34,627.43,732.09,735.13,19.48,47.15,0,,636.27,,,0,,,0,,,,
2022-06-01,680.16,689.57,677.67,683.2,6966674,724.59,697.63,627.43,718.8,732.09,18.94,47.48,0,,637.18,,,0,,,0,,,,
2022-06-02,679.16,690.27,679.16,688.67,6347433,723.57,694.21,627.43,695.1,718.8,18.38,49.67,0,,641.08,,,0,,,0,,,,
2022-06-03,694.4,695.1,670.35,674.48,8475726,722.48,690.07,627.43,695.1,695.1,18.83,44.5,0,,631.63,,,0,,,0,,,,
2022-06-06,674.19,681.16,667.51,669.41,6756864,721.71,686.48,638.48,695.1,695.1,18.46,42.78,0,,632.29,,,0,,,0,,,,
2022-06-07,669.4,675.18,658.35,663.08,8312778,721.1,682.66,638.53,695.1,695.1,18.35,40.67,0,,628.3,,,0,,,0,,,,
2022-06-08,667.21,670.75,652.72,655.86,9282494,720.54,678.8,638.53,695.1,695.1,18.32,38.36,0,,623.66,,,0,,,0,,,,
2022-06-09,654.22,659.99,647.3,658.55,5682743,719.94,675.33,647.3,695.1,695.1,17.92,39.73,0,,628.58,,,0,,,0,,,,
2022-06-10,652.77,660.94,649.49,657.95,6758832,719.31,671.37,647.3,695.1,695.1,17.46,39.52,0,,628.5,,,0,,,0,,,,
2022-06-13,644.26,649.29,637.44,646.25,6135431,718.63,668.73,637.44,695.1,695.1,17.68,35.53,0,,617.53,,,0,,,0,,,,
2022-06-14,642.32,652.97,640.43,648.04,5391833,717.95,666.19,637.44,695.1,695.1,17.31,36.59,0,,618.93,,,0,,,0,,,,
2022-06-15,651.28,653.62,644.51,647.8,4638336,717.29,664.3,637.44,695.1,695.1,16.72,36.5,0,,619.16,,,0,,,0,,,,
2022-06-16,654.77,655.46,628.43,632.26,5960283,716.56,662.07,628.43,695.1,695.1,17.46,31.35,0,,605.64,,,0,,,0,,,,
2022-06-17,627.38,638.14,623.99,632.56,6849201,715.8,660.8,623.99,695.1,695.1,17.22,31.55,0,,604.51,,,0,,,0,,,,
2022-06-20,632.61,634.5,619.61,625.69,5305222,715.07,659.62,619.61,695.1,695.1,17.06,29.43,0,,598.73,,,0,,,0,,,,
2022-06-21,629.37,642.67,625.54,633.85,10333886,714.41,658.85,619.61,695.1,695.1,17.06,35.02,0,,603.99,,,0,,,0,,,,
2022-06-22,629.92,631.02,618.67,624.19,5899024,713.7,657.34,618.67,695.1,695.1,16.93,31.81,0,,597.54,,,0,,,0,,,,
2022-06-23,624.79,638.19,615.68,626.73,8450777,713.06,656.66,615.68,695.1,695.1,17.33,33.53,0,,597.92,,,0,,,0,,,,
2022-06-24,631.71,639.78,629.02,631.36,6918584,712.54,656.6,615.68,695.1,695.1,17.02,36.68,0,,601.11,,,0,,,0,,,,
2022-06-27,641.32,644.21,632.06,634.45,4552114,712.08,656.54,615.68,695.1,695.1,16.72,38.77,0,,603.3,,,0,,,0,,,,
2022-06-28,631.36,642.02,629.37,639.68,10711123,711.79,656.12,615.68,695.1,695.1,16.43,42.23,0,,606.87,,,0,,,0,,,,
2022-06-29,633.7,635.15,620.91,622.95,13620084,711.39,654.99,615.68,695.1,695.1,16.6,35.34,0,,595.96,,,0,,,0,,,,
2022-06-30,621.41,636.64,621.06,634.15,10563138,711.07,654.55,615.68,695.1,695.1,16.53,42.15,0,,603.24,,,0,,,0,,,,
2022-07-01,630.37,643.91,629.17,641.27,6549359,710.83,653.58,615.68,681.16,695.1,16.4,46.04,0,,607.91,,,0,,,0,,,,
2022-07-04,638.88,652.43,637.84,651.63,3933384,710.78,652.88,615.68,675.18,681.16,16.27,51.18,0,,614.68,,,0,,,0,,,,
2022-07-05,653.37,657.16,643.31,645.8,5044787,710.76,652.37,615.68,670.75,675.18,16.1,48.38,0,,611.04,,,0,,,0,,,,
2022-07-06,649.29,656.66,648.29,655.21,6684686,710.78,652.13,615.68,660.94,670.75,15.72,52.86,0,,617.36,,,0,,,0,,,,
2022-07-07,661.7,662.74,649.93,656.41,11171714,710.64,651.33,615.68,662.74,660.94,15.51,53.41,0,,618.27,,,0,,,0,,,,
2022-07-08,665.24,675.01,659.65,667.38,12669533,710.6,650.73,615.68,675.01,662.74,15.74,58.25,0,,625.2,,,0,,,0,,,,
2022-07-11,664.79,680.15,663.59,678.05,14864123,710.65,650.31,615.68,680.15,675.01,15.79,62.34,0,,632.04,,,0,,,0,,,,
2022-07-12,675.21,683.44,671.22,674.41,6446810,710.75,650.04,615.68,683.44,680.15,15.54,60.17,0,,629.86,,,0,,,0,,,,
2022-07-13,678.2,683.19,675.16,678.1,9614674,710.71,649.87,615.68,683.44,683.44,15.06,61.63,0,,632.56,,,0,,,0,,,,
2022-07-14,676.81,678.65,663.84,666.48,8026311,710.52,649.13,620.91,683.44,683.44,15.04,54.83,0,,626.82,,,0,,,0,,,,
2022-07-15,668.23,672.42,657.36,660.45,6015057,710.32,648.67,620.91,683.44,683.44,15.04,51.65,0,,622.93,,,0,,,0,,,,
2022-07-18,666.28,686.18,661.7,682.69,12464664,710.3,649.11,620.91,686.18,683.44,15.8,60.71,0,,636.77,,,0,,,0,,,,
2022-07-19,676.81,701.99,676.81,698.75,10171314,710.29,650.3,620.91,701.99,686.18,16.47,65.71,0,,646.68,,,0,,,0,,,,
2022-07-20,704.43,712.61,700.84,703.84,11620331,710.26,651.9,621.06,712.61,701.99,16.29,67.14,0,,650.14,,,0,,,0,,,,
2022-07-21,706.08,716.55,702.49,713.66,8036515,710.29,653.73,629.17,716.55,712.61,16.13,69.75,0,,659.28,,,0,,,0,,,,
2022-07-22,715.11,733.06,713.21,728.82,9713490,710.43,656.1,637.84,733.06,716.55,16.39,73.29,0,,671.77,,,0,,,0,,,,
2022-07-25,731.56,736.85,720.59,725.43,6230411,710.7,658.74,643.31,736.85,733.06,16.38,71.28,0,,671.42,,,0,,,0,,,,
2022-07-26,720.99,721.54,700.2,704.58,14135744,710.92,660.62,648.29,736.85,736.85,17.02,60.34,0,,659.21,,,0,,,0,,,,
2022-07-27,706.08,718.65,701.74,717.05,6106880,711.28,662.93,649.93,736.85,736.85,17.01,63.91,0,,667.8,,,0,,,0,,,,
2022-07-28,723.08,731.76,721.14,723.98,6964838,711.66,665.99,657.36,736.85,736.85,16.84,65.75,0,,674.86,,,0,,,0,,,,
2022-07-29,731.96,733.01,721.09,722.84,6624854,711.97,669.0,657.36,736.85,736.85,16.49,65.16,0,,674.36,,,0,,,0,,,,
2022-08-01,724.08,730.37,718.5,728.87,5493105,712.4,672.44,657.36,736.85,736.85,16.16,66.86,0,,678.47,,,0,,,0,,,,
2022-08-02,725.08,732.41,719.19,728.52,7275626,712.79,675.59,657.36,736.85,736.85,15.95,66.65,0,,678.38,,,0,,,0,,,,
2022-08-03,728.07,736.55,725.58,728.57,9458761,713.17,679.07,657.36,736.85,736.85,15.6,66.67,0,,678.65,,,0,,,0,,,,
2022-08-04,733.26,734.75,710.32,719.69,7466635,713.51,682.17,657.36,736.85,736.85,16.23,61.22,0,,672.5,,,0,,,0,,,,
2022-08-05,722.09,729.27,719.29,726.58,4583196,713.92,685.34,661.7,736.85,736.85,15.78,63.7,0,,678.69,,,0,,,0,,,,
2022-08-08,728.07,745.38,726.18,743.58,8191870,714.37,688.98,676.81,745.38,736.85,16.03,68.97,1,743.58,694.53,694.53,694.53,1,63,2022-08-08,0,,,,
2022-08-10,743.03,745.87,734.2,737.05,9069541,714.66,692.23,700.2,745.87,745.38,15.71,65.06,0,,698.32,,698.32,1,63,2022-08-08,0,,,,
2022-08-11,741.09,758.64,741.09,756.84,12384073,715.0,696.69,700.2,758.64,745.87,16.13,70.52,1,756.84,710.81,710.81,710.81,1,63,2022-08-08,0,,,,
2022-08-12,756.7,759.99,751.41,758.54,4614341,715.23,700.84,700.2,759.99,758.64,15.59,70.94,0,,712.26,,712.26,1,63,2022-08-08,0,,,,
2022-08-16,762.98,769.96,756.45,762.63,7051498,715.46,704.88,700.2,769.96,759.99,15.45,71.97,1,762.63,715.0,715.0,715.0,1,63,2022-08-08,0,,,,
2022-08-17,769.36,771.71,764.23,770.06,7674390,715.75,708.83,700.2,771.71,769.96,14.99,73.8,0,,720.09,,720.09,1,63,2022-08-08,0,,,,
2022-08-18,769.96,773.95,760.09,763.03,9449924,715.9,712.74,701.74,773.95,771.71,14.91,69.21,0,,716.13,,720.09,1,63,2022-08-08,0,,,,
2022-08-19,769.96,770.61,748.27,755.5,7553270,716.0,716.08,710.32,773.95,773.95,15.44,64.57,0,,713.78,,720.09,1,63,2022-08-08,0,,,,
2022-08-22,751.41,752.46,737.25,739.89,4994311,715.98,718.86,710.32,773.95,773.95,15.64,56.18,0,,703.57,,720.09,1,63,2022-08-08,0,,,,
2022-08-23,736.05,748.87,731.86,745.08,6594634,716.03,721.45,710.32,773.95,773.95,15.74,58.13,0,,706.86,,720.09,1,63,2022-08-08,0,,,,
2022-08-24,743.03,750.06,740.04,748.17,6875820,716.23,723.79,710.32,773.95,773.95,15.33,59.29,0,,709.12,,720.09,1,63,2022-08-08,0,,,,
2022-08-25,751.91,756.6,738.04,741.39,6320890,716.44,726.02,710.32,773.95,773.95,15.56,55.64,0,,704.6,,720.09,1,63,2022-08-08,0,,,,
2022-08-26,746.02,753.01,739.34,742.93,4613713,716.57,728.18,710.32,773.95,773.95,15.43,56.3,0,,705.68,,720.09,1,63,2022-08-08,0,,,,
2022-08-29,728.07,732.96,720.14,726.77,5904146,716.58,730.19,719.29,773.95,773.95,15.95,48.22,0,,697.9,,720.09,1,63,2022-08-08,0,,,,
2022-08-30,731.06,751.56,731.06,749.51,9193270,716.73,733.16,720.14,773.95,773.95,16.58,57.47,0,,712.42,,720.09,1,63,2022-08-08,0,,,,
2022-09-01,731.56,752.91,731.56,742.18,9353805,716.95,735.14,720.14,773.95,773.95,16.92,54.12,0,,707.47,,720.09,1,63,2022-08-08,0,,,,
2022-09-02,747.02,752.56,738.29,748.22,7767812,717.26,736.79,720.14,773.95,773.95,16.73,56.37,0,,711.49,,720.09,1,63,2022-08-08,0,,,,
2022-09-05,748.22,756.8,747.37,754.1,5894055,717.3,738.47,720.14,773.95,773.95,16.21,58.52,0,,715.63,,720.09,1,63,2022-08-08,0,,,,
2022-09-06,756.0,759.54,746.82,748.02,7606181,717.14,739.61,720.14,773.95,773.95,15.96,55.48,0,,711.88,,720.09,1,63,2022-08-08,0,,,,
2022-09-07,741.19,756.0,737.1,753.4,10156460,717.09,740.43,720.14,773.95,773.95,16.17,57.58,0,,715.21,,720.09,1,63,2022-08-08,0,,,,
2022-09-08,759.74,780.13,755.1,777.69,13410790,717.14,742.18,720.14,780.13,773.95,16.93,65.48,1,777.69,730.37,730.37,730.37,1,63,2022-08-08,0,,,,
2022-09-09,785.87,785.87,777.94,782.78,8732302,717.17,744.78,720.14,785.87,780.13,16.3,66.87,0,,734.07,,734.07,1,63,2022-08-08,0,,,,
2022-09-12,786.92,802.87,784.72,798.88,15521649,717.16,747.51,720.14,802.87,785.87,16.57,70.87,0,,744.28,,744.28,1,63,2022-08-08,0,,,,
2022-09-13,802.87,806.81,801.03,803.42,9887516,717.21,750.16,720.14,806.81,802.87,15.96,71.9,0,,747.62,,747.62,1,63,2022-08-08,0,,,,
2022-09-14,792.3,809.21,792.3,800.93,10494713,717.24,752.76,720.14,809.21,806.81,16.02,70.43,0,,745.96,,747.62,1,63,2022-08-08,0,,,,
2022-09-15,803.37,804.37,785.57,787.91,5996899,717.25,754.73,720.14,809.21,809.21,16.22,63.15,0,,737.43,,747.62,1,63,2022-08-08,0,,,,
2022-09-16,783.97,790.51,774.05,787.21,11467351,717.2,756.68,720.14,809.21,809.21,16.24,62.78,0,,736.97,,747.62,1,63,2022-08-08,0,,,,
2022-09-19,787.21,799.88,784.62,795.99,11427799,717.17,758.93,720.14,809.21,809.21,16.17,65.54,0,,742.68,,747.62,1,63,2022-08-08,0,,,,
2022-09-20,804.67,814.04,799.88,810.6,8274079,717.2,761.96,731.06,814.04,809.21,16.3,69.6,1,810.6,755.65,755.65,755.65,1,63,2022-08-08,0,,,,
2022-09-21,807.11,813.84,801.23,804.42,6567084,717.22,764.56,731.56,814.04,814.04,16.04,66.06,0,,752.01,,755.65,1,63,2022-08-08,0,,,,
2022-09-22,802.87,806.66,782.23,787.11,7804275,717.34,766.01,737.1,814.04,814.04,16.64,57.27,0,,742.29,,755.65,1,63,2022-08-08,0,,,,
2022-09-23,786.92,786.92,762.23,766.57,10278805,717.16,766.99,737.1,814.04,814.04,17.23,48.95,0,,728.65,,755.65,1,63,2022-08-08,0,,,,
2022-09-26,756.99,761.48,739.04,740.64,11090327,716.8,766.45,737.1,814.04,814.04,17.96,40.88,0,,711.44,,755.65,1,63,2022-08-08,1,755.65,TRAILING_STOP,33,1.62
2022-09-27,744.38,752.16,728.57,735.55,11358306,716.51,765.69,728.57,814.04,814.04,18.37,39.5,0,,705.04,,,0,,,0,,,,
2022-09-28,731.96,731.96,705.83,714.56,13170668,716.05,764.08,705.83,814.04,814.04,19.18,34.36,0,,683.38,,,0,,,0,,,,
2022-09-29,720.34,728.87,709.12,717.1,12090981,715.59,762.32,705.83,814.04,814.04,19.22,35.46,0,,684.99,,,0,,,0,,,,
2022-09-30,718.1,735.8,712.51,731.26,9536017,715.29,761.26,705.83,814.04,814.04,19.51,41.33,0,,693.93,,,0,,,0,,,,
2022-10-03,729.07,740.04,719.14,720.84,6405645,714.94,760.1,705.83,814.04,814.04,19.61,38.55,0,,687.15,,,0,,,0,,,,
2022-10-04,731.46,742.53,730.07,740.84,5438934,715.03,760.14,705.83,814.04,814.04,19.76,46.05,0,,699.95,,,0,,,0,,,,
2022-10-06,748.02,758.39,744.03,753.1,9376433,715.02,760.4,705.83,814.04,814.04,19.6,50.08,0,,707.96,,,0,,,0,,,,
2022-10-07,751.81,755.5,740.34,753.7,7500540,715.11,760.59,705.83,814.04,814.04,19.28,50.27,0,,708.56,,,0,,,0,,,,
2022-10-10,746.02,776.64,743.03,774.8,14106654,715.3,761.7,705.83,814.04,814.04,20.31,56.69,0,,721.49,,,0,,,0,,,,
2022-10-11,777.94,793.4,772.45,783.47,15953495,715.62,763.05,705.83,814.04,814.04,20.35,59.03,0,,727.05,,,0,,,0,,,,
2022-10-12,787.41,808.66,781.38,806.56,21228018,716.25,765.71,705.83,814.04,814.04,20.85,64.53,0,,741.61,,,0,,,0,,,,
2022-10-13,804.87,812.8,793.5,799.88,13024911,717.15,767.39,705.83,814.04,814.04,20.74,61.94,0,,737.38,,,0,,,0,,,,
2022-10-14,813.4,818.53,792.35,798.38,8220645,718.03,769.26,705.83,818.53,814.04,21.12,61.35,0,,736.15,,,0,,,0,,,,
2022-10-17,801.38,814.84,794.99,812.0,9463827,718.96,771.39,705.83,818.53,818.53,21.03,64.67,0,,744.99,,,0,,,0,,,,
2022-10-18,817.83,820.73,809.41,814.19,8470882,719.78,773.39,705.83,820.73,818.53,20.34,65.19,0,,746.87,,,0,,,0,,,,
2022-10-19,816.29,836.23,814.74,827.66,10868663,720.71,776.05,705.83,836.23,820.73,20.46,68.27,1,827.66,755.48,755.48,755.48,1,64,2022-10-19,0,,,,
2022-10-20,822.72,829.7,814.79,823.67,11813817,721.49,778.39,709.12,836.23,836.23,20.06,66.39,0,,754.26,,755.48,1,64,2022-10-19,0,,,,
2022-10-21,857.83,903.61,853.59,898.02,58057724,722.84,782.4,712.51,903.61,836.23,24.34,78.33,1,898.02,800.5,800.5,800.5,1,64,2022-10-19,0,,,,
2022-10-24,913.58,916.02,902.61,907.05,3085307,724.08,786.54,719.14,916.02,903.61,23.89,79.29,0,,808.83,,808.83,1,64,2022-10-19,0,,,,
2022-10-25,903.31,908.19,889.24,900.46,13187308,725.17,789.93,730.07,916.02,916.02,23.54,76.62,0,,808.46,,808.83,1,64,2022-10-19,0,,,,
2022-10-27,906.6,917.52,898.87,912.73,11967044,726.44,793.57,740.34,917.52,916.02,23.19,78.1,0,,820.03,,820.03,1,64,2022-10-19,0,,,,
2022-10-28,912.58,915.52,896.53,900.66,7320207,727.59,796.9,740.34,917.52,917.52,22.89,73.19,0,,812.45,,820.03,1,64,2022-10-19,0,,,,
2022-10-31,905.6,915.57,899.72,903.61,9038777,728.79,800.75,743.03,917.52,917.52,22.38,73.63,0,,815.58,,820.03,1,64,2022-10-19,0,,,,
2022-11-01,901.61,901.61,866.7,869.45,29191921,729.79,803.5,772.45,917.52,917.52,23.42,61.2,0,,802.66,,820.03,1,64,2022-10-19,0,,,,
2022-11-02,872.69,874.68,859.32,861.27,11029140,730.74,805.67,781.38,917.52,917.52,22.85,58.65,0,,800.75,,820.03,1,64,2022-10-19,0,,,,
2022-11-03,855.63,878.07,853.74,861.77,10185978,731.6,807.38,792.35,917.52,917.52,22.95,58.76,0,,804.66,,820.03,1,64,2022-10-19,0,,,,
2022-11-04,866.7,870.59,860.02,865.81,7323879,732.48,809.42,792.35,917.52,917.52,22.07,59.72,0,,807.85,,820.03,1,64,2022-10-19,0,,,,
2022-11-07,873.93,874.48,859.02,870.64,9931261,733.3,812.21,794.99,917.52,917.52,21.6,60.89,0,,812.16,,820.03,1,64,2022-10-19,0,,,,
2022-11-09,872.74,878.42,866.21,871.39,10190209,734.05,815.7,809.41,917.52,917.52,20.93,61.08,0,,817.9,,820.03,1,64,2022-10-19,0,,,,
2022-11-10,841.47,854.44,838.78,841.47,18956575,734.52,819.06,814.74,917.52,917.52,21.76,50.57,0,,799.82,,820.03,1,64,2022-10-19,0,,,,
2022-11-11,844.76,852.44,841.92,848.45,19329819,734.97,822.83,814.79,917.52,917.52,20.99,52.62,0,,804.85,,820.03,1,64,2022-10-19,0,,,,
2022-11-14,848.25,851.64,845.11,848.75,6985306,735.43,827.3,838.78,917.52,917.52,19.96,52.71,0,,813.73,,820.03,1,64,2022-10-19,0,,,,
2022-11-15,849.0,857.58,844.96,856.38,7124767,736.0,831.94,838.78,917.52,917.52,19.43,55.06,0,,819.0,,820.03,1,64,2022-10-19,0,,,,
2022-11-16,855.73,859.32,848.35,853.14,6521854,736.43,836.0,838.78,917.52,917.52,18.83,53.84,0,,817.32,,820.03,1,64,2022-10-19,0,,,,
2022-11-17,853.14,859.12,850.45,855.93,4909607,736.86,840.51,838.78,917.52,917.52,18.1,54.77,0,,819.6,,820.03,1,64,2022-10-19,0,,,,
2022-11-18,857.03,863.51,852.74,856.93,7065304,737.36,844.38,838.78,917.52,917.52,17.58,55.12,0,,820.59,,820.59,1,64,2022-10-19,0,,,,
2022-11-21,857.73,868.65,856.73,867.75,7209207,737.84,848.2,838.78,917.52,917.52,17.17,58.84,0,,827.84,,827.84,1,64,2022-10-19,0,,,,
2022-11-22,872.64,874.68,866.06,867.75,5535233,738.36,852.0,838.78,917.52,917.52,16.56,58.84,0,,828.25,,828.25,1,64,2022-10-19,0,,,,
2022-11-23,871.59,875.48,866.45,872.39,5861417,738.87,855.25,838.78,917.52,917.52,16.03,60.47,0,,831.6,,831.6,1,64,2022-10-19,0,,,,
2022-11-24,875.68,878.47,870.79,876.23,4928778,739.42,858.35,838.78,917.52,917.52,15.43,61.82,0,,834.48,,834.48,1,64,2022-10-19,0,,,,
2022-11-25,880.67,889.44,878.57,885.4,7614047,740.04,860.97,838.78,915.57,917.52,15.27,64.9,0,,840.5,,840.5,1,64,2022-10-19,0,,,,
2022-11-28,885.35,897.12,882.96,889.34,7928147,740.65,863.96,838.78,915.57,915.57,15.19,66.16,0,,843.09,,843.09,1,64,2022-10-19,0,,,,
2022-11-29,892.04,899.52,887.65,890.19,5661158,741.4,867.02,838.78,901.61,915.57,14.95,66.44,0,,843.8,,843.8,1,64,2022-10-19,0,,,,
2022-11-30,892.64,902.71,883.11,898.87,10452798,742.21,869.91,838.78,902.71,901.61,15.29,69.24,0,,849.17,,849.17,1,64,2022-10-19,0,,,,
2022-12-01,907.1,907.1,897.12,901.46,7053100,743.08,872.82,841.92,907.1,902.71,14.91,70.04,0,,852.14,,852.14,1,64,2022-10-19,0,,,,
2022-12-02,895.93,904.6,889.04,902.76,7988851,744.01,875.32,844.96,907.1,907.1,14.95,70.46,0,,853.96,,853.96,1,64,2022-10-19,0,,,,
2022-12-05,904.6,904.9,895.23,896.82,5098164,744.81,877.76,844.96,907.1,907.1,14.58,65.94,0,,850.38,,853.96,1,64,2022-10-19,0,,,,
2022-12-06,895.13,904.5,893.33,902.26,5351099,745.99,877.9,848.35,907.1,907.1,14.33,67.97,0,,855.19,,855.19,1,64,2022-10-19,0,,,,
2022-12-07,900.41,915.57,897.47,912.23,9103656,747.24,878.08,850.45,915.57,907.1,14.6,71.33,1,912.23,862.14,862.14,862.14,1,64,2022-10-19,0,,,,
2022-12-08,913.23,941.46,911.34,936.87,17466047,748.79,879.29,852.74,941.46,915.57,15.71,77.6,0,,878.05,,878.05,1,64,2022-10-19,0,,,,
2022-12-09,941.51,942.5,925.15,931.23,8018981,750.34,879.91,856.73,942.5,941.46,15.83,73.63,0,,875.67,,878.05,1,64,2022-10-19,0,,,,
2022-12-12,927.44,938.66,919.56,936.17,7621788,752.11,881.09,866.06,942.5,942.5,16.06,74.84,0,,881.81,,881.81,1,64,2022-10-19,0,,,,
2022-12-13,937.72,946.79,934.13,942.1,8136559,753.98,882.37,866.45,946.79,942.5,15.82,76.26,0,,885.93,,885.93,1,64,2022-10-19,0,,,,
2022-12-14,943.15,947.64,936.02,939.91,8573479,755.87,884.72,870.79,947.64,946.79,15.52,74.59,0,,886.16,,886.16,1,64,2022-10-19,0,,,,
2022-12-15,937.27,942.45,930.14,935.67,7359261,757.64,887.2,878.57,947.64,947.64,15.29,71.34,0,,886.17,,886.17,1,64,2022-10-19,0,,,,
2022-12-16,929.79,942.7,926.65,932.63,6926928,759.55,889.56,882.96,947.64,947.64,15.34,69.02,0,,885.64,,886.17,1,64,2022-10-19,0,,,,
2022-12-19,932.63,945.59,929.94,943.7,4842336,761.62,892.16,883.11,947.64,947.64,15.37,72.53,0,,892.81,,892.81,1,64,2022-10-19,0,,,,
2022-12-20,941.26,950.23,937.97,947.24,9511818,763.69,894.71,883.11,950.23,947.64,15.14,73.56,0,,895.24,,895.24,1,64,2022-10-19,0,,,,
2022-12-21,950.58,956.37,925.55,929.84,8368960,765.54,896.66,889.04,956.37,950.23,16.26,61.37,0,,885.25,,895.24,1,64,2022-10-19,0,,,,
2022-12-22,933.53,933.53,910.54,917.12,9202717,767.28,899.18,889.04,956.37,956.37,16.74,54.3,0,,876.73,,895.24,1,64,2022-10-19,0,,,,
2022-12-23,909.59,914.83,901.61,904.2,6371695,768.99,901.04,893.33,956.37,956.37,16.66,48.21,0,,869.88,,895.24,1,64,2022-10-19,0,,,,
2022-12-26,905.6,930.48,902.71,926.25,4764440,770.69,903.63,893.33,956.37,956.37,17.45,57.06,0,,883.57,,895.24,1,64,2022-10-19,0,,,,
2022-12-27,929.99,935.32,920.16,929.74,3346083,772.41,906.07,897.47,956.37,956.37,17.29,58.27,0,,887.31,,895.24,1,64,2022-10-19,0,,,,
2022-12-28,928.49,934.97,918.87,922.26,5956496,774.15,908.37,901.61,956.37,956.37,17.2,54.7,0,,883.93,,895.24,1,64,2022-10-19,0,,,,
2022-12-29,920.36,941.51,913.38,932.08,12204113,775.95,910.91,901.61,956.37,956.37,17.98,58.31,0,,889.74,,895.24,1,64,2022-10-19,0,,,,
2022-12-30,938.76,941.01,927.89,931.28,3704449,777.62,913.39,901.61,956.37,956.37,17.63,57.91,0,,889.46,,895.24,1,64,2022-10-19,0,,,,
2023-01-02,929.79,942.5,929.34,939.11,3498198,779.31,915.77,901.61,956.37,956.37,17.32,60.78,0,,894.72,,895.24,1,64,2022-10-19,0,,,,
2023-01-03,942.25,963.05,940.11,959.76,6927819,781.1,918.84,901.61,963.05,956.37,17.79,67.14,1,959.76,907.72,907.72,907.72,1,64,2022-10-19,0,,,,
2023-01-04,960.95,967.44,952.48,954.92,9059392,782.92,921.59,901.61,967.44,963.05,17.59,64.5,0,,904.74,,907.72,1,64,2022-10-19,0,,,,
2023-01-05,957.46,959.36,935.77,947.04,6998980,784.68,923.95,901.61,967.44,967.44,18.02,60.34,0,,899.37,,907.72,1,64,2022-10-19,0,,,,
2023-01-06,944.05,948.44,931.83,937.42,5787783,786.34,925.68,901.61,967.44,967.44,17.91,55.62,0,,893.23,,907.72,1,64,2022-10-19,0,,,,
2023-01-09,944.3,957.46,938.86,956.22,7025747,788.22,927.91,901.61,967.44,967.44,18.07,61.89,0,,905.25,,907.72,1,64,2022-10-19,0,,,,
2023-01-10,961.45,961.45,940.26,949.63,7140150,790.09,929.89,901.61,967.44,967.44,18.29,58.76,0,,900.85,,907.72,1,64,2022-10-19,0,,,,
2023-01-11,950.48,953.22,940.31,947.24,7100355,791.98,931.51,901.61,967.44,967.44,17.91,57.62,0,,899.57,,907.72,1,64,2022-10-19,0,,,,
2023-01-12,946.84,947.19,921.56,933.08,8661375,793.83,932.56,901.61,967.44,967.44,18.46,51.27,0,,890.07,,907.72,1,64,2022-10-19,0,,,,
2023-01-13,933.03,934.97,920.56,931.68,9083608,795.65,933.52,902.71,967.44,967.44,18.17,50.67,0,,889.72,,907.72,1,64,2022-10-19,0,,,,
2023-01-16,937.97,939.26,909.29,910.74,10008273,797.33,933.99,909.29,967.44,967.44,19.01,42.7,0,,877.85,,907.72,1,64,2022-10-19,0,,,,
2023-01-17,912.53,917.27,904.3,915.28,6904960,799.13,934.42,904.3,967.44,967.44,18.58,44.73,0,,879.4,,907.72,1,64,2022-10-19,1,907.72,TRAILING_STOP,63,9.67
2023-01-18,919.46,923.15,910.84,921.56,5730939,800.95,934.73,904.3,967.44,967.44,18.13,47.5,0,,883.75,,,0,,,0,,,,
2023-01-19,921.16,935.52,918.32,926.25,7721730,802.81,934.38,904.3,967.44,967.44,18.07,49.54,0,,886.82,,,0,,,0,,,,
2023-01-20,928.79,932.38,922.21,928.09,4511360,804.78,934.27,904.3,967.44,967.44,17.5,50.35,0,,888.38,,,0,,,0,,,,
2023-01-23,933.53,937.22,922.01,930.24,5236124,806.76,934.08,904.3,967.44,967.44,17.34,51.34,0,,889.88,,,0,,,0,,,,
2023-01-24,932.53,932.53,901.36,907.8,18527897,808.64,932.93,901.36,967.44,967.44,18.33,41.96,0,,873.77,,,0,,,0,,,,
2023-01-25,902.61,905.05,881.86,889.99,11921748,810.35,931.27,881.86,967.44,967.44,18.87,36.3,0,,855.42,,,0,,,0,,,,
2023-01-27,889.99,890.14,848.75,871.44,17300736,812.0,929.13,848.75,967.44,967.44,20.48,31.52,0,,831.34,,,0,,,0,,,,
2023-01-30,849.65,883.16,843.91,869.55,21233998,813.62,927.02,843.91,967.44,967.44,21.82,31.08,0,,827.62,,,0,,,0,,,,
2023-01-31,870.69,876.98,858.82,869.3,16856151,815.21,924.54,843.91,967.44,967.44,21.56,31.01,0,,827.63,,,0,,,0,,,,
2023-02-01,873.98,892.83,831.1,854.98,12409819,816.68,921.47,831.1,967.44,967.44,24.43,27.57,0,,812.21,,,0,,,0,,,,
2023-02-02,848.7,869.7,834.84,866.16,9567053,818.19,919.35,831.1,961.45,967.44,25.17,33.75,0,,818.92,,,0,,,0,,,,
2023-02-03,870.69,882.66,856.98,880.27,7365732,819.9,918.12,831.1,961.45,961.45,25.21,40.63,0,,828.0,,,0,,,0,,,,
2023-02-06,869.55,896.77,868.3,880.32,10129098,821.54,917.32,831.1,961.45,961.45,25.44,40.66,0,,827.88,,,0,,,0,,,,
2023-02-07,884.51,886.05,869.2,876.78,5055187,823.11,915.67,831.1,961.45,961.45,24.83,39.46,0,,826.0,,,0,,,0,,,,
2023-02-08,879.77,884.11,865.96,869.45,6572818,824.56,913.66,831.1,953.22,961.45,24.35,37.04,0,,821.59,,,0,,,0,,,,
2023-02-09,873.84,873.84,860.27,865.41,5993312,826.03,911.77,831.1,947.19,953.22,23.58,35.74,0,,819.5,,,0,,,0,,,,
2023-02-10,869.75,870.39,862.86,864.96,4603464,827.43,909.53,831.1,939.26,947.19,22.44,35.59,0,,819.98,,,0,,,0,,,,
2023-02-13,864.96,868.15,854.24,856.83,5707194,828.76,907.05,831.1,939.26,939.26,21.83,32.9,0,,815.14,,,0,,,0,,,,
2023-02-14,860.27,869.6,851.99,868.45,7527755,830.1,904.69,831.1,937.22,939.26,21.53,39.89,0,,822.83,,,0,,,0,,,,
2023-02-15,869.7,869.9,859.32,866.01,7322266,831.36,901.57,831.1,937.22,937.22,20.74,38.97,0,,821.78,,,0,,,0,,,,
2023-02-16,870.49,871.99,859.97,862.47,5843235,832.61,898.49,831.1,937.22,937.22,20.12,37.62,0,,819.91,,,0,,,0,,,,
2023-02-17,858.73,865.96,847.75,852.64,8420479,833.77,895.34,831.1,937.22,937.22,19.98,34.08,0,,813.66,,,0,,,0,,,,
2023-02-20,857.43,858.92,840.27,844.51,5992322,834.96,892.24,831.1,937.22,937.22,19.89,31.45,0,,808.48,,,0,,,0,,,,
2023-02-21,846.76,846.76,835.19,841.82,9677064,836.17,888.43,831.1,932.53,937.22,19.29,30.61,0,,807.14,,,0,,,0,,,,
2023-02-22,837.78,840.77,827.36,831.15,6984037,837.16,884.48,827.36,905.05,932.53,18.95,27.46,0,,799.25,,,0,,,0,,,,
2023-02-23,830.85,846.01,828.01,842.12,8437003,838.12,880.98,827.36,896.77,905.05,18.88,34.87,0,,806.37,,,0,,,0,,,,
2023-02-24,847.85,852.34,842.22,849.15,7763814,839.08,878.18,827.36,896.77,896.77,18.26,39.16,0,,811.31,,,0,,,0,,,,
2023-02-27,849.6,856.18,843.71,852.09,8064267,840.01,875.53,827.36,896.77,896.77,17.85,40.91,0,,813.49,,,0,,,0,,,,
2023-02-28,853.69,855.33,837.78,841.87,13012372,840.76,873.23,827.36,896.77,896.77,17.83,36.93,0,,806.91,,,0,,,0,,,,
2023-03-01,843.81,866.45,842.82,862.86,12345125,841.68,871.48,827.36,896.77,896.77,18.31,48.1,0,,820.12,,,0,,,0,,,,
2023-03-02,863.71,864.51,841.27,843.22,13900508,842.6,868.87,827.36,896.77,896.77,18.66,40.81,0,,807.22,,,0,,,0,,,,
2023-03-03,847.5,856.33,843.37,850.4,7977804,843.49,866.34,827.36,896.77,896.77,18.27,44.14,0,,812.12,,,0,,,0,,,,
2023-03-06,854.69,861.47,853.34,857.23,10781567,844.38,863.98,827.36,886.05,896.77,17.75,47.19,0,,816.87,,,0,,,0,,,,
2023-03-08,856.23,860.22,850.8,858.68,8785735,845.28,861.6,827.36,884.11,886.05,17.16,47.84,0,,818.2,,,0,,,0,,,,
2023-03-09,860.22,871.94,859.72,865.51,14746065,846.2,860.19,827.36,873.84,884.11,16.88,50.9,0,,822.79,,,0,,,0,,,,
2023-03-10,857.33,859.32,843.27,849.65,11198583,847.0,858.84,827.36,871.99,873.84,17.26,44.38,0,,812.3,,,0,,,0,,,,
2023-03-13,843.37,854.74,826.26,830.15,8315798,847.68,857.47,826.26,871.99,871.99,18.06,37.95,0,,798.83,,,0,,,0,,,,
2023-03-14,825.81,833.49,815.24,830.65,12573734,848.42,856.17,815.24,871.99,871.99,18.08,38.19,0,,795.47,,,0,,,0,,,,
2023-03-15,835.84,841.27,817.19,821.87,6652641,849.06,854.59,815.24,871.99,871.99,18.5,35.51,0,,789.52,,,0,,,0,,,,
2023-03-16,819.33,835.69,812.15,828.36,8791383,849.62,853.7,812.15,871.99,871.99,18.86,38.92,0,,792.43,,,0,,,0,,,,
2023-03-17,832.79,839.28,820.83,835.19,7762461,850.27,852.67,812.15,871.94,871.99,18.83,42.38,0,,796.86,,,0,,,0,,,,
2023-03-20,833.79,838.78,823.37,835.34,10744023,850.8,851.17,812.15,871.94,871.94,18.59,42.45,0,,797.12,,,0,,,0,,,,
2023-03-21,837.88,855.08,836.53,853.34,11489951,851.43,850.27,812.15,871.94,871.94,18.67,50.92,0,,808.67,,,0,,,0,,,,
2023-03-22,853.34,857.53,844.81,847.41,8018924,852.0,849.29,812.15,871.94,871.94,18.25,48.4,0,,805.13,,,0,,,0,,,,
2023-03-23,844.76,858.87,842.87,846.56,9857892,852.5,848.53,812.15,871.94,871.94,18.09,48.03,0,,804.69,,,0,,,0,,,,
2023-03-24,844.01,850.25,835.04,837.68,8078718,853.0,847.61,812.15,871.94,871.94,17.88,44.24,0,,799.1,,,0,,,0,,,,
2023-03-27,838.83,839.97,827.01,831.15,10602508,853.51,846.48,812.15,871.94,871.94,17.53,41.65,0,,795.12,,,0,,,0,,,,
2023-03-28,835.19,835.19,823.87,830.25,11002402,854.11,845.59,812.15,871.94,871.94,17.09,41.29,0,,794.84,,,0,,,0,,,,
2023-03-29,830.3,846.21,827.81,840.37,17121194,854.74,844.66,812.15,871.94,871.94,17.18,46.85,0,,801.3,,,0,,,0,,,,
2023-03-31,852.64,858.63,845.26,856.23,12946752,855.47,844.33,812.15,871.94,871.94,17.26,54.18,0,,811.48,,,0,,,0,,,,
2023-04-03,861.72,864.51,854.19,862.32,13266882,856.27,844.33,812.15,871.94,871.94,16.76,56.65,0,,815.74,,,0,,,0,,,,
2023-04-05,868.7,868.7,854.74,858.23,11890015,857.04,844.51,812.15,871.94,871.94,16.56,54.52,0,,813.23,,,0,,,0,,,,
2023-04-06,859.52,860.97,846.76,849.7,19677316,857.86,844.68,812.15,871.94,871.94,16.39,50.28,0,,807.84,,,0,,,0,,,,
2023-04-10,852.54,852.69,841.72,845.11,15656078,858.5,844.79,812.15,871.94,871.94,16.01,48.11,0,,805.14,,,0,,,0,,,,
2023-04-11,846.01,853.44,841.82,851.05,23930907,859.22,845.46,820.83,868.7,871.94,15.69,51.05,0,,812.08,,,0,,,0,,,,
2023-04-12,852.64,854.39,844.41,848.8,13480335,859.89,845.68,823.37,868.7,868.7,15.28,49.9,0,,811.74,,,0,,,0,,,,
2023-04-13,851.39,865.41,842.77,862.07,23934570,860.61,846.11,823.87,868.7,868.7,15.81,56.19,0,,820.12,,,0,,,0,,,,
2023-04-17,879.67,879.67,858.73,862.27,22577380,861.37,846.45,823.87,879.67,868.7,16.18,56.28,0,,820.0,,,0,,,0,,,,
2023-04-18,863.06,869.7,854.84,861.07,17238709,862.09,847.09,823.87,879.67,879.67,16.08,55.55,0,,819.29,,,0,,,0,,,,
2023-04-19,862.71,872.19,860.27,871.09,23494247,862.72,847.36,823.87,879.67,879.67,15.79,60.19,0,,825.95,,,0,,,0,,,,
2023-04-20,872.49,873.29,861.87,866.45,19444753,863.27,848.14,823.87,879.67,879.67,15.47,57.21,0,,823.17,,,0,,,0,,,,
2023-04-21,868.5,871.54,855.23,861.92,15520786,863.69,848.52,823.87,879.67,879.67,15.53,54.38,0,,820.21,,,0,,,0,,,,
2023-04-24,865.71,882.06,858.23,879.97,18201632,864.2,849.28,827.81,882.06,879.67,16.13,62.37,1,879.97,832.77,832.77,832.77,1,65,2023-04-24,0,,,,
2023-04-25,882.66,893.43,872.09,876.03,36394389,864.7,849.86,841.72,893.43,882.06,16.5,59.9,0,,834.61,,834.61,1,65,2023-04-24,0,,,,
2023-04-26,875.08,887.1,872.89,885.3,19468723,865.35,850.52,841.72,893.43,893.43,16.33,63.55,0,,840.7,,840.7,1,65,2023-04-24,0,,,,
2023-04-27,885.65,887.65,875.18,879.07,15992383,865.97,851.5,841.72,893.43,893.43,16.06,59.63,0,,836.87,,840.7,1,65,2023-04-24,0,,,,
2023-04-28,882.76,887.7,851.39,857.73,23004117,866.38,852.42,841.72,893.43,893.43,17.51,48.55,0,,822.14,,840.7,1,65,2023-04-24,1,866.38,SMA150_BREAK,5,-1.54
2023-05-02,867.7,874.08,861.97,868.35,12947953,866.76,853.68,841.72,893.43,893.43,17.42,53.21,0,,829.04,,,0,,,0,,,,
2023-05-03,861.57,864.56,851.79,857.58,15103015,867.12,854.87,841.82,893.43,893.43,17.36,48.42,0,,822.17,,,0,,,0,,,,
2023-05-04,857.73,864.86,855.23,863.66,9756391,867.63,856.04,842.77,893.43,893.43,16.81,51.1,0,,826.78,,,0,,,0,,,,
2023-05-05,864.86,882.66,860.47,863.01,14343308,868.27,856.97,842.77,893.43,893.43,17.19,50.79,0,,826.1,,,0,,,0,,,,
2023-05-08,863.01,879.07,863.01,876.13,7007882,869.17,858.33,851.39,893.43,893.43,17.11,56.42,0,,837.49,,,0,,,0,,,,
2023-05-09,879.87,887.85,877.67,885.9,12117151,870.18,859.42,851.39,893.43,893.43,16.73,60.08,0,,844.05,,,0,,,0,,,,
2023-05-10,889.64,890.14,875.23,887.55,11893027,871.33,860.75,851.39,893.43,893.43,16.6,60.68,0,,845.2,,,0,,,0,,,,
2023-05-11,888.65,897.62,886.65,893.58,13816121,872.51,862.32,851.39,897.62,893.43,16.2,62.87,1,893.58,849.36,849.36,849.36,1,66,2023-05-11,0,,,,
2023-05-12,892.83,911.19,891.64,908.24,10533272,873.69,864.67,851.39,911.19,897.62,16.43,67.61,0,,858.65,,858.65,1,66,2023-05-11,0,,,,
2023-05-15,908.24,917.07,906.75,913.38,7339579,874.97,867.41,851.39,917.07,911.19,16.0,69.1,0,,862.26,,862.26,1,66,2023-05-11,0,,,,
2023-05-16,913.78,920.06,909.59,915.38,12567615,876.13,870.25,851.39,920.06,917.07,15.6,69.68,0,,863.81,,863.81,1,66,2023-05-11,0,,,,
2023-05-17,915.28,916.47,908.84,912.38,10248327,877.19,872.65,851.39,920.06,920.06,15.03,67.62,0,,862.26,,863.81,1,66,2023-05-11,0,,,,
2023-05-18,917.57,927.04,910.19,912.28,13614127,878.25,874.52,851.39,927.04,920.06,15.16,67.55,0,,862.11,,863.81,1,66,2023-05-11,0,,,,
2023-05-19,918.47,924.55,906.55,921.61,8393002,879.23,876.5,851.39,927.04,927.04,15.37,70.68,0,,867.99,,867.99,1,66,2023-05-11,0,,,,
2023-05-22,920.56,925.3,911.98,915.13,9383158,880.11,878.39,851.79,927.04,927.04,15.22,65.92,0,,864.04,,867.99,1,66,2023-05-11,0,,,,
2023-05-23,915.13,920.06,909.99,913.73,8273445,880.82,880.53,851.79,927.04,927.04,14.85,64.91,0,,863.38,,867.99,1,66,2023-05-11,0,,,,
2023-05-24,908.74,918.42,907.8,915.28,6248545,881.59,882.87,855.23,927.04,927.04,14.55,65.54,0,,865.73,,867.99,1,66,2023-05-11,0,,,,
2023-05-25,914.28,921.11,910.04,918.62,8149350,882.39,885.12,860.47,927.04,927.04,14.3,66.92,0,,869.8,,869.8,1,66,2023-05-11,0,,,,
2023-05-26,915.57,925.45,912.58,924.5,4908462,883.14,887.64,863.01,927.04,927.04,14.2,69.27,0,,874.51,,874.51,1,66,2023-05-11,0,,,,
2023-05-29,928.54,935.22,925.6,927.34,7133871,883.9,889.82,875.23,935.22,927.04,13.95,70.36,1,927.34,880.58,880.58,880.58,1,66,2023-05-11,0,,,,
2023-05-30,928.34,937.22,925.6,934.97,7804403,884.61,892.24,875.23,937.22,935.22,13.78,73.12,0,,885.61,,885.61,1,66,2023-05-11,0,,,,
2023-05-31,934.87,937.42,907.8,912.43,34757004,885.2,893.95,886.65,937.42,937.22,14.92,56.4,0,,874.12,,885.61,1,66,2023-05-11,0,,,,
2023-06-01,919.56,928.49,913.63,917.27,11817533,885.33,895.49,891.64,937.42,937.42,15.0,58.59,0,,878.85,,885.61,1,66,2023-05-11,0,,,,
2023-06-02,920.21,928.04,917.82,923.65,11616991,885.44,897.4,906.55,937.42,937.42,14.7,61.34,0,,888.14,,888.14,1,66,2023-05-11,0,,,,
2023-06-05,925.15,951.38,925.15,948.34,14520005,885.76,900.28,906.55,951.38,937.42,15.63,69.74,1,948.34,903.45,903.45,903.45,1,66,2023-05-11,0,,,,
2023-06-06,948.59,968.19,948.59,965.64,14457988,886.12,903.14,906.55,968.19,951.38,15.93,74.0,0,,914.4,,914.4,1,66,2023-05-11,0,,,,
2023-06-07,970.38,978.66,965.54,974.17,15795824,886.61,906.41,906.55,978.66,968.19,15.73,75.81,0,,920.04,,920.04,1,66,2023-05-11,0,,,,
2023-06-08,970.48,972.27,957.36,959.56,10209982,886.98,908.88,906.55,978.66,978.66,15.8,67.19,0,,910.56,,920.04,1,66,2023-05-11,0,,,,
2023-06-09,964.45,979.11,960.75,972.17,12947464,887.66,911.99,907.8,979.11,978.66,16.07,70.32,0,,918.93,,920.04,1,66,2023-05-11,0,,,,
2023-06-12,970.43,975.32,966.04,971.63,7465375,888.4,915.78,907.8,979.11,979.11,15.59,70.02,0,,918.91,,920.04,1,66,2023-05-11,0,,,,
2023-06-13,971.73,987.09,971.73,983.25,15233785,889.21,919.61,907.8,987.09,979.11,15.58,72.78,1,983.25,926.41,926.41,926.41,1,66,2023-05-11,0,,,,
2023-06-14,983.39,985.59,973.42,975.12,8644423,889.94,923.53,907.8,987.09,987.09,15.33,68.05,0,,921.33,,926.41,1,66,2023-05-11,0,,,,
2023-06-15,985.74,986.39,969.63,974.57,15978311,890.63,927.23,907.8,987.09,987.09,15.44,67.73,0,,920.91,,926.41,1,66,2023-05-11,0,,,,
2023-06-16,980.2,982.85,974.62,978.96,8860900,891.35,931.09,907.8,987.09,987.09,14.93,68.99,0,,924.08,,926.41,1,66,2023-05-11,0,,,,
2023-06-19,981.25,983.39,958.46,963.1,11025846,892.16,933.99,907.8,987.09,987.09,15.64,59.91,0,,913.37,,926.41,1,66,2023-05-11,0,,,,
2023-06-20,963.4,974.42,956.02,972.27,7596593,892.98,936.87,907.8,987.09,987.09,15.84,62.94,0,,919.16,,926.41,1,66,2023-05-11,0,,,,
2023-06-21,975.72,975.72,960.61,963.45,7805855,893.75,939.4,913.63,987.09,987.09,15.79,58.36,0,,915.45,,926.41,1,66,2023-05-11,0,,,,
2023-06-22,959.66,970.88,956.17,964.05,10135883,894.47,941.75,917.82,987.09,987.09,15.71,58.58,0,,917.28,,926.41,1,66,2023-05-11,0,,,,
2023-06-23,957.46,962.95,952.03,955.87,6188008,895.15,943.34,925.15,987.09,987.09,15.44,54.35,0,,914.62,,926.41,1,66,2023-05-11,0,,,,
2023-06-26,956.96,960.95,950.58,958.01,5799528,895.83,944.82,948.59,987.09,987.09,15.08,55.26,0,,924.06,,926.41,1,66,2023-05-11,0,,,,
2023-06-27,964.45,973.42,958.26,970.68,6921886,896.59,946.67,950.58,987.09,987.09,15.11,60.31,0,,932.88,,932.88,1,66,2023-05-11,0,,,,
2023-06-28,976.41,981.4,964.44,975.62,10010996,897.31,948.78,950.58,987.09,987.09,15.24,62.11,0,,935.98,,935.98,1,66,2023-05-11,0,,,,
2023-06-30,974.52,987.23,973.42,984.84,7096350,898.09,951.19,950.58,987.23,987.09,15.14,65.26,0,,941.99,,941.99,1,66,2023-05-11,0,,,,
2023-07-03,987.38,987.38,975.42,979.51,5562743,898.8,953.12,950.58,987.38,987.23,14.91,62.04,0,,938.7,,941.99,1,66,2023-05-11,0,,,,
2023-07-04,979.51,982.25,966.44,968.14,7396806,899.42,954.89,950.58,987.38,987.38,14.97,55.73,0,,931.33,,941.99,1,66,2023-05-11,0,,,,
2023-07-05,966.44,972.92,959.56,963.95,8200047,899.94,956.57,950.58,987.38,987.38,14.86,53.57,0,,928.7,,941.99,1,66,2023-05-11,0,,,,
2023-07-06,958.46,983.49,958.46,978.36,10221727,900.53,958.67,950.58,987.38,987.38,15.58,59.4,0,,937.51,,941.99,1,66,2023-05-11,0,,,,
2023-07-07,974.66,987.84,970.22,975.11,6236524,901.1,960.55,950.58,987.84,987.38,15.73,57.64,0,,935.32,,941.99,1,66,2023-05-11,0,,,,
2023-07-10,975.11,984.4,958.84,962.48,7138850,901.52,961.82,950.58,987.84,987.84,16.43,51.29,0,,926.7,,941.99,1,66,2023-05-11,0,,,,
2023-07-11,966.33,970.17,949.06,951.65,10616390,901.86,962.63,949.06,987.84,987.84,16.77,46.54,0,,918.99,,941.99,1,66,2023-05-11,0,,,,
2023-07-12,955.15,955.99,945.46,948.46,10141257,902.16,963.08,945.46,987.84,987.84,16.32,45.22,0,,916.03,,941.99,1,66,2023-05-11,0,,,,
2023-07-13,954.75,964.43,950.6,958.59,13079930,902.58,964.62,945.46,987.84,987.84,16.3,50.08,0,,922.58,,941.99,1,66,2023-05-11,0,,,,
2023-07-14,962.88,965.43,946.21,955.5,5383514,902.93,965.89,945.46,987.84,987.84,16.5,48.66,0,,920.45,,941.99,1,66,2023-05-11,0,,,,
2023-07-17,958.44,967.33,948.91,963.28,8472444,903.27,967.21,945.46,987.84,987.84,16.64,52.33,0,,925.37,,941.99,1,66,2023-05-11,0,,,,
2023-07-18,962.43,978.36,949.75,962.08,14457717,903.44,967.67,945.46,987.84,987.84,17.5,51.71,0,,924.03,,941.99,1,66,2023-05-11,0,,,,
2023-07-19,962.43,968.32,954.95,962.73,7574544,903.65,967.57,945.46,987.84,987.84,17.2,52.04,0,,924.65,,941.99,1,66,2023-05-11,0,,,,
2023-07-20,962.33,978.31,956.04,976.31,15329753,903.92,967.64,945.46,987.84,987.84,17.56,58.39,0,,933.16,,941.99,1,66,2023-05-11,0,,,,
2023-07-21,970.02,983.4,966.43,969.72,6230317,904.1,967.98,945.46,987.84,987.84,17.52,54.61,0,,928.94,,941.99,1,66,2023-05-11,0,,,,
2023-07-24,971.87,983.35,967.23,969.92,9167788,904.3,967.91,945.46,987.84,987.84,17.42,54.71,0,,929.14,,941.99,1,66,2023-05-11,0,,,,
2023-07-25,976.06,976.06,952.25,960.94,13448045,904.47,967.55,945.46,987.84,987.84,17.88,49.64,0,,923.04,,941.99,1,66,2023-05-11,0,,,,
2023-07-26,965.28,978.41,961.74,975.21,8298226,904.75,967.28,945.46,987.84,987.84,17.85,56.53,0,,932.26,,941.99,1,66,2023-05-11,0,,,,
2023-07-27,987.74,988.39,954.2,958.34,17858061,904.85,966.72,945.46,988.39,987.84,19.02,48.14,0,,920.61,,941.99,1,66,2023-05-11,0,,,,
2023-07-28,958.34,968.17,940.67,948.41,8504392,904.86,965.85,940.67,988.39,988.39,19.62,44.0,0,,912.2,,941.99,1,66,2023-05-11,1,941.99,TRAILING_STOP,56,5.42
2023-07-31,953.15,957.04,946.76,952.35,6601991,905.01,964.96,940.67,988.39,988.39,18.95,45.99,0,,915.19,,,0,,,0,,,,
2023-08-01,954.45,962.43,950.45,958.34,8409096,905.28,964.81,940.67,988.39,988.39,18.46,48.95,0,,919.38,,,0,,,0,,,,
2023-08-02,949.95,957.34,935.08,943.71,9324465,905.55,963.85,935.08,988.39,988.39,18.8,42.78,0,,907.85,,,0,,,0,,,,
2023-08-03,942.57,945.06,925.64,934.03,17076611,905.6,962.87,925.64,988.39,988.39,18.84,39.25,0,,898.43,,,0,,,0,,,,
2023-08-04,945.46,953.3,933.13,950.7,12376086,905.74,962.43,925.64,988.39,988.39,18.94,47.31,0,,909.12,,,0,,,0,,,,
2023-08-07,950.7,953.45,943.02,945.86,10922609,905.9,962.09,925.64,988.39,988.39,18.33,45.43,0,,906.41,,,0,,,0,,,,
2023-08-08,948.46,958.34,942.52,951.35,11512735,906.02,961.87,925.64,988.39,988.39,18.15,47.96,0,,910.07,,,0,,,0,,,,
2023-08-09,950.45,951.75,942.77,948.46,7701831,906.14,961.13,925.64,988.39,988.39,17.5,46.73,0,,908.64,,,0,,,0,,,,
2023-08-10,946.46,950.4,935.78,938.22,13590891,906.13,959.88,925.64,988.39,988.39,17.29,42.57,0,,902.17,,,0,,,0,,,,
2023-08-11,935.98,944.16,931.48,935.68,9558237,905.97,958.25,925.64,988.39,988.39,16.96,41.58,0,,900.75,,,0,,,0,,,,
2023-08-14,933.48,941.77,927.39,938.42,7172522,905.86,956.88,925.64,988.39,988.39,16.78,43.11,0,,902.64,,,0,,,0,,,,
2023-08-16,934.43,938.47,929.79,931.53,7394623,905.76,955.66,925.64,988.39,988.39,16.2,40.25,0,,898.58,,,0,,,0,,,,
2023-08-17,934.43,941.47,930.14,935.03,9336994,905.74,954.69,925.64,988.39,988.39,15.85,42.34,0,,901.07,,,0,,,0,,,,
2023-08-18,933.33,944.41,929.54,941.52,6648744,905.64,953.46,925.64,988.39,988.39,15.78,46.12,0,,905.31,,,0,,,0,,,,
2023-08-21,942.67,952.7,942.42,951.05,6822155,905.65,952.66,925.64,988.39,988.39,15.45,51.17,0,,911.67,,,0,,,0,,,,
2023-08-22,952.3,957.54,947.11,955.5,10860061,905.71,952.43,925.64,988.39,988.39,15.09,53.37,0,,914.78,,,0,,,0,,,,
2023-08-23,960.44,978.86,956.84,977.66,12677151,906.01,953.3,925.64,988.39,988.39,15.68,62.44,0,,928.68,,,0,,,0,,,,
2023-08-24,983.2,992.63,977.51,979.76,11899556,906.33,954.34,925.64,992.63,988.39,15.64,63.17,0,,930.06,,,0,,,0,,,,
2023-08-25,972.42,986.59,969.22,981.5,6228241,906.8,955.1,927.39,992.63,992.63,15.77,63.8,0,,931.69,,,0,,,0,,,,
2023-08-28,978.51,990.89,978.51,988.59,8451441,907.29,956.21,927.39,992.63,992.63,15.53,66.33,0,,936.42,,,0,,,0,,,,
2023-08-29,988.59,989.39,975.91,979.11,8114141,907.67,956.73,927.39,992.63,992.63,15.38,60.28,0,,930.4,,,0,,,0,,,,
2023-08-30,981.4,996.38,978.41,981.75,9023083,908.04,957.39,927.39,996.38,992.63,15.56,61.33,0,,931.98,,,0,,,0,,,,
2023-08-31,980.21,993.08,967.03,971.92,21558300,908.33,957.7,927.39,996.38,996.38,16.31,55.42,0,,925.14,,,0,,,0,,,,
2023-09-01,972.67,991.39,967.43,989.54,10946742,908.73,958.14,927.39,996.38,996.38,16.86,62.42,0,,936.14,,,0,,,0,,,,
2023-09-04,992.14,992.93,978.41,980.65,6727188,909.21,958.5,927.39,996.38,996.38,16.69,57.51,0,,930.52,,,0,,,0,,,,
2023-09-05,983.85,984.6,976.31,979.86,10548660,909.81,958.83,929.54,996.38,996.38,16.09,57.08,0,,931.13,,,0,,,0,,,,
2023-09-06,979.86,981.55,960.24,963.48,16351052,910.43,958.92,929.54,996.38,996.38,16.46,48.92,0,,920.31,,,0,,,0,,,,
2023-09-07,963.48,978.21,961.54,976.61,8686550,911.14,958.96,929.54,996.38,996.38,16.48,54.53,0,,928.77,,,0,,,0,,,,
2023-09-08,976.61,985.7,970.92,978.71,6439351,911.87,959.64,942.42,996.38,996.38,16.36,55.38,0,,934.5,,,0,,,0,,,,
2023-09-11,980.21,1002.37,977.41,998.77,7130484,912.83,961.32,947.11,1002.37,996.38,16.97,62.53,1,998.77,948.6,948.6,948.6,1,67,2023-09-11,0,,,,
2023-09-12,1008.36,1008.36,996.43,999.27,8958327,913.72,962.89,956.84,1008.36,1002.37,16.61,62.69,0,,952.4,,952.4,1,67,2023-09-11,0,,,,
2023-09-13,1001.32,1015.35,992.09,1012.8,12254423,914.6,964.7,960.24,1015.35,1008.36,17.09,66.83,1,1012.8,961.94,961.94,961.94,1,67,2023-09-11,0,,,,
2023-09-14,1012.8,1020.74,1007.41,1019.24,7855558,915.53,967.22,960.24,1020.74,1015.35,16.82,68.62,0,,966.28,,966.28,1,67,2023-09-11,0,,,,
2023-09-15,1019.34,1030.07,1012.9,1025.48,8986157,916.52,970.27,960.24,1030.07,1020.74,16.84,70.29,0,,970.29,,970.29,1,67,2023-09-11,0,,,,
2023-09-18,1019.89,1028.23,1017.34,1023.09,6397319,917.54,972.68,960.24,1030.07,1030.07,16.42,68.78,0,,969.03,,970.29,1,67,2023-09-11,0,,,,
2023-09-20,1010.66,1045.8,1010.66,1025.63,13619788,918.61,975.34,960.24,1045.8,1030.07,17.76,69.53,0,,969.77,,970.29,1,67,2023-09-11,0,,,,
2023-09-21,1024.93,1031.92,1010.46,1012.8,8156588,919.6,977.39,960.24,1045.8,1045.8,18.02,61.5,0,,961.32,,970.29,1,67,2023-09-11,0,,,,
2023-09-22,1008.36,1025.58,1006.36,1016.6,7108110,920.66,979.66,960.24,1045.8,1045.8,18.11,62.87,0,,963.72,,970.29,1,67,2023-09-11,0,,,,
2023-09-25,1013.55,1024.33,1003.52,1017.29,7123890,921.65,982.29,960.24,1045.8,1045.8,18.3,63.13,0,,964.03,,970.29,1,67,2023-09-11,0,,,,
2023-09-26,1017.34,1019.04,1009.36,1012.5,6387615,922.63,984.86,960.24,1045.8,1045.8,17.68,60.03,0,,961.35,,970.29,1,67,2023-09-11,0,,,,
2023-09-27,1008.31,1026.28,1002.37,1023.53,5158686,923.7,987.69,960.24,1045.8,1045.8,18.13,64.36,0,,968.17,,970.29,1,67,2023-09-11,0,,,,
2023-09-28,1025.33,1036.26,1023.53,1029.23,15818489,924.88,990.95,961.54,1045.8,1045.8,17.74,66.39,0,,972.54,,972.54,1,67,2023-09-11,0,,,,
2023-09-29,1029.23,1039.31,1022.84,1035.02,9528626,926.15,994.28,970.92,1045.8,1045.8,17.65,68.36,0,,979.46,,979.46,1,67,2023-09-11,0,,,,
2023-10-03,1033.32,1043.0,1030.92,1039.36,11589322,927.47,997.54,977.41,1045.8,1045.8,17.25,69.79,0,,984.69,,984.69,1,67,2023-09-11,0,,,,
2023-10-04,1033.67,1035.32,987.24,993.93,22584212,928.55,998.97,987.24,1045.8,1045.8,19.74,46.25,0,,957.0,,984.69,1,67,2023-09-11,0,,,,
2023-10-05,998.38,1007.56,987.29,1001.62,7950412,929.62,1000.51,987.24,1045.8,1045.8,19.78,49.36,0,,961.94,,984.69,1,67,2023-09-11,0,,,,
2023-10-06,1003.37,1006.36,997.78,999.32,5289753,930.62,1001.23,987.24,1045.8,1045.8,18.98,48.46,0,,960.99,,984.69,1,67,2023-09-11,0,,,,
2023-10-09,993.18,998.08,986.64,994.63,6823214,931.57,1001.73,986.64,1045.8,1045.8,18.53,46.58,0,,958.06,,984.69,1,67,2023-09-11,0,,,,
2023-10-10,998.28,1013.3,994.88,1010.61,5728499,932.69,1002.7,986.64,1045.8,1045.8,18.54,53.22,0,,968.36,,984.69,1,67,2023-09-11,0,,,,
2023-10-11,1017.34,1023.98,1010.36,1017.44,7396783,933.72,1003.66,986.64,1045.8,1045.8,18.19,55.75,0,,973.0,,984.69,1,67,2023-09-11,0,,,,
2023-10-12,1020.34,1029.33,1013.3,1016.8,4920222,934.88,1004.92,986.64,1045.8,1045.8,18.04,55.45,0,,972.69,,984.69,1,67,2023-09-11,0,,,,
2023-10-13,1007.36,1009.81,990.64,992.44,12173162,935.83,1005.27,986.64,1045.8,1045.8,18.62,45.35,0,,956.59,,984.69,1,67,2023-09-11,0,,,,
2023-10-16,988.39,1007.81,988.39,1003.17,4646960,936.8,1006.31,986.64,1045.8,1045.8,18.67,49.7,0,,963.48,,984.69,1,67,2023-09-11,0,,,,
2023-10-17,1007.21,1013.05,1001.47,1006.41,6105067,937.78,1006.88,986.64,1045.8,1045.8,18.17,50.97,0,,965.9,,984.69,1,67,2023-09-11,0,,,,
2023-10-18,1008.36,1012.45,987.74,991.24,7818946,938.62,1007.23,986.64,1045.8,1045.8,18.63,45.22,0,,955.81,,984.69,1,67,2023-09-11,0,,,,
2023-10-19,978.11,997.38,978.11,989.79,4836625,939.56,1007.56,978.11,1043.0,1045.8,18.68,44.7,0,,952.0,,984.69,1,67,2023-09-11,1,984.69,TRAILING_STOP,27,-1.41
2023-10-20,987.39,991.29,976.16,978.76,5664400,940.55,1008.07,976.16,1043.0,1043.0,18.43,40.86,0,,944.4,,,0,,,0,,,,
2023-10-23,978.41,983.3,959.54,962.73,5896695,941.43,1007.61,959.54,1043.0,1043.0,18.81,36.02,0,,928.27,,,0,,,0,,,,
2023-10-25,958.44,972.42,949.85,953.9,6957048,942.31,1006.78,949.85,1043.0,1043.0,19.08,33.65,0,,919.16,,,0,,,0,,,,
2023-10-26,954.45,973.42,951.2,970.47,17540495,943.26,1005.84,949.85,1043.0,1043.0,19.3,41.43,0,,929.7,,,0,,,0,,,,
2023-10-27,978.41,1003.12,971.72,1001.12,13443016,944.36,1005.9,949.85,1043.0,1043.0,20.25,52.51,0,,948.84,,,0,,,0,,,,
2023-10-30,1001.12,1001.12,977.61,987.59,5270567,945.38,1005.06,949.85,1043.0,1043.0,20.49,48.18,0,,939.95,,,0,,,0,,,,
2023-10-31,996.38,996.38,976.41,980.26,7816805,946.22,1003.76,949.85,1043.0,1043.0,20.45,45.97,0,,935.25,,,0,,,0,,,,
2023-11-01,976.26,977.71,966.43,970.22,5703984,947.04,1001.92,949.85,1035.32,1043.0,19.98,43.05,0,,929.09,,,0,,,0,,,,
2023-11-02,976.41,986.74,972.42,981.35,5193982,947.94,1000.53,949.85,1029.33,1035.32,19.73,47.06,0,,936.43,,,0,,,0,,,,
2023-11-03,984.4,989.79,979.91,987.24,4268048,948.94,999.25,949.85,1029.33,1029.33,19.03,49.1,0,,940.7,,,0,,,0,,,,
2023-11-06,993.38,1014.55,991.49,1007.76,6552178,950.12,999.08,949.85,1029.33,1029.33,19.62,55.54,0,,953.54,,,0,,,0,,,,
2023-11-07,1006.36,1020.54,1003.62,1019.24,6559859,951.38,999.17,949.85,1029.33,1029.33,19.43,58.69,0,,961.08,,,0,,,0,,,,
2023-11-08,1022.34,1025.28,1013.95,1020.04,7643314,952.57,999.26,949.85,1029.33,1029.33,18.85,58.91,0,,961.98,,,0,,,0,,,,
2023-11-09,1023.09,1027.18,1015.0,1020.24,4407935,953.67,999.52,949.85,1029.33,1029.33,18.37,58.97,0,,962.42,,,0,,,0,,,,
2023-11-10,1016.25,1029.33,1015.0,1027.53,3294063,954.77,999.65,949.85,1029.33,1029.33,18.08,61.13,0,,967.32,,,0,,,0,,,,
2023-11-13,1028.38,1030.17,1021.84,1023.68,5985481,955.87,999.46,949.85,1030.17,1029.33,17.39,59.35,0,,965.3,,,0,,,0,,,,
2023-11-15,1043.3,1043.3,1029.87,1039.66,7240388,957.14,999.62,949.85,1043.3,1030.17,17.55,64.04,1,1039.66,975.5,975.5,975.5,1,68,2023-11-15,0,,,,
2023-11-16,1041.11,1042.3,1020.49,1024.68,6908825,958.33,999.13,951.2,1043.3,1043.3,17.85,57.36,0,,966.09,,975.5,1,68,2023-11-15,0,,,,
2023-11-17,1013.25,1018.34,990.24,992.73,13268353,959.28,999.09,966.43,1043.3,1043.3,19.03,46.27,0,,949.76,,975.5,1,68,2023-11-15,0,,,,
2023-11-20,979.41,993.13,978.76,987.09,8215656,960.2,998.6,966.43,1043.3,1043.3,18.7,44.63,0,,946.35,,975.5,1,68,2023-11-15,0,,,,
2023-11-21,988.34,995.88,985.05,990.19,7061614,961.05,998.3,966.43,1043.3,1043.3,18.14,45.77,0,,948.72,,975.5,1,68,2023-11-15,0,,,,
2023-11-22,989.39,998.28,986.4,996.48,6103988,961.95,998.36,966.43,1043.3,1043.3,17.69,48.1,0,,953.08,,975.5,1,68,2023-11-15,0,,,,
2023-11-23,997.38,1001.77,993.78,997.43,3112891,962.86,997.92,972.42,1043.3,1043.3,17.0,48.46,0,,956.15,,975.5,1,68,2023-11-15,0,,,,
2023-11-24,1000.37,1009.11,998.08,1006.86,6956281,963.76,997.57,978.76,1043.3,1043.3,16.62,52.02,0,,964.6,,975.5,1,68,2023-11-15,0,,,,
2023-11-28,1011.4,1020.29,1007.61,1019.49,6173384,964.78,997.66,978.76,1043.3,1043.3,16.39,56.37,0,,972.9,,975.5,1,68,2023-11-15,0,,,,
2023-11-29,1025.48,1061.77,1019.49,1058.43,9422396,966.09,999.86,978.76,1061.77,1043.3,18.24,66.46,1,1058.43,996.78,996.78,996.78,1,68,2023-11-15,0,,,,
2023-11-30,1060.97,1079.14,1053.74,1072.51,24755589,967.38,1002.17,978.76,1079.14,1061.77,18.75,69.23,0,,1005.52,,1005.52,1,68,2023-11-15,0,,,,
2023-12-01,1073.65,1107.2,1068.46,1102.86,14428758,968.89,1005.39,978.76,1107.2,1079.14,20.18,74.18,0,,1024.14,,1024.14,1,68,2023-11-15,0,,,,
2023-12-04,1118.68,1127.17,1097.31,1123.77,14043213,970.48,1009.8,978.76,1127.17,1107.2,20.87,76.93,0,,1037.17,,1037.17,1,68,2023-11-15,0,,,,
2023-12-05,1134.95,1149.98,1125.32,1130.61,15804808,972.16,1014.5,978.76,1149.98,1127.17,21.25,77.77,0,,1041.33,,1041.33,1,68,2023-11-15,0,,,,
2023-12-06,1133.26,1143.84,1116.13,1118.68,7342767,973.9,1019.16,978.76,1149.98,1149.98,21.71,72.82,0,,1033.33,,1041.33,1,68,2023-11-15,0,,,,
2023-12-07,1117.43,1127.77,1106.7,1116.03,6439419,975.55,1024.27,978.76,1149.98,1149.98,21.67,71.72,0,,1031.65,,1041.33,1,68,2023-11-15,0,,,,
2023-12-08,1114.04,1132.51,1109.69,1129.36,7300989,977.36,1030.12,978.76,1149.98,1149.98,21.75,73.85,0,,1040.19,,1041.33,1,68,2023-11-15,0,,,,
2023-12-11,1127.17,1137.55,1112.04,1114.69,6924589,979.03,1034.93,978.76,1149.98,1149.98,22.02,67.81,0,,1030.55,,1041.33,1,68,2023-11-15,0,,,,
2023-12-12,1118.18,1132.06,1107.2,1129.16,9044111,980.81,1039.2,985.05,1149.98,1149.98,22.22,70.38,0,,1041.84,,1041.84,1,68,2023-11-15,0,,,,
2023-12-13,1148.13,1149.13,1109.64,1113.04,8184523,982.39,1043.38,986.4,1149.98,1149.98,23.46,64.22,0,,1031.07,,1041.84,1,68,2023-11-15,0,,,,
2023-12-14,1130.56,1136.75,1116.08,1118.63,9421193,983.94,1047.99,993.78,1149.98,1149.98,23.47,65.35,0,,1037.13,,1041.84,1,68,2023-11-15,0,,,,
2023-12-15,1117.38,1126.02,1106.8,1118.53,12048410,985.48,1052.93,998.08,1149.98,1149.98,23.17,65.31,0,,1038.7,,1041.84,1,68,2023-11-15,0,,,,
2023-12-18,1117.88,1118.18,1105.4,1109.54,7922468,986.92,1057.21,1007.61,1149.98,1149.98,22.45,61.68,0,,1036.56,,1041.84,1,68,2023-11-15,0,,,,
2023-12-19,1121.97,1125.02,1112.39,1118.43,6824641,988.32,1061.58,1019.49,1149.98,1149.98,21.95,63.82,0,,1046.58,,1046.58,1,68,2023-11-15,0,,,,
2023-12-20,1120.18,1122.02,1100.91,1108.45,9848057,989.62,1064.94,1053.74,1149.98,1149.98,21.89,59.77,0,,1051.6,,1051.6,1,68,2023-11-15,0,,,,
2023-12-21,1102.11,1102.11,1075.45,1093.62,10914682,990.81,1067.41,1068.46,1149.98,1149.98,22.69,54.27,0,,1046.41,,1051.6,1,68,2023-11-15,0,,,,
2023-12-22,1093.62,1104.5,1084.04,1086.53,10600025,991.97,1069.63,1075.45,1149.98,1149.98,22.53,51.81,0,,1044.28,,1051.6,1,68,2023-11-15,0,,,,
2023-12-26,1089.43,1098.86,1084.93,1092.47,5687517,993.17,1072.04,1075.45,1149.98,1149.98,21.91,53.7,0,,1048.52,,1051.6,1,68,2023-11-15,0,,,,
2023-12-27,1094.27,1108.75,1087.88,1104.55,6132936,994.39,1074.61,1075.45,1149.98,1149.98,21.84,57.37,0,,1056.36,,1056.36,1,68,2023-11-15,0,,,,
2023-12-28,1105.45,1111.19,1096.22,1106.05,14097667,995.66,1077.35,1075.45,1149.98,1149.98,21.35,57.81,0,,1057.65,,1057.65,1,68,2023-11-15,0,,,,
2023-12-29,1099.66,1105.05,1092.17,1100.51,8786731,996.91,1079.38,1075.45,1149.98,1149.98,20.82,55.5,0,,1054.44,,1057.65,1,68,2023-11-15,0,,,,
2024-01-01,1093.22,1102.21,1091.22,1095.92,4083732,998.11,1081.75,1075.45,1149.98,1149.98,20.11,53.59,0,,1051.94,,1057.65,1,68,2023-11-15,0,,,,
2024-01-02,1093.32,1097.56,1080.54,1091.47,7895577,999.26,1085.05,1075.45,1149.98,1149.98,19.89,51.73,0,,1049.22,,1057.65,1,68,2023-11-15,0,,,,
2024-01-03,1089.23,1100.81,1079.54,1096.82,10225290,1000.41,1088.7,1075.45,1149.13,1149.98,19.99,53.8,0,,1052.6,,1057.65,1,68,2023-11-15,0,,,,
2024-01-04,1101.21,1128.16,1098.26,1121.58,11411683,1001.71,1093.08,1075.45,1149.13,1149.13,20.8,61.96,0,,1068.03,,1068.03,1,68,2023-11-15,0,,,,
2024-01-05,1122.17,1138.05,1117.18,1135.1,8025466,1003.04,1097.7,1075.45,1149.13,1149.13,20.81,65.54,0,,1076.75,,1076.75,1,68,2023-11-15,0,,,,
2024-01-08,1143.14,1144.14,1116.68,1120.18,4735538,1004.43,1101.8,1075.45,1149.13,1149.13,21.28,58.95,0,,1066.81,,1076.75,1,68,2023-11-15,0,,,,
2024-01-09,1126.72,1133.71,1110.54,1114.74,6359362,1005.74,1105.39,1075.45,1149.13,1149.13,21.42,56.71,0,,1063.21,,1076.75,1,68,2023-11-15,0,,,,
2024-01-10,1113.44,1114.19,1097.26,1105.2,5934163,1006.95,1108.25,1075.45,1149.13,1149.13,21.14,52.91,0,,1057.25,,1076.75,1,68,2023-11-15,0,,,,
2024-01-11,1109.25,1126.07,1109.25,1123.92,4683035,1008.12,1110.43,1075.45,1144.14,1149.13,21.12,58.75,0,,1069.33,,1076.75,1,68,2023-11-15,0,,,,
2024-01-12,1124.52,1127.62,1116.23,1118.53,5616755,1009.14,1111.97,1079.54,1144.14,1144.14,20.42,56.58,0,,1067.68,,1076.75,1,68,2023-11-15,0,,,,
2024-01-15,1120.18,1128.61,1114.79,1117.68,6719079,1010.1,1112.46,1079.54,1144.14,1144.14,19.95,56.22,0,,1067.45,,1076.75,1,68,2023-11-15,0,,,,
2024-01-16,1114.84,1125.97,1113.29,1117.28,5229753,1011.15,1112.24,1079.54,1144.14,1144.14,19.43,56.04,0,,1067.54,,1076.75,1,68,2023-11-15,0,,,,
2024-01-17,1080.24,1113.19,1077.45,1080.54,24913719,1011.87,1110.57,1077.45,1144.14,1144.14,20.89,42.71,0,,1042.17,,1076.75,1,68,2023-11-15,0,,,,
2024-01-18,1064.27,1106.95,1064.27,1095.72,11473135,1012.7,1109.81,1064.27,1144.14,1144.14,22.44,48.2,0,,1046.53,,1076.75,1,68,2023-11-15,1,1076.75,TRAILING_STOP,45,3.57
2024-01-19,1105.35,1124.47,1103.21,1114.74,12303696,1013.58,1109.77,1064.27,1144.14,1144.14,22.89,54.12,0,,1058.5,,,0,,,0,,,,
2024-01-23,1124.07,1139.75,1077.05,1087.48,18924087,1014.33,1108.37,1064.27,1144.14,1144.14,25.74,46.0,0,,1039.02,,,0,,,0,,,,
2024-01-24,1033.12,1071.46,1019.24,1057.43,20884046,1014.88,1106.46,1019.24,1144.14,1144.14,28.77,39.05,0,,1002.61,,,0,,,0,,,,
2024-01-25,1056.28,1061.97,1024.13,1040.56,20835434,1015.29,1103.51,1019.24,1144.14,1144.14,29.42,35.78,0,,991.29,,,0,,,0,,,,
2024-01-29,1034.32,1066.27,1034.32,1059.53,11188604,1015.93,1101.72,1019.24,1144.14,1144.14,29.6,41.69,0,,1003.41,,,0,,,0,,,,
2024-01-30,1058.33,1068.71,1049.09,1052.39,9426983,1016.47,1099.52,1019.24,1144.14,1144.14,28.89,40.19,0,,999.28,,,0,,,0,,,,
2024-01-31,1046.5,1082.34,1041.01,1066.02,12600390,1017.15,1097.77,1019.24,1144.14,1144.14,29.78,44.31,0,,1007.48,,,0,,,0,,,,
2024-02-01,1070.91,1085.88,1055.08,1082.49,9756682,1017.94,1096.86,1019.24,1144.14,1144.14,29.85,48.89,0,,1018.05,,,0,,,0,,,,
2024-02-02,1086.28,1094.42,1063.27,1065.32,8667415,1018.67,1095.09,1019.24,1144.14,1144.14,29.94,44.76,0,,1006.92,,,0,,,0,,,,
2024-02-05,1065.32,1077.75,1056.28,1059.78,12569454,1019.35,1093.47,1019.24,1144.14,1144.14,29.34,43.48,0,,1003.75,,,0,,,0,,,,
2024-02-06,1059.83,1063.37,1046.5,1048.34,8011171,1019.87,1091.96,1019.24,1144.14,1144.14,28.45,40.89,0,,996.96,,,0,,,0,,,,
2024-02-07,1059.33,1071.96,1055.78,1067.36,7281793,1020.48,1091.32,1019.24,1139.75,1144.14,28.1,46.59,0,,1009.46,,,0,,,0,,,,
2024-02-08,1070.26,1073.85,1029.97,1034.22,9869141,1020.81,1089.38,1019.24,1139.75,1139.75,29.23,39.45,0,,987.33,,,0,,,0,,,,
2024-02-09,1038.26,1053.19,1032.87,1049.69,8233454,1021.28,1087.55,1019.24,1139.75,1139.75,28.59,43.78,0,,997.73,,,0,,,0,,,,
2024-02-12,1049.69,1055.53,1033.67,1045.0,8694379,1021.79,1085.52,1019.24,1139.75,1139.75,28.11,42.78,0,,995.03,,,0,,,0,,,,
2024-02-13,1049.29,1073.8,1043.1,1069.01,8413609,1022.49,1084.47,1019.24,1139.75,1139.75,28.3,49.18,0,,1010.39,,,0,,,0,,,,
2024-02-14,1059.58,1099.11,1058.83,1095.07,16609115,1023.27,1084.44,1019.24,1139.75,1139.75,29.15,55.05,0,,1026.63,,,0,,,0,,,,
2024-02-15,1095.72,1095.77,1067.51,1070.46,11780823,1023.9,1083.74,1024.13,1139.75,1139.75,29.09,49.26,0,,1012.43,,,0,,,0,,,,
2024-02-16,1071.26,1074.25,1056.28,1067.01,8660907,1024.6,1082.75,1029.97,1139.75,1139.75,28.3,48.49,0,,1012.68,,,0,,,0,,,,
2024-02-19,1067.26,1068.26,1058.38,1061.22,7562645,1025.33,1080.73,1029.97,1139.75,1139.75,26.98,47.16,0,,1009.82,,,0,,,0,,,,
2024-02-20,1057.28,1088.73,1055.98,1086.83,8722800,1026.25,1079.12,1029.97,1139.75,1139.75,27.39,53.28,0,,1026.07,,,0,,,0,,,,
2024-02-21,1092.07,1092.17,1071.36,1082.44,9177213,1027.08,1077.87,1029.97,1099.11,1139.75,26.92,52.16,0,,1023.55,,,0,,,0,,,,
2024-02-22,1088.53,1108.9,1079.74,1099.11,14633340,1028.03,1077.35,1029.97,1108.9,1099.11,27.08,55.93,0,,1034.19,,,0,,,0,,,,
2024-02-23,1097.21,1105.6,1088.23,1095.02,6250943,1028.91,1077.01,1029.97,1108.9,1108.9,26.39,54.79,0,,1032.02,,,0,,,0,,,,
2024-02-26,1091.67,1093.02,1077.9,1083.44,5354189,1029.72,1075.66,1029.97,1108.9,1108.9,25.73,51.58,0,,1024.99,,,0,,,0,,,,
2024-02-27,1079.89,1086.78,1070.31,1077.3,6546815,1030.49,1074.28,1029.97,1108.9,1108.9,25.06,49.91,0,,1021.47,,,0,,,0,,,,
2024-02-28,1075.65,1083.24,1062.32,1072.46,7643191,1031.13,1072.78,1029.97,1108.9,1108.9,24.77,48.58,0,,1018.55,,,0,,,0,,,,
2024-02-29,1069.26,1080.54,1053.64,1073.35,13648997,1031.82,1071.31,1032.87,1108.9,1108.9,24.92,48.85,0,,1019.99,,,0,,,0,,,,
2024-03-01,1074.25,1099.91,1074.25,1097.46,4819390,1032.67,1071.88,1033.67,1108.9,1108.9,25.04,55.66,0,,1035.73,,,0,,,0,,,,
2024-03-04,1097.46,1107.1,1091.32,1104.95,5895441,1033.63,1072.18,1043.1,1108.9,1108.9,24.38,57.55,0,,1044.14,,,0,,,0,,,,
2024-03-05,1100.41,1109.1,1092.72,1099.01,4851446,1034.45,1071.66,1053.64,1109.1,1108.9,23.81,55.53,0,,1044.2,,,0,,,0,,,,
2024-03-06,1098.41,1130.11,1093.57,1123.17,13787638,1035.55,1072.85,1053.64,1130.11,1109.1,24.72,61.46,1,1123.17,1059.18,1059.18,1059.18,1,69,2024-03-06,0,,,,
2024-03-07,1124.17,1125.07,1105.75,1109.64,6943879,1036.63,1074.59,1053.64,1130.11,1130.11,24.33,56.89,0,,1050.71,,1059.18,1,69,2024-03-06,0,,,,
2024-03-11,1110.44,1118.18,1100.11,1103.3,6751641,1037.63,1076.68,1053.64,1130.11,1130.11,23.88,54.82,0,,1046.92,,1059.18,1,69,2024-03-06,0,,,,
2024-03-12,1103.21,1119.58,1082.49,1095.22,9817138,1038.55,1077.87,1053.64,1130.11,1130.11,24.83,52.23,0,,1041.08,,1059.18,1,69,2024-03-06,0,,,,
2024-03-13,1094.22,1097.76,1069.01,1078.65,11503890,1039.45,1078.74,1053.64,1130.11,1130.11,25.11,47.28,0,,1030.21,,1059.18,1,69,2024-03-06,0,,,,
2024-03-14,1073.25,1079.49,1053.89,1056.53,10253613,1040.26,1078.43,1053.64,1130.11,1130.11,25.14,41.62,0,,1015.91,,1059.18,1,69,2024-03-06,1,1059.18,TRAILING_STOP,6,-5.7
2024-03-15,1054.53,1054.53,1028.58,1044.7,17798175,1040.89,1077.17,1028.58,1130.11,1130.11,25.34,38.93,0,,999.8,,,0,,,0,,,,
2024-03-18,1042.3,1065.17,1041.9,1059.63,7612407,1041.65,1076.98,1028.58,1130.11,1130.11,25.19,43.86,0,,1009.53,,,0,,,0,,,,
2024-03-19,1053.84,1059.23,1045.0,1049.09,6728886,1042.3,1076.62,1028.58,1130.11,1130.11,24.44,41.32,0,,1003.23,,,0,,,0,,,,
2024-03-20,1048.29,1055.73,1029.28,1033.07,12619644,1042.86,1076.11,1028.58,1130.11,1130.11,24.58,37.75,0,,992.8,,,0,,,0,,,,
2024-03-21,1037.66,1048.84,1026.48,1033.92,9903738,1043.5,1075.0,1026.48,1130.11,1130.11,24.42,38.06,0,,992.76,,,0,,,0,,,,
2024-03-22,1038.41,1045.55,1028.28,1031.62,9891194,1044.14,1074.91,1026.48,1130.11,1130.11,23.91,37.52,0,,991.61,,,0,,,0,,,,
2024-03-26,1027.33,1042.5,1025.83,1038.86,9656767,1044.81,1074.55,1025.83,1130.11,1130.11,23.4,40.38,0,,996.41,,,0,,,0,,,,
2024-03-27,1044.1,1055.83,1042.55,1051.14,17027308,1045.61,1074.76,1025.83,1130.11,1130.11,22.94,44.97,0,,1004.64,,,0,,,0,,,,
2024-03-28,1051.14,1056.68,1042.4,1045.5,10235318,1046.34,1073.97,1025.83,1130.11,1130.11,22.32,43.32,0,,1001.41,,,0,,,0,,,,
2024-04-01,1050.64,1062.02,1047.2,1051.39,5484556,1047.08,1072.52,1025.83,1130.11,1130.11,21.9,45.56,0,,1005.49,,,0,,,0,,,,
2024-04-02,1049.29,1054.13,1038.51,1045.5,13617893,1047.71,1071.68,1025.83,1130.11,1130.11,21.46,43.7,0,,1001.99,,,0,,,0,,,,
2024-04-03,1042.1,1068.56,1042.05,1061.52,11573590,1048.41,1071.5,1025.83,1130.11,1130.11,21.82,49.72,0,,1012.08,,,0,,,0,,,,
2024-04-04,1068.26,1078.94,1057.43,1061.22,17964844,1048.97,1071.5,1025.83,1130.11,1130.11,21.79,49.62,0,,1011.9,,,0,,,0,,,,
2024-04-05,1059.38,1061.27,1046.4,1057.38,9210187,1049.49,1070.52,1025.83,1130.11,1130.11,21.3,48.19,0,,1009.75,,,0,,,0,,,,
2024-04-08,1065.27,1077.7,1061.82,1074.3,4967186,1050.11,1070.25,1025.83,1125.07,1130.11,21.23,54.42,0,,1020.71,,,0,,,0,,,,
2024-04-09,1088.23,1088.23,1069.61,1078.25,11385226,1050.7,1069.55,1025.83,1119.58,1125.07,21.04,55.76,0,,1023.39,,,0,,,0,,,,
2024-04-10,1084.44,1091.22,1078.25,1086.03,9064074,1051.42,1069.25,1025.83,1119.58,1119.58,20.47,58.35,0,,1028.79,,,0,,,0,,,,
2024-04-12,1077.75,1094.62,1069.36,1071.71,18045983,1052.02,1068.86,1025.83,1097.76,1119.58,20.81,52.28,0,,1019.32,,,0,,,0,,,,
2024-04-15,1061.37,1069.26,1053.54,1056.23,8889435,1052.58,1068.16,1025.83,1094.62,1097.76,20.62,46.63,0,,1009.46,,,0,,,0,,,,
2024-04-16,1048.24,1056.13,1042.65,1050.19,7107881,1052.98,1067.42,1025.83,1094.62,1094.62,20.12,44.6,0,,1005.9,,,0,,,0,,,,
2024-04-18,1042.45,1049.69,1012.2,1022.34,17832438,1053.26,1065.72,1012.2,1094.62,1094.62,21.39,36.68,0,,982.55,,,0,,,0,,,,
2024-04-19,1013.35,1035.27,994.08,1027.43,21598007,1053.58,1063.38,994.08,1094.62,1094.62,22.81,38.82,0,,978.85,,,0,,,0,,,,
2024-04-22,1037.31,1056.78,1030.32,1052.24,9410832,1054.17,1061.63,994.08,1094.62,1094.62,23.28,48.03,0,,994.54,,,0,,,0,,,,
2024-04-23,1056.28,1058.53,1047.05,1054.04,8300012,1054.69,1060.13,994.08,1094.62,1094.62,22.43,48.63,0,,996.26,,,0,,,0,,,,
2024-04-24,1054.28,1067.21,1054.28,1061.52,5641163,1055.24,1058.07,994.08,1094.62,1094.62,21.77,51.17,0,,1001.53,,,0,,,0,,,,
2024-04-25,1098.21,1132.11,1084.34,1125.17,46136295,1056.08,1058.59,994.08,1132.11,1094.62,25.26,66.4,1,1125.17,1040.26,1040.26,1040.26,1,70,2024-04-25,0,,,,
2024-04-26,1128.16,1139.5,1121.18,1128.46,10133766,1056.94,1059.43,994.08,1139.5,1132.11,24.76,66.97,0,,1042.71,,1042.71,1,70,2024-04-25,0,,,,
2024-04-29,1128.46,1162.11,1123.47,1157.37,15183242,1057.91,1061.5,994.08,1162.11,1139.5,25.75,71.56,1,1157.37,1060.69,1060.69,1060.69,1,70,2024-04-25,0,,,,
2024-04-30,1158.27,1180.98,1153.27,1164.01,18965164,1058.87,1064.35,994.08,1180.98,1162.11,25.89,72.51,0,,1064.88,,1064.88,1,70,2024-04-25,0,,,,
2024-05-02,1154.12,1172.09,1146.14,1147.98,12302236,1059.69,1067.39,994.08,1180.98,1180.98,25.9,66.74,0,,1054.54,,1064.88,1,70,2024-04-25,0,,,,
2024-05-03,1149.03,1161.36,1132.26,1139.65,9993632,1060.46,1070.56,994.08,1180.98,1180.98,26.13,63.9,0,,1049.02,,1064.88,1,70,2024-04-25,0,,,,
2024-05-06,1142.04,1154.12,1133.81,1141.79,7490104,1061.24,1073.3,994.08,1180.98,1180.98,25.71,64.32,0,,1050.67,,1064.88,1,70,2024-04-25,0,,,,
2024-05-07,1144.19,1146.93,1122.22,1125.87,7115509,1061.99,1075.86,994.08,1180.98,1180.98,25.64,58.82,0,,1040.45,,1064.88,1,70,2024-04-25,0,,,,
2024-05-08,1122.82,1133.61,1116.43,1126.82,8175609,1062.73,1078.98,994.08,1180.98,1180.98,25.04,59.05,0,,1041.47,,1064.88,1,70,2024-04-25,0,,,,
2024-05-09,1120.18,1132.71,1110.39,1113.84,5226693,1063.37,1081.65,994.08,1180.98,1180.98,24.84,54.66,0,,1033.23,,1064.88,1,70,2024-04-25,0,,,,
2024-05-10,1121.87,1138.15,1111.54,1118.28,7242718,1064.08,1084.53,994.08,1180.98,1180.98,24.97,55.87,0,,1036.01,,1064.88,1,70,2024-04-25,0,,,,
2024-05-13,1118.28,1133.56,1103.26,1130.16,5513160,1064.79,1087.58,1030.32,1180.98,1180.98,25.35,59.02,0,,1055.49,,1064.88,1,70,2024-04-25,0,,,,
2024-05-14,1128.11,1134.25,1116.28,1121.03,5471143,1065.4,1089.91,1047.05,1180.98,1180.98,24.82,55.73,0,,1055.53,,1064.88,1,70,2024-04-25,0,,,,
2024-05-15,1123.72,1129.36,1116.78,1126.22,5436338,1066.01,1092.6,1054.28,1180.98,1180.98,23.95,57.19,0,,1061.87,,1064.88,1,70,2024-04-25,0,,,,
2024-05-16,1132.31,1142.09,1109.49,1137.45,10750526,1066.66,1095.47,1084.34,1180.98,1180.98,24.57,60.24,0,,1078.73,,1078.73,1,70,2024-04-25,0,,,,
2024-05-17,1130.16,1144.14,1124.27,1139.5,9909986,1067.63,1098.6,1103.26,1180.98,1180.98,24.23,60.79,0,,1086.58,,1086.58,1,70,2024-04-25,0,,,,
2024-05-21,1134.15,1143.89,1127.37,1135.8,8162017,1068.53,1101.08,1103.26,1180.98,1180.98,23.68,59.2,0,,1084.56,,1086.58,1,70,2024-04-25,0,,,,
2024-05-22,1140.15,1140.15,1116.13,1124.17,9094033,1069.36,1103.17,1103.26,1180.98,1180.98,23.7,54.38,0,,1077.04,,1086.58,1,70,2024-04-25,0,,,,
2024-05-23,1124.17,1167.75,1123.92,1163.36,12818081,1070.48,1106.71,1103.26,1180.98,1180.98,25.14,64.79,0,,1101.36,,1101.36,1,70,2024-04-25,0,,,,
2024-05-24,1163.61,1175.09,1158.71,1172.09,8814997,1071.56,1109.97,1103.26,1180.98,1180.98,24.52,66.62,0,,1107.41,,1107.41,1,70,2024-04-25,0,,,,
2024-05-27,1176.98,1194.06,1166.1,1185.07,10450046,1072.68,1113.53,1103.26,1194.06,1180.98,24.76,69.18,1,1185.07,1115.62,1115.62,1115.62,1,70,2024-04-25,0,,,,
2024-05-28,1186.07,1190.46,1177.08,1181.48,4018776,1073.78,1116.71,1103.26,1194.06,1194.06,23.95,67.63,0,,1113.84,,1115.62,1,70,2024-04-25,0,,,,
2024-05-29,1170.1,1183.97,1154.12,1157.87,9418064,1074.88,1119.58,1103.26,1194.06,1194.06,24.37,58.39,0,,1098.33,,1115.62,1,70,2024-04-25,0,,,,
2024-05-30,1153.32,1177.88,1153.12,1166.05,7232217,1075.96,1123.24,1103.26,1194.06,1194.06,24.4,60.41,0,,1103.59,,1115.62,1,70,2024-04-25,0,,,,
2024-05-31,1171.09,1176.09,1151.53,1160.26,10057642,1076.99,1126.91,1103.26,1194.06,1194.06,24.41,58.26,0,,1099.85,,1115.62,1,70,2024-04-25,0,,,,
2024-06-03,1195.11,1240.18,1191.46,1221.91,22197339,1078.53,1133.56,1103.26,1240.18,1194.06,28.37,70.37,1,1221.91,1136.97,1136.97,1136.97,1,70,2024-04-25,0,,,,
2024-06-04,1222.01,1222.01,1099.76,1129.41,24135989,1079.46,1136.96,1099.76,1240.18,1240.18,35.08,47.91,0,,1071.67,,1136.97,1,70,2024-04-25,1,1136.97,TRAILING_STOP,27,1.05
2024-06-05,1136.15,1191.06,1108.9,1182.58,21039499,1080.82,1141.31,1099.76,1240.18,1240.18,38.44,56.5,0,,1103.72,,,0,,,0,,,,
2024-06-06,1190.16,1193.96,1161.36,1169.05,12006879,1082.19,1145.14,1099.76,1240.18,1240.18,38.03,54.06,0,,1095.27,,,0,,,0,,,,
2024-06-07,1176.09,1193.26,1164.85,1184.87,8583998,1083.73,1149.25,1099.76,1240.18,1240.18,37.34,56.43,0,,1105.94,,,0,,,0,,,,
2024-06-10,1183.08,1210.43,1183.08,1198.05,9995057,1085.25,1151.68,1099.76,1240.18,1240.18,36.63,58.36,0,,1114.91,,,0,,,0,,,,
2024-06-11,1202.49,1207.39,1188.52,1192.66,9390212,1086.53,1153.82,1099.76,1240.18,1240.18,35.36,57.24,0,,1112.28,,,0,,,0,,,,
2024-06-12,1190.16,1204.19,1182.18,1185.97,7199718,1087.85,1154.78,1099.76,1240.18,1240.18,34.4,55.82,0,,1108.6,,,0,,,0,,,,
2024-06-13,1199.85,1200.05,1171.54,1172.74,5321148,1089.13,1155.07,1099.76,1240.18,1240.18,33.98,53.0,0,,1100.35,,,0,,,0,,,,
2024-06-14,1179.03,1182.73,1168.1,1179.13,4451031,1090.53,1156.1,1099.76,1240.18,1240.18,32.6,54.2,0,,1105.39,,,0,,,0,,,,
2024-06-18,1192.06,1192.06,1179.23,1189.96,6837181,1091.92,1157.78,1099.76,1240.18,1240.18,31.2,56.24,0,,1113.31,,,0,,,0,,,,
2024-06-19,1191.06,1241.33,1183.57,1224.66,17987437,1093.5,1160.54,1099.76,1241.33,1240.18,33.09,62.08,0,,1134.43,,,0,,,0,,,,
2024-06-20,1228.1,1239.48,1218.42,1237.49,8206858,1095.03,1164.26,1099.76,1241.33,1241.33,32.23,63.99,0,,1143.28,,,0,,,0,,,,
2024-06-21,1243.98,1243.98,1221.76,1235.44,29311314,1096.47,1167.88,1099.76,1243.98,1241.33,31.52,63.44,0,,1142.43,,,0,,,0,,,,
2024-06-24,1229.0,1233.74,1223.06,1226.11,6676530,1097.85,1171.63,1099.76,1243.98,1243.98,30.15,60.87,0,,1137.33,,,0,,,0,,,,
2024-06-25,1232.44,1276.67,1224.01,1269.38,17607952,1099.51,1176.66,1099.76,1276.67,1243.98,31.76,67.45,1,1269.38,1164.16,1164.16,1164.16,1,71,2024-06-25,0,,,,
2024-06-26,1279.02,1290.85,1257.15,1283.31,13956370,1101.21,1181.77,1108.9,1290.85,1276.67,31.9,69.24,0,,1176.1,,1176.1,1,71,2024-06-25,0,,,,
2024-06-27,1307.87,1307.87,1277.92,1286.86,22311393,1102.97,1187.3,1161.36,1307.87,1290.85,31.76,69.7,0,,1195.97,,1195.97,1,71,2024-06-25,0,,,,
2024-06-28,1281.02,1287.8,1259.55,1263.19,7167069,1104.46,1191.86,1164.85,1307.87,1307.87,31.51,62.97,0,,1182.04,,1195.97,1,71,2024-06-25,0,,,,
2024-07-01,1270.93,1270.93,1254.41,1259.85,5797015,1106.02,1195.94,1168.1,1307.87,1307.87,30.44,62.06,0,,1181.68,,1195.97,1,71,2024-06-25,0,,,,
2024-07-02,1262.95,1265.79,1236.24,1251.36,9945447,1107.75,1199.67,1168.1,1307.87,1307.87,30.37,59.69,0,,1176.24,,1195.97,1,71,2024-06-25,0,,,,
2024-07-03,1257.95,1286.51,1241.58,1277.92,15171347,1109.69,1204.41,1168.1,1307.87,1307.87,31.41,64.28,0,,1192.68,,1195.97,1,71,2024-06-25,0,,,,
2024-07-04,1285.91,1290.9,1266.44,1278.82,4817380,1111.61,1209.56,1168.1,1307.87,1307.87,30.92,64.43,0,,1193.59,,1195.97,1,71,2024-06-25,0,,,,
2024-07-05,1269.93,1293.3,1268.84,1284.96,8593502,1113.53,1213.62,1168.1,1307.87,1307.87,30.46,65.47,0,,1197.86,,1197.86,1,71,2024-06-25,0,,,,
2024-07-08,1282.91,1295.29,1277.52,1285.76,4216951,1115.46,1217.41,1179.23,1307.87,1307.87,29.55,65.62,0,,1202.69,,1202.69,1,71,2024-06-25,0,,,,
2024-07-09,1281.91,1292.9,1277.12,1287.31,6930340,1117.33,1220.81,1183.57,1307.87,1307.87,28.57,65.91,0,,1205.79,,1205.79,1,71,2024-06-25,0,,,,
2024-07-10,1282.11,1291.9,1273.08,1289.55,9020489,1119.13,1224.42,1218.42,1307.87,1307.87,27.87,66.35,0,,1219.32,,1219.32,1,71,2024-06-25,0,,,,
2024-07-11,1298.94,1299.29,1274.88,1294.64,7848846,1120.7,1228.97,1221.76,1307.87,1307.87,27.62,67.4,0,,1223.88,,1223.88,1,71,2024-06-25,0,,,,
2024-07-12,1292.8,1338.51,1292.8,1316.18,11278987,1122.33,1233.98,1223.06,1338.51,1307.87,28.91,71.44,1,1316.18,1237.35,1237.35,1237.35,1,71,2024-06-25,0,,,,
2024-07-15,1315.58,1323.27,1303.89,1306.33,11537127,1123.68,1238.85,1224.01,1338.51,1338.51,28.23,67.33,0,,1231.76,,1237.35,1,71,2024-06-25,0,,,,
2024-07-16,1306.33,1317.32,1298.59,1302.89,5433264,1124.88,1241.55,1236.24,1338.51,1338.51,27.55,65.9,0,,1234.07,,1237.35,1,71,2024-06-25,0,,,,
2024-07-18,1298.89,1317.47,1293.39,1308.28,6787511,1126.06,1247.51,1236.24,1338.51,1338.51,27.31,67.08,0,,1237.72,,1237.72,1,71,2024-06-25,0,,,,
2024-07-19,1304.54,1307.88,1287.1,1291.25,4496066,1127.21,1251.13,1236.24,1338.51,1338.51,26.87,60.04,0,,1227.02,,1237.72,1,71,2024-06-25,0,,,,
2024-07-22,1282.25,1291.25,1277.11,1281.4,6695557,1128.31,1254.88,1236.24,1338.51,1338.51,25.96,56.35,0,,1221.28,,1237.72,1,71,2024-06-25,0,,,,
2024-07-23,1287.4,1290.0,1249.93,1262.17,8789327,1129.2,1257.45,1236.24,1338.51,1338.51,26.97,49.91,0,,1208.2,,1237.72,1,71,2024-06-25,0,,,,
2024-07-24,1261.82,1266.27,1225.6,1238.19,10344860,1130.02,1258.79,1225.6,1338.51,1338.51,27.95,43.27,0,,1188.53,,1237.72,1,71,2024-06-25,1,1237.72,TRAILING_STOP,21,-2.49
2024-07-25,1198.98,1198.98,1154.51,1174.9,32979871,1130.33,1258.2,1154.51,1338.51,1338.51,31.93,31.39,0,,1121.36,,,0,,,0,,,,
2024-07-26,1164.01,1182.14,1154.26,1176.34,18554648,1130.75,1257.88,1154.26,1338.51,1338.51,31.64,31.85,0,,1122.4,,,0,,,0,,,,
2024-07-29,1181.34,1193.58,1162.66,1169.05,19598573,1131.09,1257.76,1154.26,1338.51,1338.51,31.59,30.73,0,,1117.73,,,0,,,0,,,,
2024-07-30,1163.11,1178.99,1159.21,1169.0,18090045,1131.42,1257.42,1154.26,1338.51,1338.51,30.74,30.72,0,,1118.26,,,0,,,0,,,,
2024-07-31,1156.01,1170.0,1153.01,1165.1,17347076,1131.79,1256.59,1153.01,1338.51,1338.51,29.76,30.07,0,,1115.99,,,0,,,0,,,,
2024-08-01,1167.0,1174.65,1164.45,1171.3,11190500,1132.14,1254.81,1153.01,1338.51,1338.51,28.36,32.53,0,,1120.92,,,0,,,0,,,,
2024-08-02,1163.01,1166.8,1155.11,1159.86,10581445,1132.49,1252.22,1153.01,1338.51,1338.51,27.49,30.4,0,,1114.12,,,0,,,0,,,,
2024-08-05,1141.02,1150.47,1123.34,1132.53,12013362,1132.75,1248.79,1123.34,1338.51,1338.51,28.14,26.02,0,,1086.17,,,0,,,0,,,,
2024-08-06,1139.03,1150.02,1122.14,1125.14,8571122,1133.0,1245.43,1122.14,1338.51,1338.51,28.12,24.97,0,,1081.01,,,0,,,0,,,,
2024-08-07,1137.83,1143.82,1126.04,1135.83,8370312,1133.29,1240.98,1122.14,1338.51,1338.51,27.45,29.4,0,,1088.36,,,0,,,0,,,,
2024-08-08,1132.13,1141.82,1125.04,1137.18,7903428,1133.51,1236.1,1122.14,1338.51,1338.51,26.68,29.96,0,,1089.74,,,0,,,0,,,,
2024-08-09,1151.02,1154.71,1138.98,1141.77,6262086,1133.75,1231.27,1122.14,1338.51,1338.51,26.03,31.95,0,,1093.13,,,0,,,0,,,,
2024-08-12,1145.02,1168.1,1134.88,1163.31,9078384,1134.17,1227.94,1122.14,1323.27,1338.51,26.54,40.47,0,,1106.69,,,0,,,0,,,,
2024-08-13,1160.36,1178.59,1154.41,1158.61,6180463,1134.59,1224.56,1122.14,1317.47,1323.27,26.38,39.32,0,,1103.77,,,0,,,0,,,,
2024-08-14,1158.01,1158.01,1147.67,1152.12,5021841,1134.99,1221.26,1122.14,1317.47,1317.47,25.27,37.71,0,,1100.32,,,0,,,0,,,,
2024-08-16,1165.4,1169.0,1148.62,1165.85,6107134,1135.45,1217.52,1122.14,1307.88,1317.47,24.92,43.01,0,,1109.4,,,0,,,0,,,,
2024-08-19,1168.0,1170.3,1149.22,1152.27,6691823,1135.66,1213.3,1122.14,1291.25,1307.88,24.65,39.44,0,,1100.83,,,0,,,0,,,,
2024-08-20,1157.01,1176.0,1153.66,1167.0,6721749,1135.87,1209.37,1122.14,1290.0,1291.25,24.58,44.79,0,,1110.37,,,0,,,0,,,,
2024-08-21,1165.6,1176.99,1160.51,1173.4,9480630,1136.22,1205.62,1122.14,1266.27,1290.0,24.0,46.99,0,,1114.89,,,0,,,0,,,,
2024-08-22,1178.69,1179.99,1167.95,1168.95,5841326,1136.58,1201.68,1122.14,1198.98,1266.27,23.15,45.63,0,,1112.59,,,0,,,0,,,,
2024-08-23,1169.0,1172.95,1162.51,1164.95,5121962,1136.98,1197.53,1122.14,1193.58,1198.98,22.24,44.39,0,,1110.61,,,0,,,0,,,,
2024-08-26,1170.7,1174.25,1165.1,1169.3,3392612,1137.28,1193.35,1122.14,1193.58,1193.58,21.32,46.1,0,,1114.03,,,0,,,0,,,,
2024-08-27,1169.0,1183.84,1163.26,1180.24,8702113,1137.7,1188.82,1122.14,1183.84,1193.58,21.26,50.26,0,,1121.12,,,0,,,0,,,,
2024-08-28,1175.99,1180.69,1168.35,1169.95,5483503,1138.04,1184.27,1125.04,1183.84,1183.84,20.63,46.62,0,,1115.88,,,0,,,0,,,,
2024-08-29,1168.0,1178.89,1162.41,1174.4,7290114,1138.43,1179.99,1125.04,1183.84,1183.84,20.33,48.36,0,,1118.95,,,0,,,0,,,,
2024-08-30,1175.99,1181.94,1170.85,1174.25,10190506,1139.05,1175.52,1134.88,1183.84,1183.84,19.67,48.31,0,,1122.57,,,0,,,0,,,,
2024-09-02,1175.0,1192.98,1173.1,1187.78,6432362,1139.66,1172.07,1134.88,1192.98,1183.84,19.69,53.64,0,,1131.29,,,0,,,0,,,,
2024-09-03,1186.99,1192.53,1175.7,1190.58,7920246,1140.17,1169.04,1147.67,1192.98,1192.98,19.48,54.68,0,,1137.49,,,0,,,0,,,,
2024-09-04,1181.69,1188.63,1172.3,1176.69,6527941,1140.76,1166.19,1147.67,1192.98,1192.98,19.4,48.82,0,,1128.59,,,0,,,0,,,,
2024-09-05,1180.99,1181.84,1172.45,1179.54,4234766,1141.58,1164.24,1148.62,1192.98,1192.98,18.68,50.0,0,,1131.22,,,0,,,0,,,,
2024-09-06,1175.0,1180.34,1149.82,1157.76,9874576,1142.36,1163.67,1149.22,1192.98,1192.98,19.53,42.0,0,,1116.81,,,0,,,0,,,,
2024-09-09,1157.01,1174.6,1144.02,1169.85,7700940,1143.1,1163.45,1144.02,1192.98,1192.98,20.32,47.07,0,,1122.35,,,0,,,0,,,,
2024-09-10,1177.89,1189.83,1172.35,1186.19,8723854,1143.99,1164.02,1144.02,1192.98,1192.98,20.29,53.03,0,,1132.9,,,0,,,0,,,,
2024-09-11,1186.19,1193.83,1179.99,1185.09,6000329,1144.78,1164.56,1144.02,1193.83,1192.98,19.83,52.6,0,,1132.5,,,0,,,0,,,,
2024-09-12,1189.08,1204.67,1175.75,1202.32,7592871,1145.58,1165.8,1144.02,1204.67,1193.83,20.48,58.3,0,,1143.18,,,0,,,0,,,,
2024-09-13,1208.87,1218.51,1199.97,1216.41,6762566,1146.59,1167.3,1144.02,1218.51,1204.67,20.34,62.3,0,,1152.36,,,0,,,0,,,,
2024-09-16,1220.96,1232.95,1213.96,1230.0,4039284,1147.72,1169.64,1144.02,1232.95,1218.51,20.25,65.71,0,,1161.19,,,0,,,0,,,,
2024-09-17,1234.15,1239.54,1226.55,1231.05,8030427,1148.94,1172.93,1144.02,1239.54,1232.95,19.73,65.97,0,,1162.22,,,0,,,0,,,,
2024-09-18,1230.85,1249.33,1223.95,1239.39,8210034,1150.09,1176.73,1144.02,1249.33,1239.54,20.13,68.01,0,,1167.33,,,0,,,0,,,,
2024-09-19,1247.38,1260.62,1237.94,1241.64,8449864,1151.47,1180.26,1144.02,1260.62,1249.33,20.31,68.56,0,,1168.66,,,0,,,0,,,,
2024-09-20,1242.94,1248.93,1228.85,1243.94,15009629,1152.76,1183.82,1144.02,1260.62,1260.62,20.3,69.14,0,,1170.15,,,0,,,0,,,,
2024-09-23,1250.43,1251.38,1239.49,1245.74,5462814,1154.1,1187.29,1144.02,1260.62,1260.62,19.7,69.62,0,,1171.71,,,0,,,0,,,,
2024-09-24,1240.04,1246.04,1234.3,1238.49,9225946,1155.23,1189.79,1144.02,1260.62,1260.62,19.13,65.26,0,,1167.41,,,0,,,0,,,,
2024-09-25,1236.94,1269.91,1230.05,1267.02,6853324,1156.38,1193.41,1144.02,1269.91,1260.62,20.61,72.54,1,1267.02,1184.83,1184.83,1184.83,1,72,2024-09-25,0,,,,
2024-09-26,1266.47,1280.56,1261.17,1276.01,7270078,1157.75,1197.54,1144.02,1280.56,1269.91,20.52,74.36,0,,1190.69,,1190.69,1,72,2024-09-25,0,,,,
2024-09-27,1271.91,1280.46,1256.18,1272.06,13372027,1159.12,1201.08,1144.02,1280.56,1280.56,20.79,72.1,0,,1187.96,,1190.69,1,72,2024-09-25,0,,,,
2024-09-30,1262.42,1273.91,1228.3,1231.15,8466919,1160.25,1203.7,1172.35,1280.56,1280.56,22.56,53.82,0,,1169.83,,1190.69,1,72,2024-09-25,0,,,,
2024-10-01,1227.05,1241.89,1223.6,1225.6,11164280,1161.17,1205.66,1175.75,1280.56,1280.56,22.26,51.9,0,,1167.59,,1190.69,1,72,2024-09-25,0,,,,
2024-10-03,1206.47,1218.11,1172.1,1174.7,17300892,1161.79,1205.7,1172.1,1280.56,1280.56,24.49,38.36,0,,1132.06,,1190.69,1,72,2024-09-25,1,1190.69,TRAILING_STOP,6,-6.02
2024-10-04,1174.5,1201.77,1173.0,1177.39,13064515,1162.31,1205.98,1172.1,1280.56,1280.56,24.8,39.26,0,,1133.59,,,0,,,0,,,,
2024-10-07,1181.94,1183.84,1129.93,1144.72,20047013,1162.64,1205.31,1129.93,1280.56,1280.56,26.87,32.96,0,,1097.07,,,0,,,0,,,,
2024-10-08,1152.02,1167.35,1141.52,1152.32,8464570,1163.1,1204.74,1129.93,1280.56,1280.56,26.8,35.55,0,,1102.02,,,0,,,0,,,,
2024-10-09,1153.01,1183.99,1153.01,1169.15,9807734,1163.71,1204.37,1129.93,1280.56,1280.56,27.15,40.99,0,,1112.65,,,0,,,0,,,,
2024-10-10,1175.99,1189.98,1174.05,1183.24,6806243,1164.45,1204.82,1129.93,1280.56,1280.56,26.7,45.17,0,,1122.04,,,0,,,0,,,,
2024-10-11,1181.49,1187.19,1165.0,1171.45,4754158,1165.11,1204.72,1129.93,1280.56,1280.56,26.37,42.46,0,,1114.65,,,0,,,0,,,,
2024-10-14,1170.55,1174.0,1155.61,1163.36,9765296,1165.55,1204.35,1129.93,1280.56,1280.56,25.8,40.66,0,,1109.81,,,0,,,0,,,,
2024-10-15,1165.1,1171.0,1148.52,1152.86,8741516,1165.87,1203.19,1129.93,1280.56,1280.56,25.57,38.38,0,,1103.19,,,0,,,0,,,,
2024-10-16,1150.02,1161.96,1147.12,1152.22,7739854,1166.22,1201.91,1129.93,1280.56,1280.56,24.8,38.24,0,,1103.29,,,0,,,0,,,,
2024-10-17,1150.02,1150.37,1123.04,1130.88,6595231,1166.27,1200.38,1123.04,1280.56,1280.56,25.11,33.8,0,,1087.02,,,0,,,0,,,,
2024-10-18,1157.01,1202.82,1155.06,1195.83,20829666,1166.85,1200.93,1123.04,1280.56,1280.56,28.46,52.06,0,,1126.68,,,0,,,0,,,,
2024-10-21,1195.83,1213.76,1184.54,1189.28,7456038,1167.42,1201.98,1123.04,1280.56,1280.56,28.51,50.54,0,,1122.42,,,0,,,0,,,,
2024-10-22,1193.23,1196.98,1172.35,1174.75,7256246,1167.95,1202.14,1123.04,1280.56,1280.56,28.24,47.26,0,,1113.24,,,0,,,0,,,,
2024-10-23,1174.1,1182.14,1157.66,1159.41,6501834,1168.49,1201.25,1123.04,1280.56,1280.56,27.97,44.01,0,,1103.52,,,0,,,0,,,,
2024-10-24,1164.01,1174.2,1153.66,1166.35,5046700,1169.22,1200.62,1123.04,1280.56,1280.56,27.44,45.82,0,,1108.35,,,0,,,0,,,,
2024-10-25,1185.99,1200.72,1169.0,1188.33,12798716,1170.18,1200.16,1123.04,1280.46,1280.56,27.93,51.22,0,,1122.2,,,0,,,0,,,,
2024-10-28,1192.98,1192.98,1166.05,1170.6,8572243,1170.92,1198.63,1123.04,1273.91,1280.46,27.86,47.14,0,,1110.81,,,0,,,0,,,,
2024-10-29,1175.4,1190.18,1156.61,1185.84,9908946,1171.83,1197.16,1123.04,1241.89,1273.91,28.27,50.77,0,,1120.37,,,0,,,0,,,,
2024-10-30,1177.74,1186.64,1163.31,1169.4,9686560,1172.74,1195.1,1123.04,1218.11,1241.89,27.92,47.02,0,,1110.0,,,0,,,0,,,,
2024-10-31,1164.5,1176.99,1152.86,1158.56,8682294,1173.57,1192.41,1123.04,1213.76,1218.11,27.65,44.68,0,,1103.19,,,0,,,0,,,,
2024-11-01,1163.06,1171.5,1163.01,1168.55,460781,1174.48,1189.97,1123.04,1213.76,1213.76,26.59,47.28,0,,1110.33,,,0,,,0,,,,
2024-11-04,1171.0,1175.94,1134.48,1138.28,9288653,1175.14,1186.45,1123.04,1213.76,1213.76,27.66,40.98,0,,1090.1,,,0,,,0,,,,
2024-11-05,1137.98,1173.9,1132.48,1170.7,11701049,1175.94,1183.95,1123.04,1213.76,1213.76,28.64,48.85,0,,1110.36,,,0,,,0,,,,
2024-11-06,1170.8,1182.54,1160.46,1165.5,10353506,1176.74,1181.52,1123.04,1213.76,1213.76,28.17,47.75,0,,1107.31,,,0,,,0,,,,
2024-11-07,1167.6,1171.9,1150.07,1158.91,6252889,1177.46,1177.91,1132.48,1213.76,1213.76,27.72,46.32,0,,1106.51,,,0,,,0,,,,
2024-11-08,1155.01,1166.75,1150.12,1159.96,3786168,1178.22,1174.04,1132.48,1213.76,1213.76,26.93,46.6,0,,1107.72,,,0,,,0,,,,
2024-11-11,1151.02,1175.8,1141.97,1170.0,6620678,1178.94,1170.64,1132.48,1213.76,1213.76,27.42,49.25,0,,1113.86,,,0,,,0,,,,
2024-11-12,1170.65,1185.99,1152.81,1157.16,9606088,1179.58,1168.18,1132.48,1213.76,1213.76,27.83,46.1,0,,1105.31,,,0,,,0,,,,
2024-11-13,1150.92,1164.5,1134.13,1138.18,8079113,1180.12,1165.26,1132.48,1213.76,1213.76,28.01,41.83,0,,1092.94,,,0,,,0,,,,
2024-11-14,1136.58,1149.77,1130.63,1139.73,5975873,1180.56,1164.1,1130.63,1213.76,1213.76,27.38,42.3,0,,1093.75,,,0,,,0,,,,
2024-11-18,1130.23,1134.03,1120.59,1125.24,9474971,1180.87,1162.36,1120.59,1213.76,1213.76,26.79,39.11,0,,1081.45,,,0,,,0,,,,
2024-11-19,1129.04,1138.03,1121.09,1132.98,19225966,1181.19,1161.97,1120.59,1200.72,1213.76,26.09,41.64,0,,1086.91,,,0,,,0,,,,
2024-11-21,1137.03,1151.02,1114.8,1138.18,8126248,1181.63,1161.5,1114.8,1200.72,1200.72,26.81,43.34,0,,1087.85,,,0,,,0,,,,
2024-11-22,1135.68,1146.92,1126.59,1141.42,16687505,1182.2,1160.57,1114.8,1200.72,1200.72,26.35,44.43,0,,1090.25,,,0,,,0,,,,
2024-11-25,1159.01,1163.51,1141.02,1154.91,12385823,1182.89,1159.63,1114.8,1200.72,1200.72,26.07,48.83,0,,1099.14,,,0,,,0,,,,
2024-11-26,1156.11,1158.61,1141.67,1143.82,5127437,1183.7,1158.71,1114.8,1192.98,1200.72,25.42,45.63,0,,1092.42,,,0,,,0,,,,
2024-11-27,1144.22,1154.46,1132.58,1148.67,5989943,1184.51,1158.22,1114.8,1190.18,1192.98,25.17,47.26,0,,1095.71,,,0,,,0,,,,
2024-11-28,1147.52,1153.46,1128.44,1131.53,10731275,1185.04,1157.51,1114.8,1186.64,1190.18,25.16,42.42,0,,1084.67,,,0,,,0,,,,
2024-11-29,1132.58,1139.93,1126.74,1135.33,6406277,1185.58,1156.94,1114.8,1185.99,1186.64,24.3,43.8,0,,1087.69,,,0,,,0,,,,
2024-12-02,1131.73,1140.43,1125.64,1136.13,4785858,1186.08,1157.12,1114.8,1185.99,1185.99,23.62,44.1,0,,1088.66,,,0,,,0,,,,
2024-12-03,1143.42,1163.91,1137.03,1159.51,8382042,1186.31,1155.91,1114.8,1185.99,1185.99,23.92,52.19,0,,1103.54,,,0,,,0,,,,
2024-12-04,1156.51,1167.0,1152.91,1158.46,18379798,1186.51,1154.88,1114.8,1185.99,1185.99,23.22,51.82,0,,1103.33,,,0,,,0,,,,
2024-12-05,1163.01,1175.9,1149.12,1165.4,10640451,1186.56,1154.57,1114.8,1185.99,1185.99,23.47,54.09,0,,1107.64,,,0,,,0,,,,
2024-12-06,1166.5,1192.83,1159.01,1183.54,7542210,1186.69,1155.37,1114.8,1192.83,1185.99,24.21,59.47,0,,1118.84,,,0,,,0,,,,
2024-12-09,1183.24,1184.99,1160.01,1162.26,6308112,1186.79,1155.24,1114.8,1192.83,1192.83,24.27,51.8,0,,1105.08,,,0,,,0,,,,
2024-12-10,1156.01,1164.06,1150.27,1152.66,4714389,1186.88,1154.05,1114.8,1192.83,1192.83,23.52,48.75,0,,1099.39,,,0,,,0,,,,
2024-12-11,1149.02,1157.36,1143.57,1146.27,7788242,1186.91,1153.24,1114.8,1192.83,1192.83,22.82,46.78,0,,1095.73,,,0,,,0,,,,
2024-12-12,1144.02,1153.56,1142.62,1144.67,4825283,1187.03,1151.86,1125.64,1192.83,1192.83,21.97,46.27,0,,1098.88,,,0,,,0,,,,
2024-12-13,1140.03,1151.72,1112.7,1147.17,8731618,1187.17,1151.12,1112.7,1192.83,1192.83,23.19,47.23,0,,1095.36,,,0,,,0,,,,
2024-12-16,1145.52,1154.01,1140.78,1149.92,3975202,1187.41,1150.83,1112.7,1192.83,1192.83,22.48,48.32,0,,1097.61,,,0,,,0,,,,
2024-12-17,1144.27,1150.87,1129.04,1135.28,7292817,1187.52,1149.73,1112.7,1192.83,1192.83,22.43,43.19,0,,1088.2,,,0,,,0,,,,
2024-12-18,1135.23,1138.93,1115.0,1121.29,7222127,1187.46,1149.16,1112.7,1192.83,1192.83,22.54,38.94,0,,1079.11,,,0,,,0,,,,
2024-12-19,1103.96,1118.09,1100.11,1107.95,11677610,1187.37,1147.07,1100.11,1192.83,1192.83,22.44,35.36,0,,1066.37,,,0,,,0,,,,
2024-12-20,1103.01,1104.91,1064.09,1070.93,12623056,1187.01,1143.92,1064.09,1192.83,1192.83,23.97,27.74,0,,1029.46,,,0,,,0,,,,
2024-12-23,1074.18,1082.62,1071.48,1078.23,3886921,1186.61,1141.23,1064.09,1192.83,1192.83,23.1,30.9,0,,1034.76,,,0,,,0,,,,
2024-12-24,1076.38,1083.82,1075.08,1077.98,4343694,1186.2,1138.49,1064.09,1192.83,1192.83,22.07,30.85,0,,1035.28,,,0,,,0,,,,
2024-12-26,1082.08,1091.67,1071.83,1075.78,4775460,1185.8,1135.35,1064.09,1192.83,1192.83,21.91,30.39,0,,1033.97,,,0,,,0,,,,
2024-12-27,1077.18,1085.32,1075.08,1076.53,3801667,1185.48,1132.66,1064.09,1192.83,1192.83,21.08,30.77,0,,1035.01,,,0,,,0,,,,
2024-12-30,1073.18,1095.56,1063.04,1069.04,9452155,1184.85,1130.36,1063.04,1192.83,1192.83,21.89,29.05,0,,1029.28,,,0,,,0,,,,
2024-12-31,1061.09,1069.54,1057.6,1063.79,5292136,1184.13,1127.83,1057.6,1192.83,1192.83,21.18,27.88,0,,1024.56,,,0,,,0,,,,
2025-01-01,1063.24,1076.03,1053.05,1070.88,2985355,1183.37,1126.02,1053.05,1192.83,1192.83,21.31,31.88,0,,1027.53,,,0,,,0,,,,
2025-01-02,1071.08,1087.77,1066.59,1085.67,6557076,1182.73,1124.44,1053.05,1192.83,1192.83,21.3,39.43,0,,1037.07,,,0,,,0,,,,
2025-01-03,1085.07,1092.57,1078.88,1083.97,7357220,1182.24,1122.63,1053.05,1192.83,1192.83,20.76,38.9,0,,1036.34,,,0,,,0,,,,
2025-01-06,1086.82,1089.07,1058.99,1062.49,5283413,1181.55,1120.0,1053.05,1184.99,1192.83,21.42,32.85,0,,1022.04,,,0,,,0,,,,
2025-01-07,1063.64,1069.59,1055.1,1066.59,4619462,1180.92,1117.06,1053.05,1164.06,1184.99,20.93,34.93,0,,1025.01,,,0,,,0,,,,
2025-01-08,1062.84,1081.43,1058.2,1074.03,8780098,1179.94,1114.73,1053.05,1157.36,1164.06,21.09,38.64,0,,1029.7,,,0,,,0,,,,
2025-01-09,1078.68,1079.23,1053.35,1060.84,9054190,1179.48,1111.8,1053.05,1154.01,1157.36,21.44,34.85,0,,1020.97,,,0,,,0,,,,
2025-01-10,1055.35,1063.94,1036.11,1039.81,5612886,1178.53,1108.75,1036.11,1154.01,1154.01,21.89,29.82,0,,1001.45,,,0,,,0,,,,
2025-01-13,1025.72,1062.09,1022.38,1048.4,7180930,1177.72,1105.85,1022.38,1154.01,1154.01,23.16,34.01,0,,1001.57,,,0,,,0,,,,
2025-01-14,1052.05,1060.09,1044.61,1050.75,6892897,1176.83,1103.0,1022.38,1150.87,1154.01,22.62,35.15,0,,1003.45,,,0,,,0,,,,
2025-01-15,1042.11,1052.0,1013.78,1025.92,11418721,1175.68,1098.55,1013.78,1138.93,1150.87,23.73,29.37,0,,983.82,,,0,,,0,,,,
2025-01-16,1033.02,1045.56,1026.17,1037.11,10261727,1174.65,1094.51,1013.78,1118.09,1138.93,23.44,34.59,0,,991.24,,,0,,,0,,,,
2025-01-17,999.15,1010.84,973.77,990.2,33831617,1173.34,1088.66,973.77,1104.91,1118.09,26.29,25.94,0,,945.74,,,0,,,0,,,,
2025-01-20,991.2,993.35,975.67,987.21,33440507,1172.1,1082.12,973.77,1095.56,1104.91,25.67,25.5,0,,944.22,,,0,,,0,,,,
2025-01-21,992.75,993.6,962.18,969.37,11894500,1170.71,1075.69,962.18,1095.56,1095.56,26.08,23.0,0,,928.58,,,0,,,0,,,,
2025-01-22,974.92,974.92,953.19,958.48,17303146,1169.16,1069.22,953.19,1095.56,1095.56,25.77,21.61,0,,918.77,,,0,,,0,,,,
2025-01-23,953.19,962.88,947.19,950.24,24649522,1167.33,1062.68,947.19,1095.56,1095.56,25.05,20.6,0,,911.93,,,0,,,0,,,,
2025-01-24,947.19,960.98,945.29,947.69,14421921,1165.4,1056.12,945.29,1095.56,1095.56,24.38,20.28,0,,910.1,,,0,,,0,,,,
2025-01-27,942.29,948.94,932.7,947.29,12713296,1163.48,1049.46,932.7,1092.57,1095.56,23.8,20.23,0,,906.03,,,0,,,0,,,,
2025-01-28,959.18,993.0,957.38,982.96,21781371,1161.86,1043.89,932.7,1092.57,1092.57,25.37,36.14,0,,928.0,,,0,,,0,,,,
2025-01-29,987.16,987.81,976.77,982.56,11175206,1159.95,1038.8,932.7,1092.57,1092.57,24.34,36.06,0,,928.42,,,0,,,0,,,,
2025-01-30,983.81,990.55,973.97,983.86,10473118,1157.95,1034.22,932.7,1092.57,1092.57,23.79,36.59,0,,929.63,,,0,,,0,,,,
2025-01-31,981.16,989.15,977.21,985.26,9036312,1155.94,1030.13,932.7,1089.07,1092.57,22.94,37.2,0,,931.1,,,0,,,0,,,,
2025-02-01,988.66,1004.09,981.16,997.3,4830391,1154.17,1027.67,932.7,1081.43,1089.07,22.94,42.32,0,,938.86,,,0,,,0,,,,
2025-02-03,986.26,999.65,982.51,988.56,7124605,1152.36,1024.69,932.7,1081.43,1081.43,22.53,39.78,0,,933.5,,,0,,,0,,,,
2025-02-04,993.15,1016.23,986.96,1014.43,16058171,1150.78,1022.57,932.7,1079.23,1081.43,23.01,49.44,0,,949.87,,,0,,,0,,,,
2025-02-05,1019.73,1021.18,1009.64,1012.43,7858373,1149.01,1020.46,932.7,1063.94,1079.23,22.19,48.78,0,,949.12,,,0,,,0,,,,
2025-02-06,1011.14,1020.98,1009.19,1019.83,5815563,1147.28,1018.57,932.7,1062.09,1063.94,21.45,51.34,0,,954.39,,,0,,,0,,,,
2025-02-07,1018.63,1026.47,1006.79,1023.23,8638651,1145.54,1017.04,932.7,1060.09,1062.09,21.32,52.51,0,,956.67,,,0,,,0,,,,
2025-02-10,1020.13,1025.87,1005.34,1010.89,3960565,1143.71,1015.28,932.7,1052.0,1060.09,21.26,47.99,0,,948.75,,,0,,,0,,,,
2025-02-11,1008.14,1015.48,1001.74,1006.54,4808215,1141.83,1013.13,932.7,1045.56,1052.0,20.73,46.48,0,,946.3,,,0,,,0,,,,
2025-02-12,999.15,1009.79,983.16,1006.04,7669283,1139.94,1010.48,932.7,1026.47,1045.56,21.15,46.29,0,,945.7,,,0,,,0,,,,
2025-02-13,1002.14,1016.58,1000.2,1007.34,6348246,1138.03,1007.92,932.7,1026.47,1026.47,20.81,46.87,0,,946.76,,,0,,,0,,,,
2025-02-14,1009.69,1015.13,986.81,996.65,5375755,1135.9,1005.73,957.38,1026.47,1026.47,21.34,42.78,0,,947.74,,,0,,,0,,,,
2025-02-17,991.6,998.8,977.21,992.1,7166803,1133.8,1003.24,973.97,1026.47,1026.47,21.36,41.14,0,,950.32,,,0,,,0,,,,
2025-02-18,992.1,996.5,985.71,993.3,3090004,1131.74,1000.55,973.97,1026.47,1026.47,20.61,41.77,0,,951.6,,,0,,,0,,,,
2025-02-19,990.8,1012.58,987.31,1010.49,6401381,1129.75,998.87,977.21,1026.47,1026.47,20.94,50.09,0,,963.54,,,0,,,0,,,,
2025-02-20,1007.54,1018.78,1005.64,1016.33,5011212,1127.92,998.09,977.21,1026.47,1026.47,20.38,52.57,0,,967.68,,,0,,,0,,,,
2025-02-21,1011.14,1021.03,999.8,1008.09,5019937,1126.1,996.75,977.21,1026.47,1026.47,20.44,48.88,0,,962.33,,,0,,,0,,,,
2025-02-24,1000.49,1012.13,997.7,1009.19,4265454,1124.41,995.36,977.21,1026.47,1026.47,20.01,49.39,0,,963.32,,,0,,,0,,,,
2025-02-25,1003.14,1012.83,996.25,1008.24,5708975,1122.88,994.77,977.21,1026.47,1026.47,19.77,48.94,0,,962.87,,,0,,,0,,,,
2025-02-27,1006.79,1022.68,1004.29,1015.83,9777690,1121.82,994.06,977.21,1026.47,1026.47,19.67,52.69,0,,967.83,,,0,,,0,,,,
2025-02-28,1013.93,1034.62,1009.09,1014.68,15026849,1120.74,994.88,977.21,1034.62,1026.47,20.09,52.06,0,,966.81,,,0,,,0,,,,
2025-03-03,1016.18,1018.53,991.15,1006.39,6763184,1119.66,995.52,977.21,1034.62,1034.62,20.61,47.68,0,,961.12,,,0,,,0,,,,
2025-03-04,1000.25,1010.24,997.75,1000.94,5786420,1118.54,996.57,977.21,1034.62,1034.62,20.03,45.0,0,,957.99,,,0,,,0,,,,
2025-03-05,1002.14,1016.53,1001.69,1013.58,5133873,1117.53,998.41,977.21,1034.62,1034.62,19.71,51.77,0,,966.35,,,0,,,0,,,,
2025-03-06,1021.73,1038.61,1014.28,1033.22,7861120,1116.61,1001.17,977.21,1038.61,1034.62,20.09,60.01,0,,978.77,,,0,,,0,,,,
2025-03-07,1032.82,1049.45,1029.82,1036.76,7597321,1115.79,1004.14,977.21,1049.45,1038.61,20.06,61.3,0,,981.07,,,0,,,0,,,,
2025-03-10,1035.12,1049.6,1031.47,1034.97,5995655,1115.13,1007.07,977.21,1049.6,1049.45,19.92,60.25,0,,980.01,,,0,,,0,,,,
2025-03-11,1029.52,1035.91,1020.23,1024.77,4771085,1114.47,1008.46,985.71,1049.6,1049.6,19.62,54.5,0,,976.47,,,0,,,0,,,,
2025-03-12,1024.32,1028.92,998.35,1010.34,7504702,1113.63,1009.39,987.31,1049.6,1049.6,20.4,47.58,0,,967.17,,,0,,,0,,,,
2025-03-13,1014.13,1015.13,1004.24,1009.34,4004140,1112.78,1010.24,991.15,1049.6,1049.6,19.72,47.14,0,,968.26,,,0,,,0,,,,
2025-03-17,1010.24,1038.11,1010.24,1033.27,5938668,1112.05,1011.84,991.15,1049.6,1049.6,20.37,57.43,0,,983.26,,,0,,,0,,,,
2025-03-18,1033.27,1033.27,1033.27,1033.27,0,1111.19,1013.03,991.15,1049.6,1049.6,18.91,57.43,0,,984.23,,,0,,,0,,,,
2025-03-19,1046.91,1057.65,1042.61,1051.15,4822365,1110.47,1015.12,991.15,1057.65,1049.6,19.3,63.57,0,,995.51,,,0,,,0,,,,
2025-03-20,1055.35,1058.0,1046.01,1053.45,3742644,1109.81,1016.42,991.15,1058.0,1057.65,18.78,64.29,0,,997.34,,,0,,,0,,,,
2025-03-21,1053.45,1074.63,1049.65,1069.24,6848565,1109.17,1018.32,991.15,1074.63,1058.0,19.22,68.81,0,,1007.23,,,0,,,0,,,,
2025-03-24,1081.08,1104.01,1072.78,1096.91,8284863,1108.8,1020.88,991.15,1104.01,1074.63,20.33,74.82,0,,1024.33,,,0,,,0,,,,
2025-03-25,1109.0,1122.54,1095.41,1117.59,11720528,1108.47,1024.03,997.75,1122.54,1104.01,20.82,78.21,0,,1039.55,,,0,,,0,,,,
2025-03-26,1114.05,1117.89,1088.12,1095.31,7127060,1107.95,1026.84,998.35,1122.54,1122.54,21.46,67.66,0,,1024.95,,,0,,,0,,,,
2025-03-27,1091.07,1107.05,1087.17,1097.41,8508917,1107.47,1029.87,998.35,1122.54,1122.54,21.35,68.1,0,,1026.38,,,0,,,0,,,,
2025-03-28,1097.46,1106.05,1085.57,1101.06,4921190,1107.05,1033.04,998.35,1122.54,1122.54,21.28,68.88,0,,1028.78,,,0,,,0,,,,
2025-04-01,1092.27,1100.31,1069.09,1084.67,6638140,1106.48,1035.62,998.35,1122.54,1122.54,22.05,61.54,0,,1017.7,,,0,,,0,,,,
2025-04-02,1090.77,1094.66,1079.83,1083.52,4065344,1105.84,1038.51,998.35,1122.54,1122.54,21.53,61.05,0,,1017.3,,,0,,,0,,,,
2025-04-03,1077.98,1091.02,1074.38,1088.92,5345660,1105.3,1041.74,998.35,1122.54,1122.54,21.18,62.56,0,,1021.02,,,0,,,0,,,,
2025-04-04,1080.58,1100.96,1074.53,1090.37,6059991,1104.74,1044.98,1004.24,1122.54,1122.54,21.56,62.98,0,,1023.66,,,0,,,0,,,,
2025-04-07,1034.12,1068.09,1031.47,1047.06,9720457,1103.89,1046.2,1010.24,1122.54,1122.54,24.22,46.41,0,,995.95,,,0,,,0,,,,
2025-04-08,1060.09,1084.02,1059.39,1076.93,8723357,1103.15,1048.22,1031.47,1122.54,1122.54,25.13,55.17,0,,1021.69,,,0,,,0,,,,
2025-04-09,1072.18,1080.93,1057.1,1060.74,6690201,1102.28,1049.97,1031.47,1122.54,1122.54,25.04,50.37,0,,1011.31,,,0,,,0,,,,
2025-04-11,1062.39,1071.78,1056.65,1068.04,8144072,1101.56,1051.93,1031.47,1122.54,1122.54,24.33,52.38,0,,1016.49,,,0,,,0,,,,
2025-04-15,1089.07,1116.05,1082.08,1111.85,9320299,1101.11,1055.39,1031.47,1122.54,1122.54,26.02,62.27,0,,1043.62,,,0,,,0,,,,
2025-04-16,1121.74,1162.51,1111.65,1160.31,12836428,1101.13,1060.2,1031.47,1162.51,1122.54,27.8,69.76,1,1160.31,1073.69,1073.69,1073.69,1,73,2025-04-16,0,,,,
2025-04-17,1154.61,1198.18,1152.61,1189.78,13446336,1101.26,1066.04,1031.47,1198.18,1162.51,29.07,73.24,0,,1091.85,,1091.85,1,73,2025-04-16,0,,,,
2025-04-21,1200.97,1237.64,1197.08,1221.96,15166580,1101.5,1073.22,1031.47,1237.64,1198.18,30.41,76.42,0,,1111.71,,1111.71,1,73,2025-04-16,0,,,,
2025-04-22,1229.35,1233.95,1211.06,1215.76,8461710,1101.7,1080.38,1031.47,1237.64,1237.64,29.87,74.58,0,,1108.07,,1111.71,1,73,2025-04-16,0,,,,
2025-04-23,1224.25,1228.95,1193.88,1205.87,9433911,1101.73,1086.79,1031.47,1237.64,1237.64,30.24,71.61,0,,1101.45,,1111.71,1,73,2025-04-16,0,,,,
2025-04-24,1198.08,1218.96,1198.08,1206.07,9078137,1101.66,1092.56,1031.47,1237.64,1237.64,29.58,71.64,0,,1102.02,,1111.71,1,73,2025-04-16,0,,,,
2025-04-25,1176.0,1178.89,1145.02,1165.3,17243807,1101.23,1096.84,1031.47,1237.64,1237.64,31.82,60.2,0,,1074.23,,1111.71,1,73,2025-04-16,0,,,,
2025-04-28,1165.3,1194.98,1163.31,1191.78,5523502,1100.96,1102.07,1031.47,1237.64,1237.64,31.81,64.2,0,,1091.31,,1111.71,1,73,2025-04-16,0,,,,
2025-04-29,1192.98,1208.97,1183.39,1186.29,6074520,1100.61,1107.45,1031.47,1237.64,1237.64,31.37,62.79,0,,1088.07,,1111.71,1,73,2025-04-16,0,,,,
2025-04-30,1184.09,1192.88,1174.0,1183.99,6288257,1100.22,1113.24,1031.47,1237.64,1237.64,30.48,62.17,0,,1087.18,,1111.71,1,73,2025-04-16,0,,,,
2025-05-02,1181.09,1209.47,1179.09,1182.39,5249372,1099.81,1119.01,1056.65,1237.64,1237.64,30.47,61.72,0,,1094.55,,1111.71,1,73,2025-04-16,0,,,,
2025-05-05,1188.98,1188.98,1163.31,1172.2,7236056,1099.32,1123.64,1056.65,1237.64,1237.64,30.13,58.78,0,,1088.2,,1111.71,1,73,2025-04-16,0,,,,
2025-05-06,1176.99,1177.79,1156.71,1160.41,5348267,1098.8,1127.88,1056.65,1237.64,1237.64,29.48,55.49,0,,1081.03,,1111.71,1,73,2025-04-16,0,,,,
2025-05-07,1158.01,1167.6,1151.92,1160.31,4263817,1098.09,1131.52,1082.08,1237.64,1237.64,28.49,55.46,0,,1090.1,,1111.71,1,73,2025-04-16,0,,,,
2025-05-08,1169.0,1177.99,1164.6,1171.2,9912347,1097.39,1135.44,1111.65,1237.64,1237.64,27.72,57.98,0,,1107.49,,1111.71,1,73,2025-04-16,0,,,,
2025-05-09,1159.01,1171.2,1147.52,1150.12,5379571,1096.58,1138.14,1145.02,1237.64,1237.64,27.43,51.86,0,,1105.21,,1111.71,1,73,2025-04-16,0,,,,
2025-05-12,1183.99,1207.97,1174.2,1201.97,7616208,1096.39,1141.64,1145.02,1237.64,1237.64,29.61,62.38,0,,1137.21,,1137.21,1,73,2025-04-16,0,,,,
2025-05-13,1204.17,1213.76,1188.98,1192.58,5569926,1096.17,1144.14,1145.02,1237.64,1237.64,29.26,59.83,0,,1131.38,,1137.21,1,73,2025-04-16,0,,,,
2025-05-14,1194.88,1198.38,1184.89,1194.48,4084921,1096.3,1147.44,1145.02,1237.64,1237.64,28.13,60.18,0,,1133.36,,1137.21,1,73,2025-04-16,0,,,,
2025-05-15,1195.98,1215.96,1183.99,1208.07,6705748,1096.5,1151.13,1145.02,1237.64,1237.64,28.41,62.72,0,,1141.94,,1141.94,1,73,2025-04-16,0,,,,
2025-05-16,1204.97,1212.26,1202.17,1207.77,4016269,1096.92,1154.69,1145.02,1237.64,1237.64,27.1,62.62,0,,1142.62,,1142.62,1,73,2025-04-16,0,,,,
2025-05-19,1206.97,1217.96,1200.07,1201.77,4550022,1097.25,1158.59,1147.52,1237.64,1237.64,26.44,60.65,0,,1140.02,,1142.62,1,73,2025-04-16,0,,,,
2025-05-20,1206.97,1209.67,1191.88,1194.78,4724482,1097.42,1162.3,1147.52,1233.95,1237.64,25.82,58.34,0,,1135.92,,1142.62,1,73,2025-04-16,0,,,,
2025-05-21,1196.08,1203.87,1181.69,1196.78,3712472,1097.51,1165.9,1147.52,1228.95,1233.95,25.56,58.82,0,,1137.39,,1142.62,1,73,2025-04-16,0,,,,
2025-05-22,1195.68,1195.68,1176.49,1187.49,4795583,1097.62,1169.14,1147.52,1218.96,1228.95,25.19,55.6,0,,1131.65,,1142.62,1,73,2025-04-16,0,,,,
2025-05-23,1187.49,1212.06,1187.09,1209.07,3676469,1097.93,1174.54,1147.52,1217.96,1218.96,25.17,60.95,0,,1145.58,,1145.58,1,73,2025-04-16,0,,,,
2025-05-26,1215.16,1223.15,1207.67,1214.16,3607612,1098.33,1179.11,1147.52,1223.15,1217.96,24.48,62.11,0,,1149.32,,1149.32,1,73,2025-04-16,0,,,,
2025-05-27,1214.16,1215.66,1189.38,1194.58,7249163,1098.62,1183.57,1147.52,1223.15,1223.15,24.61,55.31,0,,1136.61,,1149.32,1,73,2025-04-16,0,,,,
2025-05-28,1194.58,1201.17,1190.68,1193.68,3525421,1099.04,1187.76,1147.52,1223.15,1223.15,23.6,55.01,0,,1136.7,,1149.32,1,73,2025-04-16,0,,,,
2025-05-29,1198.98,1207.97,1187.98,1200.67,7788068,1099.07,1190.72,1147.52,1223.15,1223.15,23.34,56.95,0,,1141.38,,1149.32,1,73,2025-04-16,0,,,,
2025-05-30,1200.37,1207.77,1188.58,1191.18,9998488,1099.08,1191.75,1174.2,1223.15,1223.15,23.05,53.57,0,,1144.35,,1149.32,1,73,2025-04-16,0,,,,
2025-06-02,1188.78,1199.87,1178.19,1193.38,3761853,1099.2,1191.87,1176.49,1223.15,1223.15,22.95,54.25,0,,1146.6,,1149.32,1,73,2025-04-16,0,,,,
2025-06-03,1193.98,1197.88,1173.9,1180.49,8155665,1099.34,1190.49,1173.9,1223.15,1223.15,23.02,49.67,0,,1137.37,,1149.32,1,73,2025-04-16,0,,,,
2025-06-04,1180.79,1190.28,1167.6,1170.0,4306355,1099.37,1188.96,1167.6,1223.15,1223.15,23.0,46.25,0,,1128.52,,1149.32,1,73,2025-04-16,0,,,,
2025-06-05,1171.5,1174.5,1156.01,1158.01,10481600,1099.17,1187.37,1156.01,1223.15,1223.15,22.68,42.64,0,,1117.14,,1149.32,1,73,2025-04-16,0,,,,
2025-06-06,1157.91,1200.17,1150.22,1193.58,14715421,1099.32,1186.95,1150.22,1223.15,1223.15,24.62,54.1,0,,1136.85,,1149.32,1,73,2025-04-16,0,,,,
2025-06-09,1211.46,1223.45,1205.17,1218.86,9138108,1099.54,1188.73,1150.22,1223.45,1223.15,25.0,60.18,0,,1152.91,,1152.91,1,73,2025-04-16,0,,,,
2025-06-10,1223.35,1234.84,1217.36,1231.75,7747558,1099.96,1190.07,1150.22,1234.84,1223.45,24.46,62.89,1,1231.75,1161.58,1161.58,1161.58,1,73,2025-04-16,0,,,,
2025-06-11,1231.55,1240.74,1227.05,1230.35,4135775,1100.43,1191.54,1150.22,1240.74,1234.84,23.69,62.39,0,,1161.19,,1161.58,1,73,2025-04-16,0,,,,
2025-06-12,1229.95,1236.04,1209.77,1211.86,3461744,1100.72,1192.46,1150.22,1240.74,1240.74,23.88,56.11,0,,1149.14,,1161.58,1,73,2025-04-16,0,,,,
2025-06-13,1196.98,1210.67,1194.58,1204.77,3906868,1101.17,1193.21,1150.22,1240.74,1240.74,23.4,53.86,0,,1144.88,,1161.58,1,73,2025-04-16,0,,,,
2025-06-16,1205.07,1216.96,1194.98,1214.36,5697424,1101.46,1194.62,1150.22,1240.74,1240.74,23.3,56.4,0,,1151.13,,1161.58,1,73,2025-04-16,0,,,,
2025-06-17,1214.36,1225.95,1210.27,1214.06,4492946,1101.78,1196.4,1150.22,1240.74,1240.74,22.76,56.3,0,,1151.3,,1161.58,1,73,2025-04-16,0,,,,
2025-06-18,1208.77,1222.26,1202.87,1219.96,3135662,1102.19,1198.39,1150.22,1240.74,1240.74,22.52,57.94,0,,1155.27,,1161.58,1,73,2025-04-16,0,,,,
2025-06-19,1216.96,1226.75,1212.76,1216.46,4243763,1102.56,1199.9,1150.22,1240.74,1240.74,21.91,56.58,0,,1153.42,,1161.58,1,73,2025-04-16,0,,,,
2025-06-20,1216.46,1224.95,1213.16,1219.66,4652390,1102.9,1202.22,1150.22,1240.74,1240.74,21.19,57.56,0,,1155.96,,1161.58,1,73,2025-04-16,0,,,,
2025-06-23,1211.56,1221.86,1204.57,1213.06,2312469,1103.27,1202.59,1150.22,1240.74,1240.74,20.91,54.81,0,,1151.89,,1161.58,1,73,2025-04-16,0,,,,
2025-06-24,1221.86,1237.34,1214.56,1220.16,6745788,1103.82,1203.51,1150.22,1240.74,1240.74,21.15,57.18,0,,1156.31,,1161.58,1,73,2025-04-16,0,,,,
2025-06-25,1225.25,1225.25,1209.97,1212.26,4229259,1104.3,1204.1,1150.22,1240.74,1240.74,20.73,53.8,0,,1151.49,,1161.58,1,73,2025-04-16,0,,,,
2025-06-26,1214.16,1237.94,1210.17,1232.45,8678448,1105.01,1204.91,1150.22,1240.74,1240.74,21.23,60.27,0,,1164.18,,1164.18,1,73,2025-04-16,0,,,,
2025-06-27,1235.84,1245.94,1219.36,1224.05,6068274,1105.62,1205.46,1194.58,1245.94,1240.74,21.61,56.71,0,,1173.3,,1173.3,1,73,2025-04-16,0,,,,
2025-06-30,1227.85,1234.94,1192.08,1198.18,6559872,1106.02,1205.34,1192.08,1245.94,1245.94,23.13,47.42,0,,1154.76,,1173.3,1,73,2025-04-16,0,,,,
2025-07-01,1200.97,1200.97,1166.0,1172.3,8702198,1106.23,1204.59,1166.0,1245.94,1245.94,23.98,40.31,0,,1128.82,,1173.3,1,73,2025-04-16,1,1173.3,TRAILING_STOP,53,1.12
2025-07-02,1178.99,1180.89,1171.0,1174.3,5471100,1106.36,1203.84,1166.0,1245.94,1245.94,22.97,41.04,0,,1130.78,,,0,,,0,,,,
2025-07-03,1176.99,1179.99,1167.0,1170.1,6237185,1106.53,1203.26,1166.0,1245.94,1245.94,22.26,39.93,0,,1128.54,,,0,,,0,,,,
2025-07-04,1174.0,1179.5,1162.0,1177.6,3926186,1106.72,1202.21,1162.0,1245.94,1245.94,21.92,42.91,0,,1132.27,,,0,,,0,,,,
2025-07-07,1177.6,1177.6,1167.6,1175.1,5783402,1107.01,1200.91,1162.0,1245.94,1245.94,21.07,42.16,0,,1131.23,,,0,,,0,,,,
2025-07-08,1180.0,1180.0,1161.9,1165.4,9973619,1107.21,1199.93,1161.9,1245.94,1245.94,20.86,39.29,0,,1125.08,,,0,,,0,,,,
2025-07-09,1160.0,1171.0,1158.6,1164.7,8674795,1107.41,1198.97,1158.6,1245.94,1245.94,20.25,39.08,0,,1123.93,,,0,,,0,,,,
2025-07-10,1170.1,1176.6,1163.0,1164.3,4339755,1107.44,1197.76,1158.6,1245.94,1245.94,19.78,38.95,0,,1123.99,,,0,,,0,,,,
2025-07-11,1162.0,1175.9,1160.6,1173.8,4468654,1107.54,1197.18,1158.6,1245.94,1245.94,19.46,43.61,0,,1130.33,,,0,,,0,,,,
2025-07-14,1179.0,1179.9,1163.0,1172.7,4772502,1107.59,1196.49,1158.6,1245.94,1245.94,19.27,43.2,0,,1129.74,,,0,,,0,,,,
2025-07-15,1174.0,1179.0,1162.3,1165.9,4776756,1107.47,1196.0,1158.6,1245.94,1245.94,19.09,40.65,0,,1125.48,,,0,,,0,,,,
2025-07-16,1164.9,1174.0,1157.1,1168.4,4388279,1107.51,1195.95,1157.1,1245.94,1245.94,18.93,42.01,0,,1126.7,,,0,,,0,,,,
2025-07-17,1170.0,1172.9,1154.8,1159.8,5694428,1107.56,1196.01,1154.8,1245.94,1245.94,18.87,38.73,0,,1120.42,,,0,,,0,,,,
2025-07-18,1090.0,1115.9,1086.0,1099.3,38053695,1107.25,1192.87,1086.0,1245.94,1245.94,22.8,24.34,0,,1055.85,,,0,,,0,,,,
2025-07-21,1086.0,1101.5,1071.9,1099.6,15905500,1106.95,1188.89,1071.9,1245.94,1245.94,23.28,24.49,0,,1051.02,,,0,,,0,,,,
2025-07-22,1102.0,1110.6,1095.0,1098.0,9999957,1106.62,1184.43,1071.9,1245.94,1245.94,22.73,24.22,0,,1050.35,,,0,,,0,,,,
2025-07-23,1099.5,1110.5,1098.1,1104.8,6633979,1106.32,1180.25,1071.9,1245.94,1245.94,22.0,27.93,0,,1055.23,,,0,,,0,,,,
2025-07-24,1104.0,1105.0,1089.4,1095.1,9901209,1106.05,1176.35,1071.9,1245.94,1245.94,21.55,25.97,0,,1049.28,,,0,,,0,,,,
2025-07-25,1086.1,1101.0,1076.2,1086.1,11779887,1105.81,1172.4,1071.9,1234.94,1245.94,21.78,24.28,0,,1043.32,,,0,,,0,,,,
2025-07-28,1080.9,1092.2,1067.4,1073.6,9029557,1105.59,1167.71,1067.4,1200.97,1234.94,21.99,22.12,0,,1033.61,,,0,,,0,,,,
2025-07-29,1070.9,1078.7,1055.4,1064.2,15599773,1105.54,1162.71,1055.4,1180.89,1200.97,22.09,20.63,0,,1023.48,,,0,,,0,,,,
2025-07-30,1070.5,1080.6,1062.0,1073.3,8247433,1105.51,1157.82,1055.4,1180.0,1180.89,21.84,25.83,0,,1029.52,,,0,,,0,,,,
2025-07-31,1066.0,1081.3,1063.9,1068.4,7634413,1105.44,1152.89,1055.4,1180.0,1180.0,21.52,24.88,0,,1026.57,,,0,,,0,,,,
2025-08-01,1065.0,1070.9,1060.0,1062.4,5545447,1105.35,1147.65,1055.4,1180.0,1180.0,20.76,23.74,0,,1023.21,,,0,,,0,,,,
2025-08-04,1064.4,1070.0,1059.0,1068.6,4465845,1105.3,1142.83,1055.4,1180.0,1180.0,20.07,27.45,0,,1027.67,,,0,,,0,,,,
2025-08-05,1068.0,1079.9,1062.5,1070.8,5318081,1105.31,1137.85,1055.4,1179.9,1180.0,19.87,28.78,0,,1029.22,,,0,,,0,,,,
2025-08-06,1074.0,1077.7,1065.6,1071.0,4216651,1105.36,1133.14,1055.4,1179.9,1179.9,19.32,28.91,0,,1029.72,,,0,,,0,,,,
2025-08-07,1067.8,1079.7,1064.5,1076.2,5321131,1105.4,1127.93,1055.4,1179.9,1179.9,19.03,32.29,0,,1033.27,,,0,,,0,,,,
2025-08-08,1073.0,1080.4,1054.2,1058.1,5084903,1105.21,1122.4,1054.2,1179.9,1179.9,19.54,27.4,0,,1020.85,,,0,,,0,,,,
2025-08-11,1058.1,1075.4,1052.6,1073.3,5452775,1105.14,1118.24,1052.6,1179.0,1179.9,19.77,36.15,0,,1029.96,,,0,,,0,,,,
2025-08-12,1071.1,1076.6,1066.3,1070.0,4573025,1105.19,1114.83,1052.6,1174.0,1179.0,19.09,35.16,0,,1028.29,,,0,,,0,,,,
2025-08-13,1071.1,1072.8,1063.2,1066.0,4966778,1105.19,1111.22,1052.6,1172.9,1174.0,18.42,33.94,0,,1026.16,,,0,,,0,,,,
2025-08-14,1067.0,1072.4,1062.0,1068.2,6761305,1105.15,1107.82,1052.6,1115.9,1172.9,17.84,35.27,0,,1027.96,,,0,,,0,,,,
2025-08-18,1080.0,1090.0,1079.4,1082.6,7964987,1105.29,1104.66,1052.6,1110.6,1115.9,18.13,43.28,0,,1037.06,,,0,,,0,,,,
2025-08-19,1078.0,1095.0,1075.8,1083.2,5661531,1105.58,1101.59,1052.6,1110.6,1110.6,18.2,43.6,0,,1037.4,,,0,,,0,,,,
2025-08-20,1081.0,1083.7,1077.8,1080.2,3034728,1105.8,1098.75,1052.6,1110.5,1110.6,17.32,42.34,0,,1036.05,,,0,,,0,,,,
2025-08-21,1090.0,1090.0,1076.4,1078.9,6459262,1105.98,1095.89,1052.6,1105.0,1110.5,17.06,41.77,0,,1035.39,,,0,,,0,,,,
2025-08-22,1076.0,1078.5,1069.5,1070.9,3853718,1106.28,1092.78,1052.6,1101.0,1105.0,16.51,38.39,0,,1030.59,,,0,,,0,,,,
2025-08-25,1073.0,1074.5,1068.2,1070.0,2711278,1106.5,1089.32,1052.6,1095.0,1101.0,15.78,38.02,0,,1030.5,,,0,,,0,,,,
2025-08-26,1068.0,1069.8,1048.0,1050.1,7197666,1106.9,1085.23,1048.0,1095.0,1095.0,16.23,30.87,0,,1015.83,,,0,,,0,,,,
2025-08-28,1057.0,1059.5,1047.0,1051.9,8564803,1107.33,1081.43,1047.0,1095.0,1095.0,15.96,32.11,0,,1016.84,,,0,,,0,,,,
2025-08-29,1052.1,1063.0,1042.5,1045.2,4718016,1107.84,1077.33,1042.5,1095.0,1095.0,16.28,29.95,0,,1010.8,,,0,,,0,,,,
2025-09-01,1047.6,1064.0,1047.6,1061.5,3190426,1108.53,1074.05,1042.5,1095.0,1095.0,16.46,40.44,0,,1021.19,,,0,,,0,,,,
2025-09-02,1061.5,1064.9,1049.0,1056.2,4933541,1109.23,1072.61,1042.5,1095.0,1095.0,16.42,38.43,0,,1017.8,,,0,,,0,,,,
2025-09-03,1056.2,1064.9,1045.0,1054.7,8303296,1109.95,1071.12,1042.5,1095.0,1095.0,16.67,37.85,0,,1016.67,,,0,,,0,,,,
2025-09-04,1058.2,1062.2,1047.3,1050.4,8088417,1110.63,1069.53,1042.5,1095.0,1095.0,16.55,36.18,0,,1013.98,,,0,,,0,,,,
2025-09-05,1056.6,1058.0,1047.8,1055.9,2849589,1111.12,1067.9,1042.5,1095.0,1095.0,16.09,39.84,0,,1017.83,,,0,,,0,,,,
2025-09-08,1055.9,1063.0,1054.0,1055.5,2260147,1111.61,1066.58,1042.5,1095.0,1095.0,15.59,39.66,0,,1017.91,,,0,,,0,,,,
2025-09-09,1057.5,1059.0,1048.7,1052.2,4310419,1112.06,1065.45,1042.5,1095.0,1095.0,15.21,38.15,0,,1016.03,,,0,,,0,,,,
2025-09-10,1058.0,1074.1,1055.1,1070.1,5241075,1112.63,1065.33,1042.5,1095.0,1095.0,15.69,49.43,0,,1027.26,,,0,,,0,,,,
2025-09-11,1069.0,1093.0,1069.0,1087.4,5227539,1113.23,1066.11,1042.5,1095.0,1095.0,16.28,57.5,0,,1038.02,,,0,,,0,,,,
2025-09-12,1088.4,1108.7,1088.4,1105.3,6014850,1114.01,1067.17,1042.5,1108.7,1095.0,16.64,63.91,0,,1049.33,,,0,,,0,,,,
2025-09-15,1105.0,1110.0,1100.0,1104.4,3881807,1114.6,1068.37,1042.5,1110.0,1108.7,16.16,63.4,0,,1049.06,,,0,,,0,,,,
2025-09-16,1105.7,1127.1,1104.0,1121.2,7965606,1115.33,1070.33,1042.5,1127.1,1110.0,16.66,68.53,1,1121.2,1059.57,1059.57,1059.57,1,74,2025-09-16,0,,,,
2025-09-17,1121.3,1128.5,1116.1,1126.0,5590739,1116.04,1072.25,1042.5,1128.5,1127.1,16.36,69.83,0,,1062.87,,1062.87,1,74,2025-09-16,0,,,,
2025-09-18,1129.0,1134.4,1121.2,1133.0,5713032,1116.77,1074.32,1042.5,1134.4,1128.5,16.13,71.67,1,1133.0,1067.53,1067.53,1067.53,1,74,2025-09-16,0,,,,
2025-09-19,1133.0,1144.1,1126.6,1135.9,8910732,1117.6,1076.48,1045.0,1144.1,1134.4,16.23,72.42,0,,1070.17,,1070.17,1,74,2025-09-16,0,,,,
2025-09-22,1136.0,1147.6,1131.2,1144.4,7689900,1118.52,1078.76,1045.0,1147.6,1144.1,16.24,74.54,0,,1075.64,,1075.64,1,74,2025-09-16,0,,,,
2025-09-23,1146.0,1172.8,1141.9,1170.8,16079093,1119.62,1082.51,1045.0,1172.8,1147.6,17.29,79.76,0,,1091.97,,1091.97,1,74,2025-09-16,0,,,,
2025-09-24,1168.0,1172.8,1154.0,1158.9,12812055,1120.63,1085.37,1047.3,1172.8,1172.8,17.4,72.54,0,,1084.99,,1091.97,1,74,2025-09-16,0,,,,
2025-09-25,1154.7,1171.8,1153.4,1166.6,11188302,1121.76,1088.59,1047.8,1172.8,1172.8,17.47,74.17,0,,1090.08,,1091.97,1,74,2025-09-16,0,,,,
2025-09-26,1161.6,1169.7,1148.0,1154.0,5618932,1122.84,1091.52,1048.7,1172.8,1172.8,17.77,67.15,0,,1082.05,,1091.97,1,74,2025-09-16,0,,,,
2025-09-29,1155.4,1158.3,1126.7,1132.2,9693881,1123.77,1093.65,1048.7,1172.8,1172.8,18.76,57.08,0,,1067.33,,1091.97,1,74,2025-09-16,0,,,,
2025-09-30,1130.0,1137.0,1125.4,1131.6,8165203,1124.58,1095.29,1055.1,1172.8,1172.8,18.25,56.83,0,,1069.42,,1091.97,1,74,2025-09-16,0,,,,
2025-10-01,1132.5,1164.8,1131.0,1159.5,9655009,1125.53,1097.83,1069.0,1172.8,1172.8,19.36,64.66,0,,1091.31,,1091.97,1,74,2025-09-16,0,,,,
2025-10-03,1171.0,1188.0,1169.5,1181.0,11095015,1126.68,1101.19,1088.4,1188.0,1172.8,20.01,69.28,1,1181.0,1111.2,1111.2,1111.2,1,74,2025-09-16,0,,,,
2025-10-06,1185.0,1215.2,1182.1,1212.8,20128505,1128.04,1105.65,1100.0,1215.2,1188.0,21.02,74.58,0,,1134.91,,1134.91,1,74,2025-09-16,0,,,,
2025-10-07,1212.0,1212.0,1184.0,1186.8,8620156,1129.23,1109.52,1104.0,1215.2,1215.2,21.58,64.75,0,,1119.1,,1134.91,1,74,2025-09-16,0,,,,
2025-10-08,1180.1,1194.8,1174.1,1180.6,5160430,1130.33,1113.2,1116.1,1215.2,1215.2,21.52,62.63,0,,1119.18,,1134.91,1,74,2025-09-16,0,,,,
2025-10-09,1178.0,1187.3,1163.1,1167.4,7194651,1131.35,1117.11,1121.2,1215.2,1215.2,21.71,58.25,0,,1112.23,,1134.91,1,74,2025-09-16,0,,,,
2025-10-10,1168.0,1191.7,1165.2,1180.4,6933035,1132.51,1121.4,1125.4,1215.2,1215.2,22.05,61.13,0,,1121.79,,1134.91,1,74,2025-09-16,0,,,,
2025-10-13,1171.0,1193.6,1167.5,1189.6,4138448,1133.77,1126.21,1125.4,1215.2,1215.2,22.34,63.07,0,,1127.53,,1134.91,1,74,2025-09-16,0,,,,
2025-10-14,1191.8,1191.8,1166.6,1176.8,5742538,1134.85,1130.05,1125.4,1215.2,1215.2,22.54,58.68,0,,1119.14,,1134.91,1,74,2025-09-16,0,,,,
2025-10-15,1180.0,1181.7,1164.0,1169.6,6328142,1135.76,1133.83,1125.4,1215.2,1215.2,22.2,56.31,0,,1114.73,,1134.91,1,74,2025-09-16,0,,,,
2025-10-16,1216.4,1216.9,1185.3,1196.3,17747171,1136.83,1138.55,1125.4,1216.9,1215.2,23.99,62.39,0,,1130.75,,1134.91,1,74,2025-09-16,0,,,,
2025-10-17,1196.3,1212.9,1191.6,1200.2,6404414,1137.93,1143.55,1125.4,1216.9,1216.9,23.8,63.19,0,,1133.4,,1134.91,1,74,2025-09-16,0,,,,
2025-10-20,1207.9,1231.7,1207.0,1226.0,7418616,1139.27,1149.22,1125.4,1231.7,1216.9,24.35,68.06,1,1226.0,1149.67,1149.67,1149.67,1,74,2025-09-16,0,,,,
2025-10-21,1225.8,1238.8,1222.0,1237.3,1940248,1140.78,1155.28,1125.4,1238.8,1231.7,23.81,69.94,0,,1157.32,,1157.32,1,74,2025-09-16,0,,,,
2025-10-23,1246.0,1276.1,1241.3,1258.8,14611221,1142.45,1162.16,1131.0,1276.1,1238.8,24.88,73.17,0,,1172.34,,1172.34,1,74,2025-09-16,0,,,,
2025-10-24,1254.2,1256.0,1240.1,1241.9,4882046,1143.84,1167.89,1163.1,1276.1,1276.1,24.44,67.07,0,,1172.43,,1172.43,1,74,2025-09-16,0,,,,
2025-10-27,1243.4,1258.5,1242.6,1254.1,6185072,1145.31,1173.45,1163.1,1276.1,1276.1,23.88,69.07,0,,1180.68,,1180.68,1,74,2025-09-16,0,,,,
2025-10-28,1249.0,1258.9,1236.6,1246.3,8146777,1146.61,1178.15,1163.1,1276.1,1276.1,23.77,66.3,0,,1175.72,,1180.68,1,74,2025-09-16,0,,,,
2025-10-29,1246.9,1251.0,1239.2,1248.8,4578825,1147.91,1182.96,1163.1,1276.1,1276.1,22.91,66.76,0,,1177.9,,1180.68,1,74,2025-09-16,0,,,,
2025-10-30,1243.0,1248.0,1235.0,1238.6,4017532,1149.04,1186.87,1163.1,1276.1,1276.1,22.26,62.97,0,,1171.76,,1180.68,1,74,2025-09-16,0,,,,
2025-10-31,1243.0,1245.4,1231.0,1232.8,4106607,1149.95,1190.43,1164.0,1276.1,1276.1,21.7,60.85,0,,1168.69,,1180.68,1,74,2025-09-16,0,,,,
2025-11-03,1226.0,1241.0,1222.3,1233.7,6118907,1150.72,1193.79,1164.0,1276.1,1276.1,21.48,61.07,0,,1169.41,,1180.68,1,74,2025-09-16,0,,,,
2025-11-04,1230.1,1235.9,1222.8,1226.6,3299345,1151.6,1196.81,1164.0,1276.1,1276.1,20.89,58.31,0,,1165.23,,1180.68,1,74,2025-09-16,0,,,,
2025-11-06,1225.0,1239.6,1225.0,1228.5,3733721,1152.47,1199.62,1164.0,1276.1,1276.1,20.44,58.84,0,,1166.76,,1180.68,1,74,2025-09-16,0,,,,
2025-11-07,1227.0,1228.8,1217.0,1222.8,3461466,1153.28,1201.35,1185.3,1276.1,1276.1,19.82,56.49,0,,1170.59,,1180.68,1,74,2025-09-16,0,,,,
2025-11-10,1222.0,1232.8,1215.5,1217.0,4140568,1154.16,1203.29,1191.6,1276.1,1276.1,19.64,54.12,0,,1169.07,,1180.68,1,74,2025-09-16,0,,,,
2025-11-11,1218.1,1225.0,1209.4,1222.5,5615453,1155.09,1205.15,1207.0,1276.1,1276.1,19.35,56.01,0,,1177.94,,1180.68,1,74,2025-09-16,0,,,,
2025-11-12,1227.9,1232.7,1216.5,1221.6,6782513,1155.98,1207.4,1209.4,1276.1,1276.1,19.13,55.6,0,,1178.31,,1180.68,1,74,2025-09-16,0,,,,
2025-11-13,1219.0,1234.8,1213.2,1225.2,3345231,1156.87,1210.5,1209.4,1276.1,1276.1,19.3,56.94,0,,1180.52,,1180.68,1,74,2025-09-16,0,,,,
2025-11-14,1224.0,1246.0,1222.0,1241.6,5197740,1158.17,1214.17,1209.4,1276.1,1276.1,19.64,62.47,0,,1190.87,,1190.87,1,74,2025-09-16,0,,,,
2025-11-17,1243.9,1261.0,1240.4,1249.6,4088026,1159.32,1217.17,1209.4,1276.1,1276.1,19.71,64.84,0,,1195.99,,1195.99,1,74,2025-09-16,0,,,,
2025-11-18,1250.0,1273.5,1247.6,1265.4,10175969,1160.69,1219.99,1209.4,1276.1,1276.1,20.15,69.0,0,,1205.88,,1205.88,1,74,2025-09-16,0,,,,
2025-11-19,1268.0,1273.0,1257.8,1270.4,4101288,1162.04,1221.91,1209.4,1276.1,1276.1,19.8,70.21,0,,1209.34,,1209.34,1,74,2025-09-16,0,,,,
2025-11-20,1275.0,1287.3,1262.6,1285.2,4617594,1163.19,1225.19,1209.4,1287.3,1276.1,20.15,73.49,1,1285.2,1218.66,1218.66,1218.66,1,74,2025-09-16,0,,,,
2025-11-21,1284.0,1284.5,1273.0,1275.8,6363593,1163.96,1228.36,1209.4,1287.3,1287.3,19.58,68.34,0,,1212.97,,1218.66,1,74,2025-09-16,0,,,,
2025-11-24,1279.2,1290.9,1266.6,1269.0,10491953,1164.49,1231.75,1209.4,1290.9,1287.3,19.92,64.81,0,,1208.36,,1218.66,1,74,2025-09-16,0,,,,
2025-11-25,1269.1,1276.7,1263.7,1266.3,5290156,1164.79,1234.61,1209.4,1290.9,1290.9,19.42,63.4,0,,1206.95,,1218.66,1,74,2025-09-16,0,,,,
2025-11-26,1271.9,1292.8,1269.3,1290.2,4842021,1165.28,1237.96,1209.4,1292.8,1290.9,19.93,69.66,0,,1222.03,,1222.03,1,74,2025-09-16,0,,,,
2025-11-27,1297.0,1304.0,1281.0,1287.3,5924706,1165.82,1241.65,1209.4,1304.0,1292.8,20.15,68.14,0,,1220.01,,1222.03,1,74,2025-09-16,0,,,,
2025-11-28,1287.3,1289.0,1275.0,1279.7,3093636,1166.32,1245.32,1209.4,1304.0,1304.0,19.71,64.18,0,,1215.4,,1222.03,1,74,2025-09-16,0,,,,
2025-12-01,1288.0,1289.0,1268.5,1275.7,4098016,1167.05,1247.96,1209.4,1304.0,1304.0,19.76,62.13,0,,1212.78,,1222.03,1,74,2025-09-16,0,,,,
2025-12-02,1270.7,1281.0,1255.1,1258.0,8115347,1167.49,1249.89,1213.2,1304.0,1304.0,20.2,53.94,0,,1202.34,,1222.03,1,74,2025-09-16,0,,,,
2025-12-03,1255.0,1272.9,1255.0,1270.7,3582794,1168.06,1251.38,1213.2,1304.0,1304.0,20.04,58.2,0,,1210.64,,1222.03,1,74,2025-09-16,0,,,,
2025-12-04,1270.7,1282.8,1269.4,1280.0,3216108,1168.7,1252.8,1222.0,1304.0,1304.0,19.56,61.04,0,,1219.89,,1222.03,1,74,2025-09-16,0,,,,
2025-12-05,1275.2,1285.0,1267.3,1282.5,2728214,1169.36,1253.59,1240.4,1304.0,1304.0,19.43,61.79,0,,1227.73,,1227.73,1,74,2025-09-16,0,,,,
2025-12-08,1284.0,1288.8,1265.1,1273.8,2969478,1170.04,1254.66,1247.6,1304.0,1304.0,19.74,57.62,0,,1224.31,,1227.73,1,74,2025-09-16,0,,,,
2025-12-09,1272.0,1281.4,1263.2,1275.9,4239279,1170.81,1255.38,1255.0,1304.0,1304.0,19.63,58.35,0,,1228.2,,1228.2,1,74,2025-09-16,0,,,,
2025-12-10,1273.0,1284.0,1268.3,1278.6,2928746,1171.6,1256.46,1255.0,1304.0,1304.0,19.35,59.32,0,,1230.13,,1230.13,1,74,2025-09-16,0,,,,
2025-12-11,1277.4,1282.0,1271.0,1272.7,2017404,1172.28,1257.26,1255.0,1304.0,1304.0,18.75,56.24,0,,1226.73,,1230.13,1,74,2025-09-16,0,,,,
2025-12-12,1278.0,1291.0,1277.9,1286.1,2281078,1173.18,1258.84,1255.0,1304.0,1304.0,18.72,61.18,0,,1235.39,,1235.39,1,74,2025-09-16,0,,,,
2025-12-15,1285.0,1290.4,1280.0,1284.8,1634472,1173.73,1260.57,1255.0,1304.0,1304.0,18.12,60.46,0,,1234.95,,1235.39,1,74,2025-09-16,0,,,,
2025-12-16,1277.1,1277.6,1216.9,1219.6,11542048,1173.91,1260.1,1216.9,1304.0,1304.0,21.68,37.11,0,,1177.82,,1235.39,1,74,2025-09-16,1,1235.39,TRAILING_STOP,63,10.18
2025-12-17,1220.6,1236.0,1220.3,1224.7,5147181,1174.12,1260.04,1216.9,1304.0,1304.0,21.3,39.09,0,,1181.36,,,0,,,0,,,,
2025-12-18,1226.1,1238.5,1220.2,1229.8,3441592,1174.26,1260.08,1216.9,1304.0,1304.0,21.09,41.09,0,,1184.8,,,0,,,0,,,,
2025-12-19,1236.7,1241.5,1229.1,1230.6,5055047,1174.41,1260.34,1216.9,1304.0,1304.0,20.47,41.42,0,,1185.73,,,0,,,0,,,,
2025-12-22,1235.0,1236.9,1226.8,1233.2,2405809,1174.62,1260.88,1216.9,1304.0,1304.0,19.73,42.53,0,,1187.9,,,0,,,0,,,,
2025-12-23,1239.0,1239.0,1223.5,1225.0,2920318,1174.82,1260.97,1216.9,1304.0,1304.0,19.42,39.96,0,,1182.81,,,0,,,0,,,,
2025-12-24,1230.0,1235.4,1224.7,1226.3,3155506,1175.02,1261.12,1216.9,1304.0,1304.0,18.8,40.57,0,,1184.06,,,0,,,0,,,,
2025-12-26,1225.0,1229.9,1222.0,1228.2,1665983,1175.29,1261.22,1216.9,1291.0,1304.0,18.02,41.51,0,,1185.81,,,0,,,0,,,,
2025-12-29,1228.2,1233.9,1219.0,1232.0,2209655,1175.45,1260.9,1216.9,1291.0,1291.0,17.8,43.44,0,,1188.41,,,0,,,0,,,,
2025-12-30,1233.0,1252.1,1232.0,1246.0,5673233,1175.66,1260.78,1216.9,1291.0,1291.0,17.96,49.98,0,,1197.33,,,0,,,0,,,,
2025-12-31,1246.0,1271.5,1245.0,1269.4,3711090,1176.16,1260.92,1216.9,1291.0,1291.0,18.57,58.59,0,,1212.01,,,0,,,0,,,,
2026-01-01,1270.0,1279.2,1263.8,1274.4,2022412,1176.69,1261.05,1216.9,1291.0,1291.0,18.35,60.17,0,,1215.39,,,0,,,0,,,,
2026-01-02,1273.9,1281.8,1264.3,1266.9,5860547,1177.14,1260.44,1216.9,1291.0,1291.0,18.29,56.68,0,,1210.59,,,0,,,0,,,,
2026-01-05,1274.2,1289.7,1270.0,1285.8,6177100,1177.77,1260.77,1216.9,1291.0,1291.0,18.61,62.57,0,,1222.57,,,0,,,0,,,,
2026-01-06,1304.6,1304.6,1285.4,1293.8,6751769,1178.44,1261.6,1216.9,1304.6,1291.0,18.65,64.76,1,1293.8,1227.7,1227.7,1227.7,1,75,2026-01-06,0,,,,
2026-01-07,1293.0,1299.0,1284.0,1295.5,5440002,1179.2,1262.57,1219.0,1304.6,1304.6,18.39,65.22,0,,1229.67,,1229.67,1,75,2026-01-06,0,,,,
2026-01-08,1291.1,1303.2,1283.8,1286.8,3949654,1179.98,1262.46,1219.0,1304.6,1304.6,18.46,60.8,0,,1224.01,,1229.67,1,75,2026-01-06,0,,,,
2026-01-09,1286.8,1295.3,1270.1,1272.0,5531427,1180.74,1261.95,1219.0,1304.6,1304.6,18.94,54.09,0,,1214.14,,1229.67,1,75,2026-01-06,0,,,,
2026-01-12,1274.7,1279.6,1266.5,1274.2,6489750,1181.28,1261.77,1219.0,1304.6,1304.6,18.53,54.89,0,,1215.84,,1229.67,1,75,2026-01-06,0,,,,
2026-01-13,1274.0,1284.0,1258.7,1262.0,5163166,1181.57,1261.31,1219.0,1304.6,1304.6,19.01,49.73,0,,1207.65,,1229.67,1,75,2026-01-06,0,,,,
2026-01-14,1255.0,1308.0,1253.5,1298.8,7776704,1182.01,1262.67,1219.0,1308.0,1304.6,21.55,61.49,0,,1229.7,,1229.7,1,75,2026-01-06,0,,,,
2026-01-15,1298.8,1298.8,1298.8,1298.8,0,1182.47,1263.61,1219.0,1308.0,1308.0,20.01,61.49,0,,1230.72,,1230.72,1,75,2026-01-06,0,,,,
2026-01-16,1298.8,1309.0,1286.5,1294.2,5175495,1183.02,1264.08,1219.0,1309.0,1308.0,20.18,59.47,0,,1227.64,,1230.72,1,75,2026-01-06,0,,,,
2026-01-19,1307.0,1327.0,1297.1,1307.5,8833223,1183.7,1264.91,1232.0,1327.0,1309.0,21.09,63.22,0,,1239.95,,1239.95,1,75,2026-01-06,0,,,,
2026-01-20,1306.1,1310.9,1290.0,1293.5,6268527,1184.23,1265.57,1245.0,1327.0,1327.0,21.07,57.22,0,,1235.26,,1239.95,1,75,2026-01-06,0,,,,
2026-01-21,1290.0,1297.7,1267.4,1284.9,3854702,1184.7,1265.87,1253.5,1327.0,1327.0,21.73,53.83,0,,1232.11,,1239.95,1,75,2026-01-06,0,,,,
2026-01-22,1290.0,1298.9,1281.4,1294.8,5949677,1185.2,1266.41,1253.5,1327.0,1327.0,21.43,56.99,0,,1238.69,,1239.95,1,75,2026-01-06,0,,,,
2026-01-23,1297.0,1299.0,1248.0,1258.0,8885549,1185.48,1265.92,1248.0,1327.0,1327.0,23.54,44.75,0,,1211.72,,1239.95,1,75,2026-01-06,0,,,,
2026-01-27,1288.8,1333.2,1278.4,1315.8,22715357,1186.12,1266.91,1248.0,1333.2,1327.0,27.23,59.47,0,,1246.54,,1246.54,1,75,2026-01-06,0,,,,
2026-01-28,1348.0,1369.4,1310.2,1319.8,15426403,1186.83,1268.08,1248.0,1369.4,1333.2,29.51,60.26,0,,1247.59,,1247.59,1,75,2026-01-06,0,,,,
2026-01-29,1318.0,1367.0,1306.0,1363.7,16107684,1187.79,1272.88,1248.0,1369.4,1369.4,31.76,67.69,0,,1274.41,,1274.41,1,75,2026-01-06,0,,,,
2026-01-30,1352.0,1378.7,1352.0,1370.4,14758482,1188.84,1277.74,1248.0,1378.7,1369.4,31.4,68.66,1,1370.4,1278.97,1278.97,1278.97,1,75,2026-01-06,0,,,,
2026-02-02,1339.0,1352.7,1302.9,1311.5,8647298,1189.37,1280.46,1248.0,1378.7,1378.7,33.98,53.54,0,,1239.26,,1278.97,1,75,2026-01-06,0,,,,
2026-02-03,1403.0,1418.3,1345.5,1356.2,10384723,1190.25,1284.65,1248.0,1418.3,1378.7,39.18,60.62,0,,1264.63,,1278.97,1,75,2026-01-06,0,,,,
2026-02-04,1369.7,1369.9,1336.6,1338.7,6672251,1191.19,1288.16,1248.0,1418.3,1418.3,38.76,56.96,0,,1253.62,,1278.97,1,75,2026-01-06,0,,,,
2026-02-05,1340.0,1340.0,1317.4,1330.6,3766488,1192.24,1291.68,1248.0,1418.3,1418.3,37.61,55.3,0,,1249.17,,1278.97,1,75,2026-01-06,0,,,,
2026-02-06,1325.0,1346.4,1324.7,1341.6,5876574,1193.36,1295.53,1248.0,1418.3,1418.3,36.47,57.13,0,,1257.02,,1278.97,1,75,2026-01-06,0,,,,
2026-02-09,1350.0,1350.0,1330.7,1341.4,4077536,1194.5,1299.3,1248.0,1418.3,1418.3,35.24,57.08,0,,1257.71,,1278.97,1,75,2026-01-06,0,,,,
2026-02-10,1352.6,1360.1,1343.3,1356.7,5478998,1195.69,1303.46,1248.0,1418.3,1418.3,34.06,59.74,0,,1268.36,,1278.97,1,75,2026-01-06,0,,,,
2026-02-11,1358.0,1360.0,1344.8,1347.3,3866272,1196.84,1306.83,1248.0,1418.3,1418.3,32.72,57.39,0,,1263.2,,1278.97,1,75,2026-01-06,0,,,,
2026-02-12,1347.9,1357.7,1336.2,1340.0,4152620,1198.01,1309.19,1248.0,1418.3,1418.3,31.91,55.56,0,,1259.02,,1278.97,1,75,2026-01-06,0,,,,
2026-02-13,1341.3,1346.5,1316.1,1332.3,4624515,1199.12,1311.12,1248.0,1418.3,1418.3,31.81,53.62,0,,1254.13,,1278.97,1,75,2026-01-06,0,,,,
