Date,Open,High,Low,Close,Volume,SMA150,DonchianLow15,ATR14,RSI14,StopLoss,MA30,DonchianHigh20,DonchianHigh20_prev,BuyCall,EntryPrice,StopLoss_Entry
2021-08-16,420.86,435.31,390.05,392.12,4103620,,,,,,,,,0,,
2021-08-17,395.82,409.12,380.42,386.72,1489590,,,,,,,,,0,,
2021-08-18,392.89,392.89,371.17,373.96,828719,,,,,,,,,0,,
2021-08-20,368.96,371.27,350.56,353.16,575989,,,,,,,,,0,,
2021-08-23,355.62,362.12,325.52,328.75,716162,,,,,,,,,0,,
2021-08-24,329.37,348.35,319.79,336.31,810181,,,,,,,,,0,,
2021-08-25,340.74,342.86,331.97,333.75,237878,,,,,,,,,0,,
2021-08-26,335.15,338.43,330.91,332.02,155491,,,,,,,,,0,,
2021-08-27,333.18,339.68,331.35,335.15,198540,,,,,,,,,0,,
2021-08-30,338.71,346.9,336.35,343.1,267011,,,,,,,,,0,,
2021-08-31,345.74,380.22,343.0,376.47,1335497,,,,,,,,,0,,
2021-09-01,377.53,389.85,373.19,382.2,645507,,,,,,,,,0,,
2021-09-02,384.94,389.04,377.57,380.03,228236,,,,,,,,,0,,
2021-09-03,383.88,384.46,375.94,377.62,142188,,,28.43,,,,,,0,,
2021-09-06,377.53,386.63,377.53,379.26,196629,,319.79,27.05,40.82,333.19,,,,0,,
2021-09-07,379.55,389.47,379.55,383.26,215336,,319.79,25.85,43.18,336.57,,,,0,,
2021-09-08,389.08,395.92,377.53,382.0,430392,,319.79,25.32,42.6,336.11,,,,0,,
2021-09-09,373.67,381.28,369.87,371.51,226032,,319.79,24.37,38.06,329.97,,,,0,,
2021-09-13,362.12,367.56,353.45,355.71,517639,,319.79,23.92,32.44,320.08,,,,0,,
2021-09-14,358.26,365.01,356.82,363.08,283508,,319.79,22.88,37.1,325.53,,435.31,,0,,
2021-09-15,365.97,375.5,363.56,372.76,208916,,330.91,22.13,42.7,335.98,,409.12,435.31,0,,
2021-09-16,371.75,372.66,364.14,370.69,96325,,330.91,21.17,41.84,335.29,,395.92,409.12,0,,
2021-09-17,373.34,375.02,365.25,370.74,113435,,331.35,20.35,41.87,336.01,,395.92,395.92,0,,
2021-09-20,365.49,369.82,359.71,361.2,185119,,336.35,19.69,37.82,331.97,,395.92,395.92,0,,
2021-09-21,357.06,361.73,352.29,357.74,54108,,343.0,18.95,36.44,332.44,,395.92,395.92,0,,
2021-09-22,362.84,364.09,357.35,358.55,47626,,352.29,18.08,37.02,336.64,,395.92,395.92,0,,
2021-09-23,362.98,374.64,354.85,365.2,188979,,352.29,18.2,41.71,340.85,,395.92,395.92,0,,
2021-09-24,368.14,373.1,359.18,361.59,157590,,352.29,17.9,39.97,338.72,,395.92,395.92,0,,
2021-09-27,362.84,367.9,355.09,357.45,164402,,352.29,17.53,38.01,336.3,,395.92,395.92,0,,
2021-09-28,357.11,359.81,343.82,347.29,184086,,343.82,17.42,33.65,326.99,362.98,395.92,395.92,0,,
2021-09-29,347.67,354.22,346.71,347.43,78570,,343.82,16.72,33.76,327.56,361.49,395.92,395.92,0,,
2021-09-30,348.54,351.28,346.8,347.72,54359,,343.82,15.84,34.01,328.32,360.19,395.92,395.92,0,,
2021-10-01,347.72,348.2,344.3,345.22,49080,,343.82,14.99,32.86,327.28,359.23,395.92,395.92,0,,
2021-10-04,346.61,369.82,342.42,355.04,135437,,342.42,15.88,41.27,332.56,359.29,395.92,395.92,0,,
2021-10-05,356.34,358.99,349.79,352.39,64104,,342.42,15.4,39.82,331.17,360.08,395.92,395.92,0,,
2021-10-06,352.49,355.42,346.71,347.43,51273,,342.42,14.92,37.19,328.29,360.45,395.92,395.92,0,,
2021-10-07,350.37,352.49,343.14,349.84,98824,,342.42,14.52,39.29,330.1,360.99,381.28,395.92,0,,
2021-10-08,350.95,351.48,345.74,346.42,54198,,342.42,13.9,37.38,328.32,361.47,375.5,381.28,0,,
2021-10-11,346.9,349.21,339.97,341.84,80446,,339.97,13.56,34.93,324.77,361.69,375.5,375.5,0,,
2021-10-12,340.45,343.34,335.15,335.87,71767,,335.15,13.18,31.99,319.57,361.45,375.5,375.5,0,,
2021-10-13,339.0,339.0,332.26,333.22,74417,,332.26,12.72,30.75,317.2,360.01,375.02,375.5,0,,
2021-10-14,333.71,341.84,333.27,334.19,67927,,332.26,12.43,31.79,318.02,358.41,375.02,375.02,0,,
2021-10-18,336.11,337.46,327.45,327.83,94222,,327.45,12.25,28.74,312.43,356.67,374.64,375.02,0,,
2021-10-19,328.41,341.8,323.64,327.54,183605,,323.64,12.68,28.6,310.69,355.0,374.64,374.64,0,,
2021-10-20,329.37,329.42,321.86,322.53,84944,,321.86,12.31,26.31,307.11,353.11,374.64,374.64,0,,
2021-10-21,323.59,325.04,319.98,320.66,55610,,319.98,11.79,25.49,305.62,351.02,374.64,374.64,0,,
2021-10-22,321.96,325.52,313.96,315.02,67010,,313.96,11.78,23.14,299.99,348.79,373.1,374.64,0,,
2021-10-25,313.96,316.66,300.96,305.49,82058,,300.96,12.06,19.81,289.32,346.59,369.82,373.1,0,,
2021-10-26,304.48,312.52,304.48,308.14,105127,,300.96,11.77,23.12,291.22,345.0,369.82,369.82,0,,
2021-10-27,311.07,316.56,308.18,312.86,57912,,300.96,11.53,28.76,294.43,343.33,369.82,369.82,0,,
2021-10-28,313.96,313.96,301.44,302.74,85854,,300.96,11.6,24.59,287.85,341.0,369.82,369.82,0,,
2021-10-29,302.41,303.37,295.76,297.01,89414,,295.76,11.32,22.6,282.61,338.54,369.82,369.82,0,,
2021-11-01,299.52,312.04,293.74,301.2,165010,,293.74,11.81,27.25,284.31,336.22,369.82,369.82,0,,
2021-11-02,303.37,305.78,298.51,299.37,109445,,293.74,11.49,26.5,283.35,334.16,358.99,369.82,0,,
2021-11-03,300.48,301.15,293.74,294.51,67301,,293.74,11.2,24.57,280.41,332.05,355.42,358.99,0,,
2021-11-04,294.51,294.51,294.51,294.51,20637,,293.74,10.4,24.57,280.94,329.92,352.49,355.42,0,,
2021-11-08,298.94,300.72,293.74,294.03,74781,,293.74,10.15,24.36,280.79,327.55,351.48,352.49,0,,
2021-11-09,294.7,300.48,294.7,295.28,71582,,293.74,9.89,26.08,281.78,325.34,349.21,351.48,0,,
2021-11-10,295.66,301.44,294.7,295.42,77065,,293.74,9.66,26.28,282.02,323.27,343.34,349.21,0,,
2021-11-11,296.63,296.63,292.87,293.88,48480,,292.87,9.24,25.46,281.01,321.49,341.84,343.34,0,,
2021-11-12,294.85,295.62,289.93,290.37,80913,,289.93,8.99,23.64,277.94,319.59,341.84,341.84,0,,
2021-11-15,292.78,292.78,283.63,284.3,144236,,283.63,9.0,20.87,271.92,317.47,341.8,341.84,0,,
2021-11-16,285.07,286.03,280.79,281.32,69337,,280.79,8.73,19.65,269.23,315.34,341.8,341.8,0,,
2021-11-17,281.36,295.38,280.83,287.67,115886,,280.79,9.15,29.14,273.05,313.1,329.42,341.8,0,,
2021-11-18,287.96,291.57,283.14,283.92,56536,,280.79,9.1,27.11,270.66,310.81,325.52,329.42,0,,
2021-11-22,281.75,286.9,266.77,270.67,76222,,266.77,9.88,21.41,256.92,308.26,325.52,325.52,0,,
2021-11-23,274.43,277.08,271.78,274.96,39379,,266.77,9.64,26.78,259.85,305.76,316.66,325.52,0,,
2021-11-24,275.05,298.17,275.05,288.01,154149,,266.77,10.61,40.16,267.62,303.81,316.56,316.66,0,,
2021-11-25,292.29,299.23,289.65,292.01,69028,,266.77,10.65,43.56,270.17,302.15,316.56,316.56,0,,
2021-11-26,289.65,290.66,280.45,283.39,55623,,266.77,10.71,38.48,264.57,300.4,313.96,316.56,0,,
2021-11-29,287.48,287.48,269.66,270.91,66395,,266.77,11.22,32.56,256.18,298.32,312.04,313.96,0,,
2021-11-30,270.34,276.84,270.34,272.79,44789,,266.77,10.89,34.2,257.62,296.28,312.04,312.04,0,,
2021-12-01,276.84,276.84,270.14,271.78,30387,,266.77,10.59,33.73,257.16,294.41,305.78,312.04,0,,
2021-12-02,275.78,280.26,269.66,271.73,41347,,266.77,10.59,33.7,257.13,292.55,301.44,305.78,0,,
2021-12-03,272.55,277.85,269.66,270.1,59424,,266.77,10.42,32.85,256.19,290.8,301.44,301.44,0,,
2021-12-06,270.67,278.09,269.85,271.4,47358,,266.77,10.26,34.28,257.14,289.16,301.44,301.44,0,,
2021-12-07,274.38,274.38,269.23,270.14,44930,,266.77,9.9,33.53,256.57,287.66,301.44,301.44,0,,
2021-12-08,271.97,274.72,271.01,272.17,50090,,266.77,9.52,35.95,258.13,286.55,301.44,301.44,0,,
2021-12-09,274.24,284.54,272.17,277.9,126814,,266.77,9.72,42.32,261.69,285.54,299.23,301.44,0,,
2021-12-10,280.26,284.11,275.92,278.14,48279,,266.77,9.61,42.58,261.92,284.39,299.23,299.23,0,,
2021-12-13,278.43,280.45,271.68,272.98,60511,,269.23,9.55,38.59,259.45,283.4,299.23,299.23,0,,
2021-12-14,272.45,275.01,270.72,272.45,36521,,269.23,9.17,38.19,259.36,282.58,299.23,299.23,0,,
2021-12-15,273.51,279.58,270.87,271.73,46350,,269.23,9.14,37.63,258.91,281.59,299.23,299.23,0,,
2021-12-16,274.28,274.28,269.71,270.24,33533,,269.23,8.81,36.43,258.17,280.62,299.23,299.23,0,,
2021-12-17,273.32,273.32,263.31,264.27,60932,,263.31,8.9,32.02,252.29,279.62,299.23,299.23,0,,
2021-12-20,262.92,263.84,248.52,252.28,74421,,248.52,9.39,25.37,239.3,278.21,299.23,299.23,0,,
2021-12-21,254.2,259.02,253.53,254.88,45651,,248.52,9.2,28.82,241.1,276.9,299.23,299.23,0,,
2021-12-22,255.22,259.65,253.29,255.02,46151,,248.52,9.0,29.01,241.33,275.56,299.23,299.23,0,,
2021-12-23,257.09,257.38,253.34,254.25,48041,,248.52,8.64,28.56,241.07,274.19,290.66,299.23,0,,
2021-12-24,252.81,259.5,251.99,256.27,45139,,248.52,8.56,31.57,242.43,272.94,287.48,290.66,0,,
2021-12-27,258.01,258.01,250.98,252.81,32033,,248.52,8.45,29.29,240.27,271.68,284.54,287.48,0,,
2021-12-28,253.34,258.39,252.47,253.0,97301,,248.52,8.27,29.59,240.51,270.64,284.54,284.54,0,,
2021-12-29,257.14,280.01,253.34,267.74,376376,,248.52,9.61,48.04,249.13,270.19,284.54,284.54,0,,
2021-12-30,271.4,278.23,267.74,269.57,124339,,248.52,9.67,49.8,250.26,269.58,284.54,284.54,0,,
2021-12-31,271.4,271.44,265.23,265.76,72869,,248.52,9.43,46.29,247.97,268.98,284.54,284.54,0,,
2022-01-03,262.92,270.62,262.44,264.8,113325,,248.52,9.34,45.42,247.41,268.78,284.54,284.54,0,,
2022-01-04,267.25,269.66,262.53,263.4,60369,,248.52,9.18,44.12,246.61,268.4,284.54,284.54,0,,
2022-01-05,262.49,267.49,262.2,263.16,53097,,248.52,8.9,43.89,246.64,267.57,284.54,284.54,0,,
2022-01-06,262.1,263.26,260.03,261.28,44296,,248.52,8.5,42.02,245.7,266.54,284.11,284.54,0,,
2022-01-07,261.38,264.61,259.55,259.98,44357,,248.52,8.25,40.73,245.03,265.76,280.45,284.11,0,,
2022-01-10,263.79,266.72,260.61,263.59,55723,,250.98,8.14,45.71,248.25,265.52,280.01,280.45,0,,
2022-01-11,264.85,264.85,260.08,260.9,34078,,250.98,7.9,42.82,246.67,265.12,280.01,280.01,0,,
2022-01-12,264.65,264.65,261.09,262.39,42950,,250.98,7.61,44.9,247.83,264.81,280.01,280.01,0,,
2022-01-13,262.05,270.82,262.05,265.86,106132,,250.98,7.69,49.5,250.01,264.62,280.01,280.01,0,,
2022-01-14,263.31,265.47,258.1,263.11,42170,,250.98,7.69,46.21,248.24,264.38,280.01,280.01,0,,
2022-01-17,262.92,274.67,262.92,272.45,82832,,252.47,7.98,56.73,254.56,264.42,280.01,280.01,0,,
2022-01-18,274.67,277.56,264.7,266.34,96869,,253.34,8.33,49.86,250.68,264.29,280.01,280.01,0,,
2022-01-19,268.22,268.22,261.96,262.68,40399,,258.1,8.18,46.25,250.01,263.97,280.01,280.01,0,,
2022-01-20,261.52,266.97,261.52,262.68,38781,,258.1,7.99,46.25,250.14,263.47,280.01,280.01,0,,
2022-01-21,264.12,264.12,260.51,261.28,44751,,258.1,7.68,44.81,249.44,262.9,280.01,280.01,0,,
2022-01-24,263.88,263.88,249.44,251.07,54506,,249.44,8.16,36.0,239.65,262.17,280.01,280.01,0,,
2022-01-25,249.44,252.81,245.87,248.86,63530,,245.87,8.07,34.42,237.09,261.39,280.01,280.01,0,,
2022-01-27,248.62,249.44,246.07,246.16,28559,,245.87,7.74,32.54,235.57,260.54,278.23,280.01,0,,
2022-01-28,248.47,250.64,246.79,247.61,25449,,245.87,7.5,34.61,236.66,259.78,277.56,278.23,0,,
2022-01-31,249.44,255.17,249.44,250.59,26679,,245.87,7.51,38.75,238.58,259.33,277.56,277.56,0,,
2022-02-01,250.59,254.97,249.92,251.32,25319,,245.87,7.33,39.76,239.17,259.29,277.56,277.56,0,,
2022-02-02,257.09,268.7,256.47,259.4,207165,,245.87,8.05,49.63,243.9,259.44,277.56,277.56,0,,
2022-02-03,259.4,259.4,255.07,257.14,109063,,245.87,7.78,47.29,242.62,259.52,277.56,277.56,0,,
2022-02-04,260.99,266.34,255.17,264.89,204826,,245.87,8.03,55.09,247.46,259.87,277.56,277.56,0,,
2022-02-07,264.89,271.59,264.27,268.79,105554,,245.87,7.98,58.43,250.01,260.29,277.56,277.56,0,,
2022-02-08,267.74,272.7,263.88,270.43,88833,,245.87,8.04,59.78,251.03,260.87,277.56,277.56,0,,
2022-02-09,267.01,277.37,266.48,275.97,71805,,245.87,8.24,64.03,254.46,261.64,277.56,277.56,0,,
2022-02-10,279.29,281.99,274.48,279.34,105970,,245.87,8.19,66.37,256.67,262.03,281.99,277.56,1,279.34,256.67
2022-02-11,278.33,281.99,273.32,279.34,73091,,245.87,8.22,66.37,256.65,262.35,281.99,281.99,0,,
2022-02-14,273.66,273.66,255.22,263.21,70282,,245.87,9.36,48.8,245.49,262.27,281.99,281.99,0,,
2022-02-15,264.85,267.16,252.81,256.13,48193,,245.87,9.71,43.38,240.68,261.98,281.99,281.99,0,,
2022-02-16,259.98,261.76,257.14,258.44,18867,,246.07,9.42,45.51,242.44,261.81,281.99,281.99,0,,
2022-02-17,258.1,263.4,257.58,260.22,21774,,246.79,9.17,47.16,244.0,261.71,281.99,281.99,0,,
2022-02-18,257.19,259.98,253.29,254.49,22094,,249.44,9.01,42.68,241.29,261.49,281.99,281.99,0,,
2022-02-21,254.54,255.46,248.52,250.74,29770,,248.52,8.86,40.0,238.66,261.18,281.99,281.99,0,,
2022-02-22,246.69,248.81,240.77,245.68,24167,,240.77,8.94,36.66,232.76,260.58,281.99,281.99,0,,
2022-02-23,250.26,250.4,245.58,246.02,16894,,240.77,8.64,37.04,233.18,260.09,281.99,281.99,0,,
2022-02-24,240.77,244.57,224.16,230.13,59102,,224.16,9.59,28.44,216.76,259.01,281.99,281.99,0,,
2022-02-25,231.14,240.53,231.14,234.27,31881,,224.16,9.65,32.82,219.39,257.96,281.99,281.99,0,,
2022-02-28,236.72,237.88,230.51,234.22,17705,,224.16,9.48,32.79,219.47,257.0,281.99,281.99,0,,
2022-03-02,229.21,237.59,229.21,234.36,19688,,224.16,9.4,32.95,219.61,255.73,281.99,281.99,0,,
2022-03-03,239.81,239.81,233.16,234.41,18022,,224.16,9.21,33.02,219.78,254.66,281.99,281.99,0,,
2022-03-04,235.95,236.15,231.48,232.68,19582,,224.16,8.88,31.92,218.88,253.66,281.99,281.99,0,,
2022-03-07,230.18,231.14,221.51,224.73,33934,,221.51,9.05,27.43,212.76,252.4,281.99,281.99,0,,
2022-03-08,225.36,230.03,224.49,227.96,18194,,221.51,8.8,31.64,215.01,251.29,281.99,281.99,0,,
2022-03-09,226.37,231.96,226.37,230.42,20066,,221.51,8.57,34.74,216.75,250.6,281.99,281.99,0,,
2022-03-10,233.06,236.92,231.14,233.26,25957,,221.51,8.42,38.23,218.68,250.08,281.99,281.99,0,,
2022-03-11,233.06,236.68,231.19,232.29,18092,,221.51,8.21,37.49,218.19,249.62,281.99,281.99,0,,
2022-03-14,231.48,233.93,228.15,229.5,27309,,221.51,8.04,35.38,216.51,249.01,273.66,281.99,0,,
2022-03-15,230.56,231.14,224.4,225.02,26833,,221.51,7.94,32.24,213.68,248.16,267.16,273.66,0,,
2022-03-16,227.29,228.06,224.78,226.47,24380,,221.51,7.61,34.27,214.84,247.33,263.4,267.16,0,,
2022-03-17,228.25,232.82,227.62,230.61,27498,,221.51,7.52,39.83,217.57,246.37,263.4,263.4,0,,
2022-03-21,231.14,232.15,223.43,224.88,34714,,221.51,7.61,35.37,213.81,245.3,259.98,263.4,0,,
2022-03-22,225.26,229.36,222.81,225.65,37263,,221.51,7.53,36.4,214.36,243.99,255.46,259.98,0,,
2022-03-23,225.36,227.53,221.51,222.66,36297,292.03,221.51,7.42,34.13,212.5,242.45,250.4,255.46,0,,
2022-03-24,222.47,224.4,219.2,219.68,43673,290.88,219.2,7.26,31.98,209.92,240.76,250.4,250.4,0,,
2022-03-25,221.46,222.23,216.6,217.08,45121,289.75,216.6,7.15,30.2,207.45,238.8,244.57,250.4,0,,
2022-03-28,217.08,217.22,202.29,210.82,138364,288.66,202.29,7.7,26.39,198.27,236.51,240.53,244.57,0,,
2022-03-29,211.88,214.72,204.7,206.63,92004,287.68,202.29,7.87,24.19,195.46,234.09,239.81,240.53,0,,
2022-03-30,207.06,214.77,205.91,207.4,66958,286.87,202.29,7.94,25.42,195.91,232.23,239.81,239.81,0,,
2022-03-31,208.07,209.9,201.57,202.29,72767,285.98,201.57,7.97,22.77,192.36,230.43,239.81,239.81,0,,
2022-04-01,206.92,220.54,204.17,215.63,76291,285.19,201.57,8.7,40.25,200.47,229.01,236.92,239.81,0,,
2022-04-04,214.96,222.42,214.96,221.84,44419,284.46,201.57,8.61,46.33,204.53,227.73,236.92,236.92,0,,
2022-04-05,224.73,233.74,221.8,227.05,59053,283.74,201.57,8.85,50.86,207.74,226.81,236.92,236.92,0,,
2022-04-06,222.76,232.78,222.76,229.6,40756,282.98,201.57,8.93,52.95,209.33,226.11,236.92,236.92,0,,
2022-04-07,229.36,239.76,229.02,233.74,69175,282.03,201.57,9.06,56.21,211.91,225.71,239.76,236.92,0,,
2022-04-08,237.88,237.88,230.22,231.67,20319,281.03,201.57,8.96,54.19,210.64,225.23,239.76,239.76,0,,
2022-04-11,235.47,235.47,231.14,231.72,14321,280.04,201.57,8.63,54.23,210.89,225.28,239.76,239.76,0,,
2022-04-12,232.1,232.78,226.28,227.77,17471,279.04,201.57,8.48,50.24,208.45,225.07,239.76,239.76,0,,
2022-04-13,230.66,230.66,226.8,228.01,10351,278.03,201.57,8.15,50.48,208.82,224.86,239.76,239.76,0,,
2022-04-18,234.03,273.51,233.11,254.2,407462,277.17,201.57,10.82,68.32,223.94,225.52,273.51,239.76,1,254.2,223.94
2022-04-19,260.51,261.81,248.57,254.49,122448,276.32,201.57,10.99,68.46,224.01,226.19,273.51,273.51,0,,
2022-04-20,259.93,259.93,244.81,254.06,51461,275.54,201.57,11.29,67.99,223.53,226.9,273.51,273.51,0,,
2022-04-21,255.17,255.89,248.71,252.13,33362,274.85,201.57,10.99,65.83,222.49,227.82,273.51,273.51,0,,
2022-04-22,252.23,265.81,250.88,253.92,100741,274.12,201.57,11.27,66.88,223.45,228.68,273.51,273.51,0,,
2022-04-25,251.03,258.78,248.57,255.17,39879,273.33,204.17,11.2,67.63,225.18,229.51,273.51,273.51,0,,
2022-04-26,255.17,257.86,250.4,251.46,31532,272.54,214.96,10.93,63.08,226.56,230.11,273.51,273.51,0,,
2022-04-27,248.62,251.32,244.62,248.28,33656,271.72,221.8,10.64,59.38,226.98,230.65,273.51,273.51,0,,
2022-04-28,247.56,252.37,242.79,243.13,20554,270.94,222.76,10.56,53.88,224.03,231.1,273.51,273.51,0,,
2022-04-29,241.88,245.58,240.05,241.06,23815,270.16,226.28,10.2,51.8,224.11,231.64,273.51,273.51,0,,
2022-05-02,239.85,239.85,234.99,237.98,18892,269.35,226.28,9.91,48.79,222.32,232.02,273.51,273.51,0,,
2022-05-04,238.75,239.18,226.32,228.35,32908,268.44,226.28,10.12,40.8,215.97,231.95,273.51,273.51,0,,
2022-05-05,230.75,234.8,217.66,226.28,31875,267.54,217.66,10.62,39.31,211.42,231.99,273.51,273.51,0,,
2022-05-06,224.35,224.73,219.58,222.62,26438,266.64,217.66,10.34,36.75,209.25,231.89,273.51,273.51,0,,
2022-05-09,221.03,224.45,217.17,221.17,24124,265.8,217.17,10.12,35.76,208.3,231.84,273.51,273.51,0,,
2022-05-10,221.17,223.96,213.8,217.32,11563,264.93,213.8,10.12,33.19,204.69,231.76,273.51,273.51,0,,
2022-05-11,217.32,219.1,208.99,210.48,27457,264.02,208.99,10.12,29.19,198.67,231.54,273.51,273.51,0,,
2022-05-12,210.48,212.79,205.14,207.83,36093,263.1,205.14,9.95,27.79,195.8,231.44,273.51,273.51,0,,
2022-05-13,222.47,244.04,216.69,219.0,124912,262.2,205.14,11.82,40.69,201.75,231.86,273.51,273.51,0,,
2022-05-16,220.54,223.29,215.3,217.56,27011,261.3,205.14,11.55,39.71,201.01,232.19,273.51,273.51,0,,
2022-05-17,222.42,222.47,218.76,220.83,15820,260.45,205.14,11.07,43.07,203.43,232.81,265.81,273.51,0,,
2022-05-18,223.34,226.03,219.77,220.06,24582,259.59,205.14,10.73,42.47,203.16,232.96,265.81,265.81,0,,
2022-05-19,217.17,217.66,215.73,216.79,29559,258.72,205.14,10.27,39.92,201.36,232.79,265.81,265.81,0,,
2022-05-20,218.62,223.63,218.62,220.06,21958,257.91,205.14,10.03,43.57,203.63,232.56,265.81,265.81,0,,
2022-05-23,220.21,220.26,215.73,216.36,17842,257.11,205.14,9.64,40.57,201.51,232.12,258.78,265.81,0,,
2022-05-24,219.53,219.53,213.08,214.77,12808,256.32,205.14,9.41,39.31,200.63,231.48,257.86,258.78,0,,
2022-05-25,217.8,217.8,212.84,215.2,20347,255.53,205.14,9.09,39.86,201.12,230.94,252.37,257.86,0,,
2022-05-26,215.73,218.33,212.84,214.77,22749,254.78,205.14,8.83,39.48,201.02,230.37,252.37,252.37,0,,
2022-05-27,214.81,216.84,213.9,215.34,141388,254.03,205.14,8.41,40.29,201.67,229.96,245.58,252.37,0,,
2022-05-30,218.28,222.71,217.37,218.14,22004,253.33,205.14,8.34,44.24,203.52,229.63,244.04,245.58,0,,
2022-05-31,217.66,220.3,215.97,218.91,68071,252.66,205.14,8.05,45.31,204.21,228.45,244.04,244.04,0,,
2022-06-01,218.62,223.24,218.62,220.69,22564,252.03,205.14,7.81,47.81,205.52,227.32,244.04,244.04,0,,
2022-06-02,219.24,222.42,217.94,221.12,16580,251.46,212.84,7.57,48.43,208.52,226.23,244.04,244.04,0,,
2022-06-03,222.37,224.25,220.54,221.51,21534,250.89,212.84,7.29,49.01,208.96,225.21,244.04,244.04,0,,
2022-06-06,223.24,223.24,218.71,220.02,10476,250.27,212.84,7.1,46.83,208.13,224.08,244.04,244.04,0,,
2022-06-07,220.59,221.03,217.32,220.83,11985,249.72,212.84,6.85,48.18,208.81,222.93,244.04,244.04,0,,
2022-06-08,220.59,223.77,219.68,221.65,18398,249.22,212.84,6.66,49.58,209.47,221.94,244.04,244.04,0,,
2022-06-09,225.36,225.36,219.39,221.46,12908,248.69,212.84,6.61,49.24,209.38,221.04,244.04,244.04,0,,
2022-06-10,223.24,223.24,218.81,220.5,15143,248.16,212.84,6.45,47.52,208.87,220.29,226.03,244.04,0,,
2022-06-13,218.14,218.14,211.93,212.41,16262,247.61,211.93,6.6,36.03,203.25,219.33,226.03,226.03,0,,
2022-06-14,211.88,213.47,208.22,209.61,10992,247.05,208.22,6.51,33.05,200.27,218.39,226.03,226.03,0,,
2022-06-15,210.05,212.7,209.61,211.78,12132,246.5,208.22,6.26,37.37,201.83,217.84,225.36,226.03,0,,
2022-06-16,214.0,214.28,203.21,203.88,17705,245.89,203.21,6.61,29.83,194.84,217.09,225.36,225.36,0,,
2022-06-17,203.69,205.62,198.39,203.26,15578,245.28,198.39,6.65,29.33,192.8,216.44,225.36,225.36,0,,
2022-06-20,204.17,204.22,195.75,197.48,18660,244.63,195.75,6.78,25.1,188.1,215.65,225.36,225.36,0,,
2022-06-21,197.48,204.94,196.8,201.19,10816,244.04,195.75,6.88,31.89,190.43,215.12,225.36,225.36,0,,
2022-06-22,202.25,208.27,202.25,205.67,16610,243.51,195.75,6.89,39.07,193.31,214.96,225.36,225.36,0,,
2022-06-23,207.54,208.99,202.29,203.88,10246,243.0,195.75,6.88,37.37,192.17,214.82,225.36,225.36,0,,
2022-06-24,207.45,214.77,206.44,211.78,30451,242.49,195.75,7.16,48.08,197.07,214.58,225.36,225.36,0,,
2022-06-27,215.63,217.66,211.78,214.53,9961,242.03,195.75,7.07,51.21,198.91,214.48,225.36,225.36,0,,
2022-06-28,214.28,216.69,210.91,213.9,9257,241.65,195.75,6.98,50.46,198.56,214.25,225.36,225.36,0,,
2022-06-29,212.7,214.96,211.54,212.07,5275,241.23,195.75,6.73,48.25,197.55,213.99,225.36,225.36,0,,
2022-06-30,212.07,214.72,209.04,210.53,13536,240.72,195.75,6.65,46.41,196.61,213.78,225.36,225.36,0,,
2022-07-01,213.66,213.66,205.18,208.36,5781,240.16,195.75,6.78,43.86,195.12,213.39,225.36,225.36,0,,
2022-07-04,211.44,211.44,208.51,209.61,8657,239.67,195.75,6.52,45.71,196.1,213.16,225.36,225.36,0,,
2022-07-05,210.58,230.71,210.43,215.87,35576,239.3,195.75,7.56,53.88,199.45,213.2,230.71,225.36,0,,
2022-07-06,215.87,216.26,212.41,213.51,12773,238.9,195.75,7.29,50.78,198.1,213.14,230.71,230.71,0,,
2022-07-07,213.51,217.7,212.89,213.66,17567,238.52,195.75,7.12,50.97,198.32,213.1,230.71,230.71,0,,
2022-07-08,217.51,217.51,213.85,215.34,10717,238.14,195.75,6.88,53.19,199.56,213.1,230.71,230.71,0,,
2022-07-11,212.45,216.69,212.02,212.89,15243,237.76,196.8,6.73,49.66,198.43,212.93,230.71,230.71,0,,
2022-07-12,214.0,215.63,211.88,212.5,13666,237.37,202.25,6.51,49.1,200.14,212.72,230.71,230.71,0,,
2022-07-13,212.5,215.58,212.07,212.6,8984,236.98,202.29,6.3,49.26,200.36,212.45,230.71,230.71,0,,
2022-07-14,212.84,213.8,206.24,207.98,12696,236.56,205.18,6.39,42.69,198.28,212.01,230.71,230.71,0,,
2022-07-15,207.83,209.76,207.16,208.6,11805,236.09,205.18,6.12,43.77,198.86,211.58,230.71,230.71,0,,
2022-07-18,210.91,212.02,209.52,210.96,7471,235.65,205.18,5.93,47.82,200.51,211.28,230.71,230.71,0,,
2022-07-19,208.02,219.1,208.02,216.98,23485,235.27,205.18,6.29,56.43,204.15,211.15,230.71,230.71,0,,
2022-07-20,218.62,224.01,215.3,222.66,42780,234.94,205.18,6.47,62.69,207.7,211.18,230.71,230.71,0,,
2022-07-21,222.86,222.9,219.87,220.98,12286,234.6,205.18,6.22,59.95,206.78,211.17,230.71,230.71,0,,
2022-07-22,222.76,222.81,213.61,217.32,17900,234.25,206.24,6.43,54.37,204.63,211.06,230.71,230.71,0,,
2022-07-25,218.57,218.57,213.8,214.62,21004,233.92,206.24,6.31,50.62,202.97,211.13,230.71,230.71,0,,
2022-07-26,214.57,214.77,204.94,206.53,29119,233.61,204.94,6.57,41.42,197.15,211.03,230.71,230.71,0,,
2022-07-27,206.72,210.87,204.89,207.54,19855,233.3,204.89,6.52,42.82,197.81,210.89,230.71,230.71,0,,
2022-07-28,209.42,209.42,207.06,207.93,18780,232.98,204.89,6.23,43.38,198.26,211.02,230.71,230.71,0,,
2022-07-29,208.99,209.37,200.32,203.02,53480,232.64,200.32,6.43,38.28,193.44,211.02,230.71,230.71,0,,
2022-08-01,203.21,217.22,203.21,215.92,51122,232.37,200.32,6.98,53.68,201.39,211.63,230.71,230.71,0,,
2022-08-02,214.33,223.43,213.18,221.8,47798,232.17,200.32,7.22,58.74,205.02,212.32,224.01,230.71,0,,
2022-08-03,221.75,222.37,214.14,215.44,33453,231.92,200.32,7.29,52.11,200.87,212.64,224.01,224.01,0,,
2022-08-04,214.81,225.31,208.02,213.18,184568,231.55,200.32,8.0,49.96,198.94,212.95,225.31,224.01,0,,
2022-08-05,216.21,216.21,208.31,209.32,45676,231.15,200.32,8.0,46.42,196.45,212.87,225.31,225.31,0,,
2022-08-08,210.82,211.68,205.18,206.44,40830,230.75,200.32,7.89,43.93,194.67,212.6,225.31,225.31,0,,
2022-08-10,206.15,208.46,203.21,204.46,28739,230.35,200.32,7.7,42.25,193.52,212.29,225.31,225.31,0,,
2022-08-11,205.14,206.0,203.45,204.27,24797,229.96,200.32,7.33,42.08,193.64,212.03,225.31,225.31,0,,
2022-08-12,204.27,210.91,204.22,206.87,21321,229.58,200.32,7.29,45.26,195.35,211.91,225.31,225.31,0,,
2022-08-16,209.9,209.9,204.41,205.95,26211,229.21,200.32,7.16,44.33,194.84,211.82,225.31,225.31,0,,
2022-08-17,208.36,209.23,205.95,207.88,52455,228.87,200.32,6.88,46.79,196.27,211.77,225.31,225.31,0,,
2022-08-18,208.89,209.37,206.63,207.35,31126,228.49,200.32,6.59,46.19,196.12,211.48,225.31,225.31,0,,
2022-08-19,208.02,211.06,205.14,206.05,42132,228.13,200.32,6.54,44.67,195.32,211.23,225.31,225.31,0,,
2022-08-22,206.87,206.87,203.69,204.12,23902,227.74,200.32,6.3,42.43,194.23,210.92,225.31,225.31,0,,
2022-08-23,205.62,206.63,204.17,205.09,18554,227.33,203.21,6.03,43.95,196.0,210.58,225.31,225.31,0,,
2022-08-24,206.05,207.5,204.41,204.89,28807,226.94,203.21,5.82,43.69,196.01,210.31,225.31,225.31,0,,
2022-08-25,207.25,207.25,204.17,204.46,44865,226.49,203.21,5.62,43.11,195.87,210.04,225.31,225.31,0,,
2022-08-26,205.86,208.02,204.51,205.42,28157,226.09,203.21,5.47,44.88,196.58,209.8,225.31,225.31,0,,
2022-08-29,203.31,213.13,201.96,209.71,50957,225.73,201.96,5.88,52.04,198.66,209.86,225.31,225.31,0,,
2022-08-30,212.79,216.4,210.34,215.63,70363,225.42,201.96,5.94,59.8,202.44,210.09,225.31,225.31,0,,
2022-09-01,215.15,219.05,212.89,215.15,43907,225.11,201.96,5.96,58.96,202.12,210.23,225.31,225.31,0,,
2022-09-02,217.56,218.04,208.31,212.17,31686,224.85,201.96,6.22,53.94,200.02,210.07,225.31,225.31,0,,
2022-09-05,216.31,216.69,212.84,215.92,28397,224.63,201.96,6.1,58.71,202.52,209.85,225.31,225.31,0,,
2022-09-06,218.52,218.52,212.84,216.45,41236,224.43,201.96,6.07,59.35,202.88,209.7,219.05,225.31,0,,
2022-09-07,215.73,231.48,214.96,229.31,278919,224.31,201.96,6.82,71.07,210.68,210.1,231.48,219.05,1,229.31,210.68
2022-09-08,233.35,234.32,220.35,229.89,173447,224.17,201.96,7.33,71.47,210.71,210.61,234.32,231.48,0,,
2022-09-09,233.5,237.07,225.29,229.4,67334,224.03,201.96,7.65,70.58,210.18,211.37,237.07,234.32,0,,
2022-09-12,229.4,229.4,229.4,229.4,74686,223.83,201.96,7.1,70.58,210.55,212.1,237.07,237.07,0,,
2022-09-13,232.67,255.49,232.67,247.09,465260,223.76,201.96,8.46,80.64,221.05,213.4,255.49,237.07,1,247.09,221.05
2022-09-14,246.16,246.89,239.47,240.69,91315,223.6,201.96,8.4,71.16,216.97,214.66,255.49,255.49,0,,
2022-09-15,242.35,244.35,234.58,236.29,55353,223.38,201.96,8.5,65.46,214.06,215.34,255.49,255.49,0,,
2022-09-16,235.75,239.17,225.39,226.91,58801,223.09,201.96,8.87,55.3,207.76,215.51,255.49,255.49,0,,
2022-09-19,229.69,229.79,224.85,225.88,26496,222.76,201.96,8.59,54.3,207.28,215.85,255.49,255.49,0,,
2022-09-20,226.76,247.82,226.76,239.81,210077,222.5,208.31,9.55,63.81,217.75,216.74,255.49,255.49,0,,
2022-09-21,243.33,245.62,236.58,238.15,77131,222.22,208.31,9.51,62.15,216.7,217.7,255.49,255.49,0,,
2022-09-22,237.02,241.22,233.75,236.48,35170,222.04,208.31,9.36,60.44,215.72,218.7,255.49,255.49,0,,
2022-09-23,234.77,236.97,225.39,226.51,35369,221.84,212.84,9.52,51.39,210.7,219.44,255.49,255.49,0,,
2022-09-26,224.95,234.28,218.89,228.52,51268,221.65,212.84,9.94,52.92,211.71,220.25,255.49,255.49,0,,
2022-09-27,231.94,233.6,227.25,229.54,28233,221.44,214.96,9.68,53.72,213.25,221.0,255.49,255.49,0,,
2022-09-28,229.54,230.33,225.29,226.47,18354,221.25,218.89,9.35,50.93,212.8,221.69,255.49,255.49,0,,
2022-09-29,230.91,232.48,223.83,225.1,17591,221.08,218.89,9.3,49.68,211.95,222.26,255.49,255.49,0,,
2022-09-30,225.1,231.21,223.73,228.86,27756,220.97,218.89,9.17,53.07,214.46,222.98,255.49,255.49,0,,
2022-10-03,226.76,237.56,225.83,232.72,32242,220.88,218.89,9.36,56.31,216.83,223.87,255.49,255.49,0,,
2022-10-04,234.09,238.05,231.65,232.18,14279,220.9,218.89,9.14,55.73,216.62,224.8,255.49,255.49,0,,
2022-10-06,235.6,236.78,231.65,232.87,15987,220.89,218.89,8.86,56.35,217.26,225.73,255.49,255.49,0,,
2022-10-07,233.11,239.27,232.92,238.0,32615,220.91,218.89,8.68,60.75,220.69,226.83,255.49,255.49,0,,
2022-10-10,237.61,237.61,231.65,232.97,13619,220.9,218.89,8.52,54.91,217.55,227.78,255.49,255.49,0,,
2022-10-11,233.8,235.85,226.91,228.08,10892,220.86,218.89,8.55,49.89,214.38,228.54,255.49,255.49,0,,
2022-10-12,229.5,230.77,225.34,226.07,11930,220.82,218.89,8.32,47.94,213.23,229.08,247.82,255.49,0,,
2022-10-13,227.05,227.88,221.97,224.9,27308,220.82,218.89,8.15,46.8,212.59,229.39,247.82,247.82,0,,
2022-10-14,228.81,234.48,227.79,230.18,27134,220.83,218.89,8.25,52.32,215.93,229.89,247.82,247.82,0,,
2022-10-17,229.45,233.45,228.13,229.79,13911,220.83,218.89,8.04,51.89,215.82,230.48,247.82,247.82,0,,
2022-10-18,232.82,232.82,227.83,228.91,18403,220.8,221.97,7.83,50.88,216.42,230.91,247.82,247.82,0,,
2022-10-19,228.91,233.45,227.74,228.76,13729,220.78,221.97,7.67,50.7,216.42,231.32,245.62,247.82,0,,
2022-10-20,228.18,231.6,227.74,228.62,8691,220.77,221.97,7.4,50.52,216.52,231.3,241.22,245.62,0,,
2022-10-21,229.64,230.33,222.85,223.53,24117,220.76,221.97,7.41,44.32,213.23,231.09,239.27,241.22,0,,
2022-10-24,223.53,223.53,223.53,223.53,11724,220.74,221.97,6.88,44.32,213.58,230.89,239.27,239.27,0,,
2022-10-25,230.62,230.77,207.21,216.94,316902,220.65,207.21,8.07,37.43,203.62,230.48,239.27,239.27,0,,
2022-10-27,221.14,221.29,217.23,219.18,25078,220.61,207.21,7.8,40.8,205.24,229.55,239.27,239.27,0,,
2022-10-28,220.26,220.89,218.01,218.89,20236,220.57,207.21,7.45,40.49,205.29,228.82,239.27,239.27,0,,
2022-10-31,217.08,238.0,217.08,221.04,26586,220.56,207.21,8.41,43.84,206.03,228.31,239.27,239.27,0,,
2022-11-01,221.09,223.48,220.31,221.38,16319,220.57,207.21,8.04,44.37,206.5,228.13,239.27,239.27,0,,
2022-11-02,222.02,226.76,221.97,225.73,25664,220.62,207.21,7.85,50.79,209.43,228.12,239.27,239.27,0,,
2022-11-03,222.85,242.4,222.85,232.04,254942,220.77,207.21,8.69,58.31,212.95,227.86,242.4,239.27,0,,
2022-11-04,236.0,242.4,230.67,237.41,95715,220.97,207.21,8.9,63.44,216.26,227.84,242.4,242.4,0,,
2022-11-07,244.3,251.68,239.61,247.63,157171,221.24,207.21,9.29,70.79,222.6,228.21,251.68,242.4,1,247.63,222.6
2022-11-09,253.1,253.64,244.69,247.38,194138,221.54,207.21,9.26,70.42,222.46,228.91,253.64,251.68,0,,
2022-11-10,244.35,246.6,238.54,239.86,48427,221.7,207.21,9.23,60.15,217.62,229.29,253.64,253.64,0,,
2022-11-11,244.35,247.72,233.7,238.1,89139,221.81,207.21,9.57,58.01,216.26,229.57,253.64,253.64,0,,
2022-11-14,236.78,238.1,230.52,234.04,51664,221.86,207.21,9.43,53.32,213.74,229.82,253.64,253.64,0,,
2022-11-15,235.51,239.47,233.41,237.56,22149,221.91,207.21,9.19,56.6,216.17,230.24,253.64,253.64,0,,
2022-11-16,237.56,237.61,234.58,234.77,25882,221.92,207.21,8.75,53.4,214.66,230.44,253.64,253.64,0,,
2022-11-17,236.53,238.49,234.28,237.12,21051,221.95,217.08,8.43,55.67,219.68,230.58,253.64,253.64,0,,
2022-11-18,238.93,239.86,237.31,239.07,42789,222.0,217.08,8.02,57.52,221.21,230.81,253.64,253.64,0,,
2022-11-21,239.76,245.33,238.49,239.47,70606,222.08,217.08,7.94,57.91,221.53,231.03,253.64,253.64,0,,
2022-11-22,239.22,241.13,237.75,239.47,22259,222.16,220.31,7.61,57.91,222.82,231.08,253.64,253.64,0,,
2022-11-23,238.68,249.78,238.68,248.02,69433,222.11,221.97,7.86,65.7,228.72,231.58,253.64,253.64,0,,
2022-11-24,250.22,255.01,249.34,253.88,185634,222.11,222.85,7.8,69.82,232.84,232.44,255.01,253.64,1,253.88,232.84
2022-11-25,259.01,263.66,253.69,258.38,195865,222.14,230.52,7.95,72.54,238.19,233.52,263.66,255.01,0,,
2022-11-28,261.21,262.87,254.37,257.4,60368,222.17,230.52,7.99,71.04,237.54,234.6,263.66,263.66,0,,
2022-11-29,256.42,258.43,252.42,254.27,40767,222.18,230.52,7.85,66.31,235.61,235.41,263.66,263.66,0,,
2022-11-30,256.52,261.65,255.89,257.84,63775,222.19,230.52,7.82,68.85,237.94,236.34,263.66,263.66,0,,
2022-12-01,260.68,260.68,255.2,256.03,31762,222.22,230.52,7.65,66.12,236.88,237.24,263.66,263.66,0,,
2022-12-02,257.01,257.6,254.22,256.03,23316,222.28,230.52,7.34,66.12,237.08,238.15,263.66,263.66,0,,
2022-12-05,253.49,258.82,253.49,257.3,29681,222.37,233.41,7.2,67.18,238.96,239.11,263.66,263.66,0,,
2022-12-06,257.3,259.36,252.66,253.44,31713,222.45,234.28,7.17,60.95,236.79,240.11,263.66,263.66,0,,
2022-12-07,254.22,255.84,251.29,251.78,18000,222.55,234.28,6.98,58.43,235.84,241.05,263.66,263.66,0,,
2022-12-08,251.78,254.81,251.19,253.34,21063,222.71,237.31,6.74,60.1,238.02,242.26,263.66,263.66,0,,
2022-12-09,253.34,256.23,249.24,250.71,59929,222.88,237.75,6.76,56.02,236.45,243.31,263.66,263.66,0,,
2022-12-12,253.93,253.93,249.29,251.19,15825,223.07,237.75,6.61,56.6,236.86,244.39,263.66,263.66,0,,
2022-12-13,251.19,253.15,250.12,251.29,21227,223.27,238.68,6.35,56.73,237.41,245.4,263.66,263.66,0,,
2022-12-14,252.95,257.01,250.22,252.02,30987,223.5,249.24,6.38,57.71,241.38,246.42,263.66,263.66,0,,
2022-12-15,252.02,252.46,246.99,249.04,74977,223.75,246.99,6.32,52.49,238.75,247.2,263.66,263.66,0,,
2022-12-16,247.53,249.73,244.89,248.02,44884,224.02,244.89,6.21,50.8,237.46,247.73,263.66,263.66,0,,
2022-12-19,249.19,249.78,246.26,248.7,23784,224.22,244.89,6.02,51.91,238.03,248.1,263.66,263.66,0,,
2022-12-20,248.65,251.15,245.62,249.73,39036,224.44,244.89,5.98,53.63,238.72,248.18,263.66,263.66,0,,
2022-12-21,252.22,252.22,243.62,244.3,76806,224.59,243.62,6.17,44.61,234.67,248.07,263.66,263.66,0,,
2022-12-22,240.59,248.65,234.24,239.27,48396,224.72,234.24,6.76,38.21,227.9,248.05,263.66,263.66,0,,
2022-12-23,238.39,238.39,236.24,236.44,36223,224.85,234.24,6.49,35.15,226.26,248.0,262.87,263.66,0,,
2022-12-26,232.87,241.96,232.82,240.44,26282,224.99,232.82,6.68,42.19,228.24,248.21,261.65,262.87,0,,
2022-12-27,243.37,245.28,242.64,244.45,11848,225.17,232.82,6.55,48.26,230.91,248.44,261.65,261.65,0,,
2022-12-28,246.21,247.28,241.66,245.23,13046,225.38,232.82,6.48,49.37,231.46,248.79,260.68,261.65,0,,
2022-12-29,245.23,247.43,242.69,245.92,22580,225.58,232.82,6.36,50.39,231.99,249.08,259.36,260.68,0,,
2022-12-30,248.26,248.26,243.37,244.45,19280,225.78,232.82,6.25,48.17,231.11,249.26,259.36,259.36,0,,
2023-01-02,240.78,246.31,238.83,239.27,43833,225.94,232.82,6.34,41.27,227.71,249.26,259.36,259.36,0,,
2023-01-03,239.32,240.54,238.1,239.42,16935,226.08,232.82,6.06,41.53,227.99,249.25,257.01,259.36,0,,
2023-01-04,239.51,239.76,229.69,233.5,62569,226.18,229.69,6.35,34.93,222.94,248.77,257.01,257.01,0,,
2023-01-05,233.11,241.96,232.77,239.61,24625,226.3,229.69,6.55,44.7,226.74,248.29,257.01,257.01,0,,
2023-01-06,241.13,241.13,235.8,236.92,11455,226.41,229.69,6.46,41.73,225.07,247.58,257.01,257.01,0,,
2023-01-09,237.12,245.82,237.12,243.37,31433,226.56,229.69,6.64,50.26,229.11,247.11,257.01,257.01,0,,
2023-01-10,245.28,245.28,239.32,240.3,6528,226.69,229.69,6.59,46.75,227.16,246.64,257.01,257.01,0,,
2023-01-11,240.49,243.18,238.59,239.61,8399,226.82,229.69,6.45,45.98,226.81,246.04,252.46,257.01,0,,
2023-01-12,239.61,242.3,238.59,240.74,8615,226.94,229.69,6.25,47.52,227.67,245.53,252.22,252.46,0,,
2023-01-13,243.08,243.08,236.63,240.0,8648,227.07,229.69,6.27,46.58,227.19,244.99,252.22,252.22,0,,
2023-01-16,242.1,242.1,238.54,239.27,5412,227.19,229.69,6.07,45.63,226.84,244.39,252.22,252.22,0,,
2023-01-17,241.42,251.83,238.15,248.21,54446,227.43,229.69,6.62,57.19,232.25,244.22,252.22,252.22,0,,
2023-01-18,250.12,253.64,246.4,251.05,30261,227.71,229.69,6.66,60.1,234.05,244.19,253.64,252.22,0,,
2023-01-19,250.8,252.66,247.14,248.36,14770,227.95,229.69,6.58,56.21,232.37,244.03,253.64,253.64,0,,
2023-01-20,250.8,250.8,245.33,247.19,8381,228.24,229.69,6.5,54.55,231.67,243.91,253.64,253.64,0,,
2023-01-23,246.55,246.55,241.42,242.69,11286,228.5,229.69,6.45,48.63,228.8,243.63,253.64,253.64,0,,
2023-01-24,244.35,244.35,240.54,243.08,12640,228.81,229.69,6.26,49.14,229.18,243.35,253.64,253.64,0,,
2023-01-25,248.12,248.12,238.93,240.15,11693,229.07,232.77,6.47,45.45,228.17,242.96,253.64,253.64,0,,
2023-01-27,240.69,240.93,230.28,231.45,24002,229.24,230.28,6.77,36.65,221.53,242.37,253.64,253.64,0,,
2023-01-30,236.0,248.21,232.53,233.99,29461,229.44,230.28,7.48,40.29,222.7,241.9,253.64,253.64,0,,
2023-01-31,234.87,242.1,234.87,240.93,10234,229.63,230.28,7.53,48.91,227.14,241.64,253.64,253.64,0,,
2023-02-01,242.89,244.25,232.23,233.55,13706,229.76,230.28,7.85,41.97,222.17,241.11,253.64,253.64,0,,
2023-02-02,233.55,236.97,233.01,233.99,10903,229.89,230.28,7.57,42.49,222.64,240.76,253.64,253.64,0,,
2023-02-03,233.11,237.51,233.11,236.0,18263,230.05,230.28,7.34,44.94,224.08,240.65,253.64,253.64,0,,
2023-02-06,236.0,238.05,235.02,236.24,8048,230.22,230.28,7.03,45.24,224.44,240.65,253.64,253.64,0,,
2023-02-07,239.37,239.37,233.65,236.0,8110,230.41,230.28,6.94,44.98,224.35,240.5,253.64,253.64,0,,
2023-02-08,238.34,238.34,233.6,236.14,15260,230.59,230.28,6.78,45.18,224.55,240.22,253.64,253.64,0,,
2023-02-09,234.58,245.48,232.82,244.16,58218,230.77,230.28,7.2,55.24,229.44,240.19,253.64,253.64,0,,
2023-02-10,240.44,250.22,239.95,245.09,24322,230.98,230.28,7.42,56.25,229.89,240.16,253.64,253.64,0,,
2023-02-13,245.09,250.22,242.06,248.95,37718,231.22,230.28,7.48,60.23,232.35,240.31,253.64,253.64,0,,
2023-02-14,250.22,251.19,246.31,249.87,29323,231.45,230.28,7.29,61.14,233.07,240.66,253.64,253.64,0,,
2023-02-15,250.71,253.15,246.31,251.49,35416,231.71,230.28,7.26,62.76,234.13,241.06,253.64,253.64,0,,
2023-02-16,252.07,252.17,249.24,250.12,37327,231.96,230.28,6.95,60.47,233.45,241.62,253.15,253.64,0,,
2023-02-17,251.59,252.22,248.31,249.87,13695,232.21,232.23,6.73,60.04,234.09,241.96,253.15,253.15,0,,
2023-02-20,250.22,251.59,246.5,249.63,66652,232.48,232.23,6.61,59.6,234.01,242.38,253.15,253.15,0,,
2023-02-21,251.39,251.39,243.23,244.5,21360,232.72,232.23,6.72,51.03,230.63,242.42,253.15,253.15,0,,
2023-02-22,244.65,247.14,241.91,242.4,12243,232.93,232.82,6.62,47.99,229.54,242.49,253.15,253.15,0,,
2023-02-23,245.23,245.33,240.54,243.08,8259,233.11,232.82,6.49,49.05,230.07,242.61,253.15,253.15,0,,
2023-02-24,242.69,252.51,237.41,250.31,29095,233.29,232.82,7.1,58.68,234.32,242.93,253.15,253.15,0,,
2023-02-27,249.63,257.35,246.31,252.37,51806,233.5,232.82,7.38,60.95,235.46,243.34,257.35,253.15,0,,
2023-02-28,249.43,253.54,248.26,249.39,17347,233.71,232.82,7.23,56.15,233.64,243.68,257.35,257.35,0,,
2023-03-01,252.32,252.32,237.71,241.32,162594,233.89,232.82,7.76,45.67,228.08,243.45,257.35,257.35,0,,
2023-03-02,240.93,246.01,238.93,244.65,25890,234.15,237.41,7.71,49.83,231.79,243.23,257.35,257.35,0,,
2023-03-03,241.52,246.5,241.52,245.38,12991,234.4,237.41,7.52,50.72,232.4,243.13,257.35,257.35,0,,
2023-03-06,242.54,247.82,242.54,246.55,12364,234.66,237.41,7.36,52.19,233.26,243.11,257.35,257.35,0,,
2023-03-08,243.67,247.97,242.4,244.94,18643,234.94,237.41,7.23,49.98,232.3,243.19,257.35,257.35,0,,
2023-03-09,243.96,247.68,242.84,245.87,51391,235.14,237.41,7.06,51.26,233.02,243.28,257.35,257.35,0,,
2023-03-10,246.84,248.41,242.59,246.8,8451,235.3,237.41,6.97,52.57,233.68,243.5,257.35,257.35,0,,
2023-03-13,243.37,248.7,243.37,244.89,21188,235.5,237.41,6.85,49.63,232.52,243.95,257.35,257.35,0,,
2023-03-14,244.89,244.99,239.47,240.74,16950,235.68,237.41,6.76,43.88,229.91,244.17,257.35,257.35,0,,
2023-03-15,240.74,242.01,238.49,239.27,15075,235.88,237.41,6.53,42.02,229.11,244.12,257.35,257.35,0,,
2023-03-16,237.95,238.05,231.45,236.24,21796,236.08,231.45,6.62,38.41,225.11,244.21,257.35,257.35,0,,
2023-03-17,238.19,238.19,233.6,234.53,10372,236.28,231.45,6.47,36.5,224.11,244.23,257.35,257.35,0,,
2023-03-20,236.78,238.0,232.48,235.41,13791,236.49,231.45,6.41,38.2,224.72,244.21,257.35,257.35,0,,
2023-03-21,236.53,236.53,233.5,236.0,11280,236.68,231.45,6.16,39.38,225.26,244.2,257.35,257.35,0,,
2023-03-22,235.51,237.51,233.85,235.7,43812,236.88,231.45,5.99,38.97,225.19,244.19,257.35,257.35,0,,
2023-03-23,235.6,236.29,233.94,235.12,16905,237.06,231.45,5.73,38.15,224.98,244.15,257.35,257.35,0,,
2023-03-24,233.6,236.04,227.74,233.6,61959,237.24,227.74,5.91,36.03,222.65,243.8,257.35,257.35,0,,
2023-03-27,233.55,236.68,230.28,231.26,28781,237.41,227.74,5.94,32.97,221.11,243.34,257.35,257.35,0,,
2023-03-28,229.84,231.35,216.01,217.57,30433,237.5,216.01,6.62,21.5,207.93,242.3,253.54,257.35,0,,
2023-03-29,217.03,220.89,215.57,219.67,30240,237.59,215.57,6.52,25.77,209.19,241.29,252.32,253.54,0,,
2023-03-31,218.94,222.51,218.94,220.21,21430,237.7,215.57,6.31,26.87,209.68,240.25,248.7,252.32,0,,
2023-04-03,223.48,229.69,220.99,227.69,13927,237.85,215.57,6.54,40.12,214.36,239.5,248.7,248.7,0,,
2023-04-05,224.9,232.82,224.9,231.45,11208,238.02,215.57,6.64,45.46,216.72,238.88,248.7,248.7,0,,
2023-04-06,234.58,242.3,231.11,240.59,26805,238.23,215.57,6.96,55.8,222.4,238.58,248.7,248.7,0,,
2023-04-10,236.63,243.86,236.04,242.89,17372,238.41,215.57,7.02,57.95,223.84,238.53,248.7,248.7,0,,
2023-04-11,244.35,247.28,239.51,244.79,15869,238.61,215.57,7.08,59.71,225.03,238.61,248.7,248.7,0,,
2023-04-12,243.08,245.53,240.44,242.06,18318,238.81,215.57,6.94,56.09,223.36,238.58,248.7,248.7,0,,
2023-04-13,244.84,245.67,239.51,242.64,14844,238.99,215.57,6.88,56.69,223.77,238.32,247.28,248.7,0,,
2023-04-17,249.24,249.24,238.63,245.23,14942,239.18,215.57,7.15,59.36,225.27,238.08,249.24,247.28,0,,
2023-04-18,245.23,246.31,242.01,244.55,8531,239.28,215.57,6.94,58.34,224.96,237.92,249.24,249.24,0,,
2023-04-19,243.86,246.6,243.42,244.6,8819,239.38,215.57,6.67,58.4,225.17,238.03,249.24,249.24,0,,
2023-04-20,246.01,247.33,240.49,245.13,16434,239.48,215.57,6.69,59.03,225.51,238.05,249.24,249.24,0,,
2023-04-21,248.26,248.26,243.23,245.38,15521,239.59,215.57,6.57,59.35,225.75,238.05,249.24,249.24,0,,
2023-04-24,245.43,248.36,243.13,245.28,23216,239.58,215.57,6.47,59.15,225.75,238.0,249.24,249.24,0,,
2023-04-25,242.15,246.94,242.15,245.23,11605,239.61,218.94,6.35,59.05,226.92,238.01,249.24,249.24,0,,
2023-04-26,245.23,248.95,244.25,244.94,23835,239.67,220.99,6.23,58.4,227.49,237.98,249.24,249.24,0,,
2023-04-27,244.94,247.97,243.62,245.53,41226,239.79,224.9,6.1,59.38,229.27,237.94,249.24,249.24,0,,
2023-04-28,246.45,249.24,243.96,248.36,22471,239.94,231.11,6.04,63.76,233.2,238.06,249.24,249.24,0,,
2023-05-02,246.31,256.57,246.31,254.47,65864,240.04,236.04,6.34,71.03,238.58,238.51,256.57,249.24,1,254.47,238.58
2023-05-03,254.62,254.62,245.33,247.09,35496,240.1,238.63,6.55,56.33,234.55,238.77,256.57,256.57,0,,
2023-05-04,251.19,251.19,245.33,249.24,19227,240.18,238.63,6.5,58.99,235.97,239.21,256.57,256.57,0,,
2023-05-05,250.71,253.1,247.28,249.48,24254,240.33,238.63,6.45,59.29,236.15,239.71,256.57,256.57,0,,
2023-05-08,257.99,261.46,251.24,257.74,110443,240.53,238.63,6.85,67.94,241.22,240.45,261.46,256.57,1,257.74,241.22
2023-05-09,258.04,273.67,256.08,266.25,208051,240.77,240.49,7.62,74.05,246.82,241.46,273.67,261.46,0,,
2023-05-10,267.27,270.69,263.22,265.66,46613,241.04,240.49,7.61,73.01,246.44,242.46,273.67,273.67,0,,
2023-05-11,267.52,267.52,263.9,265.17,12527,241.3,240.49,7.32,72.11,246.32,243.46,273.67,273.67,0,,
2023-05-12,265.17,268.15,260.97,261.6,20063,241.52,242.15,7.31,65.71,244.57,244.39,273.67,273.67,0,,
2023-05-15,262.39,264.88,260.97,262.04,19962,241.72,242.15,7.07,66.11,245.02,245.42,273.67,273.67,0,,
2023-05-16,261.95,268.25,261.16,262.83,45931,241.92,242.15,7.07,66.86,245.53,246.93,273.67,273.67,0,,
2023-05-17,262.04,268.59,261.95,262.63,27997,242.12,243.62,7.04,66.46,245.91,248.36,273.67,273.67,0,,
2023-05-18,263.95,267.81,263.9,266.54,36148,242.31,243.62,6.91,70.2,248.52,249.9,273.67,273.67,0,,
2023-05-19,264.19,271.72,264.19,267.61,27317,242.54,243.96,6.95,71.15,249.29,251.23,273.67,273.67,0,,
2023-05-22,267.32,269.76,266.83,266.88,18147,242.8,245.33,6.66,69.52,249.47,252.41,273.67,273.67,0,,
2023-05-23,267.86,276.02,267.81,268.59,60666,243.08,245.33,6.84,71.18,250.46,253.35,276.02,273.67,0,,
2023-05-24,268.59,272.7,264.39,265.37,32241,243.35,245.33,6.95,64.1,248.31,254.1,276.02,276.02,0,,
2023-05-25,266.15,268.25,261.16,262.87,13662,243.57,247.28,6.96,59.18,247.34,254.7,276.02,276.02,0,,
2023-05-26,263.8,264.49,259.31,261.51,12705,243.78,251.24,6.83,56.63,247.87,255.35,276.02,276.02,0,,
2023-05-29,266.83,266.83,261.02,261.85,12333,244.0,256.08,6.76,57.13,249.75,255.99,276.02,276.02,0,,
2023-05-30,264.78,264.78,255.1,257.79,23729,244.19,255.1,6.97,49.79,246.66,256.41,276.02,276.02,0,,
2023-05-31,256.62,259.8,255.15,256.96,15072,244.38,255.1,6.8,48.42,246.24,256.82,276.02,276.02,0,,
2023-06-01,254.22,266.34,254.22,265.71,26564,244.66,254.22,7.18,60.69,251.34,257.52,276.02,276.02,0,,
2023-06-02,270.6,277.1,265.81,274.6,96466,245.01,254.22,7.48,68.81,256.87,258.51,277.1,276.02,0,,
2023-06-05,279.49,281.2,270.79,272.79,39539,245.38,254.22,7.69,65.83,255.56,259.42,281.2,277.1,0,,
2023-06-06,270.79,276.9,270.79,272.5,18637,245.73,254.22,7.58,65.34,255.45,260.33,281.2,281.2,0,,
2023-06-07,273.19,277.05,272.31,273.04,21873,246.09,254.22,7.37,65.85,255.93,261.25,281.2,281.2,0,,
2023-06-08,272.21,274.51,266.69,268.89,20507,246.41,254.22,7.41,58.72,253.24,262.05,281.2,281.2,0,,
2023-06-09,272.31,272.31,265.42,270.79,27791,246.74,254.22,7.37,60.81,254.49,262.9,281.2,281.2,0,,
2023-06-12,271.72,273.67,264.93,270.35,22021,247.04,254.22,7.47,60.06,254.14,263.63,281.2,281.2,0,,
2023-06-13,272.36,273.87,269.28,270.5,31823,247.3,254.22,7.26,60.24,254.37,264.16,281.2,281.2,0,,
2023-06-14,269.76,272.21,266.73,270.6,14665,247.52,254.22,7.13,60.37,254.52,264.95,281.2,281.2,0,,
2023-06-15,267.66,272.31,267.66,270.35,14421,247.67,254.22,6.96,59.84,254.48,265.65,281.2,281.2,0,,
2023-06-16,272.6,310.33,272.6,294.35,826025,247.98,254.22,9.32,78.87,268.39,267.15,310.33,281.2,1,294.35,268.39
2023-06-19,300.06,307.64,299.09,302.41,195036,248.4,254.22,9.6,81.96,273.39,268.63,310.33,310.33,0,,
2023-06-20,303.49,303.49,298.31,299.92,38441,248.81,254.22,9.28,78.15,272.0,269.76,310.33,310.33,0,,
2023-06-21,302.31,310.33,295.42,298.65,65182,249.24,254.22,9.69,76.21,270.91,270.86,310.33,310.33,0,,
2023-06-22,298.65,300.94,286.67,290.49,47485,249.59,264.93,10.01,65.03,269.0,271.7,310.33,310.33,0,,
2023-06-23,290.44,298.31,285.45,296.11,42954,250.0,264.93,10.22,68.46,272.49,272.85,310.33,310.33,0,,
2023-06-26,293.22,302.9,289.12,299.58,52175,250.42,264.93,10.47,70.39,274.56,274.1,310.33,310.33,0,,
2023-06-27,301.92,303.88,295.28,300.85,46076,250.83,264.93,10.34,71.09,275.47,275.37,310.33,310.33,0,,
2023-06-28,295.18,308.71,295.18,298.5,32872,251.23,264.93,10.57,67.9,273.8,276.56,310.33,310.33,0,,
2023-06-30,298.11,301.09,291.37,292.1,29089,251.58,264.93,10.51,60.0,269.71,277.42,310.33,310.33,0,,
2023-07-03,292.1,297.13,288.87,289.46,26362,251.85,264.93,10.34,57.05,268.12,278.15,310.33,310.33,0,,
2023-07-04,290.83,294.88,290.05,291.02,32890,252.1,266.73,9.99,58.36,269.96,278.95,310.33,310.33,0,,
2023-07-05,290.68,296.15,289.9,292.29,29193,252.33,266.73,9.73,59.43,270.95,279.74,310.33,310.33,0,,
2023-07-06,292.25,303.49,292.25,297.87,41064,252.6,267.66,9.83,63.86,274.79,280.82,310.33,310.33,0,,
2023-07-07,315.21,335.06,309.99,326.55,1183231,253.08,272.6,11.79,77.47,293.63,282.95,335.06,310.33,1,326.55,293.63
2023-07-10,330.22,332.81,326.6,329.58,141516,253.56,285.45,11.39,78.4,300.13,285.22,335.06,335.06,0,,
2023-07-11,332.32,332.32,327.43,329.63,59696,254.05,285.45,10.93,78.41,300.48,287.47,335.06,335.06,0,,
2023-07-12,332.27,332.32,328.17,328.7,38881,254.53,285.45,10.44,77.28,300.2,289.84,335.06,335.06,0,,
2023-07-13,328.7,338.67,312.77,318.88,92357,254.94,285.45,11.55,66.41,293.13,291.9,338.67,335.06,0,,
2023-07-14,320.49,325.09,318.15,319.95,32808,255.39,285.45,11.22,66.95,294.04,293.71,338.67,338.67,0,,
2023-07-17,319.61,321.08,312.38,314.68,62260,255.8,288.87,11.04,61.64,291.9,295.05,338.67,338.67,0,,
2023-07-18,315.7,322.55,315.7,321.62,33365,256.26,288.87,10.81,65.52,296.53,296.67,338.67,338.67,0,,
2023-07-19,330.36,330.36,318.73,323.28,45752,256.74,288.87,10.87,66.4,297.56,298.37,338.67,338.67,0,,
2023-07-20,327.38,330.17,322.98,325.43,48272,257.24,288.87,10.61,67.54,299.12,300.11,338.67,338.67,0,,
2023-07-21,325.43,337.21,322.69,332.61,125237,257.78,288.87,10.89,71.1,303.57,302.24,338.67,338.67,0,,
2023-07-24,337.55,342.0,328.9,331.63,69057,258.31,289.9,11.05,69.97,303.17,304.26,342.0,338.67,0,,
2023-07-25,331.63,340.14,323.18,330.36,48134,258.85,289.9,11.47,68.46,302.07,306.26,342.0,342.0,0,,
2023-07-26,333.69,333.79,317.41,321.27,56508,259.34,292.25,11.82,58.67,296.76,307.96,342.0,342.0,0,,
2023-07-27,325.77,331.34,321.81,327.43,31619,259.87,309.99,11.69,62.58,306.73,309.85,342.0,342.0,0,,
2023-07-28,329.83,331.2,322.55,324.5,32238,260.37,312.38,11.48,59.69,305.78,311.66,342.0,342.0,0,,
2023-07-31,324.99,339.75,323.57,327.92,72251,260.92,312.38,11.81,61.9,307.76,312.78,342.0,342.0,0,,
2023-08-01,332.12,332.12,324.5,325.14,35281,261.5,312.38,11.51,59.06,306.17,313.53,342.0,342.0,0,,
2023-08-02,328.41,330.51,315.12,318.29,46760,262.04,312.38,11.79,52.66,301.56,314.15,342.0,342.0,0,,
2023-08-03,316.63,322.45,314.77,319.52,21618,262.57,312.38,11.5,53.64,302.55,314.84,342.0,342.0,0,,
2023-08-04,309.84,317.12,303.0,303.73,105015,262.96,303.0,11.86,41.78,289.0,315.28,342.0,342.0,0,,
2023-08-07,303.97,314.73,299.28,310.86,75696,263.4,299.28,12.11,47.43,292.19,315.77,342.0,342.0,0,,
2023-08-08,316.49,331.24,314.73,322.3,245223,263.91,299.28,12.7,54.98,299.18,316.53,342.0,342.0,0,,
2023-08-09,325.33,343.07,319.17,339.21,200909,264.54,299.28,13.5,63.36,309.55,317.81,343.07,342.0,0,,
2023-08-10,351.87,382.17,346.98,372.93,925136,265.43,299.28,15.61,73.82,329.9,320.29,382.17,343.07,1,372.93,329.9
2023-08-11,374.35,381.09,372.64,377.13,191935,266.35,299.28,15.1,74.79,332.95,323.13,382.17,382.17,0,,
2023-08-14,379.23,384.95,364.92,375.33,170348,267.3,299.28,15.45,73.53,331.55,325.99,384.95,382.17,0,,
2023-08-16,376.3,392.63,376.3,385.1,108785,268.27,299.28,15.58,75.89,337.76,329.12,392.63,384.95,1,385.1,337.76
2023-08-17,385.1,389.4,374.93,381.24,73148,269.23,299.28,15.5,73.12,335.33,332.09,392.63,392.63,0,,
2023-08-18,386.08,411.39,386.08,391.75,358407,270.22,299.28,16.55,75.72,341.41,335.22,411.39,392.63,0,,
2023-08-21,391.75,396.93,376.3,378.75,87691,271.14,299.28,16.84,67.07,332.83,336.96,411.39,411.39,0,,
2023-08-22,378.75,384.51,377.33,379.77,64233,272.08,299.28,16.15,67.39,333.95,338.63,411.39,411.39,0,,
2023-08-23,369.46,372.44,353.33,355.48,276344,272.84,299.28,16.88,54.13,317.79,339.49,411.39,411.39,0,,
2023-08-24,357.73,365.11,350.89,352.45,107695,273.59,299.28,16.69,52.73,315.96,340.28,411.39,411.39,0,,
2023-08-25,350.89,360.66,348.74,355.34,62861,274.36,299.28,16.35,53.95,318.05,341.5,411.39,411.39,0,,
2023-08-28,359.25,359.25,349.72,350.84,40284,275.05,299.28,15.87,51.71,315.47,342.53,411.39,411.39,0,,
2023-08-29,351.48,354.26,347.27,348.98,35285,275.7,314.73,15.23,50.78,319.85,343.67,411.39,411.39,0,,
2023-08-30,350.01,360.62,350.01,356.31,55718,276.42,319.17,14.97,54.29,326.23,344.83,411.39,411.39,0,,
2023-08-31,357.29,367.16,352.89,365.16,77650,277.21,346.98,14.92,58.17,341.24,346.23,411.39,411.39,0,,
2023-09-01,365.55,383.63,363.6,379.82,150505,278.12,347.27,15.29,63.68,350.55,348.04,411.39,411.39,0,,
2023-09-04,381.63,386.57,373.37,380.46,80137,279.04,347.27,15.14,63.9,351.06,349.63,411.39,411.39,0,,
2023-09-05,383.91,388.26,380.26,382.93,50557,279.99,347.27,14.63,64.8,352.99,351.34,411.39,411.39,0,,
2023-09-06,384.8,384.8,368.16,371.52,64220,280.92,347.27,14.77,57.65,345.54,352.72,411.39,411.39,0,,
2023-09-07,373.69,379.86,366.09,367.42,39168,281.81,347.27,14.7,55.29,342.94,354.25,411.39,411.39,0,,
2023-09-08,372.11,375.12,366.93,371.47,50318,282.68,347.27,14.24,57.16,345.86,355.72,411.39,411.39,0,,
2023-09-11,371.47,383.02,365.45,367.27,68360,283.57,347.27,14.47,54.61,343.0,357.15,411.39,411.39,0,,
2023-09-12,367.37,371.27,344.07,353.94,94156,284.37,344.07,15.38,47.4,332.73,358.01,411.39,411.39,0,,
2023-09-13,348.21,370.14,345.74,362.58,58816,285.22,344.07,16.03,51.84,337.87,359.26,411.39,411.39,0,,
2023-09-14,365.3,369.74,363.42,365.15,23863,286.08,344.07,15.39,53.11,339.95,360.82,411.39,411.39,0,,
2023-09-15,365.4,368.01,360.61,363.42,23151,286.93,344.07,14.82,52.11,339.21,362.29,396.93,411.39,0,,
2023-09-18,360.46,369.79,352.71,353.79,30888,287.71,344.07,14.98,46.85,332.89,363.96,388.26,396.93,0,,
2023-09-20,351.82,354.73,342.53,346.93,36664,288.4,342.53,14.79,43.49,328.09,365.16,388.26,388.26,0,,
2023-09-21,347.62,353.55,346.44,349.05,19909,289.09,342.53,14.24,44.81,329.82,366.05,388.26,388.26,0,,
2023-09-22,345.74,349.79,343.23,345.15,20786,289.73,342.53,13.69,42.83,327.67,366.25,388.26,388.26,0,,
2023-09-25,347.57,347.62,329.45,336.71,26907,290.31,329.45,14.01,38.82,317.66,365.04,388.26,388.26,0,,
2023-09-26,340.76,348.61,338.68,345.99,45543,290.94,329.45,13.86,44.92,323.74,364.0,388.26,388.26,0,,
2023-09-27,349.45,356.51,342.73,350.68,38227,291.61,329.45,13.85,47.75,326.77,363.18,388.26,388.26,0,,
2023-09-28,351.13,353.59,347.77,350.63,18478,292.28,329.45,13.28,47.72,327.12,362.03,388.26,388.26,0,,
2023-09-29,350.63,355.52,347.97,352.11,21725,292.96,329.45,12.87,48.69,328.35,361.06,388.26,388.26,0,,
2023-10-03,348.61,358.48,348.61,355.62,19596,293.71,329.45,12.66,51.0,330.75,359.86,388.26,388.26,0,,
2023-10-04,359.13,364.9,354.58,361.99,36505,294.5,329.45,12.49,54.96,334.97,359.3,388.26,388.26,0,,
2023-10-05,375.27,375.27,363.42,370.04,55281,295.35,329.45,12.55,59.43,340.13,358.97,384.8,388.26,0,,
2023-10-06,373.3,379.07,362.09,363.52,123909,296.1,329.45,12.86,54.7,335.71,359.24,383.02,384.8,0,,
2023-10-09,363.57,366.19,353.15,359.92,53966,296.82,329.45,12.87,52.23,333.38,359.49,383.02,383.02,0,,
2023-10-10,359.17,364.66,357.59,358.98,16106,297.55,329.45,12.46,51.57,333.05,359.61,383.02,383.02,0,,
2023-10-11,360.46,366.38,359.37,364.41,16509,298.37,329.45,12.1,55.08,336.8,360.06,379.07,383.02,0,,
2023-10-12,367.17,378.09,359.72,374.83,113392,299.24,329.45,12.55,60.93,343.22,360.93,379.07,379.07,0,,
2023-10-13,373.3,377.25,363.91,366.04,63119,300.04,329.45,12.6,54.48,337.51,361.25,379.07,379.07,0,,
2023-10-16,366.43,371.03,354.53,357.55,58534,300.78,329.45,12.88,49.08,331.85,361.0,379.07,379.07,0,,
2023-10-17,361.45,361.5,349.64,351.18,55287,301.49,338.68,12.81,45.44,330.87,360.04,379.07,379.07,0,,
2023-10-18,351.18,354.68,343.77,349.05,22135,302.18,342.73,12.67,44.26,330.93,359.0,379.07,379.07,0,,
2023-10-19,347.62,352.95,339.82,343.18,29075,302.82,339.82,12.71,41.09,326.15,357.67,379.07,379.07,0,,
2023-10-20,343.18,350.09,337.94,340.02,23568,303.46,337.94,12.67,39.45,323.52,356.62,379.07,379.07,0,,
2023-10-23,338.04,342.88,323.43,325.01,44300,304.02,323.43,13.15,32.77,308.67,355.21,379.07,379.07,0,,
2023-10-25,325.89,330.83,309.15,317.25,36886,304.54,309.15,13.76,29.94,298.5,353.4,379.07,379.07,0,,
2023-10-26,317.25,320.96,307.72,318.14,31629,305.08,307.72,13.72,30.68,298.63,351.76,379.07,379.07,0,,
2023-10-27,321.3,330.83,320.96,327.33,14469,305.7,307.72,13.65,37.95,304.6,350.88,379.07,379.07,0,,
2023-10-30,329.65,335.42,322.39,326.73,43114,306.31,307.72,13.6,37.67,304.24,349.68,379.07,379.07,0,,
2023-10-31,329.94,336.76,326.78,330.73,34623,306.94,307.72,13.35,40.78,306.99,348.53,379.07,379.07,0,,
2023-11-01,331.28,338.19,325.99,329.6,44013,307.57,307.72,13.27,40.17,306.32,347.41,379.07,379.07,0,,
2023-11-02,336.26,373.3,332.12,362.68,377161,308.42,307.72,15.44,59.35,326.21,347.7,379.07,379.07,0,,
2023-11-03,365.4,367.37,353.55,360.16,73669,309.26,307.72,15.33,57.83,324.66,348.14,379.07,379.07,0,,
2023-11-06,356.56,368.85,356.56,362.48,55685,310.14,307.72,15.11,58.87,326.3,348.59,378.09,379.07,0,,
2023-11-07,364.16,375.27,359.32,369.49,58435,311.15,307.72,15.17,61.94,330.78,349.4,378.09,378.09,0,,
2023-11-08,369.54,380.21,360.85,377.64,113239,312.2,307.72,15.47,65.19,335.84,350.77,380.21,378.09,0,,
2023-11-09,379.81,385.15,372.36,374.53,82505,313.23,307.72,15.28,62.98,333.96,351.72,385.15,380.21,0,,
2023-11-10,376.26,413.84,373.94,406.03,548345,314.42,307.72,17.04,72.98,353.11,353.56,413.84,385.15,1,406.03,353.11
2023-11-13,409.84,428.11,404.26,412.4,243030,315.63,307.72,17.52,74.48,356.89,355.62,428.11,413.84,0,,
2023-11-15,412.75,426.62,403.27,412.11,209925,316.77,307.72,17.94,74.28,356.43,357.62,428.11,428.11,0,,
2023-11-16,414.08,425.64,403.12,407.71,159038,317.87,307.72,18.27,71.12,353.37,359.36,428.11,428.11,0,,
2023-11-17,409.24,424.55,409.24,415.27,142026,319.01,320.96,18.16,73.22,362.73,361.13,428.11,428.11,0,,
2023-11-20,419.22,460.79,418.28,432.16,659048,320.27,322.39,20.12,77.22,372.79,363.2,460.79,428.11,1,432.16,372.79
2023-11-21,436.11,442.18,425.24,428.85,135948,321.52,325.99,19.89,74.86,372.01,365.38,460.79,460.79,0,,
2023-11-22,429.74,437.49,423.71,433.64,60060,322.77,325.99,19.45,76.0,375.39,367.84,460.79,460.79,0,,
2023-11-23,433.59,438.03,424.95,427.32,48248,323.99,332.12,19.0,71.4,373.66,370.12,460.79,460.79,0,,
2023-11-24,429.39,432.45,419.91,421.34,48773,325.17,353.55,18.54,67.24,377.26,372.02,460.79,460.79,0,,
2023-11-28,423.37,433.54,415.86,418.48,57808,326.32,356.56,18.48,65.29,376.46,373.47,460.79,460.79,0,,
2023-11-29,424.55,427.12,417.79,421.14,47182,327.5,359.32,17.82,66.27,379.53,375.31,460.79,460.79,0,,
2023-11-30,424.5,426.03,412.31,415.61,73219,328.63,360.85,17.53,62.32,376.67,377.24,460.79,460.79,0,,
2023-12-01,417.69,429.29,411.81,418.28,65752,329.79,372.36,17.53,63.45,382.23,379.48,460.79,460.79,0,,
2023-12-04,418.38,424.65,406.43,408.8,95975,330.88,373.94,17.58,56.91,376.61,381.47,460.79,460.79,0,,
2023-12-05,410.82,420.3,403.96,416.01,103049,332.01,403.12,17.49,60.27,391.04,383.9,460.79,460.79,0,,
2023-12-06,416.75,419.27,410.87,412.06,45843,333.11,403.12,16.84,57.62,388.93,386.3,460.79,460.79,0,,
2023-12-07,412.85,413.89,404.7,410.97,38514,334.15,403.12,16.29,56.88,388.59,389.16,460.79,460.79,0,,
2023-12-08,418.58,418.58,404.8,410.23,51686,335.24,403.96,16.11,56.35,388.51,392.26,460.79,460.79,0,,
2023-12-11,407.86,413.74,405.34,406.68,27114,336.29,403.96,15.56,53.75,386.59,395.22,460.79,460.79,0,,
2023-12-12,409.79,433.29,407.86,409.98,198583,337.36,403.96,16.35,55.79,388.19,397.97,460.79,460.79,0,,
2023-12-13,411.02,414.08,404.9,408.06,44092,338.36,403.96,15.84,54.29,387.29,400.68,460.79,460.79,0,,
2023-12-14,410.23,416.45,404.75,406.18,46623,339.29,403.96,15.54,52.8,386.28,403.2,460.79,460.79,0,,
2023-12-15,407.86,413.05,396.06,398.38,63195,340.18,396.06,15.65,47.02,378.54,405.49,460.79,460.79,0,,
2023-12-18,398.38,412.35,395.12,407.81,60943,341.13,395.12,15.76,53.63,384.24,406.99,460.79,460.79,0,,
2023-12-19,407.96,411.56,402.03,405.15,32927,342.08,395.12,15.31,51.67,382.82,408.49,442.18,460.79,0,,
2023-12-20,407.17,432.55,403.02,407.47,313769,343.05,395.12,16.33,53.27,383.64,409.99,438.03,442.18,0,,
2023-12-21,404.9,424.55,404.9,421.93,88125,344.11,395.12,16.57,61.78,392.81,411.74,438.03,438.03,0,,
2023-12-22,429.54,434.03,417.79,423.56,90188,345.19,395.12,16.54,62.61,393.87,413.27,434.03,438.03,0,,
2023-12-26,432.45,451.76,426.67,428.6,225675,346.27,395.12,17.38,65.12,396.57,415.07,451.76,434.03,0,,
2023-12-27,432.45,434.18,420.9,424.35,70531,347.31,395.12,17.08,61.38,394.02,415.68,451.76,451.76,0,,
2023-12-28,426.13,431.51,418.18,425.83,89012,348.37,395.12,16.82,62.19,395.16,416.13,451.76,451.76,0,,
2023-12-29,427.07,431.76,418.82,423.42,35784,349.4,395.12,16.54,59.97,393.79,416.51,451.76,451.76,0,,
2024-01-01,426.62,494.62,426.58,470.57,1265833,350.77,395.12,20.44,77.15,421.6,418.6,494.62,451.76,1,470.57,421.6
2024-01-02,480.25,537.23,480.25,521.28,2474427,352.49,395.12,23.74,84.74,452.1,422.14,537.23,494.62,0,,
2024-01-03,515.51,519.41,496.2,500.59,419480,354.09,395.12,23.84,73.95,438.69,424.42,537.23,537.23,0,,
2024-01-04,505.48,505.78,492.79,496.45,121501,355.65,395.12,23.06,71.97,436.54,426.67,537.23,537.23,0,,
2024-01-05,499.65,503.06,486.87,491.85,183526,357.21,395.12,22.57,69.75,433.9,428.61,537.23,537.23,0,,
2024-01-08,492.74,510.62,480.05,488.0,240469,358.75,395.12,23.14,67.85,431.04,430.64,537.23,537.23,0,,
2024-01-09,497.73,505.63,475.26,481.04,142394,360.19,402.03,23.66,64.45,428.51,432.63,537.23,537.23,0,,
2024-01-10,481.73,492.89,470.08,476.89,138055,361.54,403.02,23.6,62.43,426.2,434.57,537.23,537.23,0,,
2024-01-11,481.93,489.78,474.32,475.81,78256,362.89,404.9,23.02,61.89,426.52,436.39,537.23,537.23,0,,
2024-01-12,479.01,482.47,472.55,477.43,63103,364.26,417.79,22.08,62.42,432.48,438.46,537.23,537.23,0,,
2024-01-15,477.43,477.43,477.43,477.43,0,365.62,418.18,20.51,62.42,433.67,440.43,537.23,537.23,0,,
2024-01-16,476.64,479.85,454.28,458.03,119228,366.88,418.18,20.87,52.36,420.91,442.07,537.23,537.23,0,,
2024-01-17,457.73,478.97,452.4,473.09,132816,368.23,418.18,21.27,58.02,430.35,443.97,537.23,537.23,0,,
2024-01-18,477.93,477.98,465.49,475.31,91688,369.6,418.82,20.65,58.79,432.42,446.08,537.23,537.23,0,,
2024-01-19,474.03,482.92,471.9,476.5,47333,370.97,426.58,19.96,59.23,436.23,448.26,537.23,537.23,0,,
2024-01-23,470.82,474.82,446.92,458.97,148941,372.22,446.92,20.65,50.73,431.24,449.89,537.23,537.23,0,,
2024-01-24,456.3,480.89,456.3,475.95,180661,373.6,446.92,20.93,57.14,442.01,452.2,537.23,537.23,0,,
2024-01-25,478.37,482.67,471.9,478.52,69853,374.82,446.92,20.2,58.04,444.15,454.48,537.23,537.23,0,,
2024-01-29,480.94,482.08,469.63,473.98,38871,375.97,446.92,19.65,55.83,441.59,456.68,537.23,537.23,0,,
2024-01-30,478.97,489.63,471.06,486.62,121738,377.21,446.92,19.57,60.35,449.8,459.36,537.23,537.23,0,,
2024-01-31,493.09,500.69,482.08,483.76,107528,378.45,446.92,19.5,58.88,448.0,462.21,537.23,537.23,0,,
2024-02-01,486.08,487.06,471.06,476.69,45647,379.69,446.92,19.25,55.3,443.6,464.5,519.41,537.23,0,,
2024-02-02,482.92,482.92,454.82,462.77,124714,380.8,446.92,19.89,48.98,434.2,466.42,510.62,519.41,0,,
2024-02-05,458.13,471.02,455.31,459.21,58400,381.86,446.92,19.59,47.49,432.11,468.15,510.62,510.62,0,,
2024-02-06,459.95,481.14,459.95,474.52,67626,383.02,446.92,19.75,53.99,441.87,469.9,510.62,510.62,0,,
2024-02-07,475.26,483.95,469.09,473.68,56899,384.19,446.92,19.4,53.6,441.56,471.57,505.63,510.62,0,,
2024-02-08,478.13,548.09,474.97,515.6,1018945,385.68,446.92,23.33,66.62,465.98,474.47,548.09,505.63,1,515.6,465.98
2024-02-09,532.29,533.23,495.8,502.91,291419,387.1,446.92,24.34,61.04,457.12,477.09,548.09,548.09,0,,
2024-02-12,505.09,511.9,475.02,478.03,118612,388.35,446.92,25.24,51.86,440.48,478.83,548.09,548.09,0,,
2024-02-13,478.03,491.85,465.19,487.9,108586,389.65,446.92,25.34,54.76,446.78,480.98,548.09,548.09,0,,
2024-02-14,487.85,498.86,476.35,495.46,70436,390.97,454.82,25.14,56.91,454.42,481.81,548.09,548.09,0,,
2024-02-15,493.78,522.12,493.78,506.77,172464,392.17,454.82,25.36,59.97,461.56,481.33,548.09,548.09,0,,
2024-02-16,514.37,527.5,497.83,502.47,147500,393.32,454.82,25.67,58.27,458.59,481.39,548.09,548.09,0,,
2024-02-19,510.02,525.28,496.64,514.42,109168,394.56,454.82,25.88,61.53,466.15,481.99,548.09,548.09,0,,
2024-02-20,525.33,530.12,499.7,504.35,68094,395.73,454.82,26.21,57.46,459.44,482.4,548.09,548.09,0,,
2024-02-21,513.48,514.91,498.77,512.34,92932,397.02,454.82,25.49,59.74,465.07,483.22,548.09,548.09,0,,
2024-02-22,514.91,551.06,508.64,539.9,475434,398.48,454.82,26.7,66.4,482.04,485.18,551.06,548.09,0,,
2024-02-23,551.06,576.24,525.68,540.34,555947,399.99,455.31,28.4,66.5,481.35,487.29,576.24,551.06,0,,
2024-02-26,540.39,548.09,494.32,518.62,263526,401.3,459.95,30.21,57.78,467.68,488.72,576.24,576.24,0,,
2024-02-27,518.47,525.03,502.67,505.93,107572,402.52,465.19,29.65,53.37,461.62,489.67,576.24,576.24,0,,
2024-02-28,505.93,509.53,489.04,490.77,136206,403.62,465.19,29.0,48.61,452.28,490.11,576.24,576.24,0,,
2024-02-29,493.19,509.14,478.97,497.14,115365,404.72,465.19,29.08,50.6,456.33,491.42,576.24,576.24,0,,
2024-03-01,499.61,583.5,499.61,571.4,1568607,406.32,465.19,33.17,66.8,501.5,494.69,583.5,576.24,0,,
2024-03-04,571.55,571.55,545.38,553.43,160912,407.8,465.19,32.67,61.54,490.24,497.3,583.5,583.5,0,,
2024-03-05,560.24,560.24,536.54,540.14,68681,409.26,476.35,32.03,57.91,485.82,499.42,583.5,583.5,0,,
2024-03-06,540.14,542.12,524.39,537.18,143726,410.66,478.97,31.01,57.1,485.46,502.03,583.5,583.5,0,,
2024-03-07,543.16,559.6,538.27,551.55,149267,412.17,478.97,30.4,60.02,495.14,504.55,583.5,583.5,0,,
2024-03-11,551.65,557.03,524.44,530.47,82090,413.52,478.97,30.55,54.2,481.44,506.28,583.5,583.5,0,,
2024-03-12,535.31,535.35,499.26,520.2,199143,414.82,478.97,30.95,51.57,474.55,507.82,583.5,583.5,0,,
2024-03-13,520.29,525.53,468.2,481.98,160247,415.92,468.2,32.83,43.19,445.05,507.66,583.5,583.5,0,,
2024-03-14,478.97,523.95,469.63,512.54,193620,417.2,468.2,34.37,50.16,463.74,508.62,583.5,583.5,0,,
2024-03-15,527.36,533.28,499.7,513.83,97720,418.6,468.2,34.31,50.44,464.61,509.86,583.5,583.5,0,,
2024-03-18,513.78,522.91,511.16,514.52,44340,419.96,468.2,32.7,50.6,466.13,511.59,583.5,583.5,0,,
2024-03-19,513.53,515.55,503.65,506.67,29064,421.19,468.2,31.21,48.7,462.06,513.17,583.5,583.5,0,,
2024-03-20,500.79,512.0,496.25,502.86,53446,422.28,468.2,30.11,47.76,460.34,514.11,583.5,583.5,0,,
2024-03-21,521.43,526.71,508.15,521.58,52092,423.27,468.2,29.66,52.59,472.71,515.71,583.5,583.5,0,,
2024-03-22,524.1,528.05,514.57,524.54,44541,424.25,468.2,28.51,53.33,475.39,516.01,583.5,583.5,0,,
2024-03-26,529.23,529.23,509.63,512.15,39794,425.17,468.2,27.87,49.84,467.82,516.32,583.5,583.5,0,,
2024-03-27,508.59,519.41,507.95,509.73,49694,426.0,468.2,26.7,49.17,467.04,517.37,583.5,583.5,0,,
2024-03-28,511.01,517.28,501.68,503.95,37241,426.82,468.2,25.91,47.51,463.84,517.91,583.5,583.5,0,,
2024-04-01,509.48,544.09,508.74,533.63,87951,427.76,468.2,26.92,55.75,482.31,519.18,583.5,583.5,0,,
2024-04-02,539.16,548.09,532.84,544.44,97836,428.87,468.2,26.09,58.32,489.84,520.44,583.5,583.5,0,,
2024-04-03,552.59,561.87,540.39,551.75,80192,430.01,468.2,25.76,60.01,494.77,522.08,571.55,583.5,0,,
2024-04-04,553.58,559.85,541.63,544.69,35192,431.27,468.2,25.22,57.58,490.58,523.09,561.87,571.55,0,,
2024-04-05,544.74,552.39,541.38,547.21,47487,432.57,469.63,24.21,58.23,493.36,524.52,561.87,561.87,0,,
2024-04-08,552.04,560.88,529.63,534.56,61714,433.77,496.25,24.71,53.78,493.74,525.26,561.87,561.87,0,,
2024-04-09,537.92,547.11,530.81,542.17,46098,435.04,496.25,24.11,55.96,499.04,525.33,561.87,561.87,0,,
2024-04-10,545.13,545.13,532.79,540.29,35000,436.32,496.25,23.27,55.27,498.39,525.33,561.87,561.87,0,,
2024-04-12,539.26,541.08,523.41,527.75,54614,437.46,496.25,22.87,50.75,490.57,525.64,561.87,561.87,0,,
2024-04-15,519.85,529.97,500.74,521.87,61478,438.51,500.74,23.32,48.73,487.97,526.17,561.87,561.87,0,,
2024-04-16,520.1,525.33,513.83,522.91,37125,439.46,500.74,22.48,49.12,489.2,527.24,561.87,561.87,0,,
2024-04-18,523.45,542.12,509.63,512.94,37285,440.34,500.74,23.19,45.59,482.3,527.76,561.87,561.87,0,,
2024-04-19,512.94,560.93,500.25,546.02,104758,441.43,500.25,25.87,56.71,501.69,526.92,561.87,561.87,0,,
2024-04-22,554.22,571.8,546.02,561.38,100033,442.7,500.25,25.86,60.72,511.6,527.18,571.8,561.87,0,,
2024-04-23,555.99,568.83,540.05,544.34,56979,443.88,500.25,26.07,54.66,500.47,527.32,571.8,571.8,0,,
2024-04-24,547.11,554.91,542.81,553.28,35315,445.09,500.25,25.07,57.08,506.9,527.86,571.8,571.8,0,,
2024-04-25,555.99,557.92,538.27,542.47,34210,446.26,500.25,24.69,53.38,500.19,527.56,571.8,571.8,0,,
2024-04-26,544.09,546.12,538.22,540.34,16982,447.5,500.25,23.49,52.65,499.61,527.89,571.8,571.8,0,,
2024-04-29,554.02,554.02,535.85,542.02,45779,448.69,500.25,23.11,53.19,500.95,528.61,571.8,571.8,0,,
2024-04-30,543.35,554.02,528.89,545.87,77975,449.9,500.25,23.25,54.47,503.33,530.74,571.8,571.8,0,,
2024-05-02,540.19,563.8,537.28,543.8,106165,451.1,500.25,23.49,53.62,501.84,531.79,571.8,571.8,0,,
2024-05-03,548.09,550.86,534.37,542.61,43525,452.36,500.25,22.99,53.11,501.41,532.74,571.8,571.8,0,,
2024-05-06,542.61,550.51,515.46,521.33,79318,453.52,500.25,23.85,44.84,487.11,532.97,571.8,571.8,0,,
2024-05-07,524.15,530.17,505.73,514.96,51157,454.63,500.25,23.89,42.7,482.97,533.25,571.8,571.8,0,,
2024-05-08,514.67,523.85,509.18,519.95,21902,455.79,500.25,23.23,44.92,486.63,533.82,571.8,571.8,0,,
2024-05-09,516.0,526.32,489.48,497.93,46309,456.87,489.48,24.2,37.93,468.19,533.03,571.8,571.8,0,,
2024-05-10,497.73,511.31,492.99,498.27,35375,457.88,489.48,23.78,38.09,468.69,532.15,571.8,571.8,0,,
2024-05-13,498.32,511.26,493.78,507.41,27458,458.93,489.48,23.33,42.39,474.88,532.0,571.8,571.8,0,,
2024-05-14,506.62,531.8,502.42,529.28,38451,460.12,489.48,23.77,51.14,488.7,532.65,571.8,571.8,0,,
2024-05-15,521.92,536.89,521.92,530.66,27228,461.31,489.48,23.14,51.64,490.01,533.54,571.8,571.8,0,,
2024-05-16,535.95,544.39,531.4,537.38,42226,462.52,489.48,22.46,54.1,494.79,533.66,571.8,571.8,0,,
2024-05-17,532.34,558.96,527.36,536.05,84786,463.68,489.48,23.12,53.52,493.5,533.38,571.8,571.8,0,,
2024-05-21,582.46,639.94,577.72,600.39,843024,465.22,489.48,28.89,70.18,531.15,535.0,639.94,571.8,1,600.39,531.15
2024-05-22,601.32,617.22,582.71,614.51,139637,466.89,489.48,29.29,72.5,539.99,537.33,639.94,639.94,0,,
2024-05-23,613.27,616.24,599.84,612.98,60607,468.58,489.48,28.37,71.85,539.62,539.52,639.94,639.94,0,,
2024-05-24,617.22,617.22,609.03,610.51,45242,470.26,489.48,26.93,70.74,538.99,542.06,639.94,639.94,0,,
2024-05-27,617.12,626.9,600.53,615.2,76229,471.93,489.48,26.89,71.64,542.04,544.49,639.94,639.94,0,,
2024-05-28,605.37,618.26,598.02,606.66,47892,473.47,489.48,26.41,67.58,536.85,546.7,639.94,639.94,0,,
2024-05-29,614.75,622.16,599.45,616.73,65959,475.14,489.48,26.15,69.75,543.52,549.67,639.94,639.94,0,,
2024-05-30,619.2,626.11,572.78,622.46,64126,476.91,489.48,28.09,70.95,545.92,553.02,639.94,639.94,0,,
2024-05-31,627.1,641.91,618.75,624.24,83620,478.73,492.99,27.74,71.33,548.47,556.4,641.91,639.94,0,,
2024-06-03,651.64,651.64,613.67,623.49,75011,480.56,493.78,28.47,70.91,547.77,560.08,651.64,641.91,0,,
2024-06-04,623.49,623.49,548.14,591.65,117862,482.22,502.42,31.82,55.87,527.88,561.6,651.64,651.64,0,,
2024-06-05,587.6,633.76,583.65,629.07,81116,484.14,521.92,33.12,65.21,557.64,563.86,651.64,651.64,0,,
2024-06-06,629.07,669.27,629.07,656.33,107067,486.35,527.36,33.63,70.16,576.7,567.59,669.27,651.64,1,656.33,576.7
2024-06-07,656.73,661.12,646.95,655.74,71917,488.61,527.36,32.24,69.93,577.25,571.01,669.27,669.27,0,,
2024-06-10,661.66,661.66,638.75,642.6,48358,490.77,548.14,31.57,64.79,576.14,574.35,669.27,669.27,0,,
2024-06-11,648.97,665.61,644.63,656.68,37381,492.97,548.14,30.96,67.54,585.63,578.23,669.27,669.27,0,,
2024-06-12,656.73,727.43,652.78,713.41,477693,495.55,548.14,34.08,75.76,620.14,583.94,727.43,669.27,1,713.41,620.14
2024-06-13,715.04,784.61,703.14,712.13,287848,498.09,548.14,37.47,75.3,617.06,589.48,784.61,727.43,0,,
2024-06-14,716.37,736.67,712.28,715.34,92760,500.66,548.14,36.54,75.7,619.75,595.2,784.61,784.61,0,,
2024-06-18,722.55,722.55,689.32,692.62,76061,502.86,548.14,36.31,67.36,605.25,600.2,784.61,784.61,0,,
2024-06-19,696.23,696.23,677.42,690.85,48045,505.06,548.14,35.06,66.74,604.94,605.85,784.61,784.61,0,,
2024-06-20,694.94,712.62,691.69,707.78,47584,507.37,548.14,34.11,69.61,616.49,612.28,784.61,784.61,0,,
2024-06-21,708.08,717.11,697.81,708.18,40797,509.62,548.14,33.05,69.68,617.46,618.55,784.61,784.61,0,,
2024-06-24,713.95,729.71,703.14,708.52,52930,511.83,548.14,32.59,69.74,617.98,625.57,784.61,784.61,0,,
2024-06-25,708.52,713.76,696.23,701.56,25039,514.01,548.14,31.51,66.79,614.21,632.35,784.61,784.61,0,,
2024-06-26,714.0,714.0,696.92,698.89,23202,515.96,583.65,30.48,65.65,625.01,638.73,784.61,784.61,0,,
2024-06-27,704.13,708.47,682.99,685.02,28126,517.78,629.07,30.12,59.9,631.45,643.92,784.61,784.61,0,,
2024-06-28,688.33,714.1,681.46,708.72,51385,519.76,638.75,30.3,65.46,649.84,649.86,784.61,784.61,0,,
2024-07-01,741.56,741.61,708.72,726.94,76338,521.89,638.75,30.49,69.02,661.47,656.18,784.61,784.61,0,,
2024-07-02,727.09,737.11,714.99,729.85,33812,523.98,644.63,29.89,69.56,665.7,662.64,784.61,784.61,0,,
2024-07-03,728.82,731.68,709.56,711.83,43960,525.85,652.78,29.34,62.32,657.17,666.35,784.61,784.61,0,,
2024-07-04,711.04,721.11,699.19,701.91,40099,527.67,677.42,28.81,58.7,659.33,669.26,784.61,784.61,0,,
2024-07-05,705.12,710.55,701.17,705.96,15604,529.48,677.42,27.42,59.73,662.87,672.36,784.61,784.61,0,,
2024-07-08,715.98,720.92,700.77,707.73,31296,531.35,677.42,26.9,60.2,664.36,675.6,784.61,784.61,0,,
2024-07-09,713.02,739.43,705.12,731.14,51634,533.42,677.42,27.43,65.84,679.11,679.47,784.61,784.61,0,,
2024-07-10,737.71,748.47,692.38,705.71,60754,535.33,681.46,29.48,56.48,662.69,682.77,784.61,784.61,0,,
2024-07-11,708.18,719.29,698.35,704.38,24015,537.22,681.46,28.87,56.03,662.23,685.69,784.61,784.61,0,,
2024-07-12,699.24,713.95,684.48,692.08,49995,539.06,681.46,28.91,51.92,654.27,688.01,748.47,784.61,0,,
2024-07-15,691.29,692.28,671.69,687.54,50997,540.86,671.69,28.31,50.45,648.48,690.12,748.47,748.47,0,,
2024-07-16,694.4,711.04,694.4,708.47,43455,542.86,671.69,27.97,56.56,662.21,692.95,748.47,748.47,0,,
2024-07-18,708.47,714.94,692.62,694.55,51408,544.71,671.69,27.57,51.97,653.5,696.38,748.47,748.47,0,,
2024-07-19,698.01,698.01,675.49,677.56,49134,546.48,671.69,27.21,46.96,642.79,698.0,748.47,748.47,0,,
2024-07-22,696.23,715.98,675.49,677.32,109323,548.26,671.69,28.16,46.89,642.0,698.7,748.47,748.47,0,,
2024-07-23,687.49,703.14,650.8,677.66,116864,550.04,650.8,29.88,47.01,634.1,699.43,748.47,748.47,0,,
2024-07-24,672.67,715.98,672.67,709.21,56601,552.06,650.8,30.84,56.66,653.81,701.65,748.47,748.47,0,,
2024-07-25,720.23,726.55,707.98,718.1,57505,554.11,650.8,29.97,58.93,660.13,703.7,748.47,748.47,0,,
2024-07-26,718.94,741.85,716.18,719.24,71082,556.19,650.8,29.66,59.23,661.07,703.89,748.47,748.47,0,,
2024-07-29,729.95,776.71,729.95,759.78,263282,558.55,650.8,31.65,68.02,685.89,705.48,776.71,748.47,1,759.78,685.89
2024-07-30,778.2,798.93,770.29,787.63,175586,561.14,650.8,32.18,72.42,703.5,707.89,798.93,776.71,0,,
2024-07-31,788.56,819.67,778.2,816.27,105819,563.86,650.8,32.84,76.07,721.53,712.01,819.67,798.93,0,,
2024-08-01,816.27,832.51,789.75,796.96,65573,566.48,650.8,33.55,69.4,708.6,715.55,832.51,819.67,0,,
2024-08-02,790.05,813.15,780.52,802.74,62267,569.11,650.8,33.49,70.24,712.38,718.72,832.51,832.51,0,,
2024-08-05,780.22,807.58,758.44,778.69,92974,571.49,650.8,34.61,62.55,696.12,721.07,832.51,832.51,0,,
2024-08-06,780.96,809.85,780.17,789.7,59340,573.93,650.8,34.36,64.47,703.38,723.77,832.51,832.51,0,,
2024-08-07,807.82,846.63,787.08,831.28,114298,576.62,650.8,36.16,70.6,729.0,728.1,846.63,832.51,0,,
2024-08-08,831.28,876.8,826.63,848.07,133943,579.44,650.8,37.16,72.65,739.17,733.07,876.8,846.63,1,848.07,739.17
2024-08-09,851.08,860.16,830.54,854.68,55350,582.3,650.8,36.62,73.43,743.79,738.72,876.8,876.8,0,,
2024-08-12,854.29,883.47,834.54,869.94,62091,585.28,650.8,37.5,75.2,753.04,744.1,883.47,876.8,0,,
2024-08-13,888.65,888.65,698.2,765.65,443589,587.24,672.67,48.42,50.45,685.78,745.39,888.65,883.47,0,,
2024-08-14,763.38,833.45,740.67,822.14,204791,589.25,698.2,51.59,58.43,728.62,748.46,888.65,888.65,0,,
2024-08-16,839.42,841.4,809.99,829.94,91625,591.44,698.2,50.15,59.4,734.61,752.4,888.65,888.65,0,,
2024-08-19,823.67,829.5,795.72,799.58,78428,593.47,698.2,49.01,54.1,715.79,755.66,888.65,888.65,0,,
2024-08-20,809.06,809.06,776.76,787.73,73809,595.44,698.2,47.82,52.14,708.94,758.38,888.65,888.65,0,,
2024-08-21,791.58,841.4,781.7,813.75,123709,597.61,698.2,48.67,55.91,725.16,761.92,888.65,888.65,0,,
2024-08-22,814.93,825.2,808.12,820.36,22040,599.87,698.2,46.41,56.84,730.92,764.89,888.65,888.65,0,,
2024-08-23,815.38,817.6,799.92,804.22,29898,602.05,698.2,44.56,53.85,721.75,768.17,888.65,888.65,0,,
2024-08-26,809.8,836.46,802.98,833.3,52346,604.44,698.2,43.77,58.13,741.03,772.47,888.65,888.65,0,,
2024-08-27,838.24,839.42,825.01,833.84,29848,606.81,698.2,41.67,58.2,742.78,777.2,888.65,888.65,0,,
2024-08-28,838.24,847.32,819.28,828.91,31506,609.16,698.2,40.7,57.17,740.25,781.91,888.65,888.65,0,,
2024-08-29,822.64,827.03,794.98,802.54,33536,611.45,698.2,40.21,51.84,723.56,785.04,888.65,888.65,0,,
2024-08-30,810.54,826.29,805.9,809.6,24650,613.7,698.2,39.04,53.1,728.9,788.88,888.65,888.65,0,,
2024-09-02,817.2,818.69,796.96,806.79,26130,615.91,698.2,37.8,52.51,727.91,793.19,888.65,888.65,0,,
2024-09-03,809.8,833.89,801.45,829.8,42789,618.26,698.2,37.42,56.74,743.01,798.27,888.65,888.65,0,,
2024-09-04,829.55,887.96,812.91,883.27,114593,621.09,740.67,40.11,64.63,789.86,805.12,888.65,888.65,0,,
2024-09-05,888.8,917.44,884.95,895.07,158701,623.88,776.76,39.68,66.1,809.79,811.32,917.44,888.65,1,895.07,809.79
2024-09-06,893.25,916.45,884.11,889.99,62292,626.63,776.76,39.16,64.85,806.86,817.05,917.44,917.44,0,,
2024-09-09,882.88,908.55,855.52,887.52,61114,629.38,776.76,40.15,64.21,804.61,822.66,917.44,917.44,0,,
2024-09-10,888.8,902.08,873.89,880.41,51152,632.01,781.7,39.29,62.32,802.24,826.68,917.44,917.44,0,,
2024-09-11,896.7,940.25,886.83,904.06,102613,634.81,794.98,40.76,65.92,820.94,830.56,940.25,917.44,0,,
2024-09-12,917.93,917.93,881.69,886.83,77682,637.55,794.98,40.44,61.32,810.04,832.91,940.25,940.25,0,,
2024-09-13,892.75,902.13,880.65,894.83,23189,640.43,794.98,39.08,62.63,816.1,836.17,940.25,940.25,0,,
2024-09-16,905.2,905.2,871.91,875.96,25106,643.2,794.98,38.67,57.69,804.21,838.62,940.25,940.25,0,,
2024-09-17,873.38,893.65,864.54,889.68,27569,645.97,794.98,37.99,60.15,813.51,842.31,940.25,940.25,0,,
2024-09-18,882.67,890.12,859.47,866.92,25852,648.59,794.98,37.46,54.49,799.18,844.89,940.25,940.25,0,,
2024-09-19,877.55,889.38,840.98,854.45,63110,650.85,796.96,38.24,51.63,791.28,845.66,940.25,940.25,0,,
2024-09-20,854.4,899.32,843.02,873.93,61318,653.33,796.96,39.53,55.56,802.98,846.52,940.25,940.25,0,,
2024-09-23,867.32,875.17,847.94,859.47,34385,655.87,801.45,38.66,52.17,795.74,846.68,940.25,940.25,0,,
2024-09-24,863.44,863.44,832.74,835.57,31458,658.19,812.91,38.09,47.06,784.52,845.54,940.25,940.25,0,,
2024-09-25,839.64,852.76,827.97,847.49,35299,660.53,827.97,37.14,49.71,797.86,848.26,940.25,940.25,0,,
2024-09-26,851.67,851.67,825.18,829.66,22552,662.69,825.18,36.38,46.0,785.94,848.52,940.25,940.25,0,,
2024-09-27,836.31,844.66,819.52,824.94,21167,664.84,819.52,35.57,45.04,781.54,848.35,940.25,940.25,0,,
2024-09-30,827.42,848.34,816.14,830.7,38720,666.94,816.14,35.33,46.51,784.29,849.39,940.25,940.25,0,,
2024-10-01,833.18,876.36,828.76,852.21,39034,669.26,816.14,36.21,51.68,797.58,851.54,940.25,940.25,0,,
2024-10-03,844.46,869.8,832.39,858.13,31010,671.57,816.14,36.3,53.02,801.34,853.02,940.25,940.25,0,,
2024-10-04,863.54,889.97,855.59,878.4,45287,673.83,816.14,36.16,57.4,814.51,854.95,940.25,940.25,0,,
2024-10-07,889.38,892.31,835.72,846.0,42843,675.86,816.14,37.62,49.47,792.64,856.34,940.25,940.25,0,,
2024-10-08,824.79,866.42,822.6,855.84,24161,678.11,816.14,38.06,51.65,798.69,857.09,940.25,940.25,0,,
2024-10-09,869.5,903.29,860.36,890.07,28950,680.67,816.14,38.73,58.39,820.32,858.97,940.25,940.25,0,,
2024-10-10,901.3,933.5,898.32,913.08,46773,683.49,816.14,39.07,62.21,834.94,861.77,933.5,940.25,0,,
2024-10-11,903.29,953.77,901.1,944.83,65365,686.47,816.14,40.04,66.74,854.77,866.52,953.77,933.5,1,944.83,854.77
2024-10-14,954.17,979.81,949.1,968.58,88017,689.12,816.14,39.68,69.67,870.33,871.82,979.81,953.77,0,,
2024-10-15,970.81,998.69,956.01,991.58,110915,692.04,816.14,39.89,72.22,885.02,877.98,998.69,979.81,0,,
2024-10-16,980.11,1014.59,980.11,1010.46,61466,695.18,816.14,39.51,74.14,897.46,884.0,1014.59,998.69,0,,
2024-10-17,998.89,1054.49,977.17,992.82,107758,698.21,816.14,42.21,69.31,884.28,887.65,1054.49,1014.59,0,,
2024-10-18,992.82,1038.09,982.84,1014.24,40602,701.3,816.14,43.14,71.72,897.47,891.62,1054.49,1054.49,0,,
2024-10-21,1017.47,1021.29,990.74,996.65,25585,704.41,816.14,42.24,67.07,886.73,895.18,1054.49,1054.49,0,,
2024-10-22,987.56,996.65,937.08,942.89,46248,707.23,822.6,43.48,55.26,853.38,897.02,1054.49,1054.49,0,,
2024-10-23,929.13,967.44,920.18,949.85,26646,710.34,822.6,43.75,56.34,857.69,899.34,1054.49,1054.49,0,,
2024-10-24,958.89,991.58,951.98,981.6,22281,713.47,822.6,43.6,60.93,878.26,901.92,1054.49,1054.49,0,,
2024-10-25,986.76,986.76,945.03,957.35,31505,716.43,822.6,43.47,56.08,862.71,904.27,1054.49,1054.49,0,,
2024-10-28,944.43,954.27,899.91,930.87,43674,719.2,822.6,44.47,51.27,844.97,905.47,1054.49,1054.49,0,,
2024-10-29,934.1,1039.38,933.7,981.15,70643,722.37,860.36,49.04,58.54,886.93,908.98,1054.49,1054.49,0,,
2024-10-30,998.64,1025.27,993.72,1009.77,25667,725.75,898.32,48.69,62.01,918.28,912.98,1054.49,1054.49,0,,
2024-10-31,1011.76,1135.82,1010.66,1108.99,124909,729.66,899.91,54.22,71.06,979.12,921.05,1135.82,1054.49,1,1108.99,979.12
2024-11-01,1127.87,1134.18,1078.24,1090.51,19353,733.44,899.91,54.34,67.82,967.12,928.92,1135.82,1135.82,0,,
2024-11-04,1108.84,1108.84,1021.54,1027.7,72891,736.87,899.91,56.69,58.12,925.04,934.05,1135.82,1135.82,0,,
2024-11-05,1027.41,1083.15,1022.59,1038.44,74756,740.4,899.91,56.97,59.19,931.78,940.01,1135.82,1135.82,0,,
2024-11-06,1043.6,1190.72,1043.6,1121.46,181754,744.51,899.91,63.78,66.38,980.79,949.54,1190.72,1135.82,0,,
2024-11-07,1132.64,1161.66,1052.15,1065.32,78341,748.06,899.91,67.04,58.83,942.41,956.8,1190.72,1190.72,0,,
2024-11-08,1073.22,1139.7,1044.7,1071.63,59471,751.57,899.91,69.04,59.39,945.14,964.87,1190.72,1190.72,0,,
2024-11-11,1063.28,1100.0,1004.6,1017.97,42844,754.68,899.91,70.92,52.83,909.28,971.3,1190.72,1190.72,0,,
2024-11-12,1017.57,1073.07,939.46,982.89,117333,757.6,899.91,75.4,49.02,883.67,976.38,1190.72,1190.72,0,,
2024-11-13,988.75,1045.69,928.23,1000.92,81564,760.63,899.91,78.41,50.97,893.29,981.33,1190.72,1190.72,0,,
2024-11-14,1015.43,1056.27,1003.46,1018.61,50965,763.85,899.91,76.76,52.89,905.8,986.68,1190.72,1190.72,0,,
2024-11-18,1018.61,1043.41,973.94,977.97,33315,766.76,899.91,76.24,48.23,879.94,990.0,1190.72,1190.72,0,,
2024-11-19,992.03,1021.54,945.23,952.93,26750,769.51,928.23,76.24,45.57,873.22,993.57,1190.72,1190.72,0,,
2024-11-21,952.98,978.81,915.51,920.78,43092,772.13,915.51,75.32,42.34,848.86,995.73,1190.72,1190.72,0,,
2024-11-22,916.21,986.66,899.56,955.66,72427,775.02,899.56,76.16,46.75,865.48,997.92,1190.72,1190.72,0,,
2024-11-25,955.66,1142.78,955.66,1035.26,209707,778.44,899.56,84.09,55.18,911.54,1001.99,1190.72,1190.72,0,,
2024-11-26,1035.41,1059.95,991.73,1017.87,75848,781.8,899.56,82.95,53.2,901.08,1004.42,1190.72,1190.72,0,,
2024-11-27,1018.51,1037.05,998.74,1007.13,35922,784.88,899.56,79.76,51.96,896.28,1005.71,1190.72,1190.72,0,,
2024-11-28,1013.99,1049.37,1003.66,1036.95,36694,788.05,899.56,77.33,55.09,917.13,1007.22,1190.72,1190.72,0,,
2024-11-29,1043.65,1121.91,1030.54,1086.28,171850,791.66,899.56,78.33,59.76,948.28,1009.75,1190.72,1190.72,0,,
2024-12-02,1085.04,1132.84,1063.38,1116.79,57046,795.42,899.56,77.7,62.37,968.38,1013.88,1190.72,1190.72,0,,
2024-12-03,1116.79,1123.4,1086.14,1096.82,37648,799.11,899.56,74.81,59.64,957.43,1016.63,1190.72,1190.72,0,,
2024-12-04,1088.12,1117.93,1064.27,1083.25,27864,802.73,899.56,73.3,57.8,949.68,1019.52,1190.72,1190.72,0,,
2024-12-05,1092.89,1104.02,1065.52,1079.87,20708,806.32,899.56,70.82,57.32,949.16,1024.09,1190.72,1190.72,0,,
2024-12-06,1089.76,1157.63,1086.23,1137.06,92431,810.26,899.56,71.31,62.89,985.72,1030.33,1161.66,1190.72,0,,
2024-12-09,1157.68,1171.45,1088.12,1098.46,59224,813.96,899.56,72.17,57.44,960.25,1034.22,1171.45,1161.66,0,,
2024-12-10,1106.01,1108.0,1036.5,1089.41,38961,817.6,899.56,72.12,56.21,954.44,1038.62,1171.45,1171.45,0,,
2024-12-11,1096.77,1112.67,1043.41,1058.66,42564,821.19,899.56,71.92,52.13,934.74,1042.88,1171.45,1171.45,0,,
2024-12-12,1068.1,1076.69,1044.4,1051.75,21058,824.76,899.56,69.09,51.22,932.17,1045.24,1171.45,1171.45,0,,
2024-12-13,1051.75,1059.25,1014.59,1036.1,21179,828.21,955.66,67.34,49.15,941.94,1046.11,1171.45,1171.45,0,,
2024-12-16,1046.29,1089.07,1017.62,1072.17,41734,832.03,991.73,67.64,53.79,977.04,1044.89,1171.45,1171.45,0,,
2024-12-17,1072.17,1103.03,1046.44,1061.94,28272,835.79,998.74,66.85,52.33,973.3,1043.94,1171.45,1171.45,0,,
2024-12-18,1070.88,1072.02,1046.39,1050.06,13814,839.41,1003.66,63.9,50.62,969.24,1044.68,1171.45,1171.45,0,,
2024-12-19,1018.56,1054.39,1013.59,1018.81,32762,842.67,1013.59,62.25,46.32,953.49,1044.03,1171.45,1171.45,0,,
2024-12-20,1027.85,1046.39,1013.59,1025.07,16357,845.97,1013.59,60.15,47.28,958.93,1040.81,1171.45,1171.45,0,,
2024-12-23,1035.11,1035.11,993.82,1015.88,15575,849.16,993.82,58.8,45.97,947.31,1039.16,1171.45,1171.45,0,,
2024-12-24,1013.59,1053.24,999.68,1025.12,25820,852.42,993.82,58.43,47.55,953.52,1037.61,1171.45,1171.45,0,,
2024-12-26,1027.26,1063.28,1002.91,1042.16,24556,855.36,993.82,58.57,50.41,964.42,1038.42,1171.45,1171.45,0,,
2024-12-27,1066.21,1071.23,1020.2,1037.0,13678,858.18,993.82,58.03,49.53,961.45,1040.22,1171.45,1171.45,0,,
2024-12-30,1042.21,1071.08,1008.63,1021.49,17947,860.9,993.82,58.34,46.87,951.24,1040.91,1171.45,1171.45,0,,
2024-12-31,1015.23,1048.37,991.73,1034.61,20248,863.73,991.73,58.22,49.35,959.09,1041.44,1171.45,1171.45,0,,
2025-01-01,1041.67,1061.19,1013.69,1037.44,52559,866.55,991.73,57.46,49.89,961.42,1043.43,1171.45,1171.45,0,,
2025-01-02,1046.68,1049.37,1008.62,1015.73,28476,869.27,991.73,56.26,45.84,948.21,1045.52,1171.45,1171.45,0,,
2025-01-03,1015.73,1028.45,994.86,1003.71,23031,871.85,991.73,54.64,43.72,941.54,1048.28,1171.45,1171.45,0,,
2025-01-06,995.96,1028.5,983.78,995.61,35743,874.34,983.78,53.93,42.3,934.14,1049.62,1171.45,1171.45,0,,
2025-01-07,1003.66,1027.51,998.74,1022.34,19127,877.0,983.78,52.36,48.26,952.43,1049.18,1112.67,1171.45,0,,
2025-01-08,1038.44,1068.2,1008.23,1049.02,34521,879.83,983.78,52.9,53.44,969.28,1050.22,1112.67,1112.67,0,,
2025-01-09,1041.42,1068.25,993.82,1009.67,29558,882.62,983.78,54.44,46.11,942.87,1050.31,1103.03,1112.67,0,,
2025-01-10,993.62,1039.38,956.55,982.54,87446,884.98,956.55,56.47,41.85,914.94,1048.49,1103.03,1103.03,0,,
2025-01-13,942.05,973.25,896.33,924.61,70624,886.76,896.33,58.59,34.52,856.09,1043.1,1103.03,1103.03,0,,
2025-01-14,942.1,988.75,942.1,978.81,17471,888.92,896.33,58.99,44.35,890.78,1038.51,1103.03,1103.03,0,,
2025-01-15,978.81,1004.2,970.86,998.39,33182,891.29,896.33,57.16,47.42,904.63,1035.22,1072.02,1103.03,0,,
2025-01-16,998.64,1016.23,992.82,997.84,14662,893.56,896.33,54.75,47.34,905.89,1032.38,1071.23,1072.02,0,,
2025-01-17,995.76,1042.96,993.72,1000.97,45812,895.48,896.33,54.35,47.87,908.17,1029.75,1071.23,1071.23,0,,
2025-01-20,1003.66,1027.01,987.66,1006.24,34653,897.44,896.33,53.28,48.81,912.28,1025.39,1071.23,1071.23,0,,
2025-01-21,1008.62,1018.51,989.74,993.17,24934,899.29,896.33,51.53,46.57,905.02,1021.88,1071.23,1071.23,0,,
2025-01-22,1008.08,1012.6,955.26,972.6,39709,901.16,896.33,51.95,43.21,891.47,1017.98,1071.23,1071.23,0,,
2025-01-23,972.6,1015.48,972.6,1008.13,23642,903.28,896.33,51.3,49.93,914.82,1016.3,1071.23,1071.23,0,,
2025-01-24,1010.41,1010.41,953.97,965.25,57498,904.99,896.33,51.67,43.27,886.92,1013.42,1071.08,1071.23,0,,
2025-01-27,954.02,963.86,887.74,903.04,60577,906.29,887.74,53.51,35.82,842.7,1008.98,1068.25,1071.08,0,,
2025-01-28,902.79,927.04,827.77,894.84,87946,907.53,827.77,56.78,34.96,815.24,1003.07,1068.25,1068.25,0,,
2025-01-29,903.74,1025.47,897.18,953.13,108650,909.21,827.77,62.06,45.01,849.32,999.44,1068.25,1068.25,0,,
2025-01-30,962.57,977.82,935.69,962.27,23559,910.97,827.77,60.63,46.41,856.17,996.52,1068.25,1068.25,0,,
2025-01-31,967.78,982.74,940.06,962.27,33770,912.82,827.77,59.35,46.41,857.02,994.63,1068.25,1068.25,0,,
2025-02-01,969.87,980.06,949.0,972.9,14117,914.58,827.77,57.33,48.19,865.22,992.89,1068.25,1068.25,0,,
2025-02-03,967.93,968.83,946.02,958.79,11477,916.12,827.77,55.15,46.01,857.57,990.99,1068.25,1068.25,0,,
2025-02-04,963.91,1018.56,955.56,997.89,21535,917.91,827.77,55.71,52.43,882.42,990.08,1068.25,1068.25,0,,
2025-02-05,1012.85,1038.54,983.78,1022.34,70041,919.98,827.77,55.65,55.96,898.24,989.42,1042.96,1068.25,0,,
2025-02-06,1032.47,1071.92,1014.54,1026.41,43572,922.14,827.77,55.77,56.54,900.78,989.07,1071.92,1042.96,0,,
2025-02-07,1030.98,1048.37,973.84,993.07,32215,924.06,827.77,57.11,50.67,878.38,988.12,1071.92,1071.92,0,,
2025-02-10,1013.59,1013.59,954.82,959.63,24195,925.74,827.77,57.23,45.56,856.73,985.62,1071.92,1071.92,0,,
2025-02-11,952.23,961.82,816.94,836.31,191587,926.44,816.94,63.49,32.54,769.41,978.92,1071.92,1071.92,0,,
2025-02-12,810.87,870.55,780.77,852.36,144564,927.41,780.77,65.37,35.14,766.45,973.47,1071.92,1071.92,0,,
2025-02-13,839.69,872.49,822.85,829.85,74895,928.25,780.77,64.24,33.21,752.68,967.68,1071.92,1071.92,0,,
2025-02-14,840.69,844.56,755.23,764.07,96534,928.73,755.23,66.04,28.31,700.54,959.96,1071.92,1071.92,0,,
2025-02-17,763.47,791.45,732.92,759.7,106859,929.21,732.92,65.5,28.01,690.65,951.2,1071.92,1071.92,0,,
2025-02-18,759.2,774.26,716.47,725.32,54268,929.32,716.47,64.95,25.74,663.36,940.41,1071.92,1071.92,0,,
2025-02-19,716.47,765.36,660.92,671.11,289544,929.17,660.92,67.77,22.61,607.99,929.13,1071.92,1071.92,0,,
2025-02-20,688.25,805.31,688.25,792.89,770352,929.94,660.92,72.51,40.17,683.38,922.81,1071.92,1071.92,0,,
2025-02-21,811.87,811.87,752.69,785.63,282078,930.66,660.92,71.56,39.59,679.33,918.17,1071.92,1071.92,0,,
2025-02-24,755.57,846.6,755.57,808.04,204729,931.53,660.92,72.95,42.34,692.86,912.48,1071.92,1071.92,0,,
2025-02-25,808.04,830.75,797.56,815.64,62443,932.24,660.92,70.11,43.29,699.65,906.39,1071.92,1071.92,0,,
2025-02-27,803.92,816.79,777.63,788.32,50573,932.71,660.92,67.9,40.71,683.51,899.41,1071.92,1071.92,0,,
2025-02-28,780.07,794.78,745.29,758.21,76069,932.97,660.92,66.59,38.02,664.96,891.31,1071.92,1071.92,0,,
2025-03-03,776.09,861.36,772.72,821.31,715271,933.38,660.92,69.2,46.06,703.92,885.15,1071.92,1071.92,0,,
2025-03-04,796.17,902.3,796.17,885.7,309249,934.03,660.92,71.84,52.79,743.69,881.57,1071.92,1071.92,0,,
2025-03-05,865.53,893.65,854.6,878.89,105444,934.45,660.92,69.49,52.05,740.86,878.44,1071.92,1071.92,0,,
2025-03-06,883.32,924.26,883.32,897.18,108026,935.12,660.92,67.77,53.92,753.81,874.75,1071.92,1071.92,0,,
2025-03-07,906.27,938.52,889.38,918.25,80813,935.89,660.92,66.44,56.04,768.28,873.18,1048.37,1071.92,0,,
2025-03-10,932.01,939.06,887.39,910.3,124552,936.76,660.92,65.39,55.01,763.86,873.42,1013.59,1048.37,0,,
2025-03-11,895.34,939.06,880.48,928.13,67509,937.69,660.92,64.9,56.92,775.68,874.53,961.82,1013.59,0,,
2025-03-12,934.15,939.06,879.44,882.77,63817,938.03,660.92,64.52,50.99,746.68,872.18,939.06,961.82,0,,
2025-03-13,887.39,902.3,871.54,887.39,46874,938.29,688.25,62.11,51.54,760.38,869.69,939.06,939.06,0,,
2025-03-17,892.36,892.36,846.65,867.62,56163,938.38,745.29,60.94,48.99,767.42,866.53,939.06,939.06,0,,
2025-03-18,867.62,867.62,867.62,867.62,0,938.36,745.29,56.59,48.99,770.32,863.02,939.06,939.06,0,,
2025-03-19,906.97,934.1,904.28,915.61,51987,939.36,745.29,57.29,55.23,800.8,861.59,939.06,939.06,0,,
2025-03-20,916.21,934.05,897.33,913.82,64855,939.97,745.29,55.82,54.96,800.63,858.78,939.06,939.06,0,,
2025-03-21,913.77,931.11,903.24,918.35,69853,940.56,745.29,53.83,55.55,804.88,855.32,939.06,939.06,0,,
2025-03-24,944.03,973.84,942.1,964.85,107456,941.66,772.72,53.95,61.2,843.94,853.26,973.84,939.06,1,964.85,843.94
2025-03-25,979.31,1003.46,946.02,983.53,85077,942.97,796.17,54.2,63.22,863.64,852.95,1003.46,973.84,0,,
2025-03-26,978.81,1063.28,964.85,1021.79,278620,944.36,846.65,57.35,67.01,903.03,855.02,1063.28,1003.46,0,,
2025-03-27,1023.53,1078.24,1021.59,1038.04,98071,945.81,846.65,57.3,68.5,913.55,861.74,1078.24,1063.28,0,,
2025-03-28,1023.63,1061.14,1018.96,1033.96,55390,947.34,846.65,56.22,67.67,911.64,867.8,1078.24,1078.24,0,,
2025-04-01,1025.52,1044.85,995.86,1009.47,43457,948.51,846.65,55.71,62.79,896.19,873.78,1078.24,1078.24,0,,
2025-04-02,1030.49,1048.32,990.09,1042.01,58332,949.9,846.65,55.89,66.27,917.05,883.05,1078.24,1078.24,0,,
2025-04-03,1053.89,1077.34,1008.63,1012.15,53108,951.12,846.65,56.8,60.66,897.18,891.46,1078.24,1078.24,0,,
2025-04-04,1023.58,1036.15,954.12,977.22,109174,952.29,846.65,58.61,54.82,873.45,899.86,1078.24,1078.24,0,,
2025-04-07,827.22,966.19,808.14,924.46,139314,953.05,808.14,66.5,47.39,821.33,908.3,1078.24,1078.24,0,,
2025-04-08,943.98,960.68,914.22,918.64,48983,953.8,808.14,65.07,46.64,818.53,912.5,1078.24,1078.24,0,,
2025-04-09,912.23,912.23,873.48,886.7,51053,954.18,808.14,63.64,42.65,798.87,915.87,1078.24,1078.24,0,,
2025-04-11,920.48,973.84,914.27,960.98,57767,954.7,808.14,65.32,52.77,845.66,920.96,1078.24,1078.24,0,,
2025-04-15,993.72,1125.09,984.88,1062.98,407939,955.82,808.14,72.38,62.55,906.75,929.21,1125.09,1078.24,0,,
2025-04-16,1063.28,1096.67,1053.34,1060.8,80836,956.95,808.14,70.3,62.25,906.73,938.29,1125.09,1125.09,0,,
2025-04-17,1048.37,1132.84,1048.37,1077.29,177071,958.22,808.14,71.32,63.66,916.69,948.93,1132.84,1125.09,0,,
2025-04-21,1048.37,1112.07,1048.37,1059.11,95588,959.41,808.14,70.77,60.97,905.33,956.85,1132.84,1132.84,0,,
2025-04-22,1070.73,1070.73,1023.53,1032.18,54441,960.26,808.14,69.09,57.11,889.08,961.74,1132.84,1132.84,0,,
2025-04-23,1047.68,1061.29,1000.77,1017.97,71108,961.14,808.14,68.48,55.13,880.32,966.37,1132.84,1132.84,0,,
2025-04-24,1028.1,1048.27,1003.66,1014.09,56063,961.93,808.14,66.77,54.58,878.95,970.27,1132.84,1132.84,0,,
2025-04-25,1006.64,1029.29,970.66,994.22,67496,962.72,808.14,66.19,51.7,866.53,972.8,1132.84,1132.84,0,,
2025-04-28,969.37,1008.53,969.37,982.19,44583,963.34,808.14,64.26,49.98,860.05,975.2,1132.84,1132.84,0,,
2025-04-29,991.63,1022.54,961.03,968.78,57528,964.02,808.14,64.06,48.06,851.53,976.55,1132.84,1132.84,0,,
2025-04-30,973.84,984.28,952.08,959.44,37100,964.72,808.14,61.79,46.72,847.03,979.11,1132.84,1132.84,0,,
2025-05-02,964.31,976.23,950.0,961.72,27061,965.3,873.48,59.25,47.11,871.97,981.59,1132.84,1132.84,0,,
2025-05-05,973.55,980.8,951.29,973.7,25043,966.07,873.48,57.12,49.21,881.11,985.12,1132.84,1132.84,0,,
2025-05-06,983.78,984.78,934.29,945.18,55043,966.8,914.27,56.65,44.66,876.63,987.71,1132.84,1132.84,0,,
2025-05-07,922.22,988.7,922.22,969.97,37178,967.61,922.22,57.35,49.06,894.8,989.52,1132.84,1132.84,0,,
2025-05-08,971.01,1003.21,956.55,986.37,63216,968.66,922.22,56.59,51.8,905.89,991.94,1132.84,1132.84,0,,
2025-05-09,936.48,986.76,919.19,976.38,72399,969.67,919.19,57.37,50.04,897.91,993.87,1132.84,1132.84,0,,
2025-05-12,1028.45,1028.45,979.16,995.01,39204,970.76,919.19,56.99,53.23,910.18,994.88,1132.84,1132.84,0,,
2025-05-13,1002.96,1022.54,985.27,998.79,48617,971.74,919.19,55.58,53.87,913.56,995.39,1132.84,1132.84,0,,
2025-05-14,998.79,1022.54,980.06,998.14,54440,972.67,919.19,54.65,53.74,913.76,994.6,1132.84,1132.84,0,,
2025-05-15,998.69,1022.44,969.57,977.32,38510,973.33,919.19,54.52,49.4,900.42,992.57,1132.84,1132.84,0,,
2025-05-16,977.37,983.14,945.18,950.64,59424,974.03,919.19,53.34,44.45,884.0,989.8,1132.84,1132.84,0,,
2025-05-19,953.97,968.33,929.13,940.8,44711,974.6,919.19,52.33,42.75,878.33,987.51,1112.07,1132.84,0,,
2025-05-20,959.44,967.88,929.18,941.1,31342,974.94,919.19,51.36,42.82,879.17,984.14,1070.73,1112.07,0,,
2025-05-21,955.21,968.88,937.33,950.19,37449,975.18,919.19,49.94,45.07,885.98,982.08,1061.29,1070.73,0,,
2025-05-22,950.0,968.93,936.08,964.85,49390,975.32,919.19,48.72,48.59,896.25,981.67,1048.27,1061.29,0,,
2025-05-23,896.88,934.1,865.58,911.64,399961,974.94,865.58,52.33,38.87,841.65,981.24,1029.29,1048.27,0,,
2025-05-26,929.13,933.1,901.3,905.97,61033,974.37,865.58,50.86,38.0,838.97,980.82,1028.45,1029.29,0,,
2025-05-27,914.22,930.12,904.68,924.21,43493,973.79,865.58,49.05,42.47,851.94,982.07,1028.45,1028.45,0,,
2025-05-28,929.13,939.06,912.33,933.0,61626,973.39,865.58,47.45,44.54,858.68,981.13,1028.45,1028.45,0,,
2025-05-29,932.11,938.97,915.41,933.75,33206,972.86,865.58,45.75,44.73,860.3,976.83,1028.45,1028.45,0,,
2025-05-30,924.41,937.67,901.85,906.62,42366,972.26,865.58,45.04,39.63,843.27,971.69,1028.45,1028.45,0,,
2025-06-02,903.29,929.08,899.81,908.21,40332,972.03,865.58,43.91,40.06,845.05,966.05,1028.45,1028.45,0,,
2025-06-03,922.17,936.03,906.52,917.5,27706,971.81,865.58,42.88,42.64,851.73,961.33,1028.45,1028.45,0,,
2025-06-04,919.24,926.64,907.32,915.22,15758,971.37,865.58,41.2,42.16,851.38,957.43,1028.45,1028.45,0,,
2025-06-05,934.1,934.1,907.32,913.97,33393,971.08,865.58,40.17,41.88,851.26,953.97,1028.45,1028.45,0,,
2025-06-06,919.19,919.64,904.28,908.86,33143,970.93,865.58,38.4,40.7,849.14,950.46,1028.45,1028.45,0,,
2025-06-09,909.2,919.64,901.65,915.36,33631,970.49,865.58,36.94,42.91,854.31,947.83,1022.54,1028.45,0,,
2025-06-10,914.32,917.1,889.38,894.79,141450,969.73,865.58,36.28,38.08,841.48,944.92,1022.54,1022.54,0,,
2025-06-11,896.43,923.17,894.35,918.2,61133,968.45,865.58,35.75,45.58,856.93,943.23,1022.44,1022.54,0,,
2025-06-12,924.16,947.76,915.27,924.8,56864,967.35,865.58,35.52,47.51,861.35,942.08,983.14,1022.44,0,,
2025-06-13,900.31,929.57,900.31,926.69,34762,966.68,889.38,35.07,48.08,870.8,940.91,968.93,983.14,0,,
2025-06-16,917.45,955.91,905.43,930.57,48246,965.96,889.38,36.17,49.3,872.56,939.47,968.93,968.93,0,,
2025-06-17,921.28,937.92,904.28,906.27,36037,964.52,889.38,35.99,42.58,857.01,938.17,968.93,968.93,0,,
2025-06-18,902.89,916.21,890.37,892.66,29231,963.37,889.38,35.26,39.35,848.72,935.6,968.93,968.93,0,,
2025-06-19,899.32,901.6,863.0,873.43,46792,962.05,863.0,35.5,35.27,827.36,931.83,955.91,968.93,0,,
2025-06-20,879.44,887.49,869.5,878.85,24509,961.12,863.0,34.25,37.25,831.69,928.58,955.91,955.91,0,,
2025-06-23,873.63,880.34,860.06,873.48,36303,960.39,860.06,33.25,36.07,827.91,924.53,955.91,955.91,0,,
2025-06-24,894.35,894.35,879.09,887.89,28593,959.64,860.06,32.37,41.41,837.8,920.83,955.91,955.91,0,,
2025-06-25,894.84,909.95,884.26,901.25,32564,958.86,860.06,31.89,45.91,846.73,917.6,955.91,955.91,0,,
2025-06-26,901.9,908.81,885.4,889.48,25281,958.27,860.06,31.29,42.79,839.54,914.68,955.91,955.91,0,,
2025-06-27,886.6,896.53,866.42,886.7,44810,957.83,860.06,31.2,42.06,837.81,912.54,955.91,955.91,0,,
2025-06-30,877.45,889.38,859.57,885.16,87230,957.59,859.57,31.1,41.64,836.72,910.69,955.91,955.91,0,,
2025-07-01,879.44,894.3,874.47,884.61,40326,957.11,859.57,30.3,41.48,836.9,908.81,955.91,955.91,0,,
2025-07-02,875.67,905.28,875.67,902.35,34281,956.23,859.57,30.25,48.38,848.37,907.21,955.91,955.91,0,,
2025-07-03,902.3,906.22,879.34,895.59,38362,955.41,859.57,30.01,46.15,844.17,904.9,955.91,955.91,0,,
2025-07-04,894.35,911.14,891.37,897.58,39054,954.68,859.57,29.28,46.92,845.94,904.43,955.91,955.91,0,,
2025-07-07,897.63,904.53,884.81,900.86,23498,953.78,859.57,28.59,48.25,848.52,904.26,955.91,955.91,0,,
2025-07-08,902.3,908.21,881.43,886.94,19565,952.45,859.57,28.46,43.31,839.62,903.02,955.91,955.91,0,,
2025-07-09,884.41,932.11,883.37,921.97,66880,951.15,859.57,29.91,55.62,861.25,902.65,955.91,955.91,0,,
2025-07-10,933.75,941.25,898.62,903.09,53818,949.86,859.57,30.82,49.39,848.47,901.63,955.91,955.91,0,,
2025-07-11,900.61,905.78,879.44,887.19,22945,948.55,859.57,30.5,44.84,838.43,900.98,955.91,955.91,0,,
2025-07-14,884.41,922.62,869.5,905.28,36011,947.39,859.57,32.12,50.44,849.02,900.89,941.25,955.91,0,,
2025-07-15,898.32,923.17,898.32,918.69,24331,945.93,859.57,31.6,54.15,858.01,900.93,941.25,941.25,0,,
2025-07-16,927.14,937.87,919.74,929.57,29502,944.8,859.57,30.71,56.97,865.62,901.4,941.25,941.25,0,,
2025-07-17,938.87,943.34,921.67,928.28,28856,943.73,859.57,30.06,56.53,865.22,901.88,943.34,941.25,0,,
2025-07-18,936.68,936.68,904.48,917.65,23304,942.79,859.57,30.22,52.87,858.26,902.17,943.34,943.34,0,,
2025-07-21,919.9,945.0,908.2,919.15,62180,941.91,869.5,30.69,53.33,862.23,902.3,945.0,943.34,0,,
2025-07-22,919.2,928.15,913.0,919.1,26786,941.13,869.5,29.58,53.31,862.93,903.11,945.0,945.0,0,,
2025-07-23,920.9,943.0,915.1,927.85,33066,940.16,869.5,29.46,56.19,868.66,903.43,945.0,945.0,0,,
2025-07-24,940.85,1023.05,940.85,974.6,402784,939.58,869.5,34.15,67.67,895.68,905.09,1023.05,945.0,1,974.6,895.68
2025-07-25,977.35,1013.6,965.0,985.55,105261,939.15,869.5,35.19,69.68,902.06,907.05,1023.05,1023.05,0,,
2025-07-28,971.0,1005.9,963.8,988.0,68405,938.95,869.5,35.68,70.12,903.31,908.97,1023.05,1023.05,0,,
2025-07-29,978.1,1011.0,974.4,1003.95,33628,938.8,869.5,35.75,72.92,913.55,912.22,1023.05,1023.05,0,,
2025-07-30,1009.9,1015.0,986.75,997.0,29029,938.68,869.5,35.21,69.85,909.43,915.7,1023.05,1023.05,0,,
2025-07-31,981.1,1002.4,951.0,989.05,38037,938.44,869.5,36.37,66.41,903.53,919.56,1023.05,1023.05,0,,
2025-08-01,999.9,999.9,960.3,966.05,28742,937.93,869.5,36.6,57.58,888.54,922.46,1023.05,1023.05,0,,
2025-08-04,970.85,1004.1,970.0,991.45,46581,937.63,898.32,36.7,63.37,914.46,926.4,1023.05,1023.05,0,,
2025-08-05,999.0,1003.0,950.35,953.65,30941,937.17,904.48,37.84,51.99,891.37,928.59,1023.05,1023.05,0,,
2025-08-06,954.6,960.6,911.6,917.9,32259,936.4,904.48,38.64,43.95,867.78,929.14,1023.05,1023.05,0,,
2025-08-07,910.0,931.1,907.0,921.85,17771,935.63,904.48,37.6,44.96,871.02,930.22,1023.05,1023.05,0,,
2025-08-08,930.0,932.0,912.1,919.35,23229,934.98,907.0,36.33,44.42,871.09,931.31,1023.05,1023.05,0,,
2025-08-11,919.35,946.75,918.55,937.45,33478,934.54,907.0,35.75,49.23,883.15,933.05,1023.05,1023.05,0,,
2025-08-12,947.9,974.0,914.2,944.85,87207,934.2,907.0,37.47,51.1,886.78,935.06,1023.05,1023.05,0,,
2025-08-13,965.0,1095.0,965.0,1057.25,1109490,934.44,907.0,45.52,69.45,953.91,940.22,1095.0,1023.05,1,1057.25,953.91
2025-08-14,1060.0,1087.95,1028.05,1047.5,123563,934.43,907.0,46.55,67.1,946.94,945.29,1095.0,1095.0,0,,
2025-08-18,1064.8,1080.75,1038.1,1070.8,125355,934.83,907.0,46.27,69.74,962.15,951.06,1095.0,1095.0,0,,
2025-08-19,1070.8,1097.9,1028.0,1051.45,125488,935.29,907.0,47.96,65.07,948.55,956.08,1097.9,1095.0,0,,
2025-08-20,1054.8,1056.4,1015.05,1023.2,57167,935.95,907.0,47.48,58.88,930.64,960.62,1097.9,1097.9,0,,
2025-08-21,1023.0,1038.25,1009.5,1011.45,28356,936.17,907.0,46.15,56.47,923.95,963.61,1097.9,1097.9,0,,
2025-08-22,1011.95,1045.45,1007.0,1011.85,43747,936.26,907.0,45.6,56.53,924.58,967.23,1097.9,1097.9,0,,
2025-08-25,1011.85,1019.95,993.0,999.4,20833,936.27,907.0,44.26,53.83,917.44,970.97,1097.9,1097.9,0,,
2025-08-26,996.05,1005.55,971.0,986.3,30292,936.17,907.0,43.57,51.07,909.45,973.67,1097.9,1097.9,0,,
2025-08-28,959.0,1002.0,959.0,994.2,33107,936.09,907.0,43.53,52.65,914.57,976.19,1097.9,1097.9,0,,
2025-08-29,994.2,1020.05,991.0,998.4,57506,936.12,907.0,42.5,53.51,917.97,978.48,1097.9,1097.9,0,,
2025-09-01,998.4,1012.0,985.8,1002.7,27819,936.33,912.1,41.33,54.42,923.22,980.96,1097.9,1097.9,0,,
2025-09-02,1002.7,1009.95,965.45,971.8,30798,936.08,914.2,41.56,47.25,903.84,982.77,1097.9,1097.9,0,,
2025-09-03,967.75,995.0,965.15,979.8,30932,936.18,914.2,40.72,49.12,909.56,984.79,1097.9,1097.9,0,,
2025-09-04,992.2,995.95,969.9,983.85,20158,936.72,959.0,39.67,50.08,927.8,986.95,1097.9,1097.9,0,,
2025-09-05,992.0,1009.95,975.25,993.6,45602,937.38,959.0,39.32,52.42,934.33,989.14,1097.9,1097.9,0,,
2025-09-08,993.55,1027.5,985.0,1012.7,55620,937.77,959.0,39.55,56.7,946.49,990.41,1097.9,1097.9,0,,
2025-09-09,1012.7,1025.0,995.0,1003.0,30404,938.05,959.0,38.86,54.04,940.69,990.99,1097.9,1097.9,0,,
2025-09-10,1004.95,1013.0,990.0,992.2,13122,938.25,959.0,37.73,51.16,934.48,991.13,1097.9,1097.9,0,,
2025-09-11,992.3,1005.0,988.05,993.1,26872,938.38,959.0,36.25,51.4,936.05,990.77,1097.9,1097.9,0,,
2025-09-12,992.0,1025.7,989.05,993.3,64113,938.61,959.0,36.28,51.45,936.16,990.65,1097.9,1097.9,0,,
2025-09-15,994.25,1010.0,982.15,997.45,44173,938.61,959.0,35.67,52.65,939.24,990.93,1097.9,1097.9,0,,
2025-09-16,1007.4,1009.0,994.0,1000.35,17924,938.46,959.0,34.2,53.52,942.09,992.07,1097.9,1097.9,0,,
2025-09-17,1008.85,1008.95,970.0,973.05,42204,938.11,959.0,34.54,45.15,924.26,991.46,1056.4,1097.9,0,,
2025-09-18,985.05,987.25,950.0,955.05,42085,937.85,950.0,34.73,40.63,909.52,991.5,1045.45,1056.4,0,,
2025-09-19,969.1,969.1,949.0,963.65,26261,937.88,949.0,33.69,43.54,915.43,993.03,1045.45,1045.45,0,,
2025-09-22,973.2,973.2,943.2,944.3,50612,938.6,943.2,33.42,38.92,901.19,993.78,1027.5,1045.45,0,,
2025-09-23,945.6,950.3,939.0,941.4,18644,939.19,939.0,31.84,38.27,898.98,994.51,1027.5,1027.5,0,,
2025-09-24,941.4,947.15,932.0,935.0,26033,939.89,932.0,30.65,36.8,893.31,994.43,1027.5,1027.5,0,,
2025-09-25,931.2,941.9,920.05,929.85,43314,941.0,920.05,30.02,35.61,886.42,993.93,1027.5,1027.5,0,,
2025-09-26,930.0,940.65,916.6,922.7,63238,942.08,916.6,29.59,33.97,880.95,989.45,1027.5,1027.5,0,,
2025-09-29,918.0,924.8,906.55,907.65,27770,943.3,906.55,28.78,30.77,868.43,984.79,1027.5,1027.5,0,,
2025-09-30,922.95,922.95,900.15,905.85,37828,944.87,900.15,28.36,30.4,865.42,979.29,1027.5,1027.5,0,,
2025-10-01,905.0,952.45,905.0,940.75,29909,945.85,900.15,29.72,44.35,887.02,975.6,1027.5,1027.5,0,,
2025-10-03,950.15,955.05,925.65,940.15,28163,946.88,900.15,29.7,44.19,886.65,972.83,1027.5,1027.5,0,,
2025-10-06,940.15,949.0,911.05,921.15,22180,947.64,900.15,30.29,39.24,874.0,969.82,1027.5,1027.5,0,,
2025-10-07,925.0,925.0,910.55,912.2,34470,948.28,900.15,29.16,37.13,868.98,966.5,1025.7,1027.5,0,,
2025-10-08,917.6,919.8,904.5,910.35,86973,949.09,900.15,28.17,36.69,868.45,963.53,1025.7,1025.7,0,,
2025-10-09,923.95,923.95,907.75,917.2,15415,950.15,900.15,27.31,39.54,873.44,961.22,1025.7,1025.7,0,,
2025-10-10,920.0,935.0,910.35,914.55,39586,950.77,900.15,27.12,38.81,871.85,958.57,1025.7,1025.7,0,,
2025-10-13,910.0,921.45,906.05,912.2,24473,950.95,900.15,26.28,38.14,870.9,955.7,1010.0,1025.7,0,,
2025-10-14,908.0,922.55,904.65,916.25,53127,951.2,900.15,25.69,40.07,873.91,952.82,1009.0,1010.0,0,,
2025-10-15,906.65,918.9,904.65,913.0,39991,951.31,900.15,24.87,39.02,872.36,950.85,1008.95,1009.0,0,,
2025-10-16,907.65,925.55,907.65,921.75,18258,951.33,900.15,24.37,43.32,878.33,948.92,987.25,1008.95,0,,
2025-10-17,914.3,930.6,914.3,927.2,18410,951.44,900.15,23.79,45.88,882.23,947.03,973.2,987.25,0,,
2025-10-20,935.5,944.75,929.0,940.75,22806,951.53,900.15,23.35,51.71,891.27,945.27,973.2,973.2,0,,
2025-10-21,945.0,957.9,944.95,951.35,18755,951.98,900.15,22.91,55.74,898.4,943.22,957.9,973.2,0,,
2025-10-23,950.0,959.0,930.9,939.35,37676,952.33,904.5,23.28,50.6,891.86,941.1,959.0,957.9,0,,
2025-10-24,940.0,941.95,921.5,928.85,24822,952.74,904.5,23.07,46.55,885.23,938.99,959.0,959.0,0,,
2025-10-27,937.7,943.1,925.55,941.2,22630,953.23,904.5,22.68,51.47,893.45,937.26,959.0,959.0,0,,
2025-10-28,941.2,943.0,923.0,929.5,13003,953.32,904.5,22.49,47.05,886.04,935.14,959.0,959.0,0,,
2025-10-29,941.0,957.95,927.75,956.3,30106,953.6,904.5,23.04,56.3,902.95,933.76,959.0,959.0,0,,
2025-10-30,956.3,963.95,941.45,946.95,17520,953.79,904.65,23.0,52.83,897.0,931.98,963.95,959.0,0,,
2025-10-31,946.95,948.0,936.6,945.5,8789,953.67,904.65,22.17,52.29,896.62,931.06,963.95,963.95,0,,
2025-11-03,955.0,986.0,941.6,958.45,63868,953.5,904.65,23.76,56.55,903.91,931.18,986.0,963.95,0,,
2025-11-04,958.45,967.35,930.1,937.75,31722,952.94,904.65,24.72,49.02,889.92,930.32,986.0,986.0,0,,
2025-11-06,951.8,951.8,913.1,922.8,41840,952.17,904.65,25.72,44.43,879.61,929.6,986.0,986.0,0,,
2025-11-07,922.3,922.3,855.0,869.85,290749,951.08,855.0,28.73,32.72,826.9,927.21,986.0,986.0,0,,
2025-11-10,866.0,869.55,846.15,850.4,74186,950.02,846.15,28.37,29.63,811.65,924.39,986.0,986.0,0,,
2025-11-11,855.0,864.55,835.3,841.5,75881,948.68,835.3,28.43,28.32,802.25,921.45,986.0,986.0,0,,
2025-11-12,844.8,847.55,831.0,839.0,49624,947.52,831.0,27.58,27.94,799.77,918.66,986.0,986.0,0,,
2025-11-13,839.0,848.4,825.35,830.9,48599,946.55,825.35,27.26,26.7,792.87,916.1,986.0,986.0,0,,
2025-11-14,834.7,834.7,814.45,820.65,35890,945.86,814.45,26.76,25.19,782.96,913.26,986.0,986.0,0,,
2025-11-17,822.0,855.55,820.8,829.2,60710,945.26,814.45,27.34,28.82,788.09,909.54,986.0,986.0,0,,
2025-11-18,835.1,835.15,802.95,807.55,94263,944.73,802.95,27.69,25.45,770.06,905.12,986.0,986.0,0,,
2025-11-19,811.6,824.15,794.5,814.5,70251,943.76,794.5,27.83,28.35,771.63,901.57,986.0,986.0,0,,
2025-11-20,809.1,821.0,803.0,804.25,45374,942.03,794.5,27.13,26.7,765.49,897.97,986.0,986.0,0,,
2025-11-21,801.05,814.3,791.0,794.05,36533,940.25,791.0,26.85,25.13,757.93,894.09,986.0,986.0,0,,
2025-11-24,794.0,794.1,768.15,772.55,68751,938.22,768.15,26.79,22.18,736.49,889.27,986.0,986.0,0,,
2025-11-25,773.05,795.0,772.95,789.3,23963,936.42,768.15,26.48,29.16,747.5,885.1,986.0,986.0,0,,
2025-11-26,789.35,806.7,789.35,798.4,47955,934.86,768.15,25.83,32.7,753.8,881.3,986.0,986.0,0,,
2025-11-27,798.4,806.3,790.35,795.15,15414,933.38,768.15,25.12,32.08,752.17,877.26,986.0,986.0,0,,
2025-11-28,800.0,807.9,778.0,783.6,31560,931.84,768.15,25.46,29.93,744.5,872.95,986.0,986.0,0,,
2025-12-01,788.0,803.3,785.0,787.0,37742,930.46,768.15,25.05,31.39,746.96,868.46,986.0,986.0,0,,
2025-12-02,794.85,794.85,771.95,780.25,52582,929.11,768.15,24.9,30.05,742.71,863.56,967.35,986.0,0,,
2025-12-03,780.25,792.6,772.15,785.85,26091,927.89,768.15,24.58,32.62,746.54,858.4,951.8,967.35,0,,
2025-12-04,790.0,795.95,774.0,790.15,30064,926.77,768.15,24.39,34.61,749.43,853.02,922.3,951.8,0,,
2025-12-05,784.45,804.0,766.25,769.4,24194,925.48,766.25,25.35,30.01,734.78,847.36,869.55,922.3,0,,
2025-12-08,766.0,769.4,750.5,753.55,28791,924.02,750.5,24.89,27.05,719.62,841.52,864.55,869.55,0,,
2025-12-09,759.2,769.3,741.45,752.85,90198,922.73,741.45,25.1,26.92,716.01,835.24,855.55,864.55,0,,
2025-12-10,749.0,790.0,749.0,779.3,67284,921.46,741.45,26.23,38.58,732.31,830.23,855.55,855.55,0,,
2025-12-11,784.05,803.65,771.05,790.0,59290,920.15,741.45,26.69,42.57,738.91,824.69,855.55,855.55,0,,
2025-12-12,790.0,791.0,777.25,782.0,25919,918.86,741.45,25.76,40.46,734.36,819.19,855.55,855.55,0,,
2025-12-15,789.8,796.3,772.25,781.0,59410,917.43,741.45,25.64,40.19,733.8,813.71,835.15,855.55,0,,
2025-12-16,789.8,789.8,760.3,769.25,65880,915.9,741.45,25.92,37.07,726.04,807.4,824.15,835.15,0,,
2025-12-17,772.2,773.05,743.5,750.3,34387,914.25,741.45,26.18,32.67,713.64,801.15,821.0,824.15,0,,
2025-12-18,750.0,753.8,731.75,737.05,45369,912.65,731.75,25.88,29.98,702.06,794.96,814.3,821.0,0,,
2025-12-19,741.0,784.6,741.0,777.7,47150,911.49,731.75,27.43,44.92,727.25,791.89,807.9,814.3,0,,
2025-12-22,785.0,796.2,780.5,789.45,42944,910.48,731.75,26.79,48.35,735.25,789.86,807.9,807.9,0,,
2025-12-23,789.45,815.0,779.95,810.1,39665,909.61,731.75,27.38,53.8,748.18,788.81,815.0,807.9,0,,
2025-12-24,801.0,818.0,800.1,805.85,19826,908.65,731.75,26.7,52.57,745.89,787.7,818.0,815.0,0,,
2025-12-26,800.0,808.45,790.0,796.85,21515,907.53,731.75,26.12,49.97,740.47,786.57,818.0,818.0,0,,
2025-12-29,797.0,797.05,765.6,771.15,47780,906.59,731.75,26.5,43.37,723.64,784.92,818.0,818.0,0,,
2025-12-30,775.0,782.55,768.55,776.65,17695,905.73,731.75,25.6,45.04,727.79,783.17,818.0,818.0,0,,
2025-12-31,768.4,807.7,763.0,795.05,45970,904.87,731.75,26.97,50.33,738.75,782.75,818.0,818.0,0,,
2026-01-01,808.8,808.8,781.2,801.7,30972,903.99,731.75,27.01,52.12,743.0,782.32,818.0,818.0,0,,
2026-01-02,797.7,797.7,782.05,788.9,34409,903.03,731.75,26.49,48.49,735.1,781.81,818.0,818.0,0,,
2026-01-05,792.8,809.0,776.5,796.45,77602,902.29,731.75,26.92,50.67,739.68,781.89,818.0,818.0,0,,
2026-01-06,802.0,802.0,777.0,783.7,28453,901.46,731.75,26.78,47.05,731.55,782.26,818.0,818.0,0,,
2026-01-07,790.55,794.0,779.05,784.3,25288,900.58,731.75,25.93,47.24,732.5,782.1,818.0,818.0,0,,
2026-01-08,784.3,795.0,754.55,760.25,34792,899.54,731.75,26.97,40.87,716.3,780.83,818.0,818.0,0,,
2026-01-09,764.1,767.9,745.1,751.65,30951,898.46,741.0,26.67,38.85,714.03,779.38,818.0,818.0,0,,
2026-01-12,745.0,762.45,735.3,755.4,36176,897.44,735.3,26.71,40.24,714.53,778.44,818.0,818.0,0,,
2026-01-13,757.0,787.0,757.0,775.1,19969,896.5,735.3,27.06,47.03,727.0,778.04,818.0,818.0,0,,
2026-01-14,780.9,837.0,760.0,805.7,59716,895.91,735.3,30.62,55.49,744.36,778.89,837.0,818.0,0,,
2026-01-15,805.7,805.7,805.7,805.7,0,895.16,735.3,28.44,55.49,745.82,779.55,837.0,837.0,0,,
2026-01-16,817.8,950.0,808.05,841.2,126283,894.6,735.3,36.71,63.36,763.2,781.25,950.0,837.0,1,841.2,763.2
2026-01-19,835.0,867.55,822.0,853.1,74259,894.11,735.3,37.34,65.56,770.45,784.04,950.0,950.0,0,,
2026-01-20,851.0,855.4,800.0,804.45,39413,893.27,735.3,38.63,51.86,738.21,785.74,950.0,950.0,0,,
2026-01-21,805.2,813.8,781.15,792.1,41855,892.51,735.3,38.21,49.05,730.53,787.05,950.0,950.0,0,,
2026-01-22,797.0,817.0,795.0,803.55,17916,891.91,735.3,37.26,51.66,738.55,787.85,950.0,950.0,0,,
2026-01-23,802.25,810.9,781.25,786.7,21715,891.34,735.3,36.71,47.79,728.05,787.74,950.0,950.0,0,,
2026-01-27,786.0,786.0,765.0,769.8,31409,890.61,735.3,35.64,44.2,717.86,787.34,950.0,950.0,0,,
2026-01-28,766.2,789.75,766.0,788.05,17454,890.04,735.3,34.79,48.68,730.2,787.57,950.0,950.0,0,,
2026-01-29,785.1,878.7,766.2,823.4,43341,889.61,735.3,40.34,56.03,749.3,789.38,950.0,950.0,0,,
2026-02-02,818.8,928.5,804.0,838.9,49061,889.19,735.3,46.35,58.82,755.29,792.33,950.0,950.0,0,,
2026-02-03,875.0,880.0,835.0,838.75,32789,888.86,735.3,46.26,58.78,755.26,795.72,950.0,950.0,0,,
