Date,Open,High,Low,Close,Volume,SMA150,MA30,DonchianLow15,DonchianHigh20,DonchianHigh20_prev,ATR14,RSI14,BuyCall,EntryPrice,CandidateStop,StopLoss_Entry,TrailingStop,InPosition,TradeId,EntryDate,ExitSignal,ExitPrice,ExitReason,HoldingDays,PnL_pct
2011-07-12,3795.9,3795.9,3795.9,3795.9,0,,,,,,,,0,,,,,0,,,0,,,,
2011-07-13,3837.31,3837.31,3837.31,3837.31,0,,,,,,,,0,,,,,0,,,0,,,,
2011-07-14,3868.91,3868.91,3868.91,3868.91,0,,,,,,,,0,,,,,0,,,0,,,,
2011-07-15,3868.91,3868.91,3868.91,3868.91,0,,,,,,,,0,,,,,0,,,0,,,,
2011-07-18,3831.68,3831.68,3831.68,3831.68,0,,,,,,,,0,,,,,0,,,0,,,,
2011-07-19,3854.3,3854.3,3854.3,3854.3,0,,,,,,,,0,,,,,0,,,0,,,,
2011-07-20,3845.38,3845.38,3845.38,3845.38,0,,,,,,,,0,,,,,0,,,0,,,,
2011-07-21,3824.44,3824.44,3824.44,3824.44,0,,,,,,,,0,,,,,0,,,0,,,,
2011-07-22,3824.44,3824.44,3824.44,3824.44,0,,,,,,,,0,,,,,0,,,0,,,,
2011-07-25,3824.44,3824.44,3824.44,3824.44,0,,,,,,,,0,,,,,0,,,0,,,,
2011-07-26,3824.44,3824.44,3824.44,3824.44,0,,,,,,,,0,,,,,0,,,0,,,,
2011-07-27,3824.44,3824.44,3824.44,3824.44,0,,,,,,,,0,,,,,0,,,0,,,,
2011-07-28,3880.4,3880.4,3880.4,3880.4,0,,,,,,,,0,,,,,0,,,0,,,,
2011-07-29,3793.06,3793.06,3793.06,3793.06,0,,,,,,15.76,,0,,,,,0,,,0,,,,
2011-08-01,3718.06,3718.06,3718.06,3718.06,0,,,3718.06,,,19.99,60.59,0,,3624.17,,,0,,,0,,,,
2011-08-02,3680.52,3680.52,3680.52,3680.52,0,,,3680.52,,,21.25,55.93,0,,3586.61,,,0,,,0,,,,
2011-08-03,3629.35,3629.35,3629.35,3629.35,0,,,3629.35,,,23.38,50.26,0,,3535.13,,,0,,,0,,,,
2011-08-04,3629.26,3629.26,3629.26,3629.26,0,,,3629.26,,,21.72,50.25,0,,3536.15,,,0,,,0,,,,
2011-08-05,3578.49,3578.49,3578.49,3578.49,0,,,3578.49,,,23.79,45.0,0,,3485.09,,,0,,,0,,,,
2011-08-08,3486.23,3486.23,3486.23,3486.23,0,,,3486.23,3880.4,,28.68,37.36,0,,3391.57,,,0,,,0,,,,
2011-08-09,3264.2,3264.2,3264.2,3264.2,0,,,3264.2,3880.4,3880.4,42.5,25.94,0,,3165.15,,,0,,,0,,,,
2011-08-10,3264.2,3264.2,3264.2,3264.2,0,,,3264.2,3880.4,3880.4,39.46,25.94,0,,3167.17,,,0,,,0,,,,
2011-08-11,3317.65,3317.65,3317.65,3317.65,0,,,3264.2,3880.4,3880.4,40.46,31.77,0,,3200.98,,,0,,,0,,,,
2011-08-12,3317.65,3317.65,3317.65,3317.65,0,,,3264.2,3880.4,3880.4,37.57,31.77,0,,3202.9,,,0,,,0,,,,
2011-08-16,3217.85,3217.85,3217.85,3217.85,0,,,3217.85,3880.4,3880.4,42.01,27.14,0,,3120.12,,,0,,,0,,,,
2011-08-17,3241.47,3241.47,3241.47,3241.47,0,,,3217.85,3880.4,3880.4,40.7,29.75,0,,3136.23,,,0,,,0,,,,
2011-08-18,3150.91,3150.91,3150.91,3150.91,0,,,3150.91,3880.4,3880.4,44.26,25.92,0,,3053.13,,,0,,,0,,,,
2011-08-19,3141.73,3141.73,3141.73,3141.73,0,,,3141.73,3880.4,3880.4,41.76,25.56,0,,3045.82,,,0,,,0,,,,
2011-08-22,3141.73,3141.73,3141.73,3141.73,0,,,3141.73,3880.4,3880.4,38.77,25.56,0,,3047.81,,,0,,,0,,,,
2011-08-23,3202.63,3202.63,3202.63,3202.63,0,,3589.33,3141.73,3880.4,3880.4,40.35,32.73,0,,3086.04,,,0,,,0,,,,
2011-08-24,3220.54,3220.54,3220.54,3220.54,0,,3570.15,3141.73,3880.4,3880.4,38.75,34.72,0,,3098.66,,,0,,,0,,,,
2011-08-25,3144.2,3144.2,3144.2,3144.2,0,,3547.05,3141.73,3880.4,3880.4,41.44,30.57,0,,3047.63,,,0,,,0,,,,
2011-08-26,3083.89,3083.89,3083.89,3083.89,0,,3520.88,3083.89,3793.06,3880.4,42.78,27.75,0,,2988.55,,,0,,,0,,,,
2011-08-29,2972.57,2972.57,2972.57,2972.57,0,,3491.0,2972.57,3718.06,3793.06,47.68,23.44,0,,2876.38,,,0,,,0,,,,
2011-08-30,3107.26,3107.26,3107.26,3107.26,0,,3466.86,2972.57,3680.52,3718.06,53.89,36.31,0,,2959.11,,,0,,,0,,,,
2011-09-02,3226.05,3226.05,3226.05,3226.05,0,,3445.92,2972.57,3629.35,3680.52,58.53,45.08,0,,3032.64,,,0,,,0,,,,
2011-09-05,3321.34,3321.34,3321.34,3321.34,0,,3428.45,2972.57,3629.26,3629.35,61.16,50.92,0,,3092.35,,,0,,,0,,,,
2011-09-06,3354.07,3354.07,3354.07,3354.07,0,,3412.77,2972.57,3578.49,3629.26,59.13,52.78,0,,3114.82,,,0,,,0,,,,
2011-09-07,3423.46,3423.46,3423.46,3423.46,0,,3399.4,2972.57,3486.23,3578.49,59.86,56.53,0,,3159.08,,,0,,,0,,,,
2011-09-08,3391.13,3391.13,3391.13,3391.13,0,,3384.96,2972.57,3423.46,3486.23,57.89,54.36,0,,3139.54,,,0,,,0,,,,
2011-09-09,3391.13,3391.13,3391.13,3391.13,0,,3370.52,2972.57,3423.46,3423.46,53.76,54.36,0,,3142.3,,,0,,,0,,,,
2011-09-12,3275.68,3275.68,3275.68,3275.68,0,,3352.22,2972.57,3423.46,3423.46,58.16,46.91,0,,3064.89,,,0,,,0,,,,
2011-09-13,3161.12,3161.12,3161.12,3161.12,0,,3328.25,2972.57,3423.46,3423.46,62.19,40.91,0,,2988.32,,,0,,,0,,,,
2011-09-14,3168.43,3168.43,3168.43,3168.43,0,,3307.43,2972.57,3423.46,3423.46,58.27,41.43,0,,2995.65,,,0,,,0,,,,
2011-09-15,3236.51,3236.51,3236.51,3236.51,0,,3291.38,2972.57,3423.46,3423.46,58.97,46.13,0,,3039.09,,,0,,,0,,,,
2011-09-16,3242.84,3242.84,3242.84,3242.84,0,,3276.79,2972.57,3423.46,3423.46,55.21,46.56,0,,3045.68,,,0,,,0,,,,
2011-09-19,3207.6,3207.6,3207.6,3207.6,0,,3262.73,2972.57,3423.46,3423.46,53.79,44.44,0,,3023.9,,,0,,,0,,,,
2011-09-20,3268.89,3268.89,3268.89,3268.89,0,,3250.71,2972.57,3423.46,3423.46,54.32,48.81,0,,3063.08,,,0,,,0,,,,
2011-09-21,3261.8,3261.8,3261.8,3261.8,0,,3240.16,3107.26,3423.46,3423.46,50.95,48.34,0,,3105.65,,,0,,,0,,,,
2011-09-22,3126.02,3126.02,3126.02,3126.02,0,,3228.15,3126.02,3423.46,3423.46,57.01,40.27,0,,3020.28,,,0,,,0,,,,
2011-09-23,3056.74,3056.74,3056.74,3056.74,0,,3221.24,3056.74,3423.46,3423.46,57.88,36.89,0,,2951.92,,,0,,,0,,,,
2011-09-26,2977.55,2977.55,2977.55,2977.55,0,,3211.68,2977.55,3423.46,3423.46,59.41,33.43,0,,2873.43,,,0,,,0,,,,
2011-09-27,3052.08,3052.08,3052.08,3052.08,0,,3202.83,2977.55,3423.46,3423.46,60.49,39.2,0,,2920.78,,,0,,,0,,,,
2011-09-28,2996.5,2996.5,2996.5,2996.5,0,,3192.12,2977.55,3423.46,3423.46,60.14,36.65,0,,2885.17,,,0,,,0,,,,
2011-09-29,3006.06,3006.06,3006.06,3006.06,0,,3185.06,2977.55,3423.46,3423.46,56.52,37.41,0,,2893.74,,,0,,,0,,,,
2011-09-30,2921.39,2921.39,2921.39,2921.39,0,,3174.4,2921.39,3423.46,3423.46,58.53,33.59,0,,2819.07,,,0,,,0,,,,
2011-10-03,2877.75,2877.75,2798.5,2804.7,0,,3162.85,2798.5,3423.46,3423.46,63.13,29.17,0,,2699.78,,,0,,,0,,,,
2011-10-04,2789.0,2835.4,2726.6,2760.45,0,,3150.15,2726.6,3423.46,3423.46,66.39,27.68,0,,2645.1,,,0,,,0,,,,
2011-10-05,2782.1,2808.3,2738.85,2745.3,0,,3136.93,2726.6,3391.13,3423.46,66.61,27.17,0,,2635.18,,,0,,,0,,,,
2011-10-07,2832.5,2895.8,2832.5,2889.55,0,,3126.5,2726.6,3391.13,3391.13,72.6,38.76,0,,2724.22,,,0,,,0,,,,
2011-10-10,2886.45,2951.9,2876.35,2943.7,0,,3117.27,2726.6,3275.68,3391.13,72.81,42.46,0,,2759.01,,,0,,,0,,,,
2011-10-11,2975.45,2999.2,2949.5,2972.85,0,,3111.56,2726.6,3268.89,3275.68,71.58,44.41,0,,2778.64,,,0,,,0,,,,
2011-10-12,2985.95,3046.05,2972.8,3037.75,0,,3110.02,2726.6,3268.89,3268.89,71.7,48.58,0,,2820.42,,,0,,,0,,,,
2011-10-13,3050.75,3051.0,2996.5,3013.95,0,,3111.4,2726.6,3268.89,3268.89,70.47,47.18,0,,2805.89,,,0,,,0,,,,
2011-10-14,2987.1,2998.3,2943.4,2987.9,0,,3107.42,2726.6,3268.89,3268.89,70.47,45.63,0,,2789.08,,,0,,,0,,,,
2011-10-17,3005.85,3011.1,2958.85,2983.75,0,,3099.34,2726.6,3268.89,3268.89,69.17,45.38,0,,2787.27,,,0,,,0,,,,
2011-10-18,2934.75,2948.2,2909.75,2941.1,0,,3086.67,2726.6,3268.89,3268.89,69.52,42.73,0,,2759.53,,,0,,,0,,,,
2011-10-19,2974.6,2997.15,2971.0,2988.7,0,,3074.49,2726.6,3261.8,3268.89,68.56,46.48,0,,2790.87,,,0,,,0,,,,
2011-10-20,2955.8,2978.6,2919.65,2972.05,0,,3059.44,2726.6,3126.02,3261.8,68.59,45.36,0,,2780.11,,,0,,,0,,,,
2011-10-21,2984.4,2991.25,2924.15,2932.85,0,,3044.16,2726.6,3056.74,3126.02,68.48,42.75,0,,2754.9,,,0,,,0,,,,
2011-10-24,2976.05,2995.65,2925.95,2942.95,0,,3029.23,2726.6,3052.08,3056.74,68.57,43.65,0,,2761.36,,,0,,,0,,,,
2011-10-25,2962.0,3014.6,2938.85,3004.8,0,,3020.2,2726.6,3052.08,3052.08,69.08,48.95,0,,2800.91,,,0,,,0,,,,
2011-10-28,3126.0,3256.45,3126.0,3220.05,0,,3022.16,2738.85,3256.45,3052.08,82.12,62.24,0,,2935.13,,,0,,,0,,,,
2011-10-31,3214.95,3214.95,3148.9,3157.15,0,,3021.78,2832.5,3256.45,3256.45,81.34,57.53,0,,2926.3,,,0,,,0,,,,
2011-11-01,3130.0,3132.4,3082.5,3112.65,0,,3017.66,2876.35,3256.45,3256.45,80.86,54.39,0,,2912.53,,,0,,,0,,,,
2011-11-02,3070.35,3129.35,3059.75,3105.2,0,,3013.07,2909.75,3256.45,3256.45,80.06,53.86,0,,2919.4,,,0,,,0,,,,
2011-11-03,3095.0,3107.05,3052.85,3096.35,0,,3009.36,2909.75,3256.45,3256.45,78.21,53.2,0,,2914.92,,,0,,,0,,,,
2011-11-04,3135.7,3172.45,3134.0,3145.85,0,,3005.26,2909.75,3256.45,3256.45,78.06,56.43,0,,2946.95,,,0,,,0,,,,
2011-11-08,3165.55,3172.5,3127.7,3148.75,0,,3001.49,2909.75,3256.45,3256.45,75.68,56.62,0,,2950.4,,,0,,,0,,,,
2011-11-09,3160.1,3174.8,3052.2,3062.8,0,,2999.38,2909.75,3256.45,3256.45,79.04,49.73,0,,2892.73,,,0,,,0,,,,
2011-11-11,3025.55,3025.55,2967.6,2989.7,0,,2997.15,2909.75,3256.45,3256.45,80.19,44.75,0,,2844.81,,,0,,,0,,,,
2011-11-14,3019.5,3028.15,2914.25,2922.55,0,,2995.31,2914.25,3256.45,3256.45,82.6,40.71,0,,2801.4,,,0,,,0,,,,
2011-11-15,2920.45,2944.15,2852.4,2866.4,0,,2989.12,2852.4,3256.45,3256.45,83.25,37.66,0,,2744.13,,,0,,,0,,,,
2011-11-16,2861.6,2910.0,2809.2,2868.45,0,,2984.86,2809.2,3256.45,3256.45,84.51,37.84,0,,2730.21,,,0,,,0,,,,
2011-11-17,2871.4,2879.5,2793.05,2806.3,0,,2978.2,2793.05,3256.45,3256.45,84.64,34.52,0,,2684.65,,,0,,,0,,,,
2011-11-18,2784.8,2784.8,2728.5,2768.9,0,,2973.12,2728.5,3256.45,3256.45,84.16,32.66,0,,2639.34,,,0,,,0,,,,
2011-11-21,2748.05,2749.15,2661.5,2671.85,0,,2968.69,2661.5,3256.45,3256.45,85.82,28.4,0,,2553.3,,,0,,,0,,,,
2011-11-22,2717.05,2746.85,2679.75,2711.35,0,,2967.05,2661.5,3256.45,3256.45,85.04,32.27,0,,2579.29,,,0,,,0,,,,
2011-11-23,2691.55,2691.55,2621.25,2659.0,0,,2964.17,2621.25,3256.45,3256.45,85.4,29.96,0,,2531.87,,,0,,,0,,,,
2011-11-24,2656.65,2675.1,2599.3,2667.4,0,,2956.77,2599.3,3256.45,3256.45,84.72,30.82,0,,2530.43,,,0,,,0,,,,
2011-11-25,2648.8,2662.15,2606.4,2615.2,0,,2945.82,2599.3,3256.45,3256.45,83.02,28.48,0,,2497.89,,,0,,,0,,,,
2011-11-28,2653.1,2754.35,2653.1,2745.2,0,,2938.23,2599.3,3256.45,3256.45,87.03,40.56,0,,2579.07,,,0,,,0,,,,
2011-11-29,2761.8,2764.8,2696.9,2706.8,0,,2927.2,2599.3,3214.95,3256.45,85.67,38.49,0,,2555.21,,,0,,,0,,,,
2011-11-30,2689.55,2722.45,2663.8,2710.3,0,,2917.08,2599.3,3174.8,3214.95,83.74,38.8,0,,2558.75,,,0,,,0,,,,
2011-12-01,2814.2,2867.65,2798.9,2818.9,0,,2911.44,2599.3,3174.8,3174.8,88.99,47.53,0,,2625.29,,,0,,,0,,,,
2011-12-02,2816.9,2907.55,2790.65,2894.05,0,,2908.45,2599.3,3174.8,3174.8,90.99,52.57,0,,2672.44,,,0,,,0,,,,
2011-12-05,2884.65,2894.1,2850.75,2865.3,0,,2905.93,2599.3,3174.8,3174.8,87.59,50.57,0,,2656.16,,,0,,,0,,,,
2011-12-07,2871.95,2900.9,2862.0,2877.3,0,,2902.21,2599.3,3174.8,3174.8,84.11,51.4,0,,2666.22,,,0,,,0,,,,
2011-12-08,2859.8,2862.7,2776.3,2786.85,0,,2896.04,2599.3,3174.8,3174.8,85.31,45.22,0,,2607.08,,,0,,,0,,,,
2011-12-09,2732.85,2798.4,2709.6,2762.55,0,,2890.36,2599.3,3028.15,3174.8,85.56,43.7,0,,2591.24,,,0,,,0,,,,
2011-12-12,2790.6,2794.45,2643.5,2652.05,0,,2880.67,2599.3,3028.15,3028.15,90.23,37.53,0,,2516.85,,,0,,,0,,,,
2011-12-13,2631.9,2730.85,2618.8,2710.05,0,,2870.84,2599.3,2944.15,3028.15,91.79,42.15,0,,2553.22,,,0,,,0,,,,
2011-12-14,2702.0,2720.6,2645.95,2652.15,0,,2851.91,2599.3,2910.0,2944.15,90.57,39.04,0,,2516.69,,,0,,,0,,,,
2011-12-15,2616.05,2660.35,2581.55,2652.35,0,,2835.08,2581.55,2907.55,2910.0,89.73,39.06,0,,2511.46,,,0,,,0,,,,
2011-12-16,2662.35,2690.0,2571.2,2580.3,0,,2817.34,2571.2,2907.55,2907.55,91.8,35.31,0,,2460.16,,,0,,,0,,,,
2011-12-19,2561.5,2566.45,2517.65,2562.3,0,,2799.24,2517.65,2907.55,2907.55,89.72,34.42,0,,2432.09,,,0,,,0,,,,
2011-12-20,2578.8,2582.0,2462.5,2470.6,0,,2778.38,2462.5,2907.55,2907.55,91.85,30.24,0,,2353.14,,,0,,,0,,,,
2011-12-21,2531.3,2542.1,2491.7,2535.25,0,,2758.03,2462.5,2907.55,2907.55,90.39,36.13,0,,2395.81,,,0,,,0,,,,
2011-12-22,2511.75,2556.1,2481.35,2545.15,0,,2737.91,2462.5,2907.55,2907.55,89.28,37.0,0,,2402.94,,,0,,,0,,,,
2011-12-23,2565.9,2582.1,2516.25,2529.2,0,,2720.12,2462.5,2907.55,2907.55,87.6,36.14,0,,2393.76,,,0,,,0,,,,
2011-12-26,2542.35,2570.6,2537.7,2563.8,0,,2705.93,2462.5,2907.55,2907.55,84.3,39.44,0,,2418.28,,,0,,,0,,,,
2011-12-27,2561.75,2582.1,2512.5,2525.65,0,,2692.7,2462.5,2907.55,2907.55,83.25,37.16,0,,2394.38,,,0,,,0,,,,
2011-12-28,2521.15,2529.7,2459.75,2478.9,0,,2679.78,2459.75,2907.55,2907.55,82.3,34.53,0,,2363.94,,,0,,,0,,,,
2011-12-29,2463.95,2498.85,2446.35,2486.25,0,,2667.04,2446.35,2907.55,2907.55,80.17,35.31,0,,2365.63,,,0,,,0,,,,
2011-12-30,2492.0,2507.85,2452.65,2464.6,0,,2655.65,2446.35,2907.55,2907.55,78.39,34.03,0,,2352.86,,,0,,,0,,,,
2012-01-02,2478.1,2501.05,2439.25,2495.1,0,,2646.52,2439.25,2900.9,2907.55,77.21,37.46,0,,2370.95,,,0,,,0,,,,
2012-01-03,2519.05,2624.65,2519.05,2618.65,0,,2644.75,2439.25,2900.9,2900.9,80.94,49.03,0,,2448.15,,,0,,,0,,,,
2012-01-04,2629.35,2647.0,2603.85,2626.65,0,,2641.93,2439.25,2862.7,2900.9,78.24,49.68,0,,2455.11,,,0,,,0,,,,
2012-01-05,2624.95,2651.7,2591.15,2610.1,0,,2640.3,2439.25,2798.4,2862.7,76.98,48.31,0,,2445.28,,,0,,,0,,,,
2012-01-06,2587.7,2629.0,2542.05,2601.95,0,,2638.12,2439.25,2794.45,2798.4,77.69,47.62,0,,2439.55,,,0,,,0,,,,
2012-01-09,2601.4,2617.05,2549.95,2603.9,0,,2637.74,2439.25,2730.85,2794.45,76.94,47.81,0,,2441.31,,,0,,,0,,,,
2012-01-10,2618.05,2696.15,2618.05,2686.35,0,,2635.78,2439.25,2720.6,2730.85,78.03,55.34,0,,2493.76,,,0,,,0,,,,
2012-01-11,2700.7,2755.5,2689.6,2748.5,0,,2637.17,2439.25,2755.5,2720.6,77.4,60.02,0,,2534.27,,,0,,,0,,,,
2012-01-12,2747.95,2795.75,2735.4,2780.95,0,,2639.52,2439.25,2795.75,2755.5,76.18,62.25,0,,2556.01,,,0,,,0,,,,
2012-01-13,2796.8,2914.3,2796.8,2872.3,0,,2641.3,2439.25,2914.3,2795.75,80.26,67.7,0,,2612.21,,,0,,,0,,,,
2012-01-16,2854.75,2904.65,2831.3,2882.4,0,,2640.92,2439.25,2914.3,2914.3,79.77,68.25,0,,2619.05,,,0,,,0,,,,
2012-01-17,2900.85,3015.45,2900.85,2984.9,0,,2644.9,2439.25,3015.45,2914.3,83.57,73.2,0,,2682.63,,,0,,,0,,,,
2012-01-18,2995.5,2995.5,2896.1,2927.05,0,,2646.56,2439.25,3015.45,3015.45,84.7,66.86,0,,2644.56,,,0,,,0,,,,
2012-01-19,2959.9,3013.7,2959.9,3006.85,0,,2653.89,2439.25,3015.45,3015.45,84.84,70.64,0,,2695.94,,,0,,,0,,,,
2012-01-20,3023.7,3027.6,2973.5,3002.45,0,,2661.89,2439.25,3027.6,3015.45,82.65,70.16,0,,2694.57,,,0,,,0,,,,
2012-01-23,2998.7,3005.55,2926.45,2936.15,0,,2671.36,2519.05,3027.6,3027.6,82.39,63.26,0,,2678.57,,,0,,,0,,,,
2012-01-24,2934.75,3004.85,2918.75,2985.6,0,,2680.54,2542.05,3027.6,3027.6,82.66,65.95,0,,2717.96,,,0,,,0,,,,
2012-01-25,3005.85,3050.05,3000.8,3042.35,0,,2693.55,2542.05,3050.05,3027.6,81.36,68.78,0,,2755.43,,,0,,,0,,,,
2012-01-27,3078.0,3119.25,3077.15,3101.65,0,,2708.53,2542.05,3119.25,3050.05,81.04,71.44,0,,2793.89,,,0,,,0,,,,
2012-01-30,3082.35,3082.35,2993.3,3008.3,0,,2722.8,2549.95,3119.25,3119.25,82.99,62.41,0,,2735.01,,,0,,,0,,,,
2012-01-31,3026.3,3089.9,2982.1,3073.8,0,,2739.84,2618.05,3119.25,3119.25,84.76,65.69,0,,2798.78,,,0,,,0,,,,
2012-02-01,3078.1,3172.15,3057.8,3164.65,0,,2762.98,2689.6,3172.15,3119.25,86.88,69.64,0,,2879.82,,,0,,,0,,,,
2012-02-02,3191.6,3232.6,3172.15,3215.3,0,,2785.65,2735.4,3232.6,3172.15,85.52,71.61,0,,2928.65,,,0,,,0,,,,
2012-02-03,3215.65,3215.65,3159.65,3179.25,0,,2806.79,2796.8,3232.6,3232.6,83.42,68.22,0,,2927.27,,,0,,,0,,,,
2012-02-06,3219.45,3250.05,3190.85,3222.85,0,,2829.91,2831.3,3250.05,3232.6,82.51,70.07,0,,2967.5,,,0,,,0,,,,
2012-02-07,3267.3,3267.3,3158.05,3171.55,0,,2850.16,2896.1,3267.3,3250.05,84.42,65.27,0,,2954.73,,,0,,,0,,,,
2012-02-08,3182.9,3254.3,3165.85,3222.95,0,,2873.41,2896.1,3267.3,3267.3,84.71,67.66,0,,2987.7,,,0,,,0,,,,
2012-02-09,3201.2,3291.55,3175.4,3286.9,0,,2900.34,2918.75,3291.55,3267.3,86.96,70.39,0,,3035.0,,,0,,,0,,,,
2012-02-10,3246.2,3346.35,3246.2,3310.5,0,,2927.82,2918.75,3346.35,3291.55,87.9,71.35,0,,3049.59,,,0,,,0,,,,
2012-02-13,3318.0,3382.5,3273.2,3346.85,0,,2957.22,2918.75,3382.5,3346.35,89.43,72.81,0,,3072.02,,,0,,,0,,,,
2012-02-14,3341.6,3383.25,3340.4,3358.45,0,,2986.0,2918.75,3383.25,3382.5,86.1,73.28,0,,3081.72,,,0,,,0,,,,
2012-02-15,3384.05,3437.3,3384.05,3429.35,0,,3013.03,2982.1,3437.3,3383.25,85.58,76.0,0,,3148.91,,,0,,,0,,,,
2012-02-16,3410.9,3413.45,3346.7,3367.5,0,,3037.72,2982.1,3437.3,3437.3,85.37,69.36,0,,3109.16,,,0,,,0,,,,
2012-02-17,3406.55,3455.5,3355.8,3369.4,0,,3063.03,2982.1,3455.5,3437.3,86.4,69.45,0,,3109.7,,,0,,,0,,,,
2012-02-21,3380.95,3444.35,3377.55,3398.45,0,3080.06,3089.58,2982.1,3455.5,3455.5,85.58,70.83,0,,3128.98,,,0,,,0,,,,
2012-02-22,3411.45,3431.1,3236.4,3248.4,0,3076.41,3111.06,3057.8,3455.5,3455.5,93.37,56.57,0,,3052.24,,,0,,,0,,,,
2012-02-23,3246.15,3256.0,3180.9,3211.7,0,3072.24,3128.58,3158.05,3455.5,3455.5,92.07,53.72,0,,3062.85,,,0,,,0,,,,
2012-02-24,3225.8,3269.65,3211.0,3247.1,0,3068.09,3145.2,3158.05,3455.5,3455.5,89.68,56.02,0,,3087.28,,,0,,,0,,,,
2012-02-27,3266.8,3266.8,3071.15,3083.2,0,3062.85,3155.27,3071.15,3455.5,3455.5,97.25,44.89,0,,2947.55,,,0,,,0,,,,
2012-02-28,3098.95,3198.6,3098.95,3189.4,0,3058.57,3165.84,3071.15,3455.5,3455.5,98.55,51.6,0,,3015.18,,,0,,,0,,,,
2012-02-29,3224.4,3261.25,3170.3,3236.65,0,3054.46,3177.65,3071.15,3455.5,3455.5,98.0,54.27,0,,3046.02,,,0,,,0,,,,
2012-03-01,3222.85,3235.5,3175.3,3205.7,0,3050.19,3185.01,3071.15,3455.5,3455.5,95.39,52.24,0,,3027.8,,,0,,,0,,,,
2012-03-02,3228.35,3257.25,3194.9,3210.15,0,3046.1,3194.45,3071.15,3455.5,3455.5,93.03,52.51,0,,3032.25,,,0,,,0,,,,
2012-03-05,3192.45,3192.75,3102.45,3107.75,0,3041.32,3197.81,3071.15,3455.5,3455.5,94.07,45.95,0,,2965.5,,,0,,,0,,,,
2012-03-06,3093.9,3159.65,2968.1,2981.1,0,3035.7,3197.1,2968.1,3455.5,3455.5,101.04,39.4,0,,2844.82,,,0,,,0,,,,
2012-03-07,2966.95,2986.9,2902.65,2939.15,0,3029.79,3197.2,2902.65,3455.5,3455.5,99.84,37.49,0,,2796.74,,,0,,,0,,,,
2012-03-09,2988.9,3099.05,2988.9,3090.5,0,3024.9,3200.7,2902.65,3455.5,3455.5,104.13,47.39,0,,2891.5,,,0,,,0,,,,
2012-03-12,3132.75,3144.6,3074.8,3121.95,0,3019.84,3203.35,2902.65,3455.5,3455.5,101.68,49.19,0,,2913.42,,,0,,,0,,,,
2012-03-13,3144.4,3236.35,3144.4,3213.95,0,3015.98,3207.09,2902.65,3455.5,3455.5,102.58,54.13,0,,2972.16,,,0,,,0,,,,
2012-03-14,3257.6,3270.75,3205.05,3212.1,0,3012.61,3213.88,2902.65,3455.5,3455.5,99.95,54.02,0,,2972.72,,,0,,,0,,,,
2012-03-15,3199.9,3199.9,3145.0,3170.85,0,3009.21,3217.12,2902.65,3455.5,3455.5,97.6,51.42,0,,2947.68,,,0,,,0,,,,
2012-03-16,3174.3,3213.7,3095.3,3106.45,0,3005.73,3215.18,2902.65,3455.5,3455.5,99.09,47.58,0,,2905.15,,,0,,,0,,,,
2012-03-19,3102.9,3141.9,3066.95,3082.55,0,3002.08,3210.75,2902.65,3455.5,3455.5,97.37,46.2,0,,2890.88,,,0,,,0,,,,
2012-03-20,3079.15,3123.75,3063.65,3083.75,0,2998.78,3207.57,2902.65,3444.35,3455.5,94.7,46.28,0,,2893.43,,,0,,,0,,,,
2012-03-21,3077.4,3153.15,3048.35,3141.95,0,2996.49,3204.88,2902.65,3431.1,3444.35,95.42,50.34,0,,2930.49,,,0,,,0,,,,
2012-03-22,3135.2,3143.1,3024.65,3033.95,0,2994.95,3200.29,2902.65,3270.75,3431.1,97.07,43.73,0,,2859.73,,,0,,,0,,,,
2012-03-23,3038.2,3072.9,2984.95,3018.4,0,2993.31,3193.47,2902.65,3270.75,3270.75,96.42,42.86,0,,2850.14,,,0,,,0,,,,
2012-03-26,3022.05,3034.35,2933.1,2954.25,0,2990.89,3182.38,2902.65,3270.75,3270.75,96.76,39.37,0,,2808.53,,,0,,,0,,,,
2012-03-27,2996.95,3011.1,2954.9,2996.35,0,2988.75,3171.91,2902.65,3270.75,3270.75,93.91,42.67,0,,2837.59,,,0,,,0,,,,
2012-03-28,2989.0,2989.0,2950.5,2967.15,0,2987.08,3159.25,2902.65,3270.75,3270.75,90.48,41.0,0,,2821.04,,,0,,,0,,,,
2012-03-29,2937.9,2990.7,2926.25,2974.25,0,2985.3,3146.45,2926.25,3270.75,3270.75,88.62,41.6,0,,2834.73,,,0,,,0,,,,
2012-03-30,2983.65,3063.7,2983.65,3054.75,0,2984.66,3133.96,2926.25,3270.75,3270.75,88.68,48.03,0,,2886.61,,,0,,,0,,,,
2012-04-02,3047.25,3073.7,3033.95,3042.25,0,2983.99,3123.12,2926.25,3270.75,3270.75,85.18,47.16,0,,2880.88,,,0,,,0,,,,
2012-04-03,3064.45,3107.05,3064.45,3092.15,0,2983.66,3113.88,2926.25,3270.75,3270.75,83.73,50.97,0,,2914.03,,,0,,,0,,,,
2012-04-04,3064.5,3077.7,3042.1,3059.85,0,2982.71,3102.59,2926.25,3270.75,3270.75,81.32,48.53,0,,2894.8,,,0,,,0,,,,
2012-04-09,3035.2,3035.2,2944.5,2954.25,0,2980.94,3092.79,2926.25,3270.75,3270.75,83.75,41.53,0,,2825.07,,,0,,,0,,,,
2012-04-10,2964.4,2964.4,2906.2,2926.65,0,2979.48,3083.28,2906.2,3270.75,3270.75,81.93,39.91,0,,2801.8,,,0,,,0,,,,
2012-04-11,2899.8,2925.65,2872.35,2886.4,0,2978.17,3071.26,2872.35,3270.75,3270.75,79.95,37.61,0,,2765.88,,,0,,,0,,,,
2012-04-12,2912.4,2966.6,2908.3,2959.75,0,2978.08,3067.14,2872.35,3270.75,3270.75,79.97,43.96,0,,2813.17,,,0,,,0,,,,
2012-04-13,2984.7,3005.25,2935.05,2945.55,0,2977.0,3059.02,2872.35,3213.7,3270.75,79.27,43.04,0,,2804.48,,,0,,,0,,,,
2012-04-16,2924.55,2959.3,2916.0,2952.8,0,2975.18,3049.56,2872.35,3213.7,3213.7,76.7,43.69,0,,2810.87,,,0,,,0,,,,
2012-04-17,2972.7,3014.25,2962.7,3010.35,0,2973.11,3043.04,2872.35,3153.15,3213.7,75.61,48.64,0,,2848.72,,,0,,,0,,,,
2012-04-18,3028.5,3064.2,3028.5,3038.6,0,2971.01,3037.32,2872.35,3153.15,3153.15,74.06,50.93,0,,2867.97,,,0,,,0,,,,
2012-04-19,3048.55,3069.0,3022.0,3060.4,0,2968.59,3035.75,2872.35,3153.15,3153.15,72.13,52.68,0,,2883.32,,,0,,,0,,,,
2012-04-20,3044.7,3077.0,3002.35,3033.2,0,2966.2,3037.48,2872.35,3143.1,3153.15,72.31,50.27,0,,2865.66,,,0,,,0,,,,
2012-04-23,3019.15,3045.85,2926.3,2941.0,0,2963.2,3037.54,2872.35,3107.05,3143.1,75.68,43.08,0,,2803.94,,,0,,,0,,,,
2012-04-24,2948.3,2972.2,2920.65,2962.45,0,2961.11,3033.28,2872.35,3107.05,3107.05,73.96,45.05,0,,2818.92,,,0,,,0,,,,
2012-04-25,2967.4,2994.65,2919.2,2949.85,0,2959.7,3027.54,2872.35,3107.05,3107.05,74.06,44.09,0,,2810.73,,,0,,,0,,,,
2012-04-26,2965.9,2982.1,2939.1,2947.95,0,2958.23,3018.67,2872.35,3107.05,3107.05,71.85,43.93,0,,2810.98,,,0,,,0,,,,
2012-04-27,2950.8,2972.45,2892.75,2922.8,0,2956.14,3009.03,2872.35,3107.05,3107.05,72.41,41.87,0,,2794.38,,,0,,,0,,,,
2012-04-30,2941.85,2981.55,2935.65,2970.25,0,2954.32,3002.34,2872.35,3107.05,3107.05,71.43,46.94,0,,2825.64,,,0,,,0,,,,
2012-05-02,2974.8,2998.55,2947.75,2957.0,0,2952.65,2997.36,2872.35,3107.05,3107.05,69.96,45.74,0,,2818.08,,,0,,,0,,,,
2012-05-03,2941.65,2945.65,2888.8,2902.15,0,2950.21,2991.35,2888.8,3107.05,3107.05,69.83,41.06,0,,2788.27,,,0,,,0,,,,
2012-05-04,2890.65,2891.75,2813.8,2828.5,0,2947.32,2982.84,2813.8,3077.7,3107.05,71.15,35.77,0,,2714.88,,,0,,,0,,,,
2012-05-07,2788.35,2881.15,2762.2,2871.8,0,2945.62,2973.83,2762.2,3077.0,3077.7,74.57,40.61,0,,2723.33,,,0,,,0,,,,
2012-05-08,2880.2,2894.05,2807.9,2825.2,0,2944.08,2966.88,2762.2,3077.0,3077.0,75.4,37.35,0,,2692.72,,,0,,,0,,,,
2012-05-09,2798.05,2820.4,2756.35,2767.5,0,2942.68,2958.51,2756.35,3077.0,3077.0,74.93,33.73,0,,2653.87,,,0,,,0,,,,
2012-05-10,2769.15,2809.95,2728.3,2733.55,0,2940.56,2951.16,2728.3,3077.0,3077.0,75.41,31.78,0,,2622.3,,,0,,,0,,,,
2012-05-11,2714.8,2742.85,2682.95,2700.9,0,2938.59,2941.31,2682.95,3077.0,3077.0,74.3,29.98,0,,2586.86,,,0,,,0,,,,
2012-05-14,2702.55,2735.3,2653.75,2686.6,0,2936.46,2931.96,2653.75,3077.0,3077.0,74.82,29.21,0,,2567.56,,,0,,,0,,,,
2012-05-15,2664.55,2748.1,2664.55,2741.2,0,2935.26,2924.19,2653.75,3077.0,3077.0,75.44,36.03,0,,2602.36,,,0,,,0,,,,
2012-05-16,2695.7,2698.05,2658.35,2665.35,0,2934.33,2911.21,2653.75,3077.0,3077.0,75.97,31.49,0,,2553.09,,,0,,,0,,,,
2012-05-17,2676.0,2714.0,2654.85,2675.8,0,2933.76,2898.99,2653.75,3077.0,3077.0,74.77,32.75,0,,2560.63,,,0,,,0,,,,
2012-05-18,2630.1,2694.35,2616.4,2687.25,0,2933.38,2885.5,2616.4,3077.0,3077.0,75.0,34.17,0,,2555.41,,,0,,,0,,,,
2012-05-21,2674.9,2723.8,2674.9,2704.85,0,2932.14,2873.66,2616.4,3045.85,3077.0,73.13,36.41,0,,2568.01,,,0,,,0,,,,
2012-05-22,2728.4,2742.9,2644.6,2654.5,0,2930.22,2863.67,2616.4,2998.55,3045.85,74.93,32.96,0,,2534.33,,,0,,,0,,,,
2012-05-23,2641.0,2653.45,2616.1,2630.95,0,2927.94,2853.82,2616.1,2998.55,2998.55,72.32,31.46,0,,2520.78,,,0,,,0,,,,
2012-05-24,2644.95,2675.65,2610.9,2667.75,0,2925.47,2846.53,2610.9,2998.55,2998.55,71.78,36.34,0,,2543.15,,,0,,,0,,,,
2012-05-25,2656.15,2704.7,2652.15,2690.55,0,2923.31,2837.55,2610.9,2998.55,2998.55,70.41,39.22,0,,2558.77,,,0,,,0,,,,
2012-05-28,2690.6,2722.6,2690.6,2716.7,0,2921.51,2829.92,2610.9,2998.55,2998.55,67.67,42.44,0,,2577.46,,,0,,,0,,,,
2012-05-29,2731.3,2752.75,2718.15,2731.6,0,2919.82,2822.55,2610.9,2998.55,2998.55,65.41,44.25,0,,2588.58,,,0,,,0,,,,
2012-05-30,2713.6,2732.1,2699.8,2706.1,0,2918.26,2812.41,2610.9,2945.65,2998.55,63.04,41.83,0,,2573.71,,,0,,,0,,,,
2012-05-31,2688.25,2714.85,2687.5,2698.55,0,2916.32,2801.08,2610.9,2894.05,2945.65,60.49,41.11,0,,2570.54,,,0,,,0,,,,
2012-06-01,2689.0,2701.3,2644.8,2654.65,0,2914.21,2787.55,2610.9,2894.05,2894.05,60.21,37.11,0,,2542.41,,,0,,,0,,,,
2012-06-04,2630.8,2642.85,2594.6,2635.5,0,2912.23,2774.29,2594.6,2894.05,2894.05,60.2,35.49,0,,2524.63,,,0,,,0,,,,
2012-06-05,2649.15,2677.2,2620.4,2626.8,0,2910.12,2763.82,2594.6,2820.4,2894.05,59.95,34.75,0,,2519.18,,,0,,,0,,,,
2012-06-06,2646.1,2708.85,2646.1,2705.65,0,2908.12,2755.26,2594.6,2809.95,2820.4,61.53,45.81,0,,2568.99,,,0,,,0,,,,
2012-06-07,2732.2,2748.35,2715.75,2739.65,0,2904.92,2748.25,2594.6,2752.75,2809.95,60.19,49.76,0,,2591.82,,,0,,,0,,,,
2012-06-08,2749.75,2762.1,2714.65,2752.05,0,2902.22,2741.72,2594.6,2762.1,2752.75,59.28,51.16,0,,2600.42,,,0,,,0,,,,
2012-06-11,2782.6,2809.8,2734.1,2749.6,0,2899.8,2735.95,2594.6,2809.8,2762.1,60.45,50.86,0,,2598.06,,,0,,,0,,,,
2012-06-12,2729.15,2788.65,2725.25,2780.25,0,2897.63,2729.62,2594.6,2809.8,2809.8,60.66,54.48,0,,2617.69,,,0,,,0,,,,
2012-06-13,2785.75,2796.55,2761.9,2770.05,0,2895.46,2723.38,2594.6,2809.8,2809.8,58.8,53.08,0,,2612.35,,,0,,,0,,,,
2012-06-14,2767.6,2783.0,2731.05,2737.4,0,2892.74,2717.89,2594.6,2809.8,2809.8,58.31,48.76,0,,2591.61,,,0,,,0,,,,
2012-06-15,2751.1,2781.05,2750.35,2775.85,0,2890.25,2716.14,2594.6,2809.8,2809.8,57.27,53.55,0,,2617.11,,,0,,,0,,,,
2012-06-18,2799.3,2822.85,2736.4,2750.7,0,2888.17,2712.1,2594.6,2822.85,2809.8,59.35,50.24,0,,2599.5,,,0,,,0,,,,
2012-06-19,2745.15,2770.85,2719.85,2748.3,0,2886.56,2709.54,2594.6,2822.85,2822.85,58.75,49.93,0,,2598.35,,,0,,,0,,,,
2012-06-20,2767.2,2788.85,2745.25,2778.25,0,2885.6,2709.9,2594.6,2822.85,2822.85,57.67,53.84,0,,2618.39,,,0,,,0,,,,
2012-06-21,2762.5,2805.05,2754.9,2798.85,0,2885.15,2712.07,2594.6,2822.85,2822.85,57.13,56.37,0,,2632.03,,,0,,,0,,,,
2012-06-22,2771.25,2781.8,2734.4,2755.9,0,2884.4,2713.91,2594.6,2822.85,2822.85,57.66,50.2,0,,2603.98,,,0,,,0,,,,
2012-06-25,2766.85,2792.45,2726.45,2736.05,0,2883.93,2715.56,2620.4,2822.85,2822.85,58.25,47.6,0,,2599.38,,,0,,,0,,,,
2012-06-26,2728.25,2740.55,2709.8,2726.95,0,2883.65,2715.08,2646.1,2822.85,2822.85,56.29,46.42,0,,2603.39,,,0,,,0,,,,
2012-06-27,2743.35,2777.65,2741.75,2772.4,0,2884.32,2718.65,2709.8,2822.85,2822.85,55.89,52.74,0,,2654.2,,,0,,,0,,,,
2012-06-28,2781.15,2791.05,2760.6,2776.5,0,2884.75,2722.0,2709.8,2822.85,2822.85,54.07,53.28,0,,2658.06,,,0,,,0,,,,
2012-06-29,2805.0,2875.1,2805.0,2870.35,0,2886.16,2728.11,2709.8,2875.1,2822.85,57.25,63.48,0,,2716.47,,,0,,,0,,,,
2012-07-02,2882.8,2911.15,2856.5,2882.9,0,2887.6,2734.04,2709.8,2911.15,2875.1,57.07,64.59,0,,2724.69,,,0,,,0,,,,
2012-07-03,2887.75,2917.05,2879.9,2905.8,0,2889.54,2742.42,2709.8,2917.05,2911.15,55.64,66.6,0,,2740.41,,,0,,,0,,,,
2012-07-04,2916.35,2978.9,2916.35,2965.6,0,2891.01,2753.58,2709.8,2978.9,2917.05,56.89,71.18,1,2965.6,2778.15,2778.15,2778.15,1,1,2012-07-04,0,,,,
2012-07-05,2969.45,2980.85,2948.5,2956.15,0,2892.67,2763.19,2709.8,2980.85,2978.9,55.14,69.55,0,,2773.22,,2778.15,1,1,2012-07-04,0,,,,
2012-07-06,2951.0,2951.0,2907.45,2924.95,0,2894.1,2771.0,2709.8,2980.85,2980.85,54.68,64.34,0,,2753.41,,2778.15,1,1,2012-07-04,0,,,,
2012-07-09,2897.7,2900.9,2862.3,2882.35,0,2894.52,2776.52,2709.8,2980.85,2980.85,55.25,57.94,0,,2725.55,,2778.15,1,1,2012-07-04,1,2894.52,SMA150_BREAK,4,-2.4
2012-07-10,2885.9,2930.7,2885.9,2926.4,0,2894.74,2783.02,2709.8,2980.85,2980.85,54.76,62.13,0,,2754.29,,,0,,,0,,,,
2012-07-11,2911.15,2935.05,2893.25,2898.0,0,2894.96,2789.41,2709.8,2980.85,2980.85,53.83,58.11,0,,2736.59,,,0,,,0,,,,
2012-07-12,2883.2,2889.0,2859.65,2864.6,0,2894.87,2794.95,2709.8,2980.85,2980.85,52.72,53.71,0,,2715.78,,,0,,,0,,,,
2012-07-13,2873.15,2886.95,2828.3,2831.75,0,2895.17,2800.85,2709.8,2980.85,2980.85,53.15,49.73,0,,2694.31,,,0,,,0,,,,
2012-07-16,2820.2,2825.3,2765.55,2770.15,0,2895.22,2805.34,2709.8,2980.85,2980.85,54.08,43.24,0,,2653.96,,,0,,,0,,,,
2012-07-17,2782.05,2799.05,2760.35,2767.4,0,2895.99,2810.03,2741.75,2980.85,2980.85,52.98,42.97,0,,2663.57,,,0,,,0,,,,
2012-07-18,2769.05,2816.15,2767.45,2808.4,0,2896.65,2813.45,2760.35,2980.85,2980.85,52.68,48.16,0,,2696.42,,,0,,,0,,,,
2012-07-19,2833.55,2845.25,2825.75,2832.35,0,2897.85,2816.54,2760.35,2980.85,2980.85,51.55,50.96,0,,2712.62,,,0,,,0,,,,
2012-07-20,2822.35,2848.45,2811.1,2834.4,0,2899.06,2819.29,2760.35,2980.85,2980.85,50.53,51.21,0,,2714.62,,,0,,,0,,,,
2012-07-23,2809.4,2809.4,2734.15,2740.5,0,2900.13,2818.98,2734.15,2980.85,2980.85,54.09,41.14,0,,2642.95,,,0,,,0,,,,
2012-07-24,2739.55,2758.1,2731.9,2745.25,0,2901.35,2817.82,2731.9,2980.85,2980.85,52.09,41.76,0,,2646.59,,,0,,,0,,,,
2012-07-25,2725.5,2726.45,2675.25,2687.7,0,2902.8,2815.07,2675.25,2980.85,2980.85,53.37,36.69,0,,2589.73,,,0,,,0,,,,
2012-07-26,2699.65,2702.0,2638.0,2651.9,0,2903.57,2812.22,2638.0,2980.85,2980.85,54.13,33.92,0,,2553.72,,,0,,,0,,,,
2012-07-27,2696.3,2739.45,2691.3,2708.2,0,2904.66,2809.97,2638.0,2980.85,2980.85,56.52,41.4,0,,2588.44,,,0,,,0,,,,
2012-07-30,2727.4,2763.9,2720.3,2760.25,0,2906.2,2810.29,2638.0,2980.85,2980.85,56.46,47.32,0,,2622.05,,,0,,,0,,,,
2012-07-31,2766.6,2791.3,2719.9,2783.15,0,2907.66,2811.45,2638.0,2980.85,2980.85,57.53,49.73,0,,2636.11,,,0,,,0,,,,
2012-08-01,2777.9,2793.7,2751.1,2762.8,0,2909.24,2810.93,2638.0,2980.85,2980.85,56.46,47.65,0,,2623.7,,,0,,,0,,,,
2012-08-02,2755.9,2763.55,2740.2,2757.25,0,2911.1,2809.54,2638.0,2951.0,2980.85,54.1,47.07,0,,2621.7,,,0,,,0,,,,
2012-08-03,2735.05,2735.05,2682.1,2714.45,0,2912.62,2808.16,2638.0,2935.05,2951.0,55.6,42.75,0,,2593.09,,,0,,,0,,,,
2012-08-06,2745.0,2767.45,2735.65,2743.8,0,2914.48,2808.42,2638.0,2935.05,2935.05,55.41,46.38,0,,2612.14,,,0,,,0,,,,
2012-08-07,2746.45,2771.9,2740.85,2759.15,0,2916.24,2809.5,2638.0,2935.05,2935.05,53.67,48.23,0,,2623.2,,,0,,,0,,,,
2012-08-08,2767.85,2811.4,2767.85,2779.7,0,2917.32,2809.74,2638.0,2889.0,2935.05,53.57,50.69,0,,2636.53,,,0,,,0,,,,
2012-08-09,2782.25,2813.95,2777.3,2796.2,0,2918.45,2810.4,2638.0,2886.95,2889.0,52.36,52.63,0,,2647.97,,,0,,,0,,,,
2012-08-10,2785.6,2813.35,2777.7,2797.0,0,2919.69,2807.95,2638.0,2848.45,2886.95,51.17,52.73,0,,2649.29,,,0,,,0,,,,
2012-08-13,2808.45,2808.6,2777.3,2797.75,0,2921.0,2805.11,2638.0,2848.45,2848.45,49.75,52.82,0,,2650.72,,,0,,,0,,,,
2012-08-14,2787.45,2833.05,2787.1,2822.45,0,2922.46,2802.33,2638.0,2848.45,2848.45,49.48,56.05,0,,2666.83,,,0,,,0,,,,
2012-08-16,2812.6,2821.0,2778.85,2786.05,0,2923.12,2796.35,2638.0,2848.45,2848.45,49.06,50.57,0,,2643.63,,,0,,,0,,,,
2012-08-17,2783.3,2797.05,2737.3,2741.25,0,2923.07,2789.18,2682.1,2848.45,2848.45,49.82,44.76,0,,2628.92,,,0,,,0,,,,
2012-08-21,2736.55,2766.6,2713.2,2762.65,0,2922.95,2783.78,2682.1,2833.05,2848.45,50.08,47.84,0,,2642.56,,,0,,,0,,,,
2012-08-22,2751.3,2771.85,2748.1,2756.65,0,2922.18,2779.58,2682.1,2833.05,2833.05,48.2,47.05,0,,2639.94,,,0,,,0,,,,
2012-08-23,2768.35,2799.6,2751.55,2771.85,0,2921.44,2774.43,2682.1,2833.05,2833.05,48.19,49.34,0,,2649.75,,,0,,,0,,,,
2012-08-24,2755.85,2771.2,2740.2,2760.45,0,2919.94,2769.85,2682.1,2833.05,2833.05,47.01,47.67,0,,2643.19,,,0,,,0,,,,
2012-08-27,2767.75,2772.35,2719.95,2722.95,0,2918.58,2765.13,2682.1,2833.05,2833.05,47.39,42.59,0,,2618.74,,,0,,,0,,,,
2012-08-28,2727.1,2728.05,2619.45,2647.0,0,2916.19,2758.97,2619.45,2833.05,2833.05,51.76,34.54,0,,2545.96,,,0,,,0,,,,
2012-08-29,2645.5,2649.9,2595.15,2600.9,0,2913.51,2753.33,2595.15,2833.05,2833.05,51.98,30.75,0,,2507.98,,,0,,,0,,,,
2012-08-30,2589.8,2601.25,2567.75,2590.0,0,2911.2,2747.41,2567.75,2833.05,2833.05,50.66,29.91,0,,2492.7,,,0,,,0,,,,
2012-08-31,2583.05,2586.55,2533.1,2554.8,0,2908.33,2738.96,2533.1,2833.05,2833.05,51.1,27.33,0,,2458.14,,,0,,,0,,,,
2012-09-03,2570.1,2582.9,2534.7,2544.05,0,2905.01,2729.35,2533.1,2833.05,2833.05,50.9,26.57,0,,2451.35,,,0,,,0,,,,
2012-09-04,2546.45,2565.45,2528.7,2561.05,0,2901.4,2720.24,2528.7,2833.05,2833.05,49.88,29.87,0,,2461.52,,,0,,,0,,,,
2012-09-05,2538.4,2542.25,2487.95,2497.6,0,2898.0,2712.14,2487.95,2833.05,2833.05,51.54,25.3,0,,2405.91,,,0,,,0,,,,
2012-09-06,2500.5,2526.0,2497.25,2508.6,0,2894.23,2704.25,2487.95,2833.05,2833.05,49.92,27.38,0,,2414.09,,,0,,,0,,,,
2012-09-07,2550.5,2578.35,2550.5,2575.75,0,2890.3,2700.52,2487.95,2833.05,2833.05,51.33,38.59,0,,2456.45,,,0,,,0,,,,
2012-09-10,2594.7,2631.4,2594.7,2618.75,0,2886.33,2699.42,2487.95,2833.05,2833.05,51.64,44.5,0,,2483.98,,,0,,,0,,,,
2012-09-11,2587.25,2587.95,2566.2,2582.4,0,2882.35,2695.22,2487.95,2833.05,2833.05,51.71,40.92,0,,2460.49,,,0,,,0,,,,
2012-09-12,2593.9,2637.15,2571.75,2633.15,0,2878.42,2690.99,2487.95,2833.05,2833.05,52.68,47.3,0,,2492.58,,,0,,,0,,,,
2012-09-13,2632.8,2639.85,2611.05,2628.5,0,2874.8,2685.83,2487.95,2821.0,2833.05,50.98,46.8,0,,2490.71,,,0,,,0,,,,
2012-09-14,2685.65,2748.75,2685.65,2740.9,0,2871.58,2685.1,2487.95,2799.6,2821.0,55.93,58.27,0,,2559.91,,,0,,,0,,,,
2012-09-17,2768.3,2795.95,2738.75,2775.55,0,2868.17,2685.71,2487.95,2799.6,2799.6,56.02,61.05,0,,2582.2,,,0,,,0,,,,
2012-09-18,2764.45,2777.85,2751.75,2771.8,0,2864.58,2687.62,2487.95,2799.6,2799.6,53.88,60.58,0,,2581.21,,,0,,,0,,,,
2012-09-20,2738.35,2761.85,2703.85,2708.75,0,2860.33,2686.46,2487.95,2799.6,2799.6,54.88,53.15,0,,2539.87,,,0,,,0,,,,
2012-09-21,2718.75,2824.55,2715.45,2817.7,0,2856.72,2688.41,2487.95,2824.55,2799.6,59.24,61.86,0,,2607.24,,,0,,,0,,,,
2012-09-24,2817.1,2876.7,2811.75,2827.75,0,2852.71,2690.01,2487.95,2876.7,2824.55,59.64,62.55,0,,2613.45,,,0,,,0,,,,
2012-09-25,2828.4,2843.35,2779.8,2788.55,0,2848.85,2689.75,2487.95,2876.7,2876.7,59.92,58.12,0,,2587.98,,,0,,,0,,,,
2012-09-26,2770.0,2789.75,2744.0,2752.55,0,2844.74,2688.27,2487.95,2876.7,2876.7,58.91,54.32,0,,2565.44,,,0,,,0,,,,
2012-09-27,2751.1,2768.85,2729.75,2734.25,0,2840.31,2686.16,2497.25,2876.7,2876.7,57.5,52.44,0,,2557.68,,,0,,,0,,,,
2012-09-28,2761.05,2810.35,2761.05,2768.4,0,2837.11,2684.35,2550.5,2876.7,2876.7,58.82,55.53,0,,2596.57,,,0,,,0,,,,
2012-10-01,2776.7,2784.9,2741.75,2777.1,0,2834.22,2684.06,2566.2,2876.7,2876.7,57.7,56.31,0,,2608.16,,,0,,,0,,,,
2012-10-03,2779.7,2791.65,2770.45,2787.25,0,2831.15,2685.59,2566.2,2876.7,2876.7,55.1,57.25,0,,2616.44,,,0,,,0,,,,
2012-10-04,2797.65,2815.25,2786.1,2790.75,0,2829.2,2686.52,2571.75,2876.7,2876.7,53.24,57.59,0,,2621.79,,,0,,,0,,,,
2012-10-05,2807.5,2817.6,2466.6,2790.75,0,2826.54,2687.66,2466.6,2876.7,2876.7,74.51,57.59,0,,2572.56,,,0,,,0,,,,
2012-10-08,2788.8,2806.55,2753.6,2759.7,0,2823.36,2687.26,2466.6,2876.7,2876.7,72.97,53.25,0,,2553.56,,,0,,,0,,,,
2012-10-09,2777.75,2804.6,2755.35,2768.75,0,2820.45,2687.53,2466.6,2876.7,2876.7,71.28,54.33,0,,2560.53,,,0,,,0,,,,
2012-10-10,2755.85,2779.85,2738.7,2743.25,0,2817.34,2688.21,2466.6,2876.7,2876.7,69.13,50.77,0,,2545.51,,,0,,,0,,,,
2012-10-11,2756.35,2795.3,2736.95,2787.6,0,2815.2,2692.9,2466.6,2876.7,2876.7,68.36,56.15,0,,2574.63,,,0,,,0,,,,
2012-10-12,2787.4,2819.3,2779.1,2787.55,0,2813.91,2699.12,2466.6,2876.7,2876.7,66.34,56.14,0,,2575.94,,,0,,,0,,,,
2012-10-15,2781.1,2793.8,2768.45,2786.1,0,2812.89,2705.66,2466.6,2876.7,2876.7,63.42,55.91,0,,2576.96,,,0,,,0,,,,
2012-10-16,2794.35,2799.55,2731.6,2738.7,0,2810.55,2711.79,2466.6,2876.7,2876.7,63.74,48.81,0,,2546.17,,,0,,,0,,,,
2012-10-17,2757.1,2757.8,2719.75,2726.95,0,2807.91,2717.88,2466.6,2876.7,2876.7,61.91,47.21,0,,2539.81,,,0,,,0,,,,
2012-10-18,2734.15,2761.9,2718.65,2757.25,0,2804.87,2724.42,2466.6,2876.7,2876.7,60.57,51.62,0,,2560.24,,,0,,,0,,,,
2012-10-19,2746.1,2755.05,2710.85,2720.8,0,2801.59,2731.86,2466.6,2876.7,2876.7,59.56,46.58,0,,2537.41,,,0,,,0,,,,
2012-10-22,2705.95,2728.4,2698.75,2723.3,0,2798.61,2739.02,2466.6,2876.7,2876.7,57.42,46.97,0,,2540.45,,,0,,,0,,,,
2012-10-23,2716.05,2729.35,2696.85,2700.55,0,2795.9,2743.18,2466.6,2843.35,2876.7,55.64,43.89,0,,2526.96,,,0,,,0,,,,
2012-10-25,2705.85,2715.4,2683.2,2685.65,0,2793.26,2745.41,2466.6,2819.3,2843.35,53.97,41.95,0,,2518.46,,,0,,,0,,,,
2012-10-29,2681.45,2703.85,2667.0,2676.5,0,2790.54,2748.54,2466.6,2819.3,2819.3,52.75,40.76,0,,2513.38,,,0,,,0,,,,
2012-10-30,2673.2,2682.7,2631.3,2636.1,0,2787.17,2748.64,2631.3,2819.3,2819.3,52.65,35.91,0,,2542.28,,,0,,,0,,,,
2012-10-31,2632.65,2670.45,2619.25,2665.75,0,2784.72,2749.88,2619.25,2819.3,2819.3,52.55,41.42,0,,2557.46,,,0,,,0,,,,
2012-11-01,2664.65,2697.3,2657.25,2690.0,0,2782.53,2748.19,2619.25,2819.3,2819.3,51.65,45.54,0,,2573.7,,,0,,,0,,,,
2012-11-02,2700.55,2724.95,2692.85,2707.05,0,2780.88,2745.9,2619.25,2819.3,2819.3,50.46,48.29,0,,2585.49,,,0,,,0,,,,
2012-11-05,2696.75,2704.05,2675.45,2684.1,0,2778.8,2742.98,2619.25,2819.3,2819.3,49.11,44.99,0,,2571.59,,,0,,,0,,,,
2012-11-06,2674.8,2688.8,2661.75,2681.55,0,2776.89,2742.08,2619.25,2819.3,2819.3,47.54,44.63,0,,2570.99,,,0,,,0,,,,
2012-11-07,2672.85,2712.7,2672.85,2690.15,0,2775.0,2737.82,2619.25,2819.3,2819.3,46.99,46.21,0,,2576.9,,,0,,,0,,,,
2012-11-08,2672.15,2697.65,2663.35,2691.3,0,2772.58,2733.28,2619.25,2819.3,2819.3,46.08,46.43,0,,2578.25,,,0,,,0,,,,
2012-11-09,2694.8,2710.0,2644.0,2653.0,0,2769.98,2728.76,2619.25,2819.3,2819.3,47.5,40.48,0,,2552.6,,,0,,,0,,,,
2012-11-12,2645.15,2648.85,2625.9,2633.7,0,2766.92,2724.8,2619.25,2819.3,2819.3,46.05,37.85,0,,2541.12,,,0,,,0,,,,
2012-11-15,2630.3,2631.25,2592.45,2601.55,0,2763.87,2720.37,2592.45,2799.55,2819.3,45.7,33.89,0,,2511.68,,,0,,,0,,,,
2012-11-16,2603.1,2628.1,2582.1,2588.05,0,2761.43,2714.36,2582.1,2799.55,2799.55,45.73,32.36,0,,2499.51,,,0,,,0,,,,
2012-11-19,2588.55,2600.4,2559.85,2568.8,0,2759.04,2707.42,2559.85,2761.9,2799.55,45.36,30.26,0,,2479.92,,,0,,,0,,,,
2012-11-20,2583.6,2590.6,2535.75,2549.55,0,2756.8,2699.49,2535.75,2761.9,2761.9,46.03,28.29,0,,2459.02,,,0,,,0,,,,
2012-11-21,2558.2,2574.55,2540.8,2567.8,0,2754.18,2692.06,2535.75,2755.05,2761.9,45.16,32.77,0,,2471.38,,,0,,,0,,,,
2012-11-22,2580.55,2594.5,2563.0,2585.1,0,2751.78,2685.21,2535.75,2729.35,2755.05,44.18,36.8,0,,2483.19,,,0,,,0,,,,
2012-11-23,2583.9,2589.85,2566.6,2582.7,0,2749.31,2679.31,2535.75,2729.35,2729.35,42.69,36.47,0,,2482.63,,,0,,,0,,,,
2012-11-26,2585.55,2617.1,2585.55,2600.35,0,2746.58,2673.69,2535.75,2724.95,2729.35,42.09,40.64,0,,2494.41,,,0,,,0,,,,
2012-11-27,2609.75,2648.7,2608.4,2637.55,0,2743.91,2670.17,2535.75,2724.95,2724.95,42.54,48.34,0,,2518.11,,,0,,,0,,,,
2012-11-29,2642.0,2670.4,2639.05,2657.25,0,2741.22,2665.82,2535.75,2724.95,2724.95,41.85,51.9,0,,2531.28,,,0,,,0,,,,
2012-11-30,2663.9,2715.2,2663.9,2711.3,0,2739.07,2663.28,2535.75,2724.95,2724.95,43.0,60.04,0,,2565.37,,,0,,,0,,,,
2012-12-03,2717.1,2748.8,2714.45,2728.4,0,2737.66,2661.36,2535.75,2748.8,2724.95,42.61,62.21,0,,2576.66,,,0,,,0,,,,
2012-12-04,2730.55,2742.45,2712.45,2726.4,0,2736.08,2660.95,2535.75,2748.8,2748.8,41.71,61.79,0,,2575.97,,,0,,,0,,,,
2012-12-05,2743.75,2772.1,2738.5,2763.15,0,2734.84,2662.16,2535.75,2772.1,2748.8,41.99,66.33,1,2763.15,2599.49,2599.49,2599.49,1,2,2012-12-05,0,,,,
2012-12-06,2775.15,2785.55,2735.95,2778.05,0,2733.7,2662.85,2535.75,2785.55,2772.1,42.53,67.99,0,,2608.74,,2608.74,1,2,2012-12-05,0,,,,
2012-12-07,2793.9,2802.15,2755.95,2765.1,0,2732.65,2664.33,2535.75,2802.15,2785.55,42.8,64.99,0,,2600.21,,2608.74,1,2,2012-12-05,0,,,,
2012-12-10,2767.5,2776.3,2756.25,2771.0,0,2731.32,2665.92,2535.75,2802.15,2802.15,41.17,65.73,0,,2605.1,,2608.74,1,2,2012-12-05,0,,,,
2012-12-11,2778.35,2794.25,2732.55,2752.0,0,2729.96,2667.63,2535.75,2802.15,2802.15,42.64,61.23,0,,2591.86,,2608.74,1,2,2012-12-05,0,,,,
2012-12-12,2759.9,2768.35,2729.9,2734.95,0,2728.84,2669.28,2540.8,2802.15,2802.15,42.34,57.43,0,,2582.75,,2608.74,1,2,2012-12-05,0,,,,
2012-12-13,2737.8,2745.8,2698.75,2704.35,0,2728.02,2670.2,2563.0,2802.15,2802.15,42.68,51.28,0,,2570.19,,2608.74,1,2,2012-12-05,1,2728.02,SMA150_BREAK,7,-1.27
2012-12-14,2704.5,2761.3,2703.8,2755.55,0,2727.24,2674.18,2566.6,2802.15,2802.15,43.73,59.16,0,,2603.71,,,0,,,0,,,,
2012-12-17,2754.05,2800.05,2753.8,2795.9,0,2727.04,2678.52,2585.55,2802.15,2802.15,43.91,64.09,0,,2635.93,,,0,,,0,,,,
2012-12-18,2802.7,2860.55,2773.95,2856.7,0,2727.64,2684.08,2608.4,2860.55,2802.15,46.96,69.97,1,2856.7,2680.73,2680.73,2680.73,1,3,2012-12-18,0,,,,
2012-12-19,2866.6,2908.5,2866.6,2904.1,0,2728.78,2690.65,2639.05,2908.5,2860.55,47.31,73.6,0,,2721.29,,2721.29,1,3,2012-12-18,0,,,,
2012-12-20,2900.0,2950.65,2872.9,2941.05,0,2730.38,2699.21,2663.9,2950.65,2908.5,49.48,76.04,0,,2751.96,,2751.96,1,3,2012-12-18,0,,,,
2012-12-21,2924.8,2944.4,2885.15,2894.85,0,2731.77,2706.32,2698.75,2950.65,2950.65,50.18,67.64,0,,2733.31,,2751.96,1,3,2012-12-18,0,,,,
2012-12-24,2896.15,2913.5,2874.05,2881.45,0,2732.7,2712.7,2698.75,2950.65,2950.65,49.41,65.39,0,,2725.18,,2751.96,1,3,2012-12-18,0,,,,
2012-12-26,2885.6,2916.85,2885.6,2896.6,0,2734.24,2719.54,2698.75,2950.65,2950.65,48.41,66.74,0,,2735.61,,2751.96,1,3,2012-12-18,0,,,,
2012-12-27,2907.55,2914.55,2874.45,2880.35,0,2735.61,2727.12,2698.75,2950.65,2950.65,47.82,63.86,0,,2725.53,,2751.96,1,3,2012-12-18,0,,,,
2012-12-28,2890.1,2908.1,2870.35,2889.35,0,2736.95,2735.64,2698.75,2950.65,2950.65,47.1,64.77,0,,2731.81,,2751.96,1,3,2012-12-18,0,,,,
2012-12-31,2890.7,2908.45,2886.35,2900.25,0,2738.26,2745.6,2698.75,2950.65,2950.65,45.31,65.88,0,,2740.04,,2751.96,1,3,2012-12-18,0,,,,
2013-01-01,2916.15,2967.15,2916.15,2959.35,0,2740.29,2757.98,2698.75,2967.15,2950.65,46.86,71.21,1,2959.35,2777.13,2777.13,2777.13,1,3,2012-12-18,0,,,,
2013-01-02,2979.95,3002.1,2970.15,2973.9,0,2742.58,2771.48,2698.75,3002.1,2967.15,46.56,72.35,0,,2786.71,,2786.71,1,3,2012-12-18,0,,,,
2013-01-03,2983.7,2999.65,2969.3,2983.75,0,2744.68,2785.95,2698.75,3002.1,3002.1,45.4,73.13,0,,2793.83,,2793.83,1,3,2012-12-18,0,,,,
2013-01-04,2975.45,2975.9,2938.1,2955.8,0,2746.45,2798.89,2703.8,3002.1,3002.1,45.42,67.34,0,,2777.48,,2793.83,1,3,2012-12-18,0,,,,
2013-01-07,2965.0,3013.9,2936.8,2986.05,0,2748.25,2812.25,2753.8,3013.9,3002.1,47.68,70.1,0,,2812.15,,2812.15,1,3,2012-12-18,0,,,,
2013-01-08,2983.4,2983.4,2931.4,2955.4,0,2749.74,2824.68,2773.95,3013.9,3013.9,48.18,64.18,0,,2798.76,,2812.15,1,3,2012-12-18,0,,,,
2013-01-09,2962.6,2971.25,2914.55,2919.55,0,2751.16,2835.32,2866.6,3013.9,3013.9,48.79,58.01,0,,2806.12,,2812.15,1,3,2012-12-18,0,,,,
2013-01-10,2935.25,2952.6,2898.15,2907.05,0,2752.55,2844.3,2870.35,3013.9,3013.9,49.2,55.99,0,,2799.03,,2812.15,1,3,2012-12-18,0,,,,
2013-01-11,2907.5,2928.65,2852.2,2859.85,0,2753.92,2851.05,2852.2,3013.9,3013.9,51.14,49.04,0,,2761.24,,2812.15,1,3,2012-12-18,0,,,,
2013-01-14,2861.15,2907.9,2835.35,2901.0,0,2755.69,2857.38,2835.35,3013.9,3013.9,52.67,54.36,0,,2781.15,,2812.15,1,3,2012-12-18,0,,,,
2013-01-15,2898.15,2913.55,2881.15,2894.5,0,2757.47,2862.91,2835.35,3013.9,3013.9,51.22,53.41,0,,2777.92,,2812.15,1,3,2012-12-18,0,,,,
2013-01-16,2883.8,2892.3,2820.75,2827.6,0,2758.29,2866.29,2820.75,3013.9,3013.9,52.83,44.76,0,,2728.83,,2812.15,1,3,2012-12-18,0,,,,
2013-01-17,2814.95,2850.1,2797.75,2837.7,0,2758.94,2868.77,2797.75,3013.9,3013.9,52.8,46.18,0,,2727.7,,2812.15,1,3,2012-12-18,1,2812.15,TRAILING_STOP,22,-1.56
2013-01-18,2843.7,2868.25,2815.8,2825.1,0,2759.43,2870.34,2797.75,3013.9,3013.9,52.77,44.64,0,,2719.59,,,0,,,0,,,,
2013-01-21,2820.85,2847.5,2812.7,2818.3,0,2759.88,2872.11,2797.75,3013.9,3013.9,51.49,43.79,0,,2716.06,,,0,,,0,,,,
2013-01-22,2815.15,2843.9,2783.55,2793.75,0,2759.98,2872.87,2783.55,3013.9,3013.9,52.12,40.78,0,,2695.07,,,0,,,0,,,,
2013-01-23,2804.65,2813.45,2759.45,2780.8,0,2760.05,2873.83,2759.45,3013.9,3013.9,52.26,39.24,0,,2678.6,,,0,,,0,,,,
2013-01-24,2777.3,2786.1,2724.95,2730.85,0,2760.0,2873.69,2724.95,3013.9,3013.9,52.89,33.94,0,,2634.45,,,0,,,0,,,,
2013-01-25,2726.95,2772.95,2703.5,2766.9,0,2759.94,2875.78,2703.5,3013.9,3013.9,54.07,40.22,0,,2649.77,,,0,,,0,,,,
2013-01-28,2771.55,2786.45,2752.05,2773.1,0,2760.09,2876.36,2703.5,3013.9,3013.9,52.67,41.25,0,,2654.7,,,0,,,0,,,,
2013-01-29,2766.15,2803.3,2749.0,2759.05,0,2760.16,2875.14,2703.5,3013.9,3013.9,52.79,39.58,0,,2645.56,,,0,,,0,,,,
2013-01-30,2762.75,2791.45,2762.4,2766.0,0,2760.08,2872.11,2703.5,3013.9,3013.9,51.33,40.86,0,,2651.02,,,0,,,0,,,,
2013-01-31,2757.65,2777.95,2746.65,2773.25,0,2759.91,2867.75,2703.5,3013.9,3013.9,49.9,42.23,0,,2656.65,,,0,,,0,,,,
2013-02-01,2776.05,2798.1,2746.9,2754.35,0,2759.9,2861.53,2703.5,3013.9,3013.9,49.99,39.65,0,,2644.39,,,0,,,0,,,,
2013-02-04,2762.75,2772.7,2726.5,2730.9,0,2759.87,2856.06,2703.5,2983.4,3013.9,49.72,36.66,0,,2629.45,,,0,,,0,,,,
2013-02-05,2712.8,2725.5,2699.25,2713.1,0,2759.78,2850.45,2699.25,2971.25,2983.4,48.43,34.53,0,,2617.41,,,0,,,0,,,,
2013-02-06,2727.65,2753.15,2714.7,2718.3,0,2759.41,2844.51,2699.25,2952.6,2971.25,47.83,35.7,0,,2621.17,,,0,,,0,,,,
2013-02-07,2713.55,2723.45,2679.75,2691.2,0,2758.85,2838.2,2679.75,2928.65,2952.6,47.54,32.43,0,,2597.38,,,0,,,0,,,,
2013-02-08,2692.7,2700.65,2643.8,2654.05,0,2757.4,2830.36,2643.8,2913.55,2928.65,48.2,28.57,0,,2560.99,,,0,,,0,,,,
2013-02-11,2665.95,2665.95,2634.2,2647.2,0,2755.83,2821.92,2634.2,2913.55,2913.55,47.03,27.91,0,,2554.16,,,0,,,0,,,,
2013-02-12,2648.05,2657.65,2620.25,2642.55,0,2754.08,2811.36,2620.25,2892.3,2913.55,46.34,27.45,0,,2546.97,,,0,,,0,,,,
2013-02-13,2644.2,2659.25,2607.9,2612.65,0,2751.72,2799.32,2607.9,2868.25,2892.3,46.7,24.62,0,,2523.33,,,0,,,0,,,,
2013-02-14,2610.35,2633.4,2600.4,2612.75,0,2749.44,2786.96,2600.4,2868.25,2868.25,45.72,24.65,0,,2521.54,,,0,,,0,,,,
2013-02-15,2603.2,2610.95,2581.75,2603.45,0,2747.29,2775.21,2581.75,2847.5,2868.25,44.67,23.76,0,,2510.03,,,0,,,0,,,,
2013-02-18,2602.3,2617.6,2592.1,2610.55,0,2745.48,2762.69,2581.75,2843.9,2847.5,43.3,25.95,0,,2515.52,,,0,,,0,,,,
2013-02-19,2608.6,2617.8,2580.4,2614.75,0,2743.4,2751.34,2580.4,2813.45,2843.9,42.88,27.27,0,,2518.06,,,0,,,0,,,,
2013-02-20,2625.2,2630.25,2594.6,2599.1,0,2741.41,2740.66,2580.4,2803.3,2813.45,42.36,25.44,0,,2508.31,,,0,,,0,,,,
2013-02-21,2580.45,2581.1,2516.7,2520.7,0,2739.12,2727.78,2516.7,2803.3,2803.3,45.22,18.68,0,,2434.6,,,0,,,0,,,,
2013-02-22,2515.1,2532.05,2497.3,2508.65,0,2736.96,2716.07,2497.3,2803.3,2803.3,44.47,17.9,0,,2420.86,,,0,,,0,,,,
2013-02-25,2515.05,2524.45,2465.9,2476.55,0,2735.01,2701.92,2465.9,2803.3,2803.3,45.48,15.97,0,,2389.02,,,0,,,0,,,,
2013-02-26,2472.3,2472.3,2405.3,2410.55,0,2732.63,2685.79,2405.3,2798.1,2803.3,47.32,12.89,0,,2325.03,,,0,,,0,,,,
2013-02-27,2426.85,2438.05,2394.4,2431.8,0,2730.12,2672.6,2394.4,2798.1,2798.1,47.06,18.35,0,,2335.27,,,0,,,0,,,,
2013-02-28,2447.05,2457.2,2338.45,2360.35,0,2726.97,2656.69,2338.45,2798.1,2798.1,52.18,14.95,0,,2267.12,,,0,,,0,,,,
2013-03-01,2362.35,2404.35,2362.35,2378.75,0,2723.93,2641.81,2338.45,2772.7,2798.1,51.59,19.1,0,,2279.38,,,0,,,0,,,,
2013-03-04,2373.5,2373.5,2314.85,2320.25,0,2721.13,2625.21,2314.85,2753.15,2772.7,52.47,16.37,0,,2233.2,,,0,,,0,,,,
2013-03-05,2324.9,2380.8,2324.9,2376.1,0,2718.67,2611.29,2314.85,2753.15,2753.15,53.05,27.09,0,,2268.83,,,0,,,0,,,,
2013-03-06,2389.35,2429.2,2381.1,2413.5,0,2716.84,2599.04,2314.85,2723.45,2753.15,53.05,33.27,0,,2292.96,,,0,,,0,,,,
2013-03-07,2408.2,2408.2,2365.7,2389.7,0,2715.09,2587.67,2314.85,2700.65,2723.45,52.68,31.44,0,,2277.85,,,0,,,0,,,,
2013-03-08,2398.45,2453.55,2398.45,2445.35,0,2713.34,2576.95,2314.85,2665.95,2700.65,53.48,39.76,0,,2313.22,,,0,,,0,,,,
2013-03-11,2442.95,2449.1,2426.25,2432.05,0,2711.15,2565.58,2314.85,2659.25,2665.95,51.29,38.56,0,,2306.1,,,0,,,0,,,,
2013-03-12,2438.0,2447.6,2394.6,2415.5,0,2708.7,2554.13,2314.85,2659.25,2659.25,51.41,37.05,0,,2295.34,,,0,,,0,,,,
2013-03-13,2403.05,2413.5,2376.75,2381.0,0,2706.16,2541.3,2314.85,2633.4,2659.25,50.51,34.07,0,,2273.69,,,0,,,0,,,,
2013-03-14,2378.75,2399.8,2353.7,2396.95,0,2703.75,2528.75,2314.85,2630.25,2633.4,50.19,36.61,0,,2284.19,,,0,,,0,,,,
2013-03-15,2408.55,2427.6,2371.4,2378.4,0,2701.51,2516.22,2314.85,2630.25,2630.25,50.62,34.93,0,,2271.94,,,0,,,0,,,,
2013-03-18,2344.5,2344.5,2318.5,2328.2,0,2698.74,2502.8,2314.85,2630.25,2630.25,51.28,30.79,0,,2239.12,,,0,,,0,,,,
2013-03-19,2330.2,2334.8,2256.45,2268.25,0,2695.47,2487.97,2256.45,2630.25,2630.25,53.22,26.73,0,,2179.69,,,0,,,0,,,,
2013-03-20,2261.65,2278.4,2227.1,2237.7,0,2691.86,2471.95,2227.1,2581.1,2630.25,53.08,24.92,0,,2150.3,,,0,,,0,,,,
2013-03-21,2241.95,2274.45,2210.15,2214.7,0,2687.98,2456.07,2210.15,2532.05,2581.1,53.88,23.63,0,,2129.28,,,0,,,0,,,,
2013-03-22,2210.35,2236.05,2198.6,2218.4,0,2684.12,2441.55,2198.6,2524.45,2532.05,52.71,24.31,0,,2128.6,,,0,,,0,,,,
2013-03-25,2247.35,2254.2,2188.6,2193.4,0,2680.09,2426.42,2188.6,2472.3,2524.45,53.63,22.83,0,,2108.52,,,0,,,0,,,,
2013-03-26,2184.35,2202.3,2170.0,2180.9,0,2675.82,2411.03,2170.0,2457.2,2472.3,52.11,22.1,0,,2095.28,,,0,,,0,,,,
2013-03-28,2175.35,2242.25,2168.95,2232.1,0,2672.12,2398.35,2168.95,2457.2,2457.2,53.62,31.68,0,,2126.94,,,0,,,0,,,,
2013-04-01,2242.05,2242.9,2205.4,2219.7,0,2668.65,2385.25,2168.95,2453.55,2457.2,52.47,30.69,0,,2119.71,,,0,,,0,,,,
2013-04-02,2217.4,2267.75,2215.75,2264.8,0,2665.33,2373.96,2168.95,2453.55,2453.55,52.43,38.21,0,,2148.82,,,0,,,0,,,,
2013-04-03,2257.2,2278.1,2208.55,2218.45,0,2661.74,2360.89,2168.95,2453.55,2453.55,53.66,34.11,0,,2118.11,,,0,,,0,,,,
2013-04-04,2207.55,2220.9,2177.95,2183.3,0,2657.82,2346.5,2168.95,2453.55,2453.55,52.89,31.37,0,,2095.95,,,0,,,0,,,,
2013-04-05,2176.5,2200.8,2172.55,2187.55,0,2654.0,2332.79,2168.95,2453.55,2453.55,51.13,32.08,0,,2099.87,,,0,,,0,,,,
2013-04-08,2191.5,2200.15,2169.85,2173.8,0,2650.34,2321.22,2168.95,2453.55,2453.55,49.64,30.96,0,,2091.99,,,0,,,0,,,,
2013-04-09,2188.75,2212.15,2159.1,2162.7,0,2647.11,2309.69,2159.1,2449.1,2453.55,49.89,30.05,0,,2081.38,,,0,,,0,,,,
2013-04-10,2177.15,2184.0,2135.95,2170.1,0,2644.24,2299.48,2135.95,2447.6,2449.1,49.76,31.5,0,,2078.53,,,0,,,0,,,,
2013-04-11,2187.9,2191.6,2143.55,2150.3,0,2641.3,2290.8,2135.95,2427.6,2447.6,49.63,29.73,0,,2065.84,,,0,,,0,,,,
2013-04-12,2139.5,2168.15,2135.35,2150.95,0,2638.61,2281.44,2135.35,2427.6,2427.6,48.43,29.86,0,,2066.86,,,0,,,0,,,,
2013-04-15,2140.55,2143.05,2123.8,2129.5,0,2635.85,2273.74,2123.8,2427.6,2427.6,46.91,27.9,0,,2050.19,,,0,,,0,,,,
2013-04-16,2117.35,2160.3,2114.95,2157.45,0,2633.16,2266.37,2114.95,2344.5,2427.6,46.8,34.0,0,,2065.34,,,0,,,0,,,,
2013-04-17,2165.2,2195.5,2158.95,2175.7,0,2631.01,2261.55,2114.95,2334.8,2344.5,46.18,37.71,0,,2077.53,,,0,,,0,,,,
2013-04-18,2181.45,2186.05,2149.0,2179.0,0,2628.81,2254.98,2114.95,2278.4,2334.8,45.52,38.38,0,,2080.09,,,0,,,0,,,,
2013-04-22,2186.95,2236.35,2186.95,2227.6,0,2626.49,2248.78,2114.95,2278.1,2278.4,46.37,47.41,0,,2110.87,,,0,,,0,,,,
2013-04-23,2236.95,2262.6,2208.2,2224.7,0,2623.87,2243.28,2114.95,2278.1,2278.1,46.94,46.97,0,,2108.62,,,0,,,0,,,,
2013-04-25,2235.05,2250.4,2233.8,2247.05,0,2621.63,2236.67,2114.95,2278.1,2278.1,45.42,50.78,0,,2124.05,,,0,,,0,,,,
2013-04-26,2240.15,2263.2,2210.3,2213.85,0,2618.84,2229.4,2114.95,2278.1,2278.1,45.96,45.54,0,,2102.28,,,0,,,0,,,,
2013-04-29,2220.75,2220.75,2179.2,2186.1,0,2615.89,2221.75,2114.95,2278.1,2278.1,45.64,41.68,0,,2084.59,,,0,,,0,,,,
2013-04-30,2195.95,2205.75,2169.7,2199.3,0,2612.28,2215.7,2114.95,2278.1,2278.1,44.96,44.11,0,,2093.56,,,0,,,0,,,,
2013-05-02,2202.95,2212.95,2193.1,2200.4,0,2608.44,2209.14,2114.95,2278.1,2278.1,43.16,44.32,0,,2095.46,,,0,,,0,,,,
2013-05-03,2202.6,2247.45,2186.55,2231.25,0,2604.84,2204.24,2114.95,2278.1,2278.1,44.43,49.95,0,,2114.52,,,0,,,0,,,,
2013-05-06,2234.25,2281.5,2234.25,2276.9,0,2601.96,2202.53,2114.95,2281.5,2278.1,44.85,56.9,0,,2143.69,,,0,,,0,,,,
2013-05-07,2284.35,2288.55,2261.65,2277.35,0,2598.36,2202.83,2114.95,2288.55,2281.5,43.57,56.96,0,,2144.83,,,0,,,0,,,,
2013-05-08,2289.1,2294.45,2257.5,2266.55,0,2594.61,2203.8,2114.95,2294.45,2288.55,43.09,54.87,0,,2138.18,,,0,,,0,,,,
2013-05-09,2265.05,2270.35,2234.8,2237.5,0,2590.94,2204.55,2114.95,2294.45,2294.45,42.55,49.61,0,,2119.8,,,0,,,0,,,,
2013-05-10,2240.4,2246.75,2225.65,2234.1,0,2587.48,2205.08,2149.0,2294.45,2294.45,41.02,49.02,0,,2129.98,,,0,,,0,,,,
2013-05-13,2244.35,2245.3,2181.0,2188.95,0,2583.85,2204.93,2149.0,2294.45,2294.45,42.68,41.86,0,,2099.75,,,0,,,0,,,,
2013-05-14,2186.3,2204.45,2169.35,2188.2,0,2579.98,2205.17,2169.35,2294.45,2294.45,42.14,41.75,0,,2106.41,,,0,,,0,,,,
2013-05-15,2191.3,2234.1,2191.3,2230.35,0,2576.34,2205.11,2169.35,2294.45,2294.45,42.41,49.68,0,,2133.42,,,0,,,0,,,,
2013-05-16,2219.05,2251.95,2219.05,2236.3,0,2572.66,2205.67,2169.35,2294.45,2294.45,41.73,50.7,0,,2137.71,,,0,,,0,,,,
2013-05-17,2239.05,2248.3,2214.9,2231.45,0,2568.93,2204.56,2169.35,2294.45,2294.45,41.14,49.82,0,,2134.98,,,0,,,0,,,,
2013-05-20,2240.2,2261.8,2229.65,2232.65,0,2565.21,2205.03,2169.35,2294.45,2294.45,40.49,50.05,0,,2136.18,,,0,,,0,,,,
2013-05-21,2236.15,2242.7,2216.8,2220.5,0,2561.62,2206.27,2169.35,2294.45,2294.45,39.45,47.64,0,,2129.04,,,0,,,0,,,,
2013-05-22,2225.2,2239.2,2203.6,2209.75,0,2557.89,2207.01,2169.35,2294.45,2294.45,39.18,45.55,0,,2122.29,,,0,,,0,,,,
2013-05-23,2194.2,2207.55,2156.95,2168.7,0,2554.06,2206.84,2156.95,2294.45,2294.45,40.15,38.59,0,,2091.03,,,0,,,0,,,,
2013-05-24,2199.1,2212.75,2161.6,2199.3,0,2550.14,2208.06,2156.95,2294.45,2294.45,40.94,45.3,0,,2110.24,,,0,,,0,,,,
2013-05-27,2202.8,2247.65,2198.5,2239.2,0,2546.48,2210.36,2156.95,2294.45,2294.45,41.52,52.58,0,,2135.59,,,0,,,0,,,,
2013-05-28,2257.5,2267.85,2246.85,2255.45,0,2542.95,2213.87,2156.95,2294.45,2294.45,40.6,55.19,0,,2146.68,,,0,,,0,,,,
2013-05-29,2258.25,2261.25,2223.75,2235.5,0,2539.59,2216.69,2156.95,2294.45,2294.45,40.38,51.44,0,,2133.96,,,0,,,0,,,,
2013-05-30,2222.45,2234.8,2206.95,2210.2,0,2536.15,2219.38,2156.95,2294.45,2294.45,39.54,47.07,0,,2118.2,,,0,,,0,,,,
2013-05-31,2207.65,2211.05,2148.15,2155.1,0,2532.13,2219.3,2148.15,2294.45,2294.45,41.21,39.26,0,,2078.62,,,0,,,0,,,,
2013-06-03,2159.65,2174.35,2144.9,2167.25,0,2528.44,2219.02,2144.9,2294.45,2294.45,40.37,41.56,0,,2085.93,,,0,,,0,,,,
2013-06-04,2175.05,2187.8,2155.35,2162.05,0,2524.7,2218.45,2144.9,2294.45,2294.45,39.8,40.85,0,,2082.96,,,0,,,0,,,,
2013-06-05,2157.3,2175.15,2152.9,2171.3,0,2521.17,2216.57,2144.9,2270.35,2294.45,38.55,42.73,0,,2089.76,,,0,,,0,,,,
2013-06-06,2154.1,2175.2,2141.55,2163.15,0,2517.69,2214.52,2141.55,2267.85,2270.35,38.2,41.48,0,,2083.62,,,0,,,0,,,,
2013-06-07,2149.55,2173.45,2134.6,2137.0,0,2514.09,2210.86,2134.6,2267.85,2267.85,38.24,37.66,0,,2064.4,,,0,,,0,,,,
2013-06-10,2146.3,2154.5,2107.35,2119.6,0,2510.65,2207.71,2107.35,2267.85,2267.85,38.88,35.33,0,,2043.67,,,0,,,0,,,,
2013-06-11,2105.15,2108.4,2008.5,2025.75,0,2506.38,2202.37,2008.5,2267.85,2267.85,44.04,25.98,0,,1946.75,,,0,,,0,,,,
2013-06-12,2003.35,2022.1,1981.9,1991.9,0,2501.73,2195.46,1981.9,2267.85,2267.85,44.02,23.56,0,,1916.06,,,0,,,0,,,,
2013-06-13,1973.05,2004.55,1965.85,1971.2,0,2496.82,2187.82,1965.85,2267.85,2267.85,43.64,22.2,0,,1897.61,,,0,,,0,,,,
2013-06-14,1986.45,2028.6,1986.45,2023.0,0,2492.42,2180.87,1965.85,2267.85,2267.85,44.63,32.69,0,,1930.37,,,0,,,0,,,,
2013-06-17,2031.0,2033.4,1996.0,2021.15,0,2488.01,2172.35,1965.85,2267.85,2267.85,44.11,32.52,0,,1929.52,,,0,,,0,,,,
2013-06-18,2014.5,2055.7,2006.55,2035.55,0,2483.65,2164.29,1965.85,2267.85,2267.85,44.47,35.31,0,,1938.57,,,0,,,0,,,,
2013-06-19,2033.35,2068.8,2033.35,2060.85,0,2479.45,2157.43,1965.85,2267.85,2267.85,43.83,40.02,0,,1955.31,,,0,,,0,,,,
2013-06-20,2030.35,2030.35,1963.65,1967.0,0,2474.87,2148.42,1963.65,2267.85,2267.85,47.64,31.01,0,,1891.51,,,0,,,0,,,,
2013-06-21,1956.55,1969.1,1907.2,1941.15,0,2470.26,2138.65,1907.2,2267.85,2267.85,48.66,29.07,0,,1855.34,,,0,,,0,,,,
2013-06-24,1940.35,1953.15,1906.25,1920.25,0,2465.71,2129.69,1906.25,2267.85,2267.85,48.53,27.57,0,,1841.62,,,0,,,0,,,,
2013-06-25,1927.3,1937.4,1902.35,1912.85,0,2461.21,2120.52,1902.35,2261.25,2267.85,47.57,27.03,0,,1836.19,,,0,,,0,,,,
2013-06-26,1918.6,1921.95,1880.65,1886.4,0,2456.66,2109.05,1880.65,2234.8,2261.25,47.12,25.16,0,,1812.2,,,0,,,0,,,,
2013-06-27,1909.3,1915.85,1873.0,1887.95,0,2452.25,2097.44,1873.0,2211.05,2234.8,46.82,25.49,0,,1810.85,,,0,,,0,,,,
2013-06-28,1902.65,1975.2,1902.65,1969.2,0,2448.26,2088.7,1873.0,2187.8,2211.05,49.7,40.18,0,,1861.33,,,0,,,0,,,,
2013-07-01,1968.15,2015.75,1966.75,2008.25,0,2444.42,2081.22,1873.0,2187.8,2187.8,49.65,45.72,0,,1886.55,,,0,,,0,,,,
2013-07-02,1999.45,2015.7,1982.6,1987.6,0,2440.45,2073.45,1873.0,2175.2,2187.8,48.47,43.43,0,,1874.02,,,0,,,0,,,,
2013-07-03,1970.15,1970.15,1921.25,1932.35,0,2436.0,2064.21,1873.0,2175.2,2175.2,49.75,37.95,0,,1837.53,,,0,,,0,,,,
2013-07-04,1943.8,1950.75,1907.5,1929.2,0,2431.27,2056.22,1873.0,2173.45,2175.2,49.28,37.66,0,,1835.81,,,0,,,0,,,,
2013-07-05,1944.45,1960.3,1925.95,1938.35,0,2426.48,2047.52,1873.0,2154.5,2173.45,48.22,39.12,0,,1842.42,,,0,,,0,,,,
2013-07-08,1923.15,1923.15,1894.05,1911.25,0,2421.15,2036.59,1873.0,2108.4,2154.5,47.94,36.4,0,,1825.13,,,0,,,0,,,,
2013-07-09,1921.8,1932.05,1900.95,1917.75,0,2415.74,2025.34,1873.0,2068.8,2108.4,46.74,37.52,0,,1830.13,,,0,,,0,,,,
2013-07-10,1922.95,1922.95,1894.45,1899.2,0,2410.23,2014.13,1873.0,2068.8,2068.8,45.43,35.59,0,,1819.03,,,0,,,0,,,,
2013-07-11,1924.05,1969.25,1924.05,1948.25,0,2404.79,2005.4,1873.0,2068.8,2068.8,47.19,43.83,0,,1849.49,,,0,,,0,,,,
2013-07-12,1952.6,1958.65,1931.25,1948.95,0,2399.27,1998.52,1873.0,2068.8,2068.8,45.78,43.94,0,,1850.89,,,0,,,0,,,,
2013-07-15,1928.75,1958.4,1920.1,1948.75,0,2393.82,1991.24,1873.0,2068.8,2068.8,45.24,43.91,0,,1851.11,,,0,,,0,,,,
2013-07-16,1918.5,1933.55,1910.65,1916.65,0,2388.13,1983.06,1873.0,2068.8,2068.8,44.73,39.77,0,,1830.75,,,0,,,0,,,,
2013-07-17,1914.55,1921.0,1868.55,1879.35,0,2382.31,1973.33,1868.55,2030.35,2068.8,45.28,35.56,0,,1804.84,,,0,,,0,,,,
2013-07-18,1880.6,1900.3,1875.8,1896.0,0,2376.72,1964.42,1868.55,2015.75,2030.35,43.8,38.68,0,,1816.57,,,0,,,0,,,,
2013-07-19,1896.3,1916.35,1878.75,1891.25,0,2371.3,1956.23,1868.55,2015.75,2015.75,43.36,38.11,0,,1813.8,,,0,,,0,,,,
2013-07-22,1889.5,1901.5,1881.4,1885.3,0,2365.5,1948.42,1868.55,2015.75,2015.75,41.7,37.37,0,,1811.07,,,0,,,0,,,,
2013-07-23,1902.2,1905.85,1883.45,1894.55,0,2359.49,1944.05,1868.55,2015.75,2015.75,40.32,39.34,0,,1817.96,,,0,,,0,,,,
2013-07-24,1885.8,1897.1,1840.65,1859.05,0,2352.84,1939.62,1840.65,2015.75,2015.75,41.47,34.82,0,,1784.99,,,0,,,0,,,,
2013-07-25,1851.6,1855.9,1823.8,1827.7,0,2345.66,1934.84,1823.8,2015.75,2015.75,41.03,31.39,0,,1759.45,,,0,,,0,,,,
2013-07-26,1831.2,1840.1,1754.95,1768.5,0,2337.84,1926.35,1754.95,2015.75,2015.75,44.18,26.15,0,,1696.21,,,0,,,0,,,,
2013-07-29,1766.75,1771.1,1733.45,1736.75,0,2330.12,1916.87,1733.45,2015.7,2015.75,43.71,23.85,0,,1668.88,,,0,,,0,,,,
2013-07-30,1731.5,1737.95,1690.35,1704.7,0,2322.28,1905.84,1690.35,1970.15,2015.7,43.99,21.77,0,,1633.66,,,0,,,0,,,,
2013-07-31,1699.85,1742.85,1665.4,1736.3,0,2314.54,1895.03,1665.4,1969.25,1970.15,46.38,28.4,0,,1644.13,,,0,,,0,,,,
2013-08-01,1742.1,1768.85,1694.25,1700.95,0,2306.68,1886.16,1665.4,1969.25,1969.25,48.39,25.77,0,,1619.98,,,0,,,0,,,,
2013-08-02,1704.3,1711.9,1621.4,1639.05,0,2298.34,1876.09,1621.4,1969.25,1969.25,51.4,21.94,0,,1563.39,,,0,,,0,,,,
2013-08-05,1633.4,1682.05,1623.05,1677.45,0,2290.19,1868.0,1621.4,1969.25,1969.25,51.94,28.99,0,,1587.79,,,0,,,0,,,,
2013-08-06,1666.75,1666.75,1610.45,1628.2,0,2281.32,1858.51,1610.45,1969.25,1969.25,53.02,25.78,0,,1551.66,,,0,,,0,,,,
2013-08-07,1618.6,1698.2,1598.7,1679.7,0,2272.69,1851.62,1598.7,1969.25,1969.25,56.34,34.02,0,,1578.75,,,0,,,0,,,,
2013-08-08,1678.95,1732.7,1676.0,1725.6,0,2264.3,1846.21,1598.7,1958.65,1969.25,56.37,40.38,0,,1608.33,,,0,,,0,,,,
2013-08-12,1749.25,1815.85,1737.2,1802.9,0,2256.62,1840.66,1598.7,1958.4,1958.65,58.79,49.25,0,,1656.58,,,0,,,0,,,,
2013-08-13,1792.15,1809.5,1777.65,1800.75,0,2248.71,1833.74,1598.7,1933.55,1958.4,56.86,49.03,0,,1656.48,,,0,,,0,,,,
2013-08-14,1847.35,1855.35,1828.15,1849.4,0,2241.34,1829.14,1598.7,1921.0,1933.55,56.7,54.0,0,,1687.96,,,0,,,0,,,,
2013-08-16,1833.3,1838.65,1735.3,1748.2,0,2233.53,1823.0,1598.7,1916.35,1921.0,60.8,44.32,0,,1619.96,,,0,,,0,,,,
2013-08-19,1730.8,1784.8,1690.75,1777.6,0,2226.0,1817.95,1598.7,1916.35,1916.35,63.18,47.28,0,,1637.33,,,0,,,0,,,,
2013-08-20,1755.75,1846.4,1739.95,1840.7,0,2219.21,1814.69,1598.7,1905.85,1916.35,66.27,53.04,0,,1675.97,,,0,,,0,,,,
2013-08-21,1860.35,1869.35,1775.05,1786.85,0,2211.78,1810.54,1598.7,1905.85,1905.85,68.27,48.2,0,,1639.91,,,0,,,0,,,,
2013-08-22,1787.2,1929.05,1777.7,1921.6,0,2205.29,1810.67,1598.7,1929.05,1905.85,74.2,58.43,0,,1722.86,,,0,,,0,,,,
2013-08-23,1935.2,1960.25,1908.2,1944.6,0,2199.41,1812.19,1598.7,1960.25,1929.05,72.62,59.89,0,,1738.75,,,0,,,0,,,,
2013-08-26,1954.8,1991.45,1943.3,1959.25,0,2193.55,1812.55,1598.7,1991.45,1960.25,70.87,60.83,0,,1749.37,,,0,,,0,,,,
2013-08-27,1936.05,1954.1,1883.3,1891.45,0,2187.33,1810.64,1598.7,1991.45,1991.45,71.24,54.46,0,,1705.39,,,0,,,0,,,,
2013-08-28,1869.9,1936.9,1841.65,1921.15,0,2181.35,1809.72,1598.7,1991.45,1991.45,72.95,56.6,0,,1723.41,,,0,,,0,,,,
2013-08-29,1939.65,1981.6,1912.6,1973.25,0,2175.88,1811.6,1598.7,1991.45,1991.45,72.67,60.15,0,,1757.2,,,0,,,0,,,,
2013-08-30,1974.4,1988.5,1908.45,1932.55,0,2170.22,1813.38,1676.0,1991.45,1991.45,73.2,56.28,0,,1756.36,,,0,,,0,,,,
2013-09-02,1936.2,1998.05,1936.2,1993.4,0,2165.3,1816.62,1690.75,1998.05,1991.45,72.65,60.38,0,,1800.9,,,0,,,0,,,,
2013-09-03,2005.6,2017.7,1932.8,1939.75,0,2159.79,1818.24,1690.75,2017.7,1998.05,73.52,55.44,0,,1765.71,,,0,,,0,,,,
2013-09-04,1947.25,1995.15,1928.4,1990.9,0,2154.58,1821.76,1690.75,2017.7,2017.7,73.04,58.89,0,,1799.02,,,0,,,0,,,,
2013-09-05,2024.9,2032.7,1995.2,2015.4,0,2149.62,1825.79,1690.75,2032.7,2017.7,70.81,60.47,0,,1816.31,,,0,,,0,,,,
2013-09-06,2011.15,2035.4,1982.25,2019.15,0,2144.64,1831.12,1690.75,2035.4,2032.7,69.55,60.72,0,,1819.57,,,0,,,0,,,,
2013-09-10,2046.5,2087.05,2028.05,2078.75,0,2140.01,1839.49,1739.95,2087.05,2035.4,69.43,64.54,0,,1874.49,,,0,,,0,,,,
2013-09-11,2078.85,2153.75,2071.15,2144.3,0,2135.94,1852.02,1775.05,2153.75,2087.05,70.37,68.2,0,,1927.84,,,0,,,0,,,,
2013-09-12,2154.6,2154.6,2080.85,2088.25,0,2131.66,1863.74,1777.7,2154.6,2153.75,70.61,62.28,0,,1892.41,,,0,,,0,,,,
2013-09-13,2084.95,2117.7,2081.6,2101.7,0,2127.58,1876.97,1841.65,2154.6,2154.6,68.15,63.11,0,,1924.05,,,0,,,0,,,,
2013-09-16,2127.0,2140.4,2048.15,2076.4,0,2123.3,1888.31,1841.65,2154.6,2154.6,69.87,60.42,0,,1906.58,,,0,,,0,,,,
2013-09-17,2074.85,2101.15,2068.75,2094.05,0,2119.32,1901.41,1841.65,2154.6,2154.6,67.19,61.65,0,,1919.75,,,0,,,0,,,,
2013-09-18,2099.75,2111.4,2074.55,2094.05,0,2115.59,1916.58,1841.65,2154.6,2154.6,65.02,61.65,0,,1921.2,,,0,,,0,,,,
2013-09-19,2137.4,2191.6,2129.75,2172.1,0,2112.42,1933.06,1908.45,2191.6,2154.6,67.35,66.91,1,2172.1,1992.26,1992.26,1992.26,1,4,2013-09-19,0,,,,
2013-09-20,2164.75,2164.75,2103.15,2142.25,0,2109.09,1950.2,1908.45,2191.6,2191.6,67.46,63.33,0,,1972.93,,1992.26,1,4,2013-09-19,1,2109.09,SMA150_BREAK,2,-2.9
2013-09-23,2127.35,2158.7,2121.75,2146.1,0,2105.98,1965.75,1928.4,2191.6,2191.6,65.28,63.6,0,,1983.51,,,0,,,0,,,,
2013-09-24,2131.3,2145.0,2117.45,2121.9,0,2102.7,1978.96,1928.4,2191.6,2191.6,62.67,60.58,0,,1969.65,,,0,,,0,,,,
2013-09-25,2124.5,2149.35,2100.2,2145.7,0,2099.65,1990.38,1928.4,2191.6,2191.6,61.7,62.47,0,,1985.64,,,0,,,0,,,,
2013-09-26,2142.65,2181.95,2139.2,2156.4,0,2096.62,2002.24,1982.25,2191.6,2191.6,60.35,63.32,0,,2011.4,,,0,,,0,,,,
2013-09-27,2156.4,2169.85,2113.7,2122.35,0,2093.34,2011.34,1982.25,2191.6,2191.6,60.05,58.75,0,,1989.63,,,0,,,0,,,,
2013-09-30,2104.5,2108.45,2056.35,2067.8,0,2089.8,2021.99,2028.05,2191.6,2191.6,60.47,52.25,0,,1969.43,,,0,,,0,,,,
2013-10-01,2071.3,2072.35,2035.65,2064.3,0,2086.76,2031.55,2035.65,2191.6,2191.6,58.77,51.86,0,,1970.84,,,0,,,0,,,,
2013-10-03,2075.95,2152.55,2075.95,2145.6,0,2084.34,2041.71,2035.65,2191.6,2191.6,60.88,59.54,0,,2021.88,,,0,,,0,,,,
2013-10-04,2130.6,2183.65,2124.8,2160.55,0,2082.23,2054.17,2035.65,2191.6,2191.6,60.73,60.77,0,,2031.62,,,0,,,0,,,,
2013-10-07,2154.4,2183.8,2136.55,2181.6,0,2080.7,2062.83,2035.65,2191.6,2191.6,59.77,62.52,0,,2045.83,,,0,,,0,,,,
2013-10-08,2191.9,2194.95,2160.4,2164.75,0,2078.92,2070.17,2035.65,2194.95,2191.6,57.97,60.21,0,,2036.17,,,0,,,0,,,,
2013-10-09,2150.15,2188.05,2148.3,2183.2,0,2077.74,2077.64,2035.65,2194.95,2194.95,56.67,61.87,0,,2048.94,,,0,,,0,,,,
2013-10-10,2179.95,2216.05,2179.95,2195.95,0,2076.52,2087.79,2035.65,2216.05,2194.95,55.2,63.01,1,2195.95,2058.14,2058.14,2058.14,1,5,2013-10-10,0,,,,
2013-10-11,2218.6,2218.8,2159.5,2164.45,0,2075.48,2095.9,2035.65,2218.8,2216.05,55.49,58.35,0,,2037.63,,2058.14,1,5,2013-10-10,0,,,,
2013-10-14,2164.35,2169.4,2144.9,2148.3,0,2073.97,2101.73,2035.65,2218.8,2218.8,53.28,56.06,0,,2028.68,,2058.14,1,5,2013-10-10,0,,,,
2013-10-15,2146.65,2171.0,2120.9,2163.95,0,2072.3,2109.45,2035.65,2218.8,2218.8,53.05,57.79,0,,2038.93,,2058.14,1,5,2013-10-10,0,,,,
2013-10-17,2157.25,2192.1,2156.65,2164.4,0,2070.8,2115.14,2035.65,2218.8,2218.8,51.79,57.84,0,,2040.06,,2058.14,1,5,2013-10-10,0,,,,
2013-10-18,2166.85,2248.4,2166.85,2236.65,0,2069.41,2125.04,2035.65,2248.4,2218.8,54.09,65.17,1,2236.65,2085.13,2085.13,2085.13,1,5,2013-10-10,0,,,,
2013-10-21,2240.5,2281.1,2240.5,2277.9,0,2068.38,2134.61,2035.65,2281.1,2248.4,53.41,68.54,0,,2112.19,,2112.19,1,5,2013-10-10,0,,,,
2013-10-22,2277.25,2300.4,2272.55,2283.35,0,2067.5,2143.54,2035.65,2300.4,2281.1,51.58,68.96,0,,2116.92,,2116.92,1,5,2013-10-10,0,,,,
2013-10-23,2286.2,2309.25,2251.0,2274.7,0,2066.79,2152.06,2035.65,2309.25,2300.4,52.06,67.4,0,,2111.03,,2116.92,1,5,2013-10-10,0,,,,
2013-10-24,2269.55,2304.45,2254.4,2259.9,0,2065.88,2158.1,2075.95,2309.25,2309.25,51.91,64.7,0,,2115.01,,2116.92,1,5,2013-10-10,0,,,,
2013-10-25,2250.75,2254.1,2218.6,2230.35,0,2064.89,2160.96,2120.9,2309.25,2309.25,51.16,59.57,0,,2111.44,,2116.92,1,5,2013-10-10,0,,,,
2013-10-28,2238.8,2244.25,2193.35,2195.5,0,2064.01,2164.54,2120.9,2309.25,2309.25,51.14,54.12,0,,2088.97,,2116.92,1,5,2013-10-10,0,,,,
2013-10-29,2190.2,2253.0,2185.5,2244.95,0,2063.85,2169.32,2120.9,2309.25,2309.25,52.31,59.75,0,,2120.09,,2120.09,1,5,2013-10-10,0,,,,
2013-10-30,2250.1,2255.65,2230.85,2245.2,0,2063.9,2174.94,2120.9,2309.25,2309.25,50.34,59.77,0,,2121.56,,2121.56,1,5,2013-10-10,0,,,,
2013-10-31,2239.25,2293.2,2239.25,2284.15,0,2064.36,2181.28,2120.9,2309.25,2309.25,50.6,63.83,0,,2146.51,,2146.51,1,5,2013-10-10,0,,,,
2013-11-01,2282.2,2319.05,2282.2,2311.6,0,2064.98,2188.53,2120.9,2319.05,2309.25,49.62,66.39,1,2311.6,2164.87,2164.87,2164.87,1,5,2013-10-10,0,,,,
2013-11-05,2312.05,2344.5,2294.65,2325.25,0,2065.86,2193.64,2120.9,2344.5,2319.05,49.63,67.63,0,,2173.66,,2173.66,1,5,2013-10-10,0,,,,
2013-11-06,2320.4,2333.6,2293.8,2295.9,0,2066.63,2198.76,2120.9,2344.5,2344.5,48.93,62.34,0,,2155.2,,2173.66,1,5,2013-10-10,0,,,,
2013-11-07,2295.55,2345.1,2292.85,2313.15,0,2067.17,2204.32,2156.65,2345.1,2344.5,49.17,64.11,0,,2178.09,,2178.09,1,5,2013-10-10,0,,,,
2013-11-08,2307.55,2330.2,2304.9,2320.05,0,2067.84,2210.93,2166.85,2345.1,2345.1,47.46,64.83,0,,2187.07,,2187.07,1,5,2013-10-10,0,,,,
2013-11-11,2319.65,2321.35,2286.75,2294.2,0,2068.04,2215.88,2185.5,2345.1,2345.1,46.54,60.01,0,,2177.23,,2187.07,1,5,2013-10-10,0,,,,
2013-11-12,2293.2,2297.4,2246.75,2253.55,0,2068.27,2219.12,2185.5,2345.1,2345.1,46.84,53.3,0,,2150.81,,2187.07,1,5,2013-10-10,0,,,,
2013-11-13,2244.45,2273.5,2237.0,2257.5,0,2068.76,2223.62,2185.5,2345.1,2345.1,46.1,53.84,0,,2153.85,,2187.07,1,5,2013-10-10,0,,,,
2013-11-14,2274.05,2306.35,2268.9,2288.75,0,2069.44,2230.99,2185.5,2345.1,2345.1,46.3,57.98,0,,2173.88,,2187.07,1,5,2013-10-10,0,,,,
2013-11-18,2302.5,2312.55,2290.4,2309.95,0,2070.35,2239.18,2185.5,2345.1,2345.1,44.69,60.56,0,,2188.63,,2188.63,1,5,2013-10-10,0,,,,
2013-11-19,2311.9,2339.55,2294.45,2314.55,0,2071.36,2244.81,2185.5,2345.1,2345.1,44.72,61.12,0,,2191.57,,2191.57,1,5,2013-10-10,0,,,,
2013-11-20,2314.4,2345.6,2306.75,2316.8,0,2072.34,2250.02,2185.5,2345.6,2345.1,44.3,61.41,0,,2193.3,,2193.3,1,5,2013-10-10,0,,,,
2013-11-21,2311.95,2315.2,2270.9,2278.25,0,2073.19,2253.24,2230.85,2345.6,2345.6,44.41,54.02,0,,2183.48,,2193.3,1,5,2013-10-10,0,,,,
2013-11-22,2292.5,2306.0,2255.25,2272.45,0,2074.0,2256.83,2237.0,2345.6,2345.6,44.87,52.99,0,,2181.49,,2193.3,1,5,2013-10-10,0,,,,
2013-11-25,2280.45,2305.9,2275.35,2295.05,0,2075.1,2260.56,2237.0,2345.6,2345.6,44.05,56.48,0,,2196.61,,2196.61,1,5,2013-10-10,0,,,,
2013-11-26,2287.35,2310.4,2270.1,2273.7,0,2075.88,2263.15,2237.0,2345.6,2345.6,43.78,52.51,0,,2183.01,,2196.61,1,5,2013-10-10,0,,,,
2013-11-27,2270.7,2286.35,2260.45,2282.5,0,2076.59,2267.08,2237.0,2345.6,2345.6,42.51,53.95,0,,2189.54,,2196.61,1,5,2013-10-10,0,,,,
2013-11-28,2291.8,2316.5,2291.8,2306.1,0,2077.44,2272.34,2237.0,2345.6,2345.6,41.9,57.65,0,,2205.17,,2205.17,1,5,2013-10-10,0,,,,
2013-11-29,2315.3,2348.9,2315.3,2346.0,0,2078.23,2278.41,2237.0,2348.9,2345.6,41.96,63.05,1,2346.0,2230.86,2230.86,2230.86,1,5,2013-10-10,0,,,,
2013-12-02,2345.85,2383.15,2345.85,2374.1,0,2079.22,2285.4,2237.0,2383.15,2348.9,41.63,66.31,0,,2249.21,,2249.21,1,5,2013-10-10,0,,,,
2013-12-03,2367.15,2398.25,2367.15,2380.2,0,2080.11,2290.19,2237.0,2398.25,2383.15,40.88,66.99,0,,2253.64,,2253.64,1,5,2013-10-10,0,,,,
2013-12-04,2379.25,2410.5,2379.0,2386.6,0,2081.26,2293.81,2237.0,2410.5,2398.25,40.21,67.73,0,,2258.22,,2258.22,1,5,2013-10-10,0,,,,
2013-12-05,2419.5,2424.0,2404.4,2412.75,0,2082.77,2298.12,2255.25,2424.0,2410.5,40.01,70.61,1,2412.75,2281.3,2281.3,2281.3,1,5,2013-10-10,0,,,,
2013-12-06,2408.95,2436.45,2408.95,2427.75,0,2084.3,2303.22,2255.25,2436.45,2424.0,39.11,72.15,0,,2291.57,,2291.57,1,5,2013-10-10,0,,,,
2013-12-09,2476.95,2478.1,2429.95,2445.5,0,2085.93,2309.41,2255.25,2478.1,2436.45,39.92,73.89,0,,2302.49,,2302.49,1,5,2013-10-10,0,,,,
2013-12-10,2450.45,2465.8,2420.25,2460.45,0,2087.46,2317.08,2255.25,2478.1,2478.1,40.32,75.3,0,,2311.86,,2311.86,1,5,2013-10-10,0,,,,
2013-12-11,2451.05,2465.05,2429.85,2446.15,0,2088.59,2325.44,2255.25,2478.1,2478.1,39.95,71.35,0,,2302.88,,2311.86,1,5,2013-10-10,0,,,,
2013-12-12,2429.05,2436.0,2407.85,2412.85,0,2089.49,2331.03,2255.25,2478.1,2478.1,39.83,63.06,0,,2281.48,,2311.86,1,5,2013-10-10,0,,,,
2013-12-13,2404.2,2412.45,2387.45,2398.8,0,2090.37,2336.15,2260.45,2478.1,2478.1,38.8,59.9,0,,2274.84,,2311.86,1,5,2013-10-10,0,,,,
2013-12-16,2399.55,2414.9,2376.1,2401.05,0,2091.46,2340.05,2260.45,2478.1,2478.1,38.8,60.25,0,,2276.29,,2311.86,1,5,2013-10-10,0,,,,
2013-12-17,2412.3,2422.9,2398.7,2402.65,0,2092.59,2343.08,2260.45,2478.1,2478.1,37.76,60.5,0,,2278.02,,2311.86,1,5,2013-10-10,0,,,,
2013-12-18,2399.65,2432.55,2394.95,2417.7,0,2094.11,2346.17,2291.8,2478.1,2478.1,37.75,62.95,0,,2298.18,,2311.86,1,5,2013-10-10,0,,,,
2013-12-19,2428.95,2450.15,2414.45,2421.95,0,2095.67,2350.37,2315.3,2478.1,2478.1,37.6,63.64,0,,2308.86,,2311.86,1,5,2013-10-10,0,,,,
2013-12-20,2417.25,2438.4,2416.2,2435.15,0,2097.03,2354.44,2345.85,2478.1,2478.1,36.5,65.76,0,,2328.29,,2328.29,1,5,2013-10-10,0,,,,
2013-12-23,2437.35,2484.55,2436.5,2473.35,0,2098.61,2359.54,2367.15,2484.55,2478.1,37.42,71.02,0,,2359.41,,2359.41,1,5,2013-10-10,0,,,,
2013-12-24,2466.35,2471.2,2442.2,2449.65,0,2100.07,2364.73,2376.1,2484.55,2484.55,36.98,64.41,0,,2347.41,,2359.41,1,5,2013-10-10,0,,,,
2013-12-26,2442.25,2472.9,2442.25,2461.05,0,2101.59,2371.64,2376.1,2484.55,2484.55,36.52,66.04,0,,2355.06,,2359.41,1,5,2013-10-10,0,,,,
2013-12-27,2468.05,2483.55,2464.85,2475.6,0,2103.29,2378.91,2376.1,2484.55,2484.55,35.52,68.06,0,,2365.11,,2365.11,1,5,2013-10-10,0,,,,
2013-12-30,2496.65,2501.5,2477.45,2491.7,0,2105.17,2385.68,2376.1,2501.5,2484.55,34.83,70.18,1,2491.7,2375.96,2375.96,2375.96,1,5,2013-10-10,0,,,,
2013-12-31,2503.25,2506.7,2484.3,2486.6,0,2107.29,2391.57,2376.1,2506.7,2501.5,33.95,68.63,0,,2373.26,,2375.96,1,5,2013-10-10,0,,,,
2014-01-01,2497.65,2501.35,2491.3,2493.8,0,2109.26,2397.54,2376.1,2506.7,2506.7,32.58,69.65,0,,2378.82,,2378.82,1,5,2013-10-10,0,,,,
2014-01-02,2491.55,2531.95,2444.4,2453.3,0,2110.68,2402.09,2376.1,2531.95,2506.7,36.5,58.2,0,,2350.08,,2378.82,1,5,2013-10-10,0,,,,
2014-01-03,2441.55,2451.65,2402.8,2424.0,0,2111.81,2406.95,2376.1,2531.95,2531.95,37.5,51.59,0,,2330.51,,2378.82,1,5,2013-10-10,0,,,,
2014-01-06,2421.85,2436.45,2408.9,2428.8,0,2113.09,2412.16,2376.1,2531.95,2531.95,36.79,52.54,0,,2334.08,,2378.82,1,5,2013-10-10,0,,,,
2014-01-07,2431.15,2446.95,2381.55,2386.15,0,2114.27,2415.2,2381.55,2531.95,2531.95,38.83,44.23,0,,2307.03,,2378.82,1,5,2013-10-10,0,,,,
2014-01-08,2400.3,2417.95,2383.7,2397.9,0,2115.89,2419.34,2381.55,2531.95,2531.95,38.51,46.73,0,,2314.82,,2378.82,1,5,2013-10-10,0,,,,
2014-01-09,2404.9,2434.45,2395.3,2422.5,0,2117.59,2424.0,2381.55,2531.95,2531.95,38.55,51.62,0,,2330.66,,2378.82,1,5,2013-10-10,0,,,,
2014-01-10,2423.15,2423.4,2384.45,2389.6,0,2119.11,2426.79,2381.55,2531.95,2531.95,38.58,45.59,0,,2309.42,,2378.82,1,5,2013-10-10,0,,,,
2014-01-13,2389.0,2408.0,2375.45,2388.55,0,2120.55,2428.21,2375.45,2531.95,2531.95,38.15,45.41,0,,2307.0,,2378.82,1,5,2013-10-10,1,2378.82,TRAILING_STOP,64,8.33
2014-01-14,2387.8,2402.85,2346.25,2351.05,0,2121.81,2427.44,2346.25,2531.95,2531.95,39.47,39.36,0,,2272.2,,,0,,,0,,,,
2014-01-15,2377.3,2393.5,2370.35,2378.1,0,2123.41,2427.37,2346.25,2531.95,2531.95,39.68,45.05,0,,2289.5,,,0,,,0,,,,
2014-01-16,2387.95,2427.5,2385.65,2421.8,0,2125.43,2428.54,2346.25,2531.95,2531.95,40.38,52.76,0,,2317.23,,,0,,,0,,,,
2014-01-17,2426.4,2443.0,2394.8,2404.75,0,2127.96,2428.28,2346.25,2531.95,2531.95,40.93,49.82,0,,2305.86,,,0,,,0,,,,
2014-01-20,2405.15,2420.35,2380.25,2409.25,0,2130.74,2427.66,2346.25,2531.95,2531.95,40.87,50.6,0,,2308.8,,,0,,,0,,,,
2014-01-21,2423.95,2442.55,2404.75,2424.9,0,2133.76,2426.97,2346.25,2531.95,2531.95,40.66,53.32,0,,2319.04,,,0,,,0,,,,
2014-01-22,2422.65,2451.5,2421.75,2447.9,0,2136.59,2426.55,2346.25,2531.95,2531.95,39.88,57.07,0,,2334.39,,,0,,,0,,,,
2014-01-23,2442.05,2450.05,2429.4,2436.85,0,2139.37,2426.24,2346.25,2531.95,2531.95,38.5,54.79,0,,2328.18,,,0,,,0,,,,
2014-01-24,2415.2,2428.95,2389.4,2393.6,0,2141.75,2425.6,2346.25,2531.95,2531.95,39.14,46.91,0,,2299.86,,,0,,,0,,,,
2014-01-27,2362.5,2362.5,2297.3,2301.1,0,2143.35,2422.34,2297.3,2531.95,2531.95,43.22,35.24,0,,2221.16,,,0,,,0,,,,
2014-01-28,2300.55,2352.1,2293.15,2343.8,0,2145.87,2420.44,2293.15,2531.95,2531.95,44.35,42.37,0,,2246.57,,,0,,,0,,,,
2014-01-29,2359.1,2361.05,2307.4,2312.7,0,2148.34,2417.44,2293.15,2531.95,2531.95,45.01,39.0,0,,2226.07,,,0,,,0,,,,
2014-01-30,2284.85,2289.4,2237.4,2252.0,0,2150.56,2411.92,2237.4,2451.65,2531.95,47.18,33.42,0,,2166.89,,,0,,,0,,,,
2014-01-31,2262.2,2284.5,2255.9,2279.65,0,2153.0,2407.17,2237.4,2451.5,2451.65,46.13,37.79,0,,2185.42,,,0,,,0,,,,
2014-02-03,2274.2,2276.0,2203.55,2211.65,0,2155.17,2399.72,2203.55,2451.5,2451.5,48.27,32.19,0,,2128.85,,,0,,,0,,,,
2014-02-04,2182.65,2210.75,2169.2,2197.55,0,2157.23,2390.53,2169.2,2451.5,2451.5,47.85,31.16,0,,2108.58,,,0,,,0,,,,
2014-02-05,2199.05,2242.3,2192.9,2237.55,0,2159.02,2383.46,2169.2,2451.5,2451.5,47.96,37.29,0,,2134.31,,,0,,,0,,,,
2014-02-06,2245.35,2267.75,2229.15,2258.6,0,2160.69,2376.71,2169.2,2451.5,2451.5,47.29,40.31,0,,2148.33,,,0,,,0,,,,
2014-02-07,2272.05,2322.75,2272.05,2317.45,0,2162.89,2371.44,2169.2,2451.5,2451.5,48.5,47.85,0,,2185.49,,,0,,,0,,,,
2014-02-10,2325.2,2351.75,2300.95,2304.65,0,2165.37,2365.2,2169.2,2451.5,2451.5,48.66,46.47,0,,2177.12,,,0,,,0,,,,
2014-02-11,2315.1,2321.45,2295.75,2313.15,0,2167.93,2359.42,2169.2,2451.5,2451.5,47.02,47.55,0,,2183.7,,,0,,,0,,,,
2014-02-12,2314.65,2315.05,2277.0,2283.45,0,2170.23,2352.41,2169.2,2451.5,2451.5,46.38,44.2,0,,2164.97,,,0,,,0,,,,
2014-02-13,2285.2,2286.4,2233.95,2238.95,0,2172.42,2345.27,2169.2,2451.5,2451.5,46.82,39.69,0,,2135.98,,,0,,,0,,,,
2014-02-14,2243.75,2259.8,2209.5,2254.9,0,2174.66,2339.63,2169.2,2451.5,2451.5,47.06,41.98,0,,2146.1,,,0,,,0,,,,
2014-02-17,2247.55,2255.35,2218.65,2238.95,0,2176.93,2333.3,2169.2,2451.5,2451.5,46.32,40.33,0,,2136.31,,,0,,,0,,,,
2014-02-18,2231.4,2271.0,2228.45,2263.9,0,2179.03,2329.22,2169.2,2451.5,2451.5,46.05,44.03,0,,2152.58,,,0,,,0,,,,
2014-02-19,2263.6,2268.2,2232.6,2241.65,0,2180.99,2324.02,2169.2,2450.05,2451.5,45.31,41.55,0,,2138.73,,,0,,,0,,,,
2014-02-20,2227.0,2230.4,2208.05,2214.65,0,2182.76,2317.09,2169.2,2428.95,2450.05,44.47,38.71,0,,2121.87,,,0,,,0,,,,
2014-02-21,2218.15,2240.5,2218.15,2235.95,0,2184.89,2311.97,2169.2,2362.5,2428.95,43.14,42.08,0,,2136.49,,,0,,,0,,,,
2014-02-24,2231.3,2236.6,2215.05,2218.45,0,2187.15,2306.3,2169.2,2361.05,2362.5,41.6,40.13,0,,2126.23,,,0,,,0,,,,
2014-02-25,2223.95,2226.85,2174.75,2178.35,0,2189.03,2300.54,2174.75,2361.05,2361.05,42.35,36.01,0,,2101.72,,,0,,,0,,,,
2014-02-26,2180.25,2181.25,2132.65,2142.55,0,2190.7,2292.69,2132.65,2351.75,2361.05,42.8,32.77,0,,2064.3,,,0,,,0,,,,
2014-02-28,2147.45,2174.8,2147.45,2163.65,0,2192.56,2284.08,2132.65,2351.75,2351.75,42.04,36.4,0,,2078.41,,,0,,,0,,,,
2014-03-03,2159.8,2175.05,2146.65,2160.65,0,2194.33,2275.95,2132.65,2351.75,2351.75,41.07,36.1,0,,2077.12,,,0,,,0,,,,
2014-03-04,2161.35,2232.0,2161.35,2228.4,0,2196.8,2269.92,2132.65,2351.75,2351.75,43.23,46.72,0,,2119.38,,,0,,,0,,,,
2014-03-05,2241.25,2257.4,2220.65,2245.35,0,2199.58,2263.93,2132.65,2351.75,2351.75,42.77,49.0,0,,2130.62,,,0,,,0,,,,
2014-03-06,2249.85,2298.3,2246.8,2294.95,0,2203.09,2258.84,2132.65,2351.75,2351.75,43.5,55.06,0,,2162.13,,,0,,,0,,,,
2014-03-07,2304.3,2339.7,2296.15,2334.0,0,2207.07,2255.41,2132.65,2351.75,2351.75,43.58,59.18,0,,2187.26,,,0,,,0,,,,
2014-03-10,2315.9,2332.7,2300.0,2311.05,0,2211.11,2252.66,2132.65,2351.75,2351.75,42.9,55.94,0,,2172.91,,,0,,,0,,,,
2014-03-11,2312.0,2312.0,2228.95,2234.65,0,2214.44,2250.44,2132.65,2339.7,2351.75,45.77,46.75,0,,2121.72,,,0,,,0,,,,
2014-03-12,2219.8,2256.85,2209.35,2230.65,0,2217.97,2246.67,2132.65,2339.7,2339.7,45.89,46.32,0,,2119.06,,,0,,,0,,,,
2014-03-13,2236.0,2264.15,2210.1,2218.15,0,2221.83,2243.52,2132.65,2339.7,2339.7,46.47,44.94,0,,2110.61,,,0,,,0,,,,
2014-03-14,2202.9,2235.3,2194.25,2229.35,0,2225.51,2242.76,2132.65,2339.7,2339.7,46.09,46.48,0,,2118.09,,,0,,,0,,,,
2014-03-18,2246.7,2261.5,2237.75,2242.25,0,2229.6,2241.52,2132.65,2339.7,2339.7,45.09,48.28,0,,2127.07,,,0,,,0,,,,
2014-03-19,2252.85,2300.35,2243.5,2286.35,0,2233.65,2244.0,2132.65,2339.7,2339.7,46.02,53.99,0,,2154.9,,,0,,,0,,,,
2014-03-20,2282.4,2297.0,2253.85,2259.8,0,2237.21,2246.08,2132.65,2339.7,2339.7,45.82,50.38,0,,2137.91,,,0,,,0,,,,
2014-03-21,2269.1,2321.35,2269.1,2304.2,0,2240.55,2248.3,2146.65,2339.7,2339.7,46.94,55.71,0,,2170.47,,,0,,,0,,,,
2014-03-24,2308.55,2331.0,2292.45,2323.3,0,2244.03,2250.46,2146.65,2339.7,2339.7,46.34,57.8,0,,2183.18,,,0,,,0,,,,
2014-03-25,2313.25,2348.95,2313.25,2329.95,0,2247.24,2250.88,2161.35,2348.95,2339.7,45.58,58.54,0,,2192.88,,,0,,,0,,,,
2014-03-26,2345.5,2398.65,2345.5,2391.55,0,2251.53,2253.77,2194.25,2398.65,2348.95,47.23,64.69,1,2391.55,2242.48,2242.48,2242.48,1,6,2014-03-26,0,,,,
2014-03-27,2388.1,2404.3,2382.45,2392.15,0,2255.62,2256.41,2194.25,2404.3,2398.65,45.42,64.74,0,,2244.07,,2244.07,1,6,2014-03-26,0,,,,
2014-03-28,2401.65,2435.2,2398.7,2429.45,0,2259.55,2261.27,2194.25,2435.2,2404.3,45.25,68.06,1,2429.45,2268.25,2268.25,2268.25,1,6,2014-03-26,0,,,,
2014-03-31,2437.45,2528.6,2437.45,2520.65,0,2264.44,2270.66,2194.25,2528.6,2435.2,49.1,74.4,0,,2324.5,,2324.5,1,6,2014-03-26,0,,,,
2014-04-01,2531.95,2534.35,2471.05,2529.0,0,2268.49,2279.8,2194.25,2534.35,2528.6,50.11,74.9,0,,2329.21,,2329.21,1,6,2014-03-26,0,,,,
2014-04-02,2535.3,2540.45,2506.05,2515.7,0,2272.3,2289.02,2194.25,2540.45,2534.35,48.99,72.51,0,,2321.38,,2329.21,1,6,2014-03-26,0,,,,
2014-04-03,2520.15,2559.05,2499.4,2520.6,0,2276.04,2297.58,2194.25,2559.05,2540.45,49.75,72.85,0,,2324.04,,2329.21,1,6,2014-03-26,0,,,,
2014-04-04,2530.6,2542.6,2505.25,2529.0,0,2280.29,2307.16,2194.25,2559.05,2559.05,48.87,73.46,0,,2330.04,,2330.04,1,6,2014-03-26,0,,,,
2014-04-07,2529.0,2550.05,2494.7,2536.25,0,2284.39,2317.88,2237.75,2559.05,2559.05,49.33,74.01,0,,2348.91,,2348.91,1,6,2014-03-26,0,,,,
2014-04-09,2549.65,2597.2,2549.65,2594.3,0,2288.53,2329.82,2243.5,2597.2,2559.05,50.16,77.92,1,2594.3,2387.72,2387.72,2387.72,1,6,2014-03-26,0,,,,
2014-04-10,2601.15,2628.5,2575.7,2602.7,0,2293.0,2342.63,2253.85,2628.5,2597.2,50.35,78.42,0,,2396.46,,2396.46,1,6,2014-03-26,0,,,,
2014-04-11,2583.15,2619.35,2565.95,2595.6,0,2297.01,2356.54,2269.1,2628.5,2628.5,50.57,76.82,0,,2396.82,,2396.82,1,6,2014-03-26,0,,,,
2014-04-15,2595.25,2615.3,2510.65,2523.95,0,2300.91,2369.25,2292.45,2628.5,2628.5,54.43,62.87,0,,2355.81,,2396.82,1,6,2014-03-26,0,,,,
2014-04-16,2519.95,2558.2,2491.65,2528.3,0,2304.49,2381.41,2313.25,2628.5,2628.5,55.3,63.3,0,,2364.97,,2396.82,1,6,2014-03-26,0,,,,
2014-04-17,2528.5,2578.3,2528.5,2574.4,0,2308.22,2395.2,2345.5,2628.5,2628.5,54.92,67.64,0,,2405.71,,2405.71,1,6,2014-03-26,0,,,,
2014-04-21,2586.05,2642.55,2586.0,2631.2,0,2312.3,2408.63,2382.45,2642.55,2628.5,55.86,72.02,1,2631.2,2454.03,2454.03,2454.03,1,6,2014-03-26,0,,,,
2014-04-22,2632.25,2632.25,2604.6,2611.25,0,2315.85,2420.82,2398.7,2642.55,2642.55,53.85,68.51,0,,2447.92,,2454.03,1,6,2014-03-26,0,,,,
2014-04-23,2611.3,2626.5,2604.5,2620.3,0,2319.02,2431.67,2437.45,2642.55,2642.55,51.57,69.24,0,,2468.2,,2468.2,1,6,2014-03-26,0,,,,
2014-04-25,2615.7,2650.65,2605.45,2618.8,0,2322.56,2441.16,2471.05,2650.65,2642.55,51.12,68.96,0,,2478.73,,2478.73,1,6,2014-03-26,0,,,,
2014-04-28,2615.35,2636.65,2598.25,2601.9,0,2325.89,2450.86,2491.65,2650.65,2650.65,50.21,65.66,0,,2475.3,,2478.73,1,6,2014-03-26,0,,,,
2014-04-29,2603.35,2610.65,2522.55,2530.1,0,2328.92,2460.7,2491.65,2650.65,2650.65,52.92,53.88,0,,2427.19,,2478.73,1,6,2014-03-26,0,,,,
2014-04-30,2527.8,2545.6,2469.2,2501.2,0,2331.63,2469.72,2469.2,2650.65,2650.65,54.59,50.0,0,,2399.95,,2478.73,1,6,2014-03-26,1,2478.73,TRAILING_STOP,22,3.65
2014-05-02,2513.6,2523.6,2459.75,2465.3,0,2334.11,2477.96,2459.75,2650.65,2650.65,55.25,45.6,0,,2373.2,,,0,,,0,,,,
2014-05-05,2457.9,2521.75,2456.55,2498.5,0,2336.28,2486.93,2456.55,2650.65,2650.65,55.96,49.98,0,,2393.07,,,0,,,0,,,,
2014-05-06,2503.2,2518.15,2488.95,2504.05,0,2338.69,2495.66,2456.55,2650.65,2650.65,54.05,50.7,0,,2397.93,,,0,,,0,,,,
2014-05-07,2499.45,2503.95,2477.9,2483.6,0,2340.94,2502.24,2456.55,2650.65,2650.65,52.06,47.97,0,,2386.07,,,0,,,0,,,,
2014-05-08,2494.2,2509.15,2477.75,2488.85,0,2343.39,2509.87,2456.55,2650.65,2650.65,50.58,48.73,0,,2390.44,,,0,,,0,,,,
2014-05-09,2478.2,2579.45,2478.2,2568.8,0,2346.21,2518.69,2456.55,2650.65,2650.65,54.2,58.66,0,,2439.59,,,0,,,0,,,,
2014-05-12,2568.1,2630.45,2564.0,2619.55,0,2349.3,2528.56,2456.55,2650.65,2650.65,55.08,63.49,0,,2471.74,,,0,,,0,,,,
2014-05-13,2645.25,2710.05,2622.1,2641.5,0,2352.76,2538.95,2456.55,2710.05,2650.65,57.61,65.37,0,,2484.21,,,0,,,0,,,,
2014-05-14,2655.7,2734.15,2652.15,2727.85,0,2357.16,2550.16,2456.55,2734.15,2710.05,60.11,71.58,1,2727.85,2538.24,2538.24,2538.24,1,7,2014-05-14,0,,,,
2014-05-15,2740.65,2760.15,2690.55,2710.4,0,2361.47,2560.77,2456.55,2760.15,2734.15,60.79,68.89,0,,2526.53,,2538.24,1,7,2014-05-14,0,,,,
2014-05-16,2780.15,2880.35,2725.5,2778.35,0,2365.69,2572.4,2456.55,2880.35,2760.15,68.59,73.13,1,2778.35,2565.16,2565.16,2565.16,1,7,2014-05-14,0,,,,
2014-05-19,2809.8,2969.05,2809.8,2960.25,0,2371.02,2587.05,2456.55,2969.05,2880.35,77.31,80.7,0,,2676.67,,2676.67,1,7,2014-05-14,0,,,,
2014-05-20,2986.0,3048.7,2962.85,3022.1,0,2376.62,2603.49,2456.55,3048.7,2969.05,78.1,82.51,0,,2716.04,,2716.04,1,7,2014-05-14,0,,,,
2014-05-21,3029.7,3059.3,2955.4,3034.05,0,2382.42,2620.77,2456.55,3059.3,3048.7,79.95,82.84,0,,2722.51,,2722.51,1,7,2014-05-14,0,,,,
2014-05-22,3069.85,3135.7,3059.15,3088.7,0,2388.45,2639.7,2456.55,3135.7,3059.3,81.5,84.32,1,3088.7,2756.73,2756.73,2756.73,1,7,2014-05-14,0,,,,
2014-05-23,3109.1,3163.25,3109.1,3154.75,0,2394.84,2660.56,2456.55,3163.25,3135.7,81.0,85.89,0,,2799.66,,2799.66,1,7,2014-05-14,0,,,,
2014-05-26,3201.65,3241.9,3061.85,3149.75,0,2401.41,2681.01,2477.75,3241.9,3163.25,88.08,85.2,0,,2798.79,,2799.66,1,7,2014-05-14,0,,,,
2014-05-27,3157.05,3160.75,3051.05,3155.65,0,2408.13,2699.72,2477.75,3241.9,3241.9,89.62,85.35,0,,2801.56,,2801.56,1,7,2014-05-14,0,,,,
2014-05-28,3159.6,3162.3,3101.4,3111.0,0,2414.44,2716.67,2477.75,3241.9,3241.9,87.57,78.78,0,,2774.13,,2801.56,1,7,2014-05-14,0,,,,
2014-05-29,3116.3,3116.5,3055.7,3083.85,0,2420.57,2732.94,2478.2,3241.9,3241.9,85.66,75.0,0,,2758.05,,2801.56,1,7,2014-05-14,0,,,,
2014-05-30,3095.65,3136.15,3085.95,3096.9,0,2426.31,2752.04,2564.0,3241.9,3241.9,83.27,75.6,0,,2796.65,,2801.56,1,7,2014-05-14,0,,,,
2014-06-02,3107.7,3161.55,3089.95,3158.75,0,2432.18,2773.06,2622.1,3241.9,3241.9,82.44,78.29,0,,2856.47,,2856.47,1,7,2014-05-14,0,,,,
2014-06-03,3181.15,3318.05,3181.15,3311.8,0,2439.04,2797.64,2652.15,3318.05,3241.9,87.93,83.21,1,3311.8,2961.54,2961.54,2961.54,1,7,2014-05-14,0,,,,
2014-06-04,3325.85,3362.3,3314.55,3358.2,0,2446.26,2821.87,2690.55,3362.3,3318.05,85.26,84.37,0,,3006.05,,3006.05,1,7,2014-05-14,0,,,,
2014-06-05,3373.05,3488.25,3372.35,3479.6,0,2454.39,2850.81,2725.5,3488.25,3362.3,88.46,86.91,0,,3093.87,,3093.87,1,7,2014-05-14,0,,,,
2014-06-06,3511.2,3519.95,3433.4,3463.5,0,2462.61,2878.92,2809.8,3519.95,3488.25,88.32,84.94,0,,3111.68,,3111.68,1,7,2014-05-14,0,,,,
2014-06-09,3491.15,3553.35,3475.4,3521.85,0,2471.45,2909.02,2955.4,3553.35,3519.95,88.43,86.17,1,3521.85,3197.77,3197.77,3197.77,1,7,2014-05-14,0,,,,
2014-06-10,3541.65,3541.65,3418.3,3488.25,0,2479.74,2938.57,2955.4,3553.35,3553.35,90.92,82.03,0,,3174.44,,3197.77,1,7,2014-05-14,0,,,,
2014-06-11,3491.75,3506.45,3365.85,3397.65,0,2487.43,2967.48,3051.05,3553.35,3553.35,94.47,71.98,0,,3145.52,,3197.77,1,7,2014-05-14,0,,,,
2014-06-12,3401.1,3433.75,3356.6,3407.75,0,2494.92,2997.7,3051.05,3553.35,3553.35,93.23,72.39,0,,3152.86,,3197.77,1,7,2014-05-14,0,,,,
2014-06-13,3411.7,3428.95,3280.45,3297.8,0,2501.49,3025.45,3051.05,3553.35,3553.35,97.18,61.88,0,,3079.31,,3197.77,1,7,2014-05-14,0,,,,
2014-06-16,3292.7,3312.95,3236.05,3299.1,0,2507.98,3052.14,3051.05,3553.35,3553.35,95.73,61.95,0,,3081.11,,3197.77,1,7,2014-05-14,0,,,,
2014-06-17,3293.95,3358.65,3262.1,3348.05,0,2515.0,3080.27,3055.7,3553.35,3553.35,95.79,64.6,0,,3114.2,,3197.77,1,7,2014-05-14,0,,,,
2014-06-18,3350.85,3397.75,3276.95,3320.65,0,2521.71,3108.18,3055.7,3553.35,3553.35,97.58,61.99,0,,3095.33,,3197.77,1,7,2014-05-14,0,,,,
2014-06-19,3332.6,3355.05,3278.4,3298.85,0,2528.24,3135.18,3085.95,3553.35,3553.35,96.08,59.93,0,,3092.35,,3197.77,1,7,2014-05-14,0,,,,
2014-06-20,3287.8,3339.1,3266.7,3273.35,0,2534.77,3158.66,3089.95,3553.35,3553.35,94.39,57.51,0,,3078.37,,3197.77,1,7,2014-05-14,0,,,,
2014-06-23,3271.05,3326.25,3271.05,3309.7,0,2541.81,3181.66,3181.15,3553.35,3553.35,91.59,59.99,0,,3134.08,,3197.77,1,7,2014-05-14,0,,,,
2014-06-24,3317.15,3375.55,3317.15,3352.15,0,2549.11,3205.35,3236.05,3553.35,3553.35,89.75,62.72,0,,3180.98,,3197.77,1,7,2014-05-14,0,,,,
2014-06-25,3358.6,3383.4,3343.65,3349.9,0,2556.18,3226.09,3236.05,3553.35,3553.35,86.18,62.48,0,,3181.91,,3197.77,1,7,2014-05-14,0,,,,
2014-06-26,3359.15,3374.6,3305.8,3311.0,0,2562.85,3246.11,3236.05,3553.35,3553.35,84.94,58.26,0,,3157.65,,3197.77,1,7,2014-05-14,0,,,,
2014-06-27,3316.85,3330.55,3260.8,3265.75,0,2569.2,3262.36,3236.05,3553.35,3553.35,83.86,53.72,0,,3129.19,,3197.77,1,7,2014-05-14,0,,,,
2014-06-30,3269.95,3316.95,3269.95,3308.75,0,2575.81,3273.97,3236.05,3553.35,3553.35,81.52,57.14,0,,3158.48,,3197.77,1,7,2014-05-14,0,,,,
2014-07-01,3324.7,3404.3,3324.7,3378.25,0,2583.14,3285.84,3236.05,3553.35,3553.35,82.52,62.02,0,,3202.64,,3202.64,1,7,2014-05-14,0,,,,
2014-07-02,3417.2,3452.0,3417.2,3443.6,0,2590.95,3299.5,3236.05,3553.35,3553.35,81.9,65.95,0,,3245.21,,3245.21,1,7,2014-05-14,0,,,,
2014-07-03,3461.55,3482.55,3414.6,3422.6,0,2598.47,3310.62,3236.05,3553.35,3553.35,80.9,63.67,0,,3232.33,,3245.21,1,7,2014-05-14,0,,,,
2014-07-04,3428.45,3430.2,3366.25,3392.15,0,2605.92,3318.54,3236.05,3553.35,3553.35,79.69,60.41,0,,3213.49,,3245.21,1,7,2014-05-14,0,,,,
2014-07-07,3395.6,3423.75,3379.5,3392.9,0,2613.33,3326.64,3260.8,3541.65,3553.35,77.16,60.46,0,,3223.91,,3245.21,1,7,2014-05-14,0,,,,
2014-07-08,3404.7,3410.55,3235.05,3250.05,0,2619.62,3329.79,3235.05,3506.45,3541.65,84.18,47.31,0,,3118.51,,3245.21,1,7,2014-05-14,1,3245.21,TRAILING_STOP,40,18.97
2014-07-09,3249.75,3283.45,3193.1,3231.35,0,2625.52,3333.8,3193.1,3482.55,3506.45,84.62,45.9,0,,3092.17,,,0,,,0,,,,
2014-07-10,3238.75,3356.65,3157.1,3258.4,0,2631.42,3339.62,3157.1,3482.55,3482.55,92.83,48.3,0,,3092.15,,,0,,,0,,,,
2014-07-11,3257.9,3266.7,3125.85,3135.0,0,2636.45,3340.89,3125.85,3482.55,3482.55,96.26,39.66,0,,2999.85,,,0,,,0,,,,
2014-07-14,3125.8,3172.05,3104.05,3160.3,0,2641.61,3340.94,3104.05,3482.55,3482.55,94.24,41.95,0,,3010.25,,,0,,,0,,,,
2014-07-15,3186.9,3217.3,3139.35,3210.55,0,2646.92,3337.57,3104.05,3482.55,3482.55,93.08,46.31,0,,3043.43,,,0,,,0,,,,
2014-07-16,3225.05,3299.0,3192.85,3282.65,0,2652.62,3335.05,3104.05,3482.55,3482.55,94.01,51.9,0,,3089.32,,,0,,,0,,,,
2014-07-17,3282.5,3370.4,3271.25,3364.25,0,2658.75,3331.2,3104.05,3482.55,3482.55,94.38,57.31,0,,3141.7,,,0,,,0,,,,
2014-07-18,3345.15,3366.3,3303.3,3350.0,0,2664.68,3327.42,3104.05,3482.55,3482.55,92.14,56.12,0,,3134.01,,,0,,,0,,,,
2014-07-21,3356.65,3378.15,3326.9,3341.4,0,2670.65,3321.4,3104.05,3482.55,3482.55,89.22,55.38,0,,3130.41,,,0,,,0,,,,
2014-07-22,3354.95,3385.95,3342.75,3373.05,0,2677.05,3317.56,3104.05,3482.55,3482.55,86.03,57.61,0,,3152.95,,,0,,,0,,,,
2014-07-23,3386.75,3400.55,3344.55,3362.2,0,2683.47,3316.38,3104.05,3482.55,3482.55,83.88,56.56,0,,3147.38,,,0,,,0,,,,
2014-07-24,3365.75,3426.8,3347.3,3412.55,0,2690.22,3316.54,3104.05,3482.55,3482.55,83.57,60.17,0,,3180.06,,,0,,,0,,,,
2014-07-25,3416.45,3423.35,3313.5,3335.4,0,2696.43,3317.8,3104.05,3482.55,3482.55,85.45,52.92,0,,3129.05,,,0,,,0,,,,
2014-07-28,3340.6,3345.2,3275.95,3290.15,0,2702.25,3317.5,3104.05,3482.55,3482.55,84.29,49.17,0,,3100.64,,,0,,,0,,,,
2014-07-30,3281.3,3307.2,3238.65,3298.35,0,2708.09,3315.84,3104.05,3482.55,3482.55,83.17,49.86,0,,3106.68,,,0,,,0,,,,
2014-07-31,3300.8,3341.45,3290.1,3295.8,0,2713.83,3315.01,3104.05,3482.55,3482.55,80.89,49.64,0,,3106.55,,,0,,,0,,,,
2014-08-01,3264.05,3318.1,3220.75,3227.55,0,2718.86,3312.64,3104.05,3430.2,3482.55,82.07,43.89,0,,3061.74,,,0,,,0,,,,
2014-08-04,3232.6,3298.8,3232.6,3284.0,0,2724.42,3312.99,3104.05,3426.8,3430.2,81.3,49.14,0,,3098.67,,,0,,,0,,,,
2014-08-05,3294.5,3339.95,3248.3,3330.65,0,2730.22,3313.69,3139.35,3426.8,3426.8,82.04,53.04,0,,3140.03,,,0,,,0,,,,
2014-08-06,3318.0,3338.45,3256.55,3265.2,0,2735.48,3310.79,3192.85,3426.8,3426.8,82.03,47.53,0,,3115.65,,,0,,,0,,,,
2014-08-07,3257.3,3293.05,3250.65,3258.95,0,2740.6,3307.76,3220.75,3426.8,3426.8,79.2,47.03,0,,3122.81,,,0,,,0,,,,
2014-08-08,3226.95,3226.95,3138.2,3150.1,0,2745.02,3302.4,3138.2,3426.8,3426.8,82.16,39.24,0,,3023.11,,,0,,,0,,,,
2014-08-11,3176.05,3188.8,3148.5,3170.45,0,2749.53,3299.22,3138.2,3426.8,3426.8,79.17,41.2,0,,3038.22,,,0,,,0,,,,
2014-08-12,3189.7,3207.65,3164.05,3199.9,0,2754.51,3295.59,3138.2,3426.8,3426.8,76.63,44.01,0,,3058.91,,,0,,,0,,,,
2014-08-13,3196.2,3211.65,3133.85,3163.95,0,2759.44,3288.45,3133.85,3426.8,3426.8,76.72,41.41,0,,3034.22,,,0,,,0,,,,
2014-08-14,3161.4,3232.65,3159.45,3224.65,0,2764.75,3281.15,3133.85,3426.8,3426.8,76.46,47.1,0,,3073.54,,,0,,,0,,,,
2014-08-18,3207.65,3281.05,3207.65,3271.85,0,2770.65,3276.12,3133.85,3426.8,3426.8,76.25,51.08,0,,3104.13,,,0,,,0,,,,
2014-08-19,3299.3,3329.1,3279.95,3286.45,0,2776.58,3272.6,3133.85,3426.8,3426.8,74.89,52.28,0,,3114.45,,,0,,,0,,,,
2014-08-20,3282.5,3299.6,3271.6,3276.45,0,2782.27,3268.72,3133.85,3426.8,3426.8,71.54,51.35,0,,3110.23,,,0,,,0,,,,
2014-08-21,3250.05,3269.85,3221.95,3232.95,0,2787.89,3268.15,3133.85,3426.8,3426.8,70.32,47.42,0,,3082.99,,,0,,,0,,,,
2014-08-22,3233.4,3270.45,3232.45,3240.4,0,2793.57,3268.45,3133.85,3426.8,3426.8,68.01,48.15,0,,3089.33,,,0,,,0,,,,
2014-08-25,3247.1,3255.3,3075.35,3090.0,0,2798.5,3262.84,3075.35,3423.35,3426.8,76.01,36.95,0,,2967.49,,,0,,,0,,,,
2014-08-26,3051.5,3120.45,3049.8,3108.4,0,2803.36,3261.95,3049.8,3345.2,3423.35,75.63,38.83,0,,2971.1,,,0,,,0,,,,
2014-08-27,3117.1,3141.5,3085.05,3105.6,0,2807.92,3260.13,3049.8,3341.45,3345.2,74.26,38.64,0,,2970.21,,,0,,,0,,,,
2014-08-28,3099.55,3119.55,3077.85,3080.5,0,2812.43,3255.79,3049.8,3341.45,3341.45,71.93,36.91,0,,2955.57,,,0,,,0,,,,
2014-09-01,3098.5,3186.15,3083.55,3169.1,0,2817.49,3252.01,3049.8,3339.95,3341.45,74.34,46.08,0,,3011.11,,,0,,,0,,,,
2014-09-02,3170.95,3177.85,3140.7,3144.75,0,2822.29,3244.69,3049.8,3339.95,3339.95,71.68,44.18,0,,2997.17,,,0,,,0,,,,
2014-09-03,3142.75,3181.2,3142.75,3176.15,0,2827.15,3238.9,3049.8,3339.95,3339.95,69.31,47.2,0,,3019.01,,,0,,,0,,,,
2014-09-04,3164.65,3182.1,3107.25,3125.4,0,2831.74,3231.7,3049.8,3338.45,3339.95,69.71,43.13,0,,2986.01,,,0,,,0,,,,
2014-09-05,3116.75,3162.85,3116.75,3151.45,0,2836.79,3224.31,3049.8,3329.1,3338.45,68.02,45.72,0,,3003.94,,,0,,,0,,,,
2014-09-08,3157.4,3193.7,3151.35,3190.9,0,2842.72,3218.6,3049.8,3329.1,3329.1,66.19,49.46,0,,3030.61,,,0,,,0,,,,
2014-09-09,3179.6,3198.4,3158.5,3188.75,0,2848.36,3211.14,3049.8,3329.1,3329.1,64.31,49.27,0,,3030.47,,,0,,,0,,,,
2014-09-10,3171.55,3201.8,3166.9,3187.3,0,2854.19,3206.2,3049.8,3329.1,3329.1,62.21,49.12,0,,3030.94,,,0,,,0,,,,
2014-09-11,3187.45,3204.3,3159.8,3164.1,0,2860.27,3202.0,3049.8,3329.1,3329.1,60.94,46.77,0,,3016.82,,,0,,,0,,,,
2014-09-12,3161.85,3175.75,3137.05,3158.5,0,2866.13,3197.34,3049.8,3329.1,3329.1,59.35,46.19,0,,3014.26,,,0,,,0,,,,
2014-09-15,3136.2,3142.2,3100.9,3107.9,0,2872.1,3191.08,3049.8,3329.1,3329.1,59.23,41.25,0,,2981.71,,,0,,,0,,,,
2014-09-16,3094.7,3113.2,3027.4,3033.9,0,2877.68,3184.62,3027.4,3329.1,3329.1,61.13,35.31,0,,2925.25,,,0,,,0,,,,
2014-09-17,3053.5,3078.0,2986.85,3045.7,0,2883.06,3176.68,2986.85,3299.6,3329.1,63.27,36.87,0,,2917.91,,,0,,,0,,,,
2014-09-18,3038.15,3098.45,3036.75,3080.65,0,2888.54,3168.34,2986.85,3270.45,3299.6,63.16,41.38,0,,2940.53,,,0,,,0,,,,
2014-09-19,3086.15,3104.1,3064.55,3074.85,0,2893.59,3162.0,2986.85,3270.45,3270.45,61.47,40.86,0,,2937.91,,,0,,,0,,,,
2014-09-22,3053.9,3060.25,3018.8,3036.2,0,2898.47,3154.58,2986.85,3255.3,3270.45,61.09,37.47,0,,2913.24,,,0,,,0,,,,
2014-09-23,3032.95,3036.3,2956.1,2962.45,0,2902.8,3148.32,2956.1,3204.3,3255.3,62.45,32.01,0,,2854.51,,,0,,,0,,,,
2014-09-24,2949.6,2983.5,2901.9,2946.2,0,2907.22,3140.84,2901.9,3204.3,3204.3,63.82,30.94,0,,2825.05,,,0,,,0,,,,
2014-09-25,2951.8,2954.25,2823.45,2847.65,0,2911.28,3129.1,2823.45,3204.3,3204.3,68.6,25.39,0,,2732.15,,,0,,,0,,,,
2014-09-26,2830.85,2933.25,2820.75,2924.65,0,2915.74,3121.13,2820.75,3204.3,3204.3,71.74,35.17,0,,2778.82,,,0,,,0,,,,
2014-09-29,2922.3,2928.7,2887.0,2897.3,0,2920.13,3110.21,2820.75,3204.3,3204.3,69.59,33.49,0,,2762.61,,,0,,,0,,,,
2014-09-30,2886.6,2935.3,2857.85,2865.5,0,2924.14,3096.67,2820.75,3204.3,3204.3,70.15,31.6,0,,2741.73,,,0,,,0,,,,
2014-10-01,2860.55,2879.1,2830.0,2853.5,0,2928.22,3082.24,2820.75,3204.3,3204.3,68.65,30.89,0,,2734.99,,,0,,,0,,,,
2014-10-07,2835.05,2863.1,2765.7,2772.45,0,2931.94,3065.44,2765.7,3204.3,3204.3,70.7,26.56,0,,2662.99,,,0,,,0,,,,
2014-10-08,2747.8,2816.0,2736.4,2805.45,0,2935.74,3051.19,2736.4,3204.3,3204.3,71.34,30.81,0,,2674.09,,,0,,,0,,,,
2014-10-09,2820.35,2871.75,2820.35,2866.85,0,2940.06,3038.74,2736.4,3204.3,3204.3,70.98,38.01,0,,2713.93,,,0,,,0,,,,
2014-10-10,2834.95,2834.95,2740.2,2748.8,0,2943.86,3027.36,2736.4,3204.3,3204.3,74.96,31.27,0,,2635.14,,,0,,,0,,,,
2014-10-13,2732.15,2790.65,2709.4,2784.45,0,2948.14,3016.56,2709.4,3204.3,3204.3,75.41,35.02,0,,2648.83,,,0,,,0,,,,
2014-10-14,2791.75,2810.45,2670.85,2786.3,0,2952.29,3005.92,2670.85,3175.75,3204.3,79.99,35.21,0,,2634.12,,,0,,,0,,,,
2014-10-16,2775.05,2793.25,2696.9,2710.5,0,2955.96,2993.59,2670.85,3142.2,3175.75,81.16,31.06,0,,2584.45,,,0,,,0,,,,
2014-10-17,2719.35,2736.55,2677.7,2712.15,0,2959.18,2978.36,2670.85,3113.2,3142.2,79.57,31.25,0,,2586.58,,,0,,,0,,,,
2014-10-20,2748.5,2762.6,2714.35,2753.95,0,2962.57,2965.33,2670.85,3104.1,3113.2,77.49,36.06,0,,2614.92,,,0,,,0,,,,
2014-10-21,2775.85,2824.75,2775.75,2805.5,0,2965.98,2952.98,2670.85,3104.1,3104.1,77.01,41.5,0,,2648.49,,,0,,,0,,,,
2014-10-22,2834.65,2838.05,2794.15,2824.25,0,2969.24,2942.94,2670.85,3104.1,3104.1,74.64,43.39,0,,2662.16,,,0,,,0,,,,
2014-10-27,2840.45,2852.5,2806.85,2819.8,0,2972.64,2931.88,2670.85,3060.25,3104.1,72.57,43.04,0,,2660.67,,,0,,,0,,,,
2014-10-28,2790.5,2826.3,2790.5,2819.25,0,2976.53,2919.49,2670.85,3036.3,3060.25,69.95,42.99,0,,2662.07,,,0,,,0,,,,
2014-10-29,2828.9,2902.2,2824.45,2896.1,0,2980.97,2909.74,2670.85,2983.5,3036.3,70.87,51.0,0,,2711.02,,,0,,,0,,,,
2014-10-30,2892.0,2919.25,2883.65,2910.1,0,2985.58,2900.5,2670.85,2954.25,2983.5,68.36,52.32,0,,2721.73,,,0,,,0,,,,
2014-10-31,2917.1,2977.15,2913.35,2966.4,0,2990.5,2893.91,2670.85,2977.15,2954.25,68.26,57.29,0,,2758.1,,,0,,,0,,,,
2014-11-03,2975.8,2995.2,2957.15,2970.45,0,2995.35,2887.64,2670.85,2995.2,2977.15,66.1,57.63,0,,2762.15,,,0,,,0,,,,
2014-11-05,2982.5,2982.5,2875.9,2879.25,0,2999.3,2880.02,2670.85,2995.2,2995.2,69.0,48.26,0,,2701.4,,,0,,,0,,,,
2014-11-07,2875.25,2893.2,2839.9,2843.7,0,3003.2,2873.68,2670.85,2995.2,2995.2,67.88,45.18,0,,2679.22,,,0,,,0,,,,
2014-11-10,2855.65,2874.2,2817.9,2838.25,0,3006.76,2866.76,2670.85,2995.2,2995.2,67.05,44.71,0,,2676.26,,,0,,,0,,,,
2014-11-11,2849.45,2858.45,2826.4,2842.05,0,3010.22,2858.81,2677.7,2995.2,2995.2,64.55,45.14,0,,2682.66,,,0,,,0,,,,
2014-11-12,2846.7,2852.2,2807.05,2811.35,0,3013.42,2850.03,2677.7,2995.2,2995.2,63.16,42.28,0,,2663.78,,,0,,,0,,,,
2014-11-13,2821.15,2830.45,2780.6,2793.15,0,3016.1,2841.92,2714.35,2995.2,2995.2,62.21,40.63,0,,2664.89,,,0,,,0,,,,
2014-11-14,2786.05,2879.6,2785.55,2863.55,0,3019.24,2838.63,2775.75,2995.2,2995.2,64.49,48.91,0,,2729.25,,,0,,,0,,,,
2014-11-17,2850.05,2866.5,2829.5,2852.85,0,3022.07,2835.52,2780.6,2995.2,2995.2,62.52,47.82,0,,2725.27,,,0,,,0,,,,
2014-11-18,2845.75,2905.15,2845.75,2876.2,0,3024.44,2836.47,2780.6,2995.2,2995.2,62.3,50.42,0,,2740.48,,,0,,,0,,,,
2014-11-19,2886.65,2905.7,2809.65,2815.4,0,3026.35,2832.83,2780.6,2995.2,2995.2,64.71,44.24,0,,2699.66,,,0,,,0,,,,
2014-11-20,2819.7,2827.75,2774.95,2791.55,0,3028.19,2829.3,2774.95,2995.2,2995.2,63.86,42.06,0,,2682.96,,,0,,,0,,,,
2014-11-21,2791.8,2817.95,2774.1,2796.35,0,3030.02,2827.0,2774.1,2995.2,2995.2,62.43,42.67,0,,2686.73,,,0,,,0,,,,
2014-11-24,2829.5,2867.3,2829.5,2841.2,0,3032.11,2826.59,2774.1,2995.2,2995.2,63.04,48.18,0,,2715.25,,,0,,,0,,,,
2014-11-25,2840.55,2841.7,2756.75,2802.65,0,3033.88,2827.59,2756.75,2995.2,2995.2,64.6,44.24,0,,2683.56,,,0,,,0,,,,
2014-11-26,2799.9,2835.15,2791.8,2831.0,0,3035.46,2828.44,2756.75,2995.2,2995.2,63.09,47.63,0,,2702.85,,,0,,,0,,,,
2014-11-27,2833.1,2845.1,2817.75,2828.35,0,3036.96,2827.16,2756.75,2995.2,2995.2,60.53,47.34,0,,2702.85,,,0,,,0,,,,
2014-11-28,2830.2,2856.0,2824.0,2838.65,0,3038.58,2830.16,2756.75,2995.2,2995.2,58.5,48.65,0,,2710.85,,,0,,,0,,,,
2014-12-01,2834.0,2840.2,2766.45,2771.25,0,3040.23,2829.72,2756.75,2995.2,2995.2,59.58,41.41,0,,2666.65,,,0,,,0,,,,
2014-12-02,2761.1,2813.25,2761.1,2805.15,0,3042.08,2830.34,2756.75,2995.2,2995.2,59.05,45.78,0,,2688.87,,,0,,,0,,,,
2014-12-03,2812.05,2840.75,2801.7,2808.2,0,3043.64,2833.6,2756.75,2982.5,2995.2,57.63,46.17,0,,2691.79,,,0,,,0,,,,
2014-12-04,2815.95,2823.85,2779.8,2811.05,0,3044.84,2836.9,2756.75,2905.7,2982.5,56.66,46.55,0,,2694.27,,,0,,,0,,,,
2014-12-05,2818.6,2840.95,2800.45,2808.45,0,3046.15,2838.71,2756.75,2905.7,2905.7,55.5,46.23,0,,2693.37,,,0,,,0,,,,
2014-12-08,2803.25,2824.75,2757.1,2765.75,0,3047.12,2837.39,2756.75,2905.7,2905.7,56.37,41.14,0,,2665.25,,,0,,,0,,,,
2014-12-09,2751.3,2757.3,2680.7,2688.25,0,3047.58,2832.86,2680.7,2905.7,2905.7,58.42,33.86,0,,2588.54,,,0,,,0,,,,
2014-12-10,2683.5,2721.35,2677.9,2685.6,0,3048.14,2828.38,2677.9,2905.7,2905.7,57.35,33.64,0,,2586.61,,,0,,,0,,,,
2014-12-11,2679.75,2691.1,2649.35,2668.95,0,3049.07,2823.37,2649.35,2905.7,2905.7,56.23,32.23,0,,2567.1,,,0,,,0,,,,
2014-12-12,2678.75,2685.55,2623.55,2626.25,0,3049.9,2814.38,2623.55,2905.7,2905.7,56.65,28.88,0,,2530.68,,,0,,,0,,,,
2014-12-15,2602.25,2641.75,2596.8,2617.2,0,3050.91,2804.62,2596.8,2905.7,2905.7,55.81,28.21,0,,2516.49,,,0,,,0,,,,
2014-12-16,2595.35,2605.95,2492.5,2506.15,0,3050.96,2789.27,2492.5,2905.7,2905.7,60.73,21.6,0,,2406.81,,,0,,,0,,,,
2014-12-17,2501.35,2547.7,2466.35,2529.9,0,3051.14,2774.59,2466.35,2867.3,2905.7,62.2,25.61,0,,2412.43,,,0,,,0,,,,
2014-12-18,2566.1,2602.05,2565.6,2582.55,0,3051.8,2764.7,2466.35,2867.3,2867.3,62.91,33.72,0,,2445.92,,,0,,,0,,,,
2014-12-19,2600.65,2644.15,2600.65,2629.1,0,3052.73,2757.54,2466.35,2867.3,2867.3,62.82,39.95,0,,2476.01,,,0,,,0,,,,
2014-12-22,2643.3,2671.55,2630.45,2664.55,0,3053.37,2751.75,2466.35,2856.0,2867.3,61.37,44.24,0,,2499.84,,,0,,,0,,,,
2014-12-23,2666.95,2671.65,2608.2,2614.15,0,3053.33,2744.16,2466.35,2856.0,2856.0,61.51,39.88,0,,2467.23,,,0,,,0,,,,
2014-12-24,2613.45,2626.7,2594.6,2600.6,0,3053.06,2737.13,2466.35,2856.0,2856.0,59.41,38.77,0,,2459.89,,,0,,,0,,,,
2014-12-26,2606.6,2626.0,2580.1,2615.9,0,3052.31,2731.22,2466.35,2856.0,2856.0,58.45,40.77,0,,2470.41,,,0,,,0,,,,
2014-12-29,2626.45,2695.35,2626.45,2673.55,0,3052.07,2724.89,2466.35,2840.95,2856.0,59.95,47.71,0,,2506.59,,,0,,,0,,,,
2014-12-30,2676.2,2678.25,2637.25,2645.05,0,3051.18,2717.96,2466.35,2840.95,2840.95,58.59,44.91,0,,2489.11,,,0,,,0,,,,
2014-12-31,2649.3,2673.15,2647.3,2661.05,0,3049.19,2710.79,2466.35,2840.95,2840.95,56.42,46.79,0,,2500.88,,,0,,,0,,,,
2015-01-01,2655.65,2698.95,2646.85,2693.25,0,3046.99,2706.72,2466.35,2840.95,2840.95,56.11,50.47,0,,2521.86,,,0,,,0,,,,
2015-01-02,2700.6,2733.5,2700.6,2715.45,0,3044.87,2704.18,2466.35,2840.95,2840.95,54.98,52.89,0,,2536.93,,,0,,,0,,,,
2015-01-05,2721.95,2738.05,2699.25,2704.5,0,3042.31,2701.12,2466.35,2824.75,2840.95,53.82,51.56,0,,2530.64,,,0,,,0,,,,
2015-01-06,2682.1,2682.1,2601.75,2610.45,0,3038.68,2693.43,2466.35,2757.3,2824.75,57.32,41.78,0,,2467.65,,,0,,,0,,,,
2015-01-07,2613.35,2620.6,2544.55,2568.65,0,3034.81,2685.63,2466.35,2738.05,2757.3,58.65,38.31,0,,2439.79,,,0,,,0,,,,
2015-01-08,2604.7,2613.55,2580.9,2609.25,0,3031.16,2678.24,2544.55,2738.05,2738.05,57.67,43.25,0,,2492.7,,,0,,,0,,,,
2015-01-09,2634.55,2639.7,2588.95,2599.1,0,3027.75,2670.6,2544.55,2738.05,2738.05,57.18,42.33,0,,2486.49,,,0,,,0,,,,
2015-01-12,2599.15,2599.15,2549.1,2555.2,0,3024.23,2661.15,2544.55,2738.05,2738.05,56.67,38.55,0,,2458.51,,,0,,,0,,,,
2015-01-13,2562.7,2575.6,2541.5,2546.75,0,3020.56,2653.67,2541.5,2738.05,2738.05,55.06,37.84,0,,2453.12,,,0,,,0,,,,
2015-01-14,2544.2,2544.2,2452.5,2457.9,0,3015.89,2642.09,2452.5,2738.05,2738.05,57.86,31.38,0,,2364.28,,,0,,,0,,,,
2015-01-15,2476.2,2497.2,2450.95,2483.15,0,3010.36,2631.26,2450.95,2738.05,2738.05,57.03,34.79,0,,2380.6,,,0,,,0,,,,
2015-01-16,2480.0,2509.0,2466.85,2496.2,0,3004.61,2620.76,2450.95,2738.05,2738.05,55.96,36.54,0,,2389.72,,,0,,,0,,,,
2015-01-19,2510.3,2522.85,2491.15,2504.8,0,2998.12,2610.64,2450.95,2738.05,2738.05,54.23,37.73,0,,2396.43,,,0,,,0,,,,
2015-01-20,2517.55,2585.05,2514.6,2581.55,0,2992.24,2604.5,2450.95,2738.05,2738.05,56.09,47.24,0,,2444.69,,,0,,,0,,,,
2015-01-21,2595.4,2599.0,2534.4,2564.6,0,2985.85,2600.38,2450.95,2738.05,2738.05,56.7,45.58,0,,2433.35,,,0,,,0,,,,
2015-01-22,2576.4,2589.6,2559.9,2580.75,0,2979.8,2596.88,2450.95,2738.05,2738.05,54.77,47.47,0,,2445.05,,,0,,,0,,,,
2015-01-23,2611.15,2614.2,2565.75,2602.85,0,2974.51,2594.68,2450.95,2738.05,2738.05,54.32,50.03,0,,2459.61,,,0,,,0,,,,
2015-01-27,2587.05,2593.5,2564.1,2583.75,0,2969.01,2593.26,2450.95,2738.05,2738.05,53.21,47.86,0,,2448.03,,,0,,,0,,,,
2015-01-28,2576.65,2579.25,2534.3,2546.1,0,2964.0,2590.89,2450.95,2738.05,2738.05,52.94,43.83,0,,2423.93,,,0,,,0,,,,
2015-01-29,2516.5,2549.7,2505.4,2540.5,0,2958.94,2592.04,2450.95,2738.05,2738.05,52.32,43.25,0,,2420.73,,,0,,,0,,,,
2015-01-30,2531.95,2535.15,2503.65,2513.3,0,2953.38,2591.48,2450.95,2738.05,2738.05,51.22,40.43,0,,2403.92,,,0,,,0,,,,
2015-02-02,2497.3,2523.6,2497.3,2501.95,0,2947.92,2588.8,2450.95,2738.05,2738.05,49.44,39.28,0,,2397.78,,,0,,,0,,,,
2015-02-03,2515.4,2534.3,2499.2,2521.8,0,2942.74,2585.22,2450.95,2682.1,2738.05,48.41,42.37,0,,2411.27,,,0,,,0,,,,
2015-02-04,2531.7,2593.2,2531.7,2574.45,0,2938.08,2582.22,2450.95,2639.7,2682.1,50.05,49.67,0,,2444.13,,,0,,,0,,,,
2015-02-05,2575.75,2583.05,2517.1,2525.1,0,2932.85,2579.25,2450.95,2639.7,2639.7,51.19,44.04,0,,2411.55,,,0,,,0,,,,
2015-02-06,2525.1,2534.4,2490.55,2507.05,0,2927.22,2576.13,2466.85,2639.7,2639.7,50.66,42.15,0,,2405.55,,,0,,,0,,,,
2015-02-09,2477.05,2484.5,2434.3,2440.65,0,2921.16,2570.29,2434.3,2614.2,2639.7,52.24,36.05,0,,2350.82,,,0,,,0,,,,
2015-02-10,2434.75,2491.55,2434.75,2477.85,0,2915.6,2563.77,2434.3,2614.2,2614.2,52.57,41.19,0,,2374.6,,,0,,,0,,,,
2015-02-11,2484.7,2537.9,2469.35,2520.1,0,2910.63,2559.6,2434.3,2614.2,2614.2,53.71,46.45,0,,2401.09,,,0,,,0,,,,
2015-02-12,2532.6,2533.75,2492.35,2530.05,0,2905.44,2555.24,2434.3,2614.2,2614.2,52.83,47.64,0,,2408.1,,,0,,,0,,,,
2015-02-13,2532.05,2559.4,2532.05,2555.35,0,2899.95,2550.64,2434.3,2614.2,2614.2,51.15,50.64,0,,2425.53,,,0,,,0,,,,
2015-02-16,2571.95,2585.5,2548.45,2555.2,0,2894.03,2545.3,2434.3,2614.2,2614.2,50.15,50.62,0,,2426.11,,,0,,,0,,,,
2015-02-18,2554.6,2565.8,2532.35,2537.5,0,2888.13,2539.73,2434.3,2614.2,2614.2,48.95,48.38,0,,2415.49,,,0,,,0,,,,
2015-02-19,2539.25,2640.65,2537.55,2631.0,0,2883.05,2540.42,2434.3,2640.65,2614.2,52.82,58.79,0,,2473.21,,,0,,,0,,,,
2015-02-20,2647.85,2649.25,2613.7,2622.05,0,2877.92,2542.2,2434.3,2649.25,2640.65,51.59,57.59,0,,2468.26,,,0,,,0,,,,
2015-02-23,2640.95,2642.5,2590.6,2601.2,0,2873.59,2541.93,2434.3,2649.25,2649.25,51.61,54.79,0,,2454.8,,,0,,,0,,,,
2015-02-24,2609.2,2611.2,2563.9,2568.8,0,2869.17,2540.92,2434.3,2649.25,2649.25,51.3,50.67,0,,2434.11,,,0,,,0,,,,
2015-02-25,2588.7,2592.05,2546.05,2556.8,0,2864.5,2540.97,2434.3,2649.25,2649.25,50.93,49.19,0,,2426.62,,,0,,,0,,,,
2015-02-26,2564.55,2567.8,2511.9,2529.65,0,2860.46,2540.4,2434.3,2649.25,2649.25,51.28,45.93,0,,2408.87,,,0,,,0,,,,
2015-02-27,2546.2,2613.35,2544.0,2606.35,0,2856.77,2545.35,2434.3,2649.25,2649.25,53.6,55.01,0,,2456.8,,,0,,,0,,,,
2015-03-02,2612.55,2616.0,2569.3,2599.8,0,2852.7,2549.24,2434.3,2649.25,2649.25,53.1,54.17,0,,2452.9,,,0,,,0,,,,
2015-03-03,2561.55,2590.45,2556.25,2586.25,0,2848.05,2552.24,2434.75,2649.25,2649.25,52.42,52.39,0,,2444.77,,,0,,,0,,,,
2015-03-04,2611.75,2611.75,2513.0,2519.9,0,2842.42,2552.74,2469.35,2649.25,2649.25,55.73,44.68,0,,2411.3,,,0,,,0,,,,
2015-03-05,2526.05,2532.75,2467.75,2474.8,0,2836.59,2549.18,2467.75,2649.25,2649.25,56.39,40.33,0,,2381.23,,,0,,,0,,,,
2015-03-09,2476.25,2476.25,2407.4,2414.3,0,2830.41,2544.17,2407.4,2649.25,2649.25,57.28,35.36,0,,2321.5,,,0,,,0,,,,
2015-03-10,2424.4,2435.8,2414.1,2427.75,0,2824.11,2539.07,2407.4,2649.25,2649.25,54.74,37.21,0,,2331.87,,,0,,,0,,,,
2015-03-11,2428.4,2428.4,2383.55,2386.75,0,2817.6,2531.87,2383.55,2649.25,2649.25,54.03,34.01,0,,2297.95,,,0,,,0,,,,
2015-03-12,2401.25,2427.75,2398.45,2423.0,0,2811.01,2526.51,2383.55,2649.25,2649.25,53.1,39.01,0,,2321.95,,,0,,,0,,,,
2015-03-13,2440.2,2442.15,2384.3,2391.15,0,2804.71,2521.35,2383.55,2649.25,2649.25,53.44,36.4,0,,2301.18,,,0,,,0,,,,
2015-03-16,2398.7,2398.7,2334.85,2353.15,0,2798.46,2515.1,2334.85,2649.25,2649.25,54.19,33.52,0,,2259.94,,,0,,,0,,,,
2015-03-17,2369.95,2396.45,2339.0,2380.7,0,2792.35,2510.68,2334.85,2649.25,2649.25,54.42,37.39,0,,2277.56,,,0,,,0,,,,
2015-03-18,2399.75,2403.85,2382.35,2387.75,0,2786.29,2506.88,2334.85,2649.25,2649.25,52.19,38.37,0,,2283.59,,,0,,,0,,,,
2015-03-19,2403.65,2423.75,2379.0,2388.35,0,2780.7,2502.43,2334.85,2649.25,2649.25,51.65,38.46,0,,2284.33,,,0,,,0,,,,
2015-03-20,2390.6,2403.35,2357.8,2366.0,0,2774.58,2495.48,2334.85,2649.25,2649.25,51.22,36.36,0,,2270.21,,,0,,,0,,,,
2015-03-23,2369.25,2376.55,2339.35,2373.5,0,2768.2,2490.43,2334.85,2642.5,2649.25,50.22,37.59,0,,2275.71,,,0,,,0,,,,
2015-03-24,2372.5,2380.45,2355.35,2366.25,0,2762.2,2485.73,2334.85,2616.0,2642.5,48.42,36.85,0,,2272.23,,,0,,,0,,,,
2015-03-25,2370.2,2371.25,2336.35,2343.35,0,2756.1,2482.49,2334.85,2616.0,2616.0,47.46,34.52,0,,2258.11,,,0,,,0,,,,
2015-03-26,2329.75,2331.4,2282.5,2288.0,0,2750.35,2476.16,2282.5,2616.0,2616.0,48.41,29.65,0,,2204.32,,,0,,,0,,,,
2015-03-27,2303.15,2314.2,2268.25,2292.85,0,2744.5,2468.58,2268.25,2616.0,2616.0,48.24,30.58,0,,2202.81,,,0,,,0,,,,
2015-03-30,2311.35,2333.75,2287.85,2328.3,0,2738.69,2461.86,2268.25,2616.0,2616.0,48.07,37.08,0,,2225.79,,,0,,,0,,,,
2015-03-31,2350.7,2362.85,2316.6,2324.45,0,2733.1,2454.16,2268.25,2611.75,2616.0,47.94,36.68,0,,2223.39,,,0,,,0,,,,
2015-04-01,2324.75,2349.75,2316.85,2347.65,0,2727.25,2447.24,2268.25,2611.75,2611.75,46.87,40.84,0,,2239.07,,,0,,,0,,,,
2015-04-06,2356.2,2356.35,2324.75,2339.95,0,2721.04,2440.66,2268.25,2532.75,2611.75,45.78,39.91,0,,2234.83,,,0,,,0,,,,
2015-04-07,2347.2,2397.35,2338.6,2392.0,0,2715.07,2432.69,2268.25,2476.25,2532.75,46.7,48.51,0,,2267.79,,,0,,,0,,,,
2015-04-08,2406.9,2437.1,2394.4,2431.25,0,2709.44,2426.33,2268.25,2442.15,2476.25,46.59,53.87,0,,2293.18,,,0,,,0,,,,
2015-04-09,2444.45,2470.8,2428.8,2468.15,0,2704.34,2421.9,2268.25,2470.8,2442.15,46.26,58.27,0,,2317.2,,,0,,,0,,,,
2015-04-10,2459.15,2486.8,2457.15,2483.0,0,2699.29,2419.04,2268.25,2486.8,2470.8,45.07,59.93,0,,2327.57,,,0,,,0,,,,
2015-04-13,2487.75,2497.8,2467.7,2485.0,0,2695.26,2416.64,2268.25,2497.8,2486.8,44.0,60.16,0,,2329.57,,,0,,,0,,,,
2015-04-15,2483.1,2492.5,2458.35,2467.0,0,2690.98,2414.56,2268.25,2497.8,2497.8,43.3,57.0,0,,2318.43,,,0,,,0,,,,
2015-04-16,2471.4,2478.3,2443.55,2464.4,0,2686.71,2409.82,2268.25,2497.8,2497.8,42.69,56.53,0,,2317.16,,,0,,,0,,,,
2015-04-17,2465.3,2510.5,2456.5,2488.55,0,2682.76,2406.12,2268.25,2510.5,2497.8,43.5,59.8,0,,2332.2,,,0,,,0,,,,
2015-04-20,2491.6,2494.1,2430.95,2442.2,0,2677.91,2401.32,2268.25,2510.5,2510.5,44.9,51.77,0,,2301.37,,,0,,,0,,,,
2015-04-21,2446.1,2476.5,2433.6,2446.25,0,2673.26,2398.86,2268.25,2510.5,2510.5,44.76,52.37,0,,2304.08,,,0,,,0,,,,
2015-04-22,2446.3,2462.5,2423.65,2459.2,0,2668.48,2398.34,2287.85,2510.5,2510.5,44.34,54.33,0,,2319.24,,,0,,,0,,,,
2015-04-23,2476.85,2514.0,2473.6,2495.15,0,2664.28,2401.04,2316.6,2514.0,2510.5,45.08,59.34,0,,2351.52,,,0,,,0,,,,
2015-04-24,2496.35,2499.25,2445.85,2454.9,0,2659.63,2401.94,2316.85,2514.0,2514.0,45.68,52.41,0,,2325.24,,,0,,,0,,,,
2015-04-27,2461.25,2468.4,2430.7,2454.05,0,2654.72,2404.18,2324.75,2514.0,2514.0,45.11,52.27,0,,2327.71,,,0,,,0,,,,
2015-04-28,2452.3,2476.05,2441.3,2453.2,0,2649.82,2405.19,2338.6,2514.0,2514.0,44.37,52.12,0,,2332.27,,,0,,,0,,,,
2015-04-29,2445.8,2460.6,2435.5,2443.25,0,2644.86,2406.93,2394.4,2514.0,2514.0,42.99,50.32,0,,2345.37,,,0,,,0,,,,
2015-04-30,2420.4,2428.4,2393.95,2402.4,0,2639.78,2408.57,2393.95,2514.0,2514.0,43.44,43.64,0,,2318.57,,,0,,,0,,,,
2015-05-04,2421.8,2453.05,2414.05,2441.75,0,2635.0,2410.6,2393.95,2514.0,2514.0,43.96,50.46,0,,2343.61,,,0,,,0,,,,
2015-05-05,2443.55,2512.8,2428.85,2508.15,0,2631.0,2414.62,2393.95,2514.0,2514.0,46.81,59.39,0,,2384.53,,,0,,,0,,,,
2015-05-06,2501.6,2517.85,2423.65,2430.35,0,2626.98,2416.02,2393.95,2517.85,2514.0,50.2,48.38,0,,2332.09,,,0,,,0,,,,
2015-05-07,2423.5,2430.8,2398.5,2417.8,0,2622.79,2417.74,2393.95,2517.85,2517.85,48.92,46.87,0,,2324.85,,,0,,,0,,,,
2015-05-08,2435.25,2446.85,2421.25,2435.6,0,2618.49,2419.81,2393.95,2517.85,2517.85,47.5,49.29,0,,2337.28,,,0,,,0,,,,
2015-05-11,2464.4,2517.4,2462.7,2502.3,0,2614.67,2424.35,2393.95,2517.85,2517.85,49.95,57.15,0,,2378.67,,,0,,,0,,,,
2015-05-12,2504.55,2504.55,2421.2,2426.0,0,2610.61,2427.1,2393.95,2517.85,2517.85,52.34,47.99,0,,2327.86,,,0,,,0,,,,
2015-05-13,2436.0,2446.2,2394.65,2428.85,0,2607.05,2431.8,2393.95,2517.85,2517.85,52.28,48.32,0,,2329.74,,,0,,,0,,,,
2015-05-14,2428.85,2452.1,2412.65,2448.7,0,2603.73,2436.99,2393.95,2517.85,2517.85,51.36,50.69,0,,2343.15,,,0,,,0,,,,
2015-05-15,2445.3,2445.3,2410.4,2422.85,0,2600.9,2440.14,2393.95,2517.85,2517.85,50.43,47.63,0,,2327.1,,,0,,,0,,,,
2015-05-18,2428.2,2441.8,2424.0,2436.5,0,2597.65,2443.88,2393.95,2517.85,2517.85,48.18,49.37,0,,2337.4,,,0,,,0,,,,
2015-05-19,2434.85,2457.4,2422.8,2445.55,0,2594.63,2447.14,2393.95,2517.85,2517.85,47.21,50.54,0,,2343.89,,,0,,,0,,,,
2015-05-20,2447.2,2448.8,2425.05,2431.4,0,2591.74,2450.19,2393.95,2517.85,2517.85,45.54,48.64,0,,2335.88,,,0,,,0,,,,
2015-05-21,2423.5,2428.0,2401.95,2419.6,0,2588.85,2451.11,2393.95,2517.85,2517.85,44.39,47.06,0,,2329.03,,,0,,,0,,,,
2015-05-22,2427.05,2427.05,2403.55,2409.85,0,2586.43,2450.4,2394.65,2517.85,2517.85,42.9,45.73,0,,2323.97,,,0,,,0,,,,
2015-05-25,2407.4,2407.4,2365.6,2368.7,0,2583.52,2447.08,2365.6,2517.85,2517.85,42.99,40.53,0,,2287.68,,,0,,,0,,,,
2015-05-26,2379.25,2381.4,2366.7,2372.25,0,2580.22,2443.39,2365.6,2517.85,2517.85,40.97,41.15,0,,2291.32,,,0,,,0,,,,
2015-05-27,2363.3,2382.25,2357.2,2377.8,0,2577.75,2439.82,2357.2,2517.85,2517.85,39.83,42.17,0,,2292.86,,,0,,,0,,,,
2015-05-28,2375.9,2391.85,2354.1,2370.15,0,2574.99,2436.59,2354.1,2517.85,2517.85,39.68,41.11,0,,2286.99,,,0,,,0,,,,
2015-05-29,2362.9,2396.05,2357.45,2382.6,0,2572.29,2433.86,2354.1,2517.85,2517.85,39.61,43.59,0,,2295.07,,,0,,,0,,,,
2015-06-01,2386.75,2403.7,2376.2,2382.8,0,2570.11,2430.34,2354.1,2517.85,2517.85,38.74,43.63,0,,2295.78,,,0,,,0,,,,
2015-06-02,2384.7,2386.0,2325.8,2330.15,0,2567.56,2426.6,2325.8,2517.85,2517.85,40.28,36.18,0,,2251.36,,,0,,,0,,,,
2015-06-03,2328.75,2336.1,2284.6,2303.65,0,2564.56,2421.85,2284.6,2517.4,2517.85,41.08,33.11,0,,2220.0,,,0,,,0,,,,
2015-06-04,2308.1,2308.1,2247.1,2274.2,0,2561.02,2415.68,2247.1,2517.4,2517.4,42.5,30.07,0,,2187.56,,,0,,,0,,,,
2015-06-05,2277.45,2338.2,2272.9,2315.5,0,2557.63,2409.7,2247.1,2517.4,2517.4,44.13,38.6,0,,2213.11,,,0,,,0,,,,
2015-06-08,2325.65,2337.85,2275.95,2279.7,0,2554.03,2403.86,2247.1,2504.55,2517.4,45.4,34.65,0,,2189.17,,,0,,,0,,,,
2015-06-09,2274.55,2308.45,2259.7,2295.75,0,2550.54,2398.58,2247.1,2457.4,2504.55,45.64,37.73,0,,2199.37,,,0,,,0,,,,
2015-06-10,2295.9,2317.6,2293.55,2311.5,0,2546.64,2393.86,2247.1,2457.4,2457.4,44.1,40.68,0,,2210.55,,,0,,,0,,,,
2015-06-11,2321.55,2326.0,2276.75,2281.8,0,2542.45,2388.47,2247.1,2457.4,2457.4,44.46,37.11,0,,2191.15,,,0,,,0,,,,
2015-06-12,2276.0,2276.0,2239.8,2247.2,0,2537.66,2383.3,2239.8,2457.4,2457.4,44.29,33.43,0,,2166.52,,,0,,,0,,,,
2015-06-15,2257.7,2260.55,2230.95,2233.95,0,2532.75,2376.37,2230.95,2457.4,2457.4,43.24,32.11,0,,2155.72,,,0,,,0,,,,
2015-06-16,2237.55,2241.8,2223.6,2238.8,0,2528.48,2367.4,2223.6,2448.8,2457.4,41.45,33.15,0,,2157.59,,,0,,,0,,,,
2015-06-17,2254.6,2275.95,2235.95,2256.7,0,2524.56,2361.61,2223.6,2428.0,2448.8,41.35,36.97,0,,2169.21,,,0,,,0,,,,
2015-06-18,2263.65,2267.85,2246.25,2252.9,0,2520.66,2356.11,2223.6,2427.05,2428.0,39.94,36.49,0,,2167.7,,,0,,,0,,,,
2015-06-19,2272.25,2287.25,2250.7,2261.05,0,2516.79,2350.29,2223.6,2407.4,2427.05,39.69,38.33,0,,2173.11,,,0,,,0,,,,
2015-06-22,2273.55,2301.15,2272.2,2288.8,0,2513.3,2343.18,2223.6,2403.7,2407.4,39.72,44.25,0,,2190.99,,,0,,,0,,,,
2015-06-23,2294.5,2340.5,2291.25,2325.5,0,2510.19,2339.82,2223.6,2403.7,2403.7,40.58,50.95,0,,2214.1,,,0,,,0,,,,
2015-06-24,2338.35,2343.7,2281.0,2292.25,0,2506.38,2335.27,2223.6,2403.7,2403.7,42.16,45.6,0,,2191.6,,,0,,,0,,,,
2015-06-25,2285.6,2305.3,2281.55,2299.8,0,2502.69,2330.31,2223.6,2403.7,2403.7,40.84,46.96,0,,2197.34,,,0,,,0,,,,
2015-06-26,2296.4,2303.0,2271.55,2281.45,0,2498.73,2325.6,2223.6,2403.7,2403.7,40.17,44.08,0,,2185.95,,,0,,,0,,,,
2015-06-29,2255.5,2256.05,2210.65,2245.8,0,2494.93,2319.24,2210.65,2386.0,2403.7,42.36,39.05,0,,2157.18,,,0,,,0,,,,
2015-06-30,2249.95,2292.6,2249.95,2287.3,0,2491.57,2313.96,2210.65,2343.7,2386.0,42.68,46.67,0,,2183.74,,,0,,,0,,,,
2015-07-01,2292.65,2324.25,2292.3,2314.75,0,2488.36,2310.07,2210.65,2343.7,2343.7,42.27,51.03,0,,2201.72,,,0,,,0,,,,
2015-07-02,2321.2,2325.25,2290.8,2299.95,0,2484.75,2306.09,2210.65,2343.7,2343.7,41.71,48.72,0,,2192.54,,,0,,,0,,,,
2015-07-03,2303.55,2307.1,2263.2,2268.25,0,2481.18,2301.37,2210.65,2343.7,2343.7,41.87,44.11,0,,2171.99,,,0,,,0,,,,
2015-07-06,2240.6,2257.3,2223.35,2254.8,326200,2477.34,2297.57,2210.65,2343.7,2343.7,42.08,42.28,0,,2163.17,,,0,,,0,,,,
2015-07-07,2260.4,2278.7,2251.2,2257.9,316900,2473.54,2293.76,2210.65,2343.7,2343.7,41.04,42.87,0,,2165.87,,,0,,,0,,,,
2015-07-08,2235.7,2235.7,2152.6,2166.8,785400,2469.06,2286.72,2152.6,2343.7,2343.7,45.63,32.42,0,,2084.7,,,0,,,0,,,,
2015-07-09,2174.65,2184.3,2156.65,2159.75,502900,2464.98,2279.71,2152.6,2343.7,2343.7,44.35,31.77,0,,2081.01,,,0,,,0,,,,
2015-07-10,2178.95,2191.75,2166.5,2179.9,541000,2460.82,2272.96,2152.6,2343.7,2343.7,43.47,35.71,0,,2094.59,,,0,,,0,,,,
2015-07-13,2185.55,2192.2,2158.85,2189.3,339300,2456.69,2266.5,2152.6,2343.7,2343.7,42.74,37.52,0,,2101.14,,,0,,,0,,,,
2015-07-14,2194.4,2211.3,2190.7,2205.1,267400,2452.65,2262.34,2152.6,2343.7,2343.7,41.26,40.56,0,,2112.32,,,0,,,0,,,,
2015-07-15,2218.3,2227.4,2206.0,2209.1,259800,2448.66,2259.18,2152.6,2343.7,2343.7,39.91,41.33,0,,2115.8,,,0,,,0,,,,
2015-07-16,2222.25,2226.25,2210.4,2217.2,246500,2445.0,2257.29,2152.6,2343.7,2343.7,38.28,42.96,0,,2122.11,,,0,,,0,,,,
2015-07-17,2220.45,2222.1,2198.0,2207.65,275300,2441.79,2253.69,2152.6,2343.7,2343.7,37.27,41.5,0,,2116.62,,,0,,,0,,,,
2015-07-20,2214.3,2215.05,2191.5,2194.55,238700,2438.52,2250.85,2152.6,2343.7,2343.7,36.29,39.52,0,,2108.83,,,0,,,0,,,,
2015-07-21,2200.55,2201.75,2163.95,2169.9,326500,2435.19,2246.66,2152.6,2343.7,2343.7,36.4,36.03,0,,2092.85,,,0,,,0,,,,
2015-07-22,2156.85,2193.1,2149.85,2189.85,336100,2432.28,2242.6,2149.85,2325.25,2343.7,36.89,40.6,0,,2104.48,,,0,,,0,,,,
2015-07-23,2182.65,2195.8,2173.8,2180.1,343900,2429.37,2239.21,2149.85,2325.25,2325.25,35.82,39.13,0,,2098.9,,,0,,,0,,,,
2015-07-24,2174.35,2190.55,2148.55,2151.65,256100,2427.01,2236.03,2148.55,2325.25,2325.25,36.26,35.13,0,,2079.82,,,0,,,0,,,,
2015-07-27,2144.95,2144.95,2094.45,2103.85,479000,2424.17,2231.69,2094.45,2325.25,2325.25,37.76,29.64,0,,2029.96,,,0,,,0,,,,
2015-07-28,2105.85,2111.45,2085.9,2093.15,396600,2420.9,2226.84,2085.9,2325.25,2325.25,36.89,28.57,0,,2020.79,,,0,,,0,,,,
2015-07-29,2100.45,2111.95,2086.85,2097.95,366600,2417.36,2221.54,2085.9,2325.25,2325.25,36.05,29.8,0,,2024.45,,,0,,,0,,,,
2015-07-30,2108.6,2110.05,2089.4,2095.7,469300,2413.57,2216.3,2085.9,2307.1,2325.25,34.95,29.54,0,,2023.73,,,0,,,0,,,,
2015-07-31,2112.85,2141.65,2109.0,2128.65,456700,2410.33,2211.89,2085.9,2278.7,2307.1,35.73,37.97,0,,2044.46,,,0,,,0,,,,
2015-08-03,2133.65,2136.25,2102.6,2109.35,238400,2407.06,2205.91,2085.9,2278.7,2278.7,35.58,35.31,0,,2032.11,,,0,,,0,,,,
2015-08-04,2120.0,2179.95,2108.9,2167.7,454500,2404.07,2200.65,2085.9,2235.7,2278.7,38.12,47.34,0,,2068.06,,,0,,,0,,,,
2015-08-05,2183.25,2211.5,2161.5,2166.5,450700,2400.69,2196.46,2085.9,2227.4,2235.7,38.97,47.15,0,,2066.72,,,0,,,0,,,,
2015-08-06,2168.95,2173.25,2148.65,2154.4,303000,2397.42,2191.61,2085.9,2227.4,2227.4,37.94,45.14,0,,2059.6,,,0,,,0,,,,
2015-08-07,2158.4,2170.8,2127.0,2131.95,360200,2393.89,2186.63,2085.9,2227.4,2227.4,38.36,41.59,0,,2044.84,,,0,,,0,,,,
2015-08-10,2144.7,2144.7,2100.8,2109.8,398000,2390.0,2182.09,2085.9,2227.4,2227.4,38.75,38.39,0,,2030.29,,,0,,,0,,,,
2015-08-11,2116.8,2116.8,2030.05,2035.4,571500,2385.47,2173.7,2030.05,2227.4,2227.4,42.18,30.02,0,,1961.4,,,0,,,0,,,,
2015-08-12,2042.65,2042.65,1930.25,1947.55,781600,2380.42,2161.46,1930.25,2226.25,2227.4,47.2,23.51,0,,1868.12,,,0,,,0,,,,
2015-08-13,1959.7,1969.25,1889.15,1893.6,861400,2375.64,2147.91,1889.15,2222.1,2226.25,49.55,20.56,0,,1818.06,,,0,,,0,,,,
2015-08-14,1895.15,1924.55,1875.85,1920.6,809100,2371.32,2136.32,1875.85,2215.05,2222.1,49.49,25.59,0,,1831.08,,,0,,,0,,,,
2015-08-17,1925.55,1947.55,1893.65,1942.95,472100,2366.88,2125.93,1875.85,2211.5,2215.05,49.8,29.57,0,,1845.28,,,0,,,0,,,,
2015-08-18,1950.25,1964.85,1892.75,1909.1,554700,2362.28,2114.3,1875.85,2211.5,2211.5,51.39,27.2,0,,1822.39,,,0,,,0,,,,
2015-08-19,1902.4,1906.5,1879.3,1882.0,445600,2357.79,2104.81,1875.85,2211.5,2211.5,49.85,25.44,0,,1805.94,,,0,,,0,,,,
2015-08-20,1873.55,1886.05,1835.05,1838.4,502900,2353.07,2094.1,1835.05,2211.5,2211.5,49.93,22.88,0,,1764.16,,,0,,,0,,,,
2015-08-21,1815.85,1830.5,1798.85,1822.35,559600,2348.83,2082.18,1798.85,2211.5,2211.5,49.19,22.0,0,,1742.24,,,0,,,0,,,,
2015-08-24,1765.9,1767.6,1676.4,1693.95,766000,2343.57,2065.67,1676.4,2211.5,2211.5,56.1,16.53,0,,1614.0,,,0,,,0,,,,
2015-08-25,1723.75,1761.2,1666.65,1754.95,698000,2338.63,2050.66,1666.65,2211.5,2211.5,58.85,25.95,0,,1648.26,,,0,,,0,,,,
2015-08-26,1749.0,1785.55,1729.3,1760.95,479900,2333.67,2035.72,1666.65,2211.5,2211.5,58.66,26.82,0,,1652.25,,,0,,,0,,,,
2015-08-27,1792.55,1819.65,1773.45,1809.7,730200,2328.53,2022.14,1666.65,2211.5,2211.5,58.67,33.68,0,,1683.7,,,0,,,0,,,,
2015-08-28,1850.2,1850.2,1803.5,1820.15,625400,2323.56,2009.22,1666.65,2211.5,2211.5,57.81,35.08,0,,1691.01,,,0,,,0,,,,
2015-08-31,1811.3,1847.45,1791.45,1833.15,824800,2318.58,1997.18,1666.65,2211.5,2211.5,57.68,36.87,0,,1699.48,,,0,,,0,,,,
2015-09-01,1809.9,1826.95,1747.7,1770.8,463400,2313.03,1983.87,1666.65,2211.5,2211.5,59.67,32.27,0,,1657.94,,,0,,,0,,,,
2015-09-02,1783.85,1791.75,1736.9,1745.5,480300,2307.44,1969.06,1666.65,2173.25,2211.5,59.32,30.61,0,,1641.85,,,0,,,0,,,,
2015-09-03,1759.6,1801.55,1751.7,1787.9,393500,2302.39,1955.99,1666.65,2170.8,2173.25,59.09,36.53,0,,1669.35,,,0,,,0,,,,
2015-09-04,1783.85,1783.85,1730.85,1748.5,468700,2297.11,1942.55,1666.65,2144.7,2170.8,58.94,33.65,0,,1644.04,,,0,,,0,,,,
2015-09-07,1762.2,1762.2,1701.9,1704.3,315200,2291.72,1929.23,1666.65,2116.8,2144.7,59.04,30.73,0,,1615.46,,,0,,,0,,,,
2015-09-08,1714.6,1761.65,1704.0,1745.65,492800,2286.67,1917.65,1666.65,2042.65,2116.8,58.94,36.3,0,,1642.2,,,0,,,0,,,,
2015-09-09,1787.55,1821.3,1768.15,1809.15,692300,2281.92,1908.02,1666.65,1969.25,2042.65,60.13,43.78,0,,1682.36,,,0,,,0,,,,
2015-09-10,1780.8,1802.65,1768.45,1794.55,488400,2276.72,1897.98,1666.65,1964.85,1969.25,58.75,42.54,0,,1673.87,,,0,,,0,,,,
2015-09-11,1808.45,1812.4,1760.15,1767.35,374400,2271.67,1885.94,1666.65,1964.85,1964.85,58.28,40.26,0,,1656.64,,,0,,,0,,,,
2015-09-14,1778.3,1818.0,1767.15,1814.8,432600,2267.06,1876.12,1666.65,1964.85,1964.85,57.75,45.73,0,,1687.6,,,0,,,0,,,,
2015-09-15,1817.4,1820.9,1768.4,1772.1,450100,2262.6,1862.94,1701.9,1906.5,1964.85,57.38,42.0,0,,1672.05,,,0,,,0,,,,
2015-09-16,1792.4,1795.35,1770.65,1779.3,450700,2257.94,1850.03,1701.9,1886.05,1906.5,55.04,42.85,0,,1678.25,,,0,,,0,,,,
2015-09-18,1800.2,1809.65,1777.8,1789.3,630300,2253.07,1837.86,1701.9,1850.2,1886.05,53.39,44.07,0,,1685.81,,,0,,,0,,,,
2015-09-21,1776.25,1796.65,1763.85,1787.35,402400,2248.12,1826.37,1701.9,1850.2,1850.2,51.91,43.87,0,,1685.53,,,0,,,0,,,,
2015-09-22,1792.3,1794.35,1707.2,1711.7,428700,2242.5,1813.1,1701.9,1850.2,1850.2,54.43,36.98,0,,1635.06,,,0,,,0,,,,
2015-09-23,1685.6,1723.5,1674.8,1713.15,410500,2236.88,1802.36,1674.8,1850.2,1850.2,54.02,37.18,0,,1627.23,,,0,,,0,,,,
2015-09-24,1709.95,1710.7,1678.3,1684.8,576000,2231.2,1793.6,1674.8,1850.2,1850.2,52.65,34.81,0,,1609.86,,,0,,,0,,,,
2015-09-28,1695.6,1695.6,1638.3,1642.6,358400,2224.61,1785.24,1638.3,1850.2,1850.2,52.98,31.59,0,,1570.25,,,0,,,0,,,,
2015-09-29,1613.25,1621.4,1595.3,1605.45,597400,2217.83,1774.73,1595.3,1847.45,1850.2,52.58,29.04,0,,1532.23,,,0,,,0,,,,
2015-09-30,1632.6,1663.25,1632.6,1657.8,568500,2211.54,1765.22,1595.3,1826.95,1847.45,52.95,36.78,0,,1565.75,,,0,,,0,,,,
2015-10-01,1673.25,1673.25,1644.8,1650.8,304200,2205.42,1756.62,1595.3,1821.3,1826.95,51.2,36.21,0,,1562.4,,,0,,,0,,,,
2015-10-05,1664.2,1706.35,1653.75,1702.85,636500,2199.73,1750.64,1595.3,1821.3,1821.3,51.51,43.25,0,,1595.76,,,0,,,0,,,,
2015-10-06,1719.55,1739.4,1701.4,1730.7,717600,2194.4,1747.05,1595.3,1821.3,1821.3,50.55,46.64,0,,1614.37,,,0,,,0,,,,
2015-10-07,1729.5,1795.3,1720.55,1787.0,934000,2188.94,1745.88,1595.3,1821.3,1821.3,52.28,52.78,0,,1649.53,,,0,,,0,,,,
2015-10-08,1794.7,1812.5,1771.95,1796.6,715200,2183.58,1749.3,1595.3,1821.3,1821.3,51.44,53.76,0,,1656.28,,,0,,,0,,,,
2015-10-09,1814.25,1844.85,1814.25,1834.95,1043000,2178.58,1751.96,1595.3,1844.85,1821.3,51.21,57.54,0,,1681.17,,,0,,,0,,,,
2015-10-12,1856.95,1916.65,1855.45,1870.75,1180100,2174.25,1755.62,1595.3,1916.65,1844.85,53.39,60.77,0,,1702.81,,,0,,,0,,,,
2015-10-13,1842.75,1862.8,1838.1,1860.2,673600,2170.15,1757.31,1595.3,1916.65,1916.65,51.91,59.33,0,,1696.99,,,0,,,0,,,,
2015-10-14,1852.75,1903.05,1851.7,1863.35,598100,2166.48,1758.75,1595.3,1916.65,1916.65,51.87,59.64,0,,1699.05,,,0,,,0,,,,
2015-10-15,1875.2,1895.7,1865.5,1886.3,523400,2162.87,1760.52,1595.3,1916.65,1916.65,50.47,61.89,0,,1714.78,,,0,,,0,,,,
2015-10-16,1898.3,1898.9,1861.9,1879.5,401200,2159.49,1764.14,1595.3,1916.65,1916.65,49.51,60.81,0,,1711.04,,,0,,,0,,,,
2015-10-19,1882.1,1893.8,1858.5,1864.3,314100,2155.76,1768.1,1595.3,1916.65,1916.65,48.5,58.36,0,,1701.91,,,0,,,0,,,,
2015-10-20,1861.9,1861.9,1819.9,1824.2,459300,2151.98,1769.31,1595.3,1916.65,1916.65,48.2,52.36,0,,1676.24,,,0,,,0,,,,
2015-10-21,1823.1,1857.15,1817.55,1847.5,560200,2148.61,1772.61,1632.6,1916.65,1916.65,47.59,55.24,0,,1704.11,,,0,,,0,,,,
2015-10-23,1872.85,1875.3,1841.6,1846.7,439100,2145.05,1777.36,1644.8,1916.65,1916.65,46.6,55.11,0,,1708.32,,,0,,,0,,,,
2015-10-26,1859.7,1870.8,1838.9,1842.5,421800,2141.42,1780.59,1653.75,1916.65,1916.65,45.55,54.43,0,,1709.3,,,0,,,0,,,,
2015-10-27,1832.9,1840.55,1812.25,1831.25,482600,2137.7,1781.32,1701.4,1916.65,1916.65,44.45,52.54,0,,1718.65,,,0,,,0,,,,
2015-10-28,1821.25,1840.55,1818.5,1834.15,421300,2134.16,1782.64,1720.55,1916.65,1916.65,42.85,52.99,0,,1727.97,,,0,,,0,,,,
2015-10-29,1834.25,1840.85,1823.5,1826.8,464600,2130.51,1784.62,1771.95,1916.65,1916.65,41.03,51.65,0,,1741.58,,,0,,,0,,,,
2015-10-30,1824.4,1858.8,1799.05,1806.05,648100,2126.78,1784.33,1799.05,1916.65,1916.65,42.37,47.95,0,,1736.34,,,0,,,0,,,,
2015-11-02,1807.2,1810.05,1753.2,1768.1,378500,2122.94,1784.2,1753.2,1916.65,1916.65,43.4,42.03,0,,1695.89,,,0,,,0,,,,
2015-11-03,1781.8,1795.7,1763.5,1767.6,424700,2119.47,1783.81,1753.2,1916.65,1916.65,42.6,41.96,0,,1696.1,,,0,,,0,,,,
2015-11-04,1784.2,1790.15,1766.0,1768.65,305800,2115.98,1783.12,1753.2,1916.65,1916.65,41.29,42.19,0,,1697.66,,,0,,,0,,,,
2015-11-05,1769.55,1769.55,1733.0,1735.35,348800,2112.03,1781.39,1733.0,1916.65,1916.65,40.95,37.18,0,,1669.67,,,0,,,0,,,,
2015-11-06,1725.25,1729.4,1700.2,1720.25,495300,2108.0,1781.67,1700.2,1916.65,1916.65,40.53,35.14,0,,1649.27,,,0,,,0,,,,
2015-11-09,1674.9,1734.85,1668.25,1723.65,410300,2103.84,1782.02,1668.25,1916.65,1916.65,42.39,35.99,0,,1639.57,,,0,,,0,,,,
2015-11-10,1709.05,1710.95,1677.5,1681.45,655300,2099.45,1781.91,1668.25,1903.05,1916.65,42.66,30.63,0,,1612.18,,,0,,,0,,,,
2015-11-13,1690.35,1714.65,1679.7,1704.05,642100,2094.86,1783.96,1668.25,1903.05,1903.05,42.11,36.12,0,,1627.12,,,0,,,0,,,,
2015-11-16,1696.95,1725.5,1682.8,1720.6,584300,2090.12,1787.8,1668.25,1898.9,1903.05,42.15,39.87,0,,1637.77,,,0,,,0,,,,
2015-11-17,1731.1,1752.8,1729.4,1739.65,457200,2085.27,1790.53,1668.25,1898.9,1898.9,41.44,43.96,0,,1650.53,,,0,,,0,,,,
2015-11-18,1739.8,1746.5,1697.0,1702.05,483600,2080.06,1792.24,1668.25,1893.8,1898.9,42.02,38.41,0,,1625.89,,,0,,,0,,,,
2015-11-19,1713.3,1727.55,1699.55,1722.85,395200,2074.98,1792.9,1668.25,1875.3,1893.8,41.02,42.72,0,,1639.98,,,0,,,0,,,,
2015-11-20,1729.4,1744.15,1723.65,1726.1,689700,2070.04,1792.75,1668.25,1875.3,1875.3,39.61,43.38,0,,1643.01,,,0,,,0,,,,
2015-11-23,1729.5,1729.5,1693.2,1698.3,385900,2064.93,1789.79,1668.25,1875.3,1875.3,39.37,39.19,0,,1625.24,,,0,,,0,,,,
2015-11-24,1693.95,1708.75,1691.5,1697.25,424500,2059.66,1786.48,1668.25,1870.8,1875.3,37.79,39.03,0,,1625.61,,,0,,,0,,,,
2015-11-26,1704.75,1725.3,1701.05,1715.15,589500,2054.81,1782.49,1668.25,1858.8,1870.8,37.1,43.13,0,,1637.62,,,0,,,0,,,,
2015-11-27,1721.3,1758.15,1717.4,1736.35,553400,2050.08,1778.01,1668.25,1858.8,1858.8,37.52,47.61,0,,1651.02,,,0,,,0,,,,
2015-11-30,1737.25,1750.3,1733.15,1735.8,479100,2045.26,1773.86,1668.25,1858.8,1858.8,36.06,47.5,0,,1651.63,,,0,,,0,,,,
2015-12-01,1743.4,1796.1,1743.25,1790.9,535400,2040.56,1771.44,1668.25,1858.8,1858.8,37.79,57.57,0,,1686.02,,,0,,,0,,,,
2015-12-02,1805.85,1816.0,1791.6,1806.15,480100,2036.24,1768.77,1668.25,1816.0,1858.8,36.89,59.86,0,,1696.46,,,0,,,0,,,,
2015-12-03,1795.15,1798.7,1776.15,1779.55,476300,2031.74,1765.44,1677.5,1816.0,1816.0,36.4,54.34,0,,1682.71,,,0,,,0,,,,
2015-12-04,1768.85,1791.1,1763.85,1776.95,384500,2027.23,1762.53,1679.7,1816.0,1816.0,35.74,53.82,0,,1682.2,,,0,,,0,,,,
2015-12-07,1795.2,1802.55,1767.35,1770.05,334800,2022.74,1760.72,1682.8,1816.0,1816.0,35.7,52.38,0,,1678.81,,,0,,,0,,,,
2015-12-08,1758.6,1762.0,1710.1,1713.3,383400,2018.15,1756.25,1691.5,1816.0,1816.0,37.44,42.36,0,,1643.95,,,0,,,0,,,,
2015-12-09,1704.75,1707.3,1651.3,1658.8,429800,2012.93,1749.99,1651.3,1816.0,1816.0,39.19,35.36,0,,1594.23,,,0,,,0,,,,
2015-12-10,1667.2,1695.15,1665.85,1690.0,384000,2007.47,1744.9,1651.3,1816.0,1816.0,38.99,41.33,0,,1614.49,,,0,,,0,,,,
2015-12-11,1700.2,1722.15,1687.05,1699.8,542100,2002.6,1740.52,1651.3,1816.0,1816.0,38.71,43.11,0,,1621.0,,,0,,,0,,,,
2015-12-14,1695.15,1746.85,1692.9,1740.15,507200,1998.09,1737.39,1651.3,1816.0,1816.0,39.8,49.86,0,,1646.3,,,0,,,0,,,,
2015-12-15,1747.3,1748.65,1725.2,1735.85,302100,1993.42,1734.36,1651.3,1816.0,1816.0,38.63,49.19,0,,1644.3,,,0,,,0,,,,
2015-12-16,1748.0,1754.35,1732.8,1737.9,302400,1988.32,1732.09,1651.3,1816.0,1816.0,37.41,49.53,0,,1646.44,,,0,,,0,,,,
2015-12-17,1747.1,1798.25,1746.95,1795.55,670400,1984.12,1733.0,1651.3,1816.0,1816.0,39.05,58.2,0,,1682.53,,,0,,,0,,,,
2015-12-18,1790.65,1797.2,1768.55,1772.7,452300,1979.75,1733.17,1651.3,1816.0,1816.0,38.31,54.22,0,,1668.29,,,0,,,0,,,,
2015-12-21,1778.4,1808.6,1774.6,1800.4,371200,1975.43,1734.23,1651.3,1816.0,1816.0,38.13,57.97,0,,1686.27,,,0,,,0,,,,
2015-12-22,1801.9,1810.3,1778.95,1781.6,324900,1971.15,1735.77,1651.3,1816.0,1816.0,37.65,54.7,0,,1674.47,,,0,,,0,,,,
2015-12-23,1799.8,1824.35,1799.8,1820.75,421000,1967.05,1739.12,1651.3,1824.35,1816.0,38.01,59.79,0,,1699.47,,,0,,,0,,,,
2015-12-24,1838.1,1840.55,1821.9,1835.85,374700,1962.98,1742.86,1651.3,1840.55,1824.35,36.71,61.58,0,,1710.08,,,0,,,0,,,,
2015-12-28,1841.6,1844.45,1805.9,1815.95,330100,1958.88,1747.35,1651.3,1844.45,1840.55,36.84,57.92,0,,1697.16,,,0,,,0,,,,
2015-12-29,1822.85,1827.95,1809.6,1811.95,271000,1954.83,1750.94,1651.3,1844.45,1844.45,35.52,57.18,0,,1695.46,,,0,,,0,,,,
2015-12-30,1818.75,1835.05,1813.75,1817.75,396200,1950.88,1754.18,1651.3,1844.45,1844.45,34.64,58.01,0,,1699.79,,,0,,,0,,,,
2015-12-31,1823.2,1829.15,1809.25,1826.85,626400,1947.27,1757.09,1665.85,1844.45,1844.45,33.58,59.35,0,,1711.21,,,0,,,0,,,,
2016-01-01,1826.9,1833.75,1814.35,1830.3,184800,1943.65,1761.36,1687.05,1844.45,1844.45,32.57,59.87,0,,1721.18,,,0,,,0,,,,
2016-01-04,1819.65,1850.95,1794.1,1804.9,425100,1939.84,1764.1,1692.9,1850.95,1844.45,34.3,54.34,0,,1705.59,,,0,,,0,,,,
2016-01-05,1818.15,1874.45,1808.05,1862.7,681000,1936.45,1768.65,1725.2,1874.45,1850.95,36.82,62.77,0,,1751.96,,,0,,,0,,,,
2016-01-06,1861.15,1864.5,1820.1,1829.05,434400,1932.76,1773.01,1732.8,1874.45,1874.45,37.36,56.26,0,,1732.43,,,0,,,0,,,,
2016-01-07,1799.05,1799.05,1735.4,1742.55,568200,1928.49,1774.52,1735.4,1874.45,1874.45,41.38,43.71,0,,1674.82,,,0,,,0,,,,
2016-01-08,1757.0,1770.0,1723.05,1750.8,500700,1924.63,1775.71,1723.05,1874.45,1874.45,41.78,44.97,0,,1675.76,,,0,,,0,,,,
2016-01-11,1722.3,1755.95,1697.45,1746.15,665000,1920.91,1776.03,1697.45,1874.45,1874.45,42.98,44.36,0,,1663.43,,,0,,,0,,,,
2016-01-12,1751.1,1762.95,1712.9,1725.15,455600,1917.25,1775.68,1697.45,1874.45,1874.45,43.48,41.65,0,,1649.55,,,0,,,0,,,,
2016-01-13,1739.9,1750.25,1672.5,1712.7,571700,1913.24,1773.07,1672.5,1874.45,1874.45,45.93,40.08,0,,1631.57,,,0,,,0,,,,
2016-01-14,1674.3,1708.6,1655.9,1684.15,542500,1909.26,1769.0,1655.9,1874.45,1874.45,46.71,36.67,0,,1607.11,,,0,,,0,,,,
2016-01-15,1699.3,1700.45,1620.5,1624.6,512400,1904.79,1763.84,1620.5,1874.45,1874.45,49.08,30.79,0,,1555.31,,,0,,,0,,,,
2016-01-18,1615.0,1654.35,1596.3,1607.0,604400,1900.09,1758.18,1596.3,1874.45,1874.45,49.72,29.29,0,,1535.47,,,0,,,0,,,,
2016-01-19,1617.65,1630.95,1592.05,1616.7,663700,1895.66,1753.06,1592.05,1874.45,1874.45,48.95,31.28,0,,1540.82,,,0,,,0,,,,
2016-01-20,1591.1,1591.1,1537.9,1566.4,626600,1891.12,1748.17,1537.9,1874.45,1874.45,51.08,27.04,0,,1488.91,,,0,,,0,,,,
2016-01-21,1590.0,1594.5,1546.05,1552.95,594200,1886.58,1744.64,1537.9,1874.45,1874.45,50.89,26.03,0,,1480.36,,,0,,,0,,,,
2016-01-22,1575.95,1627.55,1572.9,1622.05,735000,1882.47,1742.37,1537.9,1874.45,1874.45,52.59,38.74,0,,1523.8,,,0,,,0,,,,
2016-01-25,1636.75,1660.1,1635.55,1648.1,437500,1878.41,1740.65,1537.9,1874.45,1874.45,51.55,42.73,0,,1541.29,,,0,,,0,,,,
2016-01-27,1653.75,1657.45,1641.75,1650.4,547700,1874.4,1737.66,1537.9,1874.45,1874.45,48.99,43.09,0,,1544.48,,,0,,,0,,,,
2016-01-28,1646.2,1655.4,1633.15,1640.65,809700,1870.26,1734.48,1537.9,1874.45,1874.45,47.08,41.91,0,,1539.47,,,0,,,0,,,,
2016-01-29,1645.35,1672.1,1645.1,1658.45,799000,1866.06,1731.84,1537.9,1874.45,1874.45,45.96,44.87,0,,1551.69,,,0,,,0,,,,
2016-02-01,1663.85,1667.1,1644.15,1663.75,398900,1861.65,1727.44,1537.9,1874.45,1874.45,44.32,45.76,0,,1556.21,,,0,,,0,,,,
2016-02-02,1667.3,1673.2,1578.9,1583.6,546200,1856.92,1721.14,1537.9,1874.45,1874.45,47.89,36.25,0,,1502.13,,,0,,,0,,,,
2016-02-03,1565.7,1588.05,1534.25,1541.75,661900,1851.87,1712.52,1534.25,1864.5,1874.45,48.31,32.46,0,,1473.64,,,0,,,0,,,,
2016-02-04,1558.35,1594.35,1547.35,1584.1,799200,1847.22,1705.94,1534.25,1799.05,1864.5,48.62,39.37,0,,1500.75,,,0,,,0,,,,
2016-02-05,1578.2,1651.2,1578.2,1643.25,1262200,1843.2,1700.02,1534.25,1770.0,1799.05,50.36,47.46,0,,1537.74,,,0,,,0,,,,
2016-02-08,1664.15,1679.8,1622.85,1629.5,676500,1838.82,1693.14,1534.25,1762.95,1770.0,50.83,45.93,0,,1528.56,,,0,,,0,,,,
2016-02-09,1606.5,1624.6,1588.7,1599.25,684800,1834.05,1685.92,1534.25,1762.95,1762.95,50.11,42.66,0,,1509.52,,,0,,,0,,,,
2016-02-10,1587.1,1596.6,1554.95,1589.6,621400,1829.31,1678.5,1534.25,1750.25,1762.95,49.7,41.64,0,,1503.58,,,0,,,0,,,,
2016-02-11,1586.4,1586.6,1507.5,1519.85,549600,1824.32,1668.58,1507.5,1708.6,1750.25,52.01,35.12,0,,1448.13,,,0,,,0,,,,
2016-02-12,1536.25,1538.1,1450.4,1495.6,830500,1819.26,1657.53,1450.4,1700.45,1708.6,54.56,33.18,0,,1411.75,,,0,,,0,,,,
2016-02-15,1536.65,1659.2,1536.65,1642.8,1121800,1815.16,1651.28,1450.4,1679.8,1700.45,62.35,50.94,0,,1501.51,,,0,,,0,,,,
2016-02-16,1665.3,1665.3,1603.65,1611.3,723100,1811.46,1644.83,1450.4,1679.8,1679.8,62.3,48.0,0,,1481.22,,,0,,,0,,,,
2016-02-17,1613.1,1631.55,1562.9,1627.55,801100,1807.91,1636.99,1450.4,1679.8,1679.8,62.75,49.61,0,,1491.4,,,0,,,0,,,,
2016-02-18,1650.65,1665.9,1612.6,1644.95,829300,1804.34,1630.85,1450.4,1679.8,1679.8,62.08,51.36,0,,1503.07,,,0,,,0,,,,
2016-02-19,1632.4,1660.8,1622.55,1652.9,507600,1800.77,1627.87,1450.4,1679.8,1679.8,60.38,52.17,0,,1509.34,,,0,,,0,,,,
2016-02-22,1657.95,1673.1,1651.25,1663.65,433700,1797.16,1624.96,1450.4,1679.8,1679.8,57.62,53.31,0,,1518.1,,,0,,,0,,,,
2016-02-23,1664.7,1685.75,1640.55,1644.75,643500,1793.39,1621.58,1450.4,1685.75,1679.8,56.74,51.01,0,,1506.51,,,0,,,0,,,,
2016-02-24,1626.0,1639.45,1607.95,1609.8,582000,1789.34,1617.74,1450.4,1685.75,1685.75,55.31,46.98,0,,1484.91,,,0,,,0,,,,
2016-02-25,1614.4,1629.7,1606.35,1612.4,686800,1785.38,1614.39,1450.4,1685.75,1685.75,53.03,47.31,0,,1488.11,,,0,,,0,,,,
2016-02-26,1626.45,1636.3,1603.75,1629.55,512600,1781.61,1612.57,1450.4,1685.75,1685.75,51.57,49.57,0,,1500.15,,,0,,,0,,,,
2016-02-29,1640.95,1678.95,1609.1,1633.65,749800,1778.03,1612.88,1450.4,1685.75,1685.75,52.87,50.12,0,,1501.92,,,0,,,0,,,,
2016-03-01,1642.5,1680.8,1636.15,1678.3,556700,1774.62,1615.25,1450.4,1685.75,1685.75,52.46,55.77,0,,1530.99,,,0,,,0,,,,
2016-03-02,1699.45,1738.15,1698.7,1713.7,845200,1771.51,1618.48,1450.4,1738.15,1685.75,52.99,59.67,0,,1553.48,,,0,,,0,,,,
2016-03-03,1738.15,1799.8,1731.75,1796.2,1173200,1769.14,1626.14,1450.4,1799.8,1738.15,55.36,66.98,0,,1605.11,,,0,,,0,,,,
2016-03-04,1810.65,1837.2,1786.35,1828.0,908700,1767.31,1635.31,1536.65,1837.2,1799.8,55.03,69.29,0,,1654.59,,,0,,,0,,,,
2016-03-08,1851.2,1891.65,1851.2,1871.3,1128500,1765.83,1643.62,1562.9,1891.65,1837.2,55.65,72.15,0,,1690.86,,,0,,,0,,,,
2016-03-09,1829.35,1856.9,1816.05,1854.75,781800,1764.21,1650.51,1562.9,1891.65,1891.65,55.62,69.49,0,,1680.2,,,0,,,0,,,,
2016-03-10,1866.0,1895.75,1860.95,1868.9,924500,1762.69,1657.79,1603.75,1895.75,1891.65,54.58,70.49,0,,1703.64,,,0,,,0,,,,
2016-03-11,1864.4,1880.3,1838.3,1856.6,745900,1760.88,1664.99,1603.75,1895.75,1895.75,53.68,68.39,0,,1696.3,,,0,,,0,,,,
2016-03-14,1847.3,1860.95,1838.75,1843.85,623100,1759.11,1671.17,1603.75,1895.75,1895.75,51.43,66.18,0,,1689.58,,,0,,,0,,,,
2016-03-15,1846.45,1860.5,1831.9,1849.75,648700,1756.99,1677.37,1603.75,1895.75,1895.75,49.8,66.72,0,,1694.47,,,0,,,0,,,,
2016-03-16,1851.6,1851.6,1808.6,1832.3,640100,1754.76,1685.66,1603.75,1895.75,1895.75,49.31,63.52,0,,1683.54,,,0,,,0,,,,
2016-03-17,1859.45,1865.15,1826.4,1831.55,579500,1752.61,1695.32,1603.75,1895.75,1895.75,48.56,63.38,0,,1683.56,,,0,,,0,,,,
2016-03-18,1852.7,1882.0,1844.85,1877.9,826500,1750.92,1705.12,1603.75,1895.75,1895.75,48.69,68.08,0,,1713.37,,,0,,,0,,,,
2016-03-21,1879.65,1890.65,1868.6,1885.05,550900,1749.42,1713.18,1609.1,1895.75,1895.75,46.79,68.75,0,,1721.03,,,0,,,0,,,,
2016-03-22,1885.0,1918.05,1874.6,1908.9,663900,1748.57,1722.49,1636.15,1918.05,1895.75,46.55,70.93,1,1908.9,1745.59,1745.59,1745.59,1,8,2016-03-22,0,,,,
2016-03-23,1917.1,1951.9,1917.1,1948.6,786300,1748.58,1734.13,1698.7,1951.9,1918.05,46.3,74.16,0,,1792.21,,1792.21,1,8,2016-03-22,0,,,,
2016-03-28,1954.5,1954.5,1845.85,1853.2,857600,1748.31,1742.92,1731.75,1954.5,1951.9,50.75,57.59,0,,1738.73,,1792.21,1,8,2016-03-22,0,,,,
2016-03-29,1855.45,1881.8,1848.2,1860.4,638400,1747.91,1754.27,1786.35,1954.5,1954.5,49.53,58.34,0,,1762.39,,1792.21,1,8,2016-03-22,0,,,,
2016-03-30,1881.45,1935.65,1870.8,1927.0,712200,1747.8,1768.65,1808.6,1954.5,1954.5,51.36,64.63,0,,1811.54,,1811.54,1,8,2016-03-22,0,,,,
2016-03-31,1933.8,1939.15,1895.75,1912.65,1059000,1747.83,1777.65,1808.6,1954.5,1954.5,50.8,62.44,0,,1802.66,,1811.54,1,8,2016-03-22,0,,,,
2016-04-01,1907.6,1911.15,1888.05,1901.0,673900,1747.96,1787.3,1808.6,1954.5,1954.5,48.92,60.65,0,,1796.4,,1811.54,1,8,2016-03-22,0,,,,
2016-04-04,1907.7,1920.45,1903.75,1912.3,627600,1748.45,1796.79,1808.6,1954.5,1954.5,46.82,61.8,0,,1805.09,,1811.54,1,8,2016-03-22,0,,,,
2016-04-05,1901.1,1906.55,1855.95,1861.65,616700,1748.71,1804.02,1808.6,1954.5,1954.5,47.5,54.18,0,,1771.96,,1811.54,1,8,2016-03-22,0,,,,
2016-04-06,1871.9,1924.85,1870.5,1912.5,750600,1750.17,1812.67,1808.6,1954.5,1954.5,48.62,59.57,0,,1804.01,,1811.54,1,8,2016-03-22,0,,,,
2016-04-07,1920.65,1924.9,1894.8,1899.25,479400,1751.13,1820.52,1808.6,1954.5,1954.5,47.3,57.66,0,,1796.35,,1811.54,1,8,2016-03-22,0,,,,
2016-04-08,1895.4,1914.85,1887.85,1905.75,866600,1752.09,1829.22,1826.4,1954.5,1954.5,45.85,58.37,0,,1807.44,,1811.54,1,8,2016-03-22,0,,,,
2016-04-11,1912.5,1948.9,1907.65,1944.1,713300,1752.99,1840.37,1844.85,1954.5,1954.5,45.66,62.34,0,,1838.46,,1838.46,1,8,2016-03-22,0,,,,
2016-04-12,1932.45,1942.0,1916.5,1922.6,624700,1753.67,1850.71,1845.85,1954.5,1954.5,44.37,58.94,0,,1825.78,,1838.46,1,8,2016-03-22,0,,,,
2016-04-13,1940.65,1979.4,1940.65,1967.5,953100,1754.57,1861.97,1845.85,1979.4,1954.5,45.25,63.42,1,1967.5,1854.15,1854.15,1854.15,1,8,2016-03-22,0,,,,
2016-04-18,1970.3,1989.55,1950.55,1986.75,686700,1756.01,1873.74,1845.85,1989.55,1979.4,44.81,65.18,0,,1866.87,,1866.87,1,8,2016-03-22,0,,,,
2016-04-20,2004.95,2073.5,2002.35,2068.1,1482600,1758.16,1886.74,1845.85,2073.5,1989.55,47.8,71.42,0,,1917.34,,1917.34,1,8,2016-03-22,0,,,,
2016-04-21,2081.15,2093.95,2060.15,2069.9,785400,1760.04,1898.61,1848.2,2093.95,2073.5,46.8,71.54,0,,1919.95,,1919.95,1,8,2016-03-22,0,,,,
2016-04-22,2072.45,2085.2,2057.15,2061.95,653300,1762.13,1907.47,1855.95,2093.95,2093.95,45.46,70.12,0,,1918.3,,1919.95,1,8,2016-03-22,0,,,,
2016-04-25,2062.45,2063.5,2018.6,2035.85,495300,1764.34,1914.4,1855.95,2093.95,2093.95,45.42,65.53,0,,1901.49,,1919.95,1,8,2016-03-22,0,,,,
2016-04-26,2033.65,2085.2,2033.65,2082.4,735200,1766.58,1921.43,1855.95,2093.95,2093.95,45.86,69.38,0,,1931.22,,1931.22,1,8,2016-03-22,0,,,,
2016-04-27,2086.05,2096.9,2073.4,2080.3,609900,1768.39,1928.95,1855.95,2096.9,2093.95,44.26,69.01,0,,1930.93,,1931.22,1,8,2016-03-22,0,,,,
2016-04-28,2081.9,2086.7,2026.55,2031.85,875300,1769.97,1934.38,1855.95,2096.9,2096.9,45.4,60.84,0,,1898.93,,1931.22,1,8,2016-03-22,0,,,,
2016-04-29,2032.45,2061.05,2011.95,2045.8,1129200,1771.83,1940.69,1870.5,2096.9,2096.9,45.66,62.23,0,,1912.6,,1931.22,1,8,2016-03-22,0,,,,
2016-05-02,2040.55,2074.15,2028.25,2065.35,774800,1773.5,1948.07,1887.85,2096.9,2096.9,45.68,64.14,0,,1930.98,,1931.22,1,8,2016-03-22,0,,,,
2016-05-03,2077.85,2086.7,2037.95,2041.9,766100,1775.3,1954.48,1887.85,2096.9,2096.9,45.9,60.2,0,,1915.71,,1931.22,1,8,2016-03-22,0,,,,
2016-05-04,2025.55,2027.6,1958.65,1964.0,899900,1776.53,1958.87,1907.65,2096.9,2096.9,48.57,49.35,0,,1870.29,,1931.22,1,8,2016-03-22,0,,,,
2016-05-05,1965.1,1983.1,1945.5,1967.45,712800,1777.72,1963.4,1916.5,2096.9,2096.9,47.78,49.78,0,,1875.98,,1931.22,1,8,2016-03-22,0,,,,
2016-05-06,1958.95,1970.55,1944.6,1966.3,559400,1778.91,1966.34,1940.65,2096.9,2096.9,46.22,49.63,0,,1884.33,,1931.22,1,8,2016-03-22,0,,,,
2016-05-09,1977.4,1993.8,1966.7,1974.8,455200,1780.66,1969.34,1944.6,2096.9,2096.9,44.89,50.83,0,,1892.02,,1931.22,1,8,2016-03-22,0,,,,
2016-05-10,1969.85,1974.55,1947.15,1950.05,598800,1782.24,1970.71,1944.6,2096.9,2096.9,43.66,47.31,0,,1876.88,,1931.22,1,8,2016-03-22,0,,,,
2016-05-11,1923.6,1962.35,1918.9,1948.35,581500,1784.0,1970.7,1918.9,2096.9,2096.9,43.64,47.07,0,,1867.23,,1931.22,1,8,2016-03-22,1,1931.22,TRAILING_STOP,32,1.17
2016-05-12,1956.55,1967.4,1945.25,1963.85,436700,1786.14,1974.39,1918.9,2096.9,2096.9,42.11,49.59,0,,1878.25,,,0,,,0,,,,
2016-05-13,1952.4,1956.1,1916.55,1920.25,528100,1788.24,1976.38,1916.55,2096.9,2096.9,42.48,43.34,0,,1849.09,,,0,,,0,,,,
2016-05-16,1924.4,1937.9,1911.7,1935.55,441200,1790.09,1976.67,1911.7,2096.9,2096.9,41.31,45.91,0,,1858.12,,,0,,,0,,,,
2016-05-17,1949.35,1950.5,1931.3,1934.9,376900,1791.99,1977.41,1911.7,2096.9,2096.9,39.73,45.82,0,,1858.75,,,0,,,0,,,,
2016-05-18,1927.3,1952.3,1918.3,1948.35,444200,1793.62,1978.99,1911.7,2096.9,2096.9,39.32,48.21,0,,1867.7,,,0,,,0,,,,
2016-05-19,1947.75,1973.15,1913.2,1917.25,524100,1794.87,1979.15,1911.7,2096.9,2096.9,40.8,43.43,0,,1846.66,,,0,,,0,,,,
2016-05-20,1919.3,1930.0,1905.1,1909.3,478000,1795.68,1980.74,1905.1,2096.9,2096.9,39.66,42.28,0,,1840.09,,,0,,,0,,,,
2016-05-23,1926.8,1928.1,1895.6,1899.15,390400,1796.37,1980.3,1895.6,2096.9,2096.9,39.15,40.79,0,,1830.72,,,0,,,0,,,,
2016-05-24,1903.1,1903.5,1871.95,1899.4,412600,1796.8,1980.3,1871.95,2096.9,2096.9,38.61,40.84,0,,1823.36,,,0,,,0,,,,
2016-05-25,1918.75,1925.2,1909.8,1923.05,360200,1797.14,1980.88,1871.95,2086.7,2096.9,37.69,45.98,0,,1839.22,,,0,,,0,,,,
2016-05-26,1920.2,1947.1,1915.65,1941.9,576600,1797.69,1980.8,1871.95,2086.7,2086.7,37.25,49.73,0,,1851.68,,,0,,,0,,,,
2016-05-27,1949.0,1972.8,1945.85,1968.8,461500,1798.39,1982.35,1871.95,2086.7,2086.7,36.79,54.58,0,,1869.33,,,0,,,0,,,,
2016-05-30,2009.75,2031.4,1998.55,2008.05,981500,1799.2,1983.7,1871.95,2086.7,2086.7,38.64,60.56,0,,1893.42,,,0,,,0,,,,
2016-05-31,2010.8,2044.25,1988.35,2031.85,1105400,1800.22,1985.2,1871.95,2044.25,2086.7,39.87,63.68,0,,1907.95,,,0,,,0,,,,
2016-06-01,2037.85,2043.5,2010.45,2014.6,488600,1801.22,1983.42,1871.95,2044.25,2044.25,39.38,59.97,0,,1897.14,,,0,,,0,,,,
2016-06-02,2010.15,2056.75,2009.05,2052.0,498100,1802.74,1982.82,1871.95,2056.75,2044.25,39.98,64.76,1,2052.0,1920.87,1920.87,1920.87,1,9,2016-06-02,0,,,,
2016-06-03,2070.65,2074.0,2042.5,2047.65,497600,1804.08,1982.34,1871.95,2074.0,2056.75,39.37,63.8,0,,1918.47,,1920.87,1,9,2016-06-02,0,,,,
2016-06-06,2042.1,2061.55,2028.7,2049.8,441400,1805.43,1982.81,1871.95,2074.0,2074.0,38.91,64.08,0,,1920.17,,1920.87,1,9,2016-06-02,0,,,,
2016-06-07,2060.95,2081.7,2051.55,2078.25,465500,1807.0,1982.67,1871.95,2081.7,2074.0,38.41,67.67,1,2078.25,1938.85,1938.85,1938.85,1,9,2016-06-02,0,,,,
2016-06-08,2082.9,2090.45,2069.05,2082.8,563900,1808.68,1982.75,1871.95,2090.45,2081.7,37.19,68.22,0,,1942.6,,1942.6,1,9,2016-06-02,0,,,,
2016-06-09,2083.15,2122.25,2083.15,2112.15,796800,1810.53,1985.43,1871.95,2122.25,2090.45,37.35,71.56,0,,1961.42,,1961.42,1,9,2016-06-02,0,,,,
2016-06-10,2118.0,2144.15,2108.35,2113.75,812200,1812.44,1987.7,1871.95,2144.15,2122.25,37.24,71.74,0,,1962.52,,1962.52,1,9,2016-06-02,0,,,,
2016-06-13,2085.8,2095.15,2070.2,2087.15,511800,1814.32,1988.42,1871.95,2144.15,2144.15,37.69,64.64,0,,1945.07,,1962.52,1,9,2016-06-02,0,,,,
2016-06-14,2092.3,2104.05,2084.85,2101.8,549700,1816.54,1990.42,1909.8,2144.15,2144.15,36.37,66.6,0,,1968.01,,1968.01,1,9,2016-06-02,0,,,,
2016-06-15,2109.05,2120.5,2090.75,2118.35,477200,1818.88,1995.56,1915.65,2144.15,2144.15,35.9,68.71,0,,1980.95,,1980.95,1,9,2016-06-02,0,,,,
2016-06-16,2113.05,2136.7,2095.95,2132.45,684500,1821.31,2001.06,1945.85,2144.15,2144.15,36.24,70.42,0,,1999.88,,1999.88,1,9,2016-06-02,0,,,,
2016-06-17,2145.2,2146.0,2122.6,2131.25,498500,1823.95,2006.56,1988.35,2146.0,2144.15,35.33,70.07,0,,2013.89,,2013.89,1,9,2016-06-02,0,,,,
2016-06-20,2113.8,2168.65,2113.25,2165.9,443700,1826.92,2012.93,1988.35,2168.65,2146.0,36.76,74.1,1,2165.9,2035.28,2035.28,2035.28,1,9,2016-06-02,0,,,,
2016-06-21,2171.25,2180.3,2158.35,2162.8,484500,1829.84,2020.02,2009.05,2180.3,2168.65,35.7,73.15,0,,2040.89,,2040.89,1,9,2016-06-02,0,,,,
2016-06-22,2165.75,2165.75,2135.8,2160.65,431000,1833.04,2027.1,2009.05,2180.3,2180.3,35.29,72.46,0,,2039.77,,2040.89,1,9,2016-06-02,0,,,,
2016-06-23,2157.75,2173.45,2143.15,2168.15,374200,1836.13,2033.91,2028.7,2180.3,2180.3,34.94,73.4,0,,2051.4,,2051.4,1,9,2016-06-02,0,,,,
2016-06-24,2078.3,2097.8,2018.2,2086.55,889500,1838.57,2039.45,2018.2,2180.3,2180.3,43.15,52.34,0,,1989.79,,2051.4,1,9,2016-06-02,1,2051.4,TRAILING_STOP,17,-0.03
2016-06-27,2071.25,2106.3,2071.25,2096.25,535400,1840.95,2044.81,2018.2,2180.3,2180.3,42.57,54.03,0,,1996.43,,,0,,,0,,,,
2016-06-28,2103.05,2120.0,2098.4,2115.85,496000,1843.71,2050.84,2018.2,2180.3,2180.3,41.23,57.32,0,,2009.97,,,0,,,0,,,,
2016-06-29,2130.0,2148.25,2128.25,2142.2,485600,1846.5,2057.3,2018.2,2180.3,2180.3,40.6,61.33,0,,2027.39,,,0,,,0,,,,
2016-06-30,2162.35,2190.65,2156.8,2182.1,672100,1849.54,2066.13,2018.2,2190.65,2180.3,41.16,66.46,1,2182.1,2052.75,2052.75,2052.75,1,10,2016-06-30,0,,,,
2016-07-01,2198.45,2212.1,2195.9,2199.15,579300,1852.88,2075.79,2018.2,2212.1,2190.65,40.36,68.4,0,,2064.28,,2064.28,1,10,2016-06-30,0,,,,
2016-07-04,2211.05,2236.55,2211.05,2233.5,407700,1856.46,2086.94,2018.2,2236.55,2212.1,40.15,71.91,0,,2086.57,,2086.57,1,10,2016-06-30,0,,,,
2016-07-05,2238.2,2255.95,2226.75,2239.7,486700,1859.96,2098.28,2018.2,2255.95,2236.55,39.37,72.5,0,,2091.09,,2091.09,1,10,2016-06-30,0,,,,
2016-07-07,2250.35,2268.95,2225.35,2232.0,651400,1863.26,2108.58,2018.2,2268.95,2255.95,39.67,70.51,0,,2085.93,,2091.09,1,10,2016-06-30,0,,,,
2016-07-08,2232.6,2234.15,2208.1,2223.95,460000,1866.51,2117.98,2018.2,2268.95,2268.95,38.7,68.39,0,,2081.38,,2091.09,1,10,2016-06-30,0,,,,
2016-07-11,2253.4,2279.4,2253.4,2275.6,494400,1869.75,2128.21,2018.2,2279.4,2268.95,39.89,73.82,1,2275.6,2113.9,2113.9,2113.9,1,10,2016-06-30,0,,,,
2016-07-12,2288.15,2357.1,2285.3,2350.75,1081100,1873.38,2139.63,2018.2,2357.1,2279.4,42.87,79.37,0,,2160.39,,2160.39,1,10,2016-06-30,0,,,,
2016-07-13,2364.4,2424.1,2362.0,2390.35,1321200,1877.45,2151.58,2018.2,2424.1,2357.1,45.04,81.59,0,,2184.48,,2184.48,1,10,2016-06-30,0,,,,
2016-07-14,2397.3,2409.35,2371.85,2399.25,669500,1881.6,2164.4,2018.2,2424.1,2424.1,44.5,82.06,0,,2190.58,,2190.58,1,10,2016-06-30,0,,,,
2016-07-15,2411.65,2433.1,2397.5,2418.9,665800,1885.92,2176.63,2018.2,2433.1,2424.1,43.87,83.08,0,,2203.68,,2203.68,1,10,2016-06-30,0,,,,
2016-07-18,2425.0,2440.6,2377.75,2388.6,548800,1890.42,2188.0,2071.25,2440.6,2433.1,45.22,75.91,0,,2200.91,,2203.68,1,10,2016-06-30,0,,,,
2016-07-19,2396.3,2409.2,2374.25,2399.85,620500,1895.36,2199.67,2098.4,2440.6,2440.6,44.49,76.71,0,,2217.71,,2217.71,1,10,2016-06-30,0,,,,
2016-07-20,2407.9,2417.25,2396.85,2406.65,568600,1900.14,2210.61,2128.25,2440.6,2440.6,42.77,77.21,0,,2233.19,,2233.19,1,10,2016-06-30,0,,,,
2016-07-21,2412.95,2414.05,2382.85,2387.8,580300,1904.73,2220.78,2156.8,2440.6,2440.6,41.94,72.61,0,,2231.1,,2233.19,1,10,2016-06-30,0,,,,
2016-07-22,2388.5,2434.05,2362.8,2428.15,774100,1909.32,2231.31,2195.9,2440.6,2440.6,44.04,75.92,0,,2268.77,,2268.77,1,10,2016-06-30,0,,,,
2016-07-25,2428.15,2446.95,2408.45,2442.0,721400,1914.02,2242.26,2208.1,2446.95,2440.6,43.64,76.95,1,2442.0,2282.03,2282.03,2282.03,1,10,2016-06-30,0,,,,
2016-07-26,2444.4,2472.75,2430.4,2439.45,1277500,1918.7,2254.0,2208.1,2472.75,2446.95,43.55,76.3,0,,2280.45,,2282.03,1,10,2016-06-30,0,,,,
2016-07-27,2450.75,2470.1,2417.05,2462.05,1249100,1923.14,2266.01,2208.1,2472.75,2472.75,44.23,78.06,0,,2294.57,,2294.57,1,10,2016-06-30,0,,,,
2016-07-28,2460.75,2462.25,2429.1,2440.45,1027100,1927.6,2276.74,2208.1,2472.75,2472.75,43.44,72.52,0,,2281.17,,2294.57,1,10,2016-06-30,0,,,,
2016-07-29,2445.8,2460.7,2419.0,2422.7,720300,1931.74,2286.42,2253.4,2472.75,2472.75,43.31,68.23,0,,2284.9,,2294.57,1,10,2016-06-30,0,,,,
2016-08-01,2431.1,2466.05,2416.95,2459.0,984800,1936.26,2297.34,2285.3,2472.75,2472.75,43.73,71.89,0,,2318.67,,2318.67,1,10,2016-06-30,0,,,,
2016-08-02,2463.6,2470.0,2406.1,2411.3,776400,1940.2,2305.52,2362.0,2472.75,2472.75,45.17,61.81,0,,2312.51,,2318.67,1,10,2016-06-30,0,,,,
2016-08-03,2425.2,2436.55,2403.05,2411.15,612900,1944.03,2313.8,2362.8,2472.75,2472.75,44.33,61.78,0,,2313.24,,2318.67,1,10,2016-06-30,0,,,,
2016-08-04,2430.7,2457.9,2412.3,2451.9,617600,1948.27,2323.51,2362.8,2472.75,2472.75,44.51,66.44,0,,2339.4,,2339.4,1,10,2016-06-30,0,,,,
2016-08-05,2477.0,2520.85,2477.0,2517.55,762700,1952.98,2335.16,2362.8,2520.85,2472.75,46.25,72.3,1,2517.55,2380.59,2380.59,2380.59,1,10,2016-06-30,0,,,,
2016-08-08,2533.85,2555.4,2528.25,2531.75,695400,1957.74,2350.0,2362.8,2555.4,2520.85,45.65,73.38,0,,2390.14,,2390.14,1,10,2016-06-30,0,,,,
2016-08-09,2539.4,2539.4,2498.45,2510.0,509100,1962.29,2363.79,2362.8,2555.4,2555.4,45.32,68.94,0,,2376.34,,2390.14,1,10,2016-06-30,0,,,,
2016-08-10,2515.95,2529.1,2476.45,2494.25,479200,1966.72,2376.4,2362.8,2555.4,2555.4,45.84,65.83,0,,2365.83,,2390.14,1,10,2016-06-30,0,,,,
2016-08-11,2494.85,2495.9,2442.75,2474.3,464600,1971.18,2387.47,2362.8,2555.4,2555.4,46.36,62.01,0,,2352.62,,2390.14,1,10,2016-06-30,0,,,,
2016-08-12,2481.1,2524.25,2481.1,2510.15,551200,1975.5,2398.41,2403.05,2555.4,2555.4,46.62,65.84,0,,2388.98,,2390.14,1,10,2016-06-30,0,,,,
2016-08-16,2514.95,2556.05,2503.85,2550.1,523500,1980.3,2410.11,2403.05,2556.05,2555.4,47.02,69.53,0,,2414.49,,2414.49,1,10,2016-06-30,0,,,,
2016-08-17,2549.9,2602.25,2549.9,2599.8,728500,1986.02,2422.32,2403.05,2602.25,2556.05,47.4,73.38,1,2599.8,2446.29,2446.29,2446.29,1,10,2016-06-30,0,,,,
2016-08-18,2608.4,2611.15,2587.8,2595.05,760700,1991.65,2434.16,2403.05,2611.15,2602.25,45.68,72.44,0,,2444.37,,2446.29,1,10,2016-06-30,0,,,,
2016-08-19,2611.55,2635.3,2591.3,2629.8,1140500,1997.54,2447.42,2403.05,2635.3,2611.15,45.56,74.97,1,2629.8,2466.86,2466.86,2466.86,1,10,2016-06-30,0,,,,
2016-08-22,2622.4,2622.4,2593.7,2608.7,709800,2003.43,2460.24,2403.05,2635.3,2635.3,44.88,70.72,0,,2453.71,,2466.86,1,10,2016-06-30,0,,,,
2016-08-23,2604.3,2618.05,2567.1,2597.35,615400,2009.32,2470.97,2403.05,2635.3,2635.3,45.32,68.48,0,,2446.1,,2466.86,1,10,2016-06-30,0,,,,
2016-08-24,2601.35,2607.6,2587.95,2595.55,412800,2015.4,2479.13,2403.05,2635.3,2635.3,43.48,68.11,0,,2446.16,,2466.86,1,10,2016-06-30,0,,,,
2016-08-25,2597.85,2603.9,2548.45,2553.85,575300,2021.6,2484.58,2412.3,2635.3,2635.3,44.34,60.02,0,,2421.77,,2466.86,1,10,2016-06-30,0,,,,
2016-08-26,2563.8,2568.35,2540.8,2551.95,399200,2027.9,2489.67,2442.75,2635.3,2635.3,43.14,59.67,0,,2431.5,,2466.86,1,10,2016-06-30,0,,,,
2016-08-29,2548.95,2584.9,2539.65,2579.85,356100,2034.32,2495.04,2442.75,2635.3,2635.3,43.29,63.06,0,,2449.39,,2466.86,1,10,2016-06-30,0,,,,
2016-08-30,2594.25,2611.6,2588.55,2606.9,468700,2041.25,2502.31,2442.75,2635.3,2635.3,42.47,66.03,0,,2467.39,,2467.39,1,10,2016-06-30,0,,,,
2016-08-31,2605.15,2623.6,2558.15,2566.75,555100,2048.01,2507.88,2442.75,2635.3,2635.3,44.11,58.5,0,,2440.4,,2467.39,1,10,2016-06-30,0,,,,
2016-09-01,2568.1,2587.8,2559.5,2574.55,354000,2054.36,2513.47,2442.75,2635.3,2635.3,42.98,59.47,0,,2446.18,,2467.39,1,10,2016-06-30,0,,,,
2016-09-02,2578.5,2578.5,2545.75,2570.95,373200,2060.51,2519.58,2481.1,2635.3,2635.3,42.25,58.79,0,,2457.13,,2467.39,1,10,2016-06-30,0,,,,
2016-09-06,2579.55,2610.5,2576.55,2607.05,362100,2066.89,2525.54,2503.85,2635.3,2635.3,42.06,63.32,0,,2488.13,,2488.13,1,10,2016-06-30,0,,,,
2016-09-07,2620.05,2639.2,2610.75,2632.95,770900,2073.51,2531.91,2539.65,2639.2,2635.3,41.35,66.2,0,,2517.24,,2517.24,1,10,2016-06-30,0,,,,
2016-09-08,2645.1,2685.15,2643.2,2660.25,858700,2080.19,2539.27,2539.65,2685.15,2639.2,42.12,68.96,1,2660.25,2534.33,2534.33,2534.33,1,10,2016-06-30,0,,,,
2016-09-09,2661.5,2661.5,2601.85,2607.2,798600,2086.48,2544.1,2539.65,2685.15,2685.15,43.37,58.89,0,,2499.28,,2534.33,1,10,2016-06-30,0,,,,
2016-09-12,2551.65,2568.95,2477.35,2485.7,781500,2092.49,2545.61,2477.35,2685.15,2685.15,49.55,43.3,0,,2396.03,,2534.33,1,10,2016-06-30,1,2534.33,TRAILING_STOP,50,16.14
2016-09-14,2480.15,2499.95,2454.4,2496.55,715700,2098.86,2548.07,2454.4,2685.15,2685.15,49.27,44.71,0,,2395.56,,,0,,,0,,,,
2016-09-15,2506.75,2508.95,2469.85,2489.8,530300,2104.89,2549.1,2454.4,2685.15,2685.15,48.54,43.98,0,,2391.69,,,0,,,0,,,,
2016-09-16,2504.55,2516.1,2442.3,2450.9,717200,2110.28,2550.42,2442.3,2685.15,2685.15,50.34,39.92,0,,2361.37,,,0,,,0,,,,
2016-09-19,2456.35,2488.9,2447.85,2485.55,348300,2115.98,2552.9,2442.3,2685.15,2685.15,49.68,44.8,0,,2384.16,,,0,,,0,,,,
2016-09-20,2491.05,2513.85,2473.85,2495.1,419700,2121.96,2554.34,2442.3,2685.15,2685.15,48.99,46.1,0,,2390.78,,,0,,,0,,,,
2016-09-21,2495.85,2523.9,2491.4,2511.85,485800,2128.1,2554.15,2442.3,2685.15,2685.15,47.81,48.4,0,,2402.37,,,0,,,0,,,,
2016-09-22,2549.7,2560.6,2523.95,2540.55,525200,2134.91,2554.44,2442.3,2685.15,2685.15,47.88,52.16,0,,2420.84,,,0,,,0,,,,
2016-09-23,2541.05,2559.55,2533.65,2542.0,587000,2141.89,2555.51,2442.3,2685.15,2685.15,46.31,52.35,0,,2422.82,,,0,,,0,,,,
2016-09-26,2539.2,2557.95,2529.5,2539.45,384900,2147.86,2557.02,2442.3,2685.15,2685.15,45.03,51.96,0,,2422.02,,,0,,,0,,,,
2016-09-27,2552.75,2559.7,2519.35,2523.6,345200,2153.95,2558.66,2442.3,2685.15,2685.15,44.7,49.5,0,,2412.02,,,0,,,0,,,,
2016-09-28,2524.05,2586.8,2523.15,2579.05,497200,2160.29,2560.96,2442.3,2685.15,2685.15,46.05,57.14,0,,2446.89,,,0,,,0,,,,
2016-09-29,2594.3,2598.95,2476.8,2488.6,897800,2165.91,2558.91,2442.3,2685.15,2685.15,51.49,45.14,0,,2384.92,,,0,,,0,,,,
2016-09-30,2467.0,2530.65,2466.85,2522.05,529300,2171.71,2556.32,2442.3,2685.15,2685.15,52.37,49.37,0,,2405.91,,,0,,,0,,,,
2016-10-03,2542.1,2590.0,2540.2,2586.05,515800,2177.86,2556.02,2442.3,2685.15,2685.15,53.48,56.32,0,,2446.45,,,0,,,0,,,,
2016-10-04,2601.55,2622.55,2578.85,2614.65,887100,2184.32,2555.51,2442.3,2685.15,2685.15,52.78,59.03,0,,2465.36,,,0,,,0,,,,
2016-10-05,2638.8,2649.4,2625.75,2635.25,703800,2191.16,2556.4,2442.3,2685.15,2685.15,51.49,60.91,0,,2479.51,,,0,,,0,,,,
2016-10-06,2647.85,2677.45,2619.7,2640.1,871900,2198.01,2557.82,2442.3,2685.15,2685.15,51.94,61.35,0,,2482.34,,,0,,,0,,,,
2016-10-07,2650.0,2668.75,2620.7,2666.55,660300,2204.92,2560.19,2447.85,2677.45,2685.15,51.66,63.8,0,,2501.43,,,0,,,0,,,,
2016-10-10,2689.35,2722.6,2686.15,2710.4,644300,2212.1,2565.41,2466.85,2722.6,2677.45,51.98,67.47,1,2710.4,2535.84,2535.84,2535.84,1,11,2016-10-10,0,,,,
2016-10-13,2692.05,2693.45,2617.2,2656.25,660400,2218.62,2568.88,2466.85,2722.6,2722.6,54.92,59.45,0,,2498.95,,2535.84,1,11,2016-10-10,0,,,,
2016-10-14,2660.15,2666.55,2634.6,2643.5,377000,2224.82,2571.0,2466.85,2722.6,2722.6,53.28,57.71,0,,2491.82,,2535.84,1,11,2016-10-10,0,,,,
2016-10-17,2643.1,2658.85,2605.0,2611.1,445000,2230.25,2571.14,2466.85,2722.6,2722.6,53.32,53.43,0,,2470.9,,2535.84,1,11,2016-10-10,0,,,,
2016-10-18,2626.35,2666.85,2625.8,2663.1,503300,2235.82,2574.36,2466.85,2722.6,2722.6,53.49,58.72,0,,2504.32,,2535.84,1,11,2016-10-10,0,,,,
2016-10-19,2671.35,2683.9,2655.9,2669.65,491200,2241.14,2577.52,2466.85,2722.6,2722.6,51.67,59.35,0,,2509.76,,2535.84,1,11,2016-10-10,0,,,,
2016-10-20,2686.3,2717.1,2682.3,2708.5,599000,2246.83,2582.11,2466.85,2722.6,2722.6,51.37,62.94,0,,2535.02,,2535.84,1,11,2016-10-10,0,,,,
2016-10-21,2705.75,2706.8,2667.35,2688.05,410300,2252.3,2584.81,2466.85,2722.6,2722.6,50.64,59.94,0,,2522.31,,2535.84,1,11,2016-10-10,0,,,,
2016-10-24,2689.75,2701.95,2683.85,2690.8,350000,2257.86,2586.74,2466.85,2722.6,2722.6,48.32,60.21,0,,2525.64,,2535.84,1,11,2016-10-10,0,,,,
2016-10-25,2677.05,2688.0,2655.15,2679.5,581400,2263.43,2587.38,2540.2,2722.6,2722.6,47.41,58.44,0,,2543.4,,2543.4,1,11,2016-10-10,0,,,,
2016-10-26,2668.65,2697.05,2628.05,2641.15,562800,2268.7,2588.51,2578.85,2722.6,2722.6,48.95,52.76,0,,2530.52,,2543.4,1,11,2016-10-10,0,,,,
2016-10-27,2625.6,2635.85,2606.8,2619.6,630100,2273.95,2592.98,2605.0,2722.6,2722.6,47.91,49.83,0,,2526.03,,2543.4,1,11,2016-10-10,0,,,,
2016-10-28,2630.15,2682.8,2628.05,2678.35,598000,2279.6,2599.04,2605.0,2722.6,2722.6,49.0,56.86,0,,2563.2,,2563.2,1,11,2016-10-10,0,,,,
2016-11-01,2692.15,2796.7,2683.65,2781.0,1126500,2285.62,2608.74,2605.0,2796.7,2722.6,53.96,65.87,1,2781.0,2626.11,2626.11,2626.11,1,11,2016-10-10,0,,,,
2016-11-02,2738.25,2771.6,2726.65,2756.75,777000,2291.43,2618.94,2605.0,2796.7,2796.7,53.98,62.55,0,,2610.45,,2626.11,1,11,2016-10-10,0,,,,
2016-11-03,2745.9,2811.75,2733.35,2737.95,907600,2296.96,2627.35,2605.0,2811.75,2796.7,55.73,60.02,0,,2597.16,,2626.11,1,11,2016-10-10,0,,,,
2016-11-04,2745.0,2758.85,2644.7,2674.75,688300,2301.8,2633.34,2605.0,2811.75,2811.75,59.9,52.36,0,,2553.61,,2626.11,1,11,2016-10-10,0,,,,
2016-11-07,2714.65,2743.3,2704.4,2728.3,492200,2307.63,2640.55,2605.0,2811.75,2811.75,60.52,57.33,0,,2587.74,,2626.11,1,11,2016-10-10,0,,,,
2016-11-08,2744.95,2762.65,2723.5,2739.2,589900,2313.49,2647.18,2606.8,2811.75,2811.75,58.99,58.28,0,,2596.39,,2626.11,1,11,2016-10-10,0,,,,
2016-11-09,2538.7,2710.95,2508.55,2700.55,839500,2318.65,2652.46,2508.55,2811.75,2811.75,71.25,53.7,0,,2530.54,,2626.11,1,11,2016-10-10,1,2626.11,TRAILING_STOP,20,-3.11
2016-11-10,2763.15,2891.25,2761.65,2870.05,983900,2325.03,2663.48,2508.55,2891.25,2811.75,79.79,66.24,1,2870.05,2634.17,2634.17,2634.17,1,12,2016-11-10,0,,,,
2016-11-11,2838.1,2856.85,2802.15,2810.65,722700,2331.09,2673.05,2508.55,2891.25,2891.25,78.94,60.1,0,,2596.43,,2634.17,1,12,2016-11-10,0,,,,
2016-11-15,2786.55,2812.9,2659.25,2668.1,923500,2336.13,2676.02,2508.55,2891.25,2891.25,84.27,48.48,0,,2500.93,,2634.17,1,12,2016-11-10,0,,,,
2016-11-16,2715.3,2718.75,2621.3,2645.65,636300,2341.36,2681.25,2508.55,2891.25,2891.25,85.21,46.94,0,,2485.82,,2634.17,1,12,2016-11-10,1,2634.17,TRAILING_STOP,4,-8.22
2016-11-17,2648.25,2699.2,2640.25,2662.95,607000,2346.36,2685.95,2508.55,2891.25,2891.25,83.34,48.3,0,,2498.23,,,0,,,0,,,,
2016-11-18,2663.8,2679.9,2610.25,2626.0,464700,2351.21,2687.28,2508.55,2891.25,2891.25,82.36,45.61,0,,2475.05,,,0,,,0,,,,
2016-11-21,2633.2,2659.45,2532.1,2536.2,644600,2355.41,2684.66,2508.55,2891.25,2891.25,85.57,39.8,0,,2414.98,,,0,,,0,,,,
2016-11-22,2562.4,2615.65,2560.4,2610.7,522400,2359.85,2683.85,2508.55,2891.25,2891.25,85.14,45.95,0,,2463.33,,,0,,,0,,,,
2016-11-23,2640.05,2683.9,2627.65,2677.5,621000,2364.89,2685.09,2508.55,2891.25,2891.25,84.28,50.8,0,,2506.98,,,0,,,0,,,,
2016-11-24,2667.85,2731.05,2654.2,2711.3,888100,2369.85,2686.58,2508.55,2891.25,2891.25,83.75,53.1,0,,2529.14,,,0,,,0,,,,
2016-11-25,2732.7,2776.85,2729.35,2757.45,717300,2374.98,2688.15,2508.55,2891.25,2891.25,82.45,56.11,0,,2559.77,,,0,,,0,,,,
2016-11-28,2762.0,2792.3,2746.0,2784.6,630300,2379.76,2692.43,2508.55,2891.25,2891.25,79.87,57.82,0,,2579.0,,,0,,,0,,,,
2016-11-29,2805.3,2822.4,2771.85,2777.0,535200,2384.47,2696.88,2508.55,2891.25,2891.25,77.78,57.15,0,,2575.5,,,0,,,0,,,,
2016-11-30,2775.35,2805.5,2748.8,2798.9,655100,2389.39,2703.14,2508.55,2891.25,2891.25,76.27,58.64,0,,2590.63,,,0,,,0,,,,
2016-12-01,2813.95,2814.5,2741.55,2748.8,416400,2394.14,2706.0,2532.1,2891.25,2891.25,76.03,54.0,0,,2566.32,,,0,,,0,,,,
2016-12-02,2732.1,2767.5,2711.25,2717.6,424900,2398.38,2707.6,2532.1,2891.25,2891.25,74.62,51.28,0,,2547.14,,,0,,,0,,,,
2016-12-05,2723.25,2765.9,2713.85,2758.65,441100,2402.9,2709.27,2532.1,2891.25,2891.25,73.01,54.53,0,,2574.69,,,0,,,0,,,,
2016-12-06,2773.8,2790.5,2761.4,2781.45,485300,2407.9,2712.38,2532.1,2891.25,2891.25,70.07,56.27,0,,2591.36,,,0,,,0,,,,
2016-12-07,2792.05,2802.35,2761.25,2786.65,607300,2412.83,2715.58,2532.1,2891.25,2891.25,68.0,56.68,0,,2596.09,,,0,,,0,,,,
2016-12-08,2819.55,2876.7,2815.75,2868.8,808500,2418.19,2721.89,2532.1,2891.25,2891.25,69.57,62.61,0,,2648.03,,,0,,,0,,,,
2016-12-09,2877.65,2879.5,2854.0,2865.25,674000,2423.68,2729.36,2532.1,2879.5,2891.25,66.43,62.22,0,,2647.84,,,0,,,0,,,,
2016-12-12,2859.35,2877.8,2852.95,2857.85,533600,2429.64,2737.3,2560.4,2879.5,2879.5,63.46,61.34,0,,2654.48,,,0,,,0,,,,
2016-12-13,2858.2,2862.95,2813.55,2827.5,554800,2435.37,2742.27,2627.65,2879.5,2879.5,62.45,57.77,0,,2657.99,,,0,,,0,,,,
2016-12-14,2815.25,2825.9,2781.2,2784.75,537000,2440.83,2742.39,2654.2,2879.5,2879.5,61.3,53.07,0,,2640.03,,,0,,,0,,,,
2016-12-15,2753.95,2818.45,2749.2,2786.1,465300,2446.24,2743.37,2711.25,2879.5,2879.5,61.87,53.2,0,,2659.54,,,0,,,0,,,,
2016-12-16,2801.6,2804.4,2739.15,2742.8,460700,2451.52,2743.54,2711.25,2879.5,2879.5,62.11,48.58,0,,2631.45,,,0,,,0,,,,
2016-12-19,2733.65,2748.55,2712.5,2716.1,328400,2456.64,2744.91,2711.25,2879.5,2879.5,60.25,45.93,0,,2615.47,,,0,,,0,,,,
2016-12-20,2721.1,2730.5,2679.2,2693.5,330500,2461.5,2743.75,2679.2,2879.5,2879.5,59.61,43.75,0,,2590.64,,,0,,,0,,,,
2016-12-21,2705.9,2725.0,2688.7,2707.8,339100,2466.76,2742.71,2679.2,2879.5,2879.5,57.94,45.51,0,,2600.97,,,0,,,0,,,,
2016-12-22,2702.55,2702.95,2622.5,2630.5,437500,2471.39,2740.37,2622.5,2879.5,2879.5,59.9,38.5,0,,2530.91,,,0,,,0,,,,
2016-12-23,2628.0,2641.9,2598.65,2623.1,440400,2475.98,2732.14,2598.65,2879.5,2879.5,58.71,37.9,0,,2518.98,,,0,,,0,,,,
2016-12-26,2606.15,2608.3,2536.95,2543.95,406700,2479.95,2723.25,2536.95,2879.5,2879.5,60.67,32.12,0,,2446.05,,,0,,,0,,,,
2016-12-27,2540.7,2616.4,2523.4,2609.3,444300,2484.56,2721.29,2523.4,2879.5,2879.5,62.98,40.23,0,,2482.15,,,0,,,0,,,,
2016-12-28,2618.65,2629.2,2597.85,2605.65,456100,2489.2,2719.96,2523.4,2879.5,2879.5,60.72,39.94,0,,2481.3,,,0,,,0,,,,
2016-12-29,2603.6,2653.25,2600.85,2645.05,477700,2494.18,2719.36,2523.4,2879.5,2879.5,60.12,44.54,0,,2507.11,,,0,,,0,,,,
2016-12-30,2650.4,2663.2,2640.95,2652.5,378200,2499.2,2720.24,2523.4,2879.5,2879.5,57.42,45.39,0,,2513.72,,,0,,,0,,,,
2017-01-02,2660.0,2711.05,2641.2,2705.25,398000,2504.41,2725.88,2523.4,2879.5,2879.5,58.31,51.11,0,,2547.15,,,0,,,0,,,,
2017-01-03,2717.9,2725.6,2700.65,2714.95,356900,2509.56,2729.35,2523.4,2879.5,2879.5,55.92,52.11,0,,2554.99,,,0,,,0,,,,
2017-01-04,2729.45,2749.4,2707.05,2711.5,441800,2514.52,2730.49,2523.4,2879.5,2879.5,54.95,51.71,0,,2553.41,,,0,,,0,,,,
2017-01-05,2732.8,2804.1,2730.85,2798.25,673900,2519.78,2733.38,2523.4,2879.5,2879.5,57.64,60.06,0,,2607.58,,,0,,,0,,,,
2017-01-06,2809.8,2827.5,2786.65,2797.85,544900,2524.89,2734.73,2523.4,2877.8,2879.5,56.44,60.01,0,,2608.12,,,0,,,0,,,,
2017-01-09,2810.9,2821.9,2790.6,2793.8,364400,2530.08,2735.04,2523.4,2862.95,2877.8,54.65,59.46,0,,2606.7,,,0,,,0,,,,
2017-01-10,2799.9,2838.4,2797.0,2833.9,514400,2535.3,2736.94,2523.4,2838.4,2862.95,53.93,63.1,0,,2633.05,,,0,,,0,,,,
2017-01-11,2855.2,2963.05,2853.9,2954.8,1473600,2541.35,2742.13,2523.4,2963.05,2838.4,59.3,71.45,1,2954.8,2707.44,2707.44,2707.44,1,13,2017-01-11,0,,,,
2017-01-12,2963.95,2971.85,2916.95,2958.55,705500,2547.4,2749.12,2523.4,2971.85,2963.05,58.99,71.66,0,,2710.07,,2710.07,1,13,2017-01-11,0,,,,
2017-01-13,2977.85,2978.95,2929.45,2952.3,663400,2553.23,2756.95,2523.4,2978.95,2971.85,58.31,70.71,0,,2706.49,,2710.07,1,13,2017-01-11,0,,,,
2017-01-16,2961.9,2992.8,2938.85,2980.95,596300,2559.22,2764.36,2523.4,2992.8,2978.95,58.0,72.51,1,2980.95,2725.18,2725.18,2725.18,1,13,2017-01-11,0,,,,
2017-01-17,2994.2,2994.65,2930.85,2937.1,471400,2564.72,2769.54,2597.85,2994.65,2992.8,58.41,65.84,0,,2721.44,,2725.18,1,13,2017-01-11,0,,,,
2017-01-18,2943.15,3011.3,2942.05,3006.55,767500,2570.67,2776.88,2600.85,3011.3,2994.65,59.54,70.47,1,3006.55,2766.48,2766.48,2766.48,1,13,2017-01-11,0,,,,
2017-01-19,3005.6,3011.5,2976.0,3005.8,441000,2576.79,2781.44,2640.95,3011.5,3011.3,57.82,70.36,0,,2780.51,,2780.51,1,13,2017-01-11,0,,,,
2017-01-20,2996.45,3009.3,2922.05,2933.1,583400,2582.34,2783.7,2641.2,3011.5,3011.5,59.93,60.42,0,,2732.3,,2780.51,1,13,2017-01-11,0,,,,
2017-01-23,2935.35,3018.8,2933.25,3013.5,658100,2588.3,2788.89,2700.65,3018.8,3011.5,61.77,66.12,1,3013.5,2802.75,2802.75,2802.75,1,13,2017-01-11,0,,,,
2017-01-24,3023.55,3066.2,3019.3,3062.3,651000,2594.5,2796.72,2707.05,3066.2,3018.8,61.12,69.04,0,,2836.79,,2836.79,1,13,2017-01-11,0,,,,
2017-01-25,3077.7,3115.2,3072.45,3109.05,1065400,2601.02,2807.53,2730.85,3115.2,3066.2,60.53,71.56,0,,2875.27,,2875.27,1,13,2017-01-11,0,,,,
2017-01-27,3113.2,3137.4,3087.15,3109.65,865800,2607.31,2818.31,2786.65,3137.4,3115.2,59.8,71.59,0,,2894.74,,2894.74,1,13,2017-01-11,0,,,,
2017-01-30,3100.9,3122.7,3071.0,3104.6,591200,2613.59,2830.37,2790.6,3137.4,3137.4,59.22,70.87,0,,2893.19,,2894.74,1,13,2017-01-11,0,,,,
2017-01-31,3102.9,3121.05,3063.45,3072.1,748900,2619.67,2842.24,2797.0,3137.4,3137.4,59.1,66.23,0,,2874.44,,2894.74,1,13,2017-01-11,0,,,,
2017-02-01,3084.5,3155.6,3045.85,3146.8,653100,2626.19,2857.35,2853.9,3155.6,3137.4,62.72,70.94,1,3146.8,2939.17,2939.17,2939.17,1,13,2017-01-11,0,,,,
2017-02-02,3139.7,3165.85,3099.45,3147.45,720000,2633.27,2872.0,2916.95,3165.85,3155.6,62.98,70.98,0,,2960.43,,2960.43,1,13,2017-01-11,0,,,,
2017-02-03,3144.5,3170.45,3105.75,3128.7,955400,2640.15,2888.61,2922.05,3170.45,3165.85,63.11,68.21,0,,2949.96,,2960.43,1,13,2017-01-11,0,,,,
2017-02-06,3140.65,3159.4,3112.5,3119.8,496800,2646.84,2905.17,2922.05,3170.45,3170.45,61.95,66.88,0,,2944.99,,2960.43,1,13,2017-01-11,0,,,,
2017-02-07,3127.7,3151.5,3058.4,3079.55,870000,2653.09,2923.02,2922.05,3170.45,3170.45,64.17,61.08,0,,2917.54,,2960.43,1,13,2017-01-11,0,,,,
2017-02-08,3102.8,3132.85,3079.15,3106.6,593100,2659.25,2939.6,2922.05,3170.45,3170.45,63.43,63.38,0,,2935.49,,2960.43,1,13,2017-01-11,0,,,,
2017-02-09,3115.0,3127.25,3051.35,3084.65,624000,2665.16,2955.56,2922.05,3170.45,3170.45,64.32,60.27,0,,2920.74,,2960.43,1,13,2017-01-11,0,,,,
2017-02-10,3108.2,3110.85,3063.6,3075.45,618100,2670.77,2969.91,2922.05,3170.45,3170.45,63.1,58.96,0,,2915.62,,2960.43,1,13,2017-01-11,0,,,,
2017-02-13,3089.65,3116.2,3067.5,3083.05,731000,2676.39,2984.26,2933.25,3170.45,3170.45,62.07,59.74,0,,2924.94,,2960.43,1,13,2017-01-11,0,,,,
2017-02-14,3093.7,3096.3,3030.3,3055.45,638100,2681.88,2995.94,3019.3,3170.45,3170.45,62.35,55.62,0,,2935.63,,2960.43,1,13,2017-01-11,0,,,,
2017-02-15,3057.15,3078.4,2994.85,3011.25,811200,2687.13,3005.81,2994.85,3170.45,3170.45,63.86,49.71,0,,2897.96,,2960.43,1,13,2017-01-11,0,,,,
2017-02-16,3015.95,3080.05,2981.95,3075.75,832800,2692.46,3017.96,2981.95,3170.45,3170.45,66.31,56.9,0,,2933.64,,2960.43,1,13,2017-01-11,0,,,,
2017-02-17,3087.6,3093.85,3045.7,3053.6,581200,2697.15,3026.47,2981.95,3170.45,3170.45,65.01,54.04,0,,2920.21,,2960.43,1,13,2017-01-11,0,,,,
2017-02-20,3056.3,3133.45,3034.05,3116.75,1161500,2701.99,3037.1,2981.95,3170.45,3170.45,67.47,60.19,0,,2959.31,,2960.43,1,13,2017-01-11,0,,,,
2017-02-21,3128.35,3158.7,3122.3,3127.0,1119900,2706.84,3048.2,2981.95,3170.45,3170.45,65.65,61.1,0,,2967.13,,2967.13,1,13,2017-01-11,0,,,,
2017-02-22,3137.35,3137.7,3096.8,3107.15,847000,2711.43,3057.31,2981.95,3170.45,3170.45,63.88,58.32,0,,2955.51,,2967.13,1,13,2017-01-11,0,,,,
2017-02-23,3110.25,3131.3,3093.3,3120.25,1190100,2716.31,3062.83,2981.95,3170.45,3170.45,62.03,59.62,0,,2965.19,,2967.13,1,13,2017-01-11,0,,,,
2017-02-27,3121.65,3142.65,3105.3,3110.9,952900,2721.05,3067.9,2981.95,3170.45,3170.45,60.27,58.22,0,,2960.34,,2967.13,1,13,2017-01-11,0,,,,
2017-02-28,3114.45,3138.2,3109.7,3127.3,908700,2725.86,3073.74,2981.95,3170.45,3170.45,58.0,60.0,0,,2972.43,,2972.43,1,13,2017-01-11,0,,,,
2017-03-01,3142.45,3196.4,3131.6,3184.6,910900,2731.17,3080.53,2981.95,3196.4,3170.45,58.79,65.51,1,3184.6,3008.86,3008.86,3008.86,1,13,2017-01-11,0,,,,
2017-03-02,3200.2,3233.7,3155.15,3166.3,1005600,2736.09,3088.17,2981.95,3233.7,3196.4,60.2,62.55,0,,2996.11,,3008.86,1,13,2017-01-11,0,,,,
2017-03-03,3160.35,3192.95,3152.8,3187.1,803800,2741.06,3094.18,2981.95,3233.7,3233.7,58.77,64.51,0,,3010.48,,3010.48,1,13,2017-01-11,0,,,,
2017-03-06,3200.7,3216.5,3165.15,3189.4,621500,2746.06,3100.3,2981.95,3233.7,3233.7,58.24,64.73,0,,3012.32,,3012.32,1,13,2017-01-11,0,,,,
2017-03-07,3196.2,3197.3,3125.4,3133.45,626200,2750.53,3106.98,2981.95,3233.7,3233.7,59.22,55.67,0,,2975.58,,3012.32,1,13,2017-01-11,0,,,,
2017-03-08,3141.8,3143.95,3060.95,3073.4,852600,2754.75,3108.98,2981.95,3233.7,3233.7,60.91,47.92,0,,2935.72,,3012.32,1,13,2017-01-11,0,,,,
2017-03-09,3068.4,3080.25,3046.2,3052.7,895000,2758.95,3108.66,2981.95,3233.7,3233.7,59.0,45.57,0,,2923.64,,3012.32,1,13,2017-01-11,0,,,,
2017-03-10,3064.65,3077.55,3022.65,3034.65,853500,2762.79,3106.18,3022.65,3233.7,3233.7,58.7,43.56,0,,2925.76,,3012.32,1,13,2017-01-11,0,,,,
2017-03-14,3064.1,3064.8,3022.2,3032.1,793900,2766.93,3103.6,3022.2,3233.7,3233.7,57.55,43.27,0,,2924.74,,3012.32,1,13,2017-01-11,0,,,,
2017-03-15,3046.35,3057.4,3026.75,3046.5,563000,2771.16,3101.66,3022.2,3233.7,3233.7,55.63,45.48,0,,2935.3,,3012.32,1,13,2017-01-11,0,,,,
2017-03-16,3077.7,3142.85,3069.1,3135.55,1102300,2775.72,3103.77,3022.2,3233.7,3233.7,58.54,56.71,0,,2990.8,,3012.32,1,13,2017-01-11,0,,,,
2017-03-17,3158.4,3167.2,3112.85,3127.5,832500,2779.79,3103.13,3022.2,3233.7,3233.7,58.24,55.6,0,,2985.81,,3012.32,1,13,2017-01-11,0,,,,
2017-03-20,3135.9,3135.9,3095.8,3126.6,548100,2783.75,3102.44,3022.2,3233.7,3233.7,56.94,55.46,0,,2986.09,,3012.32,1,13,2017-01-11,0,,,,
2017-03-21,3131.9,3132.7,3095.15,3119.4,485900,2787.82,3102.12,3022.2,3233.7,3233.7,55.56,54.36,0,,2982.37,,3012.32,1,13,2017-01-11,0,,,,
2017-03-22,3085.7,3095.5,3061.25,3079.15,643300,2791.72,3100.77,3022.2,3233.7,3233.7,55.74,48.53,0,,2956.29,,3012.32,1,13,2017-01-11,0,,,,
2017-03-23,3096.25,3120.8,3093.8,3113.2,750500,2795.97,3101.89,3022.2,3233.7,3233.7,54.74,53.11,0,,2978.92,,3012.32,1,13,2017-01-11,0,,,,
2017-03-24,3125.7,3145.1,3117.95,3123.0,810900,2800.06,3102.44,3022.2,3233.7,3233.7,53.11,54.37,0,,2986.33,,3012.32,1,13,2017-01-11,0,,,,
2017-03-27,3109.65,3113.75,3035.0,3040.2,724200,2803.33,3100.96,3022.2,3233.7,3233.7,55.6,43.7,0,,2931.26,,3012.32,1,13,2017-01-11,0,,,,
2017-03-28,3049.9,3071.3,3048.7,3059.35,593100,2806.39,3100.42,3022.2,3233.7,3233.7,53.85,46.32,0,,2944.78,,3012.32,1,13,2017-01-11,0,,,,
2017-03-29,3058.2,3075.8,3045.4,3071.05,508300,2809.56,3100.02,3022.2,3233.7,3233.7,52.17,47.92,0,,2953.44,,3012.32,1,13,2017-01-11,0,,,,
2017-03-30,3077.55,3092.45,3051.9,3061.7,947900,2812.44,3100.23,3022.2,3233.7,3233.7,51.34,46.72,0,,2947.97,,3012.32,1,13,2017-01-11,0,,,,
2017-03-31,3071.2,3105.6,3067.6,3096.55,627500,2815.7,3103.07,3022.2,3216.5,3233.7,50.81,51.58,0,,2970.8,,3012.32,1,13,2017-01-11,0,,,,
2017-04-03,3103.7,3114.0,3093.45,3105.7,420600,2819.08,3104.07,3022.2,3216.5,3216.5,48.65,52.79,0,,2978.14,,3012.32,1,13,2017-01-11,0,,,,
2017-04-05,3123.95,3151.35,3120.3,3137.25,632200,2822.7,3106.86,3026.75,3197.3,3216.5,48.44,56.82,0,,3000.15,,3012.32,1,13,2017-01-11,0,,,,
2017-04-06,3130.55,3150.5,3093.9,3146.15,919600,2826.64,3107.84,3035.0,3167.2,3197.3,49.02,57.91,0,,3008.25,,3012.32,1,13,2017-01-11,0,,,,
2017-04-07,3138.3,3158.3,3100.75,3111.1,937900,2830.37,3107.31,3035.0,3167.2,3167.2,49.63,52.31,0,,2985.24,,3012.32,1,13,2017-01-11,0,,,,
2017-04-10,3120.85,3143.35,3110.35,3138.45,527500,2834.1,3108.35,3035.0,3167.2,3167.2,48.44,55.89,0,,3003.67,,3012.32,1,13,2017-01-11,0,,,,
2017-04-11,3114.4,3114.95,3080.15,3092.05,568900,2837.33,3107.41,3035.0,3167.2,3167.2,49.15,49.14,0,,2973.28,,3012.32,1,13,2017-01-11,0,,,,
2017-04-12,3102.6,3126.35,3067.1,3071.2,659600,2840.69,3106.09,3035.0,3167.2,3167.2,49.87,46.43,0,,2959.35,,3012.32,1,13,2017-01-11,0,,,,
2017-04-13,3059.7,3064.65,2980.1,2985.55,704600,2843.43,3101.36,2980.1,3167.2,3167.2,52.81,37.31,0,,2883.84,,3012.32,1,13,2017-01-11,1,3012.32,TRAILING_STOP,63,1.95
2017-04-17,2979.4,2985.9,2946.95,2953.35,594500,2845.98,3093.66,2946.95,3167.2,3167.2,51.82,34.57,0,,2852.68,,,0,,,0,,,,
2017-04-18,2964.05,3020.0,2895.75,2901.25,904400,2847.94,3084.82,2895.75,3158.3,3167.2,57.0,30.64,0,,2798.56,,,0,,,0,,,,
2017-04-19,2892.65,2927.35,2864.9,2915.8,950600,2849.83,3075.78,2864.9,3158.3,3158.3,57.38,32.93,0,,2797.4,,,0,,,0,,,,
2017-04-20,2931.35,2938.35,2903.05,2919.65,786500,2851.56,3066.79,2864.9,3158.3,3158.3,55.81,33.56,0,,2800.94,,,0,,,0,,,,
2017-04-21,2944.15,2945.3,2894.1,2905.25,857700,2853.55,3059.18,2864.9,3158.3,3158.3,55.48,32.34,0,,2791.87,,,0,,,0,,,,
2017-04-24,2917.35,2936.3,2893.25,2925.7,625800,2856.48,3054.25,2864.9,3158.3,3158.3,54.59,35.89,0,,2805.65,,,0,,,0,,,,
2017-04-25,2944.5,2949.3,2919.1,2945.85,646000,2859.48,3050.69,2864.9,3158.3,3158.3,52.85,39.28,0,,2819.81,,,0,,,0,,,,
2017-04-26,2957.35,2995.75,2933.55,2957.9,723600,2862.6,3048.14,2864.9,3158.3,3158.3,53.52,41.27,0,,2827.13,,,0,,,0,,,,
2017-04-27,2958.75,2963.35,2926.2,2929.85,524300,2865.79,3044.73,2864.9,3158.3,3158.3,52.35,38.13,0,,2809.82,,,0,,,0,,,,
2017-04-28,2931.6,3016.15,2921.9,2974.4,949700,2869.05,3042.32,2864.9,3158.3,3158.3,55.34,45.26,0,,2836.56,,,0,,,0,,,,
2017-05-02,2994.15,3010.25,2947.75,2957.35,582800,2872.13,3036.38,2864.9,3158.3,3158.3,55.85,43.21,0,,2825.22,,,0,,,0,,,,
2017-05-03,2971.45,2982.55,2932.45,2950.85,620500,2875.06,3030.5,2864.9,3158.3,3158.3,55.44,42.42,0,,2821.3,,,0,,,0,,,,
2017-05-04,2970.35,2972.85,2907.15,2927.55,773600,2877.64,3023.86,2864.9,3158.3,3158.3,56.17,39.62,0,,2805.79,,,0,,,0,,,,
2017-05-05,2920.65,2922.3,2836.75,2856.7,978300,2879.73,3015.1,2836.75,3158.3,3158.3,58.65,32.59,0,,2749.06,,,0,,,0,,,,
2017-05-08,2871.25,2873.75,2829.1,2854.35,724200,2881.83,3007.61,2829.1,3158.3,3158.3,57.65,32.38,0,,2745.66,,,0,,,0,,,,
2017-05-09,2857.7,2899.15,2850.9,2876.45,629700,2884.19,2999.72,2829.1,3143.35,3158.3,56.98,36.44,0,,2760.36,,,0,,,0,,,,
2017-05-10,2888.35,2904.35,2878.4,2899.1,461600,2886.32,2992.26,2829.1,3126.35,3143.35,54.9,40.39,0,,2776.35,,,0,,,0,,,,
2017-05-11,2929.05,2947.4,2911.55,2915.35,775600,2889.16,2988.09,2829.1,3126.35,3126.35,54.43,43.11,0,,2787.15,,,0,,,0,,,,
2017-05-12,2925.55,2935.9,2889.1,2912.05,603600,2891.76,2983.18,2829.1,3064.65,3126.35,53.88,42.69,0,,2785.38,,,0,,,0,,,,
2017-05-15,2925.0,2981.95,2923.2,2978.5,769200,2894.38,2980.1,2829.1,3020.0,3064.65,55.03,52.83,0,,2827.48,,,0,,,0,,,,
2017-05-16,3003.45,3004.25,2958.95,2964.1,745400,2896.71,2976.84,2829.1,3020.0,3020.0,54.33,50.73,0,,2818.66,,,0,,,0,,,,
2017-05-17,2982.6,3042.25,2977.95,3030.65,1282600,2899.35,2974.65,2829.1,3042.25,3020.0,56.03,58.85,0,,2860.45,,,0,,,0,,,,
2017-05-18,3004.3,3019.9,2939.8,2947.05,829900,2901.39,2969.36,2829.1,3042.25,3042.25,58.52,48.12,0,,2804.87,,,0,,,0,,,,
2017-05-19,2969.5,2995.8,2902.6,2943.2,716300,2903.24,2962.89,2829.1,3042.25,3042.25,61.0,47.69,0,,2800.73,,,0,,,0,,,,
2017-05-22,2962.25,2977.5,2920.75,2926.3,550300,2904.68,2955.56,2829.1,3042.25,3042.25,60.69,45.75,0,,2790.03,,,0,,,0,,,,
2017-05-23,2933.9,2947.55,2853.7,2913.9,1078100,2906.39,2948.99,2829.1,3042.25,3042.25,63.06,44.33,0,,2780.46,,,0,,,0,,,,
2017-05-24,2920.2,2926.55,2841.15,2848.1,730300,2907.76,2939.31,2829.1,3042.25,3042.25,64.66,37.64,0,,2736.95,,,0,,,0,,,,
2017-05-25,2861.95,2908.45,2843.6,2899.8,1026700,2909.68,2932.9,2829.1,3042.25,3042.25,64.67,44.7,0,,2770.29,,,0,,,0,,,,
2017-05-26,2903.85,3022.9,2899.6,2997.75,1144200,2911.91,2930.46,2829.1,3042.25,3042.25,68.86,55.08,0,,2830.68,,,0,,,0,,,,
2017-05-29,3009.85,3050.05,2979.9,2988.75,690300,2914.04,2930.56,2841.15,3050.05,3042.25,68.95,54.08,0,,2828.83,,,0,,,0,,,,
2017-05-30,2969.6,3024.4,2959.6,2998.75,777800,2915.98,2932.08,2841.15,3050.05,3050.05,68.66,55.06,0,,2835.47,,,0,,,0,,,,
2017-05-31,2998.45,3022.0,2946.2,2952.95,890600,2917.74,2933.8,2841.15,3050.05,3050.05,69.17,49.81,0,,2805.59,,,0,,,0,,,,
2017-06-01,2957.95,2965.45,2914.45,2926.95,570400,2919.32,2934.17,2841.15,3050.05,3050.05,67.87,47.07,0,,2789.69,,,0,,,0,,,,
2017-06-02,2942.15,2956.3,2907.6,2923.35,554200,2920.94,2934.29,2841.15,3050.05,3050.05,66.5,46.69,0,,2788.28,,,0,,,0,,,,
2017-06-05,2927.85,2946.55,2894.0,2905.95,471500,2922.71,2934.32,2841.15,3050.05,3050.05,65.5,44.79,0,,2777.72,,,0,,,0,,,,
2017-06-06,2910.4,2919.15,2887.7,2896.4,396300,2924.55,2933.34,2841.15,3050.05,3050.05,63.07,43.74,0,,2773.18,,,0,,,0,,,,
2017-06-07,2917.4,2928.7,2907.4,2924.85,447900,2926.2,2932.64,2841.15,3050.05,3050.05,60.87,47.68,0,,2793.0,,,0,,,0,,,,
2017-06-08,2947.1,2975.4,2944.4,2950.7,710800,2927.33,2932.4,2841.15,3050.05,3050.05,60.13,51.03,0,,2810.16,,,0,,,0,,,,
2017-06-09,2955.65,3004.45,2939.45,2997.7,617000,2928.93,2934.66,2841.15,3050.05,3050.05,60.48,56.49,0,,2840.24,,,0,,,0,,,,
2017-06-12,2991.25,3022.45,2973.7,2986.95,493200,2930.59,2935.08,2841.15,3050.05,3050.05,59.64,54.98,0,,2833.87,,,0,,,0,,,,
2017-06-13,2986.6,2998.75,2959.35,2963.85,427500,2932.52,2935.3,2841.15,3050.05,3050.05,58.2,51.78,0,,2819.93,,,0,,,0,,,,
2017-06-14,2965.25,2965.65,2924.1,2943.7,508800,2933.96,2935.06,2843.6,3050.05,3050.05,57.01,49.09,0,,2808.55,,,0,,,0,,,,
2017-06-15,2931.05,2954.4,2921.45,2932.45,499700,2935.25,2935.22,2887.7,3050.05,3050.05,55.29,47.61,0,,2817.14,,,0,,,0,,,,
2017-06-16,2935.15,2953.95,2925.6,2931.05,503700,2936.78,2937.7,2887.7,3050.05,3050.05,53.37,47.41,0,,2817.52,,,0,,,0,,,,
2017-06-19,2954.3,2986.0,2938.95,2982.4,571400,2937.53,2941.97,2887.7,3050.05,3050.05,53.48,54.65,0,,2850.56,,,0,,,0,,,,
2017-06-20,2996.8,2997.45,2974.65,2988.7,481700,2938.72,2945.71,2887.7,3050.05,3050.05,51.29,55.46,0,,2856.09,,,0,,,0,,,,
2017-06-21,2978.3,2983.25,2947.4,2953.55,575400,2940.62,2947.52,2887.7,3050.05,3050.05,50.57,50.09,0,,2833.89,,,0,,,0,,,,
2017-06-22,2963.2,2974.05,2903.15,2912.65,669400,2942.4,2947.44,2887.7,3050.05,3050.05,52.03,44.66,0,,2806.54,,,0,,,0,,,,
2017-06-23,2913.05,2913.05,2856.55,2892.4,650200,2943.93,2946.78,2856.55,3050.05,3050.05,52.35,42.23,0,,2782.88,,,0,,,0,,,,
2017-06-27,2903.15,2906.95,2861.85,2885.0,382700,2945.66,2943.66,2856.55,3024.4,3050.05,51.83,41.34,0,,2778.46,,,0,,,0,,,,
2017-06-28,2890.3,2938.55,2878.1,2931.75,526700,2948.29,2942.58,2856.55,3022.45,3024.4,52.44,48.68,0,,2808.2,,,0,,,0,,,,
2017-06-29,2954.15,2999.8,2951.75,2991.2,704100,2950.83,2941.27,2856.55,3022.45,3022.45,53.56,56.19,0,,2845.8,,,0,,,0,,,,
2017-06-30,2987.9,3011.15,2964.7,2991.35,567600,2952.92,2942.75,2856.55,3022.45,3022.45,53.05,56.21,0,,2846.24,,,0,,,0,,,,
2017-07-03,2999.45,3051.45,2995.6,3046.3,593500,2955.16,2946.18,2856.55,3051.45,3022.45,53.55,62.14,1,3046.3,2881.34,2881.34,2881.34,1,14,2017-07-03,0,,,,
2017-07-04,3058.6,3079.65,3037.25,3050.15,624800,2957.11,2950.31,2856.55,3079.65,3051.45,52.76,62.52,0,,2884.36,,2884.36,1,14,2017-07-03,0,,,,
2017-07-05,3052.65,3086.55,3046.2,3082.85,544800,2959.1,2955.94,2856.55,3086.55,3079.65,51.87,65.7,1,3082.85,2906.04,2906.04,2906.04,1,14,2017-07-03,0,,,,
2017-07-06,3083.15,3107.0,3078.15,3094.25,587200,2961.21,2964.15,2856.55,3107.0,3086.55,50.23,66.76,0,,2914.49,,2914.49,1,14,2017-07-03,0,,,,
2017-07-07,3081.45,3109.25,3078.3,3087.75,586300,2963.14,2970.41,2856.55,3109.25,3107.0,48.85,65.52,0,,2911.22,,2914.49,1,14,2017-07-03,0,,,,
2017-07-10,3104.15,3139.65,3046.8,3129.9,132300,2965.68,2974.82,2856.55,3139.65,3109.25,51.99,69.48,1,3129.9,2936.31,2936.31,2936.31,1,14,2017-07-03,0,,,,
2017-07-11,3140.75,3149.05,3110.85,3114.85,675600,2968.33,2979.02,2856.55,3149.05,3139.65,51.01,66.54,0,,2927.26,,2936.31,1,14,2017-07-03,0,,,,
2017-07-12,3130.15,3135.9,3108.5,3126.55,488000,2970.78,2983.28,2856.55,3149.05,3149.05,49.32,67.68,0,,2935.93,,2936.31,1,14,2017-07-03,0,,,,
2017-07-13,3144.75,3157.55,3107.7,3153.25,581900,2973.26,2989.96,2856.55,3157.55,3149.05,49.36,70.19,1,3153.25,2953.12,2953.12,2953.12,1,14,2017-07-03,0,,,,
2017-07-14,3161.45,3163.95,3127.2,3140.05,569400,2975.61,2997.06,2856.55,3163.95,3157.55,48.46,67.41,0,,2945.21,,2953.12,1,14,2017-07-03,0,,,,
2017-07-17,3155.2,3175.15,3144.3,3170.15,525600,2977.62,3005.29,2861.85,3175.15,3163.95,47.5,70.3,1,3170.15,2967.03,2967.03,2967.03,1,14,2017-07-03,0,,,,
2017-07-18,3165.4,3188.65,3152.3,3164.75,467900,2979.62,3013.92,2878.1,3188.65,3175.15,46.71,69.11,0,,2969.49,,2969.49,1,14,2017-07-03,0,,,,
2017-07-19,3169.9,3232.4,3168.5,3226.2,552300,2982.08,3024.91,2951.75,3232.4,3188.65,48.2,74.4,1,3226.2,3032.68,3032.68,3032.68,1,14,2017-07-03,0,,,,
2017-07-20,3217.85,3220.35,3187.6,3196.4,476500,2984.53,3033.96,2964.7,3232.4,3232.4,47.52,68.3,0,,3018.23,,3032.68,1,14,2017-07-03,0,,,,
2017-07-21,3200.95,3212.6,3147.5,3203.15,582900,2987.32,3042.38,2995.6,3232.4,3232.4,48.77,68.92,0,,3032.05,,3032.68,1,14,2017-07-03,0,,,,
2017-07-24,3204.25,3211.95,3178.8,3187.5,446400,2990.0,3048.7,3037.25,3232.4,3232.4,47.66,65.7,0,,3036.58,,3036.58,1,14,2017-07-03,0,,,,
2017-07-25,3194.5,3234.15,3187.95,3227.55,497500,2993.23,3056.72,3046.2,3234.15,3232.4,47.59,69.61,0,,3065.45,,3065.45,1,14,2017-07-03,0,,,,
2017-07-26,3251.85,3288.1,3248.2,3283.25,875900,2997.01,3067.37,3046.8,3288.1,3234.15,48.51,74.04,1,3283.25,3100.96,3100.96,3100.96,1,14,2017-07-03,0,,,,
2017-07-27,3291.8,3298.15,3243.5,3250.35,698700,3000.72,3077.59,3046.8,3298.15,3288.1,48.95,67.76,0,,3079.44,,3100.96,1,14,2017-07-03,0,,,,
2017-07-28,3230.55,3236.15,3184.8,3207.15,369800,3004.05,3086.75,3046.8,3298.15,3298.15,50.14,60.49,0,,3050.79,,3100.96,1,14,2017-07-03,0,,,,
2017-07-31,3217.75,3267.3,3216.85,3259.95,581600,3008.25,3097.71,3107.7,3298.15,3298.15,50.85,65.38,0,,3104.67,,3104.67,1,14,2017-07-03,0,,,,
2017-08-01,3274.75,3297.1,3273.2,3290.75,487000,3012.7,3107.99,3107.7,3298.15,3298.15,49.87,67.87,0,,3125.19,,3125.19,1,14,2017-07-03,0,,,,
2017-08-02,3291.8,3293.15,3253.9,3284.1,499500,3017.64,3117.84,3107.7,3298.15,3298.15,49.11,66.75,0,,3121.4,,3125.19,1,14,2017-07-03,0,,,,
2017-08-03,3281.65,3281.65,3212.25,3221.5,770900,3021.72,3126.77,3127.2,3298.15,3298.15,50.74,57.2,0,,3086.44,,3125.19,1,14,2017-07-03,0,,,,
2017-08-04,3213.4,3310.25,3210.55,3302.0,653900,3026.36,3139.75,3144.3,3310.25,3298.15,54.24,64.28,1,3302.0,3141.73,3141.73,3141.73,1,14,2017-07-03,0,,,,
2017-08-07,3319.25,3346.15,3312.9,3341.05,531700,3031.0,3154.7,3147.5,3346.15,3310.25,53.51,67.12,0,,3168.47,,3168.47,1,14,2017-07-03,0,,,,
2017-08-08,3371.2,3439.85,3369.9,3390.2,1216900,3035.92,3171.54,3147.5,3439.85,3346.15,56.75,70.32,0,,3198.01,,3198.01,1,14,2017-07-03,0,,,,
2017-08-09,3397.85,3435.85,3371.9,3383.4,733100,3040.44,3186.6,3147.5,3439.85,3439.85,57.26,69.32,0,,3193.28,,3198.01,1,14,2017-07-03,0,,,,
2017-08-10,3374.05,3403.95,3288.4,3328.65,828000,3044.53,3197.84,3147.5,3439.85,3439.85,61.43,61.67,0,,3155.19,,3198.01,1,14,2017-07-03,0,,,,
2017-08-11,3286.1,3311.3,3193.65,3216.6,915400,3047.9,3205.35,3178.8,3439.85,3439.85,66.68,49.61,0,,3089.85,,3198.01,1,14,2017-07-03,1,3198.01,TRAILING_STOP,30,4.98
2017-08-14,3257.35,3339.85,3251.2,3326.6,656500,3051.42,3214.7,3184.8,3439.85,3439.85,70.72,58.24,0,,3160.11,,,0,,,0,,,,
2017-08-16,3343.0,3390.2,3311.8,3383.95,732600,3055.33,3225.82,3184.8,3439.85,3439.85,71.27,61.91,0,,3196.73,,,0,,,0,,,,
2017-08-17,3405.65,3457.8,3400.15,3409.15,863600,3059.43,3236.7,3184.8,3457.8,3439.85,71.46,63.43,0,,3212.86,,,0,,,0,,,,
2017-08-18,3377.45,3407.55,3363.1,3384.65,568600,3063.1,3246.38,3184.8,3457.8,3457.8,69.64,60.89,0,,3198.27,,,0,,,0,,,,
2017-08-21,3419.65,3455.15,3327.65,3337.6,535800,3065.65,3254.71,3193.65,3457.8,3457.8,73.77,56.23,0,,3168.12,,,0,,,0,,,,
2017-08-22,3373.8,3392.0,3327.35,3340.2,538300,3068.2,3261.72,3193.65,3457.8,3457.8,73.12,56.42,0,,3170.23,,,0,,,0,,,,
2017-08-23,3366.25,3402.4,3329.45,3397.6,452500,3071.17,3271.14,3193.65,3457.8,3457.8,73.11,60.66,0,,3207.26,,,0,,,0,,,,
2017-08-24,3411.65,3427.55,3389.45,3414.05,524700,3074.05,3280.72,3193.65,3457.8,3457.8,70.61,61.81,0,,3219.54,,,0,,,0,,,,
2017-08-28,3425.0,3434.45,3408.9,3426.45,396300,3077.32,3289.83,3193.65,3457.8,3457.8,67.39,62.69,0,,3229.68,,,0,,,0,,,,
2017-08-29,3426.9,3443.25,3378.05,3388.55,482300,3079.86,3298.12,3193.65,3457.8,3457.8,67.23,58.26,0,,3205.34,,,0,,,0,,,,
2017-08-30,3421.7,3483.8,3419.6,3478.2,549900,3083.01,3308.38,3193.65,3483.8,3457.8,69.24,64.63,1,3478.2,3261.83,3261.83,3261.83,1,15,2017-08-30,0,,,,
2017-08-31,3480.1,3482.75,3442.95,3474.85,931500,3086.62,3318.72,3193.65,3483.8,3483.8,67.13,64.24,0,,3261.07,,3261.83,1,15,2017-08-30,0,,,,
2017-09-01,3491.9,3545.2,3487.8,3542.5,635800,3090.15,3329.26,3193.65,3545.2,3483.8,67.36,68.43,1,3542.5,3304.55,3304.55,3304.55,1,15,2017-08-30,0,,,,
2017-09-04,3550.2,3571.25,3486.35,3547.6,620000,3093.38,3340.97,3193.65,3571.25,3545.2,68.62,68.73,0,,3307.01,,3307.01,1,15,2017-08-30,0,,,,
2017-09-05,3562.55,3584.95,3540.35,3578.15,414800,3096.51,3353.47,3251.2,3584.95,3571.25,66.9,70.52,0,,3347.04,,3347.04,1,15,2017-08-30,0,,,,
2017-09-06,3542.7,3611.7,3539.8,3604.9,463700,3099.81,3367.38,3311.8,3611.7,3584.95,67.26,72.03,0,,3384.26,,3384.26,1,15,2017-08-30,0,,,,
2017-09-07,3629.75,3654.8,3602.5,3646.4,781700,3103.43,3381.34,3327.35,3654.8,3611.7,66.19,74.24,0,,3416.92,,3416.92,1,15,2017-08-30,0,,,,
2017-09-08,3661.4,3702.8,3632.65,3652.95,815500,3107.3,3393.67,3327.35,3702.8,3654.8,66.47,74.58,0,,3420.96,,3420.96,1,15,2017-08-30,0,,,,
2017-09-11,3658.25,3695.5,3638.65,3675.0,478900,3110.82,3407.82,3327.35,3702.8,3702.8,65.78,75.74,0,,3435.64,,3435.64,1,15,2017-08-30,0,,,,
2017-09-12,3696.65,3738.65,3693.8,3711.05,501600,3114.58,3424.62,3327.35,3738.65,3702.8,65.63,77.55,1,3711.05,3458.99,3458.99,3458.99,1,15,2017-08-30,0,,,,
2017-09-13,3708.3,3723.85,3659.1,3671.15,458700,3118.19,3438.33,3329.45,3738.65,3738.65,65.57,71.22,0,,3434.0,,3458.99,1,15,2017-08-30,0,,,,
2017-09-14,3673.6,3705.2,3627.0,3650.4,518500,3121.73,3450.32,3378.05,3738.65,3738.65,66.47,68.11,0,,3436.21,,3458.99,1,15,2017-08-30,0,,,,
2017-09-15,3632.65,3670.5,3606.25,3663.3,754700,3125.62,3462.96,3378.05,3738.65,3738.65,66.31,69.01,0,,3444.64,,3458.99,1,15,2017-08-30,0,,,,
2017-09-18,3672.6,3700.15,3666.5,3689.75,464100,3129.51,3478.56,3378.05,3738.65,3738.65,64.21,70.84,0,,3463.1,,3463.1,1,15,2017-08-30,0,,,,
2017-09-19,3690.15,3698.3,3653.35,3663.2,430400,3133.37,3490.6,3419.6,3738.65,3738.65,62.83,66.59,0,,3460.74,,3463.1,1,15,2017-08-30,0,,,,
2017-09-20,3670.65,3688.25,3642.05,3660.55,604800,3137.27,3501.25,3442.95,3738.65,3738.65,61.64,66.16,0,,3467.61,,3467.61,1,15,2017-08-30,0,,,,
2017-09-21,3669.6,3679.25,3579.7,3638.8,557000,3140.97,3509.54,3486.35,3738.65,3738.65,64.35,62.61,0,,3466.24,,3467.61,1,15,2017-08-30,0,,,,
2017-09-22,3618.9,3618.9,3479.0,3491.8,758100,3143.88,3513.15,3479.0,3738.65,3738.65,71.17,45.03,0,,3364.43,,3467.61,1,15,2017-08-30,0,,,,
2017-09-25,3494.8,3500.85,3366.15,3450.1,686800,3146.81,3517.2,3366.15,3738.65,3738.65,75.71,41.47,0,,3296.89,,3467.61,1,15,2017-08-30,1,3467.61,TRAILING_STOP,19,-0.3
2017-09-26,3459.6,3541.0,3447.6,3533.05,529800,3149.86,3527.75,3366.15,3738.65,3738.65,76.97,49.94,0,,3349.55,,,0,,,0,,,,
2017-09-27,3548.25,3549.45,3453.05,3477.2,531400,3152.68,3532.77,3366.15,3738.65,3738.65,78.36,45.2,0,,3312.6,,,0,,,0,,,,
2017-09-28,3483.6,3523.9,3457.55,3501.55,826900,3155.24,3536.69,3366.15,3738.65,3738.65,77.5,47.54,0,,3328.88,,,0,,,0,,,,
2017-09-29,3525.35,3569.95,3520.8,3550.3,511300,3158.07,3541.4,3366.15,3738.65,3738.65,76.85,51.96,0,,3360.76,,,0,,,0,,,,
2017-10-03,3586.8,3610.25,3564.6,3593.6,506100,3161.31,3548.36,3366.15,3738.65,3738.65,75.64,55.55,0,,3389.49,,,0,,,0,,,,
2017-10-04,3592.35,3601.55,3572.9,3588.1,381600,3164.43,3556.71,3366.15,3738.65,3738.65,72.29,54.99,0,,3388.18,,,0,,,0,,,,
2017-10-05,3590.85,3616.0,3584.35,3598.4,356000,3167.68,3565.32,3366.15,3738.65,3738.65,69.38,55.88,0,,3396.76,,,0,,,0,,,,
2017-10-06,3614.85,3719.2,3614.4,3711.5,752000,3171.57,3575.78,3366.15,3738.65,3738.65,73.06,64.31,0,,3467.26,,,0,,,0,,,,
2017-10-09,3713.85,3747.9,3698.75,3717.85,574100,3175.13,3585.91,3366.15,3747.9,3738.65,71.35,64.72,0,,3472.5,,,0,,,0,,,,
2017-10-10,3737.75,3749.5,3691.55,3721.55,546400,3178.83,3595.74,3366.15,3749.5,3747.9,70.39,64.97,0,,3475.52,,,0,,,0,,,,
2017-10-11,3737.05,3750.6,3637.35,3668.45,777200,3182.04,3605.07,3366.15,3750.6,3749.5,73.45,58.53,0,,3439.23,,,0,,,0,,,,
2017-10-12,3681.25,3748.65,3661.05,3741.45,990100,3185.72,3613.85,3366.15,3750.6,3750.6,74.46,63.84,0,,3485.64,,,0,,,0,,,,
2017-10-13,3759.9,3808.1,3753.6,3784.55,763700,3190.06,3624.17,3366.15,3808.1,3750.6,73.91,66.56,1,3784.55,3513.81,3513.81,3513.81,1,16,2017-10-13,0,,,,
2017-10-16,3804.75,3860.25,3804.15,3855.45,707700,3195.27,3634.6,3366.15,3860.25,3808.1,74.03,70.49,0,,3559.46,,3559.46,1,16,2017-10-13,0,,,,
2017-10-17,3861.55,3875.35,3835.9,3868.15,607900,3200.71,3645.29,3447.6,3875.35,3860.25,71.56,71.14,0,,3596.45,,3596.45,1,16,2017-10-13,0,,,,
2017-10-18,3877.75,3885.0,3842.85,3853.7,525400,3206.17,3654.47,3453.05,3885.0,3875.35,69.46,69.26,0,,3590.34,,3596.45,1,16,2017-10-13,0,,,,
2017-10-19,3853.9,3854.0,3808.05,3819.9,106600,3211.42,3661.64,3457.55,3885.0,3885.0,67.78,64.93,0,,3571.16,,3596.45,1,16,2017-10-13,0,,,,
2017-10-23,3830.7,3871.7,3823.05,3843.2,683400,3216.73,3668.2,3520.8,3885.0,3885.0,66.64,66.49,0,,3608.04,,3608.04,1,16,2017-10-13,0,,,,
2017-10-24,3848.95,3904.5,3844.85,3858.3,651400,3221.55,3675.04,3564.6,3904.5,3885.0,66.26,67.49,0,,3632.63,,3632.63,1,16,2017-10-13,0,,,,
2017-10-25,3887.8,3897.35,3825.45,3872.55,752200,3226.52,3681.63,3572.9,3904.5,3904.5,66.66,68.46,0,,3644.32,,3644.32,1,16,2017-10-13,0,,,,
2017-10-26,3882.35,3960.2,3875.4,3951.95,1448100,3232.02,3689.66,3584.35,3960.2,3904.5,68.16,73.21,1,3951.95,3698.35,3698.35,3698.35,1,16,2017-10-13,0,,,,
2017-10-27,3974.35,3982.45,3930.9,3945.3,1186400,3237.53,3698.8,3614.4,3982.45,3960.2,66.98,72.23,0,,3704.87,,3704.87,1,16,2017-10-13,0,,,,
2017-10-30,3959.0,3984.55,3936.0,3944.05,598700,3243.29,3708.59,3637.35,3984.55,3982.45,65.66,72.04,0,,3712.59,,3712.59,1,16,2017-10-13,0,,,,
2017-10-31,3941.0,3951.2,3853.7,3876.55,797600,3248.38,3715.7,3637.35,3984.55,3984.55,67.93,62.23,0,,3667.54,,3712.59,1,16,2017-10-13,0,,,,
2017-11-01,3913.35,3952.95,3901.05,3946.4,971300,3253.87,3724.25,3637.35,3984.55,3984.55,68.54,67.21,0,,3712.19,,3712.59,1,16,2017-10-13,0,,,,
2017-11-02,3950.6,3950.95,3909.45,3941.0,935600,3259.88,3733.51,3661.05,3984.55,3984.55,66.61,66.48,0,,3717.89,,3717.89,1,16,2017-10-13,0,,,,
2017-11-03,3969.1,3979.75,3917.6,3938.4,1068500,3265.74,3742.77,3753.6,3984.55,3984.55,66.29,66.1,0,,3747.28,,3747.28,1,16,2017-10-13,0,,,,
2017-11-06,3926.3,3972.6,3892.7,3951.75,1278400,3271.61,3753.2,3804.15,3984.55,3984.55,67.26,67.12,0,,3772.09,,3772.09,1,16,2017-10-13,0,,,,
2017-11-07,3977.6,3979.95,3863.8,3885.55,1059500,3277.1,3766.33,3808.05,3984.55,3984.55,70.75,57.85,0,,3728.36,,3772.09,1,16,2017-10-13,0,,,,
2017-11-08,3890.9,3910.35,3806.2,3832.0,841300,3282.0,3779.06,3806.2,3984.55,3984.55,73.14,51.64,0,,3691.61,,3772.09,1,16,2017-10-13,0,,,,
2017-11-09,3857.8,3871.0,3802.55,3849.75,632500,3286.96,3789.62,3802.55,3984.55,3984.55,72.8,53.43,0,,3702.07,,3772.09,1,16,2017-10-13,0,,,,
2017-11-10,3839.4,3893.55,3814.8,3865.7,745500,3291.82,3802.56,3802.55,3984.55,3984.55,73.23,55.03,0,,3712.07,,3772.09,1,16,2017-10-13,0,,,,
2017-11-13,3855.55,3860.3,3785.05,3792.5,697400,3296.13,3812.26,3785.05,3984.55,3984.55,73.76,47.02,0,,3658.67,,3772.09,1,16,2017-10-13,0,,,,
2017-11-14,3790.25,3821.1,3766.1,3772.75,508700,3300.54,3819.68,3766.1,3984.55,3984.55,72.42,45.11,0,,3640.51,,3772.09,1,16,2017-10-13,1,3772.09,TRAILING_STOP,22,-0.33
2017-11-15,3750.3,3750.35,3641.25,3660.95,713500,3304.02,3821.92,3641.25,3984.55,3984.55,76.64,36.16,0,,3523.97,,,0,,,0,,,,
2017-11-16,3679.55,3708.65,3647.6,3697.85,583400,3308.06,3825.58,3641.25,3984.55,3984.55,75.53,40.37,0,,3548.51,,,0,,,0,,,,
2017-11-17,3735.2,3801.85,3734.8,3767.85,691300,3312.71,3831.23,3641.25,3984.55,3984.55,77.56,47.44,0,,3592.31,,,0,,,0,,,,
2017-11-20,3767.2,3824.3,3727.95,3817.25,710500,3318.25,3834.76,3641.25,3984.55,3984.55,78.9,51.79,0,,3623.28,,,0,,,0,,,,
2017-11-21,3837.15,3855.05,3803.05,3822.4,693200,3324.05,3838.24,3641.25,3984.55,3984.55,76.98,52.23,0,,3627.88,,,0,,,0,,,,
2017-11-22,3840.0,3845.1,3785.25,3797.25,433900,3330.02,3840.76,3641.25,3984.55,3984.55,75.76,49.82,0,,3612.47,,,0,,,0,,,,
2017-11-23,3800.4,3830.95,3749.15,3787.4,554100,3335.83,3844.73,3641.25,3984.55,3984.55,76.19,48.87,0,,3605.83,,,0,,,0,,,,
2017-11-24,3790.05,3790.15,3752.65,3765.9,374600,3341.47,3845.54,3641.25,3984.55,3984.55,73.42,46.77,0,,3593.81,,,0,,,0,,,,
2017-11-27,3752.95,3765.9,3723.85,3739.75,429400,3347.03,3844.05,3641.25,3979.95,3984.55,71.18,44.28,0,,3578.43,,,0,,,0,,,,
2017-11-28,3738.4,3778.45,3718.4,3735.85,857300,3352.44,3840.06,3641.25,3979.95,3979.95,70.39,43.9,0,,3576.45,,,0,,,0,,,,
2017-11-29,3743.45,3756.8,3712.2,3721.9,574600,3357.61,3835.19,3641.25,3979.95,3979.95,68.55,42.51,0,,3568.68,,,0,,,0,,,,
2017-11-30,3701.6,3718.65,3668.6,3678.35,925400,3362.41,3829.34,3641.25,3979.95,3979.95,67.46,38.43,0,,3541.31,,,0,,,0,,,,
2017-12-01,3693.3,3700.55,3610.5,3617.9,792000,3367.0,3822.61,3610.5,3979.95,3979.95,69.07,33.6,0,,3491.0,,,0,,,0,,,,
2017-12-04,3637.95,3661.65,3606.3,3630.75,500800,3371.38,3815.53,3606.3,3979.95,3979.95,68.09,35.46,0,,3498.54,,,0,,,0,,,,
2017-12-05,3622.85,3623.9,3571.8,3601.15,527000,3375.67,3806.96,3571.8,3910.35,3979.95,67.44,33.16,0,,3468.38,,,0,,,0,,,,
2017-12-06,3556.85,3559.3,3521.45,3530.75,594700,3379.53,3795.56,3521.45,3893.55,3910.35,68.31,28.43,0,,3405.61,,,0,,,0,,,,
2017-12-07,3538.3,3601.5,3530.45,3594.9,474600,3383.98,3783.66,3521.45,3893.55,3893.55,68.51,37.21,0,,3446.85,,,0,,,0,,,,
2017-12-08,3617.3,3680.7,3607.8,3643.5,757900,3389.23,3773.6,3521.45,3860.3,3893.55,69.74,42.92,0,,3477.38,,,0,,,0,,,,
2017-12-11,3656.55,3669.45,3620.6,3649.75,419000,3394.53,3763.79,3521.45,3855.05,3860.3,68.25,43.63,0,,3482.4,,,0,,,0,,,,
2017-12-12,3649.7,3699.1,3613.25,3619.3,483700,3399.48,3755.22,3521.45,3855.05,3855.05,69.51,40.96,0,,3461.93,,,0,,,0,,,,
2017-12-13,3624.9,3626.9,3542.5,3563.3,624800,3403.91,3742.45,3521.45,3855.05,3855.05,70.57,36.53,0,,3425.1,,,0,,,0,,,,
2017-12-14,3579.35,3590.3,3526.3,3570.95,489800,3408.28,3730.11,3521.45,3855.05,3855.05,70.1,37.52,0,,3430.34,,,0,,,0,,,,
2017-12-15,3625.4,3672.9,3622.85,3665.9,707800,3413.31,3721.03,3521.45,3855.05,3855.05,72.38,48.34,0,,3490.07,,,0,,,0,,,,
2017-12-18,3638.75,3778.6,3552.8,3726.9,848800,3418.3,3713.53,3521.45,3855.05,3855.05,83.34,53.87,0,,3522.11,,,0,,,0,,,,
2017-12-19,3752.8,3789.6,3745.0,3781.3,686300,3423.74,3710.06,3521.45,3845.1,3855.05,81.86,58.17,0,,3558.18,,,0,,,0,,,,
2017-12-20,3803.8,3832.75,3763.95,3806.4,927200,3428.92,3709.21,3521.45,3832.75,3845.1,80.93,60.02,0,,3574.99,,,0,,,0,,,,
2017-12-21,3821.2,3846.4,3813.6,3839.85,670400,3434.87,3708.88,3521.45,3846.4,3832.75,78.01,62.41,1,3839.85,3598.52,3598.52,3598.52,1,17,2017-12-21,0,,,,
2017-12-22,3850.45,3852.35,3818.35,3839.3,569600,3440.84,3708.0,3521.45,3852.35,3846.4,74.86,62.34,0,,3600.26,,3600.26,1,17,2017-12-21,0,,,,
2017-12-26,3858.45,3891.95,3853.8,3885.8,853100,3447.24,3711.11,3521.45,3891.95,3852.35,73.28,65.65,1,3885.8,3631.31,3631.31,3631.31,1,17,2017-12-21,0,,,,
2017-12-27,3890.7,3909.1,3855.1,3879.4,926700,3453.68,3714.66,3521.45,3909.1,3891.95,71.9,64.8,0,,3628.1,,3631.31,1,17,2017-12-21,0,,,,
2017-12-28,3894.15,3976.3,3894.15,3959.95,1450200,3461.09,3724.63,3526.3,3976.3,3909.1,73.68,70.02,1,3959.95,3680.48,3680.48,3680.48,1,17,2017-12-21,0,,,,
2017-12-29,3974.5,3985.5,3916.05,3940.15,588500,3468.02,3732.7,3526.3,3985.5,3976.3,73.38,67.38,0,,3667.91,,3680.48,1,17,2017-12-21,0,,,,
2018-01-01,3942.65,3980.7,3908.8,3919.2,539800,3474.17,3737.75,3526.3,3985.5,3985.5,73.28,64.6,0,,3654.47,,3680.48,1,17,2017-12-21,0,,,,
2018-01-02,3942.7,3947.65,3874.85,3942.85,680800,3480.53,3741.94,3526.3,3985.5,3985.5,73.24,66.29,0,,3669.74,,3680.48,1,17,2017-12-21,0,,,,
2018-01-03,3965.7,4015.45,3964.85,4000.2,913200,3487.2,3747.86,3526.3,4015.45,3985.5,73.2,70.03,1,4000.2,3706.76,3706.76,3706.76,1,17,2017-12-21,0,,,,
2018-01-04,4018.3,4123.85,3990.95,4112.0,1348600,3494.93,3758.35,3526.3,4123.85,4015.45,77.46,75.69,0,,3776.03,,3776.03,1,17,2017-12-21,0,,,,
2018-01-05,4130.95,4181.65,4119.7,4130.4,1010200,3502.95,3769.79,3552.8,4181.65,4123.85,76.9,76.47,0,,3797.11,,3797.11,1,17,2017-12-21,0,,,,
2018-01-08,4147.65,4176.45,4127.4,4166.35,940500,3511.24,3783.14,3552.8,4181.65,4181.65,74.91,77.97,0,,3821.62,,3821.62,1,17,2017-12-21,0,,,,
2018-01-09,4197.9,4207.6,4155.35,4166.6,996700,3519.64,3797.36,3745.0,4207.6,4181.65,73.29,77.98,0,,3886.93,,3886.93,1,17,2017-12-21,0,,,,
2018-01-10,4179.65,4209.35,4142.25,4169.6,946500,3528.13,3811.82,3763.95,4209.35,4207.6,72.85,78.12,0,,3895.47,,3895.47,1,17,2017-12-21,0,,,,
2018-01-11,4174.15,4181.35,4149.65,4163.7,866200,3536.39,3826.55,3813.6,4209.35,4209.35,69.91,77.12,0,,3910.18,,3910.18,1,17,2017-12-21,0,,,,
2018-01-12,4178.9,4210.0,4148.3,4189.5,679700,3544.65,3843.59,3818.35,4210.0,4209.35,69.33,78.42,0,,3928.79,,3928.79,1,17,2017-12-21,0,,,,
2018-01-15,4206.75,4256.4,4184.4,4195.75,795800,3552.64,3862.85,3853.8,4256.4,4210.0,69.52,78.74,0,,3944.51,,3944.51,1,17,2017-12-21,0,,,,
2018-01-16,4203.55,4205.8,4056.2,4076.4,885500,3559.9,3877.7,3855.1,4256.4,4256.4,75.24,60.52,0,,3864.15,,3944.51,1,17,2017-12-21,0,,,,
2018-01-17,4079.6,4129.2,4005.3,4117.65,816300,3567.59,3894.92,3874.85,4256.4,4256.4,78.71,63.65,0,,3895.03,,3944.51,1,17,2017-12-21,0,,,,
2018-01-18,4133.55,4136.5,3965.8,3998.85,1005000,3574.63,3910.52,3874.85,4256.4,4256.4,85.28,51.09,0,,3814.02,,3944.51,1,17,2017-12-21,0,,,,
2018-01-19,4002.0,4043.9,3957.65,4033.4,704000,3581.97,3925.14,3874.85,4256.4,4256.4,85.35,53.93,0,,3836.26,,3944.51,1,17,2017-12-21,0,,,,
2018-01-22,4044.5,4045.65,3985.1,4006.15,520600,3589.13,3937.23,3874.85,4256.4,4256.4,83.58,51.39,0,,3819.86,,3944.51,1,17,2017-12-21,0,,,,
2018-01-23,4015.25,4218.7,4015.25,4169.0,1437300,3597.04,3954.54,3957.65,4256.4,4256.4,92.79,62.7,0,,3946.36,,3946.36,1,17,2017-12-21,0,,,,
2018-01-24,4160.4,4160.55,4086.5,4097.35,689900,3604.43,3970.47,3957.65,4256.4,4256.4,92.06,56.48,0,,3900.64,,3946.36,1,17,2017-12-21,0,,,,
2018-01-25,4108.4,4184.2,4107.15,4135.15,1235900,3612.31,3989.53,3957.65,4256.4,4256.4,91.69,58.8,0,,3925.26,,3946.36,1,17,2017-12-21,0,,,,
2018-01-29,4154.45,4216.65,4122.1,4140.85,730000,3620.5,4008.53,3957.65,4256.4,4256.4,91.89,59.15,0,,3928.8,,3946.36,1,17,2017-12-21,0,,,,
2018-01-30,4130.6,4137.8,4091.1,4116.25,592300,3628.66,4023.54,3957.65,4256.4,4256.4,88.88,56.88,0,,3914.94,,3946.36,1,17,2017-12-21,0,,,,
2018-01-31,4117.65,4144.8,4043.45,4065.85,1032300,3636.53,4034.84,3957.65,4256.4,4256.4,89.77,52.44,0,,3881.84,,3946.36,1,17,2017-12-21,0,,,,
2018-02-01,4082.9,4108.2,3957.05,4071.4,855900,3644.13,4044.51,3957.05,4256.4,4256.4,94.16,52.87,0,,3882.3,,3946.36,1,17,2017-12-21,0,,,,
2018-02-02,4031.6,4077.0,3915.45,3948.3,1128700,3650.51,4049.24,3915.45,4256.4,4256.4,98.97,43.36,0,,3785.82,,3946.36,1,17,2017-12-21,1,3946.36,TRAILING_STOP,30,2.77
2018-02-05,3874.95,3960.3,3793.3,3926.55,896300,3656.74,4052.13,3793.3,4256.4,4256.4,103.83,41.93,0,,3727.84,,,0,,,0,,,,
2018-02-06,3748.7,3922.95,3718.35,3862.0,985000,3662.18,4052.89,3718.35,4256.4,4256.4,111.28,37.91,0,,3656.25,,,0,,,0,,,,
2018-02-07,3900.8,3954.3,3860.2,3879.75,855600,3667.71,4052.68,3718.35,4256.4,4256.4,110.06,39.62,0,,3668.52,,,0,,,0,,,,
2018-02-08,3872.95,3966.75,3844.7,3936.45,885000,3673.4,4054.59,3718.35,4256.4,4256.4,110.91,44.85,0,,3704.52,,,0,,,0,,,,
2018-02-09,3852.15,4004.5,3844.4,3986.4,1174700,3679.35,4055.47,3718.35,4256.4,4256.4,114.43,49.04,0,,3734.39,,,0,,,0,,,,
2018-02-12,4063.75,4063.75,4014.35,4028.95,1000100,3685.63,4058.43,3718.35,4256.4,4256.4,111.78,52.35,0,,3763.6,,,0,,,0,,,,
2018-02-14,4066.2,4076.3,4006.6,4024.75,696900,3691.59,4061.95,3718.35,4218.7,4256.4,108.77,51.99,0,,3762.9,,,0,,,0,,,,
2018-02-15,4054.1,4113.1,4035.45,4052.55,773700,3697.84,4065.6,3718.35,4218.7,4218.7,107.31,54.24,0,,3781.8,,,0,,,0,,,,
2018-02-16,4089.25,4097.2,3962.25,3991.6,753700,3703.61,4065.32,3718.35,4218.7,4218.7,109.29,48.85,0,,3741.17,,,0,,,0,,,,
2018-02-19,4005.05,4011.6,3861.1,3923.4,744400,3708.74,4059.03,3718.35,4218.7,4218.7,112.23,43.63,0,,3695.22,,,0,,,0,,,,
2018-02-20,3934.45,3990.7,3917.7,3966.5,782600,3714.25,4053.57,3718.35,4218.7,4218.7,109.43,47.45,0,,3724.89,,,0,,,0,,,,
2018-02-21,3986.4,3990.6,3879.45,3912.1,806000,3719.2,4045.09,3718.35,4218.7,4218.7,109.55,43.45,0,,3689.72,,,0,,,0,,,,
2018-02-22,3891.45,3931.3,3863.35,3904.3,1158300,3724.13,4036.35,3718.35,4216.65,4218.7,106.58,42.89,0,,3686.67,,,0,,,0,,,,
2018-02-23,3920.95,4037.1,3915.05,4028.8,958100,3729.48,4031.66,3718.35,4216.65,4216.65,108.45,53.23,0,,3765.72,,,0,,,0,,,,
2018-02-26,4049.7,4091.55,4048.1,4071.95,792900,3735.32,4028.6,3718.35,4216.65,4216.65,105.19,56.19,0,,3795.73,,,0,,,0,,,,
2018-02-27,4086.75,4102.25,4026.55,4037.25,600700,3740.88,4023.52,3718.35,4144.8,4216.65,103.08,53.27,0,,3774.75,,,0,,,0,,,,
2018-02-28,3997.6,4013.55,3970.05,3994.35,696400,3746.26,4016.81,3844.4,4144.8,4144.8,100.52,49.82,0,,3790.81,,,0,,,0,,,,
2018-03-01,3989.85,4039.7,3950.5,3960.9,627900,3751.15,4012.96,3844.4,4113.1,4144.8,99.71,47.25,0,,3769.77,,,0,,,0,,,,
2018-03-05,3911.85,3911.85,3806.2,3830.8,1160200,3754.8,4003.4,3806.2,4113.1,4113.1,103.64,38.86,0,,3670.51,,,0,,,0,,,,
2018-03-06,3871.05,3923.9,3801.45,3816.9,1043600,3758.57,3997.33,3801.45,4113.1,4113.1,104.98,38.09,0,,3659.06,,,0,,,0,,,,
2018-03-07,3795.95,3803.85,3739.65,3772.95,1037500,3762.35,3988.65,3739.65,4113.1,4113.1,103.0,35.65,0,,3611.44,,,0,,,0,,,,
2018-03-08,3814.45,3831.45,3707.3,3756.0,716800,3765.65,3980.31,3707.3,4113.1,4113.1,104.51,34.73,0,,3588.71,,,0,,,0,,,,
2018-03-09,3777.9,3798.2,3677.7,3688.15,1146900,3768.3,3964.28,3677.7,4113.1,4113.1,105.65,31.25,0,,3534.32,,,0,,,0,,,,
2018-03-12,3722.85,3775.7,3691.2,3766.9,902000,3771.52,3953.27,3677.7,4113.1,4113.1,104.36,38.9,0,,3585.98,,,0,,,0,,,,
2018-03-13,3752.95,3798.5,3717.35,3786.9,841300,3775.29,3941.66,3677.7,4113.1,4113.1,102.7,40.71,0,,3599.98,,,0,,,0,,,,
2018-03-14,3757.05,3790.7,3742.4,3765.35,625100,3778.38,3929.14,3677.7,4113.1,4113.1,98.82,39.36,0,,3588.67,,,0,,,0,,,,
2018-03-15,3765.45,3782.7,3739.7,3753.6,834400,3781.13,3917.06,3677.7,4113.1,4113.1,94.83,38.61,0,,3583.75,,,0,,,0,,,,
2018-03-16,3721.1,3732.9,3648.95,3664.5,1102700,3782.96,3903.68,3648.95,4102.25,4113.1,95.53,33.4,0,,3516.23,,,0,,,0,,,,
2018-03-19,3672.85,3676.9,3546.9,3566.8,950400,3784.18,3886.86,3546.9,4102.25,4102.25,97.99,28.81,0,,3417.56,,,0,,,0,,,,
2018-03-20,3479.35,3584.6,3476.9,3555.45,1083300,3785.69,3873.76,3476.9,4102.25,4102.25,98.69,28.33,0,,3386.44,,,0,,,0,,,,
2018-03-21,3582.7,3596.9,3522.9,3539.1,824500,3787.84,3860.85,3476.9,4102.25,4102.25,96.92,27.6,0,,3377.07,,,0,,,0,,,,
2018-03-22,3547.95,3572.35,3518.05,3550.4,868800,3789.34,3850.46,3476.9,4102.25,4102.25,93.88,28.95,0,,3386.39,,,0,,,0,,,,
2018-03-23,3454.7,3470.85,3409.7,3447.55,1204200,3789.76,3836.05,3409.7,4102.25,4102.25,97.22,24.48,0,,3295.42,,,0,,,0,,,,
2018-03-26,3451.85,3540.05,3415.45,3521.35,893000,3790.51,3822.22,3409.7,4102.25,4102.25,99.18,32.54,0,,3341.72,,,0,,,0,,,,
2018-03-27,3565.05,3595.4,3544.65,3585.7,853300,3791.85,3808.86,3409.7,4102.25,4102.25,97.38,38.68,0,,3384.42,,,0,,,0,,,,
2018-03-28,3550.3,3552.9,3501.6,3512.55,1050700,3793.01,3791.65,3409.7,4039.7,4102.25,96.44,34.8,0,,3337.87,,,0,,,0,,,,
2018-04-02,3543.45,3548.45,3499.05,3539.55,511500,3794.34,3775.47,3409.7,4039.7,4039.7,93.08,37.3,0,,3357.53,,,0,,,0,,,,
2018-04-03,3508.15,3567.9,3499.3,3559.85,789400,3795.42,3759.05,3409.7,3923.9,4039.7,91.33,39.19,0,,3371.79,,,0,,,0,,,,
2018-04-04,3574.95,3597.2,3456.4,3468.35,1040800,3795.79,3741.61,3409.7,3923.9,3923.9,94.86,34.19,0,,3310.41,,,0,,,0,,,,
2018-04-05,3536.1,3614.0,3533.95,3609.25,1040500,3797.01,3731.14,3409.7,3831.45,3923.9,98.49,45.68,0,,3398.87,,,0,,,0,,,,
2018-04-06,3577.35,3617.25,3567.15,3604.05,822200,3798.44,3719.06,3409.7,3831.45,3831.45,95.03,45.36,0,,3397.82,,,0,,,0,,,,
2018-04-09,3607.9,3654.15,3602.45,3609.55,747100,3799.32,3708.97,3409.7,3798.5,3831.45,91.94,45.79,0,,3403.43,,,0,,,0,,,,
2018-04-10,3678.85,3692.65,3649.3,3683.35,1021000,3800.71,3701.6,3409.7,3798.5,3798.5,91.31,51.27,0,,3451.46,,,0,,,0,,,,
2018-04-11,3734.3,3748.05,3703.85,3742.0,1006100,3802.04,3692.04,3409.7,3798.5,3798.5,89.41,55.16,0,,3490.55,,,0,,,0,,,,
2018-04-12,3732.6,3733.5,3681.2,3690.45,868200,3802.99,3679.33,3409.7,3790.7,3798.5,87.36,51.29,0,,3458.67,,,0,,,0,,,,
2018-04-13,3710.05,3745.7,3698.75,3725.45,892200,3803.97,3668.94,3409.7,3782.7,3790.7,85.07,53.66,0,,3482.77,,,0,,,0,,,,
2018-04-16,3707.0,3739.2,3696.5,3731.5,640500,3804.82,3660.17,3409.7,3748.05,3782.7,82.04,54.08,0,,3488.69,,,0,,,0,,,,
2018-04-17,3752.35,3783.75,3724.8,3735.55,758700,3805.41,3652.66,3415.45,3783.75,3748.05,80.39,54.38,0,,3494.32,,,0,,,0,,,,
2018-04-18,3750.9,3764.5,3727.35,3750.5,815300,3806.06,3649.98,3456.4,3783.75,3783.75,77.3,55.52,0,,3519.67,,,0,,,0,,,,
2018-04-19,3797.0,3944.1,3794.95,3920.15,2299000,3807.7,3653.43,3456.4,3944.1,3783.75,85.61,65.92,1,3920.15,3623.56,3623.56,3623.56,1,18,2018-04-19,0,,,,
2018-04-20,3869.35,3902.05,3831.85,3891.45,1206500,3808.9,3657.38,3456.4,3944.1,3944.1,85.8,63.23,0,,3604.92,,3623.56,1,18,2018-04-19,0,,,,
2018-04-23,3893.2,3907.1,3854.65,3861.55,606100,3810.17,3660.9,3456.4,3944.1,3944.1,83.42,60.45,0,,3587.22,,3623.56,1,18,2018-04-19,0,,,,
2018-04-24,3759.8,3801.2,3733.2,3787.6,1152700,3811.08,3664.21,3456.4,3944.1,3944.1,86.63,54.13,0,,3537.38,,3623.56,1,18,2018-04-19,1,3811.08,SMA150_BREAK,4,-2.78
2018-04-25,3779.55,3784.25,3724.95,3736.2,586500,3811.57,3663.19,3533.95,3944.1,3944.1,84.92,50.2,0,,3531.22,,,0,,,0,,,,
2018-04-26,3745.8,3773.75,3715.2,3737.5,888000,3811.89,3661.54,3567.15,3944.1,3944.1,83.03,50.3,0,,3544.38,,,0,,,0,,,,
2018-04-27,3759.1,3781.4,3740.15,3763.85,566600,3812.56,3661.49,3602.45,3944.1,3944.1,80.24,52.35,0,,3575.01,,,0,,,0,,,,
2018-04-30,3771.9,3814.3,3742.0,3774.85,461900,3813.32,3662.2,3649.3,3944.1,3944.1,79.67,53.22,0,,3598.1,,,0,,,0,,,,
2018-05-02,3770.1,3771.25,3637.8,3645.25,685100,3813.36,3661.56,3637.8,3944.1,3944.1,83.77,43.23,0,,3507.94,,,0,,,0,,,,
2018-05-03,3645.5,3682.4,3611.4,3673.05,693300,3814.57,3665.1,3611.4,3944.1,3944.1,82.86,45.59,0,,3517.68,,,0,,,0,,,,
2018-05-04,3680.1,3684.05,3628.55,3633.6,583200,3815.79,3667.7,3611.4,3944.1,3944.1,80.9,42.86,0,,3493.54,,,0,,,0,,,,
2018-05-07,3661.1,3700.4,3636.15,3695.95,636800,3816.88,3672.93,3611.4,3944.1,3944.1,79.9,48.14,0,,3534.42,,,0,,,0,,,,
2018-05-08,3708.9,3725.7,3665.65,3689.1,623300,3818.29,3677.56,3611.4,3944.1,3944.1,78.48,47.62,0,,3530.95,,,0,,,0,,,,
2018-05-09,3692.15,3747.2,3686.85,3691.65,710200,3819.56,3685.69,3611.4,3944.1,3944.1,77.18,47.84,0,,3533.46,,,0,,,0,,,,
2018-05-10,3705.95,3710.9,3640.85,3655.7,768200,3820.26,3690.17,3611.4,3944.1,3944.1,76.67,44.9,0,,3510.61,,,0,,,0,,,,
2018-05-11,3677.25,3716.9,3650.35,3712.8,705400,3821.06,3694.41,3611.4,3944.1,3944.1,75.95,50.14,0,,3547.92,,,0,,,0,,,,
2018-05-14,3717.9,3730.5,3684.2,3702.05,458900,3821.82,3700.72,3611.4,3944.1,3944.1,73.83,49.2,0,,3542.4,,,0,,,0,,,,
2018-05-15,3701.6,3778.9,3695.3,3711.55,812400,3822.57,3706.46,3611.4,3944.1,3944.1,74.53,50.09,0,,3548.06,,,0,,,0,,,,
2018-05-16,3706.45,3732.25,3664.2,3696.15,686800,3822.47,3711.0,3611.4,3944.1,3944.1,74.07,48.59,0,,3538.44,,,0,,,0,,,,
2018-05-17,3734.05,3734.45,3642.8,3679.35,856800,3822.21,3718.03,3611.4,3944.1,3944.1,75.32,46.94,0,,3526.76,,,0,,,0,,,,
2018-05-18,3686.7,3703.3,3582.9,3590.65,626600,3821.34,3717.41,3582.9,3907.1,3944.1,78.54,39.34,0,,3457.91,,,0,,,0,,,,
2018-05-21,3594.5,3621.3,3523.9,3530.35,584800,3820.42,3714.96,3523.9,3907.1,3907.1,79.89,35.17,0,,3398.45,,,0,,,0,,,,
2018-05-22,3539.95,3596.85,3506.45,3592.9,541200,3819.43,3714.4,3506.45,3814.3,3907.1,80.64,42.03,0,,3432.48,,,0,,,0,,,,
2018-05-23,3570.1,3570.1,3448.05,3458.35,937300,3817.25,3706.9,3448.05,3814.3,3814.3,85.23,33.75,0,,3323.17,,,0,,,0,,,,
2018-05-24,3475.85,3504.65,3420.45,3491.65,688900,3814.83,3698.56,3420.45,3814.3,3814.3,85.15,37.06,0,,3335.49,,,0,,,0,,,,
2018-05-25,3497.1,3581.5,3475.65,3567.4,848100,3812.82,3694.46,3420.45,3814.3,3814.3,86.63,43.91,0,,3383.37,,,0,,,0,,,,
2018-05-28,3585.6,3614.85,3563.1,3604.7,525700,3811.16,3690.43,3420.45,3814.3,3814.3,84.14,46.97,0,,3409.09,,,0,,,0,,,,
2018-05-29,3568.8,3635.6,3552.6,3606.95,907400,3809.74,3686.28,3420.45,3778.9,3814.3,84.06,47.16,0,,3410.59,,,0,,,0,,,,
2018-05-30,3558.55,3622.65,3553.0,3610.15,797200,3808.19,3682.1,3420.45,3778.9,3778.9,83.03,47.45,0,,3413.34,,,0,,,0,,,,
2018-05-31,3626.9,3652.85,3582.65,3593.65,1228700,3806.43,3676.87,3420.45,3778.9,3778.9,82.11,46.07,0,,3403.31,,,0,,,0,,,,
2018-06-01,3578.2,3645.1,3554.45,3568.4,859500,3804.4,3665.14,3420.45,3778.9,3778.9,82.72,43.97,0,,3386.62,,,0,,,0,,,,
2018-06-04,3583.75,3588.7,3556.25,3574.15,745400,3801.88,3654.57,3420.45,3778.9,3778.9,79.13,44.59,0,,3392.72,,,0,,,0,,,,
2018-06-05,3571.6,3576.2,3519.2,3553.55,558400,3799.27,3644.3,3420.45,3778.9,3778.9,77.55,42.76,0,,3380.49,,,0,,,0,,,,
2018-06-06,3557.25,3626.5,3553.5,3619.6,793200,3797.1,3638.7,3420.45,3778.9,3778.9,77.23,49.85,0,,3423.31,,,0,,,0,,,,
2018-06-07,3638.05,3704.8,3638.0,3673.35,1120900,3795.75,3636.61,3420.45,3778.9,3778.9,77.8,54.77,0,,3457.6,,,0,,,0,,,,
2018-06-08,3658.05,3681.45,3623.2,3658.55,778300,3793.83,3633.98,3420.45,3778.9,3778.9,76.4,53.22,0,,3448.98,,,0,,,0,,,,
2018-06-11,3661.35,3685.35,3640.4,3644.8,676700,3791.86,3630.01,3420.45,3778.9,3778.9,74.15,51.76,0,,3441.61,,,0,,,0,,,,
2018-06-12,3646.3,3650.05,3611.75,3628.95,940100,3789.79,3625.14,3420.45,3734.45,3778.9,71.59,50.05,0,,3433.09,,,0,,,0,,,,
2018-06-13,3630.5,3641.35,3605.65,3612.85,739800,3787.53,3624.06,3420.45,3734.45,3734.45,69.03,48.31,0,,3424.42,,,0,,,0,,,,
2018-06-14,3603.65,3636.65,3583.7,3597.1,729700,3785.61,3621.53,3475.65,3704.8,3734.45,67.88,46.6,0,,3433.43,,,0,,,0,,,,
2018-06-15,3603.7,3609.1,3522.8,3541.95,873200,3783.68,3618.48,3519.2,3704.8,3704.8,69.2,41.11,0,,3411.49,,,0,,,0,,,,
2018-06-18,3524.05,3524.05,3442.1,3480.45,748900,3781.22,3611.29,3442.1,3704.8,3704.8,71.39,36.02,0,,3344.67,,,0,,,0,,,,
2018-06-19,3457.4,3490.65,3400.6,3425.7,992700,3778.28,3602.51,3400.6,3704.8,3704.8,72.72,32.2,0,,3294.63,,,0,,,0,,,,
2018-06-20,3431.4,3467.3,3424.4,3459.65,794100,3776.06,3594.78,3400.6,3704.8,3704.8,70.59,36.69,0,,3317.95,,,0,,,0,,,,
2018-06-21,3472.55,3472.6,3412.3,3422.45,697900,3773.73,3587.0,3400.6,3704.8,3704.8,69.85,34.03,0,,3294.44,,,0,,,0,,,,
2018-06-22,3419.6,3438.95,3398.35,3431.55,724300,3772.2,3577.63,3398.35,3704.8,3704.8,67.76,35.26,0,,3300.96,,,0,,,0,,,,
2018-06-25,3424.6,3465.35,3386.85,3397.45,866900,3770.2,3567.48,3386.85,3704.8,3704.8,68.53,32.79,0,,3274.62,,,0,,,0,,,,
2018-06-26,3383.85,3420.15,3359.6,3384.4,787800,3767.64,3556.57,3359.6,3704.8,3704.8,67.96,31.86,0,,3257.5,,,0,,,0,,,,
2018-06-27,3394.15,3394.7,3329.0,3341.8,750400,3764.47,3544.76,3329.0,3704.8,3704.8,67.8,28.99,0,,3219.93,,,0,,,0,,,,
2018-06-28,3345.35,3368.75,3317.6,3346.5,895600,3761.3,3533.66,3317.6,3704.8,3704.8,66.61,29.75,0,,3219.95,,,0,,,0,,,,
2018-06-29,3353.05,3448.15,3352.75,3440.15,762000,3758.92,3528.65,3317.6,3704.8,3704.8,69.11,42.75,0,,3278.69,,,0,,,0,,,,
2018-07-02,3448.0,3450.8,3328.0,3378.6,1090400,3756.19,3523.59,3317.6,3704.8,3704.8,72.95,37.8,0,,3236.43,,,0,,,0,,,,
2018-07-03,3372.1,3389.0,3330.75,3366.15,811600,3753.53,3516.03,3317.6,3704.8,3704.8,71.9,36.87,0,,3229.1,,,0,,,0,,,,
2018-07-04,3366.1,3381.65,3317.2,3370.45,679000,3751.06,3513.1,3317.2,3704.8,3704.8,71.37,37.44,0,,3232.1,,,0,,,0,,,,
2018-07-05,3358.1,3358.1,3302.3,3322.45,610600,3748.31,3507.46,3302.3,3685.35,3704.8,71.14,33.76,0,,3196.32,,,0,,,0,,,,
2018-07-06,3304.5,3370.4,3275.15,3322.05,777600,3745.64,3499.28,3275.15,3685.35,3685.35,72.86,33.73,0,,3185.87,,,0,,,0,,,,
2018-07-09,3361.9,3385.8,3350.75,3366.35,550700,3743.56,3491.34,3275.15,3650.05,3685.35,72.21,40.03,0,,3214.87,,,0,,,0,,,,
2018-07-10,3378.7,3427.0,3372.65,3422.35,752300,3742.26,3485.18,3275.15,3641.35,3650.05,71.38,46.91,0,,3251.54,,,0,,,0,,,,
2018-07-11,3396.25,3396.25,3309.05,3317.15,821400,3740.17,3475.42,3275.15,3636.65,3641.35,74.38,38.08,0,,3181.69,,,0,,,0,,,,
2018-07-12,3335.1,3375.1,3295.25,3300.35,853200,3738.16,3465.64,3275.15,3609.1,3636.65,74.77,36.88,0,,3170.6,,,0,,,0,,,,
2018-07-13,3322.5,3323.65,3275.8,3286.6,941600,3736.54,3456.25,3275.15,3524.05,3609.1,72.84,35.89,0,,3163.01,,,0,,,0,,,,
2018-07-16,3288.4,3288.6,3163.15,3168.1,673700,3733.69,3442.71,3163.15,3490.65,3524.05,76.6,28.72,0,,3046.74,,,0,,,0,,,,
2018-07-17,3163.65,3240.0,3135.65,3222.65,721300,3730.88,3431.68,3135.65,3472.6,3490.65,78.58,35.14,0,,3071.44,,,0,,,0,,,,
2018-07-18,3239.6,3244.4,3116.8,3121.1,746700,3727.36,3415.07,3116.8,3472.6,3472.6,82.09,29.77,0,,2997.32,,,0,,,0,,,,
2018-07-19,3138.7,3170.65,3079.65,3104.6,1199300,3723.93,3396.11,3079.65,3465.35,3472.6,82.72,28.99,0,,2973.87,,,0,,,0,,,,
2018-07-20,3106.05,3109.75,3062.25,3092.2,753000,3720.79,3377.23,3062.25,3465.35,3465.35,80.21,28.39,0,,2961.75,,,0,,,0,,,,
2018-07-23,3102.9,3151.65,3068.8,3139.35,673300,3717.91,3360.38,3062.25,3450.8,3465.35,80.4,33.98,0,,2992.03,,,0,,,0,,,,
2018-07-24,3137.6,3245.6,3135.05,3233.3,863400,3715.03,3347.19,3062.25,3450.8,3450.8,82.55,43.45,0,,3051.2,,,0,,,0,,,,
2018-07-25,3255.1,3291.35,3246.3,3262.05,933500,3711.93,3335.5,3062.25,3450.8,3450.8,80.8,46.0,0,,3070.91,,,0,,,0,,,,
2018-07-26,3272.7,3276.9,3230.65,3235.35,1048800,3708.29,3323.44,3062.25,3450.8,3450.8,78.33,44.01,0,,3055.33,,,0,,,0,,,,
2018-07-27,3263.65,3309.8,3259.85,3297.7,873800,3704.9,3315.3,3062.25,3450.8,3450.8,78.05,49.5,0,,3095.73,,,0,,,0,,,,
2018-07-30,3307.95,3334.15,3298.2,3320.3,642400,3701.43,3309.96,3062.25,3427.0,3450.8,75.08,51.36,0,,3112.29,,,0,,,0,,,,
2018-07-31,3319.05,3345.55,3282.15,3335.1,680000,3698.07,3306.94,3062.25,3427.0,3427.0,74.25,52.59,0,,3122.39,,,0,,,0,,,,
2018-08-01,3337.55,3374.25,3295.75,3320.0,1013500,3694.3,3302.29,3062.25,3427.0,3427.0,74.55,51.17,0,,3112.45,,,0,,,0,,,,
2018-08-02,3313.1,3352.1,3265.8,3327.75,955700,3690.62,3299.13,3062.25,3427.0,3427.0,75.39,51.89,0,,3116.89,,,0,,,0,,,,
2018-08-03,3338.8,3386.7,3335.05,3380.85,912700,3686.76,3297.44,3062.25,3427.0,3427.0,74.22,56.61,0,,3151.92,,,0,,,0,,,,
2018-08-06,3399.9,3423.7,3387.8,3405.7,763500,3683.2,3297.71,3062.25,3427.0,3427.0,71.98,58.65,0,,3169.44,,,0,,,0,,,,
2018-08-07,3422.45,3463.0,3385.55,3445.25,1146700,3680.04,3299.74,3062.25,3463.0,3427.0,72.37,61.74,0,,3194.69,,,0,,,0,,,,
2018-08-08,3469.55,3487.35,3440.25,3453.6,844500,3676.78,3303.47,3062.25,3487.35,3463.0,70.56,62.38,0,,3201.28,,,0,,,0,,,,
2018-08-09,3475.6,3511.9,3447.25,3501.75,1071800,3673.45,3308.64,3062.25,3511.9,3487.35,70.14,65.92,0,,3232.62,,,0,,,0,,,,
2018-08-10,3511.15,3512.75,3423.5,3434.75,838200,3668.94,3308.46,3068.8,3512.75,3511.9,71.5,57.78,0,,3190.68,,,0,,,0,,,,
2018-08-13,3412.45,3443.35,3379.4,3405.8,834600,3664.11,3309.37,3135.05,3512.75,3512.75,70.97,54.64,0,,3194.45,,,0,,,0,,,,
2018-08-14,3427.5,3444.0,3392.6,3414.6,831700,3659.1,3310.99,3230.65,3512.75,3512.75,69.57,55.43,0,,3232.92,,,0,,,0,,,,
2018-08-16,3356.15,3370.5,3329.65,3337.05,839900,3653.57,3309.87,3230.65,3512.75,3512.75,70.67,47.55,0,,3182.17,,,0,,,0,,,,
2018-08-17,3368.65,3412.05,3365.25,3394.1,720100,3648.4,3312.26,3259.85,3512.75,3512.75,70.98,52.86,0,,3228.49,,,0,,,0,,,,
2018-08-20,3412.25,3483.85,3408.55,3478.9,815800,3643.83,3317.49,3265.8,3512.75,3512.75,72.32,59.44,0,,3284.28,,,0,,,0,,,,
2018-08-21,3498.05,3498.15,3456.95,3466.95,715500,3639.01,3320.84,3265.8,3512.75,3512.75,70.09,58.2,0,,3278.05,,,0,,,0,,,,
2018-08-23,3470.65,3470.95,3402.35,3416.8,544600,3633.82,3320.66,3265.8,3512.75,3512.75,69.99,53.22,0,,3245.78,,,0,,,0,,,,
2018-08-24,3400.65,3484.5,3394.05,3481.2,786600,3629.85,3326.13,3265.8,3512.75,3512.75,71.45,58.17,0,,3286.34,,,0,,,0,,,,
2018-08-27,3515.6,3554.2,3510.25,3532.85,892500,3625.95,3333.88,3329.65,3554.2,3512.75,71.56,61.68,0,,3340.86,,,0,,,0,,,,
2018-08-28,3555.0,3603.9,3533.15,3597.2,897500,3623.28,3344.23,3329.65,3603.9,3554.2,71.52,65.55,0,,3382.39,,,0,,,0,,,,
2018-08-29,3609.65,3681.6,3605.7,3634.3,1601600,3620.62,3359.77,3329.65,3681.6,3603.9,72.44,67.59,0,,3405.71,,,0,,,0,,,,
2018-08-30,3641.5,3687.35,3633.05,3665.3,1389000,3618.34,3374.52,3329.65,3687.35,3681.6,71.15,69.22,0,,3426.57,,,0,,,0,,,,
2018-08-31,3663.05,3684.85,3627.2,3643.45,821800,3614.84,3391.94,3329.65,3687.35,3687.35,70.18,66.67,0,,3413.12,,,0,,,0,,,,
2018-09-03,3658.55,3692.1,3641.35,3656.7,623700,3611.9,3410.34,3329.65,3692.1,3687.35,68.8,67.45,0,,3422.59,,,0,,,0,,,,
2018-09-04,3664.8,3667.9,3571.65,3585.6,694600,3608.24,3426.79,3329.65,3692.1,3692.1,70.76,59.38,0,,3375.42,,,0,,,0,,,,
2018-09-05,3567.2,3629.1,3538.3,3623.2,840700,3604.79,3442.92,3329.65,3692.1,3692.1,72.19,61.97,0,,3398.72,,,0,,,0,,,,
2018-09-06,3647.1,3656.1,3596.75,3632.2,937400,3601.56,3456.21,3329.65,3692.1,3692.1,71.27,62.59,0,,3405.14,,,0,,,0,,,,
2018-09-07,3640.4,3713.15,3619.35,3699.75,1090600,3599.12,3470.8,3365.25,3713.15,3692.1,72.88,66.92,1,3699.75,3459.5,3459.5,3459.5,1,19,2018-09-07,0,,,,
2018-09-10,3716.55,3727.4,3627.55,3636.85,788000,3596.22,3484.18,3394.05,3727.4,3713.15,74.81,59.96,0,,3427.25,,3459.5,1,19,2018-09-07,0,,,,
2018-09-11,3656.8,3663.75,3559.25,3578.3,868300,3593.76,3493.54,3394.05,3727.4,3727.4,76.93,54.3,0,,3388.07,,3459.5,1,19,2018-09-07,1,3593.76,SMA150_BREAK,3,-2.86
2018-09-12,3588.0,3641.55,3542.6,3631.4,782200,3591.79,3503.91,3394.05,3727.4,3727.4,78.5,58.16,0,,3421.27,,,0,,,0,,,,
2018-09-14,3672.0,3725.9,3668.3,3713.7,980700,3590.8,3516.53,3394.05,3727.4,3727.4,79.64,63.32,0,,3473.59,,,0,,,0,,,,
2018-09-17,3697.65,3733.15,3665.65,3705.45,773400,3589.64,3529.38,3510.25,3733.15,3727.4,78.78,62.49,0,,3507.58,,,0,,,0,,,,
2018-09-18,3710.35,3728.05,3634.25,3648.1,761400,3587.72,3540.06,3533.15,3733.15,3733.15,79.85,56.89,0,,3477.51,,,0,,,0,,,,
2018-09-19,3673.4,3727.45,3672.05,3691.8,889200,3585.75,3550.42,3538.3,3733.15,3733.15,79.81,59.84,0,,3507.44,,,0,,,0,,,,
2018-09-21,3724.4,3776.05,3519.0,3673.25,1798500,3583.38,3559.34,3519.0,3776.05,3733.15,92.47,58.03,0,,3480.6,,,0,,,0,,,,
2018-09-24,3683.65,3723.65,3612.7,3631.7,868900,3580.76,3565.55,3519.0,3776.05,3776.05,93.79,54.07,0,,3452.92,,,0,,,0,,,,
2018-09-25,3629.95,3645.65,3555.15,3631.8,885700,3577.95,3571.49,3519.0,3776.05,3776.05,93.56,54.07,0,,3453.14,,,0,,,0,,,,
2018-09-26,3658.55,3714.25,3621.4,3693.95,1059600,3575.97,3577.9,3519.0,3776.05,3776.05,93.51,58.94,0,,3493.26,,,0,,,0,,,,
2018-09-27,3705.05,3724.75,3652.15,3669.7,1206500,3574.28,3585.73,3519.0,3776.05,3776.05,92.01,56.43,0,,3478.61,,,0,,,0,,,,
2018-09-28,3680.9,3689.85,3471.6,3485.35,1299400,3571.07,3588.38,3471.6,3776.05,3776.05,101.03,41.84,0,,3337.9,,,0,,,0,,,,
2018-10-01,3464.05,3536.1,3395.6,3528.05,975400,3568.51,3592.16,3395.6,3776.05,3776.05,103.85,45.36,0,,3338.23,,,0,,,0,,,,
2018-10-03,3523.95,3648.65,3505.9,3592.0,1333500,3566.43,3600.66,3395.6,3776.05,3776.05,106.63,50.22,0,,3377.62,,,0,,,0,,,,
2018-10-04,3560.1,3628.5,3541.6,3572.35,1168000,3563.39,3606.6,3395.6,3776.05,3776.05,105.22,48.79,0,,3365.89,,,0,,,0,,,,
2018-10-05,3546.8,3572.85,3409.8,3444.65,941900,3559.2,3605.46,3395.6,3776.05,3776.05,109.35,40.65,0,,3280.77,,,0,,,0,,,,
2018-10-08,3408.25,3435.15,3234.9,3339.45,1419400,3554.55,3601.21,3234.9,3776.05,3776.05,116.52,35.41,0,,3154.56,,,0,,,0,,,,
2018-10-09,3354.4,3423.65,3331.0,3373.75,936000,3550.41,3599.78,3234.9,3776.05,3776.05,114.82,38.21,0,,3177.82,,,0,,,0,,,,
2018-10-10,3380.45,3455.9,3380.0,3438.65,822700,3546.93,3598.36,3234.9,3776.05,3776.05,112.48,43.22,0,,3221.24,,,0,,,0,,,,
2018-10-11,3321.0,3376.45,3275.3,3306.5,952800,3543.44,3590.82,3234.9,3776.05,3776.05,116.12,36.69,0,,3133.58,,,0,,,0,,,,
2018-10-12,3340.7,3448.8,3337.2,3438.1,777000,3540.91,3585.51,3234.9,3776.05,3776.05,117.99,45.51,0,,3217.22,,,0,,,0,,,,
2018-10-15,3455.65,3456.45,3393.15,3423.5,673000,3538.58,3578.48,3234.9,3776.05,3776.05,114.08,44.77,0,,3210.4,,,0,,,0,,,,
2018-10-16,3436.15,3474.35,3421.25,3431.6,502500,3536.42,3570.7,3234.9,3776.05,3776.05,109.72,45.3,0,,3218.53,,,0,,,0,,,,
2018-10-17,3468.8,3472.85,3355.2,3362.95,604600,3534.25,3561.34,3234.9,3776.05,3776.05,110.29,41.62,0,,3173.88,,,0,,,0,,,,
2018-10-19,3340.35,3403.6,3296.75,3365.0,820900,3531.57,3551.62,3234.9,3776.05,3776.05,110.05,41.77,0,,3175.36,,,0,,,0,,,,
2018-10-22,3397.0,3402.95,3320.2,3339.65,637700,3528.59,3543.42,3234.9,3776.05,3776.05,108.1,40.37,0,,3160.31,,,0,,,0,,,,
2018-10-23,3316.45,3353.05,3281.6,3312.75,584400,3525.57,3533.08,3234.9,3724.75,3776.05,105.48,38.88,0,,3144.71,,,0,,,0,,,,
2018-10-24,3346.85,3360.6,3300.85,3347.85,652900,3522.87,3523.6,3234.9,3724.75,3724.75,102.21,41.9,0,,3169.52,,,0,,,0,,,,
2018-10-25,3311.95,3323.2,3261.1,3306.8,859700,3520.48,3510.5,3234.9,3724.75,3724.75,101.11,39.45,0,,3143.78,,,0,,,0,,,,
2018-10-26,3314.45,3322.25,3230.65,3283.9,734500,3518.6,3498.73,3230.65,3724.75,3724.75,100.43,38.11,0,,3128.05,,,0,,,0,,,,
2018-10-29,3302.45,3379.6,3266.95,3369.5,615400,3517.36,3491.77,3230.65,3689.85,3724.75,101.3,45.55,0,,3182.68,,,0,,,0,,,,
2018-10-30,3377.05,3380.75,3327.75,3333.05,621700,3515.98,3481.83,3230.65,3648.65,3689.85,97.85,43.17,0,,3161.47,,,0,,,0,,,,
2018-10-31,3303.95,3317.5,3221.8,3296.95,878400,3514.3,3467.94,3221.8,3648.65,3648.65,98.81,40.89,0,,3134.59,,,0,,,0,,,,
2018-11-01,3309.65,3351.65,3292.75,3338.35,789900,3513.57,3455.7,3221.8,3628.5,3648.65,95.96,44.51,0,,3163.2,,,0,,,0,,,,
2018-11-02,3368.95,3469.7,3357.95,3439.25,1361300,3513.02,3448.74,3221.8,3572.85,3628.5,98.49,52.19,0,,3226.59,,,0,,,0,,,,
2018-11-05,3438.4,3478.25,3411.4,3441.9,729000,3512.06,3440.41,3221.8,3478.25,3572.85,96.23,52.37,0,,3229.81,,,0,,,0,,,,
2018-11-06,3458.65,3480.35,3410.95,3438.95,633800,3511.57,3432.6,3221.8,3480.35,3478.25,94.31,52.13,0,,3229.18,,,0,,,0,,,,
2018-11-07,3465.6,3473.45,3463.05,3463.85,750000,3511.07,3427.0,3221.8,3480.35,3480.35,90.04,54.07,0,,3248.09,,,0,,,0,,,,
2018-11-09,3468.2,3468.2,3426.0,3431.9,544900,3510.21,3420.34,3221.8,3480.35,3480.35,86.62,51.2,0,,3229.76,,,0,,,0,,,,
2018-11-12,3438.45,3463.4,3377.1,3384.5,699200,3509.65,3410.02,3221.8,3480.35,3480.35,86.6,47.2,0,,3199.2,,,0,,,0,,,,
2018-11-13,3384.75,3414.55,3364.2,3410.55,677700,3508.33,3401.39,3221.8,3480.35,3480.35,84.01,49.53,0,,3217.73,,,0,,,0,,,,
2018-11-14,3444.5,3450.55,3369.75,3382.15,800400,3506.85,3397.95,3221.8,3480.35,3480.35,83.78,47.09,0,,3199.57,,,0,,,0,,,,
2018-11-15,3385.5,3425.8,3353.75,3407.9,530400,3505.51,3393.94,3221.8,3480.35,3480.35,82.94,49.52,0,,3216.73,,,0,,,0,,,,
2018-11-16,3410.55,3414.2,3345.1,3354.6,581800,3503.31,3386.03,3221.8,3480.35,3480.35,81.95,44.92,0,,3183.02,,,0,,,0,,,,
2018-11-19,3371.55,3403.8,3365.65,3395.35,566700,3501.0,3380.13,3221.8,3480.35,3480.35,79.61,48.83,0,,3210.86,,,0,,,0,,,,
2018-11-20,3379.8,3381.3,3290.7,3299.2,826600,3498.39,3375.28,3221.8,3480.35,3480.35,81.4,41.36,0,,3147.65,,,0,,,0,,,,
2018-11-21,3291.25,3291.25,3258.05,3272.7,803600,3495.38,3373.06,3221.8,3480.35,3480.35,78.53,39.56,0,,3132.47,,,0,,,0,,,,
2018-11-22,3281.4,3286.45,3207.5,3214.75,615500,3491.93,3367.76,3207.5,3480.35,3480.35,78.56,35.89,0,,3090.31,,,0,,,0,,,,
2018-11-26,3226.05,3226.2,3120.45,3172.3,940000,3488.18,3358.88,3120.45,3480.35,3480.35,80.5,33.44,0,,3032.62,,,0,,,0,,,,
2018-11-27,3157.0,3189.85,3092.2,3148.95,1220600,3484.17,3353.62,3092.2,3480.35,3480.35,81.72,32.14,0,,3007.32,,,0,,,0,,,,
2018-11-28,3156.95,3165.55,3109.1,3117.4,771000,3478.81,3342.94,3092.2,3480.35,3480.35,79.92,30.42,0,,2988.18,,,0,,,0,,,,
2018-11-29,3156.4,3190.6,3141.15,3177.25,1099100,3474.05,3334.73,3092.2,3480.35,3480.35,79.44,37.28,0,,3027.1,,,0,,,0,,,,
2018-11-30,3187.1,3190.6,3140.4,3163.75,801700,3469.4,3325.8,3092.2,3480.35,3480.35,77.35,36.41,0,,3019.79,,,0,,,0,,,,
2018-12-03,3225.85,3262.9,3221.2,3227.85,923000,3465.67,3321.3,3092.2,3480.35,3480.35,78.91,43.2,0,,3060.09,,,0,,,0,,,,
2018-12-04,3213.7,3242.25,3204.85,3236.55,624300,3462.34,3317.01,3092.2,3480.35,3480.35,75.94,44.07,0,,3067.68,,,0,,,0,,,,
2018-12-05,3199.55,3204.2,3112.0,3119.6,800800,3458.22,3309.68,3092.2,3480.35,3480.35,79.41,36.05,0,,2989.93,,,0,,,0,,,,
2018-12-06,3090.2,3119.4,3041.85,3085.4,901400,3453.7,3302.1,3041.85,3473.45,3480.35,79.3,34.1,0,,2951.17,,,0,,,0,,,,
2018-12-07,3102.8,3110.1,3042.0,3071.2,739600,3449.0,3292.88,3041.85,3468.2,3473.45,78.5,33.29,0,,2942.54,,,0,,,0,,,,
2018-12-10,3009.25,3060.65,2997.15,3036.25,778400,3444.94,3283.86,2997.15,3463.4,3468.2,78.18,31.32,0,,2905.31,,,0,,,0,,,,
2018-12-11,2993.3,3064.6,2985.05,3055.35,746000,3440.83,3276.24,2985.05,3450.55,3463.4,78.28,33.63,0,,2913.53,,,0,,,0,,,,
2018-12-12,3072.25,3139.65,3068.35,3133.05,766400,3437.49,3268.36,2985.05,3450.55,3450.55,78.71,42.14,0,,2963.36,,,0,,,0,,,,
2018-12-13,3164.3,3164.3,3094.05,3114.0,700900,3433.61,3261.06,2985.05,3425.8,3450.55,78.1,40.76,0,,2951.48,,,0,,,0,,,,
2018-12-14,3102.2,3134.8,3085.55,3112.35,550000,3429.76,3254.9,2985.05,3414.2,3425.8,76.04,40.64,0,,2951.79,,,0,,,0,,,,
2018-12-17,3161.35,3181.85,3148.45,3175.1,833600,3426.32,3249.46,2985.05,3403.8,3414.2,75.57,47.22,0,,2992.57,,,0,,,0,,,,
2018-12-18,3167.05,3207.85,3160.05,3198.15,609300,3423.27,3241.43,2985.05,3381.3,3403.8,73.59,49.44,0,,3008.76,,,0,,,0,,,,
2018-12-19,3211.7,3222.7,3190.3,3211.15,633100,3419.93,3233.74,2985.05,3291.25,3381.3,70.65,50.69,0,,3019.11,,,0,,,0,,,,
2018-12-20,3177.0,3189.45,3158.05,3177.9,765300,3416.43,3225.03,2985.05,3286.45,3291.25,69.39,47.44,0,,2998.5,,,0,,,0,,,,
2018-12-21,3186.2,3208.5,3153.55,3162.3,780900,3412.77,3214.98,2985.05,3262.9,3286.45,68.36,45.95,0,,2989.12,,,0,,,0,,,,
2018-12-24,3158.05,3158.85,3085.1,3089.85,570400,3408.73,3203.58,2985.05,3262.9,3262.9,68.99,39.72,0,,2941.97,,,0,,,0,,,,
2018-12-26,3070.25,3110.5,3049.6,3098.45,739400,3404.86,3194.04,2985.05,3262.9,3262.9,68.42,40.74,0,,2947.91,,,0,,,0,,,,
2018-12-27,3133.55,3144.55,3080.3,3089.0,1418500,3401.51,3183.33,2985.05,3262.9,3262.9,68.12,39.94,0,,2942.01,,,0,,,0,,,,
2018-12-28,3083.15,3121.1,3082.6,3112.2,723100,3398.72,3174.33,2985.05,3262.9,3262.9,66.0,42.92,0,,2958.38,,,0,,,0,,,,
2018-12-31,3137.25,3167.25,3133.75,3154.6,815200,3395.8,3165.88,2985.05,3262.9,3262.9,65.22,48.01,0,,2986.25,,,0,,,0,,,,
2019-01-01,3162.25,3164.05,3122.4,3135.25,405100,3393.65,3158.57,2985.05,3242.25,3262.9,63.54,45.99,0,,2974.89,,,0,,,0,,,,
2019-01-02,3095.55,3097.1,3021.65,3028.45,962800,3390.56,3146.34,3021.65,3222.7,3242.25,67.11,36.81,0,,2915.82,,,0,,,0,,,,
2019-01-03,3030.9,3031.15,2956.2,2960.4,898900,3386.51,3135.05,2956.2,3222.7,3222.7,67.67,32.38,0,,2849.74,,,0,,,0,,,,
2019-01-04,2959.25,3013.35,2949.3,3001.7,899900,3382.49,3126.02,2949.3,3222.7,3222.7,67.41,37.32,0,,2874.25,,,0,,,0,,,,
2019-01-07,3040.65,3055.3,2991.45,2997.1,660600,3378.43,3118.76,2949.3,3222.7,3222.7,67.16,36.99,0,,2871.46,,,0,,,0,,,,
2019-01-08,3000.55,3021.35,2987.6,3010.3,714400,3374.43,3113.36,2949.3,3222.7,3222.7,64.77,38.64,0,,2881.56,,,0,,,0,,,,
2019-01-09,3020.4,3031.7,2951.9,2975.5,902200,3370.31,3107.58,2949.3,3222.7,3222.7,65.85,35.97,0,,2858.4,,,0,,,0,,,,
2019-01-10,2979.7,2990.05,2961.15,2972.35,589400,3366.33,3102.75,2949.3,3222.7,3222.7,63.21,35.73,0,,2858.13,,,0,,,0,,,,
2019-01-11,2980.3,3003.5,2961.6,2971.25,608200,3362.31,3095.88,2949.3,3222.7,3222.7,61.69,35.64,0,,2858.43,,,0,,,0,,,,
2019-01-14,2969.7,2969.75,2930.1,2939.35,564500,3358.22,3088.4,2930.1,3222.7,3222.7,60.22,33.05,0,,2832.44,,,0,,,0,,,,
2019-01-15,2953.3,2989.75,2937.0,2986.3,646500,3354.0,3080.35,2930.1,3222.7,3222.7,59.69,39.96,0,,2863.07,,,0,,,0,,,,
2019-01-16,2997.65,3003.95,2963.15,2967.05,615700,3349.29,3071.36,2930.1,3222.7,3222.7,58.34,38.22,0,,2851.56,,,0,,,0,,,,
2019-01-17,2974.9,2981.65,2948.1,2963.05,564600,3344.65,3066.14,2930.1,3208.5,3222.7,56.57,37.85,0,,2850.16,,,0,,,0,,,,
2019-01-18,2969.75,2980.3,2940.75,2957.1,497200,3340.07,3061.87,2930.1,3208.5,3208.5,55.35,37.27,0,,2847.13,,,0,,,0,,,,
2019-01-21,2967.2,2975.4,2938.75,2945.8,436800,3335.51,3057.69,2930.1,3167.25,3208.5,54.01,36.15,0,,2840.73,,,0,,,0,,,,
2019-01-22,2936.05,2936.05,2864.5,2880.65,714300,3330.63,3052.5,2864.5,3167.25,3167.25,55.96,30.44,0,,2775.54,,,0,,,0,,,,
2019-01-23,2881.3,2921.2,2877.35,2896.9,560200,3325.96,3047.22,2864.5,3167.25,3167.25,55.1,33.27,0,,2786.6,,,0,,,0,,,,
2019-01-24,2899.95,2902.1,2864.15,2893.5,436200,3321.64,3039.24,2864.15,3167.25,3167.25,53.87,32.97,0,,2785.11,,,0,,,0,,,,
2019-01-25,2905.95,2921.6,2846.95,2857.55,517000,3317.49,3030.69,2846.95,3167.25,3167.25,55.36,29.87,0,,2755.2,,,0,,,0,,,,
2019-01-28,2859.2,2862.2,2802.35,2827.15,547400,3313.5,3021.18,2802.35,3164.05,3167.25,55.68,27.52,0,,2720.51,,,0,,,0,,,,
2019-01-29,2823.75,2846.35,2803.75,2828.35,488100,3309.29,3009.62,2802.35,3097.1,3164.05,54.74,27.76,0,,2721.91,,,0,,,0,,,,
2019-01-30,2835.05,2892.35,2830.8,2882.05,762400,3305.69,2999.08,2802.35,3055.3,3097.1,55.41,37.76,0,,2756.1,,,0,,,0,,,,
2019-01-31,2899.85,2920.35,2875.6,2915.85,1064800,3302.25,2989.24,2802.35,3055.3,3055.3,54.64,43.1,0,,2778.41,,,0,,,0,,,,
2019-02-01,2867.9,2867.9,2777.3,2815.65,1635600,3298.37,2977.17,2777.3,3055.3,3055.3,60.64,33.84,0,,2701.44,,,0,,,0,,,,
2019-02-04,2814.3,2815.9,2737.25,2794.45,830400,3294.44,2964.9,2737.25,3031.7,3055.3,61.92,32.26,0,,2673.55,,,0,,,0,,,,
2019-02-05,2791.75,2806.6,2749.25,2768.3,615700,3290.61,2954.19,2737.25,3031.7,3031.7,61.6,30.37,0,,2656.91,,,0,,,0,,,,
2019-02-06,2776.35,2842.5,2741.25,2832.95,717500,3287.19,2945.34,2737.25,3003.95,3031.7,64.43,39.74,0,,2696.72,,,0,,,0,,,,
2019-02-07,2829.85,2855.05,2806.6,2835.8,665600,3283.16,2936.9,2737.25,3003.95,3003.95,63.29,40.13,0,,2699.32,,,0,,,0,,,,
2019-02-08,2821.65,2826.9,2731.7,2740.5,930800,3278.91,2924.51,2731.7,3003.95,3003.95,66.2,32.66,0,,2634.05,,,0,,,0,,,,
2019-02-11,2739.6,2756.1,2675.5,2725.2,1163200,3274.63,2910.19,2675.5,3003.95,3003.95,67.23,31.64,0,,2604.77,,,0,,,0,,,,
2019-02-12,2724.4,2805.2,2713.0,2767.95,1449800,3270.62,2897.95,2675.5,3003.95,3003.95,69.02,37.5,0,,2631.15,,,0,,,0,,,,
2019-02-14,2727.0,2741.6,2678.0,2733.65,1248400,3266.69,2888.12,2675.5,2981.65,3003.95,70.51,34.92,0,,2608.03,,,0,,,0,,,,
2019-02-15,2739.5,2740.65,2653.75,2677.1,1040800,3262.39,2878.68,2653.75,2980.3,2981.65,71.68,31.11,0,,2563.53,,,0,,,0,,,,
2019-02-18,2681.6,2696.25,2649.25,2652.0,887900,3257.63,2867.02,2649.25,2975.4,2980.3,69.92,29.56,0,,2547.01,,,0,,,0,,,,
2019-02-19,2654.45,2725.25,2654.2,2689.7,1026600,3252.75,2856.78,2649.25,2936.05,2975.4,70.16,34.79,0,,2571.17,,,0,,,0,,,,
2019-02-20,2701.15,2772.55,2701.15,2765.0,1231100,3249.06,2848.6,2649.25,2921.6,2936.05,71.06,43.77,0,,2619.13,,,0,,,0,,,,
2019-02-21,2775.5,2805.6,2760.65,2796.15,1126800,3245.7,2842.62,2649.25,2921.6,2921.6,69.2,47.02,0,,2640.47,,,0,,,0,,,,
2019-02-22,2796.75,2846.7,2774.6,2842.2,1095000,3242.74,2838.28,2649.25,2921.6,2921.6,69.41,51.48,0,,2670.03,,,0,,,0,,,,
2019-02-25,2854.1,2871.3,2826.35,2852.1,1426600,3240.63,2834.31,2649.25,2920.35,2921.6,67.66,52.41,0,,2677.58,,,0,,,0,,,,
2019-02-26,2808.75,2871.05,2777.3,2854.9,1165100,3238.18,2831.5,2649.25,2920.35,2920.35,69.52,52.69,0,,2678.15,,,0,,,0,,,,
2019-02-27,2874.4,2893.15,2827.4,2846.85,1181000,3236.35,2826.85,2649.25,2920.35,2920.35,69.25,51.76,0,,2673.13,,,0,,,0,,,,
2019-02-28,2862.35,2892.05,2845.25,2871.6,2113500,3234.8,2823.67,2649.25,2920.35,2920.35,67.65,54.42,0,,2690.17,,,0,,,0,,,,
2019-03-01,2899.5,2925.65,2895.0,2922.7,1482700,3233.67,2822.32,2649.25,2925.65,2920.35,66.68,59.4,0,,2723.77,,,0,,,0,,,,
2019-03-05,2927.65,3005.55,2918.7,3000.2,1314100,3232.74,2823.76,2649.25,3005.55,2925.65,68.12,65.54,0,,2772.8,,,0,,,0,,,,
2019-03-06,3018.45,3035.7,3004.05,3021.3,1155100,3231.33,2826.28,2649.25,3035.7,3005.55,65.79,67.01,0,,2787.96,,,0,,,0,,,,
2019-03-07,3026.55,3026.55,2977.25,2992.85,911100,3229.54,2830.02,2649.25,3035.7,3035.7,64.61,63.11,0,,2770.4,,,0,,,0,,,,
2019-03-08,2967.85,2975.6,2938.05,2947.95,999800,3227.62,2831.72,2649.25,3035.7,3035.7,63.91,57.44,0,,2741.9,,,0,,,0,,,,
2019-03-11,2967.6,3033.95,2961.9,3028.85,1117700,3225.83,2836.23,2649.25,3035.7,3035.7,65.49,63.76,0,,2793.03,,,0,,,0,,,,
2019-03-12,3052.8,3065.8,3036.65,3043.05,1018900,3223.98,2842.41,2654.2,3065.8,3035.7,63.45,64.75,0,,2805.2,,,0,,,0,,,,
2019-03-13,3041.4,3042.45,2977.4,2985.75,1092800,3221.65,2847.7,2701.15,3065.8,3065.8,63.61,57.88,0,,2783.79,,,0,,,0,,,,
2019-03-14,2993.0,3021.25,2982.3,3002.05,785900,3219.53,2853.49,2760.65,3065.8,3065.8,61.85,59.21,0,,2815.31,,,0,,,0,,,,
2019-03-15,2996.9,3015.15,2973.35,3008.25,1367800,3217.4,2857.7,2774.6,3065.8,3065.8,60.41,59.73,0,,2824.91,,,0,,,0,,,,
2019-03-18,3017.9,3032.4,2988.95,3028.4,808300,3215.05,2861.45,2777.3,3065.8,3065.8,59.2,61.44,0,,2839.62,,,0,,,0,,,,
2019-03-19,3033.65,3055.2,3014.65,3027.4,868700,3212.53,2868.5,2777.3,3065.8,3065.8,57.87,61.3,0,,2839.86,,,0,,,0,,,,
2019-03-20,3037.65,3038.25,2988.0,2996.1,1202300,3209.53,2875.23,2827.4,3065.8,3065.8,57.33,56.94,0,,2836.73,,,0,,,0,,,,
2019-03-22,2986.0,3009.8,2976.15,2983.2,908100,3206.4,2882.39,2845.25,3065.8,3065.8,55.63,55.19,0,,2835.49,,,0,,,0,,,,
2019-03-25,2956.0,2956.4,2920.6,2949.65,748100,3202.72,2886.28,2895.0,3065.8,3065.8,56.13,50.83,0,,2830.1,,,0,,,0,,,,
2019-03-26,2957.45,2989.9,2956.6,2980.6,675000,3199.69,2891.11,2918.7,3065.8,3065.8,55.0,54.41,0,,2858.72,,,0,,,0,,,,
2019-03-27,2992.85,3006.2,2972.75,2982.1,767700,3196.86,2899.16,2920.6,3065.8,3065.8,53.46,54.58,0,,2861.35,,,0,,,0,,,,
2019-03-28,2980.9,2989.6,2967.75,2973.7,1242500,3193.93,2907.44,2920.6,3065.8,3065.8,51.2,53.37,0,,2857.44,,,0,,,0,,,,
2019-04-01,3084.65,3145.95,3082.4,3102.3,1381000,3192.36,2918.59,2920.6,3145.95,3065.8,59.85,65.91,0,,2934.62,,,0,,,0,,,,
2019-04-02,3122.85,3122.85,3072.1,3089.1,882400,3190.33,2930.44,2920.6,3145.95,3145.95,59.2,64.01,0,,2926.54,,,0,,,0,,,,
2019-04-03,3106.4,3135.35,3077.7,3085.0,1062200,3187.7,2944.03,2920.6,3145.95,3145.95,59.09,63.39,0,,2923.97,,,0,,,0,,,,
2019-04-04,3082.9,3091.35,3052.3,3071.9,932700,3185.07,2958.03,2920.6,3145.95,3145.95,57.66,61.37,0,,2916.47,,,0,,,0,,,,
2019-04-05,3082.1,3140.05,3073.45,3132.35,914600,3183.17,2972.79,2920.6,3145.95,3145.95,58.41,66.65,0,,2954.96,,,0,,,0,,,,
2019-04-08,3153.8,3162.2,3092.75,3101.7,854300,3180.64,2984.01,2920.6,3162.2,3145.95,59.19,62.02,0,,2934.67,,,0,,,0,,,,
2019-04-09,3105.25,3139.7,3069.65,3133.65,788000,3177.98,2995.26,2920.6,3162.2,3162.2,59.97,64.77,0,,2954.76,,,0,,,0,,,,
2019-04-10,3121.25,3156.35,3098.7,3105.2,909900,3174.7,3004.02,2920.6,3162.2,3162.2,59.8,60.57,0,,2936.52,,,0,,,0,,,,
2019-04-11,3099.4,3110.3,3058.45,3067.45,794300,3170.92,3011.2,2920.6,3162.2,3162.2,59.24,55.43,0,,2912.55,,,0,,,0,,,,
2019-04-12,3072.55,3083.8,3050.7,3071.6,600500,3166.96,3018.43,2920.6,3162.2,3162.2,57.37,55.88,0,,2916.47,,,0,,,0,,,,
2019-04-15,3090.7,3152.95,3087.8,3141.35,940400,3163.62,3028.24,2920.6,3162.2,3162.2,59.08,62.61,0,,2960.32,,,0,,,0,,,,
2019-04-16,3154.45,3177.4,3143.7,3149.9,1353000,3160.24,3037.52,2956.6,3177.4,3162.2,57.44,63.34,0,,2978.93,,,0,,,0,,,,
2019-04-18,3155.55,3158.3,3085.4,3109.85,958100,3157.07,3043.76,2967.75,3177.4,3177.4,58.54,57.61,0,,2956.08,,,0,,,0,,,,
2019-04-22,3105.65,3113.05,3048.25,3054.1,689800,3153.27,3045.56,2967.75,3177.4,3177.4,58.99,50.72,0,,2919.82,,,0,,,0,,,,
2019-04-23,3054.75,3077.85,3038.65,3042.0,659400,3149.34,3046.25,3038.65,3177.4,3177.4,57.57,49.34,0,,2936.59,,,0,,,0,,,,
2019-04-24,3050.35,3057.3,3009.3,3047.75,865100,3144.99,3048.08,3009.3,3177.4,3177.4,56.89,50.04,0,,2930.97,,,0,,,0,,,,
2019-04-25,3044.4,3060.9,2985.0,2991.1,895000,3140.68,3049.51,2985.0,3177.4,3177.4,58.25,43.68,0,,2885.43,,,0,,,0,,,,
2019-04-26,3016.95,3073.0,3007.25,3046.65,1369400,3137.14,3050.11,2985.0,3177.4,3177.4,59.94,50.34,0,,2920.13,,,0,,,0,,,,
2019-04-30,3048.9,3099.45,2996.4,3089.1,1174700,3133.53,3051.64,2985.0,3177.4,3177.4,63.02,54.75,0,,2945.46,,,0,,,0,,,,
2019-05-02,3078.45,3108.95,3063.9,3085.5,802700,3129.34,3054.97,2985.0,3177.4,3177.4,61.73,54.31,0,,2943.99,,,0,,,0,,,,
2019-05-03,3090.45,3096.8,3068.25,3081.25,652300,3125.18,3057.61,2985.0,3177.4,3177.4,59.36,53.76,0,,2942.83,,,0,,,0,,,,
2019-05-06,3011.75,3034.3,3004.75,3018.75,772700,3120.98,3057.96,2985.0,3177.4,3177.4,60.59,46.34,0,,2901.7,,,0,,,0,,,,
2019-05-07,3042.0,3061.85,2972.25,2980.4,783100,3116.24,3056.36,2972.25,3177.4,3177.4,62.66,42.46,0,,2871.33,,,0,,,0,,,,
2019-05-08,2968.9,2991.1,2949.0,2959.5,911700,3111.48,3054.09,2949.0,3177.4,3177.4,61.19,40.48,0,,2851.08,,,0,,,0,,,,
2019-05-09,2959.45,2973.0,2905.1,2917.1,752000,3106.72,3051.46,2905.1,3177.4,3177.4,61.67,36.72,0,,2808.78,,,0,,,0,,,,
2019-05-10,2928.95,2944.2,2855.05,2872.5,1163400,3101.65,3047.77,2855.05,3177.4,3177.4,63.63,33.23,0,,2762.02,,,0,,,0,,,,
2019-05-13,2862.6,2868.3,2805.5,2820.85,698400,3095.83,3043.48,2805.5,3177.4,3177.4,63.87,29.71,0,,2712.03,,,0,,,0,,,,
2019-05-14,2801.5,2852.15,2787.95,2837.9,1242400,3090.29,3038.72,2787.95,3177.4,3177.4,63.9,32.26,0,,2717.16,,,0,,,0,,,,
2019-05-15,2845.2,2863.3,2767.0,2778.4,900700,3085.57,3031.93,2767.0,3177.4,3177.4,66.21,28.39,0,,2670.26,,,0,,,0,,,,
2019-05-16,2788.2,2819.65,2760.35,2810.85,801500,3080.79,3026.5,2760.35,3177.4,3177.4,65.72,33.11,0,,2689.3,,,0,,,0,,,,
2019-05-17,2800.7,2821.7,2779.2,2807.25,697200,3075.56,3016.67,2760.35,3177.4,3177.4,64.06,32.85,0,,2688.09,,,0,,,0,,,,
2019-05-20,2875.0,2927.7,2856.65,2899.15,768000,3071.07,3010.34,2760.35,3158.3,3177.4,68.09,44.72,0,,2744.68,,,0,,,0,,,,
2019-05-21,2912.55,2913.0,2839.2,2854.25,629500,3067.14,3002.64,2760.35,3113.05,3158.3,68.5,40.91,0,,2715.44,,,0,,,0,,,,
2019-05-22,2852.2,2879.15,2826.4,2864.45,911600,3063.97,2995.73,2760.35,3108.95,3113.05,67.37,42.12,0,,2722.77,,,0,,,0,,,,
2019-05-23,2904.8,2910.35,2811.15,2822.0,1006600,3060.29,2985.38,2760.35,3108.95,3108.95,69.64,38.59,0,,2693.88,,,0,,,0,,,,
2019-05-24,2839.45,2910.6,2804.35,2904.3,874000,3056.73,2978.8,2760.35,3108.95,3108.95,72.26,47.73,0,,2745.22,,,0,,,0,,,,
2019-05-27,2898.45,2972.55,2887.4,2965.7,884700,3054.46,2973.2,2760.35,3108.95,3108.95,73.18,53.31,0,,2784.21,,,0,,,0,,,,
2019-05-28,2972.0,3020.85,2969.3,2992.95,1502000,3051.49,2969.46,2760.35,3108.95,3108.95,71.89,55.58,0,,2802.64,,,0,,,0,,,,
2019-05-29,2985.1,2986.85,2927.85,2937.3,882500,3048.25,2965.12,2760.35,3108.95,3108.95,71.41,50.21,0,,2767.07,,,0,,,0,,,,
2019-05-30,2939.1,2946.65,2914.3,2924.5,892300,3044.87,2960.22,2760.35,3096.8,3108.95,68.62,49.04,0,,2760.67,,,0,,,0,,,,
2019-05-31,2953.55,2965.65,2875.1,2900.4,1305200,3041.78,2952.19,2760.35,3061.85,3096.8,70.18,46.83,0,,2744.09,,,0,,,0,,,,
2019-06-03,2905.0,2956.8,2886.3,2951.25,774000,3039.03,2945.57,2760.35,3061.85,3061.85,70.21,51.78,0,,2776.87,,,0,,,0,,,,
2019-06-04,2942.1,2973.6,2937.85,2956.4,696600,3036.47,2940.45,2760.35,3020.85,3061.85,67.75,52.26,0,,2781.83,,,0,,,0,,,,
2019-06-06,2959.45,2966.9,2911.8,2923.05,771000,3033.87,2936.08,2760.35,3020.85,3020.85,66.84,48.84,0,,2760.92,,,0,,,0,,,,
2019-06-07,2921.25,2952.15,2892.7,2906.95,691400,3030.93,2931.58,2779.2,3020.85,3020.85,66.31,47.23,0,,2757.17,,,0,,,0,,,,
2019-06-10,2935.35,2954.1,2890.6,2912.25,579200,3028.3,2927.07,2804.35,3020.85,3020.85,66.11,47.84,0,,2769.11,,,0,,,0,,,,
2019-06-11,2926.35,2955.95,2906.7,2950.65,678500,3026.08,2925.72,2804.35,3020.85,3020.85,64.91,52.15,0,,2794.68,,,0,,,0,,,,
2019-06-12,2950.85,2997.2,2942.75,2962.1,918800,3023.37,2922.9,2804.35,3020.85,3020.85,64.16,53.39,0,,2802.56,,,0,,,0,,,,
2019-06-13,2956.6,2960.65,2914.8,2955.95,896100,3020.85,2918.46,2804.35,3020.85,3020.85,62.96,52.6,0,,2799.4,,,0,,,0,,,,
2019-06-14,2946.15,2975.55,2926.25,2944.9,586000,3018.5,2913.78,2804.35,3020.85,3020.85,61.98,51.14,0,,2792.92,,,0,,,0,,,,
2019-06-17,2940.9,2941.35,2855.35,2860.5,811400,3015.32,2906.42,2855.35,3020.85,3020.85,63.95,41.65,0,,2754.17,,,0,,,0,,,,
2019-06-18,2861.9,2892.05,2838.3,2874.9,814200,3011.56,2901.62,2838.3,3020.85,3020.85,63.22,43.57,0,,2758.26,,,0,,,0,,,,
2019-06-19,2906.85,2935.4,2856.8,2886.3,1236500,3007.85,2898.48,2838.3,3020.85,3020.85,64.32,45.12,0,,2764.88,,,0,,,0,,,,
2019-06-20,2884.1,2944.1,2870.35,2940.1,896000,3004.53,2897.84,2838.3,3020.85,3020.85,64.99,51.81,0,,2799.14,,,0,,,0,,,,
2019-06-21,2932.7,2952.6,2919.65,2930.2,1020400,3000.97,2898.28,2838.3,3020.85,3020.85,62.71,50.59,0,,2794.28,,,0,,,0,,,,
2019-06-24,2932.85,2949.6,2887.05,2892.45,791200,2997.37,2898.94,2838.3,3020.85,3020.85,62.69,46.12,0,,2769.93,,,0,,,0,,,,
2019-06-25,2862.55,2946.6,2854.9,2942.65,901800,2994.43,2903.0,2838.3,3020.85,3020.85,64.77,52.17,0,,2800.93,,,0,,,0,,,,
2019-06-26,2927.25,3028.9,2924.15,3022.95,1010800,2991.84,2909.17,2838.3,3028.9,3020.85,67.62,59.93,0,,2850.82,,,0,,,0,,,,
2019-06-27,3027.5,3044.5,3004.65,3014.2,1092200,2989.39,2917.03,2838.3,3044.5,3028.9,65.64,58.81,0,,2846.5,,,0,,,0,,,,
2019-06-28,3014.7,3024.55,2960.35,2980.2,796900,2986.54,2922.67,2838.3,3044.5,3044.5,65.54,54.55,0,,2824.64,,,0,,,0,,,,
2019-07-01,3002.6,3022.45,2959.5,2977.95,856300,2984.03,2928.36,2838.3,3044.5,3044.5,65.35,54.27,0,,2823.31,,,0,,,0,,,,
2019-07-02,2978.35,2998.85,2958.4,2993.35,644100,2981.35,2931.5,2838.3,3044.5,3044.5,63.57,55.94,0,,2834.43,,,0,,,0,,,,
2019-07-03,2991.1,3007.55,2968.15,2992.15,826100,2979.3,2936.1,2838.3,3044.5,3044.5,61.85,55.77,0,,2834.81,,,0,,,0,,,,
2019-07-04,2983.55,2991.5,2957.35,2962.5,616600,2977.23,2939.37,2838.3,3044.5,3044.5,59.91,51.57,0,,2816.97,,,0,,,0,,,,
2019-07-05,2966.75,2971.05,2843.9,2851.25,882400,2974.81,2940.34,2838.3,3044.5,3044.5,64.72,39.56,0,,2742.01,,,0,,,0,,,,
2019-07-08,2831.55,2854.25,2782.1,2791.2,896400,2972.27,2936.57,2782.1,3044.5,3044.5,65.25,34.84,0,,2684.19,,,0,,,0,,,,
2019-07-09,2791.65,2811.55,2770.75,2788.05,719700,2969.86,2930.65,2770.75,3044.5,3044.5,63.5,34.61,0,,2679.54,,,0,,,0,,,,
2019-07-10,2791.7,2812.45,2736.6,2756.45,972900,2967.46,2922.77,2736.6,3044.5,3044.5,64.38,32.28,0,,2647.19,,,0,,,0,,,,
2019-07-11,2792.15,2812.25,2765.7,2805.25,994800,2964.98,2918.37,2736.6,3044.5,3044.5,63.77,39.11,0,,2679.07,,,0,,,0,,,,
2019-07-12,2811.0,2859.55,2785.4,2826.3,950300,2962.73,2915.09,2736.6,3044.5,3044.5,64.51,41.83,0,,2692.16,,,0,,,0,,,,
2019-07-15,2831.0,2833.5,2783.0,2823.0,674000,2960.03,2912.51,2736.6,3044.5,3044.5,63.51,41.52,0,,2690.69,,,0,,,0,,,,
2019-07-16,2814.2,2851.7,2810.55,2847.35,658900,2957.43,2909.05,2736.6,3044.5,3044.5,61.91,44.8,0,,2707.47,,,0,,,0,,,,
2019-07-17,2842.5,2859.4,2827.9,2848.8,582100,2955.63,2905.46,2736.6,3044.5,3044.5,59.74,45.0,0,,2709.85,,,0,,,0,,,,
2019-07-18,2837.85,2840.4,2772.0,2778.6,689300,2953.58,2900.65,2736.6,3044.5,3044.5,60.96,37.9,0,,2663.76,,,0,,,0,,,,
2019-07-19,2795.4,2807.9,2734.0,2741.85,870600,2951.39,2895.14,2734.0,3044.5,3044.5,61.88,34.81,0,,2638.57,,,0,,,0,,,,
2019-07-22,2743.65,2795.7,2734.85,2788.1,858500,2949.73,2891.01,2734.0,3044.5,3044.5,61.81,41.3,0,,2668.45,,,0,,,0,,,,
2019-07-23,2792.25,2796.95,2765.9,2778.75,615800,2947.89,2885.28,2734.0,3044.5,3044.5,59.61,40.43,0,,2663.89,,,0,,,0,,,,
2019-07-24,2780.4,2786.1,2691.45,2712.95,954100,2945.09,2876.97,2691.45,3044.5,3044.5,62.12,34.82,0,,2605.59,,,0,,,0,,,,
2019-07-25,2718.0,2736.25,2678.05,2686.4,1051500,2942.24,2867.99,2678.05,3024.55,3044.5,61.84,32.84,0,,2584.19,,,0,,,0,,,,
2019-07-26,2694.95,2708.4,2662.35,2692.45,1004500,2939.44,2859.57,2662.35,3022.45,3024.55,60.71,33.77,0,,2583.61,,,0,,,0,,,,
2019-07-29,2686.85,2689.15,2603.3,2611.9,871100,2935.68,2851.29,2603.3,3007.55,3022.45,62.74,28.21,0,,2510.62,,,0,,,0,,,,
2019-07-30,2614.0,2646.2,2510.35,2527.0,1024100,2931.21,2839.69,2510.35,3007.55,3007.55,67.96,23.76,0,,2421.39,,,0,,,0,,,,
2019-07-31,2513.55,2595.9,2495.4,2588.15,1003200,2927.06,2829.75,2495.4,2991.5,3007.55,70.29,32.06,0,,2454.3,,,0,,,0,,,,
2019-08-01,2571.2,2572.05,2486.7,2507.05,978800,2922.58,2815.32,2486.7,2971.05,2991.5,72.51,27.75,0,,2397.61,,,0,,,0,,,,
2019-08-02,2474.7,2494.95,2430.35,2459.1,1336200,2917.9,2799.61,2430.35,2859.55,2971.05,72.81,25.56,0,,2347.7,,,0,,,0,,,,
2019-08-05,2428.2,2439.45,2362.75,2415.35,1054800,2913.4,2783.71,2362.75,2859.55,2859.55,74.49,23.72,0,,2295.82,,,0,,,0,,,,
2019-08-06,2385.5,2466.5,2385.1,2448.05,971300,2909.06,2767.22,2362.75,2859.55,2859.55,74.99,27.9,0,,2316.58,,,0,,,0,,,,
2019-08-07,2441.85,2445.15,2378.2,2389.45,986900,2904.4,2746.1,2362.75,2859.55,2859.55,74.62,25.23,0,,2279.03,,,0,,,0,,,,
2019-08-08,2391.25,2425.15,2355.75,2418.8,1382800,2899.78,2726.26,2355.75,2859.55,2859.55,74.25,28.9,0,,2295.88,,,0,,,0,,,,
2019-08-09,2430.7,2453.5,2390.1,2398.0,1118100,2894.73,2706.85,2355.75,2859.4,2859.55,73.47,27.85,0,,2282.98,,,0,,,0,,,,
2019-08-13,2381.85,2410.75,2350.05,2355.9,1403800,2889.54,2686.12,2350.05,2859.4,2859.4,72.56,25.82,0,,2254.53,,,0,,,0,,,,
2019-08-14,2381.7,2423.65,2367.75,2411.05,1623200,2885.42,2666.71,2350.05,2859.4,2859.4,72.22,32.74,0,,2290.33,,,0,,,0,,,,
2019-08-16,2391.95,2411.2,2356.5,2402.05,1156800,2881.7,2647.04,2350.05,2840.4,2859.4,70.96,32.21,0,,2285.36,,,0,,,0,,,,
2019-08-19,2413.7,2420.7,2384.9,2391.35,740300,2877.63,2628.0,2350.05,2807.9,2840.4,68.45,31.56,0,,2280.14,,,0,,,0,,,,
2019-08-20,2391.65,2393.05,2337.2,2351.15,925000,2873.32,2611.33,2337.2,2796.95,2807.9,67.55,29.17,0,,2250.52,,,0,,,0,,,,
2019-08-21,2340.35,2342.4,2277.25,2283.2,1260700,2868.48,2594.39,2277.25,2796.95,2796.95,68.01,25.64,0,,2186.41,,,0,,,0,,,,
2019-08-22,2263.2,2272.55,2189.85,2203.6,1561400,2863.33,2574.91,2189.85,2786.1,2796.95,69.82,22.25,0,,2104.73,,,0,,,0,,,,
2019-08-23,2191.4,2290.15,2183.25,2278.65,1295000,2858.71,2558.99,2183.25,2736.25,2786.1,72.47,31.46,0,,2149.17,,,0,,,0,,,,
2019-08-26,2297.3,2305.25,2174.1,2256.65,1486000,2853.94,2540.7,2174.1,2708.4,2736.25,76.66,30.33,0,,2129.13,,,0,,,0,,,,
2019-08-27,2275.85,2314.2,2262.65,2303.9,1309900,2849.7,2523.29,2174.1,2689.15,2708.4,75.29,35.69,0,,2160.52,,,0,,,0,,,,
2019-08-28,2297.8,2299.7,2211.9,2226.45,1041300,2844.64,2503.4,2174.1,2646.2,2689.15,76.49,31.42,0,,2109.77,,,0,,,0,,,,
2019-08-29,2212.95,2274.75,2196.1,2254.35,1621800,2839.89,2483.64,2174.1,2595.9,2646.2,76.64,34.46,0,,2127.66,,,0,,,0,,,,
2019-08-30,2282.15,2310.9,2243.0,2289.95,1647300,2835.4,2465.01,2174.1,2572.05,2595.9,76.02,38.23,0,,2151.04,,,0,,,0,,,,
2019-09-03,2269.7,2270.4,2211.1,2218.95,800400,2830.48,2446.35,2174.1,2494.95,2572.05,76.22,34.03,0,,2105.11,,,0,,,0,,,,
2019-09-04,2219.95,2259.4,2198.85,2254.65,1077200,2825.87,2430.11,2174.1,2466.5,2494.95,75.1,37.73,0,,2128.88,,,0,,,0,,,,
2019-09-05,2280.1,2341.35,2280.1,2313.6,1403800,2822.09,2414.29,2174.1,2466.5,2466.5,75.93,43.39,0,,2166.35,,,0,,,0,,,,
2019-09-06,2324.65,2366.5,2295.5,2357.7,1127600,2818.5,2400.26,2174.1,2453.5,2466.5,75.58,47.25,0,,2195.03,,,0,,,0,,,,
2019-09-09,2356.85,2382.9,2322.6,2360.05,1068200,2814.94,2388.5,2174.1,2453.5,2453.5,74.48,47.45,0,,2197.28,,,0,,,0,,,,
2019-09-11,2373.1,2419.1,2371.45,2414.55,1303700,2811.99,2379.44,2174.1,2453.5,2453.5,73.38,52.11,0,,2233.16,,,0,,,0,,,,
2019-09-12,2423.6,2452.55,2403.85,2410.6,1404900,2809.21,2370.04,2174.1,2452.55,2453.5,71.62,51.75,0,,2231.79,,,0,,,0,,,,
2019-09-13,2417.35,2450.35,2384.8,2444.1,1172500,2806.65,2364.45,2174.1,2452.55,2452.55,71.19,54.6,0,,2253.69,,,0,,,0,,,,
2019-09-16,2418.8,2447.65,2414.55,2440.55,828300,2803.71,2361.56,2174.1,2452.55,2452.55,68.47,54.24,0,,2253.21,,,0,,,0,,,,
2019-09-17,2441.35,2468.7,2369.7,2375.85,1938000,2800.11,2354.49,2174.1,2468.7,2452.55,70.65,47.94,0,,2210.03,,,0,,,0,,,,
2019-09-18,2387.8,2415.75,2373.45,2402.65,1313100,2797.35,2351.01,2196.1,2468.7,2468.7,68.62,50.5,0,,2235.99,,,0,,,0,,,,
2019-09-19,2395.65,2395.95,2335.9,2363.45,1225800,2794.48,2347.82,2196.1,2468.7,2468.7,68.49,46.86,0,,2210.8,,,0,,,0,,,,
2019-09-20,2374.75,2519.4,2338.95,2497.65,2752100,2792.67,2350.56,2196.1,2519.4,2468.7,76.49,58.01,0,,2292.03,,,0,,,0,,,,
2019-09-23,2569.25,2576.25,2496.85,2526.2,1446800,2790.63,2353.17,2198.85,2576.25,2519.4,76.69,59.94,0,,2311.22,,,0,,,0,,,,
2019-09-24,2528.4,2528.4,2481.15,2485.1,952500,2788.29,2356.36,2198.85,2576.25,2576.25,74.59,55.96,0,,2286.11,,,0,,,0,,,,
2019-09-25,2455.2,2461.6,2404.5,2419.75,997600,2786.15,2356.39,2198.85,2576.25,2576.25,75.02,50.25,0,,2243.68,,,0,,,0,,,,
2019-09-26,2427.85,2529.95,2422.55,2520.45,1766400,2784.79,2360.47,2280.1,2576.25,2576.25,77.53,57.45,0,,2334.04,,,0,,,0,,,,
2019-09-27,2514.0,2515.8,2446.1,2453.95,1394100,2782.69,2363.74,2295.5,2576.25,2576.25,77.31,52.09,0,,2296.43,,,0,,,0,,,,
2019-09-30,2428.65,2444.05,2385.1,2439.85,1255500,2780.74,2364.7,2322.6,2576.25,2576.25,76.7,51.0,0,,2296.77,,,0,,,0,,,,
2019-10-01,2441.55,2449.75,2352.55,2397.05,1380000,2778.87,2364.53,2335.9,2576.25,2576.25,78.17,47.74,0,,2272.62,,,0,,,0,,,,
2019-10-03,2368.95,2370.9,2316.5,2326.55,1279600,2776.7,2362.37,2316.5,2576.25,2576.25,78.34,42.88,0,,2220.57,,,0,,,0,,,,
2019-10-04,2344.85,2349.0,2290.0,2297.2,1145000,2774.08,2360.57,2290.0,2576.25,2576.25,76.95,41.01,0,,2193.72,,,0,,,0,,,,
2019-10-07,2305.7,2316.75,2264.95,2269.95,1424700,2770.78,2360.13,2264.95,2576.25,2576.25,75.16,39.3,0,,2169.0,,,0,,,0,,,,
2019-10-09,2262.8,2325.65,2252.35,2317.7,1345100,2767.59,2363.94,2252.35,2576.25,2576.25,75.03,43.74,0,,2195.68,,,0,,,0,,,,
2019-10-10,2300.65,2309.9,2278.7,2283.35,1163100,2763.87,2364.09,2252.35,2576.25,2576.25,72.45,41.39,0,,2175.24,,,0,,,0,,,,
2019-10-11,2300.75,2357.5,2300.0,2337.1,1384200,2760.43,2366.77,2252.35,2576.25,2576.25,72.57,46.25,0,,2209.83,,,0,,,0,,,,
2019-10-14,2360.65,2386.5,2352.0,2360.2,1151500,2757.14,2368.65,2252.35,2576.25,2576.25,70.92,48.23,0,,2225.83,,,0,,,0,,,,
2019-10-15,2354.45,2425.85,2331.45,2397.05,1680700,2754.14,2374.34,2252.35,2576.25,2576.25,72.6,51.32,0,,2248.48,,,0,,,0,,,,
2019-10-16,2411.8,2416.25,2379.55,2388.3,1068300,2750.92,2378.8,2252.35,2576.25,2576.25,70.03,50.55,0,,2244.55,,,0,,,0,,,,
2019-10-17,2369.55,2424.75,2352.1,2410.95,1324600,2747.5,2382.84,2252.35,2576.25,2576.25,70.22,52.54,0,,2259.03,,,0,,,0,,,,
2019-10-18,2413.25,2463.25,2398.65,2456.0,1932300,2743.88,2390.74,2252.35,2576.25,2576.25,69.82,56.3,0,,2288.36,,,0,,,0,,,,
2019-10-22,2453.0,2478.4,2430.1,2442.85,1297200,2740.02,2397.01,2252.35,2576.25,2576.25,68.28,54.93,0,,2280.9,,,0,,,0,,,,
2019-10-23,2436.5,2458.1,2420.75,2436.85,931500,2736.31,2401.12,2252.35,2576.25,2576.25,66.07,54.29,0,,2278.5,,,0,,,0,,,,
2019-10-24,2435.2,2453.45,2414.85,2419.55,1190300,2732.79,2403.18,2252.35,2529.95,2576.25,64.11,52.36,0,,2268.65,,,0,,,0,,,,
2019-10-25,2419.05,2437.0,2404.9,2410.85,1019400,2728.67,2404.87,2252.35,2529.95,2529.95,61.82,51.38,0,,2264.57,,,0,,,0,,,,
2019-10-29,2434.5,2528.1,2428.4,2518.3,1528500,2725.17,2408.33,2252.35,2529.95,2529.95,65.78,61.11,0,,2331.23,,,0,,,0,,,,
2019-10-30,2534.4,2534.4,2502.6,2514.25,1043300,2722.03,2411.79,2252.35,2534.4,2529.95,63.35,60.61,0,,2330.24,,,0,,,0,,,,
2019-10-31,2525.8,2539.3,2492.0,2500.75,1407100,2718.69,2413.68,2252.35,2539.3,2534.4,62.21,58.91,0,,2322.3,,,0,,,0,,,,
2019-11-01,2494.85,2568.35,2483.5,2561.75,1637100,2715.71,2417.71,2278.7,2568.35,2539.3,63.82,63.85,0,,2369.35,,,0,,,0,,,,
2019-11-04,2578.85,2660.1,2578.35,2642.15,2511900,2713.13,2426.59,2300.0,2660.1,2568.35,66.29,69.12,0,,2426.66,,,0,,,0,,,,
2019-11-05,2667.0,2673.75,2609.2,2616.95,1588300,2710.4,2433.74,2331.45,2673.75,2660.1,66.17,65.88,0,,2420.97,,,0,,,0,,,,
2019-11-06,2613.9,2656.7,2608.8,2633.45,1491400,2707.98,2442.74,2331.45,2673.75,2673.75,64.86,66.97,0,,2432.48,,,0,,,0,,,,
2019-11-07,2645.35,2677.85,2596.7,2659.05,2097200,2705.82,2448.11,2352.1,2677.85,2673.75,66.03,68.65,0,,2455.1,,,0,,,0,,,,
2019-11-08,2652.15,2669.95,2607.25,2612.95,1303300,2703.57,2451.01,2352.1,2677.85,2677.85,65.79,62.5,0,,2425.53,,,0,,,0,,,,
2019-11-11,2610.15,2622.45,2598.55,2610.1,1173200,2701.1,2455.17,2398.65,2677.85,2677.85,62.8,62.12,0,,2441.2,,,0,,,0,,,,
2019-11-13,2617.95,2637.8,2546.8,2556.65,1472000,2698.27,2459.74,2404.9,2677.85,2677.85,64.81,55.48,0,,2407.47,,,0,,,0,,,,
2019-11-14,2560.2,2562.1,2499.5,2506.6,1269800,2695.15,2459.28,2404.9,2677.85,2677.85,64.65,50.07,0,,2375.29,,,0,,,0,,,,
2019-11-15,2512.65,2529.05,2491.0,2498.8,1071300,2691.13,2460.77,2404.9,2677.85,2677.85,62.75,49.27,0,,2371.52,,,0,,,0,,,,
2019-11-18,2511.35,2550.3,2495.6,2539.65,1075300,2687.47,2464.1,2404.9,2677.85,2677.85,62.18,53.49,0,,2398.26,,,0,,,0,,,,
2019-11-19,2547.1,2549.25,2512.45,2517.95,841800,2683.69,2468.13,2428.4,2677.85,2677.85,60.36,51.06,0,,2393.3,,,0,,,0,,,,
2019-11-20,2520.1,2549.85,2509.75,2524.9,991200,2680.04,2474.74,2483.5,2677.85,2677.85,58.92,51.81,0,,2417.12,,,0,,,0,,,,
2019-11-21,2524.65,2524.65,2466.65,2470.45,886900,2675.63,2480.51,2466.65,2677.85,2677.85,58.87,45.85,0,,2376.41,,,0,,,0,,,,
2019-11-22,2472.9,2529.7,2468.0,2521.15,1205300,2671.76,2488.89,2466.65,2677.85,2677.85,59.07,51.45,0,,2408.98,,,0,,,0,,,,
2019-11-25,2535.05,2608.95,2533.3,2602.0,1597000,2668.21,2498.36,2466.65,2677.85,2677.85,61.12,58.78,0,,2459.76,,,0,,,0,,,,
2019-11-26,2614.6,2627.9,2565.65,2580.55,1559000,2664.72,2508.27,2466.65,2677.85,2677.85,61.2,56.35,0,,2445.87,,,0,,,0,,,,
2019-11-27,2585.15,2616.85,2583.4,2602.85,845800,2661.62,2517.13,2466.65,2677.85,2677.85,59.43,58.28,0,,2461.44,,,0,,,0,,,,
2019-11-28,2604.0,2662.8,2597.9,2656.85,1174000,2658.85,2527.02,2466.65,2677.85,2677.85,59.82,62.6,0,,2496.01,,,0,,,0,,,,
2019-11-29,2644.95,2668.35,2608.45,2625.5,1039400,2655.41,2534.63,2466.65,2677.85,2677.85,59.82,58.79,0,,2475.78,,,0,,,0,,,,
2019-12-02,2631.85,2637.1,2612.15,2632.65,805700,2651.97,2542.78,2466.65,2677.85,2677.85,57.33,59.4,0,,2482.06,,,0,,,0,,,,
2019-12-03,2627.85,2629.25,2555.45,2564.2,1388000,2648.33,2547.89,2466.65,2677.85,2677.85,58.75,51.58,0,,2436.96,,,0,,,0,,,,
2019-12-04,2536.8,2613.15,2514.0,2604.0,1486700,2645.33,2552.82,2466.65,2677.85,2677.85,61.64,55.27,0,,2460.71,,,0,,,0,,,,
2019-12-05,2605.7,2611.2,2535.85,2543.95,1008200,2642.01,2556.19,2466.65,2677.85,2677.85,62.62,49.18,0,,2421.32,,,0,,,0,,,,
2019-12-06,2551.05,2571.5,2516.55,2535.85,1195200,2638.6,2559.49,2466.65,2669.95,2677.85,62.07,48.41,0,,2416.46,,,0,,,0,,,,
2019-12-09,2539.0,2577.05,2528.45,2551.7,956000,2635.67,2563.89,2466.65,2668.35,2669.95,61.11,50.07,0,,2427.33,,,0,,,0,,,,
2019-12-10,2549.0,2556.6,2510.75,2515.9,728300,2632.13,2567.39,2466.65,2668.35,2668.35,60.02,46.44,0,,2404.96,,,0,,,0,,,,
2019-12-11,2524.65,2533.6,2484.0,2509.55,824000,2628.26,2567.1,2466.65,2668.35,2668.35,59.27,45.81,0,,2401.36,,,0,,,0,,,,
2019-12-12,2525.4,2580.55,2518.5,2568.8,1039300,2624.82,2568.92,2468.0,2668.35,2668.35,60.11,52.34,0,,2439.47,,,0,,,0,,,,
2019-12-13,2620.3,2645.3,2607.55,2626.75,1841400,2621.79,2573.12,2484.0,2668.35,2668.35,61.28,57.71,0,,2481.4,,,0,,,0,,,,
2019-12-16,2640.55,2642.5,2586.65,2591.1,1092300,2618.94,2574.1,2484.0,2668.35,2668.35,60.89,53.7,0,,2458.66,,,0,,,0,,,,
2019-12-17,2603.9,2677.25,2600.95,2665.75,2017000,2616.84,2574.89,2484.0,2677.25,2668.35,62.7,59.97,0,,2505.61,,,0,,,0,,,,
2019-12-18,2667.75,2704.6,2648.85,2687.65,1718600,2615.03,2577.24,2484.0,2704.6,2677.25,62.2,61.62,1,2687.65,2520.07,2520.07,2520.07,1,20,2019-12-18,0,,,,
2019-12-19,2678.85,2697.65,2667.75,2691.1,1368900,2613.52,2579.16,2484.0,2704.6,2704.6,59.89,61.88,0,,2523.83,,2523.83,1,20,2019-12-18,0,,,,
2019-12-20,2693.35,2724.65,2684.3,2707.5,1762200,2612.42,2580.78,2484.0,2724.65,2704.6,58.5,63.19,1,2707.5,2535.34,2535.34,2535.34,1,20,2019-12-18,0,,,,
2019-12-23,2711.0,2738.0,2694.55,2706.35,1350100,2611.66,2583.89,2484.0,2738.0,2724.65,57.42,63.02,0,,2535.31,,2535.34,1,20,2019-12-18,0,,,,
2019-12-24,2716.5,2734.15,2709.6,2723.15,1015600,2610.89,2587.66,2484.0,2738.0,2738.0,55.31,64.46,0,,2547.56,,2547.56,1,20,2019-12-18,0,,,,
2019-12-26,2725.1,2754.95,2721.1,2739.0,1495700,2610.63,2593.74,2484.0,2754.95,2738.0,53.77,65.81,1,2739.0,2558.81,2558.81,2558.81,1,20,2019-12-18,0,,,,
2019-12-27,2750.8,2768.75,2724.65,2760.35,926400,2610.29,2602.2,2484.0,2768.75,2754.95,53.08,67.6,0,,2573.04,,2573.04,1,20,2019-12-18,0,,,,
2019-12-30,2765.2,2801.6,2737.7,2796.5,1057600,2610.22,2612.12,2484.0,2801.6,2768.75,53.86,70.42,0,,2595.84,,2595.84,1,20,2019-12-18,0,,,,
2019-12-31,2788.1,2813.6,2783.8,2801.3,1013800,2609.57,2620.84,2484.0,2813.6,2801.6,52.14,70.79,0,,2600.08,,2600.08,1,20,2019-12-18,0,,,,
2020-01-01,2805.45,2818.0,2773.75,2796.05,1082400,2609.18,2630.11,2484.0,2818.0,2813.6,51.57,69.78,0,,2597.07,,2600.08,1,20,2019-12-18,0,,,,
2020-01-02,2818.4,2873.1,2818.2,2869.9,2355000,2609.22,2641.61,2518.5,2873.1,2818.0,53.39,75.15,1,2869.9,2654.99,2654.99,2654.99,1,20,2019-12-18,0,,,,
2020-01-03,2860.65,2867.75,2835.55,2848.35,1301100,2609.39,2654.21,2586.65,2873.1,2873.1,52.03,71.17,0,,2664.71,,2664.71,1,20,2019-12-18,0,,,,
2020-01-06,2828.25,2829.0,2761.45,2765.75,1037100,2608.47,2662.36,2586.65,2873.1,2873.1,54.52,58.41,0,,2609.78,,2664.71,1,20,2019-12-18,0,,,,
2020-01-07,2785.25,2815.25,2763.3,2785.9,1330400,2607.27,2668.49,2600.95,2873.1,2873.1,54.34,60.28,0,,2627.66,,2664.71,1,20,2019-12-18,0,,,,
2020-01-08,2751.2,2777.2,2736.4,2767.25,1559800,2605.77,2674.72,2648.85,2873.1,2873.1,53.99,57.7,0,,2631.83,,2664.71,1,20,2019-12-18,0,,,,
2020-01-09,2814.95,2820.45,2787.25,2806.8,1279700,2604.9,2681.52,2667.75,2873.1,2873.1,53.94,61.47,0,,2663.68,,2664.71,1,20,2019-12-18,0,,,,
2020-01-10,2820.6,2864.55,2803.2,2840.75,1504800,2604.34,2687.64,2684.3,2873.1,2873.1,54.47,64.41,0,,2690.74,,2690.74,1,20,2019-12-18,0,,,,
2020-01-13,2851.85,2877.35,2846.15,2874.1,1000100,2604.16,2695.93,2694.55,2877.35,2873.1,53.19,67.06,1,2874.1,2716.52,2716.52,2716.52,1,20,2019-12-18,0,,,,
2020-01-14,2880.5,2917.1,2876.85,2900.65,1349700,2603.83,2704.86,2709.6,2917.1,2877.35,52.46,69.05,0,,2739.14,,2739.14,1,20,2019-12-18,0,,,,
2020-01-15,2888.8,2927.95,2870.8,2921.45,1257300,2603.59,2716.77,2721.1,2927.95,2917.1,52.8,70.54,0,,2756.17,,2756.17,1,20,2019-12-18,0,,,,
2020-01-16,2920.1,2924.1,2872.5,2884.8,1095200,2603.34,2726.13,2724.65,2927.95,2927.95,52.71,64.62,0,,2733.77,,2756.17,1,20,2019-12-18,0,,,,
2020-01-17,2882.9,2895.0,2860.6,2864.65,833400,2603.06,2736.82,2736.4,2927.95,2927.95,51.4,61.56,0,,2725.56,,2756.17,1,20,2019-12-18,0,,,,
2020-01-20,2872.7,2882.35,2832.25,2835.85,1011800,2602.55,2746.82,2736.4,2927.95,2927.95,51.31,57.38,0,,2707.05,,2756.17,1,20,2019-12-18,0,,,,
2020-01-21,2823.65,2845.75,2794.35,2799.95,1100,2601.54,2755.1,2736.4,2927.95,2927.95,51.32,52.58,0,,2683.89,,2756.17,1,20,2019-12-18,0,,,,
2020-01-22,2804.8,2806.15,2749.5,2756.75,1200,2600.17,2763.13,2736.4,2927.95,2927.95,51.7,47.45,0,,2655.77,,2756.17,1,20,2019-12-18,1,2756.17,TRAILING_STOP,25,2.55
2020-01-23,2759.05,2779.35,2750.95,2769.25,1400400,2598.93,2771.78,2736.4,2927.95,2927.95,50.03,49.0,0,,2664.94,,,0,,,0,,,,
2020-01-24,2772.4,2808.0,2756.9,2796.2,935600,2597.94,2779.36,2736.4,2927.95,2927.95,50.11,52.27,0,,2682.28,,,0,,,0,,,,
2020-01-27,2766.7,2767.65,2698.5,2709.75,1236900,2596.93,2782.13,2698.5,2927.95,2927.95,53.51,42.79,0,,2611.62,,,0,,,0,,,,
2020-01-28,2705.75,2706.95,2625.2,2642.25,1326900,2595.38,2783.84,2625.2,2927.95,2927.95,55.73,37.12,0,,2542.17,,,0,,,0,,,,
2020-01-29,2673.1,2700.4,2662.35,2665.85,1108700,2593.91,2783.84,2625.2,2927.95,2927.95,55.9,40.11,0,,2557.27,,,0,,,0,,,,
2020-01-30,2667.4,2669.55,2621.05,2628.9,1272700,2591.84,2781.88,2621.05,2927.95,2927.95,55.37,37.13,0,,2532.41,,,0,,,0,,,,
2020-01-31,2642.25,2645.7,2559.85,2569.0,1380000,2589.43,2777.81,2559.85,2927.95,2927.95,57.55,32.88,0,,2471.92,,,0,,,0,,,,
2020-02-03,2475.45,2522.7,2458.45,2510.95,1313400,2586.89,2771.26,2458.45,2927.95,2927.95,61.33,29.36,0,,2398.16,,,0,,,0,,,,
2020-02-04,2537.6,2598.85,2523.7,2594.25,1132200,2584.56,2767.52,2458.45,2927.95,2927.95,63.23,39.37,0,,2450.62,,,0,,,0,,,,
2020-02-05,2605.7,2677.8,2585.8,2665.4,1274000,2582.18,2765.6,2458.45,2927.95,2927.95,65.29,46.36,0,,2495.14,,,0,,,0,,,,
2020-02-06,2684.75,2708.65,2662.75,2688.75,1335100,2580.01,2763.92,2458.45,2927.95,2927.95,63.9,48.46,0,,2511.13,,,0,,,0,,,,
2020-02-07,2684.2,2715.85,2660.8,2710.8,1141900,2578.21,2762.27,2458.45,2927.95,2927.95,63.27,50.44,0,,2525.77,,,0,,,0,,,,
2020-02-10,2687.65,2692.85,2616.75,2628.9,1338500,2575.89,2756.68,2458.45,2927.95,2927.95,65.47,43.74,0,,2471.48,,,0,,,0,,,,
2020-02-11,2650.85,2683.1,2648.2,2651.75,1379300,2573.61,2751.7,2458.45,2927.95,2927.95,64.66,45.9,0,,2486.75,,,0,,,0,,,,
2020-02-12,2669.0,2691.05,2653.05,2668.25,1097900,2571.45,2747.44,2458.45,2924.1,2927.95,62.85,47.47,0,,2498.6,,,0,,,0,,,,
2020-02-13,2671.4,2674.85,2635.1,2651.6,852300,2569.38,2740.16,2458.45,2895.0,2924.1,61.2,46.02,0,,2488.96,,,0,,,0,,,,
2020-02-14,2649.5,2663.25,2608.85,2613.6,890700,2567.79,2732.34,2458.45,2882.35,2895.0,60.72,42.8,0,,2464.78,,,0,,,0,,,,
2020-02-17,2614.35,2622.35,2581.75,2586.7,1040900,2566.43,2726.37,2458.45,2845.75,2882.35,59.28,40.64,0,,2448.39,,,0,,,0,,,,
2020-02-18,2572.4,2573.3,2514.0,2556.05,1272800,2564.88,2718.71,2458.45,2808.0,2845.75,60.24,38.27,0,,2427.98,,,0,,,0,,,,
2020-02-19,2588.3,2606.8,2569.6,2591.05,1027600,2563.78,2712.83,2458.45,2808.0,2808.0,59.56,42.4,0,,2451.0,,,0,,,0,,,,
2020-02-20,2582.95,2627.25,2568.25,2612.25,1143300,2562.49,2706.35,2458.45,2808.0,2808.0,59.52,44.81,0,,2464.7,,,0,,,0,,,,
2020-02-24,2578.8,2578.8,2463.25,2469.6,1349100,2560.11,2693.98,2458.45,2767.65,2808.0,65.91,34.38,0,,2368.43,,,0,,,0,,,,
2020-02-25,2495.25,2510.75,2462.05,2470.35,1171200,2557.76,2680.52,2462.05,2715.85,2767.65,64.68,34.47,0,,2370.94,,,0,,,0,,,,
2020-02-26,2431.6,2456.55,2416.4,2430.0,1238600,2554.98,2664.83,2416.4,2715.85,2715.85,63.92,32.03,0,,2330.21,,,0,,,0,,,,
2020-02-27,2424.2,2425.3,2367.8,2410.05,1175100,2552.06,2647.78,2367.8,2715.85,2715.85,63.79,30.86,0,,2301.22,,,0,,,0,,,,
2020-02-28,2333.2,2335.05,2230.6,2246.05,2031700,2548.51,2626.49,2230.6,2715.85,2715.85,72.05,23.35,0,,2144.2,,,0,,,0,,,,
2020-03-02,2307.6,2326.55,2169.05,2197.6,1611700,2544.88,2604.26,2169.05,2715.85,2715.85,78.16,21.67,0,,2088.36,,,0,,,0,,,,
2020-03-03,2238.95,2339.45,2238.05,2320.75,1753300,2541.76,2587.09,2169.05,2715.85,2715.85,82.71,34.55,0,,2164.76,,,0,,,0,,,,
2020-03-04,2321.95,2323.95,2247.25,2304.3,1773800,2538.6,2570.56,2169.05,2715.85,2715.85,82.28,33.75,0,,2154.44,,,0,,,0,,,,
2020-03-05,2327.65,2351.45,2278.0,2284.85,1468600,2535.75,2554.84,2169.05,2715.85,2715.85,81.65,32.79,0,,2142.31,,,0,,,0,,,,
2020-03-06,2171.05,2201.65,2133.8,2183.9,1172000,2532.4,2535.32,2133.8,2715.85,2715.85,86.6,28.27,0,,2062.15,,,0,,,0,,,,
2020-03-09,2101.95,2107.95,2004.0,2020.05,1867400,2527.91,2509.45,2004.0,2692.85,2715.85,93.27,22.78,0,,1908.75,,,0,,,0,,,,
2020-03-11,2010.3,2032.95,1968.35,1986.95,2045500,2523.75,2485.36,1968.35,2691.05,2692.85,91.22,21.86,0,,1876.89,,,0,,,0,,,,
2020-03-12,1869.8,1875.6,1768.25,1800.6,2502700,2518.9,2457.3,1768.25,2691.05,2691.05,100.33,17.55,0,,1683.92,,,0,,,0,,,,
2020-03-13,1677.65,1922.9,1546.15,1903.35,2792500,2514.34,2431.89,1546.15,2674.85,2691.05,120.07,26.19,0,,1663.0,,,0,,,0,,,,
2020-03-16,1807.6,1852.45,1722.5,1730.6,1932600,2509.16,2401.94,1546.15,2663.25,2674.85,124.41,22.01,0,,1548.68,,,0,,,0,,,,
2020-03-17,1757.65,1816.0,1699.85,1710.45,1871500,2504.17,2373.32,1546.15,2627.25,2663.25,123.82,21.58,0,,1536.08,,,0,,,0,,,,
2020-03-18,1761.6,1763.1,1640.15,1664.2,2072000,2499.16,2345.1,1546.15,2627.25,2627.25,123.76,20.58,0,,1506.29,,,0,,,0,,,,
2020-03-19,1584.0,1649.7,1558.05,1574.2,1907700,2493.34,2311.1,1546.15,2627.25,2627.25,122.5,18.76,0,,1449.07,,,0,,,0,,,,
2020-03-20,1605.05,1714.9,1582.4,1692.85,1910600,2488.69,2278.68,1546.15,2627.25,2627.25,123.8,27.83,0,,1524.74,,,0,,,0,,,,
2020-03-23,1538.25,1587.45,1480.7,1496.45,1093800,2482.54,2238.94,1480.7,2578.8,2627.25,130.11,23.21,0,,1372.04,,,0,,,0,,,,
2020-03-24,1539.5,1579.7,1485.2,1502.4,1364300,2476.57,2198.66,1480.7,2510.75,2578.8,127.57,23.62,0,,1377.57,,,0,,,0,,,,
2020-03-25,1485.25,1557.05,1483.8,1541.2,1139400,2471.14,2162.4,1480.7,2456.55,2510.75,123.69,26.41,0,,1405.18,,,0,,,0,,,,
2020-03-26,1561.6,1596.3,1523.85,1542.95,1588600,2465.36,2125.44,1480.7,2425.3,2456.55,120.03,26.54,0,,1408.75,,,0,,,0,,,,
2020-03-27,1580.7,1606.75,1528.55,1554.85,1386300,2459.71,2088.33,1480.7,2351.45,2425.3,117.04,27.47,0,,1418.42,,,0,,,0,,,,
2020-03-30,1506.4,1527.6,1483.5,1507.7,1132000,2453.82,2050.2,1480.7,2351.45,2351.45,113.78,26.05,0,,1390.18,,,0,,,0,,,,
2020-03-31,1544.5,1601.0,1539.25,1585.9,1851900,2448.71,2015.94,1480.7,2351.45,2351.45,112.31,32.3,0,,1441.6,,,0,,,0,,,,
2020-04-01,1575.75,1578.4,1535.25,1553.55,1393800,2443.85,1981.5,1480.7,2351.45,2351.45,107.91,31.13,0,,1423.67,,,0,,,0,,,,
2020-04-03,1563.55,1568.75,1496.65,1522.9,1492700,2439.31,1947.06,1480.7,2351.45,2351.45,105.35,30.02,0,,1405.6,,,0,,,0,,,,
2020-04-07,1579.7,1648.5,1559.15,1637.0,2218500,2435.03,1915.26,1480.7,2201.65,2351.45,106.8,38.78,0,,1478.23,,,0,,,0,,,,
2020-04-08,1613.4,1726.4,1597.05,1624.85,2547900,2430.82,1882.35,1480.7,2107.95,2201.65,108.41,38.23,0,,1469.32,,,0,,,0,,,,
2020-04-09,1665.3,1709.55,1660.1,1705.45,1714600,2426.83,1856.88,1480.7,2032.95,2107.95,106.72,43.9,0,,1522.44,,,0,,,0,,,,
2020-04-13,1714.5,1745.2,1659.95,1738.4,1740500,2423.58,1832.48,1480.7,1922.9,2032.95,105.18,46.08,0,,1544.71,,,0,,,0,,,,
2020-04-15,1771.2,1814.45,1735.3,1752.9,2183900,2420.24,1809.91,1480.7,1922.9,1922.9,103.32,47.06,0,,1555.31,,,0,,,0,,,,
2020-04-16,1738.55,1798.75,1724.35,1779.75,1644200,2416.84,1788.9,1480.7,1852.45,1922.9,101.26,48.9,0,,1574.0,,,0,,,0,,,,
2020-04-17,1837.2,1842.15,1784.05,1816.5,1494700,2414.15,1774.58,1483.5,1842.15,1852.45,98.48,51.39,0,,1600.49,,,0,,,0,,,,
2020-04-20,1842.4,1842.9,1750.25,1756.45,1522100,2410.83,1759.88,1483.5,1842.9,1842.15,98.07,47.33,0,,1562.03,,,0,,,0,,,,
2020-04-21,1712.6,1714.5,1649.25,1666.6,1746700,2406.52,1738.07,1483.5,1842.9,1842.9,98.72,41.98,0,,1503.65,,,0,,,0,,,,
2020-04-22,1651.75,1680.2,1616.65,1673.3,1383200,2401.95,1717.04,1483.5,1842.9,1842.9,96.21,42.5,0,,1509.64,,,0,,,0,,,,
2020-04-23,1685.55,1725.5,1679.95,1694.75,1324100,2397.52,1697.37,1483.5,1842.9,1842.9,93.06,44.23,0,,1525.57,,,0,,,0,,,,
2020-04-24,1680.45,1709.6,1641.45,1645.2,1974000,2392.39,1679.41,1496.65,1842.9,1842.9,91.28,41.15,0,,1499.18,,,0,,,0,,,,
2020-04-27,1672.6,1687.45,1664.1,1666.6,1116000,2387.43,1667.63,1496.65,1842.9,1842.9,87.78,43.0,0,,1515.32,,,0,,,0,,,,
2020-04-28,1678.3,1685.95,1653.8,1661.65,1121400,2382.21,1656.78,1496.65,1842.9,1842.9,83.81,42.66,0,,1514.78,,,0,,,0,,,,
2020-04-29,1666.35,1730.8,1662.2,1723.8,1907400,2377.44,1654.22,1559.15,1842.9,1842.9,82.76,48.1,0,,1576.39,,,0,,,0,,,,
2020-04-30,1763.5,1871.95,1761.05,1859.9,2545400,2374.0,1652.78,1597.05,1871.95,1842.9,87.43,57.59,0,,1673.7,,,0,,,0,,,,
2020-05-04,1769.25,1772.3,1704.55,1713.8,1460700,2369.4,1652.22,1616.65,1871.95,1871.95,92.28,47.54,0,,1582.76,,,0,,,0,,,,
2020-05-05,1748.8,1755.5,1685.45,1693.65,1458100,2364.94,1651.66,1616.65,1871.95,1871.95,90.69,46.34,0,,1570.82,,,0,,,0,,,,
2020-05-06,1707.8,1719.8,1681.0,1697.95,1135100,2359.61,1652.78,1616.65,1871.95,1871.95,86.99,46.65,0,,1576.07,,,0,,,0,,,,
2020-05-07,1676.35,1717.65,1672.05,1695.55,1026600,2354.07,1656.83,1616.65,1871.95,1871.95,84.03,46.49,0,,1576.49,,,0,,,0,,,,
2020-05-08,1734.85,1737.0,1671.0,1676.55,1018400,2348.68,1656.28,1616.65,1871.95,1871.95,82.74,45.16,0,,1565.1,,,0,,,0,,,,
2020-05-11,1695.3,1720.1,1688.3,1697.9,1064700,2343.87,1663.0,1616.65,1871.95,1871.95,79.94,47.0,0,,1580.73,,,0,,,0,,,,
2020-05-12,1687.2,1727.3,1657.4,1717.55,2103900,2338.51,1670.17,1616.65,1871.95,1871.95,79.23,48.7,0,,1593.89,,,0,,,0,,,,
2020-05-13,1812.2,1813.55,1750.8,1760.6,2828300,2333.89,1677.48,1616.65,1871.95,1871.95,80.42,52.31,0,,1620.85,,,0,,,0,,,,
2020-05-14,1732.15,1753.25,1710.3,1715.05,1160700,2329.06,1683.22,1641.45,1871.95,1871.95,78.27,48.43,0,,1601.18,,,0,,,0,,,,
2020-05-15,1728.8,1763.85,1714.15,1742.6,2065300,2324.7,1689.48,1641.45,1871.95,1871.95,76.23,50.81,0,,1620.31,,,0,,,0,,,,
2020-05-18,1746.2,1746.4,1667.8,1673.5,2163000,2320.34,1695.0,1653.8,1871.95,1871.95,76.4,45.17,0,,1579.74,,,0,,,0,,,,
2020-05-19,1701.4,1722.15,1683.1,1693.55,1568300,2316.32,1698.59,1653.8,1871.95,1871.95,74.42,47.01,0,,1593.99,,,0,,,0,,,,
2020-05-20,1690.95,1716.05,1681.55,1711.5,1045000,2312.6,1703.86,1657.4,1871.95,1871.95,71.57,48.67,0,,1608.67,,,0,,,0,,,,
2020-05-21,1718.15,1759.45,1707.75,1742.9,1666000,2308.76,1711.19,1657.4,1871.95,1871.95,70.15,51.52,0,,1629.87,,,0,,,0,,,,
2020-05-22,1725.65,1726.6,1697.7,1710.45,1147100,2304.94,1713.64,1657.4,1871.95,1871.95,68.37,48.52,0,,1610.13,,,0,,,0,,,,
2020-05-26,1724.95,1763.95,1724.35,1756.35,1838300,2301.07,1718.02,1657.4,1871.95,1871.95,67.3,52.72,0,,1640.44,,,0,,,0,,,,
2020-05-27,1763.55,1813.4,1756.0,1801.25,1874300,2297.35,1721.22,1657.4,1871.95,1871.95,66.6,56.46,0,,1669.87,,,0,,,0,,,,
2020-05-28,1813.7,1852.75,1804.1,1844.5,1608100,2293.66,1724.75,1657.4,1871.95,1871.95,65.52,59.76,0,,1698.49,,,0,,,0,,,,
2020-05-29,1823.05,1890.75,1814.75,1879.85,1759800,2290.27,1728.98,1657.4,1890.75,1871.95,66.27,62.28,0,,1720.79,,,0,,,0,,,,
2020-06-01,1909.8,1968.2,1907.0,1952.5,1817100,2287.22,1734.74,1657.4,1968.2,1890.75,67.84,66.87,0,,1766.6,,,0,,,0,,,,
2020-06-02,1967.85,1976.05,1936.0,1956.1,1675400,2283.88,1739.4,1657.4,1976.05,1968.2,65.86,67.09,0,,1770.24,,,0,,,0,,,,
2020-06-03,1980.85,1995.6,1943.85,1952.7,1407300,2280.62,1745.94,1667.8,1995.6,1976.05,64.85,66.65,0,,1772.19,,,0,,,0,,,,
2020-06-04,1951.75,1979.3,1939.3,1972.9,1790900,2277.52,1756.15,1667.8,1995.6,1995.6,63.08,67.98,0,,1786.4,,,0,,,0,,,,
2020-06-05,1995.9,2057.05,1990.15,2049.7,2644400,2275.06,1768.7,1667.8,2057.05,1995.6,64.58,72.49,0,,1834.94,,,0,,,0,,,,
2020-06-08,2088.25,2105.65,2029.7,2044.85,2148800,2272.62,1780.36,1667.8,2105.65,2057.05,65.39,71.81,0,,1831.27,,,0,,,0,,,,
2020-06-09,2060.45,2076.55,2013.85,2022.5,1579900,2269.31,1792.94,1681.55,2105.65,2105.65,65.2,68.58,0,,1821.56,,,0,,,0,,,,
2020-06-10,2020.3,2029.8,1995.05,2010.8,1343000,2265.96,1804.42,1681.55,2105.65,2105.65,63.03,66.88,0,,1815.47,,,0,,,0,,,,
2020-06-11,2000.75,2019.35,1948.3,1954.85,1198000,2262.32,1814.19,1697.7,2105.65,2105.65,63.6,59.33,0,,1784.38,,,0,,,0,,,,
2020-06-12,1873.4,1972.75,1872.4,1966.1,1376600,2258.35,1822.26,1697.7,2105.65,2105.65,66.22,60.3,0,,1789.88,,,0,,,0,,,,
2020-06-15,1966.3,1967.0,1915.95,1928.55,1476600,2253.59,1824.55,1724.35,2105.65,2105.65,65.14,55.53,0,,1775.27,,,0,,,0,,,,
2020-06-16,1976.85,2001.05,1918.05,1955.9,2122600,2249.18,1832.62,1756.0,2105.65,2105.65,66.42,58.13,0,,1802.61,,,0,,,0,,,,
2020-06-17,1947.5,1974.85,1935.3,1940.45,1186300,2244.56,1840.85,1804.1,2105.65,2105.65,64.5,56.13,0,,1809.96,,,0,,,0,,,,
2020-06-18,1937.25,2005.45,1931.65,1998.65,1586200,2240.16,1850.87,1814.75,2105.65,2105.65,65.16,61.49,0,,1850.6,,,0,,,0,,,,
2020-06-19,2021.4,2026.45,1988.1,1997.55,1858100,2236.06,1860.94,1872.4,2105.65,2105.65,63.25,61.34,0,,1870.39,,,0,,,0,,,,
2020-06-22,2001.05,2056.35,1995.7,2049.8,1528800,2232.32,1873.38,1872.4,2105.65,2105.65,63.06,65.69,0,,1904.21,,,0,,,0,,,,
2020-06-23,2064.1,2096.45,2056.65,2085.8,1769500,2229.18,1886.31,1872.4,2105.65,2105.65,61.89,68.34,0,,1928.22,,,0,,,0,,,,
2020-06-24,2114.5,2123.6,2034.55,2042.35,2253200,2226.09,1897.14,1872.4,2123.6,2105.65,63.83,62.11,0,,1898.9,,,0,,,0,,,,
2020-06-25,2020.05,2055.95,2013.25,2030.8,2008400,2222.97,1906.14,1872.4,2123.6,2123.6,62.32,60.53,0,,1892.45,,,0,,,0,,,,
2020-06-26,2052.3,2066.45,2037.0,2043.35,1317100,2219.66,1917.09,1872.4,2123.6,2123.6,60.41,61.67,0,,1901.82,,,0,,,0,,,,
2020-06-29,2034.35,2036.7,1964.35,1989.5,1340600,2216.14,1925.32,1872.4,2123.6,2123.6,61.74,54.41,0,,1866.2,,,0,,,0,,,,
2020-06-30,2007.2,2041.3,1985.35,1991.35,1941800,2212.58,1935.91,1872.4,2123.6,2123.6,61.33,54.61,0,,1867.67,,,0,,,0,,,,
2020-07-01,1999.6,2006.95,1976.05,1997.35,1060700,2209.42,1946.04,1872.4,2123.6,2123.6,59.16,55.29,0,,1872.99,,,0,,,0,,,,
2020-07-02,2011.15,2020.8,1995.45,2017.0,1179400,2206.06,1956.22,1872.4,2123.6,2123.6,56.74,57.52,0,,1887.27,,,0,,,0,,,,
2020-07-03,2027.7,2031.25,1999.3,2008.5,1267600,2202.11,1965.08,1915.95,2123.6,2123.6,54.97,56.21,0,,1897.49,,,0,,,0,,,,
2020-07-06,2024.35,2069.95,2013.7,2058.15,1752200,2198.62,1976.67,1918.05,2123.6,2123.6,55.43,61.7,0,,1929.9,,,0,,,0,,,,
2020-07-07,2065.1,2065.1,2019.3,2022.6,1482800,2194.76,1985.54,1931.65,2123.6,2123.6,54.74,56.26,0,,1911.96,,,0,,,0,,,,
2020-07-08,2031.65,2101.1,2027.5,2054.3,4482500,2190.74,1993.98,1931.65,2123.6,2123.6,56.44,59.67,0,,1931.28,,,0,,,0,,,,
2020-07-09,2072.1,2121.75,2071.35,2094.3,2712500,2187.2,2002.3,1964.35,2123.6,2123.6,57.23,63.54,0,,1967.46,,,0,,,0,,,,
2020-07-10,2081.45,2086.15,2054.6,2078.2,1815500,2183.5,2008.92,1964.35,2123.6,2123.6,55.98,61.0,0,,1957.91,,,0,,,0,,,,
2020-07-13,2098.2,2118.65,2087.6,2105.15,2066400,2180.44,2014.0,1964.35,2123.6,2123.6,54.87,63.62,0,,1976.03,,,0,,,0,,,,
2020-07-14,2094.65,2094.65,2042.8,2052.45,1168400,2176.76,2017.22,1964.35,2123.6,2123.6,55.4,55.75,0,,1941.68,,,0,,,0,,,,
2020-07-15,2069.65,2091.2,2048.0,2055.75,1069800,2173.51,2020.65,1964.35,2123.6,2123.6,54.53,56.11,0,,1944.39,,,0,,,0,,,,
2020-07-16,2054.5,2077.8,2018.55,2070.65,1406100,2170.41,2023.91,1964.35,2123.6,2123.6,54.87,57.81,0,,1953.77,,,0,,,0,,,,
2020-07-17,2087.5,2130.5,2083.7,2103.0,2149200,2167.42,2025.68,1964.35,2130.5,2123.6,55.22,61.31,0,,1974.4,,,0,,,0,,,,
2020-07-20,2115.45,2122.8,2094.6,2106.0,1054100,2164.68,2027.72,1976.05,2130.5,2130.5,53.29,61.63,0,,1981.52,,,0,,,0,,,,
2020-07-21,2122.6,2126.1,2090.3,2118.6,1286100,2162.08,2030.93,1976.05,2130.5,2130.5,52.04,63.0,0,,1990.48,,,0,,,0,,,,
2020-07-22,2128.55,2168.7,2092.75,2113.95,2099600,2159.04,2034.37,1995.45,2168.7,2130.5,53.75,62.12,0,,1992.81,,,0,,,0,,,,
2020-07-23,2120.9,2138.35,2113.05,2131.4,882200,2155.74,2040.25,1999.3,2168.7,2168.7,51.72,64.15,0,,2006.71,,,0,,,0,,,,
2020-07-24,2112.4,2117.15,2071.25,2087.5,1051300,2152.39,2044.3,2013.7,2168.7,2168.7,52.32,56.01,0,,1982.79,,,0,,,0,,,,
2020-07-27,2094.35,2107.05,2064.5,2094.4,1065800,2148.58,2049.82,2018.55,2168.7,2168.7,51.62,56.93,0,,1989.32,,,0,,,0,,,,
2020-07-28,2101.7,2144.55,2101.6,2141.3,1285000,2144.93,2056.0,2018.55,2168.7,2168.7,51.52,62.68,0,,2019.64,,,0,,,0,,,,
2020-07-29,2138.75,2192.3,2131.95,2160.75,1606600,2141.4,2063.35,2018.55,2192.3,2168.7,52.15,64.78,0,,2031.77,,,0,,,0,,,,
2020-07-30,2170.2,2178.45,2123.4,2135.15,1923200,2137.58,2067.9,2018.55,2192.3,2192.3,52.36,60.0,0,,2015.12,,,0,,,0,,,,
2020-07-31,2137.05,2158.3,2122.1,2147.3,1210400,2133.86,2072.89,2018.55,2192.3,2192.3,51.2,61.45,0,,2023.72,,,0,,,0,,,,
2020-08-03,2149.1,2181.55,2133.4,2156.15,1301700,2130.08,2076.44,2018.55,2192.3,2192.3,50.98,62.52,0,,2029.58,,,0,,,0,,,,
2020-08-04,2168.8,2185.75,2155.4,2177.35,1152600,2126.33,2079.49,2018.55,2192.3,2192.3,49.51,65.02,0,,2044.23,,,0,,,0,,,,
2020-08-05,2190.7,2272.75,2190.35,2263.8,2692300,2123.02,2086.87,2018.55,2272.75,2192.3,52.79,72.96,1,2263.8,2097.81,2097.81,2097.81,1,21,2020-08-05,0,,,,
2020-08-06,2268.05,2301.4,2255.6,2294.75,1713100,2119.68,2095.67,2064.5,2301.4,2272.75,52.29,75.13,0,,2133.42,,2133.42,1,21,2020-08-05,0,,,,
2020-08-07,2286.45,2319.9,2280.5,2314.35,1328300,2116.43,2104.7,2064.5,2319.9,2301.4,51.37,76.42,0,,2146.68,,2146.68,1,21,2020-08-05,0,,,,
2020-08-10,2322.45,2337.2,2295.65,2332.0,966100,2113.34,2116.12,2064.5,2337.2,2319.9,50.67,77.55,0,,2158.53,,2158.53,1,21,2020-08-05,0,,,,
2020-08-11,2349.65,2407.95,2349.65,2370.65,2199600,2110.01,2128.76,2064.5,2407.95,2337.2,52.47,79.84,0,,2182.25,,2182.25,1,21,2020-08-05,0,,,,
2020-08-12,2352.05,2359.15,2320.9,2354.8,1033400,2106.72,2140.68,2064.5,2407.95,2407.95,52.28,76.41,0,,2172.16,,2182.25,1,21,2020-08-05,0,,,,
2020-08-13,2370.7,2403.05,2359.85,2380.65,1142500,2104.15,2152.8,2064.5,2407.95,2407.95,51.99,78.06,0,,2189.03,,2189.03,1,21,2020-08-05,0,,,,
2020-08-14,2384.85,2454.3,2377.7,2405.8,1924700,2101.62,2166.04,2064.5,2454.3,2407.95,53.75,79.56,0,,2204.08,,2204.08,1,21,2020-08-05,0,,,,
2020-08-17,2420.0,2470.3,2414.7,2464.25,1323500,2099.6,2179.58,2101.6,2470.3,2454.3,54.52,82.55,1,2464.25,2253.63,2253.63,2253.63,1,21,2020-08-05,0,,,,
2020-08-18,2469.45,2515.75,2455.1,2507.5,1282300,2097.6,2195.74,2122.1,2515.75,2470.3,54.95,84.38,0,,2288.07,,2288.07,1,21,2020-08-05,0,,,,
2020-08-19,2518.15,2521.75,2498.95,2513.15,1318100,2095.42,2211.04,2122.1,2521.75,2515.75,52.66,84.6,0,,2293.24,,2293.24,1,21,2020-08-05,0,,,,
2020-08-20,2479.3,2545.0,2471.95,2538.9,1487000,2093.18,2225.86,2122.1,2545.0,2521.75,54.11,85.62,1,2538.9,2308.88,2308.88,2308.88,1,21,2020-08-05,0,,,,
2020-08-21,2562.35,2579.45,2517.05,2523.6,1501200,2090.67,2240.7,2133.4,2579.45,2545.0,54.71,82.14,0,,2302.38,,2308.88,1,21,2020-08-05,0,,,,
2020-08-24,2545.75,2552.25,2521.2,2526.1,1017400,2088.03,2254.73,2155.4,2579.45,2579.45,53.02,82.26,0,,2312.46,,2312.46,1,21,2020-08-05,0,,,,
2020-08-25,2541.85,2542.45,2493.4,2507.5,1219500,2085.52,2269.9,2190.35,2579.45,2579.45,52.73,77.83,0,,2312.3,,2312.46,1,21,2020-08-05,0,,,,
2020-08-26,2513.25,2540.75,2505.45,2527.8,1181400,2083.27,2285.64,2255.6,2579.45,2579.45,51.49,79.15,0,,2347.97,,2347.97,1,21,2020-08-05,0,,,,
2020-08-27,2531.95,2551.5,2513.55,2531.05,1454300,2081.24,2300.98,2280.5,2579.45,2579.45,50.52,79.36,0,,2359.01,,2359.01,1,21,2020-08-05,0,,,,
2020-08-28,2539.4,2570.65,2517.35,2520.35,2329400,2079.38,2314.89,2295.65,2579.45,2579.45,50.72,76.6,0,,2357.03,,2359.01,1,21,2020-08-05,0,,,,
2020-08-31,2524.7,2533.1,2410.5,2420.6,1928700,2077.13,2325.38,2320.9,2579.45,2579.45,55.85,56.76,0,,2297.68,,2359.01,1,21,2020-08-05,0,,,,
2020-09-01,2424.7,2507.0,2421.15,2496.75,1353000,2075.32,2337.99,2320.9,2579.45,2579.45,58.04,64.35,0,,2345.35,,2359.01,1,21,2020-08-05,0,,,,
2020-09-02,2512.8,2548.25,2500.7,2541.35,1236000,2073.62,2352.23,2359.85,2579.45,2579.45,57.57,67.9,0,,2387.41,,2387.41,1,21,2020-08-05,0,,,,
2020-09-03,2551.9,2556.35,2518.5,2527.3,981700,2072.4,2365.43,2377.7,2579.45,2579.45,56.16,65.68,0,,2385.23,,2387.41,1,21,2020-08-05,0,,,,
2020-09-04,2476.55,2511.95,2442.05,2451.35,1099900,2071.13,2377.56,2410.5,2579.45,2579.45,58.24,55.17,0,,2345.8,,2387.41,1,21,2020-08-05,0,,,,
2020-09-07,2456.75,2480.15,2433.45,2450.05,847400,2069.69,2389.41,2410.5,2579.45,2579.45,57.41,55.01,0,,2345.51,,2387.41,1,21,2020-08-05,0,,,,
2020-09-08,2456.85,2457.3,2365.25,2376.85,1336300,2068.01,2397.26,2365.25,2579.45,2579.45,59.89,46.69,0,,2281.56,,2387.41,1,21,2020-08-05,1,2387.41,TRAILING_STOP,25,5.46
2020-09-09,2339.35,2407.5,2302.4,2397.2,1706700,2066.87,2405.15,2302.4,2579.45,2579.45,63.12,49.0,0,,2271.58,,,0,,,0,,,,
2020-09-10,2423.2,2426.65,2336.1,2369.8,1259700,2065.92,2412.97,2302.4,2579.45,2579.45,65.08,46.1,0,,2252.6,,,0,,,0,,,,
2020-09-11,2376.8,2389.65,2353.95,2384.3,999900,2064.52,2420.87,2302.4,2579.45,2579.45,62.98,47.86,0,,2263.35,,,0,,,0,,,,
2020-09-14,2401.45,2416.5,2375.5,2387.05,997100,2062.67,2428.56,2302.4,2579.45,2579.45,61.41,48.2,0,,2266.17,,,0,,,0,,,,
2020-09-15,2402.4,2411.2,2380.95,2385.55,1041900,2060.65,2435.5,2302.4,2579.45,2579.45,59.18,48.02,0,,2266.69,,,0,,,0,,,,
2020-09-16,2389.85,2405.5,2381.8,2396.35,1107300,2058.55,2439.92,2302.4,2579.45,2579.45,56.65,49.53,0,,2275.35,,,0,,,0,,,,
2020-09-17,2382.95,2397.55,2352.8,2363.3,1218900,2056.78,2442.21,2302.4,2579.45,2579.45,55.8,45.19,0,,2254.6,,,0,,,0,,,,
2020-09-18,2374.2,2389.15,2354.2,2362.2,1192800,2054.85,2443.8,2302.4,2570.65,2579.45,54.31,45.05,0,,2254.88,,,0,,,0,,,,
2020-09-21,2367.2,2368.3,2229.15,2240.35,1287500,2052.0,2440.75,2229.15,2570.65,2570.65,60.37,32.8,0,,2147.83,,,0,,,0,,,,
2020-09-22,2239.65,2242.3,2163.4,2213.95,1463100,2049.08,2435.52,2163.4,2570.65,2570.65,61.69,30.85,0,,2108.0,,,0,,,0,,,,
2020-09-23,2232.2,2239.9,2168.9,2205.25,1388600,2046.36,2430.54,2163.4,2570.65,2570.65,62.36,30.21,0,,2101.95,,,0,,,0,,,,
2020-09-24,2165.5,2172.15,2107.55,2111.85,1312200,2043.19,2421.58,2107.55,2570.65,2570.65,64.88,24.37,0,,2021.41,,,0,,,0,,,,
2020-09-25,2134.95,2180.65,2112.4,2172.65,1147600,2040.64,2413.81,2107.55,2556.35,2570.65,65.16,33.39,0,,2060.43,,,0,,,0,,,,
2020-09-28,2198.4,2249.1,2189.55,2237.0,911000,2038.28,2406.23,2107.55,2556.35,2556.35,65.97,41.37,0,,2101.4,,,0,,,0,,,,
2020-09-29,2253.95,2293.35,2244.95,2280.9,1549500,2036.07,2398.68,2107.55,2556.35,2556.35,65.28,46.11,0,,2130.18,,,0,,,0,,,,
2020-09-30,2284.75,2285.7,2228.2,2242.55,1103700,2034.55,2389.66,2107.55,2556.35,2556.35,64.73,42.85,0,,2105.81,,,0,,,0,,,,
2020-10-01,2266.05,2291.4,2256.65,2261.25,879800,2033.16,2380.4,2107.55,2511.95,2556.35,63.59,44.9,0,,2118.63,,,0,,,0,,,,
2020-10-05,2280.1,2328.1,2276.0,2318.85,1078600,2032.42,2373.58,2107.55,2480.15,2511.95,63.82,50.75,0,,2155.63,,,0,,,0,,,,
2020-10-06,2340.05,2345.65,2290.05,2302.7,932200,2031.7,2366.13,2107.55,2457.3,2480.15,63.24,49.17,0,,2145.6,,,0,,,0,,,,
2020-10-07,2300.3,2303.9,2256.2,2267.75,944600,2031.85,2358.14,2107.55,2426.65,2457.3,62.13,45.85,0,,2123.8,,,0,,,0,,,,
2020-10-08,2276.5,2305.75,2260.2,2272.4,1379100,2032.35,2349.63,2107.55,2426.65,2426.65,60.94,46.37,0,,2127.59,,,0,,,0,,,,
2020-10-09,2286.3,2322.65,2255.7,2260.85,1533800,2031.95,2340.62,2107.55,2416.5,2426.65,61.37,45.21,0,,2119.85,,,0,,,0,,,,
2020-10-12,2279.6,2287.8,2218.2,2240.85,974200,2031.52,2331.31,2107.55,2416.5,2416.5,61.96,43.2,0,,2106.56,,,0,,,0,,,,
2020-10-13,2238.5,2262.05,2234.0,2249.65,676000,2031.29,2325.61,2107.55,2411.2,2416.5,59.54,44.37,0,,2113.85,,,0,,,0,,,,
2020-10-14,2247.5,2257.8,2223.15,2251.95,1069600,2031.74,2317.45,2107.55,2405.5,2411.2,57.76,44.69,0,,2116.52,,,0,,,0,,,,
2020-10-15,2266.4,2292.6,2232.7,2240.95,1147500,2033.22,2307.43,2107.55,2397.55,2405.5,57.91,43.4,0,,2109.32,,,0,,,0,,,,
2020-10-16,2252.9,2339.65,2239.75,2329.85,1209800,2035.5,2300.85,2112.4,2389.15,2397.55,60.91,54.78,0,,2166.28,,,0,,,0,,,,
2020-10-19,2350.6,2374.8,2323.6,2367.85,1175600,2039.28,2298.07,2189.55,2374.8,2389.15,60.22,58.61,0,,2216.97,,,0,,,0,,,,
2020-10-20,2356.25,2374.75,2344.05,2363.35,849000,2042.35,2295.18,2218.2,2374.8,2374.8,58.11,57.98,0,,2225.02,,,0,,,0,,,,
2020-10-21,2376.65,2429.2,2372.85,2416.05,1414100,2046.92,2296.48,2218.2,2429.2,2374.8,58.66,62.97,1,2416.05,2258.64,2258.64,2258.64,1,22,2020-10-21,0,,,,
2020-10-22,2409.4,2440.85,2394.75,2432.5,1359400,2051.73,2297.66,2218.2,2440.85,2429.2,57.77,64.4,0,,2269.85,,2269.85,1,22,2020-10-21,0,,,,
2020-10-23,2447.05,2462.1,2431.55,2443.0,1192000,2056.92,2300.1,2218.2,2462.1,2440.85,55.82,65.31,0,,2277.92,,2277.92,1,22,2020-10-21,0,,,,
2020-10-26,2432.8,2434.75,2331.4,2357.55,1148600,2062.15,2299.21,2218.2,2462.1,2462.1,59.81,53.3,0,,2220.15,,2277.92,1,22,2020-10-21,0,,,,
2020-10-27,2355.9,2376.85,2328.75,2359.6,971700,2066.59,2298.3,2218.2,2462.1,2462.1,58.97,53.52,0,,2222.03,,2277.92,1,22,2020-10-21,0,,,,
2020-10-28,2360.95,2385.7,2315.75,2325.4,970700,2072.12,2296.29,2218.2,2462.1,2462.1,59.75,49.33,0,,2199.45,,2277.92,1,22,2020-10-21,0,,,,
2020-10-29,2305.5,2323.15,2279.45,2307.7,895800,2077.49,2293.34,2218.2,2462.1,2462.1,58.77,47.27,0,,2188.69,,2277.92,1,22,2020-10-21,0,,,,
2020-10-30,2315.5,2354.4,2295.65,2343.6,1196800,2082.84,2292.68,2218.2,2462.1,2462.1,58.77,51.68,0,,2211.84,,2277.92,1,22,2020-10-21,0,,,,
2020-11-02,2350.8,2354.85,2325.2,2338.9,907200,2088.14,2291.9,2223.15,2462.1,2462.1,56.69,51.08,0,,2211.85,,2277.92,1,22,2020-10-21,0,,,,
2020-11-03,2355.6,2396.35,2354.95,2391.2,1019000,2093.72,2296.93,2223.15,2462.1,2462.1,56.74,57.08,0,,2245.55,,2277.92,1,22,2020-10-21,0,,,,
2020-11-04,2389.3,2413.5,2362.65,2383.8,837200,2099.56,2302.59,2232.7,2462.1,2462.1,56.32,56.03,0,,2244.24,,2277.92,1,22,2020-10-21,0,,,,
2020-11-05,2416.0,2497.15,2402.3,2488.65,2073600,2105.58,2312.04,2239.75,2497.15,2462.1,60.39,65.65,1,2488.65,2311.5,2311.5,2311.5,1,22,2020-10-21,0,,,,
2020-11-06,2486.35,2512.5,2475.0,2500.35,1252300,2111.89,2324.99,2279.45,2512.5,2497.15,58.76,66.53,0,,2333.37,,2333.37,1,22,2020-10-21,0,,,,
2020-11-09,2525.65,2551.45,2502.2,2545.25,1066100,2118.7,2337.41,2279.45,2551.45,2512.5,58.21,69.73,0,,2362.7,,2362.7,1,22,2020-10-21,0,,,,
2020-11-10,2560.85,2577.05,2531.2,2556.7,1179600,2124.84,2348.06,2279.45,2577.05,2551.45,57.33,70.5,0,,2370.67,,2370.67,1,22,2020-10-21,0,,,,
2020-11-11,2562.6,2662.1,2547.85,2645.05,1982600,2131.64,2360.2,2279.45,2662.1,2577.05,61.39,75.68,0,,2424.94,,2424.94,1,22,2020-10-21,0,,,,
2020-11-12,2649.9,2658.15,2614.4,2636.9,1695200,2137.85,2373.35,2279.45,2662.1,2662.1,60.13,74.38,0,,2420.53,,2424.94,1,22,2020-10-21,0,,,,
2020-11-13,2626.45,2684.45,2606.25,2681.0,1054300,2144.13,2387.34,2279.45,2684.45,2662.1,61.42,76.71,1,2681.0,2448.11,2448.11,2448.11,1,22,2020-10-21,0,,,,
2020-11-17,2723.15,2777.55,2718.8,2761.35,1941100,2150.85,2402.09,2279.45,2777.55,2684.45,63.93,80.23,0,,2498.27,,2498.27,1,22,2020-10-21,0,,,,
2020-11-18,2749.45,2776.8,2732.85,2772.5,1165300,2157.47,2417.75,2279.45,2777.55,2777.55,62.51,80.67,0,,2506.41,,2506.41,1,22,2020-10-21,0,,,,
2020-11-19,2757.1,2828.2,2743.55,2752.65,1577600,2163.71,2433.91,2279.45,2828.2,2777.55,64.09,77.39,0,,2492.55,,2506.41,1,22,2020-10-21,0,,,,
2020-11-20,2765.65,2809.9,2732.85,2774.75,1384900,2170.5,2450.66,2295.65,2828.2,2828.2,65.01,78.44,0,,2511.59,,2511.59,1,22,2020-10-21,0,,,,
2020-11-23,2792.9,2820.0,2779.5,2808.6,1597400,2178.12,2468.92,2325.2,2828.2,2828.2,63.6,79.97,0,,2544.21,,2544.21,1,22,2020-10-21,0,,,,
2020-11-24,2827.5,2846.75,2803.25,2839.15,1116200,2185.89,2488.86,2354.95,2846.75,2828.2,62.17,81.27,1,2839.15,2574.79,2574.79,2574.79,1,22,2020-10-21,0,,,,
2020-11-25,2850.65,2873.65,2808.4,2816.55,1360700,2193.37,2507.76,2362.65,2873.65,2846.75,62.39,77.29,0,,2562.63,,2574.79,1,22,2020-10-21,0,,,,
2020-11-26,2829.0,2933.7,2804.3,2925.05,1778500,2201.9,2530.19,2402.3,2933.7,2873.65,67.17,81.88,1,2925.05,2642.64,2642.64,2642.64,1,22,2020-10-21,0,,,,
2020-11-27,2934.75,2963.75,2903.35,2925.75,3017400,2210.29,2553.02,2475.0,2963.75,2933.7,66.69,81.9,0,,2667.65,,2667.65,1,22,2020-10-21,0,,,,
2020-12-01,2968.85,2982.4,2935.7,2974.05,1411400,2219.04,2574.49,2502.2,2982.4,2963.75,65.97,83.61,1,2974.05,2708.35,2708.35,2708.35,1,22,2020-10-21,0,,,,
2020-12-02,2978.75,3061.55,2977.8,3050.2,2661600,2227.89,2597.24,2531.2,3061.55,2982.4,67.51,85.88,0,,2766.11,,2766.11,1,22,2020-10-21,0,,,,
2020-12-03,3076.05,3132.0,3070.7,3126.1,1930000,2236.33,2622.66,2547.85,3132.0,3061.55,68.53,87.7,0,,2819.93,,2819.93,1,22,2020-10-21,0,,,,
2020-12-04,3144.7,3193.55,3100.55,3161.35,2238600,2245.98,2647.51,2606.25,3193.55,3132.0,70.28,88.45,0,,2860.97,,2860.97,1,22,2020-10-21,0,,,,
2020-12-07,3168.25,3202.35,3142.95,3161.2,1756700,2255.76,2671.8,2606.25,3202.35,3193.55,69.5,88.42,0,,2861.39,,2861.39,1,22,2020-10-21,0,,,,
2020-12-08,3173.35,3182.05,3083.1,3122.35,1581900,2265.26,2694.44,2718.8,3202.35,3202.35,71.6,82.06,0,,2872.45,,2872.45,1,22,2020-10-21,0,,,,
2020-12-09,3146.9,3152.95,3101.85,3105.9,1284000,2274.66,2719.39,2732.85,3202.35,3202.35,70.14,79.45,0,,2867.5,,2872.45,1,22,2020-10-21,0,,,,
2020-12-10,3099.9,3123.95,3056.7,3113.05,1358800,2284.24,2744.5,2732.85,3202.35,3202.35,69.93,79.75,0,,2872.24,,2872.45,1,22,2020-10-21,0,,,,
2020-12-11,3127.45,3178.75,3126.75,3146.1,2152100,2293.89,2771.86,2732.85,3202.35,3202.35,69.63,81.13,0,,2893.76,,2893.76,1,22,2020-10-21,0,,,,
2020-12-14,3178.05,3220.65,3173.5,3189.5,1905600,2303.7,2801.25,2779.5,3220.65,3202.35,69.98,82.79,0,,2937.07,,2937.07,1,22,2020-10-21,0,,,,
2020-12-15,3188.7,3219.55,3150.6,3214.15,1434600,2313.39,2830.27,2803.25,3220.65,3220.65,69.91,83.66,0,,2960.94,,2960.94,1,22,2020-10-21,0,,,,
2020-12-16,3248.45,3277.95,3236.45,3271.75,2155100,2323.77,2861.36,2804.3,3277.95,3220.65,69.47,85.52,1,3271.75,2998.73,2998.73,2998.73,1,22,2020-10-21,0,,,,
2020-12-17,3272.15,3289.3,3213.6,3227.7,1779800,2333.67,2889.25,2804.3,3289.3,3277.95,69.92,78.2,0,,2970.02,,2998.73,1,22,2020-10-21,0,,,,
2020-12-18,3237.85,3244.9,3181.7,3216.6,1646900,2343.96,2917.01,2903.35,3289.3,3289.3,69.44,76.43,0,,2996.2,,2998.73,1,22,2020-10-21,0,,,,
2020-12-21,3188.85,3214.75,2981.15,3038.25,1783400,2352.92,2935.33,2935.7,3289.3,3289.3,81.3,54.89,0,,2884.04,,2998.73,1,22,2020-10-21,1,2998.73,TRAILING_STOP,42,24.12
2020-12-22,3040.45,3107.7,2980.25,3079.65,1599800,2362.05,2954.64,2977.8,3289.3,3289.3,84.59,57.86,0,,2922.58,,,0,,,0,,,,
2020-12-23,3078.25,3143.3,3051.95,3134.1,1146500,2371.32,2974.27,2980.25,3289.3,3289.3,85.08,61.45,0,,2958.19,,,0,,,0,,,,
2020-12-24,3158.05,3223.9,3134.25,3144.3,1877600,2380.88,2993.85,2980.25,3289.3,3289.3,85.41,62.1,0,,2964.55,,,0,,,0,,,,
2020-12-28,3181.4,3232.5,3173.75,3224.85,1341400,2390.67,3013.18,2980.25,3289.3,3289.3,85.61,66.87,0,,3016.37,,,0,,,0,,,,
2020-12-29,3252.6,3255.2,3170.35,3189.85,1224100,2399.93,3031.61,2980.25,3289.3,3289.3,85.56,63.15,0,,2993.83,,,0,,,0,,,,
2020-12-30,3204.9,3243.7,3163.7,3230.9,1573700,2409.17,3049.94,2980.25,3289.3,3289.3,85.16,65.57,0,,3020.57,,,0,,,0,,,,
2020-12-31,3224.0,3284.5,3212.2,3254.65,2479400,2418.33,3066.38,2980.25,3289.3,3289.3,84.24,66.92,0,,3036.5,,,0,,,0,,,,
2021-01-04,3291.5,3442.0,3287.1,3424.6,2635200,2428.15,3088.12,2980.25,3442.0,3289.3,91.61,74.6,1,3424.6,3141.21,3141.21,3141.21,1,23,2021-01-04,0,,,,
2021-01-05,3400.25,3406.9,3351.1,3376.25,1774500,2437.62,3108.91,2980.25,3442.0,3442.0,90.31,69.65,0,,3110.89,,3141.21,1,23,2021-01-04,0,,,,
2021-01-06,3390.2,3455.1,3368.5,3419.8,1923000,2447.4,3130.41,2980.25,3455.1,3442.0,90.05,71.49,0,,3139.16,,3141.21,1,23,2021-01-04,0,,,,
2021-01-07,3457.65,3571.55,3455.3,3550.45,2313100,2457.91,3155.14,2980.25,3571.55,3455.1,94.46,76.15,1,3550.45,3220.49,3220.49,3220.49,1,23,2021-01-04,0,,,,
2021-01-08,3577.5,3581.85,3498.6,3529.2,1840500,2467.78,3178.14,2980.25,3581.85,3571.55,93.65,74.03,0,,3207.31,,3220.49,1,23,2021-01-04,0,,,,
2021-01-11,3532.7,3537.4,3451.85,3493.9,1501500,2477.44,3200.72,2980.25,3581.85,3581.85,93.08,70.51,0,,3184.93,,3220.49,1,23,2021-01-04,0,,,,
2021-01-12,3485.5,3586.9,3473.25,3509.9,1531200,2487.35,3220.21,2980.25,3586.9,3581.85,94.55,71.18,0,,3194.27,,3220.49,1,23,2021-01-04,0,,,,
2021-01-13,3539.35,3575.6,3460.25,3523.25,1568100,2497.44,3240.13,2980.25,3586.9,3586.9,96.03,71.76,0,,3201.89,,3220.49,1,23,2021-01-04,0,,,,
2021-01-14,3521.05,3533.95,3471.1,3487.4,3962200,2507.65,3257.24,3051.95,3586.9,3586.9,93.66,67.84,0,,3204.25,,3220.49,1,23,2021-01-04,0,,,,
2021-01-15,3501.1,3528.1,3420.4,3449.15,4293100,2517.54,3270.54,3134.25,3586.9,3586.9,94.66,63.84,0,,3206.34,,3220.49,1,23,2021-01-04,0,,,,
2021-01-18,3449.9,3453.8,3283.55,3308.5,2315200,2526.74,3276.62,3163.7,3586.9,3586.9,100.06,51.76,0,,3121.84,,3220.49,1,23,2021-01-04,0,,,,
2021-01-19,3342.15,3416.95,3309.95,3405.2,1365800,2536.4,3284.75,3163.7,3586.9,3586.9,100.66,57.69,0,,3183.81,,3220.49,1,23,2021-01-04,0,,,,
2021-01-20,3420.85,3456.7,3399.1,3437.0,1236200,2546.38,3293.94,3163.7,3586.9,3586.9,97.59,59.45,0,,3206.37,,3220.49,1,23,2021-01-04,0,,,,
2021-01-21,3448.95,3462.7,3338.3,3362.15,1591700,2555.47,3301.94,3212.2,3586.9,3586.9,99.5,53.77,0,,3172.99,,3220.49,1,23,2021-01-04,0,,,,
2021-01-25,3276.0,3304.0,3165.15,3236.35,1498500,2563.73,3306.28,3165.15,3586.9,3586.9,106.47,45.83,0,,3071.52,,3220.49,1,23,2021-01-04,1,3220.49,TRAILING_STOP,15,-5.96
2021-01-27,3230.9,3230.9,3146.5,3154.8,1897900,2571.09,3307.68,3146.5,3586.9,3586.9,105.28,41.55,0,,3013.49,,,0,,,0,,,,
2021-01-28,3105.85,3155.1,3104.2,3138.1,2437300,2578.11,3307.41,3104.2,3586.9,3586.9,101.39,40.71,0,,2991.21,,,0,,,0,,,,
2021-01-29,3175.6,3183.6,3062.7,3077.45,3016400,2585.01,3303.67,3062.7,3586.9,3586.9,102.79,37.74,0,,2937.33,,,0,,,0,,,,
2021-02-01,3096.25,3245.7,3071.95,3227.25,2974800,2592.99,3304.11,3062.7,3586.9,3586.9,107.86,47.88,0,,3030.57,,,0,,,0,,,,
2021-02-02,3264.2,3301.25,3226.05,3289.1,1973500,2601.29,3304.69,3062.7,3586.9,3586.9,105.52,51.4,0,,3072.02,,,0,,,0,,,,
2021-02-03,3288.65,3388.95,3278.9,3344.4,1727300,2610.32,3308.58,3062.7,3586.9,3586.9,105.85,54.37,0,,3107.47,,,0,,,0,,,,
2021-02-04,3356.0,3426.6,3337.7,3409.55,1691600,2619.78,3315.01,3062.7,3586.9,3586.9,104.64,57.65,0,,3150.3,,,0,,,0,,,,
2021-02-05,3427.8,3466.8,3345.3,3443.15,2096800,2629.42,3328.51,3062.7,3586.9,3586.9,105.84,59.27,0,,3171.17,,,0,,,0,,,,
2021-02-08,3467.1,3558.85,3450.3,3552.45,1758300,2639.65,3344.27,3062.7,3586.9,3586.9,106.55,64.1,0,,3241.2,,,0,,,0,,,,
2021-02-09,3564.45,3593.15,3484.95,3513.65,2158900,2649.69,3356.92,3062.7,3593.15,3586.9,106.66,61.32,0,,3216.1,,,0,,,0,,,,
2021-02-10,3548.55,3573.95,3464.95,3510.85,2630900,2659.37,3369.14,3062.7,3593.15,3593.15,106.83,61.12,0,,3214.18,,,0,,,0,,,,
2021-02-11,3502.35,3569.15,3488.3,3546.7,1454800,2669.53,3379.86,3062.7,3593.15,3593.15,104.97,62.84,0,,3238.54,,,0,,,0,,,,
2021-02-12,3549.05,3549.2,3474.35,3486.25,1172000,2679.08,3389.75,3062.7,3593.15,3593.15,102.82,58.16,0,,3200.98,,,0,,,0,,,,
2021-02-16,3479.4,3615.25,3477.35,3570.15,2101200,2688.92,3401.05,3062.7,3615.25,3593.15,105.33,62.35,0,,3253.43,,,0,,,0,,,,
2021-02-18,3590.35,3644.8,3578.9,3623.05,1790800,2699.22,3413.33,3062.7,3644.8,3615.25,103.14,64.74,1,3623.05,3289.01,3289.01,3289.01,1,24,2021-02-18,0,,,,
2021-02-19,3620.05,3629.05,3499.0,3552.1,1893800,2708.86,3417.58,3062.7,3644.8,3644.8,105.06,59.3,0,,3241.96,,3289.01,1,24,2021-02-18,0,,,,
2021-02-22,3561.55,3682.05,3558.85,3609.1,2459300,2719.24,3425.34,3062.7,3682.05,3644.8,106.84,62.06,0,,3277.54,,3289.01,1,24,2021-02-18,0,,,,
2021-02-23,3648.2,3769.5,3609.75,3749.55,3257600,2730.53,3436.34,3071.95,3769.5,3682.05,110.66,67.85,1,3749.55,3368.67,3368.67,3368.67,1,24,2021-02-18,0,,,,
2021-02-24,3781.8,3832.05,3740.9,3778.65,2345800,2741.92,3443.94,3226.05,3832.05,3769.5,109.27,68.91,0,,3439.73,,3439.73,1,24,2021-02-18,0,,,,
2021-02-25,3825.6,3945.8,3821.65,3928.6,3132300,2754.09,3457.26,3278.9,3945.8,3832.05,113.4,73.71,0,,3551.31,,3551.31,1,24,2021-02-18,0,,,,
2021-02-26,3859.65,3939.6,3795.6,3822.65,4745200,2765.54,3468.21,3337.7,3945.8,3945.8,115.59,65.96,0,,3501.12,,3551.31,1,24,2021-02-18,0,,,,
2021-03-01,3877.25,3917.6,3811.35,3896.95,2128200,2777.39,3481.12,3345.3,3945.8,3945.8,114.92,68.46,0,,3552.02,,3552.02,1,24,2021-02-18,0,,,,
2021-03-02,3911.95,3939.8,3875.3,3927.6,2199500,2789.48,3494.6,3450.3,3945.8,3945.8,111.32,69.46,0,,3609.19,,3609.19,1,24,2021-02-18,0,,,,
2021-03-03,3964.5,4075.4,3964.1,4058.6,2112000,2802.33,3513.64,3464.95,4075.4,3945.8,113.93,73.35,1,4058.6,3696.83,3696.83,3696.83,1,24,2021-02-18,0,,,,
2021-03-04,3964.85,4014.95,3934.6,3976.85,1706200,2814.93,3531.22,3464.95,4075.4,4075.4,114.65,67.57,0,,3643.62,,3696.83,1,24,2021-02-18,0,,,,
2021-03-05,3947.55,3955.4,3827.65,3869.4,2033400,2826.76,3549.92,3474.35,4075.4,4075.4,117.11,60.79,0,,3575.8,,3696.83,1,24,2021-02-18,0,,,,
2021-03-08,3922.15,3947.35,3891.7,3900.8,1427400,2838.49,3566.44,3474.35,4075.4,4075.4,114.32,61.99,0,,3597.92,,3696.83,1,24,2021-02-18,0,,,,
2021-03-09,3938.2,3953.75,3760.85,3802.7,1489400,2849.44,3578.63,3477.35,4075.4,4075.4,119.93,56.21,0,,3531.91,,3696.83,1,24,2021-02-18,0,,,,
2021-03-10,3838.0,3886.25,3786.6,3873.65,1333500,2861.03,3595.68,3499.0,4075.4,4075.4,118.48,59.17,0,,3585.85,,3696.83,1,24,2021-02-18,0,,,,
2021-03-12,3924.25,3950.55,3806.3,3840.2,1667600,2872.31,3615.81,3499.0,4075.4,4075.4,120.32,57.21,0,,3563.05,,3696.83,1,24,2021-02-18,0,,,,
2021-03-15,3845.5,3890.35,3785.05,3880.05,1669300,2883.8,3639.98,3558.85,4075.4,4075.4,119.25,58.96,0,,3609.42,,3696.83,1,24,2021-02-18,0,,,,
2021-03-16,3900.95,3903.55,3814.95,3847.25,100,2894.94,3663.62,3609.75,4075.4,4075.4,117.06,56.89,0,,3606.69,,3696.83,1,24,2021-02-18,0,,,,
2021-03-17,3842.75,3844.4,3737.8,3752.7,100,2904.86,3686.13,3737.8,4075.4,4075.4,116.52,51.32,0,,3588.75,,3696.83,1,24,2021-02-18,0,,,,
2021-03-18,3795.65,3837.65,3722.6,3754.35,1526900,2914.59,3703.7,3722.6,4075.4,4075.4,116.41,51.41,0,,3584.81,,3696.83,1,24,2021-02-18,0,,,,
2021-03-19,3733.95,3860.0,3631.15,3832.5,2293100,2924.71,3721.82,3631.15,4075.4,4075.4,124.44,55.57,0,,3599.38,,3696.83,1,24,2021-02-18,1,3696.83,TRAILING_STOP,21,2.04
2021-03-22,3835.0,3877.1,3803.2,3867.45,993600,2934.95,3739.25,3631.15,4075.4,4075.4,120.83,57.33,0,,3624.33,,,0,,,0,,,,
2021-03-23,3877.25,3894.9,3828.7,3841.95,1139600,2944.76,3753.66,3631.15,4075.4,4075.4,116.93,55.6,0,,3610.49,,,0,,,0,,,,
2021-03-24,3803.75,3810.45,3706.65,3717.55,1274300,2953.84,3762.81,3631.15,4075.4,4075.4,118.24,47.98,0,,3529.37,,,0,,,0,,,,
2021-03-25,3729.35,3751.55,3614.4,3718.3,2258900,2962.76,3768.34,3614.4,4075.4,4075.4,119.59,48.03,0,,3523.37,,,0,,,0,,,,
2021-03-26,3764.05,3878.4,3755.7,3855.3,2325800,2972.43,3779.73,3614.4,4075.4,4075.4,122.49,55.76,0,,3609.81,,,0,,,0,,,,
2021-03-30,3914.25,3984.65,3907.75,3963.0,2213600,2982.42,3794.8,3614.4,4075.4,4075.4,122.98,60.71,0,,3678.95,,,0,,,0,,,,
2021-03-31,3954.8,4025.4,3931.75,3977.2,1305500,2992.22,3809.15,3614.4,4075.4,4075.4,120.88,61.33,0,,3689.51,,,0,,,0,,,,
2021-04-01,4010.5,4204.4,4008.75,4189.15,2694500,3003.39,3832.58,3614.4,4204.4,4075.4,128.48,69.1,1,4189.15,3821.15,3821.15,3821.15,1,25,2021-04-01,0,,,,
2021-04-05,4206.1,4241.85,4101.15,4226.4,3060100,3014.64,3854.45,3614.4,4241.85,4204.4,129.35,70.23,0,,3844.6,,3844.6,1,25,2021-04-01,0,,,,
2021-04-06,4266.35,4305.5,4231.45,4286.95,2682600,3026.39,3876.58,3614.4,4305.5,4241.85,125.76,72.02,0,,3886.04,,3886.04,1,25,2021-04-01,0,,,,
2021-04-07,4306.7,4363.5,4296.1,4325.45,1637800,3038.39,3902.36,3614.4,4363.5,4305.5,122.24,73.13,0,,3913.22,,3913.22,1,25,2021-04-01,0,,,,
2021-04-08,4365.35,4588.85,4363.05,4494.95,3966300,3051.64,3931.89,3614.4,4588.85,4363.5,132.33,77.38,0,,4015.82,,4015.82,1,25,2021-04-01,0,,,,
2021-04-09,4510.2,4550.45,4399.3,4467.3,2361800,3064.57,3955.82,3614.4,4588.85,4588.85,133.67,75.29,0,,3997.09,,4015.82,1,25,2021-04-01,0,,,,
2021-04-12,4372.65,4378.45,4166.45,4196.0,2355200,3075.67,3969.73,3614.4,4588.85,4588.85,145.61,58.56,0,,3814.14,,4015.82,1,25,2021-04-01,0,,,,
2021-04-13,4215.25,4347.35,4200.25,4337.9,1768300,3087.79,3983.37,3614.4,4588.85,4588.85,146.02,63.17,0,,3905.4,,4015.82,1,25,2021-04-01,0,,,,
2021-04-15,4378.1,4463.75,4318.7,4397.45,2569800,3100.97,4002.53,3614.4,4588.85,4588.85,145.95,64.93,0,,3943.85,,4015.82,1,25,2021-04-01,0,,,,
2021-04-16,4422.3,4500.85,4394.5,4434.0,1782800,3113.88,4020.43,3614.4,4588.85,4588.85,143.12,66.01,0,,3969.31,,4015.82,1,25,2021-04-01,0,,,,
2021-04-19,4302.35,4403.65,4266.85,4366.1,1702000,3126.05,4035.05,3614.4,4588.85,4588.85,144.84,62.19,0,,3924.37,,4015.82,1,25,2021-04-01,0,,,,
2021-04-20,4420.95,4457.35,4332.7,4384.4,1426100,3138.43,4045.91,3755.7,4588.85,4588.85,143.4,62.82,0,,3984.24,,4015.82,1,25,2021-04-01,0,,,,
2021-04-22,4380.6,4497.7,4367.55,4460.9,1812100,3151.82,4062.04,3907.75,4588.85,4588.85,142.45,65.39,0,,4084.9,,4084.9,1,25,2021-04-01,0,,,,
2021-04-23,4471.75,4528.2,4396.65,4446.85,1841300,3165.14,4081.29,3931.75,4588.85,4588.85,141.67,64.51,0,,4084.35,,4084.9,1,25,2021-04-01,0,,,,
2021-04-26,4491.0,4582.15,4488.85,4536.3,2758100,3179.53,4102.47,4008.75,4588.85,4588.85,141.22,67.51,0,,4168.02,,4168.02,1,25,2021-04-01,0,,,,
2021-04-27,4567.5,4668.0,4562.5,4659.25,2640200,3194.61,4131.03,4101.15,4668.0,4588.85,140.54,71.13,1,4659.25,4278.57,4278.57,4278.57,1,25,2021-04-01,0,,,,
2021-04-28,4690.85,4690.85,4598.15,4645.05,2041400,3209.78,4156.74,4166.45,4690.85,4668.0,137.12,70.16,0,,4293.46,,4293.46,1,25,2021-04-01,0,,,,
2021-04-29,4698.95,4868.9,4695.1,4855.3,4244600,3226.25,4190.58,4166.45,4868.9,4690.85,143.32,75.5,1,4855.3,4424.94,4424.94,4424.94,1,25,2021-04-01,0,,,,
2021-04-30,4819.6,4936.5,4791.65,4847.95,4345100,3242.66,4222.84,4166.45,4936.5,4868.9,143.43,74.99,0,,4420.13,,4424.94,1,25,2021-04-01,0,,,,
2021-05-03,4825.8,4973.2,4786.05,4952.45,3391600,3259.77,4259.68,4166.45,4973.2,4936.5,146.55,77.32,1,4952.45,4485.45,4485.45,4485.45,1,25,2021-04-01,0,,,,
2021-05-04,4994.55,5048.3,4886.35,4921.65,3744700,3276.61,4298.65,4166.45,5048.3,4973.2,147.65,75.1,0,,4464.85,,4485.45,1,25,2021-04-01,0,,,,
2021-05-06,4980.25,5118.2,4964.6,5095.0,2874400,3294.82,4343.33,4200.25,5118.2,5048.3,151.14,78.78,1,5095.0,4585.6,4585.6,4585.6,1,25,2021-04-01,0,,,,
2021-05-07,5180.95,5387.1,5176.35,5335.85,5469200,3314.64,4393.45,4266.85,5387.1,5118.2,161.21,82.63,0,,4756.43,,4756.43,1,25,2021-04-01,0,,,,
2021-05-10,5425.4,5519.05,5405.45,5503.35,4472800,3336.4,4447.98,4266.85,5519.05,5387.1,162.78,84.71,0,,4863.42,,4863.42,1,25,2021-04-01,0,,,,
2021-05-12,5479.85,5518.0,5228.05,5290.45,3676000,3356.91,4496.26,4266.85,5519.05,5519.05,171.86,72.8,0,,4720.05,,4863.42,1,25,2021-04-01,0,,,,
2021-05-14,5332.55,5332.55,4984.4,5091.35,4926300,3376.15,4542.05,4332.7,5519.05,5519.05,184.46,63.77,0,,4605.18,,4863.42,1,25,2021-04-01,0,,,,
2021-05-17,5117.95,5222.45,5036.25,5207.75,2874500,3396.79,4591.7,4367.55,5519.05,5519.05,184.58,66.39,0,,4691.79,,4863.42,1,25,2021-04-01,0,,,,
2021-05-18,5305.3,5365.65,5231.9,5294.4,2785000,3417.6,4639.67,4396.65,5519.05,5519.05,182.68,68.24,0,,4758.65,,4863.42,1,25,2021-04-01,0,,,,
2021-05-19,5279.45,5318.9,5218.65,5245.95,1876100,3437.66,4682.44,4488.85,5519.05,5519.05,176.79,66.05,0,,4762.06,,4863.42,1,25,2021-04-01,0,,,,
2021-05-21,5119.45,5147.85,5090.2,5099.15,1493000,3456.45,4719.83,4562.5,5519.05,5519.05,175.28,59.81,0,,4692.93,,4863.42,1,25,2021-04-01,0,,,,
2021-05-24,5098.45,5098.45,5004.3,5068.6,2627300,3475.29,4749.15,4598.15,5519.05,5519.05,169.54,58.57,0,,4688.94,,4863.42,1,25,2021-04-01,0,,,,
2021-05-26,5062.05,5070.7,4987.25,5004.75,2003500,3493.58,4775.09,4695.1,5519.05,5519.05,163.39,55.96,0,,4684.17,,4863.42,1,25,2021-04-01,0,,,,
2021-05-27,5017.15,5095.25,4987.3,5043.3,2322400,3511.74,4800.3,4786.05,5519.05,5519.05,159.43,57.2,0,,4741.99,,4863.42,1,25,2021-04-01,0,,,,
2021-05-28,5145.7,5188.55,5032.5,5055.75,2178600,3530.09,4824.65,4786.05,5519.05,5519.05,159.19,57.61,0,,4750.18,,4863.42,1,25,2021-04-01,0,,,,
2021-06-01,5181.85,5186.45,5034.65,5121.65,2203200,3549.12,4845.54,4886.35,5519.05,5519.05,158.66,59.84,0,,4826.47,,4863.42,1,25,2021-04-01,0,,,,
2021-06-02,5126.2,5252.75,5124.3,5233.3,1277100,3568.86,4871.07,4964.6,5519.05,5519.05,156.69,63.34,0,,4925.88,,4925.88,1,25,2021-04-01,0,,,,
2021-06-03,5275.5,5322.4,5234.65,5268.05,1322700,3588.91,4906.81,4984.4,5519.05,5519.05,151.86,64.39,0,,4958.12,,4958.12,1,25,2021-04-01,0,,,,
2021-06-04,5259.45,5360.75,5235.5,5339.15,1496600,3609.56,4940.18,4984.4,5519.05,5519.05,149.96,66.49,0,,5005.24,,5005.24,1,25,2021-04-01,0,,,,
2021-06-07,5379.1,5421.5,5305.7,5315.5,1864100,3630.0,4970.78,4984.4,5519.05,5519.05,147.52,65.11,0,,4991.62,,5005.24,1,25,2021-04-01,0,,,,
2021-06-08,5327.3,5327.3,5189.9,5258.9,1496600,3650.05,4998.28,4984.4,5519.05,5519.05,146.8,61.81,0,,4955.59,,5005.24,1,25,2021-04-01,0,,,,
2021-06-09,5276.35,5306.75,5173.45,5209.45,1920000,3669.84,5026.39,4987.25,5519.05,5519.05,145.84,59.0,0,,4925.29,,5005.24,1,25,2021-04-01,0,,,,
2021-06-10,5247.7,5306.6,5244.7,5265.2,1560700,3689.41,5055.75,4987.25,5519.05,5519.05,142.36,61.15,0,,4963.57,,5005.24,1,25,2021-04-01,0,,,,
2021-06-11,5308.15,5421.35,5262.65,5406.8,3638300,3709.67,5087.28,4987.25,5519.05,5519.05,143.53,66.01,0,,5054.12,,5054.12,1,25,2021-04-01,0,,,,
2021-06-14,5369.75,5392.5,5200.25,5371.6,2813300,3729.72,5118.11,4987.25,5518.0,5519.05,148.03,63.87,0,,5028.41,,5054.12,1,25,2021-04-01,0,,,,
2021-06-15,5397.55,5412.75,5356.15,5368.95,1805600,3749.41,5145.86,4987.25,5421.5,5518.0,141.5,63.7,0,,5031.06,,5054.12,1,25,2021-04-01,0,,,,
2021-06-16,5338.15,5382.25,5195.7,5216.2,2088400,3767.96,5164.43,4987.25,5421.5,5421.5,144.71,54.79,0,,4930.39,,5054.12,1,25,2021-04-01,0,,,,
2021-06-17,5140.0,5216.35,5062.7,5095.1,2002800,3785.65,5179.43,4987.3,5421.5,5421.5,145.35,48.94,0,,4851.87,,5054.12,1,25,2021-04-01,0,,,,
2021-06-18,5086.75,5098.85,4858.8,5048.65,3318800,3803.59,5185.87,4858.8,5421.5,5421.5,152.12,46.87,0,,4774.57,,5054.12,1,25,2021-04-01,1,5054.12,TRAILING_STOP,48,20.65
2021-06-21,4969.0,5119.5,4925.8,5105.2,1976000,3821.89,5194.45,4858.8,5421.5,5421.5,155.09,49.66,0,,4809.06,,,0,,,0,,,,
2021-06-22,5150.05,5176.65,5104.6,5119.4,1712800,3840.52,5200.01,4858.8,5421.5,5421.5,149.16,50.36,0,,4822.18,,,0,,,0,,,,
2021-06-23,5156.75,5175.65,5053.75,5061.8,1681000,3858.88,5204.68,4858.8,5421.5,5421.5,147.21,47.46,0,,4786.32,,,0,,,0,,,,
2021-06-24,5082.15,5125.85,5059.0,5090.9,1301500,3877.19,5204.55,4858.8,5421.5,5421.5,141.47,49.06,0,,4808.92,,,0,,,0,,,,
2021-06-25,5147.4,5250.3,5140.9,5223.95,2232400,3896.43,5200.82,4858.8,5421.5,5421.5,142.75,55.69,0,,4893.88,,,0,,,0,,,,
2021-06-28,5253.05,5316.95,5206.85,5290.8,3357800,3915.76,5193.73,4858.8,5421.5,5421.5,140.42,58.6,0,,4938.55,,,0,,,0,,,,
2021-06-29,5293.8,5308.95,5212.05,5226.05,2210700,3934.71,5191.59,4858.8,5421.5,5421.5,137.31,54.84,0,,4898.86,,,0,,,0,,,,
2021-06-30,5256.95,5301.3,5204.0,5215.8,1534300,3952.89,5195.73,4858.8,5421.5,5421.5,134.45,54.25,0,,4894.16,,,0,,,0,,,,
2021-07-01,5234.55,5255.4,5194.75,5207.4,1148800,3970.93,5195.72,4858.8,5421.5,5421.5,129.18,53.73,0,,4892.25,,,0,,,0,,,,
2021-07-02,5220.4,5230.2,5114.95,5130.05,1403700,3988.17,5190.24,4858.8,5421.5,5421.5,128.19,49.12,0,,4843.03,,,0,,,0,,,,
2021-07-06,5194.2,5225.75,5153.15,5172.7,1880300,4005.61,5187.8,4858.8,5421.35,5421.5,125.86,51.59,0,,4872.08,,,0,,,0,,,,
2021-07-07,5163.65,5300.6,5124.5,5286.45,2663300,4023.21,5194.05,4858.8,5421.35,5421.35,129.45,57.51,0,,4943.06,,,0,,,0,,,,
2021-07-08,5285.85,5294.5,5144.5,5170.5,1812800,4040.11,5197.44,4858.8,5421.35,5421.35,130.92,50.7,0,,4867.29,,,0,,,0,,,,
2021-07-09,5176.05,5283.95,5169.0,5273.6,1473800,4057.39,5206.4,4858.8,5421.35,5421.35,129.78,55.72,0,,4934.55,,,0,,,0,,,,
2021-07-12,5313.5,5336.85,5235.9,5262.55,1328400,4074.06,5213.71,4925.8,5412.75,5421.35,127.72,55.07,0,,4951.13,,,0,,,0,,,,
2021-07-13,5298.7,5319.25,5267.65,5295.6,1308800,4090.88,5221.71,5053.75,5412.75,5412.75,122.65,56.69,0,,5018.48,,,0,,,0,,,,
2021-07-14,5319.85,5331.55,5283.55,5299.95,1198382500,4107.87,5227.65,5053.75,5382.25,5412.75,117.32,56.91,0,,5024.84,,,0,,,0,,,,
2021-07-15,5300.55,5358.1,5285.45,5335.4,1206000,4124.94,5231.05,5059.0,5358.1,5382.25,114.13,58.75,0,,5051.58,,,0,,,0,,,,
2021-07-16,5362.1,5396.8,5350.5,5391.3,1791900,4142.16,5235.16,5114.95,5396.8,5358.1,110.36,61.54,1,5391.3,5108.8,5108.8,5108.8,1,26,2021-07-16,0,,,,
2021-07-19,5334.5,5412.05,5278.55,5317.85,2211000,4158.68,5234.45,5114.95,5412.05,5396.8,112.01,56.17,0,,5060.32,,5108.8,1,26,2021-07-16,0,,,,
2021-07-20,5302.85,5305.7,5148.6,5193.65,1495100,4174.53,5230.39,5114.95,5412.05,5412.05,116.1,48.46,0,,4977.49,,5108.8,1,26,2021-07-16,0,,,,
2021-07-22,5260.95,5369.2,5257.75,5348.95,1565100,4190.69,5233.39,5114.95,5412.05,5412.05,120.35,56.5,0,,5074.82,,5108.8,1,26,2021-07-16,0,,,,
2021-07-23,5384.85,5408.55,5341.5,5353.8,1907500,4206.87,5238.2,5114.95,5412.05,5412.05,116.54,56.73,0,,5080.49,,5108.8,1,26,2021-07-16,0,,,,
2021-07-26,5402.6,5421.9,5350.0,5387.4,1717700,4222.96,5242.28,5114.95,5421.9,5412.05,113.35,58.35,0,,5104.29,,5108.8,1,26,2021-07-16,0,,,,
2021-07-27,5432.55,5499.65,5405.55,5465.9,2007700,4239.07,5244.25,5124.5,5499.65,5421.9,113.27,61.93,1,5465.9,5158.16,5158.16,5158.16,1,26,2021-07-16,0,,,,
2021-07-28,5483.05,5541.3,5378.2,5532.8,2127400,4255.11,5249.62,5124.5,5541.3,5499.65,116.83,64.72,0,,5198.93,,5198.93,1,26,2021-07-16,0,,,,
2021-07-29,5571.9,5852.45,5544.75,5810.75,4823600,4272.77,5264.35,5144.5,5852.45,5541.3,131.32,73.43,0,,5375.22,,5375.22,1,26,2021-07-16,0,,,,
2021-07-30,5810.2,5879.1,5754.85,5770.35,2832200,4290.17,5282.82,5148.6,5879.1,5852.45,130.81,70.7,0,,5350.87,,5375.22,1,26,2021-07-16,0,,,,
2021-08-02,5815.65,5832.35,5752.7,5781.3,1633400,4307.9,5305.69,5148.6,5879.1,5879.1,127.16,71.02,0,,5360.37,,5375.22,1,26,2021-07-16,0,,,,
2021-08-03,5801.95,5806.15,5707.95,5778.2,1392600,4325.71,5330.01,5148.6,5879.1,5879.1,125.09,70.78,0,,5359.75,,5375.22,1,26,2021-07-16,0,,,,
2021-08-04,5800.15,5880.7,5727.5,5759.9,1657000,4343.36,5351.84,5148.6,5880.7,5879.1,127.1,69.34,0,,5346.6,,5375.22,1,26,2021-07-16,0,,,,
2021-08-05,5767.15,5847.3,5664.5,5834.4,2144500,4361.28,5375.67,5148.6,5880.7,5880.7,131.08,71.85,0,,5392.0,,5392.0,1,26,2021-07-16,0,,,,
2021-08-06,5847.1,5905.3,5810.8,5841.35,1840700,4378.96,5401.65,5148.6,5905.3,5880.7,128.46,72.08,0,,5398.23,,5398.23,1,26,2021-07-16,0,,,,
2021-08-09,5861.55,5861.55,5706.35,5732.0,2324466000,4395.74,5423.02,5148.6,5905.3,5905.3,130.37,63.33,0,,5326.42,,5398.23,1,26,2021-07-16,0,,,,
2021-08-10,5737.0,5756.7,5540.05,5573.3,1802900,4411.09,5434.67,5148.6,5905.3,5905.3,136.54,53.23,0,,5219.95,,5398.23,1,26,2021-07-16,0,,,,
2021-08-11,5623.9,5759.85,5600.2,5748.3,2606700,4427.89,5449.92,5257.75,5905.3,5905.3,140.11,60.68,0,,5366.83,,5398.23,1,26,2021-07-16,0,,,,
2021-08-12,5775.95,5793.2,5728.6,5769.25,1325000,4444.91,5468.02,5341.5,5905.3,5905.3,134.72,61.47,0,,5411.86,,5411.86,1,26,2021-07-16,0,,,,
2021-08-13,5742.0,5832.7,5669.9,5799.3,2244800,4463.32,5487.48,5350.0,5905.3,5905.3,136.72,62.63,0,,5432.73,,5432.73,1,26,2021-07-16,0,,,,
2021-08-16,5818.8,5936.1,5771.95,5884.9,1592100,4482.02,5510.06,5378.2,5936.1,5905.3,138.68,65.79,0,,5496.04,,5496.04,1,26,2021-07-16,0,,,,
2021-08-17,5878.5,5907.45,5706.7,5749.4,2107100,4499.45,5530.7,5378.2,5936.1,5936.1,143.11,57.5,0,,5405.69,,5496.04,1,26,2021-07-16,0,,,,
2021-08-18,5760.15,5776.75,5666.1,5702.6,1432300,4516.51,5548.37,5540.05,5936.1,5936.1,140.8,54.92,0,,5431.0,,5496.04,1,26,2021-07-16,0,,,,
2021-08-20,5558.0,5558.0,5302.1,5335.95,2606900,4530.58,5550.02,5302.1,5936.1,5936.1,159.35,39.86,0,,5102.82,,5496.04,1,26,2021-07-16,1,5496.04,TRAILING_STOP,24,1.94
2021-08-23,5410.8,5430.15,5171.95,5291.25,2470800,4544.59,5554.04,5171.95,5936.1,5936.1,166.41,38.47,0,,5025.9,,,0,,,0,,,,
2021-08-24,5359.95,5475.6,5346.65,5444.8,2318700,4559.35,5559.75,5171.95,5936.1,5936.1,167.69,45.48,0,,5124.09,,,0,,,0,,,,
2021-08-25,5483.4,5533.0,5437.05,5474.05,1606900,4574.15,5566.8,5171.95,5936.1,5936.1,162.56,46.73,0,,5146.37,,,0,,,0,,,,
2021-08-26,5476.95,5487.25,5376.7,5404.7,1955800,4587.35,5570.44,5171.95,5936.1,5936.1,158.85,44.15,0,,5104.12,,,0,,,0,,,,
2021-08-27,5428.1,5501.95,5425.5,5492.7,2308700,4601.46,5576.86,5171.95,5936.1,5936.1,154.45,48.06,0,,5163.81,,,0,,,0,,,,
2021-08-30,5544.25,5646.0,5542.9,5628.1,1975200,4616.18,5586.62,5171.95,5936.1,5936.1,154.37,53.46,0,,5251.2,,,0,,,0,,,,
2021-08-31,5639.95,5730.8,5604.25,5714.6,2160700,4630.61,5597.39,5171.95,5936.1,5936.1,152.38,56.57,0,,5308.31,,,0,,,0,,,,
2021-09-01,5737.3,5739.5,5595.45,5612.45,1491000,4644.5,5607.21,5171.95,5936.1,5936.1,151.79,52.14,0,,5242.82,,,0,,,0,,,,
2021-09-02,5634.5,5672.5,5624.55,5653.3,1274000,4658.89,5622.54,5171.95,5936.1,5936.1,145.23,53.7,0,,5273.54,,,0,,,0,,,,
2021-09-03,5660.75,5746.4,5628.65,5719.35,1806600,4673.62,5634.88,5171.95,5936.1,5936.1,143.27,56.19,0,,5317.45,,,0,,,0,,,,
2021-09-06,5757.5,5788.85,5682.7,5742.7,2456700,4688.42,5647.84,5171.95,5936.1,5936.1,140.62,57.07,0,,5334.28,,,0,,,0,,,,
2021-09-07,5765.8,5798.8,5693.6,5708.35,1317600,4703.22,5658.54,5171.95,5936.1,5936.1,138.09,55.31,0,,5313.81,,,0,,,0,,,,
2021-09-08,5716.9,5763.55,5685.4,5720.75,1062000,4718.37,5667.04,5171.95,5936.1,5936.1,133.81,55.84,0,,5324.66,,,0,,,0,,,,
2021-09-09,5715.2,5783.7,5714.9,5765.15,1049000,4734.74,5674.78,5171.95,5936.1,5936.1,129.16,57.77,0,,5356.4,,,0,,,0,,,,
2021-09-13,5803.6,5850.75,5769.1,5839.3,1647900,4750.97,5675.74,5171.95,5936.1,5936.1,126.05,60.84,0,,5406.3,,,0,,,0,,,,
2021-09-14,5876.2,5876.2,5799.95,5810.35,1065500,4766.79,5677.07,5346.65,5936.1,5936.1,122.49,59.03,0,,5448.23,,,0,,,0,,,,
2021-09-15,5825.75,5879.9,5794.0,5859.05,1326700,4783.44,5679.66,5376.7,5907.45,5936.1,119.88,61.12,0,,5491.4,,,0,,,0,,,,
2021-09-16,5873.0,5913.85,5809.9,5822.5,1105900,4800.68,5681.14,5376.7,5913.85,5907.45,118.74,58.7,0,,5468.58,,,0,,,0,,,,
2021-09-17,5836.35,5841.75,5615.55,5683.85,1913500,4817.54,5678.6,5425.5,5913.85,5913.85,126.42,50.53,0,,5390.3,,,0,,,0,,,,
2021-09-20,5565.2,5567.05,5288.15,5309.0,2256500,4832.01,5661.09,5288.15,5913.85,5913.85,145.65,35.96,0,,5089.92,,,0,,,0,,,,
2021-09-21,5321.95,5453.45,5268.95,5444.45,2157700,4847.79,5647.86,5268.95,5913.85,5913.85,148.43,42.42,0,,5169.04,,,0,,,0,,,,
2021-09-22,5466.85,5558.35,5431.35,5524.65,1893200,4863.11,5640.95,5268.95,5913.85,5913.85,146.9,45.9,0,,5221.78,,,0,,,0,,,,
2021-09-23,5607.7,5627.05,5579.5,5616.05,1484900,4878.62,5642.37,5268.95,5913.85,5913.85,143.72,49.64,0,,5282.86,,,0,,,0,,,,
2021-09-24,5621.95,5627.3,5449.7,5498.2,1507600,4892.98,5634.04,5268.95,5913.85,5913.85,146.14,45.29,0,,5205.23,,,0,,,0,,,,
2021-09-27,5501.4,5544.8,5478.85,5504.45,1169800,4906.95,5625.21,5268.95,5913.85,5913.85,140.41,45.56,0,,5213.08,,,0,,,0,,,,
2021-09-28,5522.1,5587.05,5497.5,5534.6,1398600,4920.89,5616.38,5268.95,5913.85,5913.85,136.78,46.94,0,,5234.95,,,0,,,0,,,,
2021-09-29,5502.9,5691.25,5492.15,5661.25,2974900,4934.95,5608.93,5268.95,5913.85,5913.85,141.23,52.36,0,,5313.67,,,0,,,0,,,,
2021-09-30,5686.1,5733.1,5596.5,5611.25,2233500,4948.93,5604.32,5268.95,5913.85,5913.85,140.9,50.18,0,,5281.64,,,0,,,0,,,,
2021-10-01,5571.0,5674.75,5524.25,5638.8,1829600,4963.12,5602.2,5268.95,5913.85,5913.85,141.58,51.38,0,,5298.95,,,0,,,0,,,,
2021-10-04,5669.7,5816.1,5611.8,5807.35,3074700,4978.19,5617.91,5268.95,5913.85,5913.85,146.06,58.05,0,,5404.68,,,0,,,0,,,,
2021-10-05,5777.15,5861.7,5773.55,5800.3,2171600,4993.62,5634.88,5268.95,5913.85,5913.85,141.93,57.7,0,,5402.89,,,0,,,0,,,,
2021-10-06,5825.1,5859.3,5606.95,5627.35,2244100,5007.33,5640.96,5268.95,5913.85,5913.85,149.81,49.64,0,,5286.08,,,0,,,0,,,,
2021-10-07,5697.9,5705.25,5643.8,5659.95,1093200,5020.91,5647.16,5268.95,5913.85,5913.85,144.68,51.03,0,,5310.53,,,0,,,0,,,,
2021-10-08,5702.35,5791.65,5663.85,5681.45,1257600,5035.11,5656.39,5268.95,5913.85,5913.85,143.75,51.97,0,,5325.02,,,0,,,0,,,,
2021-10-11,5718.8,5806.7,5707.65,5766.4,1331800,5049.49,5665.51,5268.95,5913.85,5913.85,142.43,55.6,0,,5380.69,,,0,,,0,,,,
2021-10-12,5798.5,5837.15,5720.6,5829.35,1546900,5063.36,5672.22,5431.35,5913.85,5913.85,140.58,58.12,0,,5476.66,,,0,,,0,,,,
2021-10-13,5845.6,5971.75,5812.3,5914.65,2382100,5077.6,5678.89,5449.7,5971.75,5913.85,141.93,61.33,1,5914.65,5536.9,5536.9,5536.9,1,27,2021-10-13,0,,,,
2021-10-14,5978.75,6079.55,5954.95,6019.2,2386500,5091.53,5692.45,5449.7,6079.55,5971.75,143.57,64.88,0,,5603.24,,5603.24,1,27,2021-10-13,0,,,,
2021-10-18,6157.2,6300.45,6133.55,6253.1,4898200,5107.74,5712.44,5478.85,6300.45,6079.55,153.4,71.24,0,,5757.26,,5757.26,1,27,2021-10-13,0,,,,
2021-10-19,6312.2,6312.2,6061.2,6099.35,2349300,5122.42,5725.1,5492.15,6312.2,6300.45,160.38,63.14,0,,5657.88,,5757.26,1,27,2021-10-13,0,,,,
2021-10-20,6085.9,6085.9,5919.05,5974.0,1706500,5136.06,5732.82,5492.15,6312.2,6312.2,161.8,57.41,0,,5576.08,,5757.26,1,27,2021-10-13,0,,,,
2021-10-21,6019.55,6040.1,5782.75,5868.4,1790700,5148.13,5738.15,5524.25,6312.2,6312.2,168.62,53.05,0,,5514.12,,5757.26,1,27,2021-10-13,0,,,,
2021-10-22,5865.25,5877.85,5645.25,5690.1,1718500,5159.55,5737.13,5524.25,6312.2,6312.2,173.19,46.6,0,,5396.07,,5757.26,1,27,2021-10-13,1,5757.26,TRAILING_STOP,7,-2.66
2021-10-25,5715.25,5747.5,5561.65,5679.65,1483100,5171.62,5734.28,5561.65,6312.2,6312.2,174.1,46.25,0,,5401.19,,,0,,,0,,,,
2021-10-26,5702.9,5846.5,5694.3,5830.65,1394800,5184.48,5733.99,5561.65,6312.2,6312.2,173.58,51.94,0,,5498.93,,,0,,,0,,,,
2021-10-27,5833.2,5855.55,5722.55,5741.9,1364800,5197.41,5731.71,5561.65,6312.2,6312.2,170.68,48.68,0,,5443.62,,,0,,,0,,,,
2021-10-28,5654.95,5668.9,5521.65,5544.55,2348900,5208.55,5721.22,5521.65,6312.2,6312.2,174.22,42.31,0,,5300.64,,,0,,,0,,,,
2021-10-29,5534.05,5660.5,5482.3,5563.4,1955500,5220.04,5712.59,5482.3,6312.2,6312.2,174.51,43.08,0,,5299.49,,,0,,,0,,,,
2021-11-01,5648.5,5746.6,5616.9,5733.75,3165200,5232.4,5714.25,5482.3,6312.2,6312.2,175.13,49.59,0,,5408.95,,,0,,,0,,,,
2021-11-02,5764.65,5764.75,5634.95,5643.15,1441700,5244.37,5725.39,5482.3,6312.2,6312.2,171.89,46.54,0,,5352.67,,,0,,,0,,,,
2021-11-03,5671.85,5714.9,5647.45,5695.45,1231500,5257.32,5733.76,5482.3,6312.2,6312.2,164.74,48.51,0,,5391.17,,,0,,,0,,,,
2021-11-04,5728.3,5737.4,5688.2,5697.95,219100,5270.28,5739.53,5482.3,6312.2,6312.2,156.48,48.61,0,,5398.29,,,0,,,0,,,,
2021-11-08,5751.1,5787.3,5634.95,5780.45,1403700,5283.26,5745.01,5482.3,6312.2,6312.2,156.19,51.84,0,,5451.7,,,0,,,0,,,,
2021-11-09,5777.95,5812.6,5737.45,5761.6,1726300,5295.89,5753.79,5482.3,6312.2,6312.2,150.4,51.05,0,,5443.4,,,0,,,0,,,,
2021-11-10,5739.55,5754.2,5626.8,5660.45,1972700,5308.01,5758.99,5482.3,6312.2,6312.2,149.29,46.91,0,,5378.9,,,0,,,0,,,,
2021-11-11,5665.25,5723.45,5644.9,5681.0,1273300,5321.1,5763.87,5482.3,6312.2,6312.2,144.23,47.84,0,,5395.52,,,0,,,0,,,,
2021-11-12,5759.6,5765.75,5670.0,5728.7,1650600,5334.51,5766.12,5482.3,6312.2,6312.2,140.77,50.02,0,,5428.6,,,0,,,0,,,,
2021-11-15,5754.75,5761.25,5618.1,5624.3,1271200,5346.3,5766.56,5482.3,6312.2,6312.2,140.94,45.54,0,,5361.15,,,0,,,0,,,,
2021-11-16,5629.25,5687.5,5568.6,5586.35,1129900,5357.12,5764.81,5482.3,6312.2,6312.2,139.37,43.99,0,,5337.72,,,0,,,0,,,,
2021-11-17,5563.85,5618.65,5546.5,5568.1,1138900,5367.73,5756.83,5482.3,6085.9,6312.2,134.56,43.24,0,,5329.15,,,0,,,0,,,,
2021-11-18,5589.3,5603.05,5405.35,5423.9,1918800,5375.96,5744.29,5405.35,6040.1,6085.9,139.07,37.7,0,,5207.48,,,0,,,0,,,,
2021-11-22,5433.05,5478.8,5327.4,5421.6,1797700,5383.93,5737.43,5327.4,5877.85,6040.1,139.95,37.62,0,,5179.43,,,0,,,0,,,,
2021-11-23,5438.7,5619.95,5436.95,5600.4,5030800,5392.68,5735.44,5327.4,5855.55,5877.85,144.13,47.3,0,,5291.97,,,0,,,0,,,,
2021-11-24,5613.75,5687.35,5564.8,5602.6,1451700,5401.2,5732.82,5327.4,5855.55,5855.55,142.58,47.4,0,,5294.42,,,0,,,0,,,,
2021-11-25,5611.15,5642.8,5548.25,5624.0,1678300,5408.73,5728.07,5327.4,5855.55,5855.55,139.15,48.51,0,,5310.51,,,0,,,0,,,,
2021-11-26,5545.0,5572.8,5309.0,5323.75,2301100,5414.44,5711.22,5309.0,5812.6,5855.55,151.71,36.81,0,,5102.34,,,0,,,0,,,,
2021-11-29,5312.0,5394.8,5177.8,5304.7,1811600,5421.83,5690.88,5177.8,5812.6,5812.6,156.38,36.21,0,,5043.21,,,0,,,0,,,,
2021-11-30,5308.35,5400.3,5174.0,5201.7,2151600,5427.59,5663.63,5174.0,5812.6,5812.6,161.37,33.09,0,,4972.18,,,0,,,0,,,,
2021-12-01,5274.35,5338.5,5219.8,5322.2,1457400,5433.75,5632.6,5174.0,5812.6,5812.6,159.62,39.65,0,,5051.07,,,0,,,0,,,,
2021-12-02,5332.8,5416.35,5282.0,5405.05,1513600,5440.22,5609.46,5174.0,5812.6,5812.6,157.81,43.73,0,,5105.72,,,0,,,0,,,,
2021-12-03,5404.15,5460.4,5378.0,5392.4,1600400,5447.07,5590.07,5174.0,5812.6,5812.6,152.43,43.25,0,,5101.15,,,0,,,0,,,,
2021-12-06,5393.15,5465.4,5313.6,5327.9,1572100,5453.36,5572.06,5174.0,5812.6,5812.6,152.38,40.79,0,,5059.58,,,0,,,0,,,,
2021-12-07,5390.45,5516.15,5383.25,5494.45,2271100,5460.25,5565.54,5174.0,5812.6,5812.6,154.94,48.89,0,,5165.29,,,0,,,0,,,,
2021-12-08,5535.7,5601.25,5493.8,5594.9,1727200,5467.9,5562.71,5174.0,5765.75,5812.6,151.55,53.06,0,,5232.34,,,0,,,0,,,,
2021-12-09,5625.65,5642.4,5561.2,5629.8,1413500,5475.19,5556.02,5174.0,5765.75,5765.75,146.53,54.45,0,,5258.2,,,0,,,0,,,,
2021-12-10,5608.1,5677.1,5601.0,5658.9,1211700,5481.85,5553.25,5174.0,5765.75,5765.75,141.5,55.63,0,,5280.33,,,0,,,0,,,,
2021-12-13,5738.95,5758.85,5635.3,5642.8,1832500,5488.51,5556.52,5174.0,5761.25,5765.75,140.21,54.78,0,,5270.8,,,0,,,0,,,,
2021-12-14,5620.0,5705.55,5605.9,5666.8,1379600,5493.92,5559.97,5174.0,5758.85,5761.25,137.32,55.86,0,,5288.21,,,0,,,0,,,,
2021-12-15,5671.65,5701.7,5593.95,5604.1,1097800,5498.96,5555.65,5174.0,5758.85,5758.85,135.2,52.35,0,,5249.18,,,0,,,0,,,,
2021-12-16,5646.85,5663.65,5556.05,5597.15,1025200,5503.26,5554.12,5174.0,5758.85,5758.85,133.23,51.96,0,,5246.01,,,0,,,0,,,,
2021-12-17,5576.7,5590.3,5466.35,5476.8,1227600,5506.96,5546.83,5174.0,5758.85,5758.85,133.06,45.63,0,,5168.5,,,0,,,0,,,,
2021-12-20,5400.1,5409.2,5195.35,5269.6,1389400,5508.12,5532.55,5174.0,5758.85,5758.85,143.66,37.22,0,,5027.79,,,0,,,0,,,,
2021-12-21,5328.35,5488.2,5321.4,5424.6,1269600,5508.71,5520.69,5195.35,5758.85,5758.85,149.01,45.33,0,,5131.31,,,0,,,0,,,,
2021-12-22,5469.95,5527.75,5461.6,5521.1,990400,5508.83,5512.67,5195.35,5758.85,5758.85,145.74,49.7,0,,5195.74,,,0,,,0,,,,
2021-12-23,5560.6,5603.95,5498.45,5519.9,987500,5510.36,5507.98,5195.35,5758.85,5758.85,142.86,49.64,0,,5196.88,,,0,,,0,,,,
2021-12-24,5541.3,5542.95,5433.2,5492.7,849800,5513.04,5501.71,5195.35,5758.85,5758.85,140.5,48.38,0,,5180.91,,,0,,,0,,,,
2021-12-27,5477.65,5498.0,5431.2,5489.45,681200,5514.91,5493.73,5195.35,5758.85,5758.85,135.23,48.22,0,,5182.32,,,0,,,0,,,,
2021-12-28,5520.9,5548.4,5502.7,5538.7,568600,5516.54,5490.88,5195.35,5758.85,5758.85,129.78,50.84,0,,5217.72,,,0,,,0,,,,
2021-12-29,5523.7,5538.5,5450.9,5480.55,776400,5518.11,5487.35,5195.35,5758.85,5758.85,126.78,47.77,0,,5182.22,,,0,,,0,,,,
2021-12-30,5480.3,5508.2,5407.45,5416.65,977000,5520.22,5482.3,5195.35,5758.85,5758.85,124.92,44.59,0,,5142.24,,,0,,,0,,,,
2021-12-31,5436.15,5547.7,5436.15,5521.75,943900,5523.24,5485.57,5195.35,5758.85,5758.85,125.36,50.44,0,,5209.74,,,0,,,0,,,,
2022-01-03,5529.95,5640.7,5526.15,5628.1,1068200,5527.4,5492.45,5195.35,5758.85,5758.85,124.9,55.55,0,,5278.64,,,0,,,0,,,,
2022-01-04,5663.8,5670.9,5559.9,5606.85,1278700,5531.16,5492.66,5195.35,5758.85,5758.85,123.91,54.34,0,,5265.59,,,0,,,0,,,,
2022-01-05,5600.6,5691.9,5583.25,5684.15,1231400,5535.35,5495.38,5195.35,5758.85,5758.85,122.82,57.92,0,,5316.18,,,0,,,0,,,,
2022-01-06,5667.1,5706.95,5626.2,5656.0,1217300,5538.91,5496.45,5195.35,5758.85,5758.85,119.82,56.19,0,,5300.03,,,0,,,0,,,,
2022-01-07,5677.0,5701.8,5627.85,5684.85,1255500,5541.92,5508.49,5195.35,5758.85,5758.85,116.54,57.59,0,,5320.82,,,0,,,0,,,,
2022-01-10,5714.65,5729.35,5666.1,5718.8,1168100,5544.92,5522.29,5321.4,5729.35,5758.85,112.73,59.24,0,,5387.27,,,0,,,0,,,,
2022-01-11,5692.35,5707.65,5602.9,5610.35,1748600,5546.73,5535.91,5407.45,5729.35,5729.35,112.96,52.26,0,,5345.85,,,0,,,0,,,,
2022-01-12,5669.95,5699.4,5653.95,5685.0,1141300,5549.19,5548.0,5407.45,5729.35,5729.35,111.25,56.09,0,,5395.14,,,0,,,0,,,,
2022-01-13,5715.7,5896.05,5704.6,5882.75,1789600,5553.35,5563.93,5407.45,5896.05,5729.35,118.38,64.28,1,5882.75,5517.94,5517.94,5517.94,1,28,2022-01-13,0,,,,
2022-01-14,5857.75,5901.9,5829.6,5871.4,956400,5557.77,5579.9,5407.45,5901.9,5896.05,115.09,63.54,0,,5512.81,,5517.94,1,28,2022-01-13,0,,,,
2022-01-17,5879.55,5921.8,5791.3,5888.4,1355200,5561.92,5598.58,5407.45,5921.8,5901.9,116.19,64.2,0,,5523.04,,5523.04,1,28,2022-01-13,0,,,,
2022-01-18,5908.2,5912.85,5736.75,5755.15,1015900,5564.24,5607.27,5407.45,5921.8,5921.8,120.47,55.72,0,,5434.24,,5523.04,1,28,2022-01-13,0,,,,
2022-01-19,5751.8,5830.75,5704.9,5801.1,1472400,5567.11,5614.14,5407.45,5921.8,5921.8,120.85,57.79,0,,5463.62,,5523.04,1,28,2022-01-13,0,,,,
2022-01-20,5814.75,5870.55,5789.05,5831.15,1210500,5570.19,5620.85,5436.15,5921.8,5921.8,118.04,59.14,0,,5494.45,,5523.04,1,28,2022-01-13,0,,,,
2022-01-21,5800.65,5824.75,5663.85,5719.55,1485100,5573.54,5622.88,5526.15,5921.8,5921.8,121.56,52.44,0,,5450.12,,5523.04,1,28,2022-01-13,0,,,,
2022-01-24,5669.05,5669.6,5382.2,5420.45,1538700,5575.71,5615.46,5382.2,5921.8,5921.8,136.97,39.53,0,,5198.94,,5523.04,1,28,2022-01-13,1,5575.71,TRAILING_STOP|SMA150_BREAK,8,-5.22
2022-01-25,5381.5,5512.75,5351.9,5485.15,1142900,5578.62,5609.41,5351.9,5921.8,5921.8,138.68,42.81,0,,5229.44,,,0,,,0,,,,
2022-01-27,5411.2,5491.45,5329.7,5445.9,1345700,5580.89,5604.14,5329.7,5921.8,5921.8,140.33,41.35,0,,5195.62,,,0,,,0,,,,
2022-01-28,5497.7,5610.7,5452.05,5466.05,1305600,5583.21,5599.76,5329.7,5921.8,5921.8,142.08,42.44,0,,5207.45,,,0,,,0,,,,
2022-01-31,5543.0,5544.0,5463.45,5473.45,944600,5585.95,5599.65,5329.7,5921.8,5921.8,137.68,42.86,0,,5215.15,,,0,,,0,,,,
2022-02-01,5530.55,5736.95,5479.1,5719.4,1797000,5590.14,5614.65,5329.7,5921.8,5921.8,146.67,54.68,0,,5367.8,,,0,,,0,,,,
2022-02-02,5763.0,5785.75,5715.75,5779.7,1435600,5593.84,5626.48,5329.7,5921.8,5921.8,141.19,57.03,0,,5410.35,,,0,,,0,,,,
2022-02-03,5741.55,5819.15,5725.15,5761.6,1276100,5596.98,5634.5,5329.7,5921.8,5921.8,137.82,56.09,0,,5400.92,,,0,,,0,,,,
2022-02-04,5766.95,5882.05,5763.4,5829.5,1606200,5601.01,5644.82,5329.7,5921.8,5921.8,136.58,58.83,0,,5445.54,,,0,,,0,,,,
2022-02-07,5837.75,5935.2,5794.65,5829.0,1494900,5605.09,5656.03,5329.7,5935.2,5921.8,136.86,58.8,0,,5445.03,,,0,,,0,,,,
2022-02-08,5867.95,5912.5,5730.7,5875.6,1719700,5609.55,5668.9,5329.7,5935.2,5935.2,140.07,60.75,0,,5472.95,,,0,,,0,,,,
2022-02-09,5914.25,6001.2,5881.4,5985.0,1883500,5615.25,5683.78,5329.7,6001.2,5935.2,139.04,64.94,1,5985.0,5544.2,5544.2,5544.2,1,29,2022-02-09,0,,,,
2022-02-10,6015.5,6081.95,6000.95,6059.45,2218100,5621.16,5703.08,5329.7,6081.95,6001.2,136.03,67.49,0,,5594.22,,5594.22,1,29,2022-02-09,0,,,,
2022-02-11,6022.45,6076.95,5982.5,6023.8,1275100,5626.08,5723.31,5329.7,6081.95,6081.95,133.06,65.05,0,,5573.21,,5594.22,1,29,2022-02-09,0,,,,
2022-02-14,5892.75,5913.5,5702.45,5719.0,1345400,5629.73,5729.89,5329.7,6081.95,6081.95,146.51,48.83,0,,5367.65,,5594.22,1,29,2022-02-09,0,,,,
2022-02-15,5764.2,5858.65,5615.25,5845.5,1524000,5633.55,5737.13,5329.7,6081.95,6081.95,153.43,53.96,0,,5444.63,,5594.22,1,29,2022-02-09,1,5633.55,SMA150_BREAK,5,-5.87
2022-02-16,5878.15,5887.8,5788.15,5812.15,1015100,5637.21,5743.98,5329.7,6081.95,6081.95,149.59,52.47,0,,5425.68,,,0,,,0,,,,
2022-02-17,5842.05,5870.65,5776.45,5793.4,855200,5640.53,5747.62,5452.05,6081.95,6081.95,145.63,51.6,0,,5457.0,,,0,,,0,,,,
2022-02-18,5779.9,5844.4,5761.25,5778.4,914100,5643.72,5751.7,5463.45,6081.95,6081.95,141.17,50.88,0,,5454.1,,,0,,,0,,,,
2022-02-21,5753.5,5767.45,5646.75,5658.95,1001900,5645.87,5750.84,5479.1,6081.95,6081.95,140.49,45.42,0,,5382.73,,,0,,,0,,,,
2022-02-22,5540.25,5609.2,5476.7,5595.9,1412900,5647.24,5746.74,5476.7,6081.95,6081.95,143.47,42.82,0,,5339.27,,,0,,,0,,,,
2022-02-23,5635.7,5655.2,5599.3,5608.9,1138800,5649.18,5746.69,5476.7,6081.95,6081.95,137.46,43.54,0,,5351.67,,,0,,,0,,,,
2022-02-24,5427.15,5535.95,5293.4,5313.65,2269400,5649.98,5734.31,5293.4,6081.95,6081.95,150.18,33.28,0,,5091.65,,,0,,,0,,,,
2022-02-25,5426.9,5647.4,5421.4,5618.7,1690900,5651.78,5725.51,5293.4,6081.95,6081.95,163.29,47.14,0,,5279.67,,,0,,,0,,,,
2022-02-28,5586.5,5909.15,5554.45,5896.85,2167900,5655.4,5726.36,5293.4,6081.95,6081.95,176.96,56.09,0,,5449.96,,,0,,,0,,,,
2022-03-02,5902.25,6173.1,5897.2,6136.7,3192800,5660.39,5734.64,5293.4,6173.1,6081.95,184.05,62.06,1,6136.7,5599.93,5599.93,5599.93,1,30,2022-03-02,0,,,,
2022-03-03,6254.35,6294.65,6169.55,6210.25,2996000,5665.36,5749.81,5293.4,6294.65,6173.1,182.19,63.69,0,,5648.62,,5648.62,1,30,2022-03-02,0,,,,
2022-03-04,6199.5,6269.0,5993.55,6010.15,2336100,5668.54,5756.78,5293.4,6294.65,6294.65,188.85,56.57,0,,5515.11,,5648.62,1,30,2022-03-02,0,,,,
2022-03-07,6014.3,6156.95,5988.45,6136.15,2109800,5670.71,5766.94,5293.4,6294.65,6294.65,187.4,59.63,0,,5597.35,,5648.62,1,30,2022-03-02,0,,,,
2022-03-08,6161.65,6161.65,5959.75,6045.3,2024600,5672.54,5777.8,5293.4,6294.65,6294.65,188.43,56.53,0,,5538.06,,5648.62,1,30,2022-03-02,0,,,,
2022-03-09,6045.9,6090.85,5981.75,6024.6,1304300,5674.16,5797.94,5293.4,6294.65,6294.65,182.77,55.82,0,,5528.49,,5648.62,1,30,2022-03-02,0,,,,
2022-03-10,6017.7,6172.7,5957.1,6161.95,1850300,5676.72,5820.5,5293.4,6294.65,6294.65,185.11,59.46,0,,5615.52,,5648.62,1,30,2022-03-02,0,,,,
2022-03-11,6175.6,6275.55,6151.9,6190.05,1541300,5679.59,5845.3,5293.4,6294.65,6294.65,180.72,60.19,0,,5636.57,,5648.62,1,30,2022-03-02,0,,,,
2022-03-14,6187.25,6205.3,6093.3,6161.05,1218500,5681.77,5868.47,5293.4,6294.65,6294.65,175.81,59.02,0,,5621.13,,5648.62,1,30,2022-03-02,0,,,,
2022-03-15,6113.4,6116.3,5868.85,5910.1,1530700,5682.22,5883.02,5293.4,6294.65,6294.65,184.13,49.97,0,,5453.73,,5648.62,1,30,2022-03-02,0,,,,
2022-03-16,5973.85,6082.05,5960.95,6065.7,1195100,5684.45,5894.57,5293.4,6294.65,6294.65,183.26,54.61,0,,5554.67,,5648.62,1,30,2022-03-02,0,,,,
2022-03-17,6117.25,6230.3,6101.55,6183.8,2179900,5688.52,5908.04,5293.4,6294.65,6294.65,181.92,57.82,0,,5631.73,,5648.62,1,30,2022-03-02,0,,,,
2022-03-21,6236.8,6358.4,6233.35,6276.35,1828400,5692.04,5925.2,5421.4,6358.4,6294.65,181.4,60.19,0,,5734.44,,5734.44,1,30,2022-03-02,0,,,,
2022-03-22,6326.9,6382.6,6244.1,6323.7,1447200,5695.74,5941.67,5554.45,6382.6,6358.4,178.34,61.38,0,,5811.38,,5811.38,1,30,2022-03-02,0,,,,
2022-03-23,6387.85,6444.15,6283.9,6399.95,2263700,5699.74,5960.7,5868.85,6444.15,6382.6,177.04,63.3,1,6399.95,5966.22,5966.22,5966.22,1,30,2022-03-02,0,,,,
2022-03-24,6407.85,6536.4,6404.5,6498.2,1761500,5703.83,5981.46,5868.85,6536.4,6444.15,174.15,65.65,0,,6031.53,,6031.53,1,30,2022-03-02,0,,,,
2022-03-25,6518.45,6565.45,6458.65,6500.2,1310000,5708.83,5998.63,5868.85,6565.45,6536.4,169.33,65.7,0,,6036.02,,6036.02,1,30,2022-03-02,0,,,,
2022-03-28,6497.95,6580.3,6467.85,6559.4,1281500,5714.55,6015.29,5868.85,6580.3,6565.45,165.27,67.18,0,,6076.92,,6076.92,1,30,2022-03-02,0,,,,
2022-03-29,6582.1,6617.85,6508.6,6571.85,1113600,5722.78,6033.56,5868.85,6617.85,6580.3,161.27,67.49,0,,6087.61,,6087.61,1,30,2022-03-02,0,,,,
2022-03-30,6561.3,6561.3,6417.45,6428.95,1290300,5730.37,6057.23,5868.85,6617.85,6617.85,160.78,60.31,0,,5995.77,,6087.61,1,30,2022-03-02,0,,,,
2022-03-31,6445.05,6471.2,6405.65,6423.7,1404700,5736.9,6076.5,5868.85,6617.85,6617.85,153.98,60.06,0,,5996.92,,6087.61,1,30,2022-03-02,0,,,,
2022-04-01,6439.4,6537.05,6432.45,6477.2,1165600,5743.58,6098.67,5868.85,6617.85,6617.85,151.08,61.82,0,,6033.36,,6087.61,1,30,2022-03-02,0,,,,
2022-04-04,6491.65,6634.7,6481.7,6606.1,1444500,5751.59,6125.76,5868.85,6634.7,6617.85,151.53,65.73,0,,6116.19,,6116.19,1,30,2022-03-02,0,,,,
2022-04-05,6648.5,6678.05,6602.45,6640.45,1155600,5759.24,6154.49,5868.85,6678.05,6634.7,146.11,66.7,1,6640.45,6141.97,6141.97,6141.97,1,30,2022-03-02,0,,,,
2022-04-06,6628.95,6770.05,6616.3,6730.0,1865700,5766.59,6190.2,5960.95,6770.05,6678.05,146.66,69.18,0,,6230.06,,6230.06,1,30,2022-03-02,0,,,,
2022-04-07,6742.3,6760.65,6597.6,6618.35,1277600,5772.62,6224.28,6101.55,6770.05,6770.05,147.83,62.91,0,,6204.13,,6230.06,1,30,2022-03-02,0,,,,
2022-04-08,6665.9,6783.8,6649.45,6755.55,997200,5780.24,6262.5,6233.35,6783.8,6770.05,149.09,66.88,0,,6335.72,,6335.72,1,30,2022-03-02,0,,,,
2022-04-11,6768.6,6825.65,6751.45,6774.9,885300,5787.71,6311.21,6244.1,6825.65,6783.8,143.74,67.41,0,,6355.35,,6355.35,1,30,2022-03-02,0,,,,
2022-04-12,6753.1,6760.15,6499.7,6589.25,1303500,5793.51,6343.56,6283.9,6825.65,6825.65,153.13,57.85,0,,6242.61,,6355.35,1,30,2022-03-02,0,,,,
2022-04-13,6642.4,6702.05,6603.0,6627.0,801800,5799.41,6367.9,6404.5,6825.65,6825.65,150.25,59.12,0,,6309.08,,6355.35,1,30,2022-03-02,0,,,,
2022-04-18,6624.9,6684.75,6576.7,6648.95,876300,5805.68,6384.97,6405.65,6825.65,6825.65,147.23,59.87,0,,6325.63,,6355.35,1,30,2022-03-02,0,,,,
2022-04-19,6705.65,6773.1,6508.3,6578.0,1102800,5811.39,6397.23,6405.65,6825.65,6825.65,155.63,56.25,0,,6274.27,,6355.35,1,30,2022-03-02,0,,,,
2022-04-20,6618.2,6644.15,6517.6,6556.1,883200,5816.67,6415.43,6405.65,6825.65,6825.65,153.55,55.14,0,,6261.53,,6355.35,1,30,2022-03-02,0,,,,
2022-04-21,6581.85,6601.75,6477.35,6570.2,1050800,5821.54,6429.9,6405.65,6825.65,6825.65,151.47,55.74,0,,6272.02,,6355.35,1,30,2022-03-02,0,,,,
2022-04-22,6527.95,6554.85,6432.4,6440.65,984900,5825.74,6443.08,6405.65,6825.65,6825.65,150.49,49.17,0,,6189.11,,6355.35,1,30,2022-03-02,0,,,,
2022-04-25,6322.25,6346.3,6215.4,6256.8,1256400,5828.39,6450.82,6215.4,6825.65,6825.65,155.83,41.67,0,,6003.55,,6355.35,1,30,2022-03-02,1,6355.35,TRAILING_STOP,36,3.56
2022-04-26,6309.6,6347.6,6266.45,6336.85,791300,5831.82,6456.64,6215.4,6825.65,6825.65,151.19,45.57,0,,6058.28,,,0,,,0,,,,
2022-04-27,6301.8,6361.35,6222.0,6321.55,1056700,5836.07,6461.03,6215.4,6825.65,6825.65,150.34,44.95,0,,6048.97,,,0,,,0,,,,
2022-04-28,6400.05,6400.05,6293.65,6362.4,960100,5843.1,6467.74,6215.4,6825.65,6825.65,147.2,47.01,0,,6077.41,,,0,,,0,,,,
2022-04-29,6397.4,6422.55,6310.85,6327.3,919000,5848.98,6481.65,6215.4,6825.65,6825.65,144.67,45.44,0,,6056.46,,,0,,,0,,,,
2022-05-02,6272.6,6379.05,6211.85,6363.1,831200,5854.57,6491.56,6211.85,6825.65,6825.65,146.28,47.38,0,,6077.3,,,0,,,0,,,,
2022-05-04,6420.9,6420.9,6140.8,6158.55,1112900,5858.19,6490.72,6140.8,6825.65,6825.65,155.84,38.87,0,,5915.31,,,0,,,0,,,,
2022-05-05,6242.05,6325.9,6179.35,6196.6,799200,5862.84,6488.06,6140.8,6825.65,6825.65,156.66,40.99,0,,5939.3,,,0,,,0,,,,
2022-05-06,6077.3,6095.55,5974.05,6066.0,1226500,5866.59,6479.47,5974.05,6825.65,6825.65,161.37,36.33,0,,5796.34,,,0,,,0,,,,
2022-05-09,5974.35,6019.05,5891.2,5942.8,1022900,5869.31,6464.23,5891.2,6825.65,6825.65,162.32,32.57,0,,5688.62,,,0,,,0,,,,
2022-05-10,5896.9,5938.15,5614.1,5633.85,1179300,5869.13,6435.42,5614.1,6825.65,6825.65,174.21,25.45,0,,5389.06,,,0,,,0,,,,
2022-05-11,5649.2,5734.45,5500.0,5634.15,1280600,5869.28,6406.55,5500.0,6825.65,6825.65,178.51,25.47,0,,5348.35,,,0,,,0,,,,
2022-05-12,5581.75,5616.3,5351.95,5425.9,1356100,5867.86,6368.77,5351.95,6773.1,6825.65,185.92,21.76,0,,5159.74,,,0,,,0,,,,
2022-05-13,5514.55,5564.95,5290.3,5313.05,1265600,5864.56,6326.81,5290.3,6773.1,6773.1,192.26,20.05,0,,5062.18,,,0,,,0,,,,
2022-05-16,5401.5,5484.15,5323.15,5359.95,1002100,5861.63,6291.18,5290.3,6773.1,6773.1,190.74,22.76,0,,5093.44,,,0,,,0,,,,
2022-05-17,5447.0,5745.2,5438.05,5727.45,1797600,5862.3,6267.97,5290.3,6773.1,6773.1,204.64,39.95,0,,5321.21,,,0,,,0,,,,
2022-05-18,5770.25,5775.1,5674.55,5708.95,1211700,5862.62,6242.36,5290.3,6644.15,6773.1,197.2,39.47,0,,5314.24,,,0,,,0,,,,
2022-05-19,5567.15,5580.3,5429.55,5476.25,1199200,5861.25,6204.7,5290.3,6601.75,6644.15,203.07,33.99,0,,5160.23,,,0,,,0,,,,
2022-05-20,5649.95,5716.1,5606.3,5706.35,1314600,5860.85,6173.56,5290.3,6554.85,6601.75,205.7,42.5,0,,5306.89,,,0,,,0,,,,
2022-05-23,5491.2,5491.2,5199.25,5241.6,2873400,5856.94,6123.95,5199.25,6422.55,6554.85,227.23,33.19,0,,4962.43,,,0,,,0,,,,
2022-05-24,5262.3,5311.75,5160.1,5180.3,1494900,5852.04,6076.01,5160.1,6422.55,6422.55,221.83,32.19,0,,4913.44,,,0,,,0,,,,
2022-05-25,5205.45,5227.0,5053.2,5079.25,1384100,5845.77,6020.14,5053.2,6422.55,6422.55,218.4,30.55,0,,4814.92,,,0,,,0,,,,
2022-05-26,5124.35,5239.1,4954.3,5214.75,1791000,5838.85,5968.13,4954.3,6422.55,6422.55,223.14,35.3,0,,4866.18,,,0,,,0,,,,
2022-05-27,5295.1,5316.75,5160.4,5211.5,1178200,5832.93,5922.2,4954.3,6422.55,6422.55,218.37,35.24,0,,4867.27,,,0,,,0,,,,
2022-05-30,5238.05,5297.9,5192.3,5264.05,1033900,5828.2,5876.77,4954.3,6420.9,6422.55,210.32,37.17,0,,4906.53,,,0,,,0,,,,
2022-05-31,5243.8,5390.85,5219.6,5332.75,2621400,5824.63,5832.9,4954.3,6420.9,6420.9,207.53,39.7,0,,4952.71,,,0,,,0,,,,
2022-06-01,5350.9,5399.95,5285.95,5336.7,1169200,5822.27,5791.52,4954.3,6325.9,6420.9,200.85,39.85,0,,4959.71,,,0,,,0,,,,
2022-06-02,5344.55,5407.1,5308.85,5397.55,1043200,5820.39,5752.9,4954.3,6095.55,6325.9,193.52,42.23,0,,5003.84,,,0,,,0,,,,
2022-06-03,5445.8,5460.4,5314.8,5328.8,867700,5817.05,5711.52,4954.3,6019.05,6095.55,190.1,40.29,0,,4961.78,,,0,,,0,,,,
2022-06-06,5284.85,5399.5,5249.4,5388.65,1004400,5814.69,5676.46,4954.3,5938.15,6019.05,187.24,42.76,0,,5002.29,,,0,,,0,,,,
2022-06-07,5352.3,5391.85,5314.75,5340.85,831700,5813.33,5645.93,4954.3,5775.1,5938.15,179.37,41.29,0,,4976.7,,,0,,,0,,,,
2022-06-08,5366.45,5398.0,5324.85,5348.2,764300,5811.9,5612.97,4954.3,5775.1,5775.1,171.78,41.62,0,,4986.5,,,0,,,0,,,,
2022-06-09,5302.2,5348.95,5234.65,5278.2,811000,5808.86,5578.19,4954.3,5775.1,5775.1,167.68,39.34,0,,4944.09,,,0,,,0,,,,
2022-06-10,5204.2,5220.6,5153.1,5199.95,1030300,5805.91,5539.44,4954.3,5775.1,5775.1,164.64,36.91,0,,4895.64,,,0,,,0,,,,
2022-06-13,5105.6,5106.4,4977.7,5000.0,1018600,5801.27,5495.2,4954.3,5775.1,5775.1,168.75,31.54,0,,4763.93,,,0,,,0,,,,
2022-06-14,5056.0,5107.65,4968.45,5018.3,1012900,5796.74,5450.38,4954.3,5775.1,5775.1,166.64,32.5,0,,4777.14,,,0,,,0,,,,
2022-06-15,4992.55,5036.3,4964.55,4982.3,779700,5791.42,5411.17,4954.3,5716.1,5775.1,159.86,31.56,0,,4758.44,,,0,,,0,,,,
2022-06-16,5046.05,5053.1,4706.15,4721.3,1264200,5784.48,5361.99,4706.15,5716.1,5716.1,173.23,25.72,0,,4498.47,,,0,,,0,,,,
2022-06-17,4691.25,4810.35,4677.15,4724.85,1579900,5778.25,5317.28,4677.15,5491.2,5716.1,170.37,25.92,0,,4493.0,,,0,,,0,,,,
2022-06-20,4714.25,4720.15,4437.3,4540.55,1921500,5770.64,5270.54,4437.3,5460.4,5491.2,178.74,22.51,0,,4288.6,,,0,,,0,,,,
2022-06-21,4604.35,4761.75,4576.5,4720.75,1754700,5763.92,5240.11,4437.3,5460.4,5460.4,181.77,31.93,0,,4402.8,,,0,,,0,,,,
2022-06-22,4671.05,4672.55,4480.75,4490.75,1583500,5756.37,5201.99,4437.3,5460.4,5460.4,185.93,27.36,0,,4251.68,,,0,,,0,,,,
2022-06-23,4500.5,4590.25,4452.15,4523.0,1391500,5749.28,5171.9,4437.3,5460.4,5460.4,182.51,28.9,0,,4274.76,,,0,,,0,,,,
2022-06-24,4558.5,4613.65,4530.1,4596.6,1142600,5742.8,5148.02,4437.3,5460.4,5460.4,175.95,32.41,0,,4326.61,,,0,,,0,,,,
2022-06-27,4683.1,4728.95,4650.95,4666.3,1138000,5737.75,5124.89,4437.3,5460.4,5460.4,172.84,35.65,0,,4373.64,,,0,,,0,,,,
2022-06-28,4657.55,4755.1,4625.1,4744.0,1306600,5733.23,5092.11,4437.3,5460.4,5460.4,169.78,39.15,0,,4425.79,,,0,,,0,,,,
2022-06-29,4695.35,4768.2,4678.25,4755.4,976600,5727.6,5060.33,4437.3,5460.4,5460.4,164.08,39.67,0,,4436.95,,,0,,,0,,,,
2022-06-30,4764.7,4808.0,4642.7,4660.9,1120300,5721.32,5033.15,4437.3,5460.4,5460.4,164.16,36.87,0,,4375.94,,,0,,,0,,,,
2022-07-01,4629.95,4709.0,4571.3,4696.5,1000600,5715.14,4999.49,4437.3,5399.5,5460.4,162.27,38.63,0,,4400.16,,,0,,,0,,,,
2022-07-04,4653.25,4684.95,4571.15,4649.95,917600,5710.65,4979.77,4437.3,5398.0,5399.5,159.64,37.17,0,,4371.89,,,0,,,0,,,,
2022-07-05,4675.85,4763.15,4653.4,4663.75,1069400,5706.37,4962.55,4437.3,5398.0,5398.0,156.32,37.92,0,,4383.01,,,0,,,0,,,,
2022-07-06,4635.2,4676.3,4551.55,4665.3,1290700,5702.8,4948.75,4437.3,5348.95,5398.0,154.06,38.01,0,,4385.51,,,0,,,0,,,,
2022-07-07,4717.55,4864.1,4675.7,4842.2,1435500,5699.6,4936.33,4437.3,5220.6,5348.95,157.26,47.33,0,,4497.48,,,0,,,0,,,,
2022-07-08,4908.8,4908.8,4758.35,4799.55,1511900,5695.56,4922.6,4437.3,5107.65,5220.6,156.77,45.55,0,,4470.29,,,0,,,0,,,,
2022-07-11,4776.5,4947.85,4751.05,4893.9,1396600,5692.24,4910.26,4452.15,5107.65,5107.65,159.63,50.03,0,,4534.19,,,0,,,0,,,,
2022-07-12,4855.3,4900.25,4795.85,4834.05,1425400,5688.94,4893.64,4452.15,5053.1,5107.65,155.69,47.37,0,,4498.22,,,0,,,0,,,,
2022-07-13,4843.1,4901.25,4817.35,4872.55,989700,5684.8,4878.16,4452.15,5053.1,5053.1,150.56,49.24,0,,4526.47,,,0,,,0,,,,
2022-07-14,4905.2,4905.35,4820.0,4870.35,1089800,5679.97,4860.59,4530.1,4947.85,5053.1,145.9,49.13,0,,4554.14,,,0,,,0,,,,
2022-07-15,4872.2,4892.65,4790.85,4830.7,1358200,5674.64,4843.99,4551.55,4947.85,4947.85,142.75,47.14,0,,4537.82,,,0,,,0,,,,
2022-07-18,4888.5,4963.3,4872.55,4950.95,1142100,5669.92,4829.4,4551.55,4963.3,4947.85,142.03,53.33,0,,4615.86,,,0,,,0,,,,
2022-07-19,4926.2,4999.05,4920.0,4991.0,1200800,5665.58,4817.74,4551.55,4999.05,4963.3,137.53,55.21,0,,4644.69,,,0,,,0,,,,
2022-07-20,5069.8,5097.15,5033.45,5046.7,1885800,5661.44,4807.69,4551.55,5097.15,4999.05,135.29,57.76,0,,4682.11,,,0,,,0,,,,
2022-07-21,5059.3,5107.6,5042.8,5090.1,1001900,5658.02,4801.42,4551.55,5107.6,5097.15,130.25,59.69,0,,4713.46,,,0,,,0,,,,
2022-07-22,5119.9,5130.35,5070.1,5094.1,842100,5654.66,4797.89,4551.55,5130.35,5107.6,125.25,59.87,0,,4719.38,,,0,,,0,,,,
2022-07-25,5086.3,5180.05,5081.5,5168.55,961100,5652.61,4803.51,4551.55,5180.05,5130.35,123.34,63.19,0,,4768.67,,,0,,,0,,,,
2022-07-26,5189.2,5201.55,5132.35,5153.4,1040300,5651.83,4808.01,4551.55,5201.55,5180.05,119.48,62.06,0,,4761.48,,,0,,,0,,,,
2022-07-27,5150.15,5201.7,5121.95,5193.65,653500,5650.29,4815.05,4675.7,5201.7,5201.55,116.64,63.91,0,,4830.71,,,0,,,0,,,,
2022-07-28,5237.3,5324.1,5200.8,5282.1,2322200,5648.7,4833.75,4751.05,5324.1,5201.7,117.63,67.62,0,,4912.22,,,0,,,0,,,,
2022-07-29,5346.75,5517.45,5337.5,5485.8,3018800,5648.47,4859.11,4751.05,5517.45,5324.1,126.03,74.21,0,,5038.0,,,0,,,0,,,,
2022-08-01,5551.0,5586.5,5496.35,5578.15,2056500,5649.04,4893.7,4790.85,5586.5,5517.45,124.23,76.54,0,,5112.04,,,0,,,0,,,,
2022-08-02,5557.65,5573.5,5462.55,5563.45,1506100,5649.53,4921.79,4790.85,5586.5,5586.5,123.61,75.38,0,,5102.97,,,0,,,0,,,,
2022-08-03,5561.7,5609.8,5499.35,5553.15,1374500,5649.63,4957.2,4790.85,5609.8,5586.5,122.67,74.52,0,,5096.95,,,0,,,0,,,,
2022-08-04,5597.3,5685.25,5549.15,5620.35,1906300,5650.56,4993.78,4790.85,5685.25,5609.8,123.63,76.41,0,,5139.66,,,0,,,0,,,,
2022-08-05,5641.3,5679.7,5587.2,5595.85,2737100,5651.76,5027.09,4872.55,5685.25,5685.25,121.4,74.25,0,,5152.57,,,0,,,0,,,,
2022-08-08,5617.05,5677.05,5590.75,5668.0,1324900,5652.73,5060.48,4920.0,5685.25,5685.25,118.9,76.36,0,,5216.6,,,0,,,0,,,,
2022-08-10,5694.8,5782.95,5632.05,5759.6,2106100,5653.61,5094.33,5033.45,5782.95,5685.25,121.18,78.75,1,5759.6,5311.97,5311.97,5311.97,1,31,2022-08-10,0,,,,
2022-08-11,5806.65,5809.65,5739.85,5758.85,1713800,5654.62,5127.78,5042.8,5809.65,5782.95,117.51,78.68,0,,5317.05,,5317.05,1,31,2022-08-10,0,,,,
2022-08-12,5767.85,5878.35,5758.55,5853.45,2047900,5655.75,5167.53,5070.1,5878.35,5809.65,117.68,80.98,1,5853.45,5387.06,5387.06,5387.06,1,31,2022-08-10,0,,,,
2022-08-16,5869.05,5913.05,5784.9,5893.4,0,5657.33,5207.43,5081.5,5913.05,5878.35,118.42,81.87,0,,5416.13,,5416.13,1,31,2022-08-10,0,,,,
2022-08-17,5914.45,5955.65,5889.65,5922.8,1700700,5658.92,5249.86,5121.95,5955.65,5913.05,114.68,82.52,0,,5451.07,,5451.07,1,31,2022-08-10,0,,,,
2022-08-18,5913.9,6000.95,5892.75,5977.15,1290200,5660.64,5293.64,5121.95,6000.95,5955.65,114.22,83.68,0,,5486.43,,5486.43,1,31,2022-08-10,0,,,,
2022-08-19,6006.25,6022.7,5866.0,5883.25,1389400,5662.46,5334.24,5200.8,6022.7,6000.95,117.25,74.48,0,,5450.13,,5486.43,1,31,2022-08-10,0,,,,
2022-08-22,5856.95,5876.2,5694.65,5708.1,1553400,5662.62,5363.1,5337.5,6022.7,6022.7,122.35,61.0,0,,5379.33,,5486.43,1,31,2022-08-10,0,,,,
2022-08-23,5670.25,5808.5,5651.65,5789.2,1629200,5661.99,5396.09,5462.55,6022.7,6022.7,124.81,64.23,0,,5471.68,,5486.43,1,31,2022-08-10,1,5661.99,SMA150_BREAK,9,-1.69
2022-08-24,5799.35,5840.45,5750.05,5830.05,1337300,5661.72,5427.29,5462.55,6022.7,6022.7,122.35,65.76,0,,5499.66,,,0,,,0,,,,
2022-08-25,5863.8,5883.2,5783.75,5800.1,1102400,5661.13,5459.5,5499.35,6022.7,6022.7,120.72,63.6,0,,5493.7,,,0,,,0,,,,
2022-08-26,5849.85,5954.5,5847.5,5902.7,1732900,5662.11,5493.83,5549.15,6022.7,6022.7,123.12,67.54,0,,5574.88,,,0,,,0,,,,
2022-08-29,5724.35,5837.75,5706.75,5812.25,1374500,5662.19,5525.23,5587.2,6022.7,6022.7,128.33,61.25,0,,5525.75,,,0,,,0,,,,
2022-08-30,5866.25,5949.85,5858.55,5934.6,1405100,5662.88,5562.03,5590.75,6022.7,6022.7,128.99,65.88,0,,5605.41,,,0,,,0,,,,
2022-09-01,5855.75,5906.95,5848.45,5878.95,1358900,5663.94,5592.96,5632.05,6022.7,6022.7,125.93,62.24,0,,5585.32,,,0,,,0,,,,
2022-09-02,5908.1,5934.95,5825.2,5887.7,1277900,5667.05,5622.85,5651.65,6022.7,6022.7,124.77,62.59,0,,5598.27,,,0,,,0,,,,
2022-09-05,5908.15,6005.1,5902.25,5985.75,1197700,5670.39,5654.15,5651.65,6022.7,6022.7,124.25,66.35,0,,5661.86,,,0,,,0,,,,
2022-09-06,6010.95,6072.05,5968.3,6064.7,1329100,5674.52,5686.64,5651.65,6072.05,6022.7,122.78,69.05,1,6064.7,5713.76,5713.76,5713.76,1,32,2022-09-06,0,,,,
2022-09-07,6017.25,6075.8,5996.2,6066.4,1033000,5678.52,5719.05,5651.65,6075.8,6072.05,119.7,69.11,0,,5716.91,,5716.91,1,32,2022-09-06,0,,,,
2022-09-08,6105.3,6111.95,5993.8,6011.5,1283600,5682.11,5747.15,5651.65,6111.95,6075.8,119.59,64.92,0,,5681.58,,5716.91,1,32,2022-09-06,0,,,,
2022-09-09,6058.8,6101.45,6014.9,6025.3,1303200,5684.14,5776.21,5651.65,6111.95,6111.95,117.47,65.48,0,,5691.89,,5716.91,1,32,2022-09-06,0,,,,
2022-09-12,6065.85,6091.3,6051.8,6080.95,968700,5686.15,5805.79,5651.65,6111.95,6111.95,113.79,67.75,0,,5730.23,,5730.23,1,32,2022-09-06,0,,,,
2022-09-13,6111.25,6180.3,6088.55,6158.9,1180700,5688.8,5835.01,5651.65,6180.3,6111.95,112.76,70.65,1,6158.9,5781.2,5781.2,5781.2,1,32,2022-09-06,0,,,,
2022-09-14,6076.75,6308.25,6064.65,6256.3,2326700,5691.65,5860.7,5706.75,6308.25,6180.3,122.11,73.82,0,,5856.16,,5856.16,1,32,2022-09-06,0,,,,
2022-09-15,6268.3,6286.35,6201.15,6263.9,2122100,5694.55,5883.55,5706.75,6308.25,6308.25,119.47,74.05,0,,5862.82,,5862.82,1,32,2022-09-06,0,,,,
2022-09-16,6216.45,6277.35,6065.1,6137.65,2577300,5696.29,5902.7,5706.75,6308.25,6308.25,126.1,63.79,0,,5776.97,,5862.82,1,32,2022-09-06,0,,,,
2022-09-19,6156.6,6174.15,6073.4,6110.1,1297500,5697.13,5921.26,5706.75,6308.25,6308.25,124.29,61.78,0,,5760.41,,5862.82,1,32,2022-09-06,0,,,,
2022-09-20,6165.55,6265.4,6160.7,6205.6,1289900,5698.1,5940.77,5825.2,6308.25,6308.25,126.5,65.8,0,,5860.01,,5862.82,1,32,2022-09-06,0,,,,
2022-09-21,6194.55,6246.7,6055.6,6076.1,1087600,5698.45,5956.78,5825.2,6308.25,6308.25,131.12,57.03,0,,5773.41,,5862.82,1,32,2022-09-06,0,,,,
2022-09-22,6059.15,6131.75,6029.3,6100.75,1310100,5701.0,5971.2,5825.2,6308.25,6308.25,129.07,58.17,0,,5790.67,,5862.82,1,32,2022-09-06,0,,,,
2022-09-23,6140.5,6174.45,6010.95,6027.35,1709000,5702.21,5980.13,5902.25,6308.25,6308.25,131.53,53.6,0,,5767.37,,5862.82,1,32,2022-09-06,0,,,,
2022-09-26,5971.25,5973.0,5734.55,5778.25,1896800,5701.98,5980.77,5734.55,6308.25,6308.25,143.05,41.64,0,,5543.12,,5862.82,1,32,2022-09-06,1,5862.82,TRAILING_STOP,15,-3.33
2022-09-27,5818.65,5840.45,5647.7,5728.65,1752700,5701.55,5976.61,5647.7,6308.25,6308.25,146.6,39.74,0,,5479.81,,,0,,,0,,,,
2022-09-28,5666.15,5733.5,5603.0,5617.65,1322800,5700.48,5967.42,5603.0,6308.25,6308.25,145.45,35.8,0,,5394.09,,,0,,,0,,,,
2022-09-29,5688.85,5775.35,5635.55,5645.95,1626700,5700.39,5958.19,5603.0,6308.25,6308.25,146.32,37.5,0,,5411.76,,,0,,,0,,,,
2022-09-30,5659.5,5814.95,5600.25,5768.2,1584500,5701.54,5951.23,5600.25,6308.25,6308.25,151.21,44.36,0,,5486.43,,,0,,,0,,,,
2022-10-03,5772.0,5772.0,5555.0,5593.95,996600,5701.44,5941.59,5555.0,6308.25,6308.25,155.91,37.96,0,,5355.83,,,0,,,0,,,,
2022-10-04,5731.75,5778.85,5662.0,5769.3,1144700,5704.48,5943.62,5555.0,6308.25,6308.25,157.98,46.35,0,,5467.55,,,0,,,0,,,,
2022-10-06,5832.3,5968.25,5820.75,5956.95,1359800,5706.73,5949.22,5555.0,6308.25,6308.25,160.9,53.58,0,,5586.63,,,0,,,0,,,,
2022-10-07,5941.15,5946.35,5864.6,5931.55,864000,5706.96,5952.6,5555.0,6308.25,6308.25,156.01,52.54,0,,5573.51,,,0,,,0,,,,
2022-10-10,5844.8,5927.35,5821.8,5916.4,928900,5705.5,5956.48,5555.0,6308.25,6308.25,152.7,51.9,0,,5565.94,,,0,,,0,,,,
2022-10-11,5926.65,5951.85,5771.35,5785.95,1139400,5702.67,5952.59,5555.0,6308.25,6308.25,154.69,46.62,0,,5480.48,,,0,,,0,,,,
2022-10-12,5810.9,5813.75,5718.3,5798.15,985900,5701.25,5952.12,5555.0,6308.25,6308.25,150.46,47.16,0,,5491.17,,,0,,,0,,,,
2022-10-13,5838.6,5869.95,5751.15,5804.25,1209900,5699.04,5947.77,5555.0,6286.35,6308.25,148.2,47.45,0,,5496.61,,,0,,,0,,,,
2022-10-14,5902.35,5914.85,5757.35,5767.2,915100,5697.19,5944.04,5555.0,6277.35,6286.35,148.86,45.82,0,,5472.27,,,0,,,0,,,,
2022-10-17,5740.5,5759.45,5656.1,5711.4,1016500,5695.1,5938.17,5555.0,6265.4,6277.35,146.16,43.4,0,,5438.08,,,0,,,0,,,,
2022-10-18,5756.45,5788.45,5752.3,5775.05,806000,5692.52,5931.14,5555.0,6265.4,6265.4,141.23,46.85,0,,5482.42,,,0,,,0,,,,
2022-10-19,5791.5,5808.95,5726.55,5736.15,815000,5689.49,5920.19,5555.0,6246.7,6265.4,137.03,45.04,0,,5460.13,,,0,,,0,,,,
2022-10-20,5692.1,5812.8,5668.85,5801.7,922100,5687.1,5911.37,5555.0,6174.45,6246.7,137.52,48.63,0,,5502.08,,,0,,,0,,,,
2022-10-21,5817.7,5826.35,5701.0,5748.35,956500,5686.02,5902.6,5555.0,6174.45,6174.45,136.65,46.0,0,,5468.25,,,0,,,0,,,,
2022-10-24,5791.8,5803.05,5777.15,5789.05,176900,5684.18,5894.72,5555.0,5973.0,6174.45,130.8,48.3,0,,5498.41,,,0,,,0,,,,
2022-10-25,5783.35,5865.45,5765.75,5812.45,1120000,5681.7,5885.77,5656.1,5968.25,5973.0,128.58,49.63,0,,5548.68,,,0,,,0,,,,
2022-10-27,5877.95,5981.15,5871.65,5970.25,2072500,5679.66,5879.48,5656.1,5981.15,5968.25,131.44,57.55,0,,5648.55,,,0,,,0,,,,
2022-10-28,5968.1,5974.4,5843.7,5883.35,1420500,5676.72,5867.05,5656.1,5981.15,5981.15,131.39,52.64,0,,5592.53,,,0,,,0,,,,
2022-10-31,5883.25,5913.5,5855.3,5896.35,962300,5673.37,5854.8,5656.1,5981.15,5981.15,126.16,53.28,0,,5604.41,,,0,,,0,,,,
2022-11-01,5860.7,6048.15,5858.55,6036.95,1474100,5670.29,5851.45,5656.1,6048.15,5981.15,130.69,59.65,0,,5692.07,,,0,,,0,,,,
2022-11-02,6035.3,6114.1,6034.15,6075.7,1383200,5667.46,5850.3,5656.1,6114.1,6048.15,127.07,61.22,0,,5719.48,,,0,,,0,,,,
2022-11-03,6019.85,6099.8,6008.1,6068.75,1224500,5664.19,5845.74,5656.1,6114.1,6114.1,124.54,60.77,0,,5716.68,,,0,,,0,,,,
2022-11-04,6107.9,6332.7,6103.2,6324.15,2169300,5662.54,5854.0,5656.1,6332.7,6114.1,134.5,69.71,1,6324.15,5874.78,5874.78,5874.78,1,33,2022-11-04,0,,,,
2022-11-07,6367.3,6449.35,6296.05,6423.85,2152500,5662.5,5864.78,5656.1,6449.35,6332.7,135.84,72.35,0,,5938.19,,5938.19,1,33,2022-11-04,0,,,,
2022-11-09,6438.3,6451.9,6345.95,6364.05,1374600,5662.11,5876.0,5668.85,6451.9,6449.35,133.71,68.49,0,,5905.29,,5938.19,1,33,2022-11-04,0,,,,
2022-11-10,6325.9,6368.05,6293.25,6318.75,868000,5661.05,5894.02,5668.85,6451.9,6451.9,129.5,65.63,0,,5878.88,,5938.19,1,33,2022-11-04,0,,,,
2022-11-11,6387.4,6459.5,6377.45,6447.2,1774200,5659.99,5917.97,5668.85,6459.5,6451.9,130.3,69.52,0,,5961.19,,5961.19,1,33,2022-11-04,0,,,,
2022-11-14,6480.4,6594.4,6472.9,6558.5,1845800,5659.45,5949.33,5701.0,6594.4,6459.5,131.51,72.43,1,6558.5,6042.89,6042.89,6042.89,1,33,2022-11-04,0,,,,
2022-11-15,6570.4,6603.2,6521.8,6589.55,1118700,5658.51,5980.78,5765.75,6603.2,6594.4,127.93,73.2,0,,6086.89,,6086.89,1,33,2022-11-04,0,,,,
2022-11-16,6587.8,6594.5,6395.3,6461.6,1139000,5657.46,6003.9,5765.75,6603.2,6603.2,133.02,65.13,0,,6000.97,,6086.89,1,33,2022-11-04,0,,,,
2022-11-17,6444.15,6480.05,6367.6,6455.7,1040000,5655.46,6032.62,5843.7,6603.2,6603.2,131.55,64.78,0,,6024.13,,6086.89,1,33,2022-11-04,0,,,,
2022-11-18,6471.4,6498.5,6400.05,6444.4,1124300,5653.26,6055.12,5843.7,6603.2,6603.2,129.19,64.06,0,,6018.41,,6086.89,1,33,2022-11-04,0,,,,
2022-11-21,6505.15,6506.35,6375.75,6392.25,1456400,5651.95,6069.63,5855.3,6603.2,6603.2,129.29,60.71,0,,5988.58,,6086.89,1,33,2022-11-04,0,,,,
2022-11-22,6403.5,6456.95,6370.0,6448.85,865400,5650.76,6086.88,5858.55,6603.2,6603.2,126.26,62.97,0,,6028.18,,6086.89,1,33,2022-11-04,0,,,,
2022-11-23,6483.95,6490.95,6409.9,6422.85,887000,5649.25,6103.76,6008.1,6603.2,6603.2,123.03,61.23,0,,6063.42,,6086.89,1,33,2022-11-04,0,,,,
2022-11-24,6441.35,6452.0,6387.4,6440.7,743700,5648.34,6125.58,6008.1,6603.2,6603.2,118.86,62.01,0,,6077.71,,6086.89,1,33,2022-11-04,0,,,,
2022-11-25,6442.75,6464.9,6400.55,6455.15,744500,5647.66,6147.48,6103.2,6603.2,6603.2,114.97,62.66,0,,6121.33,,6121.33,1,33,2022-11-04,0,,,,
2022-11-28,6427.8,6445.55,6371.0,6381.35,914500,5646.41,6166.72,6293.25,6603.2,6603.2,112.77,57.25,0,,6138.54,,6138.54,1,33,2022-11-04,0,,,,
2022-11-29,6390.8,6481.85,6386.25,6447.35,1138000,5646.45,6189.39,6293.25,6603.2,6603.2,111.89,60.53,0,,6181.7,,6181.7,1,33,2022-11-04,0,,,,
2022-11-30,6464.15,6584.75,6459.45,6564.2,1544400,5648.5,6217.82,6293.25,6603.2,6603.2,113.71,65.57,0,,6255.85,,6255.85,1,33,2022-11-04,0,,,,
2022-12-01,6613.6,6684.3,6602.65,6664.85,1954700,5650.69,6247.48,6367.6,6684.3,6603.2,114.17,69.22,1,6664.85,6345.25,6345.25,6345.25,1,33,2022-11-04,0,,,,
2022-12-02,6663.0,6715.6,6642.15,6694.5,1378300,5653.17,6279.42,6367.6,6715.6,6684.3,111.26,70.22,0,,6366.31,,6366.31,1,33,2022-11-04,0,,,,
2022-12-05,6739.8,6835.35,6717.7,6819.75,2015600,5656.22,6313.36,6367.6,6835.35,6715.6,113.37,74.06,0,,6445.69,,6445.69,1,33,2022-11-04,0,,,,
2022-12-06,6795.85,6798.85,6734.5,6768.85,1129500,5659.17,6347.38,6367.6,6835.35,6835.35,111.36,70.1,0,,6414.2,,6445.69,1,33,2022-11-04,0,,,,
2022-12-07,6783.0,6795.45,6694.35,6709.3,861900,5661.47,6378.05,6367.6,6835.35,6835.35,110.63,65.69,0,,6376.28,,6445.69,1,33,2022-11-04,0,,,,
2022-12-08,6725.55,6782.6,6707.6,6756.95,776800,5665.46,6409.53,6370.0,6835.35,6835.35,108.09,67.45,0,,6409.51,,6445.69,1,33,2022-11-04,0,,,,
2022-12-09,6799.4,6814.75,6645.15,6681.55,899800,5668.7,6433.24,6370.0,6835.35,6835.35,112.48,62.01,0,,6357.95,,6445.69,1,33,2022-11-04,0,,,,
2022-12-12,6661.95,6723.2,6592.4,6708.15,823000,5672.98,6460.74,6370.0,6835.35,6835.35,113.79,63.14,0,,6374.23,,6445.69,1,33,2022-11-04,0,,,,
2022-12-13,6739.35,6756.4,6691.85,6722.0,758900,5678.17,6488.26,6371.0,6835.35,6835.35,110.27,63.75,0,,6385.84,,6445.69,1,33,2022-11-04,0,,,,
2022-12-14,6754.0,6815.7,6746.7,6805.85,850700,5685.98,6513.89,6371.0,6835.35,6835.35,109.09,67.25,0,,6440.71,,6445.69,1,33,2022-11-04,0,,,,
2022-12-15,6791.4,6827.85,6691.3,6708.55,761100,5693.15,6534.98,6371.0,6835.35,6835.35,111.05,60.0,0,,6376.65,,6445.69,1,33,2022-11-04,0,,,,
2022-12-16,6673.05,6724.1,6615.75,6657.7,846900,5701.36,6554.62,6371.0,6835.35,6835.35,110.86,56.57,0,,6343.98,,6445.69,1,33,2022-11-04,0,,,,
2022-12-19,6667.85,6757.5,6660.1,6742.45,511100,5710.89,6568.56,6386.25,6835.35,6835.35,110.07,60.61,0,,6404.25,,6445.69,1,33,2022-11-04,0,,,,
2022-12-20,6720.05,6758.55,6637.5,6750.3,857900,5720.16,6579.44,6459.45,6835.35,6835.35,110.85,60.98,0,,6433.19,,6445.69,1,33,2022-11-04,0,,,,
2022-12-21,6785.55,6802.95,6565.55,6593.65,957500,5725.93,6587.09,6565.55,6835.35,6835.35,119.89,50.91,0,,6361.49,,6445.69,1,33,2022-11-04,0,,,,
2022-12-22,6630.65,6652.85,6463.5,6519.25,923700,5731.33,6593.78,6463.5,6835.35,6835.35,124.85,46.95,0,,6276.18,,6445.69,1,33,2022-11-04,0,,,,
2022-12-23,6449.2,6474.6,6205.5,6228.0,1092300,5736.35,6586.47,6205.5,6835.35,6835.35,138.34,35.35,0,,5993.33,,6445.69,1,33,2022-11-04,1,6445.69,TRAILING_STOP,35,1.92
2022-12-27,6422.45,6644.3,6411.65,6633.95,1850200,5742.53,6588.98,6205.5,6835.35,6835.35,158.2,52.84,0,,6241.93,,,0,,,0,,,,
2022-12-28,6611.1,6664.75,6585.45,6615.75,1036100,5751.69,6589.86,6205.5,6835.35,6835.35,152.56,52.16,0,,6233.95,,,0,,,0,,,,
2022-12-29,6567.75,6699.55,6556.3,6687.1,1176400,5761.74,6597.38,6205.5,6835.35,6835.35,151.9,54.63,0,,6280.41,,,0,,,0,,,,
2022-12-30,6739.4,6804.6,6704.45,6723.4,1397200,5772.7,6606.3,6205.5,6835.35,6835.35,149.44,55.88,0,,6305.47,,,0,,,0,,,,
2023-01-02,6768.5,6907.35,6753.35,6886.65,3072770500,5783.84,6621.04,6205.5,6907.35,6835.35,151.91,61.06,1,6886.65,6409.12,6409.12,6409.12,1,34,2023-01-02,0,,,,
2023-01-03,6897.25,6907.35,6838.55,6850.05,1573800,5794.77,6636.3,6205.5,6907.35,6907.35,145.97,59.38,0,,6389.47,,6409.12,1,34,2023-01-02,0,,,,
2023-01-04,6844.6,6848.5,6693.5,6705.85,1327200,5804.38,6644.87,6205.5,6907.35,6907.35,146.73,53.15,0,,6295.96,,6409.12,1,34,2023-01-02,0,,,,
2023-01-05,6733.75,6777.2,6668.2,6761.2,1280400,5813.9,6656.14,6205.5,6907.35,6907.35,144.03,55.1,0,,6333.45,,6409.12,1,34,2023-01-02,0,,,,
2023-01-06,6773.25,6804.75,6681.7,6697.3,1169800,5822.97,6664.7,6205.5,6907.35,6907.35,142.53,52.39,0,,6293.24,,6409.12,1,34,2023-01-02,0,,,,
2023-01-09,6766.1,6819.5,6747.65,6792.9,976500,5832.28,6675.96,6205.5,6907.35,6907.35,141.08,55.88,0,,6355.87,,6409.12,1,34,2023-01-02,0,,,,
2023-01-10,6820.55,6855.95,6657.5,6741.7,1450800,5841.69,6687.97,6205.5,6907.35,6907.35,145.18,53.62,0,,6320.11,,6409.12,1,34,2023-01-02,0,,,,
2023-01-11,6779.0,6820.95,6744.35,6792.15,1371100,5851.05,6699.46,6205.5,6907.35,6907.35,140.47,55.53,0,,6355.79,,6409.12,1,34,2023-01-02,0,,,,
2023-01-12,6815.8,6817.05,6749.85,6783.65,974100,5860.67,6706.78,6205.5,6907.35,6907.35,135.24,55.12,0,,6353.8,,6409.12,1,34,2023-01-02,0,,,,
2023-01-13,6800.7,6879.15,6790.9,6869.8,1264200,5870.81,6713.61,6205.5,6907.35,6907.35,132.4,58.49,0,,6411.26,,6411.26,1,34,2023-01-02,0,,,,
2023-01-16,6895.65,6905.3,6751.55,6779.25,980300,5880.82,6716.43,6411.65,6907.35,6907.35,133.92,53.91,0,,6420.55,,6420.55,1,34,2023-01-02,0,,,,
2023-01-17,6776.5,6807.35,6709.1,6793.5,817300,5891.44,6715.56,6556.3,6907.35,6907.35,131.37,54.51,0,,6479.66,,6479.66,1,34,2023-01-02,0,,,,
2023-01-18,6814.25,6919.6,6806.55,6905.8,1693900,5904.15,6720.12,6556.3,6919.6,6907.35,131.0,59.06,0,,6552.34,,6552.34,1,34,2023-01-02,0,,,,
2023-01-19,6814.65,6893.0,6803.75,6867.3,1739300,5916.48,6725.39,6657.5,6919.6,6919.6,128.93,56.96,0,,6562.62,,6562.62,1,34,2023-01-02,0,,,,
2023-01-20,6858.2,6893.7,6791.3,6805.25,1222700,5928.63,6727.0,6657.5,6919.6,6919.6,127.03,53.64,0,,6523.86,,6562.62,1,34,2023-01-02,0,,,,
2023-01-23,6816.0,6843.05,6758.0,6777.85,998800,5942.34,6730.21,6657.5,6919.6,6919.6,124.04,52.2,0,,6508.19,,6562.62,1,34,2023-01-02,0,,,,
2023-01-24,6800.25,6808.85,6705.9,6717.6,714700,5955.62,6730.52,6657.5,6919.6,6919.6,122.53,49.07,0,,6470.33,,6562.62,1,34,2023-01-02,0,,,,
2023-01-25,6708.4,6746.85,6653.1,6703.8,1018200,5970.05,6729.92,6653.1,6919.6,6919.6,120.47,48.35,0,,6461.34,,6562.62,1,34,2023-01-02,0,,,,
2023-01-27,6710.3,6719.55,6323.85,6389.25,1422700,5981.17,6716.03,6323.85,6919.6,6919.6,140.13,35.61,0,,6135.59,,6562.62,1,34,2023-01-02,1,6562.62,TRAILING_STOP,19,-4.71
2023-01-30,6426.45,6531.1,6221.15,6371.65,1194600,5993.71,6704.8,6221.15,6919.6,6919.6,152.26,35.05,0,,6081.92,,,0,,,0,,,,
2023-01-31,6426.5,6530.8,6370.6,6468.4,1194500,6006.68,6698.49,6221.15,6919.6,6919.6,152.83,40.55,0,,6143.95,,,0,,,0,,,,
2023-02-01,6513.55,6551.2,6092.0,6177.05,1583700,6017.22,6679.64,6092.0,6919.6,6919.6,174.71,31.82,0,,5898.39,,,0,,,0,,,,
2023-02-02,6256.95,6278.15,5867.05,5908.2,1331400,6025.49,6651.58,5867.05,6919.6,6919.6,191.6,26.2,0,,5638.74,,,0,,,0,,,,
2023-02-03,5899.85,5937.85,5580.25,5901.95,1606500,6033.21,6628.52,5580.25,6919.6,6919.6,203.46,26.09,0,,5531.2,,,0,,,0,,,,
2023-02-06,5882.55,5882.55,5751.15,5772.4,1121400,6039.99,6603.62,5580.25,6919.6,6919.6,199.69,23.76,0,,5450.15,,,0,,,0,,,,
2023-02-07,5695.3,5815.85,5657.55,5757.35,1970900,6047.3,6587.94,5580.25,6919.6,6919.6,196.74,23.5,0,,5442.42,,,0,,,0,,,,
2023-02-08,5797.3,5999.1,5791.9,5975.15,1329400,6055.83,6565.98,5580.25,6919.6,6919.6,199.95,34.74,0,,5580.75,,,0,,,0,,,,
2023-02-09,5990.85,5992.2,5776.4,5880.7,1290100,6064.03,6541.47,5580.25,6919.6,6919.6,201.08,32.51,0,,5519.08,,,0,,,0,,,,
2023-02-10,5808.45,5873.0,5753.5,5773.6,1079000,6071.43,6511.02,5580.25,6919.6,6919.6,195.81,30.14,0,,5453.52,,,0,,,0,,,,
2023-02-13,5772.45,5850.8,5682.55,5704.75,1165800,6078.36,6477.07,5580.25,6919.6,6919.6,193.84,28.7,0,,5410.42,,,0,,,0,,,,
2023-02-14,5739.1,5824.25,5658.75,5762.85,950000,6084.5,6439.61,5580.25,6919.6,6919.6,191.81,31.68,0,,5449.25,,,0,,,0,,,,
2023-02-15,5767.5,5819.6,5747.3,5789.65,825200,6091.1,6404.26,5580.25,6919.6,6919.6,183.28,33.06,0,,5472.22,,,0,,,0,,,,
2023-02-16,5837.65,5868.8,5820.65,5860.75,741600,6097.55,6376.09,5580.25,6893.7,6919.6,175.84,36.74,0,,5523.04,,,0,,,0,,,,
2023-02-17,5852.25,5906.8,5787.7,5807.7,859400,6104.04,6344.31,5580.25,6893.7,6893.7,171.79,35.19,0,,5491.52,,,0,,,0,,,,
2023-02-20,5783.45,5805.3,5716.25,5762.95,620000,6109.97,6313.16,5580.25,6843.05,6893.7,166.05,33.89,0,,5466.49,,,0,,,0,,,,
2023-02-21,5797.6,5824.6,5731.95,5744.15,772600,6115.8,6278.2,5580.25,6808.85,6843.05,160.81,33.33,0,,5457.86,,,0,,,0,,,,
2023-02-22,5727.65,5751.3,5564.95,5592.3,806000,6120.88,6239.89,5564.95,6746.85,6808.85,162.63,29.16,0,,5353.6,,,0,,,0,,,,
2023-02-23,5594.7,5680.15,5583.85,5611.8,933300,6125.28,6200.55,5564.95,6719.55,6746.85,157.89,30.36,0,,5369.33,,,0,,,0,,,,
2023-02-24,5643.35,5654.05,5429.4,5443.6,1079000,6128.3,6155.88,5429.4,6551.2,6719.55,162.66,26.22,0,,5212.48,,,0,,,0,,,,
2023-02-27,5435.75,5436.35,5231.9,5313.75,1221400,6130.08,6104.01,5231.9,6551.2,6551.2,166.16,23.55,0,,5060.56,,,0,,,0,,,,
2023-02-28,5308.3,5326.2,5209.35,5269.1,2108900,6131.27,6053.67,5209.35,6551.2,6551.2,162.64,22.69,0,,5026.59,,,0,,,0,,,,
2023-03-01,5312.3,5489.85,5306.2,5477.7,1650800,6133.83,6009.81,5209.35,6278.15,6551.2,166.79,34.65,0,,5158.37,,,0,,,0,,,,
2023-03-02,5464.9,5522.45,5428.2,5473.35,1274700,6135.86,5962.06,5209.35,5999.1,6278.15,161.61,34.53,0,,5159.02,,,0,,,0,,,,
2023-03-03,5548.25,5694.4,5547.2,5667.9,1931900,6139.29,5922.08,5209.35,5999.1,5999.1,165.86,43.88,0,,5281.67,,,0,,,0,,,,
2023-03-06,5726.8,5799.6,5648.1,5679.55,1896900,6142.53,5884.56,5209.35,5999.1,5999.1,164.83,44.39,0,,5289.87,,,0,,,0,,,,
2023-03-08,5670.3,5691.35,5587.3,5679.25,1067400,6145.18,5847.94,5209.35,5999.1,5999.1,160.49,44.38,0,,5292.57,,,0,,,0,,,,
2023-03-09,5719.1,5776.15,5670.15,5682.75,1166000,6146.49,5813.45,5209.35,5992.2,5999.1,156.6,44.56,0,,5297.43,,,0,,,0,,,,
2023-03-10,5586.8,5658.35,5548.15,5635.7,1105800,6146.88,5777.84,5209.35,5906.8,5992.2,155.03,42.6,0,,5268.13,,,0,,,0,,,,
2023-03-13,5660.35,5733.55,5568.6,5585.25,999900,6147.02,5751.04,5209.35,5906.8,5906.8,155.73,40.55,0,,5235.11,,,0,,,0,,,,
2023-03-14,5603.5,5612.85,5470.8,5517.35,1115800,6146.78,5722.56,5209.35,5906.8,5906.8,154.76,37.9,0,,5191.97,,,0,,,0,,,,
2023-03-15,5581.75,5651.95,5581.6,5616.5,1034000,6146.76,5694.17,5209.35,5906.8,5906.8,153.32,43.68,0,,5256.88,,,0,,,0,,,,
2023-03-16,5578.75,5581.55,5409.7,5471.75,1676700,6145.93,5670.66,5209.35,5906.8,5906.8,157.14,38.1,0,,5160.97,,,0,,,0,,,,
2023-03-17,5552.55,5614.85,5496.2,5602.6,2017500,6145.49,5660.47,5209.35,5906.8,5906.8,156.14,44.95,0,,5246.04,,,0,,,0,,,,
2023-03-20,5565.7,5568.2,5420.45,5470.85,1109800,6143.57,5646.1,5209.35,5824.6,5906.8,157.99,40.14,0,,5159.82,,,0,,,0,,,,
2023-03-21,5514.1,5524.1,5472.35,5494.5,722200,6141.81,5636.84,5209.35,5824.6,5824.6,150.51,41.35,0,,5180.06,,,0,,,0,,,,
2023-03-22,5512.25,5556.8,5475.7,5492.35,0,6139.4,5628.0,5306.2,5799.6,5824.6,145.55,41.27,0,,5214.26,,,0,,,0,,,,
2023-03-23,5464.05,5528.7,5451.55,5497.85,1049600,6136.76,5612.1,5409.7,5799.6,5799.6,140.67,41.59,0,,5255.57,,,0,,,0,,,,
2023-03-24,5520.8,5522.2,5358.35,5372.9,1192700,6133.1,5595.17,5358.35,5799.6,5799.6,142.32,36.71,0,,5156.75,,,0,,,0,,,,
2023-03-27,5390.75,5418.15,5363.0,5372.85,751100,6129.07,5581.81,5358.35,5799.6,5799.6,136.1,36.71,0,,5160.87,,,0,,,0,,,,
2023-03-28,5398.65,5412.75,5304.45,5330.3,705500,6125.38,5569.33,5304.45,5799.6,5799.6,134.11,35.08,0,,5116.79,,,0,,,0,,,,
2023-03-29,5344.95,5484.0,5321.65,5460.2,1167400,6123.73,5559.24,5304.45,5799.6,5799.6,136.13,43.33,0,,5199.23,,,0,,,0,,,,
2023-03-31,5519.55,5546.9,5475.4,5497.45,1338800,6121.78,5549.5,5304.45,5799.6,5799.6,132.6,45.47,0,,5225.61,,,0,,,0,,,,
2023-04-03,5523.35,5524.3,5445.4,5477.85,756100,6119.43,5536.74,5304.45,5799.6,5799.6,128.76,44.52,0,,5215.52,,,0,,,0,,,,
2023-04-05,5472.8,5502.8,5436.05,5496.3,795300,6117.41,5526.36,5304.45,5799.6,5799.6,124.33,45.67,0,,5230.37,,,0,,,0,,,,
2023-04-06,5495.25,5556.7,5466.65,5528.1,808300,6114.91,5518.53,5304.45,5776.15,5799.6,121.88,47.69,0,,5252.52,,,0,,,0,,,,
2023-04-10,5548.9,5603.1,5538.7,5570.25,625400,6113.3,5512.73,5304.45,5776.15,5776.15,118.54,50.32,0,,5281.94,,,0,,,0,,,,
2023-04-11,5601.45,5673.85,5590.3,5668.25,1070300,6111.52,5515.26,5304.45,5733.55,5776.15,117.47,55.89,0,,5345.86,,,0,,,0,,,,
2023-04-12,5699.2,5709.7,5670.9,5695.55,763900,6110.3,5518.05,5304.45,5733.55,5733.55,112.04,57.32,0,,5367.09,,,0,,,0,,,,
2023-04-13,5697.1,5717.7,5655.9,5710.05,833500,6109.12,5526.94,5304.45,5717.7,5733.55,108.45,58.1,0,,5378.83,,,0,,,0,,,,
2023-04-17,5704.3,5741.1,5697.35,5734.5,666900,6107.44,5540.96,5304.45,5741.1,5717.7,103.83,59.44,0,,5397.68,,,0,,,0,,,,
2023-04-18,5745.6,5772.85,5712.95,5749.0,588500,6105.34,5556.96,5304.45,5772.85,5741.1,100.69,60.26,0,,5409.13,,,0,,,0,,,,
2023-04-19,5758.05,5839.9,5750.05,5779.65,1258800,6103.42,5567.02,5304.45,5839.9,5772.85,99.99,62.0,0,,5429.36,,,0,,,0,,,,
2023-04-20,5784.9,5805.7,5751.9,5756.95,525400,6101.73,5576.48,5304.45,5839.9,5839.9,96.69,59.91,0,,5416.92,,,0,,,0,,,,
2023-04-21,5764.35,5764.5,5644.2,5677.9,929100,6099.41,5576.81,5304.45,5839.9,5839.9,98.38,53.19,0,,5364.81,,,0,,,0,,,,
2023-04-24,5666.6,5711.7,5647.3,5703.3,536000,6096.89,5577.6,5321.65,5839.9,5839.9,95.95,54.94,0,,5388.54,,,0,,,0,,,,
2023-04-25,5704.1,5774.85,5697.7,5738.25,607100,6094.09,5579.57,5436.05,5839.9,5839.9,94.61,57.3,0,,5450.12,,,0,,,0,,,,
2023-04-26,5715.85,5720.65,5668.5,5713.2,595400,6090.47,5580.58,5436.05,5839.9,5839.9,92.83,55.07,0,,5435.14,,,0,,,0,,,,
2023-04-27,5707.55,5762.85,5688.9,5753.75,532000,6087.07,5584.52,5436.05,5839.9,5839.9,91.48,57.93,0,,5462.2,,,0,,,0,,,,
2023-04-28,5782.4,5805.35,5765.9,5799.4,796000,6084.81,5591.66,5466.65,5839.9,5839.9,88.64,60.93,0,,5503.74,,,0,,,0,,,,
2023-05-02,5828.4,5911.25,5820.7,5882.0,1161100,6083.29,5603.81,5538.7,5911.25,5839.9,90.29,65.71,0,,5579.93,,,0,,,0,,,,
2023-05-03,5856.3,5869.05,5787.1,5824.25,1014300,6080.75,5610.74,5590.3,5911.25,5911.25,90.62,60.17,0,,5559.66,,,0,,,0,,,,
2023-05-04,5841.0,5902.9,5830.5,5895.05,893500,6079.54,5624.85,5644.2,5911.25,5911.25,89.77,64.16,0,,5623.86,,,0,,,0,,,,
2023-05-05,5902.45,5902.45,5798.35,5807.05,917700,6077.58,5631.66,5644.2,5911.25,5911.25,90.79,56.57,0,,5566.42,,,0,,,0,,,,
2023-05-08,5835.3,5861.6,5796.65,5845.65,703900,6076.37,5644.16,5644.2,5911.25,5911.25,88.95,58.87,0,,5592.55,,,0,,,0,,,,
2023-05-09,5856.25,5914.2,5820.6,5836.85,820900,6076.76,5655.57,5644.2,5914.2,5911.25,89.28,58.12,0,,5586.65,,,0,,,0,,,,
2023-05-10,5843.65,5861.1,5804.4,5822.1,581500,6077.39,5666.56,5644.2,5914.2,5914.2,86.95,56.8,0,,5578.69,,,0,,,0,,,,
2023-05-11,5848.9,5848.9,5789.65,5797.3,760300,6078.58,5676.54,5644.2,5914.2,5914.2,84.97,54.57,0,,5564.01,,,0,,,0,,,,
2023-05-12,5784.45,5784.45,5683.5,5690.9,964100,6078.88,5687.14,5644.2,5914.2,5914.2,87.03,46.17,0,,5494.01,,,0,,,0,,,,
2023-05-15,5698.55,5723.25,5625.75,5701.75,749500,6078.44,5698.1,5625.75,5914.2,5914.2,87.78,47.07,0,,5494.36,,,0,,,0,,,,
2023-05-16,5732.7,5753.65,5672.85,5683.45,598500,6079.04,5709.88,5625.75,5914.2,5914.2,87.28,45.69,0,,5482.89,,,0,,,0,,,,
2023-05-17,5677.75,5680.5,5612.15,5632.85,887300,6078.13,5715.63,5612.15,5914.2,5914.2,86.14,42.02,0,,5446.48,,,0,,,0,,,,
2023-05-18,5666.55,5703.7,5594.75,5601.65,752000,6075.76,5719.1,5594.75,5914.2,5914.2,87.77,39.9,0,,5419.47,,,0,,,0,,,,
2023-05-19,5620.55,5629.75,5544.95,5618.05,880900,6073.67,5723.78,5544.95,5914.2,5914.2,87.56,41.57,0,,5413.59,,,0,,,0,,,,
2023-05-22,5641.95,5806.6,5620.25,5797.5,905300,6072.88,5733.82,5544.95,5914.2,5914.2,94.77,56.0,0,,5524.52,,,0,,,0,,,,
2023-05-23,5855.8,5993.45,5848.7,5947.7,1038900,6073.96,5747.8,5544.95,5993.45,5914.2,102.0,64.01,0,,5616.58,,,0,,,0,,,,
2023-05-24,5965.9,5981.0,5842.5,5855.15,1001100,6074.34,5757.3,5544.95,5993.45,5993.45,104.6,57.11,0,,5555.15,,,0,,,0,,,,
2023-05-25,5830.4,5885.2,5786.85,5872.55,906500,6074.79,5764.11,5544.95,5993.45,5993.45,104.16,58.03,0,,5566.67,,,0,,,0,,,,
2023-05-26,5888.65,5948.4,5876.45,5935.4,1334300,6075.91,5772.1,5544.95,5993.45,5993.45,102.14,61.25,0,,5608.56,,,0,,,0,,,,
2023-05-29,5973.3,6016.25,5956.3,5991.2,1215000,6077.78,5781.48,5544.95,6016.25,5993.45,100.62,63.9,0,,5645.56,,,0,,,0,,,,
2023-05-30,6001.85,6013.3,5925.9,5936.55,996600,6078.85,5788.21,5544.95,6016.25,6016.25,99.67,59.6,0,,5610.94,,,0,,,0,,,,
2023-05-31,5900.7,5926.65,5848.4,5890.05,1446100,6079.88,5792.91,5544.95,6016.25,6016.25,98.85,56.14,0,,5581.5,,,0,,,0,,,,
2023-06-01,5907.3,5944.65,5876.4,5884.2,816500,6080.43,5796.4,5544.95,6016.25,6016.25,96.66,55.7,0,,5579.18,,,0,,,0,,,,
2023-06-02,5934.7,5967.7,5906.85,5956.0,1168800,6081.81,5803.03,5544.95,6016.25,6016.25,95.72,59.84,0,,5626.12,,,0,,,0,,,,
2023-06-05,5991.15,5998.9,5956.2,5975.9,928900,6083.06,5812.97,5544.95,6016.25,6016.25,91.95,60.93,0,,5641.47,,,0,,,0,,,,
2023-06-06,6002.85,6012.35,5943.55,5967.45,748000,6084.09,5821.77,5544.95,6016.25,6016.25,90.3,60.19,0,,5637.12,,,0,,,0,,,,
2023-06-07,5995.0,6062.15,5968.75,6057.75,1054100,6084.68,5832.42,5544.95,6062.15,6016.25,90.61,65.11,0,,5695.16,,,0,,,0,,,,
2023-06-08,6072.45,6149.25,6056.65,6067.7,1173600,6085.91,5844.24,5544.95,6149.25,6062.15,90.75,65.61,0,,5701.48,,,0,,,0,,,,
2023-06-09,6093.45,6099.75,6017.45,6039.35,831100,6086.86,5853.76,5620.25,6149.25,6149.25,90.15,62.83,0,,5708.7,,,0,,,0,,,,
2023-06-12,6068.35,6101.3,6048.2,6076.3,634100,6087.12,5862.99,5786.85,6149.25,6149.25,88.13,64.92,0,,5789.41,,,0,,,0,,,,
2023-06-13,6110.45,6157.85,6088.25,6127.65,834400,6087.47,5871.18,5786.85,6157.85,6149.25,87.66,67.64,0,,5822.84,,,0,,,0,,,,
2023-06-14,6163.5,6225.8,6158.5,6214.75,1343100,6088.44,5884.19,5786.85,6225.8,6157.85,88.41,71.66,1,6214.75,5878.52,5878.52,5878.52,1,35,2023-06-14,0,,,,
2023-06-15,6230.8,6236.25,6190.2,6203.05,896600,6087.63,5894.46,5848.4,6236.25,6225.8,85.39,70.4,0,,5893.51,,5893.51,1,35,2023-06-14,0,,,,
2023-06-16,6244.25,6265.3,6214.7,6231.5,932800,6086.35,5908.61,5848.4,6265.3,6236.25,83.73,71.71,0,,5912.96,,5912.96,1,35,2023-06-14,0,,,,
2023-06-19,6260.85,6285.2,6166.6,6203.5,969500,6085.28,5920.54,5848.4,6285.2,6265.3,86.23,68.5,0,,5893.24,,5912.96,1,35,2023-06-14,0,,,,
2023-06-20,6214.1,6279.4,6184.9,6246.65,982100,6084.8,5934.2,5848.4,6285.2,6285.2,86.82,70.68,0,,5920.68,,5920.68,1,35,2023-06-14,0,,,,
2023-06-21,6264.4,6270.1,6158.25,6187.75,886600,6083.07,5946.38,5876.4,6285.2,6285.2,88.6,64.16,0,,5890.83,,5920.68,1,35,2023-06-14,0,,,,
2023-06-22,6193.9,6244.6,6158.45,6190.95,879200,6080.62,5959.51,5906.85,6285.2,6285.2,88.43,64.35,0,,5903.16,,5920.68,1,35,2023-06-14,0,,,,
2023-06-23,6164.8,6166.2,6023.15,6037.2,814300,6076.94,5971.05,5943.55,6285.2,6285.2,94.1,50.36,0,,5812.45,,5920.68,1,35,2023-06-14,1,6076.94,SMA150_BREAK,8,-2.22
2023-06-26,6037.8,6098.3,5988.6,6083.1,735200,6074.41,5983.76,5943.55,6285.2,6285.2,95.21,53.6,0,,5841.31,,,0,,,0,,,,
2023-06-27,6117.1,6156.1,6112.45,6127.65,694300,6072.23,5998.57,5968.75,6285.2,6285.2,93.63,56.57,0,,5879.5,,,0,,,0,,,,
2023-06-28,6167.2,6238.05,6151.85,6211.05,1142400,6070.67,6017.84,5988.6,6285.2,6285.2,94.82,61.53,0,,5939.11,,,0,,,0,,,,
2023-06-30,6236.4,6238.15,6186.45,6209.1,799400,6069.45,6038.09,5988.6,6285.2,6285.2,91.74,61.35,0,,5939.91,,,0,,,0,,,,
2023-07-03,6254.4,6308.75,6243.45,6275.45,948100,6068.3,6060.0,5988.6,6308.75,6285.2,92.31,65.02,0,,5982.33,,,0,,,0,,,,
2023-07-04,6301.65,6315.85,6243.1,6275.2,713800,6067.31,6075.93,5988.6,6315.85,6308.75,90.91,65.0,0,,5983.1,,,0,,,0,,,,
2023-07-05,6285.1,6314.45,6270.05,6292.3,840900,6066.32,6087.41,5988.6,6315.85,6315.85,87.59,65.96,0,,5996.34,,,0,,,0,,,,
2023-07-06,6297.8,6331.55,6262.55,6325.35,1042200,6065.46,6103.09,5988.6,6331.55,6315.85,86.26,67.81,1,6325.35,6018.54,6018.54,6018.54,1,36,2023-07-06,0,,,,
2023-07-07,6305.85,6343.55,6253.35,6279.25,903500,6064.78,6116.64,5988.6,6343.55,6331.55,86.54,62.7,0,,5988.62,,6018.54,1,36,2023-07-06,0,,,,
2023-07-10,6300.35,6408.5,6284.7,6385.1,1549900,6064.36,6131.63,5988.6,6408.5,6343.55,89.59,68.56,1,6385.1,6054.86,6054.86,6054.86,1,36,2023-07-06,0,,,,
2023-07-11,6405.65,6413.45,6361.75,6369.1,976400,6063.06,6144.23,5988.6,6413.45,6408.5,86.89,66.85,0,,6046.35,,6054.86,1,36,2023-07-06,0,,,,
2023-07-12,6391.5,6411.9,6327.7,6363.25,1258300,6061.05,6158.45,5988.6,6413.45,6413.45,86.69,66.2,0,,6042.7,,6054.86,1,36,2023-07-06,0,,,,
2023-07-13,6419.9,6451.2,6355.3,6379.7,1269400,6058.95,6174.78,5988.6,6451.2,6413.45,87.35,67.17,0,,6052.87,,6054.86,1,36,2023-07-06,0,,,,
2023-07-14,6431.4,6487.15,6403.85,6469.45,1257700,6056.62,6194.28,5988.6,6487.15,6451.2,88.79,71.9,1,6469.45,6109.8,6109.8,6109.8,1,36,2023-07-06,0,,,,
2023-07-17,6500.4,6554.85,6482.15,6500.55,1456200,6054.83,6212.44,5988.6,6554.85,6487.15,88.55,73.33,0,,6130.02,,6130.02,1,36,2023-07-06,0,,,,
2023-07-18,6511.4,6541.0,6427.45,6446.75,787600,6053.08,6228.13,6112.45,6554.85,6554.85,90.33,66.97,0,,6135.42,,6135.42,1,36,2023-07-06,0,,,,
2023-07-19,6470.65,6497.7,6452.7,6474.55,618200,6051.19,6245.03,6151.85,6554.85,6554.85,87.52,68.49,0,,6168.36,,6168.36,1,36,2023-07-06,0,,,,
2023-07-20,6493.3,6493.6,6455.95,6485.25,645100,6049.88,6259.28,6186.45,6554.85,6554.85,83.96,69.08,0,,6189.17,,6189.17,1,36,2023-07-06,0,,,,
2023-07-21,6471.9,6538.0,6432.75,6442.3,914900,6048.11,6271.77,6243.1,6554.85,6554.85,85.48,63.9,0,,6179.33,,6189.17,1,36,2023-07-06,0,,,,
2023-07-24,6442.1,6448.3,6384.6,6395.55,865700,6045.94,6283.64,6243.1,6554.85,6554.85,83.92,58.75,0,,6150.21,,6189.17,1,36,2023-07-06,0,,,,
2023-07-25,6426.2,6591.0,6411.35,6583.65,1869700,6044.45,6300.55,6253.35,6591.0,6554.85,91.89,69.44,1,6583.65,6269.65,6269.65,6269.65,1,36,2023-07-06,0,,,,
2023-07-26,6610.4,6617.35,6580.35,6604.95,816800,6043.76,6316.46,6253.35,6617.35,6591.0,87.97,70.37,0,,6286.0,,6286.0,1,36,2023-07-06,0,,,,
2023-07-27,6626.8,6674.6,6556.2,6581.55,848600,6043.26,6328.69,6253.35,6674.6,6617.35,90.14,67.91,0,,6269.46,,6286.0,1,36,2023-07-06,0,,,,
2023-07-28,6593.05,6647.65,6551.1,6640.8,771100,6042.58,6343.28,6284.7,6674.6,6674.6,90.6,70.71,0,,6317.82,,6317.82,1,36,2023-07-06,0,,,,
2023-07-31,6643.65,6767.85,6643.65,6758.2,1841400,6042.63,6360.84,6327.7,6767.85,6674.6,93.2,75.3,1,6758.2,6406.14,6406.14,6406.14,1,36,2023-07-06,0,,,,
2023-08-01,6793.85,6819.85,6751.1,6770.15,1414600,6043.81,6379.73,6327.7,6819.85,6767.85,91.46,75.71,0,,6415.01,,6415.01,1,36,2023-07-06,0,,,,
2023-08-02,6757.6,6757.6,6580.3,6633.45,1425400,6044.57,6392.62,6355.3,6819.85,6819.85,98.48,62.67,0,,6331.35,,6415.01,1,36,2023-07-06,0,,,,
2023-08-03,6600.8,6627.9,6532.75,6602.2,3193900,6047.06,6406.44,6384.6,6819.85,6819.85,98.64,60.13,0,,6320.86,,6415.01,1,36,2023-07-06,0,,,,
2023-08-04,6658.8,6676.65,6608.05,6622.9,1125400,6046.99,6420.84,6384.6,6819.85,6819.85,96.91,61.25,0,,6335.36,,6415.01,1,36,2023-07-06,0,,,,
2023-08-07,6655.7,6659.75,6580.65,6622.15,980000,6047.03,6440.33,6384.6,6819.85,6819.85,95.64,61.18,0,,6335.73,,6415.01,1,36,2023-07-06,0,,,,
2023-08-08,6635.05,6635.95,6537.6,6544.8,900200,6046.08,6455.72,6384.6,6819.85,6819.85,95.84,54.53,0,,6285.71,,6415.01,1,36,2023-07-06,0,,,,
2023-08-09,6562.8,6690.85,6545.9,6677.85,1027400,6045.78,6474.06,6384.6,6819.85,6819.85,99.42,62.15,0,,6369.13,,6415.01,1,36,2023-07-06,0,,,,
2023-08-10,6679.95,6747.1,6663.65,6723.3,938200,6044.69,6491.14,6384.6,6819.85,6819.85,98.28,64.35,0,,6399.21,,6415.01,1,36,2023-07-06,0,,,,
2023-08-11,6722.4,6729.7,6652.9,6688.85,1196900,6043.62,6507.13,6384.6,6819.85,6819.85,96.75,61.44,0,,6378.01,,6415.01,1,36,2023-07-06,0,,,,
2023-08-14,6643.5,6648.15,6513.1,6545.95,1477000,6042.55,6516.15,6411.35,6819.85,6819.85,102.39,51.1,0,,6290.99,,6415.01,1,36,2023-07-06,0,,,,
2023-08-16,6534.65,6536.55,6455.1,6484.1,0,6040.7,6523.11,6455.1,6819.85,6819.85,101.57,47.39,0,,6266.23,,6415.01,1,36,2023-07-06,0,,,,
2023-08-17,6487.15,6508.3,6433.55,6480.5,884700,6039.26,6529.38,6433.55,6819.85,6819.85,99.65,47.17,0,,6258.01,,6415.01,1,36,2023-07-06,0,,,,
2023-08-18,6485.45,6537.7,6444.75,6493.7,885900,6037.26,6535.0,6433.55,6819.85,6819.85,99.17,48.1,0,,6266.84,,6415.01,1,36,2023-07-06,0,,,,
2023-08-21,6534.35,6587.85,6513.0,6578.4,804800,6036.18,6544.97,6433.55,6819.85,6819.85,98.81,53.73,0,,6321.71,,6415.01,1,36,2023-07-06,0,,,,
2023-08-22,6606.35,6647.75,6596.5,6634.4,882100,6035.12,6553.28,6433.55,6819.85,6819.85,96.71,57.05,0,,6359.23,,6415.01,1,36,2023-07-06,0,,,,
2023-08-23,6676.1,6708.2,6610.7,6625.55,1235600,6034.07,6561.82,6433.55,6819.85,6819.85,96.77,56.36,0,,6353.49,,6415.01,1,36,2023-07-06,0,,,,
2023-08-24,6677.8,6706.35,6594.9,6602.85,917900,6032.29,6569.81,6433.55,6819.85,6819.85,97.81,54.54,0,,6338.15,,6415.01,1,36,2023-07-06,0,,,,
2023-08-25,6589.6,6597.4,6510.05,6519.35,653300,6030.56,6574.47,6433.55,6819.85,6819.85,97.46,48.37,0,,6284.53,,6415.01,1,36,2023-07-06,0,,,,
2023-08-28,6563.7,6591.2,6525.1,6533.3,812700,6028.82,6576.6,6433.55,6819.85,6819.85,95.63,49.4,0,,6294.74,,6415.01,1,36,2023-07-06,0,,,,
2023-08-29,6559.65,6630.65,6536.25,6616.7,1072800,6026.9,6580.47,6433.55,6819.85,6819.85,95.75,55.16,0,,6348.45,,6415.01,1,36,2023-07-06,0,,,,
2023-08-30,6653.75,6711.55,6646.35,6677.8,1409800,6025.63,6588.17,6433.55,6757.6,6819.85,95.69,58.86,0,,6387.91,,6415.01,1,36,2023-07-06,0,,,,
2023-08-31,6678.45,6705.05,6631.25,6659.35,1529100,6024.66,6594.33,6433.55,6747.1,6757.6,94.12,57.32,0,,6377.05,,6415.01,1,36,2023-07-06,0,,,,
2023-09-01,6665.0,6867.75,6663.45,6851.0,2458200,6025.15,6606.52,6433.55,6867.75,6747.1,102.29,66.97,1,6851.0,6495.22,6495.22,6495.22,1,36,2023-07-06,0,,,,
2023-09-04,6911.45,7042.55,6851.0,7007.05,2762576900,6027.08,6625.34,6433.55,7042.55,6867.75,108.66,72.43,0,,6591.62,,6591.62,1,36,2023-07-06,0,,,,
2023-09-05,7021.7,7064.2,6954.1,7039.15,1375300,6029.31,6646.8,6433.55,7064.2,7042.55,108.76,73.41,0,,6612.26,,6612.26,1,36,2023-07-06,0,,,,
2023-09-06,7053.35,7054.05,6934.9,6983.7,1258000,6033.28,6660.13,6433.55,7064.2,7064.2,109.51,68.88,0,,6576.0,,6612.26,1,36,2023-07-06,0,,,,
2023-09-07,6972.3,6998.3,6935.95,6981.15,972800,6037.34,6672.67,6444.75,7064.2,7064.2,106.14,68.67,0,,6580.33,,6612.26,1,36,2023-07-06,0,,,,
2023-09-08,6996.25,7018.15,6951.0,6977.9,1139800,6040.74,6685.88,6510.05,7064.2,7064.2,103.35,68.38,0,,6601.86,,6612.26,1,36,2023-07-06,0,,,,
2023-09-11,7020.35,7114.8,7001.75,7104.4,1148000,6046.92,6701.34,6510.05,7114.8,7064.2,105.75,73.08,1,7104.4,6681.86,6681.86,6681.86,1,36,2023-07-06,0,,,,
2023-09-12,7167.1,7168.5,6901.65,6914.55,1446200,6053.63,6706.55,6510.05,7168.5,7114.8,117.26,58.93,0,,6551.73,,6681.86,1,36,2023-07-06,0,,,,
2023-09-13,6934.0,6985.5,6851.5,6943.65,989200,6060.57,6712.33,6510.05,7168.5,7168.5,118.45,60.2,0,,6569.7,,6681.86,1,36,2023-07-06,0,,,,
2023-09-14,6996.05,7120.25,6986.45,7046.9,1761400,6069.07,6726.12,6510.05,7168.5,7168.5,122.61,64.41,0,,6633.53,,6681.86,1,36,2023-07-06,0,,,,
2023-09-15,7095.0,7113.65,7011.05,7035.8,2100000,6077.59,6740.57,6525.1,7168.5,7168.5,121.18,63.63,0,,6632.34,,6681.86,1,36,2023-07-06,0,,,,
2023-09-18,7073.1,7073.1,6949.35,6957.8,1247200,6084.14,6751.73,6536.25,7168.5,7168.5,121.36,58.29,0,,6585.62,,6681.86,1,36,2023-07-06,0,,,,
2023-09-20,6945.0,6980.1,6830.55,6844.05,1187800,6090.56,6759.13,6631.25,7168.5,7168.5,123.37,51.5,0,,6542.58,,6681.86,1,36,2023-07-06,0,,,,
2023-09-21,6847.15,6878.75,6786.65,6806.6,912600,6097.45,6767.86,6631.25,7168.5,7168.5,121.14,49.46,0,,6519.91,,6681.86,1,36,2023-07-06,0,,,,
2023-09-22,6809.05,6824.6,6722.75,6761.8,840700,6104.5,6770.65,6663.45,7168.5,7168.5,119.76,47.06,0,,6502.67,,6681.86,1,36,2023-07-06,0,,,,
2023-09-25,6783.2,6783.5,6721.6,6754.25,724400,6111.11,6771.68,6721.6,7168.5,7168.5,115.63,46.65,0,,6519.94,,6681.86,1,36,2023-07-06,0,,,,
2023-09-26,6776.95,6841.6,6751.25,6775.3,973700,6117.68,6774.57,6721.6,7168.5,7168.5,113.82,48.01,0,,6534.72,,6681.86,1,36,2023-07-06,0,,,,
2023-09-27,6759.15,6786.9,6708.3,6777.3,1144800,6123.79,6782.28,6708.3,7168.5,7168.5,111.31,48.15,0,,6533.25,,6681.86,1,36,2023-07-06,0,,,,
2023-09-28,6791.35,6839.65,6690.45,6712.0,1076300,6129.82,6789.88,6690.45,7168.5,7168.5,114.01,44.1,0,,6483.38,,6681.86,1,36,2023-07-06,0,,,,
2023-09-29,6767.85,6869.95,6764.2,6839.3,1266200,6136.99,6801.84,6690.45,7168.5,7168.5,117.15,52.49,0,,6563.4,,6681.86,1,36,2023-07-06,0,,,,
2023-10-03,6833.5,6837.4,6771.45,6798.0,1206300,6144.02,6811.98,6690.45,7168.5,7168.5,113.63,49.87,0,,6539.11,,6681.86,1,36,2023-07-06,0,,,,
2023-10-04,6771.45,6789.45,6686.05,6725.95,1094900,6151.58,6816.9,6686.05,7168.5,7168.5,113.51,45.6,0,,6491.25,,6681.86,1,36,2023-07-06,0,,,,
2023-10-05,6756.6,6775.85,6699.6,6709.1,737300,6158.89,6819.39,6686.05,7168.5,7168.5,110.85,44.64,0,,6482.15,,6681.86,1,36,2023-07-06,0,,,,
2023-10-06,6752.55,6792.35,6719.7,6744.4,668500,6167.56,6823.35,6686.05,7168.5,7168.5,108.88,47.16,0,,6506.24,,6681.86,1,36,2023-07-06,0,,,,
2023-10-09,6673.45,6680.95,6586.7,6647.15,685000,6176.45,6824.82,6586.7,7168.5,7168.5,112.37,41.56,0,,6408.07,,6681.86,1,36,2023-07-06,1,6681.86,TRAILING_STOP,65,5.64
2023-10-10,6674.9,6808.6,6666.9,6783.15,913100,6186.55,6833.62,6586.7,7168.5,7168.5,115.87,50.42,0,,6493.45,,,0,,,0,,,,
2023-10-11,6837.5,6862.9,6804.65,6812.15,1108800,6195.44,6842.91,6586.7,7168.5,7168.5,113.29,52.09,0,,6513.88,,,0,,,0,,,,
2023-10-12,6828.75,6910.5,6826.2,6863.05,1518900,6204.71,6851.12,6586.7,7120.25,7168.5,112.22,54.96,0,,6547.42,,,0,,,0,,,,
2023-10-13,6811.65,6840.55,6775.3,6820.8,1126400,6212.39,6855.89,6586.7,7120.25,7120.25,110.48,52.17,0,,6521.33,,,0,,,0,,,,
2023-10-16,6827.0,6914.85,6808.6,6882.8,1044100,6220.42,6863.34,6586.7,7113.65,7120.25,110.17,55.72,0,,6561.52,,,0,,,0,,,,
2023-10-17,6927.6,6941.65,6884.45,6902.0,798900,6228.57,6865.04,6586.7,7073.1,7113.65,106.51,56.79,0,,6576.35,,,0,,,0,,,,
2023-10-18,6925.0,6967.6,6850.85,6863.4,933700,6236.44,6860.25,6586.7,6980.1,7073.1,107.24,53.97,0,,6550.97,,,0,,,0,,,,
2023-10-19,6808.85,6823.3,6739.35,6803.3,825200,6244.22,6852.39,6586.7,6967.6,6980.1,108.44,49.81,0,,6511.4,,,0,,,0,,,,
2023-10-20,6782.5,6823.4,6694.1,6712.75,873700,6251.74,6843.36,6586.7,6967.6,6967.6,109.93,44.28,0,,6452.0,,,0,,,0,,,,
2023-10-23,6725.0,6729.2,6480.1,6494.0,1044700,6258.25,6827.12,6480.1,6967.6,6967.6,119.87,34.36,0,,6268.75,,,0,,,0,,,,
2023-10-25,6552.25,6610.15,6460.8,6503.65,985200,6264.16,6811.31,6460.8,6967.6,6967.6,121.98,35.05,0,,6267.14,,,0,,,0,,,,
2023-10-26,6466.3,6472.8,6348.7,6398.05,936100,6270.34,6787.77,6348.7,6967.6,6967.6,124.33,31.18,0,,6160.09,,,0,,,0,,,,
2023-10-27,6436.45,6488.55,6430.15,6453.1,741800,6276.01,6772.38,6348.7,6967.6,6967.6,121.92,35.2,0,,6197.21,,,0,,,0,,,,
2023-10-30,6478.4,6488.95,6417.6,6467.95,599900,6282.66,6756.53,6348.7,6967.6,6967.6,118.3,36.28,0,,6209.19,,,0,,,0,,,,
2023-10-31,6521.55,6521.55,6423.65,6452.45,633600,6289.04,6736.71,6348.7,6967.6,6967.6,116.85,35.61,0,,6200.17,,,0,,,0,,,,
2023-11-01,6447.2,6455.85,6346.3,6359.9,782300,6294.83,6714.18,6346.3,6967.6,6967.6,116.32,31.84,0,,6140.02,,,0,,,0,,,,
2023-11-02,6371.35,6481.4,6371.35,6448.95,1243200,6301.17,6697.22,6346.3,6967.6,6967.6,116.69,38.58,0,,6197.21,,,0,,,0,,,,
2023-11-03,6487.35,6517.4,6469.55,6479.15,760900,6308.54,6685.06,6346.3,6967.6,6967.6,113.25,40.72,0,,6218.99,,,0,,,0,,,,
2023-11-06,6527.05,6577.95,6505.75,6567.1,835800,6316.5,6677.08,6346.3,6967.6,6967.6,112.22,46.55,0,,6276.4,,,0,,,0,,,,
2023-11-07,6575.7,6617.55,6545.95,6576.85,915400,6324.81,6670.91,6346.3,6967.6,6967.6,109.32,47.18,0,,6284.62,,,0,,,0,,,,
2023-11-08,6609.95,6635.05,6583.0,6626.3,778500,6332.59,6666.64,6346.3,6967.6,6967.6,105.66,50.33,0,,6318.95,,,0,,,0,,,,
2023-11-09,6636.65,6653.75,6593.15,6599.65,851600,6339.94,6660.79,6346.3,6967.6,6967.6,102.45,48.64,0,,6303.91,,,0,,,0,,,,
2023-11-10,6594.75,6664.65,6571.3,6646.05,1006000,6347.72,6656.42,6346.3,6967.6,6967.6,101.8,51.68,0,,6334.27,,,0,,,0,,,,
2023-11-13,6692.8,6739.75,6670.65,6714.1,1253800,6355.84,6656.48,6346.3,6967.6,6967.6,101.22,55.8,0,,6378.55,,,0,,,0,,,,
2023-11-15,6782.45,6851.45,6775.6,6792.4,1333800,6364.27,6654.92,6346.3,6967.6,6967.6,103.8,60.03,0,,6427.33,,,0,,,0,,,,
2023-11-16,6792.35,6828.1,6747.55,6792.4,836100,6372.42,6654.74,6346.3,6967.6,6967.6,102.14,60.03,0,,6428.44,,,0,,,0,,,,
2023-11-17,6792.65,6837.1,6783.5,6803.9,788600,6379.99,6657.33,6346.3,6851.45,6967.6,98.67,60.67,0,,6438.17,,,0,,,0,,,,
2023-11-20,6820.15,6853.55,6767.05,6771.55,966500,6387.16,6659.42,6346.3,6853.55,6851.45,97.8,57.86,0,,6417.88,,,0,,,0,,,,
2023-11-21,6817.45,6889.05,6814.25,6854.2,912900,6394.79,6663.08,6346.3,6889.05,6853.55,99.21,62.62,1,6854.2,6470.25,6470.25,6470.25,1,37,2023-11-21,0,,,,
2023-11-22,6865.25,6874.65,6768.2,6792.65,731700,6401.85,6667.92,6346.3,6889.05,6889.05,99.73,57.42,0,,6430.21,,6470.25,1,37,2023-11-21,0,,,,
2023-11-23,6808.75,6836.4,6774.2,6828.35,885800,6409.04,6669.43,6371.35,6889.05,6889.05,97.05,59.52,0,,6463.37,,6470.25,1,37,2023-11-21,0,,,,
2023-11-24,6849.7,6891.2,6828.05,6874.25,872300,6416.34,6671.5,6469.55,6891.2,6889.05,94.62,62.11,0,,6527.33,,6527.33,1,37,2023-11-21,0,,,,
2023-11-28,6949.05,7021.6,6922.7,7001.65,1117000,6424.64,6676.12,6505.75,7021.6,6891.2,98.39,68.19,1,7001.65,6619.05,6619.05,6619.05,1,37,2023-11-21,0,,,,
2023-11-29,7046.85,7055.85,7002.6,7016.4,1246300,6433.56,6682.64,6545.95,7055.85,7021.6,95.23,68.81,0,,6644.07,,6644.07,1,37,2023-11-21,0,,,,
2023-11-30,7028.25,7047.35,6957.55,7017.45,1801200,6442.32,6687.13,6571.3,7055.85,7055.85,94.85,68.86,0,,6653.46,,6653.46,1,37,2023-11-21,0,,,,
2023-12-01,7065.55,7127.35,7025.4,7087.0,1202600,6451.31,6693.3,6571.3,7127.35,7055.85,95.92,71.87,1,7087.0,6697.6,6697.6,6697.6,1,37,2023-11-21,0,,,,
2023-12-04,7270.45,7275.55,7190.05,7202.6,1561800,6461.24,6704.6,6571.3,7275.55,7127.35,102.54,76.02,0,,6767.75,,6767.75,1,37,2023-11-21,0,,,,
2023-12-05,7203.3,7445.45,7197.25,7423.4,1521400,6472.37,6725.27,6670.65,7445.45,7275.55,112.94,81.61,0,,6936.35,,6936.35,1,37,2023-11-21,0,,,,
2023-12-06,7507.65,7512.65,7354.95,7425.35,2114900,6483.21,6749.03,6747.55,7512.65,7445.45,116.14,81.65,0,,6961.11,,6961.11,1,37,2023-11-21,0,,,,
2023-12-07,7437.3,7450.45,7360.15,7369.85,1151200,6493.13,6778.22,6747.55,7512.65,7512.65,114.29,76.47,0,,6926.54,,6961.11,1,37,2023-11-21,0,,,,
2023-12-08,7399.4,7487.8,7277.95,7362.9,1600800,6503.39,6806.86,6767.05,7512.65,7512.65,121.12,75.82,0,,6924.01,,6961.11,1,37,2023-11-21,0,,,,
2023-12-11,7388.85,7449.6,7355.1,7439.7,993200,6513.69,6841.59,6767.05,7512.65,7512.65,119.22,78.04,0,,6974.81,,6974.81,1,37,2023-11-21,0,,,,
2023-12-12,7457.75,7533.1,7429.75,7462.6,1260600,6524.72,6875.24,6768.2,7533.1,7512.65,118.08,78.67,0,,6990.72,,6990.72,1,37,2023-11-21,0,,,,
2023-12-13,7479.25,7539.3,7411.4,7528.2,1359500,6535.94,6910.58,6768.2,7539.3,7533.1,118.79,80.4,0,,7032.57,,7032.57,1,37,2023-11-21,0,,,,
2023-12-14,7604.25,7634.75,7567.3,7574.25,3484300,6547.52,6947.97,6774.2,7634.75,7539.3,117.91,81.53,1,7574.25,7064.85,7064.85,7064.85,1,37,2023-11-21,0,,,,
2023-12-15,7654.6,7751.15,7634.2,7735.35,3279100,6560.28,6993.82,6828.05,7751.15,7634.75,122.12,84.83,0,,7183.9,,7183.9,1,37,2023-11-21,0,,,,
2023-12-18,7712.1,7790.3,7638.8,7768.55,2567900,6573.42,7037.8,6922.7,7790.3,7751.15,124.22,85.41,0,,7235.47,,7235.47,1,37,2023-11-21,0,,,,
2023-12-19,7788.85,7799.05,7674.85,7716.65,1611200,6586.92,7079.06,6957.55,7799.05,7790.3,124.22,80.25,0,,7213.61,,7235.47,1,37,2023-11-21,0,,,,
2023-12-20,7752.45,7766.75,7393.05,7421.55,1922000,6598.39,7107.54,6957.55,7799.05,7799.05,142.04,58.6,0,,7011.39,,7235.47,1,37,2023-11-21,0,,,,
2023-12-21,7353.0,7551.3,7310.45,7524.0,2396300,6610.66,7139.11,7025.4,7799.05,7799.05,149.1,62.39,0,,7095.38,,7235.47,1,37,2023-11-21,0,,,,
2023-12-22,7580.95,7662.45,7571.75,7652.65,2531900,6624.13,7173.32,7190.05,7799.05,7799.05,148.34,66.54,0,,7233.75,,7235.47,1,37,2023-11-21,0,,,,
2023-12-26,7698.05,7762.9,7674.65,7739.8,1630600,6638.38,7211.32,7197.25,7799.05,7799.05,145.62,69.03,0,,7294.18,,7294.18,1,37,2023-11-21,0,,,,
2023-12-27,7780.35,7863.75,7769.45,7847.75,2353700,6653.24,7251.38,7277.95,7863.75,7799.05,144.07,71.83,1,7847.75,7391.74,7391.74,7391.74,1,37,2023-11-21,0,,,,
2023-12-28,7890.0,7946.55,7871.95,7926.35,4306700,6667.44,7291.79,7277.95,7946.55,7863.75,140.84,73.69,0,,7444.59,,7444.59,1,37,2023-11-21,0,,,,
2023-12-29,7940.5,8016.45,7874.1,7978.0,2977800,6680.97,7331.31,7277.95,8016.45,7946.55,140.94,74.87,0,,7477.83,,7477.83,1,37,2023-11-21,0,,,,
2024-01-02,8017.95,8042.7,7866.35,8023.9,1872500,6695.43,7372.36,7310.45,8042.7,8016.45,143.47,75.9,0,,7516.58,,7516.58,1,37,2023-11-21,0,,,,
2024-01-03,8042.55,8045.95,7860.55,7878.4,2177400,6708.8,7408.18,7310.45,8045.95,8042.7,146.47,66.57,0,,7420.74,,7516.58,1,37,2023-11-21,0,,,,
2024-01-04,7926.15,7930.25,7874.4,7883.05,1655700,6721.79,7445.23,7310.45,8045.95,8045.95,140.0,66.71,0,,7428.05,,7516.58,1,37,2023-11-21,0,,,,
2024-01-05,7905.9,7992.2,7823.0,7871.8,1810500,6734.32,7479.15,7310.45,8045.95,8045.95,142.08,65.99,0,,7419.41,,7516.58,1,37,2023-11-21,0,,,,
2024-01-08,7915.2,7921.35,7737.4,7747.0,1445300,6746.39,7510.96,7310.45,8045.95,8045.95,145.07,58.41,0,,7336.92,,7516.58,1,37,2023-11-21,0,,,,
2024-01-09,7819.7,7863.6,7775.8,7808.3,1174400,6759.18,7543.62,7310.45,8045.95,8045.95,143.04,60.79,0,,7377.81,,7516.58,1,37,2023-11-21,0,,,,
2024-01-10,7811.3,7893.15,7729.75,7882.65,1487900,6772.51,7577.24,7310.45,8045.95,8045.95,144.49,63.52,0,,7424.8,,7516.58,1,37,2023-11-21,0,,,,
2024-01-11,7926.35,7940.05,7857.95,7876.15,1027100,6785.31,7606.39,7310.45,8045.95,8045.95,140.04,63.11,0,,7423.58,,7516.58,1,37,2023-11-21,0,,,,
2024-01-12,7912.65,7938.8,7870.3,7898.35,1019900,6798.12,7635.78,7310.45,8045.95,8045.95,134.93,63.97,0,,7441.3,,7516.58,1,37,2023-11-21,0,,,,
2024-01-15,7941.4,7945.1,7827.6,7864.1,1242500,6810.77,7664.01,7571.75,8045.95,8045.95,133.68,61.58,0,,7507.14,,7516.58,1,37,2023-11-21,0,,,,
2024-01-16,7889.05,7973.2,7808.1,7941.85,2799700,6823.33,7692.5,7674.65,8045.95,8045.95,135.93,64.8,0,,7590.09,,7590.09,1,37,2023-11-21,0,,,,
2024-01-17,7852.9,7852.9,7683.7,7693.55,2066000,6834.17,7708.87,7683.7,8045.95,8045.95,144.66,50.31,0,,7427.14,,7590.09,1,37,2023-11-21,0,,,,
2024-01-18,7697.55,7708.35,7484.95,7629.1,1693100,6844.77,7715.72,7484.95,8045.95,8045.95,150.28,47.35,0,,7315.57,,7590.09,1,37,2023-11-21,1,7590.09,TRAILING_STOP,40,10.74
2024-01-19,7683.55,7748.5,7668.35,7732.35,1147400,6855.81,7725.96,7484.95,8045.95,8045.95,148.07,52.2,0,,7383.63,,,0,,,0,,,,
2024-01-23,7780.55,7792.05,7470.15,7486.85,1598500,6864.87,7729.86,7470.15,8045.95,8045.95,160.49,42.23,0,,7212.07,,,0,,,0,,,,
2024-01-24,7523.05,7717.45,7504.2,7708.65,1819700,6874.83,7741.38,7470.15,8045.95,8045.95,165.5,51.28,0,,7351.8,,,0,,,0,,,,
2024-01-25,7744.35,7746.5,7626.3,7719.65,2602200,6884.94,7750.71,7470.15,8045.95,8045.95,162.26,51.69,0,,7361.05,,,0,,,0,,,,
2024-01-29,7766.65,7853.95,7748.5,7843.75,1906600,6895.69,7763.42,7470.15,8045.95,8045.95,160.27,56.11,0,,7442.42,,,0,,,0,,,,
2024-01-30,7880.95,7978.95,7852.6,7864.0,1723800,6906.76,7774.61,7470.15,8045.95,8045.95,158.48,56.81,0,,7456.68,,,0,,,0,,,,
2024-01-31,7872.6,7986.55,7858.65,7973.1,1403300,6918.27,7787.91,7470.15,8045.95,8045.95,156.29,60.44,0,,7528.51,,,0,,,0,,,,
2024-02-01,8000.15,8003.8,7869.6,7891.05,1350400,6929.62,7793.1,7470.15,8045.95,8045.95,154.71,56.58,0,,7476.63,,,0,,,0,,,,
2024-02-02,7953.2,8115.2,7928.4,8078.25,3320600,6942.2,7803.42,7470.15,8115.2,8045.95,159.67,62.47,1,8078.25,7594.07,7594.07,7594.07,1,38,2024-02-02,0,,,,
2024-02-05,8120.55,8226.45,8059.25,8109.55,3416100,6956.02,7816.52,7470.15,8226.45,8115.2,160.21,63.36,0,,7613.9,,7613.9,1,38,2024-02-02,0,,,,
2024-02-06,8137.2,8255.95,8028.35,8238.25,2765200,6970.39,7843.74,7470.15,8255.95,8226.45,165.02,66.86,1,8238.25,7693.7,7693.7,7693.7,1,38,2024-02-02,0,,,,
2024-02-07,8324.1,8348.25,8224.15,8276.65,2456400,6984.71,7868.83,7470.15,8348.25,8255.95,162.1,67.84,0,,7720.42,,7720.42,1,38,2024-02-02,0,,,,
2024-02-08,8314.3,8344.25,8197.1,8221.85,1363100,6998.12,7887.8,7470.15,8348.25,8348.25,161.03,64.88,0,,7685.79,,7720.42,1,38,2024-02-02,0,,,,
2024-02-09,8235.45,8239.2,7935.3,8095.6,1740700,7010.69,7899.66,7470.15,8348.25,8348.25,171.24,58.53,0,,7597.55,,7720.42,1,38,2024-02-02,0,,,,
2024-02-12,8135.75,8182.95,7863.25,7901.65,1863900,7021.54,7901.46,7470.15,8348.25,8348.25,181.84,50.37,0,,7465.39,,7720.42,1,38,2024-02-02,0,,,,
2024-02-13,7806.5,7806.8,7547.2,7737.85,2305900,7031.29,7895.18,7470.15,8348.25,8348.25,194.17,44.71,0,,7351.52,,7720.42,1,38,2024-02-02,1,7720.42,TRAILING_STOP,8,-4.43
2024-02-14,7694.6,7885.9,7666.7,7874.8,2455000,7041.84,7891.74,7504.2,8348.25,8348.25,195.96,49.79,0,,7450.01,,,0,,,0,,,,
2024-02-15,7943.95,7987.15,7890.2,7910.6,3133300,7052.41,7887.96,7547.2,8348.25,8348.25,189.99,51.06,0,,7491.41,,,0,,,0,,,,
2024-02-16,7968.55,8022.2,7928.85,7976.45,2209200,7063.72,7891.23,7547.2,8348.25,8348.25,184.39,53.39,0,,7537.62,,,0,,,0,,,,
2024-02-20,8004.55,8007.5,7904.5,7955.8,1195200,7074.19,7893.65,7547.2,8348.25,8348.25,178.57,52.54,0,,7528.17,,,0,,,0,,,,
2024-02-21,8037.7,8118.9,7937.25,7976.45,2703500,7084.91,7897.14,7547.2,8348.25,8348.25,178.79,53.34,0,,7541.35,,,0,,,0,,,,
2024-02-22,8026.6,8078.3,7950.5,8069.4,1887100,7096.28,7907.89,7547.2,8348.25,8348.25,175.15,56.85,0,,7603.73,,,0,,,0,,,,
2024-02-23,8103.9,8112.8,8032.5,8047.75,1112900,7107.4,7915.87,7547.2,8348.25,8348.25,168.38,55.79,0,,7594.28,,,0,,,0,,,,
2024-02-26,8058.5,8081.4,7945.4,7971.75,1109000,7117.42,7918.84,7547.2,8348.25,8348.25,166.06,52.15,0,,7546.8,,,0,,,0,,,,
2024-02-27,7987.5,8016.45,7957.0,8000.55,1063000,7127.42,7922.98,7547.2,8348.25,8348.25,158.45,53.39,0,,7570.46,,,0,,,0,,,,
2024-02-28,8030.9,8049.1,7824.55,7850.35,1214000,7136.77,7921.38,7547.2,8348.25,8348.25,163.17,46.59,0,,7470.43,,,0,,,0,,,,
2024-02-29,7859.75,7965.95,7812.0,7921.9,3261400,7146.42,7923.31,7547.2,8348.25,8348.25,162.51,49.87,0,,7517.02,,,0,,,0,,,,
2024-03-01,7992.8,8225.65,7990.75,8208.5,3482700,7157.91,7932.2,7547.2,8348.25,8348.25,172.6,60.35,0,,7695.15,,,0,,,0,,,,
2024-03-04,8337.0,8375.25,8229.35,8318.95,2829200,7170.42,7953.05,7547.2,8375.25,8348.25,172.18,63.52,0,,7766.67,,,0,,,0,,,,
2024-03-05,8324.8,8347.75,8257.15,8300.55,1553700,7183.12,7975.43,7547.2,8375.25,8375.25,166.36,62.62,0,,7758.68,,,0,,,0,,,,
2024-03-06,8304.9,8324.8,8097.2,8257.65,1865700,7194.28,7992.94,7666.7,8375.25,8375.25,170.73,60.48,0,,7767.93,,,0,,,0,,,,
2024-03-07,8290.55,8436.55,8281.7,8371.3,2592600,7206.06,8022.42,7812.0,8436.55,8375.25,171.31,64.0,0,,7889.28,,,0,,,0,,,,
2024-03-11,8407.8,8410.25,8235.05,8250.75,1390000,7217.19,8040.49,7812.0,8436.55,8436.55,171.59,58.09,0,,7811.34,,,0,,,0,,,,
2024-03-12,8256.2,8273.5,8065.3,8108.4,1285900,7226.97,8053.45,7812.0,8436.55,8436.55,174.21,51.99,0,,7717.78,,,0,,,0,,,,
2024-03-13,8110.85,8121.2,7578.35,7647.4,2406500,7232.9,8046.9,7578.35,8436.55,8436.55,200.54,38.05,0,,7325.0,,,0,,,0,,,,
2024-03-14,7663.5,7814.4,7591.85,7799.95,2388000,7239.76,8044.77,7578.35,8436.55,8436.55,202.11,43.45,0,,7422.34,,,0,,,0,,,,
2024-03-15,7802.05,7855.45,7684.85,7802.65,2570700,7247.56,8039.09,7578.35,8436.55,8436.55,199.86,43.54,0,,7425.59,,,0,,,0,,,,
2024-03-18,7781.6,8015.55,7742.6,7996.9,2725800,7256.86,8042.62,7578.35,8436.55,8436.55,205.08,49.98,0,,7547.4,,,0,,,0,,,,
2024-03-19,7992.6,8086.15,7877.95,7923.6,2018800,7265.53,8037.46,7578.35,8436.55,8436.55,205.3,47.76,0,,7499.97,,,0,,,0,,,,
2024-03-20,7957.15,7999.25,7770.9,7860.9,1774500,7273.79,8029.17,7578.35,8436.55,8436.55,206.95,45.89,0,,7458.43,,,0,,,0,,,,
2024-03-21,7974.45,8069.2,7953.05,8052.75,2559000,7283.84,8022.99,7578.35,8436.55,8436.55,207.05,52.08,0,,7582.11,,,0,,,0,,,,
2024-03-22,8029.85,8169.45,7983.35,8130.8,1791300,7293.53,8018.13,7578.35,8436.55,8436.55,205.55,54.36,0,,7633.45,,,0,,,0,,,,
2024-03-26,8109.1,8201.25,8103.7,8161.2,1544500,7303.11,8016.1,7578.35,8436.55,8436.55,197.84,55.26,0,,7658.2,,,0,,,0,,,,
2024-03-27,8191.3,8219.85,8146.35,8154.95,1279300,7312.89,8018.08,7578.35,8436.55,8436.55,188.95,55.02,0,,7660.09,,,0,,,0,,,,
2024-03-28,8191.25,8320.9,8173.9,8257.2,1565600,7324.29,8029.94,7578.35,8436.55,8436.55,187.31,58.2,0,,7727.14,,,0,,,0,,,,
2024-04-01,8343.5,8571.95,8335.3,8562.7,2479000,7338.15,8057.43,7578.35,8571.95,8436.55,196.41,65.96,1,8562.7,7918.12,7918.12,7918.12,1,39,2024-04-01,0,,,,
2024-04-02,8573.0,8702.35,8527.75,8690.85,2897200,7352.89,8084.63,7578.35,8702.35,8571.95,194.86,68.59,0,,8001.81,,8001.81,1,39,2024-04-01,0,,,,
2024-04-03,8678.3,8781.6,8634.45,8691.2,2825400,7367.54,8110.65,7578.35,8781.6,8702.35,191.45,68.6,0,,8004.31,,8004.31,1,39,2024-04-01,0,,,,
2024-04-04,8797.3,8813.05,8608.4,8684.45,2064200,7381.58,8134.25,7578.35,8813.05,8781.6,192.39,68.28,0,,7999.33,,8004.31,1,39,2024-04-01,0,,,,
2024-04-05,8676.95,8746.75,8578.65,8699.05,1636700,7395.34,8159.03,7591.85,8813.05,8813.05,190.66,68.62,0,,8014.4,,8014.4,1,39,2024-04-01,0,,,,
2024-04-08,8789.3,8808.15,8712.2,8794.65,1483300,7409.8,8186.3,7684.85,8813.05,8813.05,184.83,70.85,0,,8110.95,,8110.95,1,39,2024-04-01,0,,,,
2024-04-09,8832.9,8985.85,8771.2,8894.4,3161200,7425.08,8213.8,7742.6,8985.85,8813.05,186.96,73.0,1,8894.4,8193.11,8193.11,8193.11,1,39,2024-04-01,0,,,,
2024-04-10,8970.15,9054.95,8949.7,8999.6,3358200,7441.61,8245.53,7770.9,9054.95,8985.85,185.07,75.09,0,,8271.66,,8271.66,1,39,2024-04-01,0,,,,
2024-04-12,9017.85,9028.45,8906.15,8951.3,2739300,7457.73,8278.18,7770.9,9054.95,9054.95,180.59,72.32,0,,8243.5,,8271.66,1,39,2024-04-01,0,,,,
2024-04-15,8902.3,9060.8,8744.8,8899.7,3407100,7472.95,8308.15,7953.05,9060.8,9054.95,190.26,69.38,0,,8264.48,,8271.66,1,39,2024-04-01,0,,,,
2024-04-16,8864.6,8968.25,8800.55,8851.95,1720200,7487.45,8341.54,7983.35,9060.8,9060.8,188.65,66.68,0,,8244.86,,8271.66,1,39,2024-04-01,0,,,,
2024-04-18,8916.6,9025.1,8786.1,8824.25,2057800,7501.88,8371.62,8103.7,9060.8,9060.8,192.25,65.09,0,,8264.71,,8271.66,1,39,2024-04-01,0,,,,
2024-04-19,8783.8,8923.55,8670.5,8909.0,2019600,7515.6,8394.97,8146.35,9060.8,9060.8,196.59,67.63,0,,8330.69,,8330.69,1,39,2024-04-01,0,,,,
2024-04-22,8995.7,9041.35,8904.15,8931.2,1848500,7528.43,8415.38,8173.9,9060.8,9060.8,192.35,68.28,0,,8357.03,,8357.03,1,39,2024-04-01,0,,,,
2024-04-23,8972.7,8972.85,8879.45,8900.45,1325300,7540.84,8435.37,8335.3,9060.8,9060.8,185.28,66.29,0,,8395.7,,8395.7,1,39,2024-04-01,0,,,,
2024-04-24,8932.1,9158.4,8920.8,9140.1,3380900,7555.21,8464.79,8527.75,9158.4,9060.8,190.47,72.9,1,9140.1,8610.97,8610.97,8610.97,1,39,2024-04-01,0,,,,
2024-04-25,9135.85,9253.85,9063.5,9242.0,2043100,7570.29,8493.81,8578.65,9253.85,9158.4,190.46,75.14,0,,8693.67,,8693.67,1,39,2024-04-01,0,,,,
2024-04-26,9283.65,9377.1,9212.2,9222.65,2635400,7585.25,8526.21,8578.65,9377.1,9253.85,188.64,73.89,0,,8682.4,,8693.67,1,39,2024-04-01,0,,,,
2024-04-29,9320.3,9323.05,9217.7,9268.8,1343700,7599.68,8564.89,8578.65,9377.1,9377.1,182.69,74.96,0,,8716.13,,8716.13,1,39,2024-04-01,0,,,,
2024-04-30,9326.6,9327.55,9162.2,9175.8,1510800,7614.76,8615.83,8670.5,9377.1,9377.1,181.45,68.86,0,,8687.59,,8716.13,1,39,2024-04-01,0,,,,
2024-05-02,9186.55,9341.4,9177.6,9279.55,1962800,7630.33,8665.15,8670.5,9377.1,9377.1,180.32,71.63,0,,8755.27,,8755.27,1,39,2024-04-01,0,,,,
2024-05-03,9352.9,9401.55,9170.3,9276.3,2484900,7645.19,8714.28,8670.5,9401.55,9377.1,183.96,71.41,0,,8750.74,,8755.27,1,39,2024-04-01,0,,,,
2024-05-06,9326.25,9338.25,9078.25,9189.75,1709000,7659.55,8754.04,8670.5,9401.55,9401.55,189.39,65.76,0,,8691.3,,8755.27,1,39,2024-04-01,0,,,,
2024-05-07,9223.25,9223.8,8897.55,8969.9,1557400,7672.96,8788.91,8670.5,9401.55,9401.55,199.16,54.06,0,,8542.98,,8755.27,1,39,2024-04-01,0,,,,
2024-05-08,8940.35,9130.6,8931.0,9102.35,1173900,7688.02,8830.3,8670.5,9401.55,9401.55,199.19,58.82,0,,8628.39,,8755.27,1,39,2024-04-01,0,,,,
2024-05-09,9117.35,9140.3,8816.9,8841.25,1040800,7701.58,8856.58,8670.5,9401.55,9401.55,208.07,48.22,0,,8454.06,,8755.27,1,39,2024-04-01,0,,,,
2024-05-10,8886.25,8990.7,8807.85,8977.45,1336200,7716.35,8884.8,8670.5,9401.55,9401.55,206.26,52.98,0,,8543.11,,8755.27,1,39,2024-04-01,0,,,,
2024-05-13,8970.6,9106.7,8789.95,9094.8,1388200,7731.96,8915.92,8789.95,9401.55,9401.55,214.16,56.67,0,,8653.36,,8755.27,1,39,2024-04-01,0,,,,
2024-05-14,9148.75,9373.95,9135.5,9347.15,2039500,7749.1,8955.66,8789.95,9401.55,9401.55,218.8,63.34,0,,8813.03,,8813.03,1,39,2024-04-01,0,,,,
2024-05-15,9389.4,9492.5,9361.3,9376.9,1319600,7766.43,8992.98,8789.95,9492.5,9401.55,213.55,64.05,0,,8835.72,,8835.72,1,39,2024-04-01,0,,,,
2024-05-16,9423.45,9465.85,9262.0,9405.4,1365000,7784.39,9021.07,8789.95,9492.5,9492.5,212.86,64.74,0,,8854.56,,8854.56,1,39,2024-04-01,0,,,,
2024-05-17,9422.2,9582.5,9403.15,9557.95,1486300,7802.52,9049.98,8789.95,9582.5,9492.5,210.47,68.29,1,9557.95,8954.55,8954.55,8954.55,1,39,2024-04-01,0,,,,
2024-05-21,9671.45,10002.3,9645.3,9981.15,2989200,7823.74,9092.98,8789.95,10002.3,9582.5,227.17,75.61,0,,9216.38,,9216.38,1,39,2024-04-01,0,,,,
2024-05-22,10051.7,10051.7,9845.5,9919.45,2634600,7845.03,9134.14,8789.95,10051.7,10002.3,225.67,72.97,0,,9177.58,,9216.38,1,39,2024-04-01,0,,,,
2024-05-23,9872.8,9977.6,9738.35,9959.45,1725100,7866.7,9176.16,8789.95,10051.7,10051.7,226.64,73.61,0,,9202.73,,9216.38,1,39,2024-04-01,0,,,,
2024-05-24,9966.1,10060.25,9907.2,9928.4,1386200,7887.92,9213.95,8789.95,10060.25,10051.7,221.39,72.17,0,,9186.21,,9216.38,1,39,2024-04-01,0,,,,
2024-05-27,9997.75,10022.55,9847.4,9866.4,1254100,7909.38,9246.35,8789.95,10060.25,10060.25,218.08,69.26,0,,9148.42,,9216.38,1,39,2024-04-01,0,,,,
2024-05-28,9910.65,9996.85,9788.05,9815.05,2111100,7929.6,9273.53,8789.95,10060.25,10060.25,217.42,66.86,0,,9115.74,,9216.38,1,39,2024-04-01,0,,,,
2024-05-29,9830.8,9927.85,9763.8,9841.2,1593500,7949.79,9303.19,8789.95,10060.25,10060.25,213.61,67.48,0,,9135.15,,9216.38,1,39,2024-04-01,0,,,,
2024-05-30,9800.45,9808.55,9517.4,9545.25,2147200,7967.67,9324.71,8789.95,10060.25,10060.25,221.48,54.95,0,,8939.02,,9216.38,1,39,2024-04-01,0,,,,
2024-05-31,9631.5,9783.8,9574.05,9723.6,2880800,7987.02,9353.77,8789.95,10060.25,10060.25,222.7,59.8,0,,9053.24,,9216.38,1,39,2024-04-01,0,,,,
2024-06-03,10195.6,10195.6,9933.3,10048.55,2159000,8008.13,9394.58,8789.95,10195.6,10060.25,240.51,66.8,0,,9250.96,,9250.96,1,39,2024-04-01,0,,,,
2024-06-04,9986.4,9988.2,8534.95,8980.15,4707200,8021.98,9396.95,8534.95,10195.6,10195.6,331.44,41.32,0,,8416.22,,9250.96,1,39,2024-04-01,1,9250.96,TRAILING_STOP,43,8.04
2024-06-05,9077.6,9524.3,8736.5,9496.6,2572100,8039.54,9415.79,8534.95,10195.6,10195.6,364.04,51.04,0,,8727.6,,,0,,,0,,,,
2024-06-06,9592.95,9733.9,9556.5,9632.5,2134300,8058.4,9440.2,8534.95,10195.6,10195.6,354.99,53.24,0,,8821.29,,,0,,,0,,,,
2024-06-07,9641.35,9857.4,9577.55,9833.6,1932500,8079.2,9463.31,8534.95,10195.6,10195.6,349.62,56.35,0,,8954.58,,,0,,,0,,,,
2024-06-10,9853.45,9865.1,9750.35,9795.85,1541800,8101.22,9481.77,8534.95,10195.6,10195.6,332.84,55.61,0,,8941.41,,,0,,,0,,,,
2024-06-11,9813.3,9890.25,9777.1,9789.55,1370800,8123.12,9500.67,8534.95,10195.6,10195.6,317.15,55.47,0,,8947.81,,,0,,,0,,,,
2024-06-12,9828.2,9888.55,9802.0,9838.35,1138200,8146.06,9519.66,8534.95,10195.6,10195.6,301.57,56.34,0,,8989.67,,,0,,,0,,,,
2024-06-13,9907.0,9937.85,9798.1,9840.25,1079700,8168.64,9541.8,8534.95,10195.6,10195.6,290.01,56.38,0,,8998.6,,,0,,,0,,,,
2024-06-14,9872.2,9925.05,9796.85,9912.1,1349700,8191.6,9562.89,8534.95,10195.6,10195.6,278.45,57.78,0,,9052.65,,,0,,,0,,,,
2024-06-18,9957.3,9988.05,9881.15,9890.2,1002800,8214.52,9583.35,8534.95,10195.6,10195.6,266.2,57.18,0,,9046.7,,,0,,,0,,,,
2024-06-19,9933.1,9937.8,9747.05,9773.3,870800,8237.27,9602.8,8534.95,10195.6,10195.6,260.81,53.93,0,,8974.89,,,0,,,0,,,,
2024-06-20,9803.25,10016.35,9764.7,9951.05,1608400,8260.62,9635.51,8534.95,10195.6,10195.6,260.15,57.85,0,,9089.97,,,0,,,0,,,,
2024-06-21,9988.75,10042.85,9910.0,9990.9,2196300,8284.03,9665.13,8534.95,10195.6,10195.6,251.06,58.7,0,,9121.74,,,0,,,0,,,,
2024-06-24,9912.85,9967.65,9807.4,9926.85,1481900,8306.43,9701.31,8534.95,10195.6,10195.6,246.24,56.72,0,,9083.64,,,0,,,0,,,,
2024-06-25,9961.9,9994.5,9833.2,9857.45,1155500,8328.3,9730.65,8534.95,10195.6,10195.6,240.17,54.58,0,,9042.93,,,0,,,0,,,,
2024-06-26,9821.25,9832.55,9701.3,9714.3,2910000,8348.89,9751.3,8736.5,10195.6,10195.6,234.17,50.36,0,,9021.78,,,0,,,0,,,,
2024-06-27,9720.8,9814.85,9646.1,9767.4,1958000,8370.01,9765.3,9556.5,10195.6,10195.6,229.49,51.84,0,,9332.48,,,0,,,0,,,,
2024-06-28,9793.5,9889.25,9784.65,9814.3,1710600,8391.13,9779.88,9577.55,10195.6,10195.6,221.81,53.18,0,,9374.87,,,0,,,0,,,,
2024-07-01,9849.65,9913.65,9842.3,9882.8,0,8412.25,9795.8,9646.1,10195.6,10195.6,213.06,55.14,0,,9447.73,,,0,,,0,,,,
2024-07-02,9901.95,9942.6,9798.35,9835.7,0,8432.54,9805.06,9646.1,10042.85,10195.6,208.14,53.48,0,,9420.63,,,0,,,0,,,,
2024-07-03,9868.9,9952.8,9835.55,9940.1,0,8453.53,9803.69,9646.1,10042.85,10042.85,201.65,56.59,0,,9492.3,,,0,,,0,,,,
2024-07-04,9989.5,10027.95,9928.5,9936.8,1151200,8474.41,9804.27,9646.1,10042.85,10042.85,194.35,56.46,0,,9495.03,,,0,,,0,,,,
2024-07-05,9943.25,10004.75,9898.4,9970.5,1626000,8495.74,9804.64,9646.1,10042.85,10042.85,188.07,57.53,0,,9520.96,,,0,,,0,,,,
2024-07-08,9992.85,9993.7,9840.8,9877.35,1332800,8515.89,9802.93,9646.1,10042.85,10042.85,185.55,53.63,0,,9462.55,,,0,,,0,,,,
2024-07-09,9923.55,9957.7,9853.35,9881.9,1103100,8536.49,9803.45,9646.1,10042.85,10042.85,179.75,53.8,0,,9469.36,,,0,,,0,,,,
2024-07-10,9899.8,9921.85,9600.1,9722.8,1518700,8555.78,9800.38,9600.1,10042.85,10042.85,189.9,47.46,0,,9344.64,,,0,,,0,,,,
2024-07-11,9792.4,9819.7,9694.85,9723.25,1135500,8574.78,9796.44,9600.1,10042.85,10042.85,185.25,47.48,0,,9348.03,,,0,,,0,,,,
2024-07-12,9763.95,9782.75,9653.15,9708.2,884600,8592.82,9801.88,9600.1,10042.85,10042.85,181.28,46.87,0,,9340.97,,,0,,,0,,,,
2024-07-15,9721.55,9752.65,9635.05,9729.6,1168200,8610.91,9802.08,9600.1,10042.85,10042.85,176.73,47.89,0,,9357.81,,,0,,,0,,,,
2024-07-16,9775.0,9821.9,9708.3,9722.0,998600,8628.94,9791.19,9600.1,10042.85,10042.85,172.22,47.54,0,,9355.91,,,0,,,0,,,,
2024-07-18,9719.95,9724.1,9587.7,9636.95,1278100,8645.94,9813.08,9587.7,10042.85,10042.85,169.66,43.71,0,,9298.63,,,0,,,0,,,,
2024-07-19,9611.35,9614.0,9241.15,9256.3,1807600,8659.63,9805.07,9241.15,10042.85,10042.85,185.81,31.48,0,,8926.82,,,0,,,0,,,,
2024-07-22,9211.25,9366.1,9154.55,9350.6,1202900,8672.48,9795.68,9154.55,10027.95,10042.85,187.65,36.24,0,,8957.55,,,0,,,0,,,,
2024-07-23,9383.6,9391.8,8964.05,9263.1,1604000,8684.73,9776.66,8964.05,10027.95,10027.95,204.8,33.89,0,,8826.18,,,0,,,0,,,,
2024-07-24,9272.4,9328.95,9225.35,9267.15,1231400,8697.38,9759.04,8964.05,10027.95,10027.95,197.57,34.1,0,,8833.61,,,0,,,0,,,,
2024-07-25,9152.95,9181.45,9093.75,9148.0,1365500,8709.28,9737.65,8964.05,10027.95,10027.95,195.85,30.94,0,,8757.91,,,0,,,0,,,,
2024-07-26,9240.05,9448.35,9215.75,9423.4,1392900,8722.5,9723.82,8964.05,10027.95,10027.95,203.31,43.89,0,,8930.57,,,0,,,0,,,,
2024-07-29,9510.75,9520.35,9416.85,9450.3,1278400,8735.76,9710.82,8964.05,10027.95,10027.95,196.18,44.97,0,,8952.67,,,0,,,0,,,,
2024-07-30,9441.55,9512.45,9367.4,9468.35,1009500,8748.69,9696.03,8964.05,10027.95,10027.95,192.53,45.73,0,,8966.75,,,0,,,0,,,,
2024-07-31,9550.75,9611.1,9499.75,9583.4,1408100,8762.08,9685.8,8964.05,10027.95,10027.95,188.97,50.42,0,,9043.33,,,0,,,0,,,,
2024-08-01,9690.85,9759.6,9513.6,9573.2,2383600,8774.34,9679.13,8964.05,10027.95,10027.95,193.05,50.01,0,,9034.03,,,0,,,0,,,,
2024-08-02,9440.35,9448.3,9301.5,9314.55,1616000,8784.64,9657.92,8964.05,10004.75,10027.95,198.66,40.87,0,,8863.46,,,0,,,0,,,,
2024-08-05,9077.2,9100.05,8797.6,8862.5,2389000,8792.28,9620.3,8797.6,9993.7,10004.75,221.4,30.42,0,,8501.25,,,0,,,0,,,,
2024-08-06,8955.55,9086.65,8865.0,8888.95,1334500,8802.07,9585.71,8797.6,9957.7,9993.7,221.6,31.52,0,,8518.18,,,0,,,0,,,,
2024-08-07,9064.25,9152.05,8993.45,9128.45,1044800,8812.76,9561.41,8797.6,9921.85,9957.7,224.56,40.7,0,,8670.68,,,0,,,0,,,,
2024-08-08,9115.0,9115.8,8953.8,8969.25,1253200,8821.54,9536.57,8797.6,9821.9,9921.85,221.0,37.13,0,,8570.37,,,0,,,0,,,,
2024-08-09,9086.75,9099.05,8987.3,9038.3,1459000,8830.2,9512.27,8797.6,9821.9,9821.9,214.48,39.6,0,,8619.25,,,0,,,0,,,,
2024-08-12,8970.2,9149.3,8902.6,9106.25,1430000,8838.59,9488.67,8797.6,9821.9,9821.9,216.78,42.02,0,,8661.54,,,0,,,0,,,,
2024-08-13,9164.1,9171.5,8941.15,8957.15,1159400,8845.46,9457.81,8797.6,9821.9,9821.9,217.75,38.39,0,,8564.73,,,0,,,0,,,,
2024-08-14,8989.25,8992.8,8727.8,8844.3,2253800,8851.23,9424.77,8727.8,9759.6,9821.9,221.13,35.87,0,,8466.42,,,0,,,0,,,,
2024-08-16,8938.7,9009.7,8871.75,8994.1,1623900,8857.7,9393.23,8727.8,9759.6,9759.6,217.15,41.38,0,,8565.7,,,0,,,0,,,,
2024-08-19,9033.45,9173.35,9031.45,9161.95,1785000,8866.26,9367.4,8727.8,9759.6,9759.6,214.44,46.88,0,,8675.76,,,0,,,0,,,,
2024-08-20,9224.9,9225.25,9132.7,9204.65,1475000,8875.07,9341.88,8727.8,9759.6,9759.6,205.73,48.21,0,,8709.11,,,0,,,0,,,,
2024-08-21,9185.2,9313.55,9174.45,9264.05,1255600,8884.35,9321.43,8727.8,9759.6,9759.6,200.97,50.09,0,,8750.6,,,0,,,0,,,,
2024-08-22,9309.7,9333.0,9273.15,9326.25,1040400,8894.88,9302.91,8727.8,9759.6,9759.6,191.54,52.04,0,,8797.0,,,0,,,0,,,,
2024-08-23,9344.45,9352.45,9273.3,9290.5,916600,8904.76,9288.5,8727.8,9759.6,9759.6,183.52,50.81,0,,8779.3,,,0,,,0,,,,
2024-08-26,9349.8,9512.2,9322.6,9490.75,1575100,8915.48,9280.75,8727.8,9759.6,9759.6,186.24,56.96,0,,8906.64,,,0,,,0,,,,
2024-08-27,9499.9,9518.45,9424.3,9432.75,1175100,8925.86,9271.57,8727.8,9759.6,9759.6,179.66,54.82,0,,8873.61,,,0,,,0,,,,
2024-08-28,9460.65,9461.2,9375.5,9414.8,825500,8935.97,9261.08,8727.8,9759.6,9759.6,172.95,54.15,0,,8866.51,,,0,,,0,,,,
2024-08-29,9392.35,9404.9,9266.65,9369.95,1168000,8946.01,9249.34,8727.8,9759.6,9759.6,171.18,52.4,0,,8838.76,,,0,,,0,,,,
2024-08-30,9390.65,9457.2,9369.9,9405.25,1418200,8955.76,9241.62,8727.8,9518.45,9759.6,165.19,53.67,0,,8865.53,,,0,,,0,,,,
2024-09-02,9437.6,9449.25,9276.6,9307.15,855300,8966.52,9243.31,8727.8,9518.45,9518.45,165.72,49.72,0,,8801.9,,,0,,,0,,,,
2024-09-03,9331.4,9344.05,9245.4,9254.75,851000,8977.36,9240.12,8727.8,9518.45,9518.45,160.93,47.7,0,,8771.29,,,0,,,0,,,,
2024-09-04,9136.0,9222.35,9111.1,9185.5,1132700,8987.05,9237.53,8727.8,9518.45,9518.45,159.7,45.09,0,,8727.45,,,0,,,0,,,,
2024-09-05,9213.8,9249.2,9198.75,9212.95,763700,8998.55,9235.72,8871.75,9518.45,9518.45,152.84,46.34,0,,8797.71,,,0,,,0,,,,
2024-09-06,9224.85,9263.45,9101.95,9161.15,999100,9008.24,9236.16,9031.45,9518.45,9518.45,153.46,44.29,0,,8817.12,,,0,,,0,,,,
2024-09-09,9136.1,9137.55,8993.35,9099.0,1011300,9017.43,9225.35,8993.35,9518.45,9518.45,154.48,41.89,0,,8763.65,,,0,,,0,,,,
2024-09-10,9140.65,9231.75,9100.05,9156.2,968100,9026.18,9215.55,8993.35,9518.45,9518.45,152.93,44.85,0,,8801.58,,,0,,,0,,,,
2024-09-11,9160.05,9169.7,9010.25,9028.2,756100,9033.94,9200.87,8993.35,9518.45,9518.45,153.4,39.95,0,,8718.71,,,0,,,0,,,,
2024-09-12,9144.35,9305.6,9068.95,9290.85,1546900,9042.73,9191.12,8993.35,9518.45,9518.45,162.25,51.63,0,,8882.21,,,0,,,0,,,,
2024-09-13,9342.9,9442.65,9327.55,9370.65,1393500,9052.59,9184.37,8993.35,9518.45,9518.45,161.51,54.53,0,,8934.18,,,0,,,0,,,,
2024-09-16,9432.8,9500.85,9406.4,9427.7,1247900,9061.59,9188.14,8993.35,9518.45,9518.45,159.27,56.53,0,,8972.47,,,0,,,0,,,,
2024-09-17,9445.35,9463.9,9369.6,9388.15,672800,9070.11,9205.66,8993.35,9518.45,9518.45,154.63,54.73,0,,8950.05,,,0,,,0,,,,
2024-09-18,9381.75,9384.2,9253.95,9310.55,679300,9077.26,9219.72,8993.35,9518.45,9518.45,153.17,51.28,0,,8900.97,,,0,,,0,,,,
2024-09-19,9370.9,9387.1,9122.95,9251.2,1224200,9083.76,9223.81,8993.35,9518.45,9518.45,161.1,48.75,0,,8857.41,,,0,,,0,,,,
2024-09-20,9337.85,9451.7,9329.1,9404.3,1516500,9091.64,9238.31,8993.35,9518.45,9518.45,163.91,54.93,0,,8954.28,,,0,,,0,,,,
2024-09-23,9461.65,9466.35,9403.4,9454.85,876400,9100.7,9252.2,8993.35,9518.45,9518.45,156.7,56.78,0,,8991.69,,,0,,,0,,,,
2024-09-24,9531.35,9745.3,9522.15,9735.4,3358800,9112.93,9273.17,8993.35,9745.3,9518.45,166.25,65.31,1,9735.4,9166.28,9166.28,9166.28,1,40,2024-09-24,0,,,,
2024-09-25,9816.75,9869.5,9734.65,9777.15,2028500,9126.52,9300.5,8993.35,9869.5,9745.3,164.01,66.37,0,,9194.7,,9194.7,1,40,2024-09-24,0,,,,
2024-09-26,9793.4,9999.2,9702.75,9985.7,2779900,9140.6,9338.55,8993.35,9999.2,9869.5,173.47,71.13,0,,9322.91,,9322.91,1,40,2024-09-24,0,,,,
2024-09-27,10058.85,10167.4,10043.65,10064.6,2407500,9154.96,9374.23,8993.35,10167.4,9999.2,174.06,72.7,0,,9373.41,,9373.41,1,40,2024-09-24,0,,,,
2024-09-30,10124.1,10263.65,10119.65,10198.35,2618300,9169.77,9408.78,9010.25,10263.65,10167.4,175.84,75.17,0,,9464.12,,9464.12,1,40,2024-09-24,0,,,,
2024-10-01,10214.25,10236.2,10061.85,10222.95,2012900,9184.88,9442.72,9010.25,10263.65,10263.65,175.74,75.61,0,,9480.06,,9480.06,1,40,2024-09-24,0,,,,
2024-10-03,10129.8,10322.05,10123.75,10155.0,2093800,9199.41,9472.42,9068.95,10322.05,10263.65,177.35,71.85,0,,9454.73,,9480.06,1,40,2024-09-24,0,,,,
2024-10-04,10150.85,10250.65,9979.4,10113.2,1490500,9213.03,9498.65,9122.95,10322.05,10322.05,184.06,69.55,0,,9441.29,,9480.06,1,40,2024-09-24,0,,,,
2024-10-07,10157.75,10177.6,9778.9,9886.3,1502900,9225.29,9518.51,9122.95,10322.05,10322.05,199.39,58.61,0,,9284.72,,9480.06,1,40,2024-09-24,0,,,,
2024-10-08,9817.55,9836.75,9574.7,9794.45,2047400,9237.44,9528.63,9122.95,10322.05,10322.05,207.4,54.85,0,,9220.13,,9480.06,1,40,2024-09-24,0,,,,
2024-10-09,9779.1,9914.65,9724.5,9800.75,1337300,9249.44,9540.9,9122.95,10322.05,10322.05,206.17,55.06,0,,9225.02,,9480.06,1,40,2024-09-24,0,,,,
2024-10-10,9799.65,9882.4,9779.75,9839.95,1035400,9262.7,9555.07,9122.95,10322.05,10322.05,198.78,56.44,0,,9255.23,,9480.06,1,40,2024-09-24,0,,,,
2024-10-11,9858.15,10011.8,9855.85,9932.7,1449800,9276.11,9573.83,9329.1,10322.05,10322.05,196.85,59.6,0,,9385.06,,9480.06,1,40,2024-09-24,0,,,,
2024-10-14,9968.05,10062.65,9881.45,9905.0,1189900,9287.42,9590.49,9403.4,10322.05,10322.05,195.73,58.24,0,,9392.7,,9480.06,1,40,2024-09-24,0,,,,
2024-10-15,9938.6,9956.35,9722.65,9762.05,949800,9297.04,9605.65,9522.15,10322.05,10322.05,198.45,51.7,0,,9338.27,,9480.06,1,40,2024-09-24,0,,,,
2024-10-16,9743.5,9828.7,9694.1,9741.7,937900,9306.65,9621.88,9574.7,10322.05,10322.05,193.89,50.82,0,,9345.71,,9480.06,1,40,2024-09-24,0,,,,
2024-10-17,9786.9,9816.3,9574.85,9603.3,1367200,9315.62,9635.81,9574.7,10322.05,10322.05,197.28,45.22,0,,9254.17,,9480.06,1,40,2024-09-24,0,,,,
2024-10-18,9579.15,9780.0,9484.2,9753.9,1328600,9324.84,9653.84,9484.2,10322.05,10322.05,204.32,51.49,0,,9316.45,,9480.06,1,40,2024-09-24,0,,,,
2024-10-21,9802.8,9858.75,9594.1,9606.8,908900,9333.88,9668.7,9484.2,10322.05,10322.05,208.63,45.96,0,,9218.7,,9480.06,1,40,2024-09-24,0,,,,
2024-10-22,9597.1,9627.0,9301.45,9318.8,1230500,9341.95,9676.02,9301.45,10322.05,10322.05,216.98,37.47,0,,8966.46,,9480.06,1,40,2024-09-24,1,9480.06,TRAILING_STOP|SMA150_BREAK,20,-2.62
2024-10-23,9315.65,9432.25,9247.35,9295.25,1460000,9352.93,9680.66,9247.35,10322.05,10322.05,214.69,36.87,0,,8934.76,,,0,,,0,,,,
2024-10-24,9304.05,9314.7,9151.15,9273.45,938000,9362.76,9688.83,9151.15,10322.05,10322.05,211.04,36.29,0,,8891.07,,,0,,,0,,,,
2024-10-25,9295.25,9300.3,8924.55,9048.95,1525900,9371.06,9680.77,8924.55,10322.05,10322.05,222.8,30.91,0,,8662.89,,,0,,,0,,,,
2024-10-28,9056.6,9314.7,9001.75,9278.4,1022700,9379.61,9677.7,8924.55,10322.05,10322.05,229.24,40.6,0,,8806.59,,,0,,,0,,,,
2024-10-29,9297.7,9358.25,9097.3,9338.75,963100,9389.04,9674.73,8924.55,10322.05,10322.05,231.51,42.87,0,,8844.01,,,0,,,0,,,,
2024-10-30,9305.35,9427.85,9267.75,9342.45,778700,9398.92,9673.21,8924.55,10322.05,10322.05,226.41,43.02,0,,8849.79,,,0,,,0,,,,
2024-10-31,9338.95,9365.6,9279.45,9326.85,886900,9407.41,9673.75,8924.55,10250.65,10322.05,216.39,42.53,0,,8846.41,,,0,,,0,,,,
2024-11-01,9376.8,9414.7,9371.75,9390.3,165100,9415.81,9678.39,8924.55,10177.6,10250.65,207.21,45.24,0,,8893.46,,,0,,,0,,,,
2024-11-04,9393.5,9398.7,9118.7,9242.9,1013400,9423.02,9673.01,8924.55,10062.65,10177.6,212.41,40.47,0,,8794.92,,,0,,,0,,,,
2024-11-05,9245.5,9525.3,9234.1,9505.4,1411900,9432.02,9674.69,8924.55,10062.65,10062.65,218.03,50.49,0,,8960.48,,,0,,,0,,,,
2024-11-06,9557.7,9671.25,9399.85,9656.45,1736600,9441.35,9672.06,8924.55,10062.65,10062.65,221.85,55.17,0,,9055.36,,,0,,,0,,,,
2024-11-07,9646.25,9657.75,9355.9,9392.85,2071900,9446.89,9659.25,8924.55,10062.65,10062.65,227.56,46.85,0,,8881.53,,,0,,,0,,,,
2024-11-08,9432.4,9473.8,9262.35,9308.9,1946000,9451.01,9636.69,8924.55,10062.65,10062.65,226.41,44.55,0,,8828.15,,,0,,,0,,,,
2024-11-11,9281.6,9294.35,9166.3,9216.25,1162900,9454.51,9608.41,8924.55,9956.35,10062.65,220.42,42.09,0,,8772.38,,,0,,,0,,,,
2024-11-12,9266.15,9304.45,9049.9,9078.5,1256900,9457.13,9571.08,8924.55,9858.75,9956.35,222.86,38.67,0,,8681.91,,,0,,,0,,,,
2024-11-13,9039.25,9061.45,8802.2,8836.75,1382900,9458.05,9524.88,8802.2,9858.75,9858.75,226.68,33.52,0,,8482.65,,,0,,,0,,,,
2024-11-14,8866.8,8948.6,8812.9,8828.7,1206300,9458.28,9480.67,8802.2,9858.75,9858.75,220.18,33.36,0,,8481.79,,,0,,,0,,,,
2024-11-18,8918.3,9129.65,8894.8,8996.65,2199800,9458.96,9443.45,8802.2,9858.75,9858.75,225.95,39.79,0,,8586.27,,,0,,,0,,,,
2024-11-19,9017.35,9067.8,8897.55,8920.35,1163100,9458.43,9411.25,8802.2,9671.25,9858.75,221.97,38.0,0,,8539.71,,,0,,,0,,,,
2024-11-21,8816.05,8832.5,8652.15,8717.4,2008500,9456.87,9375.35,8652.15,9671.25,9671.25,225.27,33.65,0,,8356.59,,,0,,,0,,,,
2024-11-22,8712.1,8872.15,8658.35,8846.2,1401500,9456.52,9343.53,8652.15,9671.25,9671.25,224.45,38.46,0,,8440.21,,,0,,,0,,,,
2024-11-25,8973.6,8978.95,8865.95,8883.0,1671700,9456.72,9311.63,8652.15,9671.25,9671.25,217.9,39.8,0,,8468.32,,,0,,,0,,,,
2024-11-26,8907.3,8981.05,8867.3,8916.7,998000,9457.34,9277.76,8652.15,9671.25,9671.25,210.46,41.07,0,,8495.01,,,0,,,0,,,,
2024-11-27,8930.2,9004.05,8864.1,8987.35,942700,9457.86,9247.18,8652.15,9671.25,9671.25,205.43,43.74,0,,8543.94,,,0,,,0,,,,
2024-11-28,9020.45,9074.85,8947.0,8964.85,1068600,9458.09,9220.6,8652.15,9671.25,9671.25,199.89,43.07,0,,8533.12,,,0,,,0,,,,
2024-11-29,8994.55,9074.2,8955.35,9034.0,999400,9458.98,9197.01,8652.15,9671.25,9671.25,194.1,45.82,0,,8581.58,,,0,,,0,,,,
2024-12-02,9032.5,9143.6,8996.3,9133.6,712300,9458.93,9181.36,8652.15,9671.25,9671.25,190.75,49.6,0,,8648.05,,,0,,,0,,,,
2024-12-03,9175.05,9261.9,9169.65,9246.25,1014400,9458.96,9164.44,8652.15,9671.25,9671.25,186.29,53.54,0,,8723.69,,,0,,,0,,,,
2024-12-04,9264.7,9283.65,9155.85,9230.1,971400,9459.01,9151.88,8652.15,9671.25,9671.25,182.12,52.9,0,,8716.05,,,0,,,0,,,,
2024-12-05,9251.4,9325.45,9154.65,9282.75,983500,9459.1,9150.68,8652.15,9671.25,9671.25,181.31,54.79,0,,8750.55,,,0,,,0,,,,
2024-12-06,9300.3,9416.6,9270.1,9397.15,1096200,9460.58,9154.07,8652.15,9657.75,9671.25,178.82,58.68,0,,8826.0,,,0,,,0,,,,
2024-12-09,9397.6,9462.4,9299.85,9455.25,1184900,9461.75,9160.13,8652.15,9473.8,9657.75,177.66,60.54,0,,8864.25,,,0,,,0,,,,
2024-12-10,9496.95,9562.3,9427.85,9475.35,1166100,9463.08,9174.35,8652.15,9562.3,9473.8,174.57,61.19,1,9475.35,8879.27,8879.27,8879.27,1,41,2024-12-10,0,,,,
2024-12-11,9483.4,9605.35,9450.15,9483.65,1028800,9465.04,9181.19,8652.15,9605.35,9562.3,173.19,61.47,0,,8885.55,,8879.27,1,41,2024-12-10,1,9465.04,SMA150_BREAK,2,-0.11
2024-12-12,9522.55,9537.7,9417.4,9507.75,1607000,9468.62,9186.82,8658.35,9605.35,9605.35,169.41,62.32,0,,8905.67,,,0,,,0,,,,
2024-12-13,9460.7,9465.1,9239.1,9439.3,1468100,9470.87,9190.05,8864.1,9605.35,9605.35,176.5,58.36,0,,8925.38,,,0,,,0,,,,
2024-12-16,9446.45,9469.9,9311.7,9347.75,770100,9474.25,9190.75,8864.1,9605.35,9605.35,175.19,53.46,0,,8867.2,,,0,,,0,,,,
2024-12-17,9332.8,9357.3,9171.15,9194.95,914700,9475.7,9184.24,8864.1,9605.35,9605.35,175.97,46.45,0,,8768.13,,,0,,,0,,,,
2024-12-18,9207.5,9220.6,9030.65,9069.9,1029500,9475.53,9178.47,8947.0,9605.35,9605.35,176.97,41.64,0,,8714.44,,,0,,,0,,,,
2024-12-19,8901.35,8989.1,8854.7,8977.2,845000,9473.06,9160.86,8854.7,9605.35,9605.35,179.7,38.46,0,,8622.06,,,0,,,0,,,,
2024-12-20,8981.8,9051.2,8788.95,8813.25,1568000,9469.31,9132.76,8788.95,9605.35,9605.35,185.6,33.57,0,,8490.46,,,0,,,0,,,,
2024-12-23,8902.05,8979.45,8828.45,8891.4,1077700,9465.88,9116.04,8788.95,9605.35,9605.35,184.21,37.64,0,,8541.79,,,0,,,0,,,,
2024-12-24,8875.3,8897.0,8786.8,8817.6,981100,9460.94,9099.66,8786.8,9605.35,9605.35,178.93,35.43,0,,8497.0,,,0,,,0,,,,
2024-12-26,8835.9,8853.25,8757.75,8805.25,943500,9453.1,9085.96,8757.75,9605.35,9605.35,172.97,35.06,0,,8483.32,,,0,,,0,,,,
2024-12-27,8820.5,8869.8,8707.65,8720.7,872300,9445.11,9074.04,8707.65,9605.35,9605.35,172.2,32.55,0,,8412.6,,,0,,,0,,,,
2024-12-30,8720.85,8753.3,8584.0,8609.85,1479100,9436.12,9066.47,8584.0,9605.35,9605.35,171.99,29.57,0,,8300.03,,,0,,,0,,,,
2024-12-31,8590.7,8679.95,8573.35,8649.9,970000,9427.59,9060.51,8573.35,9605.35,9605.35,167.32,32.0,0,,8325.42,,,0,,,0,,,,
2025-01-02,8655.75,8728.15,8616.5,8723.35,945300,9419.97,9051.4,8573.35,9605.35,9605.35,163.34,36.33,0,,8375.45,,,0,,,0,,,,
2025-01-03,8723.7,8817.15,8710.9,8729.95,952800,9412.74,9045.06,8573.35,9605.35,9605.35,159.26,36.72,0,,8382.43,,,0,,,0,,,,
2025-01-06,8740.65,8740.8,8430.5,8455.5,1251500,9403.5,9036.33,8430.5,9605.35,9605.35,170.05,28.81,0,,8150.6,,,0,,,0,,,,
2025-01-07,8464.05,8595.05,8459.75,8560.55,1009000,9396.94,9026.8,8430.5,9605.35,9605.35,167.87,34.62,0,,8219.81,,,0,,,0,,,,
2025-01-08,8558.35,8567.2,8436.85,8503.2,1037600,9388.8,9014.14,8430.5,9605.35,9605.35,165.19,33.03,0,,8184.6,,,0,,,0,,,,
2025-01-09,8474.1,8501.75,8386.35,8398.85,875800,9377.8,8996.88,8386.35,9605.35,9605.35,161.74,30.32,0,,8104.88,,,0,,,0,,,,
2025-01-10,8391.15,8412.45,8204.45,8262.95,1129300,9373.02,8972.74,8204.45,9537.7,9605.35,165.04,27.18,0,,7954.39,,,0,,,0,,,,
2025-01-13,8194.65,8198.45,7935.35,7951.35,1312800,9362.72,8938.95,7935.35,9469.9,9537.7,176.66,21.65,0,,7655.97,,,0,,,0,,,,
2025-01-14,7978.15,8283.8,7977.9,8267.5,1426100,9353.62,8913.4,7935.35,9469.9,9469.9,187.78,35.9,0,,7852.47,,,0,,,0,,,,
2025-01-15,8323.0,8353.9,8236.35,8280.95,836800,9343.27,8884.98,7935.35,9357.3,9469.9,182.77,36.43,0,,7864.48,,,0,,,0,,,,
2025-01-16,8389.65,8450.3,8367.8,8422.0,969700,9334.11,8857.51,7935.35,9220.6,9357.3,181.81,41.86,0,,7956.1,,,0,,,0,,,,
2025-01-17,8435.9,8556.35,8412.2,8521.7,1034400,9325.66,8833.89,7935.35,9051.2,9220.6,179.12,45.4,0,,8022.2,,,0,,,0,,,,
2025-01-20,8558.3,8643.45,8473.5,8613.35,898000,9317.49,8811.58,7935.35,9051.2,9051.2,178.46,48.51,0,,8081.75,,,0,,,0,,,,
2025-01-21,8661.6,8696.45,8520.1,8532.1,1159300,9308.77,8782.75,7935.35,8979.45,9051.2,178.31,46.01,0,,8029.45,,,0,,,0,,,,
2025-01-22,8560.7,8560.75,8332.1,8470.25,986800,9299.16,8749.91,7935.35,8897.0,8979.45,181.91,44.14,0,,7987.16,,,0,,,0,,,,
2025-01-23,8448.9,8557.7,8409.35,8515.55,916100,9289.99,8717.92,7935.35,8869.8,8897.0,179.51,45.88,0,,8017.97,,,0,,,0,,,,
2025-01-24,8523.15,8617.7,8417.5,8438.8,969300,9281.1,8683.09,7935.35,8869.8,8869.8,180.99,43.42,0,,7967.48,,,0,,,0,,,,
2025-01-27,8333.45,8348.0,8170.25,8189.8,824200,9269.35,8639.16,7935.35,8817.15,8869.8,187.24,36.58,0,,7802.71,,,0,,,0,,,,
2025-01-28,8218.05,8259.15,8055.15,8157.45,1051700,9257.13,8596.43,7935.35,8817.15,8817.15,188.44,35.79,0,,7781.05,,,0,,,0,,,,
2025-01-29,8183.05,8321.55,8153.8,8308.65,649100,9246.34,8561.79,7935.35,8817.15,8817.15,186.96,42.08,0,,7879.55,,,0,,,0,,,,
2025-01-30,8320.35,8437.55,8250.7,8299.75,805500,9235.96,8531.95,7935.35,8817.15,8817.15,186.95,41.82,0,,7873.82,,,0,,,0,,,,
2025-01-31,8278.8,8409.2,8190.9,8399.7,1156600,9227.19,8509.61,7935.35,8740.8,8817.15,189.19,45.86,0,,7936.79,,,0,,,0,,,,
2025-02-03,8187.95,8196.05,7979.55,8155.15,1231700,9216.45,8482.21,7977.9,8696.45,8740.8,205.69,38.77,0,,7782.24,,,0,,,0,,,,
2025-02-04,8229.15,8358.65,8227.8,8301.45,815200,9206.36,8465.15,7979.55,8696.45,8696.45,205.53,44.31,0,,7877.26,,,0,,,0,,,,
2025-02-05,8313.75,8467.8,8312.75,8427.1,769300,9196.66,8449.68,7979.55,8696.45,8696.45,202.73,48.62,0,,7960.17,,,0,,,0,,,,
2025-02-06,8449.55,8469.45,8325.8,8363.65,871700,9186.84,8434.54,7979.55,8696.45,8696.45,198.51,46.66,0,,7922.06,,,0,,,0,,,,
2025-02-07,8377.95,8611.9,8370.8,8585.8,1535700,9177.81,8427.23,7979.55,8696.45,8696.45,202.07,53.7,0,,8062.98,,,0,,,0,,,,
2025-02-10,8560.9,8563.75,8319.35,8359.25,881600,9167.3,8415.18,7979.55,8696.45,8696.45,206.67,46.9,0,,7913.79,,,0,,,0,,,,
2025-02-11,8302.15,8423.9,8182.25,8213.55,1401000,9155.58,8401.97,7979.55,8696.45,8696.45,209.16,43.12,0,,7818.15,,,0,,,0,,,,
2025-02-12,8205.7,8316.75,8060.45,8268.4,1621600,9144.86,8389.25,7979.55,8696.45,8696.45,212.53,44.92,0,,7851.28,,,0,,,0,,,,
2025-02-13,8263.7,8459.15,8256.05,8336.35,1307500,9134.55,8376.35,7979.55,8696.45,8696.45,211.86,47.15,0,,7895.56,,,0,,,0,,,,
2025-02-14,8380.45,8460.8,8097.8,8187.5,1436600,9124.32,8358.27,7979.55,8696.45,8696.45,222.65,43.04,0,,7792.35,,,0,,,0,,,,
2025-02-17,8155.4,8261.35,8028.8,8250.2,852400,9114.5,8351.43,7979.55,8696.45,8696.45,223.36,45.21,0,,7832.32,,,0,,,0,,,,
2025-02-18,8263.1,8278.2,8119.8,8255.6,853300,9104.81,8341.26,7979.55,8617.7,8696.45,218.72,45.4,0,,7838.9,,,0,,,0,,,,
2025-02-19,8201.35,8380.95,8167.2,8359.2,822100,9095.68,8336.46,7979.55,8617.7,8617.7,218.37,49.1,0,,7905.96,,,0,,,0,,,,
2025-02-20,8341.15,8538.4,8336.4,8523.0,954800,9087.68,8340.6,7979.55,8617.7,8617.7,217.2,54.37,0,,8012.39,,,0,,,0,,,,
2025-02-21,8528.9,8657.3,8498.7,8609.7,1616900,9080.84,8352.16,7979.55,8657.3,8617.7,213.01,56.91,0,,8071.1,,,0,,,0,,,,
2025-02-24,8506.15,8557.05,8378.2,8422.8,975800,9075.28,8367.88,8028.8,8657.3,8657.3,214.33,50.39,0,,7966.08,,,0,,,0,,,,
2025-02-25,8413.65,8437.0,8282.1,8293.45,1057500,9068.23,8368.74,8028.8,8657.3,8657.3,210.09,46.43,0,,7885.48,,,0,,,0,,,,
2025-02-27,8308.95,8364.65,8241.0,8334.8,1019900,9062.04,8370.54,8028.8,8657.3,8657.3,203.91,47.84,0,,7916.27,,,0,,,0,,,,
2025-02-28,8272.25,8272.25,8119.55,8219.25,1642900,9055.06,8363.78,8028.8,8657.3,8657.3,204.72,44.33,0,,7841.2,,,0,,,0,,,,
2025-03-03,8244.7,8344.55,8085.55,8316.3,1097800,9049.51,8356.93,8028.8,8657.3,8657.3,208.6,47.8,0,,7901.21,,,0,,,0,,,,
2025-03-04,8197.2,8393.0,8157.9,8347.75,1075700,9042.34,8348.08,8028.8,8657.3,8657.3,210.49,48.91,0,,7920.24,,,0,,,0,,,,
2025-03-05,8322.2,8693.9,8322.15,8685.2,1894000,9037.24,8353.18,8028.8,8693.9,8657.3,222.01,58.99,0,,8130.21,,,0,,,0,,,,
2025-03-06,8762.5,8947.25,8734.65,8888.65,1909200,9033.38,8367.13,8028.8,8947.25,8693.9,224.87,63.65,0,,8259.53,,,0,,,0,,,,
2025-03-07,8870.3,8978.05,8853.25,8926.9,1664500,9029.0,8380.84,8028.8,8978.05,8947.25,217.72,64.47,0,,8288.97,,,0,,,0,,,,
2025-03-10,8924.65,9042.8,8825.6,8850.3,1440200,9024.18,8394.56,8028.8,9042.8,8978.05,217.69,61.49,0,,8239.59,,,0,,,0,,,,
2025-03-11,8739.9,8915.85,8715.15,8897.3,1217800,9021.4,8418.14,8085.55,9042.8,9042.8,216.47,62.63,0,,8289.63,,,0,,,0,,,,
2025-03-12,8941.35,8972.6,8725.8,8854.3,1029300,9021.34,8441.37,8085.55,9042.8,9042.8,218.64,60.85,0,,8260.45,,,0,,,0,,,,
2025-03-13,8897.75,8920.4,8763.1,8777.65,1126500,9020.6,8457.0,8085.55,9042.8,9042.8,214.26,57.71,0,,8213.93,,,0,,,0,,,,
2025-03-17,8810.2,8910.0,8803.85,8845.25,953300,9018.71,8475.18,8085.55,9042.8,9042.8,208.41,59.69,0,,8261.43,,,0,,,0,,,,
2025-03-18,8923.0,9041.6,8892.45,9033.45,1190400,9019.14,8496.31,8085.55,9042.8,9042.8,207.55,64.65,0,,8383.39,,,0,,,0,,,,
2025-03-19,9142.3,9185.2,9076.85,9148.55,2018000,9019.88,8529.42,8085.55,9185.2,9042.8,203.56,67.3,1,9148.55,8460.29,8460.29,8460.29,1,42,2025-03-19,0,,,,
2025-03-20,9219.5,9274.0,9092.4,9254.1,1564000,9020.86,8561.18,8085.55,9274.0,9185.2,201.99,69.55,0,,8529.42,,8529.42,1,42,2025-03-19,0,,,,
2025-03-21,9282.85,9291.65,9166.4,9203.55,1906200,9022.5,8587.06,8085.55,9291.65,9274.0,196.51,67.16,0,,8500.47,,8529.42,1,42,2025-03-19,0,,,,
2025-03-24,9261.25,9305.55,9200.95,9262.85,1379400,9025.3,8617.03,8085.55,9305.55,9291.65,189.94,68.53,0,,8543.09,,8543.09,1,42,2025-03-19,0,,,,
2025-03-25,9291.35,9299.15,9098.2,9132.9,1126200,9026.22,8635.27,8157.9,9305.55,9305.55,190.73,62.41,0,,8482.87,,8543.09,1,42,2025-03-19,0,,,,
2025-03-26,9150.65,9212.7,9078.4,9097.7,1049800,9025.79,8659.88,8322.15,9305.55,9305.55,186.7,60.82,0,,8517.6,,8543.09,1,42,2025-03-19,0,,,,
2025-03-27,9066.85,9178.7,9057.1,9159.8,1066700,9025.49,8691.42,8715.15,9305.55,9305.55,182.05,62.62,0,,8691.75,,8691.75,1,42,2025-03-19,0,,,,
2025-03-28,9172.9,9235.2,9045.1,9092.5,1139900,9024.35,8718.89,8715.15,9305.55,9305.55,182.63,59.43,0,,8647.96,,8691.75,1,42,2025-03-19,0,,,,
2025-04-01,9015.85,9127.05,8975.55,9016.85,1032900,9022.29,8741.58,8715.15,9305.55,9305.55,180.4,55.98,0,,8600.65,,8691.75,1,42,2025-03-19,1,9022.29,SMA150_BREAK,9,-1.38
2025-04-02,9038.75,9097.6,8932.25,9080.05,1009800,9020.88,8771.33,8715.15,9305.55,9305.55,179.33,58.17,0,,8642.13,,,0,,,0,,,,
2025-04-03,9006.2,9083.65,8963.05,9005.15,970600,9017.65,8796.49,8725.8,9305.55,9305.55,175.13,54.7,0,,8600.17,,,0,,,0,,,,
2025-04-04,8936.95,8945.5,8375.35,8414.45,2516200,9010.86,8801.79,8375.35,9305.55,9305.55,207.61,36.3,0,,8080.7,,,0,,,0,,,,
2025-04-07,7691.0,7930.8,7690.2,7846.35,2906800,9000.4,8784.7,7690.2,9305.55,9305.55,244.51,26.93,0,,7461.29,,,0,,,0,,,,
2025-04-08,8080.9,8161.4,7800.85,7965.6,1844300,8991.04,8766.12,7690.2,9305.55,9305.55,252.8,30.96,0,,7532.68,,,0,,,0,,,,
2025-04-09,7924.85,7924.85,7764.45,7847.5,1857800,8980.65,8740.71,7690.2,9305.55,9305.55,249.11,29.24,0,,7458.96,,,0,,,0,,,,
2025-04-11,8136.8,8229.0,8031.5,8168.3,1768000,8973.06,8732.22,7690.2,9305.55,9305.55,258.57,39.13,0,,7659.58,,,0,,,0,,,,
2025-04-15,8332.4,8446.3,8282.85,8429.85,1250100,8967.56,8736.77,7690.2,9305.55,9305.55,259.95,45.79,0,,7827.35,,,0,,,0,,,,
2025-04-16,8427.4,8478.45,8332.8,8454.8,1233900,8962.69,8740.77,7690.2,9305.55,9305.55,251.79,46.39,0,,7848.89,,,0,,,0,,,,
2025-04-17,8403.0,8515.9,8348.5,8476.5,1321000,8957.78,8749.35,7690.2,9305.55,9305.55,245.76,46.94,0,,7866.9,,,0,,,0,,,,
2025-04-21,8502.75,8674.0,8469.0,8653.5,1066000,8954.4,8760.59,7690.2,9305.55,9305.55,242.85,51.34,0,,7983.01,,,0,,,0,,,,
2025-04-22,8759.15,8783.4,8658.5,8669.5,1448100,8951.53,8771.31,7690.2,9305.55,9305.55,234.78,51.73,0,,7998.71,,,0,,,0,,,,
2025-04-23,8738.65,8747.65,8589.3,8737.3,1308400,8948.74,8773.05,7690.2,9305.55,9305.55,229.32,53.44,0,,8046.08,,,0,,,0,,,,
2025-04-24,8729.5,8793.3,8705.4,8753.3,1007800,8946.91,8768.54,7690.2,9305.55,9305.55,219.22,53.85,0,,8063.13,,,0,,,0,,,,
2025-04-25,8790.15,8833.75,8487.4,8569.75,1626700,8942.1,8756.63,7690.2,9299.15,9305.55,228.3,48.52,0,,7938.69,,,0,,,0,,,,
2025-04-28,8554.2,8717.05,8551.15,8689.9,846200,8937.56,8751.28,7690.2,9235.2,9299.15,223.85,51.88,0,,8019.16,,,0,,,0,,,,
2025-04-29,8711.3,8762.4,8596.05,8607.15,792300,8932.09,8741.61,7690.2,9235.2,9235.2,219.74,49.49,0,,7968.52,,,0,,,0,,,,
2025-04-30,8600.85,8666.15,8524.55,8581.8,930900,8926.72,8732.53,7690.2,9235.2,9235.2,214.16,48.75,0,,7955.89,,,0,,,0,,,,
2025-05-02,8590.15,8714.55,8458.6,8518.4,1354100,8921.44,8723.89,7764.45,9127.05,9235.2,217.14,46.85,0,,7937.76,,,0,,,0,,,,
2025-05-05,8523.1,8640.7,8505.9,8600.15,684300,8917.1,8715.72,7764.45,9097.6,9127.05,211.26,49.57,0,,7994.41,,,0,,,0,,,,
2025-05-06,8622.1,8655.6,8498.9,8524.7,998000,8911.23,8698.76,8031.5,9083.65,9097.6,207.36,47.17,0,,8037.36,,,0,,,0,,,,
2025-05-07,8428.55,8635.75,8428.2,8608.05,965800,8905.59,8680.74,8282.85,8945.5,9083.65,207.38,50.05,0,,8174.89,,,0,,,0,,,,
2025-05-08,8618.25,8640.25,8378.7,8428.4,1013600,8896.87,8653.22,8332.8,8833.75,8945.5,211.25,44.44,0,,8073.09,,,0,,,0,,,,
2025-05-09,8258.8,8436.1,8256.2,8420.55,895100,8887.83,8627.12,8256.2,8833.75,8833.75,209.01,44.2,0,,8043.98,,,0,,,0,,,,
2025-05-12,8641.9,8925.65,8620.65,8914.25,1617000,8880.69,8615.5,8256.2,8925.65,8833.75,230.16,58.83,0,,8348.32,,,0,,,0,,,,
2025-05-13,8907.9,8928.1,8814.8,8834.65,1250500,8872.49,8605.56,8256.2,8928.1,8925.65,221.81,56.27,0,,8302.54,,,0,,,0,,,,
2025-05-14,8881.0,9085.05,8881.0,9052.1,1915200,8864.84,8604.04,8256.2,9085.05,8928.1,223.85,61.24,1,9052.1,8441.44,8441.44,8441.44,1,43,2025-05-14,0,,,,
2025-05-15,9067.1,9223.4,9029.65,9210.05,1570100,8858.09,8605.71,8256.2,9223.4,9085.05,221.7,64.4,0,,8544.75,,8544.75,1,43,2025-05-14,0,,,,
2025-05-16,9222.0,9242.9,9175.95,9201.85,785700,8851.74,8609.36,8256.2,9242.9,9223.4,210.65,64.11,0,,8546.83,,8546.83,1,43,2025-05-14,0,,,,
2025-05-19,9222.1,9251.55,9161.65,9210.75,872000,8845.72,8615.82,8256.2,9251.55,9242.9,202.02,64.3,0,,8558.32,,8558.32,1,43,2025-05-14,0,,,,
2025-05-20,9285.65,9343.35,9140.35,9156.05,1482800,8840.85,8618.36,8256.2,9343.35,9251.55,202.09,62.13,0,,8522.99,,8558.32,1,43,2025-05-14,0,,,,
2025-05-21,9185.85,9232.3,9124.45,9208.15,1054700,8836.94,8625.12,8256.2,9343.35,9343.35,195.36,63.39,0,,8561.08,,8561.08,1,43,2025-05-14,0,,,,
2025-05-22,9208.55,9234.45,9111.0,9179.65,1989800,8832.8,8650.63,8256.2,9343.35,9343.35,190.22,62.17,0,,8546.12,,8561.08,1,43,2025-05-14,0,,,,
2025-05-23,9205.1,9277.65,9170.75,9249.6,1190000,8828.87,8697.4,8256.2,9343.35,9343.35,184.27,64.01,0,,8595.21,,8595.21,1,43,2025-05-14,0,,,,
2025-05-26,9282.9,9379.5,9254.15,9336.45,1139100,8824.89,8743.1,8256.2,9379.5,9343.35,180.39,66.21,0,,8653.82,,8653.82,1,43,2025-05-14,0,,,,
2025-05-27,9338.85,9365.45,9262.95,9294.95,852200,8820.83,8791.35,8256.2,9379.5,9379.5,174.83,64.19,0,,8630.76,,8653.82,1,43,2025-05-14,0,,,,
2025-05-28,9309.0,9321.65,9228.2,9239.5,1155000,8817.34,8827.05,8256.2,9379.5,9379.5,169.01,61.49,0,,8598.87,,8653.82,1,43,2025-05-14,0,,,,
2025-05-29,9313.75,9378.65,9279.15,9351.65,1460000,8814.74,8857.78,8256.2,9379.5,9379.5,166.88,64.72,0,,8672.63,,8672.63,1,43,2025-05-14,0,,,,
2025-05-30,9351.7,9384.45,9178.75,9193.25,1317300,8812.01,8882.39,8620.65,9384.45,9379.5,169.65,57.4,0,,8690.09,,8690.09,1,43,2025-05-14,0,,,,
2025-06-02,9130.75,9161.2,9047.95,9128.55,1121200,8807.84,8904.13,8814.8,9384.45,9384.45,167.91,54.68,0,,8714.24,,8714.24,1,43,2025-05-14,0,,,,
2025-06-03,9148.3,9204.2,9113.35,9122.3,1120900,8804.61,8919.76,8881.0,9384.45,9384.45,162.41,54.42,0,,8735.94,,8735.94,1,43,2025-05-14,0,,,,
2025-06-04,9129.45,9204.0,9064.65,9177.4,861300,8803.67,8936.69,9029.65,9384.45,9384.45,160.76,56.44,0,,8822.13,,8822.13,1,43,2025-05-14,0,,,,
2025-06-05,9204.75,9258.95,9162.0,9231.5,1013300,8803.24,8953.16,9047.95,9384.45,9384.45,156.2,58.4,0,,8866.16,,8866.16,1,43,2025-05-14,0,,,,
2025-06-06,9261.7,9418.65,9246.55,9406.45,1478300,8804.13,8974.93,9047.95,9418.65,9384.45,158.41,64.03,1,9406.45,8977.53,8977.53,8977.53,1,43,2025-05-14,0,,,,
2025-06-09,9450.05,9523.9,9418.1,9477.0,978200,8806.98,9005.17,9047.95,9523.9,9418.65,155.49,66.03,0,,9024.99,,9024.99,1,43,2025-05-14,0,,,,
2025-06-10,9522.4,9581.8,9499.05,9509.7,1216500,8808.52,9032.5,9047.95,9581.8,9523.9,151.87,66.94,0,,9048.49,,9048.49,1,43,2025-05-14,0,,,,
2025-06-11,9544.8,9573.6,9479.7,9495.8,968100,8809.57,9062.12,9047.95,9581.8,9581.8,147.73,66.12,0,,9042.29,,9048.49,1,43,2025-05-14,0,,,,
2025-06-12,9503.75,9511.1,9323.85,9348.5,953500,8809.61,9087.68,9047.95,9581.8,9581.8,150.55,58.05,0,,8945.4,,9048.49,1,43,2025-05-14,0,,,,
2025-06-13,9165.05,9311.0,9156.9,9258.8,952700,8809.16,9112.36,9047.95,9581.8,9581.8,153.48,53.75,0,,8885.59,,9048.49,1,43,2025-05-14,0,,,,
2025-06-16,9272.5,9381.65,9167.1,9358.25,788700,8808.94,9137.63,9047.95,9581.8,9581.8,157.84,57.51,0,,8946.83,,9048.49,1,43,2025-05-14,0,,,,
2025-06-17,9349.9,9366.9,9211.2,9224.4,769200,8808.82,9160.95,9047.95,9581.8,9581.8,157.69,51.44,0,,8860.59,,9048.49,1,43,2025-05-14,0,,,,
2025-06-18,9215.45,9238.8,9120.55,9158.25,2184500,8806.51,9179.29,9047.95,9581.8,9581.8,154.87,48.71,0,,8819.81,,9048.49,1,43,2025-05-14,0,,,,
2025-06-19,9156.15,9158.25,8997.35,9040.45,981100,8802.4,9199.69,8997.35,9581.8,9581.8,155.3,44.21,0,,8726.67,,9048.49,1,43,2025-05-14,1,9048.49,TRAILING_STOP,27,-0.04
2025-06-20,9035.35,9194.9,9025.1,9138.6,1215000,8800.7,9223.63,8997.35,9581.8,9581.8,156.34,48.48,0,,8789.29,,,0,,,0,,,,
2025-06-23,9083.0,9245.05,9064.1,9198.55,709800,8799.97,9233.1,8997.35,9581.8,9581.8,158.1,50.95,0,,8826.78,,,0,,,0,,,,
2025-06-24,9290.7,9395.7,9261.15,9291.1,975900,8800.47,9248.32,8997.35,9581.8,9581.8,160.89,54.58,0,,8884.62,,,0,,,0,,,,
2025-06-25,9351.7,9354.25,9311.15,9329.2,707100,8802.14,9257.56,8997.35,9581.8,9581.8,153.91,56.02,0,,8913.85,,,0,,,0,,,,
2025-06-26,9360.45,9554.9,9354.35,9544.55,1613200,8806.86,9268.71,8997.35,9581.8,9581.8,159.03,63.13,0,,9049.33,,,0,,,0,,,,
2025-06-27,9592.8,9678.45,9563.4,9578.2,1673700,8811.85,9281.25,8997.35,9678.45,9581.8,157.24,64.11,0,,9072.23,,,0,,,0,,,,
2025-06-30,9604.2,9610.05,9510.8,9534.8,756800,8815.44,9292.05,8997.35,9678.45,9678.45,153.1,61.83,0,,9047.0,,,0,,,0,,,,
2025-07-01,9551.95,9573.95,9453.3,9564.55,1245000,8819.74,9305.67,8997.35,9678.45,9678.45,150.78,62.81,0,,9067.73,,,0,,,0,,,,
2025-07-02,9584.35,9747.55,9538.75,9699.2,1691400,8826.28,9322.04,8997.35,9747.55,9678.45,154.92,66.93,1,9699.2,9151.82,9151.82,9151.82,1,44,2025-07-02,0,,,,
2025-07-03,9720.7,9786.15,9610.9,9623.45,1664900,8831.46,9336.83,8997.35,9786.15,9747.55,156.38,62.72,0,,9101.99,,9151.82,1,44,2025-07-02,0,,,,
2025-07-04,9644.25,9657.0,9522.05,9580.4,617200,8836.11,9347.86,8997.35,9786.15,9786.15,154.84,60.4,0,,9075.24,,9151.82,1,44,2025-07-02,0,,,,
2025-07-07,9577.9,9578.55,9496.85,9522.15,551500,8840.15,9354.05,8997.35,9786.15,9786.15,149.75,57.3,0,,9041.07,,9151.82,1,44,2025-07-02,0,,,,
2025-07-08,9524.25,9560.2,9483.8,9517.4,544200,8843.68,9361.46,8997.35,9786.15,9786.15,144.51,57.05,0,,9041.5,,9151.82,1,44,2025-07-02,0,,,,
2025-07-09,9554.4,9554.45,9266.65,9384.5,1404300,8846.48,9366.3,8997.35,9786.15,9786.15,154.75,50.26,0,,8948.95,,9151.82,1,44,2025-07-02,0,,,,
2025-07-10,9403.7,9463.2,9366.4,9423.55,708200,8849.08,9368.69,9025.1,9786.15,9786.15,150.61,52.07,0,,8986.15,,9151.82,1,44,2025-07-02,0,,,,
2025-07-11,9411.15,9476.65,9373.1,9382.85,970600,8850.74,9375.01,9064.1,9786.15,9786.15,147.25,50.03,0,,8975.14,,9151.82,1,44,2025-07-02,0,,,,
2025-07-14,9379.65,9472.8,9352.55,9407.95,722200,8851.82,9384.33,9261.15,9786.15,9786.15,145.32,51.3,0,,9058.3,,9151.82,1,44,2025-07-02,0,,,,
2025-07-15,9430.9,9444.3,9344.35,9411.95,791500,8853.03,9393.98,9266.65,9786.15,9786.15,142.08,51.51,0,,9064.87,,9151.82,1,44,2025-07-02,0,,,,
2025-07-16,9407.15,9412.45,9334.05,9360.7,720900,8853.55,9400.09,9266.65,9786.15,9786.15,137.53,48.61,0,,9034.85,,9151.82,1,44,2025-07-02,0,,,,
2025-07-17,9383.05,9473.3,9358.3,9423.35,756200,8853.72,9406.49,9266.65,9786.15,9786.15,135.92,52.15,0,,9076.33,,9151.82,1,44,2025-07-02,0,,,,
2025-07-18,9439.85,9509.05,9398.75,9458.2,1254600,8853.74,9408.21,9266.65,9786.15,9786.15,134.09,54.05,0,,9100.03,,9151.82,1,44,2025-07-02,0,,,,
2025-07-21,9510.9,9585.35,9492.75,9555.5,1188500,8854.28,9410.83,9266.65,9786.15,9786.15,133.59,58.95,0,,9163.12,,9163.12,1,44,2025-07-02,0,,,,
2025-07-22,9576.25,9598.85,9522.3,9533.3,806100,8854.61,9411.62,9266.65,9786.15,9786.15,129.52,57.45,0,,9151.52,,9163.12,1,44,2025-07-02,0,,,,
2025-07-23,9558.2,9594.85,9519.4,9579.05,843600,8855.08,9414.39,9266.65,9786.15,9786.15,125.66,59.73,0,,9183.6,,9183.6,1,44,2025-07-02,0,,,,
2025-07-24,9595.7,9644.75,9554.3,9582.3,696200,8856.04,9422.18,9266.65,9786.15,9786.15,123.14,59.9,0,,9187.37,,9187.37,1,44,2025-07-02,0,,,,
2025-07-25,9579.95,9584.9,9406.4,9425.1,825200,8856.55,9427.73,9266.65,9786.15,9786.15,127.1,49.38,0,,9083.34,,9187.37,1,44,2025-07-02,0,,,,
2025-07-28,9418.1,9432.5,9288.5,9316.45,1031300,8857.36,9426.33,9266.65,9786.15,9786.15,128.3,43.68,0,,9012.46,,9187.37,1,44,2025-07-02,0,,,,
2025-07-29,9279.65,9427.35,9279.65,9409.7,680600,8859.63,9432.51,9266.65,9786.15,9786.15,129.69,49.11,0,,9071.68,,9187.37,1,44,2025-07-02,0,,,,
2025-07-30,9426.65,9464.6,9379.2,9399.75,655900,8862.45,9440.56,9279.65,9786.15,9786.15,126.53,48.57,0,,9071.7,,9187.37,1,44,2025-07-02,0,,,,
2025-07-31,9290.8,9402.45,9255.85,9285.45,1039900,8865.59,9448.73,9255.85,9657.0,9786.15,127.96,42.77,0,,8989.09,,9187.37,1,44,2025-07-02,0,,,,
2025-08-01,9281.8,9285.4,9086.35,9102.35,756700,8867.0,9447.52,9086.35,9644.75,9657.0,133.04,35.46,0,,8811.1,,9187.37,1,44,2025-07-02,1,9187.37,TRAILING_STOP,23,-5.28
2025-08-04,9127.4,9350.6,9102.15,9327.85,943400,8870.4,9451.83,9086.35,9644.75,9644.75,141.29,47.39,0,,8951.06,,,0,,,0,,,,
2025-08-05,9347.15,9374.3,9290.15,9336.05,601900,8873.94,9453.33,9086.35,9644.75,9644.75,137.2,47.76,0,,8959.07,,,0,,,0,,,,
2025-08-06,9368.65,9368.65,9256.6,9298.75,536100,8877.79,9452.31,9086.35,9644.75,9644.75,135.41,46.14,0,,8936.21,,,0,,,0,,,,
2025-08-07,9253.4,9328.75,9144.1,9310.65,726100,8882.47,9444.52,9086.35,9644.75,9644.75,138.92,46.76,0,,8941.54,,,0,,,0,,,,
2025-08-08,9309.65,9327.3,9127.25,9147.1,553600,8885.78,9430.14,9086.35,9644.75,9644.75,143.29,39.94,0,,8833.14,,,0,,,0,,,,
2025-08-11,9153.35,9227.2,9134.45,9194.8,537300,8888.92,9418.81,9086.35,9644.75,9644.75,139.68,42.57,0,,8866.31,,,0,,,0,,,,
2025-08-12,9163.15,9280.7,9160.5,9229.7,686300,8892.26,9407.65,9086.35,9644.75,9644.75,138.29,44.49,0,,8889.75,,,0,,,0,,,,
2025-08-13,9285.7,9424.75,9275.3,9345.95,1015000,8898.19,9395.88,9086.35,9644.75,9644.75,142.34,50.42,0,,8962.03,,,0,,,0,,,,
2025-08-14,9351.2,9362.25,9181.7,9216.25,1147400,8902.56,9382.3,9086.35,9644.75,9644.75,145.07,44.68,0,,8876.55,,,0,,,0,,,,
2025-08-18,9335.0,9414.55,9290.75,9387.5,1106400,8908.46,9375.87,9086.35,9644.75,9644.75,148.87,52.39,0,,8984.47,,,0,,,0,,,,
2025-08-19,9412.6,9463.6,9369.55,9457.5,801900,8915.52,9373.72,9086.35,9644.75,9644.75,144.96,55.14,0,,9032.23,,,0,,,0,,,,
2025-08-20,9433.7,9538.95,9407.85,9497.75,1094700,8923.75,9373.06,9086.35,9644.75,9644.75,143.97,56.69,0,,9058.85,,,0,,,0,,,,
2025-08-21,9506.65,9538.35,9484.35,9493.65,614100,8934.03,9376.7,9086.35,9644.75,9644.75,137.54,56.48,0,,9060.49,,,0,,,0,,,,
2025-08-22,9494.35,9499.75,9363.15,9375.45,620500,8941.42,9375.1,9086.35,9584.9,9644.75,137.47,50.55,0,,8984.3,,,0,,,0,,,,
2025-08-25,9419.9,9477.0,9396.7,9436.75,623500,8949.12,9376.89,9102.15,9538.95,9584.9,134.91,53.29,0,,9030.81,,,0,,,0,,,,
2025-08-26,9412.85,9414.6,9256.8,9280.05,832800,8954.84,9372.63,9127.25,9538.95,9538.95,138.13,46.24,0,,8935.96,,,0,,,0,,,,
2025-08-28,9274.1,9312.1,9191.7,9210.5,722300,8959.43,9365.92,9127.25,9538.95,9538.95,136.86,43.49,0,,8891.95,,,0,,,0,,,,
2025-08-29,9226.9,9238.75,9132.2,9154.8,681100,8963.04,9359.05,9127.25,9538.95,9538.95,134.69,41.37,0,,8857.47,,,0,,,0,,,,
2025-09-01,9169.35,9316.7,9163.4,9305.3,569800,8968.2,9355.12,9127.25,9538.95,9538.95,136.64,48.66,0,,8953.24,,,0,,,0,,,,
2025-09-02,9318.9,9432.1,9269.7,9384.35,1225300,8974.29,9352.66,9132.2,9538.95,9538.95,138.48,52.03,0,,9004.65,,,0,,,0,,,,
2025-09-03,9406.35,9685.8,9406.35,9676.4,2018300,8982.03,9356.69,9132.2,9685.8,9538.95,150.12,61.97,1,9676.4,9185.27,9185.27,9185.27,1,45,2025-09-03,0,,,,
2025-09-04,9734.45,9736.15,9605.95,9616.35,802900,8989.88,9359.45,9132.2,9736.15,9685.8,148.7,59.25,0,,9147.48,,9185.27,1,45,2025-09-03,0,,,,
2025-09-05,9612.6,9700.9,9572.1,9681.65,659100,8999.83,9362.87,9132.2,9736.15,9736.15,147.28,61.24,0,,9190.55,,9190.55,1,45,2025-09-03,0,,,,
2025-09-08,9722.6,9816.95,9708.4,9717.85,1139200,9010.23,9367.39,9132.2,9816.95,9736.15,146.42,62.34,0,,9214.47,,9214.47,1,45,2025-09-03,0,,,,
2025-09-09,9733.3,9766.25,9683.65,9734.2,837100,9019.73,9377.7,9132.2,9816.95,9816.95,141.86,62.85,0,,9228.05,,9228.05,1,45,2025-09-03,0,,,,
2025-09-10,9767.6,9812.25,9730.8,9759.45,608100,9029.46,9392.46,9132.2,9816.95,9816.95,137.55,63.67,0,,9247.21,,9247.21,1,45,2025-09-03,0,,,,
2025-09-11,9757.95,9837.65,9746.8,9792.95,820200,9038.75,9405.24,9132.2,9837.65,9816.95,134.21,64.79,0,,9271.05,,9271.05,1,45,2025-09-03,0,,,,
2025-09-12,9828.35,9902.35,9800.25,9883.6,1423000,9050.28,9421.36,9132.2,9902.35,9837.65,132.44,67.67,1,9883.6,9330.7,9330.7,9330.7,1,45,2025-09-03,0,,,,
2025-09-15,9900.6,9951.45,9864.9,9891.0,813900,9060.87,9441.55,9132.2,9951.45,9902.35,129.16,67.9,0,,9337.65,,9337.65,1,45,2025-09-03,0,,,,
2025-09-16,9917.1,9979.75,9891.85,9973.45,913100,9071.18,9470.59,9132.2,9979.75,9951.45,126.27,70.44,1,9973.45,9392.76,9392.76,9392.76,1,45,2025-09-03,0,,,,
2025-09-17,10005.55,10018.7,9833.8,9923.15,943400,9081.58,9490.43,9132.2,10018.7,9979.75,130.46,66.96,0,,9357.52,,9392.76,1,45,2025-09-03,0,,,,
2025-09-18,9932.0,9959.65,9868.35,9955.15,683000,9090.71,9511.07,9132.2,10018.7,10018.7,127.66,68.04,0,,9380.03,,9392.76,1,45,2025-09-03,0,,,,
2025-09-19,9997.2,10016.1,9916.55,9989.9,1314300,9101.58,9534.1,9163.4,10018.7,10018.7,125.66,69.22,0,,9414.18,,9414.18,1,45,2025-09-03,0,,,,
2025-09-22,9984.5,10079.95,9980.8,10029.1,1187900,9113.68,9558.05,9269.7,10079.95,10018.7,123.76,70.54,1,10029.1,9476.16,9476.16,9476.16,1,45,2025-09-03,0,,,,
2025-09-23,10044.9,10168.2,9994.2,10129.05,1274900,9126.09,9590.78,9406.35,10168.2,10079.95,127.35,73.64,0,,9583.79,,9583.79,1,45,2025-09-03,0,,,,
2025-09-24,10118.15,10153.65,10050.1,10060.1,996000,9137.58,9619.63,9572.1,10168.2,10168.2,125.65,68.3,0,,9595.7,,9595.7,1,45,2025-09-03,0,,,,
2025-09-25,10082.2,10187.35,10057.55,10082.55,1455500,9150.21,9648.06,9572.1,10187.35,10168.2,125.95,69.09,0,,9609.98,,9609.98,1,45,2025-09-03,0,,,,
2025-09-26,10087.15,10124.65,9871.8,9888.25,1044700,9161.13,9666.13,9683.65,10187.35,10187.35,135.01,56.11,0,,9515.8,,9609.98,1,45,2025-09-03,0,,,,
2025-09-29,9910.7,10002.7,9910.7,9923.1,1028100,9172.25,9689.7,9683.65,10187.35,10187.35,133.54,57.65,0,,9539.25,,9609.98,1,45,2025-09-03,0,,,,
2025-09-30,9978.45,10082.75,9963.65,10038.15,1696600,9183.44,9711.38,9730.8,10187.35,10187.35,135.41,62.34,0,,9627.93,,9627.93,1,45,2025-09-03,0,,,,
2025-10-01,10060.3,10102.45,9952.05,10092.95,1019600,9193.91,9732.56,9746.8,10187.35,10187.35,136.48,64.36,0,,9667.9,,9667.9,1,45,2025-09-03,0,,,,
2025-10-03,10108.9,10346.95,10108.65,10277.1,1882600,9205.02,9758.54,9800.25,10346.95,10187.35,144.87,70.16,1,10277.1,9798.9,9798.9,9798.9,1,45,2025-09-03,0,,,,
2025-10-06,10303.1,10315.4,10147.0,10185.5,1051700,9216.78,9781.61,9833.8,10346.95,10346.95,146.55,64.53,0,,9749.88,,9798.9,1,45,2025-09-03,0,,,,
2025-10-07,10193.85,10268.5,10150.2,10156.65,911300,9229.2,9807.64,9833.8,10346.95,10346.95,144.54,62.83,0,,9732.62,,9798.9,1,45,2025-09-03,0,,,,
2025-10-08,10181.05,10209.5,10089.05,10136.55,1335500,9241.21,9830.97,9833.8,10346.95,10346.95,142.82,61.6,0,,9720.8,,9798.9,1,45,2025-09-03,0,,,,
2025-10-09,10163.95,10373.3,10148.6,10356.2,2567900,9255.46,9866.84,9868.35,10373.3,10346.95,149.52,68.76,1,10356.2,9869.52,9869.52,9869.52,1,45,2025-09-03,0,,,,
2025-10-10,10352.7,10357.25,10206.4,10261.55,1295000,9268.42,9901.88,9871.8,10373.3,10373.3,149.62,63.29,0,,9809.55,,9869.52,1,45,2025-09-03,0,,,,
2025-10-13,10218.0,10241.5,10156.05,10217.45,902300,9280.89,9937.3,9871.8,10373.3,10373.3,146.47,60.85,0,,9783.21,,9869.52,1,45,2025-09-03,0,,,,
2025-10-14,10291.85,10340.8,10053.9,10116.8,1151000,9290.43,9964.35,9871.8,10373.3,10373.3,156.5,55.6,0,,9711.6,,9869.52,1,45,2025-09-03,0,,,,
2025-10-15,10139.9,10245.7,10120.15,10218.0,914300,9299.29,9992.14,9871.8,10373.3,10373.3,154.53,59.4,0,,9778.19,,9869.52,1,45,2025-09-03,0,,,,
2025-10-16,10243.8,10294.5,10190.65,10287.25,653000,9308.36,10012.5,9871.8,10373.3,10373.3,150.91,61.8,0,,9825.27,,9869.52,1,45,2025-09-03,0,,,,
2025-10-17,10286.8,10315.05,10153.95,10199.3,832600,9317.36,10031.93,9871.8,10373.3,10373.3,151.64,57.17,0,,9768.06,,9869.52,1,45,2025-09-03,0,,,,
2025-10-20,10249.95,10253.2,10138.35,10191.85,695000,9325.99,10048.94,9910.7,10373.3,10373.3,149.01,56.78,0,,9777.97,,9869.52,1,45,2025-09-03,0,,,,
2025-10-21,10236.85,10249.95,10215.3,10232.75,155100,9335.18,10066.1,9952.05,10373.3,10373.3,142.51,58.45,0,,9822.46,,9869.52,1,45,2025-09-03,0,,,,
2025-10-23,10287.8,10319.1,10225.45,10241.85,1068700,9344.94,10083.02,9952.05,10373.3,10373.3,139.02,58.83,0,,9830.66,,9869.52,1,45,2025-09-03,0,,,,
2025-10-24,10320.75,10457.4,10314.85,10347.45,1543000,9354.95,10102.62,10053.9,10457.4,10373.3,144.49,63.06,0,,9929.08,,9929.08,1,45,2025-09-03,0,,,,
2025-10-27,10416.45,10477.6,10396.85,10467.15,978100,9364.51,10125.1,10053.9,10477.6,10457.4,143.47,67.18,1,10467.15,10006.97,10006.97,10006.97,1,45,2025-09-03,0,,,,
2025-10-28,10465.85,10624.65,10455.3,10596.2,1748300,9374.16,10148.85,10053.9,10624.65,10477.6,145.32,70.94,0,,10088.97,,10088.97,1,45,2025-09-03,0,,,,
2025-10-29,10648.3,10837.45,10620.15,10777.5,3072300,9384.32,10178.4,10053.9,10837.45,10624.65,152.17,75.23,0,,10201.34,,10201.34,1,45,2025-09-03,0,,,,
2025-10-30,10758.7,10765.75,10656.05,10729.2,1026300,9394.49,10203.59,10053.9,10837.45,10837.45,149.97,72.17,0,,10171.65,,10201.34,1,45,2025-09-03,0,,,,
2025-10-31,10717.3,10724.85,10601.25,10612.15,1018800,9403.48,10226.56,10053.9,10837.45,10837.45,148.4,65.25,0,,10097.2,,10201.34,1,45,2025-09-03,0,,,,
2025-11-03,10644.05,10720.45,10628.95,10652.8,117600,9413.62,10249.81,10053.9,10837.45,10837.45,145.54,66.45,0,,10125.33,,10201.34,1,45,2025-09-03,0,,,,
2025-11-04,10651.6,10670.55,10483.75,10499.05,992200,9422.96,10266.79,10053.9,10837.45,10837.45,148.48,58.24,0,,10024.2,,10201.34,1,45,2025-09-03,0,,,,
2025-11-06,10416.65,10437.9,10245.25,10281.9,1153400,9430.44,10275.21,10120.15,10837.45,10837.45,156.01,49.02,0,,9901.2,,10201.34,1,45,2025-09-03,0,,,,
2025-11-07,10237.1,10470.85,10184.55,10426.8,1148200,9439.34,10285.14,10138.35,10837.45,10837.45,165.31,54.22,0,,9994.53,,10201.34,1,45,2025-09-03,1,10201.34,TRAILING_STOP,45,5.42
2025-11-10,10474.8,10534.95,10465.1,10484.5,1977300,9449.12,10299.28,10138.35,10837.45,10837.45,161.23,56.14,0,,10034.47,,,0,,,0,,,,
2025-11-11,10538.75,10589.15,10418.5,10559.1,1479800,9458.98,10315.17,10138.35,10837.45,10837.45,161.9,58.57,0,,10082.13,,,0,,,0,,,,
2025-11-12,10593.65,10624.3,10532.95,10542.55,1350100,9469.23,10336.98,10184.55,10837.45,10837.45,156.86,57.8,0,,10090.22,,,0,,,0,,,,
2025-11-13,10679.05,10721.3,10565.8,10588.6,2165700,9483.72,10359.16,10184.55,10837.45,10837.45,158.43,59.39,0,,10118.88,,,0,,,0,,,,
2025-11-14,10578.4,10578.65,10446.75,10494.75,1039200,9501.38,10374.38,10184.55,10837.45,10837.45,157.24,54.87,0,,10059.14,,,0,,,0,,,,
2025-11-17,10526.25,10531.5,10446.65,10495.85,811000,9518.25,10387.81,10184.55,10837.45,10837.45,152.07,54.91,0,,10063.29,,,0,,,0,,,,
2025-11-18,10481.5,10483.0,10325.6,10383.7,1082400,9535.16,10391.36,10184.55,10837.45,10837.45,153.37,49.67,0,,9990.09,,,0,,,0,,,,
2025-11-19,10386.35,10417.7,10351.25,10384.15,651000,9549.93,10397.99,10184.55,10837.45,10837.45,147.16,49.7,0,,9994.52,,,0,,,0,,,,
2025-11-20,10446.7,10454.25,10370.25,10386.05,835700,9562.97,10405.63,10184.55,10837.45,10837.45,142.65,49.79,0,,9998.75,,,0,,,0,,,,
2025-11-21,10336.5,10336.5,10121.5,10142.55,957300,9574.22,10405.83,10121.5,10837.45,10837.45,151.36,39.58,0,,9814.87,,,0,,,0,,,,
2025-11-24,10163.3,10183.9,9997.9,10017.9,1079100,9584.5,10394.56,9997.9,10837.45,10837.45,153.83,35.56,0,,9691.62,,,0,,,0,,,,
2025-11-25,10039.65,10129.2,10027.9,10073.4,1072900,9593.96,10388.28,9997.9,10837.45,10837.45,150.79,38.55,0,,9729.45,,,0,,,0,,,,
2025-11-26,10105.65,10289.8,10096.05,10280.7,1026000,9604.7,10390.39,9997.9,10837.45,10837.45,155.48,48.22,0,,9860.03,,,0,,,0,,,,
2025-11-27,10334.4,10379.6,10211.55,10273.75,780700,9614.95,10395.62,9997.9,10765.75,10837.45,156.38,47.95,0,,9854.95,,,0,,,0,,,,
2025-11-28,10300.35,10360.15,10247.1,10293.05,780100,9625.21,10398.13,9997.9,10724.85,10765.75,153.28,48.82,0,,9869.46,,,0,,,0,,,,
2025-12-01,10390.9,10418.9,10314.6,10353.2,1076000,9637.1,10400.33,9997.9,10721.3,10724.85,151.32,51.52,0,,9909.57,,,0,,,0,,,,
2025-12-02,10344.15,10366.2,10292.65,10315.85,982600,9647.94,10404.21,9997.9,10721.3,10721.3,145.77,49.76,0,,9889.18,,,0,,,0,,,,
2025-12-03,10340.35,10347.15,10168.35,10265.2,1019900,9659.0,10406.66,9997.9,10721.3,10721.3,148.13,47.4,0,,9854.94,,,0,,,0,,,,
2025-12-04,10324.25,10376.0,10248.35,10271.45,1335700,9670.26,10407.95,9997.9,10721.3,10721.3,146.66,47.73,0,,9859.94,,,0,,,0,,,,
2025-12-05,10274.5,10366.75,10189.7,10340.35,1392400,9682.41,10411.23,9997.9,10721.3,10721.3,148.84,51.35,0,,9902.94,,,0,,,0,,,,
2025-12-08,10352.6,10378.55,10109.35,10141.8,923900,9692.68,10404.37,9997.9,10721.3,10721.3,157.43,42.27,0,,9769.14,,,0,,,0,,,,
2025-12-09,10126.9,10149.3,9968.4,10112.65,869700,9703.27,10392.56,9968.4,10721.3,10721.3,159.11,41.12,0,,9739.39,,,0,,,0,,,,
2025-12-10,10133.25,10244.85,10119.35,10159.0,1034400,9713.61,10377.98,9968.4,10721.3,10721.3,157.19,43.74,0,,9770.56,,,0,,,0,,,,
2025-12-11,10209.4,10273.05,10174.6,10266.85,1036500,9725.87,10360.96,9968.4,10578.65,10721.3,154.11,49.38,0,,9842.18,,,0,,,0,,,,
2025-12-12,10335.05,10553.15,10331.5,10536.45,2117200,9739.97,10354.54,9968.4,10553.15,10578.65,163.55,60.15,0,,10009.78,,,0,,,0,,,,
2025-12-15,10513.65,10564.95,10477.3,10553.15,1182400,9750.9,10352.57,9968.4,10564.95,10553.15,158.13,60.71,0,,10024.16,,,0,,,0,,,,
2025-12-16,10527.1,10532.3,10380.7,10464.35,1194000,9761.76,10346.29,9968.4,10564.95,10564.95,159.15,56.21,0,,9966.21,,,0,,,0,,,,
2025-12-17,10520.8,10551.6,10449.75,10490.15,1042500,9771.35,10345.99,9968.4,10564.95,10564.95,155.06,57.2,0,,9985.58,,,0,,,0,,,,
2025-12-18,10490.25,10585.45,10430.55,10516.15,1138900,9780.06,10353.8,9968.4,10585.45,10564.95,155.05,58.23,0,,10002.35,,,0,,,0,,,,
2025-12-19,10557.95,10560.25,10456.75,10521.1,1120800,9788.85,10356.94,9968.4,10585.45,10585.45,151.36,58.43,0,,10008.0,,,0,,,0,,,,
2025-12-22,10602.45,10721.0,10575.5,10669.0,1456400,9798.57,10363.09,9968.4,10721.0,10585.45,154.83,64.09,1,10669.0,10101.08,10101.08,10101.08,1,46,2025-12-22,0,,,,
2025-12-23,10701.4,10770.65,10674.9,10727.05,1650800,9809.05,10368.69,9968.4,10770.65,10721.0,151.03,66.05,0,,10141.06,,10141.06,1,46,2025-12-22,0,,,,
2025-12-24,10772.55,10828.25,10723.95,10742.75,1533000,9819.28,10375.36,9968.4,10828.25,10770.65,147.69,66.58,0,,10153.41,,10153.41,1,46,2025-12-22,0,,,,
2025-12-26,10780.8,10836.05,10741.8,10806.15,1915300,9830.12,10382.62,9968.4,10836.05,10828.25,143.88,68.7,0,,10196.85,,10196.85,1,46,2025-12-22,0,,,,
2025-12-29,10921.6,10984.55,10751.0,10789.1,4289200,9840.38,10392.43,9968.4,10984.55,10836.05,150.28,67.46,0,,10181.58,,10196.85,1,46,2025-12-22,0,,,,
2025-12-30,10797.0,11029.65,10755.3,11007.65,3465500,9851.53,10409.49,9968.4,11029.65,10984.55,159.14,73.96,1,11007.65,10316.64,10316.64,10316.64,1,46,2025-12-22,0,,,,
2025-12-31,11154.45,11216.05,11108.9,11167.65,2747500,9864.01,10435.62,10119.35,11216.05,11029.65,162.66,77.5,0,,10467.81,,10467.81,1,46,2025-12-22,0,,,,
2026-01-02,11280.1,11433.8,11276.05,11421.85,1533300,9878.56,10470.21,10174.6,11433.8,11216.05,170.05,81.75,0,,10645.26,,10645.26,1,46,2025-12-22,0,,,,
2026-01-05,11469.85,11532.1,11429.25,11490.8,1726700,9892.82,10507.04,10331.5,11532.1,11433.8,165.78,82.71,0,,10744.88,,10744.88,1,46,2025-12-22,0,,,,
2026-01-06,11533.0,11652.7,11475.6,11524.05,1925500,9908.36,10553.08,10380.7,11652.7,11532.1,166.59,83.16,0,,10782.18,,10782.18,1,46,2025-12-22,0,,,,
2026-01-07,11567.15,11612.25,11492.15,11524.0,1720500,9924.33,10603.29,10380.7,11652.7,11652.7,163.27,83.16,0,,10784.37,,10784.37,1,46,2025-12-22,0,,,,
2026-01-08,11517.45,11517.75,11107.15,11132.0,2323400,9937.73,10638.58,10430.55,11652.7,11652.7,181.38,61.09,0,,10536.07,,10784.37,1,46,2025-12-22,0,,,,
2026-01-09,11110.65,11208.1,11036.55,11094.8,1946900,9950.51,10665.71,10430.55,11652.7,11652.7,180.68,59.47,0,,10512.54,,10784.37,1,46,2025-12-22,0,,,,
2026-01-12,11162.15,11335.45,11048.25,11315.75,1853200,9964.4,10700.44,10456.75,11652.7,11652.7,188.29,65.33,0,,10658.72,,10784.37,1,46,2025-12-22,0,,,,
2026-01-13,11366.8,11440.95,11267.55,11355.2,1321900,9977.4,10735.85,10575.5,11652.7,11652.7,187.23,66.27,0,,10724.45,,10784.37,1,46,2025-12-22,0,,,,
2026-01-14,11399.4,11717.55,11352.2,11661.4,2792700,9991.96,10779.46,10674.9,11717.55,11652.7,199.95,72.48,1,11661.4,10946.6,10946.6,10946.6,1,46,2025-12-22,0,,,,
2026-01-16,11696.25,11729.65,11551.5,11600.05,1582200,10005.89,10822.26,10723.95,11729.65,11717.55,198.39,69.71,0,,10924.42,,10946.6,1,46,2025-12-22,0,,,,
2026-01-19,11603.5,11649.3,11557.25,11593.05,1333000,10019.88,10866.52,10741.8,11729.65,11729.65,190.8,69.39,0,,10930.92,,10946.6,1,46,2025-12-22,0,,,,
2026-01-20,11614.45,11692.55,11347.95,11374.45,1793800,10033.38,10903.29,10751.0,11729.65,11729.65,201.78,59.95,0,,10785.67,,10946.6,1,46,2025-12-22,0,,,,
2026-01-21,11376.65,11474.05,11246.95,11438.95,1836200,10047.92,10939.91,10755.3,11729.65,11729.65,203.59,61.61,0,,10827.5,,10946.6,1,46,2025-12-22,0,,,,
2026-01-22,11514.9,11685.85,11468.6,11573.7,2007100,10062.69,10987.64,11036.55,11729.65,11729.65,206.68,64.88,0,,11006.1,,11006.1,1,46,2025-12-22,0,,,,
2026-01-23,11673.95,11783.9,11460.75,11477.8,2115600,10077.71,11033.15,11036.55,11783.9,11729.65,215.0,60.9,0,,10938.7,,11006.1,1,46,2025-12-22,0,,,,
2026-01-27,11710.6,11865.6,11579.6,11829.65,2250600,10095.52,11088.84,11036.55,11865.6,11783.9,227.35,68.53,1,11829.65,11157.41,11157.41,11157.41,1,46,2025-12-22,0,,,,
2026-01-28,11911.05,12158.9,11828.55,12106.45,3143900,10115.96,11150.16,11036.55,12158.9,11865.6,234.7,72.99,0,,11331.04,,11331.04,1,46,2025-12-22,0,,,,
2026-01-29,12193.85,12509.75,12188.55,12478.05,4500900,10138.22,11214.88,11036.55,12509.75,12158.9,246.75,77.59,0,,11562.7,,11562.7,1,46,2025-12-22,0,,,,
2026-01-30,12265.2,12265.2,11776.25,11827.55,4114800,10155.75,11257.36,11036.55,12509.75,12509.75,279.25,58.75,0,,11121.45,,11562.7,1,46,2025-12-22,0,,,,
2026-02-02,11343.1,11596.35,11227.9,11561.55,2731500,10170.88,11293.93,11036.55,12509.75,12509.75,302.14,53.07,0,,10934.63,,11562.7,1,46,2025-12-22,1,11562.7,TRAILING_STOP,27,8.38
2026-02-03,11984.55,12041.35,11746.25,11893.2,2412300,10187.98,11340.7,11048.25,12509.75,12509.75,314.83,58.46,0,,11143.98,,,0,,,0,,,,
2026-02-04,11959.7,12104.3,11937.5,12044.25,1938900,10204.64,11391.63,11227.9,12509.75,12509.75,307.42,60.67,0,,11306.23,,,0,,,0,,,,
2026-02-05,11838.2,11934.15,11726.1,11921.2,1786500,10220.26,11438.3,11227.9,12509.75,12509.75,308.18,57.96,0,,11226.35,,,0,,,0,,,,
2026-02-06,11823.75,11959.55,11756.0,11943.15,1542300,10236.32,11480.78,11227.9,12509.75,12509.75,300.71,58.32,0,,11245.49,,,0,,,0,,,,
2026-02-09,12129.05,12243.15,12019.75,12129.45,1802300,10253.42,11527.52,11227.9,12509.75,12509.75,300.66,61.33,0,,11365.69,,,0,,,0,,,,
2026-02-10,12194.1,12287.6,12098.0,12228.3,2060100,10270.28,11577.04,11227.9,12509.75,12509.75,292.73,62.86,0,,11434.74,,,0,,,0,,,,
2026-02-11,12278.5,12291.35,12175.8,12276.55,1410200,10287.97,11626.05,11227.9,12509.75,12509.75,280.07,63.62,0,,11474.29,,,0,,,0,,,,
2026-02-12,12257.3,12325.1,12206.45,12279.2,1221400,10305.96,11675.72,11227.9,12509.75,12509.75,268.54,63.66,0,,11483.69,,,0,,,0,,,,
2026-02-13,12073.9,12086.5,11863.65,11893.1,0,10321.76,11705.24,11227.9,12509.75,12509.75,279.04,53.54,0,,11227.66,,,0,,,0,,,,
