Date,Open,High,Low,Close,Volume,SMA150,DonchianLow15,ATR14,RSI14,StopLoss,MA30,DonchianHigh20,DonchianHigh20_prev,BuyCall,EntryPrice,StopLoss_Entry,CandidateStop,TrailingStop,InPosition,EntryDate,ExitSignal,ExitPrice,ExitReason,TradeId,HoldingDays,PnL_pct
2006-01-02,20.14,20.51,19.99,20.35,659958,,,,,,,,,0,,,,,0,,0,,,,,
2006-01-03,20.75,21.18,20.35,20.88,838669,,,,,,,,,0,,,,,0,,0,,,,,
2006-01-04,20.91,22.84,20.91,22.63,2480381,,,,,,,,,0,,,,,0,,0,,,,,
2006-01-05,22.72,23.52,22.1,22.38,2402622,,,,,,,,,0,,,,,0,,0,,,,,
2006-01-06,22.1,23.02,21.86,21.98,928520,,,,,,,,,0,,,,,0,,0,,,,,
2006-01-09,21.92,22.35,21.64,21.74,349499,,,,,,,,,0,,,,,0,,0,,,,,
2006-01-10,21.49,22.53,21.49,22.07,611975,,,,,,,,,0,,,,,0,,0,,,,,
2006-01-12,21.64,22.29,21.55,21.67,585707,,,,,,,,,0,,,,,0,,0,,,,,
2006-01-13,21.8,22.26,21.09,21.27,321506,,,,,,,,,0,,,,,0,,0,,,,,
2006-01-16,21.61,21.61,20.48,20.69,311644,,,,,,,,,0,,,,,0,,0,,,,,
2006-01-17,20.66,21.0,19.65,19.95,572514,,,,,,,,,0,,,,,0,,0,,,,,
2006-01-18,20.02,20.63,19.71,20.51,471808,,,,,,,,,0,,,,,0,,0,,,,,
2006-01-19,20.69,21.09,20.63,20.78,298876,,,,,,,,,0,,,,,0,,0,,,,,
2006-01-20,21.06,21.15,20.66,20.78,258603,,,0.81,,,,,,0,,,,,0,,0,,,,,
2006-01-23,20.32,21.03,20.26,20.75,135049,,19.65,0.8,69.91,19.4,,,,0,,,19.4,,0,,0,,,,,
2006-01-24,20.88,21.34,20.6,20.66,260500,,19.65,0.8,68.86,19.34,,,,0,,,19.34,,0,,0,,,,,
2006-01-25,20.81,21.0,20.29,20.32,257545,,19.65,0.79,64.87,19.13,,,,0,,,19.13,,0,,0,,,,,
2006-01-27,18.51,21.06,18.51,20.94,364877,,18.51,0.92,68.46,19.06,,,,0,,,19.06,,0,,0,,,,,
2006-01-30,21.31,21.31,19.92,20.11,382647,,18.51,0.95,59.67,18.51,,,,0,,,18.51,,0,,0,,,,,
2006-01-31,20.97,20.97,19.99,20.05,189591,,18.51,0.95,59.08,18.47,,23.52,,0,,,18.47,,0,,0,,,,,
2006-02-01,20.17,20.26,19.86,19.92,248557,,18.51,0.91,57.74,18.41,,23.52,23.52,0,,,18.41,,0,,0,,,,,
2006-02-02,20.17,20.17,19.34,19.46,294474,,18.51,0.91,53.17,18.12,,23.52,23.52,0,,,18.12,,0,,0,,,,,
2006-02-03,19.86,19.86,19.46,19.56,225096,,18.51,0.87,54.02,18.2,,23.52,23.52,0,,,18.2,,0,,0,,,,,
2006-02-06,19.83,19.92,19.28,19.43,275646,,18.51,0.86,52.68,18.13,,23.02,23.52,0,,,18.13,,0,,0,,,,,
2006-02-07,19.43,19.95,19.37,19.56,259848,,18.51,0.84,53.91,18.23,,22.53,23.02,0,,,18.23,,0,,0,,,,,
2006-02-08,19.56,19.65,19.25,19.31,319863,,18.51,0.8,51.15,18.09,,22.53,22.53,0,,,18.09,,0,,0,,,,,
2006-02-10,19.52,19.92,19.28,19.65,736522,,18.51,0.79,54.56,18.32,,22.29,22.53,0,,,18.32,,0,,0,,,,,
2006-02-13,19.92,20.23,19.74,19.83,393209,,18.51,0.78,56.3,18.44,,22.26,22.29,0,,,18.44,,0,,0,,,,,
2006-02-14,20.26,20.26,19.4,19.56,359537,,18.51,0.78,53.02,18.26,,21.61,22.26,0,,,18.26,,0,,0,,,,,
2006-02-15,19.59,19.77,19.4,19.56,240518,,18.51,0.75,53.02,18.28,20.54,21.34,21.61,0,,,18.28,,0,,0,,,,,
2006-02-16,19.65,19.77,19.4,19.62,182881,,18.51,0.73,53.72,18.34,20.52,21.34,21.34,0,,,18.34,,0,,0,,,,,
2006-02-17,19.4,19.68,19.16,19.28,394837,,18.51,0.71,49.27,18.13,20.47,21.34,21.34,0,,,18.13,,0,,0,,,,,
2006-02-20,19.31,19.52,18.97,19.0,366523,,18.97,0.7,45.9,18.11,20.35,21.34,21.34,0,,,18.11,,0,,0,,,,,
2006-02-21,19.0,19.28,18.97,19.0,213737,,18.97,0.67,45.9,18.13,20.23,21.34,21.34,0,,,18.13,,0,,0,,,,,
2006-02-22,19.0,19.19,18.82,18.97,195218,,18.82,0.65,45.52,18.08,20.13,21.34,21.34,0,,,18.08,,0,,0,,,,,
2006-02-23,18.82,19.03,18.51,18.7,310084,,18.51,0.64,42.08,17.8,20.03,21.31,21.34,0,,,17.8,,0,,0,,,,,
2006-02-24,18.73,19.34,18.7,19.19,299855,,18.51,0.64,49.53,18.12,19.94,21.31,21.31,0,,,18.12,,0,,0,,,,,
2006-02-27,19.34,19.71,19.34,19.46,333340,,18.51,0.63,53.1,18.3,19.86,21.31,21.31,0,,,18.3,,0,,0,,,,,
2006-02-28,19.52,19.95,18.85,19.16,387315,,18.51,0.67,48.95,18.08,19.79,20.97,21.31,0,,,18.08,,0,,0,,,,,
2006-03-01,19.28,19.37,18.91,19.06,165448,,18.51,0.65,47.62,18.03,19.74,20.26,20.97,0,,,18.03,,0,,0,,,,,
2006-03-02,19.28,19.74,19.1,19.65,794800,,18.51,0.65,55.36,18.41,19.73,20.26,20.26,0,,,18.41,,0,,0,,,,,
2006-03-03,19.71,19.89,19.43,19.59,1021509,,18.51,0.64,54.48,18.38,19.7,20.26,20.26,0,,,18.38,,0,,0,,,,,
2006-03-06,19.59,19.77,19.43,19.62,430305,,18.51,0.62,54.86,18.41,19.66,20.26,20.26,0,,,18.41,,0,,0,,,,,
2006-03-07,19.49,19.59,18.97,19.1,373283,,18.51,0.62,47.35,18.08,19.6,20.26,20.26,0,,,18.08,,0,,0,,,,,
2006-03-08,19.28,19.52,18.91,18.97,300735,,18.51,0.62,45.66,17.99,19.54,20.26,20.26,0,,,17.99,,0,,0,,,,,
2006-03-09,19.03,19.13,18.76,19.03,299111,,18.51,0.6,46.61,18.04,19.49,20.26,20.26,0,,,18.04,,0,,0,,,,,
2006-03-10,19.34,19.34,18.97,19.06,202789,,18.51,0.59,47.1,18.07,19.45,20.26,20.26,0,,,18.07,,0,,0,,,,,
2006-03-13,19.46,19.46,18.97,19.06,232470,,18.51,0.58,47.1,18.08,19.38,20.26,20.26,0,,,18.08,,0,,0,,,,,
2006-03-14,19.25,19.25,18.76,18.79,397323,,18.51,0.57,42.95,17.91,19.34,19.95,20.26,0,,,17.91,,0,,0,,,,,
2006-03-16,18.79,19.19,18.6,18.63,222375,,18.51,0.57,40.66,17.8,19.29,19.95,19.95,0,,,17.8,,0,,0,,,,,
2006-03-17,19.03,19.06,18.67,18.7,321971,,18.6,0.56,42.11,17.89,19.25,19.95,19.95,0,,,17.89,,0,,0,,,,,
2006-03-20,18.97,19.1,18.67,18.67,238724,,18.6,0.55,41.64,17.87,19.23,19.95,19.95,0,,,17.87,,0,,0,,,,,
2006-03-21,18.94,19.16,18.79,19.03,560370,,18.6,0.55,49.01,18.11,19.21,19.95,19.95,0,,,18.11,,0,,0,,,,,
2006-03-22,19.06,19.13,18.91,19.06,503504,,18.6,0.53,49.58,18.14,19.2,19.95,19.95,0,,,18.14,,0,,0,,,,,
2006-03-23,19.22,19.34,19.0,19.06,306987,,18.6,0.51,49.58,18.15,19.18,19.95,19.95,0,,,18.15,,0,,0,,,,,
2006-03-24,19.22,19.34,18.73,18.88,196520,,18.6,0.52,45.99,18.03,19.16,19.95,19.95,0,,,18.03,,0,,0,,,,,
2006-03-27,18.88,19.89,18.88,19.43,580727,,18.6,0.55,56.37,18.36,19.16,19.95,19.95,0,,,18.36,,0,,0,,,,,
2006-03-28,19.43,19.65,18.97,19.03,582725,,18.6,0.56,49.0,18.1,19.13,19.95,19.95,0,,,18.1,,0,,0,,,,,
2006-03-29,19.03,19.13,18.67,18.73,236921,,18.6,0.56,44.32,17.91,19.1,19.89,19.95,0,,,17.91,,0,,0,,,,,
2006-03-30,18.97,18.97,18.7,18.79,169783,,18.6,0.54,45.44,17.96,19.08,19.89,19.89,0,,,17.96,,0,,0,,,,,
2006-03-31,18.79,19.31,18.48,18.7,590464,,18.48,0.56,44.0,17.85,19.05,19.89,19.89,0,,,17.85,,0,,0,,,,,
2006-04-03,18.85,19.1,18.57,18.7,613297,,18.48,0.55,44.0,17.85,19.03,19.89,19.89,0,,,17.85,,0,,0,,,,,
2006-04-04,18.91,20.42,18.91,20.11,1754275,,18.48,0.64,64.41,18.71,19.06,20.42,19.89,0,,,18.71,,0,,0,,,,,
2006-04-05,20.26,21.18,20.08,20.6,1125050,,18.48,0.67,68.68,19.0,19.12,21.18,20.42,0,,,19.0,,0,,0,,,,,
2006-04-07,20.81,21.37,19.59,19.71,810103,,18.48,0.75,55.62,18.37,19.14,21.37,21.18,0,,,18.37,,0,,0,,,,,
2006-04-10,19.95,19.95,19.46,19.62,207779,,18.48,0.73,54.5,18.33,19.17,21.37,21.37,0,,,18.33,,0,,0,,,,,
2006-04-12,19.65,19.86,19.1,19.19,234171,,18.48,0.73,49.35,18.05,19.17,21.37,21.37,0,,,18.05,,0,,0,,,,,
2006-04-13,19.34,19.37,18.76,18.88,273481,,18.48,0.72,45.97,17.85,19.15,21.37,21.37,0,,,17.85,,0,,0,,,,,
2006-04-17,18.94,19.22,18.88,18.94,145351,,18.48,0.7,46.73,17.91,19.15,21.37,21.37,0,,,17.91,,0,,0,,,,,
2006-04-18,19.59,19.59,19.03,19.06,255267,,18.48,0.69,48.3,17.99,19.15,21.37,21.37,0,,,17.99,,0,,0,,,,,
2006-04-19,19.34,19.34,18.82,18.85,186103,,18.48,0.68,45.76,17.86,19.12,21.37,21.37,0,,,17.86,,0,,0,,,,,
2006-04-20,18.85,19.0,18.76,18.88,154895,,18.48,0.65,46.2,17.9,19.1,21.37,21.37,0,,,17.9,,0,,0,,,,,
2006-04-21,18.94,19.0,18.63,18.7,278881,,18.48,0.63,43.92,17.8,19.07,21.37,21.37,0,,,17.8,,0,,0,,,,,
2006-04-24,18.79,18.94,18.51,18.7,326425,,18.48,0.62,43.92,17.81,19.05,21.37,21.37,0,,,17.81,,0,,0,,,,,
2006-04-25,18.73,18.79,18.54,18.67,193143,,18.48,0.59,43.51,17.81,19.04,21.37,21.37,0,,,17.81,,0,,0,,,,,
2006-04-26,18.57,18.79,18.57,18.6,247435,,18.51,0.56,42.51,17.79,19.03,21.37,21.37,0,,,17.79,,0,,0,,,,,
2006-04-27,18.91,18.91,18.45,18.51,388962,,18.45,0.56,41.19,17.72,19.01,21.37,21.37,0,,,17.72,,0,,0,,,,,
2006-04-28,18.45,18.73,17.84,18.27,546181,,17.84,0.58,37.82,17.34,18.98,21.37,21.37,0,,,17.34,,0,,0,,,,,
2006-05-02,18.91,19.1,18.67,18.97,583540,,17.84,0.6,50.53,17.78,18.99,21.37,21.37,0,,,17.78,,0,,0,,,,,
2006-05-03,19.03,19.52,18.85,19.4,887793,,17.84,0.6,56.42,18.06,19.01,21.37,21.37,0,,,18.06,,0,,0,,,,,
2006-05-04,19.71,20.14,18.67,18.88,2560977,,17.84,0.66,48.84,17.68,19.02,21.37,21.37,0,,,17.68,,0,,0,,,,,
2006-05-05,18.88,19.03,18.2,18.36,1157473,,17.84,0.68,42.67,17.34,19.01,21.37,21.37,0,,,17.34,,0,,0,,,,,
2006-05-08,18.45,18.63,18.2,18.27,712791,,17.84,0.66,41.69,17.29,18.98,21.37,21.37,0,,,17.29,,0,,0,,,,,
2006-05-09,18.42,18.42,18.11,18.17,583244,,17.84,0.63,40.57,17.24,18.96,21.37,21.37,0,,,17.24,,0,,0,,,,,
2006-05-10,17.84,18.63,17.84,18.39,691222,,17.84,0.65,44.12,17.38,18.93,20.14,21.37,0,,,17.38,,0,,0,,,,,
2006-05-11,18.7,18.73,18.27,18.3,379332,,17.84,0.63,42.99,17.33,18.91,20.14,20.14,0,,,17.33,,0,,0,,,,,
2006-05-12,18.51,18.51,18.11,18.14,379778,,17.84,0.62,40.98,17.24,18.87,20.14,20.14,0,,,17.24,,0,,0,,,,,
2006-05-15,18.05,18.24,17.53,17.62,359693,,17.53,0.62,35.22,16.79,18.82,20.14,20.14,0,,,16.79,,0,,0,,,,,
2006-05-16,17.78,17.78,16.92,17.01,385805,,16.92,0.64,29.9,16.19,18.77,20.14,20.14,0,,,16.19,,0,,0,,,,,
2006-05-17,17.38,17.96,17.16,17.65,363428,,16.92,0.66,40.11,16.58,18.73,20.14,20.14,0,,,16.58,,0,,0,,,,,
2006-05-18,17.44,17.81,16.64,16.76,565728,,16.64,0.7,32.93,15.89,18.66,20.14,20.14,0,,,15.89,,0,,0,,,,,
2006-05-19,17.35,17.38,16.27,16.36,322141,,16.27,0.73,30.3,15.49,18.59,20.14,20.14,0,,,15.49,,0,,0,,,,,
2006-05-22,16.73,16.76,14.15,15.23,417474,,14.15,0.86,24.39,13.97,18.42,20.14,20.14,0,,,13.97,,0,,0,,,,,
2006-05-23,15.38,16.03,14.98,15.9,272925,,14.15,0.88,32.77,14.39,18.27,20.14,20.14,0,,,14.39,,0,,0,,,,,
2006-05-24,16.03,16.45,15.72,15.96,231795,,14.15,0.86,33.48,14.43,18.14,20.14,20.14,0,,,14.43,,0,,0,,,,,
2006-05-25,15.75,15.96,15.2,15.32,318473,,14.15,0.86,29.85,14.03,18.0,20.14,20.14,0,,,14.03,,0,,0,,,,,
2006-05-26,15.63,16.52,15.44,16.27,262972,,14.15,0.88,40.21,14.62,17.9,20.14,20.14,0,,,14.62,,0,,0,,,,,
2006-05-29,16.58,17.01,16.36,16.55,189341,,14.15,0.87,42.88,14.81,17.82,20.14,20.14,0,,,14.81,,0,,0,,,,,
2006-05-30,16.55,16.64,16.27,16.3,107131,,14.15,0.84,41.12,14.67,17.74,20.14,20.14,0,,,14.67,,0,,0,,,,,
2006-05-31,15.96,16.18,15.6,15.78,161369,,14.15,0.83,37.64,14.34,17.63,20.14,20.14,0,,,14.34,,0,,0,,,,,
2006-06-01,15.87,16.09,15.23,15.44,172499,,14.15,0.83,35.52,14.12,17.51,19.03,20.14,0,,,14.12,,0,,0,,,,,
2006-06-02,15.47,15.56,14.83,15.44,162099,,14.15,0.82,35.52,14.13,17.4,18.73,19.03,0,,,14.13,,0,,0,,,,,
2006-06-05,15.9,15.9,15.2,15.32,86966,,14.15,0.81,34.72,14.06,17.28,18.73,18.73,0,,,14.06,,0,,0,,,,,
2006-06-06,14.83,15.35,14.58,14.67,280990,,14.15,0.81,30.69,13.64,17.15,18.73,18.73,0,,,13.64,,0,,0,,,,,
2006-06-07,14.24,14.89,13.2,13.51,385036,,13.2,0.87,25.1,12.53,16.98,18.73,18.73,0,,,12.53,,0,,0,,,,,
2006-06-08,13.66,13.78,11.3,11.42,1054356,,11.3,0.99,18.54,10.47,16.74,18.51,18.73,0,,,10.47,,0,,0,,,,,
2006-06-09,11.42,13.72,11.42,13.69,770799,,11.3,1.08,37.61,11.88,16.58,18.24,18.51,0,,,11.88,,0,,0,,,,,
2006-06-12,14.12,14.12,13.14,13.39,251158,,11.3,1.07,36.4,11.69,16.42,17.96,18.24,0,,,11.69,,0,,0,,,,,
2006-06-13,13.05,13.32,11.73,11.82,417687,,11.3,1.12,30.8,10.65,16.18,17.96,17.96,0,,,10.65,,0,,0,,,,,
2006-06-14,12.22,12.65,11.57,11.7,407917,,11.3,1.11,30.41,10.57,15.92,17.81,17.96,0,,,10.57,,0,,0,,,,,
2006-06-15,12.1,12.54,12.1,12.23,352154,,11.3,1.09,34.32,10.93,15.7,17.38,17.81,0,,,10.93,,0,,0,,,,,
2006-06-16,12.79,12.98,12.36,12.57,597603,,11.3,1.07,36.77,11.16,15.51,17.01,17.38,0,,,11.16,,0,,0,,,,,
2006-06-19,12.54,13.14,12.45,12.79,176332,,11.3,1.04,38.37,11.32,15.32,17.01,17.01,0,,,11.32,,0,,0,,,,,
2006-06-20,12.64,12.98,12.54,12.67,190861,,11.3,1.0,37.81,11.27,15.14,17.01,17.01,0,,,11.27,,0,,0,,,,,
2006-06-21,12.57,13.04,12.57,12.92,170752,,11.3,0.96,39.79,11.46,14.96,17.01,17.01,0,,,11.46,,0,,0,,,,,
2006-06-22,13.01,13.61,13.01,13.52,236718,,11.3,0.94,44.37,11.86,14.8,17.01,17.01,0,,,11.86,,0,,0,,,,,
2006-06-23,12.86,13.42,12.86,13.3,142262,,11.3,0.92,43.08,11.73,14.64,17.01,17.01,0,,,11.73,,0,,0,,,,,
2006-06-26,13.33,13.52,12.86,12.92,74560,,11.3,0.9,40.86,11.5,14.48,16.64,17.01,0,,,11.5,,0,,0,,,,,
2006-06-27,12.95,13.17,12.42,12.79,99646,,11.3,0.89,40.1,11.42,14.34,16.18,16.64,0,,,11.42,,0,,0,,,,,
2006-06-28,12.73,12.86,12.54,12.61,95738,,11.3,0.85,39.02,11.33,14.17,16.09,16.18,0,,,11.33,,0,,0,,,,,
2006-06-29,12.67,12.83,12.39,12.48,119396,,11.42,0.82,38.22,11.31,14.03,15.9,16.09,0,,,11.31,,0,,0,,,,,
2006-06-30,12.76,12.86,12.57,12.64,123952,,11.57,0.79,39.86,11.48,13.9,15.9,15.9,0,,,11.48,,0,,0,,,,,
2006-07-03,12.7,13.2,12.54,13.08,160242,,11.57,0.78,44.24,11.77,13.83,15.35,15.9,0,,,11.77,,0,,0,,,,,
2006-07-04,12.7,13.23,12.7,12.89,103055,,11.57,0.76,42.79,11.66,13.73,14.89,15.35,0,,,11.66,,0,,0,,,,,
2006-07-05,13.08,13.14,12.86,12.98,120802,,12.1,0.73,43.73,11.92,13.63,14.12,14.89,0,,,11.92,,0,,0,,,,,
2006-07-06,12.98,13.11,12.67,12.98,70906,,12.36,0.71,43.73,12.02,13.56,14.12,14.12,0,,,12.02,,0,,0,,,,,
2006-07-07,12.95,13.14,12.67,12.7,111401,,12.39,0.69,41.28,11.86,13.44,14.12,14.12,0,,,11.86,,0,,0,,,,,
2006-07-10,12.54,12.64,12.42,12.51,133765,,12.39,0.66,39.66,11.76,13.3,13.61,14.12,0,,,11.76,,0,,0,,,,,
2006-07-11,12.51,12.67,12.45,12.48,63234,,12.39,0.63,39.39,11.76,13.17,13.61,13.61,0,,,11.76,,0,,0,,,,,
2006-07-12,12.39,12.54,12.26,12.48,100935,,12.26,0.61,39.39,11.73,13.06,13.61,13.61,0,,,11.73,,0,,0,,,,,
2006-07-13,12.48,12.83,12.29,12.51,78124,,12.26,0.6,39.86,11.76,12.97,13.61,13.61,0,,,11.76,,0,,0,,,,,
2006-07-14,12.04,12.64,12.04,12.57,70604,,12.04,0.6,40.83,11.72,12.87,13.61,13.61,0,,,11.72,,0,,0,,,,,
2006-07-17,12.54,12.64,12.36,12.48,82299,,12.04,0.58,39.79,11.68,12.78,13.61,13.61,0,,,11.68,,0,,0,,,,,
2006-07-18,12.54,12.57,12.23,12.29,175833,,12.04,0.56,37.61,11.57,12.7,13.61,13.61,0,,,11.57,,0,,0,,,,,
2006-07-19,12.42,12.51,11.6,11.76,165015,,11.6,0.59,32.29,11.06,12.64,13.61,13.61,0,,,11.06,,0,,0,,,,,
2006-07-20,11.92,12.2,11.79,11.95,227846,,11.6,0.58,35.8,11.19,12.66,13.52,13.61,0,,,11.19,,0,,0,,,,,
2006-07-21,11.92,11.92,11.45,11.7,225498,,11.45,0.57,33.35,10.98,12.59,13.52,13.52,0,,,10.98,,0,,0,,,,,
2006-07-24,12.32,12.45,11.88,12.01,916153,,11.45,0.58,38.92,11.17,12.54,13.23,13.52,0,,,11.17,,0,,0,,,,,
2006-07-25,12.42,12.54,12.07,12.17,693808,,11.45,0.58,41.64,11.28,12.56,13.23,13.23,0,,,11.28,,0,,0,,,,,
2006-07-26,12.36,12.48,12.04,12.36,469861,,11.45,0.57,44.77,11.41,12.58,13.23,13.23,0,,,11.41,,0,,0,,,,,
2006-07-27,12.29,12.48,12.17,12.39,156529,,11.45,0.55,45.27,11.44,12.58,13.23,13.23,0,,,11.44,,0,,0,,,,,
2006-07-28,12.39,13.23,12.2,12.76,1100088,,11.45,0.58,51.15,11.66,12.59,13.23,13.23,0,,,11.66,,0,,0,,,,,
2006-07-31,13.17,13.42,13.01,13.33,752819,,11.45,0.59,58.53,12.02,12.61,13.42,13.23,0,,,12.02,,0,,0,,,,,
2006-08-01,13.23,13.8,13.17,13.39,406818,,11.45,0.59,59.23,12.06,12.63,13.8,13.42,0,,,12.06,,0,,0,,,,,
2006-08-02,13.55,13.58,13.3,13.52,242312,,11.45,0.57,60.77,12.16,12.65,13.8,13.8,0,,,12.16,,0,,0,,,,,
2006-08-03,13.45,13.7,13.17,13.61,433695,,11.45,0.57,61.85,12.22,12.65,13.8,13.8,0,,,12.22,,0,,0,,,,,
2006-08-04,13.36,13.61,13.33,13.55,408828,,11.45,0.55,60.65,12.19,12.66,13.8,13.8,0,,,12.19,,0,,0,,,,,
2006-08-07,13.48,13.7,13.3,13.48,174832,,11.45,0.54,59.22,12.15,12.68,13.8,13.8,0,,,12.15,,0,,0,,,,,
2006-08-08,13.77,13.77,13.33,13.58,175039,,11.45,0.53,60.65,12.22,12.71,13.8,13.8,0,,,12.22,,0,,0,,,,,
2006-08-09,13.61,13.77,13.55,13.67,217083,17.05,11.45,0.51,61.95,12.3,12.74,13.8,13.8,0,,,12.3,,0,,0,,,,,
2006-08-10,13.86,14.58,13.73,14.42,587169,17.01,11.45,0.54,70.63,12.76,12.81,14.58,13.8,0,,,12.76,,0,,0,,,,,
2006-08-11,14.74,14.77,14.27,14.36,317382,16.97,11.88,0.53,69.27,12.87,12.87,14.77,14.58,0,,,12.87,,0,,0,,,,,
2006-08-14,14.99,14.99,14.36,14.52,230201,16.92,12.04,0.54,70.88,13.02,12.91,14.99,14.77,0,,,13.02,,0,,0,,,,,
2006-08-16,14.61,14.93,14.49,14.52,310264,16.86,12.04,0.53,70.88,13.02,12.97,14.99,14.99,0,,,13.02,,0,,0,,,,,
2006-08-17,14.86,14.86,14.49,14.52,217194,16.81,12.17,0.52,70.88,13.07,13.02,14.99,14.99,0,,,13.07,,0,,0,,,,,
2006-08-18,14.17,14.99,14.17,14.93,361874,16.77,12.2,0.54,75.07,13.33,13.08,14.99,14.99,0,,,13.33,,0,,0,,,,,
2006-08-21,14.61,15.68,14.61,15.62,397136,16.73,13.01,0.58,80.22,14.02,13.18,15.68,14.99,0,,,14.02,,0,,0,,,,,
2006-08-22,15.84,16.06,15.52,15.74,375308,16.69,13.17,0.58,80.96,14.16,13.29,16.06,15.68,0,,,14.16,,0,,0,,,,,
2006-08-23,15.84,15.84,15.4,15.62,210329,16.65,13.17,0.57,77.84,14.09,13.39,16.06,16.06,0,,,14.09,,0,,0,,,,,
2006-08-24,14.46,15.68,14.46,15.58,275518,16.61,13.17,0.61,76.77,14.03,13.5,16.06,16.06,0,,,14.03,,0,,0,,,,,
2006-08-25,15.99,16.15,15.37,15.46,264059,16.58,13.3,0.63,73.53,13.99,13.6,16.15,16.06,0,,,13.99,,0,,0,,,,,
2006-08-28,15.49,15.68,15.37,15.58,223793,16.55,13.3,0.6,74.68,14.08,13.7,16.15,16.15,0,,,14.08,,0,,0,,,,,
2006-08-29,15.99,15.99,15.52,15.68,215370,16.52,13.33,0.59,75.63,14.16,13.8,16.15,16.15,0,,,14.16,,0,,0,,,,,
2006-08-30,15.9,17.12,15.55,16.96,912509,16.49,13.55,0.66,83.95,15.01,13.96,17.12,16.15,1,16.96,15.01,15.01,15.01,1,2006-08-30,0,,,1,,
2006-08-31,17.0,17.0,16.18,16.53,436444,16.46,13.73,0.68,74.72,14.79,14.12,17.12,17.12,0,,,14.79,15.01,1,2006-08-30,1,16.46,SMA150_BREAK,1,2,-2.93
2006-09-01,16.68,17.44,16.15,17.28,780804,16.44,14.17,0.72,79.05,15.39,14.29,17.44,17.12,1,17.28,15.39,15.39,15.39,1,2006-09-01,0,,,2,,
2006-09-04,17.56,17.75,16.81,17.06,544486,16.42,14.17,0.73,74.99,15.24,14.47,17.75,17.44,0,,,15.24,15.39,1,2006-09-01,0,,,2,,
2006-09-05,17.12,17.18,16.78,17.09,237520,16.39,14.17,0.71,75.18,15.27,14.64,17.75,17.75,0,,,15.27,15.39,1,2006-09-01,0,,,2,,
2006-09-06,17.12,17.22,16.9,17.06,236740,16.37,14.17,0.68,74.58,15.27,14.81,17.75,17.75,0,,,15.27,15.39,1,2006-09-01,0,,,2,,
2006-09-07,16.62,17.28,16.62,17.18,229749,16.35,14.17,0.68,75.43,15.35,14.97,17.75,17.75,0,,,15.35,15.39,1,2006-09-01,0,,,2,,
2006-09-08,17.22,17.34,16.96,17.25,218772,16.34,14.46,0.66,75.93,15.51,15.13,17.75,17.75,0,,,15.51,15.51,1,2006-09-01,0,,,2,,
2006-09-11,15.9,17.25,15.9,16.9,286866,16.32,14.46,0.71,68.39,15.25,15.27,17.75,17.75,0,,,15.25,15.51,1,2006-09-01,1,16.32,SMA150_BREAK,2,7,-5.56
2006-09-12,17.18,17.18,16.46,16.9,169791,16.3,14.46,0.71,68.39,15.25,15.39,17.75,17.75,0,,,15.25,,0,,0,,,,,
2006-09-13,16.93,17.5,16.93,17.4,285266,16.29,14.46,0.7,72.86,15.57,15.52,17.75,17.75,0,,,15.57,,0,,0,,,,,
2006-09-14,17.56,18.06,17.37,17.72,362485,16.28,15.37,0.7,75.26,16.09,15.66,18.06,17.75,0,,,16.09,,0,,0,,,,,
2006-09-15,17.62,18.19,17.5,18.03,372147,16.27,15.37,0.7,77.36,16.29,15.81,18.19,18.06,0,,,16.29,,0,,0,,,,,
2006-09-18,18.03,19.5,17.94,18.78,1666907,16.26,15.52,0.76,81.45,16.78,15.98,19.5,18.19,1,18.78,16.78,16.78,16.78,1,2006-09-18,0,,,3,,
2006-09-19,19.07,19.07,17.75,17.87,432993,16.25,15.55,0.8,65.89,16.18,16.13,19.5,19.5,0,,,16.18,16.78,1,2006-09-18,0,,,3,,
2006-09-20,17.5,20.01,17.5,19.54,1405540,16.25,15.9,0.92,75.24,17.29,16.33,20.01,19.5,1,19.54,17.29,17.29,17.29,1,2006-09-18,0,,,3,,
2006-09-21,19.6,19.72,18.85,19.32,1075603,16.25,15.9,0.92,72.42,17.15,16.51,20.01,20.01,0,,,17.15,17.29,1,2006-09-18,0,,,3,,
2006-09-22,19.32,19.6,18.81,19.22,651888,16.24,15.9,0.91,71.12,17.09,16.67,20.01,20.01,0,,,17.09,17.29,1,2006-09-18,0,,,3,,
2006-09-25,19.32,19.32,18.6,18.72,266711,16.24,15.9,0.9,64.84,16.78,16.82,20.01,20.01,0,,,16.78,17.29,1,2006-09-18,0,,,3,,
2006-09-26,18.97,19.1,18.72,18.81,280764,16.24,15.9,0.86,65.43,16.86,16.96,20.01,20.01,0,,,16.86,17.29,1,2006-09-18,0,,,3,,
2006-09-27,19.38,19.76,18.66,18.81,1264775,16.24,15.9,0.88,65.43,16.85,17.11,20.01,20.01,0,,,16.85,17.29,1,2006-09-18,0,,,3,,
2006-09-28,19.29,19.72,18.97,19.54,946030,16.24,15.9,0.88,70.15,17.32,17.27,20.01,20.01,0,,,17.32,17.32,1,2006-09-18,0,,,3,,
2006-09-29,19.76,19.82,19.41,19.57,494448,16.25,15.9,0.85,70.33,17.36,17.43,20.01,20.01,0,,,17.36,17.36,1,2006-09-18,0,,,3,,
2006-10-03,19.6,19.76,19.29,19.5,257853,16.25,16.46,0.82,69.29,17.52,17.56,20.01,20.01,0,,,17.52,17.52,1,2006-09-18,0,,,3,,
2006-10-04,19.38,19.88,19.32,19.69,471012,16.25,16.93,0.8,70.57,17.81,17.69,20.01,20.01,0,,,17.81,17.81,1,2006-09-18,0,,,3,,
2006-10-05,19.29,20.7,19.29,20.6,1078972,16.26,17.37,0.84,75.78,18.51,17.85,20.7,20.01,1,20.6,18.51,18.51,18.51,1,2006-09-18,0,,,3,,
2006-10-06,20.54,21.89,20.51,21.73,1834087,16.28,17.5,0.88,80.42,19.26,18.06,21.89,20.7,0,,,19.26,19.26,1,2006-09-18,0,,,3,,
2006-10-09,21.95,22.92,20.98,22.3,1456371,16.3,17.5,0.96,82.26,19.58,18.29,22.92,21.89,0,,,19.58,19.58,1,2006-09-18,0,,,3,,
2006-10-10,21.32,22.83,21.32,21.67,697622,16.31,17.5,1.0,73.97,19.15,18.49,22.92,22.92,0,,,19.15,19.58,1,2006-09-18,0,,,3,,
2006-10-11,22.14,22.26,20.38,20.51,514670,16.32,17.5,1.06,61.64,18.36,18.65,22.92,22.92,0,,,18.36,19.58,1,2006-09-18,0,,,3,,
2006-10-12,20.51,21.61,20.19,21.39,584852,16.33,18.6,1.09,66.24,19.27,18.8,22.92,22.92,0,,,19.27,19.58,1,2006-09-18,0,,,3,,
2006-10-13,21.64,22.33,21.64,21.89,1015715,16.35,18.6,1.08,68.55,19.6,18.98,22.92,22.92,0,,,19.6,19.6,1,2006-09-18,0,,,3,,
2006-10-16,22.08,23.02,21.95,22.73,1481458,16.38,18.6,1.08,72.0,20.14,19.16,23.02,22.92,0,,,20.14,20.14,1,2006-09-18,0,,,3,,
2006-10-17,22.89,24.15,22.89,23.89,2619174,16.41,18.66,1.1,75.94,20.89,19.39,24.15,23.02,1,23.89,20.89,20.89,20.89,1,2006-09-18,0,,,3,,
2006-10-18,23.89,24.05,23.36,23.86,782140,16.44,18.66,1.07,75.64,20.89,19.61,24.15,24.15,0,,,20.89,20.89,1,2006-09-18,0,,,3,,
2006-10-19,23.86,24.21,23.46,23.64,1544712,16.47,18.97,1.05,73.38,20.87,19.83,24.21,24.15,0,,,20.87,20.89,1,2006-09-18,0,,,3,,
2006-10-20,24.02,24.21,23.46,23.55,500520,16.5,19.29,1.03,72.43,20.93,20.04,24.21,24.21,0,,,20.93,20.93,1,2006-09-18,0,,,3,,
2006-10-23,21.57,23.58,21.57,23.08,257495,16.53,19.29,1.1,67.5,20.58,20.24,24.21,24.21,0,,,20.58,20.93,1,2006-09-18,0,,,3,,
2006-10-26,23.2,23.86,22.67,23.52,690012,16.57,19.29,1.11,69.59,20.86,20.46,24.21,24.21,0,,,20.86,20.93,1,2006-09-18,0,,,3,,
2006-10-27,23.08,24.4,23.08,23.8,549951,16.6,19.29,1.12,70.87,21.03,20.69,24.4,24.21,0,,,21.03,21.03,1,2006-09-18,0,,,3,,
2006-10-30,24.18,24.18,23.2,23.36,303579,16.63,20.19,1.11,66.15,21.06,20.89,24.4,24.4,0,,,21.06,21.06,1,2006-09-18,0,,,3,,
2006-10-31,23.52,23.93,22.89,23.27,443781,16.65,20.19,1.11,65.19,21.0,21.07,24.4,24.4,0,,,21.0,21.06,1,2006-09-18,0,,,3,,
2006-11-01,22.7,23.33,22.11,22.26,244082,16.68,20.19,1.11,55.49,20.34,21.21,24.4,24.4,0,,,20.34,21.06,1,2006-09-18,0,,,3,,
2006-11-02,22.55,22.55,21.54,21.64,248454,16.69,20.19,1.11,50.53,19.95,21.31,24.4,24.4,0,,,19.95,21.06,1,2006-09-18,0,,,3,,
2006-11-03,21.83,21.92,21.32,21.48,184204,16.71,20.19,1.07,49.3,19.87,21.43,24.4,24.4,0,,,19.87,21.06,1,2006-09-18,0,,,3,,
2006-11-06,21.48,21.86,21.01,21.17,143546,16.72,21.01,1.05,46.92,19.95,21.48,24.4,24.4,0,,,19.95,21.06,1,2006-09-18,1,21.06,TRAILING_STOP,3,33,12.12
2006-11-07,21.54,21.7,21.2,21.51,173071,16.74,21.01,1.02,49.78,20.2,21.56,24.4,24.4,0,,,20.2,,0,,0,,,,,
2006-11-08,21.61,21.95,21.42,21.64,249075,16.76,21.01,0.98,50.87,20.31,21.64,24.4,24.4,0,,,20.31,,0,,0,,,,,
2006-11-09,21.64,23.74,21.39,23.11,648240,16.79,21.01,1.08,61.14,21.19,21.78,24.4,24.4,0,,,21.19,,0,,0,,,,,
2006-11-10,23.39,23.39,22.04,23.17,544498,16.81,21.01,1.1,61.5,21.21,21.93,24.4,24.4,0,,,21.21,,0,,0,,,,,
2006-11-13,22.58,23.99,22.58,23.89,936149,16.83,21.01,1.12,65.55,21.66,22.1,24.4,24.4,0,,,21.66,,0,,0,,,,,
2006-11-14,24.46,24.46,23.68,23.86,514801,16.86,21.01,1.1,65.24,21.66,22.24,24.46,24.4,0,,,21.66,,0,,0,,,,,
2006-11-15,24.08,24.08,23.83,23.83,385916,16.89,21.01,1.04,64.91,21.68,22.38,24.46,24.46,0,,,21.68,,0,,0,,,,,
2006-11-16,23.96,23.96,23.71,23.83,906311,16.92,21.01,0.98,64.91,21.72,22.53,24.46,24.46,0,,,21.72,,0,,0,,,,,
2006-11-17,23.99,24.02,23.52,23.86,455466,16.95,21.01,0.95,65.12,21.76,22.67,24.46,24.46,0,,,21.76,,0,,0,,,,,
2006-11-20,22.7,23.83,22.7,23.24,161705,16.98,21.01,0.96,57.66,21.35,22.76,24.46,24.46,0,,,21.35,,0,,0,,,,,
2006-11-21,23.24,23.64,23.17,23.2,114420,17.01,21.01,0.93,57.21,21.35,22.8,24.46,24.46,0,,,21.35,,0,,0,,,,,
2006-11-22,23.27,23.58,23.2,23.42,165305,17.04,21.01,0.89,59.12,21.52,22.84,24.46,24.46,0,,,21.52,,0,,0,,,,,
2006-11-23,23.3,25.87,23.02,24.62,1482988,17.08,21.01,1.03,67.61,22.2,22.94,25.87,24.46,1,24.62,22.2,22.2,22.2,1,2006-11-23,0,,,4,,
2006-11-24,24.87,25.87,24.15,25.31,1877729,17.12,21.01,1.08,71.31,22.61,23.1,25.87,25.87,0,,,22.61,22.61,1,2006-11-23,0,,,4,,
2006-11-27,25.46,25.96,24.18,24.33,418353,17.16,21.2,1.13,60.72,22.01,23.2,25.96,25.87,0,,,22.01,22.61,1,2006-11-23,0,,,4,,
2006-11-28,24.27,24.8,23.36,23.96,306576,17.2,21.39,1.15,57.26,21.82,23.27,25.96,25.96,0,,,21.82,22.61,1,2006-11-23,0,,,4,,
2006-11-29,23.99,25.96,23.99,25.59,1140288,17.24,21.39,1.21,66.35,22.83,23.36,25.96,25.96,0,,,22.83,22.83,1,2006-11-23,0,,,4,,
2006-11-30,25.65,26.34,25.09,25.09,361387,17.29,22.04,1.21,61.99,22.72,23.4,26.34,25.96,0,,,22.72,22.83,1,2006-11-23,0,,,4,,
2006-12-01,25.34,25.71,24.55,24.71,319708,17.33,22.58,1.21,58.83,22.66,23.43,26.34,26.34,0,,,22.66,22.83,1,2006-11-23,0,,,4,,
2006-12-04,24.71,24.9,23.83,24.02,268908,17.36,22.7,1.2,53.5,22.26,23.44,26.34,26.34,0,,,22.26,22.83,1,2006-11-23,0,,,4,,
2006-12-05,24.62,24.62,23.83,24.02,145664,17.39,22.7,1.17,53.5,22.28,23.46,26.34,26.34,0,,,22.28,22.83,1,2006-11-23,0,,,4,,
2006-12-06,24.02,24.15,23.55,23.74,153816,17.43,22.7,1.13,51.31,22.13,23.48,26.34,26.34,0,,,22.13,22.83,1,2006-11-23,0,,,4,,
2006-12-07,23.74,24.15,23.42,23.64,183550,17.46,22.7,1.1,50.51,22.08,23.49,26.34,26.34,0,,,22.08,22.83,1,2006-11-23,0,,,4,,
2006-12-08,23.77,24.4,23.77,24.15,237063,17.5,22.7,1.08,54.4,22.43,23.5,26.34,26.34,0,,,22.43,22.83,1,2006-11-23,0,,,4,,
2006-12-11,24.15,25.65,23.83,23.96,867636,17.54,23.02,1.13,52.74,22.37,23.52,26.34,26.34,0,,,22.37,22.83,1,2006-11-23,0,,,4,,
2006-12-12,23.77,25.18,23.71,24.43,1640786,17.58,23.02,1.15,56.29,22.66,23.56,26.34,26.34,0,,,22.66,22.83,1,2006-11-23,0,,,4,,
2006-12-13,23.83,24.8,23.83,24.18,355474,17.62,23.02,1.14,53.97,22.51,23.62,26.34,26.34,0,,,22.51,22.83,1,2006-11-23,0,,,4,,
2006-12-14,24.21,24.77,23.96,24.05,142830,17.66,23.36,1.12,52.75,22.55,23.7,26.34,26.34,0,,,22.55,22.83,1,2006-11-23,0,,,4,,
2006-12-15,24.71,24.77,23.99,24.11,108065,17.7,23.36,1.09,53.27,22.61,23.79,26.34,26.34,0,,,22.61,22.83,1,2006-11-23,0,,,4,,
2006-12-18,24.46,24.84,24.21,24.77,235842,17.75,23.36,1.07,58.7,23.05,23.91,26.34,26.34,0,,,23.05,23.05,1,2006-11-23,0,,,4,,
2006-12-19,24.77,25.4,24.49,24.96,345629,17.8,23.42,1.06,60.14,23.2,24.02,26.34,26.34,0,,,23.2,23.2,1,2006-11-23,0,,,4,,
2006-12-20,25.02,25.4,24.84,25.09,307272,17.86,23.42,1.02,61.14,23.31,24.14,26.34,26.34,0,,,23.31,23.31,1,2006-11-23,0,,,4,,
2006-12-21,25.09,25.68,24.93,25.09,215045,17.92,23.42,1.0,61.14,23.32,24.2,26.34,26.34,0,,,23.32,23.32,1,2006-11-23,0,,,4,,
2006-12-22,25.09,25.4,25.09,25.15,159987,17.98,23.42,0.95,61.65,23.39,24.27,26.34,26.34,0,,,23.39,23.39,1,2006-11-23,0,,,4,,
2006-12-26,21.95,25.15,21.95,24.15,188335,18.04,21.95,1.11,49.84,22.15,24.28,26.34,26.34,0,,,22.15,23.39,1,2006-11-23,1,23.39,TRAILING_STOP,4,23,-4.98
2006-12-27,24.46,25.15,24.46,25.09,252005,18.1,21.95,1.1,57.99,22.76,24.32,26.34,26.34,0,,,22.76,,0,,0,,,,,
2006-12-28,25.09,25.15,24.93,25.09,233324,18.16,21.95,1.04,57.99,22.81,24.36,26.34,26.34,0,,,22.81,,0,,0,,,,,
2006-12-29,24.52,25.21,24.52,25.09,124548,18.22,21.95,1.02,57.99,22.82,24.4,25.71,26.34,0,,,22.82,,0,,0,,,,,
2007-01-02,25.09,25.65,25.09,25.43,105452,18.28,21.95,0.98,60.86,23.06,24.46,25.68,25.71,0,,,23.06,,0,,0,,,,,
2007-01-03,25.96,26.28,25.27,26.06,212294,18.35,21.95,0.99,65.56,23.47,24.55,26.28,25.68,1,26.06,23.47,23.47,23.47,1,2007-01-03,0,,,5,,
2007-01-04,26.28,26.34,25.71,25.9,120410,18.41,21.95,0.96,63.47,23.38,24.64,26.34,26.28,0,,,23.38,23.47,1,2007-01-03,0,,,5,,
2007-01-05,26.15,26.4,25.4,25.53,74895,18.48,21.95,0.96,58.82,23.14,24.71,26.4,26.34,0,,,23.14,23.47,1,2007-01-03,0,,,5,,
2007-01-08,25.71,26.0,24.84,25.21,195404,18.55,21.95,0.98,55.06,22.93,24.73,26.4,26.4,0,,,22.93,23.47,1,2007-01-03,0,,,5,,
2007-01-09,25.24,26.4,25.18,26.03,248448,18.62,21.95,0.99,61.8,23.44,24.75,26.4,26.4,0,,,23.44,23.47,1,2007-01-03,0,,,5,,
2007-01-10,25.56,28.03,25.53,27.06,776989,18.7,21.95,1.1,68.24,24.04,24.85,28.03,26.4,1,27.06,24.04,24.04,24.04,1,2007-01-03,0,,,5,,
2007-01-11,27.22,27.97,26.72,27.72,400323,18.79,21.95,1.11,71.55,24.45,24.97,28.03,28.03,0,,,24.45,24.45,1,2007-01-03,0,,,5,,
2007-01-12,27.94,29.79,27.94,29.13,1286316,18.91,21.95,1.18,77.06,25.32,25.09,29.79,28.03,1,29.13,25.32,25.32,25.32,1,2007-01-03,0,,,5,,
2007-01-15,29.16,29.41,27.85,28.0,173356,19.01,21.95,1.21,66.03,24.57,25.19,29.79,29.79,0,,,24.57,25.32,1,2007-01-03,0,,,5,,
2007-01-16,28.0,30.73,27.91,29.95,967738,19.12,21.95,1.32,73.17,25.75,25.36,30.73,29.79,1,29.95,25.75,25.75,25.75,1,2007-01-03,0,,,5,,
2007-01-17,30.1,30.23,29.04,29.41,316355,19.24,24.46,1.31,68.85,26.25,25.54,30.73,30.73,0,,,26.25,26.25,1,2007-01-03,0,,,5,,
2007-01-18,29.63,32.11,29.16,31.14,1082281,19.37,24.52,1.43,74.12,27.3,25.78,32.11,30.73,1,31.14,27.3,27.3,27.3,1,2007-01-03,0,,,5,,
2007-01-19,31.36,31.55,28.91,29.79,379811,19.48,24.52,1.52,64.9,26.38,25.98,32.11,32.11,0,,,26.38,27.3,1,2007-01-03,0,,,5,,
2007-01-22,30.04,30.35,29.07,29.16,133807,19.59,24.84,1.5,61.08,26.09,26.16,32.11,32.11,0,,,26.09,27.3,1,2007-01-03,0,,,5,,
2007-01-23,29.98,29.98,27.28,27.91,172143,19.69,24.84,1.59,54.26,25.22,26.29,32.11,32.11,0,,,25.22,27.3,1,2007-01-03,1,27.3,TRAILING_STOP,5,15,4.78
2007-01-24,26.91,29.16,26.91,28.79,144046,19.8,24.84,1.63,57.83,25.76,26.45,32.11,32.11,0,,,25.76,,0,,0,,,,,
2007-01-25,29.1,30.73,28.97,29.48,546208,19.91,24.84,1.66,60.44,26.19,26.62,32.11,32.11,0,,,26.19,,0,,0,,,,,
2007-01-29,29.79,30.04,28.72,28.82,175633,20.01,24.84,1.63,56.82,25.78,26.77,32.11,32.11,0,,,25.78,,0,,0,,,,,
2007-01-31,28.85,29.35,27.66,27.97,245171,20.11,25.18,1.64,52.46,25.34,26.9,32.11,32.11,0,,,25.34,,0,,0,,,,,
2007-02-01,28.38,28.54,27.28,27.41,270025,20.21,25.53,1.61,49.76,25.12,27.01,32.11,32.11,0,,,25.12,,0,,0,,,,,
2007-02-02,27.72,27.72,26.65,26.75,253867,20.3,26.65,1.57,46.7,25.09,27.08,32.11,32.11,0,,,25.09,,0,,0,,,,,
2007-02-05,27.25,27.28,26.22,26.31,237661,20.39,26.22,1.53,44.72,24.69,27.12,32.11,32.11,0,,,24.69,,0,,0,,,,,
2007-02-06,26.53,26.97,25.74,25.87,212550,20.48,25.74,1.51,42.78,24.26,27.15,32.11,32.11,0,,,24.26,,0,,0,,,,,
2007-02-07,25.59,26.94,25.59,26.12,243143,20.57,25.59,1.5,44.26,24.38,27.18,32.11,32.11,0,,,24.38,,0,,0,,,,,
2007-02-08,26.12,26.4,25.96,26.15,357923,20.66,25.59,1.42,44.45,24.45,27.22,32.11,32.11,0,,,24.45,,0,,0,,,,,
2007-02-09,26.34,26.78,25.87,26.5,241219,20.75,25.59,1.39,46.69,24.7,27.3,32.11,32.11,0,,,24.7,,0,,0,,,,,
2007-02-12,26.97,26.97,25.65,25.78,236852,20.83,25.59,1.38,42.86,24.24,27.32,32.11,32.11,0,,,24.24,,0,,0,,,,,
2007-02-13,26.09,26.34,25.56,26.09,66786,20.92,25.56,1.34,44.95,24.45,27.35,32.11,32.11,0,,,24.45,,0,,0,,,,,
2007-02-14,25.09,26.91,23.68,26.5,354377,21.01,23.68,1.47,47.68,24.0,27.4,32.11,32.11,0,,,24.0,,0,,0,,,,,
2007-02-15,26.34,26.65,26.03,26.12,103130,21.1,23.68,1.41,45.43,23.8,27.42,32.11,32.11,0,,,23.8,,0,,0,,,,,
2007-02-19,26.34,26.94,26.03,26.03,187224,21.2,23.68,1.38,44.89,23.76,27.42,32.11,32.11,0,,,23.76,,0,,0,,,,,
2007-02-20,26.06,26.18,26.03,26.03,113039,21.29,23.68,1.29,44.89,23.82,27.43,31.55,32.11,0,,,23.82,,0,,0,,,,,
2007-02-21,26.03,26.5,25.96,26.03,615183,21.38,23.68,1.24,44.89,23.86,27.44,30.73,31.55,0,,,23.86,,0,,0,,,,,
2007-02-22,26.03,26.34,23.93,24.52,310415,21.46,23.68,1.32,35.95,22.83,27.42,30.73,30.73,0,,,22.83,,0,,0,,,,,
2007-02-23,24.87,25.06,24.15,24.43,106626,21.53,23.68,1.29,35.49,22.79,27.37,30.73,30.73,0,,,22.79,,0,,0,,,,,
2007-02-26,24.77,25.27,24.33,24.68,48335,21.62,23.68,1.27,37.84,22.97,27.29,30.73,30.73,0,,,22.97,,0,,0,,,,,
2007-02-27,24.77,25.09,24.49,24.74,58785,21.7,23.68,1.22,38.42,23.04,27.19,30.04,30.73,0,,,23.04,,0,,0,,,,,
2007-02-28,22.58,24.9,22.01,24.3,113982,21.79,22.01,1.34,35.78,22.12,27.03,29.35,30.04,0,,,22.12,,0,,0,,,,,
2007-03-01,24.15,24.99,24.15,24.87,45666,21.87,22.01,1.3,41.39,22.51,26.92,28.54,29.35,0,,,22.51,,0,,0,,,,,
2007-03-02,24.99,25.65,24.46,24.96,120242,21.96,22.01,1.29,42.25,22.57,26.76,27.72,28.54,0,,,22.57,,0,,0,,,,,
2007-03-05,23.86,24.77,23.83,24.08,149204,22.04,22.01,1.28,36.61,22.01,26.58,27.28,27.72,0,,,22.01,,0,,0,,,,,
2007-03-06,23.2,24.77,23.2,24.15,120774,22.12,22.01,1.3,37.33,22.04,26.34,26.97,27.28,0,,,22.04,,0,,0,,,,,
2007-03-07,24.52,24.58,23.46,23.8,128973,22.19,22.01,1.29,35.18,21.83,26.14,26.97,26.97,0,,,21.83,,0,,0,,,,,
2007-03-08,23.68,24.43,23.52,24.27,70283,22.27,22.01,1.26,40.15,22.15,25.98,26.97,26.97,0,,,22.15,,0,,0,,,,,
2007-03-09,24.46,25.37,23.93,24.46,71914,22.35,22.01,1.28,42.08,22.26,25.87,26.97,26.97,0,,,22.26,,0,,0,,,,,
2007-03-12,23.86,24.99,23.86,24.3,34157,22.42,22.01,1.27,40.89,22.17,25.72,26.97,26.97,0,,,22.17,,0,,0,,,,,
2007-03-13,24.46,24.71,24.27,24.37,25456,22.49,22.01,1.21,41.67,22.25,25.55,26.94,26.97,0,,,22.25,,0,,0,,,,,
2007-03-14,23.24,24.46,23.24,24.08,43096,22.56,22.01,1.21,39.35,22.06,25.39,26.94,26.94,0,,,22.06,,0,,0,,,,,
2007-03-15,23.27,25.24,23.27,24.24,35359,22.63,22.01,1.26,41.29,22.13,25.26,26.94,26.94,0,,,22.13,,0,,0,,,,,
2007-03-16,24.87,24.87,23.99,24.21,30299,22.7,22.01,1.23,41.02,22.13,25.16,26.94,26.94,0,,,22.13,,0,,0,,,,,
2007-03-19,24.3,24.9,24.15,24.43,36728,22.78,22.01,1.2,43.87,22.29,25.08,26.5,26.94,0,,,22.29,,0,,0,,,,,
2007-03-20,24.52,26.72,24.46,26.43,133798,22.86,22.01,1.28,61.9,23.53,25.08,26.72,26.5,0,,,23.53,,0,,0,,,,,
2007-03-21,26.62,26.72,25.09,25.49,121564,22.93,23.2,1.3,53.24,23.31,25.07,26.72,26.72,0,,,23.31,,0,,0,,,,,
2007-03-22,26.18,26.31,25.49,25.56,95733,23.01,23.2,1.27,53.76,23.37,25.05,26.72,26.72,0,,,23.37,,0,,0,,,,,
2007-03-23,25.12,25.59,24.96,25.12,53918,23.08,23.2,1.22,50.01,23.12,25.02,26.72,26.72,0,,,23.12,,0,,0,,,,,
2007-03-26,26.28,26.28,24.49,24.58,50518,23.15,23.2,1.26,45.78,22.75,24.96,26.72,26.72,0,,,22.75,,0,,0,,,,,
2007-03-28,24.49,24.77,23.58,23.86,187920,23.21,23.24,1.26,40.83,22.3,24.89,26.72,26.72,0,,,22.3,,0,,0,,,,,
2007-03-29,24.33,24.37,23.83,24.05,22821,23.27,23.24,1.21,42.6,22.45,24.82,26.72,26.72,0,,,22.45,,0,,0,,,,,
2007-03-30,24.24,24.71,24.24,24.49,37908,23.33,23.24,1.17,46.57,22.76,24.76,26.72,26.72,0,,,22.76,,0,,0,,,,,
2007-04-02,23.58,23.83,22.73,23.39,71063,23.38,22.73,1.21,39.25,21.86,24.67,26.72,26.72,0,,,21.86,,0,,0,,,,,
2007-04-03,23.3,24.43,23.2,24.15,60673,23.44,22.73,1.21,45.61,22.35,24.6,26.72,26.72,0,,,22.35,,0,,0,,,,,
2007-04-04,24.4,24.58,23.83,24.08,43906,23.49,22.73,1.18,45.14,22.32,24.54,26.72,26.72,0,,,22.32,,0,,0,,,,,
2007-04-05,24.15,24.55,23.99,24.43,33905,23.55,22.73,1.13,48.02,22.58,24.48,26.72,26.72,0,,,22.58,,0,,0,,,,,
2007-04-09,24.3,24.68,24.21,24.4,41117,23.61,22.73,1.09,47.79,22.59,24.48,26.72,26.72,0,,,22.59,,0,,0,,,,,
2007-04-10,24.08,24.46,23.99,24.18,112609,23.67,22.73,1.04,46.04,22.48,24.47,26.72,26.72,0,,,22.48,,0,,0,,,,,
2007-04-11,24.46,24.77,24.27,24.43,68206,23.72,22.73,1.01,48.35,22.66,24.46,26.72,26.72,0,,,22.66,,0,,0,,,,,
2007-04-12,23.89,24.68,23.89,24.49,48972,23.77,22.73,0.99,48.92,22.71,24.46,26.72,26.72,0,,,22.71,,0,,0,,,,,
2007-04-13,24.33,24.74,24.15,24.3,68229,23.82,22.73,0.97,47.15,22.61,24.46,26.72,26.72,0,,,22.61,,0,,0,,,,,
2007-04-16,25.06,25.06,23.99,24.05,151179,23.86,22.73,0.97,44.86,22.44,24.43,26.72,26.72,0,,,22.44,,0,,0,,,,,
2007-04-17,24.43,24.8,24.43,24.46,265825,23.91,22.73,0.96,49.22,22.72,24.41,26.72,26.72,0,,,22.72,,0,,0,,,,,
2007-04-18,24.46,25.09,24.46,24.52,103205,23.96,22.73,0.93,49.85,22.77,24.43,26.72,26.72,0,,,22.77,,0,,0,,,,,
2007-04-19,23.93,24.99,23.89,24.77,208411,24.01,22.73,0.95,52.47,22.92,24.45,26.72,26.72,0,,,22.92,,0,,0,,,,,
2007-04-20,25.06,25.65,24.96,25.34,160055,24.07,22.73,0.94,57.89,23.29,24.5,26.31,26.72,0,,,23.29,,0,,0,,,,,
2007-04-23,26.25,28.1,24.99,25.18,140334,24.12,22.73,1.1,55.96,23.09,24.53,28.1,26.31,0,,,23.09,,0,,0,,,,,
2007-04-24,26.97,26.97,25.15,26.06,272279,24.18,23.2,1.15,63.21,23.78,24.58,28.1,28.1,0,,,23.78,,0,,0,,,,,
2007-04-25,25.87,26.31,25.21,25.4,119204,24.24,23.83,1.14,55.79,23.56,24.62,28.1,28.1,0,,,23.56,,0,,0,,,,,
2007-04-26,25.9,26.03,25.09,25.18,129544,24.29,23.89,1.13,53.53,23.45,24.64,28.1,28.1,0,,,23.45,,0,,0,,,,,
2007-04-27,25.78,25.93,24.74,25.62,115608,24.34,23.89,1.13,57.26,23.73,24.7,28.1,28.1,0,,,23.73,,0,,0,,,,,
2007-04-30,26.28,26.78,25.71,25.93,548943,24.39,23.89,1.14,59.71,23.93,24.75,28.1,28.1,0,,,23.93,,0,,0,,,,,
2007-05-03,26.91,29.04,26.78,27.72,976578,24.45,23.89,1.28,70.29,24.99,24.87,29.04,28.1,0,,,24.99,,0,,0,,,,,
2007-05-04,28.22,28.22,27.0,27.16,242722,24.5,23.89,1.27,64.58,24.63,24.96,29.04,29.04,0,,,24.63,,0,,0,,,,,
2007-05-07,27.91,27.91,27.16,27.34,187839,24.56,23.89,1.24,65.55,24.77,24.99,29.04,29.04,0,,,24.77,,0,,0,,,,,
2007-05-08,27.16,27.47,26.34,26.43,99369,24.6,23.89,1.23,57.04,24.19,25.02,29.04,29.04,0,,,24.19,,0,,0,,,,,
2007-05-09,26.65,27.22,26.12,26.94,138266,24.66,23.89,1.22,60.16,24.53,25.07,29.04,29.04,0,,,24.53,,0,,0,,,,,
2007-05-10,27.12,27.72,26.72,27.03,192666,24.71,23.89,1.2,60.7,24.6,25.13,29.04,29.04,0,,,24.6,,0,,0,,,,,
2007-05-11,26.03,27.34,26.03,26.62,127810,24.77,23.89,1.21,56.91,24.33,25.2,29.04,29.04,0,,,24.33,,0,,0,,,,,
2007-05-14,27.56,27.56,26.59,26.81,223005,24.81,24.74,1.19,58.21,24.74,25.3,29.04,29.04,0,,,24.74,,0,,0,,,,,
2007-05-15,26.65,27.97,26.59,27.81,315259,24.87,24.74,1.21,64.33,25.38,25.42,29.04,29.04,0,,,25.38,,0,,0,,,,,
2007-05-16,27.97,29.66,27.91,29.41,808314,24.94,24.74,1.25,71.52,26.38,25.59,29.66,29.04,1,29.41,26.38,26.38,26.38,1,2007-05-16,0,,,6,,
2007-05-17,29.79,30.92,29.54,29.92,867562,25.0,24.74,1.27,73.37,26.7,25.81,30.92,29.66,0,,,26.7,26.7,1,2007-05-16,0,,,6,,
2007-05-18,28.91,29.79,28.88,29.57,236738,25.06,24.74,1.25,70.02,26.48,25.99,30.92,30.92,0,,,26.48,26.7,1,2007-05-16,0,,,6,,
2007-05-21,29.79,30.04,29.23,29.45,233044,25.11,24.74,1.22,68.86,26.43,26.17,30.92,30.92,0,,,26.43,26.7,1,2007-05-16,0,,,6,,
2007-05-22,29.16,29.48,28.28,29.04,128002,25.16,25.71,1.22,64.9,26.49,26.32,30.92,30.92,0,,,26.49,26.7,1,2007-05-16,0,,,6,,
2007-05-23,28.63,29.04,28.5,28.54,179580,25.21,26.03,1.17,60.34,26.3,26.46,30.92,30.92,0,,,26.3,26.7,1,2007-05-16,0,,,6,,
2007-05-24,28.85,28.85,28.16,28.28,92431,25.26,26.03,1.14,58.06,26.16,26.59,30.92,30.92,0,,,26.16,26.7,1,2007-05-16,0,,,6,,
2007-05-25,28.16,28.72,27.72,28.13,101628,25.3,26.03,1.13,56.73,26.07,26.72,30.92,30.92,0,,,26.07,26.7,1,2007-05-16,0,,,6,,
2007-05-28,30.73,31.36,28.32,30.14,280834,25.36,26.03,1.28,67.5,27.26,26.9,31.36,30.92,0,,,27.26,27.26,1,2007-05-16,0,,,6,,
2007-05-29,30.42,30.79,29.82,30.61,412987,25.41,26.03,1.26,69.41,27.58,27.12,31.36,31.36,0,,,27.58,27.58,1,2007-05-16,0,,,6,,
2007-05-30,30.08,31.68,30.08,31.39,316810,25.46,26.03,1.28,72.33,28.07,27.36,31.68,31.36,1,31.39,28.07,28.07,28.07,1,2007-05-16,0,,,6,,
2007-05-31,30.77,32.08,30.41,31.49,171466,25.51,26.03,1.31,72.69,28.12,27.59,32.08,31.68,0,,,28.12,28.12,1,2007-05-16,0,,,6,,
2007-06-01,28.77,31.95,28.77,30.83,90343,25.56,26.59,1.44,66.54,27.79,27.8,32.08,32.08,0,,,27.79,28.12,1,2007-05-16,0,,,6,,
2007-06-04,31.95,31.95,30.67,30.74,94714,25.61,26.59,1.43,65.73,27.74,28.0,32.08,32.08,0,,,27.74,28.12,1,2007-05-16,0,,,6,,
2007-06-05,29.85,32.37,29.85,31.75,614681,25.66,27.72,1.51,70.15,28.71,28.22,32.37,32.08,0,,,28.71,28.71,1,2007-05-16,0,,,6,,
2007-06-06,31.78,32.11,31.06,31.26,306905,25.72,27.72,1.48,65.72,28.42,28.42,32.37,32.37,0,,,28.42,28.71,1,2007-05-16,0,,,6,,
2007-06-07,31.13,32.04,30.74,31.62,304633,25.77,27.72,1.46,67.35,28.66,28.61,32.37,32.37,0,,,28.66,28.71,1,2007-05-16,0,,,6,,
2007-06-08,30.8,31.46,30.8,31.0,91531,25.82,27.72,1.42,61.89,28.29,28.79,32.37,32.37,0,,,28.29,28.71,1,2007-05-16,0,,,6,,
2007-06-11,31.39,31.72,29.43,30.64,288573,25.87,27.72,1.48,58.9,28.02,28.97,32.37,32.37,0,,,28.02,28.71,1,2007-05-16,0,,,6,,
2007-06-12,30.74,31.36,30.25,30.47,127971,25.92,27.72,1.45,57.49,27.92,29.14,32.37,32.37,0,,,27.92,28.71,1,2007-05-16,0,,,6,,
2007-06-13,30.25,31.03,30.08,30.64,88506,25.98,27.72,1.42,58.56,28.06,29.29,32.37,32.37,0,,,28.06,28.71,1,2007-05-16,0,,,6,,
2007-06-14,30.67,31.39,30.67,31.06,86429,26.05,27.72,1.37,61.16,28.36,29.4,32.37,32.37,0,,,28.36,28.71,1,2007-05-16,0,,,6,,
2007-06-15,31.32,31.72,31.26,31.39,163158,26.11,28.32,1.32,63.12,28.81,29.54,32.37,32.37,0,,,28.81,28.81,1,2007-05-16,0,,,6,,
2007-06-18,31.55,31.68,31.1,31.46,169950,26.18,28.77,1.27,63.54,29.04,29.68,32.37,32.37,0,,,29.04,29.04,1,2007-05-16,0,,,6,,
2007-06-19,31.39,31.88,31.39,31.78,161330,26.25,28.77,1.21,65.47,29.28,29.86,32.37,32.37,0,,,29.28,29.28,1,2007-05-16,0,,,6,,
2007-06-20,31.75,33.78,31.72,33.48,869881,26.32,28.77,1.27,73.51,30.34,30.08,33.78,32.37,1,33.48,30.34,30.34,30.34,1,2007-05-16,0,,,6,,
2007-06-21,33.68,34.14,32.76,33.35,517854,26.39,28.77,1.28,72.13,30.25,30.29,34.14,33.78,0,,,30.25,30.34,1,2007-05-16,0,,,6,,
2007-06-22,33.52,33.55,32.7,33.06,163944,26.45,29.43,1.25,69.01,30.3,30.5,34.14,34.14,0,,,30.3,30.34,1,2007-05-16,0,,,6,,
2007-06-25,33.03,33.03,32.31,32.5,222806,26.5,29.43,1.21,63.31,29.96,30.69,34.14,34.14,0,,,29.96,30.34,1,2007-05-16,0,,,6,,
2007-06-26,32.53,33.16,32.24,32.44,96645,26.56,29.43,1.19,62.72,29.94,30.85,34.14,34.14,0,,,29.94,30.34,1,2007-05-16,0,,,6,,
2007-06-27,32.47,33.29,32.04,32.7,618424,26.62,29.43,1.2,64.29,30.1,30.96,34.14,34.14,0,,,30.1,30.34,1,2007-05-16,0,,,6,,
2007-06-28,32.7,33.29,31.88,32.04,146303,26.68,29.43,1.21,57.64,29.67,31.03,34.14,34.14,0,,,29.67,30.34,1,2007-05-16,0,,,6,,
2007-06-29,32.04,33.55,32.04,32.99,201004,26.74,29.43,1.23,63.49,30.27,31.14,34.14,34.14,0,,,30.27,30.34,1,2007-05-16,0,,,6,,
2007-07-02,32.7,32.76,32.7,32.76,170328,26.8,30.08,1.17,61.29,30.38,31.25,34.14,34.14,0,,,30.38,30.38,1,2007-05-16,0,,,6,,
2007-07-03,33.03,33.22,32.7,32.73,149791,26.87,30.08,1.12,60.99,30.39,31.38,34.14,34.14,0,,,30.39,30.39,1,2007-05-16,0,,,6,,
2007-07-04,32.96,32.99,32.7,32.7,144192,26.92,30.67,1.06,60.67,30.61,31.51,34.14,34.14,0,,,30.61,30.61,1,2007-05-16,0,,,6,,
2007-07-05,32.99,33.68,32.73,33.35,483102,26.97,31.1,1.05,64.93,31.17,31.68,34.14,34.14,0,,,31.17,31.17,1,2007-05-16,0,,,6,,
2007-07-06,33.52,34.66,33.19,34.59,725641,27.04,31.1,1.08,71.31,31.95,31.9,34.66,34.14,1,34.59,31.95,31.95,31.95,1,2007-05-16,0,,,6,,
2007-07-09,34.66,34.82,33.35,33.88,563529,27.11,31.39,1.11,64.12,31.57,32.02,34.82,34.66,0,,,31.57,31.95,1,2007-05-16,0,,,6,,
2007-07-10,34.27,34.27,33.68,33.94,174846,27.16,31.72,1.07,64.44,31.75,32.13,34.82,34.82,0,,,31.75,31.95,1,2007-05-16,0,,,6,,
2007-07-11,33.42,34.66,33.42,33.97,122449,27.22,31.88,1.09,64.62,31.81,32.22,34.82,34.82,0,,,31.81,31.95,1,2007-05-16,0,,,6,,
2007-07-12,34.07,34.66,33.55,33.81,220263,27.28,31.88,1.09,62.86,31.71,32.3,34.82,34.82,0,,,31.71,31.95,1,2007-05-16,0,,,6,,
2007-07-13,34.56,34.59,33.42,33.74,155738,27.35,31.88,1.09,62.06,31.66,32.39,34.82,34.82,0,,,31.66,31.95,1,2007-05-16,0,,,6,,
2007-07-16,34.01,36.85,33.71,36.29,730313,27.43,31.88,1.24,74.66,33.21,32.58,36.85,34.82,1,36.29,33.21,33.21,33.21,1,2007-05-16,0,,,6,,
2007-07-17,37.21,39.37,36.03,36.88,647479,27.52,31.88,1.39,76.59,33.49,32.75,39.37,36.85,0,,,33.49,33.49,1,2007-05-16,0,,,6,,
2007-07-18,36.62,36.88,35.84,36.49,169563,27.6,31.88,1.36,72.64,33.25,32.93,39.37,39.37,0,,,33.25,33.49,1,2007-05-16,0,,,6,,
2007-07-19,36.62,37.86,36.36,36.92,149288,27.69,32.04,1.37,74.22,33.58,33.1,39.37,39.37,0,,,33.58,33.58,1,2007-05-16,0,,,6,,
2007-07-20,36.62,37.73,35.97,36.29,105922,27.77,32.7,1.4,68.03,33.37,33.28,39.37,39.37,0,,,33.37,33.58,1,2007-05-16,0,,,6,,
2007-07-23,36.56,36.56,35.51,35.87,107096,27.85,32.7,1.38,64.18,33.12,33.45,39.37,39.37,0,,,33.12,33.58,1,2007-05-16,0,,,6,,
2007-07-24,36.07,36.88,35.87,36.07,110836,27.93,32.7,1.35,65.19,33.26,33.64,39.37,39.37,0,,,33.26,33.58,1,2007-05-16,0,,,6,,
2007-07-25,35.35,37.96,35.35,37.24,392838,28.01,32.73,1.44,70.44,33.97,33.86,39.37,39.37,0,,,33.97,33.97,1,2007-05-16,0,,,6,,
2007-07-26,38.0,38.98,36.62,36.79,232085,28.1,33.19,1.51,66.3,33.79,34.05,39.37,39.37,0,,,33.79,33.97,1,2007-05-16,0,,,6,,
2007-07-27,36.46,36.62,34.79,35.09,135672,28.17,33.35,1.54,53.5,32.72,34.17,39.37,39.37,0,,,32.72,33.97,1,2007-05-16,0,,,6,,
2007-07-30,35.31,36.62,34.01,35.9,105140,28.24,33.42,1.62,57.69,33.22,34.32,39.37,39.37,0,,,33.22,33.97,1,2007-05-16,0,,,6,,
2007-07-31,35.97,36.59,34.99,35.94,125145,28.31,33.42,1.62,57.9,33.24,34.46,39.37,39.37,0,,,33.24,33.97,1,2007-05-16,0,,,6,,
2007-08-01,35.9,35.9,33.81,34.04,99678,28.37,33.42,1.65,46.54,31.99,34.48,39.37,39.37,0,,,31.99,33.97,1,2007-05-16,1,33.97,TRAILING_STOP,6,56,15.5
2007-08-02,34.66,35.58,33.78,34.63,121514,28.44,33.42,1.66,49.83,32.37,34.52,39.37,39.37,0,,,32.37,,0,,0,,,,,
2007-08-03,35.22,35.84,34.3,34.3,66301,28.5,33.71,1.65,48.05,32.26,34.56,39.37,39.37,0,,,32.26,,0,,0,,,,,
2007-08-06,33.38,34.5,33.38,34.1,87194,28.56,33.38,1.62,46.96,32.04,34.62,39.37,39.37,0,,,32.04,,0,,0,,,,,
2007-08-07,34.66,35.05,34.43,34.59,85212,28.63,33.38,1.57,49.96,32.39,34.69,39.37,39.37,0,,,32.39,,0,,0,,,,,
2007-08-08,35.18,35.51,34.76,35.09,90184,28.69,33.38,1.52,52.9,32.74,34.77,39.37,39.37,0,,,32.74,,0,,0,,,,,
2007-08-09,35.71,35.74,34.07,34.27,81883,28.75,33.38,1.53,47.93,32.21,34.84,39.37,39.37,0,,,32.21,,0,,0,,,,,
2007-08-10,32.08,34.33,32.08,34.23,81122,28.81,32.08,1.58,47.7,31.72,34.88,39.37,39.37,0,,,31.72,,0,,0,,,,,
2007-08-13,34.59,35.58,34.53,35.15,98710,28.87,32.08,1.57,53.37,32.32,34.96,39.37,39.37,0,,,32.32,,0,,0,,,,,
2007-08-14,35.31,35.58,34.5,34.63,71022,28.93,32.08,1.53,50.06,32.01,35.03,38.98,39.37,0,,,32.01,,0,,0,,,,,
2007-08-16,32.8,33.94,32.8,33.35,134890,28.98,32.08,1.55,43.01,31.17,35.05,38.98,38.98,0,,,31.17,,0,,0,,,,,
2007-08-17,35.02,35.02,31.72,31.88,226583,29.02,31.72,1.68,36.62,30.02,35.0,38.98,38.98,0,,,30.02,,0,,0,,,,,
2007-08-20,33.88,33.88,31.78,32.08,110074,29.06,31.72,1.71,37.97,30.13,34.92,38.98,38.98,0,,,30.13,,0,,0,,,,,
2007-08-21,31.85,32.53,31.39,31.39,147136,29.08,31.39,1.67,35.19,29.6,34.83,38.98,38.98,0,,,29.6,,0,,0,,,,,
2007-08-22,31.72,31.95,31.39,31.42,111175,29.1,31.39,1.59,35.41,29.67,34.75,38.98,38.98,0,,,29.67,,0,,0,,,,,
2007-08-23,31.98,32.44,31.39,31.42,136064,29.12,31.39,1.55,35.41,29.7,34.66,38.98,38.98,0,,,29.7,,0,,0,,,,,
2007-08-24,31.91,31.91,31.42,31.65,41255,29.13,31.39,1.47,37.32,29.89,34.59,36.62,38.98,0,,,29.89,,0,,0,,,,,
2007-08-27,32.04,32.44,31.85,32.24,55372,29.15,31.39,1.43,42.04,30.31,34.54,36.62,36.62,0,,,30.31,,0,,0,,,,,
2007-08-28,32.63,34.01,32.37,33.58,154105,29.16,31.39,1.45,51.07,31.16,34.45,36.59,36.62,0,,,31.16,,0,,0,,,,,
2007-08-29,32.17,33.97,32.17,33.68,74344,29.19,31.39,1.48,51.67,31.2,34.34,35.9,36.59,0,,,31.2,,0,,0,,,,,
2007-08-30,34.46,35.77,33.88,35.58,176759,29.23,31.39,1.52,61.42,32.4,34.31,35.84,35.9,0,,,32.4,,0,,0,,,,,
2007-08-31,34.66,35.97,33.88,34.69,131527,29.28,31.39,1.56,55.75,31.8,34.24,35.97,35.84,0,,,31.8,,0,,0,,,,,
2007-09-03,34.66,36.1,34.66,35.48,118451,29.32,31.39,1.55,59.34,32.31,34.21,36.1,35.97,0,,,32.31,,0,,0,,,,,
2007-09-04,35.77,36.16,35.12,35.31,87718,29.36,31.39,1.51,58.24,32.23,34.19,36.16,36.1,0,,,32.23,,0,,0,,,,,
2007-09-05,35.84,35.84,34.76,35.02,86283,29.4,31.39,1.48,56.33,32.06,34.16,36.16,36.16,0,,,32.06,,0,,0,,,,,
2007-09-06,35.44,35.44,34.43,35.25,128172,29.45,31.39,1.45,57.52,32.23,34.09,36.16,36.16,0,,,32.23,,0,,0,,,,,
2007-09-07,35.64,35.8,34.92,35.18,81024,29.5,31.39,1.41,57.01,32.21,34.04,36.16,36.16,0,,,32.21,,0,,0,,,,,
2007-09-10,34.66,35.15,34.59,34.79,60393,29.56,31.39,1.35,54.14,32.0,34.03,36.16,36.16,0,,,32.0,,0,,0,,,,,
2007-09-11,35.15,35.64,34.99,35.25,101716,29.62,31.39,1.32,56.9,32.32,34.01,36.16,36.16,0,,,32.32,,0,,0,,,,,
2007-09-12,35.74,36.75,35.35,36.0,168408,29.68,31.39,1.33,61.02,32.8,34.01,36.75,36.16,0,,,32.8,,0,,0,,,,,
2007-09-13,36.49,36.62,35.97,36.2,112960,29.75,31.42,1.28,62.06,32.97,34.08,36.75,36.75,0,,,32.97,,0,,0,,,,,
2007-09-14,36.62,37.05,35.97,36.0,123705,29.82,31.85,1.27,60.33,32.99,34.13,37.05,36.75,0,,,32.99,,0,,0,,,,,
2007-09-17,35.97,36.13,35.38,35.58,83442,29.88,32.17,1.23,56.74,32.85,34.17,37.05,37.05,0,,,32.85,,0,,0,,,,,
2007-09-18,35.64,36.95,35.12,36.69,158824,29.95,32.17,1.27,63.0,33.54,34.26,37.05,37.05,0,,,33.54,,0,,0,,,,,
2007-09-19,37.93,43.06,37.93,38.42,813271,30.03,33.88,1.64,70.24,34.98,34.38,43.06,37.05,1,38.42,34.98,34.98,34.98,1,2007-09-19,0,,,7,,
2007-09-20,40.15,40.15,38.32,38.68,376419,30.11,33.88,1.65,71.15,35.14,34.5,43.06,43.06,0,,,35.14,35.14,1,2007-09-19,0,,,7,,
2007-09-21,39.11,39.4,38.26,39.27,318671,30.2,34.43,1.61,73.16,35.73,34.67,43.06,43.06,0,,,35.73,35.73,1,2007-09-19,0,,,7,,
2007-09-24,39.76,40.15,39.24,39.66,289435,30.29,34.43,1.56,74.43,36.02,34.85,43.06,43.06,0,,,36.02,36.02,1,2007-09-19,0,,,7,,
2007-09-25,40.15,40.15,38.75,39.04,189908,30.38,34.43,1.55,68.86,35.62,34.98,43.06,43.06,0,,,35.62,36.02,1,2007-09-19,0,,,7,,
2007-09-26,39.89,42.47,38.26,40.35,636359,30.48,34.43,1.74,73.39,36.34,35.17,43.06,43.06,0,,,36.34,36.34,1,2007-09-19,0,,,7,,
2007-09-27,42.41,42.41,39.43,39.76,223169,30.58,34.59,1.83,68.55,35.96,35.38,43.06,43.06,0,,,35.96,36.34,1,2007-09-19,0,,,7,,
2007-09-28,39.79,41.2,39.3,40.32,290718,30.68,34.59,1.83,70.54,36.31,35.67,43.06,43.06,0,,,36.31,36.34,1,2007-09-19,0,,,7,,
2007-10-01,39.79,40.87,38.91,39.89,449784,30.78,34.99,1.84,67.03,36.16,35.93,43.06,43.06,0,,,36.16,36.34,1,2007-09-19,0,,,7,,
2007-10-03,40.25,40.74,39.89,40.64,409268,30.89,35.12,1.77,69.85,36.74,36.23,43.06,43.06,0,,,36.74,36.74,1,2007-09-19,0,,,7,,
2007-10-04,40.35,40.55,38.94,39.27,220641,30.99,35.12,1.77,59.81,35.86,36.5,43.06,43.06,0,,,35.86,36.74,1,2007-09-19,0,,,7,,
2007-10-05,39.89,39.89,38.94,39.37,156517,31.09,35.12,1.71,60.26,35.96,36.76,43.06,43.06,0,,,35.96,36.74,1,2007-09-19,0,,,7,,
2007-10-08,39.4,39.4,35.94,38.58,226236,31.18,35.12,1.83,55.03,35.37,36.99,43.06,43.06,0,,,35.37,36.74,1,2007-09-19,1,36.74,TRAILING_STOP,7,13,-4.38
2007-10-09,36.33,38.26,36.13,38.06,181104,31.27,35.12,1.88,51.84,35.0,37.19,43.06,43.06,0,,,35.0,,0,,0,,,,,
2007-10-10,37.93,38.58,37.28,37.86,949533,31.36,35.94,1.84,50.63,35.18,37.33,43.06,43.06,0,,,35.18,,0,,0,,,,,
2007-10-11,37.31,39.24,36.79,37.41,108673,31.45,35.94,1.88,47.9,34.86,37.45,43.06,43.06,0,,,34.86,,0,,0,,,,,
2007-10-12,36.82,38.16,36.75,37.28,229625,31.54,35.94,1.85,47.12,34.79,37.51,43.06,43.06,0,,,34.79,,0,,0,,,,,
2007-10-15,37.57,38.06,36.69,36.88,121433,31.62,35.94,1.81,44.68,34.56,37.58,43.06,43.06,0,,,34.56,,0,,0,,,,,
2007-10-16,36.95,37.5,36.1,36.43,132535,31.7,35.94,1.78,42.05,34.29,37.61,43.06,43.06,0,,,34.29,,0,,0,,,,,
2007-10-17,34.99,35.61,32.86,34.86,160458,31.77,32.86,1.91,34.43,32.16,37.6,43.06,43.06,0,,,32.16,,0,,0,,,,,
2007-10-18,36.62,37.24,35.12,36.16,176268,31.85,32.86,1.94,43.55,32.98,37.64,42.47,43.06,0,,,32.98,,0,,0,,,,,
2007-10-19,33.81,35.31,33.52,34.69,114604,31.92,32.86,1.99,37.24,32.0,37.62,42.47,42.47,0,,,32.0,,0,,0,,,,,
2007-10-22,33.03,35.35,33.03,35.15,60253,32.0,32.86,2.02,40.16,32.28,37.62,42.47,42.47,0,,,32.28,,0,,0,,,,,
2007-10-23,38.32,38.32,35.18,36.56,116791,32.08,32.86,2.1,48.13,33.13,37.68,42.47,42.47,0,,,33.13,,0,,0,,,,,
2007-10-24,37.57,40.15,37.34,37.83,772419,32.15,32.86,2.21,54.07,33.88,37.76,42.47,42.47,0,,,33.88,,0,,0,,,,,
2007-10-25,37.83,40.41,37.83,38.39,451927,32.24,32.86,2.23,56.44,34.23,37.84,42.41,42.47,0,,,34.23,,0,,0,,,,,
2007-10-26,38.52,38.88,37.31,38.65,429668,32.33,32.86,2.19,57.53,34.43,37.92,41.2,42.41,0,,,34.43,,0,,0,,,,,
2007-10-29,39.17,40.35,38.85,38.98,284990,32.42,32.86,2.15,58.94,34.66,38.02,40.87,41.2,0,,,34.66,,0,,0,,,,,
2007-10-30,39.24,39.24,37.28,38.32,470144,32.51,32.86,2.14,55.01,34.24,38.12,40.74,40.87,0,,,34.24,,0,,0,,,,,
2007-10-31,38.88,38.88,37.93,38.49,139124,32.61,32.86,2.05,55.82,34.41,38.17,40.55,40.74,0,,,34.41,,0,,0,,,,,
2007-11-01,38.65,38.98,37.34,37.96,431394,32.7,32.86,2.02,52.61,34.09,38.16,40.41,40.55,0,,,34.09,,0,,0,,,,,
2007-11-02,36.49,40.55,36.46,39.21,280634,32.8,32.86,2.17,58.65,34.8,38.18,40.55,40.41,0,,,34.8,,0,,0,,,,,
2007-11-05,39.89,42.83,39.4,42.38,824732,32.93,32.86,2.27,69.33,36.77,38.28,42.83,40.55,1,42.38,36.77,36.77,36.77,1,2007-11-05,0,,,8,,
2007-11-06,42.51,45.06,40.58,41.36,408609,33.04,32.86,2.43,63.64,36.01,38.34,45.06,42.83,0,,,36.01,36.77,1,2007-11-05,0,,,8,,
2007-11-07,42.61,44.89,41.85,43.36,661925,33.17,33.03,2.51,69.01,37.3,38.48,45.06,45.06,0,,,37.3,37.3,1,2007-11-05,0,,,8,,
2007-11-08,43.03,43.75,37.93,43.32,216997,33.29,33.03,2.75,68.79,37.12,38.58,45.06,45.06,0,,,37.12,37.3,1,2007-11-05,0,,,8,,
2007-11-12,42.51,46.37,42.51,45.84,525268,33.44,33.03,2.83,74.32,38.69,38.78,46.37,45.06,1,45.84,38.69,38.69,38.69,1,2007-11-05,0,,,8,,
2007-11-13,45.78,48.88,45.25,48.3,578871,33.6,35.18,2.88,78.35,40.96,39.05,48.88,46.37,0,,,40.96,40.96,1,2007-11-05,0,,,8,,
2007-11-14,49.34,51.43,47.74,49.21,668151,33.76,36.46,2.94,79.62,41.93,39.36,51.43,48.88,0,,,41.93,41.93,1,2007-11-05,0,,,8,,
2007-11-15,49.37,50.68,48.46,48.82,244334,33.93,36.46,2.89,77.52,41.72,39.63,51.43,51.43,0,,,41.72,41.93,1,2007-11-05,0,,,8,,
2007-11-16,48.88,51.17,47.09,49.86,213224,34.1,36.46,2.97,79.11,42.33,39.99,51.43,51.43,0,,,42.33,42.33,1,2007-11-05,0,,,8,,
2007-11-19,49.05,54.83,49.05,52.77,435950,34.29,36.46,3.18,82.77,44.07,40.43,54.83,51.43,1,52.77,44.07,44.07,44.07,1,2007-11-05,0,,,8,,
2007-11-20,53.59,55.91,52.97,53.56,389255,34.48,36.46,3.17,83.61,44.58,40.93,55.91,54.83,0,,,44.58,44.58,1,2007-11-05,0,,,8,,
2007-11-21,52.45,54.87,51.17,52.19,230093,34.67,36.46,3.21,76.63,43.68,41.4,55.91,55.91,0,,,43.68,44.58,1,2007-11-05,0,,,8,,
2007-11-22,51.34,52.97,49.05,50.29,170265,34.84,36.46,3.26,68.13,42.42,41.82,55.91,55.91,0,,,42.42,44.58,1,2007-11-05,0,,,8,,
2007-11-23,51.21,51.99,49.7,49.96,74317,35.0,36.46,3.19,66.75,42.25,42.24,55.91,55.91,0,,,42.25,44.58,1,2007-11-05,0,,,8,,
2007-11-26,51.92,52.19,49.7,50.29,82191,35.17,37.93,3.14,67.46,42.99,42.67,55.91,55.91,0,,,42.99,44.58,1,2007-11-05,0,,,8,,
2007-11-27,50.29,50.62,47.41,49.93,177546,35.33,37.93,3.15,65.81,42.75,43.1,55.91,55.91,0,,,42.75,44.58,1,2007-11-05,0,,,8,,
2007-11-28,51.01,51.73,50.03,50.68,94997,35.5,37.93,3.05,67.59,43.3,43.58,55.91,55.91,0,,,43.3,44.58,1,2007-11-05,0,,,8,,
2007-11-29,50.36,51.92,49.7,49.93,56842,35.66,37.93,2.99,63.99,42.85,44.08,55.91,55.91,0,,,42.85,44.58,1,2007-11-05,0,,,8,,
2007-11-30,51.34,51.34,49.7,50.26,64260,35.82,42.51,2.89,64.88,44.66,44.55,55.91,55.91,0,,,44.66,44.66,1,2007-11-05,0,,,8,,
2007-12-03,50.36,51.34,49.7,49.8,159536,35.98,45.25,2.8,62.57,45.33,45.05,55.91,55.91,0,,,45.33,45.33,1,2007-11-05,0,,,8,,
2007-12-04,51.11,51.11,49.77,50.13,65438,36.13,47.09,2.7,63.57,46.23,45.55,55.91,55.91,0,,,46.23,46.23,1,2007-11-05,0,,,8,,
2007-12-05,49.86,52.94,49.34,52.19,208287,36.3,47.09,2.76,69.13,47.52,46.08,55.91,55.91,0,,,47.52,47.52,1,2007-11-05,0,,,8,,
2007-12-06,53.59,56.89,52.32,53.43,531912,36.47,47.09,2.9,71.9,48.22,46.6,56.89,55.91,0,,,48.22,48.22,1,2007-11-05,0,,,8,,
2007-12-07,53.62,55.52,51.66,52.48,240460,36.65,47.41,2.97,66.94,47.67,47.07,56.89,56.89,0,,,47.67,48.22,1,2007-11-05,0,,,8,,
2007-12-10,52.94,55.39,51.27,51.86,214040,36.81,47.41,3.05,63.84,47.22,47.51,56.89,56.89,0,,,47.22,48.22,1,2007-11-05,0,,,8,,
2007-12-11,53.62,56.24,52.32,55.65,527826,37.0,47.41,3.15,72.29,49.6,48.06,56.89,56.89,0,,,49.6,49.6,1,2007-11-05,0,,,8,,
2007-12-12,53.3,56.24,52.91,55.68,312033,37.2,47.41,3.16,72.34,49.61,48.64,56.89,56.89,0,,,49.61,49.61,1,2007-11-05,0,,,8,,
2007-12-13,56.53,56.53,54.93,55.16,145337,37.39,47.41,3.05,69.75,49.35,49.2,56.89,56.89,0,,,49.35,49.61,1,2007-11-05,0,,,8,,
2007-12-14,54.9,55.46,53.72,54.44,105234,37.56,47.41,2.96,66.22,48.95,49.74,56.89,56.89,0,,,48.95,49.61,1,2007-11-05,0,,,8,,
2007-12-17,54.28,54.57,50.42,51.11,165742,37.71,47.41,3.04,52.88,46.74,50.14,56.89,56.89,0,,,46.74,49.61,1,2007-11-05,0,,,8,,
2007-12-18,51.17,51.66,49.54,51.6,224226,37.85,49.34,2.98,54.34,47.75,50.45,56.89,56.89,0,,,47.75,49.61,1,2007-11-05,1,49.61,TRAILING_STOP,8,31,17.06
2007-12-19,53.62,53.62,51.07,51.89,75110,38.0,49.34,2.95,55.22,47.95,50.8,56.89,56.89,0,,,47.95,,0,,0,,,,,
2007-12-20,51.83,52.32,50.68,50.81,56250,38.15,49.34,2.85,51.25,47.32,51.05,56.89,56.89,0,,,47.32,,0,,0,,,,,
2007-12-24,52.19,52.32,50.49,50.91,62668,38.29,49.34,2.78,51.59,47.43,51.3,56.89,56.89,0,,,47.43,,0,,0,,,,,
2007-12-26,52.02,52.02,51.01,51.53,54249,38.44,49.34,2.66,53.79,47.91,51.49,56.89,56.89,0,,,47.91,,0,,0,,,,,
2007-12-27,52.19,52.22,51.07,51.7,53928,38.6,49.34,2.55,54.4,48.09,51.6,56.89,56.89,0,,,48.09,,0,,0,,,,,
2007-12-28,51.01,52.06,51.01,51.47,71858,38.76,49.54,2.44,53.37,48.08,51.68,56.89,56.89,0,,,48.08,,0,,0,,,,,
2007-12-31,52.19,54.21,52.06,52.74,183340,38.91,49.54,2.47,58.09,48.89,51.81,56.89,56.89,0,,,48.89,,0,,0,,,,,
2008-01-01,52.97,57.52,51.76,56.5,559275,39.08,49.54,2.7,68.31,51.16,52.03,57.52,56.89,0,,,51.16,,0,,0,,,,,
2008-01-02,57.55,61.15,56.8,59.28,1170958,39.27,49.54,2.84,73.46,52.86,52.25,61.15,57.52,1,59.28,52.86,52.86,52.86,1,2008-01-02,0,,,9,,
2008-01-03,59.51,61.73,58.27,58.79,785348,39.45,49.54,2.88,71.26,52.51,52.42,61.73,61.15,0,,,52.51,52.86,1,2008-01-02,0,,,9,,
2008-01-04,59.18,62.39,58.07,60.75,822394,39.65,49.54,2.99,74.54,53.71,52.71,62.39,61.73,0,,,53.71,53.71,1,2008-01-02,0,,,9,,
2008-01-07,60.82,63.27,60.16,61.64,509577,39.85,49.54,3.0,75.89,54.27,53.09,63.27,62.39,0,,,54.27,54.27,1,2008-01-02,0,,,9,,
2008-01-08,62.13,62.13,55.52,58.59,580848,40.03,49.54,3.25,63.49,52.13,53.37,63.27,63.27,0,,,52.13,54.27,1,2008-01-02,0,,,9,,
2008-01-09,58.79,58.79,56.24,57.09,187772,40.2,49.54,3.2,58.44,51.2,53.6,63.27,63.27,0,,,51.2,54.27,1,2008-01-02,0,,,9,,
2008-01-10,56.96,57.81,54.61,55.26,149460,40.36,50.49,3.2,52.9,50.34,53.78,63.27,63.27,0,,,50.34,54.27,1,2008-01-02,0,,,9,,
2008-01-11,54.61,55.52,50.45,53.72,152622,40.51,50.45,3.34,48.72,49.24,53.88,63.27,63.27,0,,,49.24,54.27,1,2008-01-02,1,54.27,TRAILING_STOP,9,8,-8.44
2008-01-14,53.66,56.53,52.97,55.98,202956,40.68,50.45,3.35,54.42,50.69,54.08,63.27,63.27,0,,,50.69,,0,,0,,,,,
2008-01-15,56.53,57.09,54.28,55.85,126372,40.85,50.45,3.31,54.04,50.63,54.27,63.27,63.27,0,,,50.63,,0,,0,,,,,
2008-01-16,56.83,56.89,50.78,55.46,213107,41.02,50.45,3.51,52.88,50.25,54.46,63.27,63.27,0,,,50.25,,0,,0,,,,,
2008-01-17,55.26,56.5,54.67,55.26,76535,41.18,50.45,3.39,52.25,50.2,54.63,63.27,63.27,0,,,50.2,,0,,0,,,,,
2008-01-18,53.66,55.26,52.32,53.17,161259,41.32,50.45,3.36,46.14,48.87,54.66,63.27,63.27,0,,,48.87,,0,,0,,,,,
2008-01-21,54.67,60.49,45.16,47.87,155266,41.43,45.16,4.22,34.96,43.12,54.47,63.27,63.27,0,,,43.12,,0,,0,,,,,
2008-01-22,44.47,50.19,37.93,48.16,154802,41.54,37.93,4.79,35.87,40.51,54.33,63.27,63.27,0,,,40.51,,0,,0,,,,,
2008-01-23,52.32,52.97,48.39,50.85,176693,41.66,37.93,4.79,43.78,42.25,54.3,63.27,63.27,0,,,42.25,,0,,0,,,,,
2008-01-24,53.62,56.18,48.39,50.58,209646,41.77,37.93,5.01,43.2,41.93,54.13,63.27,63.27,0,,,41.93,,0,,0,,,,,
2008-01-25,52.84,55.59,52.02,55.23,258277,41.92,37.93,5.01,54.34,44.93,54.11,63.27,63.27,0,,,44.93,,0,,0,,,,,
2008-01-28,54.93,54.93,51.01,54.54,188592,42.07,37.93,4.95,52.69,44.52,54.09,63.27,63.27,0,,,44.52,,0,,0,,,,,
2008-01-29,55.59,56.89,52.02,52.71,143705,42.2,37.93,4.94,48.48,43.35,54.03,63.27,63.27,0,,,43.35,,0,,0,,,,,
2008-01-30,52.84,53.59,50.36,50.88,87043,42.32,37.93,4.82,44.64,42.25,54.03,63.27,63.27,0,,,42.25,,0,,0,,,,,
2008-01-31,52.19,52.19,49.08,50.16,52723,42.44,37.93,4.7,43.19,41.86,53.98,63.27,63.27,0,,,41.86,,0,,0,,,,,
2008-02-01,51.07,51.92,48.49,49.6,77429,42.55,37.93,4.61,42.05,41.56,53.9,63.27,63.27,0,,,41.56,,0,,0,,,,,
2008-02-04,51.6,51.99,50.39,51.07,123002,42.68,37.93,4.45,46.08,42.62,53.91,62.13,63.27,0,,,42.62,,0,,0,,,,,
2008-02-05,52.22,52.22,50.03,51.24,64887,42.8,37.93,4.29,46.55,42.83,53.92,60.49,62.13,0,,,42.83,,0,,0,,,,,
2008-02-06,49.41,50.85,45.84,50.26,90745,42.92,37.93,4.37,44.19,42.15,53.88,60.49,60.49,0,,,42.15,,0,,0,,,,,
2008-02-07,49.7,50.36,48.07,48.49,94446,43.02,37.93,4.22,40.23,41.11,53.77,60.49,60.49,0,,,41.11,,0,,0,,,,,
2008-02-08,47.84,50.03,46.53,47.48,88750,43.1,37.93,4.17,38.12,40.49,53.64,60.49,60.49,0,,,40.49,,0,,0,,,,,
2008-02-11,47.09,47.09,42.87,44.7,86683,43.18,37.93,4.2,33.01,38.67,53.37,60.49,60.49,0,,,38.67,,0,,0,,,,,
2008-02-12,49.7,50.22,43.26,43.55,51861,43.24,42.87,4.4,31.15,39.45,52.94,60.49,60.49,0,,,39.45,,0,,0,,,,,
2008-02-13,43.55,45.71,42.7,43.32,54984,43.3,42.7,4.3,30.78,39.31,52.41,60.49,60.49,0,,,39.31,,0,,0,,,,,
2008-02-14,45.71,45.71,44.14,44.53,146777,43.37,42.7,4.16,35.18,40.18,51.93,60.49,60.49,0,,,40.18,,0,,0,,,,,
2008-02-15,43.16,44.47,43.16,43.78,195585,43.44,42.7,3.96,33.75,39.83,51.37,60.49,60.49,0,,,39.83,,0,,0,,,,,
2008-02-18,44.47,44.73,43.26,43.46,172771,43.49,42.7,3.78,33.13,39.74,50.76,56.89,60.49,0,,,39.74,,0,,0,,,,,
2008-02-19,43.52,44.8,43.29,43.65,172368,43.53,42.7,3.62,33.91,39.97,50.26,56.89,56.89,0,,,39.97,,0,,0,,,,,
2008-02-20,43.16,43.82,41.92,42.8,80869,43.58,41.92,3.5,32.11,39.25,49.79,56.89,56.89,0,,,39.25,,0,,0,,,,,
2008-02-21,43.72,43.82,40.02,41.2,144137,43.6,40.02,3.52,28.99,37.57,49.32,56.89,56.89,0,,,37.57,,0,,0,,,,,
2008-02-22,42.44,42.44,39.5,39.76,159627,43.63,39.5,3.48,26.5,36.49,48.85,56.89,56.89,0,,,36.49,,0,,0,,,,,
2008-02-25,40.55,40.97,39.92,40.61,72138,43.66,39.5,3.32,30.31,37.15,48.34,56.89,56.89,0,,,37.15,,0,,0,,,,,
2008-02-26,41.2,41.2,37.34,37.8,678122,43.67,37.34,3.36,25.59,34.59,47.74,53.59,56.89,0,,,34.59,,0,,0,,,,,
2008-02-27,38.75,39.83,37.6,37.96,394953,43.68,37.34,3.28,26.29,34.75,47.16,52.22,53.59,0,,,34.75,,0,,0,,,,,
2008-02-28,38.58,38.58,36.49,36.62,297262,43.67,36.49,3.19,24.23,33.66,46.53,52.22,52.22,0,,,33.66,,0,,0,,,,,
2008-02-29,37.28,37.28,33.88,36.36,842912,43.68,33.88,3.21,23.84,32.61,45.97,52.22,52.22,0,,,32.61,,0,,0,,,,,
2008-03-03,34.73,35.94,34.66,35.12,179115,43.68,33.88,3.1,22.01,31.88,45.55,52.22,52.22,0,,,31.88,,0,,0,,,,,
2008-03-04,35.31,35.31,33.35,33.81,162217,43.66,33.35,3.02,20.24,30.91,45.07,50.85,52.22,0,,,30.91,,0,,0,,,,,
2008-03-05,34.01,34.04,32.5,32.8,295979,43.66,32.5,2.91,18.98,30.05,44.47,50.36,50.85,0,,,30.05,,0,,0,,,,,
2008-03-07,30.08,32.37,30.08,31.13,200524,43.63,30.08,2.9,17.08,28.17,43.82,50.22,50.36,0,,,28.17,,0,,0,,,,,
2008-03-10,30.74,31.91,28.87,30.11,287038,43.6,28.87,2.91,16.03,27.11,42.98,50.22,50.22,0,,,27.11,,0,,0,,,,,
2008-03-11,29.76,36.16,29.76,35.64,365434,43.61,28.87,3.16,38.28,30.51,42.35,50.22,50.22,0,,,30.51,,0,,0,,,,,
2008-03-12,37.86,38.91,33.71,34.3,424989,43.61,28.87,3.3,35.8,29.54,41.74,45.71,50.22,0,,,29.54,,0,,0,,,,,
2008-03-13,31.49,35.25,31.39,32.63,222533,43.6,28.87,3.34,32.94,28.44,41.13,45.71,45.71,0,,,28.44,,0,,0,,,,,
2008-03-14,34.01,37.28,32.08,32.21,142459,43.58,28.87,3.48,32.24,28.08,40.53,44.8,45.71,0,,,28.08,,0,,0,,,,,
2008-03-17,31.32,32.04,29.43,30.57,165539,43.56,28.87,3.43,29.61,27.06,39.9,44.8,44.8,0,,,27.06,,0,,0,,,,,
2008-03-18,30.57,31.91,30.11,30.41,100548,43.53,28.87,3.31,29.36,27.03,39.21,44.8,44.8,0,,,27.03,,0,,0,,,,,
2008-03-19,33.35,33.35,28.81,29.4,137694,43.49,28.81,3.4,27.75,26.3,38.48,43.82,44.8,0,,,26.3,,0,,0,,,,,
2008-03-24,30.15,30.15,27.7,28.12,102644,43.46,27.7,3.33,25.82,25.15,37.74,43.82,43.82,0,,,25.15,,0,,0,,,,,
2008-03-25,28.84,31.06,27.47,30.47,206105,43.45,27.47,3.35,34.78,26.58,37.14,42.44,43.82,0,,,26.58,,0,,0,,,,,
2008-03-26,31.36,31.72,30.25,31.16,116111,43.44,27.47,3.21,37.18,27.11,36.6,41.2,42.44,0,,,27.11,,0,,0,,,,,
2008-03-27,30.87,31.36,30.15,30.77,69024,43.44,27.47,3.07,36.37,26.96,36.14,41.2,41.2,0,,,26.96,,0,,0,,,,,
2008-03-28,31.06,31.65,30.8,31.52,67390,43.44,27.47,2.91,39.13,27.54,35.73,39.83,41.2,0,,,27.54,,0,,0,,,,,
2008-03-31,31.39,33.29,29.2,32.99,311246,43.45,27.47,3.0,44.24,28.44,35.39,38.91,39.83,0,,,28.44,,0,,0,,,,,
2008-04-01,32.83,32.86,31.42,31.85,44402,43.45,27.47,2.9,41.34,27.77,34.97,38.91,38.91,0,,,27.77,,0,,0,,,,,
2008-04-02,31.85,33.68,31.85,32.4,88137,43.45,27.47,2.82,43.27,28.17,34.59,38.91,38.91,0,,,28.17,,0,,0,,,,,
2008-04-03,32.96,35.25,32.08,33.97,160308,43.45,27.47,2.85,48.48,29.17,34.27,38.91,38.91,0,,,29.17,,0,,0,,,,,
2008-04-04,33.42,34.4,32.14,32.37,66858,43.44,27.47,2.8,44.04,28.17,33.9,38.91,38.91,0,,,28.17,,0,,0,,,,,
2008-04-07,32.67,32.86,31.65,32.67,64767,43.42,27.47,2.69,45.06,28.44,33.56,38.91,38.91,0,,,28.44,,0,,0,,,,,
2008-04-08,32.63,33.29,32.08,32.6,49561,43.41,27.47,2.58,44.85,28.46,33.27,38.91,38.91,0,,,28.46,,0,,0,,,,,
2008-04-09,32.44,33.06,32.21,32.76,32680,43.39,27.47,2.46,45.46,28.65,33.04,38.91,38.91,0,,,28.65,,0,,0,,,,,
2008-04-10,32.76,33.35,32.5,32.73,43427,43.38,27.47,2.35,45.36,28.7,32.78,38.91,38.91,0,,,28.7,,0,,0,,,,,
2008-04-11,33.03,33.61,32.93,33.38,56173,43.36,27.47,2.24,48.06,29.19,32.63,37.28,38.91,0,,,29.19,,0,,0,,,,,
2008-04-15,33.29,33.61,32.7,33.19,40913,43.35,27.47,2.15,47.33,29.13,32.47,37.28,37.28,0,,,29.13,,0,,0,,,,,
2008-04-16,33.68,34.66,33.16,33.58,56681,43.34,29.2,2.1,49.05,29.99,32.37,35.25,37.28,0,,,29.99,,0,,0,,,,,
2008-04-17,33.68,35.9,33.09,34.82,2819144,43.34,29.2,2.15,54.19,30.76,32.32,35.9,35.25,0,,,30.76,,0,,0,,,,,
2008-04-21,34.01,36.03,34.01,35.71,327433,43.34,29.2,2.14,57.5,31.34,32.34,36.03,35.9,0,,,31.34,,0,,0,,,,,
2008-04-22,36.56,36.56,35.31,35.84,164180,43.34,29.2,2.08,57.98,31.47,32.4,36.56,36.03,0,,,31.47,,0,,0,,,,,
2008-04-23,35.97,35.97,34.66,34.89,103952,43.33,31.42,2.02,53.26,31.63,32.47,36.56,36.56,0,,,31.63,,0,,0,,,,,
2008-04-24,34.79,35.8,34.66,34.73,54486,43.33,31.65,1.96,52.49,31.64,32.59,36.56,36.56,0,,,31.64,,0,,0,,,,,
2008-04-25,35.12,35.41,34.66,35.25,74138,43.32,31.65,1.87,54.79,32.04,32.76,36.56,36.56,0,,,32.04,,0,,0,,,,,
2008-04-28,35.58,37.24,35.58,36.82,2451320,43.32,31.65,1.88,60.94,33.04,32.8,37.24,36.56,0,,,33.04,,0,,0,,,,,
2008-04-29,37.57,37.57,34.56,35.35,1702397,43.3,31.65,1.96,53.59,32.04,32.84,37.57,37.24,0,,,32.04,,0,,0,,,,,
2008-04-30,35.94,36.36,31.26,32.04,1806323,43.26,31.26,2.19,41.47,29.63,32.82,37.57,37.57,0,,,29.63,,0,,0,,,,,
2008-05-02,32.63,33.88,31.72,31.85,1148894,43.21,31.26,2.18,40.89,29.51,32.81,37.57,37.57,0,,,29.51,,0,,0,,,,,
2008-05-05,32.47,33.68,32.11,33.35,1526846,43.17,31.26,2.16,47.1,30.49,32.9,37.57,37.57,0,,,30.49,,0,,0,,,,,
2008-05-06,33.42,34.46,33.35,33.68,497312,43.13,31.26,2.08,48.38,30.75,33.01,37.57,37.57,0,,,30.75,,0,,0,,,,,
2008-05-07,33.42,34.01,33.42,33.78,1485066,43.09,31.26,1.98,48.79,30.89,33.15,37.57,37.57,0,,,30.89,,0,,0,,,,,
2008-05-08,32.7,33.32,32.04,32.14,546991,43.04,31.26,1.96,42.84,29.84,33.29,37.57,37.57,0,,,29.84,,0,,0,,,,,
2008-05-09,32.04,33.19,31.88,32.04,222242,42.98,31.26,1.91,42.5,29.81,33.34,37.57,37.57,0,,,29.81,,0,,0,,,,,
2008-05-12,28.12,32.01,28.12,31.29,349355,42.92,28.12,2.06,39.94,28.18,33.35,37.57,37.57,0,,,28.18,,0,,0,,,,,
2008-05-13,31.88,32.34,31.49,31.65,1206691,42.86,28.12,1.99,41.76,28.46,33.37,37.57,37.57,0,,,28.46,,0,,0,,,,,
2008-05-14,31.39,32.21,31.39,31.98,110449,42.82,28.12,1.9,43.44,28.73,33.39,37.57,37.57,0,,,28.73,,0,,0,,,,,
2008-05-15,32.14,33.35,32.14,32.73,173926,42.77,28.12,1.86,47.18,29.24,33.38,37.57,37.57,0,,,29.24,,0,,0,,,,,
2008-05-16,33.29,33.29,31.91,32.17,303516,42.73,28.12,1.83,44.8,28.9,33.39,37.57,37.57,0,,,28.9,,0,,0,,,,,
2008-05-20,28.48,32.37,28.48,31.75,227554,42.69,28.12,1.98,43.04,28.53,33.37,37.57,37.57,0,,,28.53,,0,,0,,,,,
2008-05-21,31.26,31.78,31.26,31.36,332674,42.64,28.12,1.87,41.42,28.35,33.28,37.57,37.57,0,,,28.35,,0,,0,,,,,
2008-05-22,31.06,31.39,30.77,30.83,323244,42.6,28.12,1.78,39.25,28.07,33.23,37.57,37.57,0,,,28.07,,0,,0,,,,,
2008-05-23,31.36,31.68,30.93,31.1,116046,42.56,28.12,1.72,40.95,28.29,33.18,37.57,37.57,0,,,28.29,,0,,0,,,,,
2008-05-26,30.74,31.72,30.44,31.0,174015,42.52,28.12,1.69,40.5,28.24,33.13,37.57,37.57,0,,,28.24,,0,,0,,,,,
2008-05-27,31.72,31.72,30.57,30.74,156145,42.48,28.12,1.65,39.29,28.1,33.06,37.57,37.57,0,,,28.1,,0,,0,,,,,
2008-05-28,30.61,31.39,30.21,31.19,184797,42.46,28.12,1.61,42.49,28.42,33.01,37.57,37.57,0,,,28.42,,0,,0,,,,,
2008-05-29,32.32,32.32,30.72,30.89,296820,42.42,28.12,1.61,40.94,28.22,32.92,36.36,37.57,0,,,28.22,,0,,0,,,,,
2008-05-30,31.4,31.4,30.51,30.65,110369,42.4,28.12,1.56,39.69,28.1,32.84,34.46,36.36,0,,,28.1,,0,,0,,,,,
2008-06-02,31.33,31.33,29.18,29.66,128006,42.36,28.12,1.6,34.95,27.44,32.71,34.46,34.46,0,,,27.44,,0,,0,,,,,
2008-06-03,28.7,28.98,27.37,28.87,128868,42.31,27.37,1.65,31.7,26.64,32.51,34.46,34.46,0,,,26.64,,0,,0,,,,,
2008-06-04,28.67,29.9,27.64,28.4,77365,42.24,27.37,1.7,29.92,26.31,32.27,34.01,34.46,0,,,26.31,,0,,0,,,,,
2008-06-05,29.35,29.35,27.47,27.95,134564,42.17,27.37,1.71,28.28,26.01,32.0,33.35,34.01,0,,,26.01,,0,,0,,,,,
2008-06-06,27.99,28.63,27.64,27.82,119853,42.1,27.37,1.66,27.81,25.96,31.77,33.35,33.35,0,,,25.96,,0,,0,,,,,
2008-06-09,27.71,27.71,25.97,26.55,97376,42.02,25.97,1.67,23.64,24.67,31.5,33.35,33.35,0,,,24.67,,0,,0,,,,,
2008-06-10,26.69,27.3,25.94,26.07,163420,41.94,25.94,1.65,22.28,24.36,31.19,33.35,33.35,0,,,24.36,,0,,0,,,,,
2008-06-11,26.96,26.96,26.38,26.83,97536,41.86,25.94,1.59,29.22,24.89,30.86,33.35,33.35,0,,,24.89,,0,,0,,,,,
2008-06-12,26.28,27.27,26.28,27.06,107896,41.79,25.94,1.55,31.22,25.07,30.58,33.35,33.35,0,,,25.07,,0,,0,,,,,
2008-06-13,27.41,27.41,26.65,26.79,64900,41.7,25.94,1.5,30.14,24.93,30.41,33.29,33.35,0,,,24.93,,0,,0,,,,,
2008-06-16,27.27,27.44,26.89,27.27,60168,41.6,25.94,1.43,34.48,25.28,30.25,32.37,33.29,0,,,25.28,,0,,0,,,,,
2008-06-17,27.3,32.73,26.96,31.77,2422177,41.54,25.94,1.74,59.7,27.98,30.2,32.73,32.37,0,,,27.98,,0,,0,,,,,
2008-06-18,32.01,35.77,29.35,29.93,1102927,41.45,25.94,2.08,51.05,26.57,30.08,35.77,32.73,0,,,26.57,,0,,0,,,,,
2008-06-19,25.43,29.86,25.43,28.6,200604,41.35,25.43,2.25,45.87,25.42,29.9,35.77,35.77,0,,,25.42,,0,,0,,,,,
2008-06-20,29.93,29.97,27.51,27.71,207771,41.23,25.43,2.27,42.75,24.84,29.76,35.77,35.77,0,,,24.84,,0,,0,,,,,
2008-06-23,27.41,27.61,25.94,26.14,174204,41.08,25.43,2.23,37.85,23.85,29.56,35.77,35.77,0,,,23.85,,0,,0,,,,,
2008-06-24,27.58,28.6,24.23,24.88,312642,40.92,24.23,2.38,34.44,22.54,29.34,35.77,35.77,0,,,22.54,,0,,0,,,,,
2008-06-25,23.62,24.23,22.53,23.65,392339,40.75,22.53,2.38,31.46,21.18,29.08,35.77,35.77,0,,,21.18,,0,,0,,,,,
2008-06-26,24.23,25.19,23.72,23.89,393727,40.58,22.53,2.32,32.69,21.37,28.81,35.77,35.77,0,,,21.37,,0,,0,,,,,
2008-06-27,22.53,24.57,20.61,24.1,324763,40.39,20.61,2.44,33.8,20.79,28.52,35.77,35.77,0,,,20.79,,0,,0,,,,,
2008-06-30,24.33,24.91,23.21,23.31,158226,40.19,20.61,2.39,31.68,20.31,28.23,35.77,35.77,0,,,20.31,,0,,0,,,,,
2008-07-01,23.21,23.62,22.25,22.35,153562,39.99,20.61,2.31,29.27,19.74,27.91,35.77,35.77,0,,,19.74,,0,,0,,,,,
2008-07-02,23.41,23.41,20.75,22.97,230647,39.81,20.61,2.34,32.82,20.13,27.63,35.77,35.77,0,,,20.13,,0,,0,,,,,
2008-07-03,23.17,23.51,22.22,23.14,192768,39.63,20.61,2.26,33.8,20.29,27.38,35.77,35.77,0,,,20.29,,0,,0,,,,,
2008-07-04,23.21,23.65,22.8,23.41,89399,39.45,20.61,2.16,35.41,20.53,27.12,35.77,35.77,0,,,20.53,,0,,0,,,,,
2008-07-07,23.55,24.57,23.41,23.72,111555,39.27,20.61,2.09,37.3,20.78,26.88,35.77,35.77,0,,,20.78,,0,,0,,,,,
2008-07-08,23.21,24.16,22.63,23.89,111715,39.1,20.61,2.05,38.37,20.91,26.65,35.77,35.77,0,,,20.91,,0,,0,,,,,
2008-07-09,25.26,25.56,24.33,24.91,121794,38.93,20.61,2.02,44.46,21.59,26.44,35.77,35.77,0,,,21.59,,0,,0,,,,,
2008-07-10,24.57,25.05,24.23,24.71,97717,38.76,20.61,1.94,43.55,21.52,26.23,35.77,35.77,0,,,21.52,,0,,0,,,,,
2008-07-11,24.57,25.02,23.38,23.48,190873,38.58,20.61,1.92,38.36,20.74,25.99,35.77,35.77,0,,,20.74,,0,,0,,,,,
2008-07-14,23.48,23.69,22.46,22.73,194335,38.4,20.61,1.87,35.57,20.29,25.76,35.77,35.77,0,,,20.29,,0,,0,,,,,
2008-07-15,22.87,23.07,21.64,21.91,345845,38.2,20.61,1.84,32.77,19.78,25.53,35.77,35.77,0,,,19.78,,0,,0,,,,,
2008-07-16,22.18,22.18,21.36,21.71,134079,37.99,20.61,1.76,32.1,19.7,25.31,29.97,35.77,0,,,19.7,,0,,0,,,,,
2008-07-17,22.35,22.59,21.88,22.22,106060,37.79,20.61,1.7,35.68,20.07,25.12,29.97,29.97,0,,,20.07,,0,,0,,,,,
2008-07-18,22.63,23.0,22.22,22.87,161913,37.59,20.75,1.63,40.03,20.58,24.95,28.6,29.97,0,,,20.58,,0,,0,,,,,
2008-07-21,23.21,23.21,22.25,22.46,134226,37.37,20.75,1.59,38.27,20.35,24.82,28.6,28.6,0,,,20.35,,0,,0,,,,,
2008-07-22,22.87,23.31,22.59,23.0,240757,37.15,20.75,1.53,41.89,20.73,24.71,25.56,28.6,0,,,20.73,,0,,0,,,,,
2008-07-23,23.89,27.27,23.89,25.12,744109,36.95,21.36,1.73,53.42,22.17,24.66,27.27,25.56,0,,,22.17,,0,,0,,,,,
2008-07-24,25.6,26.04,23.92,24.1,471591,36.75,21.36,1.76,48.44,21.49,24.56,27.27,27.27,0,,,21.49,,0,,0,,,,,
2008-07-25,23.28,24.06,22.59,23.72,331012,36.57,21.36,1.74,46.69,21.26,24.46,27.27,27.27,0,,,21.26,,0,,0,,,,,
2008-07-28,23.89,24.23,23.48,23.65,236145,36.38,21.36,1.67,46.36,21.26,24.34,27.27,27.27,0,,,21.26,,0,,0,,,,,
2008-07-29,23.55,23.72,21.57,23.0,603505,36.19,21.36,1.7,43.28,20.82,24.04,27.27,27.27,0,,,20.82,,0,,0,,,,,
2008-07-30,23.21,23.41,22.35,22.59,434160,36.0,21.36,1.66,41.42,20.59,23.8,27.27,27.27,0,,,20.59,,0,,0,,,,,
2008-07-31,23.41,23.75,22.18,22.29,259618,35.81,21.36,1.65,40.06,20.4,23.59,27.27,27.27,0,,,20.4,,0,,0,,,,,
2008-08-01,22.53,22.8,21.84,22.53,762884,35.62,21.36,1.6,41.71,20.58,23.42,27.27,27.27,0,,,20.58,,0,,0,,,,,
2008-08-04,22.7,23.45,22.39,23.04,717300,35.43,21.36,1.56,45.16,20.94,23.31,27.27,27.27,0,,,20.94,,0,,0,,,,,
2008-08-05,23.34,24.06,22.73,23.62,1222736,35.24,21.36,1.55,48.87,21.32,23.27,27.27,27.27,0,,,21.32,,0,,0,,,,,
2008-08-06,24.37,24.71,23.72,23.96,1325600,35.05,21.57,1.51,50.97,21.64,23.28,27.27,27.27,0,,,21.64,,0,,0,,,,,
2008-08-07,23.69,24.13,23.14,23.51,909700,34.83,21.57,1.48,48.15,21.37,23.27,27.27,27.27,0,,,21.37,,0,,0,,,,,
2008-08-08,23.51,23.79,23.28,23.65,413080,34.59,21.57,1.41,49.1,21.51,23.25,27.27,27.27,0,,,21.51,,0,,0,,,,,
2008-08-11,24.06,24.88,23.99,24.33,636991,34.36,21.57,1.39,53.51,21.95,23.29,27.27,27.27,0,,,21.95,,0,,0,,,,,
2008-08-12,24.74,25.26,24.5,24.68,832731,34.12,21.57,1.36,55.64,22.2,23.36,27.27,27.27,0,,,22.2,,0,,0,,,,,
2008-08-13,23.96,24.91,23.96,24.5,393186,33.87,21.57,1.33,54.26,22.1,23.42,27.27,27.27,0,,,22.1,,0,,0,,,,,
2008-08-14,23.99,24.47,23.62,23.75,348890,33.64,21.57,1.3,48.84,21.64,23.44,27.27,27.27,0,,,21.64,,0,,0,,,,,
2008-08-18,24.06,24.06,23.28,23.34,197201,33.42,21.57,1.26,46.12,21.4,23.43,27.27,27.27,0,,,21.4,,0,,0,,,,,
2008-08-19,23.45,24.2,23.07,23.62,203054,33.2,21.57,1.25,48.24,21.59,23.43,27.27,27.27,0,,,21.59,,0,,0,,,,,
2008-08-20,23.55,24.1,23.45,23.75,179085,33.0,21.84,1.21,49.23,21.79,23.42,27.27,27.27,0,,,21.79,,0,,0,,,,,
2008-08-21,23.55,23.89,23.21,23.28,120675,32.79,21.84,1.17,45.8,21.51,23.37,26.04,27.27,0,,,21.51,,0,,0,,,,,
2008-08-22,23.21,23.41,23.0,23.24,116112,32.57,21.84,1.12,45.51,21.52,23.32,25.26,26.04,0,,,21.52,,0,,0,,,,,
2008-08-25,24.06,24.06,23.21,23.34,127808,32.36,22.39,1.1,46.42,21.79,23.32,25.26,25.26,0,,,21.79,,0,,0,,,,,
2008-08-26,23.28,23.31,22.97,23.21,147082,32.14,22.73,1.05,45.36,21.85,23.33,25.26,25.26,0,,,21.85,,0,,0,,,,,
2008-08-27,23.45,23.48,23.0,23.04,95286,31.94,22.97,1.01,43.93,21.85,23.37,25.26,25.26,0,,,21.85,,0,,0,,,,,
2008-08-28,23.04,23.14,22.73,22.8,104513,31.77,22.73,0.96,41.93,21.64,23.41,25.26,25.26,0,,,21.64,,0,,0,,,,,
2008-08-29,23.21,23.89,23.11,23.82,336935,31.61,22.73,0.97,51.95,22.29,23.46,25.26,25.26,0,,,22.29,,0,,0,,,,,
2008-09-01,23.72,23.79,23.31,23.72,74205,31.43,22.73,0.94,51.02,22.25,23.49,25.26,25.26,0,,,22.25,,0,,0,,,,,
2008-09-02,23.89,24.64,23.75,24.54,433635,31.26,22.73,0.94,57.7,22.78,23.56,25.26,25.26,0,,,22.78,,0,,0,,,,,
2008-09-04,24.57,25.02,24.23,24.71,485825,31.05,22.73,0.93,58.95,22.9,23.62,25.26,25.26,0,,,22.9,,0,,0,,,,,
2008-09-05,24.57,24.57,23.99,24.2,201894,30.85,22.73,0.91,53.81,22.58,23.58,25.26,25.26,0,,,22.58,,0,,0,,,,,
2008-09-08,25.08,25.08,24.4,24.54,255906,30.66,22.73,0.91,56.53,22.8,23.6,25.26,25.26,0,,,22.8,,0,,0,,,,,
2008-09-09,24.57,24.78,24.06,24.57,145750,30.49,22.73,0.9,56.77,22.83,23.63,25.26,25.26,0,,,22.83,,0,,0,,,,,
2008-09-10,24.23,24.91,23.89,24.74,357313,30.32,22.73,0.91,58.19,22.93,23.66,25.26,25.26,0,,,22.93,,0,,0,,,,,
2008-09-11,24.57,24.71,24.23,24.33,174416,30.15,22.73,0.88,53.62,22.68,23.71,25.08,25.26,0,,,22.68,,0,,0,,,,,
2008-09-12,24.71,24.71,23.48,23.72,368574,29.97,22.73,0.9,47.62,22.27,23.75,25.08,25.08,0,,,22.27,,0,,0,,,,,
2008-09-15,23.55,23.55,21.74,21.98,474135,29.77,21.74,0.98,35.44,20.77,23.74,25.08,25.08,0,,,20.77,,0,,0,,,,,
2008-09-16,21.71,22.59,20.51,22.15,383343,29.59,20.51,1.06,37.14,20.42,23.72,25.08,25.08,0,,,20.42,,0,,0,,,,,
2008-09-17,22.18,22.63,22.05,22.25,166294,29.41,20.51,1.02,38.16,20.51,23.7,25.08,25.08,0,,,20.51,,0,,0,,,,,
2008-09-18,19.79,21.84,19.45,21.77,261986,29.24,19.45,1.15,35.19,19.76,23.63,25.08,25.08,0,,,19.76,,0,,0,,,,,
2008-09-19,22.18,22.49,21.57,21.77,605164,29.09,19.45,1.13,35.19,19.77,23.56,25.08,25.08,0,,,19.77,,0,,0,,,,,
2008-09-22,21.91,21.94,21.4,21.47,316650,28.94,19.45,1.09,33.31,19.6,23.49,25.08,25.08,0,,,19.6,,0,,0,,,,,
2008-09-23,21.16,21.5,21.16,21.3,127339,28.79,19.45,1.04,32.26,19.53,23.42,25.08,25.08,0,,,19.53,,0,,0,,,,,
2008-09-24,21.5,21.64,21.26,21.43,200781,28.64,19.45,0.99,33.98,19.64,23.32,25.08,25.08,0,,,19.64,,0,,0,,,,,
2008-09-25,21.26,21.64,21.26,21.43,82354,28.49,19.45,0.95,33.98,19.67,23.21,25.08,25.08,0,,,19.67,,0,,0,,,,,
2008-09-26,21.16,21.64,21.16,21.23,140966,28.34,19.45,0.91,32.51,19.57,23.1,25.08,25.08,0,,,19.57,,0,,0,,,,,
2008-09-29,21.26,21.3,20.07,20.27,233026,28.18,19.45,0.94,26.57,18.93,22.99,25.08,25.08,0,,,18.93,,0,,0,,,,,
2008-09-30,20.0,20.75,19.18,20.48,230861,28.04,19.18,0.98,29.6,18.95,22.89,25.08,25.08,0,,,18.95,,0,,0,,,,,
2008-10-01,21.16,21.16,20.38,20.55,144876,27.9,19.18,0.97,30.63,19.0,22.79,25.08,25.08,0,,,19.0,,0,,0,,,,,
2008-10-03,21.16,21.16,20.38,20.44,170228,27.77,19.18,0.95,29.89,18.94,22.68,25.08,25.08,0,,,18.94,,0,,0,,,,,
2008-10-06,20.44,20.44,19.32,19.45,159258,27.63,19.18,0.97,24.23,18.29,22.55,25.08,25.08,0,,,18.29,,0,,0,,,,,
2008-10-07,20.48,20.48,19.35,19.45,213383,27.51,19.18,0.98,24.23,18.29,22.42,24.91,25.08,0,,,18.29,,0,,0,,,,,
2008-10-08,19.49,19.49,18.53,18.94,201200,27.38,18.53,0.98,21.76,17.74,22.28,24.91,24.91,0,,,17.74,,0,,0,,,,,
2008-10-10,18.29,18.77,17.06,18.22,260857,27.26,17.06,1.04,18.85,16.74,22.11,24.71,24.91,0,,,16.74,,0,,0,,,,,
2008-10-13,19.11,19.86,18.6,19.21,175884,27.14,17.06,1.08,32.28,17.35,21.98,24.71,24.71,0,,,17.35,,0,,0,,,,,
2008-10-14,20.14,20.17,19.62,19.79,172379,27.04,17.06,1.07,38.68,17.73,21.88,23.55,24.71,0,,,17.73,,0,,0,,,,,
2008-10-15,19.35,19.93,19.18,19.25,120034,26.94,17.06,1.05,35.33,17.4,21.73,22.63,23.55,0,,,17.4,,0,,0,,,,,
2008-10-16,19.04,19.42,17.75,19.21,198353,26.85,17.06,1.1,35.09,17.35,21.58,22.63,22.63,0,,,17.35,,0,,0,,,,,
2008-10-17,19.45,19.79,18.29,18.46,170607,26.77,17.06,1.12,30.82,16.84,21.38,22.49,22.63,0,,,16.84,,0,,0,,,,,
2008-10-20,19.11,19.11,18.12,18.46,173593,26.69,17.06,1.12,30.82,16.85,21.17,22.49,22.49,0,,,16.85,,0,,0,,,,,
2008-10-21,19.18,19.69,18.7,19.52,108190,26.58,17.06,1.12,42.32,17.53,21.01,21.94,22.49,0,,,17.53,,0,,0,,,,,
2008-10-22,19.42,19.42,18.77,19.15,112827,26.48,17.06,1.1,39.83,17.31,20.83,21.64,21.94,0,,,17.31,,0,,0,,,,,
2008-10-23,18.43,19.08,18.12,18.57,106217,26.39,17.06,1.09,36.23,16.94,20.63,21.64,21.64,0,,,16.94,,0,,0,,,,,
2008-10-24,18.22,18.91,17.47,17.85,244025,26.29,17.06,1.12,32.33,16.46,20.4,21.64,21.64,0,,,16.46,,0,,0,,,,,
2008-10-27,17.17,17.68,15.7,16.42,224884,26.2,15.7,1.19,26.27,15.03,20.14,21.64,21.64,0,,,15.03,,0,,0,,,,,
2008-10-29,17.88,17.99,15.12,17.0,123708,26.11,15.12,1.31,31.85,15.13,19.92,21.3,21.64,0,,,15.13,,0,,0,,,,,
2008-10-31,17.2,18.09,17.2,17.58,101188,26.03,15.12,1.29,36.98,15.52,19.77,21.16,21.3,0,,,15.52,,0,,0,,,,,
2008-11-03,18.12,19.59,17.75,18.02,164924,25.96,15.12,1.35,40.63,15.77,19.63,21.16,21.16,0,,,15.77,,0,,0,,,,,
2008-11-04,18.09,18.53,17.17,18.33,475644,25.88,15.12,1.35,43.13,15.96,19.5,21.16,21.16,0,,,15.96,,0,,0,,,,,
2008-11-05,19.11,19.28,17.06,17.27,723123,25.79,15.12,1.41,37.34,15.24,19.35,20.48,21.16,0,,,15.24,,0,,0,,,,,
2008-11-06,16.79,17.44,16.79,17.13,158597,25.7,15.12,1.35,36.64,15.19,19.2,20.48,20.48,0,,,15.19,,0,,0,,,,,
2008-11-07,16.79,17.41,16.38,17.24,144407,25.6,15.12,1.33,37.63,15.27,19.06,20.17,20.48,0,,,15.27,,0,,0,,,,,
2008-11-10,17.27,17.54,17.17,17.2,318447,25.5,15.12,1.26,37.4,15.29,18.92,20.17,20.17,0,,,15.29,,0,,0,,,,,
2008-11-11,17.24,17.27,16.96,17.03,129453,25.4,15.12,1.2,36.39,15.23,18.77,20.17,20.17,0,,,15.23,,0,,0,,,,,
2008-11-12,17.06,17.3,16.89,17.06,93693,25.3,15.12,1.14,36.72,15.28,18.63,20.17,20.17,0,,,15.28,,0,,0,,,,,
2008-11-14,17.37,17.41,16.72,16.79,119038,25.18,15.12,1.11,34.98,15.13,18.48,19.93,20.17,0,,,15.13,,0,,0,,,,,
2008-11-17,17.06,17.06,16.31,16.59,72937,25.08,15.12,1.08,33.71,15.02,18.36,19.79,19.93,0,,,15.02,,0,,0,,,,,
2008-11-18,16.52,16.72,16.07,16.25,64198,24.97,15.12,1.05,31.61,14.82,18.21,19.79,19.79,0,,,14.82,,0,,0,,,,,
2008-11-19,15.9,16.48,15.9,16.07,73869,24.86,15.12,1.02,30.52,14.73,18.07,19.69,19.79,0,,,14.73,,0,,0,,,,,
2008-11-20,16.01,16.01,14.3,15.02,304364,24.74,14.3,1.07,25.11,13.74,17.88,19.69,19.69,0,,,13.74,,0,,0,,,,,
2008-11-21,14.68,16.38,14.68,14.95,273317,24.62,14.3,1.12,24.79,13.67,17.73,19.59,19.69,0,,,13.67,,0,,0,,,,,
2008-11-24,15.36,15.36,14.85,14.91,114799,24.5,14.3,1.07,24.6,13.67,17.58,19.59,19.59,0,,,13.67,,0,,0,,,,,
2008-11-25,15.15,15.36,14.85,14.91,236376,24.38,14.3,1.03,24.6,13.7,17.45,19.59,19.59,0,,,13.7,,0,,0,,,,,
2008-11-26,15.36,15.36,14.78,15.05,54726,24.25,14.3,1.0,26.88,13.81,17.34,19.59,19.59,0,,,13.81,,0,,0,,,,,
2008-11-27,15.05,15.05,15.05,15.05,0,24.12,14.3,0.93,26.88,13.85,17.2,19.59,19.59,0,,,13.85,,0,,0,,,,,
2008-11-28,14.88,15.09,14.78,14.95,131313,23.98,14.3,0.88,26.23,13.82,17.04,19.59,19.59,0,,,13.82,,0,,0,,,,,
2008-12-01,14.95,15.32,14.81,14.88,94176,23.84,14.3,0.86,25.75,13.79,16.9,19.59,19.59,0,,,13.79,,0,,0,,,,,
2008-12-02,14.88,14.88,14.33,14.81,119311,23.71,14.3,0.84,25.26,13.76,16.75,19.28,19.59,0,,,13.76,,0,,0,,,,,
2008-12-03,14.88,15.26,14.71,14.91,170202,23.58,14.3,0.82,27.39,13.84,16.63,19.28,19.28,0,,,13.84,,0,,0,,,,,
2008-12-04,15.97,15.97,14.71,15.02,385899,23.44,14.3,0.85,29.77,13.89,16.52,17.54,19.28,0,,,13.89,,0,,0,,,,,
2008-12-05,15.02,15.39,14.71,14.98,274694,23.3,14.3,0.84,29.39,13.87,16.37,17.54,17.54,0,,,13.87,,0,,0,,,,,
2008-12-08,15.36,15.97,14.81,14.91,171072,23.16,14.3,0.86,28.71,13.81,16.23,17.54,17.54,0,,,13.81,,0,,0,,,,,
2008-12-10,15.02,15.12,14.91,14.98,192412,23.05,14.3,0.81,30.45,13.89,16.11,17.41,17.54,0,,,13.89,,0,,0,,,,,
2008-12-11,15.02,15.36,15.02,15.09,353379,22.93,14.3,0.78,33.22,13.98,16.01,17.41,17.41,0,,,13.98,,0,,0,,,,,
2008-12-12,14.88,15.29,14.88,15.02,477505,22.81,14.33,0.75,32.34,13.96,15.97,17.41,17.41,0,,,13.96,,0,,0,,,,,
2008-12-15,15.53,16.21,15.26,15.67,799455,22.69,14.33,0.79,46.52,14.36,15.92,17.06,17.41,0,,,14.36,,0,,0,,,,,
2008-12-16,15.36,16.21,15.36,15.7,647353,22.57,14.33,0.79,47.07,14.38,15.86,16.72,17.06,0,,,14.38,,0,,0,,,,,
2008-12-17,15.8,16.18,15.49,15.6,562376,22.46,14.33,0.78,45.39,14.32,15.78,16.48,16.72,0,,,14.32,,0,,0,,,,,
2008-12-18,15.49,16.45,15.36,16.21,713164,22.36,14.33,0.81,55.76,14.7,15.71,16.45,16.48,0,,,14.7,,0,,0,,,,,
2008-12-19,16.18,16.62,16.01,16.21,753738,22.25,14.33,0.79,55.76,14.7,15.67,16.62,16.45,0,,,14.7,,0,,0,,,,,
2008-12-22,16.65,17.71,16.45,16.65,695424,22.15,14.33,0.84,61.83,14.95,15.66,17.71,16.62,0,,,14.95,,0,,0,,,,,
2008-12-23,16.38,16.65,15.94,16.04,224660,22.05,14.33,0.83,51.32,14.57,15.62,17.71,17.71,0,,,14.57,,0,,0,,,,,
2008-12-24,16.04,16.25,15.8,16.11,246367,21.94,14.71,0.81,52.32,14.76,15.58,17.71,17.71,0,,,14.76,,0,,0,,,,,
2008-12-26,16.14,16.65,15.56,15.73,356379,21.83,14.71,0.83,46.71,14.5,15.54,17.71,17.71,0,,,14.5,,0,,0,,,,,
2008-12-29,15.7,16.14,15.6,15.94,131421,21.72,14.71,0.81,49.91,14.65,15.5,17.71,17.71,0,,,14.65,,0,,0,,,,,
2008-12-30,16.01,16.25,15.84,16.01,323789,21.62,14.81,0.78,50.96,14.75,15.47,17.71,17.71,0,,,14.75,,0,,0,,,,,
2008-12-31,15.97,16.48,15.97,16.31,430060,21.52,14.88,0.76,55.31,14.97,15.46,17.71,17.71,0,,,14.97,,0,,0,,,,,
2009-01-02,16.72,18.29,16.52,17.47,1656411,21.43,14.88,0.85,67.37,15.66,15.51,18.29,17.71,0,,,15.66,,0,,0,,,,,
2009-01-05,18.09,18.84,17.64,18.05,5285025,21.35,14.88,0.88,71.51,16.01,15.57,18.84,18.29,0,,,16.01,,0,,0,,,,,
2009-01-06,18.33,18.6,17.75,18.12,1226902,21.26,15.26,0.88,71.97,16.19,15.67,18.84,18.84,0,,,16.19,,0,,0,,,,,
2009-01-07,18.43,18.77,16.93,17.24,1088657,21.17,15.36,0.95,59.01,15.61,15.75,18.84,18.84,0,,,15.61,,0,,0,,,,,
2009-01-09,16.59,17.1,15.84,16.25,783760,21.07,15.36,0.98,48.45,14.95,15.8,18.84,18.84,0,,,14.95,,0,,0,,,,,
2009-01-12,17.06,17.06,15.94,16.38,326293,20.98,15.36,0.99,49.72,15.02,15.84,18.84,18.84,0,,,15.02,,0,,0,,,,,
2009-01-13,16.42,16.79,16.21,16.48,356948,20.89,15.56,0.96,50.73,15.18,15.89,18.84,18.84,0,,,15.18,,0,,0,,,,,
2009-01-14,16.72,16.86,16.35,16.38,238594,20.81,15.56,0.93,49.65,15.13,15.94,18.84,18.84,0,,,15.13,,0,,0,,,,,
2009-01-15,16.04,16.25,15.77,16.01,180783,20.72,15.56,0.91,45.8,14.91,15.97,18.84,18.84,0,,,14.91,,0,,0,,,,,
2009-01-16,16.59,16.59,15.9,16.25,246701,20.64,15.56,0.89,48.59,15.07,16.02,18.84,18.84,0,,,15.07,,0,,0,,,,,
2009-01-19,16.38,16.76,16.25,16.52,138213,20.57,15.56,0.86,51.61,15.27,16.07,18.84,18.84,0,,,15.27,,0,,0,,,,,
2009-01-20,16.45,16.55,16.25,16.38,845364,20.5,15.6,0.82,49.97,15.22,16.12,18.84,18.84,0,,,15.22,,0,,0,,,,,
2009-01-21,16.28,16.65,16.04,16.14,211209,20.44,15.77,0.81,47.2,15.13,16.16,18.84,18.84,0,,,15.13,,0,,0,,,,,
2009-01-22,16.28,16.38,15.87,15.97,155936,20.36,15.77,0.79,45.29,15.03,16.19,18.84,18.84,0,,,15.03,,0,,0,,,,,
2009-01-23,15.77,16.11,15.56,15.67,163781,20.29,15.56,0.77,42.05,14.78,16.22,18.84,18.84,0,,,14.78,,0,,0,,,,,
2009-01-27,15.73,16.18,15.73,16.01,468603,20.22,15.56,0.75,46.7,15.01,16.25,18.84,18.84,0,,,15.01,,0,,0,,,,,
2009-01-28,17.06,17.06,15.56,15.84,360408,20.14,15.56,0.8,44.77,14.87,16.28,18.84,18.84,0,,,14.87,,0,,0,,,,,
2009-01-29,16.04,16.28,15.77,15.97,320384,20.03,15.56,0.78,46.59,14.96,16.31,18.84,18.84,0,,,14.96,,0,,0,,,,,
2009-01-30,16.11,16.25,15.36,15.7,513549,19.94,15.36,0.79,43.39,14.72,16.31,18.84,18.84,0,,,14.72,,0,,0,,,,,
2009-02-02,15.9,15.94,15.19,15.26,351526,19.85,15.19,0.79,38.72,14.38,16.3,18.84,18.84,0,,,14.38,,0,,0,,,,,
2009-02-03,15.36,15.63,15.12,15.43,158342,19.77,15.12,0.77,41.35,14.48,16.29,18.84,18.84,0,,,14.48,,0,,0,,,,,
2009-02-04,15.63,15.77,15.26,15.6,170818,19.7,15.12,0.75,43.93,14.6,16.27,18.77,18.84,0,,,14.6,,0,,0,,,,,
2009-02-05,15.53,15.63,15.32,15.43,94129,19.63,15.12,0.72,41.94,14.51,16.24,18.77,18.77,0,,,14.51,,0,,0,,,,,
2009-02-06,15.49,15.9,15.49,15.63,184420,19.58,15.12,0.7,45.1,14.65,16.21,17.1,18.77,0,,,14.65,,0,,0,,,,,
2009-02-09,15.87,15.94,15.56,15.67,110052,19.53,15.12,0.68,45.73,14.7,16.2,17.06,17.1,0,,,14.7,,0,,0,,,,,
2009-02-10,15.7,15.97,15.56,15.67,265026,19.47,15.12,0.66,45.73,14.71,16.18,17.06,17.06,0,,,14.71,,0,,0,,,,,
2009-02-11,15.67,15.67,15.29,15.32,555157,19.42,15.12,0.64,40.93,14.5,16.17,17.06,17.06,0,,,14.5,,0,,0,,,,,
2009-02-12,15.36,16.93,15.29,15.73,1921181,19.37,15.12,0.71,47.84,14.71,16.16,17.06,17.06,0,,,14.71,,0,,0,,,,,
2009-02-13,15.87,16.11,15.6,15.63,476887,19.32,15.12,0.7,46.41,14.66,16.15,17.06,17.06,0,,,14.66,,0,,0,,,,,
2009-02-16,15.87,15.9,15.46,15.53,805896,19.27,15.12,0.68,44.97,14.6,16.12,17.06,17.06,0,,,14.6,,0,,0,,,,,
2009-02-17,15.49,15.7,15.39,15.56,262745,19.22,15.12,0.65,45.52,14.64,16.06,17.06,17.06,0,,,14.64,,0,,0,,,,,
2009-02-18,15.49,15.67,15.36,15.46,190989,19.17,15.12,0.63,43.95,14.59,15.97,17.06,17.06,0,,,14.59,,0,,0,,,,,
2009-02-19,15.56,15.7,15.36,15.39,120241,19.11,15.12,0.61,42.83,14.56,15.88,17.06,17.06,0,,,14.56,,0,,0,,,,,
2009-02-20,15.63,15.63,15.15,15.22,144831,19.04,15.12,0.6,40.17,14.46,15.82,17.06,17.06,0,,,14.46,,0,,0,,,,,
2009-02-24,15.15,15.26,14.81,14.91,131895,18.98,14.81,0.59,35.8,14.16,15.77,17.06,17.06,0,,,14.16,,0,,0,,,,,
2009-02-25,15.26,15.46,14.91,14.95,203484,18.92,14.81,0.58,36.76,14.19,15.72,17.06,17.06,0,,,14.19,,0,,0,,,,,
2009-02-26,15.02,15.05,14.68,14.81,108673,18.87,14.68,0.57,34.8,14.07,15.67,16.93,17.06,0,,,14.07,,0,,0,,,,,
2009-02-27,15.02,15.22,14.13,14.27,302611,18.82,14.13,0.61,28.51,13.51,15.6,16.93,16.93,0,,,13.51,,0,,0,,,,,
2009-03-02,13.99,14.3,13.92,14.13,164009,18.77,13.92,0.59,27.14,13.36,15.54,16.93,16.93,0,,,13.36,,0,,0,,,,,
2009-03-03,13.92,14.06,13.79,13.82,150546,18.71,13.79,0.57,24.35,13.13,15.45,16.93,16.93,0,,,13.13,,0,,0,,,,,
2009-03-04,13.96,14.16,13.69,13.72,156356,18.65,13.69,0.56,23.51,13.04,15.36,16.93,16.93,0,,,13.04,,0,,0,,,,,
2009-03-05,13.92,14.95,13.52,13.58,226580,18.59,13.52,0.63,22.34,12.85,15.27,16.93,16.93,0,,,12.85,,0,,0,,,,,
2009-03-06,13.48,13.75,13.14,13.55,209843,18.53,13.14,0.63,22.09,12.7,15.18,16.93,16.93,0,,,12.7,,0,,0,,,,,
2009-03-09,13.55,13.65,12.83,12.9,248530,18.45,12.83,0.64,17.49,12.17,15.08,16.93,16.93,0,,,12.17,,0,,0,,,,,
2009-03-12,13.21,13.52,13.14,13.21,187951,18.37,12.83,0.64,25.47,12.37,15.0,16.93,16.93,0,,,12.37,,0,,0,,,,,
2009-03-13,13.48,13.62,13.21,13.24,324225,18.3,12.83,0.62,26.21,12.4,14.9,16.93,16.93,0,,,12.4,,0,,0,,,,,
2009-03-16,13.41,13.69,13.34,13.45,254808,18.24,12.83,0.61,31.37,12.55,14.82,16.93,16.93,0,,,12.55,,0,,0,,,,,
2009-03-17,13.69,13.99,13.31,13.55,294241,18.17,12.83,0.61,33.74,12.61,14.74,16.11,16.93,0,,,12.61,,0,,0,,,,,
2009-03-18,13.48,14.23,13.48,13.86,296989,18.12,12.83,0.62,40.61,12.8,14.68,15.9,16.11,0,,,12.8,,0,,0,,,,,
2009-03-19,13.92,14.27,13.75,13.99,179852,18.06,12.83,0.62,43.26,12.89,14.64,15.7,15.9,0,,,12.89,,0,,0,,,,,
2009-03-20,13.99,14.03,13.55,13.69,221201,18.0,12.83,0.61,38.94,12.7,14.58,15.7,15.7,0,,,12.7,,0,,0,,,,,
2009-03-23,13.99,13.99,13.58,13.69,755643,17.94,12.83,0.59,38.94,12.71,14.52,15.7,15.7,0,,,12.71,,0,,0,,,,,
2009-03-24,13.92,14.44,13.79,13.89,632611,17.87,12.83,0.6,43.32,12.83,14.47,15.63,15.7,0,,,12.83,,0,,0,,,,,
2009-03-25,13.86,14.13,13.82,14.06,269603,17.81,12.83,0.58,46.81,12.96,14.42,15.46,15.63,0,,,12.96,,0,,0,,,,,
2009-03-26,14.27,14.47,14.06,14.23,344753,17.75,12.83,0.57,50.12,13.07,14.37,15.46,15.46,0,,,13.07,,0,,0,,,,,
2009-03-27,14.27,14.78,13.99,14.5,546469,17.69,12.83,0.59,54.92,13.24,14.33,15.22,15.46,0,,,13.24,,0,,0,,,,,
2009-03-30,14.33,14.74,14.13,14.2,255743,17.62,12.83,0.59,49.25,13.04,14.29,15.22,15.22,0,,,13.04,,0,,0,,,,,
2009-03-31,14.16,14.33,13.96,14.13,213523,17.55,12.83,0.57,48.01,13.01,14.24,14.95,15.22,0,,,13.01,,0,,0,,,,,
2009-04-01,15.56,16.93,14.74,14.95,2836121,17.48,13.14,0.73,60.58,13.53,14.21,16.93,14.95,0,,,13.53,,0,,0,,,,,
2009-04-02,15.36,15.67,15.15,15.32,918601,17.43,13.21,0.73,64.73,13.8,14.21,16.93,16.93,0,,,13.8,,0,,0,,,,,
2009-04-06,15.6,15.9,15.32,15.43,774020,17.37,13.31,0.72,65.88,13.91,14.2,16.93,16.93,0,,,13.91,,0,,0,,,,,
2009-04-08,15.26,15.67,14.68,15.53,1169721,17.32,13.31,0.74,66.93,13.96,14.21,16.93,16.93,0,,,13.96,,0,,0,,,,,
2009-04-09,15.84,16.04,15.56,15.8,1453366,17.27,13.48,0.72,69.66,14.2,14.22,16.93,16.93,0,,,14.2,,0,,0,,,,,
2009-04-13,15.84,17.2,15.84,16.52,4066722,17.22,13.55,0.77,75.47,14.66,14.26,17.2,16.93,0,,,14.66,,0,,0,,,,,
2009-04-15,16.72,17.61,16.38,17.1,2982110,17.18,13.55,0.8,78.96,15.01,14.34,17.61,17.2,0,,,15.01,,0,,0,,,,,
2009-04-16,17.41,17.68,16.18,16.31,1499529,17.13,13.58,0.85,65.31,14.48,14.38,17.68,17.61,0,,,14.48,,0,,0,,,,,
2009-04-17,17.06,17.58,16.65,16.86,3051689,17.09,13.79,0.88,69.29,14.88,14.45,17.68,17.68,0,,,14.88,,0,,0,,,,,
2009-04-20,17.06,17.51,16.76,16.86,1163513,17.05,13.82,0.87,69.29,14.9,14.54,17.68,17.68,0,,,14.9,,0,,0,,,,,
2009-04-21,16.42,16.86,16.38,16.65,880395,17.01,13.96,0.85,65.94,14.83,14.62,17.68,17.68,0,,,14.83,,0,,0,,,,,
2009-04-22,16.86,16.96,16.31,16.42,656845,16.96,13.96,0.83,62.39,14.69,14.71,17.68,17.68,0,,,14.69,,0,,0,,,,,
2009-04-23,16.42,16.55,16.04,16.42,521381,16.91,13.96,0.81,62.39,14.7,14.8,17.68,17.68,0,,,14.7,,0,,0,,,,,
2009-04-24,16.45,16.59,16.25,16.35,1221651,16.86,13.96,0.78,61.22,14.68,14.89,17.68,17.68,0,,,14.68,,0,,0,,,,,
2009-04-27,16.38,16.89,16.28,16.65,725590,16.8,14.68,0.76,64.3,15.12,14.99,17.68,17.68,0,,,15.12,,0,,0,,,,,
2009-04-28,16.65,16.72,16.01,16.07,642638,16.75,14.68,0.76,55.18,14.75,15.1,17.68,17.68,0,,,14.75,,0,,0,,,,,
2009-04-29,16.14,16.42,15.67,15.77,1156218,16.69,14.68,0.76,51.14,14.56,15.18,17.68,17.68,0,,,14.56,,0,,0,,,,,
2009-04-30,15.77,15.77,15.77,15.77,0,16.63,14.68,0.7,51.14,14.6,15.27,17.68,17.68,0,,,14.6,,0,,0,,,,,
2009-05-04,16.11,16.38,15.9,16.25,752566,16.58,15.56,0.7,56.98,15.2,15.36,17.68,17.68,0,,,15.2,,0,,0,,,,,
2009-05-05,16.38,16.59,16.07,16.18,1171048,16.52,15.67,0.69,55.93,15.2,15.45,17.68,17.68,0,,,15.2,,0,,0,,,,,
2009-05-06,16.21,16.55,15.97,16.07,1048624,16.47,15.67,0.68,54.24,15.14,15.52,17.68,17.68,0,,,15.14,,0,,0,,,,,
2009-05-07,16.35,16.45,16.04,16.38,940739,16.43,15.67,0.66,58.09,15.35,15.6,17.68,17.68,0,,,15.35,,0,,0,,,,,
2009-05-08,16.52,16.52,16.21,16.38,699730,16.4,15.67,0.63,58.09,15.37,15.69,17.68,17.68,0,,,15.37,,0,,0,,,,,
2009-05-11,16.65,16.72,16.21,16.31,678299,16.36,15.67,0.62,56.84,15.33,15.78,17.68,17.68,0,,,15.33,,0,,0,,,,,
2009-05-12,16.38,16.52,16.11,16.35,523314,16.32,15.67,0.61,57.4,15.36,15.86,17.68,17.68,0,,,15.36,,0,,0,,,,,
2009-05-13,16.52,16.72,16.42,16.52,984590,16.28,15.67,0.59,59.81,15.48,15.94,17.68,17.68,0,,,15.48,,0,,0,,,,,
2009-05-14,16.65,17.06,16.25,16.89,1256300,16.25,15.67,0.61,64.51,15.71,16.03,17.68,17.68,0,,,15.71,,0,,0,,,,,
2009-05-15,17.41,17.88,17.27,17.54,3275995,16.23,15.67,0.64,70.94,16.11,16.13,17.88,17.68,0,,,16.11,,0,,0,,,,,
2009-05-18,19.73,21.02,19.45,20.41,39320,16.22,15.67,0.84,84.39,17.83,16.34,21.02,17.88,1,20.41,17.83,17.83,17.83,1,2009-05-18,0,,,10,,
2009-05-19,20.48,21.84,19.11,21.09,4517023,16.22,15.67,0.97,86.04,18.18,16.57,21.84,21.02,0,,,18.18,18.18,1,2009-05-18,0,,,10,,
2009-05-20,20.82,23.07,20.75,22.87,2361390,16.23,15.67,1.07,89.24,19.26,16.84,23.07,21.84,0,,,19.26,19.26,1,2009-05-18,0,,,10,,
2009-05-21,23.14,26.07,23.0,24.85,3406382,16.26,15.77,1.22,91.56,20.47,17.15,26.07,23.07,0,,,20.47,20.47,1,2009-05-18,0,,,10,,
2009-05-22,24.57,24.91,23.55,24.78,1829173,16.29,15.9,1.23,90.82,20.46,17.46,26.07,26.07,0,,,20.46,20.47,1,2009-05-18,0,,,10,,
2009-05-25,24.91,25.6,24.61,25.05,925686,16.32,15.97,1.21,91.12,20.67,17.78,26.07,26.07,0,,,20.67,20.67,1,2009-05-18,0,,,10,,
2009-05-26,24.91,25.8,23.21,23.55,1232287,16.34,15.97,1.31,76.2,19.64,18.04,26.07,26.07,0,,,19.64,20.67,1,2009-05-18,0,,,10,,
2009-05-27,24.2,24.71,23.92,24.47,1392652,16.37,16.04,1.3,78.53,20.26,18.31,26.07,26.07,0,,,20.26,20.67,1,2009-05-18,0,,,10,,
2009-05-28,24.64,25.87,24.44,25.36,1724958,16.41,16.11,1.31,80.51,20.85,18.58,26.07,26.07,0,,,20.85,20.85,1,2009-05-18,0,,,10,,
2009-05-29,26.01,26.62,25.39,26.11,2093444,16.46,16.11,1.31,82.01,21.34,18.91,26.62,26.07,1,26.11,21.34,21.34,21.34,1,2009-05-18,0,,,10,,
2009-06-01,26.96,28.05,26.55,27.64,2158684,16.52,16.11,1.35,84.62,22.3,19.27,28.05,26.62,0,,,22.3,22.3,1,2009-05-18,0,,,10,,
2009-06-02,27.99,30.41,26.69,29.39,4447942,16.59,16.25,1.52,86.95,23.36,19.68,30.41,28.05,0,,,23.36,23.36,1,2009-05-18,0,,,10,,
2009-06-03,30.03,30.2,28.36,28.63,1773649,16.65,16.25,1.54,81.2,22.85,20.08,30.41,30.41,0,,,22.85,23.36,1,2009-05-18,0,,,10,,
2009-06-04,28.74,29.69,27.99,29.15,2006228,16.72,17.27,1.56,82.07,23.52,20.51,30.41,30.41,0,,,23.52,23.52,1,2009-05-18,0,,,10,,
2009-06-05,30.61,30.61,29.97,30.27,2088004,16.79,19.11,1.55,83.82,24.86,20.97,30.61,30.41,0,,,24.86,24.86,1,2009-05-18,0,,,10,,
2009-06-08,30.72,31.81,30.1,31.26,3219037,16.88,19.11,1.56,85.19,25.49,21.47,31.81,30.61,1,31.26,25.49,25.49,25.49,1,2009-05-18,0,,,10,,
2009-06-09,30.72,31.33,29.73,30.07,1318987,16.95,20.75,1.56,76.76,25.27,21.91,31.81,31.81,0,,,25.27,25.49,1,2009-05-18,0,,,10,,
2009-06-10,30.72,30.85,28.74,29.21,1126015,17.02,23.0,1.6,71.27,25.44,22.35,31.81,31.81,0,,,25.44,25.49,1,2009-05-18,0,,,10,,
2009-06-11,29.69,30.0,27.99,28.16,680661,17.08,23.21,1.63,65.14,24.81,22.77,31.81,31.81,0,,,24.81,25.49,1,2009-05-18,0,,,10,,
2009-06-12,28.74,28.84,27.3,27.41,741472,17.14,23.21,1.62,61.1,24.33,23.15,31.81,31.81,0,,,24.33,25.49,1,2009-05-18,0,,,10,,
2009-06-15,27.64,27.64,26.31,26.55,647027,17.19,23.21,1.6,56.76,23.79,23.5,31.81,31.81,0,,,23.79,25.49,1,2009-05-18,0,,,10,,
2009-06-16,26.45,27.3,25.87,27.24,710720,17.27,23.92,1.59,59.26,24.48,23.87,31.81,31.81,0,,,24.48,25.49,1,2009-05-18,0,,,10,,
2009-06-17,27.64,28.19,26.31,26.59,768474,17.33,24.44,1.61,55.97,24.22,24.22,31.81,31.81,0,,,24.22,25.49,1,2009-05-18,0,,,10,,
2009-06-18,26.96,26.96,25.6,25.77,549765,17.39,25.39,1.59,52.05,24.02,24.53,31.81,31.81,0,,,24.02,25.49,1,2009-05-18,0,,,10,,
2009-06-19,26.31,26.96,25.8,26.76,603255,17.44,25.6,1.57,56.05,24.75,24.88,31.81,31.81,0,,,24.75,25.49,1,2009-05-18,0,,,10,,
2009-06-22,27.3,27.3,26.28,26.55,665112,17.5,25.6,1.53,55.0,24.64,25.22,31.81,31.81,0,,,24.64,25.49,1,2009-05-18,0,,,10,,
2009-06-23,25.94,27.88,25.63,27.71,821347,17.57,25.6,1.58,59.51,25.35,25.6,31.81,31.81,0,,,25.35,25.49,1,2009-05-18,0,,,10,,
2009-06-24,28.67,28.77,27.75,27.92,939256,17.64,25.6,1.54,60.29,25.51,25.98,31.81,31.81,0,,,25.51,25.51,1,2009-05-18,0,,,10,,
2009-06-25,28.33,28.53,27.23,27.37,358817,17.71,25.6,1.52,57.2,25.17,26.32,31.81,31.81,0,,,25.17,25.51,1,2009-05-18,0,,,10,,
2009-06-26,27.78,28.16,26.96,27.64,645806,17.78,25.6,1.5,58.33,25.36,26.66,31.81,31.81,0,,,25.36,25.51,1,2009-05-18,0,,,10,,
2009-06-29,27.92,28.16,27.41,27.71,570811,17.85,25.6,1.45,58.63,25.44,26.9,31.81,31.81,0,,,25.44,25.51,1,2009-05-18,0,,,10,,
2009-06-30,27.99,28.05,27.27,27.34,490704,17.92,25.6,1.4,56.29,25.23,27.11,31.81,31.81,0,,,25.23,25.51,1,2009-05-18,0,,,10,,
2009-07-01,27.44,27.71,27.24,27.58,714740,17.99,25.6,1.33,57.48,25.43,27.27,31.81,31.81,0,,,25.43,25.51,1,2009-05-18,0,,,10,,
2009-07-02,28.14,28.5,27.79,28.36,780444,18.07,25.6,1.3,61.17,25.96,27.39,31.81,31.81,0,,,25.96,25.96,1,2009-05-18,0,,,10,,
2009-07-03,27.86,28.6,27.86,28.46,761813,18.15,25.6,1.26,61.63,26.05,27.51,31.81,31.81,0,,,26.05,26.05,1,2009-05-18,0,,,10,,
2009-07-06,29.06,29.7,27.29,28.0,1539301,18.23,25.6,1.35,58.21,25.7,27.61,31.33,31.81,0,,,25.7,26.05,1,2009-05-18,0,,,10,,
2009-07-07,28.36,28.43,26.69,27.65,443076,18.31,25.6,1.37,55.68,25.45,27.74,30.85,31.33,0,,,25.45,26.05,1,2009-05-18,0,,,10,,
2009-07-08,26.94,27.47,25.77,26.94,934908,18.39,25.6,1.41,50.86,24.97,27.83,30.0,30.85,0,,,24.97,26.05,1,2009-05-18,1,26.05,TRAILING_STOP,10,38,27.62
2009-07-09,26.8,27.12,26.3,26.97,458792,18.47,25.63,1.37,51.05,25.03,27.88,29.7,30.0,0,,,25.03,,0,,0,,,,,
2009-07-10,26.94,27.86,26.44,27.19,1217209,18.55,25.63,1.37,52.52,25.17,27.92,29.7,29.7,0,,,25.17,,0,,0,,,,,
2009-07-13,26.23,26.44,25.2,25.7,398916,18.63,25.2,1.42,43.07,24.03,27.85,29.7,29.7,0,,,24.03,,0,,0,,,,,
2009-07-14,26.23,26.65,25.87,26.51,329037,18.7,25.2,1.38,48.5,24.58,27.76,29.7,29.7,0,,,24.58,,0,,0,,,,,
2009-07-15,26.94,27.36,26.58,27.08,550295,18.78,25.2,1.34,51.97,24.97,27.7,29.7,29.7,0,,,24.97,,0,,0,,,,,
2009-07-16,27.65,27.97,27.04,27.65,528782,18.87,25.2,1.31,55.22,25.36,27.65,29.7,29.7,0,,,25.36,,0,,0,,,,,
2009-07-17,27.65,28.43,27.15,28.14,685146,18.96,25.2,1.31,57.86,25.68,27.58,29.7,29.7,0,,,25.68,,0,,0,,,,,
2009-07-20,28.53,28.53,27.54,28.29,688266,19.05,25.2,1.29,58.66,25.79,27.48,29.7,29.7,0,,,25.79,,0,,0,,,,,
2009-07-21,28.07,28.96,28.0,28.21,1001022,19.13,25.2,1.27,58.02,25.75,27.42,29.7,29.7,0,,,25.75,,0,,0,,,,,
2009-07-22,28.43,29.06,28.29,28.39,688088,19.22,25.2,1.24,59.1,25.89,27.39,29.7,29.7,0,,,25.89,,0,,0,,,,,
2009-07-23,28.89,30.31,28.5,30.09,1377797,19.32,25.2,1.28,67.54,26.95,27.46,30.31,29.7,1,30.09,26.95,26.95,26.95,1,2009-07-23,0,,,11,,
2009-07-24,31.01,31.19,30.16,30.45,1939975,19.43,25.2,1.27,69.0,27.19,27.56,31.19,30.31,0,,,27.19,27.19,1,2009-07-23,0,,,11,,
2009-07-27,30.84,31.05,29.95,30.34,470806,19.53,25.2,1.26,67.99,27.13,27.69,31.19,31.19,0,,,27.13,27.19,1,2009-07-23,0,,,11,,
2009-07-28,30.45,30.48,29.35,29.53,498801,19.63,25.2,1.25,60.95,26.61,27.76,31.19,31.19,0,,,26.61,27.19,1,2009-07-23,0,,,11,,
2009-07-29,29.31,29.56,28.36,29.24,665177,19.72,25.2,1.25,58.61,26.43,27.85,31.19,31.19,0,,,26.43,27.19,1,2009-07-23,0,,,11,,
2009-07-30,29.42,30.91,28.82,29.6,934866,19.81,25.2,1.31,60.63,26.62,27.98,31.19,31.19,0,,,26.62,27.19,1,2009-07-23,0,,,11,,
2009-07-31,30.13,30.41,29.7,29.81,596310,19.9,25.2,1.27,61.8,26.78,28.08,31.19,31.19,0,,,26.78,27.19,1,2009-07-23,0,,,11,,
2009-08-03,29.92,30.02,29.38,29.77,384337,19.99,25.87,1.23,61.43,27.01,28.19,31.19,31.19,0,,,27.01,27.19,1,2009-07-23,0,,,11,,
2009-08-04,29.95,30.02,29.35,29.67,397490,20.08,26.58,1.19,60.44,27.21,28.25,31.19,31.19,0,,,27.21,27.21,1,2009-07-23,0,,,11,,
2009-08-05,29.77,30.02,29.17,29.28,418547,20.17,27.04,1.16,56.61,27.12,28.3,31.19,31.19,0,,,27.12,27.21,1,2009-07-23,0,,,11,,
2009-08-06,29.28,29.67,28.71,29.03,1082963,20.26,27.15,1.15,54.24,27.01,28.35,31.19,31.19,0,,,27.01,27.21,1,2009-07-23,0,,,11,,
2009-08-07,28.71,29.21,28.43,28.71,440846,20.34,27.54,1.12,51.29,26.95,28.39,31.19,31.19,0,,,26.95,27.21,1,2009-07-23,0,,,11,,
2009-08-10,29.14,29.14,28.25,28.43,354431,20.42,28.0,1.11,48.78,26.93,28.41,31.19,31.19,0,,,26.93,27.21,1,2009-07-23,0,,,11,,
2009-08-11,28.89,28.89,28.07,28.39,277034,20.51,28.07,1.08,48.42,26.95,28.45,31.19,31.19,0,,,26.95,27.21,1,2009-07-23,0,,,11,,
2009-08-12,28.07,28.39,27.54,27.86,564242,20.59,27.54,1.07,43.76,26.44,28.46,31.19,31.19,0,,,26.44,27.21,1,2009-07-23,0,,,11,,
2009-08-13,28.36,29.03,28.36,28.82,316440,20.67,27.54,1.08,52.65,27.05,28.47,31.19,31.19,0,,,27.05,27.21,1,2009-07-23,0,,,11,,
2009-08-14,29.06,29.28,28.64,28.92,216426,20.75,27.54,1.04,53.47,27.14,28.49,31.19,31.19,0,,,27.14,27.21,1,2009-07-23,0,,,11,,
2009-08-17,28.71,28.71,28.25,28.36,261724,20.81,27.54,1.02,48.39,26.79,28.5,31.19,31.19,0,,,26.79,27.21,1,2009-07-23,0,,,11,,
2009-08-18,28.18,28.99,28.04,28.57,250059,20.88,27.54,1.01,50.3,26.93,28.53,31.19,31.19,0,,,26.93,27.21,1,2009-07-23,0,,,11,,
2009-08-19,28.71,28.99,28.14,28.29,209163,20.96,27.54,1.0,47.76,26.76,28.58,31.19,31.19,0,,,26.76,27.21,1,2009-07-23,0,,,11,,
2009-08-20,28.36,29.24,28.29,28.6,423067,21.04,27.54,1.0,50.72,26.96,28.63,31.19,31.19,0,,,26.96,27.21,1,2009-07-23,0,,,11,,
2009-08-21,28.57,29.14,28.39,29.1,511859,21.12,27.54,0.98,55.14,27.3,28.69,31.05,31.19,0,,,27.3,27.3,1,2009-07-23,0,,,11,,
2009-08-24,29.28,29.6,28.78,28.92,232058,21.21,27.54,0.97,53.29,27.19,28.8,30.91,31.05,0,,,27.19,27.3,1,2009-07-23,0,,,11,,
2009-08-25,28.92,29.03,28.53,28.57,219539,21.29,27.54,0.93,49.79,26.98,28.87,30.91,30.91,0,,,26.98,27.3,1,2009-07-23,0,,,11,,
2009-08-26,28.82,28.82,28.36,28.43,332309,21.37,27.54,0.9,48.42,26.92,28.92,30.91,30.91,0,,,26.92,27.3,1,2009-07-23,0,,,11,,
2009-08-27,28.43,28.82,28.21,28.53,188152,21.45,27.54,0.88,49.49,27.0,28.94,30.41,30.91,0,,,27.0,27.3,1,2009-07-23,0,,,11,,
2009-08-28,28.71,28.99,28.53,28.78,361228,21.54,27.54,0.85,52.16,27.18,28.97,30.02,30.41,0,,,27.18,27.3,1,2009-07-23,0,,,11,,
2009-08-31,28.82,28.85,28.43,28.6,224389,21.62,27.54,0.82,50.1,27.08,28.98,30.02,30.02,0,,,27.08,27.3,1,2009-07-23,0,,,11,,
2009-09-01,28.6,29.77,28.39,28.6,544727,21.7,27.54,0.86,50.1,27.05,28.99,30.02,30.02,0,,,27.05,27.3,1,2009-07-23,0,,,11,,
2009-09-02,28.36,28.82,28.36,28.39,181820,21.78,28.04,0.83,47.57,27.1,28.99,29.77,30.02,0,,,27.1,27.3,1,2009-07-23,0,,,11,,
2009-09-03,28.43,28.78,28.36,28.39,214686,21.87,28.04,0.8,47.57,27.12,28.93,29.77,29.77,0,,,27.12,27.3,1,2009-07-23,0,,,11,,
2009-09-04,28.64,28.82,28.36,28.64,273450,21.95,28.04,0.78,50.99,27.3,28.87,29.77,29.77,0,,,27.3,27.3,1,2009-07-23,0,,,11,,
2009-09-07,28.68,29.84,28.64,29.21,817771,22.04,28.04,0.81,57.76,27.65,28.83,29.84,29.77,0,,,27.65,27.65,1,2009-07-23,0,,,11,,
2009-09-08,29.7,29.7,28.78,28.85,478617,22.13,28.14,0.82,52.8,27.44,28.81,29.84,29.84,0,,,27.44,27.65,1,2009-07-23,0,,,11,,
2009-09-09,29.24,29.24,28.6,28.75,242836,22.21,28.21,0.8,51.48,27.41,28.8,29.84,29.84,0,,,27.41,27.65,1,2009-07-23,0,,,11,,
2009-09-10,29.06,29.35,28.71,28.78,377568,22.3,28.21,0.79,51.87,27.44,28.77,29.84,29.84,0,,,27.44,27.65,1,2009-07-23,0,,,11,,
2009-09-11,28.96,30.45,28.53,29.95,1983549,22.4,28.21,0.87,64.01,28.14,28.77,30.45,29.84,1,29.95,28.14,28.14,28.14,1,2009-07-23,0,,,11,,
2009-09-14,29.99,31.09,29.99,30.34,2072558,22.5,28.21,0.89,66.99,28.38,28.79,31.09,30.45,0,,,28.38,28.38,1,2009-07-23,0,,,11,,
2009-09-15,30.41,31.37,30.41,31.12,1780480,22.6,28.21,0.9,72.0,28.88,28.84,31.37,31.09,1,31.12,28.88,28.88,28.88,1,2009-07-23,0,,,11,,
2009-09-16,31.58,32.11,31.12,31.26,1649124,22.71,28.21,0.91,72.8,28.96,28.91,32.11,31.37,0,,,28.96,28.96,1,2009-07-23,0,,,11,,
2009-09-17,31.65,31.69,30.31,30.8,1294667,22.81,28.36,0.94,66.13,28.69,28.97,32.11,32.11,0,,,28.69,28.96,1,2009-07-23,0,,,11,,
2009-09-18,30.8,30.98,29.81,30.06,760803,22.9,28.36,0.96,57.08,28.2,29.01,32.11,32.11,0,,,28.2,28.96,1,2009-07-23,0,,,11,,
2009-09-22,30.06,30.48,29.14,30.13,553394,23.0,28.36,0.98,57.67,28.23,29.07,32.11,32.11,0,,,28.23,28.96,1,2009-07-23,0,,,11,,
2009-09-23,30.38,31.51,30.16,30.45,1349203,23.1,28.36,1.01,60.35,28.42,29.14,32.11,32.11,0,,,28.42,28.96,1,2009-07-23,0,,,11,,
2009-09-24,30.45,33.81,30.2,33.39,4882935,23.22,28.36,1.2,75.64,30.19,29.32,33.81,32.11,1,33.39,30.19,30.19,30.19,1,2009-07-23,0,,,11,,
2009-09-25,32.33,35.09,32.33,32.75,4811090,23.33,28.36,1.31,69.37,29.7,29.45,35.09,33.81,0,,,29.7,30.19,1,2009-07-23,0,,,11,,
2009-09-29,33.6,34.31,32.29,32.43,1106757,23.45,28.53,1.36,66.41,29.52,29.57,35.09,35.09,0,,,29.52,30.19,1,2009-07-23,0,,,11,,
2009-09-30,32.54,33.46,32.18,33.25,1585080,23.57,28.53,1.35,69.95,30.05,29.73,35.09,35.09,0,,,30.05,30.19,1,2009-07-23,0,,,11,,
2009-10-01,33.32,33.46,32.5,32.68,897083,23.68,28.53,1.33,64.83,29.7,29.87,35.09,35.09,0,,,29.7,30.19,1,2009-07-23,0,,,11,,
2009-10-05,32.61,33.11,31.79,31.97,1145113,23.79,28.53,1.33,59.03,29.25,29.99,35.09,35.09,0,,,29.25,30.19,1,2009-07-23,0,,,11,,
2009-10-06,32.54,32.54,31.19,32.26,1134605,23.91,28.53,1.33,60.58,29.43,30.11,35.09,35.09,0,,,29.43,30.19,1,2009-07-23,0,,,11,,
2009-10-07,32.75,33.32,32.08,32.5,1000344,24.03,29.14,1.32,61.87,29.79,30.23,35.09,35.09,0,,,29.79,30.19,1,2009-07-23,0,,,11,,
2009-10-08,32.47,32.75,31.94,32.36,888523,24.14,29.14,1.29,60.63,29.73,30.34,35.09,35.09,0,,,29.73,30.19,1,2009-07-23,0,,,11,,
2009-10-09,32.43,32.72,31.69,31.83,680108,24.26,29.14,1.27,56.04,29.4,30.45,35.09,35.09,0,,,29.4,30.19,1,2009-07-23,0,,,11,,
2009-10-12,31.9,32.89,31.9,32.61,596326,24.38,29.14,1.25,60.75,29.91,30.59,35.09,35.09,0,,,29.91,30.19,1,2009-07-23,0,,,11,,
2009-10-13,32.68,32.68,32.68,32.68,0,24.51,29.14,1.17,61.15,30.01,30.73,35.09,35.09,0,,,30.01,30.19,1,2009-07-23,0,,,11,,
2009-10-14,32.96,33.67,32.82,33.35,888615,24.64,29.14,1.16,64.86,30.45,30.88,35.09,35.09,0,,,30.45,30.45,1,2009-07-23,0,,,11,,
2009-10-15,33.67,34.52,33.18,33.81,1179492,24.77,30.16,1.17,67.18,31.08,31.05,35.09,35.09,0,,,31.08,31.08,1,2009-07-23,0,,,11,,
2009-10-16,33.32,35.3,33.32,35.02,1658081,24.92,30.2,1.23,72.35,31.84,31.27,35.3,35.09,0,,,31.84,31.84,1,2009-07-23,0,,,11,,
2009-10-20,34.91,35.83,34.91,35.45,1458074,25.07,31.19,1.2,73.92,32.46,31.5,35.83,35.3,1,35.45,32.46,32.46,32.46,1,2009-07-23,0,,,11,,
2009-10-21,35.83,36.65,34.91,35.3,1098005,25.21,31.19,1.24,72.37,32.34,31.73,36.65,35.83,0,,,32.34,32.46,1,2009-07-23,0,,,11,,
2009-10-22,34.1,35.45,34.03,34.2,729806,25.35,31.19,1.26,62.12,31.62,31.92,36.65,36.65,0,,,31.62,32.46,1,2009-07-23,0,,,11,,
2009-10-23,34.38,35.06,33.74,34.1,484145,25.49,31.19,1.26,61.27,31.55,32.08,36.65,36.65,0,,,31.55,32.46,1,2009-07-23,0,,,11,,
2009-10-26,34.38,34.38,33.35,33.64,720751,25.63,31.19,1.24,57.38,31.27,32.24,36.65,36.65,0,,,31.27,32.46,1,2009-07-23,0,,,11,,
2009-10-27,33.64,33.81,32.01,32.11,1007609,25.75,31.19,1.28,46.75,30.25,32.35,36.65,36.65,0,,,30.25,32.46,1,2009-07-23,1,32.46,TRAILING_STOP,11,65,7.87
2009-10-28,31.87,32.5,30.23,31.16,499948,25.86,30.23,1.35,41.6,29.27,32.43,36.65,36.65,0,,,29.27,,0,,0,,,,,
2009-10-29,30.48,31.19,30.27,30.66,260976,25.98,30.23,1.32,39.15,28.97,32.46,36.65,36.65,0,,,28.97,,0,,0,,,,,
2009-10-30,31.37,31.83,30.16,30.45,275996,26.09,30.16,1.35,38.14,28.8,32.46,36.65,36.65,0,,,28.8,,0,,0,,,,,
2009-11-03,30.77,30.77,28.92,29.17,622535,26.19,28.92,1.38,32.6,27.53,32.39,36.65,36.65,0,,,27.53,,0,,0,,,,,
2009-11-04,29.31,29.99,29.06,29.77,749913,26.29,28.92,1.35,37.2,27.94,32.34,36.65,36.65,0,,,27.94,,0,,0,,,,,
2009-11-05,29.6,30.48,29.56,30.09,270644,26.4,28.92,1.32,39.57,28.17,32.32,36.65,36.65,0,,,28.17,,0,,0,,,,,
2009-11-06,31.05,31.55,30.09,31.19,467930,26.51,28.92,1.33,46.99,28.87,32.36,36.65,36.65,0,,,28.87,,0,,0,,,,,
2009-11-09,30.52,32.75,30.52,32.57,542826,26.63,28.92,1.39,54.53,29.72,32.44,36.65,36.65,0,,,29.72,,0,,0,,,,,
2009-11-10,32.93,33.07,32.11,32.72,631095,26.76,28.92,1.36,55.27,29.84,32.52,36.65,36.65,0,,,29.84,,0,,0,,,,,
2009-11-11,32.82,32.96,32.26,32.79,482815,26.88,28.92,1.32,55.63,29.91,32.5,36.65,36.65,0,,,29.91,,0,,0,,,,,
2009-11-12,32.79,33.46,32.61,32.68,409987,26.99,28.92,1.28,54.88,29.86,32.49,36.65,36.65,0,,,29.86,,0,,0,,,,,
2009-11-13,31.94,32.93,30.52,32.61,198078,27.11,28.92,1.36,54.37,29.76,32.5,36.65,36.65,0,,,29.76,,0,,0,,,,,
2009-11-16,32.75,33.11,32.61,32.61,202344,27.22,28.92,1.3,54.37,29.81,32.48,36.65,36.65,0,,,29.81,,0,,0,,,,,
2009-11-17,32.75,32.96,32.29,32.72,236216,27.33,28.92,1.26,55.13,29.91,32.48,36.65,36.65,0,,,29.91,,0,,0,,,,,
2009-11-18,31.97,33.5,31.97,33.03,268201,27.44,28.92,1.28,57.28,30.09,32.51,36.65,36.65,0,,,30.09,,0,,0,,,,,
2009-11-19,33.35,33.71,32.96,33.03,534263,27.55,28.92,1.24,57.28,30.12,32.54,35.45,36.65,0,,,30.12,,0,,0,,,,,
2009-11-20,33.32,35.34,32.79,34.91,1237401,27.67,28.92,1.33,68.04,31.27,32.62,35.34,35.45,0,,,31.27,,0,,0,,,,,
2009-11-23,36.08,36.15,35.3,35.45,1424794,27.8,28.92,1.33,70.35,31.62,32.72,36.15,35.34,1,35.45,31.62,31.62,31.62,1,2009-11-23,0,,,12,,
2009-11-24,35.52,36.44,34.84,35.45,1071084,27.92,29.06,1.35,70.35,31.66,32.84,36.44,36.15,0,,,31.66,31.66,1,2009-11-23,0,,,12,,
2009-11-25,35.45,36.12,34.74,34.84,436956,28.04,29.56,1.35,64.26,31.43,32.92,36.44,36.44,0,,,31.43,31.66,1,2009-11-23,0,,,12,,
2009-11-26,34.88,34.98,33.96,34.03,357860,28.16,30.09,1.32,57.19,31.1,32.96,36.44,36.44,0,,,31.1,31.66,1,2009-11-23,0,,,12,,
2009-11-27,33.85,34.03,31.9,33.25,786578,28.27,30.52,1.38,51.33,30.7,32.96,36.44,36.44,0,,,30.7,31.66,1,2009-11-23,0,,,12,,
2009-11-30,33.32,34.24,33.32,34.06,290861,28.39,30.52,1.35,56.33,31.24,32.97,36.44,36.44,0,,,31.24,31.66,1,2009-11-23,0,,,12,,
2009-12-01,34.38,35.09,33.99,34.52,433336,28.51,30.52,1.34,58.92,31.55,32.95,36.44,36.44,0,,,31.55,31.66,1,2009-11-23,0,,,12,,
2009-12-02,35.09,36.05,34.56,35.48,994061,28.64,30.52,1.35,63.74,32.16,32.95,36.44,36.44,0,,,32.16,32.16,1,2009-11-23,0,,,12,,
2009-12-03,36.01,36.12,34.81,35.55,561457,28.77,30.52,1.35,64.07,32.21,32.96,36.44,36.44,0,,,32.21,32.21,1,2009-11-23,0,,,12,,
2009-12-04,35.45,36.05,35.2,35.52,362650,28.9,31.9,1.31,63.8,32.67,33.01,36.44,36.44,0,,,32.67,32.67,1,2009-11-23,0,,,12,,
2009-12-07,35.76,36.08,35.45,35.48,438988,29.03,31.9,1.26,63.42,32.68,33.05,36.44,36.44,0,,,32.68,32.68,1,2009-11-23,0,,,12,,
2009-12-08,35.48,36.37,34.95,36.12,528253,29.16,31.9,1.27,66.84,33.08,33.13,36.44,36.44,0,,,33.08,33.08,1,2009-11-23,0,,,12,,
2009-12-09,35.76,37.57,35.76,36.47,1233001,29.3,31.9,1.31,68.57,33.28,33.28,37.57,36.44,1,36.47,33.28,33.28,33.28,1,2009-11-23,0,,,12,,
2009-12-10,36.51,37.22,36.26,36.97,772908,29.44,31.9,1.29,70.91,33.62,33.47,37.57,37.57,0,,,33.62,33.62,1,2009-11-23,0,,,12,,
2009-12-11,37.5,37.5,35.52,35.66,791909,29.56,31.9,1.34,58.61,32.74,33.64,37.57,37.57,0,,,32.74,33.62,1,2009-11-23,0,,,12,,
2009-12-14,35.48,35.8,34.74,35.55,410099,29.69,31.9,1.32,57.71,32.69,33.81,37.57,37.57,0,,,32.69,33.62,1,2009-11-23,0,,,12,,
2009-12-15,35.45,35.76,34.91,35.13,336030,29.82,31.9,1.28,54.26,32.44,34.01,37.57,37.57,0,,,32.44,33.62,1,2009-11-23,0,,,12,,
2009-12-16,35.13,35.13,34.03,34.59,537499,29.94,31.9,1.27,50.12,32.1,34.17,37.57,37.57,0,,,32.1,33.62,1,2009-11-23,0,,,12,,
2009-12-17,35.8,35.8,34.42,34.77,258072,30.06,31.9,1.28,51.45,32.21,34.33,37.57,37.57,0,,,32.21,33.62,1,2009-11-23,0,,,12,,
2009-12-18,34.67,34.88,34.2,34.45,306433,30.17,33.32,1.24,48.95,32.5,34.43,37.57,37.57,0,,,32.5,33.62,1,2009-11-23,0,,,12,,
2009-12-21,34.45,36.76,34.38,34.98,719715,30.27,33.99,1.32,53.02,33.01,34.51,37.57,37.57,0,,,33.01,33.62,1,2009-11-23,0,,,12,,
2009-12-22,35.2,36.26,34.98,35.76,579649,30.37,34.03,1.31,58.29,33.53,34.62,37.57,37.57,0,,,33.53,33.62,1,2009-11-23,0,,,12,,
2009-12-23,35.73,36.3,35.48,35.62,437348,30.45,34.03,1.28,57.05,33.47,34.71,37.57,37.57,0,,,33.47,33.62,1,2009-11-23,0,,,12,,
2009-12-24,35.87,36.08,35.13,35.34,269700,30.52,34.03,1.26,54.56,33.3,34.8,37.57,37.57,0,,,33.3,33.62,1,2009-11-23,0,,,12,,
2009-12-29,34.88,36.22,33.32,35.48,735472,30.59,33.32,1.37,55.6,33.08,34.89,37.57,37.57,0,,,33.08,33.62,1,2009-11-23,1,33.62,TRAILING_STOP,12,25,-5.16
2009-12-30,34.81,35.73,34.03,35.45,508052,30.66,33.32,1.4,55.31,33.04,34.99,37.57,37.57,0,,,33.04,,0,,0,,,,,
2009-12-31,34.81,35.8,34.81,35.45,407874,30.74,33.32,1.37,55.31,33.06,35.08,37.57,37.57,0,,,33.06,,0,,0,,,,,
2010-01-04,35.8,37.25,35.48,36.97,733607,30.82,33.32,1.4,65.9,34.02,35.21,37.57,37.57,0,,,34.02,,0,,0,,,,,
2010-01-05,37.22,37.57,36.61,36.9,359218,30.9,33.32,1.37,65.13,34.0,35.34,37.57,37.57,0,,,34.0,,0,,0,,,,,
2010-01-06,37.5,38.21,36.72,37.11,746444,30.97,33.32,1.38,66.39,34.13,35.41,38.21,37.57,0,,,34.13,,0,,0,,,,,
2010-01-07,37.15,37.25,36.58,36.9,349535,31.04,33.32,1.33,63.9,34.02,35.46,38.21,38.21,0,,,34.02,,0,,0,,,,,
2010-01-08,37.22,37.43,36.22,37.29,522890,31.09,33.32,1.32,66.42,34.28,35.52,38.21,38.21,0,,,34.28,,0,,0,,,,,
2010-01-11,37.5,37.86,37.15,37.61,348777,31.15,33.32,1.27,68.37,34.52,35.62,38.21,38.21,0,,,34.52,,0,,0,,,,,
2010-01-12,37.71,37.86,37.08,37.5,301944,31.2,33.32,1.24,66.93,34.47,35.73,38.21,38.21,0,,,34.47,,0,,0,,,,,
2010-01-13,37.22,37.22,36.65,36.97,211153,31.25,33.32,1.21,60.35,34.15,35.86,38.21,38.21,0,,,34.15,,0,,0,,,,,
2010-01-14,37.15,38.74,36.79,38.21,703781,31.3,33.32,1.26,68.22,34.91,35.99,38.74,38.21,0,,,34.91,,0,,0,,,,,
2010-01-15,38.21,39.66,37.82,38.35,757242,31.35,33.32,1.3,68.97,34.97,36.12,39.66,38.74,0,,,34.97,,0,,0,,,,,
2010-01-18,37.93,39.31,37.93,39.17,438730,31.42,33.32,1.31,72.99,35.5,36.24,39.66,39.66,0,,,35.5,,0,,0,,,,,
2010-01-19,39.59,40.19,39.17,39.59,428657,31.49,33.32,1.29,74.79,35.78,36.38,40.19,39.66,0,,,35.78,,0,,0,,,,,
2010-01-20,42.53,42.53,39.59,40.8,552817,31.58,34.03,1.41,79.11,36.72,36.55,42.53,40.19,1,40.8,36.72,36.72,36.72,1,2010-01-20,0,,,13,,
2010-01-21,40.76,40.76,38.28,38.85,244578,31.66,34.81,1.49,60.97,35.67,36.67,42.53,42.53,0,,,35.67,36.72,1,2010-01-20,0,,,13,,
2010-01-22,37.93,38.46,35.52,38.1,320340,31.74,35.48,1.62,55.69,35.32,36.73,42.53,42.53,0,,,35.32,36.72,1,2010-01-20,1,36.72,TRAILING_STOP,13,3,-10.0
2010-01-25,38.1,38.1,36.93,37.57,237587,31.81,35.52,1.59,52.24,35.02,36.77,42.53,42.53,0,,,35.02,,0,,0,,,,,
2010-01-27,36.51,38.28,36.15,36.61,291315,31.88,35.52,1.63,46.61,34.37,36.76,42.53,42.53,0,,,34.37,,0,,0,,,,,
2010-01-28,36.86,37.22,36.15,36.93,196498,31.95,35.52,1.59,48.6,34.6,36.8,42.53,42.53,0,,,34.6,,0,,0,,,,,
2010-01-29,35.83,37.71,35.34,37.5,386869,32.02,35.34,1.64,52.03,34.87,36.86,42.53,42.53,0,,,34.87,,0,,0,,,,,
2010-02-01,37.71,37.89,36.65,37.39,196815,32.09,35.34,1.61,51.31,34.82,36.94,42.53,42.53,0,,,34.82,,0,,0,,,,,
2010-02-02,37.86,38.53,36.9,37.18,219311,32.15,35.34,1.61,49.91,34.69,37.03,42.53,42.53,0,,,34.69,,0,,0,,,,,
2010-02-03,37.39,37.93,37.15,37.25,114048,32.21,35.34,1.55,50.4,34.77,37.11,42.53,42.53,0,,,34.77,,0,,0,,,,,
2010-02-04,38.25,38.25,36.37,36.58,188761,32.27,35.34,1.58,45.81,34.32,37.18,42.53,42.53,0,,,34.32,,0,,0,,,,,
2010-02-05,35.45,35.8,34.74,35.48,193965,32.33,34.74,1.6,39.46,33.4,37.2,42.53,42.53,0,,,33.4,,0,,0,,,,,
2010-02-08,36.44,36.44,35.52,36.19,114742,32.39,34.74,1.55,44.78,33.89,37.21,42.53,42.53,0,,,33.89,,0,,0,,,,,
2010-02-09,41.83,41.83,35.8,36.37,108360,32.44,34.74,1.87,46.07,33.79,37.24,42.53,42.53,0,,,33.79,,0,,0,,,,,
2010-02-10,36.15,36.93,36.15,36.65,163901,32.5,34.74,1.79,48.11,34.02,37.28,42.53,42.53,0,,,34.02,,0,,0,,,,,
2010-02-11,36.65,37.93,36.65,37.61,150764,32.56,34.74,1.76,54.46,34.67,37.35,42.53,42.53,0,,,34.67,,0,,0,,,,,
2010-02-15,37.61,37.61,35.98,36.9,142659,32.62,34.74,1.75,49.63,34.22,37.4,42.53,42.53,0,,,34.22,,0,,0,,,,,
2010-02-16,36.15,37.04,35.66,36.19,108710,32.68,34.74,1.72,45.29,33.78,37.42,42.53,42.53,0,,,33.78,,0,,0,,,,,
2010-02-17,36.86,37.22,36.51,36.97,140045,32.74,34.74,1.67,50.41,34.31,37.42,42.53,42.53,0,,,34.31,,0,,0,,,,,
2010-02-18,36.86,37.47,36.61,36.93,75173,32.81,34.74,1.61,50.16,34.32,37.42,42.53,42.53,0,,,34.32,,0,,0,,,,,
2010-02-19,36.86,36.86,35.37,35.52,141056,32.87,34.74,1.61,41.96,33.42,37.37,41.83,42.53,0,,,33.42,,0,,0,,,,,
2010-02-22,36.76,36.76,35.66,36.12,164757,32.93,34.74,1.58,46.0,33.82,37.35,41.83,41.83,0,,,33.82,,0,,0,,,,,
2010-02-23,35.48,36.01,35.41,35.45,94540,32.99,34.74,1.52,42.45,33.43,37.28,41.83,41.83,0,,,33.43,,0,,0,,,,,
2010-02-24,35.62,35.62,34.74,35.06,54997,33.05,34.74,1.48,40.49,33.21,37.2,41.83,41.83,0,,,33.21,,0,,0,,,,,
2010-02-25,34.91,35.8,33.5,33.81,239740,33.09,33.5,1.53,34.92,31.95,37.08,41.83,41.83,0,,,31.95,,0,,0,,,,,
2010-02-26,34.03,35.45,33.81,34.95,167294,33.13,33.5,1.54,42.66,32.68,37.01,41.83,41.83,0,,,32.68,,0,,0,,,,,
2010-03-02,36.79,36.79,35.45,35.8,99078,33.18,33.5,1.56,47.67,33.22,36.93,41.83,41.83,0,,,33.22,,0,,0,,,,,
2010-03-03,35.8,36.86,35.8,36.69,153464,33.24,33.5,1.53,52.35,33.81,36.87,41.83,41.83,0,,,33.81,,0,,0,,,,,
2010-03-04,37.36,39.27,36.72,37.54,575647,33.3,33.5,1.6,56.37,34.31,36.82,41.83,41.83,0,,,34.31,,0,,0,,,,,
2010-03-05,37.93,38.99,37.71,38.03,494743,33.35,33.5,1.59,58.54,34.64,36.77,41.83,41.83,0,,,34.64,,0,,0,,,,,
2010-03-08,38.85,38.95,37.36,37.54,213819,33.4,33.5,1.59,55.56,34.32,36.66,41.83,41.83,0,,,34.32,,0,,0,,,,,
2010-03-09,38.21,38.21,36.47,36.72,127012,33.44,33.5,1.6,50.9,33.78,36.59,41.83,41.83,0,,,33.78,,0,,0,,,,,
2010-03-10,35.45,37.08,35.45,36.33,107540,33.49,33.5,1.6,48.8,33.53,36.53,41.83,41.83,0,,,33.53,,0,,0,,,,,
2010-03-11,36.37,36.86,35.8,36.08,79535,33.54,33.5,1.57,47.45,33.39,36.48,39.27,41.83,0,,,33.39,,0,,0,,,,,
2010-03-12,36.44,36.86,35.83,35.98,77584,33.58,33.5,1.53,46.89,33.36,36.46,39.27,39.27,0,,,33.36,,0,,0,,,,,
2010-03-15,36.15,36.15,35.45,35.52,73266,33.62,33.5,1.47,44.31,33.1,36.41,39.27,39.27,0,,,33.1,,0,,0,,,,,
2010-03-16,35.45,35.91,35.09,35.69,50289,33.66,33.5,1.42,45.5,33.24,36.35,39.27,39.27,0,,,33.24,,0,,0,,,,,
2010-03-17,35.83,36.51,35.45,35.48,85884,33.69,33.5,1.4,44.24,33.12,36.29,39.27,39.27,0,,,33.12,,0,,0,,,,,
2010-03-18,36.08,36.08,34.84,35.2,114424,33.73,33.5,1.38,42.54,32.95,36.22,39.27,39.27,0,,,32.95,,0,,0,,,,,
2010-03-19,35.52,35.62,34.98,35.27,118351,33.78,33.81,1.33,43.13,33.13,36.15,39.27,39.27,0,,,33.13,,0,,0,,,,,
2010-03-22,34.74,35.45,34.45,35.02,97670,33.82,34.45,1.31,41.5,33.2,36.1,39.27,39.27,0,,,33.2,,0,,0,,,,,
2010-03-23,35.16,35.55,34.74,34.81,61326,33.86,34.45,1.27,40.12,33.09,36.08,39.27,39.27,0,,,33.09,,0,,0,,,,,
2010-03-25,34.81,34.95,34.42,34.59,73370,33.9,34.42,1.22,38.68,32.97,36.03,39.27,39.27,0,,,32.97,,0,,0,,,,,
2010-03-26,34.91,35.41,34.31,34.81,74413,33.95,34.31,1.21,40.97,33.08,35.98,39.27,39.27,0,,,33.08,,0,,0,,,,,
2010-03-29,35.23,36.08,34.81,35.13,158524,33.99,34.31,1.21,44.23,33.29,35.92,39.27,39.27,0,,,33.29,,0,,0,,,,,
2010-03-30,35.34,35.76,35.09,35.27,77813,34.03,34.31,1.18,45.64,33.4,35.85,39.27,39.27,0,,,33.4,,0,,0,,,,,
2010-03-31,35.41,35.45,34.84,35.13,49750,34.08,34.31,1.14,44.43,33.34,35.79,39.27,39.27,0,,,33.34,,0,,0,,,,,
2010-04-01,34.98,35.69,34.98,35.45,134920,34.12,34.31,1.11,47.84,33.57,35.76,39.27,39.27,0,,,33.57,,0,,0,,,,,
2010-04-05,35.73,36.51,34.74,36.4,166441,34.18,34.31,1.15,56.4,34.15,35.74,38.99,39.27,0,,,34.15,,0,,0,,,,,
2010-04-06,36.51,38.07,36.26,37.75,493821,34.24,34.31,1.2,65.15,34.99,35.77,38.95,38.99,0,,,34.99,,0,,0,,,,,
2010-04-07,38.6,39.7,38.42,38.71,825145,34.3,34.31,1.25,69.79,35.57,35.88,39.7,38.95,0,,,35.57,,0,,0,,,,,
2010-04-08,37.71,38.92,37.64,38.07,226892,34.36,34.31,1.26,63.7,35.16,35.94,39.7,39.7,0,,,35.16,,0,,0,,,,,
2010-04-09,37.64,38.28,37.5,37.61,179565,34.42,34.31,1.22,59.67,34.88,36.01,39.7,39.7,0,,,34.88,,0,,0,,,,,
2010-04-12,37.93,38.64,37.36,38.21,169948,34.49,34.31,1.23,62.96,35.27,36.12,39.7,39.7,0,,,35.27,,0,,0,,,,,
2010-04-13,37.82,39.49,37.82,39.13,487951,34.56,34.31,1.26,67.36,35.84,36.3,39.7,39.7,0,,,35.84,,0,,0,,,,,
2010-04-15,39.41,39.98,38.99,39.34,500937,34.63,34.31,1.24,68.29,35.99,36.44,39.98,39.7,0,,,35.99,,0,,0,,,,,
2010-04-16,38.28,39.95,37.96,39.52,361382,34.7,34.31,1.29,69.1,36.07,36.57,39.98,39.98,0,,,36.07,,0,,0,,,,,
2010-04-19,38.28,38.64,37.64,38.14,170965,34.77,34.31,1.33,57.07,35.15,36.62,39.98,39.98,0,,,35.15,,0,,0,,,,,
2010-04-20,38.74,39.24,38.03,38.42,226796,34.83,34.74,1.32,58.64,35.48,36.64,39.98,39.98,0,,,35.48,,0,,0,,,,,
2010-04-21,38.85,39.13,38.28,38.39,150078,34.9,34.74,1.29,58.4,35.48,36.66,39.98,39.98,0,,,35.48,,0,,0,,,,,
2010-04-22,38.85,39.41,38.28,38.71,514323,34.97,34.74,1.28,60.32,35.69,36.7,39.98,39.98,0,,,35.69,,0,,0,,,,,
2010-04-23,39.2,41.08,39.06,39.66,1640613,35.04,34.74,1.36,65.42,36.26,36.79,41.08,39.98,0,,,36.26,,0,,0,,,,,
2010-04-26,40.34,41.05,39.63,39.73,684722,35.11,34.74,1.36,65.77,36.3,36.91,41.08,41.08,0,,,36.3,,0,,0,,,,,
2010-04-27,39.91,40.02,39.1,39.27,261178,35.18,36.26,1.33,61.38,36.53,37.01,41.08,41.08,0,,,36.53,,0,,0,,,,,
2010-04-28,38.6,39.06,37.64,38.46,255515,35.24,37.36,1.35,54.49,36.36,37.1,41.08,41.08,0,,,36.36,,0,,0,,,,,
2010-04-29,37.89,39.91,37.89,39.49,498239,35.31,37.36,1.4,60.55,36.99,37.23,41.08,41.08,0,,,36.99,,0,,0,,,,,
2010-04-30,39.7,40.66,39.1,39.27,568823,35.37,37.36,1.41,58.75,36.84,37.35,41.08,41.08,0,,,36.84,,0,,0,,,,,
2010-05-03,39.49,39.98,38.92,39.31,461167,35.42,37.36,1.39,58.99,36.88,37.48,41.08,41.08,0,,,36.88,,0,,0,,,,,
2010-05-04,39.17,39.7,37.93,38.03,277916,35.47,37.64,1.41,49.18,36.13,37.57,41.08,41.08,0,,,36.13,,0,,0,,,,,
2010-05-05,37.93,39.91,36.9,39.66,595804,35.53,36.9,1.53,58.62,36.86,37.72,41.08,41.08,0,,,36.86,,0,,0,,,,,
2010-05-06,39.7,41.36,38.14,39.84,1010517,35.59,36.9,1.65,59.51,36.9,37.88,41.36,41.08,0,,,36.9,,0,,0,,,,,
2010-05-07,39.49,39.49,38.0,38.25,449601,35.64,36.9,1.66,49.36,35.86,37.99,41.36,41.36,0,,,35.86,,0,,0,,,,,
2010-05-10,39.17,39.17,38.35,38.64,211437,35.7,36.9,1.61,51.55,36.15,38.13,41.36,41.36,0,,,36.15,,0,,0,,,,,
2010-05-11,38.46,38.85,37.93,38.03,137965,35.73,36.9,1.56,48.06,35.79,38.23,41.36,41.36,0,,,35.79,,0,,0,,,,,
2010-05-12,38.49,38.64,37.93,38.21,182434,35.77,36.9,1.5,49.15,35.95,38.34,41.36,41.36,0,,,35.95,,0,,0,,,,,
2010-05-13,38.46,38.88,38.0,38.1,114884,35.8,36.9,1.45,48.48,35.9,38.43,41.36,41.36,0,,,35.9,,0,,0,,,,,
2010-05-14,38.35,38.49,37.57,37.78,175642,35.83,36.9,1.42,46.49,35.72,38.52,41.36,41.36,0,,,35.72,,0,,0,,,,,
2010-05-17,37.22,38.49,36.9,38.28,278665,35.87,36.9,1.43,49.95,36.04,38.61,41.36,41.36,0,,,36.04,,0,,0,,,,,
2010-05-18,37.54,40.34,37.54,39.2,778310,35.92,36.9,1.53,55.63,36.57,38.71,41.36,41.36,0,,,36.57,,0,,0,,,,,
2010-05-19,39.49,40.76,38.28,38.49,1343454,35.96,36.9,1.6,50.83,36.06,38.73,41.36,41.36,0,,,36.06,,0,,0,,,,,
2010-05-20,38.88,39.34,38.32,38.78,334945,36.0,36.9,1.55,52.63,36.28,38.73,41.36,41.36,0,,,36.28,,0,,0,,,,,
2010-05-21,38.25,38.6,37.25,38.46,282401,36.04,36.9,1.55,50.44,36.07,38.75,41.36,41.36,0,,,36.07,,0,,0,,,,,
2010-05-24,39.49,39.49,38.1,38.25,204634,36.09,36.9,1.54,49.0,35.94,38.77,41.36,41.36,0,,,35.94,,0,,0,,,,,
2010-05-25,37.68,38.07,36.86,36.93,215092,36.12,36.86,1.53,41.06,35.09,38.73,41.36,41.36,0,,,35.09,,0,,0,,,,,
2010-05-26,37.71,38.25,37.32,37.86,384707,36.15,36.86,1.51,47.51,35.7,38.68,41.36,41.36,0,,,35.7,,0,,0,,,,,
2010-05-27,36.93,38.42,36.93,38.32,190750,36.18,36.86,1.51,50.4,35.99,38.65,41.36,41.36,0,,,35.99,,0,,0,,,,,
2010-05-28,38.64,38.95,38.46,38.6,185341,36.22,36.86,1.45,52.13,36.22,38.62,41.36,41.36,0,,,36.22,,0,,0,,,,,
2010-05-31,38.56,40.12,38.35,39.88,525847,36.25,36.86,1.47,59.15,37.03,38.68,41.36,41.36,0,,,37.03,,0,,0,,,,,
2010-06-01,40.34,45.65,39.88,42.89,8640108,36.3,36.86,1.78,70.2,38.76,38.83,45.65,41.36,1,42.89,38.76,38.76,38.76,1,2010-06-01,0,,,14,,
2010-06-02,43.95,45.26,41.65,43.24,4849120,36.35,36.86,1.91,71.18,38.9,38.99,45.65,45.65,0,,,38.9,38.9,1,2010-06-01,0,,,14,,
2010-06-03,43.81,44.27,42.57,42.68,1429252,36.41,36.86,1.9,67.37,38.55,39.12,45.65,45.65,0,,,38.55,38.9,1,2010-06-01,0,,,14,,
2010-06-04,43.1,43.56,42.57,42.68,788926,36.46,36.86,1.83,67.37,38.59,39.22,45.65,45.65,0,,,38.59,38.9,1,2010-06-01,0,,,14,,
2010-06-07,41.15,43.24,40.83,43.07,1299762,36.53,36.86,1.87,68.72,38.82,39.33,45.65,45.65,0,,,38.82,38.9,1,2010-06-01,0,,,14,,
2010-06-08,43.53,44.02,41.75,41.97,862981,36.59,36.86,1.9,61.05,38.09,39.42,45.65,45.65,0,,,38.09,38.9,1,2010-06-01,0,,,14,,
2010-06-09,42.53,42.64,40.97,41.08,822620,36.66,36.86,1.88,55.64,37.53,39.51,45.65,45.65,0,,,37.53,38.9,1,2010-06-01,0,,,14,,
2010-06-10,40.97,42.11,40.66,41.22,522300,36.73,36.86,1.85,56.29,37.64,39.57,45.65,45.65,0,,,37.64,38.9,1,2010-06-01,0,,,14,,
2010-06-11,41.47,42.82,41.47,41.9,702418,36.81,36.86,1.84,59.43,38.09,39.65,45.65,45.65,0,,,38.09,38.9,1,2010-06-01,0,,,14,,
2010-06-14,43.24,45.23,42.82,43.6,2001144,36.9,36.86,1.94,66.01,39.11,39.8,45.65,45.65,0,,,39.11,39.11,1,2010-06-01,0,,,14,,
2010-06-15,43.63,43.92,42.39,42.61,685239,36.99,36.93,1.91,59.92,38.52,39.95,45.65,45.65,0,,,38.52,39.11,1,2010-06-01,0,,,14,,
2010-06-16,42.89,43.28,42.25,42.43,380164,37.07,36.93,1.85,58.85,38.44,40.04,45.65,45.65,0,,,38.44,39.11,1,2010-06-01,0,,,14,,
2010-06-17,41.9,42.68,41.86,42.18,335108,37.14,38.35,1.78,57.33,38.81,40.12,45.65,45.65,0,,,38.81,39.11,1,2010-06-01,0,,,14,,
2010-06-18,42.18,42.64,41.86,42.0,296063,37.21,38.35,1.7,56.2,38.74,40.25,45.65,45.65,0,,,38.74,39.11,1,2010-06-01,0,,,14,,
2010-06-21,42.53,43.07,42.22,42.78,368872,37.27,39.88,1.66,59.88,39.78,40.38,45.65,45.65,0,,,39.78,39.78,1,2010-06-01,0,,,14,,
2010-06-22,42.75,43.17,42.36,42.75,272683,37.34,40.66,1.6,59.68,40.06,40.54,45.65,45.65,0,,,40.06,40.06,1,2010-06-01,0,,,14,,
2010-06-23,42.89,43.85,42.53,43.6,422834,37.41,40.66,1.58,63.54,40.62,40.72,45.65,45.65,0,,,40.62,40.62,1,2010-06-01,0,,,14,,
2010-06-24,43.85,44.52,43.63,43.88,501266,37.49,40.66,1.53,64.73,40.83,40.91,45.65,45.65,0,,,40.83,40.83,1,2010-06-01,0,,,14,,
2010-06-25,43.95,44.73,43.53,43.74,632292,37.56,40.66,1.51,63.61,40.76,41.11,45.65,45.65,0,,,40.76,40.83,1,2010-06-01,0,,,14,,
2010-06-28,43.53,44.45,43.07,43.31,467767,37.63,40.66,1.5,60.15,40.49,41.28,45.65,45.65,0,,,40.49,40.83,1,2010-06-01,0,,,14,,
2010-06-29,43.74,43.95,43.1,43.46,446639,37.7,40.66,1.45,60.95,40.62,41.42,45.26,45.65,0,,,40.62,40.83,1,2010-06-01,0,,,14,,
2010-06-30,43.93,43.97,42.54,43.68,389634,37.77,40.66,1.45,62.15,40.76,41.59,45.23,45.26,0,,,40.76,40.83,1,2010-06-01,0,,,14,,
2010-07-01,43.24,43.6,42.91,43.05,181839,37.83,41.47,1.4,56.78,40.66,41.74,45.23,45.23,0,,,40.66,40.83,1,2010-06-01,0,,,14,,
2010-07-02,43.09,43.46,42.69,42.87,143406,37.88,41.86,1.36,55.31,40.7,41.88,45.23,45.23,0,,,40.7,40.83,1,2010-06-01,0,,,14,,
2010-07-05,42.87,43.09,42.21,42.28,147626,37.92,41.86,1.32,50.68,40.34,42.02,45.23,45.23,0,,,40.34,40.83,1,2010-06-01,0,,,14,,
2010-07-06,42.28,42.94,41.77,42.65,193792,37.97,41.77,1.31,53.32,40.56,42.21,45.23,45.23,0,,,40.56,40.83,1,2010-06-01,0,,,14,,
2010-07-07,42.65,43.09,42.1,42.21,140773,38.03,41.77,1.29,49.9,40.29,42.35,45.23,45.23,0,,,40.29,40.83,1,2010-06-01,0,,,14,,
2010-07-08,42.36,43.68,42.36,42.58,212400,38.09,41.77,1.3,52.65,40.52,42.5,45.23,45.23,0,,,40.52,40.83,1,2010-06-01,0,,,14,,
2010-07-09,42.65,43.57,42.65,43.35,387121,38.15,41.77,1.28,57.84,41.03,42.65,45.23,45.23,0,,,41.03,41.03,1,2010-06-01,0,,,14,,
2010-07-12,43.24,44.92,42.94,44.63,646719,38.22,41.77,1.33,64.75,41.82,42.81,44.92,45.23,0,,,41.82,41.82,1,2010-06-01,0,,,14,,
2010-07-13,44.55,46.17,44.19,45.4,1356905,38.29,41.77,1.38,68.13,42.29,42.9,46.17,44.92,1,45.4,42.29,42.29,42.29,1,2010-06-01,0,,,14,,
2010-07-14,45.58,45.98,44.04,44.7,518013,38.35,41.77,1.42,62.28,41.81,42.94,46.17,46.17,0,,,41.81,42.29,1,2010-06-01,0,,,14,,
2010-07-15,44.01,46.09,44.01,44.41,836273,38.41,41.77,1.46,59.98,41.59,43.0,46.17,46.17,0,,,41.59,42.29,1,2010-06-01,0,,,14,,
2010-07-16,45.07,45.29,44.41,44.55,267012,38.47,41.77,1.42,60.73,41.71,43.06,46.17,46.17,0,,,41.71,42.29,1,2010-06-01,0,,,14,,
2010-07-19,44.7,47.45,43.97,47.12,2231563,38.54,41.77,1.57,71.39,43.27,43.2,47.45,46.17,1,47.12,43.27,43.27,43.27,1,2010-06-01,0,,,14,,
2010-07-20,47.63,47.82,46.57,46.9,1458643,38.61,41.77,1.55,69.64,43.14,43.36,47.82,47.45,0,,,43.14,43.27,1,2010-06-01,0,,,14,,
2010-07-21,47.27,47.27,46.17,46.5,464629,38.67,41.77,1.51,66.47,42.91,43.54,47.82,47.82,0,,,42.91,43.27,1,2010-06-01,0,,,14,,
2010-07-22,46.46,47.93,46.2,47.74,1515013,38.75,41.77,1.53,70.9,43.7,43.76,47.93,47.82,0,,,43.7,43.7,1,2010-06-01,0,,,14,,
2010-07-23,48.55,48.55,47.63,47.93,991367,38.84,41.77,1.49,71.52,43.85,43.96,48.55,47.93,0,,,43.85,43.85,1,2010-06-01,0,,,14,,
2010-07-26,47.96,47.96,46.61,46.75,344530,38.91,41.77,1.48,62.59,43.09,44.07,48.55,48.55,0,,,43.09,43.85,1,2010-06-01,0,,,14,,
2010-07-27,46.9,47.08,46.24,46.75,286151,38.99,42.1,1.43,62.59,43.23,44.21,48.55,48.55,0,,,43.23,43.85,1,2010-06-01,0,,,14,,
2010-07-28,46.75,47.56,46.46,46.64,363533,39.07,42.36,1.41,61.75,43.26,44.35,48.55,48.55,0,,,43.26,43.85,1,2010-06-01,0,,,14,,
2010-07-29,46.64,47.49,46.39,47.12,432384,39.16,42.65,1.39,64.01,43.69,44.51,48.55,48.55,0,,,43.69,43.85,1,2010-06-01,0,,,14,,
2010-07-30,47.63,48.66,47.16,47.67,970172,39.24,42.94,1.4,66.45,44.13,44.7,48.66,48.55,0,,,44.13,44.13,1,2010-06-01,0,,,14,,
2010-08-02,47.34,48.37,47.34,48.04,388401,39.32,43.97,1.37,68.02,44.73,44.88,48.66,48.66,0,,,44.73,44.73,1,2010-06-01,0,,,14,,
2010-08-03,48.37,49.72,48.11,48.92,1203200,39.41,43.97,1.39,71.44,45.28,45.08,49.72,48.66,1,48.92,45.28,45.28,45.28,1,2010-06-01,0,,,14,,
2010-08-04,49.43,49.83,48.44,49.13,685927,39.51,43.97,1.39,72.2,45.42,45.27,49.83,49.72,0,,,45.42,45.42,1,2010-06-01,0,,,14,,
2010-08-05,49.17,49.54,48.55,48.77,305395,39.59,43.97,1.36,68.8,45.2,45.43,49.83,49.83,0,,,45.2,45.42,1,2010-06-01,0,,,14,,
2010-08-06,49.17,49.17,46.75,47.12,614796,39.67,43.97,1.44,55.83,44.09,45.54,49.83,49.83,0,,,44.09,45.42,1,2010-06-01,0,,,14,,
2010-08-09,47.27,48.99,46.94,48.44,502744,39.76,46.17,1.48,62.0,45.65,45.71,49.83,49.83,0,,,45.65,45.65,1,2010-06-01,0,,,14,,
2010-08-10,48.66,48.66,47.63,47.89,259402,39.83,46.17,1.45,58.34,45.31,45.86,49.83,49.83,0,,,45.31,45.65,1,2010-06-01,0,,,14,,
2010-08-11,47.93,48.37,47.3,47.41,238005,39.9,46.2,1.42,55.28,45.03,45.98,49.83,49.83,0,,,45.03,45.65,1,2010-06-01,0,,,14,,
2010-08-12,46.83,48.44,46.57,48.22,503134,39.98,46.24,1.46,59.18,45.55,46.16,49.83,49.83,0,,,45.55,45.65,1,2010-06-01,0,,,14,,
2010-08-13,48.37,49.94,48.37,49.39,951764,40.06,46.24,1.47,64.05,46.29,46.37,49.94,49.83,0,,,46.29,46.29,1,2010-06-01,0,,,14,,
2010-08-16,49.83,50.38,48.84,50.05,687333,40.14,46.24,1.48,66.48,46.71,46.63,50.38,49.94,1,50.05,46.71,46.71,46.71,1,2010-06-01,0,,,14,,
2010-08-17,50.23,52.4,50.12,52.14,1831710,40.24,46.39,1.54,72.76,48.07,46.95,52.4,50.38,0,,,48.07,48.07,1,2010-06-01,0,,,14,,
2010-08-18,52.4,54.52,52.29,53.42,2125637,40.35,46.39,1.6,75.76,48.85,47.32,54.52,52.4,0,,,48.85,48.85,1,2010-06-01,0,,,14,,
2010-08-19,53.5,53.82,52.4,52.98,777095,40.45,46.57,1.59,72.8,48.64,47.67,54.52,54.52,0,,,48.64,48.85,1,2010-06-01,0,,,14,,
2010-08-20,52.76,53.86,52.76,53.35,737893,40.55,46.57,1.55,73.73,48.9,48.0,54.52,54.52,0,,,48.9,48.9,1,2010-06-01,0,,,14,,
2010-08-23,53.57,54.45,52.91,53.13,693227,40.65,46.57,1.55,72.15,48.76,48.29,54.52,54.52,0,,,48.76,48.9,1,2010-06-01,0,,,14,,
2010-08-24,53.24,53.68,51.66,52.14,397374,40.74,46.57,1.59,65.35,48.1,48.51,54.52,54.52,0,,,48.1,48.9,1,2010-06-01,0,,,14,,
2010-08-25,51.66,52.14,50.42,50.64,479364,40.81,46.57,1.6,56.65,47.12,48.71,54.52,54.52,0,,,47.12,48.9,1,2010-06-01,0,,,14,,
2010-08-26,51.04,51.88,50.86,51.33,380349,40.88,46.57,1.57,59.33,47.58,48.94,54.52,54.52,0,,,47.58,48.9,1,2010-06-01,0,,,14,,
2010-08-27,51.74,52.76,50.56,50.75,437076,40.96,46.57,1.61,56.19,47.18,49.15,54.52,54.52,0,,,47.18,48.9,1,2010-06-01,0,,,14,,
2010-08-30,51.52,52.03,50.2,50.45,289094,41.04,46.57,1.63,54.57,46.98,49.26,54.52,54.52,0,,,46.98,48.9,1,2010-06-01,0,,,14,,
2010-08-31,50.56,50.56,49.24,49.65,353341,41.13,46.57,1.61,50.42,46.48,49.35,54.52,54.52,0,,,46.48,48.9,1,2010-06-01,0,,,14,,
2010-09-01,50.12,50.71,49.57,50.2,325398,41.22,46.57,1.57,53.06,46.85,49.47,54.52,54.52,0,,,46.85,48.9,1,2010-06-01,0,,,14,,
2010-09-02,51.0,52.76,50.49,52.43,1016263,41.32,48.37,1.64,61.93,48.84,49.63,54.52,54.52,0,,,48.84,48.9,1,2010-06-01,0,,,14,,
2010-09-03,52.76,52.84,52.03,52.51,549267,41.42,48.84,1.59,62.21,49.09,49.78,54.52,54.52,0,,,49.09,49.09,1,2010-06-01,0,,,14,,
2010-09-06,52.76,53.13,52.18,52.47,357374,41.52,49.24,1.54,61.97,49.23,49.97,54.52,54.52,0,,,49.23,49.23,1,2010-06-01,0,,,14,,
2010-09-07,52.69,53.64,51.7,52.07,385997,41.62,49.24,1.57,59.48,48.95,50.15,54.52,54.52,0,,,48.95,49.23,1,2010-06-01,0,,,14,,
2010-09-08,51.99,53.13,51.41,52.51,334679,41.72,49.24,1.58,61.32,49.23,50.34,54.52,54.52,0,,,49.23,49.23,1,2010-06-01,0,,,14,,
2010-09-09,53.35,53.35,53.06,53.06,362387,41.83,49.24,1.53,63.55,49.62,50.54,54.52,54.52,0,,,49.62,49.62,1,2010-06-01,0,,,14,,
2010-09-13,53.09,53.72,52.84,53.06,629865,41.95,49.24,1.48,63.55,49.65,50.72,54.52,54.52,0,,,49.65,49.65,1,2010-06-01,0,,,14,,
2010-09-14,53.9,54.41,52.84,53.02,706081,42.06,49.24,1.49,63.24,49.62,50.89,54.52,54.52,0,,,49.62,49.65,1,2010-06-01,0,,,14,,
2010-09-15,53.31,53.5,51.59,52.14,550335,42.17,49.24,1.52,56.74,49.03,51.0,54.52,54.52,0,,,49.03,49.65,1,2010-06-01,0,,,14,,
2010-09-16,52.14,53.13,50.93,51.08,1764415,42.26,49.24,1.57,50.06,48.32,51.06,54.45,54.52,0,,,48.32,49.65,1,2010-06-01,0,,,14,,
2010-09-17,51.37,51.66,50.75,51.26,803186,42.35,49.24,1.52,51.11,48.46,51.14,54.45,54.45,0,,,48.46,49.65,1,2010-06-01,0,,,14,,
2010-09-20,51.11,51.52,50.34,50.6,435799,42.44,49.24,1.49,47.18,48.05,51.26,54.45,54.45,0,,,48.05,49.65,1,2010-06-01,0,,,14,,
2010-09-21,51.3,51.59,50.64,51.04,485885,42.54,49.24,1.46,49.95,48.36,51.35,54.41,54.45,0,,,48.36,49.65,1,2010-06-01,0,,,14,,
2010-09-22,51.11,51.3,47.12,49.83,2892564,42.63,47.12,1.65,43.25,46.74,51.41,54.41,54.41,0,,,46.74,49.65,1,2010-06-01,1,49.65,TRAILING_STOP,14,81,15.76
2010-09-23,49.9,50.93,49.17,50.38,392337,42.72,47.12,1.66,46.74,47.09,51.51,54.41,54.41,0,,,47.09,,0,,0,,,,,
2010-09-24,50.82,51.15,50.2,50.64,412432,42.82,47.12,1.61,48.36,47.3,51.59,54.41,54.41,0,,,47.3,,0,,0,,,,,
2010-09-27,51.15,51.44,50.75,51.26,401605,42.92,47.12,1.55,52.1,47.73,51.65,54.41,54.41,0,,,47.73,,0,,0,,,,,
2010-09-28,51.04,51.96,51.04,51.41,330778,43.03,47.12,1.51,52.99,47.86,51.7,54.41,54.41,0,,,47.86,,0,,0,,,,,
2010-09-29,51.41,51.81,50.97,51.15,254688,43.13,47.12,1.46,51.22,47.73,51.67,54.41,54.41,0,,,47.73,,0,,0,,,,,
2010-09-30,50.93,52.62,50.56,51.85,368010,43.25,47.12,1.5,55.53,48.15,51.61,54.41,54.41,0,,,48.15,,0,,0,,,,,
2010-10-01,51.41,52.4,51.3,51.99,405902,43.37,47.12,1.47,56.36,48.26,51.58,54.41,54.41,0,,,48.26,,0,,0,,,,,
2010-10-04,52.21,53.46,51.96,53.09,1277759,43.48,47.12,1.48,62.31,48.97,51.57,54.41,54.41,0,,,48.97,,0,,0,,,,,
2010-10-05,53.86,56.79,53.35,55.8,3384171,43.61,47.12,1.63,72.32,50.61,51.66,56.79,54.41,1,55.8,50.61,50.61,50.61,1,2010-10-05,0,,,15,,
2010-10-06,56.72,58.11,56.21,57.09,1540615,43.74,47.12,1.68,75.64,51.41,51.83,58.11,56.79,0,,,51.41,51.41,1,2010-10-05,0,,,15,,
2010-10-07,57.16,57.45,55.33,56.35,845971,43.86,47.12,1.71,70.43,50.91,52.02,58.11,58.11,0,,,50.91,51.41,1,2010-10-05,0,,,15,,
2010-10-08,56.46,56.79,55.77,55.84,443726,43.98,47.12,1.66,67.0,50.61,52.17,58.11,58.11,0,,,50.61,51.41,1,2010-10-05,0,,,15,,
2010-10-11,57.05,57.16,55.4,55.84,438576,44.11,47.12,1.67,67.0,50.61,52.34,58.11,58.11,0,,,50.61,51.41,1,2010-10-05,0,,,15,,
2010-10-12,55.69,57.09,55.11,55.69,472696,44.24,47.12,1.69,65.9,50.5,52.51,58.11,58.11,0,,,50.5,51.41,1,2010-10-05,0,,,15,,
2010-10-13,56.28,58.41,56.13,57.49,1752474,44.38,49.17,1.77,71.85,52.29,52.77,58.41,58.11,0,,,52.29,52.29,1,2010-10-05,0,,,15,,
2010-10-14,57.53,59.1,56.94,57.53,1453534,44.53,50.2,1.79,71.96,52.64,53.02,59.1,58.41,0,,,52.64,52.64,1,2010-10-05,0,,,15,,
2010-10-15,58.22,58.37,56.87,57.09,549882,44.67,50.56,1.77,68.59,52.49,53.17,59.1,59.1,0,,,52.49,52.64,1,2010-10-05,0,,,15,,
2010-10-18,57.67,57.67,55.58,56.83,440369,44.81,50.56,1.8,66.6,52.31,53.32,59.1,59.1,0,,,52.31,52.64,1,2010-10-05,0,,,15,,
2010-10-19,57.82,58.59,56.94,57.45,692544,44.96,50.56,1.79,68.91,52.71,53.48,59.1,59.1,0,,,52.71,52.71,1,2010-10-05,0,,,15,,
2010-10-20,57.31,58.41,56.79,57.49,522889,45.11,50.56,1.78,69.06,52.75,53.66,59.1,59.1,0,,,52.75,52.75,1,2010-10-05,0,,,15,,
2010-10-21,58.08,60.68,56.43,60.38,2185032,45.27,51.3,1.96,77.46,54.74,53.92,60.68,59.1,1,60.38,54.74,54.74,54.74,1,2010-10-05,0,,,15,,
2010-10-22,61.56,62.29,60.13,60.53,2441607,45.44,51.96,1.97,77.8,55.05,54.17,62.29,60.68,0,,,55.05,55.05,1,2010-10-05,0,,,15,,
2010-10-25,58.26,60.31,57.2,59.98,1665271,45.61,53.35,2.07,73.46,55.09,54.4,62.29,62.29,0,,,55.09,55.09,1,2010-10-05,0,,,15,,
2010-10-26,60.09,61.19,59.06,59.61,1169061,45.78,55.11,2.07,70.61,55.44,54.62,62.29,62.29,0,,,55.44,55.44,1,2010-10-05,0,,,15,,
2010-10-27,59.1,61.01,57.89,60.27,783027,45.95,55.11,2.15,72.65,55.81,54.89,62.29,62.29,0,,,55.81,55.81,1,2010-10-05,0,,,15,,
2010-10-28,61.01,61.04,57.75,58.0,857241,46.1,55.11,2.23,57.8,54.29,55.13,62.29,62.29,0,,,54.29,55.81,1,2010-10-05,0,,,15,,
2010-10-29,57.89,58.59,56.46,56.9,537714,46.25,55.11,2.22,52.22,53.59,55.31,62.29,62.29,0,,,53.59,55.81,1,2010-10-05,0,,,15,,
2010-11-01,57.53,58.55,57.27,58.08,413125,46.4,55.11,2.18,57.01,54.38,55.56,62.29,62.29,0,,,54.38,55.81,1,2010-10-05,0,,,15,,
2010-11-02,58.62,59.14,57.56,58.19,478291,46.55,55.58,2.14,57.44,54.63,55.8,62.29,62.29,0,,,54.63,55.81,1,2010-10-05,0,,,15,,
2010-11-03,58.62,58.99,58.26,58.41,415743,46.7,55.58,2.04,58.33,54.84,56.09,62.29,62.29,0,,,54.84,55.81,1,2010-10-05,0,,,15,,
2010-11-04,58.62,58.84,57.16,57.34,553968,46.83,55.58,2.02,52.55,54.17,56.32,62.29,62.29,0,,,54.17,55.81,1,2010-10-05,0,,,15,,
2010-11-08,59.03,59.91,57.75,57.97,717082,46.96,55.58,2.06,55.36,54.55,56.56,62.29,62.29,0,,,54.55,55.81,1,2010-10-05,0,,,15,,
2010-11-09,58.62,58.62,57.78,58.19,369723,47.09,56.43,1.97,56.33,55.03,56.79,62.29,62.29,0,,,55.03,55.81,1,2010-10-05,0,,,15,,
2010-11-10,58.19,59.72,57.34,57.75,606673,47.22,56.43,2.0,53.81,54.73,57.01,62.29,62.29,0,,,54.73,55.81,1,2010-10-05,0,,,15,,
2010-11-11,58.26,59.28,57.38,57.67,520284,47.35,56.43,1.99,53.34,54.68,57.22,62.29,62.29,0,,,54.68,55.81,1,2010-10-05,0,,,15,,
2010-11-12,57.2,58.15,55.33,55.77,568925,47.47,55.33,2.05,43.64,53.05,57.35,62.29,62.29,0,,,53.05,55.81,1,2010-10-05,1,55.81,TRAILING_STOP,15,28,0.02
2010-11-15,55.18,57.2,54.45,56.72,544943,47.58,54.45,2.1,48.67,53.33,57.51,62.29,62.29,0,,,53.33,,0,,0,,,,,
2010-11-16,57.45,57.89,55.11,55.58,626202,47.69,54.45,2.15,43.64,52.57,57.59,62.29,62.29,0,,,52.57,,0,,0,,,,,
2010-11-18,56.35,56.35,53.13,54.67,533364,47.8,53.13,2.23,40.08,51.49,57.56,62.29,62.29,0,,,51.49,,0,,0,,,,,
2010-11-19,55.47,55.47,53.13,53.42,304172,47.9,53.13,2.23,35.76,50.68,57.43,62.29,62.29,0,,,50.68,,0,,0,,,,,
2010-11-22,53.17,54.59,52.76,54.19,308022,48.0,52.76,2.21,40.05,51.07,57.36,62.29,62.29,0,,,51.07,,0,,0,,,,,
2010-11-23,53.86,54.15,51.88,52.65,260699,48.1,51.88,2.21,35.02,49.78,57.26,61.19,62.29,0,,,49.78,,0,,0,,,,,
2010-11-24,52.03,54.52,50.23,51.88,269303,48.18,50.23,2.36,32.8,48.63,57.12,61.19,61.19,0,,,48.63,,0,,0,,,,,
2010-11-25,49.94,52.03,49.83,51.26,310253,48.26,49.83,2.35,31.09,48.11,56.98,61.04,61.19,0,,,48.11,,0,,0,,,,,
2010-11-26,51.26,51.37,46.53,49.94,711884,48.33,46.53,2.53,27.78,46.04,56.72,61.04,61.04,0,,,46.04,,0,,0,,,,,
2010-11-29,50.2,50.56,48.44,50.23,226376,48.4,46.53,2.5,29.56,46.24,56.48,59.91,61.04,0,,,46.24,,0,,0,,,,,
2010-11-30,50.01,50.93,49.13,50.42,1026369,48.48,46.53,2.45,30.76,46.4,56.26,59.91,59.91,0,,,46.4,,0,,0,,,,,
2010-12-01,50.56,52.98,50.42,52.18,685999,48.56,46.53,2.46,40.83,47.53,56.1,59.91,59.91,0,,,47.53,,0,,0,,,,,
2010-12-02,52.76,55.11,52.76,54.41,595616,48.66,46.53,2.49,50.63,48.94,56.0,59.91,59.91,0,,,48.94,,0,,0,,,,,
2010-12-03,54.74,54.74,51.77,51.99,273069,48.76,46.53,2.52,42.42,47.36,55.82,59.91,59.91,0,,,47.36,,0,,0,,,,,
2010-12-06,52.58,53.35,50.86,51.37,186932,48.84,46.53,2.52,40.6,46.96,55.52,59.91,59.91,0,,,46.96,,0,,0,,,,,
2010-12-07,51.55,51.55,48.48,48.73,433356,48.89,46.53,2.56,33.94,45.23,55.13,59.72,59.91,0,,,45.23,,0,,0,,,,,
2010-12-08,48.0,48.73,46.35,46.57,460483,48.95,46.35,2.55,29.65,43.79,54.68,59.72,59.72,0,,,43.79,,0,,0,,,,,
2010-12-09,46.17,46.17,43.75,44.88,888566,48.99,43.75,2.57,26.8,41.82,54.19,59.28,59.72,0,,,41.82,,0,,0,,,,,
2010-12-10,45.07,46.83,44.01,45.54,499314,49.04,43.75,2.59,29.64,42.23,53.7,58.15,59.28,0,,,42.23,,0,,0,,,,,
2010-12-13,46.13,46.68,45.21,45.91,462892,49.09,43.75,2.51,31.26,42.52,53.29,57.89,58.15,0,,,42.52,,0,,0,,,,,
2010-12-14,46.31,46.97,45.43,46.53,373130,49.15,43.75,2.44,33.99,42.97,52.95,57.89,57.89,0,,,42.97,,0,,0,,,,,
2010-12-15,46.61,46.61,45.25,45.43,303279,49.2,43.75,2.36,31.59,42.31,52.53,56.35,57.89,0,,,42.31,,0,,0,,,,,
2010-12-16,45.47,46.13,44.81,45.98,309823,49.25,43.75,2.29,34.1,42.72,52.12,55.47,56.35,0,,,42.72,,0,,0,,,,,
2010-12-20,45.91,46.9,45.54,46.31,285703,49.3,43.75,2.22,35.62,42.97,51.72,55.11,55.47,0,,,42.97,,0,,0,,,,,
2010-12-21,46.9,46.9,46.2,46.61,183935,49.35,43.75,2.11,37.04,43.24,51.36,55.11,55.11,0,,,43.24,,0,,0,,,,,
2010-12-22,46.83,47.27,46.53,47.01,189213,49.41,43.75,2.01,38.98,43.56,50.99,55.11,55.11,0,,,43.56,,0,,0,,,,,
2010-12-23,47.23,47.45,46.61,46.68,161620,49.46,43.75,1.93,37.95,43.41,50.61,55.11,55.11,0,,,43.41,,0,,0,,,,,
2010-12-24,46.46,46.72,46.28,46.42,102333,49.52,43.75,1.82,37.11,43.31,50.23,55.11,55.11,0,,,43.31,,0,,0,,,,,
2010-12-27,46.53,47.41,46.31,46.61,126996,49.58,43.75,1.77,38.18,43.47,49.86,55.11,55.11,0,,,43.47,,0,,0,,,,,
2010-12-28,46.61,46.83,46.2,46.31,68395,49.64,43.75,1.69,37.1,43.33,49.55,55.11,55.11,0,,,43.33,,0,,0,,,,,
2010-12-29,46.2,46.9,46.02,46.61,84665,49.69,43.75,1.63,38.96,43.56,49.21,55.11,55.11,0,,,43.56,,0,,0,,,,,
2010-12-30,46.61,47.27,46.46,46.94,120330,49.75,43.75,1.57,41.02,43.81,48.92,55.11,55.11,0,,,43.81,,0,,0,,,,,
2010-12-31,46.97,49.61,46.9,48.62,438894,49.81,44.01,1.65,50.24,44.93,48.72,54.74,55.11,0,,,44.93,,0,,0,,,,,
2011-01-03,49.76,51.22,48.92,49.98,274596,49.85,44.81,1.72,56.21,46.03,48.61,53.35,54.74,0,,,46.03,,0,,0,,,,,
2011-01-04,50.2,50.42,49.32,49.46,170270,49.9,44.81,1.68,53.56,45.72,48.45,51.55,53.35,0,,,45.72,,0,,0,,,,,
2011-01-05,49.46,49.46,47.93,48.07,164174,49.93,44.81,1.67,47.17,44.83,48.3,51.22,51.55,0,,,44.83,,0,,0,,,,,
2011-01-06,48.37,48.37,46.9,47.49,146771,49.96,44.81,1.65,44.77,44.47,48.15,51.22,51.22,0,,,44.47,,0,,0,,,,,
2011-01-07,47.08,47.63,46.02,46.9,425316,49.99,45.54,1.65,42.41,44.33,48.0,51.22,51.22,0,,,44.33,,0,,0,,,,,
2011-01-10,47.41,47.41,45.07,45.32,186656,50.01,45.07,1.7,36.81,43.12,47.85,51.22,51.22,0,,,43.12,,0,,0,,,,,
2011-01-11,45.76,45.76,45.25,45.25,168698,50.04,45.07,1.61,36.57,43.13,47.68,51.22,51.22,0,,,43.13,,0,,0,,,,,
2011-01-12,45.25,46.24,44.7,45.95,213566,50.07,44.7,1.61,40.58,43.47,47.54,51.22,51.22,0,,,43.47,,0,,0,,,,,
2011-01-13,46.24,46.35,45.07,45.43,71795,50.09,44.7,1.59,38.63,43.15,47.31,51.22,51.22,0,,,43.15,,0,,0,,,,,
2011-01-14,45.25,46.9,44.77,45.36,250128,50.11,44.7,1.62,38.36,43.07,47.01,51.22,51.22,0,,,43.07,,0,,0,,,,,
2011-01-17,45.25,45.4,44.26,44.52,92731,50.12,44.26,1.59,35.21,42.41,46.76,51.22,51.22,0,,,42.41,,0,,0,,,,,
2011-01-18,44.48,45.07,44.15,44.7,165079,50.13,44.15,1.54,36.42,42.52,46.54,51.22,51.22,0,,,42.52,,0,,0,,,,,
2011-01-19,44.85,45.29,44.41,44.59,119288,50.15,44.15,1.49,35.97,42.48,46.4,51.22,51.22,0,,,42.48,,0,,0,,,,,
2011-01-20,44.12,45.76,44.08,45.32,127193,50.17,44.08,1.51,41.07,42.92,46.36,51.22,51.22,0,,,42.92,,0,,0,,,,,
2011-01-21,45.62,46.17,44.37,44.99,518944,50.19,44.08,1.53,39.54,42.69,46.36,51.22,51.22,0,,,42.69,,0,,0,,,,,
2011-01-24,44.48,45.73,44.48,45.36,132597,50.2,44.08,1.51,42.15,42.94,46.36,51.22,51.22,0,,,42.94,,0,,0,,,,,
2011-01-25,45.95,46.09,44.12,44.55,152560,50.21,44.08,1.54,38.26,42.4,46.31,51.22,51.22,0,,,42.4,,0,,0,,,,,
2011-01-27,44.55,44.63,43.86,44.01,81886,50.21,43.86,1.49,35.88,42.02,46.23,51.22,51.22,0,,,42.02,,0,,0,,,,,
2011-01-28,43.64,44.19,42.36,42.83,115071,50.21,42.36,1.51,31.3,40.74,46.14,51.22,51.22,0,,,40.74,,0,,0,,,,,
2011-01-31,42.36,43.68,41.55,43.35,246314,50.21,41.55,1.56,35.23,40.77,46.05,51.22,51.22,0,,,40.77,,0,,0,,,,,
2011-02-01,43.42,44.12,42.72,43.05,121677,50.2,41.55,1.54,34.02,40.59,45.94,50.42,51.22,0,,,40.59,,0,,0,,,,,
2011-02-02,43.42,43.57,42.58,42.91,94456,50.2,41.55,1.5,33.44,40.52,45.82,49.46,50.42,0,,,40.52,,0,,0,,,,,
2011-02-03,42.69,43.93,42.61,43.75,102764,50.2,41.55,1.49,40.0,41.07,45.71,48.37,49.46,0,,,41.07,,0,,0,,,,,
2011-02-04,44.08,44.59,42.94,43.24,162721,50.21,41.55,1.5,37.58,40.74,45.6,47.63,48.37,0,,,40.74,,0,,0,,,,,
2011-02-07,43.24,43.82,42.61,42.76,73316,50.21,41.55,1.48,35.41,40.44,45.47,47.41,47.63,0,,,40.44,,0,,0,,,,,
2011-02-08,42.87,43.02,40.89,41.15,155130,50.2,40.89,1.53,29.29,39.15,45.29,46.9,47.41,0,,,39.15,,0,,0,,,,,
2011-02-09,41.04,41.4,39.43,39.61,167509,50.18,39.43,1.56,24.87,37.65,45.07,46.9,46.9,0,,,37.65,,0,,0,,,,,
2011-02-10,38.69,39.94,38.03,38.11,264480,50.15,38.03,1.58,21.47,36.2,44.79,46.9,46.9,0,,,36.2,,0,,0,,,,,
2011-02-11,38.11,39.39,37.74,39.17,254052,50.12,37.74,1.59,28.87,36.79,44.53,46.9,46.9,0,,,36.79,,0,,0,,,,,
2011-02-14,40.01,41.0,39.39,40.67,201380,50.1,37.74,1.61,37.81,37.74,44.26,46.17,46.9,0,,,37.74,,0,,0,,,,,
2011-02-15,40.78,41.44,39.65,40.49,272287,50.06,37.74,1.62,37.2,37.62,43.95,46.17,46.17,0,,,37.62,,0,,0,,,,,
2011-02-16,40.52,41.55,40.16,40.96,114281,50.04,37.74,1.6,39.9,37.93,43.66,46.17,46.17,0,,,37.93,,0,,0,,,,,
2011-02-17,41.77,42.14,40.49,41.59,121606,50.02,37.74,1.61,43.41,38.33,43.45,46.17,46.17,0,,,38.33,,0,,0,,,,,
2011-02-18,42.14,43.68,42.14,43.68,2468561,50.01,37.74,1.64,53.19,39.66,43.32,46.17,46.17,0,,,39.66,,0,,0,,,,,
2011-02-21,43.97,43.97,42.69,43.57,261653,49.99,37.74,1.62,52.67,39.61,43.21,46.09,46.17,0,,,39.61,,0,,0,,,,,
2011-02-22,43.2,43.57,42.8,43.09,143836,49.97,37.74,1.55,50.38,39.34,43.13,46.09,46.09,0,,,39.34,,0,,0,,,,,
2011-02-23,42.5,42.87,41.84,42.06,119853,49.94,37.74,1.53,45.77,38.69,43.03,44.63,46.09,0,,,38.69,,0,,0,,,,,
2011-02-24,41.84,41.84,40.78,40.85,187762,49.89,37.74,1.52,41.02,37.92,42.86,44.59,44.63,0,,,37.92,,0,,0,,,,,
2011-02-25,40.85,41.66,40.71,41.11,172620,49.84,37.74,1.47,42.4,38.11,42.71,44.59,44.59,0,,,38.11,,0,,0,,,,,
2011-02-28,41.4,42.58,41.4,41.73,227018,49.81,37.74,1.47,45.67,38.51,42.59,44.59,44.59,0,,,38.51,,0,,0,,,,,
2011-03-01,41.92,43.35,41.92,43.16,194530,49.79,37.74,1.48,52.39,39.43,42.55,44.59,44.59,0,,,39.43,,0,,0,,,,,
2011-03-03,42.54,43.71,42.54,43.02,181368,49.76,37.74,1.46,51.71,39.35,42.49,44.59,44.59,0,,,39.35,,0,,0,,,,,
2011-03-04,43.13,43.9,42.61,42.72,148433,49.73,37.74,1.45,50.22,39.17,42.43,44.59,44.59,0,,,39.17,,0,,0,,,,,
2011-03-07,42.39,42.39,41.59,41.81,92830,49.69,39.39,1.43,45.9,39.15,42.31,43.97,44.59,0,,,39.15,,0,,0,,,,,
2011-03-08,42.06,42.39,41.66,41.95,80756,49.65,39.65,1.38,46.66,39.36,42.21,43.97,43.97,0,,,39.36,,0,,0,,,,,
2011-03-09,42.14,42.58,42.14,42.25,73588,49.61,40.16,1.32,48.34,39.76,42.11,43.97,43.97,0,,,39.76,,0,,0,,,,,
2011-03-10,42.14,42.14,41.18,41.33,88423,49.56,40.49,1.31,43.79,39.28,42.0,43.97,43.97,0,,,39.28,,0,,0,,,,,
2011-03-11,40.96,41.95,40.01,40.38,258268,49.5,40.01,1.35,39.65,38.48,41.88,43.97,43.97,0,,,38.48,,0,,0,,,,,
2011-03-14,40.56,41.26,40.56,41.15,120735,49.46,40.01,1.32,44.25,39.0,41.82,43.97,43.97,0,,,39.0,,0,,0,,,,,
2011-03-15,40.38,40.82,39.06,40.63,120583,49.41,39.06,1.37,41.93,38.31,41.73,43.97,43.97,0,,,38.31,,0,,0,,,,,
2011-03-16,40.52,41.04,40.52,41.04,128405,49.36,39.06,1.31,44.41,38.62,41.66,43.97,43.97,0,,,38.62,,0,,0,,,,,
2011-03-17,40.82,41.59,40.38,41.0,92185,49.32,39.06,1.3,44.21,38.6,41.6,43.97,43.97,0,,,38.6,,0,,0,,,,,
2011-03-18,41.4,41.55,39.21,39.68,219831,49.26,39.06,1.38,38.15,37.69,41.47,43.97,43.97,0,,,37.69,,0,,0,,,,,
2011-03-21,40.16,40.16,39.43,39.57,114341,49.2,39.06,1.33,37.68,37.65,41.34,43.97,43.97,0,,,37.65,,0,,0,,,,,
2011-03-22,39.94,39.97,39.65,39.79,96454,49.13,39.06,1.27,39.27,37.84,41.24,43.9,43.97,0,,,37.84,,0,,0,,,,,
2011-03-23,39.94,45.18,39.79,43.02,3207182,49.07,39.06,1.56,56.73,39.73,41.31,45.18,43.9,0,,,39.73,,0,,0,,,,,
2011-03-24,43.97,44.63,42.54,43.53,1062557,49.0,39.06,1.6,58.75,40.03,41.44,45.18,45.18,0,,,40.03,,0,,0,,,,,
2011-03-25,43.64,43.79,42.14,42.54,353599,48.93,39.06,1.6,53.53,39.39,41.58,45.18,45.18,0,,,39.39,,0,,0,,,,,
2011-03-28,42.65,43.42,42.36,42.8,293970,48.86,39.06,1.56,54.67,39.58,41.71,45.18,45.18,0,,,39.58,,0,,0,,,,,
2011-03-29,43.02,43.2,42.5,42.61,215575,48.79,39.06,1.5,53.63,39.5,41.77,45.18,45.18,0,,,39.5,,0,,0,,,,,
2011-03-30,43.16,43.71,42.72,43.57,388364,48.74,39.06,1.47,57.96,40.14,41.87,45.18,45.18,0,,,40.14,,0,,0,,,,,
2011-03-31,43.53,43.97,42.76,43.75,249486,48.69,39.06,1.45,58.74,40.27,41.97,45.18,45.18,0,,,40.27,,0,,0,,,,,
2011-04-01,43.31,43.82,43.24,43.49,141407,48.64,39.06,1.39,57.1,40.14,42.03,45.18,45.18,0,,,40.14,,0,,0,,,,,
2011-04-04,43.53,45.21,43.49,44.85,382683,48.6,39.06,1.41,62.93,41.0,42.07,45.21,45.18,0,,,41.0,,0,,0,,,,,
2011-04-05,44.55,47.23,44.34,46.79,948730,48.57,39.21,1.52,69.34,42.24,42.18,47.23,45.21,0,,,42.24,,0,,0,,,,,
2011-04-06,47.08,47.63,46.02,46.42,468264,48.55,39.21,1.53,66.96,41.99,42.29,47.63,47.23,0,,,41.99,,0,,0,,,,,
2011-04-07,46.53,47.08,46.02,46.42,208164,48.53,39.21,1.49,66.96,42.02,42.43,47.63,47.63,0,,,42.02,,0,,0,,,,,
2011-04-08,46.57,46.75,45.47,45.65,209841,48.48,39.43,1.48,61.84,41.6,42.59,47.63,47.63,0,,,41.6,,0,,0,,,,,
2011-04-11,45.65,46.17,45.03,45.76,212975,48.44,39.65,1.45,62.29,41.76,42.75,47.63,47.63,0,,,41.76,,0,,0,,,,,
2011-04-13,45.4,47.49,45.21,46.72,258692,48.4,39.79,1.51,66.0,42.39,42.91,47.63,47.63,0,,,42.39,,0,,0,,,,,
2011-04-15,46.86,47.19,46.24,46.35,240435,48.36,42.14,1.47,63.41,42.96,43.02,47.63,47.63,0,,,42.96,,0,,0,,,,,
2011-04-18,46.5,46.9,45.47,45.54,126626,48.32,42.14,1.47,58.04,42.44,43.1,47.63,47.63,0,,,42.44,,0,,0,,,,,
2011-04-19,46.9,46.9,45.14,45.58,148824,48.27,42.36,1.49,58.23,42.53,43.2,47.63,47.63,0,,,42.53,,0,,0,,,,,
2011-04-20,45.8,46.46,45.73,46.2,180502,48.22,42.5,1.45,61.14,43.0,43.35,47.63,47.63,0,,,43.0,,0,,0,,,,,
2011-04-21,46.53,46.61,45.91,46.17,125961,48.17,42.72,1.39,60.91,43.09,43.49,47.63,47.63,0,,,43.09,,0,,0,,,,,
2011-04-25,46.17,46.72,46.13,46.24,102645,48.13,42.76,1.34,61.27,43.19,43.62,47.63,47.63,0,,,43.19,,0,,0,,,,,
2011-04-26,46.17,46.46,45.73,46.09,70394,48.1,43.24,1.29,60.02,43.28,43.78,47.63,47.63,0,,,43.28,,0,,0,,,,,
2011-04-27,46.17,46.68,46.13,46.2,91369,48.07,43.49,1.24,60.65,43.47,43.97,47.63,47.63,0,,,43.47,,0,,0,,,,,
2011-04-28,46.31,46.46,45.32,45.51,97618,48.03,44.34,1.24,54.79,43.31,44.12,47.63,47.63,0,,,43.31,,0,,0,,,,,
2011-04-29,45.8,45.8,43.97,44.12,116764,47.99,43.97,1.28,45.3,42.26,44.23,47.63,47.63,0,,,42.26,,0,,0,,,,,
2011-05-02,43.24,44.19,42.06,42.47,377289,47.94,42.06,1.34,37.09,40.52,44.28,47.63,47.63,0,,,40.52,,0,,0,,,,,
2011-05-03,43.24,43.97,42.47,42.76,182712,47.89,42.06,1.35,39.17,40.7,44.34,47.63,47.63,0,,,40.7,,0,,0,,,,,
2011-05-04,42.83,43.53,41.84,42.17,151209,47.83,41.84,1.37,36.52,40.23,44.42,47.63,47.63,0,,,40.23,,0,,0,,,,,
2011-05-05,42.06,42.87,41.62,41.77,104033,47.77,41.62,1.37,34.8,39.9,44.5,47.63,47.63,0,,,39.9,,0,,0,,,,,
2011-05-06,41.88,42.58,41.51,42.28,175935,47.71,41.51,1.34,38.76,40.21,44.58,47.63,47.63,0,,,40.21,,0,,0,,,,,
2011-05-09,42.5,42.87,42.14,42.43,64988,47.65,41.51,1.3,39.92,40.34,44.56,47.49,47.63,0,,,40.34,,0,,0,,,,,
2011-05-10,42.69,42.87,42.14,42.39,76618,47.59,41.51,1.26,39.7,40.34,44.52,47.49,47.49,0,,,40.34,,0,,0,,,,,
2011-05-11,42.83,42.87,42.17,42.32,80114,47.52,41.51,1.22,39.3,40.32,44.51,47.49,47.49,0,,,40.32,,0,,0,,,,,
2011-05-12,42.32,44.7,42.32,43.13,199625,47.45,41.51,1.3,46.07,40.79,44.52,47.49,47.49,0,,,40.79,,0,,0,,,,,
2011-05-13,42.91,43.38,42.65,42.8,117857,47.37,41.51,1.26,43.92,40.6,44.53,47.19,47.49,0,,,40.6,,0,,0,,,,,
2011-05-16,42.8,43.02,42.17,42.54,78162,47.27,41.51,1.23,42.25,40.45,44.5,46.9,47.19,0,,,40.45,,0,,0,,,,,
2011-05-17,42.25,42.8,41.77,41.88,72409,47.17,41.51,1.22,38.27,40.04,44.43,46.9,46.9,0,,,40.04,,0,,0,,,,,
2011-05-18,42.06,42.06,41.11,41.15,84932,47.08,41.11,1.2,34.41,39.45,44.36,46.72,46.9,0,,,39.45,,0,,0,,,,,
2011-05-19,41.11,41.7,40.52,41.26,45600,46.98,40.52,1.2,35.46,39.32,44.24,46.72,46.72,0,,,39.32,,0,,0,,,,,
2011-05-20,41.22,41.7,41.15,41.59,56822,46.89,40.52,1.15,38.66,39.56,44.06,46.72,46.72,0,,,39.56,,0,,0,,,,,
2011-05-23,41.62,41.62,41.0,41.11,53958,46.78,40.52,1.11,35.88,39.28,43.89,46.68,46.72,0,,,39.28,,0,,0,,,,,
2011-05-24,41.18,41.7,41.04,41.37,56249,46.67,40.52,1.08,38.46,39.47,43.72,46.68,46.68,0,,,39.47,,0,,0,,,,,
2011-05-25,41.37,41.37,40.82,40.96,56711,46.56,40.52,1.04,36.0,39.23,43.56,46.46,46.68,0,,,39.23,,0,,0,,,,,
2011-05-26,41.33,41.77,40.6,40.78,112900,46.45,40.52,1.05,34.94,39.11,43.4,45.8,46.46,0,,,39.11,,0,,0,,,,,
2011-05-27,40.41,42.21,40.19,41.44,131251,46.35,40.19,1.12,41.7,39.38,43.22,44.7,45.8,0,,,39.38,,0,,0,,,,,
2011-05-30,41.48,42.36,41.11,42.1,76001,46.24,40.19,1.13,47.57,39.8,43.08,44.7,44.7,0,,,39.8,,0,,0,,,,,
2011-05-31,42.1,42.65,41.92,42.21,237986,46.12,40.19,1.1,48.5,39.89,42.97,44.7,44.7,0,,,39.89,,0,,0,,,,,
2011-06-01,42.21,43.68,42.14,43.42,243421,46.01,40.19,1.13,57.45,40.65,42.9,44.7,44.7,0,,,40.65,,0,,0,,,,,
2011-06-02,42.98,43.24,42.39,42.8,92829,45.9,40.19,1.13,52.42,40.25,42.78,44.7,44.7,0,,,40.25,,0,,0,,,,,
2011-06-03,40.85,43.42,40.85,42.25,91416,45.78,40.19,1.23,48.38,39.83,42.65,44.7,44.7,0,,,39.83,,0,,0,,,,,
2011-06-06,42.36,42.87,41.99,42.36,74609,45.66,40.19,1.2,49.22,39.92,42.52,44.7,44.7,0,,,39.92,,0,,0,,,,,
2011-06-07,42.58,42.83,42.36,42.47,122544,45.56,40.19,1.15,50.1,40.02,42.4,44.7,44.7,0,,,40.02,,0,,0,,,,,
2011-06-08,42.5,43.09,42.28,42.98,83249,45.46,40.19,1.13,54.07,40.37,42.29,44.7,44.7,0,,,40.37,,0,,0,,,,,
2011-06-09,42.65,43.02,42.65,42.91,60631,45.36,40.19,1.07,53.44,40.36,42.21,43.68,44.7,0,,,40.36,,0,,0,,,,,
2011-06-10,42.69,43.24,42.54,42.87,84223,45.26,40.19,1.05,53.06,40.35,42.17,43.68,43.68,0,,,40.35,,0,,0,,,,,
2011-06-13,42.87,43.35,42.8,43.2,145841,45.16,40.19,1.01,55.84,40.59,42.19,43.68,43.68,0,,,40.59,,0,,0,,,,,
2011-06-14,43.6,43.6,43.24,43.38,85941,45.07,40.19,0.97,57.33,40.73,42.21,43.68,43.68,0,,,40.73,,0,,0,,,,,
2011-06-15,43.46,43.46,42.98,43.16,90783,44.97,40.19,0.93,54.9,40.61,42.24,43.68,43.68,0,,,40.61,,0,,0,,,,,
2011-06-16,43.54,43.54,42.59,42.78,222071,44.86,40.19,0.93,50.88,40.37,42.28,43.68,43.68,0,,,40.37,,0,,0,,,,,
2011-06-17,42.86,43.81,42.14,42.44,291286,44.76,40.85,0.99,47.53,40.33,42.28,43.81,43.68,0,,,40.33,,0,,0,,,,,
2011-06-20,42.48,42.75,39.79,41.42,126491,44.65,39.79,1.13,39.19,39.23,42.25,43.81,43.81,0,,,39.23,,0,,0,,,,,
2011-06-21,41.8,41.84,40.96,41.3,72214,44.56,39.79,1.11,38.34,39.16,42.21,43.81,43.81,0,,,39.16,,0,,0,,,,,
2011-06-22,41.11,41.38,40.28,40.51,99480,44.45,39.79,1.11,33.22,38.65,42.15,43.81,43.81,0,,,38.65,,0,,0,,,,,
2011-06-23,40.51,40.58,39.9,40.13,123389,44.35,39.79,1.08,31.07,38.43,42.05,43.81,43.81,0,,,38.43,,0,,0,,,,,
2011-06-24,40.36,41.53,39.94,41.23,107063,44.26,39.79,1.11,42.64,39.11,42.0,43.81,43.81,0,,,39.11,,0,,0,,,,,
2011-06-27,41.49,42.29,40.96,41.87,115612,44.18,39.79,1.13,48.1,39.52,41.98,43.81,43.81,0,,,39.52,,0,,0,,,,,
2011-06-28,41.65,42.29,41.34,42.02,89377,44.1,39.79,1.12,49.32,39.62,41.98,43.81,43.81,0,,,39.62,,0,,0,,,,,
2011-06-29,42.02,42.59,42.02,42.44,88689,44.03,39.79,1.08,52.67,39.92,42.03,43.81,43.81,0,,,39.92,,0,,0,,,,,
2011-06-30,42.82,42.94,42.18,42.78,111255,43.97,39.79,1.06,55.24,40.15,42.08,43.81,43.81,0,,,40.15,,0,,0,,,,,
2011-07-01,42.94,43.09,42.25,42.71,88943,43.91,39.79,1.04,54.58,40.12,42.11,43.81,43.81,0,,,40.12,,0,,0,,,,,
2011-07-04,43.09,43.24,42.63,43.05,87793,43.87,39.79,1.01,57.25,40.36,42.18,43.81,43.81,0,,,40.36,,0,,0,,,,,
2011-07-05,43.09,43.16,42.52,42.75,79331,43.82,39.79,0.98,54.23,40.18,42.22,43.81,43.81,0,,,40.18,,0,,0,,,,,
2011-07-06,42.75,42.94,42.29,42.67,67555,43.77,39.79,0.96,53.41,40.15,42.28,43.81,43.81,0,,,40.15,,0,,0,,,,,
2011-07-07,42.75,42.9,42.52,42.71,72211,43.7,39.79,0.92,53.79,40.2,42.35,43.81,43.81,0,,,40.2,,0,,0,,,,,
2011-07-08,42.86,43.09,42.37,42.48,79999,43.62,39.79,0.9,51.25,40.06,42.38,43.81,43.81,0,,,40.06,,0,,0,,,,,
2011-07-11,42.48,42.86,41.72,41.84,74438,43.56,39.9,0.92,44.91,39.67,42.37,43.81,43.81,0,,,39.67,,0,,0,,,,,
2011-07-12,41.95,41.99,41.38,41.8,53778,43.49,39.9,0.9,44.54,39.66,42.36,43.81,43.81,0,,,39.66,,0,,0,,,,,
2011-07-13,41.8,42.37,41.42,42.14,58393,43.45,39.9,0.9,48.44,39.88,42.32,43.81,43.81,0,,,39.88,,0,,0,,,,,
2011-07-14,42.14,42.48,41.76,42.25,64286,43.42,39.94,0.89,49.67,39.97,42.3,43.81,43.81,0,,,39.97,,0,,0,,,,,
2011-07-15,42.48,42.67,41.8,42.33,56721,43.4,40.96,0.89,50.59,40.36,42.3,43.24,43.81,0,,,40.36,,0,,0,,,,,
2011-07-18,42.48,42.75,41.95,42.59,71789,43.38,41.34,0.88,53.58,40.66,42.31,43.24,43.24,0,,,40.66,,0,,0,,,,,
2011-07-19,42.37,42.67,42.1,42.56,65435,43.36,41.38,0.86,53.18,40.67,42.31,43.24,43.24,0,,,40.67,,0,,0,,,,,
2011-07-20,42.86,43.01,41.87,42.25,50532,43.33,41.38,0.88,49.11,40.46,42.29,43.24,43.24,0,,,40.46,,0,,0,,,,,
2011-07-21,42.67,42.67,40.85,41.04,107002,43.3,40.85,0.95,37.15,39.46,42.22,43.24,43.24,0,,,39.46,,0,,0,,,,,
2011-07-22,41.34,42.1,41.23,41.87,91076,43.27,40.85,0.95,46.73,39.99,42.19,43.24,43.24,0,,,39.99,,0,,0,,,,,
2011-07-25,41.87,42.59,41.8,42.4,160924,43.25,40.85,0.94,51.79,40.34,42.16,43.24,43.24,0,,,40.34,,0,,0,,,,,
2011-07-26,43.2,44.98,42.82,43.16,869428,43.23,40.85,1.06,57.95,40.75,42.16,44.98,43.24,0,,,40.75,,0,,0,,,,,
2011-07-27,43.47,44.26,42.52,43.05,210934,43.2,40.85,1.11,56.82,40.65,42.15,44.98,44.98,0,,,40.65,,0,,0,,,,,
2011-07-28,42.48,43.05,41.57,42.63,225790,43.17,40.85,1.13,52.59,40.36,42.15,44.98,44.98,0,,,40.36,,0,,0,,,,,
2011-07-29,42.4,42.63,42.18,42.33,97490,43.14,40.85,1.09,49.75,40.2,42.14,44.98,44.98,0,,,40.2,,0,,0,,,,,
2011-08-01,42.48,43.01,41.87,41.99,93985,43.11,40.85,1.09,46.67,39.97,42.16,44.98,44.98,0,,,39.97,,0,,0,,,,,
2011-08-02,41.87,41.87,41.11,41.23,81736,43.08,40.85,1.07,40.61,39.49,42.16,44.98,44.98,0,,,39.49,,0,,0,,,,,
2011-08-03,40.2,41.11,40.2,41.0,106921,43.04,40.2,1.07,38.96,39.13,42.18,44.98,44.98,0,,,39.13,,0,,0,,,,,
2011-08-04,41.15,41.65,40.74,40.92,73733,43.0,40.2,1.06,38.38,39.09,42.2,44.98,44.98,0,,,39.09,,0,,0,,,,,
2011-08-05,39.64,40.17,38.31,39.18,178330,42.94,38.31,1.17,28.42,37.26,42.13,44.98,44.98,0,,,37.26,,0,,0,,,,,
2011-08-08,36.41,39.79,36.41,39.18,232723,42.87,36.41,1.33,28.42,36.52,42.04,44.98,44.98,0,,,36.52,,0,,0,,,,,
2011-08-09,36.79,39.71,36.6,39.18,300762,42.8,36.41,1.46,28.42,36.44,41.95,44.98,44.98,0,,,36.44,,0,,0,,,,,
2011-08-10,39.45,40.43,39.45,40.36,130718,42.75,36.41,1.44,41.32,37.21,41.88,44.98,44.98,0,,,37.21,,0,,0,,,,,
2011-08-11,40.2,40.77,39.75,40.58,91285,42.7,36.41,1.41,43.37,37.37,41.81,44.98,44.98,0,,,37.37,,0,,0,,,,,
2011-08-12,40.92,41.38,40.43,40.77,112792,42.66,36.41,1.38,45.15,37.51,41.74,44.98,44.98,0,,,37.51,,0,,0,,,,,
2011-08-16,40.96,41.27,38.5,38.91,99439,42.62,36.41,1.48,33.9,36.25,41.6,44.98,44.98,0,,,36.25,,0,,0,,,,,
2011-08-17,38.69,40.01,38.16,38.61,63995,42.57,36.41,1.5,32.5,36.04,41.47,44.98,44.98,0,,,36.04,,0,,0,,,,,
2011-08-18,39.45,39.45,37.36,37.47,95692,42.52,36.41,1.55,27.78,35.27,41.29,44.98,44.98,0,,,35.27,,0,,0,,,,,
2011-08-19,36.41,37.47,35.88,36.94,120308,42.46,35.88,1.55,25.9,34.75,41.1,44.98,44.98,0,,,34.75,,0,,0,,,,,
2011-08-22,36.75,37.7,35.84,37.36,100689,42.41,35.84,1.57,29.95,35.0,40.93,44.98,44.98,0,,,35.0,,0,,0,,,,,
2011-08-23,37.93,39.22,37.51,38.23,169163,42.37,35.84,1.59,37.56,35.54,40.81,44.98,44.98,0,,,35.54,,0,,0,,,,,
2011-08-24,38.69,38.84,37.93,38.0,115972,42.32,35.84,1.54,36.43,35.43,40.68,44.26,44.98,0,,,35.43,,0,,0,,,,,
2011-08-25,38.57,38.84,37.55,37.66,52149,42.27,35.84,1.53,34.77,35.22,40.53,43.05,44.26,0,,,35.22,,0,,0,,,,,
2011-08-26,37.17,37.78,35.77,36.6,77685,42.22,35.77,1.56,30.16,34.49,40.35,43.01,43.05,0,,,34.49,,0,,0,,,,,
2011-08-29,36.79,37.63,36.79,37.44,168262,42.17,35.77,1.52,37.26,35.06,40.18,43.01,43.01,0,,,35.06,,0,,0,,,,,
2011-08-30,37.78,38.88,37.21,38.69,154084,42.12,35.77,1.53,46.06,35.86,40.05,41.87,43.01,0,,,35.86,,0,,0,,,,,
2011-09-02,38.76,38.91,38.31,38.57,72540,42.08,35.77,1.47,45.4,35.82,39.92,41.65,41.87,0,,,35.82,,0,,0,,,,,
2011-09-05,39.29,39.29,37.55,38.12,55116,42.04,35.77,1.49,42.92,35.52,39.78,41.65,41.65,0,,,35.52,,0,,0,,,,,
2011-09-06,37.36,38.65,37.36,38.08,64563,42.01,35.77,1.47,42.7,35.5,39.68,41.38,41.65,0,,,35.5,,0,,0,,,,,
2011-09-07,38.31,39.1,38.23,38.5,115101,41.98,35.77,1.44,45.88,35.8,39.57,41.38,41.38,0,,,35.8,,0,,0,,,,,
2011-09-08,38.99,39.41,38.31,39.29,110283,41.95,35.77,1.42,51.35,36.32,39.47,41.38,41.38,0,,,36.32,,0,,0,,,,,
2011-09-09,39.67,39.67,38.72,38.8,98527,41.93,35.77,1.38,48.1,36.03,39.32,41.38,41.38,0,,,36.03,,0,,0,,,,,
2011-09-12,37.97,38.69,37.55,37.63,63385,41.89,35.77,1.37,41.38,35.28,39.14,41.38,41.38,0,,,35.28,,0,,0,,,,,
2011-09-13,37.63,38.35,37.36,37.55,62763,41.85,35.77,1.35,40.95,35.25,38.97,41.38,41.38,0,,,35.25,,0,,0,,,,,
2011-09-14,37.28,38.12,37.09,37.21,84826,41.81,35.77,1.32,39.13,35.04,38.8,41.27,41.38,0,,,35.04,,0,,0,,,,,
2011-09-15,37.7,38.08,37.28,37.89,82600,41.79,35.77,1.29,44.46,35.5,38.66,40.01,41.27,0,,,35.5,,0,,0,,,,,
2011-09-16,39.37,39.37,36.37,36.98,192733,41.77,35.77,1.41,39.48,34.83,38.52,39.67,40.01,0,,,34.83,,0,,0,,,,,
2011-09-19,37.93,37.93,36.53,36.75,184690,41.76,35.77,1.41,38.31,34.69,38.38,39.67,39.67,0,,,34.69,,0,,0,,,,,
2011-09-20,37.17,37.32,36.71,37.21,113469,41.75,36.37,1.35,42.01,35.22,38.26,39.67,39.67,0,,,35.22,,0,,0,,,,,
2011-09-21,37.4,37.93,37.02,37.74,132216,41.73,36.37,1.32,46.02,35.58,38.21,39.67,39.67,0,,,35.58,,0,,0,,,,,
2011-09-22,37.7,37.7,36.49,36.6,104929,41.7,36.37,1.32,39.66,34.85,38.12,39.67,39.67,0,,,34.85,,0,,0,,,,,
2011-09-23,35.73,36.49,34.33,35.05,232842,41.66,34.33,1.39,32.99,33.13,37.99,39.67,39.67,0,,,33.13,,0,,0,,,,,
2011-09-26,35.5,35.5,34.89,35.16,90730,41.62,34.33,1.33,33.84,33.23,37.81,39.67,39.67,0,,,33.23,,0,,0,,,,,
2011-09-27,35.96,36.07,35.27,35.88,63889,41.57,34.33,1.3,39.27,33.72,37.66,39.67,39.67,0,,,33.72,,0,,0,,,,,
2011-09-28,36.18,36.41,35.39,35.5,56099,41.52,34.33,1.28,37.52,33.49,37.48,39.67,39.67,0,,,33.49,,0,,0,,,,,
2011-09-29,35.58,35.69,34.97,35.39,52157,41.46,34.33,1.24,37.01,33.44,37.36,39.67,39.67,0,,,33.44,,0,,0,,,,,
2011-09-30,34.14,35.54,33.79,34.93,59040,41.42,33.79,1.28,34.85,32.94,37.24,39.67,39.67,0,,,32.94,,0,,0,,,,,
2011-10-03,34.48,35.05,34.25,34.67,53112,41.38,33.79,1.24,33.66,32.8,37.15,39.67,39.67,0,,,32.8,,0,,0,,,,,
2011-10-04,34.63,35.12,34.14,34.51,92635,41.33,33.79,1.22,32.92,32.71,37.07,39.67,39.67,0,,,32.71,,0,,0,,,,,
2011-10-05,35.05,35.39,33.79,33.87,78910,41.28,33.79,1.25,30.05,32.28,36.95,39.67,39.67,0,,,32.28,,0,,0,,,,,
2011-10-07,34.14,35.35,33.76,33.95,101675,41.22,33.76,1.27,30.86,32.3,36.81,39.67,39.67,0,,,32.3,,0,,0,,,,,
2011-10-10,34.48,34.67,33.83,34.51,55997,41.16,33.76,1.24,36.42,32.68,36.69,39.37,39.67,0,,,32.68,,0,,0,,,,,
2011-10-11,34.82,36.22,34.67,35.54,410794,41.11,33.76,1.28,45.15,33.33,36.62,39.37,39.37,0,,,33.33,,0,,0,,,,,
2011-10-12,35.54,36.11,35.5,35.99,88688,41.07,33.76,1.23,48.48,33.65,36.6,39.37,39.37,0,,,33.65,,0,,0,,,,,
2011-10-13,35.99,36.56,35.84,36.11,81822,41.04,33.76,1.19,49.36,33.75,36.56,39.37,39.37,0,,,33.75,,0,,0,,,,,
2011-10-14,36.03,36.15,35.69,35.99,52398,40.99,33.76,1.14,48.47,33.71,36.47,39.37,39.37,0,,,33.71,,0,,0,,,,,
2011-10-17,35.99,37.06,35.27,35.5,95674,40.95,33.76,1.19,44.89,33.36,36.36,37.93,39.37,0,,,33.36,,0,,0,,,,,
2011-10-18,34.97,35.35,34.86,35.01,41184,40.92,33.76,1.15,41.59,33.07,36.26,37.93,37.93,0,,,33.07,,0,,0,,,,,
2011-10-19,35.58,35.65,35.16,35.5,58265,40.88,33.76,1.11,45.88,33.41,36.17,37.93,37.93,0,,,33.41,,0,,0,,,,,
2011-10-20,35.88,36.75,35.65,35.84,218686,40.85,33.76,1.12,48.69,33.62,36.08,37.7,37.93,0,,,33.62,,0,,0,,,,,
2011-10-21,35.84,37.13,35.77,36.45,322014,40.82,33.76,1.14,53.38,34.0,35.99,37.13,37.7,0,,,34.0,,0,,0,,,,,
2011-10-24,37.93,39.33,36.56,36.9,410526,40.79,33.76,1.26,56.54,34.21,35.93,39.33,37.13,0,,,34.21,,0,,0,,,,,
2011-10-25,37.51,37.51,36.53,36.9,166226,40.77,33.76,1.24,56.54,34.23,35.9,39.33,39.33,0,,,34.23,,0,,0,,,,,
2011-10-28,38.69,38.72,37.55,37.93,239234,40.76,33.76,1.28,63.15,34.86,35.92,39.33,39.33,0,,,34.86,,0,,0,,,,,
2011-10-31,38.27,39.29,37.63,38.72,285890,40.75,33.76,1.31,67.27,35.35,35.97,39.33,39.33,0,,,35.35,,0,,0,,,,,
2011-11-01,38.5,39.07,37.93,38.31,177039,40.72,33.83,1.3,63.32,35.12,35.98,39.33,39.33,0,,,35.12,,0,,0,,,,,
2011-11-02,37.93,38.38,37.55,37.78,135221,40.68,34.67,1.27,58.53,35.08,36.01,39.33,39.33,0,,,35.08,,0,,0,,,,,
2011-11-03,37.78,38.31,37.66,38.12,150496,40.66,34.86,1.22,60.59,35.39,36.05,39.33,39.33,0,,,35.39,,0,,0,,,,,
2011-11-04,38.35,38.65,37.74,37.93,153588,40.62,34.86,1.2,58.83,35.29,36.08,39.33,39.33,0,,,35.29,,0,,0,,,,,
2011-11-08,37.93,38.31,37.55,37.93,144231,40.59,34.86,1.17,58.83,35.31,36.08,39.33,39.33,0,,,35.31,,0,,0,,,,,
2011-11-09,37.93,38.19,37.17,37.28,66067,40.55,34.86,1.16,52.76,34.89,36.1,39.33,39.33,0,,,34.89,,0,,0,,,,,
2011-11-11,37.28,37.28,36.45,36.68,45756,40.5,34.86,1.13,47.85,34.52,36.16,39.33,39.33,0,,,34.52,,0,,0,,,,,
2011-11-14,36.6,37.17,36.22,36.53,89652,40.46,35.16,1.12,46.68,34.53,36.21,39.33,39.33,0,,,34.53,,0,,0,,,,,
2011-11-15,36.49,36.71,36.03,36.56,80617,40.4,35.65,1.09,46.96,34.74,36.23,39.33,39.33,0,,,34.74,,0,,0,,,,,
2011-11-16,36.41,36.94,35.8,36.53,83534,40.33,35.77,1.09,46.69,34.76,36.26,39.33,39.33,0,,,34.76,,0,,0,,,,,
2011-11-17,36.41,36.79,36.15,36.37,87583,40.27,35.8,1.06,45.23,34.69,36.29,39.33,39.33,0,,,34.69,,0,,0,,,,,
2011-11-18,35.77,36.18,35.27,35.46,62894,40.19,35.27,1.06,37.97,33.92,36.31,39.33,39.33,0,,,33.92,,0,,0,,,,,
2011-11-21,35.27,35.88,34.21,34.67,76315,40.12,34.21,1.11,33.02,33.03,36.31,39.33,39.33,0,,,33.03,,0,,0,,,,,
2011-11-22,34.89,35.88,34.29,34.74,145377,40.05,34.21,1.14,33.84,33.05,36.32,39.33,39.33,0,,,33.05,,0,,0,,,,,
2011-11-23,34.33,34.93,33.87,34.25,76942,39.96,33.87,1.14,30.97,32.62,36.33,39.33,39.33,0,,,32.62,,0,,0,,,,,
2011-11-24,34.14,34.51,33.41,34.25,62129,39.88,33.41,1.13,30.97,32.47,36.34,39.33,39.33,0,,,32.47,,0,,0,,,,,
2011-11-25,34.14,35.8,33.95,34.17,69252,39.81,33.41,1.18,30.48,32.39,36.33,39.29,39.33,0,,,32.39,,0,,0,,,,,
2011-11-28,34.21,35.99,34.21,34.86,45890,39.73,33.41,1.23,39.38,32.8,36.31,39.29,39.29,0,,,32.8,,0,,0,,,,,
2011-11-29,35.43,35.43,34.55,34.67,55599,39.66,33.41,1.2,37.94,32.7,36.26,39.29,39.29,0,,,32.7,,0,,0,,,,,
2011-11-30,34.7,34.89,33.95,34.06,54223,39.58,33.41,1.19,33.68,32.31,36.2,39.07,39.29,0,,,32.31,,0,,0,,,,,
2011-12-01,34.89,35.65,34.17,34.33,57268,39.5,33.41,1.21,37.05,32.47,36.14,38.65,39.07,0,,,32.47,,0,,0,,,,,
2011-12-02,34.17,35.27,34.06,35.2,102437,39.43,33.41,1.21,46.49,33.03,36.13,38.65,38.65,0,,,33.03,,0,,0,,,,,
2011-12-05,35.77,35.88,34.67,34.78,52003,39.35,33.41,1.21,43.13,32.76,36.12,38.65,38.65,0,,,32.76,,0,,0,,,,,
2011-12-07,34.82,35.43,34.7,34.86,113647,39.28,33.41,1.18,43.96,32.84,36.1,38.31,38.65,0,,,32.84,,0,,0,,,,,
2011-12-08,35.05,35.05,34.21,34.44,33639,39.21,33.41,1.16,40.6,32.58,36.06,38.19,38.31,0,,,32.58,,0,,0,,,,,
2011-12-09,34.33,35.2,33.79,34.74,65013,39.16,33.41,1.17,43.9,32.76,36.0,37.28,38.19,0,,,32.76,,0,,0,,,,,
2011-12-12,35.61,35.84,33.83,34.14,170975,39.1,33.41,1.23,39.21,32.33,35.91,37.17,37.28,0,,,32.33,,0,,0,,,,,
2011-12-13,33.53,34.06,33.26,33.95,47567,39.05,33.26,1.21,37.84,32.18,35.81,36.94,37.17,0,,,32.18,,0,,0,,,,,
2011-12-14,33.49,34.48,33.3,33.34,70936,38.99,33.26,1.21,33.74,31.79,35.66,36.94,36.94,0,,,31.79,,0,,0,,,,,
2011-12-15,33.49,33.49,33.04,33.23,48559,38.93,33.04,1.15,33.05,31.68,35.47,36.79,36.94,0,,,31.68,,0,,0,,,,,
2011-12-16,33.34,33.87,32.28,32.5,109216,38.87,32.28,1.18,28.81,30.93,35.28,36.18,36.79,0,,,30.93,,0,,0,,,,,
2011-12-19,32.62,32.85,31.14,31.48,99542,38.79,31.14,1.22,24.15,29.87,35.07,35.99,36.18,0,,,29.87,,0,,0,,,,,
2011-12-20,32.58,33.0,30.42,30.57,52121,38.72,30.42,1.32,20.9,28.98,34.82,35.99,35.99,0,,,28.98,,0,,0,,,,,
2011-12-21,31.86,31.86,30.76,31.1,62239,38.64,30.42,1.32,27.05,29.32,34.59,35.99,35.99,0,,,29.32,,0,,0,,,,,
2011-12-22,30.91,32.92,30.49,32.32,498372,38.57,30.42,1.4,38.85,30.06,34.4,35.99,35.99,0,,,30.06,,0,,0,,,,,
2011-12-23,32.5,32.5,30.46,31.33,103978,38.49,30.42,1.44,34.04,29.39,34.2,35.99,35.99,0,,,29.39,,0,,0,,,,,
2011-12-26,31.63,32.05,31.37,31.75,41368,38.42,30.42,1.39,37.57,29.69,34.04,35.99,35.99,0,,,29.69,,0,,0,,,,,
2011-12-27,31.86,31.94,30.8,31.03,43017,38.36,30.42,1.37,34.19,29.24,33.86,35.88,35.99,0,,,29.24,,0,,0,,,,,
2011-12-28,31.1,31.44,29.02,29.17,213068,38.28,29.02,1.45,27.35,27.52,33.61,35.88,35.88,0,,,27.52,,0,,0,,,,,
2011-12-29,29.17,29.74,28.6,29.47,71206,38.19,28.6,1.43,29.79,27.59,33.37,35.88,35.88,0,,,27.59,,0,,0,,,,,
2011-12-30,29.55,30.3,28.83,29.17,64278,38.12,28.6,1.43,28.75,27.4,33.13,35.88,35.88,0,,,27.4,,0,,0,,,,,
2012-01-02,29.2,29.96,29.17,29.55,71470,38.04,28.6,1.38,31.99,27.67,32.94,35.88,35.88,0,,,27.67,,0,,0,,,,,
2012-01-03,29.77,30.72,29.62,30.61,109770,37.97,28.6,1.37,40.16,28.37,32.8,35.84,35.88,0,,,28.37,,0,,0,,,,,
2012-01-04,31.1,31.71,31.03,31.14,119862,37.9,28.6,1.35,43.8,28.72,32.68,35.84,35.84,0,,,28.72,,0,,0,,,,,
2012-01-05,31.44,31.48,30.34,30.76,50451,37.83,28.6,1.33,41.83,28.48,32.57,35.84,35.84,0,,,28.48,,0,,0,,,,,
2012-01-06,30.38,32.24,30.38,31.44,202224,37.76,28.6,1.37,46.46,28.9,32.47,35.84,35.84,0,,,28.9,,0,,0,,,,,
2012-01-09,31.86,33.15,31.18,32.69,147601,37.7,28.6,1.41,53.74,29.68,32.42,34.48,35.84,0,,,29.68,,0,,0,,,,,
2012-01-10,32.81,33.53,32.54,33.19,147901,37.63,28.6,1.38,56.3,30.02,32.37,34.48,34.48,0,,,30.02,,0,,0,,,,,
2012-01-11,33.19,33.98,32.81,33.41,111380,37.57,28.6,1.37,57.42,30.17,32.33,33.98,34.48,0,,,30.17,,0,,0,,,,,
2012-01-12,33.45,34.33,33.0,34.1,113650,37.51,28.6,1.37,60.8,30.62,32.33,34.33,33.98,0,,,30.62,,0,,0,,,,,
2012-01-13,34.21,34.89,34.14,34.55,99666,37.46,28.6,1.32,62.87,30.94,32.33,34.89,34.33,0,,,30.94,,0,,0,,,,,
2012-01-16,34.44,34.82,33.79,34.48,65810,37.41,28.6,1.3,62.32,30.9,32.31,34.89,34.89,0,,,30.9,,0,,0,,,,,
2012-01-17,35.08,35.88,34.82,35.05,315107,37.35,28.6,1.31,65.01,31.27,32.32,35.88,34.89,0,,,31.27,,0,,0,,,,,
2012-01-18,35.65,35.65,34.51,34.63,83259,37.3,28.6,1.3,61.52,31.0,32.31,35.88,35.88,0,,,31.0,,0,,0,,,,,
2012-01-19,35.24,35.35,34.06,34.21,178096,37.24,28.83,1.3,58.16,30.81,32.3,35.88,35.88,0,,,30.81,,0,,0,,,,,
2012-01-20,34.7,36.03,34.51,35.01,1416980,37.19,29.17,1.33,62.38,31.41,32.31,36.03,35.88,0,,,31.41,,0,,0,,,,,
2012-01-23,35.2,36.6,35.2,35.46,563199,37.13,29.62,1.35,64.54,31.84,32.36,36.6,36.03,0,,,31.84,,0,,0,,,,,
2012-01-24,35.8,37.17,34.97,36.71,831255,37.09,30.34,1.41,69.75,32.85,32.45,37.17,36.6,0,,,32.85,,0,,0,,,,,
2012-01-25,37.09,37.13,35.58,35.8,317541,37.04,30.34,1.42,62.55,32.26,32.53,37.17,37.17,0,,,32.26,,0,,0,,,,,
2012-01-27,36.03,37.06,35.8,36.9,635215,37.01,30.38,1.41,66.99,32.99,32.65,37.17,37.17,0,,,32.99,,0,,0,,,,,
2012-01-30,36.41,36.79,35.46,35.69,184447,36.97,31.18,1.41,58.74,32.47,32.76,37.17,37.17,0,,,32.47,,0,,0,,,,,
2012-01-31,35.65,36.37,35.65,36.18,141086,36.93,32.54,1.36,60.84,33.27,32.92,37.17,37.17,0,,,33.27,,0,,0,,,,,
2012-02-01,36.34,36.68,35.92,36.22,262590,36.91,32.81,1.32,61.02,33.42,33.1,37.17,37.17,0,,,33.42,,0,,0,,,,,
2012-02-02,36.22,37.85,35.96,37.66,497310,36.89,33.0,1.36,66.76,34.38,33.32,37.85,37.17,1,37.66,34.38,34.38,34.38,1,2012-02-02,0,,,16,,
2012-02-03,37.74,37.93,36.68,37.55,281673,36.87,33.79,1.35,65.96,34.58,33.5,37.93,37.85,0,,,34.58,34.38,1,2012-02-02,1,36.87,SMA150_BREAK,16,2,-2.11
2012-02-06,38.46,38.69,37.93,38.08,252071,36.84,33.79,1.34,67.95,34.93,33.72,38.69,37.93,1,38.08,34.93,34.93,34.93,1,2012-02-06,0,,,17,,
2012-02-07,38.69,39.29,37.97,38.08,330019,36.81,34.06,1.34,67.95,35.02,33.93,39.29,38.69,0,,,35.02,35.02,1,2012-02-06,0,,,17,,
2012-02-08,40.2,44.3,39.07,40.62,1215196,36.8,34.06,1.69,75.82,36.43,34.25,44.3,39.29,1,40.62,36.43,36.43,36.43,1,2012-02-06,0,,,17,,
2012-02-09,41.04,41.72,40.66,41.53,633830,36.79,34.06,1.64,77.91,37.04,34.66,44.3,44.3,0,,,37.04,37.04,1,2012-02-06,0,,,17,,
2012-02-10,43.16,43.24,41.87,42.52,933739,36.79,34.51,1.65,79.94,37.83,35.1,44.3,44.3,0,,,37.83,37.83,1,2012-02-06,0,,,17,,
2012-02-13,43.96,44.19,43.01,43.24,611352,36.79,34.97,1.65,81.29,38.45,35.57,44.3,44.3,0,,,38.45,38.45,1,2012-02-06,0,,,17,,
2012-02-14,42.48,44.0,42.48,43.35,541139,36.8,34.97,1.64,81.5,38.52,36.03,44.3,44.3,0,,,38.52,38.52,1,2012-02-06,0,,,17,,
2012-02-15,43.62,43.96,43.24,43.58,448279,36.8,35.46,1.58,81.94,38.88,36.46,44.3,44.3,0,,,38.88,38.88,1,2012-02-06,0,,,17,,
2012-02-16,43.47,43.58,42.44,43.39,451967,36.81,35.46,1.54,80.23,38.78,36.87,44.3,44.3,0,,,38.78,38.88,1,2012-02-06,0,,,17,,
2012-02-17,43.81,44.45,42.93,43.24,450126,36.81,35.46,1.54,78.82,38.68,37.29,44.45,44.3,0,,,38.68,38.88,1,2012-02-06,0,,,17,,
2012-02-21,44.0,44.0,42.86,43.39,332328,36.82,35.65,1.51,79.21,38.86,37.68,44.45,44.45,0,,,38.86,38.88,1,2012-02-06,0,,,17,,
2012-02-22,43.62,43.62,40.81,41.27,389780,36.82,35.92,1.61,61.82,37.52,37.97,44.45,44.45,0,,,37.52,38.88,1,2012-02-06,0,,,17,,
2012-02-23,40.96,41.3,39.9,40.7,295619,36.81,35.96,1.59,58.12,37.18,38.22,44.45,44.45,0,,,37.18,38.88,1,2012-02-06,0,,,17,,
2012-02-24,40.77,40.89,39.67,39.9,185370,36.79,36.68,1.56,53.31,36.92,38.44,44.45,44.45,0,,,36.92,38.88,1,2012-02-06,0,,,17,,
2012-02-27,40.13,40.43,37.59,38.69,284053,36.77,37.59,1.66,46.97,36.38,38.59,44.45,44.45,0,,,36.38,38.88,1,2012-02-06,1,38.88,TRAILING_STOP,17,15,2.1
2012-02-28,40.2,41.65,39.56,40.51,502633,36.76,37.59,1.75,55.53,37.49,38.79,44.45,44.45,0,,,37.49,,0,,0,,,,,
2012-02-29,40.85,41.49,39.86,40.05,224336,36.74,37.59,1.74,53.19,37.2,38.97,44.45,44.45,0,,,37.2,,0,,0,,,,,
2012-03-01,39.86,40.17,39.14,39.79,141425,36.72,37.59,1.69,51.86,37.07,39.13,44.45,44.45,0,,,37.07,,0,,0,,,,,
2012-03-02,40.13,40.81,39.6,40.28,148782,36.72,37.59,1.66,54.19,37.41,39.32,44.45,44.45,0,,,37.41,,0,,0,,,,,
2012-03-05,39.9,40.05,39.29,39.45,100772,36.7,37.59,1.61,49.8,36.9,39.49,44.45,44.45,0,,,36.9,,0,,0,,,,,
2012-03-06,38.76,39.94,38.69,38.91,166972,36.68,37.59,1.58,47.13,36.57,39.62,44.45,44.45,0,,,36.57,,0,,0,,,,,
2012-03-07,38.69,39.07,38.08,38.5,103624,36.65,37.59,1.54,45.15,36.34,39.73,44.45,44.45,0,,,36.34,,0,,0,,,,,
2012-03-09,38.99,40.2,38.76,39.56,141119,36.62,37.59,1.55,50.9,37.01,39.82,44.45,44.45,0,,,37.01,,0,,0,,,,,
2012-03-12,41.27,41.65,40.24,40.51,157168,36.61,37.59,1.59,55.41,37.6,39.98,44.45,44.45,0,,,37.6,,0,,0,,,,,
2012-03-13,40.58,40.89,40.28,40.36,96035,36.6,37.59,1.52,54.55,37.55,40.09,44.45,44.45,0,,,37.55,,0,,0,,,,,
2012-03-14,40.89,40.89,39.94,40.66,157788,36.59,37.59,1.48,56.01,37.77,40.26,44.45,44.45,0,,,37.77,,0,,0,,,,,
2012-03-15,40.77,40.89,39.29,39.48,169179,36.58,37.59,1.49,49.31,37.0,40.37,44.45,44.45,0,,,37.0,,0,,0,,,,,
2012-03-16,39.75,40.28,38.95,39.22,173480,36.56,37.59,1.48,47.95,36.84,40.47,44.45,44.45,0,,,36.84,,0,,0,,,,,
2012-03-19,39.9,39.9,38.46,38.57,76780,36.55,37.59,1.47,44.64,36.42,40.5,44.45,44.45,0,,,36.42,,0,,0,,,,,
2012-03-20,38.46,39.07,38.42,38.8,88935,36.55,38.08,1.42,46.06,36.78,40.54,44.0,44.45,0,,,36.78,,0,,0,,,,,
2012-03-21,38.88,39.29,38.46,39.14,105772,36.55,38.08,1.37,48.18,37.02,40.58,43.62,44.0,0,,,37.02,,0,,0,,,,,
2012-03-22,39.26,39.33,38.08,38.19,104813,36.54,38.08,1.36,43.09,36.42,40.58,41.65,43.62,0,,,36.42,,0,,0,,,,,
2012-03-23,38.35,38.69,38.16,38.5,120821,36.53,38.08,1.3,45.12,36.66,40.51,41.65,41.65,0,,,36.66,,0,,0,,,,,
2012-03-26,38.61,39.33,38.31,38.35,118462,36.51,38.08,1.28,44.3,36.57,40.4,41.65,41.65,0,,,36.57,,0,,0,,,,,
2012-03-27,38.61,39.37,38.31,38.38,78280,36.5,38.08,1.27,44.52,36.6,40.27,41.65,41.65,0,,,36.6,,0,,0,,,,,
2012-03-28,38.84,38.84,37.36,37.47,96787,36.49,37.36,1.28,39.45,35.77,40.07,41.65,41.65,0,,,35.77,,0,,0,,,,,
2012-03-29,37.89,39.37,36.9,38.69,168843,36.49,36.9,1.37,47.99,36.34,39.92,41.65,41.65,0,,,36.34,,0,,0,,,,,
2012-03-30,38.69,41.72,38.42,41.57,549027,36.51,36.9,1.51,61.72,38.11,39.85,41.72,41.65,0,,,38.11,,0,,0,,,,,
2012-04-02,41.08,41.53,40.32,40.77,107020,36.54,36.9,1.49,57.2,37.6,39.76,41.72,41.72,0,,,37.6,,0,,0,,,,,
2012-04-03,40.85,41.11,40.58,40.7,80734,36.56,36.9,1.42,56.81,37.61,39.68,41.72,41.72,0,,,37.61,,0,,0,,,,,
2012-04-04,41.65,41.65,40.05,40.74,72401,36.58,36.9,1.43,56.99,37.62,39.59,41.72,41.72,0,,,37.62,,0,,0,,,,,
2012-04-09,40.62,40.92,39.98,40.51,107413,36.6,36.9,1.4,55.55,37.5,39.57,41.72,41.72,0,,,37.5,,0,,0,,,,,
2012-04-10,40.96,40.96,39.94,40.32,105192,36.61,36.9,1.37,54.33,37.39,39.55,41.72,41.72,0,,,37.39,,0,,0,,,,,
2012-04-11,40.17,42.1,39.71,40.7,487492,36.64,36.9,1.44,56.4,37.59,39.58,42.1,41.72,0,,,37.59,,0,,0,,,,,
2012-04-12,41.23,41.8,40.81,41.19,186205,36.67,36.9,1.42,58.98,37.92,39.66,42.1,42.1,0,,,37.92,,0,,0,,,,,
2012-04-13,41.65,42.18,40.2,40.39,159753,36.68,36.9,1.46,53.42,37.38,39.66,42.18,42.1,0,,,37.38,,0,,0,,,,,
2012-04-16,40.39,41.57,40.13,41.27,110691,36.7,36.9,1.46,58.1,37.95,39.7,42.18,42.18,0,,,37.95,,0,,0,,,,,
2012-04-17,41.46,41.76,40.7,40.96,190369,36.71,36.9,1.43,55.96,37.77,39.74,42.18,42.18,0,,,37.77,,0,,0,,,,,
2012-04-18,41.53,41.53,40.58,40.81,93722,36.73,36.9,1.39,54.91,37.69,39.76,42.18,42.18,0,,,37.69,,0,,0,,,,,
2012-04-19,40.96,40.96,40.43,40.51,61997,36.75,36.9,1.33,52.78,37.54,39.79,42.18,42.18,0,,,37.54,,0,,0,,,,,
2012-04-20,40.74,40.96,40.17,40.24,103434,36.75,36.9,1.29,50.86,37.39,39.84,42.18,42.18,0,,,37.39,,0,,0,,,,,
2012-04-23,40.24,40.66,39.1,39.22,82296,36.76,38.42,1.31,44.32,37.23,39.86,42.18,42.18,0,,,37.23,,0,,0,,,,,
2012-04-24,39.75,39.75,38.5,39.07,84898,36.76,38.5,1.31,43.43,37.16,39.84,42.18,42.18,0,,,37.16,,0,,0,,,,,
2012-04-25,39.07,39.48,38.5,38.84,68731,36.77,38.5,1.29,42.05,37.03,39.79,42.18,42.18,0,,,37.03,,0,,0,,,,,
2012-04-26,38.88,39.26,38.42,38.61,39078,36.78,38.42,1.25,40.65,36.87,39.73,42.18,42.18,0,,,36.87,,0,,0,,,,,
2012-04-27,37.97,39.33,37.97,38.35,53043,36.79,37.97,1.26,39.07,36.55,39.65,42.18,42.18,0,,,36.55,,0,,0,,,,,
2012-04-30,38.88,42.48,38.88,40.77,243521,36.81,37.97,1.47,56.16,37.98,39.7,42.48,42.18,0,,,37.98,,0,,0,,,,,
2012-05-02,42.1,43.24,40.66,40.85,295863,36.84,37.97,1.55,56.59,37.97,39.75,43.24,42.48,0,,,37.97,,0,,0,,,,,
2012-05-03,40.96,40.96,39.86,40.05,79225,36.86,37.97,1.51,51.15,37.48,39.8,43.24,43.24,0,,,37.48,,0,,0,,,,,
2012-05-04,40.2,40.24,38.91,39.18,113566,36.87,37.97,1.5,45.97,36.93,39.81,43.24,43.24,0,,,36.93,,0,,0,,,,,
2012-05-07,39.45,39.45,37.21,38.27,294445,36.88,37.21,1.55,41.26,36.05,39.78,43.24,43.24,0,,,36.05,,0,,0,,,,,
2012-05-08,38.5,40.05,37.25,37.63,138824,36.9,37.21,1.64,38.29,35.58,39.76,43.24,43.24,0,,,35.58,,0,,0,,,,,
2012-05-09,37.25,38.23,36.18,36.49,169640,36.9,36.18,1.67,33.64,34.48,39.7,43.24,43.24,0,,,34.48,,0,,0,,,,,
2012-05-10,36.45,37.09,36.41,36.56,88548,36.91,36.18,1.6,34.17,34.57,39.64,43.24,43.24,0,,,34.57,,0,,0,,,,,
2012-05-11,36.41,37.17,36.03,36.56,125830,36.92,36.03,1.57,34.17,34.55,39.58,43.24,43.24,0,,,34.55,,0,,0,,,,,
2012-05-14,36.11,36.79,35.77,35.84,70205,36.92,35.77,1.53,31.21,34.02,39.52,43.24,43.24,0,,,34.02,,0,,0,,,,,
2012-05-15,35.5,36.22,35.16,35.96,88716,36.93,35.16,1.5,32.26,33.92,39.43,43.24,43.24,0,,,33.92,,0,,0,,,,,
2012-05-16,35.69,35.69,34.55,35.54,69278,36.93,34.55,1.49,30.5,33.45,39.23,43.24,43.24,0,,,33.45,,0,,0,,,,,
2012-05-17,35.65,36.34,35.5,35.92,93697,36.94,34.55,1.44,34.01,33.72,39.07,43.24,43.24,0,,,33.72,,0,,0,,,,,
2012-05-18,35.8,36.37,35.61,36.22,104447,36.96,34.55,1.39,36.73,33.95,38.92,43.24,43.24,0,,,33.95,,0,,0,,,,,
2012-05-21,36.71,37.13,36.11,36.71,63381,36.97,34.55,1.37,41.0,34.28,38.78,43.24,43.24,0,,,34.28,,0,,0,,,,,
2012-05-22,37.09,37.13,36.11,36.26,49238,36.99,34.55,1.34,38.44,34.01,38.64,43.24,43.24,0,,,34.01,,0,,0,,,,,
2012-05-23,36.26,36.34,35.43,35.65,63459,36.99,34.55,1.31,35.22,33.64,38.49,43.24,43.24,0,,,33.64,,0,,0,,,,,
2012-05-24,35.65,36.37,35.58,36.26,49835,36.99,34.55,1.27,40.58,34.05,38.34,43.24,43.24,0,,,34.05,,0,,0,,,,,
2012-05-25,36.34,36.79,36.03,36.45,45699,36.99,34.55,1.24,42.18,34.2,38.18,43.24,43.24,0,,,34.2,,0,,0,,,,,
2012-05-28,36.98,37.74,36.34,37.44,88359,37.0,34.55,1.25,49.79,34.83,38.08,43.24,43.24,0,,,34.83,,0,,0,,,,,
2012-05-29,37.85,38.0,37.17,37.47,68823,37.01,34.55,1.22,50.0,34.87,37.96,43.24,43.24,0,,,34.87,,0,,0,,,,,
2012-05-30,37.44,38.0,36.49,37.32,66228,37.03,34.55,1.24,48.88,34.76,37.84,40.96,43.24,0,,,34.76,,0,,0,,,,,
2012-05-31,37.28,39.07,36.79,38.61,121499,37.05,34.55,1.31,57.7,35.54,37.76,40.24,40.96,0,,,35.54,,0,,0,,,,,
2012-06-01,38.12,38.95,37.59,37.78,76345,37.06,34.55,1.32,51.54,35.01,37.67,40.05,40.24,0,,,35.01,,0,,0,,,,,
2012-06-04,37.28,37.63,36.6,37.51,54552,37.07,34.55,1.31,49.68,34.84,37.58,40.05,40.05,0,,,34.84,,0,,0,,,,,
2012-06-05,37.78,38.5,37.78,38.04,91172,37.08,34.55,1.29,53.24,35.2,37.54,39.07,40.05,0,,,35.2,,0,,0,,,,,
2012-06-06,38.35,38.91,38.35,38.65,106306,37.09,35.43,1.26,57.02,35.9,37.53,39.07,39.07,0,,,35.9,,0,,0,,,,,
2012-06-07,38.99,39.64,38.76,39.29,197317,37.1,35.43,1.24,60.61,36.33,37.54,39.64,39.07,1,39.29,36.33,36.33,36.33,1,2012-06-07,0,,,18,,
2012-06-08,39.41,39.82,39.07,39.64,126044,37.1,35.43,1.2,62.45,36.58,37.58,39.82,39.64,0,,,36.58,36.58,1,2012-06-07,0,,,18,,
2012-06-11,39.67,41.3,39.6,40.85,465077,37.12,35.43,1.24,68.04,37.33,37.66,41.3,39.82,1,40.85,37.33,37.33,37.33,1,2012-06-07,0,,,18,,
2012-06-12,40.43,41.08,39.98,40.92,248013,37.14,35.43,1.23,68.33,37.39,37.66,41.3,41.3,0,,,37.39,37.39,1,2012-06-07,0,,,18,,
2012-06-13,41.27,41.53,40.96,41.19,340249,37.16,35.58,1.18,69.49,37.64,37.68,41.53,41.3,0,,,37.64,37.64,1,2012-06-07,0,,,18,,
2012-06-14,41.7,41.7,40.04,40.4,305545,37.18,36.03,1.22,62.29,37.26,37.69,41.7,41.53,0,,,37.26,37.64,1,2012-06-07,0,,,18,,
2012-06-15,40.52,40.99,39.73,39.85,285332,37.19,36.34,1.22,57.79,37.0,37.71,41.7,41.7,0,,,37.0,37.64,1,2012-06-07,0,,,18,,
2012-06-18,40.64,41.11,38.15,38.74,252983,37.2,36.49,1.34,49.96,36.25,37.72,41.7,41.7,0,,,36.25,37.64,1,2012-06-07,0,,,18,,
2012-06-19,38.66,38.86,38.19,38.58,109075,37.21,36.49,1.3,48.93,36.18,37.76,41.7,41.7,0,,,36.18,37.64,1,2012-06-07,0,,,18,,
2012-06-20,38.74,39.02,38.46,38.66,96229,37.23,36.6,1.24,49.49,36.31,37.83,41.7,41.7,0,,,36.31,37.64,1,2012-06-07,0,,,18,,
2012-06-21,38.54,38.9,38.15,38.7,107578,37.24,36.6,1.21,49.79,36.36,37.9,41.7,41.7,0,,,36.36,37.64,1,2012-06-07,0,,,18,,
2012-06-22,38.42,38.9,38.23,38.74,86081,37.26,36.6,1.17,50.1,36.41,37.97,41.7,41.7,0,,,36.41,37.64,1,2012-06-07,0,,,18,,
2012-06-25,39.29,39.73,38.54,38.78,125237,37.27,37.78,1.17,50.44,36.83,38.07,41.7,41.7,0,,,36.83,37.64,1,2012-06-07,0,,,18,,
2012-06-26,38.82,39.13,38.46,38.86,68383,37.3,38.15,1.14,51.15,37.02,38.17,41.7,41.7,0,,,37.02,37.64,1,2012-06-07,0,,,18,,
2012-06-27,38.9,39.1,38.58,38.74,45077,37.32,38.15,1.09,49.99,36.98,38.27,41.7,41.7,0,,,36.98,37.64,1,2012-06-07,0,,,18,,
2012-06-28,38.9,38.94,38.42,38.66,42479,37.35,38.15,1.05,49.2,36.95,38.37,41.7,41.7,0,,,36.95,37.64,1,2012-06-07,0,,,18,,
2012-06-29,39.06,39.45,38.58,39.1,235070,37.38,38.15,1.04,53.58,37.24,38.46,41.7,41.7,0,,,37.24,37.64,1,2012-06-07,0,,,18,,
2012-07-02,39.13,39.57,38.94,39.33,74570,37.42,38.15,1.01,55.72,37.41,38.55,41.7,41.7,0,,,37.41,37.64,1,2012-06-07,0,,,18,,
2012-07-03,39.33,39.69,39.21,39.25,81291,37.45,38.15,0.97,54.77,37.39,38.65,41.7,41.7,0,,,37.39,37.64,1,2012-06-07,0,,,18,,
2012-07-04,39.37,39.61,39.13,39.21,77754,37.48,38.15,0.94,54.28,37.38,38.77,41.7,41.7,0,,,37.38,37.64,1,2012-06-07,0,,,18,,
2012-07-05,39.29,40.24,38.78,39.89,206963,37.51,38.15,0.97,60.8,37.8,38.89,41.7,41.7,0,,,37.8,37.8,1,2012-06-07,0,,,18,,
2012-07-06,39.85,40.32,39.73,39.85,120208,37.55,38.15,0.95,60.26,37.79,39.0,41.7,41.7,0,,,37.79,37.8,1,2012-06-07,0,,,18,,
2012-07-09,39.69,39.77,38.94,39.29,100591,37.59,38.15,0.94,53.09,37.43,39.06,41.7,41.7,0,,,37.43,37.8,1,2012-06-07,0,,,18,,
2012-07-10,39.33,39.73,39.29,39.53,71834,37.61,38.15,0.91,55.53,37.61,39.13,41.7,41.7,0,,,37.61,37.8,1,2012-06-07,0,,,18,,
2012-07-11,39.21,39.77,39.1,39.25,69534,37.64,38.15,0.89,52.12,37.44,39.2,41.7,41.7,0,,,37.44,37.8,1,2012-06-07,0,,,18,,
2012-07-12,39.1,39.25,38.78,39.06,52565,37.67,38.23,0.86,49.88,37.36,39.21,41.11,41.7,0,,,37.36,37.8,1,2012-06-07,0,,,18,,
2012-07-13,39.06,39.29,38.34,38.42,93200,37.7,38.34,0.87,43.16,36.98,39.23,41.11,41.11,0,,,36.98,37.8,1,2012-06-07,0,,,18,,
2012-07-16,38.19,38.7,37.47,37.59,185272,37.72,37.47,0.89,36.32,36.14,39.24,40.32,41.11,0,,,36.14,37.8,1,2012-06-07,1,37.8,TRAILING_STOP|SMA150_BREAK,18,28,-3.8
2012-07-17,37.95,38.3,37.55,37.75,61436,37.74,37.47,0.88,38.35,36.25,39.23,40.32,40.32,0,,,36.25,,0,,0,,,,,
2012-07-18,37.95,37.95,37.4,37.75,43675,37.77,37.4,0.86,38.35,36.24,39.2,40.32,40.32,0,,,36.24,,0,,0,,,,,
2012-07-19,37.87,38.11,37.59,37.75,54149,37.8,37.4,0.83,38.35,36.26,39.14,40.32,40.32,0,,,36.26,,0,,0,,,,,
2012-07-20,37.47,37.95,35.97,36.96,207220,37.82,35.97,0.92,32.06,35.22,39.06,40.32,40.32,0,,,35.22,,0,,0,,,,,
2012-07-23,37.87,38.34,36.96,37.32,289285,37.85,35.97,0.95,37.12,35.43,38.94,40.32,40.32,0,,,35.43,,0,,0,,,,,
2012-07-24,37.24,37.83,37.04,37.24,48095,37.89,35.97,0.94,36.47,35.38,38.81,40.32,40.32,0,,,35.38,,0,,0,,,,,
2012-07-25,37.36,37.36,36.41,36.72,88622,37.93,35.97,0.94,32.48,35.05,38.67,40.32,40.32,0,,,35.05,,0,,0,,,,,
2012-07-26,36.6,36.68,35.85,36.09,58510,37.97,35.85,0.93,28.43,34.61,38.52,40.32,40.32,0,,,34.61,,0,,0,,,,,
2012-07-27,36.37,36.92,35.5,35.62,99173,37.99,35.5,0.97,25.84,34.16,38.38,40.32,40.32,0,,,34.16,,0,,0,,,,,
2012-07-30,36.05,36.53,35.66,36.33,56924,38.02,35.5,0.96,35.41,34.62,38.3,40.32,40.32,0,,,34.62,,0,,0,,,,,
2012-07-31,36.76,37.16,36.01,36.29,57504,38.05,35.5,0.98,35.14,34.59,38.22,40.32,40.32,0,,,34.59,,0,,0,,,,,
2012-08-01,37.04,37.04,35.77,36.41,34618,38.09,35.5,1.0,36.73,34.65,38.15,40.32,40.32,0,,,34.65,,0,,0,,,,,
2012-08-02,36.41,36.76,36.05,36.72,24667,38.14,35.5,0.98,40.76,34.87,38.08,40.32,40.32,0,,,34.87,,0,,0,,,,,
2012-08-03,36.64,36.68,36.17,36.53,34236,38.18,35.5,0.95,39.12,34.76,38.01,39.77,40.32,0,,,34.76,,0,,0,,,,,
2012-08-06,36.37,37.08,36.37,36.72,47623,38.24,35.5,0.93,41.66,34.9,37.94,39.77,39.77,0,,,34.9,,0,,0,,,,,
2012-08-07,36.68,36.96,36.57,36.64,37343,38.28,35.5,0.89,40.88,34.87,37.87,39.77,39.77,0,,,34.87,,0,,0,,,,,
2012-08-08,36.37,37.16,36.37,36.84,47599,38.32,35.5,0.88,43.7,35.01,37.8,39.29,39.77,0,,,35.01,,0,,0,,,,,
2012-08-09,36.88,37.04,36.09,36.17,48802,38.36,35.5,0.89,37.29,34.57,37.72,39.29,39.29,0,,,34.57,,0,,0,,,,,
2012-08-10,35.66,36.29,35.18,36.01,43398,38.39,35.18,0.91,35.94,34.35,37.62,38.7,39.29,0,,,34.35,,0,,0,,,,,
2012-08-13,35.97,36.37,35.66,36.09,33492,38.42,35.18,0.89,37.17,34.41,37.51,38.34,38.7,0,,,34.41,,0,,0,,,,,
2012-08-14,36.37,36.37,35.97,36.17,45234,38.45,35.18,0.86,38.44,34.49,37.41,38.34,38.34,0,,,34.49,,0,,0,,,,,
2012-08-16,35.58,36.76,35.58,36.41,31566,38.47,35.18,0.88,42.22,34.62,37.31,38.34,38.34,0,,,34.62,,0,,0,,,,,
2012-08-17,36.41,36.72,36.05,36.25,40417,38.49,35.18,0.86,40.44,34.53,37.19,38.34,38.34,0,,,34.53,,0,,0,,,,,
2012-08-21,37.87,37.87,36.01,36.09,35029,38.5,35.18,0.94,38.68,34.38,37.07,38.34,38.34,0,,,34.38,,0,,0,,,,,
2012-08-22,36.09,36.29,35.58,36.05,32136,38.51,35.18,0.92,38.23,34.37,36.96,37.87,38.34,0,,,34.37,,0,,0,,,,,
2012-08-23,36.09,36.37,35.58,35.85,39229,38.52,35.18,0.91,35.99,34.24,36.84,37.87,37.87,0,,,34.24,,0,,0,,,,,
2012-08-24,35.97,35.97,35.18,35.3,53680,38.52,35.18,0.9,30.66,33.89,36.7,37.87,37.87,0,,,33.89,,0,,0,,,,,
2012-08-27,35.34,35.89,34.98,35.1,32629,38.52,34.98,0.9,28.98,33.7,36.57,37.87,37.87,0,,,33.7,,0,,0,,,,,
2012-08-28,35.1,35.1,34.19,34.55,36106,38.53,34.19,0.9,24.94,33.08,36.44,37.87,37.87,0,,,33.08,,0,,0,,,,,
2012-08-29,34.71,34.71,33.88,34.39,38543,38.52,33.88,0.9,23.89,32.88,36.34,37.87,37.87,0,,,32.88,,0,,0,,,,,
2012-08-30,34.43,34.55,33.84,34.35,61124,38.52,33.84,0.88,23.63,32.85,36.22,37.87,37.87,0,,,32.85,,0,,0,,,,,
2012-08-31,34.31,34.71,33.92,34.39,51150,38.5,33.84,0.88,24.53,32.88,36.11,37.87,37.87,0,,,32.88,,0,,0,,,,,
2012-09-03,34.79,35.18,34.51,34.63,22018,38.49,33.84,0.87,29.91,33.04,36.01,37.87,37.87,0,,,33.04,,0,,0,,,,,
2012-09-04,34.19,34.98,34.19,34.71,25349,38.48,33.84,0.87,31.66,33.09,35.93,37.87,37.87,0,,,33.09,,0,,0,,,,,
2012-09-05,35.5,35.5,34.11,34.27,35039,38.47,33.84,0.9,27.58,32.78,35.83,37.87,37.87,0,,,32.78,,0,,0,,,,,
2012-09-06,34.71,34.71,34.04,34.23,35483,38.45,33.84,0.89,27.24,32.77,35.73,37.87,37.87,0,,,32.77,,0,,0,,,,,
2012-09-07,34.71,35.5,34.47,34.59,34921,38.44,33.84,0.91,35.07,32.98,35.66,37.87,37.87,0,,,32.98,,0,,0,,,,,
2012-09-10,35.42,35.42,34.47,34.71,21509,38.42,33.84,0.92,37.48,33.06,35.61,37.87,37.87,0,,,33.06,,0,,0,,,,,
2012-09-11,34.67,34.75,34.15,34.43,41229,38.4,33.84,0.89,34.28,32.89,35.57,37.87,37.87,0,,,32.89,,0,,0,,,,,
2012-09-12,34.75,34.94,34.47,34.67,36166,38.38,33.84,0.87,39.09,33.06,35.52,37.87,37.87,0,,,33.06,,0,,0,,,,,
2012-09-13,34.59,35.18,34.07,34.55,56465,38.36,33.84,0.88,37.61,32.98,35.46,37.87,37.87,0,,,32.98,,0,,0,,,,,
2012-09-14,35.42,35.58,34.79,35.22,83549,38.32,33.84,0.89,49.18,33.4,35.42,37.87,37.87,0,,,33.4,,0,,0,,,,,
2012-09-17,35.66,36.68,35.66,36.29,183886,38.29,33.84,0.93,61.47,34.06,35.41,37.87,37.87,0,,,34.06,,0,,0,,,,,
2012-09-18,36.05,39.06,36.05,38.3,334784,38.26,33.84,1.08,74.13,35.26,35.47,39.06,37.87,1,38.3,35.26,35.26,35.26,1,2012-09-18,0,,,19,,
2012-09-20,38.27,39.37,37.24,37.87,259331,38.22,33.84,1.16,68.91,34.93,35.5,39.37,39.06,0,,,34.93,35.26,1,2012-09-18,1,38.22,SMA150_BREAK,19,2,-0.2
2012-09-21,38.42,39.02,37.91,38.3,223274,38.19,33.92,1.16,71.1,35.24,35.56,39.37,39.37,0,,,35.24,,0,,0,,,,,
2012-09-24,38.74,39.29,38.34,38.94,521080,38.16,34.04,1.15,74.04,35.7,35.63,39.37,39.37,0,,,35.7,,0,,0,,,,,
2012-09-25,38.9,39.17,38.46,38.62,83927,38.13,34.04,1.11,70.2,35.51,35.71,39.37,39.37,0,,,35.51,,0,,0,,,,,
2012-09-26,38.19,38.9,37.95,38.5,89823,38.09,34.04,1.1,68.76,35.44,35.79,39.37,39.37,0,,,35.44,,0,,0,,,,,
2012-09-27,38.5,39.61,38.38,38.7,209211,38.06,34.04,1.11,69.87,35.57,35.88,39.61,39.37,0,,,35.57,,0,,0,,,,,
2012-09-28,39.13,40.2,38.86,39.77,211878,38.05,34.07,1.14,74.98,36.25,36.0,40.2,39.61,1,39.77,36.25,36.25,36.25,1,2012-09-28,0,,,20,,
2012-10-01,40.08,40.72,39.89,40.44,274405,38.05,34.07,1.13,77.55,36.69,36.14,40.72,40.2,0,,,36.69,36.69,1,2012-09-28,0,,,20,,
2012-10-03,36.76,40.87,36.76,40.2,129482,38.05,34.07,1.34,74.6,36.39,36.27,40.87,40.72,0,,,36.39,36.69,1,2012-09-28,1,38.05,SMA150_BREAK,20,3,-4.32
2012-10-04,40.32,40.72,39.73,39.96,115400,38.06,34.07,1.31,71.66,36.25,36.4,40.87,40.87,0,,,36.25,,0,,0,,,,,
2012-10-05,40.2,40.48,38.94,39.33,112912,38.05,34.07,1.33,64.47,35.84,36.51,40.87,40.87,0,,,35.84,,0,,0,,,,,
2012-10-08,40.08,40.08,38.74,38.86,53211,38.05,34.79,1.33,59.67,35.77,36.61,40.87,40.87,0,,,35.77,,0,,0,,,,,
2012-10-09,39.53,39.65,38.74,39.13,81816,38.04,35.66,1.3,61.45,36.26,36.73,40.87,40.87,0,,,36.26,,0,,0,,,,,
2012-10-10,39.41,41.74,38.74,40.83,909047,38.05,36.05,1.42,70.32,37.4,36.92,41.74,40.87,0,,,37.4,,0,,0,,,,,
2012-10-11,41.9,42.02,39.21,39.45,1533126,38.05,36.76,1.52,58.54,36.68,37.09,42.02,41.74,0,,,36.68,,0,,0,,,,,
2012-10-12,39.53,40.24,39.13,39.77,354478,38.05,36.76,1.49,60.2,36.91,37.27,42.02,42.02,0,,,36.91,,0,,0,,,,,
2012-10-15,39.77,39.96,39.21,39.45,119224,38.06,36.76,1.44,57.71,36.74,37.44,42.02,42.02,0,,,36.74,,0,,0,,,,,
2012-10-16,39.61,39.85,39.13,39.17,127829,38.05,36.76,1.39,55.54,36.59,37.6,42.02,42.02,0,,,36.59,,0,,0,,,,,
2012-10-17,39.37,39.57,38.78,39.13,103444,38.05,36.76,1.34,55.22,36.6,37.75,42.02,42.02,0,,,36.6,,0,,0,,,,,
2012-10-18,39.53,40.12,38.98,39.65,244896,38.04,36.76,1.33,58.56,36.94,37.91,42.02,42.02,0,,,36.94,,0,,0,,,,,
2012-10-19,39.37,40.08,39.17,39.33,121825,38.03,36.76,1.3,55.8,36.75,38.08,42.02,42.02,0,,,36.75,,0,,0,,,,,
2012-10-22,38.98,39.77,38.9,39.25,91458,38.03,36.76,1.27,55.1,36.72,38.25,42.02,42.02,0,,,36.72,,0,,0,,,,,
2012-10-23,39.53,41.47,39.25,40.6,2313009,38.04,36.76,1.34,63.42,37.55,38.45,42.02,42.02,0,,,37.55,,0,,0,,,,,
2012-10-25,40.99,42.02,40.72,41.86,1185046,38.06,38.74,1.34,69.16,39.02,38.69,42.02,42.02,0,,,39.02,,0,,0,,,,,
2012-10-29,41.94,42.61,41.51,41.78,474809,38.08,38.74,1.33,68.43,38.98,38.93,42.61,42.02,0,,,38.98,,0,,0,,,,,
2012-10-30,42.3,42.53,41.63,41.9,667909,38.1,38.74,1.3,68.96,39.08,39.17,42.61,42.61,0,,,39.08,,0,,0,,,,,
2012-10-31,41.94,42.06,41.03,41.51,199963,38.12,38.74,1.28,65.12,38.84,39.4,42.61,42.61,0,,,38.84,,0,,0,,,,,
2012-11-01,41.7,42.46,41.51,42.3,157367,38.15,38.74,1.25,68.9,39.36,39.64,42.61,42.61,0,,,39.36,,0,,0,,,,,
2012-11-02,42.61,42.69,41.98,42.1,174804,38.17,38.78,1.21,66.92,39.27,39.83,42.69,42.61,0,,,39.27,,0,,0,,,,,
2012-11-05,42.3,42.61,39.53,42.18,160100,38.2,38.78,1.35,67.32,39.23,39.96,42.69,42.69,0,,,39.23,,0,,0,,,,,
2012-11-06,42.53,42.53,41.63,42.26,112985,38.23,38.78,1.32,67.75,39.31,40.11,42.69,42.69,0,,,39.31,,0,,0,,,,,
2012-11-07,42.61,42.65,41.9,42.38,188878,38.25,38.78,1.28,68.41,39.41,40.24,42.69,42.69,0,,,39.41,,0,,0,,,,,
2012-11-08,41.82,42.53,41.27,42.14,104093,38.26,38.78,1.27,65.51,39.26,40.35,42.69,42.69,0,,,39.26,,0,,0,,,,,
2012-11-09,42.14,42.57,41.66,42.34,133870,38.27,38.9,1.25,66.77,39.44,40.48,42.69,42.69,0,,,39.44,,0,,0,,,,,
2012-11-12,43.48,43.48,41.78,42.26,75182,38.28,38.9,1.28,65.74,39.37,40.6,43.48,42.69,0,,,39.37,,0,,0,,,,,
2012-11-15,42.06,43.48,39.57,42.77,376238,38.29,38.9,1.47,69.04,39.57,40.74,43.48,43.48,0,,,39.57,,0,,0,,,,,
2012-11-16,44.27,44.27,42.77,43.01,602688,38.31,39.25,1.47,70.48,39.84,40.84,44.27,43.48,0,,,39.84,,0,,0,,,,,
2012-11-19,43.72,43.72,42.22,42.65,124441,38.32,39.53,1.47,65.55,39.7,40.92,44.27,44.27,0,,,39.7,,0,,0,,,,,
2012-11-20,42.77,43.64,42.49,43.48,282896,38.34,39.53,1.45,70.65,40.25,41.03,44.27,44.27,0,,,40.25,,0,,0,,,,,
2012-11-21,43.48,44.0,43.36,43.6,133272,38.36,39.53,1.39,71.31,40.37,41.15,44.27,44.27,0,,,40.37,,0,,0,,,,,
2012-11-22,44.43,44.71,43.09,43.56,171009,38.38,39.53,1.41,70.74,40.33,41.29,44.71,44.27,0,,,40.33,,0,,0,,,,,
2012-11-23,43.88,43.88,42.81,43.17,782247,38.39,39.53,1.38,65.24,40.1,41.43,44.71,44.71,0,,,40.1,,0,,0,,,,,
2012-11-26,43.96,44.47,43.09,43.52,92110,38.41,39.53,1.38,67.67,40.32,41.58,44.71,44.71,0,,,40.32,,0,,0,,,,,
2012-11-27,43.88,44.12,42.77,43.72,100353,38.43,39.53,1.38,69.0,40.46,41.68,44.71,44.71,0,,,40.46,,0,,0,,,,,
2012-11-29,44.19,44.19,43.6,43.84,86695,38.45,39.57,1.32,69.81,40.58,41.82,44.71,44.71,0,,,40.58,,0,,0,,,,,
2012-11-30,43.8,44.47,43.29,44.23,294124,38.48,39.57,1.31,72.32,40.84,41.97,44.71,44.71,0,,,40.84,,0,,0,,,,,
2012-12-03,44.19,44.67,44.19,44.47,169470,38.51,39.57,1.25,73.76,41.04,42.14,44.71,44.71,0,,,41.04,,0,,0,,,,,
2012-12-04,44.87,46.05,44.55,45.5,402938,38.56,39.57,1.28,78.87,41.69,42.35,46.05,44.71,1,45.5,41.69,41.69,41.69,1,2012-12-04,0,,,21,,
2012-12-05,45.5,46.17,45.22,45.42,221457,38.6,39.57,1.25,77.61,41.65,42.56,46.17,46.05,0,,,41.65,41.69,1,2012-12-04,0,,,21,,
2012-12-06,47.04,47.04,44.91,45.54,148371,38.65,39.57,1.32,78.17,41.69,42.76,47.04,46.17,0,,,41.69,41.69,1,2012-12-04,0,,,21,,
2012-12-07,45.85,46.17,45.38,45.58,141439,38.69,42.22,1.28,78.37,42.62,42.96,47.04,47.04,0,,,42.62,42.62,1,2012-12-04,0,,,21,,
2012-12-10,45.46,48.11,45.3,47.75,872601,38.74,42.22,1.39,85.81,43.95,43.25,48.11,47.04,1,47.75,43.95,43.95,43.95,1,2012-12-04,0,,,21,,
2012-12-11,48.23,48.23,46.05,46.25,411570,38.78,42.49,1.45,68.32,43.03,43.44,48.23,48.11,0,,,43.03,43.95,1,2012-12-04,0,,,21,,
2012-12-12,45.93,47.28,45.66,46.45,237174,38.82,42.77,1.46,69.22,43.25,43.59,48.23,48.23,0,,,43.25,43.95,1,2012-12-04,0,,,21,,
2012-12-13,46.25,47.0,45.3,45.46,173805,38.86,42.77,1.48,60.11,42.59,43.71,48.23,48.23,0,,,42.59,43.95,1,2012-12-04,0,,,21,,
2012-12-14,45.46,46.29,44.95,46.01,130179,38.91,42.77,1.47,63.02,42.96,43.85,48.23,48.23,0,,,42.96,43.95,1,2012-12-04,0,,,21,,
2012-12-17,46.09,46.72,45.66,46.33,102809,38.97,42.77,1.44,64.64,43.18,44.01,48.23,48.23,0,,,43.18,43.95,1,2012-12-04,0,,,21,,
2012-12-18,46.65,47.04,45.89,46.53,271431,39.04,42.77,1.42,65.65,43.32,44.15,48.23,48.23,0,,,43.32,43.95,1,2012-12-04,0,,,21,,
2012-12-19,46.8,48.86,46.49,48.31,520351,39.12,43.29,1.48,73.04,44.6,44.36,48.86,48.23,1,48.31,44.6,44.6,44.6,1,2012-12-04,0,,,21,,
2012-12-20,47.83,48.66,46.92,47.48,236957,39.19,43.29,1.5,65.92,44.05,44.53,48.86,48.86,0,,,44.05,44.6,1,2012-12-04,0,,,21,,
2012-12-21,47.24,48.11,46.49,47.28,192441,39.27,44.19,1.51,64.29,44.22,44.7,48.86,48.86,0,,,44.22,44.6,1,2012-12-04,0,,,21,,
2012-12-24,47.95,48.15,46.65,47.36,215708,39.34,44.55,1.51,64.67,44.39,44.87,48.86,48.86,0,,,44.39,44.6,1,2012-12-04,0,,,21,,
2012-12-26,47.83,48.03,47.04,47.12,94893,39.42,44.91,1.47,62.54,44.38,45.03,48.86,48.86,0,,,44.38,44.6,1,2012-12-04,0,,,21,,
2012-12-27,47.2,47.83,46.92,47.24,138136,39.49,44.91,1.43,63.19,44.48,45.2,48.86,48.86,0,,,44.48,44.6,1,2012-12-04,0,,,21,,
2012-12-28,47.2,47.44,46.72,46.84,62100,39.56,44.95,1.38,59.48,44.27,45.35,48.86,48.86,0,,,44.27,44.6,1,2012-12-04,0,,,21,,
2012-12-31,46.65,47.83,46.65,47.71,264574,39.64,44.95,1.37,64.38,44.84,45.51,48.86,48.86,0,,,44.84,44.84,1,2012-12-04,0,,,21,,
2013-01-01,47.83,49.57,47.83,49.18,555247,39.72,44.95,1.4,70.81,45.77,45.72,49.57,48.86,1,49.18,45.77,45.77,45.77,1,2012-12-04,0,,,21,,
2013-01-02,50.6,51.63,48.62,48.86,387274,39.81,44.95,1.52,67.93,45.49,45.93,51.63,49.57,0,,,45.49,45.77,1,2012-12-04,0,,,21,,
2013-01-03,49.33,49.69,48.58,48.78,308859,39.9,44.95,1.49,67.2,45.45,46.1,51.63,51.63,0,,,45.45,45.77,1,2012-12-04,0,,,21,,
2013-01-04,49.1,49.69,48.7,49.57,249394,39.98,44.95,1.45,70.58,45.99,46.3,51.63,51.63,0,,,45.99,45.99,1,2012-12-04,0,,,21,,
2013-01-07,49.49,51.11,49.18,50.84,474836,40.07,45.66,1.49,75.04,47.02,46.54,51.63,51.63,0,,,47.02,47.02,1,2012-12-04,0,,,21,,
2013-01-08,51.39,52.34,50.32,50.52,709326,40.16,45.89,1.52,72.07,46.87,46.79,52.34,51.63,0,,,46.87,47.02,1,2012-12-04,0,,,21,,
2013-01-09,50.99,51.07,49.97,50.12,200809,40.24,46.49,1.49,68.44,46.83,47.01,52.34,52.34,0,,,46.83,47.02,1,2012-12-04,0,,,21,,
2013-01-10,50.99,50.99,49.81,50.52,237431,40.32,46.49,1.47,70.06,47.1,47.24,52.34,52.34,0,,,47.1,47.1,1,2012-12-04,0,,,21,,
2013-01-11,50.2,51.39,46.96,47.83,336238,40.39,46.49,1.68,51.02,45.22,47.37,52.34,52.34,0,,,45.22,47.1,1,2012-12-04,1,47.1,TRAILING_STOP,21,28,3.52
2013-01-14,47.79,48.98,47.0,47.4,347144,40.46,46.65,1.7,48.74,44.99,47.48,52.34,52.34,0,,,44.99,,0,,0,,,,,
2013-01-15,51.15,51.15,46.88,47.2,435710,40.52,46.65,1.89,47.67,44.74,47.57,52.34,52.34,0,,,44.74,,0,,0,,,,,
2013-01-16,47.44,47.75,46.68,46.88,167210,40.57,46.65,1.83,45.94,44.57,47.61,52.34,52.34,0,,,44.57,,0,,0,,,,,
2013-01-17,46.88,47.59,46.88,47.44,321231,40.63,46.65,1.75,49.41,44.98,47.68,52.34,52.34,0,,,44.98,,0,,0,,,,,
2013-01-18,47.67,47.83,46.65,46.84,142366,40.68,46.65,1.71,46.0,44.62,47.72,52.34,52.34,0,,,44.62,,0,,0,,,,,
2013-01-21,46.72,46.72,46.68,46.68,182268,40.71,46.65,1.6,45.11,44.59,47.76,52.34,52.34,0,,,44.59,,0,,0,,,,,
2013-01-22,47.04,47.99,46.57,46.88,1529276,40.75,46.57,1.59,46.51,44.7,47.73,52.34,52.34,0,,,44.7,,0,,0,,,,,
2013-01-23,47.71,47.95,46.05,46.37,317871,40.79,46.05,1.61,43.47,44.19,47.73,52.34,52.34,0,,,44.19,,0,,0,,,,,
2013-01-24,47.16,47.16,45.34,46.25,267018,40.83,45.34,1.62,42.76,43.86,47.73,52.34,52.34,0,,,43.86,,0,,0,,,,,
2013-01-25,46.88,47.04,45.93,46.72,294328,40.87,45.34,1.59,46.44,44.19,47.77,52.34,52.34,0,,,44.19,,0,,0,,,,,
2013-01-28,46.76,47.44,46.76,47.24,286377,40.93,45.34,1.52,50.25,44.57,47.81,52.34,52.34,0,,,44.57,,0,,0,,,,,
2013-01-29,46.65,47.75,46.65,47.04,320756,40.99,45.34,1.49,48.81,44.46,47.83,52.34,52.34,0,,,44.46,,0,,0,,,,,
2013-01-30,47.36,47.36,46.17,46.37,106117,41.04,45.34,1.47,44.24,44.04,47.83,52.34,52.34,0,,,44.04,,0,,0,,,,,
2013-01-31,46.25,47.16,45.85,46.53,131084,41.09,45.34,1.46,45.55,44.15,47.77,52.34,52.34,0,,,44.15,,0,,0,,,,,
2013-02-01,46.65,46.8,46.21,46.41,86355,41.14,45.34,1.4,44.71,44.12,47.73,52.34,52.34,0,,,44.12,,0,,0,,,,,
2013-02-04,46.84,46.84,46.01,46.25,85476,41.19,45.34,1.36,43.54,44.04,47.7,52.34,52.34,0,,,44.04,,0,,0,,,,,
2013-02-05,45.85,45.85,45.02,45.22,140269,41.23,45.02,1.35,36.88,43.27,47.63,51.39,52.34,0,,,43.27,,0,,0,,,,,
2013-02-06,45.26,45.74,44.67,44.79,65669,41.27,44.67,1.33,34.51,42.89,47.55,51.39,51.39,0,,,42.89,,0,,0,,,,,
2013-02-07,44.35,45.42,44.27,44.55,76881,41.31,44.27,1.32,33.22,42.61,47.46,51.39,51.39,0,,,42.61,,0,,0,,,,,
2013-02-08,44.31,44.59,43.64,43.88,69671,41.34,43.64,1.29,29.88,41.99,47.36,51.15,51.39,0,,,41.99,,0,,0,,,,,
2013-02-11,44.27,44.27,43.48,43.52,62128,41.37,43.48,1.25,28.23,41.73,47.22,51.15,51.15,0,,,41.73,,0,,0,,,,,
2013-02-12,43.52,46.37,43.09,44.59,181419,41.41,43.09,1.4,38.98,42.19,47.07,47.99,51.15,0,,,42.19,,0,,0,,,,,
2013-02-13,44.27,44.95,43.56,43.8,71205,41.44,43.09,1.4,34.83,41.68,46.9,47.99,47.99,0,,,41.68,,0,,0,,,,,
2013-02-14,43.88,44.12,42.77,43.05,70073,41.46,42.77,1.39,31.42,41.09,46.71,47.99,47.99,0,,,41.09,,0,,0,,,,,
2013-02-15,43.05,43.05,42.34,42.61,50536,41.48,42.34,1.35,29.58,40.7,46.48,47.99,47.99,0,,,40.7,,0,,0,,,,,
2013-02-18,42.65,44.75,42.65,44.16,93316,41.51,42.34,1.4,42.35,41.66,46.26,47.99,47.99,0,,,41.66,,0,,0,,,,,
2013-02-19,43.88,44.67,43.76,44.47,58583,41.54,42.34,1.37,44.52,41.88,46.05,47.95,47.99,0,,,41.88,,0,,0,,,,,
2013-02-20,44.95,44.95,44.12,44.19,43140,41.58,42.34,1.33,42.95,41.73,45.86,47.75,47.95,0,,,41.73,,0,,0,,,,,
2013-02-21,43.68,44.16,43.32,43.44,50030,41.61,42.34,1.3,38.98,41.27,45.62,47.75,47.75,0,,,41.27,,0,,0,,,,,
2013-02-22,43.48,43.52,42.81,43.32,59723,41.64,42.34,1.25,38.37,41.22,45.47,47.75,47.75,0,,,41.22,,0,,0,,,,,
2013-02-25,43.25,43.6,42.69,42.73,60940,41.67,42.34,1.23,35.43,40.85,45.31,47.75,47.75,0,,,40.85,,0,,0,,,,,
2013-02-26,42.69,42.85,41.94,41.94,69131,41.7,41.94,1.21,31.91,40.23,45.14,47.36,47.75,0,,,40.23,,0,,0,,,,,
2013-02-27,42.49,43.01,41.98,42.26,61094,41.73,41.94,1.2,34.74,40.44,44.98,47.16,47.36,0,,,40.44,,0,,0,,,,,
2013-02-28,43.05,43.05,41.23,41.74,107297,41.76,41.23,1.24,32.38,39.84,44.79,46.84,47.16,0,,,39.84,,0,,0,,,,,
2013-03-01,42.3,43.01,41.31,41.74,72887,41.79,41.23,1.27,32.38,39.82,44.62,46.84,46.84,0,,,39.82,,0,,0,,,,,
2013-03-04,41.9,41.9,40.72,40.79,67431,41.81,40.72,1.27,28.31,39.04,44.43,46.37,46.84,0,,,39.04,,0,,0,,,,,
2013-03-05,40.52,41.51,40.52,41.27,60435,41.84,40.52,1.25,32.9,39.29,44.24,46.37,46.37,0,,,39.29,,0,,0,,,,,
2013-03-06,41.74,42.69,41.43,42.06,90646,41.87,40.52,1.26,39.74,39.8,44.1,46.37,46.37,0,,,39.8,,0,,0,,,,,
2013-03-07,42.1,42.38,40.72,42.1,52257,41.92,40.52,1.29,40.07,39.8,43.96,46.37,46.37,0,,,39.8,,0,,0,,,,,
2013-03-08,42.38,42.46,41.66,41.94,175434,41.96,40.52,1.25,39.14,39.72,43.8,46.37,46.37,0,,,39.72,,0,,0,,,,,
2013-03-11,42.49,42.49,41.55,41.7,54685,41.99,40.52,1.23,37.72,39.58,43.62,46.37,46.37,0,,,39.58,,0,,0,,,,,
2013-03-12,41.86,42.3,41.19,41.78,45165,42.03,40.52,1.22,38.52,39.64,43.44,44.95,46.37,0,,,39.64,,0,,0,,,,,
2013-03-13,41.94,41.94,41.35,41.39,37606,42.06,40.52,1.18,36.09,39.42,43.27,44.95,44.95,0,,,39.42,,0,,0,,,,,
2013-03-14,41.39,41.66,40.36,41.39,62564,42.09,40.36,1.19,36.09,39.36,43.1,44.95,44.95,0,,,39.36,,0,,0,,,,,
2013-03-15,41.78,42.06,40.76,40.99,73861,42.12,40.36,1.19,33.57,39.1,42.92,44.95,44.95,0,,,39.1,,0,,0,,,,,
2013-03-18,40.72,42.65,40.04,42.02,115132,42.16,40.04,1.3,44.34,39.59,42.78,44.95,44.95,0,,,39.59,,0,,0,,,,,
2013-03-19,42.22,42.61,40.4,40.68,117651,42.19,40.04,1.36,36.13,38.68,42.63,44.95,44.95,0,,,38.68,,0,,0,,,,,
2013-03-20,40.36,40.48,38.46,38.82,223653,42.2,38.46,1.42,28.3,36.91,42.43,44.16,44.95,0,,,36.91,,0,,0,,,,,
2013-03-21,39.29,39.85,38.03,38.46,118164,42.21,38.03,1.45,27.08,36.52,42.23,43.6,44.16,0,,,36.52,,0,,0,,,,,
2013-03-22,38.46,38.46,37.24,38.03,86138,42.23,37.24,1.43,25.65,35.99,42.03,43.6,43.6,0,,,35.99,,0,,0,,,,,
2013-03-25,38.74,39.13,36.84,37.32,79977,42.24,36.84,1.5,23.46,35.35,41.83,43.05,43.6,0,,,35.35,,0,,0,,,,,
2013-03-26,37.16,37.4,36.68,36.92,119342,42.24,36.68,1.44,22.3,35.08,41.57,43.05,43.05,0,,,35.08,,0,,0,,,,,
2013-03-28,36.92,41.51,36.76,40.79,153589,42.27,36.68,1.68,48.7,37.42,41.47,43.05,43.05,0,,,37.42,,0,,0,,,,,
2013-04-01,40.68,41.47,39.69,40.36,100939,42.3,36.68,1.68,46.8,37.14,41.38,43.01,43.05,0,,,37.14,,0,,0,,,,,
2013-04-02,40.36,41.03,39.89,40.4,169535,42.33,36.68,1.64,47.0,37.19,41.31,42.69,43.01,0,,,37.19,,0,,0,,,,,
2013-04-03,40.44,40.87,39.53,39.77,106858,42.35,36.68,1.62,44.09,36.8,41.16,42.69,42.69,0,,,36.8,,0,,0,,,,,
2013-04-04,39.61,39.77,38.78,38.86,120065,42.37,36.68,1.58,40.21,36.24,40.97,42.69,42.69,0,,,36.24,,0,,0,,,,,
2013-04-05,38.82,39.21,38.54,38.66,53288,42.39,36.68,1.51,39.39,36.15,40.79,42.65,42.69,0,,,36.15,,0,,0,,,,,
2013-04-08,37.99,38.98,37.75,37.99,58239,42.41,36.68,1.49,36.69,35.73,40.61,42.65,42.65,0,,,35.73,,0,,0,,,,,
2013-04-09,39.02,39.02,37.16,37.28,86560,42.43,36.68,1.52,34.03,35.26,40.41,42.65,42.65,0,,,35.26,,0,,0,,,,,
2013-04-10,37.91,37.91,37.16,37.55,43173,42.45,36.68,1.46,35.93,35.47,40.23,42.65,42.65,0,,,35.47,,0,,0,,,,,
2013-04-11,37.63,38.15,37.36,37.55,49813,42.47,36.68,1.42,35.93,35.5,40.09,42.65,42.65,0,,,35.5,,0,,0,,,,,
2013-04-12,37.59,37.91,37.2,37.75,70310,42.5,36.68,1.37,37.48,35.67,39.94,42.65,42.65,0,,,35.67,,0,,0,,,,,
2013-04-15,37.79,38.54,37.59,37.87,120207,42.52,36.68,1.34,38.44,35.76,39.81,42.65,42.65,0,,,35.76,,0,,0,,,,,
2013-04-16,37.95,38.74,37.87,38.58,99107,42.54,36.68,1.3,43.94,36.24,39.7,42.65,42.65,0,,,36.24,,0,,0,,,,,
2013-04-17,38.74,38.98,38.34,38.42,117202,42.57,36.68,1.26,43.01,36.17,39.62,42.61,42.65,0,,,36.17,,0,,0,,,,,
2013-04-18,38.74,39.21,38.03,39.1,84817,42.6,36.76,1.25,48.05,36.64,39.55,41.51,42.61,0,,,36.64,,0,,0,,,,,
2013-04-22,39.29,39.96,39.21,39.53,145564,42.64,37.16,1.22,51.01,37.07,39.47,41.51,41.51,0,,,37.07,,0,,0,,,,,
2013-04-23,39.93,40.12,39.41,39.49,101833,42.67,37.16,1.19,50.72,37.07,39.38,41.51,41.51,0,,,37.07,,0,,0,,,,,
2013-04-25,39.57,40.16,39.57,39.77,229326,42.7,37.16,1.15,52.73,37.27,39.31,41.51,41.51,0,,,37.27,,0,,0,,,,,
2013-04-26,40.32,40.32,39.33,39.53,120294,42.74,37.16,1.14,50.81,37.13,39.24,41.51,41.51,0,,,37.13,,0,,0,,,,,
2013-04-29,39.77,47.44,39.77,44.67,3735575,42.8,37.16,1.62,73.27,40.12,39.33,47.44,41.51,1,44.67,40.12,40.12,40.12,1,2013-04-29,0,,,22,,
2013-04-30,48.62,49.02,45.5,45.74,3895886,42.87,37.16,1.82,75.75,40.68,39.48,49.02,47.44,0,,,40.68,40.68,1,2013-04-29,0,,,22,,
2013-05-02,45.82,47.28,45.34,45.97,746651,42.94,37.16,1.82,76.26,40.82,39.63,49.02,49.02,0,,,40.82,40.82,1,2013-04-29,0,,,22,,
2013-05-03,46.25,46.33,44.39,44.71,416740,42.98,37.16,1.83,67.84,40.0,39.75,49.02,49.02,0,,,40.0,40.82,1,2013-04-29,0,,,22,,
2013-05-06,44.67,45.26,44.08,44.43,333356,43.02,37.2,1.79,66.09,39.87,39.83,49.02,49.02,0,,,39.87,40.82,1,2013-04-29,0,,,22,,
2013-05-07,44.51,45.34,43.72,43.96,301991,43.06,37.2,1.77,63.15,39.57,39.94,49.02,49.02,0,,,39.57,40.82,1,2013-04-29,0,,,22,,
2013-05-08,43.72,44.71,43.6,44.04,251990,43.1,37.59,1.73,63.45,39.78,40.12,49.02,49.02,0,,,39.78,40.82,1,2013-04-29,0,,,22,,
2013-05-09,43.88,46.21,43.88,44.87,808855,43.14,37.87,1.77,66.48,40.38,40.33,49.02,49.02,0,,,40.38,40.82,1,2013-04-29,0,,,22,,
2013-05-10,44.31,45.85,44.31,44.75,378490,43.18,38.03,1.75,65.63,40.37,40.55,49.02,49.02,0,,,40.37,40.82,1,2013-04-29,0,,,22,,
2013-05-13,44.27,45.42,44.27,44.71,455027,43.22,38.03,1.71,65.33,40.37,40.8,49.02,49.02,0,,,40.37,40.82,1,2013-04-29,0,,,22,,
2013-05-14,44.67,45.38,44.55,45.06,137612,43.26,39.21,1.65,66.76,41.04,41.07,49.02,49.02,0,,,41.04,41.04,1,2013-04-29,0,,,22,,
2013-05-15,45.06,47.28,45.06,46.01,1083633,43.29,39.33,1.69,70.33,41.66,41.25,49.02,49.02,0,,,41.66,41.66,1,2013-04-29,0,,,22,,
2013-05-16,46.49,46.96,46.01,46.29,333907,43.33,39.33,1.64,71.3,41.88,41.44,49.02,49.02,0,,,41.88,41.88,1,2013-04-29,0,,,22,,
2013-05-17,46.01,46.61,45.74,45.85,428944,43.37,39.33,1.58,67.54,41.63,41.63,49.02,49.02,0,,,41.63,41.88,1,2013-04-29,0,,,22,,
2013-05-20,45.97,46.72,45.78,46.17,459266,43.42,39.77,1.54,68.83,42.01,41.84,49.02,49.02,0,,,42.01,42.01,1,2013-04-29,0,,,22,,
2013-05-21,46.13,46.41,45.85,46.05,139098,43.47,43.6,1.47,67.74,43.26,42.08,49.02,49.02,0,,,43.26,43.26,1,2013-04-29,0,,,22,,
2013-05-22,46.29,46.65,45.93,46.29,232692,43.51,43.6,1.41,68.8,43.45,42.33,49.02,49.02,0,,,43.45,43.45,1,2013-04-29,0,,,22,,
2013-05-23,45.85,46.33,44.63,44.79,282423,43.54,43.6,1.43,56.34,42.47,42.56,49.02,49.02,0,,,42.47,43.45,1,2013-04-29,0,,,22,,
2013-05-24,45.42,45.46,44.67,45.1,125511,43.58,43.6,1.39,58.03,42.7,42.82,49.02,49.02,0,,,42.7,43.45,1,2013-04-29,0,,,22,,
2013-05-27,45.1,46.09,45.06,45.82,101110,43.62,43.6,1.36,61.74,43.18,43.1,49.02,49.02,0,,,43.18,43.45,1,2013-04-29,0,,,22,,
2013-05-28,45.93,46.09,45.3,45.78,116499,43.66,43.6,1.32,61.41,43.18,43.37,49.02,49.02,0,,,43.18,43.45,1,2013-04-29,0,,,22,,
2013-05-29,46.49,46.92,45.54,45.78,523042,43.7,43.88,1.32,61.41,43.27,43.64,47.28,49.02,0,,,43.27,43.45,1,2013-04-29,0,,,22,,
2013-05-30,46.02,46.02,45.24,45.57,230000,43.75,44.27,1.29,59.51,43.29,43.89,47.28,47.28,0,,,43.29,43.45,1,2013-04-29,0,,,22,,
2013-05-31,45.28,45.61,44.05,44.38,189031,43.78,44.05,1.31,50.03,42.44,44.09,47.28,47.28,0,,,42.44,43.45,1,2013-04-29,0,,,22,,
2013-06-03,43.68,44.5,43.22,43.55,146190,43.81,43.22,1.3,44.69,41.63,44.26,47.28,47.28,0,,,41.63,43.45,1,2013-04-29,1,43.81,TRAILING_STOP|SMA150_BREAK,22,25,-1.93
2013-06-04,43.55,44.42,43.39,44.09,149271,43.84,43.22,1.28,48.54,41.99,44.42,47.28,47.28,0,,,41.99,,0,,0,,,,,
2013-06-05,43.64,44.46,43.64,44.17,106323,43.86,43.22,1.25,49.1,42.06,44.58,47.28,47.28,0,,,42.06,,0,,0,,,,,
2013-06-06,43.64,46.11,43.47,44.42,430186,43.88,43.22,1.35,50.92,42.16,44.74,47.28,47.28,0,,,42.16,,0,,0,,,,,
2013-06-07,44.09,45.9,44.09,44.71,2472705,43.9,43.22,1.38,53.01,42.32,44.91,47.28,47.28,0,,,42.32,,0,,0,,,,,
2013-06-10,44.58,45.78,43.88,44.05,81637,43.91,43.22,1.42,48.0,41.87,45.06,47.28,47.28,0,,,41.87,,0,,0,,,,,
2013-06-11,43.64,43.64,42.73,43.14,111331,43.92,42.73,1.41,42.08,41.13,45.01,47.28,47.28,0,,,41.13,,0,,0,,,,,
2013-06-12,43.39,44.21,42.98,43.8,300414,43.93,42.73,1.4,47.17,41.56,44.94,46.96,47.28,0,,,41.56,,0,,0,,,,,
2013-06-13,43.64,43.64,42.85,42.98,68914,43.94,42.73,1.37,42.21,41.05,44.84,46.92,46.96,0,,,41.05,,0,,0,,,,,
2013-06-14,43.14,44.01,42.98,43.06,115609,43.95,42.73,1.34,42.84,41.12,44.79,46.92,46.92,0,,,41.12,,0,,0,,,,,
2013-06-17,42.85,43.22,42.4,42.81,118030,43.95,42.4,1.31,41.32,40.88,44.74,46.92,46.92,0,,,40.88,,0,,0,,,,,
2013-06-18,42.48,43.39,42.48,42.69,62426,43.95,42.4,1.28,40.58,40.82,44.69,46.92,46.92,0,,,40.82,,0,,0,,,,,
2013-06-19,42.69,47.67,42.4,44.25,335776,43.97,42.4,1.56,52.54,41.63,44.7,47.67,46.92,0,,,41.63,,0,,0,,,,,
2013-06-20,43.8,43.8,42.4,42.52,145185,43.97,42.4,1.58,42.36,40.5,44.62,47.67,47.67,0,,,40.5,,0,,0,,,,,
2013-06-21,41.99,44.05,41.49,42.19,176942,43.97,41.49,1.65,40.73,39.94,44.54,47.67,47.67,0,,,39.94,,0,,0,,,,,
2013-06-24,43.02,43.02,38.7,40.01,124325,43.95,38.7,1.84,32.01,37.48,44.38,47.67,47.67,0,,,37.48,,0,,0,,,,,
2013-06-25,40.26,40.92,39.31,40.18,144487,43.93,38.7,1.83,33.22,37.6,44.22,47.67,47.67,0,,,37.6,,0,,0,,,,,
2013-06-26,40.18,41.58,39.93,40.05,83038,43.91,38.7,1.81,32.74,37.52,44.02,47.67,47.67,0,,,37.52,,0,,0,,,,,
2013-06-27,40.75,41.08,39.68,39.89,71464,43.89,38.7,1.78,32.13,37.44,43.8,47.67,47.67,0,,,37.44,,0,,0,,,,,
2013-06-28,40.75,44.38,40.09,43.26,211852,43.89,38.7,1.98,52.3,39.48,43.72,47.67,47.67,0,,,39.48,,0,,0,,,,,
2013-07-01,43.22,44.38,42.4,43.31,192510,43.88,38.7,1.98,52.53,39.52,43.62,47.67,47.67,0,,,39.52,,0,,0,,,,,
2013-07-02,44.25,44.46,42.81,43.06,207553,43.88,38.7,1.95,51.22,39.37,43.52,47.67,47.67,0,,,39.37,,0,,0,,,,,
2013-07-03,42.94,42.98,41.0,41.08,144667,43.87,38.7,1.96,42.27,38.09,43.35,47.67,47.67,0,,,38.09,,0,,0,,,,,
2013-07-04,42.15,42.4,39.89,41.25,365611,43.85,38.7,2.0,43.19,38.17,43.23,47.67,47.67,0,,,38.17,,0,,0,,,,,
2013-07-05,42.07,42.07,41.04,41.17,131936,43.83,38.7,1.93,42.85,38.17,43.1,47.67,47.67,0,,,38.17,,0,,0,,,,,
2013-07-08,40.75,42.11,39.81,41.45,134149,43.81,38.7,1.96,44.52,38.33,42.96,47.67,47.67,0,,,38.33,,0,,0,,,,,
2013-07-09,41.45,42.07,41.0,41.78,183806,43.8,38.7,1.89,46.5,38.58,42.82,47.67,47.67,0,,,38.58,,0,,0,,,,,
2013-07-10,42.61,42.73,41.99,42.03,137913,43.77,38.7,1.83,48.02,38.79,42.7,47.67,47.67,0,,,38.79,,0,,0,,,,,
2013-07-11,42.28,42.73,41.58,41.91,67255,43.75,38.7,1.78,47.33,38.75,42.57,47.67,47.67,0,,,38.75,,0,,0,,,,,
2013-07-12,41.41,41.95,40.75,41.04,143317,43.72,38.7,1.74,42.53,38.21,42.46,47.67,47.67,0,,,38.21,,0,,0,,,,,
2013-07-15,40.42,42.15,40.42,41.66,120019,43.69,39.31,1.74,46.68,38.82,42.4,47.67,47.67,0,,,38.82,,0,,0,,,,,
2013-07-16,40.51,41.12,40.47,40.71,81439,43.65,39.68,1.7,41.71,38.35,42.29,47.67,47.67,0,,,38.35,,0,,0,,,,,
2013-07-17,40.71,41.91,40.34,40.67,152764,43.61,39.68,1.69,41.51,38.33,42.17,44.46,47.67,0,,,38.33,,0,,0,,,,,
2013-07-18,40.75,41.62,40.51,41.45,118199,43.58,39.81,1.65,46.87,38.91,42.07,44.46,44.46,0,,,38.91,,0,,0,,,,,
2013-07-19,41.17,41.78,40.42,40.55,74711,43.54,39.81,1.63,42.08,38.34,41.93,44.46,44.46,0,,,38.34,,0,,0,,,,,
2013-07-22,40.34,41.04,40.18,40.51,65878,43.51,39.81,1.57,41.87,38.35,41.82,44.46,44.46,0,,,38.35,,0,,0,,,,,
2013-07-23,40.55,41.08,40.55,40.67,77226,43.47,39.81,1.5,43.07,38.5,41.73,44.46,44.46,0,,,38.5,,0,,0,,,,,
2013-07-24,40.34,40.34,39.11,39.56,102850,43.42,39.11,1.5,37.34,37.55,41.59,44.46,44.46,0,,,37.55,,0,,0,,,,,
2013-07-25,39.6,40.34,39.11,39.27,50892,43.36,39.11,1.49,35.99,37.38,41.47,44.46,44.46,0,,,37.38,,0,,0,,,,,
2013-07-26,39.27,40.05,38.12,38.28,71819,43.3,38.12,1.52,31.77,36.39,41.31,44.46,44.46,0,,,36.39,,0,,0,,,,,
2013-07-29,39.11,39.11,37.05,37.13,113679,43.23,37.05,1.56,27.71,35.26,41.12,44.46,44.46,0,,,35.26,,0,,0,,,,,
2013-07-30,37.05,37.79,36.64,36.8,93524,43.16,36.64,1.53,26.66,34.93,40.92,42.98,44.46,0,,,34.93,,0,,0,,,,,
2013-07-31,36.31,36.51,34.83,36.14,102252,43.09,34.83,1.56,24.64,33.88,40.65,42.73,42.98,0,,,33.88,,0,,0,,,,,
2013-08-01,35.81,36.93,34.33,34.46,172564,43.0,34.33,1.63,20.41,32.58,40.38,42.73,42.73,0,,,32.58,,0,,0,,,,,
2013-08-02,34.95,34.95,33.51,33.51,1089366,42.92,33.51,1.62,18.48,31.7,40.09,42.73,42.73,0,,,31.7,,0,,0,,,,,
2013-08-05,34.37,35.32,33.84,34.83,187792,42.83,33.51,1.63,28.59,32.55,39.92,42.73,42.73,0,,,32.55,,0,,0,,,,,
2013-08-06,34.58,34.83,32.85,33.34,139246,42.72,32.85,1.66,24.85,31.35,39.69,42.73,42.73,0,,,31.35,,0,,0,,,,,
2013-08-07,33.76,34.33,32.6,32.85,216516,42.62,32.6,1.66,23.74,30.95,39.45,42.73,42.73,0,,,30.95,,0,,0,,,,,
2013-08-08,32.93,33.67,32.6,32.64,168202,42.51,32.6,1.62,23.27,30.84,39.21,42.15,42.73,0,,,30.84,,0,,0,,,,,
2013-08-12,32.93,33.06,32.03,32.4,323463,42.4,32.03,1.58,22.71,30.52,38.85,42.15,42.15,0,,,30.52,,0,,0,,,,,
2013-08-13,32.19,32.97,32.19,32.89,109444,42.28,32.03,1.52,26.6,30.88,38.5,41.91,42.15,0,,,30.88,,0,,0,,,,,
2013-08-14,33.26,33.84,32.64,32.85,160183,42.16,32.03,1.5,26.48,30.87,38.16,41.91,41.91,0,,,30.87,,0,,0,,,,,
2013-08-16,32.89,32.89,31.9,32.11,120607,42.04,31.9,1.46,24.34,30.37,37.86,41.78,41.91,0,,,30.37,,0,,0,,,,,
2013-08-19,32.52,32.6,31.37,31.74,120762,41.91,31.37,1.45,23.33,29.97,37.55,41.78,41.78,0,,,29.97,,0,,0,,,,,
2013-08-20,31.29,31.94,30.96,31.66,174952,41.81,30.96,1.41,23.11,29.8,37.23,41.08,41.78,0,,,29.8,,0,,0,,,,,
2013-08-21,33.51,33.59,31.08,31.2,179393,41.7,30.96,1.49,21.81,29.45,36.89,41.08,41.08,0,,,29.45,,0,,0,,,,,
2013-08-22,31.16,31.82,30.96,31.45,100548,41.59,30.96,1.45,24.3,29.64,36.54,40.34,41.08,0,,,29.64,,0,,0,,,,,
2013-08-23,31.9,32.52,31.24,31.33,151962,41.49,30.96,1.43,23.9,29.57,36.19,40.34,40.34,0,,,29.57,,0,,0,,,,,
2013-08-26,31.41,32.19,31.08,31.24,122828,41.38,30.96,1.41,23.59,29.53,35.83,40.05,40.34,0,,,29.53,,0,,0,,,,,
2013-08-27,31.08,31.29,30.67,30.75,85562,41.27,30.67,1.35,21.94,29.15,35.49,39.11,40.05,0,,,29.15,,0,,0,,,,,
2013-08-28,30.75,30.87,29.39,30.59,85669,41.17,29.39,1.36,21.41,28.62,35.12,37.79,39.11,0,,,28.62,,0,,0,,,,,
2013-08-29,30.71,31.12,30.5,30.75,86113,41.06,29.39,1.31,23.4,28.76,34.79,36.93,37.79,0,,,28.76,,0,,0,,,,,
2013-08-30,30.46,31.78,29.93,30.87,202943,40.96,29.39,1.35,24.93,28.81,34.46,36.93,36.93,0,,,28.81,,0,,0,,,,,
2013-09-02,30.96,31.37,30.63,30.79,119765,40.85,29.39,1.31,24.58,28.79,34.11,35.32,36.93,0,,,28.79,,0,,0,,,,,
2013-09-03,31.82,31.82,30.42,30.5,79511,40.74,29.39,1.31,23.29,28.59,33.77,35.32,35.32,0,,,28.59,,0,,0,,,,,
2013-09-04,29.72,30.96,29.72,30.38,77301,40.63,29.39,1.31,22.76,28.52,33.43,34.83,35.32,0,,,28.52,,0,,0,,,,,
2013-09-05,31.12,32.11,30.92,31.24,494464,40.53,29.39,1.34,34.33,29.06,33.12,34.33,34.83,0,,,29.06,,0,,0,,,,,
2013-09-06,31.61,31.7,31.04,31.24,209153,40.43,29.39,1.29,34.33,29.09,32.84,33.84,34.33,0,,,29.09,,0,,0,,,,,
2013-09-10,31.49,32.03,30.46,31.53,254753,40.33,29.39,1.31,37.97,29.26,32.58,33.84,33.84,0,,,29.26,,0,,0,,,,,
2013-09-11,31.53,32.56,30.96,32.19,720909,40.23,29.39,1.33,45.38,29.67,32.38,33.84,33.84,0,,,29.67,,0,,0,,,,,
2013-09-12,32.69,32.85,31.41,31.49,982025,40.13,29.39,1.34,39.93,29.22,32.19,33.84,33.84,0,,,29.22,,0,,0,,,,,
2013-09-13,31.33,32.03,30.87,31.12,713912,40.04,29.39,1.32,37.38,28.99,32.0,33.59,33.84,0,,,28.99,,0,,0,,,,,
2013-09-16,32.11,32.11,30.71,31.0,375179,39.95,29.39,1.33,36.56,28.9,31.83,33.59,33.59,0,,,28.9,,0,,0,,,,,
2013-09-17,31.24,31.24,30.75,30.87,162399,39.85,29.39,1.27,35.65,28.86,31.71,33.59,33.59,0,,,28.86,,0,,0,,,,,
2013-09-18,31.08,31.29,30.79,31.12,141025,39.77,29.39,1.22,38.8,29.06,31.63,33.59,33.59,0,,,29.06,,0,,0,,,,,
2013-09-19,31.82,33.34,31.74,32.69,1469122,39.7,29.72,1.29,54.03,30.13,31.56,33.34,33.59,0,,,30.13,,0,,0,,,,,
2013-09-20,33.22,33.55,31.7,31.99,976346,39.61,29.72,1.33,48.26,29.66,31.52,33.55,33.34,0,,,29.66,,0,,0,,,,,
2013-09-23,31.7,31.86,31.0,31.2,224953,39.53,29.72,1.3,42.72,29.16,31.46,33.55,33.55,0,,,29.16,,0,,0,,,,,
2013-09-24,31.12,31.57,30.46,30.83,244535,39.45,29.72,1.29,40.38,28.93,31.4,33.55,33.55,0,,,28.93,,0,,0,,,,,
2013-09-25,30.79,31.08,30.3,30.63,140931,39.37,29.72,1.25,39.14,28.83,31.34,33.55,33.55,0,,,28.83,,0,,0,,,,,
2013-09-26,30.83,31.29,30.5,30.83,106498,39.28,30.3,1.22,41.1,29.17,31.27,33.55,33.55,0,,,29.17,,0,,0,,,,,
2013-09-27,31.12,31.12,30.5,30.63,99674,39.19,30.3,1.18,39.72,29.07,31.2,33.55,33.55,0,,,29.07,,0,,0,,,,,
2013-09-30,30.46,32.07,29.89,30.83,203514,39.1,29.89,1.25,41.82,29.02,31.16,33.55,33.55,0,,,29.02,,0,,0,,,,,
2013-10-01,31.04,31.37,30.54,30.92,114880,39.01,29.89,1.22,42.78,29.09,31.13,33.55,33.55,0,,,29.09,,0,,0,,,,,
2013-10-03,30.87,31.45,30.87,31.24,147545,38.93,29.89,1.17,46.2,29.33,31.11,33.55,33.55,0,,,29.33,,0,,0,,,,,
2013-10-04,32.07,32.93,31.33,32.73,521492,38.87,29.89,1.21,58.6,30.27,31.17,33.55,33.55,0,,,30.27,,0,,0,,,,,
2013-10-07,32.73,32.77,31.0,31.9,469336,38.8,29.89,1.25,51.48,29.71,31.18,33.55,33.55,0,,,29.71,,0,,0,,,,,
2013-10-08,32.89,32.89,31.82,32.07,294646,38.73,29.89,1.24,52.75,29.82,31.21,33.55,33.55,0,,,29.82,,0,,0,,,,,
2013-10-09,32.03,32.4,31.45,32.15,136559,38.67,29.89,1.22,53.37,29.89,31.24,33.55,33.55,0,,,29.89,,0,,0,,,,,
2013-10-10,32.11,33.71,32.11,32.97,584118,38.61,29.89,1.24,59.24,30.4,31.31,33.71,33.55,0,,,30.4,,0,,0,,,,,
2013-10-11,33.26,33.59,32.56,32.89,243419,38.56,29.89,1.23,58.47,30.36,31.39,33.71,33.71,0,,,30.36,,0,,0,,,,,
2013-10-14,32.52,34.08,32.52,33.34,507815,38.5,29.89,1.25,61.51,30.63,31.47,34.08,33.71,0,,,30.63,,0,,0,,,,,
2013-10-15,33.34,33.76,32.19,32.36,143082,38.44,29.89,1.28,52.49,29.99,31.52,34.08,34.08,0,,,29.99,,0,,0,,,,,
2013-10-17,32.19,32.69,31.78,31.86,117232,38.37,29.89,1.25,48.57,29.68,31.56,34.08,34.08,0,,,29.68,,0,,0,,,,,
2013-10-18,32.27,32.56,32.11,32.19,132776,38.31,29.89,1.21,51.16,29.92,31.61,34.08,34.08,0,,,29.92,,0,,0,,,,,
2013-10-21,32.27,32.93,32.27,32.81,160009,38.25,29.89,1.18,55.68,30.34,31.7,34.08,34.08,0,,,30.34,,0,,0,,,,,
2013-10-22,32.77,33.67,32.69,33.3,268192,38.19,29.89,1.16,58.91,30.67,31.76,34.08,34.08,0,,,30.67,,0,,0,,,,,
2013-10-23,33.71,34.58,33.34,33.63,575084,38.14,30.54,1.17,60.98,31.09,31.84,34.58,34.08,0,,,31.09,,0,,0,,,,,
2013-10-24,33.47,34.08,33.26,33.43,248232,38.09,30.87,1.15,59.04,31.09,31.91,34.58,34.58,0,,,31.09,,0,,0,,,,,
2013-10-25,33.43,33.71,32.6,32.77,149052,38.03,31.0,1.14,53.05,30.71,31.93,34.58,34.58,0,,,30.71,,0,,0,,,,,
2013-10-28,33.14,34.08,32.93,33.06,471081,37.97,31.0,1.15,55.2,30.89,31.98,34.58,34.58,0,,,30.89,,0,,0,,,,,
2013-10-29,32.93,33.34,31.37,32.19,1464338,37.92,31.37,1.21,48.09,30.41,32.01,34.58,34.58,0,,,30.41,,0,,0,,,,,
2013-10-30,32.52,32.77,31.49,31.61,452195,37.87,31.37,1.22,44.01,30.03,32.03,34.58,34.58,0,,,30.03,,0,,0,,,,,
2013-10-31,31.41,33.14,30.63,32.56,721851,37.83,30.63,1.31,51.29,30.34,32.09,34.58,34.58,0,,,30.34,,0,,0,,,,,
2013-11-01,32.73,34.13,32.52,33.3,1140807,37.8,30.63,1.33,56.08,30.8,32.16,34.58,34.58,0,,,30.8,,0,,0,,,,,
2013-11-05,33.8,35.36,33.51,33.88,2185679,37.77,30.63,1.38,59.45,31.14,32.2,35.36,34.58,0,,,31.14,,0,,0,,,,,
2013-11-06,34.21,34.58,33.34,33.43,564086,37.75,30.63,1.37,55.87,30.86,32.25,35.36,35.36,0,,,30.86,,0,,0,,,,,
2013-11-07,33.01,33.92,32.19,32.48,550999,37.69,30.63,1.4,49.15,30.23,32.29,35.36,35.36,0,,,30.23,,0,,0,,,,,
2013-11-08,32.44,32.77,31.94,32.52,347353,37.64,30.63,1.36,49.42,30.28,32.35,35.36,35.36,0,,,30.28,,0,,0,,,,,
2013-11-11,32.11,32.48,31.57,31.7,290107,37.58,30.63,1.33,44.13,29.77,32.39,35.36,35.36,0,,,29.77,,0,,0,,,,,
2013-11-12,31.86,32.27,31.53,31.61,173562,37.53,30.63,1.29,43.58,29.74,32.41,35.36,35.36,0,,,29.74,,0,,0,,,,,
2013-11-13,31.37,31.78,31.12,31.37,177680,37.48,30.63,1.24,42.07,29.62,32.44,35.36,35.36,0,,,29.62,,0,,0,,,,,
2013-11-14,31.41,31.99,31.41,31.57,120219,37.43,30.63,1.2,43.82,29.77,32.46,35.36,35.36,0,,,29.77,,0,,0,,,,,
2013-11-18,31.78,32.44,31.7,32.15,211458,37.39,30.63,1.17,48.65,30.16,32.5,35.36,35.36,0,,,30.16,,0,,0,,,,,
2013-11-19,32.48,32.52,32.07,32.15,185338,37.36,30.63,1.12,48.65,30.2,32.53,35.36,35.36,0,,,30.2,,0,,0,,,,,
2013-11-20,32.15,32.52,31.7,31.94,168631,37.32,30.63,1.1,46.96,30.08,32.51,35.36,35.36,0,,,30.08,,0,,0,,,,,
2013-11-21,31.66,31.94,31.37,31.45,143763,37.28,30.63,1.06,43.17,29.79,32.49,35.36,35.36,0,,,29.79,,0,,0,,,,,
2013-11-22,31.74,31.78,31.29,31.33,100510,37.24,30.63,1.02,42.28,29.74,32.47,35.36,35.36,0,,,29.74,,0,,0,,,,,
2013-11-25,31.49,31.9,31.12,31.53,129760,37.2,31.12,1.0,44.35,30.04,32.45,35.36,35.36,0,,,30.04,,0,,0,,,,,
2013-11-26,31.33,31.66,30.96,31.08,173550,37.15,30.96,0.98,40.8,29.71,32.38,35.36,35.36,0,,,29.71,,0,,0,,,,,
2013-11-27,31.49,31.49,30.87,31.04,72945,37.1,30.87,0.96,40.48,29.67,32.32,35.36,35.36,0,,,29.67,,0,,0,,,,,
2013-11-28,31.12,31.49,31.08,31.12,87077,37.04,30.87,0.92,41.45,29.75,32.25,35.36,35.36,0,,,29.75,,0,,0,,,,,
2013-11-29,31.12,31.7,31.12,31.41,139558,36.99,30.87,0.9,44.92,29.95,32.22,35.36,35.36,0,,,29.95,,0,,0,,,,,
2013-12-02,31.7,31.99,31.45,31.57,183418,36.94,30.87,0.87,46.79,30.07,32.21,35.36,35.36,0,,,30.07,,0,,0,,,,,
2013-12-03,31.57,31.82,31.37,31.49,72975,36.88,30.87,0.84,45.95,30.04,32.18,35.36,35.36,0,,,30.04,,0,,0,,,,,
2013-12-04,31.7,31.7,31.08,31.2,123326,36.83,30.87,0.83,42.93,29.86,32.13,34.58,35.36,0,,,29.86,,0,,0,,,,,
2013-12-05,31.37,32.03,31.37,31.49,91350,36.74,30.87,0.83,46.7,30.05,32.07,33.92,34.58,0,,,30.05,,0,,0,,,,,
2013-12-06,31.37,31.78,31.37,31.45,129065,36.64,30.87,0.8,46.25,30.04,32.0,32.77,33.92,0,,,30.04,,0,,0,,,,,
2013-12-09,32.11,32.36,31.33,31.41,1180528,36.55,30.87,0.81,45.77,30.01,31.93,32.52,32.77,0,,,30.01,,0,,0,,,,,
2013-12-10,31.45,31.86,31.04,31.16,219211,36.46,30.87,0.81,42.79,29.84,31.87,32.52,32.52,0,,,29.84,,0,,0,,,,,
2013-12-11,31.04,31.29,30.87,31.04,132143,36.37,30.87,0.79,41.39,29.79,31.81,32.52,32.52,0,,,29.79,,0,,0,,,,,
2013-12-12,30.87,31.08,30.79,30.83,107810,36.28,30.79,0.75,39.0,29.65,31.76,32.52,32.52,0,,,29.65,,0,,0,,,,,
2013-12-13,30.46,30.92,30.42,30.46,162904,36.19,30.42,0.73,35.14,29.3,31.72,32.52,32.52,0,,,29.3,,0,,0,,,,,
2013-12-16,30.46,30.59,30.26,30.3,62813,36.09,30.26,0.7,33.6,29.16,31.65,32.52,32.52,0,,,29.16,,0,,0,,,,,
2013-12-17,30.13,30.59,30.09,30.17,86557,35.99,30.09,0.69,32.35,29.03,31.54,32.52,32.52,0,,,29.03,,0,,0,,,,,
2013-12-18,29.68,30.71,29.68,30.05,351769,35.9,29.68,0.71,31.2,28.8,31.42,32.36,32.52,0,,,28.8,,0,,0,,,,,
2013-12-19,30.09,30.46,29.84,29.93,107231,35.8,29.68,0.71,30.05,28.73,31.3,32.36,32.36,0,,,28.73,,0,,0,,,,,
2013-12-20,29.93,30.87,29.6,29.64,603886,35.69,29.6,0.75,27.42,28.49,31.21,32.36,32.36,0,,,28.49,,0,,0,,,,,
2013-12-23,29.72,29.97,29.64,29.8,225025,35.58,29.6,0.72,31.01,28.61,31.11,32.36,32.36,0,,,28.61,,0,,0,,,,,
2013-12-24,29.8,30.09,29.8,29.97,198966,35.47,29.6,0.69,34.7,28.74,31.06,32.36,32.36,0,,,28.74,,0,,0,,,,,
2013-12-26,30.01,30.3,29.72,29.76,576027,35.36,29.6,0.68,32.4,28.61,31.0,32.36,32.36,0,,,28.61,,0,,0,,,,,
2013-12-27,29.93,30.3,29.84,29.93,406584,35.25,29.6,0.67,36.1,28.73,30.95,32.36,32.36,0,,,28.73,,0,,0,,,,,
2013-12-30,30.17,30.22,29.52,29.56,310796,35.14,29.52,0.67,31.99,28.46,30.88,32.36,32.36,0,,,28.46,,0,,0,,,,,
2013-12-31,29.89,29.89,29.56,29.64,228028,35.04,29.52,0.65,33.75,28.53,30.8,32.36,32.36,0,,,28.53,,0,,0,,,,,
2014-01-01,29.97,29.97,29.56,29.64,398564,34.94,29.52,0.63,33.75,28.54,30.71,32.36,32.36,0,,,28.54,,0,,0,,,,,
2014-01-02,29.8,30.63,27.99,29.06,1502425,34.83,27.99,0.77,27.73,27.56,30.62,32.36,32.36,0,,,27.56,,0,,0,,,,,
2014-01-03,29.15,30.01,28.86,29.84,481198,34.72,27.99,0.8,42.57,28.04,30.56,32.36,32.36,0,,,28.04,,0,,0,,,,,
2014-01-06,30.05,30.22,29.56,29.76,181528,34.61,27.99,0.79,41.62,28.0,30.51,32.36,32.36,0,,,28.0,,0,,0,,,,,
2014-01-07,29.68,29.89,29.31,29.39,201755,34.51,27.99,0.78,37.48,27.77,30.44,31.86,32.36,0,,,27.77,,0,,0,,,,,
2014-01-08,29.6,29.8,29.31,29.56,323447,34.41,27.99,0.76,40.41,27.89,30.39,31.29,31.86,0,,,27.89,,0,,0,,,,,
2014-01-09,29.8,29.97,29.39,29.64,295629,34.31,27.99,0.74,41.8,27.95,30.34,31.08,31.29,0,,,27.95,,0,,0,,,,,
2014-01-10,29.64,29.76,29.39,29.43,161776,34.22,27.99,0.72,39.22,27.83,30.29,30.92,31.08,0,,,27.83,,0,,0,,,,,
2014-01-13,29.84,29.84,29.1,29.35,125586,34.12,27.99,0.72,38.26,27.78,30.22,30.87,30.92,0,,,27.78,,0,,0,,,,,
2014-01-14,29.35,29.68,29.27,29.35,85363,34.02,27.99,0.7,38.26,27.8,30.14,30.87,30.87,0,,,27.8,,0,,0,,,,,
2014-01-15,29.35,29.56,29.31,29.35,162662,33.91,27.99,0.66,38.26,27.82,30.07,30.87,30.87,0,,,27.82,,0,,0,,,,,
2014-01-16,29.39,29.64,29.15,29.19,165384,33.82,27.99,0.65,36.04,27.72,30.01,30.87,30.87,0,,,27.72,,0,,0,,,,,
2014-01-17,29.6,29.6,28.9,29.02,128451,33.72,27.99,0.66,33.8,27.61,29.92,30.87,30.87,0,,,27.61,,0,,0,,,,,
2014-01-20,29.02,29.31,28.98,29.1,87028,33.62,27.99,0.63,35.82,27.68,29.84,30.63,30.87,0,,,27.68,,0,,0,,,,,
2014-01-21,29.39,29.43,29.1,29.31,94012,33.53,27.99,0.61,40.93,27.83,29.77,30.63,30.63,0,,,27.83,,0,,0,,,,,
2014-01-22,29.15,29.31,29.15,29.19,74226,33.44,27.99,0.58,39.02,27.77,29.71,30.63,30.63,0,,,27.77,,0,,0,,,,,
2014-01-23,29.27,30.13,29.15,29.84,307339,33.35,28.86,0.61,52.07,28.46,29.67,30.63,30.63,0,,,28.46,,0,,0,,,,,
2014-01-24,29.64,29.84,29.35,29.47,192875,33.27,28.9,0.6,46.03,28.24,29.62,30.63,30.63,0,,,28.24,,0,,0,,,,,
2014-01-27,29.15,29.6,28.82,28.9,213119,33.16,28.82,0.61,38.6,27.84,29.57,30.63,30.63,0,,,27.84,,0,,0,,,,,
2014-01-28,28.9,29.31,28.77,28.86,144958,33.07,28.77,0.61,38.14,27.8,29.52,30.63,30.63,0,,,27.8,,0,,0,,,,,
2014-01-29,29.23,29.47,28.86,28.9,148461,32.98,28.77,0.61,38.93,27.83,29.48,30.63,30.63,0,,,27.83,,0,,0,,,,,
2014-01-30,28.82,28.86,28.49,28.65,149670,32.91,28.49,0.59,35.84,27.58,29.43,30.22,30.63,0,,,27.58,,0,,0,,,,,
2014-01-31,28.82,29.15,28.57,28.65,301982,32.83,28.49,0.59,35.84,27.58,29.39,30.22,30.22,0,,,27.58,,0,,0,,,,,
2014-02-03,28.32,28.32,27.33,27.79,282156,32.75,27.33,0.64,27.22,26.61,29.33,30.13,30.22,0,,,26.61,,0,,0,,,,,
2014-02-04,27.37,27.87,27.29,27.83,228509,32.67,27.29,0.64,28.09,26.62,29.26,30.13,30.13,0,,,26.62,,0,,0,,,,,
2014-02-05,28.65,28.65,27.7,27.83,400870,32.57,27.29,0.66,28.09,26.61,29.19,30.13,30.13,0,,,26.61,,0,,0,,,,,
2014-02-06,28.21,28.21,27.7,27.74,459323,32.46,27.29,0.65,27.24,26.56,29.13,30.13,30.13,0,,,26.56,,0,,0,,,,,
2014-02-07,27.95,28.17,27.7,27.74,233904,32.36,27.29,0.64,27.24,26.56,29.05,30.13,30.13,0,,,26.56,,0,,0,,,,,
2014-02-10,27.74,27.95,27.45,27.57,172693,32.27,27.29,0.63,25.55,26.46,28.99,30.13,30.13,0,,,26.46,,0,,0,,,,,
2014-02-11,27.74,27.74,27.32,27.36,104368,32.18,27.29,0.61,23.61,26.34,28.91,30.13,30.13,0,,,26.34,,0,,0,,,,,
2014-02-12,27.36,27.4,26.6,26.68,283296,32.08,26.6,0.63,18.66,25.66,28.81,30.13,30.13,0,,,25.66,,0,,0,,,,,
2014-02-13,26.72,26.81,26.13,26.26,182262,31.98,26.13,0.63,16.37,25.23,28.72,30.13,30.13,0,,,25.23,,0,,0,,,,,
2014-02-14,26.64,26.64,25.66,25.75,203512,31.87,25.66,0.66,14.12,24.73,28.58,30.13,30.13,0,,,24.73,,0,,0,,,,,
2014-02-17,25.75,25.96,24.94,25.03,303785,31.76,24.94,0.68,11.67,24.0,28.42,30.13,30.13,0,,,24.0,,0,,0,,,,,
2014-02-18,25.03,25.11,24.69,24.86,418838,31.65,24.69,0.66,11.17,23.82,28.27,30.13,30.13,0,,,23.82,,0,,0,,,,,
2014-02-19,24.69,25.58,24.69,25.45,145939,31.54,24.69,0.68,23.28,24.19,28.14,30.13,30.13,0,,,24.19,,0,,0,,,,,
2014-02-20,25.45,25.62,25.2,25.32,133347,31.43,24.69,0.66,22.55,24.12,27.99,29.84,30.13,0,,,24.12,,0,,0,,,,,
2014-02-21,25.32,25.62,25.16,25.32,130095,31.33,24.69,0.65,22.55,24.13,27.86,29.6,29.84,0,,,24.13,,0,,0,,,,,
2014-02-24,25.2,25.41,24.86,25.2,107809,31.23,24.69,0.64,21.82,24.06,27.72,29.47,29.6,0,,,24.06,,0,,0,,,,,
2014-02-25,25.07,25.41,24.94,25.16,178692,31.12,24.69,0.63,21.57,24.04,27.58,29.47,29.47,0,,,24.04,,0,,0,,,,,
2014-02-26,24.94,25.37,24.94,25.07,109308,31.01,24.69,0.61,20.99,23.99,27.43,29.15,29.47,0,,,23.99,,0,,0,,,,,
2014-02-28,25.37,25.37,24.94,25.03,180419,30.91,24.69,0.6,20.72,23.97,27.3,29.15,29.15,0,,,23.97,,0,,0,,,,,
2014-03-03,24.9,25.32,24.9,24.99,198792,30.81,24.69,0.59,20.43,23.96,27.16,28.65,29.15,0,,,23.96,,0,,0,,,,,
2014-03-04,24.9,26.72,24.9,25.83,287456,30.72,24.69,0.68,39.18,24.44,27.05,28.65,28.65,0,,,24.44,,0,,0,,,,,
2014-03-05,25.79,26.81,25.79,26.64,359334,30.63,24.69,0.7,51.13,24.95,26.96,28.65,28.65,0,,,24.95,,0,,0,,,,,
2014-03-06,26.85,27.11,26.47,26.89,240259,30.56,24.69,0.7,54.13,25.11,26.89,28.21,28.65,0,,,25.11,,0,,0,,,,,
2014-03-07,26.94,27.57,26.89,27.15,324358,30.49,24.69,0.69,57.08,25.28,26.8,28.17,28.21,0,,,25.28,,0,,0,,,,,
2014-03-10,27.23,28.08,26.98,27.91,433746,30.43,24.69,0.72,64.3,25.75,26.75,28.08,28.17,0,,,25.75,,0,,0,,,,,
2014-03-11,28.21,28.34,27.28,27.53,258184,30.37,24.69,0.75,58.96,25.49,26.7,28.34,28.08,0,,,25.49,,0,,0,,,,,
2014-03-12,27.4,27.62,27.23,27.45,117526,30.33,24.69,0.72,57.87,25.45,26.65,28.34,28.34,0,,,25.45,,0,,0,,,,,
2014-03-13,27.7,27.87,27.28,27.36,189499,30.28,24.86,0.71,56.6,25.46,26.6,28.34,28.34,0,,,25.46,,0,,0,,,,,
2014-03-14,27.28,27.28,26.3,26.6,253904,30.23,24.86,0.74,47.2,24.95,26.53,28.34,28.34,0,,,24.95,,0,,0,,,,,
2014-03-18,26.64,27.06,26.64,26.81,128020,30.19,24.86,0.72,49.68,25.1,26.47,28.34,28.34,0,,,25.1,,0,,0,,,,,
2014-03-19,26.85,27.06,26.72,26.77,146995,30.15,24.9,0.69,49.21,25.11,26.44,28.34,28.34,0,,,25.11,,0,,0,,,,,
2014-03-20,26.89,26.89,26.56,26.64,71411,30.11,24.9,0.66,47.61,25.04,26.4,28.34,28.34,0,,,25.04,,0,,0,,,,,
2014-03-21,26.43,27.11,26.43,26.72,136110,30.07,24.9,0.67,48.72,25.09,26.36,28.34,28.34,0,,,25.09,,0,,0,,,,,
2014-03-24,26.77,27.23,26.77,27.06,138583,30.03,24.9,0.65,53.22,25.32,26.34,28.34,28.34,0,,,25.32,,0,,0,,,,,
2014-03-25,26.94,27.79,26.56,27.66,235160,29.99,24.9,0.7,59.91,25.68,26.34,28.34,28.34,0,,,25.68,,0,,0,,,,,
2014-03-26,27.74,28.68,27.74,28.46,403207,29.97,25.79,0.72,66.74,26.47,26.37,28.68,28.34,0,,,26.47,,0,,0,,,,,
2014-03-27,28.51,30.63,28.51,30.46,766597,29.96,26.3,0.82,77.2,27.86,26.47,30.63,28.68,0,,,27.86,,0,,0,,,,,
2014-03-28,30.46,34.15,30.42,32.75,1244156,29.97,26.3,1.03,83.57,29.2,26.67,34.15,30.63,0,,,29.2,,0,,0,,,,,
2014-03-31,33.26,34.78,32.41,33.6,1901197,29.98,26.3,1.13,85.22,29.69,26.92,34.78,34.15,0,,,29.69,,0,,0,,,,,
2014-04-01,33.85,33.85,32.41,32.66,382061,29.99,26.3,1.15,76.11,29.07,27.15,34.78,34.78,0,,,29.07,,0,,0,,,,,
2014-04-02,32.71,33.38,32.03,33.05,497058,30.0,26.3,1.16,77.2,29.31,27.41,34.78,34.78,0,,,29.31,,0,,0,,,,,
2014-04-03,33.17,33.34,32.11,32.32,294501,30.01,26.3,1.17,70.71,28.83,27.66,34.78,34.78,0,,,28.83,,0,,0,,,,,
2014-04-04,32.96,32.96,31.9,32.45,218462,30.02,26.3,1.16,71.17,28.92,27.9,34.78,34.78,0,,,28.92,,0,,0,,,,,
2014-04-07,32.79,32.79,31.82,32.07,147893,30.03,26.43,1.15,67.78,28.73,28.12,34.78,34.78,0,,,28.73,,0,,0,,,,,
2014-04-09,32.11,33.17,32.07,32.96,488600,30.05,26.43,1.14,71.24,29.31,28.38,34.78,34.78,0,,,29.31,,0,,0,,,,,
2014-04-10,33.09,33.43,32.75,32.96,406571,30.06,26.43,1.11,71.24,29.33,28.63,34.78,34.78,0,,,29.33,,0,,0,,,,,
2014-04-11,32.83,33.68,32.41,33.17,358488,30.08,26.43,1.12,72.06,29.46,28.9,34.78,34.78,0,,,29.46,,0,,0,,,,,
2014-04-15,33.51,33.51,32.49,32.66,187035,30.09,26.56,1.11,67.06,29.18,29.15,34.78,34.78,0,,,29.18,,0,,0,,,,,
2014-04-16,33.09,33.09,31.39,31.77,257477,30.1,26.56,1.16,59.32,28.57,29.38,34.78,34.78,0,,,28.57,,0,,0,,,,,
2014-04-17,32.2,33.34,32.07,32.37,298821,30.11,27.74,1.19,62.47,29.33,29.62,34.78,34.78,0,,,29.33,,0,,0,,,,,
2014-04-21,32.37,32.88,32.37,32.58,227462,30.12,28.51,1.14,63.53,29.76,29.85,34.78,34.78,0,,,29.76,,0,,0,,,,,
2014-04-22,32.83,32.83,32.45,32.54,191685,30.12,30.42,1.08,63.16,30.41,30.05,34.78,34.78,0,,,30.41,,0,,0,,,,,
2014-04-23,32.37,32.66,32.37,32.49,110274,30.13,31.39,1.03,62.68,30.74,30.23,34.78,34.78,0,,,30.74,,0,,0,,,,,
2014-04-24,32.49,32.49,32.49,32.49,0,30.13,31.39,0.95,62.68,30.78,30.41,34.78,34.78,0,,,30.78,,0,,0,,,,,
2014-04-25,32.28,32.96,32.28,32.54,263728,30.14,31.39,0.93,63.01,30.83,30.56,34.78,34.78,0,,,30.83,,0,,0,,,,,
2014-04-28,32.54,32.54,32.15,32.37,176804,30.15,31.39,0.89,61.03,30.75,30.73,34.78,34.78,0,,,30.75,,0,,0,,,,,
2014-04-29,32.37,32.62,31.98,32.07,177459,30.16,31.39,0.88,57.59,30.56,30.88,34.78,34.78,0,,,30.56,,0,,0,,,,,
2014-04-30,31.9,34.23,31.9,32.45,1153233,30.17,31.39,0.98,60.61,30.74,31.05,34.78,34.78,0,,,30.74,,0,,0,,,,,
2014-05-02,32.71,33.13,31.73,31.77,582693,30.16,31.39,1.01,53.28,30.28,31.22,34.23,34.78,0,,,30.28,,0,,0,,,,,
2014-05-05,31.65,32.41,31.65,31.9,230615,30.16,31.39,0.99,54.42,30.38,31.39,34.23,34.23,0,,,30.38,,0,,0,,,,,
2014-05-06,32.15,32.45,31.73,31.82,271614,30.17,31.39,0.97,53.56,30.34,31.56,34.23,34.23,0,,,30.34,,0,,0,,,,,
2014-05-07,31.69,32.03,31.39,31.6,166009,30.17,31.39,0.95,51.16,30.21,31.73,34.23,34.23,0,,,30.21,,0,,0,,,,,
2014-05-08,31.82,31.82,30.97,31.18,156743,30.17,30.97,0.94,46.84,29.81,31.87,34.23,34.23,0,,,29.81,,0,,0,,,,,
2014-05-09,30.97,32.32,30.97,31.65,535927,30.18,30.97,0.97,51.75,30.09,32.03,34.23,34.23,0,,,30.09,,0,,0,,,,,
2014-05-12,31.56,32.54,31.56,31.98,380168,30.19,30.97,0.97,54.89,30.3,32.17,34.23,34.23,0,,,30.3,,0,,0,,,,,
2014-05-13,32.37,35.08,32.37,32.88,3212390,30.2,30.97,1.12,62.15,30.78,32.32,35.08,34.23,0,,,30.78,,0,,0,,,,,
2014-05-14,32.92,34.02,32.62,33.72,1417686,30.22,30.97,1.14,67.41,31.31,32.43,35.08,35.08,0,,,31.31,,0,,0,,,,,
2014-05-15,33.94,34.53,33.09,33.26,764672,30.23,30.97,1.16,62.3,31.0,32.44,35.08,35.08,0,,,31.0,,0,,0,,,,,
2014-05-16,34.06,35.63,33.51,34.15,2479211,30.24,30.97,1.25,67.45,31.52,32.46,35.63,35.08,0,,,31.52,,0,,0,,,,,
2014-05-19,34.78,36.48,34.45,36.4,1282918,30.27,30.97,1.33,76.26,32.92,32.59,36.48,35.63,1,36.4,32.92,32.92,32.92,1,2014-05-19,0,,,23,,
2014-05-20,36.91,38.43,36.74,37.84,1267896,30.31,30.97,1.38,80.0,33.81,32.75,38.43,36.48,0,,,33.81,33.81,1,2014-05-19,0,,,23,,
2014-05-21,38.26,38.6,37.33,37.71,805125,30.35,30.97,1.37,78.79,33.73,32.93,38.6,38.43,0,,,33.73,33.81,1,2014-05-19,0,,,23,,
2014-05-22,38.18,38.98,38.05,38.64,756416,30.39,30.97,1.36,81.0,34.34,33.13,38.98,38.6,1,38.64,34.34,34.34,34.34,1,2014-05-19,0,,,23,,
2014-05-23,39.03,42.51,38.6,41.49,1597366,30.44,30.97,1.55,85.85,36.05,33.45,42.51,38.98,0,,,36.05,36.05,1,2014-05-19,0,,,23,,
2014-05-26,42.51,46.24,39.03,42.63,3184886,30.51,30.97,1.95,87.26,36.52,33.77,46.24,42.51,0,,,36.52,36.52,1,2014-05-19,0,,,23,,
2014-05-27,42.63,42.84,38.26,40.6,1061252,30.56,30.97,2.14,73.32,35.09,34.02,46.24,46.24,0,,,35.09,36.52,1,2014-05-19,0,,,23,,
2014-05-28,40.34,42.0,40.34,41.23,401283,30.62,30.97,2.1,74.67,35.51,34.29,46.24,46.24,0,,,35.51,36.52,1,2014-05-19,0,,,23,,
2014-05-29,40.13,42.12,40.13,40.47,749540,30.68,30.97,2.1,70.05,35.03,34.55,46.24,46.24,0,,,35.03,36.52,1,2014-05-19,0,,,23,,
2014-05-30,41.27,41.32,39.71,39.83,427936,30.73,31.56,2.06,66.34,34.84,34.82,46.24,46.24,0,,,34.84,36.52,1,2014-05-19,0,,,23,,
2014-06-02,39.96,41.66,39.92,41.49,922824,30.78,32.37,2.04,70.68,36.19,35.13,46.24,46.24,0,,,36.19,36.52,1,2014-05-19,0,,,23,,
2014-06-03,41.66,42.21,41.02,41.32,915906,30.83,32.62,1.98,69.69,36.2,35.42,46.24,46.24,0,,,36.2,36.52,1,2014-05-19,0,,,23,,
2014-06-04,40.94,43.27,40.94,42.97,1385759,30.9,33.09,2.01,73.57,37.41,35.76,46.24,46.24,0,,,37.41,37.41,1,2014-05-19,0,,,23,,
2014-06-05,43.69,46.2,42.72,45.05,2402396,30.98,33.51,2.11,77.48,38.82,36.18,46.24,46.24,0,,,38.82,38.82,1,2014-05-19,0,,,23,,
2014-06-06,45.73,46.66,45.47,45.98,1336915,31.06,34.45,2.08,78.98,39.76,36.63,46.66,46.24,0,,,39.76,39.76,1,2014-05-19,0,,,23,,
2014-06-09,46.49,46.75,43.44,45.52,1541891,31.15,36.74,2.17,76.28,40.16,37.07,46.75,46.66,0,,,40.16,40.16,1,2014-05-19,0,,,23,,
2014-06-10,45.6,45.73,43.69,43.86,1050888,31.23,37.33,2.16,67.32,39.3,37.45,46.75,46.75,0,,,39.3,40.16,1,2014-05-19,0,,,23,,
2014-06-11,43.99,45.09,41.83,42.29,1523399,31.3,38.05,2.24,60.13,38.47,37.79,46.75,46.75,0,,,38.47,40.16,1,2014-05-19,0,,,23,,
2014-06-12,42.25,42.93,41.19,41.53,760483,31.35,38.26,2.2,56.96,38.07,38.09,46.75,46.75,0,,,38.07,40.16,1,2014-05-19,0,,,23,,
2014-06-13,41.53,42.34,39.96,40.09,823584,31.4,38.26,2.21,51.43,37.14,38.37,46.75,46.75,0,,,37.14,40.16,1,2014-05-19,1,40.16,TRAILING_STOP,23,20,10.34
2014-06-16,40.34,40.55,38.18,39.54,793205,31.44,38.18,2.22,49.45,36.75,38.62,46.75,46.75,0,,,36.75,,0,,0,,,,,
2014-06-17,39.54,41.74,39.2,41.4,661973,31.5,38.18,2.25,55.66,37.93,38.94,46.75,46.75,0,,,37.93,,0,,0,,,,,
2014-06-18,41.57,42.12,40.13,40.47,492254,31.55,38.18,2.23,52.21,37.34,39.24,46.75,46.75,0,,,37.34,,0,,0,,,,,
2014-06-19,40.72,41.4,39.88,40.17,278596,31.6,38.18,2.18,51.11,37.18,39.54,46.75,46.75,0,,,37.18,,0,,0,,,,,
2014-06-20,39.88,40.6,39.45,39.62,298440,31.66,38.18,2.1,49.06,36.88,39.8,46.75,46.75,0,,,36.88,,0,,0,,,,,
2014-06-23,39.62,40.72,39.62,40.38,269940,31.72,38.18,2.03,51.92,37.42,40.08,46.75,46.75,0,,,37.42,,0,,0,,,,,
2014-06-24,40.3,41.23,40.3,40.64,278594,31.78,38.18,1.95,52.9,37.64,40.34,46.75,46.75,0,,,37.64,,0,,0,,,,,
2014-06-25,40.34,40.77,39.88,40.26,256018,31.83,38.18,1.88,51.26,37.44,40.56,46.75,46.75,0,,,37.44,,0,,0,,,,,
2014-06-26,40.38,40.72,39.88,40.04,145248,31.89,38.18,1.8,50.29,37.35,40.79,46.75,46.75,0,,,37.35,,0,,0,,,,,
2014-06-27,40.38,40.6,39.71,40.43,887795,31.94,38.18,1.74,52.02,37.65,41.0,46.75,46.75,0,,,37.65,,0,,0,,,,,
2014-06-30,40.04,44.8,40.04,43.82,1548159,32.02,38.18,1.95,63.82,39.69,41.24,46.75,46.75,0,,,39.69,,0,,0,,,,,
2014-07-01,44.2,44.41,42.17,42.29,759684,32.1,38.18,1.97,57.01,38.69,41.39,46.75,46.75,0,,,38.69,,0,,0,,,,,
2014-07-02,43.06,43.18,41.49,41.95,744799,32.17,38.18,1.95,55.59,38.48,41.53,46.75,46.75,0,,,38.48,,0,,0,,,,,
2014-07-03,42.8,43.52,42.12,42.72,1415877,32.24,38.18,1.93,58.13,39.0,41.67,46.75,46.75,0,,,39.0,,0,,0,,,,,
2014-07-04,42.55,44.92,42.42,44.07,2121625,32.33,38.18,1.97,62.22,39.84,41.76,46.75,46.75,0,,,39.84,,0,,0,,,,,
2014-07-07,44.46,45.73,44.2,45.22,2265548,32.43,39.2,1.95,65.32,40.94,41.84,45.73,46.75,0,,,40.94,,0,,0,,,,,
2014-07-08,45.64,45.73,42.55,43.14,1693677,32.5,39.45,2.03,56.31,39.62,41.93,45.73,45.73,0,,,39.62,,0,,0,,,,,
2014-07-09,43.27,45.35,41.91,43.1,1031190,32.58,39.45,2.13,56.15,39.53,41.99,45.73,45.73,0,,,39.53,,0,,0,,,,,
2014-07-10,43.91,44.24,41.15,42.8,1664884,32.66,39.45,2.2,54.89,39.29,42.07,45.73,45.73,0,,,39.29,,0,,0,,,,,
2014-07-11,43.57,43.57,40.89,41.02,681469,32.72,39.62,2.24,47.99,38.17,42.11,45.73,45.73,0,,,38.17,,0,,0,,,,,
2014-07-14,41.11,41.74,39.62,40.0,722202,32.78,39.62,2.23,44.53,37.52,42.06,45.73,45.73,0,,,37.52,,0,,0,,,,,
2014-07-15,40.26,41.49,40.09,40.64,716444,32.84,39.62,2.18,47.11,37.97,42.03,45.73,45.73,0,,,37.97,,0,,0,,,,,
2014-07-16,40.94,42.0,40.94,41.74,492168,32.91,39.62,2.12,51.29,38.72,41.99,45.73,45.73,0,,,38.72,,0,,0,,,,,
2014-07-17,41.95,42.17,41.36,41.66,349735,32.98,39.62,2.02,50.97,38.73,41.88,45.73,45.73,0,,,38.73,,0,,0,,,,,
2014-07-18,41.57,41.57,40.47,41.02,293503,33.04,39.62,1.96,48.41,38.35,41.71,45.73,45.73,0,,,38.35,,0,,0,,,,,
2014-07-21,41.06,41.74,40.94,41.23,257783,33.11,39.62,1.88,49.31,38.55,41.57,45.73,45.73,0,,,38.55,,0,,0,,,,,
2014-07-22,41.15,41.53,40.72,41.06,228572,33.18,39.62,1.8,48.57,38.49,41.48,45.73,45.73,0,,,38.49,,0,,0,,,,,
2014-07-23,41.06,41.78,40.72,41.06,263535,33.26,39.62,1.75,48.57,38.52,41.44,45.73,45.73,0,,,38.52,,0,,0,,,,,
2014-07-24,40.98,41.53,40.3,40.85,299065,33.33,39.62,1.71,47.55,38.41,41.41,45.73,45.73,0,,,38.41,,0,,0,,,,,
2014-07-25,41.02,41.02,39.88,40.13,319148,33.39,39.62,1.67,44.12,37.98,41.42,45.73,45.73,0,,,37.98,,0,,0,,,,,
2014-07-28,40.47,41.15,39.88,40.34,239622,33.46,39.62,1.64,45.35,38.13,41.44,45.73,45.73,0,,,38.13,,0,,0,,,,,
2014-07-30,40.6,40.6,39.45,39.88,181822,33.53,39.45,1.61,43.1,37.8,41.39,45.73,45.73,0,,,37.8,,0,,0,,,,,
2014-07-31,39.83,40.04,39.45,39.54,167682,33.6,39.45,1.54,41.46,37.63,41.36,45.73,45.73,0,,,37.63,,0,,0,,,,,
2014-08-01,39.11,40.47,38.77,39.71,364682,33.66,38.77,1.55,42.64,37.5,41.35,45.73,45.73,0,,,37.5,,0,,0,,,,,
2014-08-04,39.32,39.37,38.43,39.07,435946,33.72,38.43,1.53,39.43,36.99,41.33,45.73,45.73,0,,,36.99,,0,,0,,,,,
2014-08-05,38.9,39.66,38.73,39.11,323685,33.79,38.43,1.49,39.73,37.05,41.28,45.73,45.73,0,,,37.05,,0,,0,,,,,
2014-08-06,38.86,39.41,38.48,38.73,180661,33.85,38.43,1.45,37.79,36.83,41.22,45.35,45.73,0,,,36.83,,0,,0,,,,,
2014-08-07,38.48,38.94,38.09,38.22,183133,33.9,38.09,1.4,35.29,36.41,41.15,44.24,45.35,0,,,36.41,,0,,0,,,,,
2014-08-08,38.09,38.09,36.65,36.78,265574,33.95,36.65,1.42,29.38,35.0,41.04,43.57,44.24,0,,,35.0,,0,,0,,,,,
2014-08-11,36.91,37.5,36.91,37.12,184806,34.01,36.65,1.37,32.26,35.25,40.93,42.17,43.57,0,,,35.25,,0,,0,,,,,
2014-08-12,37.2,37.37,36.74,36.86,141180,34.05,36.65,1.31,31.21,35.12,40.7,42.17,42.17,0,,,35.12,,0,,0,,,,,
2014-08-13,36.86,37.03,34.87,35.0,324500,34.09,34.87,1.37,24.96,33.28,40.46,42.17,42.17,0,,,33.28,,0,,0,,,,,
2014-08-14,34.83,35.89,34.83,35.68,149606,34.13,34.83,1.35,30.44,33.72,40.25,42.17,42.17,0,,,33.72,,0,,0,,,,,
2014-08-18,35.21,36.31,35.21,36.18,153186,34.17,34.83,1.33,34.25,34.06,40.03,41.78,42.17,0,,,34.06,,0,,0,,,,,
2014-08-19,37.08,37.08,36.48,36.86,221265,34.22,34.83,1.3,39.13,34.52,39.79,41.78,41.78,0,,,34.52,,0,,0,,,,,
2014-08-20,36.95,37.08,36.48,36.57,102422,34.27,34.83,1.25,37.84,34.36,39.5,41.78,41.78,0,,,34.36,,0,,0,,,,,
2014-08-21,36.57,37.63,36.31,37.29,286972,34.32,34.83,1.26,42.88,34.82,39.31,41.78,41.78,0,,,34.82,,0,,0,,,,,
2014-08-22,37.12,38.18,37.12,37.58,339023,34.38,34.83,1.24,44.82,35.02,39.12,41.53,41.78,0,,,35.02,,0,,0,,,,,
2014-08-25,37.75,37.97,36.06,36.31,192426,34.42,34.83,1.29,38.63,34.17,38.91,41.15,41.53,0,,,34.17,,0,,0,,,,,
2014-08-26,36.31,36.4,35.12,35.85,164437,34.47,34.83,1.29,36.66,33.87,38.74,41.15,41.15,0,,,33.87,,0,,0,,,,,
2014-08-27,35.93,36.61,35.25,36.31,206453,34.52,34.83,1.29,39.96,34.17,38.61,40.6,41.15,0,,,34.17,,0,,0,,,,,
2014-08-28,36.31,40.3,35.25,38.6,620571,34.58,34.83,1.56,53.08,35.46,38.54,40.47,40.6,0,,,35.46,,0,,0,,,,,
2014-09-01,38.26,39.03,37.92,38.26,391827,34.64,34.83,1.53,51.29,35.27,38.43,40.47,40.47,0,,,35.27,,0,,0,,,,,
2014-09-02,38.9,38.9,37.71,37.84,265895,34.7,34.83,1.51,49.08,35.01,38.3,40.3,40.47,0,,,35.01,,0,,0,,,,,
2014-09-03,37.54,38.43,37.54,37.75,198973,34.75,34.83,1.46,48.6,34.98,38.19,40.3,40.3,0,,,34.98,,0,,0,,,,,
2014-09-04,37.75,38.18,36.65,37.54,173229,34.8,34.83,1.47,47.43,34.85,38.07,40.3,40.3,0,,,34.85,,0,,0,,,,,
2014-09-05,37.33,37.71,36.82,37.16,262525,34.86,34.83,1.43,45.31,34.63,37.94,40.3,40.3,0,,,34.63,,0,,0,,,,,
2014-09-08,37.08,38.05,37.08,37.5,140422,34.92,35.12,1.39,47.57,34.97,37.82,40.3,40.3,0,,,34.97,,0,,0,,,,,
2014-09-09,37.75,37.75,37.12,37.29,127260,34.97,35.12,1.34,46.29,34.87,37.7,40.3,40.3,0,,,34.87,,0,,0,,,,,
2014-09-10,36.91,38.18,36.91,37.75,198628,35.03,35.12,1.33,49.49,35.17,37.62,40.3,40.3,0,,,35.17,,0,,0,,,,,
2014-09-11,37.67,39.28,37.67,39.11,386537,35.1,35.12,1.35,57.53,36.03,37.58,40.3,40.3,0,,,36.03,,0,,0,,,,,
2014-09-12,38.81,39.54,38.31,39.37,378615,35.18,35.12,1.34,58.88,36.2,37.56,40.3,40.3,0,,,36.2,,0,,0,,,,,
2014-09-15,38.64,40.43,38.6,40.13,317341,35.26,35.12,1.38,62.61,36.67,37.58,40.43,40.3,0,,,36.67,,0,,0,,,,,
2014-09-16,40.3,41.32,38.6,39.24,516292,35.34,35.12,1.48,56.18,36.03,37.57,41.32,40.43,0,,,36.03,,0,,0,,,,,
2014-09-17,39.45,39.88,38.39,38.56,137314,35.41,35.25,1.48,51.8,35.64,37.55,41.32,41.32,0,,,35.64,,0,,0,,,,,
2014-09-18,38.31,39.58,38.18,38.81,289451,35.48,35.25,1.47,53.24,35.8,37.54,41.32,41.32,0,,,35.8,,0,,0,,,,,
2014-09-19,38.81,39.37,37.54,38.43,714226,35.56,36.65,1.5,50.75,36.01,37.53,41.32,41.32,0,,,36.01,,0,,0,,,,,
2014-09-22,37.92,38.26,37.41,37.75,149326,35.63,36.65,1.46,46.56,35.59,37.52,41.32,41.32,0,,,35.59,,0,,0,,,,,
2014-09-23,37.75,38.01,37.2,37.29,115867,35.7,36.65,1.42,43.92,35.32,37.53,41.32,41.32,0,,,35.32,,0,,0,,,,,
2014-09-24,37.08,37.41,36.57,36.82,240945,35.77,36.57,1.37,41.34,35.02,37.52,41.32,41.32,0,,,35.02,,0,,0,,,,,
2014-09-25,36.61,37.16,35.42,35.55,236983,35.83,35.42,1.4,35.3,33.8,37.48,41.32,41.32,0,,,33.8,,0,,0,,,,,
2014-09-26,35.55,35.89,33.34,35.63,377597,35.9,33.34,1.48,35.93,33.11,37.5,41.32,41.32,0,,,33.11,,0,,0,,,,,
2014-09-29,35.72,36.18,35.72,35.85,109039,35.98,33.34,1.42,37.74,33.29,37.51,41.32,41.32,0,,,33.29,,0,,0,,,,,
2014-09-30,36.27,36.27,35.51,35.63,137637,36.04,33.34,1.37,36.63,33.18,37.49,41.32,41.32,0,,,33.18,,0,,0,,,,,
2014-10-01,36.06,36.06,35.0,35.21,122846,36.11,33.34,1.35,34.53,32.93,37.43,41.32,41.32,0,,,32.93,,0,,0,,,,,
2014-10-07,35.21,35.55,34.36,34.53,111862,36.17,33.34,1.34,31.4,32.49,37.36,41.32,41.32,0,,,32.49,,0,,0,,,,,
2014-10-08,34.32,35.12,34.32,34.49,115205,36.23,33.34,1.3,31.22,32.49,37.27,41.32,41.32,0,,,32.49,,0,,0,,,,,
2014-10-09,34.4,35.97,34.4,35.72,149818,36.3,33.34,1.32,42.16,33.27,37.21,41.32,41.32,0,,,33.27,,0,,0,,,,,
2014-10-10,35.38,35.38,33.51,33.98,699319,36.36,33.34,1.38,33.94,32.11,37.13,41.32,41.32,0,,,32.11,,0,,0,,,,,
2014-10-13,33.98,34.45,33.85,34.32,161094,36.42,33.34,1.33,36.54,32.37,37.08,41.32,41.32,0,,,32.37,,0,,0,,,,,
2014-10-14,34.4,34.78,34.19,34.4,203775,36.49,33.34,1.27,37.17,32.45,37.02,41.32,41.32,0,,,32.45,,0,,0,,,,,
2014-10-15,34.4,34.4,34.4,34.4,0,36.54,33.34,1.18,37.17,32.51,36.88,41.32,41.32,0,,,32.51,,0,,0,,,,,
2014-10-16,34.11,34.7,33.81,33.98,123317,36.59,33.34,1.16,35.06,32.26,36.73,41.32,41.32,0,,,32.26,,0,,0,,,,,
2014-10-17,34.36,34.45,33.81,34.15,197280,36.64,33.34,1.12,36.63,32.39,36.61,39.88,41.32,0,,,32.39,,0,,0,,,,,
2014-10-20,34.19,35.51,34.19,34.74,197451,36.69,33.34,1.14,41.88,32.76,36.51,39.58,39.88,0,,,32.76,,0,,0,,,,,
2014-10-21,34.74,35.21,34.49,34.91,130868,36.74,33.34,1.11,43.33,32.89,36.42,39.37,39.58,0,,,32.89,,0,,0,,,,,
2014-10-22,35.34,35.51,34.66,34.78,138823,36.79,33.51,1.09,42.46,32.88,36.34,38.26,39.37,0,,,32.88,,0,,0,,,,,
2014-10-27,35.51,35.93,34.83,35.04,192247,36.84,33.51,1.1,44.86,33.04,36.26,38.01,38.26,0,,,33.04,,0,,0,,,,,
2014-10-28,34.91,35.72,34.91,35.55,179707,36.89,33.51,1.08,49.33,33.38,36.2,37.41,38.01,0,,,33.38,,0,,0,,,,,
2014-10-29,36.35,36.35,35.34,35.68,136707,36.95,33.51,1.07,50.43,33.47,36.14,37.16,37.41,0,,,33.47,,0,,0,,,,,
2014-10-30,35.55,36.48,35.25,36.44,236389,37.02,33.51,1.08,56.4,33.95,36.05,36.48,37.16,0,,,33.95,,0,,0,,,,,
2014-10-31,36.48,36.91,36.4,36.61,274328,37.08,33.51,1.04,57.63,34.09,35.95,36.91,36.48,0,,,34.09,,0,,0,,,,,
2014-11-03,37.33,41.06,37.33,37.97,2105029,37.16,33.51,1.28,65.91,34.8,35.88,41.06,36.91,0,,,34.8,,0,,0,,,,,
2014-11-05,37.97,38.39,37.67,37.75,370379,37.23,33.81,1.24,63.74,34.79,35.83,41.06,41.06,0,,,34.79,,0,,0,,,,,
2014-11-07,37.8,38.09,37.37,37.88,361050,37.3,33.81,1.21,64.49,34.9,35.81,41.06,41.06,0,,,34.9,,0,,0,,,,,
2014-11-10,38.6,39.37,38.22,38.39,677815,37.38,33.81,1.23,67.32,35.21,35.8,41.06,41.06,0,,,35.21,,0,,0,,,,,
2014-11-11,38.86,39.03,37.58,38.86,557759,37.44,33.81,1.24,69.72,35.51,35.81,41.06,41.06,0,,,35.51,,0,,0,,,,,
2014-11-12,39.03,39.24,38.22,38.31,372328,37.5,33.81,1.23,63.82,35.16,35.83,41.06,41.06,0,,,35.16,,0,,0,,,,,
2014-11-13,38.6,38.77,37.67,37.8,227031,37.53,34.19,1.22,58.84,34.97,35.85,41.06,41.06,0,,,34.97,,0,,0,,,,,
2014-11-14,37.41,37.97,37.41,37.75,219088,37.56,34.49,1.17,58.36,35.06,35.88,41.06,41.06,0,,,35.06,,0,,0,,,,,
2014-11-17,37.75,38.6,37.46,38.35,237462,37.6,34.66,1.17,62.34,35.51,35.97,41.06,41.06,0,,,35.51,,0,,0,,,,,
2014-11-18,39.45,40.21,38.52,38.69,748624,37.63,34.83,1.22,64.41,35.75,36.07,41.06,41.06,0,,,35.75,,0,,0,,,,,
2014-11-19,38.69,39.2,37.67,38.05,273917,37.67,34.91,1.24,57.94,35.35,36.15,41.06,41.06,0,,,35.35,,0,,0,,,,,
2014-11-20,38.18,38.43,37.5,37.67,170734,37.71,35.25,1.22,54.45,35.23,36.21,41.06,41.06,0,,,35.23,,0,,0,,,,,
2014-11-21,37.75,38.26,37.46,37.58,285170,37.74,35.25,1.19,53.63,35.2,36.29,41.06,41.06,0,,,35.2,,0,,0,,,,,
2014-11-24,38.14,38.35,37.12,37.2,357358,37.77,36.4,1.19,50.17,35.33,36.38,41.06,41.06,0,,,35.33,,0,,0,,,,,
2014-11-25,36.95,37.58,35.68,36.18,250082,37.79,35.68,1.24,42.29,34.4,36.44,41.06,41.06,0,,,34.4,,0,,0,,,,,
2014-11-26,35.93,36.57,35.8,36.23,128606,37.81,35.68,1.21,42.77,34.46,36.45,41.06,41.06,0,,,34.46,,0,,0,,,,,
2014-11-27,35.97,36.44,35.72,35.89,166726,37.84,35.68,1.17,40.34,34.26,36.52,41.06,41.06,0,,,34.26,,0,,0,,,,,
2014-11-28,36.01,37.63,36.01,37.2,420923,37.87,35.68,1.21,51.72,35.08,36.61,41.06,41.06,0,,,35.08,,0,,0,,,,,
2014-12-01,37.16,37.71,36.61,36.69,149304,37.9,35.68,1.21,47.89,34.75,36.69,41.06,41.06,0,,,34.75,,0,,0,,,,,
2014-12-02,36.31,37.67,36.31,37.46,370788,37.93,35.68,1.22,53.49,35.24,36.79,41.06,41.06,0,,,35.24,,0,,0,,,,,
2014-12-03,37.33,38.6,37.12,37.75,486376,37.97,35.68,1.24,55.43,35.42,36.92,40.21,41.06,0,,,35.42,,0,,0,,,,,
2014-12-04,37.58,38.09,37.12,37.5,270249,38.0,35.68,1.22,53.36,35.27,37.03,40.21,40.21,0,,,35.27,,0,,0,,,,,
2014-12-05,37.71,38.14,37.03,37.25,227544,38.03,35.68,1.21,51.3,35.11,37.11,40.21,40.21,0,,,35.11,,0,,0,,,,,
2014-12-08,37.63,37.63,36.23,36.35,166653,38.06,35.68,1.22,44.61,34.52,37.16,40.21,40.21,0,,,34.52,,0,,0,,,,,
2014-12-09,36.31,36.61,35.34,35.59,153770,38.08,35.34,1.23,39.89,33.92,37.19,40.21,40.21,0,,,33.92,,0,,0,,,,,
2014-12-10,35.46,36.44,35.17,36.27,173392,38.11,35.17,1.23,45.46,34.3,37.23,40.21,40.21,0,,,34.3,,0,,0,,,,,
2014-12-11,35.89,36.86,35.89,36.4,412926,38.13,35.17,1.21,46.48,34.39,37.26,40.21,40.21,0,,,34.39,,0,,0,,,,,
2014-12-12,36.69,36.86,35.72,35.76,111169,38.16,35.17,1.21,42.28,33.98,37.26,40.21,40.21,0,,,33.98,,0,,0,,,,,
2014-12-15,35.55,35.76,34.57,35.12,140346,38.18,34.57,1.2,38.54,33.37,37.22,40.21,40.21,0,,,33.37,,0,,0,,,,,
2014-12-16,34.95,35.21,34.28,34.36,144042,38.2,34.28,1.18,34.62,32.8,37.14,39.2,40.21,0,,,32.8,,0,,0,,,,,
2014-12-17,34.36,34.78,33.3,34.53,288397,38.22,33.3,1.21,36.18,32.57,37.03,38.6,39.2,0,,,32.57,,0,,0,,,,,
2014-12-18,35.55,35.59,34.7,35.25,133423,38.25,33.3,1.2,42.46,33.04,36.94,38.6,38.6,0,,,33.04,,0,,0,,,,,
2014-12-19,35.46,35.8,34.83,34.95,170335,38.27,33.3,1.18,40.66,32.86,36.85,38.6,38.6,0,,,32.86,,0,,0,,,,,
2014-12-22,34.87,35.51,34.87,35.25,102006,38.29,33.3,1.14,43.25,33.08,36.74,38.6,38.6,0,,,33.08,,0,,0,,,,,
2014-12-23,34.91,35.59,34.91,35.17,120936,38.3,33.3,1.11,42.71,33.05,36.62,38.6,38.6,0,,,33.05,,0,,0,,,,,
2014-12-24,35.04,35.46,34.95,35.21,134908,38.31,33.3,1.07,43.09,33.1,36.52,38.6,38.6,0,,,33.1,,0,,0,,,,,
2014-12-26,36.01,36.1,35.29,35.97,293053,38.33,33.3,1.05,49.87,33.6,36.45,38.6,38.6,0,,,33.6,,0,,0,,,,,
2014-12-29,36.06,36.44,35.29,35.42,262338,38.34,33.3,1.06,45.63,33.24,36.38,38.6,38.6,0,,,33.24,,0,,0,,,,,
2014-12-30,35.76,35.97,35.46,35.89,120951,38.34,33.3,1.02,49.58,33.57,36.29,38.6,38.6,0,,,33.57,,0,,0,,,,,
2014-12-31,36.23,36.4,35.93,36.31,143734,38.33,33.3,0.99,52.86,33.86,36.22,38.6,38.6,0,,,33.86,,0,,0,,,,,
2015-01-01,36.69,37.25,36.1,36.74,359899,38.32,33.3,1.0,56.03,34.13,36.17,38.14,38.6,0,,,34.13,,0,,0,,,,,
2015-01-02,36.99,37.97,36.86,37.5,439062,38.31,33.3,1.01,61.01,34.61,36.17,38.14,38.14,0,,,34.61,,0,,0,,,,,
2015-01-05,37.97,37.97,36.99,37.12,233477,38.28,33.3,1.01,57.5,34.37,36.15,37.97,38.14,0,,,34.37,,0,,0,,,,,
2015-01-06,37.33,37.33,36.14,36.27,183005,38.24,33.3,1.03,50.51,33.81,36.12,37.97,37.97,0,,,33.81,,0,,0,,,,,
2015-01-07,36.31,36.57,35.85,36.06,116260,38.21,33.3,1.0,48.92,33.69,36.12,37.97,37.97,0,,,33.69,,0,,0,,,,,
2015-01-08,36.4,37.58,36.27,37.25,351327,38.19,34.7,1.04,57.12,34.9,36.15,37.97,37.97,0,,,34.9,,0,,0,,,,,
2015-01-09,38.6,39.03,37.25,37.41,790610,38.16,34.83,1.09,58.1,35.01,36.2,39.03,37.97,0,,,35.01,,0,,0,,,,,
2015-01-12,37.75,37.75,37.16,37.29,166721,38.15,34.87,1.06,57.05,34.97,36.2,39.03,39.03,0,,,34.97,,0,,0,,,,,
2015-01-13,38.01,38.01,37.03,37.16,188129,38.12,34.91,1.05,55.88,34.9,36.22,39.03,39.03,0,,,34.9,,0,,0,,,,,
2015-01-14,37.33,37.33,36.4,36.57,131202,38.09,34.95,1.04,50.77,34.54,36.19,39.03,39.03,0,,,34.54,,0,,0,,,,,
2015-01-15,38.09,38.18,37.33,37.46,361670,38.05,35.29,1.08,57.13,35.2,36.18,39.03,39.03,0,,,35.2,,0,,0,,,,,
2015-01-16,37.37,37.54,36.82,36.99,98041,38.0,35.29,1.06,53.22,34.92,36.16,39.03,39.03,0,,,34.92,,0,,0,,,,,
2015-01-19,36.99,37.25,36.74,36.95,109818,37.94,35.46,1.02,52.89,34.97,36.15,39.03,39.03,0,,,34.97,,0,,0,,,,,
2015-01-20,36.78,37.2,36.69,36.82,153694,37.88,35.85,0.98,51.76,35.04,36.17,39.03,39.03,0,,,35.04,,0,,0,,,,,
2015-01-21,36.82,37.63,36.82,37.12,200233,37.83,35.85,0.97,54.19,35.25,36.22,39.03,39.03,0,,,35.25,,0,,0,,,,,
2015-01-22,36.95,37.2,36.4,36.48,197943,37.8,35.85,0.96,48.56,34.84,36.23,39.03,39.03,0,,,34.84,,0,,0,,,,,
2015-01-23,36.74,37.16,36.18,36.31,143905,37.76,35.85,0.96,47.16,34.73,36.22,39.03,39.03,0,,,34.73,,0,,0,,,,,
2015-01-27,36.48,36.99,36.1,36.23,154237,37.73,35.85,0.95,46.48,34.68,36.24,39.03,39.03,0,,,34.68,,0,,0,,,,,
2015-01-28,36.18,36.48,35.55,35.76,158784,37.71,35.55,0.95,42.6,34.28,36.26,39.03,39.03,0,,,34.28,,0,,0,,,,,
2015-01-29,36.01,36.1,35.42,35.59,113526,37.67,35.42,0.93,41.26,34.14,36.3,39.03,39.03,0,,,34.14,,0,,0,,,,,
2015-01-30,36.74,36.74,34.78,35.29,254218,37.64,34.78,1.01,38.93,33.68,36.33,39.03,39.03,0,,,33.68,,0,,0,,,,,
2015-02-02,35.21,35.63,35.12,35.38,145693,37.6,34.78,0.97,40.02,33.77,36.33,39.03,39.03,0,,,33.77,,0,,0,,,,,
2015-02-03,35.25,36.48,34.87,35.08,181761,37.57,34.78,1.02,37.6,33.54,36.34,39.03,39.03,0,,,33.54,,0,,0,,,,,
2015-02-04,35.21,35.42,34.57,34.78,122870,37.54,34.57,1.0,35.3,33.29,36.32,39.03,39.03,0,,,33.29,,0,,0,,,,,
2015-02-05,35.25,35.25,34.36,34.49,114968,37.5,34.36,1.0,33.19,33.04,36.3,39.03,39.03,0,,,33.04,,0,,0,,,,,
2015-02-06,34.28,34.74,33.98,34.23,133129,37.46,33.98,0.98,31.38,32.75,36.26,39.03,39.03,0,,,32.75,,0,,0,,,,,
2015-02-09,34.15,34.36,33.43,33.55,186640,37.41,33.43,0.98,27.19,32.13,36.18,38.18,39.03,0,,,32.13,,0,,0,,,,,
2015-02-10,33.51,34.28,33.17,33.77,101480,37.37,33.17,0.99,30.42,32.18,36.13,38.18,38.18,0,,,32.18,,0,,0,,,,,
2015-02-11,33.51,34.23,33.51,34.06,81968,37.3,33.17,0.97,34.55,32.38,36.07,38.18,38.18,0,,,32.38,,0,,0,,,,,
2015-02-12,34.02,34.45,33.6,34.06,207647,37.25,33.17,0.96,34.55,32.39,35.99,38.18,38.18,0,,,32.39,,0,,0,,,,,
2015-02-13,34.36,35.21,34.11,34.36,281350,37.2,33.17,0.97,38.9,32.57,35.91,37.63,38.18,0,,,32.57,,0,,0,,,,,
2015-02-16,35.21,35.55,34.36,34.61,459242,37.14,33.17,0.99,42.33,32.72,35.82,37.63,37.63,0,,,32.72,,0,,0,,,,,
2015-02-18,34.74,34.91,34.19,34.28,224835,37.08,33.17,0.97,39.2,32.52,35.72,37.63,37.63,0,,,32.52,,0,,0,,,,,
2015-02-19,34.45,34.49,33.94,34.06,127378,37.0,33.17,0.94,37.22,32.4,35.65,37.63,37.63,0,,,32.4,,0,,0,,,,,
2015-02-20,34.06,34.53,33.98,34.19,184692,36.94,33.17,0.91,39.17,32.5,35.59,37.2,37.63,0,,,32.5,,0,,0,,,,,
2015-02-23,34.36,34.61,33.81,33.94,159478,36.88,33.17,0.9,36.8,32.35,35.48,37.16,37.2,0,,,32.35,,0,,0,,,,,
2015-02-24,33.85,33.94,33.51,33.64,107988,36.82,33.17,0.87,34.13,32.18,35.35,36.99,37.16,0,,,32.18,,0,,0,,,,,
2015-02-25,33.72,34.11,33.55,33.64,107982,36.77,33.17,0.85,34.13,32.19,35.23,36.74,36.99,0,,,32.19,,0,,0,,,,,
2015-02-26,33.72,33.85,33.13,33.3,100600,36.73,33.13,0.84,31.16,31.96,35.1,36.74,36.74,0,,,31.96,,0,,0,,,,,
2015-02-27,33.72,34.15,33.26,33.89,179877,36.68,33.13,0.84,40.79,32.34,35.01,36.74,36.74,0,,,32.34,,0,,0,,,,,
2015-03-02,33.94,34.02,33.47,33.81,112746,36.63,33.13,0.82,39.98,32.3,34.89,36.48,36.74,0,,,32.3,,0,,0,,,,,
2015-03-03,33.98,34.19,33.47,34.06,141405,36.58,33.13,0.81,43.77,32.47,34.79,36.48,36.48,0,,,32.47,,0,,0,,,,,
2015-03-04,34.78,35.63,33.72,33.85,255945,36.53,33.13,0.89,41.4,32.28,34.69,35.63,36.48,0,,,32.28,,0,,0,,,,,
2015-03-05,33.89,34.15,33.34,33.51,72586,36.48,33.13,0.89,37.84,32.07,34.58,35.63,35.63,0,,,32.07,,0,,0,,,,,
2015-03-09,33.43,33.68,32.92,32.92,129813,36.43,32.92,0.88,32.59,31.62,34.44,35.63,35.63,0,,,31.62,,0,,0,,,,,
2015-03-10,33.34,33.34,32.58,32.71,107441,36.37,32.58,0.87,30.95,31.38,34.31,35.63,35.63,0,,,31.38,,0,,0,,,,,
2015-03-11,32.41,33.09,32.37,32.49,196261,36.31,32.37,0.86,29.28,31.17,34.18,35.63,35.63,0,,,31.17,,0,,0,,,,,
2015-03-12,32.49,32.88,32.41,32.66,71239,36.26,32.37,0.83,32.32,31.3,34.07,35.63,35.63,0,,,31.3,,0,,0,,,,,
2015-03-13,32.83,33.0,32.15,32.2,173735,36.21,32.15,0.83,28.73,30.93,33.95,35.63,35.63,0,,,30.93,,0,,0,,,,,
2015-03-16,32.24,32.41,31.82,31.86,92970,36.16,31.82,0.81,26.39,30.61,33.82,35.63,35.63,0,,,30.61,,0,,0,,,,,
2015-03-17,31.9,32.24,31.48,31.6,117115,36.1,31.48,0.81,24.74,30.33,33.7,35.63,35.63,0,,,30.33,,0,,0,,,,,
2015-03-18,31.77,32.28,30.97,31.35,1254534,36.05,30.97,0.85,23.23,29.98,33.57,35.63,35.63,0,,,29.98,,0,,0,,,,,
2015-03-19,31.65,31.94,30.97,31.01,1147892,35.99,30.97,0.86,21.32,29.75,33.43,35.63,35.63,0,,,29.75,,0,,0,,,,,
2015-03-20,31.26,31.26,30.12,30.59,1107771,35.94,30.12,0.88,19.23,29.19,33.29,35.63,35.63,0,,,29.19,,0,,0,,,,,
2015-03-23,31.18,31.18,29.95,30.08,1272406,35.88,29.95,0.9,17.04,28.78,33.14,35.63,35.63,0,,,28.78,,0,,0,,,,,
2015-03-24,30.08,30.12,29.65,29.74,122893,35.82,29.65,0.87,15.75,28.49,32.99,35.63,35.63,0,,,28.49,,0,,0,,,,,
2015-03-25,29.69,29.99,29.35,29.44,215293,35.77,29.35,0.85,14.69,28.2,32.86,35.63,35.63,0,,,28.2,,0,,0,,,,,
2015-03-26,29.27,30.08,28.97,29.82,183477,35.73,28.97,0.87,21.84,28.31,32.72,35.63,35.63,0,,,28.31,,0,,0,,,,,
2015-03-27,29.19,30.63,29.19,30.2,161755,35.68,28.97,0.91,28.31,28.53,32.6,35.63,35.63,0,,,28.53,,0,,0,,,,,
2015-03-30,29.82,31.14,29.82,30.92,108981,35.65,28.97,0.94,38.67,28.97,32.49,35.63,35.63,0,,,28.97,,0,,0,,,,,
2015-03-31,30.63,31.82,30.63,31.43,108692,35.63,28.97,0.96,44.76,29.29,32.39,35.63,35.63,0,,,29.29,,0,,0,,,,,
2015-04-01,31.82,32.32,31.14,31.94,184183,35.6,28.97,0.98,50.09,29.61,32.3,35.63,35.63,0,,,29.61,,0,,0,,,,,
2015-04-06,32.03,32.66,31.82,32.32,76750,35.57,28.97,0.97,53.68,29.86,32.24,34.15,35.63,0,,,29.86,,0,,0,,,,,
2015-04-07,32.37,33.05,31.82,32.28,100578,35.54,28.97,0.98,53.25,29.82,32.18,33.68,34.15,0,,,29.82,,0,,0,,,,,
2015-04-08,32.83,33.43,32.11,33.22,185070,35.51,28.97,1.01,61.19,30.41,32.15,33.43,33.68,0,,,30.41,,0,,0,,,,,
2015-04-09,33.34,34.02,32.71,33.6,129999,35.48,28.97,1.03,63.86,30.64,32.14,34.02,33.43,0,,,30.64,,0,,0,,,,,
2015-04-10,33.55,34.11,33.3,33.98,242833,35.47,28.97,1.01,66.36,30.9,32.15,34.11,34.02,0,,,30.9,,0,,0,,,,,
2015-04-13,33.55,34.4,33.55,34.02,112137,35.46,28.97,1.0,66.62,30.93,32.16,34.4,34.11,0,,,30.93,,0,,0,,,,,
2015-04-15,33.94,34.7,33.94,34.15,213363,35.44,28.97,0.99,67.5,31.03,32.19,34.7,34.4,0,,,31.03,,0,,0,,,,,
2015-04-16,34.02,34.49,33.77,33.98,101797,35.41,28.97,0.97,65.08,30.93,32.19,34.7,34.7,0,,,30.93,,0,,0,,,,,
2015-04-17,33.51,33.98,33.0,33.22,106235,35.38,28.97,0.97,55.48,30.44,32.17,34.7,34.7,0,,,30.44,,0,,0,,,,,
2015-04-20,33.26,33.43,32.15,32.32,100628,35.34,28.97,0.99,46.7,29.84,32.11,34.7,34.7,0,,,29.84,,0,,0,,,,,
2015-04-21,32.45,32.79,31.14,31.9,88595,35.3,29.19,1.04,43.26,29.61,32.05,34.7,34.7,0,,,29.61,,0,,0,,,,,
2015-04-22,32.45,32.58,31.82,32.03,191624,35.27,29.82,1.02,44.62,29.92,32.0,34.7,34.7,0,,,29.92,,0,,0,,,,,
2015-04-23,32.28,32.62,31.6,31.98,37124,35.23,30.63,1.02,44.18,30.16,31.97,34.7,34.7,0,,,30.16,,0,,0,,,,,
2015-04-24,32.41,32.41,31.48,31.77,68681,35.19,31.14,1.01,42.3,30.2,31.94,34.7,34.7,0,,,30.2,,0,,0,,,,,
2015-04-27,31.82,32.03,31.01,31.43,62002,35.15,31.01,1.01,39.37,29.93,31.9,34.7,34.7,0,,,29.93,,0,,0,,,,,
2015-04-28,31.39,32.03,31.18,31.56,37731,35.11,31.01,1.0,41.05,30.03,31.86,34.7,34.7,0,,,30.03,,0,,0,,,,,
2015-04-29,31.39,32.03,31.39,31.65,70344,35.06,31.01,0.97,42.24,30.1,31.85,34.7,34.7,0,,,30.1,,0,,0,,,,,
2015-04-30,31.09,31.56,31.09,31.31,48664,35.01,31.01,0.94,39.03,29.9,31.83,34.7,34.7,0,,,29.9,,0,,0,,,,,
2015-05-04,32.24,32.24,31.39,32.07,54019,34.96,31.01,0.94,48.46,30.39,31.84,34.7,34.7,0,,,30.39,,0,,0,,,,,
2015-05-05,32.2,32.2,31.65,31.82,145999,34.91,31.01,0.92,45.94,30.25,31.86,34.7,34.7,0,,,30.25,,0,,0,,,,,
2015-05-06,31.82,31.82,30.33,31.18,91614,34.86,30.33,0.96,40.19,29.58,31.86,34.7,34.7,0,,,29.58,,0,,0,,,,,
2015-05-07,31.18,31.26,30.12,30.42,101927,34.8,30.12,0.97,34.64,29.01,31.86,34.7,34.7,0,,,29.01,,0,,0,,,,,
2015-05-08,30.8,31.18,30.46,30.71,53306,34.75,30.12,0.95,38.15,29.21,31.88,34.7,34.7,0,,,29.21,,0,,0,,,,,
2015-05-11,30.97,32.07,30.63,31.73,161866,34.71,30.12,0.99,48.6,29.85,31.95,34.7,34.7,0,,,29.85,,0,,0,,,,,
2015-05-12,31.73,31.9,31.18,31.43,95537,34.67,30.12,0.97,46.13,29.67,32.01,34.7,34.7,0,,,29.67,,0,,0,,,,,
2015-05-13,31.94,31.98,31.39,31.6,65565,34.64,30.12,0.94,47.75,29.79,32.07,34.7,34.7,0,,,29.79,,0,,0,,,,,
2015-05-14,31.6,32.62,31.48,32.24,211569,34.61,30.12,0.96,53.43,30.2,32.14,34.49,34.7,0,,,30.2,,0,,0,,,,,
2015-05-15,35.63,37.75,34.78,35.04,3140944,34.61,30.12,1.28,69.2,31.79,32.28,37.75,34.49,1,35.04,31.79,31.79,31.79,1,2015-05-15,0,,,24,,
2015-05-18,35.21,35.21,33.94,34.11,396978,34.6,30.12,1.28,61.72,31.19,32.37,37.75,37.75,0,,,31.19,31.79,1,2015-05-15,1,34.6,SMA150_BREAK,24,2,-1.26
2015-05-19,34.57,34.57,33.3,33.51,235608,34.58,30.12,1.28,57.41,30.8,32.42,37.75,37.75,0,,,30.8,,0,,0,,,,,
2015-05-20,33.94,34.15,33.17,33.3,168696,34.57,30.12,1.26,55.94,30.68,32.45,37.75,37.75,0,,,30.68,,0,,0,,,,,
2015-05-21,33.3,33.43,32.75,32.96,158293,34.56,30.12,1.22,53.55,30.49,32.47,37.75,37.75,0,,,30.49,,0,,0,,,,,
2015-05-22,32.96,33.81,32.83,33.13,244131,34.55,30.12,1.2,54.59,30.61,32.47,37.75,37.75,0,,,30.61,,0,,0,,,,,
2015-05-25,33.38,33.38,32.32,32.66,99608,34.53,30.12,1.19,51.16,30.31,32.44,37.75,37.75,0,,,30.31,,0,,0,,,,,
2015-05-26,32.54,32.58,32.07,32.32,150938,34.52,30.12,1.15,48.77,30.12,32.39,37.75,37.75,0,,,30.12,,0,,0,,,,,
2015-05-27,32.2,33.05,32.03,32.71,190262,34.51,30.12,1.14,51.57,30.38,32.34,37.75,37.75,0,,,30.38,,0,,0,,,,,
2015-05-28,32.71,33.09,32.28,32.88,147983,34.5,30.46,1.12,52.78,30.62,32.3,37.75,37.75,0,,,30.62,,0,,0,,,,,
2015-05-29,32.88,33.6,32.32,33.17,153754,34.49,30.63,1.13,54.85,30.85,32.27,37.75,37.75,0,,,30.85,,0,,0,,,,,
2015-06-01,33.17,33.68,32.92,33.09,74594,34.49,31.18,1.1,54.14,31.0,32.27,37.75,37.75,0,,,31.0,,0,,0,,,,,
2015-06-02,33.26,33.34,31.82,32.15,137294,34.47,31.39,1.13,46.57,30.45,32.26,37.75,37.75,0,,,30.45,,0,,0,,,,,
2015-06-03,32.15,32.32,30.63,30.84,192723,34.45,30.63,1.17,38.49,29.32,32.23,37.75,37.75,0,,,29.32,,0,,0,,,,,
2015-06-04,31.01,31.22,30.33,30.84,130380,34.42,30.33,1.15,38.49,29.23,32.19,37.75,37.75,0,,,29.23,,0,,0,,,,,
2015-06-05,30.97,31.01,30.37,30.5,137002,34.39,30.33,1.11,36.57,29.04,32.14,37.75,37.75,0,,,29.04,,0,,0,,,,,
2015-06-08,31.05,31.31,30.12,30.37,174744,34.36,30.12,1.12,35.84,28.88,32.09,37.75,37.75,0,,,28.88,,0,,0,,,,,
2015-06-09,30.5,30.59,30.08,30.25,96558,34.32,30.08,1.08,35.14,28.82,32.05,37.75,37.75,0,,,28.82,,0,,0,,,,,
2015-06-10,30.2,30.67,30.16,30.42,74034,34.29,30.08,1.04,37.02,28.96,32.01,37.75,37.75,0,,,28.96,,0,,0,,,,,
2015-06-11,30.92,30.92,29.78,29.95,95259,34.25,29.78,1.04,34.08,28.55,31.96,37.75,37.75,0,,,28.55,,0,,0,,,,,
2015-06-12,30.46,30.54,29.61,30.2,68832,34.2,29.61,1.03,36.95,28.66,31.92,35.21,37.75,0,,,28.66,,0,,0,,,,,
2015-06-15,30.2,30.33,29.91,30.25,61069,34.15,29.61,0.99,37.53,28.72,31.86,34.57,35.21,0,,,28.72,,0,,0,,,,,
2015-06-16,30.54,30.54,29.91,30.2,71035,34.1,29.61,0.97,37.16,28.71,31.81,34.15,34.57,0,,,28.71,,0,,0,,,,,
2015-06-17,30.33,31.94,29.99,31.18,332839,34.06,29.61,1.04,48.01,29.29,31.81,33.81,34.15,0,,,29.29,,0,,0,,,,,
2015-06-18,31.35,31.6,30.67,31.31,152408,34.01,29.61,1.03,49.26,29.38,31.83,33.81,33.81,0,,,29.38,,0,,0,,,,,
2015-06-19,31.78,31.83,31.35,31.48,118443,33.96,29.61,0.99,50.92,29.51,31.86,33.68,33.81,0,,,29.51,,0,,0,,,,,
2015-06-22,31.65,32.61,31.48,32.22,151839,33.92,29.61,1.0,57.46,29.98,31.88,33.68,33.68,0,,,29.98,,0,,0,,,,,
2015-06-23,32.22,32.78,32.0,32.17,124784,33.88,29.61,0.99,56.91,29.96,31.9,33.68,33.68,0,,,29.96,,0,,0,,,,,
2015-06-24,32.26,32.39,31.61,31.78,76699,33.84,29.61,0.97,52.66,29.72,31.91,33.68,33.68,0,,,29.72,,0,,0,,,,,
2015-06-25,32.09,32.09,31.31,31.65,52018,33.8,29.61,0.96,51.29,29.65,31.89,33.68,33.68,0,,,29.65,,0,,0,,,,,
2015-06-26,31.65,32.09,31.22,31.48,46590,33.75,29.61,0.95,49.47,29.54,31.77,33.68,33.68,0,,,29.54,,0,,0,,,,,
2015-06-29,31.22,31.22,30.35,30.74,82192,33.7,29.61,0.96,42.42,29.05,31.66,33.34,33.68,0,,,29.05,,0,,0,,,,,
2015-06-30,30.79,32.22,30.79,31.22,223230,33.66,29.61,1.0,47.63,29.34,31.58,32.78,33.34,0,,,29.34,,0,,0,,,,,
2015-07-01,31.48,33.82,31.31,33.52,518027,33.63,29.61,1.12,64.31,30.75,31.59,33.82,32.78,0,,,30.75,,0,,0,,,,,
2015-07-02,35.17,35.82,33.13,33.47,1223289,33.61,29.61,1.23,63.83,30.64,31.6,35.82,33.82,0,,,30.64,,0,,0,,,,,
2015-07-03,33.47,33.47,32.78,33.0,198045,33.58,29.91,1.19,59.38,30.46,31.6,35.82,35.82,0,,,30.46,,0,,0,,,,,
2015-07-06,32.61,32.87,31.65,32.61,168008,33.56,29.91,1.2,55.9,30.2,31.6,35.82,35.82,0,,,30.2,,0,,0,,,,,
2015-07-07,34.25,34.43,33.08,33.34,553980,33.54,29.99,1.24,60.56,30.67,31.63,35.82,35.82,0,,,30.67,,0,,0,,,,,
2015-07-08,33.26,33.26,32.26,32.69,128550,33.51,30.35,1.23,54.99,30.38,31.63,35.82,35.82,0,,,30.38,,0,,0,,,,,
2015-07-09,32.43,33.13,32.26,32.35,197637,33.48,30.35,1.21,52.28,30.18,31.61,35.82,35.82,0,,,30.18,,0,,0,,,,,
2015-07-10,32.56,32.82,32.35,32.43,109542,33.45,30.35,1.15,52.87,30.26,31.59,35.82,35.82,0,,,30.26,,0,,0,,,,,
2015-07-13,32.43,32.91,32.09,32.78,137398,33.42,30.35,1.13,55.46,30.51,31.58,35.82,35.82,0,,,30.51,,0,,0,,,,,
2015-07-14,32.82,33.04,32.52,32.61,99253,33.38,30.35,1.09,53.91,30.43,31.59,35.82,35.82,0,,,30.43,,0,,0,,,,,
2015-07-15,32.65,32.82,32.3,32.39,104830,33.35,30.35,1.05,51.89,30.31,31.65,35.82,35.82,0,,,30.31,,0,,0,,,,,
2015-07-16,32.43,32.78,32.35,32.52,121570,33.33,30.35,1.0,53.01,30.42,31.7,35.82,35.82,0,,,30.42,,0,,0,,,,,
2015-07-17,32.56,34.21,32.35,33.99,490172,33.32,30.35,1.06,63.39,31.33,31.82,35.82,35.82,0,,,31.33,,0,,0,,,,,
2015-07-20,34.17,35.12,33.3,34.82,598875,33.31,30.79,1.12,67.72,31.98,31.97,35.82,35.82,0,,,31.98,,0,,0,,,,,
2015-07-21,36.34,36.38,33.65,33.95,1134987,33.29,31.31,1.23,59.74,31.51,32.09,36.38,35.82,0,,,31.51,,0,,0,,,,,
2015-07-22,33.91,34.51,33.39,34.12,204064,33.28,31.65,1.22,60.71,31.74,32.21,36.38,36.38,0,,,31.74,,0,,0,,,,,
2015-07-23,35.3,35.47,33.86,34.04,686066,33.27,31.65,1.25,59.98,31.67,32.35,36.38,36.38,0,,,31.67,,0,,0,,,,,
2015-07-24,34.04,34.21,33.0,33.13,148013,33.26,31.65,1.25,52.22,31.09,32.45,36.38,36.38,0,,,31.09,,0,,0,,,,,
2015-07-27,32.95,33.39,31.78,32.0,171845,33.25,31.78,1.28,44.53,30.38,32.51,36.38,36.38,0,,,30.38,,0,,0,,,,,
2015-07-28,32.43,32.82,31.65,32.61,309047,33.23,31.65,1.27,48.9,30.74,32.59,36.38,36.38,0,,,30.74,,0,,0,,,,,
2015-07-29,33.3,33.3,32.3,32.87,465126,33.22,31.65,1.25,50.69,30.92,32.64,36.38,36.38,0,,,30.92,,0,,0,,,,,
2015-07-30,33.17,33.34,32.52,33.0,214166,33.2,31.65,1.22,51.6,31.02,32.7,36.38,36.38,0,,,31.02,,0,,0,,,,,
2015-07-31,34.04,34.38,33.3,33.43,1222361,33.19,31.65,1.23,54.59,31.29,32.76,36.38,36.38,0,,,31.29,,0,,0,,,,,
2015-08-03,33.43,34.12,33.39,33.73,383587,33.18,31.65,1.19,56.6,31.51,32.81,36.38,36.38,0,,,31.51,,0,,0,,,,,
2015-08-04,33.82,33.82,33.04,33.47,244806,33.16,31.65,1.16,54.35,31.36,32.86,36.38,36.38,0,,,31.36,,0,,0,,,,,
2015-08-05,33.78,33.99,33.3,33.43,262101,33.15,31.65,1.13,54.0,31.36,32.91,36.38,36.38,0,,,31.36,,0,,0,,,,,
2015-08-06,33.43,33.78,33.26,33.34,178611,33.13,31.65,1.09,53.16,31.33,32.97,36.38,36.38,0,,,31.33,,0,,0,,,,,
2015-08-07,33.21,33.43,32.95,33.04,161811,33.11,31.65,1.04,50.34,31.17,33.02,36.38,36.38,0,,,31.17,,0,,0,,,,,
2015-08-10,33.08,33.17,32.52,32.78,106776,33.08,31.65,1.02,47.96,31.02,33.09,36.38,36.38,0,,,31.02,,0,,0,,,,,
2015-08-11,33.0,33.21,31.91,32.04,189746,33.05,31.65,1.04,41.9,30.53,33.12,36.38,36.38,0,,,30.53,,0,,0,,,,,
2015-08-12,32.04,32.48,31.48,31.61,252307,33.01,31.48,1.03,38.84,30.19,33.05,36.38,36.38,0,,,30.19,,0,,0,,,,,
2015-08-13,30.96,31.18,29.62,30.35,559557,32.97,29.62,1.1,31.54,28.71,32.95,36.38,36.38,0,,,28.71,,0,,0,,,,,
2015-08-14,30.35,30.87,29.96,30.79,368483,32.94,29.62,1.09,36.06,29.01,32.88,36.38,36.38,0,,,29.01,,0,,0,,,,,
2015-08-17,31.0,32.22,30.92,31.96,453442,32.9,29.62,1.11,46.22,29.75,32.85,36.38,36.38,0,,,29.75,,0,,0,,,,,
2015-08-18,32.17,32.95,31.7,31.83,318336,32.86,29.62,1.12,45.35,29.66,32.8,35.47,36.38,0,,,29.66,,0,,0,,,,,
2015-08-19,31.7,31.83,31.05,31.26,176065,32.82,29.62,1.1,41.68,29.3,32.76,35.47,35.47,0,,,29.3,,0,,0,,,,,
2015-08-20,31.18,31.39,30.61,31.05,229694,32.78,29.62,1.07,40.39,29.18,32.71,34.38,35.47,0,,,29.18,,0,,0,,,,,
2015-08-21,30.44,30.79,29.49,30.4,283771,32.74,29.49,1.11,36.59,28.7,32.64,34.38,34.38,0,,,28.7,,0,,0,,,,,
2015-08-24,29.83,29.92,29.09,29.44,387149,32.69,29.09,1.12,31.83,27.94,32.53,34.38,34.38,0,,,27.94,,0,,0,,,,,
2015-08-25,29.62,30.22,28.18,29.49,215060,32.64,28.18,1.19,32.33,27.62,32.43,34.38,34.38,0,,,27.62,,0,,0,,,,,
2015-08-26,29.35,30.01,28.7,29.75,182203,32.59,28.18,1.2,34.96,27.78,32.34,34.38,34.38,0,,,27.78,,0,,0,,,,,
2015-08-27,29.96,30.7,29.75,30.22,160358,32.55,28.18,1.18,39.55,28.1,32.26,34.38,34.38,0,,,28.1,,0,,0,,,,,
2015-08-28,30.74,31.0,30.4,30.61,136064,32.5,28.18,1.15,43.13,28.37,32.15,34.12,34.38,0,,,28.37,,0,,0,,,,,
2015-08-31,30.61,30.61,30.14,30.35,84028,32.46,28.18,1.1,41.37,28.23,32.0,33.99,34.12,0,,,28.23,,0,,0,,,,,
2015-09-01,30.18,30.66,29.49,30.09,134365,32.42,28.18,1.11,39.63,28.06,31.87,33.99,33.99,0,,,28.06,,0,,0,,,,,
2015-09-02,30.4,30.53,29.75,30.22,117231,32.38,28.18,1.08,40.97,28.16,31.74,33.78,33.99,0,,,28.16,,0,,0,,,,,
2015-09-03,30.22,30.7,30.05,30.4,94790,32.34,28.18,1.05,42.86,28.3,31.62,33.43,33.78,0,,,28.3,,0,,0,,,,,
2015-09-04,30.35,30.35,28.88,29.49,103919,32.3,28.18,1.09,36.5,27.69,31.5,33.21,33.43,0,,,27.69,,0,,0,,,,,
2015-09-07,29.62,29.92,29.09,29.35,76337,32.26,28.18,1.07,35.62,27.61,31.41,33.21,33.21,0,,,27.61,,0,,0,,,,,
2015-09-08,29.83,29.83,28.96,29.66,150592,32.23,28.18,1.05,39.11,27.82,31.32,32.95,33.21,0,,,27.82,,0,,0,,,,,
2015-09-09,30.18,30.35,29.62,29.92,73995,32.19,28.18,1.03,41.94,28.0,31.22,32.95,32.95,0,,,28.0,,0,,0,,,,,
2015-09-10,29.83,29.83,29.22,29.53,71429,32.16,28.18,1.01,39.01,27.77,31.1,32.95,32.95,0,,,27.77,,0,,0,,,,,
2015-09-11,29.75,30.48,29.57,29.88,138227,32.13,28.18,1.0,42.87,28.0,30.98,32.95,32.95,0,,,28.0,,0,,0,,,,,
2015-09-14,29.88,30.57,29.57,30.48,108456,32.1,28.18,1.0,48.86,28.38,30.87,32.95,32.95,0,,,28.38,,0,,0,,,,,
2015-09-15,30.35,30.57,29.66,30.57,59925,32.08,28.7,1.0,49.71,28.62,30.78,31.83,32.95,0,,,28.62,,0,,0,,,,,
2015-09-16,30.66,30.66,29.92,30.18,31025,32.06,28.88,0.98,46.13,28.44,30.67,31.39,31.83,0,,,28.44,,0,,0,,,,,
2015-09-18,30.48,30.57,29.53,30.09,512395,32.03,28.88,0.98,45.31,28.38,30.56,31.0,31.39,0,,,28.38,,0,,0,,,,,
2015-09-21,29.7,30.18,29.27,29.88,165457,32.0,28.88,0.98,43.4,28.25,30.46,31.0,31.0,0,,,28.25,,0,,0,,,,,
2015-09-22,30.05,30.31,29.49,29.53,162847,31.97,28.88,0.97,40.33,28.03,30.35,31.0,31.0,0,,,28.03,,0,,0,,,,,
2015-09-23,29.27,29.92,28.96,29.57,148633,31.94,28.88,0.97,40.85,28.06,30.26,31.0,31.0,0,,,28.06,,0,,0,,,,,
2015-09-24,29.66,29.88,29.35,29.66,84464,31.91,28.88,0.93,42.06,28.13,30.2,31.0,31.0,0,,,28.13,,0,,0,,,,,
2015-09-28,29.66,29.96,29.49,29.53,113399,31.88,28.88,0.9,40.76,28.07,30.17,31.0,31.0,0,,,28.07,,0,,0,,,,,
2015-09-29,29.53,29.75,28.62,29.35,207083,31.84,28.62,0.92,38.97,27.86,30.12,30.7,31.0,0,,,27.86,,0,,0,,,,,
2015-09-30,29.44,29.79,29.35,29.49,78391,31.81,28.62,0.88,41.13,27.97,30.04,30.7,30.7,0,,,27.97,,0,,0,,,,,
2015-10-01,29.66,29.66,29.27,29.35,67313,31.79,28.62,0.85,39.62,27.91,29.96,30.7,30.7,0,,,27.91,,0,,0,,,,,
2015-10-05,29.31,30.18,29.31,29.57,140916,31.76,28.62,0.85,43.16,28.05,29.9,30.7,30.7,0,,,28.05,,0,,0,,,,,
2015-10-06,29.75,29.83,29.57,29.75,82533,31.73,28.62,0.81,45.96,28.19,29.86,30.66,30.7,0,,,28.19,,0,,0,,,,,
2015-10-07,29.92,30.14,29.53,29.96,98145,31.71,28.62,0.79,49.1,28.34,29.85,30.66,30.66,0,,,28.34,,0,,0,,,,,
2015-10-08,29.83,30.31,29.66,30.09,104464,31.68,28.62,0.78,51.0,28.43,29.87,30.66,30.66,0,,,28.43,,0,,0,,,,,
2015-10-09,30.18,30.48,30.09,30.18,72485,31.66,28.62,0.76,52.33,28.5,29.89,30.66,30.66,0,,,28.5,,0,,0,,,,,
2015-10-12,30.27,30.35,29.83,29.96,69899,31.63,28.62,0.74,48.85,28.37,29.9,30.66,30.66,0,,,28.37,,0,,0,,,,,
2015-10-13,30.14,30.14,29.75,29.92,25187,31.61,28.62,0.71,48.22,28.36,29.89,30.66,30.66,0,,,28.36,,0,,0,,,,,
2015-10-14,29.88,30.14,29.79,29.88,62628,31.59,28.62,0.69,47.56,28.35,29.86,30.66,30.66,0,,,28.35,,0,,0,,,,,
2015-10-15,29.96,30.53,29.92,30.05,115732,31.57,28.62,0.68,50.64,28.47,29.85,30.66,30.66,0,,,28.47,,0,,0,,,,,
2015-10-16,30.22,30.57,29.96,30.31,58823,31.56,28.62,0.68,55.01,28.64,29.86,30.66,30.66,0,,,28.64,,0,,0,,,,,
2015-10-19,30.35,30.35,29.79,30.01,47298,31.54,28.62,0.67,49.56,28.45,29.85,30.57,30.66,0,,,28.45,,0,,0,,,,,
2015-10-20,30.01,30.35,29.79,29.92,97192,31.52,28.62,0.66,48.03,28.4,29.84,30.57,30.57,0,,,28.4,,0,,0,,,,,
2015-10-21,29.83,30.18,29.7,29.79,56288,31.51,29.27,0.65,45.82,28.54,29.85,30.57,30.57,0,,,28.54,,0,,0,,,,,
2015-10-23,29.88,30.05,29.7,29.79,55602,31.5,29.27,0.63,45.82,28.55,29.86,30.57,30.57,0,,,28.55,,0,,0,,,,,
2015-10-26,29.92,30.01,29.31,29.4,79919,31.48,29.31,0.63,39.5,28.31,29.85,30.57,30.57,0,,,28.31,,0,,0,,,,,
2015-10-27,29.49,29.7,29.09,29.4,52065,31.47,29.09,0.63,39.5,28.24,29.84,30.57,30.57,0,,,28.24,,0,,0,,,,,
2015-10-28,29.4,29.57,29.09,29.14,74058,31.46,29.09,0.62,35.7,28.08,29.82,30.57,30.57,0,,,28.08,,0,,0,,,,,
2015-10-29,29.49,29.49,29.05,29.14,48527,31.46,29.05,0.61,35.7,28.07,29.8,30.57,30.57,0,,,28.07,,0,,0,,,,,
2015-10-30,29.27,29.49,28.96,29.09,77417,31.45,28.96,0.6,34.95,28.01,29.75,30.57,30.57,0,,,28.01,,0,,0,,,,,
2015-11-02,29.27,29.31,28.53,28.7,173863,31.45,28.53,0.62,29.7,27.61,29.69,30.57,30.57,0,,,27.61,,0,,0,,,,,
2015-11-03,28.7,29.22,28.62,28.66,54276,31.44,28.53,0.61,29.21,27.59,29.64,30.57,30.57,0,,,27.59,,0,,0,,,,,
2015-11-04,28.92,29.05,28.83,28.96,108501,31.43,28.53,0.6,37.46,27.79,29.6,30.57,30.57,0,,,27.79,,0,,0,,,,,
2015-11-05,28.79,28.88,26.67,28.18,242831,31.41,26.67,0.72,28.25,26.59,29.54,30.57,30.57,0,,,26.59,,0,,0,,,,,
2015-11-06,28.49,28.49,27.75,27.84,85582,31.39,26.67,0.72,25.32,26.37,29.49,30.57,30.57,0,,,26.37,,0,,0,,,,,
2015-11-09,27.75,28.18,27.32,28.1,81664,31.36,26.67,0.73,31.19,26.53,29.44,30.57,30.57,0,,,26.53,,0,,0,,,,,
2015-11-10,28.01,28.27,27.75,27.88,34274,31.33,26.67,0.72,29.11,26.4,29.38,30.57,30.57,0,,,26.4,,0,,0,,,,,
2015-11-13,28.44,28.44,27.75,27.97,19562,31.31,26.67,0.71,31.13,26.45,29.33,30.57,30.57,0,,,26.45,,0,,0,,,,,
2015-11-16,27.92,28.14,27.84,28.01,36074,31.27,26.67,0.68,32.06,26.5,29.28,30.57,30.57,0,,,26.5,,0,,0,,,,,
2015-11-17,28.1,28.18,27.75,27.84,71094,31.23,26.67,0.67,30.2,26.4,29.23,30.57,30.57,0,,,26.4,,0,,0,,,,,
2015-11-18,27.84,28.1,27.4,27.49,63288,31.19,26.67,0.67,26.75,26.18,29.17,30.35,30.57,0,,,26.18,,0,,0,,,,,
2015-11-19,27.62,28.01,27.62,27.84,28698,31.15,26.67,0.66,34.77,26.41,29.11,30.35,30.35,0,,,26.41,,0,,0,,,,,
2015-11-20,27.97,28.05,27.62,27.75,29630,31.11,26.67,0.64,33.75,26.36,29.04,30.18,30.35,0,,,26.36,,0,,0,,,,,
2015-11-23,27.84,28.01,27.71,27.84,21365,31.06,26.67,0.62,35.78,26.44,28.97,30.05,30.18,0,,,26.44,,0,,0,,,,,
2015-11-24,27.92,27.97,27.66,27.71,29264,31.03,26.67,0.6,34.15,26.37,28.89,30.01,30.05,0,,,26.37,,0,,0,,,,,
2015-11-26,27.71,27.97,27.58,27.66,59277,31.0,26.67,0.58,33.52,26.34,28.81,29.7,30.01,0,,,26.34,,0,,0,,,,,
2015-11-27,27.75,28.18,27.71,27.92,77086,30.97,26.67,0.58,39.77,26.51,28.74,29.57,29.7,0,,,26.51,,0,,0,,,,,
2015-11-30,28.18,28.62,27.97,28.44,184772,30.95,26.67,0.59,49.92,26.84,28.69,29.49,29.57,0,,,26.84,,0,,0,,,,,
2015-12-01,28.31,29.83,28.01,29.01,196730,30.93,27.32,0.67,58.23,27.37,28.66,29.83,29.49,0,,,27.37,,0,,0,,,,,
2015-12-02,29.01,29.62,28.44,29.44,145443,30.91,27.32,0.71,63.19,27.62,28.64,29.83,29.83,0,,,27.62,,0,,0,,,,,
2015-12-03,30.05,30.18,29.14,29.31,348169,30.9,27.4,0.73,60.84,27.55,28.61,30.18,29.83,0,,,27.55,,0,,0,,,,,
2015-12-04,29.22,29.22,28.62,28.75,43937,30.88,27.4,0.73,51.88,27.19,28.57,30.18,30.18,0,,,27.19,,0,,0,,,,,
2015-12-07,28.75,29.83,27.88,28.1,97691,30.85,27.4,0.82,43.81,26.71,28.5,30.18,30.18,0,,,26.71,,0,,0,,,,,
2015-12-08,27.79,28.18,27.75,27.79,43910,30.83,27.4,0.79,40.57,26.53,28.44,30.18,30.18,0,,,26.53,,0,,0,,,,,
2015-12-09,27.88,27.88,27.4,27.53,31213,30.8,27.4,0.77,38.03,26.38,28.36,30.18,30.18,0,,,26.38,,0,,0,,,,,
2015-12-10,28.36,28.36,27.27,27.88,149019,30.77,27.27,0.79,43.19,26.55,28.31,30.18,30.18,0,,,26.55,,0,,0,,,,,
2015-12-11,27.92,28.18,27.14,27.36,87883,30.75,27.14,0.81,38.11,26.16,28.24,30.18,30.18,0,,,26.16,,0,,0,,,,,
2015-12-14,27.32,27.45,26.93,27.27,49852,30.73,26.93,0.79,37.3,26.04,28.18,30.18,30.18,0,,,26.04,,0,,0,,,,,
2015-12-15,27.32,27.53,26.93,27.32,47946,30.71,26.93,0.77,38.09,26.08,28.12,30.18,30.18,0,,,26.08,,0,,0,,,,,
2015-12-16,27.58,27.75,27.32,27.36,48843,30.68,26.93,0.75,38.76,26.12,28.06,30.18,30.18,0,,,26.12,,0,,0,,,,,
2015-12-17,27.45,28.1,27.45,27.66,51854,30.65,26.93,0.75,43.67,26.32,28.03,30.18,30.18,0,,,26.32,,0,,0,,,,,
2015-12-18,27.66,28.14,27.45,27.71,77117,30.63,26.93,0.74,44.47,26.35,28.0,30.18,30.18,0,,,26.35,,0,,0,,,,,
2015-12-21,27.36,27.75,27.36,27.66,38404,30.59,26.93,0.72,43.8,26.34,27.95,30.18,30.18,0,,,26.34,,0,,0,,,,,
2015-12-22,27.75,27.88,27.32,27.49,52944,30.54,26.93,0.71,41.51,26.24,27.93,30.18,30.18,0,,,26.24,,0,,0,,,,,
2015-12-23,27.58,27.79,27.32,27.53,34821,30.5,26.93,0.69,42.27,26.27,27.92,30.18,30.18,0,,,26.27,,0,,0,,,,,
2015-12-24,27.58,28.57,27.45,28.1,103678,30.46,26.93,0.72,51.91,26.62,27.92,30.18,30.18,0,,,26.62,,0,,0,,,,,
2015-12-28,28.62,29.05,27.92,28.23,312781,30.43,26.93,0.75,53.8,26.68,27.93,30.18,30.18,0,,,26.68,,0,,0,,,,,
2015-12-29,28.1,28.4,27.75,27.88,51326,30.4,26.93,0.74,48.29,26.46,27.93,30.18,30.18,0,,,26.46,,0,,0,,,,,
2015-12-30,27.84,28.1,27.49,27.71,46319,30.36,26.93,0.73,45.83,26.36,27.92,30.18,30.18,0,,,26.36,,0,,0,,,,,
2015-12-31,27.71,27.75,27.32,27.49,66498,30.33,26.93,0.71,42.8,26.23,27.91,30.18,30.18,0,,,26.23,,0,,0,,,,,
2016-01-01,27.53,28.05,27.4,27.97,59597,30.3,26.93,0.71,50.5,26.55,27.92,29.83,30.18,0,,,26.55,,0,,0,,,,,
2016-01-04,27.97,28.14,27.45,27.49,68117,30.26,26.93,0.71,44.1,26.24,27.91,29.83,29.83,0,,,26.24,,0,,0,,,,,
2016-01-05,27.71,27.97,27.53,27.79,47338,30.23,26.93,0.69,48.49,26.44,27.91,29.05,29.83,0,,,26.44,,0,,0,,,,,
2016-01-06,27.79,27.92,27.58,27.62,28269,30.19,27.32,0.67,46.28,26.48,27.91,29.05,29.05,0,,,26.48,,0,,0,,,,,
2016-01-07,27.53,27.75,26.97,27.01,77835,30.15,26.97,0.67,39.33,25.96,27.88,29.05,29.05,0,,,25.96,,0,,0,,,,,
2016-01-08,27.27,27.49,27.06,27.27,63296,30.12,26.97,0.66,43.24,26.14,27.87,29.05,29.05,0,,,26.14,,0,,0,,,,,
2016-01-11,27.19,27.27,26.97,27.19,44490,30.09,26.97,0.63,42.33,26.1,27.85,29.05,29.05,0,,,26.1,,0,,0,,,,,
2016-01-12,27.32,27.36,26.54,26.67,67010,30.07,26.54,0.65,36.93,25.62,27.79,29.05,29.05,0,,,25.62,,0,,0,,,,,
2016-01-13,26.93,27.1,26.1,26.19,105969,30.04,26.1,0.67,32.76,25.14,27.69,29.05,29.05,0,,,25.14,,0,,0,,,,,
2016-01-14,26.02,26.41,25.76,26.1,74683,30.01,25.76,0.67,32.04,24.97,27.58,29.05,29.05,0,,,24.97,,0,,0,,,,,
2016-01-15,26.32,26.32,25.37,25.58,59547,29.98,25.37,0.69,28.14,24.5,27.46,29.05,29.05,0,,,24.5,,0,,0,,,,,
2016-01-18,25.97,25.97,24.5,24.89,99946,29.94,24.5,0.75,23.97,23.72,27.33,29.05,29.05,0,,,23.72,,0,,0,,,,,
2016-01-19,25.06,25.19,24.72,25.06,48856,29.91,24.5,0.73,26.85,23.85,27.23,29.05,29.05,0,,,23.85,,0,,0,,,,,
2016-01-20,25.06,25.06,24.28,24.46,74510,29.87,24.28,0.73,23.48,23.38,27.12,29.05,29.05,0,,,23.38,,0,,0,,,,,
2016-01-21,25.02,25.15,24.37,24.54,73491,29.83,24.28,0.73,24.83,23.43,27.02,29.05,29.05,0,,,23.43,,0,,0,,,,,
2016-01-22,25.11,25.11,24.54,24.89,84425,29.8,24.28,0.72,30.62,23.67,26.92,29.05,29.05,0,,,23.67,,0,,0,,,,,
2016-01-25,25.58,25.58,24.98,25.37,29075,29.76,24.28,0.72,37.71,23.98,26.85,28.4,29.05,0,,,23.98,,0,,0,,,,,
2016-01-27,25.93,25.93,25.45,25.8,77724,29.72,24.28,0.71,43.3,24.26,26.8,28.14,28.4,0,,,24.26,,0,,0,,,,,
2016-01-28,26.06,26.36,25.67,25.97,35054,29.68,24.28,0.71,45.38,24.37,26.76,28.14,28.14,0,,,24.37,,0,,0,,,,,
2016-01-29,26.15,26.15,25.37,25.76,32847,29.64,24.28,0.71,43.27,24.23,26.7,28.14,28.14,0,,,24.23,,0,,0,,,,,
2016-02-01,26.02,26.02,25.54,25.71,27205,29.6,24.28,0.7,42.76,24.21,26.64,28.14,28.14,0,,,24.21,,0,,0,,,,,
2016-02-02,25.97,26.28,25.5,25.71,45263,29.56,24.28,0.7,42.76,24.21,26.57,27.97,28.14,0,,,24.21,,0,,0,,,,,
2016-02-03,25.45,25.45,24.63,24.93,44067,29.51,24.28,0.73,35.22,23.69,26.48,27.92,27.97,0,,,23.69,,0,,0,,,,,
2016-02-04,25.06,25.19,24.5,24.72,41468,29.47,24.28,0.73,33.51,23.55,26.39,27.75,27.92,0,,,23.55,,0,,0,,,,,
2016-02-05,24.63,26.28,24.5,25.89,120718,29.44,24.28,0.8,48.52,24.26,26.33,27.49,27.75,0,,,24.26,,0,,0,,,,,
2016-02-08,26.02,26.49,25.76,25.89,73166,29.4,24.28,0.8,48.52,24.26,26.26,27.36,27.49,0,,,24.26,,0,,0,,,,,
2016-02-09,25.5,25.8,25.28,25.58,49012,29.35,24.28,0.78,45.37,24.07,26.17,27.36,27.36,0,,,24.07,,0,,0,,,,,
2016-02-10,25.19,29.01,24.28,27.66,3348323,29.31,24.28,1.06,62.81,25.22,26.16,29.01,27.36,0,,,25.22,,0,,0,,,,,
2016-02-11,27.32,27.32,25.15,25.45,573858,29.26,24.28,1.17,46.01,23.73,26.09,29.01,29.01,0,,,23.73,,0,,0,,,,,
2016-02-12,25.97,25.97,22.59,24.46,351372,29.2,22.59,1.33,40.75,22.42,25.99,29.01,29.01,0,,,22.42,,0,,0,,,,,
2016-02-15,24.72,26.49,24.54,25.97,242870,29.15,22.59,1.38,50.11,23.36,25.92,29.01,29.01,0,,,23.36,,0,,0,,,,,
2016-02-16,26.28,27.1,24.72,25.11,120530,29.1,22.59,1.45,45.69,22.76,25.84,29.01,29.01,0,,,22.76,,0,,0,,,,,
2016-02-17,25.54,25.54,24.15,25.15,140947,29.06,22.59,1.44,45.92,22.79,25.75,29.01,29.01,0,,,22.79,,0,,0,,,,,
2016-02-18,25.76,25.76,24.33,24.76,101687,29.0,22.59,1.44,43.89,22.54,25.66,29.01,29.01,0,,,22.54,,0,,0,,,,,
2016-02-19,24.5,25.06,24.46,24.93,70461,28.95,22.59,1.38,45.03,22.69,25.59,29.01,29.01,0,,,22.69,,0,,0,,,,,
2016-02-22,24.93,25.5,24.76,25.32,87543,28.9,22.59,1.34,47.66,22.97,25.52,29.01,29.01,0,,,22.97,,0,,0,,,,,
2016-02-23,25.54,25.54,24.76,24.89,83794,28.85,22.59,1.3,45.1,22.72,25.45,29.01,29.01,0,,,22.72,,0,,0,,,,,
2016-02-24,24.89,25.15,24.37,24.93,40021,28.8,22.59,1.26,45.4,22.77,25.39,29.01,29.01,0,,,22.77,,0,,0,,,,,
2016-02-25,24.93,25.28,24.63,24.89,67188,28.74,22.59,1.22,45.14,22.77,25.35,29.01,29.01,0,,,22.77,,0,,0,,,,,
2016-02-26,24.76,25.32,24.46,24.59,70827,28.67,22.59,1.19,43.14,22.6,25.3,29.01,29.01,0,,,22.6,,0,,0,,,,,
2016-02-29,24.85,25.45,24.63,24.89,173886,28.61,22.59,1.17,45.73,22.81,25.27,29.01,29.01,0,,,22.81,,0,,0,,,,,
2016-03-01,25.32,25.58,24.93,25.11,120953,28.55,22.59,1.13,47.61,22.97,25.28,29.01,29.01,0,,,22.97,,0,,0,,,,,
2016-03-02,25.58,26.75,25.58,26.15,440928,28.5,22.59,1.17,55.47,23.62,25.32,29.01,29.01,0,,,23.62,,0,,0,,,,,
2016-03-03,26.49,26.49,25.37,25.71,284005,28.45,22.59,1.17,51.92,23.34,25.36,29.01,29.01,0,,,23.34,,0,,0,,,,,
2016-03-04,25.54,26.41,25.41,25.93,328900,28.41,24.15,1.15,53.52,24.01,25.4,29.01,29.01,0,,,24.01,,0,,0,,,,,
2016-03-08,26.28,26.28,25.58,25.67,248650,28.37,24.15,1.12,51.35,23.86,25.43,29.01,29.01,0,,,23.86,,0,,0,,,,,
2016-03-09,25.67,25.67,25.32,25.41,123302,28.32,24.15,1.07,49.19,23.73,25.43,29.01,29.01,0,,,23.73,,0,,0,,,,,
2016-03-10,25.89,25.89,25.24,25.37,55526,28.26,24.33,1.04,48.85,23.78,25.42,27.32,29.01,0,,,23.78,,0,,0,,,,,
2016-03-11,25.58,25.58,24.98,25.02,63985,28.21,24.37,1.01,45.87,23.59,25.39,27.1,27.32,0,,,23.59,,0,,0,,,,,
2016-03-14,25.67,25.76,24.76,25.15,62512,28.15,24.37,1.01,47.16,23.67,25.36,27.1,27.1,0,,,23.67,,0,,0,,,,,
2016-03-15,25.41,25.54,25.06,25.28,68903,28.1,24.37,0.97,48.48,23.78,25.35,27.1,27.1,0,,,23.78,,0,,0,,,,,
2016-03-16,25.54,25.54,24.8,25.02,93215,28.04,24.37,0.95,46.0,23.63,25.33,26.75,27.1,0,,,23.63,,0,,0,,,,,
2016-03-17,25.5,25.5,25.02,25.19,78683,27.99,24.46,0.92,47.88,23.79,25.34,26.75,26.75,0,,,23.79,,0,,0,,,,,
2016-03-18,25.11,25.32,24.93,25.06,55856,27.93,24.46,0.88,46.54,23.73,25.35,26.75,26.75,0,,,23.73,,0,,0,,,,,
2016-03-21,25.5,25.67,25.19,25.45,120730,27.88,24.63,0.86,50.96,24.05,25.33,26.75,26.75,0,,,24.05,,0,,0,,,,,
2016-03-22,25.58,25.8,25.15,25.24,63479,27.84,24.76,0.85,48.63,23.97,25.31,26.75,26.75,0,,,23.97,,0,,0,,,,,
2016-03-23,25.5,25.5,25.06,25.28,73877,27.8,24.76,0.82,49.11,24.01,25.3,26.75,26.75,0,,,24.01,,0,,0,,,,,
2016-03-28,25.15,25.58,24.8,24.93,74258,27.76,24.76,0.81,45.16,23.79,25.21,26.75,26.75,0,,,23.79,,0,,0,,,,,
2016-03-29,24.85,25.15,24.72,24.76,74980,27.72,24.72,0.79,43.33,23.69,25.19,26.75,26.75,0,,,23.69,,0,,0,,,,,
2016-03-30,24.85,25.28,24.85,25.06,69105,27.67,24.72,0.77,47.37,23.89,25.21,26.75,26.75,0,,,23.89,,0,,0,,,,,
2016-03-31,25.37,25.37,24.98,25.11,67076,27.63,24.72,0.74,48.04,23.94,25.18,26.75,26.75,0,,,23.94,,0,,0,,,,,
2016-04-01,25.24,25.84,25.11,25.71,114511,27.59,24.72,0.74,55.33,24.33,25.2,26.75,26.75,0,,,24.33,,0,,0,,,,,
2016-04-04,25.76,26.1,25.71,26.02,108691,27.56,24.72,0.71,58.56,24.55,25.23,26.49,26.75,0,,,24.55,,0,,0,,,,,
2016-04-05,25.5,26.67,25.5,25.8,161740,27.53,24.72,0.75,55.49,24.38,25.26,26.67,26.49,0,,,24.38,,0,,0,,,,,
2016-04-06,25.8,25.89,25.37,25.5,40600,27.5,24.72,0.73,51.52,24.2,25.28,26.67,26.67,0,,,24.2,,0,,0,,,,,
2016-04-07,25.89,25.89,25.37,25.45,45872,27.48,24.72,0.72,50.87,24.18,25.29,26.67,26.67,0,,,24.18,,0,,0,,,,,
2016-04-08,25.45,25.58,25.24,25.32,65714,27.45,24.72,0.69,49.13,24.11,25.3,26.67,26.67,0,,,24.11,,0,,0,,,,,
2016-04-11,25.63,25.97,25.24,25.67,59584,27.42,24.72,0.69,53.73,24.34,25.32,26.67,26.67,0,,,24.34,,0,,0,,,,,
2016-04-12,25.93,25.93,25.5,25.63,40475,27.38,24.72,0.67,53.13,24.32,25.35,26.67,26.67,0,,,24.32,,0,,0,,,,,
2016-04-13,25.8,25.84,25.28,25.5,145588,27.35,24.72,0.67,51.16,24.24,25.38,26.67,26.67,0,,,24.24,,0,,0,,,,,
2016-04-18,25.41,25.89,25.32,25.37,59539,27.32,24.72,0.66,49.2,24.16,25.4,26.67,26.67,0,,,24.16,,0,,0,,,,,
2016-04-20,25.24,25.67,25.24,25.54,70646,27.29,24.72,0.64,51.81,24.29,25.41,26.67,26.67,0,,,24.29,,0,,0,,,,,
2016-04-21,25.45,26.28,25.45,26.02,153362,27.26,24.72,0.66,58.31,24.59,25.41,26.67,26.67,0,,,24.59,,0,,0,,,,,
2016-04-22,26.02,26.75,25.28,26.45,167630,27.24,24.85,0.71,63.11,24.87,25.43,26.75,26.67,0,,,24.87,,0,,0,,,,,
2016-04-25,26.8,26.8,26.1,26.23,121494,27.22,24.98,0.71,59.35,24.77,25.44,26.8,26.75,0,,,24.77,,0,,0,,,,,
2016-04-26,26.23,26.45,26.02,26.23,97943,27.19,25.11,0.69,59.35,24.83,25.46,26.8,26.8,0,,,24.83,,0,,0,,,,,
2016-04-27,26.45,26.45,26.02,26.1,44327,27.17,25.24,0.67,57.01,24.8,25.48,26.8,26.8,0,,,24.8,,0,,0,,,,,
2016-04-28,26.15,26.23,25.89,26.02,55560,27.15,25.24,0.65,55.57,24.76,25.5,26.8,26.8,0,,,24.76,,0,,0,,,,,
2016-04-29,26.06,26.1,25.41,25.67,74269,27.12,25.24,0.65,49.63,24.54,25.53,26.8,26.8,0,,,24.54,,0,,0,,,,,
2016-05-02,25.67,25.67,25.32,25.45,34832,27.08,25.24,0.63,46.29,24.41,25.54,26.8,26.8,0,,,24.41,,0,,0,,,,,
2016-05-03,25.67,25.71,25.32,25.41,38763,27.05,25.24,0.61,45.68,24.39,25.54,26.8,26.8,0,,,24.39,,0,,0,,,,,
2016-05-04,25.28,25.63,25.19,25.24,60898,27.02,25.19,0.6,43.11,24.28,25.55,26.8,26.8,0,,,24.28,,0,,0,,,,,
2016-05-05,25.41,25.58,24.89,25.11,80726,26.98,24.89,0.61,41.2,24.09,25.54,26.8,26.8,0,,,24.09,,0,,0,,,,,
2016-05-06,25.15,25.89,25.11,25.76,112258,26.96,24.89,0.62,52.53,24.5,25.57,26.8,26.8,0,,,24.5,,0,,0,,,,,
2016-05-09,25.93,25.97,25.63,25.84,32209,26.93,24.89,0.6,53.71,24.56,25.58,26.8,26.8,0,,,24.56,,0,,0,,,,,
2016-05-10,25.84,27.1,25.84,26.23,181868,26.91,24.89,0.65,59.06,24.78,25.61,27.1,26.8,0,,,24.78,,0,,0,,,,,
2016-05-11,25.97,26.45,25.5,25.76,118408,26.88,24.89,0.67,51.35,24.47,25.63,27.1,27.1,0,,,24.47,,0,,0,,,,,
2016-05-12,25.89,26.41,25.45,25.76,238537,26.86,24.89,0.69,51.35,24.45,25.66,27.1,27.1,0,,,24.45,,0,,0,,,,,
2016-05-13,25.19,25.54,24.98,25.15,170351,26.83,24.89,0.7,42.93,24.05,25.67,27.1,27.1,0,,,24.05,,0,,0,,,,,
2016-05-16,25.41,25.41,24.72,24.8,91783,26.8,24.72,0.7,38.97,23.77,25.66,27.1,27.1,0,,,23.77,,0,,0,,,,,
2016-05-17,24.85,25.02,24.72,24.8,72087,26.77,24.72,0.67,38.97,23.79,25.65,27.1,27.1,0,,,23.79,,0,,0,,,,,
2016-05-18,24.8,24.89,24.54,24.72,54966,26.74,24.54,0.64,38.05,23.69,25.62,27.1,27.1,0,,,23.69,,0,,0,,,,,
2016-05-19,24.63,24.72,24.11,24.33,99577,26.7,24.11,0.64,33.82,23.3,25.56,27.1,27.1,0,,,23.3,,0,,0,,,,,
2016-05-20,24.41,24.5,24.24,24.28,30156,26.66,24.11,0.61,33.31,23.29,25.51,27.1,27.1,0,,,23.29,,0,,0,,,,,
2016-05-23,24.28,24.5,23.98,24.07,49554,26.62,23.98,0.61,31.17,23.11,25.46,27.1,27.1,0,,,23.11,,0,,0,,,,,
2016-05-24,24.02,24.2,23.76,23.85,49730,26.58,23.76,0.6,29.07,22.91,25.41,27.1,27.1,0,,,22.91,,0,,0,,,,,
2016-05-25,23.89,24.2,23.76,23.93,53569,26.54,23.76,0.59,30.9,22.96,25.36,27.1,27.1,0,,,22.96,,0,,0,,,,,
2016-05-26,23.85,24.15,23.85,23.98,36277,26.5,23.76,0.56,32.07,23.01,25.31,27.1,27.1,0,,,23.01,,0,,0,,,,,
2016-05-27,24.24,24.46,23.98,24.2,77540,26.46,23.76,0.56,37.14,23.16,25.26,27.1,27.1,0,,,23.16,,0,,0,,,,,
2016-05-30,24.67,24.67,24.28,24.37,34116,26.42,23.76,0.55,40.81,23.27,25.22,27.1,27.1,0,,,23.27,,0,,0,,,,,
2016-05-31,24.33,24.54,24.2,24.41,64268,26.38,23.76,0.54,41.67,23.31,25.19,27.1,27.1,0,,,23.31,,0,,0,,,,,
2016-06-01,24.72,24.72,23.93,24.15,73659,26.35,23.76,0.56,37.81,23.13,25.14,27.1,27.1,0,,,23.13,,0,,0,,,,,
2016-06-02,24.2,25.15,23.76,24.76,229395,26.31,23.76,0.61,49.61,23.48,25.1,27.1,27.1,0,,,23.48,,0,,0,,,,,
2016-06-03,24.76,25.06,24.41,24.59,67276,26.28,23.76,0.62,46.93,23.37,25.04,27.1,27.1,0,,,23.37,,0,,0,,,,,
2016-06-06,24.59,24.93,24.5,24.63,39616,26.24,23.76,0.6,47.65,23.4,24.99,27.1,27.1,0,,,23.4,,0,,0,,,,,
2016-06-07,24.93,24.98,24.54,24.76,61362,26.21,23.76,0.59,50.0,23.5,24.94,26.45,27.1,0,,,23.5,,0,,0,,,,,
2016-06-08,24.76,24.98,24.46,24.85,58007,26.18,23.76,0.59,51.63,23.56,24.9,26.41,26.45,0,,,23.56,,0,,0,,,,,
2016-06-09,24.98,25.89,24.89,25.54,175737,26.16,23.76,0.62,61.85,23.98,24.88,25.89,26.41,0,,,23.98,,0,,0,,,,,
2016-06-10,25.54,25.8,25.15,25.28,98439,26.13,23.76,0.62,56.97,23.81,24.87,25.89,25.89,0,,,23.81,,0,,0,,,,,
2016-06-13,25.11,25.19,24.54,25.06,59498,26.1,23.76,0.63,53.14,23.66,24.85,25.89,25.89,0,,,23.66,,0,,0,,,,,
2016-06-14,25.45,25.45,25.15,25.32,75681,26.08,23.76,0.61,56.83,23.84,24.85,25.89,25.89,0,,,23.84,,0,,0,,,,,
2016-06-15,25.54,25.93,25.45,25.8,125354,26.06,23.76,0.61,62.67,24.15,24.87,25.93,25.89,0,,,24.15,,0,,0,,,,,
2016-06-16,26.36,27.01,25.8,26.62,486709,26.05,23.76,0.66,70.12,24.65,24.92,27.01,25.93,1,26.62,24.65,24.65,24.65,1,2016-06-16,0,,,25,,
2016-06-17,27.06,29.22,26.71,28.79,1297107,26.05,23.76,0.79,80.94,25.96,25.02,29.22,27.01,0,,,25.96,25.96,1,2016-06-16,0,,,25,,
2016-06-20,28.23,29.83,28.1,29.22,764891,26.06,23.76,0.86,82.31,26.19,25.13,29.83,29.22,0,,,26.19,26.19,1,2016-06-16,0,,,25,,
2016-06-21,29.44,29.49,28.44,28.66,224776,26.06,23.76,0.87,74.78,25.82,25.21,29.83,29.83,0,,,25.82,26.19,1,2016-06-16,0,,,25,,
2016-06-22,28.7,30.27,28.18,28.96,688156,26.07,23.76,0.96,76.05,25.96,25.32,30.27,29.83,0,,,25.96,26.19,1,2016-06-16,0,,,25,,
2016-06-23,29.27,29.31,28.44,28.62,192332,26.08,24.41,0.95,71.66,25.96,25.42,30.27,30.27,0,,,25.96,26.19,1,2016-06-16,0,,,25,,
2016-06-24,27.71,28.14,26.71,27.58,345834,26.07,24.46,1.02,60.23,25.26,25.5,30.27,30.27,0,,,25.26,26.19,1,2016-06-16,0,,,25,,
2016-06-27,27.75,29.01,27.58,28.49,265963,26.08,24.46,1.05,65.43,25.83,25.62,30.27,30.27,0,,,25.83,26.19,1,2016-06-16,0,,,25,,
2016-06-28,28.49,29.05,28.27,28.83,197253,26.09,24.46,1.03,67.15,26.06,25.76,30.27,30.27,0,,,26.06,26.19,1,2016-06-16,0,,,25,,
2016-06-29,28.92,29.35,28.44,28.66,146462,26.09,24.54,1.02,65.39,25.98,25.89,30.27,30.27,0,,,25.98,26.19,1,2016-06-16,0,,,25,,
2016-06-30,29.09,29.09,28.27,28.31,160756,26.1,24.54,1.01,61.8,25.77,26.02,30.27,30.27,0,,,25.77,26.19,1,2016-06-16,0,,,25,,
2016-07-01,28.27,29.05,28.27,28.66,222297,26.1,24.54,0.99,63.94,26.0,26.17,30.27,30.27,0,,,26.0,26.19,1,2016-06-16,0,,,25,,
2016-07-04,28.44,29.92,28.44,29.4,552909,26.11,25.15,1.03,68.0,26.66,26.34,30.27,30.27,0,,,26.66,26.66,1,2016-06-16,0,,,25,,
2016-07-05,29.09,30.35,29.09,29.83,688018,26.13,25.45,1.04,70.11,27.03,26.54,30.35,30.27,0,,,27.03,27.03,1,2016-06-16,0,,,25,,
2016-07-07,29.75,32.43,29.53,30.27,926328,26.14,25.8,1.18,72.14,27.34,26.75,32.43,30.35,0,,,27.34,27.34,1,2016-06-16,0,,,25,,
2016-07-08,30.35,30.74,29.53,29.66,220588,26.15,26.71,1.18,65.51,27.25,26.94,32.43,32.43,0,,,27.25,27.34,1,2016-06-16,0,,,25,,
2016-07-11,30.05,30.53,29.75,30.22,272411,26.16,26.71,1.16,68.38,27.62,27.14,32.43,32.43,0,,,27.62,27.62,1,2016-06-16,0,,,25,,
2016-07-12,30.22,30.53,29.7,29.96,287104,26.16,26.71,1.13,65.65,27.47,27.33,32.43,32.43,0,,,27.47,27.62,1,2016-06-16,0,,,25,,
2016-07-13,30.09,30.09,29.22,29.31,172374,26.16,26.71,1.11,59.28,27.06,27.49,32.43,32.43,0,,,27.06,27.62,1,2016-06-16,0,,,25,,
2016-07-14,29.44,30.66,29.14,29.92,441378,26.17,26.71,1.14,62.92,27.44,27.69,32.43,32.43,0,,,27.44,27.62,1,2016-06-16,0,,,25,,
2016-07-15,29.92,31.0,29.53,29.79,445114,26.18,26.71,1.17,61.65,27.34,27.85,32.43,32.43,0,,,27.34,27.62,1,2016-06-16,0,,,25,,
2016-07-18,30.27,30.27,29.05,29.22,186192,26.19,27.58,1.17,56.31,27.26,28.01,32.43,32.43,0,,,27.26,27.62,1,2016-06-16,0,,,25,,
2016-07-19,29.75,30.05,28.88,29.18,222441,26.2,28.27,1.17,55.94,27.46,28.16,32.43,32.43,0,,,27.46,27.62,1,2016-06-16,0,,,25,,
2016-07-20,29.22,29.96,29.05,29.31,169457,26.21,28.27,1.15,56.92,27.56,28.31,32.43,32.43,0,,,27.56,27.62,1,2016-06-16,0,,,25,,
2016-07-21,29.7,29.7,28.62,28.7,117521,26.22,28.27,1.15,51.16,27.17,28.44,32.43,32.43,0,,,27.17,27.62,1,2016-06-16,0,,,25,,
2016-07-22,28.7,29.01,28.49,28.62,97808,26.23,28.27,1.1,50.44,27.15,28.54,32.43,32.43,0,,,27.15,27.62,1,2016-06-16,0,,,25,,
2016-07-25,28.62,29.4,28.4,28.92,153821,26.24,28.4,1.1,53.11,27.39,28.66,32.43,32.43,0,,,27.39,27.62,1,2016-06-16,0,,,25,,
2016-07-26,29.05,29.44,28.66,28.7,103906,26.25,28.4,1.07,50.94,27.26,28.78,32.43,32.43,0,,,27.26,27.62,1,2016-06-16,0,,,25,,
2016-07-27,29.01,29.05,28.57,28.62,62367,26.25,28.4,1.03,50.14,27.24,28.89,32.43,32.43,0,,,27.24,27.62,1,2016-06-16,0,,,25,,
2016-07-28,28.83,28.92,28.36,28.44,101859,26.26,28.36,1.0,48.3,27.13,28.98,32.43,32.43,0,,,27.13,27.62,1,2016-06-16,0,,,25,,
2016-07-29,28.44,28.53,28.1,28.14,87240,26.26,28.1,0.96,45.32,26.88,29.03,32.43,32.43,0,,,26.88,27.62,1,2016-06-16,0,,,25,,
2016-08-01,28.53,28.53,27.84,27.92,88404,26.27,27.84,0.94,43.21,26.66,29.0,32.43,32.43,0,,,26.66,27.62,1,2016-06-16,0,,,25,,
2016-08-02,28.01,28.01,27.58,27.62,88935,26.27,27.58,0.9,40.45,26.41,28.95,32.43,32.43,0,,,26.41,27.62,1,2016-06-16,1,27.62,TRAILING_STOP,25,33,3.77
2016-08-03,27.66,27.71,27.19,27.4,72837,26.26,27.19,0.87,38.5,26.15,28.91,32.43,32.43,0,,,26.15,,0,,0,,,,,
2016-08-04,27.62,27.71,27.14,27.4,78196,26.26,27.14,0.85,38.5,26.15,28.86,31.0,32.43,0,,,26.15,,0,,0,,,,,
2016-08-05,27.66,27.75,27.45,27.66,103126,26.25,27.14,0.82,42.31,26.34,28.82,31.0,31.0,0,,,26.34,,0,,0,,,,,
2016-08-08,27.75,27.97,27.45,27.58,44253,26.25,27.14,0.79,41.46,26.31,28.82,31.0,31.0,0,,,26.31,,0,,0,,,,,
2016-08-09,27.71,27.75,27.4,27.49,76745,26.25,27.14,0.76,40.47,26.27,28.79,31.0,31.0,0,,,26.27,,0,,0,,,,,
2016-08-10,27.49,27.62,27.23,27.23,60510,26.25,27.14,0.74,37.69,26.12,28.74,31.0,31.0,0,,,26.12,,0,,0,,,,,
2016-08-11,27.27,27.27,26.8,26.93,96106,26.24,26.8,0.72,34.72,25.82,28.68,31.0,31.0,0,,,25.82,,0,,0,,,,,
2016-08-12,27.01,28.05,26.54,27.45,254702,26.24,26.54,0.77,43.09,26.04,28.65,30.27,31.0,0,,,26.04,,0,,0,,,,,
2016-08-16,26.62,27.14,26.15,26.84,176103,26.24,26.15,0.81,37.08,25.49,28.59,30.05,30.27,0,,,25.49,,0,,0,,,,,
2016-08-17,26.93,27.01,26.54,26.62,57642,26.23,26.15,0.79,35.18,25.36,28.5,29.96,30.05,0,,,25.36,,0,,0,,,,,
2016-08-18,27.01,27.49,26.62,27.19,113933,26.23,26.15,0.79,43.3,25.73,28.41,29.7,29.96,0,,,25.73,,0,,0,,,,,
2016-08-19,27.32,27.66,27.06,27.36,72527,26.24,26.15,0.78,45.49,25.84,28.31,29.44,29.7,0,,,25.84,,0,,0,,,,,
2016-08-22,27.36,27.62,27.14,27.23,55365,26.24,26.15,0.76,44.09,25.77,28.23,29.44,29.44,0,,,25.77,,0,,0,,,,,
2016-08-23,27.32,27.49,26.97,27.06,82011,26.25,26.15,0.74,42.25,25.68,28.13,29.44,29.44,0,,,25.68,,0,,0,,,,,
2016-08-24,27.32,27.4,26.93,27.01,40245,26.25,26.15,0.72,41.7,25.66,28.03,29.05,29.44,0,,,25.66,,0,,0,,,,,
2016-08-25,27.1,27.32,26.67,26.71,76043,26.26,26.15,0.72,38.46,25.47,27.94,28.92,29.05,0,,,25.47,,0,,0,,,,,
2016-08-26,26.88,27.19,26.45,26.49,48921,26.27,26.15,0.72,36.24,25.32,27.83,28.53,28.92,0,,,25.32,,0,,0,,,,,
2016-08-29,26.58,26.71,26.15,26.28,70200,26.28,26.15,0.71,34.21,25.2,27.71,28.53,28.53,0,,,25.2,,0,,0,,,,,
2016-08-30,26.28,26.88,26.23,26.75,82742,26.29,26.15,0.7,42.04,25.5,27.63,28.05,28.53,0,,,25.5,,0,,0,,,,,
2016-08-31,26.88,27.58,26.71,27.4,152164,26.31,26.15,0.71,50.77,25.91,27.57,28.05,28.05,0,,,25.91,,0,,0,,,,,
2016-09-01,27.4,27.53,26.67,26.93,61368,26.33,26.15,0.73,45.44,25.6,27.49,28.05,28.05,0,,,25.6,,0,,0,,,,,
2016-09-02,26.93,27.06,26.71,26.84,32761,26.34,26.15,0.7,44.48,25.56,27.43,28.05,28.05,0,,,25.56,,0,,0,,,,,
2016-09-06,27.14,27.49,26.88,27.01,68544,26.34,26.15,0.69,46.77,25.67,27.37,28.05,28.05,0,,,25.67,,0,,0,,,,,
2016-09-07,27.01,28.18,27.01,27.88,295228,26.36,26.15,0.73,56.64,26.21,27.34,28.18,28.05,0,,,26.21,,0,,0,,,,,
2016-09-08,27.88,29.66,27.88,28.57,484471,26.37,26.15,0.8,62.57,26.61,27.33,29.66,28.18,1,28.57,26.61,26.61,26.61,1,2016-09-08,0,,,26,,
2016-09-09,28.57,28.96,28.27,28.36,103389,26.39,26.15,0.8,59.89,26.48,27.33,29.66,29.66,0,,,26.48,26.61,1,2016-09-08,0,,,26,,
2016-09-12,27.06,28.1,27.06,27.32,114024,26.4,26.15,0.83,48.74,25.78,27.29,29.66,29.66,0,,,25.78,26.61,1,2016-09-08,0,,,26,,
2016-09-14,27.92,27.92,27.27,27.4,104717,26.42,26.15,0.82,49.52,25.84,27.26,29.66,29.66,0,,,25.84,26.61,1,2016-09-08,0,,,26,,
2016-09-15,27.32,27.97,27.32,27.53,78520,26.44,26.15,0.81,50.82,25.94,27.25,29.66,29.66,0,,,25.94,26.61,1,2016-09-08,0,,,26,,
2016-09-16,27.58,28.05,26.75,27.19,158420,26.45,26.15,0.84,47.37,25.69,27.24,29.66,29.66,0,,,25.69,26.61,1,2016-09-08,0,,,26,,
2016-09-19,27.66,27.66,26.97,27.01,53259,26.45,26.15,0.83,45.6,25.58,27.22,29.66,29.66,0,,,25.58,26.61,1,2016-09-08,0,,,26,,
2016-09-20,26.93,27.19,26.8,26.93,64514,26.46,26.15,0.8,44.8,25.55,27.21,29.66,29.66,0,,,25.55,26.61,1,2016-09-08,0,,,26,,
2016-09-21,26.93,27.19,26.84,26.97,32113,26.46,26.23,0.77,45.32,25.63,27.19,29.66,29.66,0,,,25.63,26.61,1,2016-09-08,0,,,26,,
2016-09-22,27.14,27.62,27.01,27.23,46793,26.47,26.67,0.76,48.68,25.95,27.17,29.66,29.66,0,,,25.95,26.61,1,2016-09-08,0,,,26,,
2016-09-23,27.23,27.49,26.88,26.97,63922,26.49,26.67,0.75,45.66,25.79,27.16,29.66,29.66,0,,,25.79,26.61,1,2016-09-08,0,,,26,,
2016-09-26,27.14,27.19,26.71,26.8,62426,26.49,26.71,0.73,43.74,25.7,27.14,29.66,29.66,0,,,25.7,26.61,1,2016-09-08,0,,,26,,
2016-09-27,26.88,27.32,26.62,26.75,110569,26.5,26.62,0.73,43.17,25.64,27.14,29.66,29.66,0,,,25.64,26.61,1,2016-09-08,0,,,26,,
2016-09-28,26.8,27.32,26.8,26.93,141681,26.52,26.62,0.72,45.92,25.77,27.12,29.66,29.66,0,,,25.77,26.61,1,2016-09-08,0,,,26,,
2016-09-29,27.32,27.32,25.84,26.06,162314,26.52,25.84,0.77,36.69,24.91,27.09,29.66,29.66,0,,,24.91,26.61,1,2016-09-08,1,26.61,TRAILING_STOP|SMA150_BREAK,26,15,-6.87
2016-09-30,26.02,26.41,25.84,26.15,79455,26.53,25.84,0.76,38.08,24.98,27.08,29.66,29.66,0,,,24.98,,0,,0,,,,,
2016-10-03,26.1,26.88,26.1,26.54,63716,26.54,25.84,0.76,43.82,25.23,27.06,29.66,29.66,0,,,25.23,,0,,0,,,,,
2016-10-04,27.49,27.49,26.45,27.06,158151,26.56,25.84,0.78,50.42,25.55,27.05,29.66,29.66,0,,,25.55,,0,,0,,,,,
2016-10-05,27.32,27.32,26.97,27.1,78134,26.57,25.84,0.75,50.9,25.59,27.04,29.66,29.66,0,,,25.59,,0,,0,,,,,
2016-10-06,27.32,27.32,26.62,26.71,65600,26.58,25.84,0.74,46.22,25.35,27.03,29.66,29.66,0,,,25.35,,0,,0,,,,,
2016-10-07,26.71,26.84,26.02,26.49,91189,26.59,25.84,0.75,43.77,25.2,27.01,28.96,29.66,0,,,25.2,,0,,0,,,,,
2016-10-10,26.97,27.06,26.54,26.75,54348,26.61,25.84,0.74,47.32,25.38,27.01,28.1,28.96,0,,,25.38,,0,,0,,,,,
2016-10-13,26.75,27.06,26.54,26.75,138115,26.62,25.84,0.72,47.32,25.39,27.02,28.05,28.1,0,,,25.39,,0,,0,,,,,
2016-10-14,26.88,26.97,26.36,26.45,58079,26.62,25.84,0.71,43.64,25.2,27.03,28.05,28.05,0,,,25.2,,0,,0,,,,,
2016-10-17,26.88,26.88,25.84,25.97,135166,26.62,25.84,0.74,38.48,24.87,27.0,28.05,28.05,0,,,24.87,,0,,0,,,,,
2016-10-18,26.45,26.54,26.02,26.36,63104,26.62,25.84,0.72,44.25,25.13,26.97,27.66,28.05,0,,,25.13,,0,,0,,,,,
2016-10-19,26.36,26.67,26.23,26.32,51600,26.63,25.84,0.7,43.79,25.12,26.95,27.62,27.66,0,,,25.12,,0,,0,,,,,
2016-10-20,26.58,26.88,26.36,26.62,84130,26.64,25.84,0.69,48.09,25.32,26.94,27.62,27.62,0,,,25.32,,0,,0,,,,,
2016-10-21,26.62,26.8,26.23,26.41,58154,26.64,25.84,0.69,45.47,25.19,26.92,27.62,27.62,0,,,25.19,,0,,0,,,,,
2016-10-24,26.67,26.84,26.58,26.71,64665,26.66,25.84,0.67,49.69,25.4,26.88,27.49,27.62,0,,,25.4,,0,,0,,,,,
2016-10-25,26.71,26.84,26.45,26.54,25128,26.66,25.84,0.65,47.45,25.3,26.81,27.49,27.49,0,,,25.3,,0,,0,,,,,
2016-10-26,26.54,26.71,26.19,26.62,70158,26.67,25.84,0.64,48.62,25.36,26.75,27.49,27.49,0,,,25.36,,0,,0,,,,,
2016-10-27,26.84,26.84,26.36,26.67,67727,26.68,25.84,0.63,49.38,25.4,26.73,27.49,27.49,0,,,25.4,,0,,0,,,,,
2016-10-28,26.45,26.8,26.36,26.67,69236,26.69,25.84,0.61,49.38,25.41,26.71,27.49,27.49,0,,,25.41,,0,,0,,,,,
2016-11-01,26.54,27.06,24.98,25.32,457602,26.7,24.98,0.72,33.74,24.18,26.64,27.49,27.49,0,,,24.18,,0,,0,,,,,
2016-11-02,25.63,25.93,25.32,25.63,134153,26.7,24.98,0.71,38.55,24.38,26.58,27.49,27.49,0,,,24.38,,0,,0,,,,,
2016-11-03,25.8,25.89,25.54,25.67,69548,26.7,24.98,0.68,39.17,24.43,26.54,27.49,27.49,0,,,24.43,,0,,0,,,,,
2016-11-04,25.58,25.84,25.06,25.24,88131,26.7,24.98,0.69,35.1,24.15,26.48,27.32,27.49,0,,,24.15,,0,,0,,,,,
2016-11-07,24.98,25.58,24.67,25.11,146067,26.7,24.67,0.71,33.96,23.95,26.42,27.32,27.32,0,,,23.95,,0,,0,,,,,
2016-11-08,25.5,25.5,24.67,24.85,91196,26.7,24.67,0.72,31.72,23.77,26.34,27.06,27.32,0,,,23.77,,0,,0,,,,,
2016-11-09,24.24,24.8,20.12,24.54,317210,26.7,20.12,1.0,29.26,21.87,26.26,27.06,27.06,0,,,21.87,,0,,0,,,,,
2016-11-10,25.15,27.27,25.15,26.84,640986,26.71,20.12,1.13,56.38,23.27,26.26,27.27,27.06,0,,,23.27,,0,,0,,,,,
2016-11-11,26.88,28.14,26.06,26.32,442118,26.71,20.12,1.19,51.57,22.89,26.25,28.14,27.27,0,,,22.89,,0,,0,,,,,
2016-11-15,26.88,27.32,26.32,26.58,299215,26.72,20.12,1.18,53.7,23.06,26.24,28.14,28.14,0,,,23.06,,0,,0,,,,,
2016-11-16,27.06,27.1,24.98,25.67,215116,26.72,20.12,1.25,46.06,22.43,26.22,28.14,28.14,0,,,22.43,,0,,0,,,,,
2016-11-17,25.93,26.36,25.71,25.93,80436,26.72,20.12,1.21,48.32,22.63,26.21,28.14,28.14,0,,,22.63,,0,,0,,,,,
2016-11-18,26.02,26.32,25.45,25.84,92235,26.72,20.12,1.18,47.58,22.58,26.19,28.14,28.14,0,,,22.58,,0,,0,,,,,
2016-11-21,25.84,26.28,24.72,25.19,208211,26.72,20.12,1.21,42.5,22.15,26.13,28.14,28.14,0,,,22.15,,0,,0,,,,,
2016-11-22,25.45,25.45,24.63,25.15,99421,26.72,20.12,1.18,42.2,22.14,26.06,28.14,28.14,0,,,22.14,,0,,0,,,,,
2016-11-23,24.89,25.28,24.76,24.89,73276,26.71,20.12,1.14,40.22,22.0,26.0,28.14,28.14,0,,,22.0,,0,,0,,,,,
2016-11-24,24.93,25.5,24.8,25.15,42467,26.71,20.12,1.1,43.09,22.19,25.96,28.14,28.14,0,,,22.19,,0,,0,,,,,
2016-11-25,25.37,25.58,25.06,25.45,45001,26.71,20.12,1.06,46.3,22.41,25.92,28.14,28.14,0,,,22.41,,0,,0,,,,,
2016-11-28,25.06,25.76,24.98,25.41,63391,26.71,20.12,1.04,45.93,22.4,25.87,28.14,28.14,0,,,22.4,,0,,0,,,,,
2016-11-29,25.41,25.67,25.28,25.41,31248,26.71,20.12,1.0,45.93,22.43,25.84,28.14,28.14,0,,,22.43,,0,,0,,,,,
2016-11-30,25.41,25.89,25.41,25.76,39567,26.7,20.12,0.96,50.0,22.68,25.83,28.14,28.14,0,,,22.68,,0,,0,,,,,
2016-12-01,25.76,25.97,25.28,25.45,64380,26.7,24.63,0.94,46.65,24.0,25.8,28.14,28.14,0,,,24.0,,0,,0,,,,,
2016-12-02,25.41,25.93,25.19,25.28,59660,26.69,24.63,0.93,44.87,23.9,25.76,28.14,28.14,0,,,23.9,,0,,0,,,,,
2016-12-05,25.32,25.97,25.24,25.84,69681,26.69,24.63,0.91,51.44,24.27,25.74,28.14,28.14,0,,,24.27,,0,,0,,,,,
2016-12-06,25.58,26.1,25.45,25.63,46031,26.69,24.63,0.89,49.08,24.15,25.71,28.14,28.14,0,,,24.15,,0,,0,,,,,
2016-12-07,25.84,25.97,25.32,25.5,75084,26.68,24.63,0.88,47.62,24.07,25.67,28.14,28.14,0,,,24.07,,0,,0,,,,,
2016-12-08,25.41,25.76,25.41,25.5,47840,26.68,24.63,0.84,47.62,24.1,25.64,28.14,28.14,0,,,24.1,,0,,0,,,,,
2016-12-09,25.58,25.76,25.5,25.63,64289,26.69,24.63,0.8,49.36,24.21,25.6,28.14,28.14,0,,,24.21,,0,,0,,,,,
2016-12-12,25.58,25.76,25.32,25.5,25129,26.69,24.63,0.77,47.66,24.14,25.56,27.32,28.14,0,,,24.14,,0,,0,,,,,
2016-12-13,25.76,25.76,25.24,25.5,38585,26.69,24.76,0.75,47.66,24.2,25.53,27.1,27.32,0,,,24.2,,0,,0,,,,,
2016-12-14,25.58,26.06,25.24,25.45,42740,26.69,24.8,0.76,46.93,24.18,25.53,26.36,27.1,0,,,24.18,,0,,0,,,,,
2016-12-15,25.58,25.93,25.19,25.37,52405,26.69,24.98,0.76,45.73,24.19,25.52,26.32,26.36,0,,,24.19,,0,,0,,,,,
2016-12-16,25.63,25.63,25.24,25.32,43984,26.68,24.98,0.73,44.96,24.17,25.51,26.28,26.32,0,,,24.17,,0,,0,,,,,
2016-12-19,25.41,27.75,25.24,26.84,213308,26.69,25.19,0.86,64.55,25.14,25.56,27.75,26.28,1,26.84,25.14,25.14,25.14,1,2016-12-19,0,,,27,,
2016-12-20,27.1,27.1,25.19,25.41,281716,26.68,25.19,0.93,47.44,24.16,25.57,27.75,27.75,0,,,24.16,25.14,1,2016-12-19,1,26.68,SMA150_BREAK,27,2,-0.58
2016-12-21,25.41,25.8,25.15,25.28,57243,26.68,25.15,0.91,46.24,24.08,25.59,27.75,27.75,0,,,24.08,,0,,0,,,,,
2016-12-22,25.28,25.54,24.89,25.06,44131,26.69,24.89,0.89,44.21,23.86,25.6,27.75,27.75,0,,,23.86,,0,,0,,,,,
2016-12-23,24.72,25.28,24.72,25.15,31188,26.69,24.72,0.87,45.27,23.88,25.55,27.75,27.75,0,,,23.88,,0,,0,,,,,
2016-12-26,25.15,25.28,24.46,24.54,50614,26.69,24.46,0.87,39.74,23.4,25.49,27.75,27.75,0,,,23.4,,0,,0,,,,,
2016-12-27,24.5,24.8,24.37,24.67,43596,26.69,24.37,0.84,41.39,23.48,25.43,27.75,27.75,0,,,23.48,,0,,0,,,,,
2016-12-28,24.72,25.37,24.46,24.67,46182,26.69,24.37,0.84,41.39,23.48,25.39,27.75,27.75,0,,,23.48,,0,,0,,,,,
2016-12-29,24.46,25.06,24.46,24.93,16377,26.7,24.37,0.82,44.87,23.65,25.36,27.75,27.75,0,,,23.65,,0,,0,,,,,
2016-12-30,24.93,25.32,24.76,24.85,98596,26.7,24.37,0.8,44.0,23.62,25.33,27.75,27.75,0,,,23.62,,0,,0,,,,,
2017-01-02,25.11,25.32,24.89,25.19,30565,26.71,24.37,0.78,48.55,23.85,25.33,27.75,27.75,0,,,23.85,,0,,0,,,,,
2017-01-03,25.45,25.5,25.24,25.28,31465,26.72,24.37,0.75,49.72,23.93,25.33,27.75,27.75,0,,,23.93,,0,,0,,,,,
2017-01-04,25.28,25.5,25.24,25.28,16977,26.73,24.37,0.71,49.72,23.95,25.34,27.75,27.75,0,,,23.95,,0,,0,,,,,
2017-01-05,25.15,25.67,25.15,25.37,47533,26.74,24.37,0.7,51.0,24.02,25.35,27.75,27.75,0,,,24.02,,0,,0,,,,,
2017-01-06,25.63,25.76,25.24,25.32,52331,26.74,24.37,0.69,50.23,24.0,25.35,27.75,27.75,0,,,24.0,,0,,0,,,,,
2017-01-09,25.54,25.58,25.15,25.45,45915,26.75,24.37,0.67,52.25,24.09,25.35,27.75,27.75,0,,,24.09,,0,,0,,,,,
2017-01-10,25.58,25.63,24.72,25.19,82590,26.75,24.37,0.68,48.06,23.91,25.34,27.75,27.75,0,,,23.91,,0,,0,,,,,
2017-01-11,25.24,25.76,25.24,25.67,128626,26.76,24.37,0.68,55.2,24.23,25.34,27.75,27.75,0,,,24.23,,0,,0,,,,,
2017-01-12,25.76,25.76,25.37,25.58,54179,26.77,24.37,0.66,53.71,24.18,25.34,27.75,27.75,0,,,24.18,,0,,0,,,,,
2017-01-13,25.93,25.93,25.45,25.54,44454,26.77,24.37,0.64,53.02,24.17,25.35,27.75,27.75,0,,,24.17,,0,,0,,,,,
2017-01-16,25.54,26.62,25.54,26.1,198716,26.78,24.37,0.67,60.61,24.51,25.36,27.1,27.75,0,,,24.51,,0,,0,,,,,
2017-01-17,26.19,26.67,26.02,26.15,51971,26.78,24.46,0.67,61.21,24.57,25.38,26.67,27.1,0,,,24.57,,0,,0,,,,,
2017-01-18,26.19,26.45,26.02,26.06,33967,26.79,24.46,0.66,59.45,24.52,25.4,26.67,26.67,0,,,24.52,,0,,0,,,,,
2017-01-19,26.45,26.45,25.76,25.97,29098,26.8,24.72,0.66,57.66,24.55,25.41,26.67,26.67,0,,,24.55,,0,,0,,,,,
2017-01-20,25.97,26.28,25.32,25.45,56592,26.8,24.72,0.68,48.58,24.2,25.4,26.67,26.67,0,,,24.2,,0,,0,,,,,
2017-01-23,25.58,25.93,25.24,25.37,42702,26.79,24.72,0.68,47.34,24.15,25.4,26.67,26.67,0,,,24.15,,0,,0,,,,,
2017-01-24,25.32,25.76,25.32,25.41,37334,26.79,24.72,0.66,48.05,24.19,25.4,26.67,26.67,0,,,24.19,,0,,0,,,,,
2017-01-25,25.76,25.76,25.45,25.63,41624,26.76,24.72,0.64,51.9,24.34,25.4,26.67,26.67,0,,,24.34,,0,,0,,,,,
2017-01-27,25.8,26.28,25.58,25.84,247127,26.74,24.72,0.65,55.31,24.48,25.42,26.67,26.67,0,,,24.48,,0,,0,,,,,
2017-01-30,27.14,28.18,26.49,28.01,1039240,26.74,24.72,0.77,75.0,25.8,25.51,28.18,26.67,1,28.01,25.8,25.8,25.8,1,2017-01-30,0,,,28,,
2017-01-31,28.31,29.14,27.92,28.75,604202,26.74,24.72,0.8,78.48,26.25,25.57,29.14,28.18,0,,,26.25,26.25,1,2017-01-30,0,,,28,,
2017-02-01,28.7,28.79,27.79,28.49,380956,26.74,25.24,0.81,74.55,26.25,25.68,29.14,29.14,0,,,26.25,26.25,1,2017-01-30,0,,,28,,
2017-02-02,28.53,30.61,28.44,29.88,1273872,26.75,25.24,0.91,80.25,27.08,25.83,30.61,29.14,1,29.88,27.08,27.08,27.08,1,2017-01-30,0,,,28,,
2017-02-03,30.31,30.96,27.14,30.05,849608,26.76,25.24,1.12,80.81,27.05,25.99,30.96,30.61,0,,,27.05,27.08,1,2017-01-30,0,,,28,,
2017-02-06,30.79,30.87,29.7,30.09,347859,26.77,25.24,1.12,80.95,27.07,26.16,30.96,30.96,0,,,27.07,27.08,1,2017-01-30,0,,,28,,
2017-02-07,30.53,30.74,30.14,30.61,644256,26.78,25.24,1.09,82.7,27.43,26.36,30.96,30.96,0,,,27.43,27.43,1,2017-01-30,0,,,28,,
2017-02-08,30.7,30.87,29.49,29.96,444953,26.79,25.24,1.11,73.62,27.0,26.54,30.96,30.96,0,,,27.0,27.43,1,2017-01-30,0,,,28,,
2017-02-09,30.27,30.35,28.7,29.01,468261,26.8,25.24,1.15,62.77,26.36,26.68,30.96,30.96,0,,,26.36,27.43,1,2017-01-30,0,,,28,,
2017-02-10,29.27,29.49,29.09,29.22,210143,26.79,25.24,1.1,64.04,26.53,26.83,30.96,30.96,0,,,26.53,27.43,1,2017-01-30,0,,,28,,
2017-02-13,29.53,29.66,28.79,28.88,156474,26.79,25.24,1.08,60.46,26.32,26.96,30.96,30.96,0,,,26.32,27.43,1,2017-01-30,0,,,28,,
2017-02-14,29.27,29.27,28.66,28.92,85958,26.78,25.32,1.05,60.74,26.39,27.08,30.96,30.96,0,,,26.39,27.43,1,2017-01-30,0,,,28,,
2017-02-15,28.79,29.05,28.18,28.27,87966,26.77,25.45,1.04,54.1,26.03,27.18,30.96,30.96,0,,,26.03,27.43,1,2017-01-30,0,,,28,,
2017-02-16,29.09,29.27,28.18,28.53,198703,26.76,25.58,1.04,56.16,26.23,27.29,30.96,30.96,0,,,26.23,27.43,1,2017-01-30,0,,,28,,
2017-02-17,28.79,29.05,28.18,28.31,88766,26.75,26.49,1.03,53.95,26.4,27.39,30.96,30.96,0,,,26.4,27.43,1,2017-01-30,0,,,28,,
2017-02-20,28.53,28.83,28.01,28.23,235254,26.74,27.14,1.01,53.13,26.58,27.49,30.96,30.96,0,,,26.58,27.43,1,2017-01-30,0,,,28,,
2017-02-21,28.44,33.56,28.27,32.17,4367966,26.76,27.14,1.32,74.04,28.92,27.71,33.56,30.96,1,32.17,28.92,28.92,28.92,1,2017-01-30,0,,,28,,
2017-02-22,32.22,32.22,29.83,30.22,990826,26.76,27.14,1.4,59.82,27.61,27.88,33.56,33.56,0,,,27.61,28.92,1,2017-01-30,0,,,28,,
2017-02-23,30.14,30.87,29.66,29.83,602339,26.76,27.14,1.38,57.44,27.36,28.02,33.56,33.56,0,,,27.36,28.92,1,2017-01-30,0,,,28,,
2017-02-27,30.01,30.27,29.49,29.7,200515,26.77,28.01,1.34,56.63,27.6,28.15,33.56,33.56,0,,,27.6,28.92,1,2017-01-30,0,,,28,,
2017-02-28,30.01,30.18,29.53,29.7,163906,26.77,28.01,1.29,56.63,27.63,28.29,33.56,33.56,0,,,27.63,28.92,1,2017-01-30,0,,,28,,
2017-03-01,30.18,30.35,29.83,29.96,238988,26.78,28.01,1.25,58.0,27.83,28.42,33.56,33.56,0,,,27.83,28.92,1,2017-01-30,0,,,28,,
2017-03-02,30.22,30.31,29.27,29.35,194539,26.78,28.01,1.23,53.72,27.45,28.53,33.56,33.56,0,,,27.45,28.92,1,2017-01-30,0,,,28,,
2017-03-03,29.49,29.49,29.01,29.22,101069,26.78,28.01,1.18,52.82,27.4,28.63,33.56,33.56,0,,,27.4,28.92,1,2017-01-30,0,,,28,,
2017-03-06,29.22,29.44,28.88,29.09,146198,26.79,28.01,1.13,51.89,27.34,28.74,33.56,33.56,0,,,27.34,28.92,1,2017-01-30,1,28.92,TRAILING_STOP,28,25,3.23
2017-03-07,29.22,29.22,28.79,29.01,109125,26.79,28.01,1.08,51.29,27.33,28.86,33.56,33.56,0,,,27.33,,0,,0,,,,,
2017-03-08,29.01,29.05,28.44,28.53,157312,26.79,28.01,1.05,47.72,27.04,28.96,33.56,33.56,0,,,27.04,,0,,0,,,,,
2017-03-09,28.62,28.75,28.23,28.31,81812,26.79,28.01,1.01,46.14,26.92,29.06,33.56,33.56,0,,,26.92,,0,,0,,,,,
2017-03-10,28.62,28.7,28.01,28.1,132069,26.79,28.01,0.99,44.62,26.8,29.14,33.56,33.56,0,,,26.8,,0,,0,,,,,
2017-03-14,28.62,28.62,27.88,28.01,127450,26.79,27.88,0.97,43.95,26.71,29.21,33.56,33.56,0,,,26.71,,0,,0,,,,,
2017-03-15,28.01,28.53,27.88,28.01,239029,26.8,27.88,0.95,43.95,26.73,29.21,33.56,33.56,0,,,26.73,,0,,0,,,,,
2017-03-16,28.27,28.36,28.01,28.1,150227,26.8,27.88,0.91,44.91,26.81,29.19,33.56,33.56,0,,,26.81,,0,,0,,,,,
2017-03-17,28.36,28.36,27.97,28.14,140644,26.81,27.88,0.87,45.35,26.86,29.18,33.56,33.56,0,,,26.86,,0,,0,,,,,
2017-03-20,28.4,28.49,28.01,28.23,103481,26.81,27.88,0.84,46.41,26.94,29.13,33.56,33.56,0,,,26.94,,0,,0,,,,,
2017-03-21,28.18,29.7,28.18,28.62,583625,26.82,27.88,0.89,50.83,27.16,29.08,33.56,33.56,0,,,27.16,,0,,0,,,,,
2017-03-22,28.96,31.18,28.83,29.66,3359656,26.83,27.88,1.01,60.25,27.75,29.06,33.56,33.56,0,,,27.75,,0,,0,,,,,
2017-03-23,29.83,29.88,29.09,29.18,293235,26.85,27.88,0.99,55.01,27.45,29.02,32.22,33.56,0,,,27.45,,0,,0,,,,,
2017-03-24,29.4,30.31,29.01,29.66,563007,26.86,27.88,1.01,58.87,27.75,29.01,31.18,32.22,0,,,27.75,,0,,0,,,,,
2017-03-27,29.53,30.18,29.14,29.22,230096,26.88,27.88,1.02,54.28,27.46,29.01,31.18,31.18,0,,,27.46,,0,,0,,,,,
2017-03-28,29.22,29.66,29.05,29.09,118089,26.9,27.88,0.99,52.96,27.4,29.01,31.18,31.18,0,,,27.4,,0,,0,,,,,
2017-03-29,29.14,29.4,28.79,29.05,206657,26.91,27.88,0.96,52.54,27.39,29.01,31.18,31.18,0,,,27.39,,0,,0,,,,,
2017-03-30,29.31,29.57,28.96,29.05,225104,26.92,27.88,0.94,52.54,27.41,29.02,31.18,31.18,0,,,27.41,,0,,0,,,,,
2017-03-31,29.05,29.79,28.88,29.18,338146,26.93,27.88,0.93,53.92,27.49,29.05,31.18,31.18,0,,,27.49,,0,,0,,,,,
2017-04-03,29.05,29.57,29.05,29.18,143816,26.95,27.88,0.9,53.92,27.51,29.07,31.18,31.18,0,,,27.51,,0,,0,,,,,
2017-04-05,29.18,30.57,29.09,30.22,718877,26.97,27.88,0.95,63.72,28.15,29.13,31.18,31.18,0,,,28.15,,0,,0,,,,,
2017-04-06,29.92,30.74,29.75,29.79,296623,26.99,27.97,0.95,58.21,27.91,29.19,31.18,31.18,0,,,27.91,,0,,0,,,,,
2017-04-07,29.79,30.96,29.57,30.01,1007595,27.01,27.97,0.98,60.11,28.03,29.11,31.18,31.18,0,,,28.03,,0,,0,,,,,
2017-04-10,30.27,30.87,29.96,30.18,319117,27.04,28.01,0.98,61.57,28.15,29.11,31.18,31.18,0,,,28.15,,0,,0,,,,,
2017-04-11,29.96,31.31,29.96,31.13,859406,27.07,28.18,1.0,68.48,28.8,29.16,31.31,31.18,0,,,28.8,,0,,0,,,,,
2017-04-12,31.18,31.48,30.27,30.53,347084,27.09,28.79,1.02,61.01,28.61,29.18,31.48,31.31,0,,,28.61,,0,,0,,,,,
2017-04-13,30.53,30.74,29.92,30.05,249669,27.11,28.79,1.0,55.77,28.31,29.2,31.48,31.48,0,,,28.31,,0,,0,,,,,
2017-04-17,30.14,30.35,29.66,30.05,133655,27.13,28.79,0.98,55.77,28.33,29.2,31.48,31.48,0,,,28.33,,0,,0,,,,,
2017-04-18,30.05,30.83,29.57,29.75,304841,27.15,28.79,1.0,52.5,28.12,29.21,31.48,31.48,0,,,28.12,,0,,0,,,,,
2017-04-19,29.53,29.92,28.88,29.31,132555,27.16,28.79,1.0,48.06,27.83,29.21,31.48,31.48,0,,,27.83,,0,,0,,,,,
2017-04-20,29.44,30.01,28.96,29.27,260069,27.16,28.79,1.01,47.66,27.8,29.22,31.48,31.48,0,,,27.8,,0,,0,,,,,
2017-04-21,29.49,29.92,29.22,29.35,159655,27.17,28.88,0.98,48.57,27.9,29.23,31.48,31.48,0,,,27.9,,0,,0,,,,,
2017-04-24,29.49,30.27,29.35,29.96,411781,27.19,28.88,0.98,55.0,28.3,29.28,31.48,31.48,0,,,28.3,,0,,0,,,,,
2017-04-25,30.18,30.48,29.92,30.01,374231,27.21,28.88,0.95,55.5,28.35,29.34,31.48,31.48,0,,,28.35,,0,,0,,,,,
2017-04-26,30.27,30.57,29.75,30.05,334992,27.22,28.88,0.94,55.91,28.38,29.4,31.48,31.48,0,,,28.38,,0,,0,,,,,
2017-04-27,29.92,30.22,29.79,30.01,149402,27.24,28.88,0.9,55.36,28.38,29.47,31.48,31.48,0,,,28.38,,0,,0,,,,,
2017-04-28,30.14,32.13,29.96,31.61,2104316,27.27,28.88,0.99,68.74,29.35,29.59,32.13,31.48,1,31.61,29.35,29.35,29.35,1,2017-04-28,0,,,29,,
2017-05-02,31.83,33.04,31.83,32.3,1365827,27.31,28.88,1.03,72.56,29.78,29.73,33.04,32.13,0,,,29.78,29.78,1,2017-04-28,0,,,29,,
2017-05-03,32.48,33.52,31.87,32.95,1328615,27.35,28.88,1.07,75.59,30.17,29.89,33.52,33.04,0,,,30.17,30.17,1,2017-04-28,0,,,29,,
2017-05-04,33.47,35.34,31.96,32.61,7795409,27.38,28.88,1.24,71.16,29.84,30.03,35.34,33.52,0,,,29.84,30.17,1,2017-04-28,0,,,29,,
2017-05-05,32.43,32.48,30.35,30.61,2196319,27.41,28.88,1.31,51.92,28.5,30.1,35.34,35.34,0,,,28.5,30.17,1,2017-04-28,0,,,29,,
2017-05-08,30.48,31.52,30.48,31.22,637702,27.44,28.88,1.29,55.84,28.9,30.15,35.34,35.34,0,,,28.9,30.17,1,2017-04-28,0,,,29,,
2017-05-09,31.39,31.65,30.7,30.92,559011,27.46,28.88,1.27,53.53,28.73,30.21,35.34,35.34,0,,,28.73,30.17,1,2017-04-28,0,,,29,,
2017-05-10,31.22,31.39,30.57,30.74,298555,27.49,28.88,1.23,52.14,28.63,30.25,35.34,35.34,0,,,28.63,30.17,1,2017-04-28,0,,,29,,
2017-05-11,31.09,31.09,30.35,30.44,334331,27.52,28.96,1.2,49.81,28.49,30.29,35.34,35.34,0,,,28.49,30.17,1,2017-04-28,0,,,29,,
2017-05-12,30.4,30.61,29.31,29.44,379941,27.54,29.22,1.21,42.92,27.93,30.3,35.34,35.34,0,,,27.93,30.17,1,2017-04-28,1,30.17,TRAILING_STOP,29,10,-4.57
2017-05-15,29.83,29.83,29.05,29.27,258614,27.56,29.05,1.17,41.86,27.78,30.31,35.34,35.34,0,,,27.78,,0,,0,,,,,
2017-05-16,29.57,29.83,29.22,29.4,269198,27.58,29.05,1.13,43.02,27.89,30.32,35.34,35.34,0,,,27.89,,0,,0,,,,,
2017-05-17,29.49,29.49,29.18,29.27,182580,27.59,29.05,1.08,42.12,27.85,30.32,35.34,35.34,0,,,27.85,,0,,0,,,,,
2017-05-18,29.27,29.27,28.62,28.75,188262,27.6,28.62,1.05,38.62,27.39,30.31,35.34,35.34,0,,,27.39,,0,,0,,,,,
2017-05-19,29.22,29.22,28.62,28.66,142599,27.62,28.62,1.01,38.03,27.35,30.25,35.34,35.34,0,,,27.35,,0,,0,,,,,
2017-05-22,28.23,28.83,27.49,27.58,248042,27.62,27.49,1.04,31.78,26.26,30.18,35.34,35.34,0,,,26.26,,0,,0,,,,,
2017-05-23,27.75,27.75,26.62,27.14,216925,27.63,26.62,1.04,29.64,25.68,30.09,35.34,35.34,0,,,25.68,,0,,0,,,,,
2017-05-24,27.14,27.58,26.1,26.19,190580,27.62,26.1,1.07,25.63,24.88,29.95,35.34,35.34,0,,,24.88,,0,,0,,,,,
2017-05-25,26.45,26.58,25.8,26.36,199035,27.63,25.8,1.05,27.52,24.9,29.79,35.34,35.34,0,,,24.9,,0,,0,,,,,
2017-05-26,26.62,27.32,26.19,27.14,161723,27.63,25.8,1.06,35.61,25.4,29.68,35.34,35.34,0,,,25.4,,0,,0,,,,,
2017-05-29,27.32,27.32,25.84,26.41,197846,27.63,25.8,1.09,32.01,24.91,29.56,35.34,35.34,0,,,24.91,,0,,0,,,,,
2017-05-30,26.41,26.49,26.02,26.41,73672,27.63,25.8,1.04,32.01,24.94,29.44,35.34,35.34,0,,,24.94,,0,,0,,,,,
2017-05-31,26.58,26.8,26.1,26.54,158433,27.63,25.8,1.02,33.4,25.04,29.33,35.34,35.34,0,,,25.04,,0,,0,,,,,
2017-06-01,26.54,26.62,26.02,26.23,206527,27.63,25.8,0.99,31.73,24.86,29.23,32.48,35.34,0,,,24.86,,0,,0,,,,,
2017-06-02,26.41,26.45,26.1,26.19,150223,27.63,25.8,0.94,31.51,24.86,29.13,31.65,32.48,0,,,24.86,,0,,0,,,,,
2017-06-05,26.19,26.45,26.02,26.06,175990,27.62,25.8,0.91,30.77,24.8,29.02,31.65,31.65,0,,,24.8,,0,,0,,,,,
2017-06-06,26.23,26.32,26.02,26.1,118221,27.62,25.8,0.86,31.31,24.86,28.89,31.39,31.65,0,,,24.86,,0,,0,,,,,
2017-06-07,26.28,26.41,25.89,25.93,139424,27.61,25.8,0.84,30.24,24.77,28.75,31.09,31.39,0,,,24.77,,0,,0,,,,,
2017-06-08,25.93,26.19,25.8,25.8,90033,27.62,25.8,0.81,29.41,24.7,28.61,30.61,31.09,0,,,24.7,,0,,0,,,,,
2017-06-09,25.58,26.02,25.58,25.76,104859,27.62,25.58,0.78,29.14,24.62,28.47,29.83,30.61,0,,,24.62,,0,,0,,,,,
2017-06-12,25.76,26.32,25.41,25.97,187030,27.62,25.41,0.79,32.57,24.69,28.28,29.83,29.83,0,,,24.69,,0,,0,,,,,
2017-06-13,26.06,26.23,25.76,25.8,76792,27.62,25.41,0.77,31.25,24.6,28.06,29.49,29.83,0,,,24.6,,0,,0,,,,,
2017-06-14,25.8,27.32,25.67,26.67,424712,27.63,25.41,0.83,43.79,25.12,27.85,29.27,29.49,0,,,25.12,,0,,0,,,,,
2017-06-15,26.93,27.06,25.84,26.02,166083,27.64,25.41,0.86,38.19,24.68,27.63,29.22,29.27,0,,,24.68,,0,,0,,,,,
2017-06-16,26.28,27.01,26.02,26.88,245147,27.66,25.41,0.87,47.72,25.23,27.51,28.83,29.22,0,,,25.23,,0,,0,,,,,
2017-06-19,26.1,26.19,25.45,25.89,680051,27.65,25.41,0.91,40.06,24.56,27.33,27.75,28.83,0,,,24.56,,0,,0,,,,,
2017-06-20,25.84,25.84,25.15,25.54,250268,27.65,25.15,0.9,37.75,24.26,27.15,27.58,27.75,0,,,24.26,,0,,0,,,,,
2017-06-21,25.32,25.5,25.19,25.28,131130,27.64,25.15,0.86,36.09,24.12,26.97,27.32,27.58,0,,,24.12,,0,,0,,,,,
2017-06-22,25.32,25.58,25.15,25.19,99852,27.63,25.15,0.83,35.51,24.08,26.8,27.32,27.32,0,,,24.08,,0,,0,,,,,
2017-06-23,25.15,25.24,24.59,24.72,152034,27.63,24.59,0.81,32.55,23.6,26.64,27.32,27.32,0,,,23.6,,0,,0,,,,,
2017-06-27,24.72,24.8,23.93,23.98,146238,27.61,23.93,0.82,28.52,22.9,26.46,27.32,27.32,0,,,22.9,,0,,0,,,,,
2017-06-28,23.85,24.24,23.76,23.89,121071,27.6,23.76,0.79,28.07,22.8,26.28,27.32,27.32,0,,,22.8,,0,,0,,,,,
2017-06-29,23.8,24.41,23.8,24.24,84559,27.6,23.76,0.78,32.57,23.03,26.11,27.32,27.32,0,,,23.03,,0,,0,,,,,
2017-06-30,24.24,24.46,24.07,24.41,67280,27.6,23.76,0.75,34.71,23.16,25.97,27.32,27.32,0,,,23.16,,0,,0,,,,,
2017-07-03,24.93,24.93,24.28,24.37,77919,27.59,23.76,0.75,34.43,23.14,25.82,27.32,27.32,0,,,23.14,,0,,0,,,,,
2017-07-04,24.72,24.72,24.33,24.41,55035,27.58,23.76,0.72,34.99,23.18,25.72,27.32,27.32,0,,,23.18,,0,,0,,,,,
2017-07-05,24.28,24.72,24.2,24.59,93303,27.58,23.76,0.71,37.57,23.31,25.63,27.32,27.32,0,,,23.31,,0,,0,,,,,
2017-07-06,24.37,25.5,24.37,25.11,179887,27.58,23.76,0.74,44.42,23.63,25.6,27.32,27.32,0,,,23.63,,0,,0,,,,,
2017-07-07,25.41,25.58,25.15,25.19,108501,27.57,23.76,0.72,45.41,23.69,25.56,27.32,27.32,0,,,23.69,,0,,0,,,,,
2017-07-10,25.54,25.8,25.19,25.37,25121,27.57,23.76,0.71,47.67,23.81,25.5,27.32,27.32,0,,,23.81,,0,,0,,,,,
2017-07-11,25.41,25.67,25.06,25.15,85950,27.57,23.76,0.7,45.21,23.67,25.46,27.32,27.32,0,,,23.67,,0,,0,,,,,
2017-07-12,25.15,25.45,25.02,25.11,42477,27.57,23.76,0.68,44.75,23.66,25.41,27.32,27.32,0,,,23.66,,0,,0,,,,,
2017-07-13,25.37,25.54,24.85,25.28,106057,27.56,23.76,0.68,47.18,23.77,25.37,27.06,27.32,0,,,23.77,,0,,0,,,,,
2017-07-14,25.28,25.28,24.98,25.11,75642,27.56,23.76,0.66,45.05,23.68,25.33,27.01,27.06,0,,,23.68,,0,,0,,,,,
2017-07-17,25.06,25.28,24.76,24.93,100871,27.56,23.76,0.65,42.84,23.57,25.29,26.19,27.01,0,,,23.57,,0,,0,,,,,
2017-07-18,24.72,25.06,24.54,24.63,142697,27.55,23.76,0.64,39.38,23.38,25.24,25.84,26.19,0,,,23.38,,0,,0,,,,,
2017-07-19,25.06,25.37,24.76,24.98,104238,27.55,23.8,0.64,44.97,23.62,25.21,25.8,25.84,0,,,23.62,,0,,0,,,,,
2017-07-20,24.76,25.28,24.76,24.98,72453,27.54,24.07,0.64,44.97,23.71,25.18,25.8,25.8,0,,,23.71,,0,,0,,,,,
2017-07-21,24.72,25.15,24.5,24.59,113773,27.54,24.2,0.64,40.18,23.5,25.13,25.8,25.8,0,,,23.5,,0,,0,,,,,
2017-07-24,25.15,25.5,24.93,25.02,248278,27.54,24.2,0.66,46.89,23.77,25.11,25.8,25.8,0,,,23.77,,0,,0,,,,,
2017-07-25,25.06,25.32,24.89,25.02,133202,27.53,24.2,0.64,46.89,23.78,25.08,25.8,25.8,0,,,23.78,,0,,0,,,,,
2017-07-26,25.5,25.5,25.06,25.19,119174,27.52,24.37,0.63,49.49,23.95,25.06,25.8,25.8,0,,,23.95,,0,,0,,,,,
2017-07-27,25.28,25.32,24.76,24.89,73719,27.52,24.5,0.62,45.28,23.8,25.0,25.8,25.8,0,,,23.8,,0,,0,,,,,
2017-07-28,24.8,25.06,24.63,24.72,57843,27.52,24.5,0.61,43.05,23.7,24.96,25.8,25.8,0,,,23.7,,0,,0,,,,,
2017-07-31,24.37,26.15,23.28,25.32,2079218,27.52,23.28,0.77,52.04,23.58,24.9,26.15,25.8,0,,,23.58,,0,,0,,,,,
2017-08-01,24.93,25.15,24.54,24.67,175609,27.51,23.28,0.77,43.94,23.16,24.86,26.15,26.15,0,,,23.16,,0,,0,,,,,
2017-08-02,25.15,25.28,24.54,24.72,115929,27.52,23.28,0.77,44.66,23.19,24.84,26.15,26.15,0,,,23.19,,0,,0,,,,,
2017-08-03,24.98,24.98,24.15,24.24,83317,27.51,23.28,0.77,39.47,22.88,24.8,26.15,26.15,0,,,22.88,,0,,0,,,,,
2017-08-04,24.24,24.54,23.93,24.11,61440,27.51,23.28,0.76,38.17,22.8,24.76,26.15,26.15,0,,,22.8,,0,,0,,,,,
2017-08-07,24.11,24.46,23.85,24.02,88577,27.5,23.28,0.75,37.26,22.75,24.74,26.15,26.15,0,,,22.75,,0,,0,,,,,
2017-08-08,24.28,24.28,23.33,23.46,137884,27.49,23.28,0.77,32.12,22.38,24.72,26.15,26.15,0,,,22.38,,0,,0,,,,,
2017-08-09,23.67,23.85,23.28,23.46,112986,27.48,23.28,0.75,32.12,22.39,24.71,26.15,26.15,0,,,22.39,,0,,0,,,,,
2017-08-10,23.11,23.41,22.63,22.68,118146,27.46,22.63,0.76,26.27,21.67,24.66,26.15,26.15,0,,,21.67,,0,,0,,,,,
2017-08-11,22.11,25.41,21.68,22.59,445101,27.45,21.68,0.97,25.69,21.15,24.6,26.15,26.15,0,,,21.15,,0,,0,,,,,
2017-08-14,22.55,23.24,22.55,23.11,89137,27.43,21.68,0.95,34.69,21.5,24.56,26.15,26.15,0,,,21.5,,0,,0,,,,,
2017-08-16,23.37,23.59,23.07,23.41,77356,27.42,21.68,0.92,39.25,21.71,24.52,26.15,26.15,0,,,21.71,,0,,0,,,,,
2017-08-17,24.54,24.54,23.02,23.33,89537,27.4,21.68,0.96,38.48,21.63,24.48,26.15,26.15,0,,,21.63,,0,,0,,,,,
2017-08-18,23.24,23.33,22.98,23.2,63309,27.39,21.68,0.92,37.2,21.58,24.42,26.15,26.15,0,,,21.58,,0,,0,,,,,
2017-08-21,23.2,23.85,23.2,23.37,111131,27.38,21.68,0.9,40.01,21.7,24.36,26.15,26.15,0,,,21.7,,0,,0,,,,,
2017-08-22,23.28,23.67,22.94,23.15,72102,27.36,21.68,0.89,37.66,21.57,24.28,26.15,26.15,0,,,21.57,,0,,0,,,,,
2017-08-23,23.15,23.8,23.15,23.59,117613,27.35,21.68,0.87,44.67,21.86,24.23,26.15,26.15,0,,,21.86,,0,,0,,,,,
2017-08-24,24.07,24.07,23.15,23.54,81591,27.33,21.68,0.87,44.06,21.83,24.18,26.15,26.15,0,,,21.83,,0,,0,,,,,
2017-08-28,23.8,23.8,23.33,23.41,70270,27.31,21.68,0.84,42.45,21.76,24.11,26.15,26.15,0,,,21.76,,0,,0,,,,,
2017-08-29,23.67,23.72,23.28,23.33,80329,27.29,21.68,0.82,41.44,21.73,24.06,26.15,26.15,0,,,21.73,,0,,0,,,,,
2017-08-30,23.33,23.59,23.2,23.28,46297,27.28,21.68,0.79,40.79,21.72,24.0,25.41,26.15,0,,,21.72,,0,,0,,,,,
2017-08-31,23.28,23.5,22.94,23.02,70757,27.26,21.68,0.77,37.5,21.56,23.95,25.41,25.41,0,,,21.56,,0,,0,,,,,
2017-09-01,23.24,23.41,22.98,23.02,149079,27.24,21.68,0.75,37.5,21.58,23.88,25.41,25.41,0,,,21.58,,0,,0,,,,,
2017-09-04,23.07,23.15,22.63,22.94,65235,27.23,21.68,0.73,36.45,21.54,23.81,25.41,25.41,0,,,21.54,,0,,0,,,,,
2017-09-05,22.89,23.11,22.76,22.85,100922,27.21,22.55,0.7,35.25,21.79,23.76,25.41,25.41,0,,,21.79,,0,,0,,,,,
2017-09-06,22.76,23.15,22.76,22.98,79556,27.19,22.63,0.68,38.4,21.91,23.69,25.41,25.41,0,,,21.91,,0,,0,,,,,
2017-09-07,23.24,23.24,22.63,22.89,67224,27.16,22.63,0.67,37.06,21.86,23.62,25.41,25.41,0,,,21.86,,0,,0,,,,,
2017-09-08,23.2,23.2,21.72,22.68,125980,27.11,21.72,0.73,34.06,21.38,23.53,25.41,25.41,0,,,21.38,,0,,0,,,,,
2017-09-11,23.33,23.33,22.63,22.68,78855,27.08,21.72,0.73,34.06,21.38,23.46,25.41,25.41,0,,,21.38,,0,,0,,,,,
2017-09-12,22.85,23.2,22.72,22.85,130370,27.03,21.72,0.71,38.71,21.5,23.4,24.54,25.41,0,,,21.5,,0,,0,,,,,
2017-09-13,22.85,23.24,22.76,22.85,104021,26.98,21.72,0.7,38.71,21.51,23.31,24.54,24.54,0,,,21.51,,0,,0,,,,,
2017-09-14,23.07,23.07,22.55,22.59,118870,26.93,21.72,0.69,34.41,21.35,23.24,24.54,24.54,0,,,21.35,,0,,0,,,,,
2017-09-15,22.63,22.98,22.29,22.46,229501,26.88,21.72,0.69,32.47,21.27,23.17,24.07,24.54,0,,,21.27,,0,,0,,,,,
2017-09-18,22.5,22.81,22.5,22.63,94308,26.83,21.72,0.66,37.44,21.4,23.12,24.07,24.07,0,,,21.4,,0,,0,,,,,
2017-09-19,22.16,22.89,22.16,22.59,132745,26.79,21.72,0.67,36.75,21.37,23.07,24.07,24.07,0,,,21.37,,0,,0,,,,,
2017-09-20,22.81,22.81,22.33,22.5,107889,26.74,21.72,0.65,35.19,21.32,23.01,24.07,24.07,0,,,21.32,,0,,0,,,,,
2017-09-21,22.37,22.72,22.24,22.37,74747,26.7,21.72,0.64,33.01,21.24,22.98,24.07,24.07,0,,,21.24,,0,,0,,,,,
2017-09-22,22.46,23.24,22.29,22.5,414275,26.65,21.72,0.66,37.2,21.31,22.95,23.8,24.07,0,,,21.31,,0,,0,,,,,
2017-09-25,22.55,22.63,22.03,22.11,102456,26.61,21.72,0.66,30.95,21.06,22.93,23.72,23.8,0,,,21.06,,0,,0,,,,,
2017-09-26,21.94,22.42,21.94,22.16,54533,26.57,21.72,0.65,32.51,21.1,22.91,23.59,23.72,0,,,21.1,,0,,0,,,,,
2017-09-27,21.94,22.24,21.81,21.85,81991,26.53,21.72,0.63,28.23,20.91,22.87,23.5,23.59,0,,,20.91,,0,,0,,,,,
2017-09-28,21.81,21.94,21.68,21.77,101776,26.48,21.68,0.6,27.24,20.87,22.82,23.41,23.5,0,,,20.87,,0,,0,,,,,
2017-09-29,21.98,21.98,21.72,21.77,50199,26.42,21.68,0.58,27.24,20.88,22.76,23.33,23.41,0,,,20.88,,0,,0,,,,,
2017-10-03,21.72,22.2,21.68,21.77,67323,26.36,21.68,0.58,27.24,20.88,22.72,23.33,23.33,0,,,20.88,,0,,0,,,,,
2017-10-04,21.77,22.03,21.77,21.85,43516,26.31,21.68,0.55,30.31,20.95,22.67,23.33,23.33,0,,,20.95,,0,,0,,,,,
2017-10-05,21.94,21.98,21.72,21.81,42615,26.25,21.68,0.53,29.64,20.94,22.62,23.33,23.33,0,,,20.94,,0,,0,,,,,
2017-10-06,21.72,22.2,21.72,21.94,67090,26.2,21.68,0.53,34.71,21.03,22.57,23.33,23.33,0,,,21.03,,0,,0,,,,,
2017-10-09,22.11,22.11,21.77,21.81,30315,26.15,21.68,0.51,32.21,20.95,22.51,23.33,23.33,0,,,20.95,,0,,0,,,,,
2017-10-10,21.72,21.94,21.72,21.77,60416,26.1,21.68,0.49,31.46,20.94,22.45,23.24,23.33,0,,,20.94,,0,,0,,,,,
2017-10-11,21.72,22.03,21.68,21.72,103274,26.05,21.68,0.48,30.5,20.91,22.4,23.24,23.24,0,,,20.91,,0,,0,,,,,
2017-10-12,21.85,21.85,21.64,21.81,46145,26.0,21.64,0.46,34.37,20.97,22.35,23.24,23.24,0,,,20.97,,0,,0,,,,,
2017-10-13,21.42,21.94,21.42,21.68,76928,25.95,21.42,0.47,31.63,20.81,22.31,23.24,23.24,0,,,20.81,,0,,0,,,,,
2017-10-16,21.68,21.85,21.59,21.68,41281,25.9,21.42,0.45,31.63,20.82,22.26,23.24,23.24,0,,,20.82,,0,,0,,,,,
2017-10-17,21.72,21.81,21.51,21.55,54405,25.86,21.42,0.44,28.95,20.75,22.22,23.24,23.24,0,,,20.75,,0,,0,,,,,
2017-10-18,21.46,21.64,21.33,21.38,79363,25.81,21.33,0.43,25.87,20.61,22.17,23.24,23.24,0,,,20.61,,0,,0,,,,,
2017-10-19,21.77,21.77,21.46,21.64,27834,25.77,21.33,0.43,36.94,20.78,22.12,23.24,23.24,0,,,20.78,,0,,0,,,,,
2017-10-23,21.42,21.68,21.25,21.38,55557,25.73,21.25,0.43,31.82,20.59,22.07,23.24,23.24,0,,,20.59,,0,,0,,,,,
2017-10-24,21.77,21.98,21.64,21.85,176462,25.69,21.25,0.44,46.3,20.88,22.04,22.63,23.24,0,,,20.88,,0,,0,,,,,
2017-10-25,25.11,26.19,23.59,25.76,3668577,25.67,21.25,0.72,81.5,23.22,22.15,26.19,22.63,1,25.76,23.22,23.22,23.22,1,2017-10-25,0,,,30,,
2017-10-26,25.58,26.02,23.72,24.2,1212109,25.64,21.25,0.83,63.59,22.14,22.19,26.19,26.19,0,,,22.14,23.22,1,2017-10-25,1,25.64,SMA150_BREAK,30,2,-0.46
2017-10-27,24.72,24.72,23.5,23.54,318364,25.61,21.25,0.86,57.8,21.69,22.21,26.19,26.19,0,,,21.69,,0,,0,,,,,
2017-10-30,23.41,24.72,23.2,24.07,322855,25.57,21.25,0.91,60.88,22.0,22.26,26.19,26.19,0,,,22.0,,0,,0,,,,,
2017-10-31,24.28,24.5,23.76,24.11,203094,25.54,21.25,0.9,61.11,22.04,22.32,26.19,26.19,0,,,22.04,,0,,0,,,,,
2017-11-01,24.15,25.15,24.07,24.46,340554,25.5,21.25,0.91,63.16,22.25,22.38,26.19,26.19,0,,,22.25,,0,,0,,,,,
2017-11-02,24.54,24.93,24.2,24.54,315841,25.47,21.25,0.9,63.63,22.31,22.44,26.19,26.19,0,,,22.31,,0,,0,,,,,
2017-11-03,24.93,24.93,24.2,24.28,174902,25.44,21.25,0.88,60.9,22.15,22.5,26.19,26.19,0,,,22.15,,0,,0,,,,,
2017-11-06,24.28,24.54,23.85,24.02,164296,25.41,21.25,0.87,58.22,22.0,22.56,26.19,26.19,0,,,22.0,,0,,0,,,,,
2017-11-07,24.11,24.89,23.67,24.15,514628,25.37,21.25,0.9,59.19,22.06,22.61,26.19,26.19,0,,,22.06,,0,,0,,,,,
2017-11-08,23.93,24.46,23.72,23.8,127673,25.34,21.25,0.88,55.46,21.84,22.67,26.19,26.19,0,,,21.84,,0,,0,,,,,
2017-11-09,23.63,24.54,23.63,24.11,112027,25.3,21.25,0.89,57.98,22.04,22.74,26.19,26.19,0,,,22.04,,0,,0,,,,,
2017-11-10,23.98,25.5,23.67,24.28,1751759,25.26,21.25,0.95,59.34,22.11,22.82,26.19,26.19,0,,,22.11,,0,,0,,,,,
2017-11-13,24.28,24.41,23.5,23.54,240038,25.22,21.64,0.95,51.52,21.76,22.88,26.19,26.19,0,,,21.76,,0,,0,,,,,
2017-11-14,23.46,23.72,23.24,23.46,84218,25.18,23.2,0.92,50.74,22.25,22.93,26.19,26.19,0,,,22.25,,0,,0,,,,,
2017-11-15,23.41,23.67,22.98,23.07,93943,25.13,22.98,0.9,47.01,21.94,22.98,26.19,26.19,0,,,21.94,,0,,0,,,,,
2017-11-16,22.59,23.37,22.59,23.2,98352,25.08,22.59,0.89,48.37,21.9,23.02,26.19,26.19,0,,,21.9,,0,,0,,,,,
2017-11-17,23.85,24.46,23.33,23.5,351959,25.03,22.59,0.92,51.47,22.08,23.08,26.19,26.19,0,,,22.08,,0,,0,,,,,
2017-11-20,23.67,23.67,23.33,23.41,49155,24.99,22.59,0.88,50.49,22.04,23.13,26.19,26.19,0,,,22.04,,0,,0,,,,,
2017-11-21,23.41,23.63,22.63,23.02,122673,24.94,22.59,0.89,46.37,21.79,23.17,26.19,26.19,0,,,21.79,,0,,0,,,,,
2017-11-22,23.28,23.28,22.59,23.07,110591,24.9,22.59,0.87,46.97,21.83,23.21,26.02,26.19,0,,,21.83,,0,,0,,,,,
2017-11-23,23.2,23.37,23.07,23.15,122780,24.85,22.59,0.83,47.97,21.91,23.26,25.5,26.02,0,,,21.91,,0,,0,,,,,
2017-11-24,23.15,23.41,22.89,23.11,119471,24.81,22.59,0.81,47.49,21.9,23.3,25.5,25.5,0,,,21.9,,0,,0,,,,,
2017-11-27,23.24,23.54,23.15,23.24,91639,24.77,22.59,0.78,49.27,22.0,23.35,25.5,25.5,0,,,22.0,,0,,0,,,,,
2017-11-28,23.33,24.98,23.24,23.76,362819,24.73,22.59,0.85,55.74,22.29,23.42,25.5,25.5,0,,,22.29,,0,,0,,,,,
2017-11-29,23.5,24.28,23.5,23.67,89717,24.69,22.59,0.85,54.45,22.23,23.49,25.5,25.5,0,,,22.23,,0,,0,,,,,
2017-11-30,23.5,23.85,22.98,23.33,92756,24.64,22.59,0.85,49.75,22.01,23.56,25.5,25.5,0,,,22.01,,0,,0,,,,,
2017-12-01,23.37,23.67,22.98,23.07,109803,24.6,22.59,0.84,46.44,21.85,23.6,25.5,25.5,0,,,21.85,,0,,0,,,,,
2017-12-04,23.24,23.41,22.37,22.59,174984,24.54,22.37,0.85,41.03,21.46,23.65,25.5,25.5,0,,,21.46,,0,,0,,,,,
2017-12-05,23.07,23.76,22.55,22.89,202931,24.48,22.37,0.88,45.32,21.64,23.68,25.5,25.5,0,,,21.64,,0,,0,,,,,
2017-12-06,22.89,22.98,22.11,22.24,157612,24.4,22.11,0.88,38.74,21.13,23.56,25.5,25.5,0,,,21.13,,0,,0,,,,,
2017-12-07,22.24,22.68,22.24,22.63,72175,24.34,22.11,0.84,43.99,21.4,23.51,25.5,25.5,0,,,21.4,,0,,0,,,,,
2017-12-08,23.15,23.15,22.55,22.63,150701,24.28,22.11,0.83,43.99,21.42,23.48,24.98,25.5,0,,,21.42,,0,,0,,,,,
2017-12-11,22.63,22.76,22.37,22.5,109862,24.23,22.11,0.8,42.58,21.35,23.43,24.98,24.98,0,,,21.35,,0,,0,,,,,
2017-12-12,22.59,22.59,22.37,22.46,45733,24.17,22.11,0.75,42.14,21.35,23.37,24.98,24.98,0,,,21.35,,0,,0,,,,,
2017-12-13,22.42,22.76,22.24,22.33,73465,24.11,22.11,0.74,40.64,21.28,23.3,24.98,24.98,0,,,21.28,,0,,0,,,,,
2017-12-14,22.29,22.5,22.2,22.33,79916,24.06,22.11,0.71,40.64,21.3,23.23,24.98,24.98,0,,,21.3,,0,,0,,,,,
2017-12-15,22.11,22.11,17.99,18.21,14430868,23.98,17.99,0.97,17.63,17.1,23.03,24.98,24.98,0,,,17.1,,0,,0,,,,,
2017-12-18,18.47,18.95,17.86,18.43,3095050,23.91,17.86,0.97,20.23,17.19,22.84,24.98,24.98,0,,,17.19,,0,,0,,,,,
2017-12-19,18.73,18.73,18.17,18.25,1036761,23.84,17.86,0.95,19.68,17.09,22.64,24.98,24.98,0,,,17.09,,0,,0,,,,,
2017-12-20,18.34,18.51,18.12,18.25,1125983,23.76,17.86,0.91,19.68,17.12,22.46,24.98,24.98,0,,,17.12,,0,,0,,,,,
2017-12-21,18.3,18.69,18.21,18.51,1298751,23.7,17.86,0.88,23.16,17.31,22.27,24.98,24.98,0,,,17.31,,0,,0,,,,,
2017-12-22,18.73,19.25,18.6,18.99,1933263,23.63,17.86,0.87,29.25,17.62,22.09,24.98,24.98,0,,,17.62,,0,,0,,,,,
2017-12-26,19.38,19.38,18.73,19.21,1101209,23.58,17.86,0.85,31.92,17.78,21.95,24.98,24.98,0,,,17.78,,0,,0,,,,,
2017-12-27,19.21,19.34,18.91,19.04,944771,23.52,17.86,0.82,30.95,17.69,21.8,24.28,24.98,0,,,17.69,,0,,0,,,,,
2017-12-28,19.12,19.69,19.04,19.38,2003606,23.48,17.86,0.81,35.19,17.91,21.68,23.85,24.28,0,,,17.91,,0,,0,,,,,
2017-12-29,20.03,20.03,19.6,19.82,1974055,23.43,17.86,0.8,40.3,18.21,21.57,23.76,23.85,0,,,18.21,,0,,0,,,,,
2018-01-01,19.95,20.42,19.95,20.21,1850925,23.39,17.86,0.78,44.48,18.47,21.46,23.76,23.76,0,,,18.47,,0,,0,,,,,
2018-01-02,20.34,20.47,19.73,19.9,1326321,23.34,17.86,0.78,41.97,18.27,21.34,23.76,23.76,0,,,18.27,,0,,0,,,,,
2018-01-03,20.25,20.29,19.95,19.99,739321,23.3,17.86,0.75,42.98,18.35,21.24,23.15,23.76,0,,,18.35,,0,,0,,,,,
2018-01-04,21.68,21.68,20.25,20.47,3945256,23.26,17.86,0.82,48.15,18.61,21.15,23.15,23.15,0,,,18.61,,0,,0,,,,,
2018-01-05,20.77,20.99,20.38,20.51,1237293,23.22,17.86,0.8,48.57,18.65,21.06,23.15,23.15,0,,,18.65,,0,,0,,,,,
2018-01-08,20.55,20.73,20.38,20.42,745829,23.18,17.86,0.77,47.64,18.61,20.98,22.76,23.15,0,,,18.61,,0,,0,,,,,
2018-01-09,20.47,20.64,20.03,20.16,544286,23.14,18.12,0.76,44.95,18.54,20.87,22.76,22.76,0,,,18.54,,0,,0,,,,,
2018-01-10,20.16,20.25,19.69,19.73,750499,23.1,18.12,0.75,40.85,18.27,20.74,22.76,22.76,0,,,18.27,,0,,0,,,,,
2018-01-11,19.77,19.77,19.43,19.47,783839,23.06,18.21,0.72,38.56,18.15,20.6,22.5,22.76,0,,,18.15,,0,,0,,,,,
2018-01-12,19.69,19.69,19.38,19.43,596199,23.02,18.6,0.69,38.21,18.27,20.47,22.11,22.5,0,,,18.27,,0,,0,,,,,
2018-01-15,19.56,19.6,19.08,19.17,871664,22.97,18.73,0.68,35.89,18.16,20.34,21.68,22.11,0,,,18.16,,0,,0,,,,,
2018-01-16,19.25,19.25,18.82,18.91,771690,22.93,18.82,0.66,33.7,18.03,20.22,21.68,21.68,0,,,18.03,,0,,0,,,,,
2018-01-17,18.73,18.82,18.43,18.73,1047762,22.88,18.43,0.65,32.23,17.79,20.08,21.68,21.68,0,,,17.79,,0,,0,,,,,
2018-01-18,19.51,19.69,18.21,18.34,2169427,22.82,18.21,0.71,29.25,17.43,19.95,21.68,21.68,0,,,17.43,,0,,0,,,,,
2018-01-19,18.51,18.51,18.12,18.21,1232404,22.77,18.12,0.68,28.31,17.33,19.8,21.68,21.68,0,,,17.33,,0,,0,,,,,
2018-01-22,18.3,18.43,18.08,18.21,954291,22.71,18.08,0.66,28.31,17.33,19.65,21.68,21.68,0,,,17.33,,0,,0,,,,,
2018-01-23,18.3,18.43,18.08,18.34,1281203,22.66,18.08,0.64,30.88,17.43,19.51,21.68,21.68,0,,,17.43,,0,,0,,,,,
2018-01-24,18.43,18.51,18.12,18.34,1519396,22.61,18.08,0.62,30.88,17.44,19.38,21.68,21.68,0,,,17.44,,0,,0,,,,,
2018-01-25,19.51,19.51,17.82,17.91,4283710,22.57,17.82,0.7,27.15,17.03,19.23,21.68,21.68,0,,,17.03,,0,,0,,,,,
2018-01-29,18.21,18.25,17.82,17.86,1096865,22.52,17.82,0.68,26.74,17.01,19.08,21.68,21.68,0,,,17.01,,0,,0,,,,,
2018-01-30,18.12,18.12,16.82,17.17,3379356,22.47,16.82,0.72,21.88,16.2,19.05,21.68,21.68,0,,,16.2,,0,,0,,,,,
2018-01-31,17.26,17.26,16.82,17.21,1572355,22.42,16.82,0.7,22.76,16.24,19.0,21.68,21.68,0,,,16.24,,0,,0,,,,,
2018-02-01,17.34,17.52,16.91,17.21,1429375,22.38,16.82,0.69,22.76,16.24,18.97,21.68,21.68,0,,,16.24,,0,,0,,,,,
2018-02-02,16.95,17.17,16.52,16.61,1514110,22.33,16.52,0.69,19.05,15.76,18.92,20.99,21.68,0,,,15.76,,0,,0,,,,,
2018-02-05,16.56,16.95,16.26,16.78,990372,22.27,16.26,0.69,22.89,15.78,18.86,20.73,20.99,0,,,15.78,,0,,0,,,,,
2018-02-06,16.48,17.3,16.13,16.56,2041131,22.22,16.13,0.73,21.47,15.57,18.78,20.64,20.73,0,,,15.57,,0,,0,,,,,
2018-02-07,16.61,16.82,16.35,16.39,756063,22.17,16.13,0.71,20.41,15.48,18.68,20.25,20.64,0,,,15.48,,0,,0,,,,,
2018-02-08,16.65,16.65,16.39,16.48,594422,22.12,16.13,0.68,22.58,15.55,18.6,19.77,20.25,0,,,15.55,,0,,0,,,,,
2018-02-09,16.48,16.48,16.26,16.3,488173,22.06,16.13,0.64,21.33,15.46,18.49,19.69,19.77,0,,,15.46,,0,,0,,,,,
2018-02-12,16.39,16.61,16.22,16.48,558269,22.0,16.13,0.63,25.76,15.59,18.38,19.69,19.69,0,,,15.59,,0,,0,,,,,
2018-02-14,16.43,16.74,16.3,16.35,1132549,21.94,16.13,0.61,24.68,15.51,18.25,19.69,19.69,0,,,15.51,,0,,0,,,,,
2018-02-15,16.3,16.48,16.13,16.26,765326,21.88,16.13,0.59,23.93,15.47,18.13,19.69,19.69,0,,,15.47,,0,,0,,,,,
2018-02-16,16.3,16.3,15.91,16.0,1147275,21.82,15.91,0.58,21.87,15.24,18.0,19.69,19.69,0,,,15.24,,0,,0,,,,,
2018-02-19,16.0,16.04,14.53,14.66,3145674,21.75,14.53,0.65,14.79,13.87,17.81,19.51,19.69,0,,,13.87,,0,,0,,,,,
2018-02-20,14.48,14.83,13.88,14.57,1291255,21.68,13.88,0.67,14.45,13.58,17.61,19.51,19.51,0,,,13.58,,0,,0,,,,,
2018-02-21,14.7,14.83,14.44,14.66,733397,21.61,13.88,0.65,16.51,13.65,17.42,19.51,19.51,0,,,13.65,,0,,0,,,,,
2018-02-22,14.74,14.74,14.35,14.48,828008,21.54,13.88,0.63,15.7,13.55,17.23,19.51,19.51,0,,,13.55,,0,,0,,,,,
2018-02-23,14.74,14.74,14.35,14.53,661385,21.47,13.88,0.61,16.92,13.59,17.05,19.51,19.51,0,,,13.59,,0,,0,,,,,
2018-02-26,14.7,14.7,14.53,14.61,855943,21.4,13.88,0.58,18.95,13.66,16.89,18.25,19.51,0,,,13.66,,0,,0,,,,,
2018-02-27,14.7,14.7,14.22,14.35,572616,21.33,13.88,0.57,17.46,13.5,16.72,18.12,18.25,0,,,13.5,,0,,0,,,,,
2018-02-28,14.35,14.87,13.88,14.57,1415271,21.26,13.88,0.6,22.98,13.62,16.57,17.52,18.12,0,,,13.62,,0,,0,,,,,
2018-03-01,14.48,14.7,14.22,14.44,742374,21.19,13.88,0.59,22.04,13.54,16.42,17.52,17.52,0,,,13.54,,0,,0,,,,,
2018-03-05,14.44,14.61,13.7,13.83,1529134,21.12,13.7,0.62,18.27,13.08,16.26,17.3,17.52,0,,,13.08,,0,,0,,,,,
2018-03-06,14.05,14.14,13.18,13.31,2349552,21.04,13.18,0.64,15.79,12.55,16.09,17.3,17.3,0,,,12.55,,0,,0,,,,,
2018-03-07,13.31,13.31,12.4,12.49,3025939,20.96,12.4,0.66,12.83,11.75,15.9,17.3,17.3,0,,,11.75,,0,,0,,,,,
2018-03-08,12.14,13.79,12.14,12.92,1966267,20.88,12.14,0.73,21.17,11.89,15.72,16.82,17.3,0,,,11.89,,0,,0,,,,,
2018-03-09,12.92,13.22,12.7,12.79,810930,20.8,12.14,0.72,20.53,11.82,15.54,16.74,16.82,0,,,11.82,,0,,0,,,,,
2018-03-12,13.01,13.01,12.1,12.36,1207719,20.72,12.1,0.73,18.54,11.52,15.34,16.74,16.74,0,,,11.52,,0,,0,,,,,
2018-03-13,12.31,13.35,12.27,13.01,1523419,20.64,12.1,0.76,29.66,11.92,15.17,16.74,16.74,0,,,11.92,,0,,0,,,,,
2018-03-14,13.09,13.09,12.75,12.83,1298056,20.57,12.1,0.73,28.5,11.82,15.01,16.74,16.74,0,,,11.82,,0,,0,,,,,
2018-03-15,13.01,13.09,12.75,12.79,1254121,20.49,12.1,0.7,28.23,11.82,14.86,16.48,16.74,0,,,11.82,,0,,0,,,,,
2018-03-16,12.92,13.14,12.79,12.83,2520180,20.42,12.1,0.67,28.94,11.86,14.72,16.3,16.48,0,,,11.86,,0,,0,,,,,
2018-03-19,13.01,13.09,12.57,12.66,930498,20.35,12.1,0.66,27.69,11.76,14.56,16.04,16.3,0,,,11.76,,0,,0,,,,,
2018-03-20,12.62,12.83,12.4,12.49,851862,20.28,12.1,0.65,26.46,11.66,14.43,14.87,16.04,0,,,11.66,,0,,0,,,,,
2018-03-21,12.53,12.7,12.44,12.49,847840,20.21,12.1,0.62,26.46,11.68,14.28,14.87,14.87,0,,,11.68,,0,,0,,,,,
2018-03-22,12.53,12.53,12.14,12.23,1121475,20.14,12.1,0.6,24.52,11.52,14.14,14.87,14.87,0,,,11.52,,0,,0,,,,,
2018-03-23,12.05,12.05,11.79,11.84,1001009,20.06,11.79,0.59,21.92,11.17,13.99,14.87,14.87,0,,,11.17,,0,,0,,,,,
2018-03-26,11.84,12.01,11.58,11.79,1173619,19.99,11.58,0.58,21.61,11.08,13.83,14.87,14.87,0,,,11.08,,0,,0,,,,,
2018-03-27,11.97,12.49,11.92,12.1,1079090,19.91,11.58,0.59,28.48,11.27,13.69,14.87,14.87,0,,,11.27,,0,,0,,,,,
2018-03-28,11.92,12.01,11.71,11.79,1013112,19.83,11.58,0.57,26.03,11.08,13.53,14.87,14.87,0,,,11.08,,0,,0,,,,,
2018-04-02,12.1,12.1,11.79,11.92,743445,19.76,11.58,0.55,28.8,11.18,13.39,14.7,14.87,0,,,11.18,,0,,0,,,,,
2018-04-03,11.97,12.23,11.92,12.14,1031669,19.68,11.58,0.54,33.36,11.33,13.25,14.61,14.7,0,,,11.33,,0,,0,,,,,
2018-04-04,12.18,12.36,11.97,12.01,906481,19.61,11.58,0.53,32.05,11.26,13.12,14.14,14.61,0,,,11.26,,0,,0,,,,,
2018-04-05,12.36,12.53,12.1,12.31,968400,19.53,11.58,0.53,38.07,11.45,13.04,13.79,14.14,0,,,11.45,,0,,0,,,,,
2018-04-06,12.36,12.53,12.18,12.4,780925,19.46,11.58,0.51,39.8,11.52,12.97,13.79,13.79,0,,,11.52,,0,,0,,,,,
2018-04-09,12.53,12.96,12.4,12.83,960191,19.39,11.58,0.52,47.34,11.79,12.9,13.35,13.79,0,,,11.79,,0,,0,,,,,
2018-04-10,12.88,12.92,12.66,12.7,557134,19.32,11.58,0.5,45.48,11.72,12.85,13.35,13.35,0,,,11.72,,0,,0,,,,,
2018-04-11,12.79,12.83,12.57,12.7,998674,19.25,11.58,0.48,45.48,11.73,12.78,13.35,13.35,0,,,11.73,,0,,0,,,,,
2018-04-12,12.7,12.7,12.36,12.44,349811,19.18,11.58,0.47,41.69,11.57,12.71,13.14,13.35,0,,,11.57,,0,,0,,,,,
2018-04-13,12.62,12.62,12.4,12.49,447198,19.11,11.58,0.45,42.68,11.61,12.65,13.14,13.14,0,,,11.61,,0,,0,,,,,
2018-04-16,12.4,12.49,12.23,12.4,332504,19.04,11.58,0.44,41.32,11.56,12.58,13.14,13.14,0,,,11.56,,0,,0,,,,,
2018-04-17,12.4,12.53,12.36,12.44,381770,18.97,11.58,0.42,42.21,11.6,12.51,13.09,13.14,0,,,11.6,,0,,0,,,,,
2018-04-18,12.53,12.53,12.14,12.27,477143,18.9,11.71,0.42,39.49,11.54,12.46,12.96,13.09,0,,,11.54,,0,,0,,,,,
2018-04-19,12.27,12.36,12.18,12.23,177940,18.83,11.71,0.4,38.86,11.52,12.42,12.96,12.96,0,,,11.52,,0,,0,,,,,
2018-04-20,12.31,12.49,12.1,12.14,487488,18.76,11.79,0.4,37.41,11.49,12.41,12.96,12.96,0,,,11.49,,0,,0,,,,,
2018-04-23,12.31,12.4,12.14,12.23,268849,18.69,11.92,0.39,39.83,11.6,12.39,12.96,12.96,0,,,11.6,,0,,0,,,,,
2018-04-24,12.23,12.36,11.97,12.01,421142,18.62,11.97,0.39,36.15,11.48,12.36,12.96,12.96,0,,,11.48,,0,,0,,,,,
2018-04-25,11.97,12.14,11.84,11.88,486253,18.55,11.84,0.38,34.14,11.35,12.35,12.96,12.96,0,,,11.35,,0,,0,,,,,
2018-04-26,12.05,12.14,11.71,11.84,592271,18.48,11.71,0.39,33.52,11.28,12.31,12.96,12.96,0,,,11.28,,0,,0,,,,,
2018-04-27,11.75,12.01,11.66,11.92,1238758,18.41,11.66,0.38,36.01,11.32,12.28,12.96,12.96,0,,,11.32,,0,,0,,,,,
2018-04-30,12.01,12.1,11.92,12.1,356393,18.34,11.66,0.37,41.34,11.44,12.25,12.96,12.96,0,,,11.44,,0,,0,,,,,
2018-05-02,12.14,12.14,11.88,11.92,303393,18.27,11.66,0.36,37.94,11.33,12.22,12.96,12.96,0,,,11.33,,0,,0,,,,,
2018-05-03,12.1,12.1,11.66,11.75,384933,18.2,11.66,0.37,35.01,11.22,12.19,12.96,12.96,0,,,11.22,,0,,0,,,,,
2018-05-04,11.92,13.14,11.79,12.66,5208197,18.13,11.66,0.44,55.03,11.76,12.2,13.14,12.96,0,,,11.76,,0,,0,,,,,
2018-05-07,12.75,12.88,12.49,12.66,1178545,18.07,11.66,0.44,55.03,11.76,12.2,13.14,13.14,0,,,11.76,,0,,0,,,,,
2018-05-08,12.53,12.66,12.31,12.36,706211,18.01,11.66,0.43,49.23,11.57,12.21,13.14,13.14,0,,,11.57,,0,,0,,,,,
2018-05-09,12.23,12.36,12.1,12.14,270470,17.94,11.66,0.42,45.45,11.44,12.22,13.14,13.14,0,,,11.44,,0,,0,,,,,
2018-05-10,12.23,12.27,11.88,11.92,303226,17.88,11.66,0.42,41.98,11.3,12.22,13.14,13.14,0,,,11.3,,0,,0,,,,,
2018-05-11,11.92,11.97,11.75,11.84,406759,17.81,11.66,0.4,40.76,11.26,12.21,13.14,13.14,0,,,11.26,,0,,0,,,,,
2018-05-14,11.84,11.88,11.71,11.75,786960,17.74,11.66,0.39,39.37,11.21,12.21,13.14,13.14,0,,,11.21,,0,,0,,,,,
2018-05-15,11.79,11.84,11.62,11.75,475329,17.68,11.62,0.37,39.37,11.2,12.21,13.14,13.14,0,,,11.2,,0,,0,,,,,
2018-05-16,11.71,11.71,11.23,11.36,859659,17.61,11.23,0.38,33.62,10.81,12.18,13.14,13.14,0,,,10.81,,0,,0,,,,,
2018-05-17,11.53,11.53,11.32,11.4,257549,17.54,11.23,0.37,34.68,10.85,12.16,13.14,13.14,0,,,10.85,,0,,0,,,,,
2018-05-18,11.58,11.88,11.32,11.4,646499,17.47,11.23,0.39,34.68,10.84,12.13,13.14,13.14,0,,,10.84,,0,,0,,,,,
2018-05-21,11.97,12.01,11.49,11.71,743721,17.4,11.23,0.4,42.83,11.03,12.11,13.14,13.14,0,,,11.03,,0,,0,,,,,
2018-05-22,11.75,11.79,11.53,11.62,311674,17.33,11.23,0.39,41.22,10.98,12.07,13.14,13.14,0,,,10.98,,0,,0,,,,,
2018-05-23,11.62,11.84,11.19,11.32,1055210,17.26,11.19,0.41,36.32,10.76,12.02,13.14,13.14,0,,,10.76,,0,,0,,,,,
2018-05-24,11.4,11.45,11.19,11.32,348247,17.19,11.19,0.4,36.32,10.77,11.98,13.14,13.14,0,,,10.77,,0,,0,,,,,
2018-05-25,11.45,11.53,11.32,11.49,212776,17.13,11.19,0.39,40.94,10.88,11.94,13.14,13.14,0,,,10.88,,0,,0,,,,,
2018-05-28,11.66,11.88,11.49,11.84,502973,17.06,11.19,0.39,49.11,11.11,11.92,13.14,13.14,0,,,11.11,,0,,0,,,,,
2018-05-29,11.84,11.97,11.62,11.66,387471,17.0,11.19,0.38,45.61,11.0,11.9,13.14,13.14,0,,,11.0,,0,,0,,,,,
2018-05-30,11.62,11.84,11.53,11.71,303712,16.93,11.19,0.38,46.75,11.03,11.87,13.14,13.14,0,,,11.03,,0,,0,,,,,
2018-05-31,11.84,11.84,11.62,11.66,183687,16.87,11.19,0.37,45.72,11.01,11.85,13.14,13.14,0,,,11.01,,0,,0,,,,,
2018-06-01,11.71,11.79,11.49,11.58,213805,16.77,11.19,0.36,44.05,10.96,11.83,12.88,13.14,0,,,10.96,,0,,0,,,,,
2018-06-04,11.79,11.79,11.14,11.19,388735,16.68,11.14,0.38,36.98,10.68,11.8,12.66,12.88,0,,,10.68,,0,,0,,,,,
2018-06-05,11.27,11.27,10.84,11.01,432384,16.6,10.84,0.39,34.24,10.46,11.76,12.36,12.66,0,,,10.46,,0,,0,,,,,
2018-06-06,11.23,11.49,11.01,11.4,423182,16.52,10.84,0.39,43.92,10.7,11.74,12.27,12.36,0,,,10.7,,0,,0,,,,,
2018-06-07,11.92,11.92,11.45,11.66,315494,16.43,10.84,0.4,49.28,10.87,11.73,12.01,12.27,0,,,10.87,,0,,0,,,,,
2018-06-08,11.71,12.23,11.62,12.14,1105578,16.35,10.84,0.42,57.37,11.17,11.74,12.23,12.01,0,,,11.17,,0,,0,,,,,
2018-06-11,12.1,12.31,12.01,12.14,634207,16.27,10.84,0.41,57.37,11.17,11.75,12.31,12.23,0,,,11.17,,0,,0,,,,,
2018-06-12,12.36,12.36,11.97,12.01,223601,16.19,10.84,0.41,54.63,11.09,11.75,12.36,12.31,0,,,11.09,,0,,0,,,,,
2018-06-13,12.1,12.14,11.97,12.01,306167,16.11,10.84,0.39,54.63,11.1,11.75,12.36,12.36,0,,,11.1,,0,,0,,,,,
2018-06-14,12.01,12.1,11.88,11.92,206029,16.02,10.84,0.38,52.62,11.05,11.75,12.36,12.36,0,,,11.05,,0,,0,,,,,
2018-06-15,12.01,12.01,11.71,11.75,248537,15.94,10.84,0.37,48.94,10.94,11.72,12.36,12.36,0,,,10.94,,0,,0,,,,,
2018-06-18,11.66,11.79,11.53,11.62,201516,15.86,10.84,0.36,46.28,10.87,11.69,12.36,12.36,0,,,10.87,,0,,0,,,,,
2018-06-19,11.71,11.84,11.53,11.71,267869,15.78,10.84,0.36,48.37,10.93,11.67,12.36,12.36,0,,,10.93,,0,,0,,,,,
2018-06-20,11.88,11.88,10.75,11.58,2617048,15.7,10.75,0.42,45.61,10.78,11.65,12.36,12.36,0,,,10.78,,0,,0,,,,,
2018-06-21,11.1,11.84,10.75,11.53,2034992,15.62,10.75,0.46,44.55,10.71,11.64,12.36,12.36,0,,,10.71,,0,,0,,,,,
2018-06-22,11.32,11.62,11.32,11.45,833164,15.54,10.75,0.45,42.84,10.67,11.62,12.36,12.36,0,,,10.67,,0,,0,,,,,
2018-06-25,11.36,11.49,11.23,11.32,522331,15.46,10.75,0.44,40.15,10.59,11.61,12.36,12.36,0,,,10.59,,0,,0,,,,,
2018-06-26,11.32,11.4,11.01,11.14,390824,15.38,10.75,0.43,36.71,10.48,11.59,12.36,12.36,0,,,10.48,,0,,0,,,,,
2018-06-27,11.32,11.32,10.75,10.88,363834,15.3,10.75,0.44,32.39,10.3,11.57,12.36,12.36,0,,,10.3,,0,,0,,,,,
2018-06-28,10.88,11.06,10.58,10.67,516089,15.21,10.58,0.45,29.39,10.11,11.55,12.36,12.36,0,,,10.11,,0,,0,,,,,
2018-06-29,10.67,10.93,10.58,10.84,585435,15.13,10.58,0.44,34.67,10.23,11.53,12.36,12.36,0,,,10.23,,0,,0,,,,,
2018-07-02,11.1,11.27,10.75,10.8,1062506,15.05,10.58,0.45,34.03,10.2,11.5,12.36,12.36,0,,,10.2,,0,,0,,,,,
2018-07-03,10.88,10.97,10.8,10.88,486296,14.97,10.58,0.43,36.57,10.26,11.47,12.36,12.36,0,,,10.26,,0,,0,,,,,
2018-07-04,10.93,10.97,10.84,10.93,299509,14.89,10.58,0.4,38.17,10.31,11.46,12.36,12.36,0,,,10.31,,0,,0,,,,,
2018-07-05,10.97,11.06,10.54,10.62,430756,14.8,10.54,0.41,32.66,10.09,11.44,12.36,12.36,0,,,10.09,,0,,0,,,,,
2018-07-06,10.54,10.75,10.49,10.71,379850,14.71,10.49,0.4,35.57,10.14,11.41,12.36,12.36,0,,,10.14,,0,,0,,,,,
2018-07-09,10.93,10.93,10.67,10.71,434861,14.63,10.49,0.39,35.57,10.14,11.37,12.36,12.36,0,,,10.14,,0,,0,,,,,
2018-07-10,10.8,10.84,10.71,10.8,222187,14.55,10.49,0.37,38.64,10.21,11.35,12.14,12.36,0,,,10.21,,0,,0,,,,,
2018-07-11,10.8,10.84,10.58,10.62,356216,14.47,10.49,0.37,35.04,10.1,11.31,12.1,12.14,0,,,10.1,,0,,0,,,,,
2018-07-12,10.67,10.75,10.54,10.58,215002,14.38,10.49,0.35,34.28,10.08,11.27,12.01,12.1,0,,,10.08,,0,,0,,,,,
2018-07-13,10.67,10.67,10.32,10.45,426530,14.31,10.32,0.35,31.85,9.94,11.24,11.88,12.01,0,,,9.94,,0,,0,,,,,
2018-07-16,10.54,10.54,10.28,10.32,254573,14.22,10.28,0.35,29.58,9.85,11.21,11.88,11.88,0,,,9.85,,0,,0,,,,,
2018-07-17,10.36,10.62,10.28,10.54,438015,14.14,10.28,0.35,37.65,9.99,11.19,11.88,11.88,0,,,9.99,,0,,0,,,,,
2018-07-18,10.58,10.75,10.28,10.32,622866,14.06,10.28,0.36,33.52,9.85,11.16,11.84,11.88,0,,,9.85,,0,,0,,,,,
2018-07-19,10.36,10.67,10.28,10.49,518898,13.98,10.28,0.36,39.08,9.95,11.12,11.62,11.84,0,,,9.95,,0,,0,,,,,
2018-07-20,10.54,10.54,10.28,10.32,248469,13.9,10.28,0.35,35.85,9.85,11.06,11.49,11.62,0,,,9.85,,0,,0,,,,,
2018-07-23,10.32,10.45,10.23,10.36,361529,13.82,10.23,0.34,37.17,9.86,11.0,11.4,11.49,0,,,9.86,,0,,0,,,,,
2018-07-24,10.41,10.62,10.36,10.54,363229,13.77,10.23,0.34,42.85,9.98,10.95,11.32,11.4,0,,,9.98,,0,,0,,,,,
2018-07-25,10.54,10.67,10.54,10.58,219801,13.72,10.23,0.32,44.06,10.02,10.9,11.27,11.32,0,,,10.02,,0,,0,,,,,
2018-07-26,10.62,10.75,10.49,10.54,578590,13.67,10.23,0.32,43.08,10.0,10.85,11.27,11.27,0,,,10.0,,0,,0,,,,,
2018-07-27,10.62,10.93,10.58,10.84,501028,13.62,10.23,0.32,51.77,10.19,10.82,11.27,11.27,0,,,10.19,,0,,0,,,,,
2018-07-30,10.88,11.66,10.88,11.4,1027095,13.57,10.23,0.36,63.1,10.52,10.82,11.66,11.27,0,,,10.52,,0,,0,,,,,
2018-07-31,11.49,11.62,11.36,11.45,715324,13.52,10.23,0.35,63.92,10.56,10.81,11.66,11.66,0,,,10.56,,0,,0,,,,,
2018-08-01,11.49,11.84,11.45,11.66,632916,13.47,10.23,0.35,67.19,10.7,10.81,11.84,11.66,0,,,10.7,,0,,0,,,,,
2018-08-02,11.66,11.66,11.45,11.62,296999,13.42,10.23,0.34,65.97,10.68,10.81,11.84,11.84,0,,,10.68,,0,,0,,,,,
2018-08-03,11.84,12.18,10.67,11.49,3780606,13.37,10.23,0.43,62.0,10.54,10.81,12.18,11.84,0,,,10.54,,0,,0,,,,,
2018-08-06,11.4,11.49,11.27,11.32,840599,13.31,10.23,0.41,57.15,10.44,10.81,12.18,12.18,0,,,10.44,,0,,0,,,,,
2018-08-07,11.36,11.4,11.06,11.1,441607,13.25,10.23,0.41,51.54,10.3,10.81,12.18,12.18,0,,,10.3,,0,,0,,,,,
2018-08-08,11.14,11.19,11.01,11.06,336303,13.19,10.23,0.39,50.57,10.28,10.82,12.18,12.18,0,,,10.28,,0,,0,,,,,
2018-08-09,11.19,11.92,11.14,11.53,1134403,13.13,10.23,0.42,60.09,10.56,10.85,12.18,12.18,0,,,10.56,,0,,0,,,,,
2018-08-10,11.62,11.62,11.27,11.27,371144,13.07,10.23,0.42,53.91,10.4,10.86,12.18,12.18,0,,,10.4,,0,,0,,,,,
2018-08-13,11.27,11.4,11.19,11.23,401510,13.01,10.36,0.4,53.0,10.43,10.88,12.18,12.18,0,,,10.43,,0,,0,,,,,
2018-08-14,11.27,11.27,11.1,11.14,210552,12.95,10.49,0.39,50.93,10.42,10.88,12.18,12.18,0,,,10.42,,0,,0,,,,,
2018-08-16,11.23,11.36,11.1,11.14,287494,12.89,10.49,0.38,50.93,10.43,10.89,12.18,12.18,0,,,10.43,,0,,0,,,,,
2018-08-17,11.19,11.36,11.19,11.27,210479,12.83,10.58,0.37,53.95,10.55,10.91,12.18,12.18,0,,,10.55,,0,,0,,,,,
2018-08-20,11.32,11.4,11.27,11.32,212389,12.78,10.67,0.35,55.09,10.62,10.93,12.18,12.18,0,,,10.62,,0,,0,,,,,
2018-08-21,11.36,11.45,11.27,11.32,226969,12.72,10.67,0.34,55.09,10.63,10.95,12.18,12.18,0,,,10.63,,0,,0,,,,,
2018-08-23,11.32,11.36,11.14,11.19,564178,12.67,10.67,0.33,51.25,10.55,10.97,12.18,12.18,0,,,10.55,,0,,0,,,,,
2018-08-24,11.23,11.23,11.1,11.14,245148,12.62,10.67,0.32,49.82,10.53,10.98,12.18,12.18,0,,,10.53,,0,,0,,,,,
2018-08-27,11.32,11.32,11.14,11.19,277804,12.57,10.67,0.31,51.29,10.57,11.0,12.18,12.18,0,,,10.57,,0,,0,,,,,
2018-08-28,11.23,11.23,11.1,11.14,136949,12.52,11.01,0.29,49.72,10.66,11.03,12.18,12.18,0,,,10.66,,0,,0,,,,,
2018-08-29,11.14,11.23,11.1,11.14,152435,12.47,11.01,0.28,49.72,10.67,11.06,12.18,12.18,0,,,10.67,,0,,0,,,,,
2018-08-30,11.32,11.53,11.32,11.36,797628,12.43,11.01,0.29,56.51,10.8,11.08,12.18,12.18,0,,,10.8,,0,,0,,,,,
2018-08-31,11.36,11.45,11.23,11.4,359746,12.38,11.1,0.28,57.63,10.86,11.12,12.18,12.18,0,,,10.86,,0,,0,,,,,
2018-09-03,11.4,11.49,11.27,11.32,408580,12.34,11.1,0.28,54.6,10.82,11.15,12.18,12.18,0,,,10.82,,0,,0,,,,,
2018-09-04,11.32,11.36,11.19,11.23,483693,12.29,11.1,0.27,51.33,10.76,11.18,11.92,12.18,0,,,10.76,,0,,0,,,,,
2018-09-05,11.27,11.27,11.01,11.06,276513,12.25,11.01,0.27,45.76,10.62,11.2,11.92,11.92,0,,,10.62,,0,,0,,,,,
2018-09-06,11.14,11.23,11.01,11.01,172503,12.2,11.01,0.27,44.24,10.59,11.22,11.92,11.92,0,,,10.59,,0,,0,,,,,
2018-09-07,11.06,11.1,11.01,11.06,100264,12.16,11.01,0.25,46.17,10.63,11.23,11.92,11.92,0,,,10.63,,0,,0,,,,,
2018-09-10,11.01,11.1,10.97,11.01,218739,12.12,10.97,0.25,44.51,10.59,11.25,11.62,11.92,0,,,10.59,,0,,0,,,,,
2018-09-11,11.06,11.1,10.88,10.93,180004,12.08,10.88,0.24,41.92,10.51,11.25,11.53,11.62,0,,,10.51,,0,,0,,,,,
2018-09-12,10.93,10.97,10.75,10.84,255392,12.04,10.75,0.24,39.16,10.41,11.23,11.53,11.53,0,,,10.41,,0,,0,,,,,
2018-09-14,10.88,11.01,10.84,10.88,410171,12.01,10.75,0.24,41.02,10.44,11.21,11.53,11.53,0,,,10.44,,0,,0,,,,,
2018-09-17,10.97,10.97,10.8,10.88,212085,11.97,10.75,0.23,41.02,10.45,11.19,11.53,11.53,0,,,10.45,,0,,0,,,,,
2018-09-18,11.84,12.05,10.93,11.01,2492683,11.93,10.75,0.3,47.11,10.49,11.17,12.05,11.53,0,,,10.49,,0,,0,,,,,
2018-09-19,11.1,11.1,10.8,10.84,898001,11.9,10.75,0.3,41.13,10.38,11.14,12.05,12.05,0,,,10.38,,0,,0,,,,,
2018-09-21,10.93,10.93,10.49,10.54,785910,11.86,10.49,0.31,33.13,10.09,11.12,12.05,12.05,0,,,10.09,,0,,0,,,,,
2018-09-24,10.49,10.54,10.28,10.32,339389,11.82,10.28,0.31,28.72,9.88,11.09,12.05,12.05,0,,,9.88,,0,,0,,,,,
2018-09-25,10.36,10.41,10.02,10.06,467590,11.78,10.02,0.31,24.56,9.62,11.06,12.05,12.05,0,,,9.62,,0,,0,,,,,
2018-09-26,10.15,10.32,10.15,10.15,271461,11.74,10.02,0.31,28.42,9.68,11.01,12.05,12.05,0,,,9.68,,0,,0,,,,,
2018-09-27,10.15,10.19,9.67,9.71,736465,11.7,9.67,0.32,22.38,9.27,10.96,12.05,12.05,0,,,9.27,,0,,0,,,,,
2018-09-28,9.8,9.89,9.58,9.63,342204,11.67,9.58,0.32,21.49,9.19,10.91,12.05,12.05,0,,,9.19,,0,,0,,,,,
2018-10-01,9.76,9.89,9.54,9.8,338308,11.64,9.54,0.32,28.07,9.28,10.86,12.05,12.05,0,,,9.28,,0,,0,,,,,
2018-10-03,9.84,10.1,9.63,9.89,261974,11.61,9.54,0.33,31.34,9.34,10.82,12.05,12.05,0,,,9.34,,0,,0,,,,,
2018-10-04,9.8,9.93,9.67,9.89,263198,11.58,9.54,0.33,31.34,9.34,10.78,12.05,12.05,0,,,9.34,,0,,0,,,,,
2018-10-05,9.84,9.84,9.67,9.71,285727,11.54,9.54,0.32,28.35,9.23,10.72,12.05,12.05,0,,,9.23,,0,,0,,,,,
2018-10-08,9.54,9.67,9.41,9.45,379707,11.51,9.41,0.32,24.68,9.02,10.66,12.05,12.05,0,,,9.02,,0,,0,,,,,
2018-10-09,9.5,9.54,9.32,9.37,255900,11.48,9.32,0.31,23.66,8.94,10.6,12.05,12.05,0,,,8.94,,0,,0,,,,,
2018-10-10,9.37,9.63,9.32,9.58,187842,11.44,9.32,0.31,31.61,9.08,10.55,12.05,12.05,0,,,9.08,,0,,0,,,,,
2018-10-11,9.37,9.5,9.28,9.32,287902,11.41,9.28,0.31,27.76,8.9,10.48,12.05,12.05,0,,,8.9,,0,,0,,,,,
2018-10-12,9.58,9.63,9.32,9.41,706516,11.39,9.28,0.31,30.9,8.96,10.43,12.05,12.05,0,,,8.96,,0,,0,,,,,
2018-10-15,9.58,9.58,9.41,9.45,324507,11.37,9.28,0.3,32.31,8.99,10.37,12.05,12.05,0,,,8.99,,0,,0,,,,,
2018-10-16,9.54,10.06,9.5,9.97,492751,11.35,9.28,0.32,47.34,9.31,10.32,12.05,12.05,0,,,9.31,,0,,0,,,,,
2018-10-17,10.06,10.28,9.63,9.76,364002,11.33,9.28,0.35,43.17,9.16,10.27,12.05,12.05,0,,,9.16,,0,,0,,,,,
2018-10-19,9.67,11.14,9.63,9.84,436912,11.31,9.28,0.43,45.15,9.15,10.22,11.14,12.05,0,,,9.15,,0,,0,,,,,
2018-10-22,9.89,9.89,9.58,9.67,194042,11.29,9.28,0.42,41.82,9.05,10.17,11.14,11.14,0,,,9.05,,0,,0,,,,,
2018-10-23,9.8,9.8,9.63,9.63,156319,11.27,9.28,0.4,41.05,9.04,10.12,11.14,11.14,0,,,9.04,,0,,0,,,,,
2018-10-24,9.67,9.97,9.67,9.89,245291,11.25,9.28,0.4,47.77,9.21,10.08,11.14,11.14,0,,,9.21,,0,,0,,,,,
2018-10-25,9.8,9.89,9.63,9.63,156671,11.23,9.28,0.39,42.54,9.05,10.04,11.14,11.14,0,,,9.05,,0,,0,,,,,
2018-10-26,9.67,9.67,9.41,9.45,273405,11.21,9.28,0.38,39.34,8.94,9.98,11.14,11.14,0,,,8.94,,0,,0,,,,,
2018-10-29,9.5,10.1,9.45,10.06,444096,11.19,9.28,0.4,52.43,9.32,9.95,11.14,11.14,0,,,9.32,,0,,0,,,,,
2018-10-30,10.15,12.05,10.06,12.05,8874909,11.19,9.28,0.51,72.94,10.52,9.99,12.05,11.14,1,12.05,10.52,10.52,10.52,1,2018-10-30,0,,,31,,
2018-10-31,12.14,12.75,11.49,11.71,2549606,11.18,9.28,0.57,67.58,10.27,10.02,12.75,12.05,0,,,10.27,10.52,1,2018-10-30,0,,,31,,
2018-11-01,11.79,12.1,11.53,11.58,780158,11.18,9.28,0.57,65.59,10.18,10.05,12.75,12.75,0,,,10.18,10.52,1,2018-10-30,0,,,31,,
2018-11-02,11.66,11.92,11.27,11.32,842094,11.18,9.32,0.57,61.69,10.03,10.06,12.75,12.75,0,,,10.03,10.52,1,2018-10-30,0,,,31,,
2018-11-05,11.4,11.71,11.19,11.62,632753,11.18,9.41,0.57,64.33,10.25,10.08,12.75,12.75,0,,,10.25,10.52,1,2018-10-30,0,,,31,,
2018-11-06,11.79,12.1,11.62,11.75,548110,11.18,9.41,0.56,65.44,10.34,10.12,12.75,12.75,0,,,10.34,10.52,1,2018-10-30,0,,,31,,
2018-11-07,11.75,11.92,11.71,11.79,165028,11.17,9.41,0.54,65.79,10.38,10.17,12.75,12.75,0,,,10.38,10.52,1,2018-10-30,0,,,31,,
2018-11-09,11.79,12.1,11.79,11.92,825603,11.17,9.41,0.52,66.97,10.48,10.23,12.75,12.75,0,,,10.48,10.52,1,2018-10-30,0,,,31,,
2018-11-12,12.14,12.14,11.66,11.79,782965,11.17,9.41,0.52,64.57,10.4,10.29,12.75,12.75,0,,,10.4,10.52,1,2018-10-30,0,,,31,,
2018-11-13,12.14,12.27,11.92,12.1,1108855,11.17,9.41,0.52,67.56,10.6,10.37,12.75,12.75,0,,,10.6,10.6,1,2018-10-30,0,,,31,,
2018-11-14,12.14,12.14,11.75,11.79,795193,11.17,9.41,0.51,61.94,10.4,10.44,12.75,12.75,0,,,10.4,10.6,1,2018-10-30,0,,,31,,
2018-11-15,11.79,11.97,11.58,11.88,348434,11.16,9.41,0.5,62.9,10.47,10.51,12.75,12.75,0,,,10.47,10.6,1,2018-10-30,0,,,31,,
2018-11-16,11.92,12.05,11.75,11.79,628900,11.15,9.41,0.48,61.23,10.42,10.57,12.75,12.75,0,,,10.42,10.6,1,2018-10-30,0,,,31,,
2018-11-19,12.14,13.27,11.88,12.83,3853474,11.15,9.45,0.56,70.86,11.06,10.67,13.27,12.75,1,12.83,11.06,11.06,11.06,1,2018-10-30,0,,,31,,
2018-11-20,12.14,12.53,11.88,12.36,1246486,11.15,10.06,0.58,63.22,10.94,10.76,13.27,13.27,0,,,10.94,11.06,1,2018-10-30,0,,,31,,
2018-11-21,12.27,12.57,12.14,12.23,631907,11.15,11.19,0.57,61.25,11.24,10.85,13.27,13.27,0,,,11.24,11.24,1,2018-10-30,0,,,31,,
2018-11-22,12.27,12.36,12.01,12.05,302857,11.15,11.19,0.56,58.53,11.13,10.94,13.27,13.27,0,,,11.13,11.24,1,2018-10-30,0,,,31,,
2018-11-26,11.92,12.05,11.71,11.79,624703,11.15,11.19,0.54,54.75,10.97,11.01,13.27,13.27,0,,,10.97,11.24,1,2018-10-30,0,,,31,,
2018-11-27,11.79,12.05,11.45,11.53,1029529,11.14,11.19,0.55,51.19,10.8,11.09,13.27,13.27,0,,,10.8,11.24,1,2018-10-30,0,,,31,,
2018-11-28,11.58,11.66,11.27,11.36,501127,11.13,11.27,0.53,48.95,10.73,11.15,13.27,13.27,0,,,10.73,11.24,1,2018-10-30,0,,,31,,
2018-11-29,11.4,11.62,11.32,11.36,502471,11.13,11.27,0.52,48.95,10.74,11.22,13.27,13.27,0,,,10.74,11.24,1,2018-10-30,0,,,31,,
2018-11-30,11.27,11.4,11.23,11.27,219545,11.12,11.23,0.49,47.67,10.68,11.26,13.27,13.27,0,,,10.68,11.24,1,2018-10-30,1,11.24,TRAILING_STOP,31,22,-6.75
2018-12-03,11.4,11.58,11.27,11.32,383428,11.12,11.23,0.48,48.48,10.73,11.31,13.27,13.27,0,,,10.73,,0,,0,,,,,
2018-12-04,11.4,11.4,11.27,11.32,316040,11.11,11.23,0.45,48.48,10.74,11.36,13.27,13.27,0,,,10.74,,0,,0,,,,,
2018-12-05,11.27,11.36,11.19,11.23,192212,11.11,11.19,0.43,46.97,10.68,11.41,13.27,13.27,0,,,10.68,,0,,0,,,,,
2018-12-06,11.1,11.19,10.75,10.88,266628,11.1,10.75,0.44,41.54,10.31,11.46,13.27,13.27,0,,,10.31,,0,,0,,,,,
2018-12-07,10.97,11.1,10.84,10.88,207208,11.1,10.75,0.42,41.54,10.32,11.49,13.27,13.27,0,,,10.32,,0,,0,,,,,
2018-12-10,10.49,10.84,10.45,10.54,208788,11.09,10.45,0.43,36.76,10.0,11.52,13.27,13.27,0,,,10.0,,0,,0,,,,,
2018-12-11,10.45,11.06,10.41,10.93,346567,11.08,10.41,0.44,44.63,10.23,11.57,13.27,13.27,0,,,10.23,,0,,0,,,,,
2018-12-12,11.27,12.1,11.19,11.79,1088278,11.08,10.41,0.49,57.27,10.75,11.63,13.27,13.27,0,,,10.75,,0,,0,,,,,
2018-12-13,12.05,12.1,11.53,11.66,932221,11.07,10.41,0.5,55.22,10.66,11.61,13.27,13.27,0,,,10.66,,0,,0,,,,,
2018-12-14,11.88,11.97,11.58,11.79,696740,11.06,10.41,0.49,56.88,10.75,11.62,13.27,13.27,0,,,10.75,,0,,0,,,,,
2018-12-17,11.79,11.79,11.53,11.66,202785,11.06,10.41,0.47,54.69,10.67,11.62,13.27,13.27,0,,,10.67,,0,,0,,,,,
2018-12-18,11.62,11.88,11.53,11.75,360189,11.06,10.41,0.47,55.96,10.74,11.63,12.57,13.27,0,,,10.74,,0,,0,,,,,
2018-12-19,11.79,13.4,11.79,12.83,2854456,11.07,10.41,0.55,67.62,11.38,11.67,13.4,12.57,1,12.83,11.38,11.38,11.38,1,2018-12-19,0,,,32,,
2018-12-20,12.96,13.22,12.83,13.01,3458130,11.08,10.41,0.54,69.09,11.5,11.71,13.4,13.4,0,,,11.5,11.5,1,2018-12-19,0,,,32,,
2018-12-21,13.18,13.27,12.66,12.75,1706862,11.08,10.41,0.54,64.54,11.33,11.75,13.4,13.4,0,,,11.33,11.5,1,2018-12-19,0,,,32,,
2018-12-24,12.75,12.88,12.31,12.44,953928,11.09,10.41,0.55,59.5,11.13,11.76,13.4,13.4,0,,,11.13,11.5,1,2018-12-19,0,,,32,,
2018-12-26,12.31,12.36,11.97,12.1,752649,11.09,10.41,0.54,54.48,10.91,11.77,13.4,13.4,0,,,10.91,11.5,1,2018-12-19,0,,,32,,
2018-12-27,12.57,13.44,12.4,12.96,4963507,11.1,10.41,0.6,62.99,11.43,11.8,13.44,13.4,0,,,11.43,11.5,1,2018-12-19,0,,,32,,
2018-12-28,13.22,13.27,13.01,13.05,1261678,11.11,10.41,0.58,63.75,11.5,11.84,13.44,13.44,0,,,11.5,11.5,1,2018-12-19,0,,,32,,
2018-12-31,13.22,13.22,12.88,12.92,677366,11.12,10.41,0.56,61.77,11.43,11.88,13.44,13.44,0,,,11.43,11.5,1,2018-12-19,0,,,32,,
2019-01-01,13.18,13.62,13.09,13.35,2356629,11.14,10.41,0.57,65.58,11.7,11.93,13.62,13.44,0,,,11.7,11.7,1,2018-12-19,0,,,32,,
2019-01-02,13.7,13.83,13.22,13.57,3027148,11.15,11.19,0.57,67.37,12.1,11.96,13.83,13.62,0,,,12.1,12.1,1,2018-12-19,0,,,32,,
2019-01-03,13.31,13.62,13.01,13.09,2517516,11.16,11.53,0.58,60.03,11.9,11.98,13.83,13.83,0,,,11.9,12.1,1,2018-12-19,0,,,32,,
2019-01-04,13.22,13.53,13.18,13.4,2198152,11.17,11.53,0.57,62.84,12.11,12.02,13.83,13.83,0,,,12.11,12.11,1,2018-12-19,0,,,32,,
2019-01-07,13.62,13.62,13.09,13.18,819177,11.18,11.53,0.56,59.63,11.97,12.06,13.83,13.83,0,,,11.97,12.11,1,2018-12-19,0,,,32,,
2019-01-08,13.22,13.44,13.05,13.22,750451,11.19,11.53,0.55,60.03,12.0,12.1,13.83,13.83,0,,,12.0,12.11,1,2018-12-19,0,,,32,,
2019-01-09,13.44,13.53,13.09,13.18,1176666,11.2,11.79,0.54,59.4,12.07,12.16,13.83,13.83,0,,,12.07,12.11,1,2018-12-19,0,,,32,,
2019-01-10,13.18,13.18,13.05,13.05,425809,11.21,11.97,0.51,57.28,12.06,12.22,13.83,13.83,0,,,12.06,12.11,1,2018-12-19,0,,,32,,
2019-01-11,13.22,13.27,13.01,13.05,380949,11.22,11.97,0.5,57.28,12.08,12.27,13.83,13.83,0,,,12.08,12.11,1,2018-12-19,0,,,32,,
2019-01-14,12.96,13.01,12.75,12.79,344803,11.24,11.97,0.48,52.91,11.92,12.32,13.83,13.83,0,,,11.92,12.11,1,2018-12-19,0,,,32,,
2019-01-15,12.79,12.92,12.66,12.7,317983,11.24,11.97,0.47,51.44,11.87,12.37,13.83,13.83,0,,,11.87,12.11,1,2018-12-19,0,,,32,,
2019-01-16,12.7,13.14,12.66,12.96,809192,11.25,12.4,0.47,55.29,12.18,12.42,13.83,13.83,0,,,12.18,12.18,1,2018-12-19,0,,,32,,
2019-01-17,13.05,13.05,12.79,12.83,437815,11.26,12.66,0.45,53.03,12.19,12.48,13.83,13.83,0,,,12.19,12.19,1,2018-12-19,0,,,32,,
2019-01-18,12.79,12.92,12.62,12.7,308860,11.26,12.62,0.44,50.79,12.1,12.54,13.83,13.83,0,,,12.1,12.19,1,2018-12-19,0,,,32,,
2019-01-21,12.79,13.01,12.44,12.57,530756,11.27,12.44,0.45,48.58,11.95,12.59,13.83,13.83,0,,,11.95,12.19,1,2018-12-19,0,,,32,,
2019-01-22,12.62,12.66,12.18,12.31,493907,11.27,12.18,0.45,44.42,11.7,12.65,13.83,13.83,0,,,11.7,12.19,1,2018-12-19,1,12.19,TRAILING_STOP,32,24,-4.96
2019-01-23,12.36,13.62,12.31,12.62,6913089,11.27,12.18,0.51,49.93,11.86,12.71,13.83,13.83,0,,,11.86,,0,,0,,,,,
2019-01-24,12.05,12.62,11.84,12.1,1669691,11.27,11.84,0.53,42.35,11.4,12.72,13.83,13.83,0,,,11.4,,0,,0,,,,,
2019-01-25,12.31,12.57,12.14,12.18,696548,11.28,11.84,0.53,43.76,11.45,12.74,13.83,13.83,0,,,11.45,,0,,0,,,,,
2019-01-28,12.31,12.31,11.88,11.92,501820,11.28,11.84,0.52,40.3,11.29,12.74,13.83,13.83,0,,,11.29,,0,,0,,,,,
2019-01-29,11.79,12.1,11.53,12.01,449465,11.28,11.53,0.52,42.01,11.24,12.75,13.83,13.83,0,,,11.24,,0,,0,,,,,
2019-01-30,11.71,12.96,11.71,12.23,1175168,11.29,11.53,0.58,46.07,11.35,12.77,13.62,13.83,0,,,11.35,,0,,0,,,,,
2019-01-31,12.27,12.92,12.23,12.62,1118550,11.29,11.53,0.58,52.44,11.59,12.76,13.62,13.62,0,,,11.59,,0,,0,,,,,
2019-02-01,14.31,14.4,12.53,12.88,7376335,11.31,11.53,0.68,56.16,11.7,12.76,14.4,13.62,0,,,11.7,,0,,0,,,,,
2019-02-04,12.57,12.83,11.97,12.27,926640,11.31,11.53,0.69,46.9,11.3,12.74,14.4,14.4,0,,,11.3,,0,,0,,,,,
2019-02-05,12.23,12.31,11.84,11.88,490508,11.32,11.53,0.68,42.12,11.05,12.72,14.4,14.4,0,,,11.05,,0,,0,,,,,
2019-02-06,11.79,12.05,11.66,11.88,450383,11.33,11.53,0.66,42.12,11.07,12.72,14.4,14.4,0,,,11.07,,0,,0,,,,,
2019-02-07,11.88,12.23,11.84,11.92,499198,11.33,11.53,0.64,42.81,11.11,12.68,14.4,14.4,0,,,11.11,,0,,0,,,,,
2019-02-08,11.88,12.1,11.62,11.71,434645,11.34,11.53,0.63,40.09,10.98,12.64,14.4,14.4,0,,,10.98,,0,,0,,,,,
2019-02-11,11.62,11.71,11.36,11.45,348708,11.34,11.36,0.61,36.97,10.77,12.59,14.4,14.4,0,,,10.77,,0,,0,,,,,
2019-02-12,11.45,11.49,11.27,11.32,261124,11.35,11.27,0.58,35.48,10.67,12.52,14.4,14.4,0,,,10.67,,0,,0,,,,,
2019-02-14,11.19,11.32,11.06,11.23,462005,11.35,11.06,0.56,34.44,10.56,12.44,14.4,14.4,0,,,10.56,,0,,0,,,,,
2019-02-15,11.14,11.23,10.93,10.97,308506,11.35,10.93,0.54,31.58,10.36,12.37,14.4,14.4,0,,,10.36,,0,,0,,,,,
2019-02-18,10.67,10.84,10.62,10.71,405614,11.35,10.62,0.52,28.98,10.1,12.28,14.4,14.4,0,,,10.1,,0,,0,,,,,
2019-02-19,10.62,10.75,10.45,10.67,374882,11.35,10.45,0.51,28.59,10.03,12.2,14.4,14.4,0,,,10.03,,0,,0,,,,,
2019-02-20,10.71,10.93,10.58,10.67,778014,11.35,10.45,0.5,28.59,10.03,12.11,14.4,14.4,0,,,10.03,,0,,0,,,,,
2019-02-21,11.27,12.1,11.01,11.19,1293773,11.36,10.45,0.56,40.62,10.33,12.05,14.4,14.4,0,,,10.33,,0,,0,,,,,
2019-02-22,11.19,11.19,10.93,11.01,431293,11.36,10.45,0.54,38.22,10.22,11.98,14.4,14.4,0,,,10.22,,0,,0,,,,,
2019-02-25,10.93,11.27,10.93,11.23,342318,11.37,10.45,0.53,42.68,10.37,11.92,14.4,14.4,0,,,10.37,,0,,0,,,,,
2019-02-26,11.1,11.62,10.93,11.14,631755,11.37,10.45,0.54,41.37,10.31,11.86,14.4,14.4,0,,,10.31,,0,,0,,,,,
2019-02-27,11.49,11.49,11.1,11.14,410882,11.38,10.45,0.53,41.37,10.32,11.81,14.4,14.4,0,,,10.32,,0,,0,,,,,
2019-02-28,11.23,11.23,10.84,11.06,356263,11.38,10.45,0.52,40.09,10.27,11.75,14.4,14.4,0,,,10.27,,0,,0,,,,,
2019-03-01,11.06,11.32,11.01,11.27,623784,11.39,10.45,0.5,44.89,10.42,11.7,14.4,14.4,0,,,10.42,,0,,0,,,,,
2019-03-05,11.27,11.71,11.23,11.62,869228,11.39,10.45,0.5,51.82,10.64,11.66,12.83,14.4,0,,,10.64,,0,,0,,,,,
2019-03-06,11.62,11.79,11.49,11.62,463946,11.4,10.45,0.49,51.82,10.65,11.63,12.31,12.83,0,,,10.65,,0,,0,,,,,
2019-03-07,11.58,11.84,11.49,11.53,607745,11.41,10.45,0.48,49.94,10.6,11.6,12.23,12.31,0,,,10.6,,0,,0,,,,,
2019-03-08,11.49,11.53,10.67,11.32,524512,11.41,10.45,0.51,45.79,10.45,11.56,12.23,12.23,0,,,10.45,,0,,0,,,,,
2019-03-11,11.27,11.71,11.23,11.62,541042,11.42,10.45,0.5,51.94,10.64,11.54,12.1,12.23,0,,,10.64,,0,,0,,,,,
2019-03-12,11.75,12.01,11.62,11.66,784324,11.42,10.45,0.5,52.71,10.67,11.52,12.1,12.1,0,,,10.67,,0,,0,,,,,
2019-03-13,11.66,11.66,11.45,11.58,526281,11.42,10.58,0.47,50.95,10.68,11.51,12.1,12.1,0,,,10.68,,0,,0,,,,,
2019-03-14,11.66,11.88,11.58,11.62,365874,11.42,10.67,0.46,51.82,10.74,11.5,12.1,12.1,0,,,10.74,,0,,0,,,,,
2019-03-15,11.71,11.79,11.53,11.62,525762,11.42,10.67,0.45,51.82,10.75,11.48,12.1,12.1,0,,,10.75,,0,,0,,,,,
2019-03-18,11.62,11.71,11.27,11.53,415490,11.42,10.67,0.45,49.54,10.7,11.44,12.1,12.1,0,,,10.7,,0,,0,,,,,
2019-03-19,11.71,11.92,11.58,11.66,980324,11.42,10.67,0.44,52.77,10.78,11.4,12.1,12.1,0,,,10.78,,0,,0,,,,,
2019-03-20,11.62,11.88,11.62,11.71,421477,11.43,10.67,0.43,53.99,10.82,11.38,12.1,12.1,0,,,10.82,,0,,0,,,,,
2019-03-22,11.75,11.75,11.58,11.62,248287,11.43,10.67,0.41,51.41,10.78,11.38,12.1,12.1,0,,,10.78,,0,,0,,,,,
2019-03-25,11.49,11.53,11.32,11.45,262171,11.43,10.67,0.4,46.86,10.67,11.36,12.01,12.1,0,,,10.67,,0,,0,,,,,
2019-03-26,11.4,11.75,11.4,11.58,376777,11.43,10.67,0.4,50.47,10.76,11.35,12.01,12.01,0,,,10.76,,0,,0,,,,,
2019-03-27,11.58,11.75,11.49,11.53,417515,11.43,10.67,0.39,49.09,10.73,11.34,12.01,12.01,0,,,10.73,,0,,0,,,,,
2019-03-28,11.66,11.88,11.58,11.79,944023,11.44,10.67,0.39,55.86,10.9,11.36,12.01,12.01,0,,,10.9,,0,,0,,,,,
2019-04-01,12.01,12.75,11.97,12.4,2084132,11.45,10.67,0.43,66.96,11.27,11.39,12.75,12.01,1,12.4,11.27,11.27,11.27,1,2019-04-01,0,,,33,,
2019-04-02,12.4,12.66,12.27,12.36,977810,11.45,11.23,0.43,65.79,11.43,11.43,12.75,12.75,0,,,11.43,11.43,1,2019-04-01,0,,,33,,
2019-04-03,12.44,12.53,12.05,12.14,698708,11.46,11.27,0.43,59.63,11.3,11.47,12.75,12.75,0,,,11.3,11.43,1,2019-04-01,0,,,33,,
2019-04-04,12.14,12.23,12.01,12.05,344092,11.46,11.27,0.41,57.27,11.25,11.51,12.75,12.75,0,,,11.25,11.43,1,2019-04-01,0,,,33,,
2019-04-05,12.01,12.36,11.97,12.23,399707,11.47,11.27,0.41,60.63,11.37,11.56,12.75,12.75,0,,,11.37,11.43,1,2019-04-01,0,,,33,,
2019-04-08,12.23,12.7,12.23,12.31,789736,11.48,11.27,0.42,62.05,11.42,11.62,12.75,12.75,0,,,11.42,11.43,1,2019-04-01,0,,,33,,
2019-04-09,12.31,12.44,12.1,12.31,265454,11.49,11.27,0.41,62.05,11.42,11.66,12.75,12.75,0,,,11.42,11.43,1,2019-04-01,0,,,33,,
2019-04-10,12.31,12.75,12.23,12.36,383377,11.5,11.32,0.42,63.03,11.47,11.7,12.75,12.75,0,,,11.47,11.47,1,2019-04-01,0,,,33,,
2019-04-11,12.49,12.49,12.27,12.4,287539,11.5,11.32,0.4,63.83,11.5,11.74,12.75,12.75,0,,,11.5,11.5,1,2019-04-01,0,,,33,,
2019-04-12,12.4,12.62,12.23,12.49,561642,11.51,11.32,0.4,65.62,11.56,11.79,12.75,12.75,0,,,11.56,11.56,1,2019-04-01,0,,,33,,
2019-04-15,12.49,12.88,12.44,12.79,984833,11.52,11.32,0.41,70.83,11.75,11.84,12.88,12.75,1,12.79,11.75,11.75,11.75,1,2019-04-01,0,,,33,,
2019-04-16,12.83,14.61,12.83,13.83,4998357,11.54,11.4,0.51,81.37,12.38,11.93,14.61,12.88,0,,,12.38,12.38,1,2019-04-01,0,,,33,,
2019-04-18,14.01,14.01,13.44,13.75,896343,11.55,11.49,0.51,79.0,12.36,12.02,14.61,14.61,0,,,12.36,12.38,1,2019-04-01,0,,,33,,
2019-04-22,13.7,13.75,13.31,13.44,508228,11.57,11.58,0.51,70.46,12.19,12.08,14.61,14.61,0,,,12.19,12.38,1,2019-04-01,0,,,33,,
2019-04-23,13.35,14.22,13.35,14.05,3201383,11.59,11.97,0.53,75.97,12.7,12.16,14.61,14.61,0,,,12.7,12.7,1,2019-04-01,0,,,33,,
2019-04-24,14.31,16.22,14.22,15.61,12069748,11.62,11.97,0.65,84.12,13.63,12.29,16.22,14.61,1,15.61,13.63,13.63,13.63,1,2019-04-01,0,,,33,,
2019-04-25,15.61,16.82,15.44,16.17,6209468,11.65,11.97,0.7,85.96,13.95,12.46,16.82,16.22,0,,,13.95,13.95,1,2019-04-01,0,,,33,,
2019-04-26,16.35,16.95,16.3,16.65,5515163,11.69,11.97,0.71,87.32,14.26,12.62,16.95,16.82,0,,,14.26,14.26,1,2019-04-01,0,,,33,,
2019-04-30,17.17,17.26,15.18,15.7,9546571,11.73,11.97,0.81,72.4,13.58,12.76,17.26,16.95,0,,,13.58,14.26,1,2019-04-01,0,,,33,,
2019-05-02,15.65,15.7,14.44,14.53,3511648,11.75,12.1,0.84,59.02,12.85,12.86,17.26,17.26,0,,,12.85,14.26,1,2019-04-01,0,,,33,,
2019-05-03,14.53,14.66,14.01,14.18,2161831,11.77,12.1,0.82,55.71,12.63,12.94,17.26,17.26,0,,,12.63,14.26,1,2019-04-01,1,14.26,TRAILING_STOP,33,21,14.98
2019-05-06,13.66,14.05,13.31,13.4,1800203,11.79,12.23,0.83,49.09,12.17,13.0,17.26,17.26,0,,,12.17,,0,,0,,,,,
2019-05-07,13.53,13.66,13.09,13.18,1190863,11.8,12.23,0.81,47.38,12.04,13.06,17.26,17.26,0,,,12.04,,0,,0,,,,,
2019-05-08,13.14,13.31,12.88,13.01,1385786,11.82,12.23,0.78,46.05,11.95,13.1,17.26,17.26,0,,,11.95,,0,,0,,,,,
2019-05-09,13.18,14.05,12.96,13.79,2249861,11.84,12.44,0.8,52.64,12.51,13.17,17.26,17.26,0,,,12.51,,0,,0,,,,,
2019-05-10,13.88,14.31,13.35,13.66,1576920,11.87,12.83,0.82,51.51,12.54,13.24,17.26,17.26,0,,,12.54,,0,,0,,,,,
2019-05-13,13.7,13.88,13.09,13.18,1135627,11.89,12.88,0.81,47.46,12.25,13.3,17.26,17.26,0,,,12.25,,0,,0,,,,,
2019-05-14,13.22,13.35,12.96,13.18,822446,11.91,12.88,0.78,47.46,12.27,13.35,17.26,17.26,0,,,12.27,,0,,0,,,,,
2019-05-15,13.31,13.49,12.53,12.79,890338,11.93,12.53,0.8,44.19,11.9,13.39,17.26,17.26,0,,,11.9,,0,,0,,,,,
2019-05-16,12.66,12.79,12.4,12.53,782116,11.95,12.4,0.77,42.1,11.7,13.42,17.26,17.26,0,,,11.7,,0,,0,,,,,
2019-05-17,12.53,12.57,12.18,12.31,698271,11.97,12.18,0.74,40.37,11.51,13.41,17.26,17.26,0,,,11.51,,0,,0,,,,,
2019-05-20,12.62,14.22,12.62,14.05,3112725,11.99,12.18,0.82,55.86,12.57,13.47,17.26,17.26,0,,,12.57,,0,,0,,,,,
2019-05-21,14.18,14.48,13.53,13.7,1449389,12.02,12.18,0.83,52.89,12.34,13.52,17.26,17.26,0,,,12.34,,0,,0,,,,,
2019-05-22,13.53,14.09,13.44,14.01,736703,12.05,12.18,0.82,55.16,12.55,13.59,17.26,17.26,0,,,12.55,,0,,0,,,,,
2019-05-23,14.31,14.83,13.62,13.7,1946965,12.08,12.18,0.85,52.43,12.33,13.64,17.26,17.26,0,,,12.33,,0,,0,,,,,
2019-05-24,13.75,14.09,13.66,14.01,856360,12.11,12.18,0.82,54.84,12.55,13.69,17.26,17.26,0,,,12.55,,0,,0,,,,,
2019-05-27,13.92,14.4,13.7,14.01,783810,12.14,12.18,0.81,54.84,12.56,13.75,17.26,17.26,0,,,12.56,,0,,0,,,,,
2019-05-28,14.22,14.7,14.14,14.48,1211338,12.17,12.18,0.8,58.53,12.87,13.82,17.26,17.26,0,,,12.87,,0,,0,,,,,
2019-05-29,14.35,14.66,14.01,14.09,511719,12.2,12.18,0.79,54.55,12.62,13.88,15.7,17.26,0,,,12.62,,0,,0,,,,,
2019-05-30,14.22,14.31,13.7,13.96,536853,12.23,12.18,0.78,53.25,12.55,13.92,14.83,15.7,0,,,12.55,,0,,0,,,,,
2019-05-31,14.14,14.31,13.49,13.57,705339,12.26,12.18,0.78,49.44,12.29,13.95,14.83,14.83,0,,,12.29,,0,,0,,,,,
2019-06-03,13.83,13.83,13.27,13.4,653262,12.28,12.18,0.76,47.83,12.19,13.94,14.83,14.83,0,,,12.19,,0,,0,,,,,
2019-06-04,13.57,14.01,13.18,13.88,812767,12.31,12.18,0.77,52.52,12.5,13.94,14.83,14.83,0,,,12.5,,0,,0,,,,,
2019-06-06,14.09,14.4,13.75,14.09,1237636,12.34,12.18,0.76,54.45,12.64,13.96,14.83,14.83,0,,,12.64,,0,,0,,,,,
2019-06-07,14.01,14.14,13.62,13.7,650777,12.36,12.18,0.74,50.36,12.4,13.95,14.83,14.83,0,,,12.4,,0,,0,,,,,
2019-06-10,13.83,14.01,13.53,13.57,608703,12.39,12.62,0.72,49.03,12.48,13.88,14.83,14.83,0,,,12.48,,0,,0,,,,,
2019-06-11,13.62,14.66,13.4,14.35,2102339,12.42,13.18,0.76,56.43,13.14,13.82,14.83,14.83,0,,,13.14,,0,,0,,,,,
2019-06-12,14.48,14.48,14.09,14.31,881557,12.45,13.18,0.74,55.98,13.13,13.74,14.83,14.83,0,,,13.13,,0,,0,,,,,
2019-06-13,14.44,14.44,13.88,14.01,656767,12.46,13.18,0.72,52.6,12.95,13.69,14.83,14.83,0,,,12.95,,0,,0,,,,,
2019-06-14,14.22,14.22,13.62,13.79,385342,12.48,13.18,0.71,50.21,12.81,13.66,14.83,14.83,0,,,12.81,,0,,0,,,,,
2019-06-17,14.01,14.01,13.62,13.66,311881,12.49,13.18,0.69,48.8,12.74,13.65,14.83,14.83,0,,,12.74,,0,,0,,,,,
2019-06-18,13.66,13.88,13.31,13.49,464080,12.51,13.18,0.68,46.94,12.64,13.65,14.83,14.83,0,,,12.64,,0,,0,,,,,
2019-06-19,13.49,13.75,12.4,12.57,1168092,12.51,12.4,0.73,38.41,11.75,13.63,14.83,14.83,0,,,11.75,,0,,0,,,,,
2019-06-20,12.49,13.14,12.36,12.96,707100,12.52,12.36,0.73,43.13,11.99,13.63,14.83,14.83,0,,,11.99,,0,,0,,,,,
2019-06-21,12.96,13.27,12.83,13.01,494572,12.53,12.36,0.71,43.72,12.04,13.6,14.7,14.83,0,,,12.04,,0,,0,,,,,
2019-06-24,12.96,13.4,12.83,12.92,432713,12.54,12.36,0.7,42.85,11.98,13.58,14.7,14.7,0,,,11.98,,0,,0,,,,,
2019-06-25,12.92,13.31,12.75,13.27,400765,12.55,12.36,0.69,47.25,12.22,13.58,14.7,14.7,0,,,12.22,,0,,0,,,,,
2019-06-26,13.27,13.66,13.18,13.49,537605,12.55,12.36,0.68,49.86,12.37,13.59,14.66,14.7,0,,,12.37,,0,,0,,,,,
2019-06-27,13.53,13.66,13.44,13.53,319369,12.57,12.36,0.64,50.34,12.42,13.61,14.66,14.66,0,,,12.42,,0,,0,,,,,
2019-06-28,13.88,14.14,13.57,13.66,1093376,12.58,12.36,0.64,51.95,12.5,13.65,14.66,14.66,0,,,12.5,,0,,0,,,,,
2019-07-01,13.92,13.92,13.75,13.83,206543,12.59,12.36,0.61,54.05,12.63,13.7,14.66,14.66,0,,,12.63,,0,,0,,,,,
2019-07-02,13.88,13.88,13.22,13.53,547622,12.6,12.36,0.62,49.9,12.43,13.68,14.66,14.66,0,,,12.43,,0,,0,,,,,
2019-07-03,13.44,13.92,13.44,13.88,646755,12.61,12.36,0.61,54.31,12.67,13.69,14.66,14.66,0,,,12.67,,0,,0,,,,,
2019-07-04,14.09,14.44,14.05,14.31,1055681,12.62,12.36,0.6,59.07,12.95,13.7,14.66,14.66,0,,,12.95,,0,,0,,,,,
2019-07-05,14.48,14.53,14.01,14.44,1890702,12.64,12.36,0.6,60.42,13.03,13.73,14.66,14.66,0,,,13.03,,0,,0,,,,,
2019-07-08,14.44,14.44,13.75,13.92,669212,12.65,12.36,0.61,52.93,12.69,13.72,14.66,14.66,0,,,12.69,,0,,0,,,,,
2019-07-09,13.88,13.92,13.53,13.88,350418,12.67,12.36,0.59,52.39,12.68,13.72,14.53,14.66,0,,,12.68,,0,,0,,,,,
2019-07-10,13.96,14.4,13.75,13.88,828567,12.68,12.36,0.59,52.39,12.68,13.7,14.53,14.53,0,,,12.68,,0,,0,,,,,
2019-07-11,13.96,14.09,13.88,13.92,216928,12.7,12.75,0.57,52.95,12.85,13.69,14.53,14.53,0,,,12.85,,0,,0,,,,,
2019-07-12,14.05,14.09,13.75,13.79,308756,12.72,12.75,0.55,50.87,12.78,13.69,14.53,14.53,0,,,12.78,,0,,0,,,,,
2019-07-15,13.79,13.88,13.66,13.7,213281,12.73,12.75,0.53,49.43,12.74,13.69,14.53,14.53,0,,,12.74,,0,,0,,,,,
2019-07-16,13.7,13.88,13.44,13.75,208654,12.75,13.18,0.52,50.28,12.91,13.7,14.53,14.53,0,,,12.91,,0,,0,,,,,
2019-07-17,13.88,13.88,13.66,13.75,175995,12.77,13.22,0.5,50.28,12.94,13.7,14.53,14.53,0,,,12.94,,0,,0,,,,,
2019-07-18,13.75,13.75,13.44,13.44,176335,12.78,13.22,0.49,44.89,12.75,13.68,14.53,14.53,0,,,12.75,,0,,0,,,,,
2019-07-19,13.49,13.66,12.88,12.92,462006,12.8,12.88,0.51,37.61,12.29,13.65,14.53,14.53,0,,,12.29,,0,,0,,,,,
2019-07-22,12.88,12.88,12.4,12.66,570010,12.81,12.4,0.51,34.59,11.96,13.62,14.53,14.53,0,,,11.96,,0,,0,,,,,
2019-07-23,12.75,12.96,12.49,12.53,471576,12.82,12.4,0.51,33.16,11.88,13.56,14.53,14.53,0,,,11.88,,0,,0,,,,,
2019-07-24,12.62,12.62,12.27,12.44,347388,12.83,12.27,0.49,32.16,11.78,13.5,14.53,14.53,0,,,11.78,,0,,0,,,,,
2019-07-25,12.44,12.62,12.31,12.36,218228,12.83,12.27,0.48,31.26,11.74,13.44,14.53,14.53,0,,,11.74,,0,,0,,,,,
2019-07-26,12.18,12.7,12.18,12.57,412131,12.84,12.18,0.48,36.29,11.85,13.4,14.53,14.53,0,,,11.85,,0,,0,,,,,
2019-07-29,12.57,12.92,12.23,12.31,3543836,12.84,12.18,0.5,33.07,11.67,13.36,14.53,14.53,0,,,11.67,,0,,0,,,,,
2019-07-30,12.49,12.53,11.36,11.49,1112817,12.84,11.36,0.55,25.4,10.83,13.29,14.53,14.53,0,,,10.83,,0,,0,,,,,
2019-07-31,11.1,11.4,11.1,11.19,750321,12.83,11.1,0.54,23.28,10.56,13.24,14.53,14.53,0,,,10.56,,0,,0,,,,,
2019-08-01,11.19,11.36,10.88,11.06,438919,12.81,10.88,0.53,22.4,10.41,13.18,14.53,14.53,0,,,10.41,,0,,0,,,,,
2019-08-02,11.01,11.23,10.88,11.1,499786,12.8,10.88,0.52,23.36,10.44,13.12,14.44,14.53,0,,,10.44,,0,,0,,,,,
2019-08-05,11.01,11.01,10.41,10.62,523374,12.79,10.41,0.53,20.15,9.97,13.04,14.4,14.44,0,,,9.97,,0,,0,,,,,
2019-08-06,10.54,10.75,10.54,10.62,421299,12.78,10.41,0.51,20.15,9.98,12.95,14.4,14.4,0,,,9.98,,0,,0,,,,,
2019-08-07,10.84,10.93,10.58,10.62,336141,12.77,10.41,0.5,20.15,9.99,12.86,14.09,14.4,0,,,9.99,,0,,0,,,,,
2019-08-08,10.67,10.8,10.45,10.54,503222,12.75,10.41,0.49,19.6,9.94,12.76,14.09,14.09,0,,,9.94,,0,,0,,,,,
2019-08-09,10.58,10.71,10.49,10.54,590004,12.73,10.41,0.47,19.6,9.96,12.65,13.88,14.09,0,,,9.96,,0,,0,,,,,
2019-08-13,10.71,10.71,10.32,10.45,327722,12.71,10.32,0.46,18.91,9.87,12.54,13.88,13.88,0,,,9.87,,0,,0,,,,,
2019-08-14,10.45,10.49,10.23,10.32,345512,12.69,10.23,0.45,17.94,9.77,12.43,13.88,13.88,0,,,9.77,,0,,0,,,,,
2019-08-16,10.32,10.49,10.23,10.36,350940,12.67,10.23,0.43,19.31,9.8,12.32,13.75,13.88,0,,,9.8,,0,,0,,,,,
2019-08-19,10.36,10.49,10.23,10.32,245559,12.65,10.23,0.42,18.97,9.79,12.18,13.66,13.75,0,,,9.79,,0,,0,,,,,
2019-08-20,10.45,10.45,10.23,10.28,359049,12.63,10.23,0.41,18.61,9.77,12.04,12.96,13.66,0,,,9.77,,0,,0,,,,,
2019-08-21,10.32,10.32,10.1,10.1,206715,12.61,10.1,0.39,17.06,9.62,11.92,12.96,12.96,0,,,9.62,,0,,0,,,,,
2019-08-22,10.06,10.15,9.28,9.8,489089,12.59,9.28,0.43,14.84,9.13,11.78,12.92,12.96,0,,,9.13,,0,,0,,,,,
2019-08-23,9.89,10.02,9.67,9.89,242865,12.57,9.28,0.42,18.28,9.19,11.65,12.92,12.92,0,,,9.19,,0,,0,,,,,
2019-08-26,10.41,10.58,10.23,10.45,481793,12.55,9.28,0.44,35.68,9.54,11.53,12.92,12.92,0,,,9.54,,0,,0,,,,,
2019-08-27,10.62,10.67,10.45,10.49,458561,12.54,9.28,0.43,36.71,9.58,11.42,12.92,12.92,0,,,9.58,,0,,0,,,,,
2019-08-28,10.45,10.62,10.32,10.41,381453,12.52,9.28,0.42,35.48,9.53,11.31,12.53,12.92,0,,,9.53,,0,,0,,,,,
2019-08-29,10.06,10.41,10.06,10.19,243893,12.5,9.28,0.41,32.28,9.39,11.19,11.4,12.53,0,,,9.39,,0,,0,,,,,
2019-08-30,10.32,11.01,10.23,10.88,998695,12.49,9.28,0.44,48.11,9.82,11.1,11.36,11.4,0,,,9.82,,0,,0,,,,,
2019-09-03,10.71,10.71,10.32,10.58,390241,12.48,9.28,0.45,43.36,9.62,11.0,11.23,11.36,0,,,9.62,,0,,0,,,,,
2019-09-04,10.62,10.71,10.41,10.49,274577,12.46,9.28,0.44,42.02,9.57,10.92,11.01,11.23,0,,,9.57,,0,,0,,,,,
2019-09-05,10.49,10.58,10.36,10.41,389634,12.45,9.28,0.42,40.82,9.53,10.85,11.01,11.01,0,,,9.53,,0,,0,,,,,
2019-09-06,10.41,10.54,10.32,10.36,288221,12.43,9.28,0.41,40.04,9.5,10.77,11.01,11.01,0,,,9.5,,0,,0,,,,,
2019-09-09,10.41,10.49,10.23,10.32,415086,12.42,9.28,0.4,39.4,9.48,10.7,11.01,11.01,0,,,9.48,,0,,0,,,,,
2019-09-11,10.28,10.49,10.28,10.41,347068,12.41,9.28,0.38,41.67,9.55,10.64,11.01,11.01,0,,,9.55,,0,,0,,,,,
2019-09-12,10.41,10.58,10.41,10.49,214102,12.4,9.28,0.37,43.69,9.61,10.57,11.01,11.01,0,,,9.61,,0,,0,,,,,
2019-09-13,10.58,10.67,10.41,10.54,251657,12.39,9.28,0.36,44.98,9.65,10.51,11.01,11.01,0,,,9.65,,0,,0,,,,,
2019-09-16,10.45,10.54,10.41,10.45,124417,12.38,9.67,0.34,43.07,9.73,10.48,11.01,11.01,0,,,9.73,,0,,0,,,,,
2019-09-17,10.54,10.54,10.36,10.36,112175,12.36,10.06,0.33,41.2,9.81,10.45,11.01,11.01,0,,,9.81,,0,,0,,,,,
2019-09-18,10.41,10.54,10.36,10.49,199686,12.35,10.06,0.32,44.93,9.9,10.43,11.01,11.01,0,,,9.9,,0,,0,,,,,
2019-09-19,10.49,10.49,10.19,10.28,214914,12.33,10.06,0.32,40.46,9.77,10.4,11.01,11.01,0,,,9.77,,0,,0,,,,,
2019-09-20,10.36,10.62,10.28,10.41,680910,12.33,10.06,0.32,44.16,9.85,10.4,11.01,11.01,0,,,9.85,,0,,0,,,,,
2019-09-23,10.49,10.62,10.45,10.49,439939,12.32,10.19,0.31,46.37,9.95,10.39,11.01,11.01,0,,,9.95,,0,,0,,,,,
2019-09-24,10.49,10.54,10.32,10.32,296520,12.31,10.19,0.31,42.52,9.85,10.38,11.01,11.01,0,,,9.85,,0,,0,,,,,
2019-09-25,10.28,10.32,10.1,10.19,359827,12.3,10.1,0.3,39.8,9.74,10.37,11.01,11.01,0,,,9.74,,0,,0,,,,,
2019-09-26,10.19,10.28,9.89,10.02,358508,12.29,9.89,0.31,36.51,9.55,10.35,11.01,11.01,0,,,9.55,,0,,0,,,,,
2019-09-27,10.06,10.06,9.89,9.93,313337,12.28,9.89,0.3,34.86,9.5,10.33,11.01,11.01,0,,,9.5,,0,,0,,,,,
2019-09-30,9.93,9.93,9.45,9.58,335378,12.27,9.45,0.31,29.33,9.12,10.31,11.01,11.01,0,,,9.12,,0,,0,,,,,
2019-10-01,9.58,11.27,9.41,9.58,457463,12.26,9.41,0.42,29.33,9.03,10.28,11.27,11.01,0,,,9.03,,0,,0,,,,,
2019-10-03,9.67,9.97,9.54,9.58,197620,12.25,9.41,0.42,29.33,9.03,10.26,11.27,11.27,0,,,9.03,,0,,0,,,,,
2019-10-04,9.84,9.84,9.54,9.58,209801,12.24,9.41,0.41,29.33,9.04,10.24,11.27,11.27,0,,,9.04,,0,,0,,,,,
2019-10-07,9.67,9.71,9.45,9.54,313667,12.23,9.41,0.4,28.63,9.02,10.22,11.27,11.27,0,,,9.02,,0,,0,,,,,
2019-10-09,9.54,9.58,9.24,9.37,323915,12.22,9.24,0.4,25.82,8.86,10.2,11.27,11.27,0,,,8.86,,0,,0,,,,,
2019-10-10,9.28,9.37,8.98,8.98,707205,12.21,8.98,0.4,20.78,8.52,10.17,11.27,11.27,0,,,8.52,,0,,0,,,,,
2019-10-11,9.02,9.06,8.72,8.98,410831,12.19,8.72,0.39,20.78,8.44,10.12,11.27,11.27,0,,,8.44,,0,,0,,,,,
2019-10-14,9.02,9.11,8.72,8.76,536489,12.18,8.72,0.39,18.42,8.29,10.07,11.27,11.27,0,,,8.29,,0,,0,,,,,
2019-10-15,8.76,8.85,7.5,8.11,1546915,12.16,7.5,0.46,13.54,7.42,9.99,11.27,11.27,0,,,7.42,,0,,0,,,,,
2019-10-16,8.28,8.59,8.15,8.2,722413,12.14,7.5,0.46,16.83,7.48,9.92,11.27,11.27,0,,,7.48,,0,,0,,,,,
2019-10-17,8.2,8.46,8.2,8.33,428387,12.12,7.5,0.45,21.47,7.57,9.84,11.27,11.27,0,,,7.57,,0,,0,,,,,
2019-10-18,8.33,8.59,8.24,8.46,741510,12.1,7.5,0.44,25.92,7.66,9.77,11.27,11.27,0,,,7.66,,0,,0,,,,,
2019-10-22,8.59,10.02,8.41,9.54,6189341,12.08,7.5,0.52,50.86,8.3,9.74,11.27,11.27,0,,,8.3,,0,,0,,,,,
2019-10-23,10.32,10.32,9.37,9.41,2076786,12.07,7.5,0.56,48.73,8.2,9.7,11.27,11.27,0,,,8.2,,0,,0,,,,,
2019-10-24,9.54,9.71,9.24,9.28,901439,12.06,7.5,0.55,46.63,8.12,9.67,11.27,11.27,0,,,8.12,,0,,0,,,,,
2019-10-25,9.32,9.5,9.24,9.32,362288,12.04,7.5,0.53,47.38,8.16,9.63,11.27,11.27,0,,,8.16,,0,,0,,,,,
2019-10-27,9.45,9.67,9.41,9.58,337684,12.03,7.5,0.52,52.1,8.34,9.6,11.27,11.27,0,,,8.34,,0,,0,,,,,
2019-10-29,9.8,9.8,9.45,9.54,736094,12.01,7.5,0.5,51.34,8.32,9.57,11.27,11.27,0,,,8.32,,0,,0,,,,,
2019-10-30,9.67,9.93,9.54,9.8,956202,12.0,7.5,0.5,55.86,8.49,9.55,11.27,11.27,0,,,8.49,,0,,0,,,,,
2019-10-31,9.93,10.45,9.93,10.23,1701301,11.99,7.5,0.51,62.13,8.76,9.54,11.27,11.27,0,,,8.76,,0,,0,,,,,
2019-11-01,10.32,11.14,10.28,10.75,2057746,11.99,7.5,0.54,68.05,9.08,9.55,11.14,11.27,0,,,9.08,,0,,0,,,,,
2019-11-04,10.84,11.92,10.84,11.23,1746193,11.98,7.5,0.58,72.34,9.36,9.58,11.92,11.14,0,,,9.36,,0,,0,,,,,
2019-11-05,11.36,11.4,10.84,10.93,730224,11.98,7.5,0.58,66.34,9.16,9.6,11.92,11.92,0,,,9.16,,0,,0,,,,,
2019-11-06,10.84,10.84,10.32,10.54,690370,11.97,8.15,0.58,59.44,9.13,9.6,11.92,11.92,0,,,9.13,,0,,0,,,,,
2019-11-07,10.84,10.84,10.49,10.49,451693,11.96,8.2,0.56,58.6,9.12,9.6,11.92,11.92,0,,,9.12,,0,,0,,,,,
2019-11-08,10.49,10.58,10.15,10.23,418992,11.96,8.24,0.56,54.29,8.97,9.6,11.92,11.92,0,,,8.97,,0,,0,,,,,
2019-11-11,10.1,10.19,9.58,10.02,319435,11.95,8.41,0.56,51.03,8.89,9.6,11.92,11.92,0,,,8.89,,0,,0,,,,,
2019-11-13,10.02,10.15,9.76,9.84,423698,11.93,9.24,0.55,48.35,9.06,9.59,11.92,11.92,0,,,9.06,,0,,0,,,,,
2019-11-14,9.84,9.97,9.63,9.71,313723,11.91,9.24,0.53,46.45,8.99,9.58,11.92,11.92,0,,,8.99,,0,,0,,,,,
2019-11-15,9.8,10.15,9.71,9.89,524392,11.9,9.24,0.53,49.41,9.11,9.59,11.92,11.92,0,,,9.11,,0,,0,,,,,
2019-11-18,9.67,10.06,9.67,9.97,251285,11.88,9.41,0.52,50.72,9.22,9.61,11.92,11.92,0,,,9.22,,0,,0,,,,,
2019-11-19,10.02,11.45,9.8,10.88,3778918,11.88,9.45,0.6,62.55,9.77,9.65,11.92,11.92,0,,,9.77,,0,,0,,,,,
2019-11-20,11.1,11.62,10.88,11.1,1902828,11.87,9.54,0.61,64.75,9.93,9.7,11.92,11.92,0,,,9.93,,0,,0,,,,,
2019-11-21,11.19,11.27,10.67,10.97,624784,11.86,9.58,0.61,62.41,9.86,9.75,11.92,11.92,0,,,9.86,,0,,0,,,,,
2019-11-22,10.84,10.97,10.71,10.84,443951,11.85,9.58,0.58,60.08,9.8,9.8,11.92,11.92,0,,,9.8,,0,,0,,,,,
2019-11-25,10.84,11.1,10.8,10.88,566539,11.84,9.58,0.56,60.57,9.84,9.86,11.92,11.92,0,,,9.84,,0,,0,,,,,
2019-11-26,11.01,11.01,10.62,10.67,564778,11.83,9.58,0.55,56.65,9.71,9.92,11.92,11.92,0,,,9.71,,0,,0,,,,,
2019-11-27,10.84,10.84,10.45,10.49,502879,11.81,9.58,0.54,53.45,9.6,9.97,11.92,11.92,0,,,9.6,,0,,0,,,,,
2019-11-28,10.62,11.1,10.41,10.97,1154192,11.8,9.58,0.55,59.94,9.9,10.07,11.92,11.92,0,,,9.9,,0,,0,,,,,
2019-11-29,11.1,11.1,10.71,10.8,501078,11.78,9.58,0.54,56.92,9.8,10.16,11.92,11.92,0,,,9.8,,0,,0,,,,,
2019-12-02,10.54,10.84,10.45,10.54,343925,11.76,9.58,0.53,52.55,9.64,10.23,11.92,11.92,0,,,9.64,,0,,0,,,,,
2019-12-03,10.67,10.75,10.41,10.58,522239,11.74,9.63,0.51,53.14,9.69,10.3,11.62,11.92,0,,,9.69,,0,,0,,,,,
2019-12-04,10.62,10.8,10.41,10.75,470802,11.72,9.63,0.51,55.69,9.81,10.34,11.62,11.62,0,,,9.81,,0,,0,,,,,
2019-12-05,10.62,10.84,10.62,10.67,254007,11.69,9.67,0.49,54.2,9.78,10.38,11.62,11.62,0,,,9.78,,0,,0,,,,,
2019-12-06,10.75,10.75,10.32,10.32,323472,11.65,9.67,0.48,48.12,9.56,10.42,11.62,11.62,0,,,9.56,,0,,0,,,,,
2019-12-09,10.32,10.49,10.15,10.36,198116,11.61,9.8,0.47,48.83,9.63,10.45,11.62,11.62,0,,,9.63,,0,,0,,,,,
2019-12-10,10.49,10.49,10.23,10.23,204368,11.57,10.15,0.46,46.61,9.68,10.47,11.62,11.62,0,,,9.68,,0,,0,,,,,
2019-12-11,10.23,10.28,9.97,10.02,312681,11.54,9.97,0.45,43.19,9.49,10.49,11.62,11.62,0,,,9.49,,0,,0,,,,,
2019-12-12,10.19,10.32,10.02,10.06,323154,11.51,9.97,0.44,44.03,9.52,10.5,11.62,11.62,0,,,9.52,,0,,0,,,,,
2019-12-13,10.1,10.36,10.1,10.19,556184,11.49,9.97,0.43,46.79,9.61,10.5,11.62,11.62,0,,,9.61,,0,,0,,,,,
2019-12-16,10.41,10.41,10.06,10.1,220710,11.47,9.97,0.42,45.13,9.56,10.48,11.62,11.62,0,,,9.56,,0,,0,,,,,
2019-12-17,10.23,10.23,10.06,10.06,251775,11.45,9.97,0.4,44.38,9.54,10.44,11.62,11.62,0,,,9.54,,0,,0,,,,,
2019-12-18,10.1,10.19,10.02,10.1,238854,11.43,9.97,0.39,45.36,9.58,10.41,11.27,11.62,0,,,9.58,,0,,0,,,,,
2019-12-19,10.15,10.15,9.97,10.02,175132,11.4,9.97,0.37,43.7,9.54,10.39,11.1,11.27,0,,,9.54,,0,,0,,,,,
2019-12-20,10.32,10.62,10.19,10.28,977624,11.38,9.97,0.39,50.1,9.7,10.38,11.1,11.1,0,,,9.7,,0,,0,,,,,
2019-12-23,10.28,10.36,10.15,10.15,236371,11.36,9.97,0.37,47.21,9.62,10.38,11.1,11.1,0,,,9.62,,0,,0,,,,,
2019-12-24,10.19,10.32,10.15,10.23,263083,11.35,9.97,0.36,49.15,9.68,10.39,11.1,11.1,0,,,9.68,,0,,0,,,,,
2019-12-26,10.28,12.27,10.23,11.53,1741621,11.34,9.97,0.48,69.07,10.44,10.45,12.27,11.1,1,11.53,10.44,10.44,10.44,1,2019-12-26,0,,,34,,
2019-12-27,12.14,12.14,10.97,11.45,2469651,11.33,9.97,0.53,67.32,10.36,10.5,12.27,12.27,0,,,10.36,10.44,1,2019-12-26,1,11.33,SMA150_BREAK,34,2,-1.71
2019-12-30,11.36,11.45,11.1,11.27,522684,11.31,9.97,0.52,63.43,10.25,10.55,12.27,12.27,0,,,10.25,,0,,0,,,,,
2019-12-31,11.14,11.49,11.14,11.19,482343,11.3,9.97,0.5,61.73,10.2,10.59,12.27,12.27,0,,,10.2,,0,,0,,,,,
2020-01-01,11.1,11.27,11.01,11.19,252522,11.28,9.97,0.49,61.73,10.22,10.6,12.27,12.27,0,,,10.22,,0,,0,,,,,
2020-01-02,11.23,11.45,11.14,11.23,432532,11.26,9.97,0.47,62.31,10.25,10.6,12.27,12.27,0,,,10.25,,0,,0,,,,,
2020-01-03,11.27,11.32,11.1,11.14,470447,11.24,9.97,0.46,60.08,10.2,10.61,12.27,12.27,0,,,10.2,,0,,0,,,,,
2020-01-06,11.14,11.14,10.41,10.71,484036,11.22,9.97,0.48,50.71,9.91,10.61,12.27,12.27,0,,,9.91,,0,,0,,,,,
2020-01-07,10.71,10.97,10.67,10.8,566553,11.2,9.97,0.46,52.39,9.98,10.6,12.27,12.27,0,,,9.98,,0,,0,,,,,
2020-01-08,10.41,10.75,10.41,10.67,187383,11.17,9.97,0.46,49.76,9.9,10.6,12.27,12.27,0,,,9.9,,0,,0,,,,,
2020-01-09,10.84,11.06,10.84,10.93,320648,11.15,9.97,0.45,54.66,10.07,10.62,12.27,12.27,0,,,10.07,,0,,0,,,,,
2020-01-10,10.93,11.1,10.93,11.01,257586,11.14,10.15,0.43,56.08,10.2,10.62,12.27,12.27,0,,,10.2,,0,,0,,,,,
2020-01-13,11.1,11.62,11.06,11.4,816853,11.12,10.15,0.45,62.27,10.44,10.64,12.27,12.27,0,,,10.44,,0,,0,,,,,
2020-01-14,11.45,11.66,11.4,11.53,478163,11.11,10.15,0.43,64.09,10.53,10.67,12.27,12.27,0,,,10.53,,0,,0,,,,,
2020-01-15,11.62,11.62,11.36,11.45,279812,11.09,10.23,0.42,62.11,10.52,10.7,12.27,12.27,0,,,10.52,,0,,0,,,,,
2020-01-16,11.49,11.84,11.49,11.75,554759,11.08,10.41,0.42,66.32,10.77,10.73,12.27,12.27,0,,,10.77,,0,,0,,,,,
2020-01-17,11.53,11.97,11.53,11.79,515166,11.06,10.41,0.42,66.85,10.79,10.77,12.27,12.27,0,,,10.79,,0,,0,,,,,
2020-01-20,11.92,13.22,11.71,12.44,8867100,11.05,10.41,0.5,74.0,11.16,10.84,13.22,12.27,1,12.44,11.16,11.16,11.16,1,2020-01-20,0,,,35,,
2020-01-21,12.53,12.88,11.32,12.01,2188868,11.04,10.41,0.57,64.14,10.83,10.9,13.22,13.22,0,,,10.83,11.16,1,2020-01-20,0,,,35,,
2020-01-22,11.97,12.14,11.4,11.49,953444,11.02,10.41,0.59,54.66,10.49,10.94,13.22,13.22,0,,,10.49,11.16,1,2020-01-20,0,,,35,,
2020-01-23,11.49,11.79,11.49,11.53,556752,11.0,10.41,0.56,55.21,10.53,10.99,13.22,13.22,0,,,10.53,11.16,1,2020-01-20,0,,,35,,
2020-01-24,11.62,11.71,11.49,11.53,365583,10.99,10.41,0.54,55.21,10.55,11.04,13.22,13.22,0,,,10.55,11.16,1,2020-01-20,0,,,35,,
2020-01-27,11.62,11.62,11.36,11.45,308982,10.98,10.41,0.52,53.71,10.51,11.08,13.22,13.22,0,,,10.51,11.16,1,2020-01-20,0,,,35,,
2020-01-28,11.45,11.58,11.19,11.27,475853,10.97,10.41,0.51,50.37,10.4,11.12,13.22,13.22,0,,,10.4,11.16,1,2020-01-20,0,,,35,,
2020-01-29,11.32,11.36,11.14,11.19,345391,10.96,10.84,0.49,48.92,10.5,11.16,13.22,13.22,0,,,10.5,11.16,1,2020-01-20,1,11.16,TRAILING_STOP,35,8,-10.27
2020-01-30,11.23,11.27,10.93,11.01,259498,10.94,10.93,0.48,45.73,10.43,11.19,13.22,13.22,0,,,10.43,,0,,0,,,,,
2020-01-31,11.14,11.45,11.06,11.32,266102,10.93,10.93,0.48,51.59,10.63,11.23,13.22,13.22,0,,,10.63,,0,,0,,,,,
2020-02-03,11.01,11.06,10.54,10.62,582600,10.92,10.54,0.5,40.86,10.03,11.24,13.22,13.22,0,,,10.03,,0,,0,,,,,
2020-02-04,10.8,10.8,10.54,10.71,306717,10.9,10.54,0.48,42.51,10.1,11.26,13.22,13.22,0,,,10.1,,0,,0,,,,,
2020-02-05,10.8,10.84,10.67,10.71,149333,10.88,10.54,0.46,42.51,10.12,11.28,13.22,13.22,0,,,10.12,,0,,0,,,,,
2020-02-06,10.71,10.84,10.67,10.75,449062,10.86,10.54,0.44,43.33,10.15,11.25,13.22,13.22,0,,,10.15,,0,,0,,,,,
2020-02-07,10.84,10.84,10.71,10.71,200112,10.84,10.54,0.42,42.68,10.14,11.23,13.22,13.22,0,,,10.14,,0,,0,,,,,
2020-02-10,10.88,10.88,10.49,10.49,367118,10.82,10.49,0.41,39.18,9.99,11.2,13.22,13.22,0,,,9.99,,0,,0,,,,,
2020-02-11,10.67,10.71,10.54,10.58,165069,10.8,10.49,0.4,41.3,10.05,11.18,13.22,13.22,0,,,10.05,,0,,0,,,,,
2020-02-12,10.58,10.67,10.41,10.49,198018,10.77,10.41,0.39,39.8,9.98,11.16,13.22,13.22,0,,,9.98,,0,,0,,,,,
2020-02-13,10.62,10.62,10.41,10.45,179134,10.74,10.41,0.38,39.12,9.96,11.13,13.22,13.22,0,,,9.96,,0,,0,,,,,
2020-02-14,10.58,10.58,10.23,10.41,377173,10.72,10.23,0.38,38.42,9.87,11.11,13.22,13.22,0,,,9.87,,0,,0,,,,,
2020-02-17,10.45,10.54,10.23,10.32,167552,10.7,10.23,0.37,36.81,9.82,11.09,12.88,13.22,0,,,9.82,,0,,0,,,,,
2020-02-18,10.32,10.32,9.93,10.15,299154,10.67,9.93,0.37,33.93,9.61,11.07,12.14,12.88,0,,,9.61,,0,,0,,,,,
2020-02-19,10.19,10.32,9.89,9.97,337420,10.64,9.89,0.38,31.14,9.48,11.05,11.79,12.14,0,,,9.48,,0,,0,,,,,
2020-02-20,10.06,10.06,9.84,9.97,320666,10.62,9.84,0.37,31.14,9.47,11.02,11.71,11.79,0,,,9.47,,0,,0,,,,,
2020-02-24,9.93,9.97,9.71,9.76,226984,10.59,9.71,0.36,28.03,9.29,10.98,11.62,11.71,0,,,9.29,,0,,0,,,,,
2020-02-25,9.76,9.84,9.63,9.71,203549,10.57,9.63,0.35,27.33,9.24,10.92,11.58,11.62,0,,,9.24,,0,,0,,,,,
2020-02-26,9.71,9.8,9.58,9.63,286408,10.54,9.58,0.34,26.2,9.18,10.86,11.45,11.58,0,,,9.18,,0,,0,,,,,
2020-02-27,9.67,9.67,9.28,9.37,338656,10.51,9.28,0.34,22.89,8.91,10.79,11.45,11.45,0,,,8.91,,0,,0,,,,,
2020-02-28,9.24,9.24,8.67,9.06,536294,10.49,8.67,0.37,19.7,8.49,10.7,11.45,11.45,0,,,8.49,,0,,0,,,,,
2020-03-02,9.19,9.45,9.11,9.28,419180,10.46,8.67,0.37,27.44,8.63,10.61,11.06,11.45,0,,,8.63,,0,,0,,,,,
2020-03-03,9.11,9.37,9.02,9.19,220270,10.44,8.67,0.37,26.32,8.57,10.5,10.88,11.06,0,,,8.57,,0,,0,,,,,
2020-03-04,9.28,9.41,9.02,9.11,323171,10.42,8.67,0.37,25.33,8.52,10.41,10.88,10.88,0,,,8.52,,0,,0,,,,,
2020-03-05,9.32,9.37,9.11,9.19,322735,10.4,8.67,0.36,28.23,8.58,10.33,10.88,10.88,0,,,8.58,,0,,0,,,,,
2020-03-06,8.93,9.02,8.46,8.89,429560,10.37,8.46,0.39,24.4,8.3,10.24,10.88,10.88,0,,,8.3,,0,,0,,,,,
2020-03-09,8.93,9.02,8.5,8.76,419077,10.35,8.46,0.4,22.95,8.21,10.15,10.88,10.88,0,,,8.21,,0,,0,,,,,
2020-03-11,8.93,9.06,8.76,8.85,290583,10.33,8.46,0.39,26.22,8.27,10.06,10.71,10.88,0,,,8.27,,0,,0,,,,,
2020-03-12,8.76,8.76,7.67,7.98,859581,10.31,7.67,0.45,18.18,7.41,9.95,10.67,10.71,0,,,7.41,,0,,0,,,,,
2020-03-13,7.41,8.59,6.94,8.33,891880,10.29,6.94,0.53,27.78,7.33,9.86,10.62,10.67,0,,,7.33,,0,,0,,,,,
2020-03-16,8.33,8.63,7.89,8.41,466047,10.27,6.94,0.55,29.8,7.37,9.77,10.58,10.62,0,,,7.37,,0,,0,,,,,
2020-03-17,8.54,8.54,8.07,8.24,301814,10.26,6.94,0.54,28.01,7.27,9.67,10.54,10.58,0,,,7.27,,0,,0,,,,,
2020-03-18,8.24,8.54,8.02,8.11,398900,10.24,6.94,0.54,26.68,7.18,9.59,10.32,10.54,0,,,7.18,,0,,0,,,,,
2020-03-19,8.11,8.11,6.94,7.85,523108,10.22,6.94,0.59,24.21,6.99,9.49,10.32,10.32,0,,,6.99,,0,,0,,,,,
2020-03-20,7.89,8.07,6.98,7.85,377440,10.21,6.94,0.62,24.21,6.96,9.4,10.06,10.32,0,,,6.96,,0,,0,,,,,
2020-03-23,7.76,7.76,7.24,7.54,467128,10.19,6.94,0.62,21.47,6.76,9.29,9.97,10.06,0,,,6.76,,0,,0,,,,,
2020-03-24,7.8,7.8,7.28,7.37,410935,10.16,6.94,0.61,20.12,6.66,9.18,9.84,9.97,0,,,6.66,,0,,0,,,,,
2020-03-25,7.24,7.63,7.11,7.28,303930,10.14,6.94,0.61,19.42,6.6,9.07,9.8,9.84,0,,,6.6,,0,,0,,,,,
2020-03-26,7.28,7.41,7.07,7.37,602694,10.12,6.94,0.59,22.31,6.68,8.96,9.67,9.8,0,,,6.68,,0,,0,,,,,
2020-03-27,7.72,7.98,7.37,7.5,753634,10.11,6.94,0.59,26.42,6.76,8.86,9.45,9.67,0,,,6.76,,0,,0,,,,,
2020-03-30,7.54,7.8,7.41,7.67,336687,10.09,6.94,0.58,31.52,6.88,8.77,9.45,9.45,0,,,6.88,,0,,0,,,,,
2020-03-31,7.98,7.98,7.5,7.72,309264,10.07,6.94,0.57,32.99,6.91,8.68,9.41,9.45,0,,,6.91,,0,,0,,,,,
2020-04-01,7.85,7.98,7.63,7.67,181978,10.06,6.94,0.55,32.24,6.89,8.59,9.41,9.41,0,,,6.89,,0,,0,,,,,
2020-04-03,7.85,7.85,7.5,7.67,286262,10.04,6.94,0.54,32.24,6.9,8.51,9.37,9.41,0,,,6.9,,0,,0,,,,,
2020-04-07,8.02,8.02,7.59,7.76,381736,10.03,6.94,0.53,35.3,6.96,8.44,9.06,9.37,0,,,6.96,,0,,0,,,,,
2020-04-08,7.8,7.93,7.67,7.8,336724,10.01,6.94,0.51,36.66,7.0,8.36,9.06,9.06,0,,,7.0,,0,,0,,,,,
2020-04-09,7.98,8.02,7.8,7.98,277936,9.99,6.94,0.49,42.54,7.13,8.3,9.06,9.06,0,,,7.13,,0,,0,,,,,
2020-04-13,7.89,7.98,7.72,7.85,260604,9.98,6.94,0.47,39.68,7.06,8.24,8.76,9.06,0,,,7.06,,0,,0,,,,,
2020-04-15,7.85,8.02,7.8,7.85,352182,9.96,6.98,0.46,39.68,7.09,8.18,8.63,8.76,0,,,7.09,,0,,0,,,,,
2020-04-16,7.89,8.07,7.8,7.93,403711,9.94,7.07,0.44,42.44,7.18,8.14,8.63,8.63,0,,,7.18,,0,,0,,,,,
2020-04-17,8.11,8.24,8.02,8.2,535882,9.92,7.07,0.43,50.66,7.36,8.11,8.54,8.63,0,,,7.36,,0,,0,,,,,
2020-04-20,8.2,9.5,7.72,9.02,2688006,9.91,7.07,0.53,66.37,7.82,8.1,9.5,8.54,0,,,7.82,,0,,0,,,,,
2020-04-21,8.8,9.02,8.37,8.54,1267672,9.9,7.07,0.54,55.28,7.51,8.08,9.5,9.5,0,,,7.51,,0,,0,,,,,
2020-04-22,8.54,8.98,8.07,8.54,1848373,9.89,7.37,0.56,55.28,7.59,8.06,9.5,9.5,0,,,7.59,,0,,0,,,,,
2020-04-23,8.59,8.76,8.46,8.59,583910,9.88,7.41,0.55,56.16,7.65,8.04,9.5,9.5,0,,,7.65,,0,,0,,,,,
2020-04-24,8.5,8.5,8.33,8.37,408934,9.86,7.5,0.53,51.35,7.55,8.02,9.5,9.5,0,,,7.55,,0,,0,,,,,
2020-04-27,8.41,8.54,8.24,8.28,613007,9.85,7.5,0.51,49.48,7.5,8.0,9.5,9.5,0,,,7.5,,0,,0,,,,,
2020-04-28,8.33,8.37,8.15,8.33,561538,9.83,7.5,0.49,50.55,7.55,7.99,9.5,9.5,0,,,7.55,,0,,0,,,,,
2020-04-29,8.24,8.37,8.2,8.24,736153,9.82,7.59,0.47,48.55,7.53,8.0,9.5,9.5,0,,,7.53,,0,,0,,,,,
2020-04-30,8.33,8.37,8.24,8.28,831772,9.81,7.67,0.44,49.51,7.6,7.99,9.5,9.5,0,,,7.6,,0,,0,,,,,
2020-05-04,8.15,8.2,7.8,7.93,522331,9.79,7.72,0.44,42.11,7.39,7.98,9.5,9.5,0,,,7.39,,0,,0,,,,,
2020-05-05,8.07,8.11,7.8,7.8,321599,9.77,7.72,0.43,39.74,7.31,7.96,9.5,9.5,0,,,7.31,,0,,0,,,,,
2020-05-06,7.8,7.89,7.63,7.8,366231,9.75,7.63,0.42,39.74,7.29,7.95,9.5,9.5,0,,,7.29,,0,,0,,,,,
2020-05-07,7.89,7.93,7.76,7.8,301899,9.74,7.63,0.4,39.74,7.3,7.95,9.5,9.5,0,,,7.3,,0,,0,,,,,
2020-05-08,7.89,7.89,7.63,7.67,455252,9.72,7.63,0.39,37.12,7.23,7.94,9.5,9.5,0,,,7.23,,0,,0,,,,,
2020-05-11,7.67,7.76,7.63,7.67,253171,9.7,7.63,0.38,37.12,7.24,7.95,9.5,9.5,0,,,7.24,,0,,0,,,,,
2020-05-12,7.63,7.67,7.5,7.63,273840,9.69,7.5,0.36,36.27,7.18,7.96,9.5,9.5,0,,,7.18,,0,,0,,,,,
2020-05-13,8.15,8.2,7.67,7.85,810443,9.68,7.5,0.38,43.89,7.31,7.98,9.5,9.5,0,,,7.31,,0,,0,,,,,
2020-05-14,7.76,7.85,7.67,7.8,255823,9.67,7.5,0.36,42.64,7.29,7.99,9.5,9.5,0,,,7.29,,0,,0,,,,,
2020-05-15,7.8,7.8,7.63,7.72,285681,9.65,7.5,0.35,40.65,7.25,8.0,9.5,9.5,0,,,7.25,,0,,0,,,,,
2020-05-18,7.76,7.76,7.41,7.59,529428,9.64,7.41,0.35,37.58,7.13,8.0,9.5,9.5,0,,,7.13,,0,,0,,,,,
2020-05-19,7.72,7.72,7.41,7.46,351704,9.63,7.41,0.35,34.75,7.05,7.99,9.02,9.5,0,,,7.05,,0,,0,,,,,
2020-05-20,7.54,7.54,7.41,7.46,327858,9.61,7.41,0.33,34.75,7.06,7.98,8.98,9.02,0,,,7.06,,0,,0,,,,,
2020-05-21,7.5,7.63,7.41,7.46,386307,9.6,7.41,0.32,34.75,7.07,7.97,8.76,8.98,0,,,7.07,,0,,0,,,,,
2020-05-22,7.46,7.72,7.33,7.41,731217,9.59,7.33,0.33,33.54,7.0,7.96,8.54,8.76,0,,,7.0,,0,,0,,,,,
2020-05-26,7.54,7.54,7.37,7.41,246308,9.58,7.33,0.32,33.54,7.01,7.95,8.54,8.54,0,,,7.01,,0,,0,,,,,
2020-05-27,7.5,7.5,7.28,7.37,525745,9.58,7.28,0.31,32.49,6.97,7.93,8.37,8.54,0,,,6.97,,0,,0,,,,,
2020-05-28,7.37,7.5,7.37,7.41,594908,9.57,7.28,0.3,34.69,7.01,7.91,8.37,8.37,0,,,7.01,,0,,0,,,,,
2020-05-29,7.41,7.5,7.24,7.41,545896,9.57,7.24,0.29,34.69,7.0,7.9,8.37,8.37,0,,,7.0,,0,,0,,,,,
2020-06-01,7.54,8.11,7.5,7.89,1243863,9.56,7.24,0.32,55.11,7.29,7.9,8.2,8.37,0,,,7.29,,0,,0,,,,,
2020-06-02,8.07,8.67,7.89,8.33,2426615,9.56,7.24,0.36,65.69,7.55,7.9,8.67,8.2,0,,,7.55,,0,,0,,,,,
2020-06-03,8.85,9.28,8.67,8.93,6547571,9.55,7.24,0.4,74.52,7.91,7.9,9.28,8.67,0,,,7.91,,0,,0,,,,,
2020-06-04,9.11,9.24,8.8,8.89,3371469,9.55,7.24,0.4,73.17,7.88,7.91,9.28,9.28,0,,,7.88,,0,,0,,,,,
2020-06-05,9.11,9.24,8.93,9.19,3054368,9.55,7.24,0.4,76.59,8.08,7.93,9.28,9.28,0,,,8.08,,0,,0,,,,,
2020-06-08,9.37,9.58,9.11,9.15,3857084,9.55,7.24,0.4,75.21,8.05,7.95,9.58,9.28,0,,,8.05,,0,,0,,,,,
2020-06-09,9.19,9.28,8.76,8.8,1549895,9.54,7.24,0.41,64.3,7.82,7.97,9.58,9.58,0,,,7.82,,0,,0,,,,,
2020-06-10,8.89,9.5,8.5,9.15,3832386,9.54,7.24,0.45,69.12,8.01,7.99,9.58,9.58,0,,,8.01,,0,,0,,,,,
2020-06-11,9.28,9.32,8.93,8.98,1983986,9.53,7.24,0.45,64.56,7.91,8.02,9.58,9.58,0,,,7.91,,0,,0,,,,,
2020-06-12,8.67,9.24,8.46,9.11,1679527,9.52,7.24,0.47,66.39,7.97,8.04,9.58,9.58,0,,,7.97,,0,,0,,,,,
2020-06-15,9.06,9.93,9.02,9.76,6997536,9.51,7.24,0.5,73.69,8.37,8.09,9.93,9.58,1,9.76,8.37,8.37,8.37,1,2020-06-15,0,,,36,,
2020-06-16,10.06,10.36,9.11,9.84,7834210,9.5,7.24,0.56,74.43,8.39,8.16,10.36,9.93,0,,,8.39,8.37,1,2020-06-15,1,9.5,SMA150_BREAK,36,2,-2.65
2020-06-17,10.06,10.19,8.67,9.37,5452575,9.49,7.24,0.63,63.23,8.04,8.21,10.36,10.36,0,,,8.04,,0,,0,,,,,
2020-06-18,9.41,9.54,9.28,9.37,2059171,9.49,7.24,0.6,63.23,8.06,8.26,10.36,10.36,0,,,8.06,,0,,0,,,,,
2020-06-19,9.37,9.41,9.15,9.24,2858333,9.48,7.5,0.58,60.32,8.08,8.31,10.36,10.36,0,,,8.08,,0,,0,,,,,
2020-06-22,9.28,10.02,9.15,9.93,11338934,9.48,7.89,0.6,68.59,8.64,8.39,10.36,10.36,0,,,8.64,,0,,0,,,,,
2020-06-23,10.1,10.28,9.63,9.89,6265470,9.48,8.46,0.6,67.71,8.8,8.46,10.36,10.36,0,,,8.8,,0,,0,,,,,
2020-06-24,10.06,10.23,9.5,9.54,4031271,9.48,8.46,0.61,60.4,8.57,8.52,10.36,10.36,0,,,8.57,,0,,0,,,,,
2020-06-25,9.41,9.93,9.32,9.54,3425628,9.48,8.46,0.61,60.4,8.57,8.58,10.36,10.36,0,,,8.57,,0,,0,,,,,
2020-06-26,9.76,10.1,9.58,9.97,9115968,9.48,8.46,0.61,65.68,8.85,8.65,10.36,10.36,0,,,8.85,,0,,0,,,,,
2020-06-29,9.93,9.93,9.63,9.71,2992024,9.47,8.46,0.59,60.43,8.69,8.72,10.36,10.36,0,,,8.69,,0,,0,,,,,
2020-06-30,9.8,9.8,9.5,9.54,1875386,9.46,8.46,0.57,57.21,8.6,8.78,10.36,10.36,0,,,8.6,,0,,0,,,,,
2020-07-01,9.5,9.71,9.45,9.63,2396095,9.45,8.46,0.54,58.47,8.67,8.86,10.36,10.36,0,,,8.67,,0,,0,,,,,
2020-07-02,9.76,9.89,9.58,9.63,2810639,9.44,8.46,0.53,58.47,8.68,8.93,10.36,10.36,0,,,8.68,,0,,0,,,,,
2020-07-03,9.76,9.76,9.45,9.45,1989712,9.43,8.67,0.51,54.73,8.64,8.99,10.36,10.36,0,,,8.64,,0,,0,,,,,
2020-07-06,9.54,9.58,9.37,9.41,1793725,9.42,8.67,0.49,53.91,8.63,9.06,10.36,10.36,0,,,8.63,,0,,0,,,,,
2020-07-07,9.45,9.76,9.24,9.45,3760188,9.42,8.67,0.49,54.64,8.66,9.13,10.36,10.36,0,,,8.66,,0,,0,,,,,
2020-07-08,9.58,10.62,9.54,10.02,19922240,9.41,9.15,0.54,63.58,9.15,9.22,10.62,10.36,0,,,9.15,,0,,0,,,,,
2020-07-09,10.23,10.41,10.06,10.15,3694374,9.4,9.15,0.53,65.26,9.24,9.31,10.62,10.62,0,,,9.24,,0,,0,,,,,
2020-07-10,10.06,10.23,9.8,10.02,3504196,9.4,9.15,0.52,62.17,9.16,9.4,10.62,10.62,0,,,9.16,,0,,0,,,,,
2020-07-13,10.06,10.15,9.71,9.76,1682023,9.4,9.24,0.52,56.42,9.03,9.46,10.62,10.62,0,,,9.03,,0,,0,,,,,
2020-07-14,9.76,9.76,9.41,9.5,1658754,9.39,9.24,0.51,51.3,8.87,9.5,10.62,10.62,0,,,8.87,,0,,0,,,,,
2020-07-15,9.58,9.63,9.19,9.24,2658706,9.38,9.19,0.5,46.74,8.69,9.51,10.62,10.62,0,,,8.69,,0,,0,,,,,
2020-07-16,9.37,9.37,8.89,9.15,1637403,9.37,8.89,0.5,45.24,8.53,9.52,10.62,10.62,0,,,8.53,,0,,0,,,,,
2020-07-17,9.15,9.28,9.06,9.24,2066039,9.36,8.89,0.48,47.07,8.6,9.52,10.62,10.62,0,,,8.6,,0,,0,,,,,
2020-07-20,9.24,9.5,9.24,9.28,1685986,9.36,8.89,0.46,47.9,8.64,9.52,10.62,10.62,0,,,8.64,,0,,0,,,,,
2020-07-21,11.1,11.1,10.1,10.36,22700221,9.36,8.89,0.56,64.25,9.27,9.57,11.1,10.62,0,,,9.27,,0,,0,,,,,
2020-07-22,10.62,10.62,9.97,10.06,4286752,9.36,8.89,0.57,58.74,9.07,9.6,11.1,11.1,0,,,9.07,,0,,0,,,,,
2020-07-23,10.23,10.36,10.06,10.28,4860976,9.36,8.89,0.55,61.36,9.23,9.65,11.1,11.1,0,,,9.23,,0,,0,,,,,
2020-07-24,11.1,11.1,10.58,10.71,18424067,9.36,8.89,0.57,65.91,9.49,9.7,11.1,11.1,0,,,9.49,,0,,0,,,,,
2020-07-27,10.71,10.71,10.06,10.15,3406162,9.36,8.89,0.57,56.56,9.13,9.71,11.1,11.1,0,,,9.13,,0,,0,,,,,
2020-07-28,10.23,10.23,9.8,9.97,2370481,9.36,8.89,0.56,53.92,9.02,9.72,11.1,11.1,0,,,9.02,,0,,0,,,,,
2020-07-29,9.97,11.06,9.89,10.75,16362805,9.37,8.89,0.61,62.18,9.49,9.76,11.1,11.1,0,,,9.49,,0,,0,,,,,
2020-07-30,10.88,11.01,10.45,10.49,5131317,9.37,8.89,0.6,58.42,9.33,9.8,11.1,11.1,0,,,9.33,,0,,0,,,,,
2020-07-31,10.49,11.06,10.1,10.54,5794200,9.37,8.89,0.63,58.93,9.34,9.85,11.1,11.1,0,,,9.34,,0,,0,,,,,
2020-08-03,10.49,10.58,10.28,10.36,2454432,9.37,8.89,0.6,56.24,9.24,9.86,11.1,11.1,0,,,9.24,,0,,0,,,,,
2020-08-04,10.41,10.58,10.32,10.36,1581408,9.36,8.89,0.58,56.24,9.26,9.88,11.1,11.1,0,,,9.26,,0,,0,,,,,
2020-08-05,10.45,10.45,10.23,10.28,1651234,9.36,8.89,0.55,54.94,9.22,9.9,11.1,11.1,0,,,9.22,,0,,0,,,,,
2020-08-06,10.36,10.49,10.23,10.28,1691663,9.35,9.06,0.53,54.94,9.29,9.92,11.1,11.1,0,,,9.29,,0,,0,,,,,
2020-08-07,10.32,10.36,10.15,10.28,1748944,9.34,9.24,0.51,54.94,9.37,9.94,11.1,11.1,0,,,9.37,,0,,0,,,,,
2020-08-10,10.32,10.36,10.23,10.28,1702063,9.34,9.8,0.48,54.94,9.58,9.95,11.1,11.1,0,,,9.58,,0,,0,,,,,
2020-08-11,10.32,10.41,10.28,10.36,1840597,9.33,9.8,0.46,56.29,9.64,9.98,11.1,11.1,0,,,9.64,,0,,0,,,,,
2020-08-12,10.71,10.75,10.49,10.54,3763010,9.33,9.8,0.45,59.26,9.76,10.01,11.1,11.1,0,,,9.76,,0,,0,,,,,
2020-08-13,10.58,10.62,10.41,10.54,2777882,9.33,9.8,0.44,59.26,9.77,10.04,11.1,11.1,0,,,9.77,,0,,0,,,,,
2020-08-14,10.58,10.97,10.36,10.45,3571717,9.33,9.8,0.45,57.02,9.71,10.08,11.1,11.1,0,,,9.71,,0,,0,,,,,
2020-08-17,10.49,10.58,10.41,10.45,1160519,9.32,9.8,0.43,57.02,9.72,10.11,11.1,11.1,0,,,9.72,,0,,0,,,,,
2020-08-18,10.49,10.67,10.32,10.45,2257354,9.32,9.89,0.42,57.02,9.76,10.14,11.1,11.1,0,,,9.76,,0,,0,,,,,
2020-08-19,10.84,11.01,10.67,10.75,5351412,9.32,10.1,0.43,62.87,10.01,10.17,11.1,11.1,0,,,10.01,,0,,0,,,,,
2020-08-20,10.75,10.84,10.58,10.71,2694400,9.31,10.1,0.42,61.67,9.99,10.19,11.1,11.1,0,,,9.99,,0,,0,,,,,
2020-08-21,10.8,12.57,10.75,12.31,32609019,9.32,10.15,0.52,79.01,10.97,10.26,12.57,11.1,1,12.31,10.97,10.97,10.97,1,2020-08-21,0,,,37,,
2020-08-24,12.49,12.79,11.88,12.23,9887713,9.32,10.15,0.55,77.13,10.9,10.34,12.79,12.57,0,,,10.9,10.97,1,2020-08-21,0,,,37,,
2020-08-25,12.36,13.31,12.31,12.79,15161558,9.33,10.15,0.59,80.61,11.24,10.45,13.31,12.79,0,,,11.24,11.24,1,2020-08-21,0,,,37,,
2020-08-26,13.01,13.14,12.23,12.44,6425754,9.34,10.15,0.61,73.13,11.0,10.56,13.31,13.31,0,,,11.0,11.24,1,2020-08-21,0,,,37,,
2020-08-27,12.36,12.57,11.97,12.01,4029125,9.33,10.15,0.61,65.13,10.72,10.66,13.31,13.31,0,,,10.72,11.24,1,2020-08-21,0,,,37,,
2020-08-28,12.27,12.75,12.1,12.27,7679274,9.33,10.23,0.62,67.45,10.91,10.76,13.31,13.31,0,,,10.91,11.24,1,2020-08-21,0,,,37,,
2020-08-31,12.57,12.66,11.62,11.71,4374375,9.34,10.28,0.65,58.43,10.55,10.84,13.31,13.31,0,,,10.55,11.24,1,2020-08-21,0,,,37,,
2020-09-01,11.75,11.92,11.06,11.58,2386828,9.34,10.32,0.66,56.54,10.47,10.88,13.31,13.31,0,,,10.47,11.24,1,2020-08-21,1,11.24,TRAILING_STOP,37,8,-8.69
2020-09-02,11.84,11.88,11.36,11.62,1291450,9.34,10.32,0.65,57.0,10.5,10.93,13.31,13.31,0,,,10.5,,0,,0,,,,,
2020-09-03,11.62,11.66,11.45,11.49,1132902,9.34,10.32,0.62,54.97,10.44,10.97,13.31,13.31,0,,,10.44,,0,,0,,,,,
2020-09-04,11.32,11.4,10.84,11.14,2578272,9.34,10.32,0.62,49.8,10.21,10.99,13.31,13.31,0,,,10.21,,0,,0,,,,,
2020-09-07,11.27,11.4,10.88,11.01,1840930,9.34,10.32,0.62,48.0,10.13,11.01,13.31,13.31,0,,,10.13,,0,,0,,,,,
2020-09-08,11.1,11.14,10.62,10.75,1852875,9.33,10.58,0.61,44.52,10.05,11.04,13.31,13.31,0,,,10.05,,0,,0,,,,,
2020-09-09,10.67,10.88,10.45,10.71,1403661,9.33,10.45,0.6,44.0,9.99,11.04,13.31,13.31,0,,,9.99,,0,,0,,,,,
2020-09-10,10.84,11.01,10.71,10.88,1961834,9.33,10.45,0.58,46.88,10.12,11.05,13.31,13.31,0,,,10.12,,0,,0,,,,,
2020-09-11,10.88,11.01,10.75,10.88,1131092,9.33,10.45,0.55,46.88,10.13,11.06,13.31,13.31,0,,,10.13,,0,,0,,,,,
2020-09-14,11.06,11.27,10.93,11.06,2923468,9.33,10.45,0.54,50.03,10.26,11.09,13.31,13.31,0,,,10.26,,0,,0,,,,,
2020-09-15,11.23,11.23,11.06,11.1,1771322,9.34,10.45,0.52,50.73,10.3,11.11,13.31,13.31,0,,,10.3,,0,,0,,,,,
2020-09-16,11.1,11.27,11.01,11.06,1418838,9.34,10.45,0.5,49.98,10.29,11.14,13.31,13.31,0,,,10.29,,0,,0,,,,,
2020-09-17,10.97,11.01,10.75,10.84,1090226,9.34,10.45,0.48,45.93,10.15,11.16,13.31,13.31,0,,,10.15,,0,,0,,,,,
2020-09-18,10.93,10.93,10.58,10.62,1235070,9.34,10.45,0.47,42.25,10.02,11.17,13.31,13.31,0,,,10.02,,0,,0,,,,,
2020-09-21,10.62,10.71,9.97,10.06,1561519,9.34,9.97,0.49,34.63,9.48,11.16,13.31,13.31,0,,,9.48,,0,,0,,,,,
2020-09-22,10.06,10.06,9.67,9.84,1024072,9.33,9.67,0.49,32.18,9.25,11.14,13.14,13.31,0,,,9.25,,0,,0,,,,,
2020-09-23,9.97,10.1,9.5,9.67,1310028,9.33,9.5,0.49,30.39,9.07,11.11,12.75,13.14,0,,,9.07,,0,,0,,,,,
2020-09-24,9.5,9.5,9.15,9.37,2308473,9.32,9.15,0.5,27.48,8.76,11.08,12.75,12.75,0,,,8.76,,0,,0,,,,,
2020-09-25,9.41,9.89,9.37,9.8,1465622,9.32,9.15,0.5,36.81,9.04,11.05,12.66,12.75,0,,,9.04,,0,,0,,,,,
2020-09-28,9.97,10.06,9.84,10.02,1029129,9.32,9.15,0.48,41.0,9.19,11.04,11.92,12.66,0,,,9.19,,0,,0,,,,,
2020-09-29,10.1,10.15,9.71,9.76,943229,9.32,9.15,0.48,37.81,9.03,11.02,11.88,11.92,0,,,9.03,,0,,0,,,,,
2020-09-30,9.84,9.84,9.63,9.67,578593,9.32,9.15,0.46,36.75,8.98,10.98,11.66,11.88,0,,,8.98,,0,,0,,,,,
2020-10-01,9.8,9.89,9.67,9.71,756569,9.32,9.15,0.44,37.59,9.02,10.95,11.4,11.66,0,,,9.02,,0,,0,,,,,
2020-10-05,9.84,10.02,9.76,9.89,1000130,9.32,9.15,0.43,41.37,9.14,10.87,11.4,11.4,0,,,9.14,,0,,0,,,,,
2020-10-06,10.02,10.06,9.8,9.84,579562,9.32,9.15,0.42,40.63,9.12,10.79,11.27,11.4,0,,,9.12,,0,,0,,,,,
2020-10-07,9.84,9.89,9.67,9.71,505339,9.33,9.15,0.41,38.7,9.04,10.68,11.27,11.27,0,,,9.04,,0,,0,,,,,
2020-10-08,9.8,9.84,9.71,9.76,489718,9.33,9.15,0.39,39.88,9.09,10.59,11.27,11.27,0,,,9.09,,0,,0,,,,,
2020-10-09,9.76,9.97,9.67,9.8,892069,9.34,9.15,0.38,40.87,9.12,10.52,11.27,11.27,0,,,9.12,,0,,0,,,,,
2020-10-12,9.93,9.93,9.63,9.63,927566,9.34,9.15,0.37,38.02,9.01,10.43,11.27,11.27,0,,,9.01,,0,,0,,,,,
2020-10-13,9.67,9.67,9.45,9.5,592507,9.34,9.15,0.36,35.96,8.94,10.36,11.27,11.27,0,,,8.94,,0,,0,,,,,
2020-10-14,9.45,9.76,9.37,9.67,536070,9.35,9.15,0.36,40.5,9.04,10.3,11.27,11.27,0,,,9.04,,0,,0,,,,,
2020-10-15,9.76,9.76,9.37,9.41,952772,9.35,9.15,0.37,36.27,8.87,10.22,11.01,11.27,0,,,8.87,,0,,0,,,,,
2020-10-16,9.5,9.71,9.45,9.67,835656,9.36,9.37,0.36,42.72,9.12,10.16,10.93,11.01,0,,,9.12,,0,,0,,,,,
2020-10-19,9.76,10.93,9.71,10.32,7390865,9.37,9.37,0.43,54.98,9.5,10.13,10.93,10.93,0,,,9.5,,0,,0,,,,,
2020-10-20,10.32,10.41,9.97,10.02,1220378,9.38,9.37,0.43,49.69,9.3,10.1,10.93,10.93,0,,,9.3,,0,,0,,,,,
2020-10-21,10.02,10.15,9.93,10.1,1682949,9.39,9.37,0.41,51.05,9.36,10.08,10.93,10.93,0,,,9.36,,0,,0,,,,,
2020-10-22,9.97,10.15,9.89,10.1,1091177,9.41,9.37,0.4,51.05,9.37,10.06,10.93,10.93,0,,,9.37,,0,,0,,,,,
2020-10-23,10.15,10.23,10.06,10.15,691994,9.42,9.37,0.38,51.98,9.41,10.03,10.93,10.93,0,,,9.41,,0,,0,,,,,
2020-10-26,10.19,10.23,9.89,9.93,527202,9.43,9.37,0.38,47.67,9.27,10.0,10.93,10.93,0,,,9.27,,0,,0,,,,,
2020-10-27,9.93,10.02,9.8,9.84,643688,9.45,9.37,0.37,45.98,9.22,9.96,10.93,10.93,0,,,9.22,,0,,0,,,,,
2020-10-28,9.89,9.93,9.54,9.63,758793,9.46,9.37,0.37,42.24,9.09,9.91,10.93,10.93,0,,,9.09,,0,,0,,,,,
2020-10-29,9.54,9.71,9.41,9.58,726844,9.48,9.37,0.37,41.37,9.06,9.86,10.93,10.93,0,,,9.06,,0,,0,,,,,
2020-10-30,9.67,9.67,9.41,9.58,620034,9.49,9.37,0.36,41.37,9.06,9.82,10.93,10.93,0,,,9.06,,0,,0,,,,,
2020-11-02,9.58,9.89,9.54,9.71,1058507,9.51,9.37,0.36,44.78,9.15,9.79,10.93,10.93,0,,,9.15,,0,,0,,,,,
2020-11-03,9.84,9.84,9.67,9.71,743667,9.52,9.37,0.34,44.78,9.16,9.78,10.93,10.93,0,,,9.16,,0,,0,,,,,
2020-11-04,9.71,9.71,9.58,9.67,515925,9.54,9.37,0.33,43.87,9.14,9.77,10.93,10.93,0,,,9.14,,0,,0,,,,,
2020-11-05,9.76,9.84,9.63,9.67,1063988,9.55,9.41,0.32,43.87,9.16,9.77,10.93,10.93,0,,,9.16,,0,,0,,,,,
2020-11-06,9.67,9.76,9.58,9.67,1150772,9.56,9.41,0.31,43.87,9.17,9.78,10.93,10.93,0,,,9.17,,0,,0,,,,,
2020-11-09,9.8,9.8,9.63,9.67,873373,9.58,9.41,0.3,43.87,9.17,9.78,10.93,10.93,0,,,9.17,,0,,0,,,,,
2020-11-10,9.71,9.89,9.63,9.71,1719659,9.59,9.41,0.3,45.36,9.2,9.77,10.93,10.93,0,,,9.2,,0,,0,,,,,
2020-11-11,9.76,9.93,9.71,9.8,1018862,9.6,9.41,0.29,48.67,9.26,9.77,10.93,10.93,0,,,9.26,,0,,0,,,,,
2020-11-12,9.76,9.84,9.67,9.71,566799,9.61,9.41,0.28,45.69,9.21,9.77,10.93,10.93,0,,,9.21,,0,,0,,,,,
2020-11-13,9.71,9.76,9.63,9.71,677887,9.63,9.41,0.27,45.69,9.22,9.77,10.93,10.93,0,,,9.22,,0,,0,,,,,
2020-11-14,9.76,9.84,9.71,9.8,282407,9.64,9.41,0.26,49.29,9.28,9.77,10.41,10.93,0,,,9.28,,0,,0,,,,,
2020-11-17,9.8,9.8,9.71,9.76,844396,9.65,9.41,0.25,47.78,9.27,9.77,10.23,10.41,0,,,9.27,,0,,0,,,,,
2020-11-18,9.71,10.06,9.67,9.89,2251875,9.66,9.41,0.26,52.85,9.34,9.77,10.23,10.23,0,,,9.34,,0,,0,,,,,
2020-11-19,9.8,9.89,9.63,9.71,1738514,9.67,9.41,0.26,46.16,9.23,9.77,10.23,10.23,0,,,9.23,,0,,0,,,,,
2020-11-20,9.76,9.89,9.67,9.76,1923168,9.67,9.54,0.26,48.13,9.3,9.77,10.23,10.23,0,,,9.3,,0,,0,,,,,
2020-11-23,9.89,10.28,9.8,10.1,2214780,9.69,9.58,0.28,59.06,9.52,9.78,10.28,10.23,0,,,9.52,,0,,0,,,,,
2020-11-24,10.23,10.23,10.06,10.1,1474817,9.7,9.58,0.27,59.06,9.53,9.8,10.28,10.28,0,,,9.53,,0,,0,,,,,
2020-11-25,10.28,10.71,10.1,10.23,5766995,9.71,9.58,0.29,62.56,9.6,9.82,10.71,10.28,0,,,9.6,,0,,0,,,,,
2020-11-26,10.32,10.36,10.19,10.23,1302712,9.72,9.58,0.28,62.56,9.6,9.85,10.71,10.71,0,,,9.6,,0,,0,,,,,
2020-11-27,10.28,10.84,10.23,10.58,5939881,9.74,9.63,0.31,70.45,9.83,9.88,10.84,10.71,0,,,9.83,,0,,0,,,,,
2020-12-01,10.8,11.06,10.58,10.75,4073853,9.75,9.63,0.32,73.38,9.93,9.9,11.06,10.84,0,,,9.93,,0,,0,,,,,
2020-12-02,10.75,11.01,10.67,10.97,3763566,9.77,9.63,0.32,76.62,10.07,9.93,11.06,11.06,0,,,10.07,,0,,0,,,,,
2020-12-03,11.01,11.58,10.97,11.32,7930046,9.79,9.63,0.34,80.65,10.28,9.97,11.58,11.06,1,11.32,10.28,10.28,10.28,1,2020-12-03,0,,,38,,
2020-12-04,11.4,12.44,11.36,12.31,12919438,9.82,9.63,0.4,87.31,10.89,10.04,12.44,11.58,0,,,10.89,10.89,1,2020-12-03,0,,,38,,
2020-12-07,12.4,13.14,12.4,13.09,11987460,9.86,9.63,0.43,90.18,11.37,10.14,13.14,12.44,0,,,11.37,11.37,1,2020-12-03,0,,,38,,
2020-12-08,13.22,13.7,12.18,13.27,17882720,9.89,9.63,0.51,90.7,11.43,10.25,13.7,13.14,0,,,11.43,11.43,1,2020-12-03,0,,,38,,
2020-12-09,13.49,13.88,13.31,13.49,11411001,9.93,9.63,0.51,91.31,11.57,10.37,13.88,13.7,0,,,11.57,11.57,1,2020-12-03,0,,,38,,
2020-12-10,13.53,13.53,12.49,12.7,6561016,9.97,9.63,0.55,72.87,11.03,10.48,13.88,13.88,0,,,11.03,11.57,1,2020-12-03,0,,,38,,
2020-12-11,12.83,13.18,12.4,12.53,3989531,10.0,9.67,0.57,69.61,10.93,10.57,13.88,13.88,0,,,10.93,11.57,1,2020-12-03,0,,,38,,
2020-12-14,12.7,12.83,12.31,12.4,2700136,10.03,9.8,0.56,67.14,10.89,10.67,13.88,13.88,0,,,10.89,11.57,1,2020-12-03,0,,,38,,
2020-12-15,12.62,12.62,12.18,12.27,2272861,10.06,10.06,0.56,64.67,10.9,10.75,13.88,13.88,0,,,10.9,11.57,1,2020-12-03,0,,,38,,
2020-12-16,12.36,12.62,12.31,12.36,2288828,10.09,10.1,0.54,65.61,10.98,10.84,13.88,13.88,0,,,10.98,11.57,1,2020-12-03,0,,,38,,
2020-12-17,12.44,12.44,11.75,11.88,2386241,10.12,10.19,0.55,56.88,10.69,10.91,13.88,13.88,0,,,10.69,11.57,1,2020-12-03,0,,,38,,
2020-12-18,11.79,11.88,11.32,11.62,3259240,10.15,10.23,0.55,52.78,10.54,10.98,13.88,13.88,0,,,10.54,11.57,1,2020-12-03,1,11.57,TRAILING_STOP,38,12,2.2
2020-12-21,11.58,11.58,9.54,10.54,5803664,10.17,9.54,0.66,39.92,9.54,11.01,13.88,13.88,0,,,9.54,,0,,0,,,,,
2020-12-22,10.54,10.93,10.02,10.8,3847076,10.19,9.54,0.68,43.49,9.69,11.05,13.88,13.88,0,,,9.69,,0,,0,,,,,
2020-12-23,10.88,11.53,10.8,11.45,2838158,10.22,9.54,0.68,51.28,10.11,11.1,13.88,13.88,0,,,10.11,,0,,0,,,,,
2020-12-24,11.84,11.88,11.32,11.49,2598079,10.24,9.54,0.67,51.73,10.14,11.16,13.88,13.88,0,,,10.14,,0,,0,,,,,
2020-12-28,11.62,11.71,11.45,11.53,1687215,10.27,9.54,0.64,52.19,10.19,11.22,13.88,13.88,0,,,10.19,,0,,0,,,,,
2020-12-29,11.66,11.66,11.36,11.4,1954109,10.3,9.54,0.62,50.49,10.12,11.28,13.88,13.88,0,,,10.12,,0,,0,,,,,
2020-12-30,11.4,11.49,11.23,11.32,1228306,10.32,9.54,0.59,49.41,10.09,11.33,13.88,13.88,0,,,10.09,,0,,0,,,,,
2020-12-31,11.32,11.4,11.27,11.32,1507061,10.35,9.54,0.56,49.41,10.11,11.38,13.88,13.88,0,,,10.11,,0,,0,,,,,
2021-01-01,11.36,11.92,11.32,11.84,4802367,10.37,9.54,0.56,56.39,10.44,11.45,13.88,13.88,0,,,10.44,,0,,0,,,,,
2021-01-04,12.05,12.23,11.62,11.88,3162749,10.39,9.54,0.57,56.88,10.46,11.52,13.88,13.88,0,,,10.46,,0,,0,,,,,
2021-01-05,11.79,11.84,11.62,11.71,1868349,10.41,9.54,0.54,54.09,10.37,11.58,13.88,13.88,0,,,10.37,,0,,0,,,,,
2021-01-06,11.71,11.88,11.45,11.58,2206217,10.43,9.54,0.54,51.98,10.29,11.63,13.88,13.88,0,,,10.29,,0,,0,,,,,
2021-01-07,11.71,11.88,11.62,11.79,1648922,10.44,9.54,0.52,55.03,10.44,11.69,13.53,13.88,0,,,10.44,,0,,0,,,,,
2021-01-08,11.79,12.57,11.71,12.27,7773954,10.47,9.54,0.54,61.1,10.73,11.76,13.18,13.53,0,,,10.73,,0,,0,,,,,
2021-01-11,12.53,12.57,11.88,12.01,2672625,10.48,9.54,0.55,56.64,10.56,11.82,12.83,13.18,0,,,10.56,,0,,0,,,,,
2021-01-12,12.01,13.44,11.88,12.83,13490861,10.51,10.02,0.63,65.25,11.2,11.89,13.44,12.83,0,,,11.2,,0,,0,,,,,
2021-01-13,12.83,13.09,12.49,12.88,8870206,10.54,10.8,0.62,65.7,11.49,11.96,13.44,13.44,0,,,11.49,,0,,0,,,,,
2021-01-14,12.75,13.14,12.57,12.79,4970653,10.56,11.23,0.62,64.1,11.58,12.02,13.44,13.44,0,,,11.58,,0,,0,,,,,
2021-01-15,12.75,12.92,12.18,12.62,6273302,10.57,11.23,0.63,61.07,11.46,12.07,13.44,13.44,0,,,11.46,,0,,0,,,,,
2021-01-18,12.88,13.14,12.62,12.79,7467317,10.6,11.23,0.62,62.96,11.58,12.08,13.44,13.44,0,,,11.58,,0,,0,,,,,
2021-01-19,13.01,14.01,12.88,13.75,28865672,10.63,11.23,0.66,71.38,12.17,12.1,14.01,13.44,1,13.75,12.17,12.17,12.17,1,2021-01-19,0,,,39,,
2021-01-20,13.88,14.27,13.7,13.88,14008130,10.66,11.27,0.66,72.29,12.27,12.12,14.27,14.01,0,,,12.27,12.27,1,2021-01-19,0,,,39,,
2021-01-21,14.05,14.09,12.83,13.01,9149626,10.68,11.32,0.7,58.72,11.7,12.11,14.27,14.27,0,,,11.7,12.27,1,2021-01-19,0,,,39,,
2021-01-22,13.09,13.22,12.36,12.53,4721420,10.7,11.45,0.71,52.82,11.42,12.1,14.27,14.27,0,,,11.42,12.27,1,2021-01-19,0,,,39,,
2021-01-25,12.66,12.75,11.71,11.79,4821764,10.71,11.45,0.74,45.28,10.93,12.08,14.27,14.27,0,,,10.93,12.27,1,2021-01-19,1,12.27,TRAILING_STOP,39,5,-10.76
2021-01-27,12.1,12.36,11.84,12.1,4117171,10.73,11.45,0.72,48.59,11.14,12.07,14.27,14.27,0,,,11.14,,0,,0,,,,,
2021-01-28,12.05,12.49,11.92,12.36,2830856,10.74,11.62,0.71,51.26,11.37,12.07,14.27,14.27,0,,,11.37,,0,,0,,,,,
2021-01-29,12.49,13.4,12.36,12.96,8955288,10.77,11.71,0.74,56.82,11.77,12.09,14.27,14.27,0,,,11.77,,0,,0,,,,,
2021-02-01,13.27,13.57,12.66,12.88,14297432,10.79,11.71,0.75,55.9,11.71,12.12,14.27,14.27,0,,,11.71,,0,,0,,,,,
2021-02-02,13.18,13.53,12.96,13.01,6557268,10.81,11.71,0.74,57.11,11.8,12.17,14.27,14.27,0,,,11.8,,0,,0,,,,,
2021-02-03,13.18,13.4,13.05,13.27,5815802,10.83,11.71,0.72,59.51,11.99,12.26,14.27,14.27,0,,,11.99,,0,,0,,,,,
2021-02-04,13.44,14.09,13.31,13.92,13213509,10.86,11.71,0.72,64.8,12.4,12.37,14.27,14.27,0,,,12.4,,0,,0,,,,,
2021-02-05,14.05,14.61,13.92,14.01,11760190,10.89,11.71,0.72,65.47,12.46,12.45,14.61,14.27,0,,,12.46,,0,,0,,,,,
2021-02-08,14.27,14.48,14.01,14.18,4990529,10.93,11.71,0.7,66.76,12.58,12.54,14.61,14.61,0,,,12.58,,0,,0,,,,,
2021-02-09,14.18,14.18,13.75,13.83,4628023,10.95,11.71,0.68,61.65,12.37,12.62,14.61,14.61,0,,,12.37,,0,,0,,,,,
2021-02-10,13.88,13.88,13.27,13.35,3409503,10.97,11.71,0.68,55.38,12.06,12.68,14.61,14.61,0,,,12.06,,0,,0,,,,,
2021-02-11,14.31,14.31,13.7,13.83,4638321,11.0,11.71,0.7,59.78,12.36,12.77,14.61,14.61,0,,,12.36,,0,,0,,,,,
2021-02-12,13.79,13.96,13.62,13.7,2388673,11.02,11.71,0.67,58.11,12.29,12.84,14.61,14.61,0,,,12.29,,0,,0,,,,,
2021-02-15,13.62,14.05,13.62,13.79,2994218,11.05,11.71,0.66,58.97,12.36,12.91,14.61,14.61,0,,,12.36,,0,,0,,,,,
2021-02-16,15.87,16.52,15.31,16.52,20416812,11.1,11.84,0.8,75.39,14.07,13.06,16.52,14.61,1,16.52,14.07,14.07,14.07,1,2021-02-16,0,,,40,,
2021-02-17,17.52,19.82,17.34,19.82,44706574,11.17,11.92,0.98,83.82,16.1,13.34,19.82,16.52,0,,,16.1,16.1,1,2021-02-16,0,,,40,,
2021-02-18,21.77,21.77,21.77,21.77,3880084,11.26,12.36,1.05,86.72,17.46,13.67,21.77,19.82,0,,,17.46,17.46,1,2021-02-16,0,,,40,,
2021-02-19,22.46,23.93,19.6,20.25,117066117,11.33,12.66,1.29,75.39,16.42,13.96,23.93,21.77,0,,,16.42,17.46,1,2021-02-16,0,,,40,,
2021-02-22,20.21,20.38,18.25,18.86,35358274,11.39,12.96,1.35,66.8,15.59,14.18,23.93,23.93,0,,,15.59,17.46,1,2021-02-16,0,,,40,,
2021-02-23,19.17,20.12,17.78,18.51,25982613,11.44,13.05,1.42,64.79,15.34,14.39,23.93,23.93,0,,,15.34,17.46,1,2021-02-16,0,,,40,,
2021-02-24,19.08,20.34,19.04,20.34,20531292,11.51,13.27,1.45,69.88,16.58,14.64,23.93,23.93,0,,,16.58,17.46,1,2021-02-16,0,,,40,,
2021-02-25,21.81,22.33,21.25,22.33,31066051,11.59,13.27,1.49,74.24,17.84,14.96,23.93,23.93,0,,,17.84,17.84,1,2021-02-16,0,,,40,,
2021-02-26,21.25,22.07,20.55,20.9,28523644,11.66,13.27,1.51,66.76,16.9,15.23,23.93,23.93,0,,,16.9,17.84,1,2021-02-16,0,,,40,,
2021-03-01,21.85,21.85,19.86,20.16,9700874,11.73,13.27,1.54,63.22,16.4,15.48,23.93,23.93,0,,,16.4,17.84,1,2021-02-16,0,,,40,,
2021-03-02,20.42,20.55,19.77,19.99,7207808,11.79,13.27,1.49,62.4,16.33,15.72,23.93,23.93,0,,,16.33,17.84,1,2021-02-16,0,,,40,,
2021-03-03,20.21,20.77,19.77,19.9,8406305,11.85,13.62,1.45,61.94,16.41,15.92,23.93,23.93,0,,,16.41,17.84,1,2021-02-16,0,,,40,,
2021-03-04,19.82,20.08,19.12,19.25,7081295,11.91,13.62,1.42,58.59,16.01,16.1,23.93,23.93,0,,,16.01,17.84,1,2021-02-16,0,,,40,,
2021-03-05,19.25,19.38,18.82,18.99,4197367,11.97,13.62,1.36,57.26,15.88,16.3,23.93,23.93,0,,,15.88,17.84,1,2021-02-16,0,,,40,,
2021-03-08,20.6,20.86,20.03,20.86,23754112,12.04,15.31,1.39,63.66,17.63,16.58,23.93,23.93,0,,,17.63,17.84,1,2021-02-16,0,,,40,,
2021-03-09,21.59,21.81,19.73,19.95,14896969,12.1,17.34,1.44,59.03,17.69,16.85,23.93,23.93,0,,,17.69,17.84,1,2021-02-16,0,,,40,,
2021-03-10,20.38,20.6,19.86,19.95,5253068,12.17,17.78,1.39,59.03,17.87,17.11,23.93,23.93,0,,,17.87,17.87,1,2021-02-16,0,,,40,,
2021-03-12,20.55,21.94,19.86,19.9,9019956,12.23,17.78,1.44,58.75,17.8,17.37,23.93,23.93,0,,,17.8,17.87,1,2021-02-16,0,,,40,,
2021-03-15,20.21,20.25,18.99,19.21,6523923,12.29,17.78,1.43,54.98,17.37,17.57,23.93,23.93,0,,,17.37,17.87,1,2021-02-16,0,,,40,,
2021-03-16,19.3,19.34,18.04,18.56,6933089,12.34,17.78,1.42,51.62,16.95,17.76,23.93,23.93,0,,,16.95,17.87,1,2021-02-16,0,,,40,,
2021-03-17,18.69,18.91,17.73,17.82,4399506,12.39,17.73,1.4,48.02,16.47,17.92,23.93,23.93,0,,,16.47,17.87,1,2021-02-16,1,17.87,TRAILING_STOP,40,21,8.15
2021-03-18,18.21,18.34,16.3,16.74,6707609,12.43,16.3,1.45,43.28,15.27,18.04,23.93,23.93,0,,,15.27,,0,,0,,,,,
2021-03-19,16.48,17.04,15.7,16.43,8051730,12.47,15.7,1.44,42.0,14.87,18.12,23.93,23.93,0,,,14.87,,0,,0,,,,,
2021-03-22,16.65,17.3,16.3,16.52,6058094,12.51,15.7,1.41,42.53,14.95,18.21,22.33,23.93,0,,,14.95,,0,,0,,,,,
2021-03-23,17.08,18.17,16.65,18.17,17424016,12.57,15.7,1.43,51.35,16.0,18.34,22.33,22.33,0,,,16.0,,0,,0,,,,,
2021-03-24,19.69,19.95,18.08,18.78,37769747,12.62,15.7,1.46,54.15,16.38,18.5,22.33,22.33,0,,,16.38,,0,,0,,,,,
2021-03-25,19.04,19.3,17.0,18.08,13270081,12.67,15.7,1.52,50.55,15.88,18.66,22.33,22.33,0,,,15.88,,0,,0,,,,,
2021-03-26,18.6,19.08,18.04,18.12,5670255,12.71,15.7,1.48,50.75,15.93,18.81,22.07,22.33,0,,,15.93,,0,,0,,,,,
2021-03-30,18.21,18.38,17.47,17.99,4503010,12.75,15.7,1.44,50.04,15.88,18.95,21.94,22.07,0,,,15.88,,0,,0,,,,,
2021-03-31,18.17,18.38,17.65,18.04,5212158,12.78,15.7,1.39,50.33,15.94,19.09,21.94,21.94,0,,,15.94,,0,,0,,,,,
2021-04-01,18.47,19.04,18.25,18.6,7531269,12.82,15.7,1.36,53.57,16.32,19.16,21.94,21.94,0,,,16.32,,0,,0,,,,,
2021-04-05,18.12,19.08,17.99,18.43,5849594,12.86,15.7,1.34,52.45,16.22,19.11,21.94,21.94,0,,,16.22,,0,,0,,,,,
2021-04-06,18.56,18.6,18.12,18.21,3034615,12.9,15.7,1.28,50.97,16.12,18.99,21.94,21.94,0,,,16.12,,0,,0,,,,,
2021-04-07,18.21,18.82,17.95,18.47,4645403,12.95,15.7,1.25,52.67,16.31,18.94,21.94,21.94,0,,,16.31,,0,,0,,,,,
2021-04-08,18.82,18.95,18.34,18.38,3544390,12.99,15.7,1.21,52.0,16.28,18.92,21.94,21.94,0,,,16.28,,0,,0,,,,,
2021-04-09,18.6,22.03,18.6,21.46,55300181,13.06,15.7,1.38,67.37,18.15,19.02,22.03,21.94,0,,,18.15,,0,,0,,,,,
2021-04-12,20.64,21.03,19.34,19.82,27436858,13.12,15.7,1.43,56.92,17.06,19.0,22.03,22.03,0,,,17.06,,0,,0,,,,,
2021-04-13,19.95,23.76,19.82,23.41,70301278,13.2,16.3,1.61,68.45,19.46,19.04,23.76,22.03,1,23.41,19.46,19.46,19.46,1,2021-04-13,0,,,41,,
2021-04-15,22.55,22.94,21.38,21.85,27490674,13.27,16.65,1.64,60.83,18.55,19.07,23.76,23.76,0,,,18.55,19.46,1,2021-04-13,0,,,41,,
2021-04-16,22.07,23.15,21.77,21.94,28141932,13.34,17.0,1.62,61.1,18.74,19.13,23.76,23.76,0,,,18.74,19.46,1,2021-04-13,0,,,41,,
2021-04-19,20.77,21.07,20.12,20.34,15573583,13.41,17.0,1.64,54.0,17.69,19.14,23.76,23.76,0,,,17.69,19.46,1,2021-04-13,0,,,41,,
2021-04-20,20.81,21.12,19.56,19.69,12329593,13.47,17.47,1.63,51.38,17.44,19.13,23.76,23.76,0,,,17.44,19.46,1,2021-04-13,0,,,41,,
2021-04-22,19.17,20.64,18.73,19.82,17735723,13.53,17.47,1.65,51.88,17.51,19.15,23.76,23.76,0,,,17.51,19.46,1,2021-04-13,1,19.46,TRAILING_STOP,41,6,-16.88
2021-04-23,19.82,20.16,19.6,19.86,8406193,13.59,17.65,1.57,52.05,17.64,19.18,23.76,23.76,0,,,17.64,,0,,0,,,,,
2021-04-26,20.12,20.77,20.03,20.29,5718801,13.65,17.95,1.53,53.87,18.05,19.16,23.76,23.76,0,,,18.05,,0,,0,,,,,
2021-04-27,20.68,20.77,20.03,20.47,9651949,13.71,17.95,1.47,54.64,18.21,19.18,23.76,23.76,0,,,18.21,,0,,0,,,,,
2021-04-28,20.55,20.86,20.42,20.68,6826298,13.77,17.95,1.4,55.58,18.39,19.2,23.76,23.76,0,,,18.39,,0,,0,,,,,
2021-04-29,21.07,21.9,20.38,21.46,20380789,13.85,17.95,1.41,58.98,18.89,19.25,23.76,23.76,0,,,18.89,,0,,0,,,,,
2021-04-30,21.25,21.55,20.81,20.86,8822796,13.92,18.34,1.36,55.47,18.66,19.31,23.76,23.76,0,,,18.66,,0,,0,,,,,
2021-05-03,20.55,20.77,20.12,20.34,4756452,13.99,18.6,1.31,52.54,18.44,19.37,23.76,23.76,0,,,18.44,,0,,0,,,,,
2021-05-04,20.6,22.16,20.42,21.07,24701880,14.07,18.73,1.35,56.04,18.93,19.48,23.76,23.76,0,,,18.93,,0,,0,,,,,
2021-05-05,21.51,22.11,20.77,20.94,9046019,14.14,18.73,1.35,55.26,18.85,19.62,23.76,23.76,0,,,18.85,,0,,0,,,,,
2021-05-06,21.03,22.5,21.03,21.33,19579996,14.22,18.73,1.36,57.19,19.09,19.78,23.76,23.76,0,,,19.09,,0,,0,,,,,
2021-05-07,21.68,21.85,20.99,21.12,8431227,14.29,18.73,1.33,55.8,18.98,19.93,23.76,23.76,0,,,18.98,,0,,0,,,,,
2021-05-10,21.68,21.77,21.07,21.29,7767394,14.37,18.73,1.28,56.72,19.12,20.04,23.76,23.76,0,,,19.12,,0,,0,,,,,
2021-05-11,21.07,21.9,20.77,21.55,9316761,14.45,18.73,1.27,58.15,19.29,20.13,23.76,23.76,0,,,19.29,,0,,0,,,,,
2021-05-12,21.42,22.94,21.42,21.94,38100456,14.53,18.73,1.29,60.28,19.53,20.26,23.76,23.76,0,,,19.53,,0,,0,,,,,
2021-05-14,22.29,22.68,21.16,21.68,14970817,14.61,19.6,1.31,58.16,19.65,20.38,23.15,23.76,0,,,19.65,,0,,0,,,,,
2021-05-17,22.29,22.5,21.77,22.11,10484230,14.69,20.03,1.27,60.63,20.09,20.52,23.15,23.15,0,,,20.09,,0,,0,,,,,
2021-05-18,22.24,22.46,21.59,21.72,6319747,14.77,20.03,1.24,57.32,19.86,20.64,22.94,23.15,0,,,19.86,,0,,0,,,,,
2021-05-19,21.72,22.5,21.51,21.77,19751570,14.85,20.12,1.23,57.64,19.93,20.74,22.94,22.94,0,,,19.93,,0,,0,,,,,
2021-05-20,21.85,21.94,21.51,21.55,5312845,14.93,20.12,1.17,55.67,19.83,20.85,22.94,22.94,0,,,19.83,,0,,0,,,,,
2021-05-21,21.68,21.98,21.59,21.81,6098172,15.01,20.12,1.12,57.52,20.03,20.97,22.94,22.94,0,,,20.03,,0,,0,,,,,
2021-05-24,21.94,22.11,21.81,21.9,4733589,15.09,20.12,1.06,58.17,20.13,21.08,22.94,22.94,0,,,20.13,,0,,0,,,,,
2021-05-25,21.98,22.07,21.42,21.46,5268968,15.17,20.42,1.03,53.83,19.96,21.18,22.94,22.94,0,,,19.96,,0,,0,,,,,
2021-05-26,21.51,21.68,21.33,21.42,3609157,15.25,20.77,0.98,53.44,20.09,21.18,22.94,22.94,0,,,20.09,,0,,0,,,,,
2021-05-27,21.51,21.55,21.12,21.42,4168928,15.33,20.77,0.94,53.44,20.11,21.24,22.94,22.94,0,,,20.11,,0,,0,,,,,
2021-05-28,21.68,21.68,21.07,21.2,4156002,15.4,20.77,0.92,51.08,19.99,21.16,22.94,22.94,0,,,19.99,,0,,0,,,,,
2021-05-31,21.25,21.38,20.94,21.07,3090303,15.48,20.77,0.88,49.68,19.92,21.14,22.94,22.94,0,,,19.92,,0,,0,,,,,
2021-06-01,21.03,21.07,20.42,20.51,4364601,15.55,20.42,0.87,44.09,19.46,21.09,22.94,22.94,0,,,19.46,,0,,0,,,,,
2021-06-02,20.6,22.63,20.55,22.29,23388054,15.63,20.42,0.96,59.64,20.55,21.15,22.94,22.94,0,,,20.55,,0,,0,,,,,
2021-06-03,22.81,23.02,22.16,22.29,16348795,15.71,20.42,0.95,59.64,20.55,21.24,23.02,22.94,0,,,20.55,,0,,0,,,,,
2021-06-04,22.81,25.8,22.37,25.19,115224195,15.81,20.42,1.13,73.55,22.3,21.42,25.8,23.02,1,25.19,22.3,22.3,22.3,1,2021-06-04,0,,,42,,
2021-06-07,26.45,27.75,24.2,24.85,72005621,15.91,20.42,1.3,70.48,21.97,21.59,27.75,25.8,0,,,21.97,22.3,1,2021-06-04,0,,,42,,
2021-06-08,24.41,24.5,22.63,22.89,35382613,16.0,20.42,1.37,55.99,20.66,21.67,27.75,27.75,0,,,20.66,22.3,1,2021-06-04,0,,,42,,
2021-06-09,23.02,23.72,22.24,22.72,20263511,16.09,20.42,1.38,54.94,20.54,21.75,27.75,27.75,0,,,20.54,22.3,1,2021-06-04,1,22.3,TRAILING_STOP,42,4,-11.47
2021-06-10,23.02,23.41,22.81,23.2,11152405,16.18,20.42,1.33,57.38,20.88,21.83,27.75,27.75,0,,,20.88,,0,,0,,,,,
2021-06-11,23.41,23.63,22.94,23.02,9379213,16.27,20.42,1.28,56.15,20.8,21.88,27.75,27.75,0,,,20.8,,0,,0,,,,,
2021-06-14,23.2,23.2,22.03,22.72,9948655,16.35,20.42,1.28,54.07,20.61,21.95,27.75,27.75,0,,,20.61,,0,,0,,,,,
2021-06-15,22.94,23.2,22.63,22.72,5521255,16.44,20.42,1.22,54.07,20.64,22.02,27.75,27.75,0,,,20.64,,0,,0,,,,,
2021-06-16,22.89,22.89,22.33,22.42,4132059,16.52,20.42,1.18,51.85,20.48,22.07,27.75,27.75,0,,,20.48,,0,,0,,,,,
2021-06-17,21.68,22.72,21.68,22.07,5802685,16.61,20.42,1.17,49.3,20.26,22.11,27.75,27.75,0,,,20.26,,0,,0,,,,,
2021-06-18,22.37,22.37,20.99,21.77,6078959,16.69,20.42,1.18,47.16,20.06,22.12,27.75,27.75,0,,,20.06,,0,,0,,,,,
2021-06-21,21.68,24.02,21.33,22.85,38098794,16.78,20.42,1.29,54.77,20.68,22.18,27.75,27.75,0,,,20.68,,0,,0,,,,,
2021-06-22,23.15,23.2,22.37,22.5,16777639,16.86,20.55,1.26,52.15,20.52,22.22,27.75,27.75,0,,,20.52,,0,,0,,,,,
2021-06-23,22.46,22.63,21.59,21.77,8920516,16.94,20.99,1.24,47.08,20.21,22.23,27.75,27.75,0,,,20.21,,0,,0,,,,,
2021-06-24,21.9,22.2,21.59,21.77,5103032,17.02,20.99,1.2,47.08,20.24,22.22,27.75,27.75,0,,,20.24,,0,,0,,,,,
2021-06-25,21.9,22.5,21.72,21.9,8336406,17.1,20.99,1.17,48.12,20.34,22.23,27.75,27.75,0,,,20.34,,0,,0,,,,,
2021-06-28,22.07,22.72,21.94,22.24,9204639,17.18,20.99,1.14,50.85,20.58,22.23,27.75,27.75,0,,,20.58,,0,,0,,,,,
2021-06-29,22.24,22.33,21.9,21.98,2911921,17.27,20.99,1.09,48.74,20.45,22.24,27.75,27.75,0,,,20.45,,0,,0,,,,,
2021-06-30,22.07,22.81,21.9,22.03,9365688,17.35,20.99,1.08,49.18,20.49,22.25,27.75,27.75,0,,,20.49,,0,,0,,,,,
2021-07-01,22.16,22.24,21.9,21.94,3070736,17.43,20.99,1.03,48.38,20.46,22.26,27.75,27.75,0,,,20.46,,0,,0,,,,,
2021-07-02,22.29,22.29,21.72,21.77,4444607,17.51,20.99,0.99,46.83,20.38,22.26,27.75,27.75,0,,,20.38,,0,,0,,,,,
2021-07-05,22.37,22.37,21.94,21.98,3253371,17.59,20.99,0.96,49.0,20.53,22.27,24.5,27.75,0,,,20.53,,0,,0,,,,,
2021-07-06,21.98,22.16,21.68,21.9,5893189,17.66,20.99,0.93,48.19,20.5,22.28,24.02,24.5,0,,,20.5,,0,,0,,,,,
2021-07-07,22.07,22.24,21.81,21.85,4155684,17.74,20.99,0.89,47.67,20.49,22.29,24.02,24.02,0,,,20.49,,0,,0,,,,,
2021-07-08,21.94,22.2,21.51,21.64,2847880,17.81,20.99,0.88,45.42,20.37,22.3,24.02,24.02,0,,,20.37,,0,,0,,,,,
2021-07-09,21.72,21.77,20.94,21.03,6594215,17.88,20.94,0.88,39.58,19.96,22.3,24.02,24.02,0,,,19.96,,0,,0,,,,,
2021-07-12,21.29,21.29,20.42,20.64,8460671,17.95,20.42,0.88,36.36,19.54,22.28,24.02,24.02,0,,,19.54,,0,,0,,,,,
2021-07-13,20.81,21.46,20.68,21.07,5407292,18.01,20.42,0.87,41.96,19.82,22.3,24.02,24.02,0,,,19.82,,0,,0,,,,,
2021-07-14,21.25,21.38,21.03,21.12,5164155,18.07,20.42,0.83,42.6,19.87,22.26,24.02,24.02,0,,,19.87,,0,,0,,,,,
2021-07-15,21.16,21.25,20.73,20.94,2725228,18.12,20.42,0.81,40.87,19.77,22.22,24.02,24.02,0,,,19.77,,0,,0,,,,,
2021-07-16,21.03,21.07,20.77,20.81,2816316,18.17,20.42,0.78,39.62,19.71,22.07,24.02,24.02,0,,,19.71,,0,,0,,,,,
2021-07-19,20.64,21.16,20.29,20.77,4571789,18.22,20.29,0.78,39.22,19.64,21.93,23.2,24.02,0,,,19.64,,0,,0,,,,,
2021-07-20,20.81,20.81,20.16,20.51,2755787,18.27,20.16,0.77,36.64,19.43,21.86,22.81,23.2,0,,,19.43,,0,,0,,,,,
2021-07-22,20.55,20.73,19.82,20.03,21799106,18.32,19.82,0.78,32.41,19.0,21.77,22.81,22.81,0,,,19.0,,0,,0,,,,,
2021-07-23,20.47,20.51,19.95,20.08,7194113,18.38,19.82,0.77,33.28,19.05,21.66,22.81,22.81,0,,,19.05,,0,,0,,,,,
2021-07-26,20.29,20.29,19.6,19.73,3556076,18.43,19.6,0.76,30.35,18.75,21.55,22.81,22.81,0,,,18.75,,0,,0,,,,,
2021-07-27,19.86,19.99,19.21,19.34,4094544,18.47,19.21,0.76,27.46,18.37,21.44,22.81,22.81,0,,,18.37,,0,,0,,,,,
2021-07-28,19.38,19.38,18.38,18.64,8494449,18.52,18.38,0.78,23.18,17.63,21.3,22.81,22.81,0,,,17.63,,0,,0,,,,,
2021-07-29,18.64,19.04,18.47,18.56,4739793,18.56,18.38,0.76,22.74,17.59,21.17,22.37,22.81,0,,,17.59,,0,,0,,,,,
2021-07-30,18.69,19.3,18.56,18.99,6287780,18.62,18.38,0.76,30.33,17.87,21.07,22.37,22.37,0,,,17.87,,0,,0,,,,,
2021-08-02,19.77,19.77,18.21,18.86,6370391,18.67,18.21,0.82,29.39,17.69,20.97,22.37,22.37,0,,,17.69,,0,,0,,,,,
2021-08-03,18.91,19.25,18.6,18.69,4071101,18.72,18.21,0.81,28.16,17.59,20.84,22.24,22.37,0,,,17.59,,0,,0,,,,,
2021-08-04,18.86,18.86,18.47,18.56,4561378,18.77,18.21,0.78,27.22,17.52,20.7,22.24,22.24,0,,,17.52,,0,,0,,,,,
2021-08-05,18.69,18.69,17.52,17.73,6360737,18.81,17.52,0.81,22.16,16.74,20.57,22.2,22.24,0,,,16.74,,0,,0,,,,,
2021-08-06,17.73,18.51,17.69,17.82,6279173,18.85,17.52,0.81,23.81,16.8,20.44,21.77,22.2,0,,,16.8,,0,,0,,,,,
2021-08-09,17.95,17.99,17.34,17.56,3942680,18.89,17.34,0.8,22.33,16.58,20.29,21.46,21.77,0,,,16.58,,0,,0,,,,,
2021-08-10,17.56,17.78,16.87,16.95,6372403,18.93,16.87,0.8,19.3,16.02,20.12,21.46,21.46,0,,,16.02,,0,,0,,,,,
2021-08-11,16.95,17.08,16.0,16.13,9783608,18.96,16.0,0.82,16.14,15.19,19.92,21.38,21.46,0,,,15.19,,0,,0,,,,,
2021-08-12,16.13,17.08,16.04,16.65,7912092,18.99,16.0,0.84,24.59,15.51,19.74,21.25,21.38,0,,,15.51,,0,,0,,,,,
2021-08-13,16.69,18.08,16.69,17.73,14108606,19.03,16.0,0.88,38.46,16.18,19.6,21.16,21.25,0,,,16.18,,0,,0,,,,,
2021-08-16,17.91,17.91,17.04,17.17,4036842,19.07,16.0,0.88,34.88,15.82,19.45,21.16,21.16,0,,,15.82,,0,,0,,,,,
2021-08-17,17.21,17.26,16.52,16.61,4398661,19.1,16.0,0.87,31.7,15.47,19.27,20.81,21.16,0,,,15.47,,0,,0,,,,,
2021-08-18,16.61,16.78,16.35,16.39,3632696,19.13,16.0,0.84,30.52,15.35,19.09,20.73,20.81,0,,,15.35,,0,,0,,,,,
2021-08-20,16.13,16.65,15.96,16.04,4812210,19.16,15.96,0.83,28.69,15.11,18.89,20.51,20.73,0,,,15.11,,0,,0,,,,,
2021-08-23,16.35,16.43,14.92,15.65,5656884,19.18,14.92,0.88,26.77,14.48,18.69,20.29,20.51,0,,,14.48,,0,,0,,,,,
2021-08-24,15.87,15.91,15.48,15.65,4355607,19.19,14.92,0.85,26.77,14.5,18.51,19.99,20.29,0,,,14.5,,0,,0,,,,,
2021-08-25,15.78,16.04,15.57,15.65,4052768,19.21,14.92,0.82,26.77,14.52,18.35,19.77,19.99,0,,,14.52,,0,,0,,,,,
2021-08-26,15.74,15.74,15.44,15.48,3715471,19.23,14.92,0.78,25.83,14.44,18.16,19.77,19.77,0,,,14.44,,0,,0,,,,,
2021-08-27,15.74,15.74,15.39,15.65,4406947,19.25,14.92,0.75,28.54,14.57,17.98,19.77,19.77,0,,,14.57,,0,,0,,,,,
2021-08-30,15.74,15.96,15.65,15.7,4304113,19.26,14.92,0.72,29.36,14.62,17.8,19.77,19.77,0,,,14.62,,0,,0,,,,,
2021-08-31,15.74,16.04,15.61,15.65,5347877,19.28,14.92,0.7,29.0,14.6,17.63,19.25,19.77,0,,,14.6,,0,,0,,,,,
2021-09-01,15.7,15.74,15.44,15.52,3511044,19.29,14.92,0.67,28.04,14.54,17.46,18.86,19.25,0,,,14.54,,0,,0,,,,,
2021-09-02,15.65,15.87,15.52,15.65,3294945,19.31,14.92,0.65,30.51,14.64,17.3,18.69,18.86,0,,,14.64,,0,,0,,,,,
2021-09-03,15.74,16.13,15.61,15.65,4460682,19.34,14.92,0.64,30.51,14.64,17.15,18.51,18.69,0,,,14.64,,0,,0,,,,,
2021-09-06,15.78,16.78,15.57,16.43,13059847,19.37,14.92,0.68,43.88,15.12,17.03,18.08,18.51,0,,,15.12,,0,,0,,,,,
2021-09-07,16.74,16.87,15.87,15.91,9052037,19.39,14.92,0.7,38.55,14.77,16.9,18.08,18.08,0,,,14.77,,0,,0,,,,,
2021-09-08,16.04,16.26,15.74,15.83,6440803,19.41,14.92,0.69,37.79,14.72,16.78,18.08,18.08,0,,,14.72,,0,,0,,,,,
2021-09-09,15.96,15.96,15.7,15.78,3817520,19.43,14.92,0.66,37.3,14.71,16.69,18.08,18.08,0,,,14.71,,0,,0,,,,,
2021-09-13,15.87,15.96,15.57,15.65,4058700,19.45,14.92,0.64,35.98,14.64,16.59,18.08,18.08,0,,,14.64,,0,,0,,,,,
2021-09-14,15.7,16.04,15.7,15.78,3943894,19.46,15.39,0.62,38.33,14.89,16.48,17.91,18.08,0,,,14.89,,0,,0,,,,,
2021-09-15,15.87,16.35,15.74,16.0,6783383,19.48,15.39,0.62,42.19,15.04,16.39,17.26,17.91,0,,,15.04,,0,,0,,,,,
2021-09-16,16.13,17.47,15.83,17.3,25917178,19.5,15.39,0.69,58.68,15.83,16.34,17.47,17.26,0,,,15.83,,0,,0,,,,,
2021-09-17,17.47,17.6,16.17,16.74,15156032,19.52,15.39,0.75,51.82,15.43,16.28,17.6,17.47,0,,,15.43,,0,,0,,,,,
2021-09-20,16.56,16.65,16.04,16.09,6292133,19.53,15.44,0.74,45.22,15.03,16.23,17.6,17.6,0,,,15.03,,0,,0,,,,,
2021-09-21,16.09,16.17,15.61,15.91,6317607,19.55,15.44,0.73,43.56,14.92,16.16,17.6,17.6,0,,,14.92,,0,,0,,,,,
2021-09-22,16.04,16.22,15.83,15.87,4796782,19.56,15.44,0.71,43.19,14.91,16.11,17.6,17.6,0,,,14.91,,0,,0,,,,,
2021-09-23,16.09,16.22,15.83,15.83,4157411,19.58,15.52,0.68,42.79,14.93,16.07,17.6,17.6,0,,,14.93,,0,,0,,,,,
2021-09-24,16.04,16.04,15.61,15.65,4182781,19.59,15.57,0.66,40.95,14.84,16.05,17.6,17.6,0,,,14.84,,0,,0,,,,,
2021-09-27,15.83,15.91,15.61,15.65,3271196,19.58,15.57,0.64,40.95,14.86,16.02,17.6,17.6,0,,,14.86,,0,,0,,,,,
2021-09-28,15.74,15.96,15.7,15.83,2834997,19.56,15.57,0.62,43.75,14.99,15.96,17.6,17.6,0,,,14.99,,0,,0,,,,,
2021-09-29,15.78,16.69,15.7,16.35,8468954,19.52,15.57,0.64,50.99,15.31,15.93,17.6,17.6,0,,,15.31,,0,,0,,,,,
2021-09-30,16.56,18.34,16.56,17.39,44729608,19.5,15.57,0.74,61.63,15.91,15.96,18.34,17.6,0,,,15.91,,0,,0,,,,,
2021-10-01,17.39,17.56,16.74,17.34,8210253,19.49,15.57,0.74,60.94,15.88,15.99,18.34,18.34,0,,,15.88,,0,,0,,,,,
2021-10-04,17.47,17.56,17.39,17.47,5376246,19.48,15.61,0.71,62.12,16.0,16.04,18.34,18.34,0,,,16.0,,0,,0,,,,,
2021-10-05,17.47,18.08,17.39,17.82,9252679,19.47,15.61,0.71,65.17,16.23,16.11,18.34,18.34,0,,,16.23,,0,,0,,,,,
2021-10-06,18.04,18.04,17.34,17.43,5158239,19.44,15.61,0.71,59.43,15.98,16.17,18.34,18.34,0,,,15.98,,0,,0,,,,,
2021-10-07,17.6,17.86,17.52,17.56,3489172,19.41,15.61,0.69,60.67,16.07,16.23,18.34,18.34,0,,,16.07,,0,,0,,,,,
2021-10-08,17.99,18.08,17.65,17.91,7750370,19.4,15.61,0.67,63.88,16.31,16.31,18.34,18.34,0,,,16.31,,0,,0,,,,,
2021-10-11,18.08,18.3,17.78,17.82,6641785,19.38,15.61,0.66,62.47,16.26,16.38,18.34,18.34,0,,,16.26,,0,,0,,,,,
2021-10-12,17.99,18.64,17.56,18.38,13963144,19.37,15.61,0.69,67.31,16.6,16.47,18.64,18.34,0,,,16.6,,0,,0,,,,,
2021-10-13,18.56,18.64,18.08,18.3,9885761,19.37,15.61,0.68,66.0,16.55,16.56,18.64,18.64,0,,,16.55,,0,,0,,,,,
2021-10-14,18.43,18.78,18.17,18.3,6878686,19.36,15.61,0.68,66.0,16.55,16.65,18.78,18.64,0,,,16.55,,0,,0,,,,,
2021-10-18,18.43,19.21,18.38,19.04,13587724,19.35,15.61,0.69,71.87,17.02,16.77,19.21,18.78,0,,,17.02,,0,,0,,,,,
2021-10-19,19.21,19.6,18.56,18.69,15523834,19.34,15.7,0.72,66.06,16.81,16.87,19.6,19.21,0,,,16.81,,0,,0,,,,,
2021-10-20,18.73,18.82,17.99,18.17,7587368,19.33,15.7,0.73,58.5,16.47,16.93,19.6,19.6,0,,,16.47,,0,,0,,,,,
2021-10-21,18.56,19.82,18.3,19.08,32385390,19.32,16.56,0.79,65.86,17.3,17.03,19.82,19.6,0,,,17.3,,0,,0,,,,,
2021-10-22,19.51,19.69,17.99,18.82,14465924,19.32,16.74,0.86,62.45,17.15,17.13,19.82,19.82,0,,,17.15,,0,,0,,,,,
2021-10-25,19.04,19.17,18.12,18.51,9626061,19.32,17.34,0.87,58.56,17.14,17.22,19.82,19.82,0,,,17.14,,0,,0,,,,,
2021-10-26,18.47,19.3,18.47,18.91,9481418,19.33,17.34,0.87,61.86,17.4,17.33,19.82,19.82,0,,,17.4,,0,,0,,,,,
2021-10-27,18.99,19.43,18.73,18.86,9018815,19.34,17.34,0.86,61.21,17.37,17.43,19.82,19.82,0,,,17.37,,0,,0,,,,,
2021-10-28,18.86,18.86,17.82,17.95,6386148,19.35,17.52,0.87,50.66,16.84,17.5,19.82,19.82,0,,,16.84,,0,,0,,,,,
2021-10-29,17.99,18.34,17.17,18.04,6334620,19.36,17.17,0.89,51.55,16.77,17.52,19.82,19.82,0,,,16.77,,0,,0,,,,,
2021-11-01,18.08,18.21,17.82,17.95,3083701,19.36,17.17,0.86,50.57,16.73,17.56,19.82,19.82,0,,,16.73,,0,,0,,,,,
2021-11-02,18.08,18.56,17.91,18.47,4649118,19.36,17.17,0.84,55.8,17.08,17.64,19.82,19.82,0,,,17.08,,0,,0,,,,,
2021-11-03,18.6,18.6,18.04,18.08,3069807,19.36,17.17,0.82,51.41,16.84,17.72,19.82,19.82,0,,,16.84,,0,,0,,,,,
2021-11-04,18.3,18.6,18.25,18.56,1925924,19.36,17.17,0.8,56.0,17.16,17.81,19.82,19.82,0,,,17.16,,0,,0,,,,,
2021-11-08,18.64,18.73,18.3,18.56,4364170,19.37,17.17,0.77,56.0,17.18,17.9,19.82,19.82,0,,,17.18,,0,,0,,,,,
2021-11-09,18.64,19.08,18.56,18.91,5854177,19.37,17.17,0.75,59.26,17.42,18.0,19.82,19.82,0,,,17.42,,0,,0,,,,,
2021-11-10,18.86,19.04,18.25,18.43,4601650,19.37,17.17,0.76,53.42,17.11,18.1,19.82,19.82,0,,,17.11,,0,,0,,,,,
2021-11-11,18.38,18.51,18.04,18.12,3407004,19.37,17.17,0.74,49.99,16.92,18.17,19.82,19.82,0,,,16.92,,0,,0,,,,,
2021-11-12,18.3,18.34,17.95,18.08,2030001,19.37,17.17,0.71,49.55,16.91,18.23,19.82,19.82,0,,,16.91,,0,,0,,,,,
2021-11-15,18.17,18.21,17.52,17.6,3646542,19.36,17.17,0.71,44.47,16.6,18.24,19.82,19.82,0,,,16.6,,0,,0,,,,,
2021-11-16,17.65,17.91,17.52,17.56,2309726,19.36,17.17,0.69,44.06,16.59,18.25,19.82,19.82,0,,,16.59,,0,,0,,,,,
2021-11-17,17.73,17.73,17.39,17.47,2623263,19.33,17.17,0.66,43.11,16.55,18.25,19.82,19.82,0,,,16.55,,0,,0,,,,,
2021-11-18,17.47,17.65,17.08,17.17,3867429,19.31,17.08,0.66,40.01,16.33,18.22,19.82,19.82,0,,,16.33,,0,,0,,,,,
2021-11-22,17.17,17.26,16.52,16.65,3391196,19.27,16.52,0.66,35.27,15.8,18.2,19.69,19.82,0,,,15.8,,0,,0,,,,,
2021-11-23,16.74,17.04,16.39,16.91,3248436,19.23,16.39,0.66,39.15,15.93,18.18,19.43,19.69,0,,,15.93,,0,,0,,,,,
2021-11-24,17.6,18.6,17.56,17.78,10399569,19.21,16.39,0.73,49.96,16.44,18.17,19.43,19.43,0,,,16.44,,0,,0,,,,,
2021-11-25,17.86,17.91,17.43,17.69,3779646,19.19,16.39,0.72,48.99,16.4,18.17,19.43,19.43,0,,,16.4,,0,,0,,,,,
2021-11-26,17.43,17.47,17.13,17.21,3080327,19.17,16.39,0.71,44.08,16.09,18.13,19.08,19.43,0,,,16.09,,0,,0,,,,,
2021-11-29,17.08,17.21,16.17,16.56,3388487,19.15,16.17,0.73,38.45,15.59,18.07,19.08,19.08,0,,,15.59,,0,,0,,,,,
2021-11-30,16.61,17.13,16.56,16.65,3055751,19.13,16.17,0.72,39.6,15.65,18.02,19.08,19.08,0,,,15.65,,0,,0,,,,,
2021-12-01,16.56,16.91,16.56,16.65,2297937,19.11,16.17,0.69,39.6,15.67,17.94,19.08,19.08,0,,,15.67,,0,,0,,,,,
2021-12-02,16.61,16.78,16.48,16.56,2209517,19.08,16.17,0.66,38.76,15.63,17.87,19.08,19.08,0,,,15.63,,0,,0,,,,,
2021-12-03,16.61,17.43,16.56,16.87,4458695,19.05,16.17,0.68,43.23,15.82,17.82,19.08,19.08,0,,,15.82,,0,,0,,,,,
2021-12-06,17.08,17.08,16.52,16.61,2037177,19.02,16.17,0.67,40.56,15.66,17.74,19.08,19.08,0,,,15.66,,0,,0,,,,,
2021-12-07,16.91,17.13,16.61,16.69,3040877,18.99,16.17,0.66,41.75,15.72,17.67,19.08,19.08,0,,,15.72,,0,,0,,,,,
2021-12-08,16.78,17.04,16.78,16.87,1889851,18.97,16.17,0.64,44.45,15.85,17.61,19.04,19.08,0,,,15.85,,0,,0,,,,,
2021-12-09,16.95,17.47,16.74,17.3,4159403,18.95,16.17,0.64,50.37,16.12,17.56,18.6,19.04,0,,,16.12,,0,,0,,,,,
2021-12-10,17.34,18.17,17.08,17.86,7537023,18.92,16.17,0.68,56.82,16.46,17.53,18.6,18.6,0,,,16.46,,0,,0,,,,,
2021-12-13,18.43,18.51,17.91,18.12,6534306,18.9,16.17,0.67,59.46,16.63,17.53,18.6,18.6,0,,,16.63,,0,,0,,,,,
2021-12-14,17.99,18.04,17.6,17.69,3051802,18.88,16.17,0.66,53.63,16.36,17.52,18.6,18.6,0,,,16.36,,0,,0,,,,,
2021-12-15,17.78,17.82,17.56,17.6,1814627,18.86,16.17,0.63,52.47,16.32,17.51,18.6,18.6,0,,,16.32,,0,,0,,,,,
2021-12-16,17.73,17.86,17.13,17.26,4554644,18.83,16.17,0.64,48.22,16.1,17.47,18.6,18.6,0,,,16.1,,0,,0,,,,,
2021-12-17,17.34,17.34,16.91,17.0,2182732,18.79,16.17,0.63,45.21,15.94,17.43,18.6,18.6,0,,,15.94,,0,,0,,,,,
2021-12-20,16.82,16.82,16.04,16.3,5587113,18.76,16.04,0.65,38.28,15.43,17.36,18.6,18.6,0,,,15.43,,0,,0,,,,,
2021-12-21,16.48,16.69,16.3,16.48,2412203,18.72,16.04,0.63,40.8,15.56,17.29,18.6,18.6,0,,,15.56,,0,,0,,,,,
2021-12-22,16.87,16.91,16.56,16.82,1720193,18.69,16.04,0.62,45.33,15.78,17.22,18.51,18.6,0,,,15.78,,0,,0,,,,,
2021-12-23,16.91,17.17,16.78,17.0,2248148,18.66,16.04,0.6,47.61,15.91,17.17,18.51,18.51,0,,,15.91,,0,,0,,,,,
2021-12-24,17.0,17.43,16.61,17.0,4916635,18.63,16.04,0.62,47.61,15.9,17.13,18.51,18.51,0,,,15.9,,0,,0,,,,,
2021-12-27,17.0,17.39,16.74,16.91,2419953,18.59,16.04,0.62,46.48,15.84,17.09,18.51,18.51,0,,,15.84,,0,,0,,,,,
2021-12-28,16.91,17.13,16.74,16.91,2821464,18.56,16.04,0.6,46.48,15.85,17.07,18.51,18.51,0,,,15.85,,0,,0,,,,,
2021-12-29,16.91,17.0,16.69,16.74,1903966,18.53,16.04,0.58,44.19,15.76,17.04,18.51,18.51,0,,,15.76,,0,,0,,,,,
2021-12-30,16.69,16.91,15.83,16.52,3537963,18.5,15.83,0.62,41.35,15.52,17.01,18.51,18.51,0,,,15.52,,0,,0,,,,,
2021-12-31,16.61,16.78,16.52,16.65,1772968,18.46,15.83,0.59,43.66,15.62,17.0,18.51,18.51,0,,,15.62,,0,,0,,,,,
2022-01-03,16.74,17.21,16.74,16.82,3874576,18.44,15.83,0.59,46.61,15.73,17.0,18.51,18.51,0,,,15.73,,0,,0,,,,,
2022-01-04,16.91,17.69,16.78,17.52,8425350,18.41,15.83,0.61,56.68,16.17,17.02,18.51,18.51,0,,,16.17,,0,,0,,,,,
2022-01-05,17.65,18.17,17.6,17.73,9431120,18.39,15.83,0.61,59.17,16.3,17.02,18.51,18.51,0,,,16.3,,0,,0,,,,,
2022-01-06,17.34,17.78,17.34,17.65,2960116,18.36,15.83,0.6,57.81,16.26,17.02,18.51,18.51,0,,,16.26,,0,,0,,,,,
2022-01-07,17.73,17.99,17.56,17.65,3645156,18.33,15.83,0.59,57.81,16.27,17.03,18.51,18.51,0,,,16.27,,0,,0,,,,,
2022-01-10,18.21,18.51,17.69,17.91,10680166,18.28,15.83,0.61,61.18,16.42,17.08,18.51,18.51,0,,,16.42,,0,,0,,,,,
2022-01-11,17.91,18.08,17.65,17.69,3418188,18.23,15.83,0.6,57.03,16.29,17.11,18.51,18.51,0,,,16.29,,0,,0,,,,,
2022-01-12,17.73,17.86,17.73,17.78,2391834,18.2,15.83,0.57,58.27,16.37,17.15,18.51,18.51,0,,,16.37,,0,,0,,,,,
2022-01-13,17.99,18.04,17.52,17.6,5232554,18.17,15.83,0.56,54.85,16.25,17.18,18.51,18.51,0,,,16.25,,0,,0,,,,,
2022-01-14,17.56,18.21,17.47,18.12,6277517,18.13,15.83,0.58,61.83,16.58,17.23,18.51,18.51,0,,,16.58,,0,,0,,,,,
2022-01-17,18.21,18.47,18.17,18.25,6001460,18.1,15.83,0.56,63.36,16.68,17.28,18.51,18.51,0,,,16.68,,0,,0,,,,,
2022-01-18,18.38,18.43,17.78,17.86,4433584,18.07,15.83,0.57,56.11,16.42,17.32,18.51,18.51,0,,,16.42,,0,,0,,,,,
2022-01-19,17.91,18.82,17.6,18.69,8867475,18.04,15.83,0.61,65.23,16.92,17.38,18.82,18.51,1,18.69,16.92,16.92,16.92,1,2022-01-19,0,,,43,,
2022-01-20,18.95,19.25,18.04,18.21,25812680,18.01,16.52,0.66,57.75,16.82,17.41,19.25,18.82,0,,,16.82,16.92,1,2022-01-19,0,,,43,,
2022-01-21,18.12,18.38,17.56,17.65,7578710,17.98,16.74,0.67,50.49,16.52,17.4,19.25,19.25,0,,,16.52,16.92,1,2022-01-19,1,17.98,SMA150_BREAK,43,3,-3.78
2022-01-24,17.65,17.73,16.82,16.95,4963586,17.95,16.78,0.68,43.18,16.07,17.37,19.25,19.25,0,,,16.07,,0,,0,,,,,
2022-01-25,16.82,17.6,16.61,17.52,3443046,17.92,16.61,0.71,49.58,16.37,17.36,19.25,19.25,0,,,16.37,,0,,0,,,,,
2022-01-27,17.17,18.47,17.04,18.21,8412940,17.89,16.61,0.76,56.04,16.78,17.38,19.25,19.25,0,,,16.78,,0,,0,,,,,
2022-01-28,18.47,18.6,18.08,18.21,7244190,17.86,16.61,0.74,56.04,16.79,17.41,19.25,19.25,0,,,16.79,,0,,0,,,,,
2022-01-31,18.56,18.6,18.04,18.21,3627222,17.84,16.61,0.73,56.04,16.8,17.45,19.25,19.25,0,,,16.8,,0,,0,,,,,
2022-02-01,18.47,18.64,17.56,17.82,7462967,17.81,16.61,0.75,51.39,16.53,17.5,19.25,19.25,0,,,16.53,,0,,0,,,,,
2022-02-02,17.86,18.64,17.73,18.47,9029951,17.79,16.61,0.76,57.69,16.94,17.57,19.25,19.25,0,,,16.94,,0,,0,,,,,
2022-02-03,18.6,19.04,18.12,18.21,16731852,17.76,16.61,0.78,54.64,16.77,17.62,19.25,19.25,0,,,16.77,,0,,0,,,,,
2022-02-04,18.25,18.34,17.69,17.82,4320692,17.73,16.61,0.77,50.34,16.52,17.64,19.25,19.25,0,,,16.52,,0,,0,,,,,
2022-02-07,17.78,18.21,17.39,17.6,4598812,17.71,16.61,0.77,48.04,16.38,17.66,19.25,19.25,0,,,16.38,,0,,0,,,,,
2022-02-08,17.69,17.82,17.26,17.47,3737874,17.68,16.61,0.76,46.69,16.3,17.68,19.25,19.25,0,,,16.3,,0,,0,,,,,
2022-02-09,17.6,17.86,17.43,17.52,2501753,17.65,16.61,0.73,47.31,16.35,17.7,19.25,19.25,0,,,16.35,,0,,0,,,,,
2022-02-10,17.6,17.73,17.39,17.43,2959514,17.62,16.61,0.7,46.27,16.31,17.72,19.25,19.25,0,,,16.31,,0,,0,,,,,
2022-02-11,17.34,17.43,17.08,17.17,2644697,17.59,16.61,0.68,43.32,16.16,17.75,19.25,19.25,0,,,16.16,,0,,0,,,,,
2022-02-14,16.74,17.0,16.3,16.48,3904992,17.55,16.3,0.69,36.64,15.6,17.74,19.25,19.25,0,,,15.6,,0,,0,,,,,
2022-02-15,16.65,16.78,16.17,16.69,4371566,17.52,16.17,0.69,39.69,15.7,17.74,19.25,19.25,0,,,15.7,,0,,0,,,,,
2022-02-16,16.91,16.91,16.61,16.69,2894031,17.5,16.17,0.66,39.69,15.72,17.71,19.25,19.25,0,,,15.72,,0,,0,,,,,
2022-02-17,16.87,16.87,16.39,16.43,2106394,17.47,16.17,0.65,37.12,15.56,17.67,19.25,19.25,0,,,15.56,,0,,0,,,,,
2022-02-18,16.3,16.56,16.26,16.43,2203196,17.43,16.17,0.62,37.12,15.57,17.62,19.04,19.25,0,,,15.57,,0,,0,,,,,
2022-02-21,16.43,16.52,16.13,16.17,3040454,17.4,16.13,0.6,34.54,15.4,17.58,19.04,19.04,0,,,15.4,,0,,0,,,,,
2022-02-22,15.61,15.96,15.39,15.61,5121452,17.37,15.39,0.62,29.73,14.79,17.5,19.04,19.04,0,,,14.79,,0,,0,,,,,
2022-02-23,15.96,16.09,15.83,16.0,2841326,17.34,15.39,0.61,36.37,15.04,17.44,19.04,19.04,0,,,15.04,,0,,0,,,,,
2022-02-24,15.44,15.7,14.7,15.0,7235237,17.3,14.7,0.66,28.84,14.14,17.35,19.04,19.04,0,,,14.14,,0,,0,,,,,
2022-02-25,15.52,15.83,15.18,15.31,5366377,17.27,14.7,0.67,33.44,14.33,17.27,19.04,19.04,0,,,14.33,,0,,0,,,,,
2022-02-28,15.48,15.7,15.13,15.44,4319415,17.24,14.7,0.66,35.33,14.42,17.18,19.04,19.04,0,,,14.42,,0,,0,,,,,
2022-03-02,15.35,15.7,15.31,15.61,2728265,17.21,14.7,0.64,37.81,14.54,17.1,19.04,19.04,0,,,14.54,,0,,0,,,,,
2022-03-03,15.74,15.96,15.48,15.52,2059057,17.18,14.7,0.63,37.0,14.49,17.02,19.04,19.04,0,,,14.49,,0,,0,,,,,
2022-03-04,15.52,15.74,15.44,15.48,2020011,17.16,14.7,0.61,36.63,14.48,16.91,18.34,19.04,0,,,14.48,,0,,0,,,,,
2022-03-07,15.35,15.7,15.13,15.26,3023272,17.14,14.7,0.6,34.55,14.34,16.81,18.21,18.34,0,,,14.34,,0,,0,,,,,
2022-03-08,15.26,15.61,15.18,15.48,2391825,17.12,14.7,0.59,38.32,14.49,16.74,17.86,18.21,0,,,14.49,,0,,0,,,,,
2022-03-09,15.61,15.74,15.48,15.65,2630105,17.1,14.7,0.57,41.14,14.62,16.7,17.86,17.86,0,,,14.62,,0,,0,,,,,
2022-03-10,15.83,16.04,15.7,15.83,2510411,17.08,14.7,0.56,44.05,14.74,16.64,17.73,17.86,0,,,14.74,,0,,0,,,,,
2022-03-11,15.78,15.91,15.65,15.7,2611402,17.06,14.7,0.53,42.42,14.67,16.56,17.43,17.73,0,,,14.67,,0,,0,,,,,
2022-03-14,15.74,15.87,15.48,15.57,2290436,17.04,14.7,0.52,40.79,14.59,16.47,17.0,17.43,0,,,14.59,,0,,0,,,,,
2022-03-15,15.61,15.7,15.35,15.48,2403908,17.03,14.7,0.51,39.65,14.54,16.38,16.91,17.0,0,,,14.54,,0,,0,,,,,
2022-03-16,15.57,15.65,15.48,15.52,2307314,17.01,14.7,0.49,40.45,14.59,16.3,16.91,16.91,0,,,14.59,,0,,0,,,,,
2022-03-17,15.65,15.65,15.39,15.48,2554832,17.0,14.7,0.47,39.88,14.57,16.2,16.87,16.91,0,,,14.57,,0,,0,,,,,
2022-03-21,15.52,15.74,15.44,15.48,2982431,17.0,15.13,0.46,39.88,14.72,16.11,16.56,16.87,0,,,14.72,,0,,0,,,,,
2022-03-22,15.52,15.57,15.39,15.48,2426450,16.99,15.13,0.44,39.88,14.74,16.03,16.52,16.56,0,,,14.74,,0,,0,,,,,
2022-03-23,15.48,15.57,15.18,15.39,2840026,16.98,15.13,0.44,38.38,14.68,15.96,16.09,16.52,0,,,14.68,,0,,0,,,,,
2022-03-24,15.31,15.44,15.22,15.31,2218547,16.96,15.13,0.42,37.04,14.64,15.89,16.09,16.09,0,,,14.64,,0,,0,,,,,
2022-03-25,15.35,15.39,15.0,15.13,3718000,16.95,15.0,0.42,34.15,14.48,15.81,16.04,16.09,0,,,14.48,,0,,0,,,,,
2022-03-28,15.09,17.08,13.14,15.39,15995592,16.95,13.14,0.67,41.27,13.86,15.74,17.08,16.04,0,,,13.86,,0,,0,,,,,
2022-03-29,15.35,15.44,13.92,14.35,16295103,16.94,13.14,0.73,28.15,13.15,15.65,17.08,17.08,0,,,13.15,,0,,0,,,,,
2022-03-30,14.57,15.26,14.48,14.96,6082334,16.93,13.14,0.74,40.17,13.53,15.59,17.08,17.08,0,,,13.53,,0,,0,,,,,
2022-03-31,14.96,15.05,14.44,14.48,4442828,16.92,13.14,0.73,35.18,13.23,15.52,17.08,17.08,0,,,13.23,,0,,0,,,,,
2022-04-01,14.66,15.18,14.66,15.05,3586014,16.92,13.14,0.73,44.06,13.6,15.47,17.08,17.08,0,,,13.6,,0,,0,,,,,
2022-04-04,15.18,15.74,15.09,15.61,5464119,16.92,13.14,0.73,51.14,13.96,15.44,17.08,17.08,0,,,13.96,,0,,0,,,,,
2022-04-05,16.04,16.26,15.83,15.96,4988675,16.92,13.14,0.72,54.98,14.19,15.42,17.08,17.08,0,,,14.19,,0,,0,,,,,
2022-04-06,15.78,16.52,15.7,16.26,5873344,16.93,13.14,0.73,58.02,14.38,15.43,17.08,17.08,0,,,14.38,,0,,0,,,,,
2022-04-07,16.43,16.82,16.22,16.35,7018668,16.93,13.14,0.72,58.92,14.45,15.45,17.08,17.08,0,,,14.45,,0,,0,,,,,
2022-04-08,16.48,16.65,16.17,16.3,4253123,16.94,13.14,0.7,58.17,14.42,15.46,17.08,17.08,0,,,14.42,,0,,0,,,,,
2022-04-11,16.35,16.56,15.61,16.26,3413652,16.94,13.14,0.72,57.55,14.39,15.5,17.08,17.08,0,,,14.39,,0,,0,,,,,
2022-04-12,16.3,16.3,15.87,16.0,2413959,16.94,13.14,0.7,53.52,14.23,15.53,17.08,17.08,0,,,14.23,,0,,0,,,,,
2022-04-13,16.09,16.17,15.91,15.96,1667224,16.94,13.14,0.67,52.9,14.23,15.54,17.08,17.08,0,,,14.23,,0,,0,,,,,
2022-04-18,15.78,15.87,15.44,15.52,2885091,16.94,13.14,0.66,46.58,13.95,15.54,17.08,17.08,0,,,13.95,,0,,0,,,,,
2022-04-19,15.7,15.96,15.35,15.57,3329394,16.94,13.14,0.65,47.35,13.99,15.54,17.08,17.08,0,,,13.99,,0,,0,,,,,
2022-04-20,15.57,15.96,15.48,15.83,3026470,16.94,13.92,0.64,51.28,14.42,15.55,17.08,17.08,0,,,14.42,,0,,0,,,,,
2022-04-21,15.91,16.13,15.83,15.87,1912522,16.94,14.44,0.62,51.88,14.64,15.57,17.08,17.08,0,,,14.64,,0,,0,,,,,
2022-04-22,15.78,15.96,15.7,15.78,1786130,16.94,14.44,0.59,50.38,14.6,15.58,17.08,17.08,0,,,14.6,,0,,0,,,,,
2022-04-25,15.61,15.74,15.48,15.52,2118906,16.93,14.66,0.57,46.24,14.52,15.58,17.08,17.08,0,,,14.52,,0,,0,,,,,
2022-04-26,15.61,15.83,15.57,15.65,1828675,16.92,15.09,0.55,48.52,14.76,15.57,17.08,17.08,0,,,14.76,,0,,0,,,,,
2022-04-27,15.65,15.74,15.39,15.44,1854417,16.92,15.35,0.54,45.19,14.72,15.56,16.82,17.08,0,,,14.72,,0,,0,,,,,
2022-04-28,15.7,16.3,15.39,15.7,9652824,16.91,15.35,0.56,49.79,14.87,15.57,16.82,16.82,0,,,14.87,,0,,0,,,,,
2022-04-29,15.96,16.13,15.39,15.57,4096948,16.91,15.35,0.58,47.64,14.77,15.57,16.82,16.82,0,,,14.77,,0,,0,,,,,
2022-05-02,15.52,15.61,15.31,15.35,1665553,16.91,15.31,0.56,44.16,14.63,15.57,16.82,16.82,0,,,14.63,,0,,0,,,,,
2022-05-04,15.48,15.57,14.79,14.92,1899933,16.9,14.79,0.57,38.28,14.17,15.55,16.82,16.82,0,,,14.17,,0,,0,,,,,
2022-05-05,15.09,15.31,14.74,14.83,1481722,16.9,14.74,0.57,37.16,14.1,15.53,16.82,16.82,0,,,14.1,,0,,0,,,,,
2022-05-06,14.66,14.83,14.57,14.74,1799317,16.89,14.57,0.55,36.03,14.0,15.5,16.82,16.82,0,,,14.0,,0,,0,,,,,
2022-05-09,14.66,14.83,14.4,14.61,1894769,16.88,14.4,0.54,34.4,13.86,15.48,16.82,16.82,0,,,13.86,,0,,0,,,,,
2022-05-10,14.57,14.79,13.96,14.27,2148412,16.87,13.96,0.56,30.52,13.48,15.44,16.65,16.82,0,,,13.48,,0,,0,,,,,
2022-05-11,14.27,14.4,13.44,13.79,4583719,16.84,13.44,0.59,26.04,12.98,15.4,16.56,16.65,0,,,12.98,,0,,0,,,,,
2022-05-12,13.66,13.7,13.35,13.44,2269860,16.82,13.35,0.58,23.36,12.73,15.33,16.3,16.56,0,,,12.73,,0,,0,,,,,
2022-05-13,13.7,14.05,13.44,13.62,2631592,16.79,13.35,0.58,27.5,12.85,15.31,16.3,16.3,0,,,12.85,,0,,0,,,,,
2022-05-16,13.83,14.01,13.7,13.79,2693348,16.76,13.35,0.57,31.28,12.97,15.27,16.3,16.3,0,,,12.97,,0,,0,,,,,
2022-05-17,13.88,14.14,13.79,14.05,2257646,16.74,13.35,0.55,36.71,13.14,15.25,16.3,16.3,0,,,13.14,,0,,0,,,,,
2022-05-18,14.09,14.27,14.01,14.05,2356833,16.72,13.35,0.53,36.71,13.16,15.22,16.3,16.3,0,,,13.16,,0,,0,,,,,
2022-05-19,13.88,14.14,13.49,13.75,4643200,16.69,13.35,0.54,33.2,12.96,15.16,16.3,16.3,0,,,12.96,,0,,0,,,,,
2022-05-20,13.96,14.05,13.79,13.92,3132404,16.66,13.35,0.52,36.88,13.08,15.09,16.3,16.3,0,,,13.08,,0,,0,,,,,
2022-05-23,14.09,14.22,13.96,14.09,2459478,16.64,13.35,0.51,40.42,13.2,15.02,16.3,16.3,0,,,13.2,,0,,0,,,,,
2022-05-24,14.18,14.22,13.92,13.96,1304600,16.61,13.35,0.49,38.64,13.13,14.94,16.3,16.3,0,,,13.13,,0,,0,,,,,
2022-05-25,14.05,14.09,13.01,13.49,2828343,16.58,13.01,0.53,32.97,12.68,14.84,16.3,16.3,0,,,12.68,,0,,0,,,,,
2022-05-26,13.62,14.27,13.53,14.01,3617348,16.54,13.01,0.55,42.94,13.01,14.77,16.3,16.3,0,,,13.01,,0,,0,,,,,
2022-05-27,14.09,14.4,14.01,14.31,2343237,16.51,13.01,0.54,47.77,13.21,14.71,16.13,16.3,0,,,13.21,,0,,0,,,,,
2022-05-30,14.48,15.35,14.4,15.26,5008293,16.49,13.01,0.58,59.47,13.8,14.69,15.61,16.13,0,,,13.8,,0,,0,,,,,
2022-05-31,15.48,15.52,15.18,15.31,2717904,16.47,13.01,0.56,59.97,13.84,14.68,15.57,15.61,0,,,13.84,,0,,0,,,,,
2022-06-01,15.44,15.48,15.18,15.31,2029239,16.44,13.01,0.54,59.97,13.85,14.67,15.52,15.57,0,,,13.85,,0,,0,,,,,
2022-06-02,15.22,15.39,15.05,15.26,1699403,16.42,13.01,0.53,59.11,13.83,14.66,15.52,15.52,0,,,13.83,,0,,0,,,,,
2022-06-03,15.35,15.39,14.74,14.87,1783386,16.4,13.01,0.54,52.76,13.57,14.62,15.52,15.52,0,,,13.57,,0,,0,,,,,
2022-06-06,14.87,14.96,14.61,14.66,1028132,16.37,13.01,0.52,49.67,13.44,14.58,15.52,15.52,0,,,13.44,,0,,0,,,,,
2022-06-07,14.66,14.7,14.27,14.35,1634878,16.34,13.01,0.52,45.44,13.25,14.55,15.52,15.52,0,,,13.25,,0,,0,,,,,
2022-06-08,14.4,14.66,14.4,14.48,1611508,16.32,13.01,0.5,47.46,13.34,14.51,15.52,15.52,0,,,13.34,,0,,0,,,,,
2022-06-09,14.44,14.53,14.4,14.44,704131,16.3,13.01,0.47,46.88,13.33,14.47,15.52,15.52,0,,,13.33,,0,,0,,,,,
2022-06-10,14.35,14.53,14.31,14.48,1062330,16.27,13.01,0.46,47.57,13.37,14.43,15.52,15.52,0,,,13.37,,0,,0,,,,,
2022-06-13,14.27,14.31,14.01,14.05,1185983,16.24,13.01,0.46,41.39,13.09,14.38,15.52,15.52,0,,,13.09,,0,,0,,,,,
2022-06-14,13.75,14.27,13.66,14.09,1280098,16.21,13.01,0.47,42.14,13.11,14.34,15.52,15.52,0,,,13.11,,0,,0,,,,,
2022-06-15,14.01,14.27,14.01,14.09,691196,16.18,13.53,0.45,42.14,13.3,14.31,15.52,15.52,0,,,13.3,,0,,0,,,,,
2022-06-16,14.27,14.35,13.49,13.66,1877134,16.15,13.49,0.48,36.32,12.99,14.27,15.52,15.52,0,,,12.99,,0,,0,,,,,
2022-06-17,13.49,13.83,13.4,13.57,1727678,16.12,13.4,0.48,35.22,12.9,14.23,15.52,15.52,0,,,12.9,,0,,0,,,,,
2022-06-20,13.75,13.89,13.44,13.57,2023463,16.09,13.4,0.48,35.22,12.9,14.2,15.52,15.52,0,,,12.9,,0,,0,,,,,
2022-06-21,13.62,14.06,13.62,13.93,1280078,16.06,13.4,0.48,43.18,13.13,14.19,15.52,15.52,0,,,13.13,,0,,0,,,,,
2022-06-22,13.93,14.6,13.8,14.51,3072532,16.04,13.4,0.5,53.16,13.49,14.21,15.52,15.52,0,,,13.49,,0,,0,,,,,
2022-06-23,14.51,14.65,14.24,14.33,987644,16.02,13.4,0.49,50.21,13.38,14.24,15.52,15.52,0,,,13.38,,0,,0,,,,,
2022-06-24,14.47,14.96,14.29,14.78,1451398,16.0,13.4,0.51,56.68,13.66,14.28,15.52,15.52,0,,,13.66,,0,,0,,,,,
2022-06-27,14.92,15.01,14.51,14.6,1393448,15.98,13.4,0.51,53.68,13.55,14.31,15.52,15.52,0,,,13.55,,0,,0,,,,,
2022-06-28,14.6,14.65,14.06,14.15,2902584,15.96,13.4,0.51,46.98,13.25,14.31,15.48,15.52,0,,,13.25,,0,,0,,,,,
2022-06-29,13.89,14.11,13.8,13.89,1869051,15.94,13.4,0.5,43.59,13.09,14.31,15.39,15.48,0,,,13.09,,0,,0,,,,,
2022-06-30,13.97,14.24,13.89,13.93,770258,15.92,13.4,0.49,44.25,13.12,14.31,15.39,15.39,0,,,13.12,,0,,0,,,,,
2022-07-01,13.97,14.06,13.89,13.97,892261,15.89,13.4,0.47,44.95,13.17,14.31,15.01,15.39,0,,,13.17,,0,,0,,,,,
2022-07-04,14.11,14.29,13.84,14.2,1612756,15.87,13.4,0.47,48.92,13.32,14.32,15.01,15.01,0,,,13.32,,0,,0,,,,,
2022-07-05,14.38,14.51,14.02,14.11,1779597,15.86,13.4,0.47,47.48,13.26,14.32,15.01,15.01,0,,,13.26,,0,,0,,,,,
2022-07-06,14.15,14.2,14.02,14.15,1749534,15.84,13.4,0.45,48.21,13.3,14.34,15.01,15.01,0,,,13.3,,0,,0,,,,,
2022-07-07,14.2,14.42,14.15,14.29,1591622,15.83,13.4,0.43,50.79,13.39,14.35,15.01,15.01,0,,,13.39,,0,,0,,,,,
2022-07-08,14.33,14.47,14.24,14.29,718240,15.81,13.44,0.42,50.79,13.42,14.35,15.01,15.01,0,,,13.42,,0,,0,,,,,
2022-07-11,14.24,15.01,14.06,14.47,3348912,15.79,13.62,0.46,54.2,13.57,14.33,15.01,15.01,0,,,13.57,,0,,0,,,,,
2022-07-12,14.38,14.87,14.38,14.56,2248358,15.78,13.8,0.46,55.84,13.68,14.3,15.01,15.01,0,,,13.68,,0,,0,,,,,
2022-07-13,14.65,14.83,14.51,14.56,996743,15.77,13.8,0.45,55.84,13.69,14.28,15.01,15.01,0,,,13.69,,0,,0,,,,,
2022-07-14,14.6,14.69,14.15,14.24,1712231,15.75,13.8,0.46,48.64,13.48,14.24,15.01,15.01,0,,,13.48,,0,,0,,,,,
2022-07-15,14.38,14.47,14.24,14.42,1068914,15.73,13.8,0.44,52.36,13.61,14.23,15.01,15.01,0,,,13.61,,0,,0,,,,,
2022-07-18,14.69,15.27,14.47,14.92,11826848,15.71,13.8,0.47,60.85,13.91,14.24,15.27,15.01,0,,,13.91,,0,,0,,,,,
2022-07-19,14.92,15.23,14.87,15.14,6790491,15.69,13.8,0.46,63.9,14.06,14.26,15.27,15.27,0,,,14.06,,0,,0,,,,,
2022-07-20,15.32,15.45,15.23,15.27,3895911,15.67,13.84,0.45,65.6,14.16,14.29,15.45,15.27,0,,,14.16,,0,,0,,,,,
2022-07-21,15.32,15.72,15.18,15.68,3565082,15.66,13.84,0.46,70.36,14.42,14.33,15.72,15.45,1,15.68,14.42,14.42,14.42,1,2022-07-21,0,,,44,,
2022-07-22,15.72,15.81,15.36,15.41,2761144,15.65,13.84,0.46,64.08,14.25,14.36,15.81,15.72,0,,,14.25,14.42,1,2022-07-21,1,15.65,SMA150_BREAK,44,2,-0.2
2022-07-25,15.36,15.41,14.92,14.96,1913090,15.64,14.02,0.46,55.23,14.02,14.39,15.81,15.81,0,,,14.02,,0,,0,,,,,
2022-07-26,15.05,15.09,14.87,14.87,966407,15.63,14.02,0.44,53.63,13.97,14.42,15.81,15.81,0,,,13.97,,0,,0,,,,,
2022-07-27,14.83,15.01,14.78,14.96,811283,15.62,14.06,0.43,55.03,14.05,14.45,15.81,15.81,0,,,14.05,,0,,0,,,,,
2022-07-28,14.96,15.27,14.87,15.01,1956370,15.6,14.06,0.42,55.83,14.08,14.49,15.81,15.81,0,,,14.08,,0,,0,,,,,
2022-07-29,15.05,15.14,15.01,15.09,968931,15.59,14.06,0.4,57.14,14.15,14.54,15.81,15.81,0,,,14.15,,0,,0,,,,,
2022-08-01,15.18,15.45,15.05,15.36,2429266,15.58,14.15,0.4,61.31,14.35,14.6,15.81,15.81,0,,,14.35,,0,,0,,,,,
2022-08-02,15.27,16.39,15.27,15.99,7214214,15.57,14.15,0.45,68.91,14.73,14.67,16.39,15.81,1,15.99,14.73,14.73,14.73,1,2022-08-02,0,,,45,,
2022-08-03,16.04,16.04,15.54,15.81,2378515,15.57,14.15,0.46,64.98,14.61,14.71,16.39,16.39,0,,,14.61,14.73,1,2022-08-02,1,15.57,SMA150_BREAK,45,2,-2.65
2022-08-04,15.86,15.95,15.5,15.54,1566030,15.56,14.24,0.46,59.5,14.47,14.75,16.39,16.39,0,,,14.47,,0,,0,,,,,
2022-08-05,15.54,15.72,15.41,15.5,1365201,15.55,14.47,0.45,58.71,14.52,14.78,16.39,16.39,0,,,14.52,,0,,0,,,,,
2022-08-08,15.5,15.72,15.36,15.45,1170908,15.54,14.78,0.44,57.68,14.6,14.81,16.39,16.39,0,,,14.6,,0,,0,,,,,
2022-08-10,15.5,15.59,15.18,15.18,1379122,15.53,14.78,0.44,52.34,14.43,14.84,16.39,16.39,0,,,14.43,,0,,0,,,,,
2022-08-11,15.32,15.5,15.14,15.18,1871620,15.52,14.78,0.43,52.34,14.43,14.88,16.39,16.39,0,,,14.43,,0,,0,,,,,
2022-08-12,15.23,15.72,15.18,15.45,3087159,15.5,14.78,0.44,56.96,14.6,14.93,16.39,16.39,0,,,14.6,,0,,0,,,,,
2022-08-16,15.59,15.68,15.5,15.54,1329747,15.49,14.78,0.43,58.41,14.67,14.99,16.39,16.39,0,,,14.67,,0,,0,,,,,
2022-08-17,15.68,16.17,15.59,16.04,4236486,15.48,14.78,0.44,65.38,14.98,15.05,16.39,16.39,0,,,14.98,,0,,0,,,,,
2022-08-18,15.95,16.35,15.77,15.99,3550750,15.46,14.78,0.45,64.22,14.94,15.11,16.39,16.39,0,,,14.94,,0,,0,,,,,
2022-08-19,16.04,16.12,15.59,15.63,1798890,15.45,14.87,0.46,56.46,14.73,15.16,16.39,16.39,0,,,14.73,,0,,0,,,,,
2022-08-22,15.59,15.9,15.32,15.36,1704408,15.43,15.01,0.46,51.44,14.6,15.2,16.39,16.39,0,,,14.6,,0,,0,,,,,
2022-08-23,15.27,15.54,15.27,15.45,1694881,15.42,15.05,0.45,52.94,14.68,15.23,16.39,16.39,0,,,14.68,,0,,0,,,,,
2022-08-24,15.36,15.54,15.27,15.45,1985921,15.4,15.14,0.44,52.94,14.72,15.27,16.39,16.39,0,,,14.72,,0,,0,,,,,
2022-08-25,15.54,16.53,15.5,16.08,10002134,15.39,15.14,0.48,62.39,15.1,15.32,16.53,16.39,0,,,15.1,,0,,0,,,,,
2022-08-26,16.21,16.53,16.04,16.12,4548064,15.38,15.14,0.48,62.9,15.12,15.37,16.53,16.53,0,,,15.12,,0,,0,,,,,
2022-08-29,15.68,16.17,15.59,16.08,2130555,15.36,15.14,0.49,61.99,15.09,15.43,16.53,16.53,0,,,15.09,,0,,0,,,,,
2022-08-30,16.21,16.39,16.12,16.17,1943756,15.35,15.14,0.48,63.27,15.16,15.49,16.53,16.53,0,,,15.16,,0,,0,,,,,
2022-09-01,16.04,16.39,15.99,16.26,1896244,15.34,15.14,0.47,64.56,15.22,15.53,16.53,16.53,0,,,15.22,,0,,0,,,,,
2022-09-02,16.35,16.39,16.08,16.08,1546843,15.33,15.14,0.46,60.03,15.11,15.57,16.53,16.53,0,,,15.11,,0,,0,,,,,
2022-09-05,16.08,16.39,16.04,16.12,2574437,15.32,15.18,0.45,60.69,15.16,15.59,16.53,16.53,0,,,15.16,,0,,0,,,,,
2022-09-06,16.3,16.8,16.12,16.39,6022956,15.31,15.27,0.47,64.9,15.35,15.62,16.8,16.53,0,,,15.35,,0,,0,,,,,
2022-09-07,16.3,16.62,16.21,16.48,2674276,15.3,15.27,0.46,66.2,15.41,15.65,16.8,16.8,0,,,15.41,,0,,0,,,,,
2022-09-08,16.66,16.93,16.57,16.75,4738485,15.29,15.27,0.46,69.81,15.58,15.71,16.93,16.8,0,,,15.58,,0,,0,,,,,
2022-09-09,16.89,17.11,16.66,16.75,4351320,15.28,15.27,0.46,69.81,15.59,15.78,17.11,16.93,0,,,15.59,,0,,0,,,,,
2022-09-12,16.89,17.02,16.75,16.98,3415024,15.27,15.27,0.45,72.69,15.74,15.84,17.11,17.11,0,,,15.74,,0,,0,,,,,
2022-09-13,17.11,17.2,16.75,16.8,3424895,15.26,15.27,0.45,67.28,15.63,15.9,17.2,17.11,0,,,15.63,,0,,0,,,,,
2022-09-14,16.62,17.69,16.57,17.42,15178278,15.26,15.27,0.5,74.36,15.99,15.98,17.69,17.2,1,17.42,15.99,15.99,15.99,1,2022-09-14,0,,,46,,
2022-09-15,17.87,18.14,17.47,17.56,9307778,15.26,15.5,0.51,75.64,16.15,16.05,18.14,17.69,0,,,16.15,16.15,1,2022-09-14,0,,,46,,
2022-09-16,17.47,17.56,16.57,16.62,7004433,15.25,15.59,0.55,55.56,15.55,16.07,18.14,18.14,0,,,15.55,16.15,1,2022-09-14,0,,,46,,
2022-09-19,16.71,16.98,16.53,16.8,3174282,15.25,15.59,0.54,57.87,15.67,16.11,18.14,18.14,0,,,15.67,16.15,1,2022-09-14,0,,,46,,
2022-09-20,16.93,17.24,16.89,17.02,3334809,15.24,15.99,0.53,60.56,15.95,16.16,18.14,18.14,0,,,15.95,16.15,1,2022-09-14,0,,,46,,
2022-09-21,17.38,17.38,16.66,16.66,3719250,15.24,15.99,0.55,54.43,15.71,16.2,18.14,18.14,0,,,15.71,16.15,1,2022-09-14,0,,,46,,
2022-09-22,16.62,16.84,16.44,16.66,3659122,15.24,16.04,0.54,54.43,15.74,16.24,18.14,18.14,0,,,15.74,16.15,1,2022-09-14,0,,,46,,
2022-09-23,16.62,16.75,16.12,16.26,3374344,15.24,16.04,0.54,48.14,15.47,16.27,18.14,18.14,0,,,15.47,16.15,1,2022-09-14,1,16.15,TRAILING_STOP,46,8,-7.29
2022-09-26,16.12,16.21,15.27,15.41,5010284,15.23,15.27,0.57,38.08,14.65,16.28,18.14,18.14,0,,,14.65,,0,,0,,,,,
2022-09-27,15.54,15.99,15.54,15.72,2089023,15.23,15.27,0.57,42.78,14.85,16.29,18.14,18.14,0,,,14.85,,0,,0,,,,,
2022-09-28,15.68,15.81,15.41,15.5,2490285,15.22,15.27,0.56,40.44,14.71,16.29,18.14,18.14,0,,,14.71,,0,,0,,,,,
2022-09-29,15.63,15.9,15.14,15.63,4051089,15.22,15.14,0.58,42.44,14.74,16.27,18.14,18.14,0,,,14.74,,0,,0,,,,,
2022-09-30,15.72,16.04,15.45,15.95,2320576,15.22,15.14,0.58,47.16,14.95,16.27,18.14,18.14,0,,,14.95,,0,,0,,,,,
2022-10-03,15.95,15.95,15.59,15.72,1608467,15.22,15.14,0.56,44.35,14.81,16.27,18.14,18.14,0,,,14.81,,0,,0,,,,,
2022-10-04,16.12,16.48,15.99,16.12,23498544,15.22,15.14,0.58,49.94,15.06,16.3,18.14,18.14,0,,,15.06,,0,,0,,,,,
2022-10-06,16.3,16.66,16.21,16.53,3114903,15.23,15.14,0.57,54.94,15.33,16.34,18.14,18.14,0,,,15.33,,0,,0,,,,,
2022-10-07,16.48,16.53,16.21,16.35,2954832,15.24,15.14,0.56,52.46,15.22,16.37,18.14,18.14,0,,,15.22,,0,,0,,,,,
2022-10-10,16.12,16.39,16.04,16.26,1951256,15.24,15.14,0.54,51.22,15.17,16.37,18.14,18.14,0,,,15.17,,0,,0,,,,,
2022-10-11,16.3,16.44,16.08,16.12,2443065,15.25,15.14,0.53,49.26,15.09,16.37,18.14,18.14,0,,,15.09,,0,,0,,,,,
2022-10-12,16.21,16.21,15.95,16.17,1405624,15.25,15.14,0.51,50.0,15.14,16.38,18.14,18.14,0,,,15.14,,0,,0,,,,,
2022-10-13,16.12,16.17,15.86,15.99,1486245,15.26,15.14,0.49,47.34,15.03,16.37,18.14,18.14,0,,,15.03,,0,,0,,,,,
2022-10-14,16.26,16.3,15.99,16.08,1819513,15.26,15.14,0.48,48.81,15.1,16.36,17.56,18.14,0,,,15.1,,0,,0,,,,,
2022-10-17,16.12,17.02,16.08,16.89,13851123,15.27,15.14,0.51,59.68,15.6,16.39,17.38,17.56,0,,,15.6,,0,,0,,,,,
2022-10-18,17.11,17.42,16.93,17.11,13038728,15.28,15.14,0.52,62.04,15.74,16.42,17.42,17.38,0,,,15.74,,0,,0,,,,,
2022-10-19,17.24,17.69,17.2,17.38,11492518,15.29,15.14,0.52,64.76,15.91,16.46,17.69,17.42,0,,,15.91,,0,,0,,,,,
2022-10-20,17.38,17.69,17.11,17.51,4971696,15.3,15.14,0.52,66.03,15.99,16.49,17.69,17.69,0,,,15.99,,0,,0,,,,,
2022-10-21,17.6,18.19,17.47,17.74,11400829,15.32,15.45,0.54,68.2,16.23,16.52,18.19,17.69,1,17.74,16.23,16.23,16.23,1,2022-10-21,0,,,47,,
2022-10-24,18.41,18.54,18.05,18.14,4684950,15.33,15.59,0.56,71.6,16.53,16.57,18.54,18.19,0,,,16.53,16.53,1,2022-10-21,0,,,47,,
2022-10-25,17.96,19.13,17.69,18.77,18773606,15.36,15.86,0.62,75.97,16.98,16.63,19.13,18.54,1,18.77,16.98,16.98,16.98,1,2022-10-21,0,,,47,,
2022-10-27,19.04,19.17,18.68,18.81,10162174,15.38,15.86,0.61,76.22,17.01,16.7,19.17,19.13,0,,,17.01,17.01,1,2022-10-21,0,,,47,,
2022-10-28,18.81,19.31,18.5,18.59,9440488,15.4,15.86,0.62,71.79,16.86,16.74,19.31,19.17,0,,,16.86,17.01,1,2022-10-21,0,,,47,,
2022-10-31,18.77,18.99,18.14,18.19,5881162,15.42,15.86,0.64,64.47,16.59,16.76,19.31,19.31,0,,,16.59,17.01,1,2022-10-21,0,,,47,,
2022-11-01,18.36,18.59,18.01,18.1,4485720,15.44,15.86,0.64,62.92,16.54,16.81,19.31,19.31,0,,,16.54,17.01,1,2022-10-21,0,,,47,,
2022-11-02,18.19,18.27,18.05,18.1,3354960,15.46,15.86,0.61,62.92,16.56,16.85,19.31,19.31,0,,,16.56,17.01,1,2022-10-21,0,,,47,,
2022-11-03,18.01,18.99,17.92,18.9,12683638,15.48,15.86,0.64,70.3,17.05,16.91,19.31,19.31,0,,,17.05,17.05,1,2022-10-21,0,,,47,,
2022-11-04,19.08,20.74,19.04,20.38,46992227,15.52,15.99,0.73,78.74,17.99,17.04,20.74,19.31,1,20.38,17.99,17.99,17.99,1,2022-10-21,0,,,47,,
2022-11-07,20.6,21.46,20.6,20.87,27606247,15.56,16.08,0.75,80.69,18.32,17.18,21.46,20.74,0,,,18.32,18.32,1,2022-10-21,0,,,47,,
2022-11-09,21.14,22.13,20.92,21.68,34082599,15.61,16.93,0.79,83.41,19.1,17.36,22.13,21.46,0,,,19.1,19.1,1,2022-10-21,0,,,47,,
2022-11-10,21.72,21.86,20.51,20.74,18353367,15.64,17.11,0.83,70.94,18.53,17.53,22.13,22.13,0,,,18.53,19.1,1,2022-10-21,0,,,47,,
2022-11-11,21.1,21.46,20.74,20.96,12237384,15.68,17.11,0.82,71.99,18.68,17.71,22.13,22.13,0,,,18.68,19.1,1,2022-10-21,0,,,47,,
2022-11-14,21.1,21.23,20.51,20.69,6472068,15.71,17.47,0.81,68.69,18.63,17.88,22.13,22.13,0,,,18.63,19.1,1,2022-10-21,0,,,47,,
2022-11-15,20.78,20.83,20.25,20.47,6560313,15.74,17.69,0.8,66.04,18.57,18.04,22.13,22.13,0,,,18.57,19.1,1,2022-10-21,0,,,47,,
2022-11-16,20.56,21.01,20.38,20.51,9779348,15.77,17.69,0.78,66.3,18.6,18.2,22.13,22.13,0,,,18.6,19.1,1,2022-10-21,0,,,47,,
2022-11-17,20.51,20.87,20.42,20.69,5638624,15.8,17.92,0.76,67.48,18.81,18.36,22.13,22.13,0,,,18.81,19.1,1,2022-10-21,0,,,47,,
2022-11-18,20.83,22.98,20.78,22.49,86922337,15.84,17.92,0.87,76.4,19.9,18.57,22.98,22.13,1,22.49,19.9,19.9,19.9,1,2022-10-21,0,,,47,,
2022-11-21,22.71,26.43,22.57,25.8,159453816,15.9,17.92,1.09,84.71,21.89,18.88,26.43,22.98,0,,,21.89,21.89,1,2022-10-21,0,,,47,,
2022-11-22,26.16,26.92,24.41,24.95,105100923,15.96,17.92,1.19,77.19,21.27,19.17,26.92,26.43,0,,,21.27,21.89,1,2022-10-21,0,,,47,,
2022-11-23,25.26,25.53,24.19,24.37,40032938,16.02,17.92,1.2,72.47,20.89,19.44,26.92,26.92,0,,,20.89,21.89,1,2022-10-21,0,,,47,,
2022-11-24,24.59,25.31,24.19,24.46,30749309,16.08,17.92,1.2,72.75,20.95,19.72,26.92,26.92,0,,,20.95,21.89,1,2022-10-21,0,,,47,,
2022-11-25,24.59,25.31,24.28,24.59,41190200,16.14,19.04,1.18,73.17,21.42,20.0,26.92,26.92,0,,,21.42,21.89,1,2022-10-21,0,,,47,,
2022-11-28,24.72,25.17,24.19,24.46,22268756,16.2,20.25,1.17,71.97,21.75,20.28,26.92,26.92,0,,,21.75,21.89,1,2022-10-21,0,,,47,,
2022-11-29,24.64,24.86,23.92,24.05,19900823,16.25,20.25,1.15,68.17,21.49,20.55,26.92,26.92,0,,,21.49,21.89,1,2022-10-21,0,,,47,,
2022-11-30,24.14,24.59,23.52,23.69,15845528,16.31,20.25,1.15,64.92,21.27,20.77,26.92,26.92,0,,,21.27,21.89,1,2022-10-21,0,,,47,,
2022-12-01,23.78,24.72,23.11,24.28,27811928,16.36,20.25,1.18,67.64,21.62,21.01,26.92,26.92,0,,,21.62,21.89,1,2022-10-21,0,,,47,,
2022-12-02,24.59,25.08,24.23,24.5,24037754,16.43,20.25,1.16,68.62,21.78,21.25,26.92,26.92,0,,,21.78,21.89,1,2022-10-21,0,,,47,,
2022-12-05,24.64,24.95,24.19,24.77,15276414,16.49,20.25,1.13,69.82,21.97,21.49,26.92,26.92,0,,,21.97,21.97,1,2022-10-21,0,,,47,,
2022-12-06,24.77,25.93,24.64,25.49,45299736,16.55,20.38,1.14,72.81,22.47,21.75,26.92,26.92,0,,,22.47,22.47,1,2022-10-21,0,,,47,,
2022-12-07,25.49,26.52,25.4,25.84,50063640,16.62,20.42,1.14,74.16,22.71,22.01,26.92,26.92,0,,,22.71,22.71,1,2022-10-21,0,,,47,,
2022-12-08,26.16,27.28,25.67,26.92,60526042,16.7,20.78,1.17,77.8,23.51,22.28,27.28,26.92,0,,,23.51,23.51,1,2022-10-21,0,,,47,,
2022-12-09,27.32,28.13,24.37,25.67,82166735,16.77,22.57,1.36,66.17,23.18,22.51,28.13,27.28,0,,,23.18,23.51,1,2022-10-21,0,,,47,,
2022-12-12,25.62,26.7,24.99,26.47,35807886,16.85,23.11,1.38,69.33,23.86,22.77,28.13,28.13,0,,,23.86,23.86,1,2022-10-21,0,,,47,,
2022-12-13,26.79,30.1,26.47,29.25,162452666,16.95,23.11,1.54,77.27,25.54,23.14,30.1,28.13,1,29.25,25.54,25.54,25.54,1,2022-10-21,0,,,47,,
2022-12-14,29.61,32.43,29.11,30.55,252568209,17.06,23.11,1.67,79.9,26.3,23.55,32.43,30.1,0,,,26.3,26.3,1,2022-10-21,0,,,47,,
2022-12-15,30.55,32.47,30.1,30.77,152586124,17.17,23.11,1.72,80.31,26.4,23.98,32.47,32.43,0,,,26.4,26.4,1,2022-10-21,0,,,47,,
2022-12-16,30.59,31.49,28.71,28.98,99124045,17.28,23.11,1.8,68.03,25.2,24.31,32.47,32.47,0,,,25.2,26.4,1,2022-10-21,0,,,47,,
2022-12-19,29.38,30.68,29.02,30.19,84007974,17.39,23.11,1.79,71.23,25.98,24.64,32.47,32.47,0,,,25.98,26.4,1,2022-10-21,0,,,47,,
2022-12-20,30.32,30.46,28.8,29.47,50440716,17.49,23.11,1.78,66.94,25.53,24.92,32.47,32.47,0,,,25.53,26.4,1,2022-10-21,0,,,47,,
2022-12-21,29.74,30.82,26.11,26.83,122567137,17.58,23.11,1.99,54.07,23.68,25.1,32.47,32.47,0,,,23.68,26.4,1,2022-10-21,1,26.4,TRAILING_STOP,47,42,48.84
2022-12-22,28.13,28.53,25.53,25.84,91782979,17.65,24.19,2.06,50.17,23.36,25.27,32.47,32.47,0,,,23.36,,0,,0,,,,,
2022-12-23,25.44,25.67,22.71,23.38,88546213,17.72,22.71,2.14,42.06,21.23,25.35,32.47,32.47,0,,,21.23,,0,,0,,,,,
2022-12-26,23.38,26.87,22.84,26.34,126951806,17.8,22.71,2.27,52.1,23.04,25.54,32.47,32.47,0,,,23.04,,0,,0,,,,,
2022-12-27,27.28,28.26,26.43,27.95,83086560,17.89,22.71,2.25,56.51,24.1,25.78,32.47,32.47,0,,,24.1,,0,,0,,,,,
2022-12-28,27.99,28.31,26.47,26.87,69608835,17.98,22.71,2.22,52.98,23.42,26.0,32.47,32.47,0,,,23.42,,0,,0,,,,,
2022-12-29,26.7,27.32,26.43,26.7,36208756,18.07,22.71,2.12,52.43,23.38,26.2,32.47,32.47,0,,,23.38,,0,,0,,,,,
2022-12-30,27.59,28.17,27.23,27.41,32166015,18.16,22.71,2.08,54.57,23.87,26.36,32.47,32.47,0,,,23.87,,0,,0,,,,,
2023-01-02,27.64,27.86,27.14,27.37,22913370,18.24,22.71,1.98,54.42,23.9,26.41,32.47,32.47,0,,,23.9,,0,,0,,,,,
2023-01-03,27.59,28.98,27.5,28.71,54878562,18.33,22.71,1.95,58.49,24.79,26.54,32.47,32.47,0,,,24.79,,0,,0,,,,,
2023-01-04,29.11,29.65,27.95,28.17,60400249,18.42,22.71,1.94,56.31,24.45,26.67,32.47,32.47,0,,,24.45,,0,,0,,,,,
2023-01-05,28.44,28.58,27.37,27.86,35841006,18.5,22.71,1.88,55.04,24.28,26.78,32.47,32.47,0,,,24.28,,0,,0,,,,,
2023-01-06,28.22,28.22,27.14,27.5,25938883,18.58,22.71,1.83,53.53,24.09,26.88,32.47,32.47,0,,,24.09,,0,,0,,,,,
2023-01-09,27.95,28.04,27.59,27.82,19065051,18.67,22.71,1.73,54.72,24.36,26.99,32.47,32.47,0,,,24.36,,0,,0,,,,,
2023-01-10,27.68,27.73,26.34,26.61,25434732,18.75,22.71,1.72,49.55,23.59,27.07,32.47,32.47,0,,,23.59,,0,,0,,,,,
2023-01-11,26.83,27.86,25.98,27.5,36096926,18.84,22.71,1.73,53.06,24.16,27.2,32.47,32.47,0,,,24.16,,0,,0,,,,,
2023-01-12,27.59,28.26,27.14,28.04,41064537,18.93,22.71,1.68,55.1,24.53,27.33,31.49,32.47,0,,,24.53,,0,,0,,,,,
2023-01-13,28.04,28.8,27.68,28.4,37611941,19.02,22.84,1.64,56.46,24.84,27.46,30.82,31.49,0,,,24.84,,0,,0,,,,,
2023-01-16,28.62,30.86,28.58,29.61,121992374,19.12,25.98,1.7,60.76,26.62,27.62,30.86,30.82,0,,,26.62,,0,,0,,,,,
2023-01-17,29.92,30.55,28.4,28.67,68432478,19.22,25.98,1.73,56.12,26.0,27.72,30.86,30.86,0,,,26.0,,0,,0,,,,,
2023-01-18,29.07,29.07,28.49,28.67,25081019,19.32,25.98,1.65,56.12,26.05,27.82,30.86,30.86,0,,,26.05,,0,,0,,,,,
2023-01-19,28.67,28.67,28.22,28.31,19818654,19.41,25.98,1.57,54.28,25.88,27.86,30.86,30.86,0,,,25.88,,0,,0,,,,,
2023-01-20,28.49,28.58,27.77,28.04,22127069,19.51,25.98,1.51,52.88,25.74,27.94,30.86,30.86,0,,,25.74,,0,,0,,,,,
2023-01-23,28.17,28.4,27.46,27.68,16737091,19.6,25.98,1.47,50.99,25.53,27.98,30.86,30.86,0,,,25.53,,0,,0,,,,,
2023-01-24,27.77,27.91,26.25,26.56,17111252,19.69,25.98,1.48,45.54,24.8,27.89,30.86,30.86,0,,,24.8,,0,,0,,,,,
2023-01-25,26.52,26.96,26.07,26.38,24251563,19.77,25.98,1.44,44.72,24.71,27.75,30.86,30.86,0,,,24.71,,0,,0,,,,,
2023-01-27,26.47,26.61,24.19,24.86,35075461,19.84,24.19,1.51,38.38,23.09,27.56,30.86,30.86,0,,,23.09,,0,,0,,,,,
2023-01-30,24.9,26.2,24.19,25.84,32901161,19.92,24.19,1.55,43.9,23.7,27.45,30.86,30.86,0,,,23.7,,0,,0,,,,,
2023-01-31,26.16,27.64,25.71,27.23,27204629,20.0,24.19,1.57,50.65,24.58,27.35,30.86,30.86,0,,,24.58,,0,,0,,,,,
2023-02-01,27.68,27.82,24.99,25.71,29131196,20.07,24.19,1.66,44.36,23.54,27.23,30.86,30.86,0,,,23.54,,0,,0,,,,,
2023-02-02,25.67,26.52,25.35,25.84,15921047,20.15,24.19,1.63,44.99,23.64,27.2,30.86,30.86,0,,,23.64,,0,,0,,,,,
2023-02-03,26.16,26.38,24.55,25.8,24953916,20.23,24.19,1.64,44.83,23.61,27.19,30.86,30.86,0,,,23.61,,0,,0,,,,,
2023-02-06,25.84,26.2,25.53,25.62,14149681,20.31,24.19,1.57,44.03,23.54,27.27,30.86,30.86,0,,,23.54,,0,,0,,,,,
2023-02-07,25.62,25.8,25.04,25.22,10652575,20.38,24.19,1.52,42.23,23.32,27.23,30.86,30.86,0,,,23.32,,0,,0,,,,,
2023-02-08,25.31,25.49,24.95,25.13,12785373,20.46,24.19,1.45,41.82,23.31,27.14,30.86,30.86,0,,,23.31,,0,,0,,,,,
2023-02-09,25.22,25.22,24.77,24.9,8241479,20.53,24.19,1.38,40.72,23.21,27.07,30.86,30.86,0,,,23.21,,0,,0,,,,,
2023-02-10,24.81,26.11,24.68,25.26,19884763,20.6,24.19,1.38,43.23,23.44,27.02,30.86,30.86,0,,,23.44,,0,,0,,,,,
2023-02-13,25.26,25.26,24.28,24.46,10906124,20.67,24.19,1.35,39.26,22.94,26.93,30.86,30.86,0,,,22.94,,0,,0,,,,,
2023-02-14,24.59,24.68,23.78,24.28,9971208,20.74,23.78,1.32,38.4,22.71,26.82,30.55,30.86,0,,,22.71,,0,,0,,,,,
2023-02-15,24.19,24.68,24.1,24.41,8080383,20.8,23.78,1.27,39.43,22.83,26.68,29.07,30.55,0,,,22.83,,0,,0,,,,,
2023-02-16,24.59,24.68,24.19,24.28,5507044,20.87,23.78,1.21,38.73,22.78,26.55,28.67,29.07,0,,,22.78,,0,,0,,,,,
2023-02-17,24.14,24.19,23.83,24.1,5860958,20.93,23.78,1.16,37.74,22.7,26.42,28.58,28.67,0,,,22.7,,0,,0,,,,,
2023-02-20,24.28,24.41,23.47,23.61,9308989,21.0,23.47,1.14,35.1,22.29,26.29,28.4,28.58,0,,,22.29,,0,,0,,,,,
2023-02-21,23.61,23.65,23.16,23.38,8453014,21.05,23.16,1.09,33.9,22.07,26.15,27.91,28.4,0,,,22.07,,0,,0,,,,,
2023-02-22,23.11,23.83,22.8,22.93,12829796,21.11,22.8,1.09,31.63,21.66,26.02,27.82,27.91,0,,,21.66,,0,,0,,,,,
2023-02-23,22.66,23.2,22.4,22.98,16044113,21.16,22.4,1.07,32.17,21.58,25.87,27.82,27.82,0,,,21.58,,0,,0,,,,,
2023-02-24,23.16,23.52,22.4,22.53,10069220,21.21,22.4,1.07,29.87,21.28,25.69,27.82,27.82,0,,,21.28,,0,,0,,,,,
2023-02-27,22.4,22.84,22.26,22.49,13505092,21.25,22.26,1.04,29.66,21.23,25.49,27.82,27.82,0,,,21.23,,0,,0,,,,,
2023-02-28,22.62,22.98,22.35,22.84,12102585,21.3,22.26,1.01,33.91,21.48,25.27,27.82,27.82,0,,,21.48,,0,,0,,,,,
2023-03-01,23.02,23.87,22.8,23.74,13625065,21.36,22.26,1.01,43.37,22.06,25.1,26.52,27.82,0,,,22.06,,0,,0,,,,,
2023-03-02,23.74,24.05,23.2,23.29,11661692,21.42,22.26,1.0,40.26,21.77,24.92,26.38,26.52,0,,,21.77,,0,,0,,,,,
2023-03-03,23.52,24.95,23.52,24.81,26575498,21.48,22.26,1.05,52.6,22.72,24.81,26.2,26.38,0,,,22.72,,0,,0,,,,,
2023-03-06,25.26,25.62,24.5,24.64,20719537,21.55,22.26,1.05,51.32,22.61,24.69,26.11,26.2,0,,,22.61,,0,,0,,,,,
2023-03-08,24.64,24.81,24.1,24.68,9616879,21.61,22.26,1.03,51.62,22.65,24.59,26.11,26.11,0,,,22.65,,0,,0,,,,,
2023-03-09,24.86,24.9,24.19,24.28,8844269,21.67,22.26,1.01,48.43,22.41,24.52,26.11,26.11,0,,,22.41,,0,,0,,,,,
2023-03-10,24.05,24.14,23.61,24.01,9242571,21.73,22.26,0.98,46.35,22.25,24.44,26.11,26.11,0,,,22.25,,0,,0,,,,,
2023-03-13,23.74,24.1,22.75,22.89,11198313,21.77,22.26,1.01,38.89,21.51,24.37,25.62,26.11,0,,,21.51,,0,,0,,,,,
2023-03-14,23.11,23.11,22.08,22.22,15389045,21.82,22.08,1.01,35.23,21.02,24.25,25.62,25.62,0,,,21.02,,0,,0,,,,,
2023-03-15,22.66,23.02,22.04,22.26,9772976,21.86,22.04,1.01,35.62,21.03,24.09,25.62,25.62,0,,,21.03,,0,,0,,,,,
2023-03-16,22.13,22.71,21.5,22.57,12935251,21.91,21.5,1.02,38.7,21.04,23.98,25.62,25.62,0,,,21.04,,0,,0,,,,,
2023-03-17,22.84,23.07,22.26,22.53,8085754,21.96,21.5,1.01,38.44,21.03,23.87,25.62,25.62,0,,,21.03,,0,,0,,,,,
2023-03-20,22.53,22.57,21.32,22.04,16093752,22.0,21.32,1.02,35.37,20.64,23.75,25.62,25.62,0,,,20.64,,0,,0,,,,,
2023-03-21,22.57,22.57,22.04,22.31,9264981,22.05,21.32,0.99,38.29,20.84,23.64,25.62,25.62,0,,,20.84,,0,,0,,,,,
2023-03-22,22.44,22.84,22.31,22.44,8186149,22.1,21.32,0.96,39.71,20.94,23.54,25.62,25.62,0,,,20.94,,0,,0,,,,,
2023-03-23,22.13,22.62,21.95,22.4,9440650,22.14,21.32,0.94,39.41,20.93,23.45,25.62,25.62,0,,,20.93,,0,,0,,,,,
2023-03-24,22.26,22.57,21.46,21.68,8231322,22.18,21.32,0.95,34.38,20.46,23.34,25.62,25.62,0,,,20.46,,0,,0,,,,,
2023-03-27,21.86,21.86,20.78,20.96,9507486,22.21,20.78,0.96,30.22,19.81,23.2,25.62,25.62,0,,,19.81,,0,,0,,,,,
2023-03-28,20.78,21.14,20.42,20.69,8975021,22.25,20.42,0.94,28.82,19.52,23.08,25.62,25.62,0,,,19.52,,0,,0,,,,,
2023-03-29,20.56,22.26,20.47,22.08,17263411,22.29,20.42,1.0,43.42,20.38,23.0,25.62,25.62,0,,,20.38,,0,,0,,,,,
2023-03-31,22.62,22.62,21.95,22.17,9813078,22.34,20.42,0.98,44.22,20.45,22.93,25.62,25.62,0,,,20.45,,0,,0,,,,,
2023-04-03,22.31,23.25,22.13,23.07,13150340,22.38,20.42,0.99,51.57,21.03,22.89,25.62,25.62,0,,,21.03,,0,,0,,,,,
2023-04-05,23.25,23.25,22.57,22.98,10521009,22.43,20.42,0.97,50.85,20.98,22.85,25.62,25.62,0,,,20.98,,0,,0,,,,,
2023-04-06,22.98,23.78,22.89,23.43,15235335,22.48,20.42,0.96,54.29,21.28,22.84,24.9,25.62,0,,,21.28,,0,,0,,,,,
2023-04-10,23.56,23.61,23.25,23.43,7682988,22.53,20.42,0.92,54.29,21.31,22.85,24.9,24.9,0,,,21.31,,0,,0,,,,,
2023-04-11,23.52,24.37,23.52,23.92,9900923,22.58,20.42,0.92,58.01,21.62,22.88,24.37,24.9,0,,,21.62,,0,,0,,,,,
2023-04-12,24.05,24.05,23.65,23.83,5504440,22.63,20.42,0.88,57.09,21.59,22.91,24.37,24.37,0,,,21.59,,0,,0,,,,,
2023-04-13,23.87,24.95,23.69,24.68,15371559,22.69,20.42,0.91,63.04,22.12,22.98,24.95,24.37,1,24.68,22.12,22.12,22.12,1,2023-04-13,0,,,48,,
2023-04-17,24.64,25.93,24.37,25.67,30121567,22.75,20.42,0.96,68.52,22.73,23.08,25.93,24.95,0,,,22.73,22.73,1,2023-04-13,0,,,48,,
2023-04-18,25.8,25.89,25.17,25.4,18188043,22.81,20.42,0.94,65.66,22.56,23.17,25.93,25.93,0,,,22.56,22.73,1,2023-04-13,0,,,48,,
2023-04-19,25.53,26.7,25.44,25.62,27607500,22.87,20.42,0.96,66.87,22.69,23.23,26.7,25.93,0,,,22.69,22.73,1,2023-04-13,0,,,48,,
2023-04-20,25.62,25.76,24.99,25.22,11106290,22.92,20.42,0.95,62.55,22.44,23.3,26.7,26.7,0,,,22.44,22.73,1,2023-04-13,0,,,48,,
2023-04-21,25.31,25.44,24.68,24.95,9651965,22.98,20.42,0.94,59.74,22.27,23.3,26.7,26.7,0,,,22.27,22.73,1,2023-04-13,0,,,48,,
2023-04-24,25.08,27.32,25.08,26.96,58361429,23.04,20.47,1.04,70.4,23.52,23.38,27.32,26.7,1,26.96,23.52,23.52,23.52,1,2023-04-13,0,,,48,,
2023-04-25,27.5,27.68,26.61,26.79,36039793,23.11,21.95,1.04,68.74,23.9,23.45,27.68,27.32,0,,,23.9,23.9,1,2023-04-13,0,,,48,,
2023-04-26,26.87,26.96,26.2,26.43,16539566,23.17,22.13,1.02,65.24,23.74,23.52,27.68,27.68,0,,,23.74,23.9,1,2023-04-13,0,,,48,,
2023-04-27,26.52,27.05,26.34,26.61,14918642,23.23,22.57,1.0,66.16,24.02,23.61,27.68,27.68,0,,,24.02,24.02,1,2023-04-13,0,,,48,,
2023-04-28,26.7,27.23,26.61,27.05,23532983,23.3,22.89,0.97,68.39,24.43,23.75,27.68,27.68,0,,,24.43,24.43,1,2023-04-13,0,,,48,,
2023-05-02,27.28,27.46,26.74,26.87,15438811,23.37,23.25,0.95,66.46,24.45,23.9,27.68,27.68,0,,,24.45,24.45,1,2023-04-13,0,,,48,,
2023-05-03,26.74,26.87,26.38,26.52,10323185,23.43,23.52,0.92,62.77,24.33,24.04,27.68,27.68,0,,,24.33,24.45,1,2023-04-13,0,,,48,,
2023-05-04,26.56,27.05,26.52,26.79,12176172,23.5,23.65,0.89,64.41,24.57,24.18,27.68,27.68,0,,,24.57,24.57,1,2023-04-13,0,,,48,,
2023-05-05,26.87,28.13,26.7,27.28,41022726,23.57,23.69,0.93,67.24,24.87,24.34,28.13,27.68,0,,,24.87,24.87,1,2023-04-13,0,,,48,,
2023-05-08,27.41,27.95,27.05,27.23,20346612,23.65,24.37,0.93,66.66,25.07,24.52,28.13,28.13,0,,,25.07,25.07,1,2023-04-13,0,,,48,,
2023-05-09,27.32,27.5,26.79,27.1,12551321,23.73,24.68,0.91,65.08,25.1,24.68,28.13,28.13,0,,,25.1,25.1,1,2023-04-13,0,,,48,,
2023-05-10,27.19,27.32,26.43,26.83,10615712,23.8,24.68,0.91,61.81,24.92,24.82,28.13,28.13,0,,,24.92,25.1,1,2023-04-13,0,,,48,,
2023-05-11,26.96,27.37,26.83,27.19,9747878,23.88,24.68,0.89,64.38,25.17,24.98,28.13,28.13,0,,,25.17,25.17,1,2023-04-13,0,,,48,,
2023-05-12,27.19,27.41,26.92,27.01,8439645,23.95,24.68,0.86,62.13,25.08,25.16,28.13,28.13,0,,,25.08,25.17,1,2023-04-13,0,,,48,,
2023-05-15,27.14,27.95,26.96,27.68,18397103,24.03,25.08,0.87,66.79,25.64,25.38,28.13,28.13,0,,,25.64,25.64,1,2023-04-13,0,,,48,,
2023-05-16,27.95,28.58,27.68,27.77,20707602,24.11,26.2,0.87,67.37,26.07,25.62,28.58,28.13,0,,,26.07,26.07,1,2023-04-13,0,,,48,,
2023-05-17,27.86,28.31,27.55,27.95,13085718,24.19,26.2,0.86,68.55,26.19,25.81,28.58,28.58,0,,,26.19,26.19,1,2023-04-13,0,,,48,,
2023-05-18,28.17,28.26,27.68,27.91,10685632,24.26,26.34,0.84,67.96,26.22,26.01,28.58,28.58,0,,,26.22,26.22,1,2023-04-13,0,,,48,,
2023-05-19,27.95,28.04,27.23,27.91,10639436,24.34,26.38,0.84,67.96,26.24,26.17,28.58,28.58,0,,,26.24,26.24,1,2023-04-13,0,,,48,,
2023-05-22,28.04,28.35,27.91,28.04,12690515,24.42,26.38,0.81,68.97,26.34,26.34,28.58,28.58,0,,,26.34,26.34,1,2023-04-13,0,,,48,,
2023-05-23,28.32,28.74,28.04,28.13,10668707,24.5,26.38,0.8,69.68,26.4,26.49,28.74,28.58,0,,,26.4,26.4,1,2023-04-13,0,,,48,,
2023-05-24,28.13,28.13,27.24,27.43,9179739,24.58,26.43,0.81,58.47,25.96,26.63,28.74,28.74,0,,,25.96,26.4,1,2023-04-13,0,,,48,,
2023-05-25,27.39,27.57,26.92,27.01,8247226,24.65,26.43,0.8,52.96,25.7,26.73,28.74,28.74,0,,,25.7,26.4,1,2023-04-13,0,,,48,,
2023-05-26,27.06,27.43,26.92,27.34,7239302,24.72,26.43,0.78,56.43,25.93,26.85,28.74,28.74,0,,,25.93,26.4,1,2023-04-13,0,,,48,,
2023-05-29,27.67,27.67,27.2,27.24,8543455,24.79,26.43,0.75,55.11,25.88,26.93,28.74,28.74,0,,,25.88,26.4,1,2023-04-13,0,,,48,,
2023-05-30,27.24,27.67,27.1,27.57,5993474,24.86,26.43,0.74,58.57,26.1,26.99,28.74,28.74,0,,,26.1,26.4,1,2023-04-13,0,,,48,,
2023-05-31,27.53,28.51,27.34,28.37,15367876,24.93,26.83,0.77,65.51,26.73,27.09,28.74,28.74,0,,,26.73,26.73,1,2023-04-13,0,,,48,,
2023-06-01,28.46,29.53,28.37,29.3,27680636,25.0,26.92,0.8,71.49,27.34,27.22,29.53,28.74,1,29.3,27.34,27.34,27.34,1,2023-04-13,0,,,48,,
2023-06-02,29.44,30.33,29.21,29.49,37883095,25.08,26.92,0.82,72.54,27.45,27.36,30.33,29.53,0,,,27.45,27.45,1,2023-04-13,0,,,48,,
2023-06-05,29.68,29.68,28.51,28.65,15523942,25.15,26.92,0.85,61.74,26.89,27.48,30.33,30.33,0,,,26.89,27.45,1,2023-04-13,0,,,48,,
2023-06-06,28.6,28.65,28.09,28.41,8984906,25.21,26.92,0.83,59.03,26.75,27.53,30.33,30.33,0,,,26.75,27.45,1,2023-04-13,0,,,48,,
2023-06-07,28.46,29.07,28.46,28.69,10538248,25.28,26.92,0.82,61.17,26.93,27.59,30.33,30.33,0,,,26.93,27.45,1,2023-04-13,0,,,48,,
2023-06-08,28.79,29.11,28.27,28.37,10347501,25.35,26.92,0.82,57.48,26.73,27.66,30.33,30.33,0,,,26.73,27.45,1,2023-04-13,0,,,48,,
2023-06-09,28.04,28.04,26.31,26.5,58588050,25.4,26.31,0.91,41.66,25.26,27.65,30.33,30.33,0,,,25.26,27.45,1,2023-04-13,1,27.45,TRAILING_STOP,48,40,11.21
2023-06-12,26.64,26.78,26.26,26.68,15254293,25.46,26.26,0.88,43.28,25.38,27.64,30.33,30.33,0,,,25.38,,0,,0,,,,,
2023-06-13,26.78,26.87,26.54,26.64,9984986,25.51,26.26,0.84,42.99,25.38,27.63,30.33,30.33,0,,,25.38,,0,,0,,,,,
2023-06-14,26.64,26.82,26.45,26.64,10125067,25.55,26.26,0.81,42.99,25.4,27.64,30.33,30.33,0,,,25.4,,0,,0,,,,,
2023-06-15,26.68,26.73,25.84,26.03,13297743,25.59,25.84,0.81,38.5,24.86,27.61,30.33,30.33,0,,,24.86,,0,,0,,,,,
2023-06-16,26.03,26.22,25.94,25.98,10596207,25.62,25.84,0.77,38.15,24.85,27.57,30.33,30.33,0,,,24.85,,0,,0,,,,,
2023-06-19,26.08,26.45,25.89,26.08,15009633,25.65,25.84,0.76,39.34,24.93,27.53,30.33,30.33,0,,,24.93,,0,,0,,,,,
2023-06-20,26.08,26.26,25.75,26.08,14010647,25.68,25.75,0.74,39.34,24.91,27.5,30.33,30.33,0,,,24.91,,0,,0,,,,,
2023-06-21,26.26,26.5,26.08,26.31,12978175,25.72,25.75,0.72,42.31,25.07,27.48,30.33,30.33,0,,,25.07,,0,,0,,,,,
2023-06-22,26.31,26.45,25.84,25.89,8805824,25.76,25.75,0.71,38.6,24.81,27.44,30.33,30.33,0,,,24.81,,0,,0,,,,,
2023-06-23,25.94,25.98,25.24,25.38,12377551,25.79,25.24,0.71,34.62,24.31,27.38,30.33,30.33,0,,,24.31,,0,,0,,,,,
2023-06-26,25.24,25.52,25.05,25.33,10300063,25.82,25.05,0.69,34.25,24.22,27.3,30.33,30.33,0,,,24.22,,0,,0,,,,,
2023-06-27,25.47,25.75,25.42,25.66,7603284,25.84,25.05,0.68,38.92,24.45,27.23,30.33,30.33,0,,,24.45,,0,,0,,,,,
2023-06-28,25.8,26.92,25.56,26.59,20062054,25.85,25.05,0.72,49.75,25.02,27.19,30.33,30.33,0,,,25.02,,0,,0,,,,,
2023-06-30,26.68,27.2,26.36,27.01,32912257,25.86,25.05,0.73,53.74,25.28,27.16,30.33,30.33,0,,,25.28,,0,,0,,,,,
2023-07-03,27.24,28.41,27.2,27.99,62746713,25.89,25.05,0.78,61.44,25.88,27.16,29.68,30.33,0,,,25.88,,0,,0,,,,,
2023-07-04,28.27,28.74,27.48,28.55,72968823,25.91,25.05,0.81,65.02,26.22,27.18,29.11,29.68,0,,,26.22,,0,,0,,,,,
2023-07-05,28.69,29.39,28.18,28.88,68621373,25.94,25.05,0.84,66.97,26.42,27.2,29.39,29.11,0,,,26.42,,0,,0,,,,,
2023-07-06,28.97,30.38,28.88,30.19,83084438,25.98,25.05,0.89,73.31,27.23,27.3,30.38,29.39,1,30.19,27.23,27.23,27.23,1,2023-07-06,0,,,49,,
2023-07-07,29.96,30.61,29.3,29.91,58979153,26.02,25.05,0.92,70.21,27.03,27.39,30.61,30.38,0,,,27.03,27.23,1,2023-07-06,0,,,49,,
2023-07-10,30.1,30.66,29.25,29.49,49876156,26.06,25.05,0.95,65.71,26.73,27.46,30.66,30.61,0,,,26.73,27.23,1,2023-07-06,0,,,49,,
2023-07-11,29.63,29.91,29.07,29.63,26714838,26.09,25.05,0.95,66.48,26.83,27.54,30.66,30.66,0,,,26.83,27.23,1,2023-07-06,0,,,49,,
2023-07-12,29.72,30.47,29.68,29.91,49344836,26.13,25.05,0.94,68.03,27.02,27.62,30.66,30.66,0,,,27.02,27.23,1,2023-07-06,0,,,49,,
2023-07-13,30.14,30.52,28.18,28.46,51650670,26.15,25.05,1.04,54.1,26.01,27.62,30.66,30.66,0,,,26.01,27.23,1,2023-07-06,0,,,49,,
2023-07-14,28.65,29.25,27.9,29.11,36230518,26.18,25.05,1.06,58.23,26.42,27.62,30.66,30.66,0,,,26.42,27.23,1,2023-07-06,0,,,49,,
2023-07-17,29.11,30.1,28.74,29.91,37599630,26.21,25.05,1.08,62.68,26.92,27.63,30.66,30.66,0,,,26.92,27.23,1,2023-07-06,0,,,49,,
2023-07-18,30.14,30.19,29.02,29.44,30600654,26.22,25.42,1.09,58.72,26.74,27.66,30.66,30.66,0,,,26.74,27.23,1,2023-07-06,0,,,49,,
2023-07-19,29.82,31.31,29.77,31.12,164717041,26.26,25.56,1.14,66.79,27.83,27.75,31.31,30.66,1,31.12,27.83,27.83,27.83,1,2023-07-06,0,,,49,,
2023-07-20,31.22,31.68,30.42,30.61,71206812,26.29,26.36,1.15,62.78,27.76,27.81,31.68,31.31,0,,,27.76,27.83,1,2023-07-06,0,,,49,,
2023-07-21,30.61,32.2,30.47,32.01,83960146,26.3,27.2,1.19,68.39,28.92,27.93,32.2,31.68,1,32.01,28.92,28.92,28.92,1,2023-07-06,0,,,49,,
2023-07-24,32.25,32.62,31.31,31.5,46419834,26.31,27.48,1.2,64.57,28.68,28.1,32.62,32.2,0,,,28.68,28.92,1,2023-07-06,0,,,49,,
2023-07-25,31.73,31.82,31.12,31.26,18825097,26.31,27.9,1.17,62.79,28.69,28.25,32.62,32.62,0,,,28.69,28.92,1,2023-07-06,0,,,49,,
2023-07-26,31.45,32.15,31.08,31.78,39320006,26.33,27.9,1.16,65.04,29.03,28.42,32.62,32.62,0,,,29.03,29.03,1,2023-07-06,0,,,49,,
2023-07-27,32.01,32.2,31.54,31.87,18303864,26.34,27.9,1.12,65.43,29.11,28.6,32.62,32.62,0,,,29.11,29.11,1,2023-07-06,0,,,49,,
2023-07-28,31.96,32.01,31.36,31.59,17209632,26.36,27.9,1.09,63.08,28.95,28.78,32.62,32.62,0,,,28.95,29.11,1,2023-07-06,0,,,49,,
2023-07-31,31.73,31.82,31.31,31.45,13511625,26.39,27.9,1.05,61.88,28.89,28.97,32.62,32.62,0,,,28.89,29.11,1,2023-07-06,0,,,49,,
2023-08-01,31.54,32.57,31.4,31.78,37889596,26.43,27.9,1.06,63.63,29.09,29.16,32.62,32.62,0,,,29.09,29.11,1,2023-07-06,0,,,49,,
2023-08-02,31.78,32.95,30.56,31.17,56244806,26.48,27.9,1.15,58.3,28.64,29.33,32.95,32.62,0,,,28.64,29.11,1,2023-07-06,0,,,49,,
2023-08-03,31.31,32.11,31.08,31.64,32088778,26.52,27.9,1.14,61.01,28.95,29.5,32.95,32.95,0,,,28.95,29.11,1,2023-07-06,0,,,49,,
2023-08-04,31.87,32.25,31.5,31.64,19793627,26.54,28.74,1.12,61.01,29.24,29.7,32.95,32.95,0,,,29.24,29.24,1,2023-07-06,0,,,49,,
2023-08-07,31.92,32.2,31.5,31.64,14918389,26.57,29.02,1.09,61.01,29.36,29.9,32.95,32.95,0,,,29.36,29.36,1,2023-07-06,0,,,49,,
2023-08-08,31.78,34.11,31.5,33.88,119661538,26.62,29.77,1.19,71.89,30.98,30.19,34.11,32.95,1,33.88,30.98,30.98,30.98,1,2023-07-06,0,,,49,,
2023-08-09,34.02,35.19,33.88,34.86,91076608,26.67,30.42,1.2,75.16,31.82,30.5,35.19,34.11,0,,,31.82,31.82,1,2023-07-06,0,,,49,,
2023-08-10,34.96,34.96,33.74,34.21,40557963,26.72,30.47,1.2,69.4,31.42,30.75,35.19,35.19,0,,,31.42,31.82,1,2023-07-06,0,,,49,,
2023-08-11,34.4,36.26,34.4,35.19,85464693,26.76,30.56,1.26,72.79,32.04,31.02,36.26,35.19,0,,,32.04,32.04,1,2023-07-06,0,,,49,,
2023-08-14,35.38,36.64,33.83,36.31,90335069,26.81,30.56,1.38,76.05,32.69,31.3,36.64,36.26,1,36.31,32.69,32.69,32.69,1,2023-07-06,0,,,49,,
2023-08-16,36.12,36.78,35.56,35.89,50560206,26.87,30.56,1.36,72.54,32.43,31.54,36.78,36.64,0,,,32.43,32.69,1,2023-07-06,0,,,49,,
2023-08-17,35.94,36.64,35.56,36.12,41982876,26.92,30.56,1.34,73.26,32.59,31.79,36.78,36.78,0,,,32.59,32.69,1,2023-07-06,0,,,49,,
2023-08-18,35.94,36.97,35.61,35.94,46194520,26.98,30.56,1.34,71.66,32.47,31.98,36.97,36.78,0,,,32.47,32.69,1,2023-07-06,0,,,49,,
2023-08-21,36.12,36.5,35.61,35.75,25559962,27.04,30.56,1.31,69.93,32.37,32.17,36.97,36.97,0,,,32.37,32.69,1,2023-07-06,0,,,49,,
2023-08-22,35.8,36.26,35.52,35.66,18443963,27.09,30.56,1.27,69.07,32.34,32.38,36.97,36.97,0,,,32.34,32.69,1,2023-07-06,0,,,49,,
2023-08-23,35.8,37.48,35.7,37.06,70852716,27.15,30.56,1.31,74.33,33.22,32.63,37.48,36.97,1,37.06,33.22,33.22,33.22,1,2023-07-06,0,,,49,,
2023-08-24,37.25,37.76,36.73,36.87,39323484,27.21,31.08,1.29,72.53,33.28,32.86,37.76,37.48,0,,,33.28,33.28,1,2023-07-06,0,,,49,,
2023-08-25,36.83,37.01,35.75,36.59,27965086,27.26,31.5,1.29,69.84,33.24,33.13,37.76,37.76,0,,,33.24,33.28,1,2023-07-06,0,,,49,,
2023-08-28,36.68,37.76,36.08,36.83,29668676,27.31,31.5,1.32,70.84,33.38,33.39,37.76,37.76,0,,,33.38,33.38,1,2023-07-06,0,,,49,,
2023-08-29,36.92,37.11,36.36,36.54,17758767,27.36,31.5,1.28,67.92,33.22,33.61,37.76,37.76,0,,,33.22,33.38,1,2023-07-06,0,,,49,,
2023-08-30,36.83,37.01,36.22,36.4,15134173,27.42,33.74,1.24,66.49,33.9,33.84,37.76,37.76,0,,,33.9,33.9,1,2023-07-06,0,,,49,,
2023-08-31,36.59,36.92,36.03,36.17,15867994,27.47,33.74,1.22,64.11,33.77,34.01,37.76,37.76,0,,,33.77,33.9,1,2023-07-06,0,,,49,,
2023-09-01,36.17,36.31,35.28,35.84,30506396,27.53,33.83,1.2,60.75,33.59,34.18,37.76,37.76,0,,,33.59,33.9,1,2023-07-06,0,,,49,,
2023-09-04,36.12,39.11,35.98,38.93,90769377,27.61,33.83,1.35,74.32,35.49,34.41,39.11,37.76,1,38.93,35.49,35.49,35.49,1,2023-07-06,0,,,49,,
2023-09-05,39.11,39.91,38.13,38.97,56840184,27.69,35.28,1.38,74.45,35.97,34.66,39.91,39.11,0,,,35.97,35.97,1,2023-07-06,0,,,49,,
2023-09-06,39.16,39.26,37.9,38.41,25894563,27.78,35.28,1.38,69.42,35.61,34.9,39.91,39.91,0,,,35.61,35.97,1,2023-07-06,0,,,49,,
2023-09-07,38.51,39.82,38.41,39.54,38822802,27.87,35.28,1.38,73.33,36.34,35.16,39.91,39.91,0,,,36.34,36.34,1,2023-07-06,0,,,49,,
2023-09-08,39.72,40.0,39.11,39.3,32678301,27.95,35.28,1.35,71.25,36.21,35.41,40.0,39.91,0,,,36.21,36.34,1,2023-07-06,0,,,49,,
2023-09-11,39.63,41.78,39.54,41.4,67562208,28.06,35.28,1.43,77.32,37.51,35.73,41.78,40.0,1,41.4,37.51,37.51,37.51,1,2023-07-06,0,,,49,,
2023-09-12,41.78,41.83,37.95,38.41,63028944,28.14,35.28,1.6,58.41,35.47,35.96,41.83,41.78,0,,,35.47,37.51,1,2023-07-06,0,,,49,,
2023-09-13,38.32,40.47,37.48,40.19,62583974,28.24,35.28,1.7,64.05,36.55,36.24,41.83,41.83,0,,,36.55,37.51,1,2023-07-06,1,37.51,TRAILING_STOP,49,49,24.25
2023-09-14,40.47,41.36,39.82,41.08,58223238,28.34,35.28,1.69,66.49,37.13,36.58,41.83,41.83,0,,,37.13,,0,,0,,,,,
2023-09-15,41.12,43.18,40.89,42.15,107660126,28.45,35.28,1.73,69.2,37.79,36.93,43.18,41.83,1,42.15,37.79,37.79,37.79,1,2023-09-15,0,,,50,,
2023-09-18,42.2,48.04,41.69,45.0,298242980,28.59,35.28,2.06,75.01,39.41,37.37,48.04,43.18,0,,,39.41,39.41,1,2023-09-15,0,,,50,,
2023-09-20,44.21,45.98,42.67,43.27,107106927,28.71,35.28,2.15,66.78,38.23,37.76,48.04,48.04,0,,,38.23,39.41,1,2023-09-15,0,,,50,,
2023-09-21,43.46,45.14,41.4,41.92,99742614,28.82,35.28,2.27,61.15,37.29,38.03,48.04,48.04,0,,,37.29,39.41,1,2023-09-15,0,,,50,,
2023-09-22,42.2,44.16,42.11,43.83,91254431,28.95,35.28,2.26,65.57,38.52,38.33,48.04,48.04,0,,,38.52,39.41,1,2023-09-15,0,,,50,,
2023-09-25,44.12,44.4,42.62,43.13,54646943,29.08,35.98,2.23,62.75,38.33,38.62,48.04,48.04,0,,,38.33,39.41,1,2023-09-15,0,,,50,,
2023-09-26,43.13,44.54,42.95,43.51,47195141,29.2,37.48,2.18,63.66,39.1,38.9,48.04,48.04,0,,,39.1,39.41,1,2023-09-15,0,,,50,,
2023-09-27,43.65,44.49,43.09,44.3,41319578,29.34,37.48,2.13,65.56,39.65,39.17,48.04,48.04,0,,,39.65,39.65,1,2023-09-15,0,,,50,,
2023-09-28,44.3,46.17,43.55,43.93,87472923,29.47,37.48,2.16,63.88,39.39,39.43,48.04,48.04,0,,,39.39,39.65,1,2023-09-15,0,,,50,,
2023-09-29,44.3,45.0,43.98,44.54,35950756,29.61,37.48,2.08,65.45,39.83,39.72,48.04,48.04,0,,,39.83,39.83,1,2023-09-15,0,,,50,,
2023-10-03,44.54,46.59,44.16,46.27,61782878,29.76,37.48,2.11,69.5,40.93,40.06,48.04,48.04,0,,,40.93,40.93,1,2023-09-15,0,,,50,,
2023-10-04,46.55,48.51,44.91,45.66,151559655,29.91,37.48,2.22,66.54,40.47,40.39,48.51,48.04,0,,,40.47,40.93,1,2023-09-15,0,,,50,,
2023-10-05,46.17,46.45,44.54,45.61,49674472,30.06,37.48,2.19,66.29,40.45,40.72,48.51,48.51,0,,,40.45,40.93,1,2023-09-15,0,,,50,,
2023-10-06,45.75,46.08,44.82,45.38,35996505,30.22,39.82,2.13,65.08,41.13,41.0,48.51,48.51,0,,,41.13,41.13,1,2023-09-15,0,,,50,,
2023-10-09,44.4,44.4,42.06,42.34,47950239,30.35,40.89,2.21,51.68,39.46,41.18,48.51,48.51,0,,,39.46,41.13,1,2023-09-15,0,,,50,,
2023-10-10,42.99,44.26,42.81,44.07,34714888,30.49,41.4,2.19,57.09,40.76,41.43,48.51,48.51,0,,,40.76,41.13,1,2023-09-15,0,,,50,,
2023-10-11,44.26,44.49,43.27,43.51,27428187,30.62,41.4,2.12,54.94,40.45,41.65,48.51,48.51,0,,,40.45,41.13,1,2023-09-15,0,,,50,,
2023-10-12,43.55,44.16,42.99,43.13,23768457,30.75,41.4,2.05,53.48,40.25,41.87,48.51,48.51,0,,,40.25,41.13,1,2023-09-15,0,,,50,,
2023-10-13,43.09,44.35,42.9,43.74,36153119,30.88,42.06,2.01,55.53,40.89,42.12,48.51,48.51,0,,,40.89,41.13,1,2023-09-15,0,,,50,,
2023-10-16,44.02,44.86,43.51,44.35,49413511,31.01,42.06,1.96,57.55,41.32,42.39,48.51,48.51,0,,,41.32,41.32,1,2023-09-15,0,,,50,,
2023-10-17,45.33,46.36,44.02,44.44,55081783,31.14,42.06,1.99,57.86,41.36,42.68,48.51,48.51,0,,,41.36,41.36,1,2023-09-15,0,,,50,,
2023-10-18,44.68,44.68,43.13,43.51,28142091,31.27,42.06,1.96,53.58,40.78,42.83,48.51,48.51,0,,,40.78,41.36,1,2023-09-15,0,,,50,,
2023-10-19,43.65,43.65,42.67,42.76,31130644,31.4,42.06,1.89,50.35,40.34,42.96,48.51,48.51,0,,,40.34,41.36,1,2023-09-15,0,,,50,,
2023-10-20,42.76,43.27,40.7,40.94,37262385,31.52,40.7,1.94,43.5,38.68,43.04,48.51,48.51,0,,,38.68,41.36,1,2023-09-15,1,41.36,TRAILING_STOP,50,24,-1.88
2023-10-23,41.03,41.31,37.48,37.71,51523729,31.62,37.48,2.07,34.52,35.43,42.98,48.51,48.51,0,,,35.43,,0,,0,,,,,
2023-10-25,38.04,39.63,36.92,38.79,69044943,31.73,36.92,2.12,39.05,35.91,42.96,48.51,48.51,0,,,35.91,,0,,0,,,,,
2023-10-26,38.6,38.93,36.12,38.6,68077537,31.84,36.12,2.17,38.55,35.49,42.87,48.51,48.51,0,,,35.49,,0,,0,,,,,
2023-10-27,38.93,40.75,38.55,39.63,57653831,31.95,36.12,2.17,42.86,36.15,42.91,48.51,48.51,0,,,36.15,,0,,0,,,,,
2023-10-30,39.63,39.72,38.51,38.97,24508802,32.06,36.12,2.1,40.88,35.77,42.87,48.51,48.51,0,,,35.77,,0,,0,,,,,
2023-10-31,39.16,39.96,38.83,39.02,22298756,32.17,36.12,2.03,41.1,35.85,42.8,48.51,48.51,0,,,35.85,,0,,0,,,,,
2023-11-01,39.16,39.44,38.55,38.65,19348170,32.28,36.12,1.95,39.91,35.67,42.68,48.51,48.51,0,,,35.67,,0,,0,,,,,
2023-11-02,39.21,40.1,39.16,39.91,29293525,32.4,36.12,1.91,45.7,36.51,42.51,46.45,48.51,0,,,36.51,,0,,0,,,,,
2023-11-03,40.19,40.47,39.68,39.91,18307093,32.52,36.12,1.83,45.7,36.56,42.4,46.36,46.45,0,,,36.56,,0,,0,,,,,
2023-11-06,40.47,40.89,39.96,40.42,17443349,32.65,36.12,1.77,48.05,36.93,42.35,46.36,46.36,0,,,36.93,,0,,0,,,,,
2023-11-07,40.38,41.12,40.0,40.98,19403174,32.79,36.12,1.73,50.58,37.32,42.26,46.36,46.36,0,,,37.32,,0,,0,,,,,
2023-11-08,41.12,41.5,40.75,41.03,16437254,32.91,36.12,1.66,50.81,37.4,42.19,46.36,46.36,0,,,37.4,,0,,0,,,,,
2023-11-09,41.22,41.22,40.38,40.52,13158896,33.03,36.12,1.6,48.33,37.11,42.09,46.36,46.36,0,,,37.11,,0,,0,,,,,
2023-11-10,40.47,40.52,39.96,40.33,9751541,33.15,36.12,1.52,47.41,37.04,41.96,46.36,46.36,0,,,37.04,,0,,0,,,,,
2023-11-13,40.38,43.18,40.1,43.09,56153291,33.28,36.12,1.64,59.53,38.74,41.93,46.36,46.36,0,,,38.74,,0,,0,,,,,
2023-11-15,43.55,43.79,42.9,43.37,32538914,33.42,36.12,1.58,60.53,38.96,41.89,46.36,46.36,0,,,38.96,,0,,0,,,,,
2023-11-16,43.46,43.46,42.81,42.95,17494681,33.55,36.12,1.52,58.22,38.73,41.78,44.68,46.36,0,,,38.73,,0,,0,,,,,
2023-11-17,42.06,42.39,41.31,41.78,21895955,33.67,38.51,1.52,52.23,38.77,41.65,43.79,44.68,0,,,38.77,,0,,0,,,,,
2023-11-20,42.01,42.39,41.64,41.92,13807503,33.79,38.51,1.47,52.86,38.9,41.52,43.79,43.79,0,,,38.9,,0,,0,,,,,
2023-11-21,41.97,42.2,41.55,41.69,10006188,33.9,38.55,1.41,51.66,38.8,41.4,43.79,43.79,0,,,38.8,,0,,0,,,,,
2023-11-22,41.69,41.73,40.7,40.89,11041989,34.0,38.55,1.38,47.63,38.3,41.35,43.79,43.79,0,,,38.3,,0,,0,,,,,
2023-11-23,40.89,41.17,40.52,40.7,9015979,34.1,39.16,1.33,46.7,38.42,41.24,43.79,43.79,0,,,38.42,,0,,0,,,,,
2023-11-24,40.7,40.98,40.28,40.38,7310096,34.2,39.68,1.29,45.1,38.41,41.14,43.79,43.79,0,,,38.41,,0,,0,,,,,
2023-11-28,40.47,41.64,40.05,41.26,17633086,34.31,39.96,1.31,50.16,39.06,41.07,43.79,43.79,0,,,39.06,,0,,0,,,,,
2023-11-29,41.59,41.73,41.17,41.4,9981258,34.42,39.96,1.25,50.93,39.19,41.0,43.79,43.79,0,,,39.19,,0,,0,,,,,
2023-11-30,41.4,41.64,40.84,41.12,8930318,34.51,39.96,1.22,49.28,39.03,40.89,43.79,43.79,0,,,39.03,,0,,0,,,,,
2023-12-01,41.22,42.43,41.08,41.45,25362443,34.61,39.96,1.23,51.29,39.23,40.79,43.79,43.79,0,,,39.23,,0,,0,,,,,
2023-12-04,42.67,43.32,42.25,42.85,38926956,34.72,39.96,1.28,58.73,40.11,40.77,43.79,43.79,0,,,40.11,,0,,0,,,,,
2023-12-05,42.85,44.02,42.71,42.95,37425264,34.83,40.05,1.28,59.21,40.2,40.77,44.02,43.79,0,,,40.2,,0,,0,,,,,
2023-12-06,43.23,43.37,42.29,42.81,27938246,34.93,40.05,1.26,58.19,40.12,40.84,44.02,44.02,0,,,40.12,,0,,0,,,,,
2023-12-07,42.9,43.51,42.34,42.99,21596403,35.04,40.05,1.26,59.17,40.24,41.01,44.02,44.02,0,,,40.24,,0,,0,,,,,
2023-12-08,43.18,43.74,42.62,43.18,28147361,35.15,40.05,1.25,60.22,40.37,41.16,44.02,44.02,0,,,40.37,,0,,0,,,,,
2023-12-11,43.41,44.86,43.37,43.93,53924113,35.27,40.05,1.28,64.15,40.83,41.34,44.86,44.02,0,,,40.83,,0,,0,,,,,
2023-12-12,44.3,44.72,43.41,43.74,23926505,35.38,40.05,1.28,62.47,40.71,41.47,44.86,44.86,0,,,40.71,,0,,0,,,,,
2023-12-13,43.83,43.93,43.27,43.6,14794973,35.49,40.05,1.24,61.19,40.65,41.63,44.86,44.86,0,,,40.65,,0,,0,,,,,
2023-12-14,43.88,44.35,43.51,43.69,19100426,35.6,40.05,1.21,61.73,40.72,41.78,44.86,44.86,0,,,40.72,,0,,0,,,,,
2023-12-15,43.93,44.82,43.51,44.26,31794121,35.71,40.05,1.22,65.05,41.09,41.97,44.86,44.86,0,,,41.09,,0,,0,,,,,
2023-12-18,44.49,45.14,43.51,44.54,42950298,35.83,40.05,1.25,66.59,41.25,42.12,45.14,44.86,0,,,41.25,,0,,0,,,,,
2023-12-19,44.82,45.61,43.69,44.68,51281117,35.95,40.84,1.29,67.36,41.57,42.28,45.61,45.14,0,,,41.57,,0,,0,,,,,
2023-12-20,45.05,45.24,41.26,41.64,45150018,36.04,40.84,1.49,43.74,39.48,42.32,45.61,45.61,0,,,39.48,,0,,0,,,,,
2023-12-21,41.45,42.9,40.24,42.67,30115666,36.14,40.24,1.57,50.12,39.89,42.38,45.61,45.61,0,,,39.89,,0,,0,,,,,
2023-12-22,42.9,43.18,42.11,42.62,15719910,36.24,40.24,1.53,49.83,39.88,42.43,45.61,45.61,0,,,39.88,,0,,0,,,,,
2023-12-26,42.81,43.04,42.15,42.29,10718493,36.33,40.24,1.49,47.82,39.7,42.49,45.61,45.61,0,,,39.7,,0,,0,,,,,
2023-12-27,42.53,43.13,42.29,42.53,15326571,36.43,40.24,1.44,49.42,39.88,42.57,45.61,45.61,0,,,39.88,,0,,0,,,,,
2023-12-28,42.81,43.37,42.25,42.39,29959053,36.53,40.24,1.42,48.49,39.81,42.54,45.61,45.61,0,,,39.81,,0,,0,,,,,
2023-12-29,42.53,42.62,41.83,42.2,20514491,36.62,40.24,1.37,47.19,39.72,42.5,45.61,45.61,0,,,39.72,,0,,0,,,,,
2024-01-01,42.29,42.95,42.15,42.67,12901280,36.72,40.24,1.33,50.71,40.05,42.49,45.61,45.61,0,,,40.05,,0,,0,,,,,
2024-01-02,42.53,43.18,42.15,42.48,17628818,36.82,40.24,1.31,49.28,39.94,42.52,45.61,45.61,0,,,39.94,,0,,0,,,,,
2024-01-03,42.99,44.49,42.62,44.21,63018012,36.94,40.24,1.36,60.25,41.02,42.59,45.61,45.61,0,,,41.02,,0,,0,,,,,
2024-01-04,44.44,44.63,43.88,44.12,27700055,37.05,40.24,1.32,59.53,40.99,42.67,45.61,45.61,0,,,40.99,,0,,0,,,,,
2024-01-05,44.21,44.49,43.27,43.65,18698418,37.16,40.24,1.31,55.77,40.69,42.77,45.61,45.61,0,,,40.69,,0,,0,,,,,
2024-01-08,43.83,43.83,42.81,42.95,21006685,37.25,40.24,1.29,50.65,40.26,42.84,45.61,45.61,0,,,40.26,,0,,0,,,,,
2024-01-09,43.18,43.46,42.57,42.9,12906381,37.34,40.24,1.26,50.29,40.24,42.93,45.61,45.61,0,,,40.24,,0,,0,,,,,
2024-01-10,42.9,42.95,42.25,42.29,15500064,37.43,40.24,1.22,46.04,39.88,42.96,45.61,45.61,0,,,39.88,,0,,0,,,,,
2024-01-11,42.53,43.27,42.53,42.95,16580260,37.52,40.24,1.2,50.88,40.31,43.01,45.61,45.61,0,,,40.31,,0,,0,,,,,
2024-01-12,43.18,45.47,43.09,45.14,77464168,37.64,41.83,1.3,62.79,42.19,43.15,45.61,45.61,0,,,42.19,,0,,0,,,,,
2024-01-15,45.75,47.43,45.66,47.11,93995725,37.76,41.83,1.37,69.87,43.42,43.33,47.43,45.61,1,47.11,43.42,43.42,43.42,1,2024-01-15,0,,,51,,
2024-01-16,47.43,48.84,45.89,46.73,120450425,37.88,41.83,1.48,67.21,43.1,43.46,48.84,47.43,0,,,43.1,43.42,1,2024-01-15,0,,,51,,
2024-01-17,46.55,48.23,45.52,46.59,72215253,38.02,41.83,1.57,66.21,42.95,43.58,48.84,48.84,0,,,42.95,43.42,1,2024-01-15,0,,,51,,
2024-01-18,46.73,49.21,44.77,48.55,99201799,38.16,41.83,1.77,72.4,44.08,43.78,49.21,48.84,0,,,44.08,44.08,1,2024-01-15,0,,,51,,
2024-01-19,48.98,49.35,47.76,48.27,52245277,38.31,42.15,1.76,70.42,44.01,43.95,49.35,49.21,0,,,44.01,44.08,1,2024-01-15,0,,,51,,
2024-01-23,50.38,51.31,47.29,47.76,76748898,38.45,42.15,1.92,66.83,43.57,44.1,51.31,49.35,0,,,43.57,44.08,1,2024-01-15,0,,,51,,
2024-01-24,47.99,50.47,46.87,50.24,59229750,38.61,42.25,2.04,73.82,45.13,44.32,51.31,51.31,0,,,45.13,45.13,1,2024-01-15,0,,,51,,
2024-01-25,50.38,50.75,49.3,49.91,35529804,38.77,42.25,2.0,71.65,44.94,44.52,51.31,51.31,0,,,44.94,45.13,1,2024-01-15,0,,,51,,
2024-01-29,50.38,51.87,49.96,50.47,49517058,38.93,42.25,2.0,73.09,45.31,44.75,51.87,51.31,0,,,45.31,45.31,1,2024-01-15,0,,,51,,
2024-01-30,50.94,51.64,50.0,50.24,44141860,39.09,42.25,1.97,71.49,45.17,44.97,51.87,51.87,0,,,45.17,45.31,1,2024-01-15,0,,,51,,
2024-01-31,50.42,52.43,50.0,51.64,70701160,39.26,42.25,2.0,75.08,46.05,45.21,52.43,51.87,0,,,46.05,46.05,1,2024-01-15,0,,,51,,
2024-02-01,52.15,53.42,50.66,52.76,74425518,39.44,42.25,2.06,77.52,46.74,45.49,53.42,52.43,1,52.76,46.74,46.74,46.74,1,2024-01-15,0,,,51,,
2024-02-02,53.46,55.05,52.81,53.65,88992567,39.63,42.53,2.07,79.26,47.4,45.79,55.05,53.42,0,,,47.4,47.4,1,2024-01-15,0,,,51,,
2024-02-05,54.02,59.63,53.65,56.13,184678185,39.83,43.09,2.35,83.16,49.0,46.27,59.63,55.05,0,,,49.0,49.0,1,2024-01-15,0,,,51,,
2024-02-06,56.92,60.19,56.08,57.71,90067124,40.05,44.77,2.48,85.09,50.49,46.77,60.19,59.63,0,,,50.49,50.49,1,2024-01-15,0,,,51,,
2024-02-07,58.28,64.35,58.28,62.53,160093709,40.29,44.77,2.78,89.16,53.4,47.44,64.35,60.19,1,62.53,53.4,53.4,53.4,1,2024-01-15,0,,,51,,
2024-02-08,64.3,64.91,59.3,59.72,106838935,40.5,44.77,2.98,76.11,51.46,48.02,64.91,64.35,0,,,51.46,53.4,1,2024-01-15,0,,,51,,
2024-02-09,59.91,61.17,54.82,57.53,74121067,40.7,44.77,3.22,67.78,49.88,48.52,64.91,64.91,0,,,49.88,53.4,1,2024-01-15,0,,,51,,
2024-02-12,57.95,57.99,50.52,51.69,60044712,40.85,46.87,3.52,51.57,46.61,48.83,64.91,64.91,0,,,46.61,53.4,1,2024-01-15,1,53.4,TRAILING_STOP,51,19,13.36
2024-02-13,52.2,54.68,50.75,54.21,68414310,41.02,46.87,3.55,56.41,48.22,49.23,64.91,64.91,0,,,48.22,,0,,0,,,,,
2024-02-14,52.43,56.36,52.11,56.03,53944927,41.2,46.87,3.6,59.56,49.36,49.67,64.91,64.91,0,,,49.36,,0,,0,,,,,
2024-02-15,56.45,58.7,55.38,58.18,73680678,41.38,49.3,3.58,62.96,51.57,50.2,64.91,64.91,0,,,51.57,,0,,0,,,,,
2024-02-16,58.74,59.35,57.39,57.9,49309068,41.57,49.96,3.47,62.23,51.69,50.65,64.91,64.91,0,,,51.69,,0,,0,,,,,
2024-02-19,57.9,59.49,57.29,57.9,43219511,41.76,50.0,3.38,62.23,51.76,51.11,64.91,64.91,0,,,51.76,,0,,0,,,,,
2024-02-20,58.04,58.56,56.83,57.01,26004361,41.94,50.0,3.26,59.66,51.27,51.56,64.91,64.91,0,,,51.27,,0,,0,,,,,
2024-02-21,57.34,58.56,56.13,56.45,35859264,42.13,50.52,3.2,58.04,51.12,52.01,64.91,64.91,0,,,51.12,,0,,0,,,,,
2024-02-22,56.78,57.95,54.82,57.62,33596310,42.32,50.52,3.19,60.46,51.88,52.5,64.91,64.91,0,,,51.88,,0,,0,,,,,
2024-02-23,57.76,58.6,56.73,57.06,26524064,42.5,50.52,3.1,58.72,51.58,52.99,64.91,64.91,0,,,51.58,,0,,0,,,,,
2024-02-26,57.39,57.71,56.36,56.64,22106710,42.68,50.52,2.97,57.38,51.39,53.45,64.91,64.91,0,,,51.39,,0,,0,,,,,
2024-02-27,56.83,57.2,55.33,55.99,19763129,42.85,50.52,2.9,55.28,51.02,53.81,64.91,64.91,0,,,51.02,,0,,0,,,,,
2024-02-28,56.17,56.55,53.51,54.16,26311473,43.0,50.52,2.91,49.77,49.84,54.04,64.91,64.91,0,,,49.84,,0,,0,,,,,
2024-02-29,54.21,56.13,53.37,55.8,30021517,43.16,50.52,2.9,54.18,50.9,54.34,64.91,64.91,0,,,50.9,,0,,0,,,,,
2024-03-01,56.08,57.01,55.89,56.78,19846246,43.33,50.52,2.78,56.63,51.61,54.68,64.91,64.91,0,,,51.61,,0,,0,,,,,
2024-03-04,56.5,57.48,55.8,57.11,18485301,43.5,50.75,2.7,57.46,51.95,54.97,64.91,64.91,0,,,51.95,,0,,0,,,,,
2024-03-05,57.15,59.82,56.69,59.44,74236585,43.69,52.11,2.73,62.83,53.89,55.34,64.91,64.91,0,,,53.89,,0,,0,,,,,
2024-03-06,59.63,60.24,57.25,58.04,52953313,43.86,53.37,2.75,58.08,53.39,55.68,64.91,64.91,0,,,53.39,,0,,0,,,,,
2024-03-07,58.46,59.16,57.57,57.85,24358835,44.04,53.37,2.66,57.45,53.33,55.94,61.17,64.91,0,,,53.33,,0,,0,,,,,
2024-03-11,58.18,59.3,57.06,57.39,37239295,44.21,53.37,2.63,55.86,53.05,56.19,60.24,61.17,0,,,53.05,,0,,0,,,,,
2024-03-12,57.67,57.81,54.44,54.86,33239156,44.37,53.37,2.69,47.98,51.38,56.33,60.24,60.24,0,,,51.38,,0,,0,,,,,
2024-03-13,54.86,55.61,50.1,50.66,46147338,44.5,50.1,2.89,38.32,47.45,56.35,60.24,60.24,0,,,47.45,,0,,0,,,,,
2024-03-14,50.42,55.1,49.35,54.49,46198087,44.65,49.35,3.09,48.5,49.53,56.44,60.24,60.24,0,,,49.53,,0,,0,,,,,
2024-03-15,54.21,56.08,51.92,55.52,76688108,44.81,49.35,3.17,50.85,50.15,56.54,60.24,60.24,0,,,50.15,,0,,0,,,,,
2024-03-18,56.45,56.45,54.68,54.96,19451244,44.96,49.35,3.07,49.53,49.85,56.58,60.24,60.24,0,,,49.85,,0,,0,,,,,
2024-03-19,55.0,55.7,54.26,54.82,19937175,45.1,49.35,2.95,49.19,49.84,56.54,60.24,60.24,0,,,49.84,,0,,0,,,,,
2024-03-20,55.05,55.52,53.93,54.77,16982846,45.23,49.35,2.86,49.05,49.87,56.44,60.24,60.24,0,,,49.87,,0,,0,,,,,
2024-03-21,55.33,56.41,54.77,55.05,18912454,45.37,49.35,2.77,49.86,50.11,56.19,60.24,60.24,0,,,50.11,,0,,0,,,,,
2024-03-22,55.14,56.69,54.68,55.94,15830308,45.51,49.35,2.71,52.44,50.72,56.06,60.24,60.24,0,,,50.72,,0,,0,,,,,
2024-03-26,55.94,56.36,54.72,55.1,16178019,45.64,49.35,2.64,49.83,50.23,55.98,60.24,60.24,0,,,50.23,,0,,0,,,,,
2024-03-27,55.38,55.99,54.91,55.28,17637114,45.77,49.35,2.53,50.4,50.42,56.1,60.24,60.24,0,,,50.42,,0,,0,,,,,
2024-03-28,55.42,58.98,55.42,58.28,57957734,45.91,49.35,2.61,58.79,52.3,56.24,60.24,60.24,0,,,52.3,,0,,0,,,,,
2024-04-01,58.84,61.17,58.74,60.89,49554730,46.08,49.35,2.63,64.42,53.97,56.4,61.17,60.24,1,60.89,53.97,53.97,53.97,1,2024-04-01,0,,,52,,
2024-04-02,61.22,62.2,60.57,60.99,33985088,46.25,49.35,2.56,64.62,54.08,56.49,62.2,61.17,0,,,54.08,54.08,1,2024-04-01,0,,,52,,
2024-04-03,60.8,62.9,60.42,62.53,42888922,46.43,49.35,2.55,67.63,55.08,56.65,62.9,62.2,1,62.53,55.08,55.08,55.08,1,2024-04-01,0,,,52,,
2024-04-04,63.09,63.23,60.8,61.5,31527767,46.59,49.35,2.54,63.72,54.42,56.77,63.23,62.9,0,,,54.42,55.08,1,2024-04-01,0,,,52,,
2024-04-05,61.13,62.43,60.71,61.41,29134927,46.75,49.35,2.49,63.38,54.4,56.91,63.23,63.23,0,,,54.4,55.08,1,2024-04-01,0,,,52,,
2024-04-08,61.73,61.92,59.86,60.28,17933415,46.91,51.92,2.45,59.06,54.55,57.04,63.23,63.23,0,,,54.55,55.08,1,2024-04-01,0,,,52,,
2024-04-09,60.57,61.27,59.58,60.24,18561895,47.07,53.93,2.4,58.91,55.23,57.13,63.23,63.23,0,,,55.23,55.23,1,2024-04-01,0,,,52,,
2024-04-10,60.42,60.94,59.58,60.57,17051635,47.23,53.93,2.33,59.83,55.49,57.24,63.23,63.23,0,,,55.49,55.49,1,2024-04-01,0,,,52,,
2024-04-12,60.1,61.08,59.21,59.44,18890222,47.38,53.93,2.29,55.25,54.79,57.34,63.23,63.23,0,,,54.79,55.49,1,2024-04-01,0,,,52,,
2024-04-15,57.39,58.56,55.47,57.62,30239121,47.52,54.68,2.41,48.77,53.78,57.39,63.23,63.23,0,,,53.78,55.49,1,2024-04-01,1,55.49,TRAILING_STOP,52,10,-8.86
2024-04-16,57.01,58.79,56.69,58.18,16604658,47.67,54.68,2.39,50.69,54.16,57.53,63.23,63.23,0,,,54.16,,0,,0,,,,,
2024-04-18,58.51,59.3,57.01,57.34,15570012,47.8,54.72,2.38,47.8,53.64,57.58,63.23,63.23,0,,,53.64,,0,,0,,,,,
2024-04-19,55.94,58.09,55.33,57.57,19340620,47.92,54.91,2.41,48.66,53.83,57.6,63.23,63.23,0,,,53.83,,0,,0,,,,,
2024-04-22,57.95,60.47,57.95,60.19,25835876,48.07,55.33,2.45,57.32,55.64,57.71,63.23,63.23,0,,,55.64,,0,,0,,,,,
2024-04-23,60.28,60.61,59.58,60.28,17940319,48.2,55.33,2.34,57.58,55.76,57.73,63.23,63.23,0,,,55.76,,0,,0,,,,,
2024-04-24,60.47,60.71,59.54,59.82,13061347,48.34,55.33,2.26,55.68,55.52,57.79,63.23,63.23,0,,,55.52,,0,,0,,,,,
2024-04-25,59.82,61.69,59.72,60.99,39432553,48.47,55.33,2.24,59.35,56.29,57.9,63.23,63.23,0,,,56.29,,0,,0,,,,,
2024-04-26,61.59,64.86,60.94,63.23,94289305,48.64,55.33,2.36,65.28,57.65,58.09,64.86,63.23,0,,,57.65,,0,,0,,,,,
2024-04-29,64.3,66.78,62.67,66.41,100589434,48.81,55.33,2.48,71.62,59.62,58.48,66.78,64.86,1,66.41,59.62,59.62,59.62,1,2024-04-29,0,,,53,,
2024-04-30,66.73,67.81,65.24,65.52,57019886,48.97,55.33,2.49,67.88,59.04,58.97,67.81,66.78,0,,,59.04,59.62,1,2024-04-29,0,,,53,,
2024-05-02,65.99,65.99,64.58,65.24,30360298,49.13,55.33,2.41,66.71,58.91,59.33,67.81,67.81,0,,,58.91,59.62,1,2024-04-29,0,,,53,,
2024-05-03,65.61,65.75,63.46,63.93,29962784,49.25,55.33,2.4,61.34,58.07,59.61,67.81,67.81,0,,,58.07,59.62,1,2024-04-29,0,,,53,,
2024-05-06,64.3,64.54,61.5,62.43,28803348,49.38,55.33,2.45,55.81,57.08,59.86,67.81,67.81,0,,,57.08,59.62,1,2024-04-29,0,,,53,,
2024-05-07,62.48,63.09,60.33,60.8,24767774,49.51,55.33,2.47,50.48,56.01,60.06,67.81,67.81,0,,,56.01,59.62,1,2024-04-29,0,,,53,,
2024-05-08,60.66,62.29,60.14,61.64,21025273,49.63,55.33,2.45,52.98,56.57,60.29,67.81,67.81,0,,,56.57,59.62,1,2024-04-29,0,,,53,,
2024-05-09,61.69,62.2,59.02,59.4,19993258,49.74,55.33,2.5,46.29,55.09,60.43,67.81,67.81,0,,,55.09,59.62,1,2024-04-29,1,59.62,TRAILING_STOP,53,8,-10.22
2024-05-10,60.59,61.4,58.63,61.07,19918487,49.85,55.33,2.52,51.23,56.15,60.61,67.81,67.81,0,,,56.15,,0,,0,,,,,
2024-05-13,60.26,60.5,58.68,59.73,16086559,49.96,57.95,2.51,47.46,56.17,60.76,67.81,67.81,0,,,56.17,,0,,0,,,,,
2024-05-14,59.97,61.69,59.87,61.5,13144263,50.07,58.63,2.47,52.44,57.56,60.97,67.81,67.81,0,,,57.56,,0,,0,,,,,
2024-05-15,61.83,63.03,61.36,61.69,10752336,50.19,58.63,2.41,52.96,57.72,61.08,67.81,67.81,0,,,57.72,,0,,0,,,,,
2024-05-16,62.07,62.31,60.88,61.16,11674254,50.29,58.63,2.34,51.29,57.43,61.09,67.81,67.81,0,,,57.43,,0,,0,,,,,
2024-05-17,61.4,61.93,60.88,61.31,9216734,50.39,58.63,2.25,51.75,57.59,61.1,67.81,67.81,0,,,57.59,,0,,0,,,,,
2024-05-21,62.03,64.89,61.5,64.46,28959183,50.52,58.63,2.35,60.3,59.56,61.16,67.81,67.81,0,,,59.56,,0,,0,,,,,
2024-05-22,64.94,65.37,63.79,64.56,18246222,50.64,58.63,2.29,60.54,59.66,61.27,67.81,67.81,0,,,59.66,,0,,0,,,,,
2024-05-23,64.84,67.19,64.8,65.75,32717023,50.8,58.63,2.32,63.37,60.41,61.41,67.81,67.81,0,,,60.41,,0,,0,,,,,
2024-05-24,65.8,67.04,64.84,65.13,24776871,50.94,58.63,2.31,60.92,60.01,61.57,67.81,67.81,0,,,60.01,,0,,0,,,,,
2024-05-27,65.56,68.33,65.42,67.47,60774144,51.1,58.63,2.37,66.23,61.48,61.81,68.33,67.81,0,,,61.48,,0,,0,,,,,
2024-05-28,67.85,68.14,65.04,65.75,29763447,51.25,58.63,2.42,59.8,60.34,61.99,68.33,68.33,0,,,60.34,,0,,0,,,,,
2024-05-29,64.99,66.61,64.41,65.94,19588607,51.4,58.63,2.41,60.26,60.47,62.2,68.33,68.33,0,,,60.47,,0,,0,,,,,
2024-05-30,65.51,66.33,64.03,64.27,20158859,51.53,58.63,2.4,54.38,59.4,62.43,68.33,68.33,0,,,59.4,,0,,0,,,,,
2024-05-31,64.65,66.66,63.55,65.99,22041845,51.68,58.63,2.45,58.83,60.47,62.69,68.33,68.33,0,,,60.47,,0,,0,,,,,
2024-06-03,69.77,70.24,67.23,69.29,75921042,51.85,58.68,2.58,65.74,62.53,63.08,70.24,68.33,1,69.29,62.53,62.53,62.53,1,2024-06-03,0,,,54,,
2024-06-04,68.81,68.81,56.39,60.5,69644328,51.97,56.39,3.32,44.38,55.61,63.18,70.24,70.24,0,,,55.61,62.53,1,2024-06-03,1,62.53,TRAILING_STOP,54,2,-9.75
2024-06-05,61.4,61.69,56.91,60.83,45617914,52.1,56.39,3.42,45.1,55.75,63.2,70.24,70.24,0,,,55.75,,0,,0,,,,,
2024-06-06,61.5,64.22,61.36,63.03,27396953,52.27,56.39,3.42,49.78,57.17,63.29,70.24,70.24,0,,,57.17,,0,,0,,,,,
2024-06-07,63.27,63.84,62.5,63.7,18595619,52.43,56.39,3.27,51.14,57.7,63.42,70.24,70.24,0,,,57.7,,0,,0,,,,,
2024-06-10,63.98,64.46,63.08,63.25,19063668,52.6,56.39,3.14,50.16,57.5,63.5,70.24,70.24,0,,,57.5,,0,,0,,,,,
2024-06-11,63.65,64.32,62.6,63.45,15558375,52.76,56.39,3.03,50.61,57.7,63.51,70.24,70.24,0,,,57.7,,0,,0,,,,,
2024-06-12,63.84,65.35,63.47,64.29,22665238,52.93,56.39,2.95,52.57,58.29,63.44,70.24,70.24,0,,,58.29,,0,,0,,,,,
2024-06-13,64.89,65.08,63.44,63.73,12542601,53.09,56.39,2.86,51.12,58.0,63.38,70.24,70.24,0,,,58.0,,0,,0,,,,,
2024-06-14,63.84,64.22,63.22,63.39,12515577,53.25,56.39,2.73,50.21,57.87,63.31,70.24,70.24,0,,,57.87,,0,,0,,,,,
2024-06-18,63.75,63.75,62.64,62.72,13988696,53.41,56.39,2.61,48.38,57.51,63.27,70.24,70.24,0,,,57.51,,0,,0,,,,,
2024-06-19,62.84,64.46,61.4,62.55,23220507,53.56,56.39,2.64,47.9,57.38,63.28,70.24,70.24,0,,,57.38,,0,,0,,,,,
2024-06-20,62.97,64.41,62.78,63.34,24638106,53.71,56.39,2.59,50.35,57.93,63.36,70.24,70.24,0,,,57.93,,0,,0,,,,,
2024-06-21,63.36,63.65,61.83,62.28,17738446,53.85,56.39,2.53,47.15,57.28,63.38,70.24,70.24,0,,,57.28,,0,,0,,,,,
2024-06-24,62.12,63.27,61.64,63.09,17137251,54.0,56.39,2.47,49.78,57.84,63.51,70.24,70.24,0,,,57.84,,0,,0,,,,,
2024-06-25,63.25,63.36,61.83,62.1,10527277,54.14,56.39,2.4,46.72,57.25,63.54,70.24,70.24,0,,,57.25,,0,,0,,,,,
2024-06-26,62.22,62.89,61.59,61.8,14430493,54.29,56.91,2.32,45.8,57.28,63.61,70.24,70.24,0,,,57.28,,0,,0,,,,,
2024-06-27,61.74,62.41,60.99,62.2,11607142,54.41,60.99,2.26,47.29,58.94,63.63,70.24,70.24,0,,,58.94,,0,,0,,,,,
2024-06-28,62.11,63.46,61.65,61.94,14991521,54.54,60.99,2.23,46.4,58.8,63.64,70.24,70.24,0,,,58.8,,0,,0,,,,,
2024-07-01,62.03,62.39,61.36,61.47,11139582,54.66,60.99,2.14,44.76,58.55,63.65,70.24,70.24,0,,,58.55,,0,,0,,,,,
2024-07-02,61.47,61.79,60.46,60.79,8114496,54.79,60.46,2.08,42.42,57.97,63.64,68.81,70.24,0,,,57.97,,0,,0,,,,,
2024-07-03,61.16,61.39,60.93,61.01,6399450,54.92,60.46,1.98,43.45,58.19,63.52,65.35,68.81,0,,,58.19,,0,,0,,,,,
2024-07-04,61.25,61.38,60.69,60.76,11244425,55.04,60.46,1.88,42.52,58.09,63.39,65.35,65.35,0,,,58.09,,0,,0,,,,,
2024-07-05,60.75,61.36,60.59,60.95,10493789,55.18,60.46,1.81,43.51,58.26,63.23,65.35,65.35,0,,,58.26,,0,,0,,,,,
2024-07-08,60.98,61.16,60.26,60.4,8702792,55.31,60.26,1.74,41.29,57.88,63.08,65.35,65.35,0,,,57.88,,0,,0,,,,,
2024-07-09,60.42,63.89,60.26,61.91,35707519,55.45,60.26,1.88,48.98,58.77,62.89,65.35,65.35,0,,,58.77,,0,,0,,,,,
2024-07-10,62.12,62.48,60.26,60.91,13562473,55.58,60.26,1.9,44.79,58.11,62.73,65.35,65.35,0,,,58.11,,0,,0,,,,,
2024-07-11,61.07,61.55,60.35,60.63,10091064,55.71,60.26,1.85,43.67,57.96,62.55,65.08,65.35,0,,,57.96,,0,,0,,,,,
2024-07-12,60.85,63.05,60.71,62.2,21807937,55.85,60.26,1.89,51.08,58.95,62.48,64.46,65.08,0,,,58.95,,0,,0,,,,,
2024-07-15,62.84,66.61,61.93,65.7,116186128,56.01,60.26,2.09,62.83,61.07,62.47,66.61,64.46,1,65.7,61.07,61.07,61.07,1,2024-07-15,0,,,55,,
2024-07-16,66.23,67.66,64.42,64.69,49596296,56.16,60.26,2.17,58.47,60.36,62.32,67.66,66.61,0,,,60.36,61.07,1,2024-07-15,0,,,55,,
2024-07-18,64.97,66.8,63.75,64.21,45368604,56.3,60.26,2.23,56.46,60.01,62.44,67.66,67.66,0,,,60.01,61.07,1,2024-07-15,0,,,55,,
2024-07-19,64.13,64.69,62.6,62.74,21188633,56.43,60.26,2.22,50.72,59.07,62.51,67.66,67.66,0,,,59.07,61.07,1,2024-07-15,0,,,55,,
2024-07-22,62.74,63.86,62.1,63.62,15885190,56.57,60.26,2.19,53.75,59.66,62.53,67.66,67.66,0,,,59.66,61.07,1,2024-07-15,0,,,55,,
2024-07-23,64.08,64.26,60.14,62.3,18174540,56.7,60.14,2.33,48.89,58.68,62.48,67.66,67.66,0,,,58.68,61.07,1,2024-07-15,1,61.07,TRAILING_STOP,55,6,-7.05
2024-07-24,62.22,64.83,61.8,64.21,23373590,56.83,60.14,2.38,55.2,59.88,62.51,67.66,67.66,0,,,59.88,,0,,0,,,,,
2024-07-25,63.55,64.6,63.12,63.68,12331832,56.97,60.14,2.31,53.24,59.58,62.52,67.66,67.66,0,,,59.58,,0,,0,,,,,
2024-07-26,63.68,65.85,63.29,64.73,28877039,57.11,60.14,2.33,56.54,60.24,62.54,67.66,67.66,0,,,60.24,,0,,0,,,,,
2024-07-29,65.85,67.63,64.99,65.07,31136013,57.25,60.14,2.37,57.58,60.43,62.58,67.66,67.66,0,,,60.43,,0,,0,,,,,
2024-07-30,65.07,65.45,64.34,64.67,11918045,57.39,60.14,2.28,55.88,60.24,62.62,67.66,67.66,0,,,60.24,,0,,0,,,,,
2024-07-31,64.8,64.88,63.87,63.97,8905944,57.51,60.14,2.19,52.94,59.85,62.66,67.66,67.66,0,,,59.85,,0,,0,,,,,
2024-08-01,64.04,64.51,62.89,63.18,9827983,57.64,60.14,2.15,49.75,59.36,62.68,67.66,67.66,0,,,59.36,,0,,0,,,,,
2024-08-02,61.95,63.63,61.93,62.61,12005955,57.78,60.14,2.12,47.52,59.02,62.66,67.66,67.66,0,,,59.02,,0,,0,,,,,
2024-08-05,60.87,61.32,59.25,59.42,21119418,57.89,59.25,2.21,37.44,56.6,62.57,67.66,67.66,0,,,56.6,,0,,0,,,,,
2024-08-06,60.36,61.31,58.31,58.78,13352695,58.0,58.31,2.26,35.8,55.84,62.42,67.66,67.66,0,,,55.84,,0,,0,,,,,
2024-08-07,59.71,60.35,59.16,60.08,9205822,58.12,58.31,2.21,41.42,56.71,62.35,67.66,67.66,0,,,56.71,,0,,0,,,,,
2024-08-08,60.02,60.67,59.16,59.34,11428507,58.23,58.31,2.16,39.31,56.27,62.27,67.66,67.66,0,,,56.27,,0,,0,,,,,
2024-08-09,60.07,60.2,58.87,59.18,12044190,58.34,58.31,2.1,38.85,56.2,62.17,67.66,67.66,0,,,56.2,,0,,0,,,,,
2024-08-12,59.16,59.16,58.3,58.41,9697154,58.45,58.3,2.02,36.62,55.76,62.05,67.66,67.66,0,,,55.76,,0,,0,,,,,
2024-08-13,58.44,58.92,57.34,57.47,10213321,58.55,57.34,1.99,34.06,54.86,61.92,67.66,67.66,0,,,54.86,,0,,0,,,,,
2024-08-14,57.68,58.37,57.06,57.87,11214815,58.65,57.06,1.94,36.11,55.05,61.82,67.63,67.66,0,,,55.05,,0,,0,,,,,
2024-08-16,58.54,58.74,58.12,58.46,5820935,58.74,57.06,1.86,39.11,55.49,61.74,67.63,67.63,0,,,55.49,,0,,0,,,,,
2024-08-19,58.58,59.97,58.58,59.73,9214854,58.85,57.06,1.84,45.1,56.32,61.7,67.63,67.63,0,,,56.32,,0,,0,,,,,
2024-08-20,60.2,60.73,59.59,60.35,7442078,58.96,57.06,1.79,47.8,56.75,61.68,67.63,67.63,0,,,56.75,,0,,0,,,,,
2024-08-21,60.82,60.82,59.95,60.26,7849929,59.08,57.06,1.72,47.44,56.74,61.68,67.63,67.63,0,,,56.74,,0,,0,,,,,
2024-08-22,60.31,61.02,59.73,60.01,8328491,59.19,57.06,1.69,46.38,56.6,61.62,67.63,67.63,0,,,56.6,,0,,0,,,,,
2024-08-23,60.07,60.19,59.26,59.55,5132281,59.3,57.06,1.64,44.41,56.34,61.57,67.63,67.63,0,,,56.34,,0,,0,,,,,
2024-08-26,60.21,60.5,58.88,59.02,8353129,59.41,57.06,1.63,42.2,56.0,61.52,67.63,67.63,0,,,56.0,,0,,0,,,,,
2024-08-27,59.06,60.5,59.02,60.28,9103447,59.51,57.06,1.62,48.75,56.82,61.45,65.45,67.63,0,,,56.82,,0,,0,,,,,
2024-08-28,60.64,60.8,59.72,60.06,11397984,59.6,57.06,1.58,47.73,56.7,61.26,64.88,65.45,0,,,56.7,,0,,0,,,,,
2024-08-29,60.06,60.13,59.36,59.78,6267804,59.69,57.06,1.53,46.4,56.56,61.1,64.51,64.88,0,,,56.56,,0,,0,,,,,
2024-08-30,59.36,60.5,59.36,59.8,8064018,59.77,57.06,1.5,46.52,56.59,60.95,63.63,64.51,0,,,56.59,,0,,0,,,,,
2024-09-02,59.83,60.01,59.01,59.23,5266227,59.84,57.06,1.46,43.66,56.25,60.84,61.32,63.63,0,,,56.25,,0,,0,,,,,
2024-09-03,59.47,59.59,59.06,59.12,3624567,59.92,57.06,1.4,43.11,56.22,60.69,61.31,61.32,0,,,56.22,,0,,0,,,,,
2024-09-04,57.58,59.06,57.53,58.81,4948186,59.99,57.06,1.41,41.52,56.01,60.57,61.02,61.31,0,,,56.01,,0,,0,,,,,
2024-09-05,59.73,59.73,58.3,58.49,4611147,60.05,57.53,1.41,39.89,55.96,60.38,61.02,61.02,0,,,55.96,,0,,0,,,,,
2024-09-06,58.42,58.7,57.35,57.53,6635683,60.1,57.35,1.41,35.39,55.29,60.18,61.02,61.02,0,,,55.29,,0,,0,,,,,
2024-09-09,57.53,57.74,56.2,56.47,6481975,60.14,56.2,1.42,31.2,54.21,59.9,61.02,61.02,0,,,54.21,,0,,0,,,,,
2024-09-10,56.63,57.44,56.63,57.08,4550580,60.18,56.2,1.39,35.9,54.63,59.63,61.02,61.02,0,,,54.63,,0,,0,,,,,
2024-09-11,57.06,57.32,55.81,55.95,5891517,60.21,55.81,1.39,31.59,53.76,59.34,61.02,61.02,0,,,53.76,,0,,0,,,,,
2024-09-12,56.29,56.73,55.91,56.12,5070395,60.23,55.81,1.35,32.9,53.9,59.08,61.02,61.02,0,,,53.9,,0,,0,,,,,
2024-09-13,56.48,58.61,56.23,58.32,12354134,60.26,55.81,1.43,46.98,55.26,58.92,61.02,61.02,0,,,55.26,,0,,0,,,,,
2024-09-16,58.4,59.22,57.72,57.95,7444299,60.28,55.81,1.44,45.26,55.02,58.76,61.02,61.02,0,,,55.02,,0,,0,,,,,
2024-09-17,58.11,58.15,56.96,57.16,4541633,60.27,55.81,1.42,41.74,54.52,58.69,61.02,61.02,0,,,54.52,,0,,0,,,,,
2024-09-18,57.15,57.34,56.34,56.44,4895890,60.23,55.81,1.39,38.79,54.08,58.61,61.02,61.02,0,,,54.08,,0,,0,,,,,
2024-09-19,57.34,57.8,54.86,55.34,8483834,60.2,54.86,1.5,34.74,52.98,58.45,60.8,61.02,0,,,52.98,,0,,0,,,,,
2024-09-20,55.81,56.53,55.34,55.83,18559284,60.19,54.86,1.48,37.85,53.31,58.34,60.8,60.8,0,,,53.31,,0,,0,,,,,
2024-09-23,56.39,60.64,56.22,60.32,44636814,60.25,54.86,1.72,57.74,56.05,58.37,60.8,60.8,0,,,56.05,,0,,0,,,,,
2024-09-24,60.32,60.32,58.58,58.74,17147492,60.28,54.86,1.72,51.49,55.03,58.38,60.8,60.8,0,,,55.03,,0,,0,,,,,
2024-09-25,58.74,58.74,57.35,57.51,7284030,60.29,54.86,1.7,47.21,54.25,58.39,60.64,60.8,0,,,54.25,,0,,0,,,,,
2024-09-26,57.35,58.46,56.67,57.38,11983212,60.28,54.86,1.7,46.77,54.16,58.37,60.64,60.64,0,,,54.16,,0,,0,,,,,
2024-09-27,57.63,58.01,57.06,57.18,9288927,60.28,54.86,1.65,46.05,54.07,58.33,60.64,60.64,0,,,54.07,,0,,0,,,,,
2024-09-30,57.34,58.37,56.67,57.62,10841817,60.28,54.86,1.65,47.94,54.35,58.26,60.64,60.64,0,,,54.35,,0,,0,,,,,
2024-10-01,57.33,57.93,56.72,57.23,11955842,60.28,54.86,1.62,46.39,54.12,58.15,60.64,60.64,0,,,54.12,,0,,0,,,,,
2024-10-03,56.39,56.67,55.5,55.86,8713928,60.28,54.86,1.63,41.34,53.23,58.01,60.64,60.64,0,,,53.23,,0,,0,,,,,
2024-10-04,55.63,56.24,54.87,55.1,10744051,60.26,54.86,1.61,38.82,52.75,57.84,60.64,60.64,0,,,52.75,,0,,0,,,,,
2024-10-07,55.92,56.26,53.14,53.37,11622901,60.23,53.14,1.72,33.76,50.99,57.64,60.64,60.64,0,,,50.99,,0,,0,,,,,
2024-10-08,53.76,54.71,52.86,54.51,10974855,60.22,52.86,1.73,39.37,51.63,57.49,60.64,60.64,0,,,51.63,,0,,0,,,,,
2024-10-09,54.24,54.46,51.89,52.24,39971975,60.19,51.89,1.79,33.32,49.8,57.22,60.64,60.64,0,,,49.8,,0,,0,,,,,
2024-10-10,52.56,53.11,51.61,51.76,13569778,60.18,51.61,1.77,32.2,49.41,56.94,60.64,60.64,0,,,49.41,,0,,0,,,,,
2024-10-11,51.8,52.21,51.42,51.84,7882394,60.15,51.42,1.7,32.6,49.44,56.68,60.64,60.64,0,,,49.44,,0,,0,,,,,
2024-10-14,51.94,52.52,51.42,51.8,9822253,60.12,51.42,1.66,32.5,49.45,56.41,60.64,60.64,0,,,49.45,,0,,0,,,,,
2024-10-15,52.18,52.66,51.14,51.91,30428543,60.08,51.14,1.65,33.14,49.43,56.17,60.64,60.64,0,,,49.43,,0,,0,,,,,
2024-10-16,52.54,53.23,51.87,52.14,22333654,60.04,51.14,1.63,34.54,49.59,55.93,60.64,60.64,0,,,49.59,,0,,0,,,,,
2024-10-17,52.42,52.55,51.51,51.59,8800933,59.99,51.14,1.59,32.77,49.27,55.69,60.64,60.64,0,,,49.27,,0,,0,,,,,
2024-10-18,51.42,52.56,50.13,51.89,14672462,59.95,50.13,1.65,34.73,49.08,55.47,60.64,60.64,0,,,49.08,,0,,0,,,,,
2024-10-21,52.18,52.36,49.58,49.88,10078192,59.9,49.58,1.73,28.7,47.55,55.22,60.64,60.64,0,,,47.55,,0,,0,,,,,
2024-10-22,49.79,50.25,46.54,46.9,20245376,59.85,46.54,1.87,22.46,44.52,54.9,60.32,60.64,0,,,44.52,,0,,0,,,,,
2024-10-23,47.2,48.67,45.27,48.22,18341975,59.83,45.27,1.98,29.74,44.87,54.6,58.74,60.32,0,,,44.87,,0,,0,,,,,
2024-10-24,48.41,48.99,47.59,47.79,11386093,59.79,45.27,1.94,28.79,44.62,54.33,58.46,58.74,0,,,44.62,,0,,0,,,,,
2024-10-25,48.02,48.24,45.68,46.85,17506896,59.73,45.27,1.98,26.78,43.99,54.02,58.37,58.46,0,,,43.99,,0,,0,,,,,
2024-10-28,46.85,48.28,46.6,47.6,20826697,59.68,45.27,1.96,30.93,44.49,53.66,58.37,58.37,0,,,44.49,,0,,0,,,,,
2024-10-29,47.6,49.94,47.45,49.72,16234868,59.65,45.27,2.0,41.08,45.83,53.39,57.93,58.37,0,,,45.83,,0,,0,,,,,
2024-10-30,49.66,54.38,49.41,52.89,38994310,59.64,45.27,2.21,52.36,47.73,53.25,56.67,57.93,0,,,47.73,,0,,0,,,,,
2024-10-31,52.89,53.37,51.68,52.47,18758444,59.62,45.27,2.17,50.96,47.48,53.12,56.26,56.67,0,,,47.48,,0,,0,,,,,
2024-11-01,52.8,53.28,52.56,52.97,4086792,59.6,45.27,2.08,52.58,47.87,53.04,56.26,56.26,0,,,47.87,,0,,0,,,,,
2024-11-04,53.06,53.06,50.65,51.99,17649130,59.58,45.27,2.1,49.16,47.22,52.91,54.71,56.26,0,,,47.22,,0,,0,,,,,
2024-11-05,51.56,53.47,51.11,53.18,19509226,59.56,45.27,2.12,53.15,47.98,52.67,54.46,54.71,0,,,47.98,,0,,0,,,,,
2024-11-06,53.33,53.9,52.82,53.43,17251248,59.53,45.27,2.04,53.96,48.19,52.49,54.38,54.46,0,,,48.19,,0,,0,,,,,
2024-11-07,53.81,54.57,52.57,52.83,14940712,59.48,45.27,2.04,51.64,47.81,52.34,54.57,54.38,0,,,47.81,,0,,0,,,,,
2024-11-08,52.8,52.95,51.08,51.64,9415141,59.42,45.27,2.03,47.28,47.05,52.15,54.57,54.57,0,,,47.05,,0,,0,,,,,
2024-11-11,51.27,51.99,50.76,50.99,8728230,59.34,45.27,1.97,45.05,46.66,51.94,54.57,54.57,0,,,46.66,,0,,0,,,,,
2024-11-12,50.99,51.81,49.7,50.18,7587064,59.26,45.27,1.98,42.36,46.14,51.69,54.57,54.57,0,,,46.14,,0,,0,,,,,
2024-11-13,49.22,50.17,47.79,47.95,10761224,59.17,45.68,2.01,36.0,44.81,51.38,54.57,54.57,0,,,44.81,,0,,0,,,,,
2024-11-14,47.98,49.0,47.98,48.26,10199610,59.09,45.68,1.94,37.41,45.06,51.13,54.57,54.57,0,,,45.06,,0,,0,,,,,
2024-11-18,48.26,50.64,47.41,49.5,16309537,59.02,46.6,2.03,42.83,46.1,50.94,54.57,54.57,0,,,46.1,,0,,0,,,,,
2024-11-19,49.5,50.89,49.45,50.11,11149270,58.95,47.41,1.99,45.33,46.8,50.83,54.57,54.57,0,,,46.8,,0,,0,,,,,
2024-11-21,49.94,50.07,48.22,48.99,11031390,58.88,47.41,1.98,41.72,46.08,50.65,54.57,54.57,0,,,46.08,,0,,0,,,,,
2024-11-22,49.22,50.75,49.12,50.59,11560066,58.84,47.41,1.97,48.09,47.12,50.6,54.57,54.57,0,,,47.12,,0,,0,,,,,
2024-11-25,52.56,53.18,51.66,51.88,25058345,58.79,47.41,2.01,52.59,47.92,50.6,54.57,54.57,0,,,47.92,,0,,0,,,,,
2024-11-26,52.1,53.04,51.8,52.73,10518735,58.76,47.41,1.96,55.33,48.51,50.63,54.57,54.57,0,,,48.51,,0,,0,,,,,
2024-11-27,53.52,53.95,52.57,53.35,13765433,58.73,47.41,1.92,57.28,48.94,50.68,54.57,54.57,0,,,48.94,,0,,0,,,,,
2024-11-28,53.4,54.76,53.09,54.28,22649849,58.69,47.41,1.9,60.08,49.55,50.76,54.76,54.57,0,,,49.55,,0,,0,,,,,
2024-11-29,54.47,55.0,53.22,54.5,17367005,58.66,47.41,1.89,60.74,49.7,50.84,55.0,54.76,0,,,49.7,,0,,0,,,,,
2024-12-02,54.07,54.71,53.3,54.44,10057982,58.62,47.41,1.86,60.45,49.68,50.93,55.0,55.0,0,,,49.68,,0,,0,,,,,
2024-12-03,54.35,55.26,54.21,54.54,19344978,58.58,47.41,1.8,60.79,49.78,51.02,55.26,55.0,0,,,49.78,,0,,0,,,,,
2024-12-04,54.76,56.63,54.54,56.31,61181150,58.53,47.41,1.82,66.29,50.91,51.24,56.63,55.26,0,,,50.91,,0,,0,,,,,
2024-12-05,56.67,57.2,55.45,55.75,23690409,58.46,47.41,1.81,63.27,50.55,51.53,57.2,56.63,0,,,50.55,,0,,0,,,,,
2024-12-06,56.0,56.76,54.6,55.28,32940267,58.39,47.41,1.84,60.76,50.23,51.77,57.2,57.2,0,,,50.23,,0,,0,,,,,
2024-12-09,55.56,55.97,54.58,54.75,13119076,58.32,47.41,1.81,57.97,49.91,52.0,57.2,57.2,0,,,49.91,,0,,0,,,,,
2024-12-10,54.95,55.3,54.19,54.3,14355748,58.26,48.22,1.76,55.64,49.93,52.25,57.2,57.2,0,,,49.93,,0,,0,,,,,
2024-12-11,54.55,54.94,53.81,53.92,9517140,58.2,48.22,1.71,53.67,49.71,52.46,57.2,57.2,0,,,49.71,,0,,0,,,,,
2024-12-12,53.81,53.99,53.11,53.4,8718404,58.15,49.12,1.65,51.02,49.71,52.58,57.2,57.2,0,,,49.71,,0,,0,,,,,
2024-12-13,53.18,53.42,51.78,53.12,14019666,58.09,51.66,1.65,49.59,50.38,52.59,57.2,57.2,0,,,50.38,,0,,0,,,,,
2024-12-16,53.18,54.07,53.18,53.76,9239787,58.06,51.78,1.6,52.83,50.87,52.63,57.2,57.2,0,,,50.87,,0,,0,,,,,
2024-12-17,53.61,53.76,52.28,52.55,10388803,58.0,51.78,1.59,46.72,50.09,52.62,57.2,57.2,0,,,50.09,,0,,0,,,,,
2024-12-18,52.75,52.79,50.66,50.98,13421530,57.94,50.66,1.63,40.22,48.68,52.58,57.2,57.2,0,,,48.68,,0,,0,,,,,
2024-12-19,49.98,51.23,49.93,50.73,8144420,57.87,49.93,1.61,39.28,48.29,52.5,57.2,57.2,0,,,48.29,,0,,0,,,,,
2024-12-20,50.94,53.31,50.42,52.32,43531486,57.81,49.93,1.7,47.64,49.26,52.46,57.2,57.2,0,,,49.26,,0,,0,,,,,
2024-12-23,52.56,52.8,51.55,51.73,8883179,57.74,49.93,1.67,45.15,48.9,52.43,57.2,57.2,0,,,48.9,,0,,0,,,,,
2024-12-24,51.74,51.92,50.84,51.27,5138598,57.68,49.93,1.63,43.26,48.63,52.42,57.2,57.2,0,,,48.63,,0,,0,,,,,
2024-12-26,51.42,51.89,50.41,50.56,5739971,57.59,49.93,1.61,40.44,48.18,52.4,57.2,57.2,0,,,48.18,,0,,0,,,,,
2024-12-27,51.02,51.14,50.23,50.38,4349740,57.49,49.93,1.56,39.73,48.1,52.41,57.2,57.2,0,,,48.1,,0,,0,,,,,
2024-12-30,50.32,50.6,48.47,48.84,10251963,57.38,48.47,1.6,34.22,46.59,52.44,57.2,57.2,0,,,46.59,,0,,0,,,,,
2024-12-31,48.84,50.03,48.65,49.88,7836741,57.28,48.47,1.59,40.25,47.27,52.49,57.2,57.2,0,,,47.27,,0,,0,,,,,
2025-01-01,49.69,50.45,49.49,50.26,4231937,57.16,48.47,1.54,42.33,47.55,52.52,57.2,57.2,0,,,47.55,,0,,0,,,,,
2025-01-02,50.26,50.79,49.51,50.42,7153002,57.06,48.47,1.53,43.23,47.66,52.53,57.2,57.2,0,,,47.66,,0,,0,,,,,
2025-01-03,52.29,53.81,52.1,52.69,63148953,56.97,48.47,1.66,54.12,49.04,52.65,56.76,57.2,0,,,49.04,,0,,0,,,,,
2025-01-06,53.02,53.02,49.73,50.27,14566962,56.88,48.47,1.77,44.35,47.4,52.64,55.97,56.76,0,,,47.4,,0,,0,,,,,
2025-01-07,50.65,50.96,48.8,48.98,21144032,56.76,48.47,1.8,40.19,46.55,52.54,55.3,55.97,0,,,46.55,,0,,0,,,,,
2025-01-08,49.42,49.49,47.79,47.89,19597021,56.62,47.79,1.8,37.02,45.62,52.38,54.94,55.3,0,,,45.62,,0,,0,,,,,
2025-01-09,47.89,48.07,46.84,46.95,10247760,56.53,46.84,1.75,34.5,44.73,52.17,54.07,54.94,0,,,44.73,,0,,0,,,,,
2025-01-10,47.29,47.29,45.62,46.59,13606862,56.44,45.62,1.75,33.56,44.09,51.91,54.07,54.07,0,,,44.09,,0,,0,,,,,
2025-01-13,45.4,46.74,44.07,44.53,15380801,56.31,44.07,1.81,28.72,42.2,51.58,54.07,54.07,0,,,42.2,,0,,0,,,,,
2025-01-14,45.11,51.99,45.0,50.4,65373947,56.22,44.07,2.22,50.58,45.72,51.44,53.81,54.07,0,,,45.72,,0,,0,,,,,
2025-01-15,49.11,50.56,47.66,48.73,42862951,56.13,44.07,2.27,46.24,44.61,51.25,53.81,53.81,0,,,44.61,,0,,0,,,,,
2025-01-16,49.66,50.94,49.18,49.68,27672884,56.04,44.07,2.26,48.92,45.23,51.03,53.81,53.81,0,,,45.23,,0,,0,,,,,
2025-01-17,49.7,49.74,48.98,49.11,12195190,55.93,44.07,2.16,47.39,44.93,50.81,53.81,53.81,0,,,44.93,,0,,0,,,,,
2025-01-20,49.31,50.51,48.86,49.79,15226019,55.84,44.07,2.12,49.43,45.39,50.63,53.81,53.81,0,,,45.39,,0,,0,,,,,
2025-01-21,49.94,50.04,48.69,49.08,11114551,55.75,44.07,2.06,47.37,44.97,50.44,53.81,53.81,0,,,44.97,,0,,0,,,,,
2025-01-22,49.03,49.08,47.12,47.97,15604799,55.65,44.07,2.06,44.26,44.26,50.23,53.81,53.81,0,,,44.26,,0,,0,,,,,
2025-01-23,47.97,48.87,47.59,48.17,8233501,55.55,44.07,2.0,44.96,44.43,50.03,53.81,53.81,0,,,44.43,,0,,0,,,,,
2025-01-24,48.14,48.34,47.17,47.45,7302267,55.45,44.07,1.94,42.88,44.0,49.84,53.81,53.81,0,,,44.0,,0,,0,,,,,
2025-01-27,47.26,48.65,45.73,46.47,19195292,55.34,44.07,2.01,40.15,43.32,49.61,53.81,53.81,0,,,43.32,,0,,0,,,,,
2025-01-28,47.29,48.11,46.22,47.21,17515109,55.24,44.07,2.0,43.09,43.81,49.4,53.81,53.81,0,,,43.81,,0,,0,,,,,
2025-01-29,47.77,48.84,47.35,48.15,13357924,55.14,44.07,1.98,46.68,44.43,49.25,53.81,53.81,0,,,44.43,,0,,0,,,,,
2025-01-30,48.66,48.66,47.84,48.05,5463628,55.05,44.07,1.89,46.35,44.42,49.15,53.81,53.81,0,,,44.42,,0,,0,,,,,
2025-01-31,48.54,49.51,47.73,49.02,11601194,54.96,44.07,1.89,50.09,45.05,49.09,53.02,53.81,0,,,45.05,,0,,0,,,,,
2025-02-01,48.93,49.57,47.9,48.2,8656408,54.87,45.0,1.87,47.1,44.84,48.96,51.99,53.02,0,,,44.84,,0,,0,,,,,
2025-02-03,47.8,47.92,47.11,47.36,7185433,54.78,45.73,1.81,44.19,44.58,48.81,51.99,51.99,0,,,44.58,,0,,0,,,,,
2025-02-04,47.75,48.6,47.36,48.19,11107597,54.69,45.73,1.77,47.63,45.14,48.71,51.99,51.99,0,,,45.14,,0,,0,,,,,
2025-02-05,48.55,49.48,48.38,48.69,10703137,54.61,45.73,1.74,49.65,45.49,48.65,51.99,51.99,0,,,45.49,,0,,0,,,,,
2025-02-06,49.11,49.11,48.45,48.76,6159050,54.53,45.73,1.66,49.94,45.59,48.59,51.99,51.99,0,,,45.59,,0,,0,,,,,
2025-02-07,49.03,49.37,47.4,47.71,13341783,54.44,45.73,1.68,45.68,44.89,48.55,51.99,51.99,0,,,44.89,,0,,0,,,,,
2025-02-10,47.76,47.93,46.84,47.01,6509565,54.35,45.73,1.64,43.05,44.47,48.46,50.94,51.99,0,,,44.47,,0,,0,,,,,
2025-02-11,47.27,47.27,45.69,45.96,8097351,54.25,45.69,1.64,39.38,43.78,48.32,50.94,50.94,0,,,43.78,,0,,0,,,,,
2025-02-12,45.96,46.95,44.73,46.65,11970383,54.15,44.73,1.68,42.83,43.88,48.19,50.51,50.94,0,,,43.88,,0,,0,,,,,
2025-02-13,46.83,47.51,46.47,46.96,7512384,54.06,44.73,1.63,44.36,44.11,48.0,50.51,50.51,0,,,44.11,,0,,0,,,,,
2025-02-14,46.86,47.14,45.13,45.62,7535346,53.95,44.73,1.66,39.44,43.23,47.84,50.04,50.51,0,,,43.23,,0,,0,,,,,
2025-02-17,45.39,46.73,44.27,46.54,10156384,53.82,44.27,1.72,44.03,43.63,47.76,49.57,50.04,0,,,43.63,,0,,0,,,,,
2025-02-18,46.51,46.97,45.44,46.84,9269844,53.7,44.27,1.7,45.48,43.83,47.73,49.57,49.57,0,,,43.83,,0,,0,,,,,
2025-02-19,46.19,47.73,46.18,47.57,6600123,53.59,44.27,1.69,48.95,44.31,47.75,49.57,49.57,0,,,44.31,,0,,0,,,,,
2025-02-20,47.49,48.25,47.11,48.04,6344543,53.49,44.27,1.65,51.1,44.64,47.8,49.57,49.57,0,,,44.64,,0,,0,,,,,
2025-02-21,47.79,48.97,47.24,47.51,6761489,53.39,44.27,1.66,48.61,44.29,47.9,49.57,49.57,0,,,44.29,,0,,0,,,,,
2025-02-24,47.28,47.38,46.63,46.73,5076856,53.28,44.27,1.6,45.12,43.83,47.77,49.57,49.57,0,,,43.83,,0,,0,,,,,
2025-02-25,47.12,48.02,46.3,46.55,5610150,53.17,44.27,1.61,44.33,43.71,47.7,49.57,49.57,0,,,43.71,,0,,0,,,,,
2025-02-27,46.45,46.92,45.53,45.7,6828415,53.05,44.27,1.6,40.7,43.17,47.57,49.57,49.57,0,,,43.17,,0,,0,,,,,
2025-02-28,45.2,45.3,44.16,44.35,6661969,52.91,44.16,1.59,35.71,42.26,47.41,49.57,49.57,0,,,42.26,,0,,0,,,,,
2025-03-03,44.44,44.9,41.74,42.66,13097091,52.76,41.74,1.7,30.63,40.29,47.17,49.48,49.57,0,,,40.29,,0,,0,,,,,
2025-03-04,42.05,43.74,41.86,43.4,8881188,52.62,41.74,1.72,34.99,40.76,46.98,49.48,49.48,0,,,40.76,,0,,0,,,,,
2025-03-05,43.21,45.3,43.21,45.09,8856876,52.49,41.74,1.74,43.68,41.83,46.89,49.48,49.48,0,,,41.83,,0,,0,,,,,
2025-03-06,45.68,46.15,45.32,45.63,10545152,52.38,41.74,1.69,46.16,42.22,46.8,49.37,49.48,0,,,42.22,,0,,0,,,,,
2025-03-07,45.63,46.26,45.35,45.84,6536193,52.26,41.74,1.64,47.13,42.39,46.75,49.37,49.37,0,,,42.39,,0,,0,,,,,
2025-03-10,45.84,46.29,45.16,45.57,9037156,52.17,41.74,1.6,45.98,42.24,46.72,48.97,49.37,0,,,42.24,,0,,0,,,,,
2025-03-11,44.92,45.36,44.47,44.89,7509730,52.08,41.74,1.57,43.12,41.82,46.64,48.97,48.97,0,,,41.82,,0,,0,,,,,
2025-03-12,44.9,45.53,44.24,44.45,5081937,51.97,41.74,1.55,41.33,41.55,46.52,48.97,48.97,0,,,41.55,,0,,0,,,,,
2025-03-13,44.65,44.9,43.33,43.42,7860612,51.87,41.74,1.55,37.42,40.89,46.36,48.97,48.97,0,,,40.89,,0,,0,,,,,
2025-03-17,43.52,43.76,42.31,42.5,8382414,51.76,41.74,1.54,34.29,40.3,46.15,48.97,48.97,0,,,40.3,,0,,0,,,,,
2025-03-18,42.5,42.5,42.5,42.5,0,51.65,41.74,1.43,34.29,40.37,45.96,48.97,48.97,0,,,40.37,,0,,0,,,,,
2025-03-19,43.96,45.62,43.96,45.43,8991795,51.57,41.74,1.55,49.78,42.18,45.89,48.97,48.97,0,,,42.18,,0,,0,,,,,
2025-03-20,45.97,46.16,44.92,45.16,10024009,51.49,41.74,1.53,48.65,42.02,45.79,48.97,48.97,0,,,42.02,,0,,0,,,,,
2025-03-21,45.11,46.21,44.86,45.85,14352892,51.4,41.74,1.52,51.69,42.48,45.7,48.97,48.97,0,,,42.48,,0,,0,,,,,
2025-03-24,46.26,47.35,46.03,46.16,15793922,51.31,41.74,1.52,53.03,42.68,45.61,48.97,48.97,0,,,42.68,,0,,0,,,,,
2025-03-25,46.4,46.53,44.08,44.5,17011408,51.21,41.86,1.58,45.69,41.6,45.5,48.02,48.97,0,,,41.6,,0,,0,,,,,
2025-03-26,44.54,45.65,44.11,44.33,13516930,51.1,42.31,1.58,45.01,41.64,45.41,48.02,48.02,0,,,41.64,,0,,0,,,,,
2025-03-27,44.33,44.9,43.87,44.74,14870440,51.0,42.31,1.54,47.07,41.93,45.37,47.35,48.02,0,,,41.93,,0,,0,,,,,
2025-03-28,44.91,45.59,44.06,44.29,10823721,50.9,42.31,1.54,45.07,41.64,45.29,47.35,47.35,0,,,41.64,,0,,0,,,,,
2025-04-01,43.97,44.77,43.97,44.24,7122070,50.8,42.31,1.49,44.84,41.65,45.2,47.35,47.35,0,,,41.65,,0,,0,,,,,
2025-04-02,44.52,44.57,43.29,44.16,7771327,50.69,42.31,1.47,44.46,41.61,45.15,47.35,47.35,0,,,41.61,,0,,0,,,,,
2025-04-03,43.96,45.78,43.77,45.55,13407637,50.59,42.31,1.51,52.19,42.48,45.12,47.35,47.35,0,,,42.48,,0,,0,,,,,
2025-04-04,45.41,45.84,44.14,44.51,8058182,50.49,42.31,1.52,46.93,41.8,45.04,47.35,47.35,0,,,41.8,,0,,0,,,,,
2025-04-07,40.14,42.76,40.14,41.69,14007578,50.37,40.14,1.73,36.25,39.12,44.85,47.35,47.35,0,,,39.12,,0,,0,,,,,
2025-04-08,43.01,43.75,42.18,43.18,15674965,50.26,40.14,1.75,43.56,40.06,44.69,47.35,47.35,0,,,40.06,,0,,0,,,,,
2025-04-09,43.07,43.84,42.77,43.45,9053050,50.16,40.14,1.7,44.79,40.27,44.55,47.35,47.35,0,,,40.27,,0,,0,,,,,
2025-04-11,44.33,44.33,43.53,43.64,5735494,50.06,40.14,1.64,45.69,40.43,44.45,47.35,47.35,0,,,40.43,,0,,0,,,,,
2025-04-15,44.44,44.48,43.89,43.99,8261846,49.96,40.14,1.59,47.39,40.7,44.36,47.35,47.35,0,,,40.7,,0,,0,,,,,
2025-04-16,44.12,45.76,44.03,45.41,11279785,49.88,40.14,1.6,53.73,41.6,44.35,47.35,47.35,0,,,41.6,,0,,0,,,,,
2025-04-17,45.78,46.73,45.49,46.26,13507204,49.81,40.14,1.58,57.06,42.16,44.42,47.35,47.35,0,,,42.16,,0,,0,,,,,
2025-04-21,46.9,48.94,46.89,48.65,23493198,49.76,40.14,1.66,64.76,43.65,44.62,48.94,47.35,0,,,43.65,,0,,0,,,,,
2025-04-22,49.31,49.66,48.11,48.26,21713001,49.71,40.14,1.65,62.78,43.41,44.78,49.66,48.94,0,,,43.41,,0,,0,,,,,
2025-04-23,48.59,48.73,47.22,48.57,12161746,49.66,40.14,1.64,63.73,43.61,44.89,49.66,49.66,0,,,43.61,,0,,0,,,,,
2025-04-24,48.65,48.88,48.26,48.3,9022166,49.59,40.14,1.57,62.24,43.49,44.98,49.66,49.66,0,,,43.49,,0,,0,,,,,
2025-04-25,48.74,48.98,46.83,47.79,27545895,49.52,40.14,1.61,59.42,43.13,45.05,49.66,49.66,0,,,43.13,,0,,0,,,,,
2025-04-28,48.22,48.87,48.03,48.67,16356706,49.46,40.14,1.57,62.57,43.72,45.15,49.66,49.66,0,,,43.72,,0,,0,,,,,
2025-04-29,49.22,50.08,48.68,49.15,15523456,49.42,40.14,1.56,64.2,44.04,45.29,50.08,49.66,0,,,44.04,,0,,0,,,,,
2025-04-30,49.22,49.31,48.08,48.42,8158351,49.37,40.14,1.54,59.92,43.59,45.43,50.08,50.08,0,,,43.59,,0,,0,,,,,
2025-05-02,48.5,49.3,48.12,48.28,7510162,49.32,42.18,1.51,59.11,44.19,45.59,50.08,50.08,0,,,44.19,,0,,0,,,,,
2025-05-05,48.79,49.61,48.3,49.51,9611888,49.25,42.77,1.5,63.77,45.19,45.82,50.08,50.08,0,,,45.19,,0,,0,,,,,
2025-05-06,49.94,49.94,47.46,47.85,12027865,49.17,43.53,1.57,54.71,44.33,46.0,50.08,50.08,0,,,44.33,,0,,0,,,,,
2025-05-07,46.97,48.93,46.88,48.69,11441530,49.12,43.89,1.6,57.96,44.97,46.11,50.08,50.08,0,,,44.97,,0,,0,,,,,
2025-05-08,48.75,49.31,47.97,48.16,9651528,49.05,44.03,1.58,55.27,44.68,46.21,50.08,50.08,0,,,44.68,,0,,0,,,,,
2025-05-09,46.9,48.0,46.8,47.62,16147927,48.99,45.49,1.57,52.58,44.83,46.27,50.08,50.08,0,,,44.83,,0,,0,,,,,
2025-05-12,49.25,50.19,49.15,49.96,11745076,48.94,46.8,1.64,61.35,46.73,46.39,50.19,50.08,0,,,46.73,,0,,0,,,,,
2025-05-13,49.98,50.38,49.25,49.78,10310476,48.89,46.8,1.6,60.42,46.64,46.57,50.38,50.19,0,,,46.64,,0,,0,,,,,
2025-05-14,50.04,50.23,49.59,49.75,7669952,48.85,46.8,1.53,60.26,46.67,46.75,50.38,50.38,0,,,46.67,,0,,0,,,,,
2025-05-15,49.79,50.24,49.57,49.72,10382051,48.81,46.8,1.47,60.08,46.69,46.92,50.38,50.38,0,,,46.69,,0,,0,,,,,
2025-05-16,49.79,50.82,49.75,50.3,11172646,48.79,46.8,1.45,62.35,47.08,47.12,50.82,50.38,0,,,47.08,,0,,0,,,,,
2025-05-19,50.32,53.28,50.27,52.31,35472570,48.78,46.8,1.56,68.95,48.3,47.39,53.28,50.82,1,52.31,48.3,48.3,48.3,1,2025-05-19,0,,,56,,
2025-05-20,52.69,52.72,50.48,50.62,14182510,48.77,46.8,1.61,59.51,47.18,47.6,53.28,53.28,0,,,47.18,48.3,1,2025-05-19,0,,,56,,
2025-05-21,50.73,50.96,49.84,50.47,11845785,48.76,46.8,1.57,58.74,47.11,47.77,53.28,53.28,0,,,47.11,48.3,1,2025-05-19,0,,,56,,
2025-05-22,50.37,51.12,49.37,49.69,11256742,48.74,46.8,1.58,54.78,46.59,47.94,53.28,53.28,0,,,46.59,48.3,1,2025-05-19,0,,,56,,
2025-05-23,49.86,50.62,49.54,50.48,8293799,48.74,46.8,1.55,57.88,47.13,48.23,53.28,53.28,0,,,47.13,48.3,1,2025-05-19,0,,,56,,
2025-05-26,50.73,50.97,50.16,50.31,5543401,48.72,46.8,1.5,56.97,47.05,48.47,53.28,53.28,0,,,47.05,48.3,1,2025-05-19,0,,,56,,
2025-05-27,50.53,50.72,49.79,50.2,7280462,48.71,46.8,1.46,56.36,47.01,48.69,53.28,53.28,0,,,47.01,48.3,1,2025-05-19,0,,,56,,
2025-05-28,50.25,50.8,50.2,50.4,5599321,48.7,46.8,1.39,57.26,47.18,48.92,53.28,53.28,0,,,47.18,48.3,1,2025-05-19,0,,,56,,
2025-05-29,50.64,50.82,50.15,50.23,5836934,48.69,46.8,1.34,56.2,47.1,49.13,53.28,53.28,0,,,47.1,48.3,1,2025-05-19,0,,,56,,
2025-05-30,50.26,53.6,49.98,53.17,47507170,48.71,49.15,1.51,67.45,49.67,49.39,53.6,53.28,0,,,49.67,49.67,1,2025-05-19,0,,,56,,
2025-06-02,53.54,57.13,53.29,56.65,84450128,48.78,49.25,1.68,75.48,51.84,49.73,57.13,53.6,1,56.65,51.84,51.84,51.84,1,2025-05-19,0,,,56,,
2025-06-03,56.89,57.01,54.78,55.79,28400564,48.83,49.37,1.72,70.83,51.29,49.97,57.13,57.13,0,,,51.29,51.84,1,2025-05-19,0,,,56,,
2025-06-04,56.0,56.24,54.73,55.57,17650024,48.88,49.37,1.7,69.65,51.16,50.21,57.13,57.13,0,,,51.16,51.84,1,2025-05-19,0,,,56,,
2025-06-05,55.85,56.53,54.89,55.07,11838285,48.94,49.37,1.7,66.92,50.84,50.43,57.13,57.13,0,,,50.84,51.84,1,2025-05-19,0,,,56,,
2025-06-06,54.82,56.3,53.67,54.22,29951358,48.98,49.37,1.77,62.43,50.25,50.63,57.13,57.13,0,,,50.25,51.84,1,2025-05-19,0,,,56,,
2025-06-09,54.53,56.98,54.53,56.0,24502314,49.02,49.37,1.84,67.36,51.35,50.9,57.13,57.13,0,,,51.35,51.84,1,2025-05-19,0,,,56,,
2025-06-10,56.23,56.84,55.5,55.63,15916466,49.04,49.37,1.8,65.44,51.14,51.13,57.13,57.13,0,,,51.14,51.84,1,2025-05-19,0,,,56,,
2025-06-11,55.65,55.85,54.43,55.12,15201213,49.06,49.37,1.77,62.78,50.83,51.33,57.13,57.13,0,,,50.83,51.84,1,2025-05-19,0,,,56,,
2025-06-12,55.41,55.59,53.04,53.28,15405284,49.06,49.54,1.83,54.21,49.66,51.49,57.13,57.13,0,,,49.66,51.84,1,2025-05-19,0,,,56,,
2025-06-13,52.21,53.83,51.88,53.59,14054848,49.07,49.79,1.84,55.32,49.94,51.67,57.13,57.13,0,,,49.94,51.84,1,2025-05-19,0,,,56,,
2025-06-16,53.68,53.98,52.26,53.79,9646527,49.08,49.79,1.83,56.06,50.07,51.81,57.13,57.13,0,,,50.07,51.84,1,2025-05-19,0,,,56,,
2025-06-17,54.04,55.35,53.24,53.62,12340525,49.08,49.98,1.85,55.22,50.01,52.01,57.13,57.13,0,,,50.01,51.84,1,2025-05-19,0,,,56,,
2025-06-18,53.67,54.31,52.86,53.66,8642727,49.08,49.98,1.82,55.39,50.06,52.17,57.13,57.13,0,,,50.06,51.84,1,2025-05-19,0,,,56,,
2025-06-19,53.62,53.78,52.3,52.9,10692264,49.09,49.98,1.8,51.43,49.58,52.33,57.13,57.13,0,,,49.58,51.84,1,2025-05-19,0,,,56,,
2025-06-20,52.8,53.59,52.74,53.06,6773542,49.1,51.88,1.73,52.21,50.36,52.51,57.13,57.13,0,,,50.36,51.84,1,2025-05-19,0,,,56,,
2025-06-23,52.42,53.06,52.38,52.64,6659071,49.12,51.88,1.65,49.96,50.14,52.6,57.13,57.13,0,,,50.14,51.84,1,2025-05-19,0,,,56,,
2025-06-24,53.37,54.37,53.26,53.7,12183609,49.16,51.88,1.66,55.21,50.82,52.73,57.13,57.13,0,,,50.82,51.84,1,2025-05-19,0,,,56,,
2025-06-25,53.93,54.16,53.39,53.49,6281514,49.19,51.88,1.6,54.0,50.73,52.86,57.13,57.13,0,,,50.73,51.84,1,2025-05-19,0,,,56,,
2025-06-26,53.77,53.88,52.85,53.03,10097515,49.22,51.88,1.56,51.35,50.46,52.97,57.13,57.13,0,,,50.46,51.84,1,2025-05-19,0,,,56,,
2025-06-27,53.29,54.58,53.2,53.49,12529980,49.24,51.88,1.56,53.79,50.76,53.07,57.13,57.13,0,,,50.76,51.84,1,2025-05-19,0,,,56,,
2025-06-30,53.78,56.49,53.78,56.25,53156282,49.29,51.88,1.66,65.11,52.47,53.2,57.01,57.13,0,,,52.47,52.47,1,2025-05-19,0,,,56,,
2025-07-01,56.38,57.91,55.65,57.46,48251029,49.33,51.88,1.7,68.72,53.22,53.43,57.91,57.01,1,57.46,53.22,53.22,53.22,1,2025-05-19,0,,,56,,
2025-07-02,57.72,57.9,56.05,56.23,21469665,49.36,51.88,1.71,61.72,52.42,53.62,57.91,57.91,0,,,52.42,53.22,1,2025-05-19,0,,,56,,
2025-07-03,56.43,56.61,55.59,56.33,11508085,49.39,51.88,1.66,62.06,52.52,53.85,57.91,57.91,0,,,52.52,53.22,1,2025-05-19,0,,,56,,
2025-07-04,56.58,56.89,55.97,56.63,14706449,49.41,52.26,1.61,63.11,52.87,54.05,57.91,57.91,0,,,52.87,53.22,1,2025-05-19,0,,,56,,
2025-07-07,56.88,56.98,56.28,56.53,9308350,49.42,52.3,1.54,62.49,52.87,54.26,57.91,57.91,0,,,52.87,53.22,1,2025-05-19,0,,,56,,
2025-07-08,56.52,56.71,55.56,55.96,7972654,49.43,52.3,1.52,58.92,52.52,54.45,57.91,57.91,0,,,52.52,53.22,1,2025-05-19,0,,,56,,
2025-07-09,55.66,56.62,55.52,56.26,9902037,49.45,52.3,1.49,60.21,52.73,54.64,57.91,57.91,0,,,52.73,53.22,1,2025-05-19,0,,,56,,
2025-07-10,56.39,56.5,55.66,55.77,5696264,49.45,52.38,1.44,57.06,52.47,54.83,57.91,57.91,0,,,52.47,53.22,1,2025-05-19,0,,,56,,
2025-07-11,55.75,55.92,54.9,55.11,10368392,49.45,52.38,1.41,53.04,52.07,54.89,57.91,57.91,0,,,52.07,53.22,1,2025-05-19,0,,,56,,
2025-07-14,55.13,55.83,54.78,55.24,9869575,49.44,52.85,1.38,53.73,52.32,54.85,57.91,57.91,0,,,52.32,53.22,1,2025-05-19,0,,,56,,
2025-07-15,55.53,56.78,55.38,56.31,27378332,49.45,52.85,1.4,59.07,53.01,54.86,57.91,57.91,0,,,53.01,53.22,1,2025-05-19,0,,,56,,
2025-07-16,57.03,57.13,56.22,56.46,22241028,49.46,52.85,1.36,59.78,53.13,54.89,57.91,57.91,0,,,53.13,53.22,1,2025-05-19,0,,,56,,
2025-07-17,56.78,56.88,56.07,56.42,8667867,49.48,53.2,1.32,59.48,53.24,54.94,57.91,57.91,0,,,53.24,53.24,1,2025-05-19,0,,,56,,
2025-07-18,56.49,56.57,55.56,55.77,7973733,49.49,53.78,1.3,54.79,53.03,54.99,57.91,57.91,0,,,53.03,53.24,1,2025-05-19,0,,,56,,
2025-07-21,56.04,56.38,55.51,55.77,7687276,49.5,54.78,1.27,54.79,53.39,54.98,57.91,57.91,0,,,53.39,53.39,1,2025-05-19,0,,,56,,
2025-07-22,56.01,56.29,55.36,55.54,6014293,49.52,54.78,1.24,53.07,53.25,54.98,57.91,57.91,0,,,53.25,53.39,1,2025-05-19,0,,,56,,
2025-07-23,55.67,55.91,55.23,55.65,4428965,49.53,54.78,1.2,53.81,53.35,55.0,57.91,57.91,0,,,53.35,53.39,1,2025-05-19,0,,,56,,
2025-07-24,55.75,56.63,55.75,56.39,11104622,49.56,54.78,1.19,58.59,53.84,55.1,57.91,57.91,0,,,53.84,53.84,1,2025-05-19,0,,,56,,
2025-07-25,56.33,56.51,55.75,55.87,9900749,49.59,54.78,1.16,54.34,53.52,55.18,57.91,57.91,0,,,53.52,53.84,1,2025-05-19,0,,,56,,
2025-07-28,56.09,56.53,55.39,55.98,10244909,49.63,54.78,1.16,55.08,53.6,55.25,57.91,57.91,0,,,53.6,53.84,1,2025-05-19,0,,,56,,
2025-07-29,55.8,56.15,55.42,55.91,4819308,49.65,54.78,1.13,54.47,53.57,55.33,57.9,57.91,0,,,53.57,53.84,1,2025-05-19,0,,,56,,
2025-07-30,55.86,56.39,55.42,55.68,4827130,49.68,54.78,1.11,52.43,53.43,55.39,57.13,57.9,0,,,53.43,53.84,1,2025-05-19,0,,,56,,
2025-07-31,55.16,55.56,54.39,55.24,4937477,49.7,54.39,1.13,48.67,53.01,55.47,57.13,57.13,0,,,53.01,53.84,1,2025-05-19,0,,,56,,
2025-08-01,55.24,55.44,53.2,53.46,6696783,49.72,53.2,1.21,37.08,51.41,55.49,57.13,57.13,0,,,51.41,53.84,1,2025-05-19,1,53.84,TRAILING_STOP,56,55,2.92
2025-08-04,53.46,54.52,53.29,54.4,6467047,49.75,53.2,1.21,44.58,52.02,55.54,57.13,57.13,0,,,52.02,,0,,0,,,,,
2025-08-05,54.42,54.82,54.18,54.29,4001138,49.78,53.2,1.17,43.92,51.97,55.56,57.13,57.13,0,,,51.97,,0,,0,,,,,
2025-08-06,54.29,54.51,52.91,53.15,7342758,49.81,52.91,1.2,37.69,51.12,55.55,57.13,57.13,0,,,51.12,,0,,0,,,,,
2025-08-07,52.94,53.15,51.47,52.77,6729018,49.82,51.47,1.23,35.87,50.37,55.54,57.13,57.13,0,,,50.37,,0,,0,,,,,
2025-08-08,53.18,55.08,52.9,54.83,16178429,49.85,51.47,1.31,50.01,51.65,55.59,57.13,57.13,0,,,51.65,,0,,0,,,,,
2025-08-11,54.95,55.41,54.38,54.65,5101864,49.87,51.47,1.29,48.99,51.55,55.54,57.13,57.13,0,,,51.55,,0,,0,,,,,
2025-08-12,54.63,55.14,54.19,54.85,4476773,49.9,51.47,1.27,50.2,51.69,55.45,57.13,57.13,0,,,51.69,,0,,0,,,,,
2025-08-13,54.67,55.23,54.13,54.24,3143796,49.93,51.47,1.25,46.57,51.31,55.38,56.88,57.13,0,,,51.31,,0,,0,,,,,
2025-08-14,54.34,54.51,53.19,53.58,3944961,49.97,51.47,1.26,42.95,50.88,55.29,56.63,56.88,0,,,50.88,,0,,0,,,,,
2025-08-18,54.27,54.65,53.84,54.06,2843428,50.02,51.47,1.25,46.22,51.2,55.2,56.63,56.63,0,,,51.2,,0,,0,,,,,
2025-08-19,54.08,54.67,53.84,54.6,3585136,50.07,51.47,1.22,49.72,51.56,55.14,56.63,56.63,0,,,51.56,,0,,0,,,,,
2025-08-20,54.37,54.94,54.13,54.34,3251772,50.14,51.47,1.19,48.1,51.41,55.09,56.63,56.63,0,,,51.41,,0,,0,,,,,
2025-08-21,54.24,55.12,54.22,54.43,7150839,50.16,51.47,1.17,48.72,51.49,55.03,56.63,56.63,0,,,51.49,,0,,0,,,,,
2025-08-22,54.19,54.61,53.88,53.98,3312153,50.2,51.47,1.13,45.76,51.22,54.97,56.53,56.63,0,,,51.22,,0,,0,,,,,
2025-08-25,53.69,54.15,53.4,53.52,4834532,50.22,51.47,1.11,42.89,50.94,54.91,56.53,56.53,0,,,50.94,,0,,0,,,,,
2025-08-26,53.3,53.65,52.3,52.43,3960852,50.24,51.47,1.12,36.98,50.22,54.82,56.39,56.53,0,,,50.22,,0,,0,,,,,
2025-08-28,52.21,52.33,51.56,51.74,3223885,50.26,51.47,1.11,33.8,49.79,54.67,56.39,56.39,0,,,49.79,,0,,0,,,,,
2025-08-29,51.62,52.03,50.99,51.17,4009667,50.27,50.99,1.1,31.4,49.27,54.49,55.56,56.39,0,,,49.27,,0,,0,,,,,
2025-09-01,51.12,51.81,50.94,51.23,6767306,50.29,50.94,1.09,31.95,49.3,54.32,55.44,55.56,0,,,49.3,,0,,0,,,,,
2025-09-02,51.17,52.52,51.17,51.67,4810539,50.32,50.94,1.1,35.99,49.57,54.18,55.41,55.44,0,,,49.57,,0,,0,,,,,
2025-09-03,51.76,52.14,51.67,52.03,3049236,50.35,50.94,1.06,39.17,49.83,54.06,55.41,55.41,0,,,49.83,,0,,0,,,,,
2025-09-04,52.32,52.55,51.12,51.26,3629831,50.38,50.94,1.09,35.14,49.32,53.91,55.41,55.41,0,,,49.32,,0,,0,,,,,
2025-09-05,51.41,52.01,51.06,51.8,3621899,50.41,50.94,1.08,39.81,49.67,53.78,55.41,55.41,0,,,49.67,,0,,0,,,,,
2025-09-08,51.96,52.6,51.62,52.28,3011666,50.44,50.94,1.07,43.69,49.99,53.65,55.41,55.41,0,,,49.99,,0,,0,,,,,
2025-09-09,52.26,52.45,51.5,51.61,2987241,50.46,50.94,1.06,39.83,49.56,53.51,55.41,55.41,0,,,49.56,,0,,0,,,,,
2025-09-10,51.77,53.47,51.77,53.31,8248478,50.49,50.94,1.12,51.53,50.62,53.42,55.23,55.41,0,,,50.62,,0,,0,,,,,
2025-09-11,53.39,54.44,53.39,53.8,8561903,50.53,50.94,1.12,54.29,50.94,53.35,55.23,55.23,0,,,50.94,,0,,0,,,,,
2025-09-12,53.68,53.76,52.72,53.24,5277514,50.57,50.94,1.12,50.74,50.58,53.27,55.12,55.23,0,,,50.58,,0,,0,,,,,
2025-09-15,53.24,54.08,53.19,53.95,4771869,50.6,50.94,1.1,54.78,51.04,53.22,55.12,55.12,0,,,51.04,,0,,0,,,,,
2025-09-16,53.96,54.42,53.65,54.24,5365569,50.64,50.94,1.08,56.35,51.25,53.25,55.12,55.12,0,,,51.25,,0,,0,,,,,
2025-09-17,54.27,56.6,54.27,56.45,33088899,50.69,50.94,1.17,66.06,52.61,53.32,56.6,55.12,1,56.45,52.61,52.61,52.61,1,2025-09-17,0,,,57,,
2025-09-18,56.54,57.03,56.05,56.4,15894855,50.75,50.94,1.15,65.7,52.59,53.39,57.03,56.6,0,,,52.59,52.61,1,2025-09-17,0,,,57,,
2025-09-19,56.4,57.06,56.02,56.46,12458479,50.81,50.94,1.15,65.94,52.63,53.5,57.06,57.03,0,,,52.63,52.63,1,2025-09-17,0,,,57,,
2025-09-22,56.17,56.89,55.87,56.4,9602416,50.88,51.06,1.14,65.45,52.64,53.62,57.06,57.06,0,,,52.64,52.64,1,2025-09-17,0,,,57,,
2025-09-23,56.4,56.56,55.46,56.33,7055472,50.95,51.06,1.13,64.85,52.6,53.67,57.06,57.06,0,,,52.6,52.64,1,2025-09-17,0,,,57,,
2025-09-24,56.54,57.8,55.38,55.49,19579429,51.0,51.06,1.23,57.96,51.99,53.7,57.8,57.06,0,,,51.99,52.64,1,2025-09-17,0,,,57,,
2025-09-25,55.49,55.95,54.32,54.5,10317833,51.06,51.06,1.26,51.07,51.34,53.68,57.8,57.8,0,,,51.34,52.64,1,2025-09-17,0,,,57,,
2025-09-26,54.66,54.66,53.04,53.18,6912771,51.11,51.5,1.28,43.62,50.61,53.65,57.8,57.8,0,,,50.61,52.64,1,2025-09-17,0,,,57,,
2025-09-29,53.44,54.71,53.1,54.07,7990759,51.16,51.5,1.3,49.02,51.17,53.67,57.8,57.8,0,,,51.17,52.64,1,2025-09-17,0,,,57,,
2025-09-30,54.19,55.88,53.98,55.14,10950312,51.21,51.77,1.35,54.64,51.92,53.7,57.8,57.8,0,,,51.92,52.64,1,2025-09-17,0,,,57,,
2025-10-01,55.36,55.63,54.18,55.11,9266506,51.25,52.72,1.35,54.46,52.22,53.72,57.8,57.8,0,,,52.22,52.64,1,2025-09-17,0,,,57,,
2025-10-03,54.84,56.24,54.83,55.64,10182570,51.31,52.72,1.36,57.16,52.56,53.76,57.8,57.8,0,,,52.56,52.64,1,2025-09-17,0,,,57,,
2025-10-06,56.1,56.74,55.91,56.33,11197289,51.37,53.04,1.34,60.46,53.12,53.83,57.8,57.8,0,,,53.12,53.12,1,2025-09-17,0,,,57,,
2025-10-07,56.54,56.64,56.15,56.35,7069012,51.44,53.04,1.28,60.55,53.17,53.9,57.8,57.8,0,,,53.17,53.17,1,2025-09-17,0,,,57,,
2025-10-08,56.35,56.5,55.31,55.81,5883733,51.51,53.04,1.27,56.61,52.83,53.98,57.8,57.8,0,,,52.83,53.17,1,2025-09-17,0,,,57,,
2025-10-09,55.84,56.23,55.64,55.74,4363351,51.58,53.04,1.22,56.1,52.82,54.09,57.8,57.8,0,,,52.82,53.17,1,2025-09-17,0,,,57,,
2025-10-10,55.76,57.28,55.76,56.67,17857975,51.67,53.04,1.25,61.11,53.4,54.26,57.8,57.8,0,,,53.4,53.4,1,2025-09-17,0,,,57,,
2025-10-13,57.13,57.13,56.15,56.72,10491350,51.76,53.04,1.23,61.37,53.45,54.44,57.8,57.8,0,,,53.45,53.45,1,2025-09-17,0,,,57,,
2025-10-14,57.12,57.12,53.84,54.28,24764824,51.82,53.04,1.37,45.63,51.77,54.54,57.8,57.8,0,,,51.77,53.45,1,2025-09-17,0,,,57,,
2025-10-15,55.06,59.34,54.51,58.41,95656124,51.91,53.04,1.64,62.95,54.26,54.77,59.34,57.8,1,58.41,54.26,54.26,54.26,1,2025-09-17,0,,,57,,
2025-10-16,58.81,60.47,56.56,56.77,49389136,51.98,53.04,1.8,55.4,53.1,54.92,60.47,59.34,0,,,53.1,54.26,1,2025-09-17,0,,,57,,
2025-10-17,56.74,57.03,55.67,56.25,16607747,52.05,53.04,1.77,53.22,52.78,55.09,60.47,60.47,0,,,52.78,54.26,1,2025-09-17,0,,,57,,
2025-10-20,56.89,59.05,56.5,58.72,48646003,52.15,53.1,1.84,61.06,54.35,55.32,60.47,60.47,0,,,54.35,54.35,1,2025-09-17,0,,,57,,
2025-10-21,59.29,59.65,58.93,59.13,7649315,52.24,53.84,1.78,62.19,54.9,55.55,60.47,60.47,0,,,54.9,54.9,1,2025-09-17,0,,,57,,
2025-10-23,59.35,59.97,58.33,58.53,19151925,52.34,53.84,1.77,59.47,54.52,55.78,60.47,60.47,0,,,54.52,54.9,1,2025-09-17,0,,,57,,
2025-10-24,58.79,59.04,57.53,58.01,13536897,52.45,53.84,1.75,57.13,54.2,55.94,60.47,60.47,0,,,54.2,54.9,1,2025-09-17,0,,,57,,
2025-10-27,58.12,58.74,56.99,58.01,18759687,52.55,53.84,1.75,57.13,54.2,56.08,60.47,60.47,0,,,54.2,54.9,1,2025-09-17,0,,,57,,
2025-10-28,58.12,59.69,58.03,59.12,29396797,52.64,53.84,1.74,60.93,54.92,56.27,60.47,60.47,0,,,54.92,54.92,1,2025-09-17,0,,,57,,
2025-10-29,59.4,59.88,58.51,58.88,13979649,52.73,53.84,1.72,59.7,54.78,56.44,60.47,60.47,0,,,54.78,54.92,1,2025-09-17,0,,,57,,
2025-10-30,59.1,59.1,57.4,57.55,13004160,52.81,53.84,1.72,53.27,53.92,56.55,60.47,60.47,0,,,53.92,54.92,1,2025-09-17,0,,,57,,
2025-10-31,57.62,60.21,57.32,58.15,35420062,52.89,53.84,1.8,55.59,54.25,56.6,60.47,60.47,0,,,54.25,54.92,1,2025-09-17,0,,,57,,
2025-11-03,58.81,59.64,58.01,59.04,23641175,52.99,53.84,1.79,58.86,54.84,56.69,60.47,60.47,0,,,54.84,54.92,1,2025-09-17,0,,,57,,
2025-11-04,58.95,59.02,57.42,57.56,15111039,53.08,53.84,1.78,52.01,53.89,56.73,60.47,60.47,0,,,53.89,54.92,1,2025-09-17,0,,,57,,
2025-11-06,57.81,58.21,55.75,56.56,16241664,53.16,54.51,1.82,47.95,53.43,56.74,60.47,60.47,0,,,53.43,54.92,1,2025-09-17,0,,,57,,
2025-11-07,56.44,58.95,56.05,58.73,19586973,53.25,55.67,1.9,55.98,55.17,56.81,60.47,60.47,0,,,55.17,55.17,1,2025-09-17,0,,,57,,
2025-11-10,58.82,58.86,56.96,57.43,16252535,53.34,55.67,1.9,50.91,54.33,56.88,60.47,60.47,0,,,54.33,55.17,1,2025-09-17,0,,,57,,
2025-11-11,57.42,57.59,55.85,56.23,15588082,53.42,55.75,1.89,46.71,53.59,56.94,60.47,60.47,0,,,53.59,55.17,1,2025-09-17,0,,,57,,
2025-11-12,56.61,56.98,56.41,56.71,7340100,53.5,55.75,1.81,48.54,53.96,57.06,60.47,60.47,0,,,53.96,55.17,1,2025-09-17,0,,,57,,
2025-11-13,56.71,56.81,56.0,56.11,8814278,53.57,55.75,1.74,46.39,53.62,57.12,60.47,60.47,0,,,53.62,55.17,1,2025-09-17,0,,,57,,
2025-11-14,55.9,57.26,55.9,57.14,13582210,53.68,55.75,1.71,50.44,54.3,57.19,60.47,60.47,0,,,54.3,55.17,1,2025-09-17,0,,,57,,
2025-11-17,57.18,59.43,57.07,59.01,30529618,53.78,55.75,1.76,56.82,55.47,57.32,60.21,60.47,0,,,55.47,55.47,1,2025-09-17,0,,,57,,
2025-11-18,59.01,60.09,58.44,59.52,22735995,53.89,55.75,1.75,58.39,55.81,57.45,60.21,60.21,0,,,55.81,55.81,1,2025-09-17,0,,,57,,
2025-11-19,59.54,60.64,58.76,60.22,26939648,54.0,55.75,1.76,60.52,56.25,57.58,60.64,60.21,1,60.22,56.25,56.25,56.25,1,2025-09-17,0,,,57,,
2025-11-20,60.48,60.58,58.61,58.87,18468181,54.1,55.75,1.77,54.71,55.37,57.66,60.64,60.64,0,,,55.37,56.25,1,2025-09-17,0,,,57,,
2025-11-21,58.61,58.88,57.45,57.8,12908844,54.18,55.75,1.75,50.57,54.7,57.73,60.64,60.64,0,,,54.7,56.25,1,2025-09-17,0,,,57,,
2025-11-24,57.82,58.66,57.13,57.35,10241666,54.25,55.75,1.73,48.9,54.42,57.78,60.64,60.64,0,,,54.42,56.25,1,2025-09-17,0,,,57,,
2025-11-25,57.57,58.86,57.16,58.72,11644172,54.32,55.75,1.73,53.9,55.3,57.85,60.64,60.64,0,,,55.3,56.25,1,2025-09-17,0,,,57,,
2025-11-26,59.1,60.02,58.74,59.05,14322935,54.39,55.75,1.7,55.05,55.54,57.93,60.64,60.64,0,,,55.54,56.25,1,2025-09-17,0,,,57,,
2025-11-27,59.2,59.36,58.12,58.56,8692909,54.46,55.85,1.67,52.95,55.28,58.07,60.64,60.64,0,,,55.28,56.25,1,2025-09-17,0,,,57,,
2025-11-28,58.56,58.64,57.54,57.68,12070813,54.52,55.85,1.63,49.31,54.74,58.05,60.64,60.64,0,,,54.74,56.25,1,2025-09-17,0,,,57,,
2025-12-01,57.93,58.79,56.39,56.79,27753709,54.58,55.85,1.68,45.88,54.12,58.05,60.64,60.64,0,,,54.12,56.25,1,2025-09-17,0,,,57,,
2025-12-02,55.55,57.92,55.26,56.71,108570765,54.64,55.26,1.75,45.57,53.83,58.06,60.64,60.64,0,,,53.83,56.25,1,2025-09-17,1,56.25,TRAILING_STOP,57,52,-0.35
2025-12-03,56.19,56.31,55.52,55.79,104964314,54.68,55.26,1.71,42.08,53.26,57.97,60.64,60.64,0,,,53.26,,0,,0,,,,,
2025-12-04,55.59,56.15,54.96,56.1,30400987,54.73,54.96,1.67,43.65,53.39,57.86,60.64,60.64,0,,,53.39,,0,,0,,,,,
2025-12-05,55.76,56.54,55.62,56.13,31121551,54.78,54.96,1.62,43.81,53.44,57.78,60.64,60.64,0,,,53.44,,0,,0,,,,,
2025-12-08,56.35,56.52,54.87,55.38,21560384,54.82,54.87,1.62,40.73,52.93,57.7,60.64,60.64,0,,,52.93,,0,,0,,,,,
2025-12-09,55.3,56.29,54.68,56.18,17081289,54.88,54.68,1.62,45.16,53.38,57.64,60.64,60.64,0,,,53.38,,0,,0,,,,,
2025-12-10,56.18,56.74,55.68,55.87,12247138,54.93,54.68,1.58,43.79,53.21,57.53,60.64,60.64,0,,,53.21,,0,,0,,,,,
2025-12-11,56.1,56.89,55.7,56.59,13418511,54.98,54.68,1.55,47.74,53.69,57.45,60.64,60.64,0,,,53.69,,0,,0,,,,,
2025-12-12,56.64,56.84,56.05,56.18,7201810,55.04,54.68,1.5,45.77,53.46,57.41,60.64,60.64,0,,,53.46,,0,,0,,,,,
2025-12-15,56.15,56.83,55.95,56.54,7468077,55.08,54.68,1.45,47.81,53.73,57.35,60.64,60.64,0,,,53.73,,0,,0,,,,,
2025-12-16,56.28,56.67,55.6,55.67,6302217,55.12,54.68,1.43,43.55,53.18,57.24,60.64,60.64,0,,,53.18,,0,,0,,,,,
2025-12-17,55.69,56.15,55.58,55.89,9771956,55.16,54.68,1.37,44.88,53.36,57.18,60.58,60.64,0,,,53.36,,0,,0,,,,,
2025-12-18,55.89,55.95,55.16,55.54,7248719,55.2,54.68,1.32,43.13,53.17,57.15,60.02,60.58,0,,,53.17,,0,,0,,,,,
2025-12-19,55.49,56.56,55.49,56.45,8998094,55.24,54.68,1.31,48.74,53.77,57.07,60.02,60.02,0,,,53.77,,0,,0,,,,,
2025-12-22,56.31,56.96,56.17,56.81,9605360,55.27,54.68,1.27,50.8,54.02,57.05,60.02,60.02,0,,,54.02,,0,,0,,,,,
2025-12-23,56.93,57.23,56.66,56.84,7354932,55.32,54.68,1.22,50.98,54.08,57.07,60.02,60.02,0,,,54.08,,0,,0,,,,,
2025-12-24,56.98,57.02,56.32,56.4,5102637,55.35,54.68,1.18,48.23,53.82,57.06,59.36,60.02,0,,,53.82,,0,,0,,,,,
2025-12-26,56.39,56.79,56.04,56.14,7175248,55.4,54.68,1.15,46.64,53.67,57.06,58.79,59.36,0,,,53.67,,0,,0,,,,,
2025-12-29,56.15,57.21,56.08,56.9,10337708,55.44,54.68,1.15,51.67,54.16,57.06,58.79,58.79,0,,,54.16,,0,,0,,,,,
2025-12-30,56.9,59.99,56.43,59.6,40215113,55.5,54.68,1.32,64.5,55.79,57.08,59.99,58.79,1,59.6,55.79,55.79,55.79,1,2025-12-30,0,,,58,,
2025-12-31,59.6,61.71,59.37,61.12,47410686,55.58,55.16,1.4,69.42,56.88,57.13,61.71,59.99,0,,,56.88,56.88,1,2025-12-30,0,,,58,,
2026-01-01,61.51,62.88,60.52,62.68,31800785,55.66,55.16,1.46,73.48,57.84,57.21,62.88,61.71,0,,,57.84,57.84,1,2025-12-30,0,,,58,,
2026-01-02,62.75,63.22,62.45,62.97,20256377,55.74,55.16,1.41,74.17,58.06,57.35,63.22,62.88,0,,,58.06,58.06,1,2025-12-30,0,,,58,,
2026-01-05,63.04,64.98,62.66,63.07,25139024,55.81,55.16,1.48,74.42,58.08,57.52,64.98,63.22,0,,,58.08,58.08,1,2025-12-30,0,,,58,,
2026-01-06,63.53,64.07,62.8,63.47,20191411,55.85,55.16,1.46,75.42,58.35,57.73,64.98,64.98,0,,,58.35,58.35,1,2025-12-30,0,,,58,,
2026-01-07,63.47,63.47,62.11,62.38,12560054,55.9,55.16,1.46,67.6,57.65,57.85,64.98,64.98,0,,,57.65,58.35,1,2025-12-30,0,,,58,,
2026-01-08,62.25,62.61,60.87,61.09,18814269,55.93,55.16,1.48,59.71,56.81,57.92,64.98,64.98,0,,,56.81,58.35,1,2025-12-30,0,,,58,,
2026-01-09,61.09,62.94,60.98,61.54,15093484,55.98,55.49,1.51,61.4,57.18,58.02,64.98,64.98,0,,,57.18,58.35,1,2025-12-30,0,,,58,,
2026-01-12,61.97,63.2,61.25,62.81,34563048,56.03,56.04,1.54,65.77,58.16,58.19,64.98,64.98,0,,,58.16,58.35,1,2025-12-30,0,,,58,,
2026-01-13,63.24,64.67,62.74,64.08,51117690,56.09,56.04,1.57,69.49,58.96,58.43,64.98,64.98,0,,,58.96,58.96,1,2025-12-30,0,,,58,,
2026-01-14,65.01,66.73,63.32,64.91,73710924,56.15,56.04,1.7,71.66,59.41,58.7,66.73,64.98,0,,,59.41,59.41,1,2025-12-30,0,,,58,,
2026-01-15,64.91,64.91,64.91,64.91,0,56.22,56.04,1.58,71.66,59.49,59.01,66.73,66.73,0,,,59.49,59.49,1,2025-12-30,0,,,58,,
2026-01-16,65.25,66.4,65.08,65.53,26360763,56.3,56.08,1.57,73.3,59.91,59.32,66.73,66.73,0,,,59.91,59.91,1,2025-12-30,0,,,58,,
2026-01-19,65.82,66.58,65.4,65.77,20429133,56.38,56.43,1.55,73.93,60.2,59.64,66.73,66.73,0,,,60.2,60.2,1,2025-12-30,0,,,58,,
2026-01-20,66.35,66.99,63.6,63.92,22802538,56.45,59.37,1.68,61.82,59.9,59.93,66.99,66.73,0,,,59.9,60.2,1,2025-12-30,0,,,58,,
2026-01-21,63.32,64.75,62.91,63.89,22057186,56.51,60.52,1.69,61.64,60.26,60.19,66.99,66.99,0,,,60.26,60.26,1,2025-12-30,0,,,58,,
2026-01-22,64.5,66.2,64.28,65.79,18274548,56.6,60.87,1.73,67.89,61.57,60.52,66.99,66.99,0,,,61.57,61.57,1,2025-12-30,0,,,58,,
2026-01-23,66.1,67.35,65.1,65.63,27511949,56.68,60.87,1.77,66.9,61.44,60.82,67.35,66.99,0,,,61.44,61.57,1,2025-12-30,0,,,58,,
2026-01-27,65.69,66.12,64.2,65.02,16194335,56.76,60.87,1.78,63.13,61.04,61.11,67.35,67.35,0,,,61.04,61.57,1,2025-12-30,0,,,58,,
2026-01-28,65.05,65.85,64.66,65.58,9579471,56.85,60.87,1.74,65.08,61.43,61.41,67.35,67.35,0,,,61.43,61.57,1,2025-12-30,0,,,58,,
2026-01-29,65.6,67.16,65.08,65.63,15140399,56.93,60.87,1.76,65.25,61.45,61.75,67.35,67.35,0,,,61.45,61.57,1,2025-12-30,0,,,58,,
2026-01-30,65.3,67.03,63.91,65.27,19871420,57.0,60.98,1.86,62.79,61.19,62.06,67.35,67.35,0,,,61.19,61.57,1,2025-12-30,0,,,58,,
2026-02-02,60.48,62.1,59.79,61.35,22016296,57.06,59.79,2.12,43.54,58.09,62.25,67.35,67.35,0,,,58.09,61.57,1,2025-12-30,1,61.57,TRAILING_STOP,58,24,3.3
2026-02-03,64.0,64.75,62.6,63.74,22400851,57.13,59.79,2.21,53.0,59.57,62.49,67.35,67.35,0,,,59.57,,0,,0,,,,,
2026-02-04,63.63,65.5,63.23,65.32,14166921,57.19,59.79,2.21,58.01,60.59,62.78,67.35,67.35,0,,,60.59,,0,,0,,,,,
2026-02-05,65.57,66.04,64.69,64.95,9053574,57.24,59.79,2.15,56.49,60.39,63.05,67.35,67.35,0,,,60.39,,0,,0,,,,,
2026-02-06,64.89,65.85,64.78,65.52,11525371,57.3,59.79,2.08,58.3,60.81,63.35,67.35,67.35,0,,,60.81,,0,,0,,,,,
2026-02-09,66.7,67.44,65.76,66.27,16438283,57.37,59.79,2.06,60.63,61.3,63.69,67.44,67.35,0,,,61.3,,0,,0,,,,,
2026-02-10,66.61,67.7,65.47,67.04,16462825,57.44,59.79,2.08,62.91,61.79,64.03,67.7,67.44,0,,,61.79,,0,,0,,,,,
2026-02-11,67.06,67.27,65.73,66.24,8706342,57.5,59.79,2.04,59.08,61.3,64.25,67.7,67.7,0,,,61.3,,0,,0,,,,,
2026-02-12,66.2,67.15,65.04,65.59,12840344,57.56,59.79,2.04,56.09,60.87,64.4,67.7,67.7,0,,,60.87,,0,,0,,,,,
2026-02-13,65.4,66.0,64.79,65.62,7669967,57.63,59.79,1.98,56.2,60.93,64.5,67.7,67.7,0,,,60.93,,0,,0,,,,,
