Date,Open,High,Low,Close,Volume,SMA150,MA30,DonchianLow15,DonchianHigh20,DonchianHigh20_prev,ATR14,RSI14,BuyCall,EntryPrice,CandidateStop,StopLoss_Entry,TrailingStop,InPosition,TradeId,EntryDate,ExitSignal,ExitPrice,ExitReason,HoldingDays,PnL_pct
2006-01-02,159.92,160.59,157.41,157.82,980442,,,,,,,,0,,,,,0,,,0,,,,
2006-01-03,158.62,159.48,157.72,158.37,1052703,,,,,,,,0,,,,,0,,,0,,,,
2006-01-04,158.62,161.22,158.62,160.05,1227186,,,,,,,,0,,,,,0,,,0,,,,
2006-01-05,160.05,162.5,159.4,159.88,1992978,,,,,,,,0,,,,,0,,,0,,,,
2006-01-06,159.86,160.44,156.64,159.13,4256775,,,,,,,,0,,,,,0,,,0,,,,
2006-01-09,160.03,161.13,156.9,158.02,1990971,,,,,,,,0,,,,,0,,,0,,,,
2006-01-10,157.74,159.06,154.73,155.84,1483389,,,,,,,,0,,,,,0,,,0,,,,
2006-01-12,156.11,157.33,147.04,154.38,2792349,,,,,,,,0,,,,,0,,,0,,,,
2006-01-13,155.43,157.33,154.3,156.14,1395351,,,,,,,,0,,,,,0,,,0,,,,
2006-01-16,155.86,160.33,155.86,159.54,1428354,,,,,,,,0,,,,,0,,,0,,,,
2006-01-17,159.54,162.08,158.19,160.55,2147895,,,,,,,,0,,,,,0,,,0,,,,
2006-01-18,158.19,162.51,156.29,158.41,2003256,,,,,,,,0,,,,,0,,,0,,,,
2006-01-19,158.94,165.35,157.5,164.52,5931486,,,,,,,,0,,,,,0,,,0,,,,
2006-01-20,165.54,166.4,160.96,161.56,4162005,,,,,,4.32,,0,,,,,0,,,0,,,,
2006-01-23,162.4,165.54,160.37,161.3,3872628,,,147.04,,,4.38,62.73,0,,150.13,,,0,,,0,,,,
2006-01-24,162.77,168.77,161.91,167.83,4105872,,,147.04,,,4.6,72.1,0,,154.19,,,0,,,0,,,,
2006-01-25,168.77,178.07,168.13,176.55,7801650,,,147.04,,,5.01,79.51,0,,159.55,,,0,,,0,,,,
2006-01-27,178.07,186.37,178.07,184.6,5805981,,,147.04,,,5.35,83.79,0,,164.51,,,0,,,0,,,,
2006-01-30,186.37,200.03,179.8,182.03,2825334,,,147.04,,,6.41,78.18,0,,162.15,,,0,,,0,,,,
2006-01-31,182.83,191.46,181.63,187.76,2633769,,,147.04,200.03,,6.66,81.2,0,,165.68,,,0,,,0,,,,
2006-02-01,188.45,206.17,188.45,197.38,13482810,,,147.04,206.17,200.03,7.5,84.97,0,,171.33,,,0,,,0,,,,
2006-02-02,191.46,201.15,191.46,192.83,5144769,,,147.04,206.17,206.17,7.65,77.1,0,,168.29,,,0,,,0,,,,
2006-02-03,192.77,194.56,187.68,190.4,4757499,,,154.3,206.17,206.17,7.6,73.2,0,,169.18,,,0,,,0,,,,
2006-02-06,191.45,200.46,190.18,195.05,6094701,,,155.86,206.17,206.17,7.79,75.73,0,,172.57,,,0,,,0,,,,
2006-02-07,195.36,197.52,194.03,196.78,3301182,,,156.29,206.17,206.17,7.48,76.61,0,,174.03,,,0,,,0,,,,
2006-02-08,196.66,197.09,188.79,190.55,5376609,,,156.29,206.17,206.17,7.54,67.13,0,,169.97,,,0,,,0,,,,
2006-02-10,194.3,200.55,192.34,199.84,7431237,,,157.5,206.17,206.17,7.72,72.58,0,,176.25,,,0,,,0,,,,
2006-02-13,200.55,217.84,199.25,216.0,10589409,,,160.37,217.84,206.17,8.49,79.08,0,,187.11,,,0,,,0,,,,
2006-02-14,216.97,216.97,205.3,207.55,7804539,,,160.37,217.84,217.84,8.72,69.77,0,,181.51,,,0,,,0,,,,
2006-02-15,209.89,213.95,200.32,204.71,7527303,,175.85,161.91,217.84,217.84,9.07,66.91,0,,179.96,,,0,,,0,,,,
2006-02-16,207.46,208.58,201.0,201.92,4140531,,177.32,168.13,217.84,217.84,8.96,64.14,0,,180.31,,,0,,,0,,,,
2006-02-17,203.92,204.85,195.79,197.73,5914350,,178.63,178.07,217.84,217.84,8.97,60.11,0,,180.91,,,0,,,0,,,,
2006-02-20,199.24,199.25,191.47,194.49,4932756,,179.78,179.8,217.84,217.84,8.89,57.12,0,,179.46,,,0,,,0,,,,
2006-02-21,195.75,203.57,194.93,201.91,6702453,,181.18,181.63,217.84,217.84,8.9,61.81,0,,184.84,,,0,,,0,,,,
2006-02-22,201.21,209.19,197.52,199.1,8063802,,182.51,187.68,217.84,217.84,9.1,59.17,0,,184.91,,,0,,,0,,,,
2006-02-23,202.69,204.59,197.52,198.61,4696380,,183.86,187.68,217.84,217.84,8.95,58.7,0,,184.69,,,0,,,0,,,,
2006-02-24,204.69,204.69,198.83,202.62,4380156,,185.42,187.68,217.84,217.84,8.75,61.4,0,,187.42,,,0,,,0,,,,
2006-02-27,203.57,206.55,201.85,205.06,5346702,,187.11,188.79,217.84,217.84,8.46,62.99,0,,189.55,,,0,,,0,,,,
2006-02-28,206.55,210.75,203.62,207.2,8323713,,188.81,188.79,217.84,217.84,8.36,64.37,0,,191.0,,,0,,,0,,,,
2006-03-01,208.76,214.24,207.9,211.75,5453901,,190.55,188.79,217.84,217.84,8.27,67.18,0,,194.0,,,0,,,0,,,,
2006-03-02,213.52,220.34,212.66,213.8,7698447,,192.33,191.47,220.34,217.84,8.29,68.39,0,,196.2,,,0,,,0,,,,
2006-03-03,214.12,216.89,207.57,208.28,5839074,,193.99,191.47,220.34,220.34,8.37,61.79,0,,192.59,,,0,,,0,,,,
2006-03-06,213.34,213.34,207.46,208.69,4177404,,195.46,191.47,220.34,220.34,8.19,62.08,0,,192.97,,,0,,,0,,,,
2006-03-07,208.67,218.27,208.67,216.09,6144741,,197.28,191.47,220.34,220.34,8.29,67.0,0,,197.68,,,0,,,0,,,,
2006-03-08,218.27,220.84,209.65,210.84,8067357,,198.93,191.47,220.84,220.34,8.5,60.96,0,,194.15,,,0,,,0,,,,
2006-03-09,210.84,213.07,205.92,211.37,5047614,,200.38,191.47,220.84,220.84,8.4,61.34,0,,194.56,,,0,,,0,,,,
2006-03-10,214.12,218.7,211.87,217.53,4112802,,201.75,191.47,220.84,220.84,8.32,65.53,0,,198.58,,,0,,,0,,,,
2006-03-13,217.41,222.58,217.41,219.27,4429467,,202.9,194.93,222.58,220.84,8.1,66.62,0,,201.01,,,0,,,0,,,,
2006-03-14,220.43,221.12,216.45,219.75,3305268,,204.16,197.52,222.58,222.58,7.85,66.94,0,,202.34,,,0,,,0,,,,
2006-03-16,220.43,226.05,214.95,216.61,5297247,,205.12,197.52,226.05,222.58,8.09,62.79,0,,200.16,,,0,,,0,,,,
2006-03-17,217.15,220.43,212.22,213.32,3931596,,205.66,198.83,226.05,226.05,8.09,58.68,0,,198.47,,,0,,,0,,,,
2006-03-20,216.11,216.11,209.71,211.52,3571263,,206.28,201.85,226.05,226.05,7.97,56.5,0,,198.4,,,0,,,0,,,,
2006-03-21,214.21,217.41,211.35,212.91,5416173,,207.03,203.62,226.05,226.05,7.84,57.8,0,,199.98,,,0,,,0,,,,
2006-03-22,212.74,213.52,205.3,206.44,4736079,,207.41,205.3,226.05,226.05,7.86,50.26,0,,196.34,,,0,,,0,,,,
2006-03-23,211.61,211.61,206.05,207.57,3224529,,207.77,205.3,226.05,226.05,7.7,51.45,0,,197.18,,,0,,,0,,,,
2006-03-24,208.33,212.45,207.03,211.48,2938401,,208.47,205.3,226.05,226.05,7.54,55.43,0,,199.81,,,0,,,0,,,,
2006-03-27,215.16,215.16,211.48,212.68,2051334,,208.89,205.3,226.05,226.05,7.26,56.61,0,,200.77,,,0,,,0,,,,
2006-03-28,213.17,213.95,207.46,209.22,2990763,,208.67,205.3,226.05,226.05,7.21,52.32,0,,198.58,,,0,,,0,,,,
2006-03-29,209.37,210.92,207.04,208.73,2801025,,208.71,205.3,226.05,226.05,6.97,51.73,0,,198.42,,,0,,,0,,,,
2006-03-30,210.4,216.55,207.69,213.98,2630673,,209.02,205.3,226.05,226.05,7.1,57.34,0,,201.71,,,0,,,0,,,,
2006-03-31,209.58,214.35,208.95,210.29,2954754,,209.29,205.3,226.05,226.05,6.98,52.7,0,,199.42,,,0,,,0,,,,
2006-04-03,212.54,216.97,210.49,215.9,3542121,,209.9,205.3,226.05,226.05,6.96,58.24,0,,203.05,,,0,,,0,,,,
2006-04-04,216.11,223.02,216.11,219.09,3491199,,210.72,205.3,226.05,226.05,6.97,61.03,0,,205.1,,,0,,,0,,,,
2006-04-05,220.43,228.99,218.96,228.37,7346763,,211.6,205.3,228.99,226.05,7.19,67.78,0,,210.94,,,0,,,0,,,,
2006-04-07,229.08,237.29,218.7,228.19,8382015,,212.57,205.3,237.29,228.99,8.0,67.53,0,,210.28,,,0,,,0,,,,
2006-04-10,228.82,231.24,225.62,229.51,3687309,,213.6,205.3,237.29,237.29,7.83,68.43,0,,211.24,,,0,,,0,,,,
2006-04-12,230.8,231.19,219.16,221.07,4843188,,214.22,205.3,237.29,237.29,8.13,57.48,0,,205.6,,,0,,,0,,,,
2006-04-13,222.13,222.99,209.45,215.49,5269707,,214.56,205.3,237.29,237.29,8.52,51.6,0,,201.74,,,0,,,0,,,,
2006-04-17,217.49,221.19,215.24,219.48,2126412,,214.97,206.05,237.29,237.29,8.34,55.13,0,,204.69,,,0,,,0,,,,
2006-04-18,221.19,228.99,221.12,227.67,5472099,,215.5,207.03,237.29,237.29,8.42,61.37,0,,210.24,,,0,,,0,,,,
2006-04-19,228.56,229.98,223.11,228.88,2427939,,216.01,207.04,237.29,237.29,8.31,62.2,0,,211.1,,,0,,,0,,,,
2006-04-20,229.42,230.8,226.5,229.37,1847349,,216.71,207.04,237.29,237.29,8.02,62.56,0,,211.61,,,0,,,0,,,,
2006-04-21,226.48,235.56,226.48,233.9,3340908,,217.55,207.04,237.29,237.29,8.1,65.75,0,,214.48,,,0,,,0,,,,
2006-04-24,235.56,241.07,231.67,238.84,3675177,,218.31,207.69,241.07,237.29,8.19,68.86,0,,217.82,,,0,,,0,,,,
2006-04-25,239.28,239.28,231.67,232.41,2300427,,219.03,208.95,241.07,241.07,8.15,61.08,0,,214.12,,,0,,,0,,,,
2006-04-26,231.67,233.74,227.87,229.97,4652163,,219.65,209.45,241.07,241.07,7.99,58.38,0,,212.82,,,0,,,0,,,,
2006-04-27,232.1,237.01,231.67,234.35,2485260,,220.21,209.45,241.07,241.07,7.92,61.65,0,,215.69,,,0,,,0,,,,
2006-04-28,229.21,236.72,212.22,232.95,2963511,,220.66,209.45,241.07,241.07,9.1,60.03,0,,214.0,,,0,,,0,,,,
2006-05-02,235.56,239.62,233.86,235.55,1778922,,221.19,209.45,241.07,241.07,8.93,62.03,0,,215.79,,,0,,,0,,,,
2006-05-03,236.83,238.39,229.85,232.24,1954098,,221.71,209.45,241.07,241.07,8.9,58.04,0,,213.68,,,0,,,0,,,,
2006-05-04,233.22,235.9,227.1,228.04,2826324,,222.2,209.45,241.07,241.07,8.89,53.36,0,,210.97,,,0,,,0,,,,
2006-05-05,229.08,237.5,229.08,236.34,3150018,,223.03,209.45,241.07,241.07,8.94,60.2,0,,216.3,,,0,,,0,,,,
2006-05-08,237.46,238.14,232.97,235.09,1617696,,223.77,212.22,241.07,241.07,8.67,58.8,0,,216.6,,,0,,,0,,,,
2006-05-09,237.03,241.95,234.09,240.13,3167604,,224.89,212.22,241.95,241.07,8.61,62.57,0,,219.88,,,0,,,0,,,,
2006-05-10,240.31,245.07,240.31,243.25,2545785,,226.08,212.22,245.07,241.95,8.35,64.73,0,,222.07,,,0,,,0,,,,
2006-05-11,240.31,243.68,236.56,238.94,932733,,227.0,212.22,245.07,245.07,8.26,59.62,0,,219.35,,,0,,,0,,,,
2006-05-12,237.55,251.46,234.4,245.3,4718160,,228.08,212.22,251.46,245.07,8.89,64.12,0,,223.03,,,0,,,0,,,,
2006-05-15,242.04,245.5,230.37,233.94,3475575,,228.91,212.22,251.46,251.46,9.33,52.81,0,,215.41,,,0,,,0,,,,
2006-05-16,235.88,235.88,214.38,227.5,5198166,,229.53,212.22,251.46,251.46,10.2,47.67,0,,210.68,,,0,,,0,,,,
2006-05-17,233.39,235.73,229.08,232.11,2701701,,230.14,212.22,251.46,251.46,10.06,51.32,0,,213.74,,,0,,,0,,,,
2006-05-18,230.81,230.81,216.54,219.77,4586607,,230.45,212.22,251.46,251.46,10.46,42.73,0,,205.52,,,0,,,0,,,,
2006-05-19,222.16,229.08,197.97,214.41,4828230,,230.41,197.97,251.46,251.46,11.93,39.63,0,,196.33,,,0,,,0,,,,
2006-05-22,221.43,221.43,171.53,201.03,4801680,,229.8,171.53,251.46,251.46,14.64,33.16,0,,177.08,,,0,,,0,,,,
2006-05-23,207.03,209.63,188.45,201.82,4900671,,228.92,171.53,251.46,251.46,15.11,33.84,0,,177.28,,,0,,,0,,,,
2006-05-24,203.14,205.3,192.77,196.23,5487651,,227.85,171.53,251.46,251.46,14.93,31.39,0,,173.79,,,0,,,0,,,,
2006-05-25,195.28,209.02,188.02,198.06,10783971,,226.8,171.53,251.46,251.46,15.36,33.1,0,,174.69,,,0,,,0,,,,
2006-05-26,207.46,214.38,200.98,203.32,7141464,,226.21,171.53,251.46,251.46,15.43,37.9,0,,178.03,,,0,,,0,,,,
2006-05-29,204.01,213.08,204.01,211.34,4541967,,226.07,171.53,251.46,251.46,15.02,44.44,0,,183.48,,,0,,,0,,,,
2006-05-30,213.08,216.11,210.67,211.87,4328190,,225.82,171.53,251.46,251.46,14.34,44.86,0,,184.27,,,0,,,0,,,,
2006-05-31,207.46,209.19,198.82,200.41,4227345,,224.91,171.53,251.46,251.46,14.25,38.23,0,,176.94,,,0,,,0,,,,
2006-06-01,200.99,205.91,187.15,188.7,5663493,,223.57,171.53,251.46,251.46,14.57,32.88,0,,169.18,,,0,,,0,,,,
2006-06-02,191.04,198.73,184.25,189.51,4212963,,222.24,171.53,251.46,251.46,14.56,33.58,0,,169.7,,,0,,,0,,,,
2006-06-05,192.77,200.98,190.44,196.08,5676021,,220.98,171.53,251.46,251.46,14.34,39.06,0,,174.09,,,0,,,0,,,,
2006-06-06,192.77,194.5,182.48,184.04,6504210,,219.16,171.53,251.46,251.46,14.29,33.59,0,,166.36,,,0,,,0,,,,
2006-06-07,189.31,191.82,167.7,172.15,9492327,,217.15,167.7,251.46,251.46,14.99,29.23,0,,156.94,,,0,,,0,,,,
2006-06-08,172.02,176.78,160.36,162.68,11078505,,214.9,160.36,251.46,251.46,15.09,26.3,0,,148.32,,,0,,,0,,,,
2006-06-09,163.38,182.82,163.38,175.04,7563654,,212.93,160.36,245.5,251.46,15.45,35.4,0,,156.05,,,0,,,0,,,,
2006-06-12,178.85,180.49,168.31,170.42,5839506,,210.84,160.36,235.88,245.5,15.22,33.72,0,,153.23,,,0,,,0,,,,
2006-06-13,168.31,168.31,156.87,159.85,4793994,,208.32,156.87,235.73,235.88,15.1,30.2,0,,145.33,,,0,,,0,,,,
2006-06-14,159.01,167.44,157.33,158.71,4697775,,205.87,156.87,230.81,235.73,14.74,29.84,0,,144.83,,,0,,,0,,,,
2006-06-15,162.51,183.09,161.6,177.05,7724349,,204.17,156.87,229.08,230.81,15.43,41.9,0,,156.2,,,0,,,0,,,,
2006-06-16,182.12,191.73,177.3,181.3,10826487,,202.34,156.87,221.43,229.08,15.38,44.29,0,,158.98,,,0,,,0,,,,
2006-06-19,177.3,183.27,169.86,177.48,4962150,,200.41,156.87,216.11,221.43,15.24,42.59,0,,156.61,,,0,,,0,,,,
2006-06-20,179.37,179.37,166.51,169.51,4653936,,198.06,156.87,216.11,216.11,15.07,39.22,0,,151.58,,,0,,,0,,,,
2006-06-21,168.56,176.17,167.7,175.14,4211676,,195.79,156.87,216.11,216.11,14.6,42.67,0,,155.52,,,0,,,0,,,,
2006-06-22,177.38,190.18,177.38,189.44,6281019,,194.14,156.87,216.11,216.11,14.63,50.39,0,,164.73,,,0,,,0,,,,
2006-06-23,186.72,189.23,178.94,187.74,4602690,,192.22,156.87,216.11,216.11,14.33,49.53,0,,163.83,,,0,,,0,,,,
2006-06-26,188.88,189.66,178.61,179.88,3986532,,190.42,156.87,216.11,216.11,14.1,45.68,0,,158.91,,,0,,,0,,,,
2006-06-27,184.82,184.99,178.55,180.17,3683061,,188.84,156.87,209.19,216.11,13.55,45.85,0,,159.47,,,0,,,0,,,,
2006-06-28,175.65,179.46,174.18,178.93,1955970,,187.07,156.87,205.91,209.19,13.01,45.21,0,,159.03,,,0,,,0,,,,
2006-06-29,179.46,185.42,179.46,183.57,2639844,,185.86,156.87,200.98,205.91,12.55,48.13,0,,162.33,,,0,,,0,,,,
2006-06-30,189.05,194.43,188.45,193.81,3655791,,185.18,156.87,200.98,200.98,12.43,53.97,0,,169.01,,,0,,,0,,,,
2006-07-03,194.43,197.85,191.9,196.33,1938627,,185.02,156.87,197.85,200.98,11.96,55.3,0,,170.95,,,0,,,0,,,,
2006-07-04,197.31,200.55,188.88,189.47,3477843,,184.61,157.33,200.55,197.85,11.94,50.97,0,,166.69,,,0,,,0,,,,
2006-07-05,190.18,203.23,183.26,196.75,3812895,,184.62,161.6,203.23,200.55,12.52,55.0,0,,172.43,,,0,,,0,,,,
2006-07-06,194.5,195.36,189.4,191.39,3797856,,184.4,166.51,203.23,203.23,12.15,51.64,0,,170.85,,,0,,,0,,,,
2006-07-07,192.34,195.88,185.08,187.8,3199680,,183.89,166.51,203.23,203.23,12.05,49.46,0,,168.6,,,0,,,0,,,,
2006-07-10,187.93,189.26,184.56,188.31,2651022,,183.12,166.51,203.23,203.23,11.53,49.78,0,,169.28,,,0,,,0,,,,
2006-07-11,187.92,188.71,186.29,187.7,1266795,,182.31,167.7,203.23,203.23,10.87,49.37,0,,169.72,,,0,,,0,,,,
2006-07-12,186.29,196.14,182.5,195.34,3762369,,182.14,174.18,203.23,203.23,11.07,54.41,0,,176.67,,,0,,,0,,,,
2006-07-13,194.4,195.79,190.18,194.74,3462192,,182.34,174.18,203.23,203.23,10.68,53.96,0,,176.55,,,0,,,0,,,,
2006-07-14,193.54,193.54,186.72,189.74,2397006,,182.35,174.18,203.23,203.23,10.49,50.2,0,,173.45,,,0,,,0,,,,
2006-07-17,189.69,189.69,182.85,184.08,2489202,,181.95,174.18,203.23,203.23,10.23,46.27,0,,169.97,,,0,,,0,,,,
2006-07-18,185.4,187.5,177.3,178.97,3244077,,181.78,174.18,203.23,203.23,10.23,42.99,0,,166.67,,,0,,,0,,,,
2006-07-19,181.44,182.99,174.62,177.1,3433113,,181.95,174.62,203.23,203.23,10.1,41.82,0,,165.7,,,0,,,0,,,,
2006-07-20,182.48,185.34,181.1,184.49,1997316,,182.68,174.62,203.23,203.23,9.97,47.85,0,,170.56,,,0,,,0,,,,
2006-07-21,183.26,183.69,173.49,174.91,3351897,,182.67,173.49,203.23,203.23,10.04,41.81,0,,163.95,,,0,,,0,,,,
2006-07-24,173.85,181.18,169.01,178.62,5546898,,182.94,169.01,203.23,203.23,10.19,44.72,0,,164.75,,,0,,,0,,,,
2006-07-25,181.18,184.04,178.95,182.79,3174984,,183.71,169.01,203.23,203.23,9.85,47.87,0,,167.67,,,0,,,0,,,,
2006-07-26,183.35,187.58,180.68,186.53,2538324,,184.64,169.01,203.23,203.23,9.64,50.6,0,,170.22,,,0,,,0,,,,
2006-07-27,187.24,190.87,187.24,190.12,2243259,,185.07,169.01,203.23,203.23,9.26,53.13,0,,172.79,,,0,,,0,,,,
2006-07-28,191.82,191.82,186.89,188.86,1374588,,185.32,169.01,203.23,203.23,8.95,52.12,0,,172.18,,,0,,,0,,,,
2006-07-31,191.46,192.25,189.51,191.0,1814850,,185.77,169.01,203.23,203.23,8.56,53.73,0,,173.83,,,0,,,0,,,,
2006-08-01,190.17,195.79,188.54,194.4,5266998,,186.6,169.01,203.23,203.23,8.46,56.25,0,,176.08,,,0,,,0,,,,
2006-08-02,195.79,206.6,191.99,196.23,2846448,,187.31,169.01,206.6,203.23,8.9,57.58,0,,176.97,,,0,,,0,,,,
2006-08-03,195.97,201.15,194.5,196.09,3629205,,187.53,169.01,206.6,206.6,8.74,57.44,0,,176.99,,,0,,,0,,,,
2006-08-04,196.23,199.25,191.08,193.27,2633292,,187.71,169.01,206.6,206.6,8.7,54.47,0,,175.2,,,0,,,0,,,,
2006-08-07,193.63,196.2,188.36,191.44,3438999,,188.1,169.01,206.6,206.6,8.64,52.57,0,,174.06,,,0,,,0,,,,
2006-08-08,191.1,198.65,191.04,197.36,2129868,,188.67,169.01,206.6,206.6,8.56,57.71,0,,177.92,,,0,,,0,,,,
2006-08-09,197.08,201.24,195.62,200.52,4215375,198.29,189.39,169.01,206.6,206.6,8.35,60.18,0,,180.1,,,0,,,0,,,,
2006-08-10,198.82,203.14,196.66,200.58,2660328,198.58,189.96,169.01,206.6,206.6,8.22,60.23,0,,180.23,,,0,,,0,,,,
2006-08-11,200.81,207.38,197.78,200.6,3846672,198.86,190.18,169.01,207.38,206.6,8.32,60.25,0,,180.18,,,0,,,0,,,,
2006-08-14,202.29,202.81,199.46,201.39,2051487,199.13,190.35,178.95,207.38,207.38,7.96,60.96,0,,184.24,,,0,,,0,,,,
2006-08-16,203.0,209.01,202.16,207.84,3310299,199.45,190.97,180.68,209.01,207.38,7.94,66.28,1,207.84,188.99,188.99,188.99,1,1,2006-08-16,0,,,,
2006-08-17,208.17,210.76,206.51,209.04,3508947,199.79,191.38,186.89,210.76,209.01,7.68,67.17,0,,192.01,,192.01,1,1,2006-08-16,0,,,,
2006-08-18,209.31,211.02,204.49,205.92,1659609,200.11,191.86,186.89,211.02,210.76,7.59,62.52,0,,190.05,,192.01,1,1,2006-08-16,0,,,,
2006-08-21,207.79,208.01,205.54,206.75,1569852,200.45,192.49,188.36,211.02,211.02,7.23,63.25,0,,191.32,,192.01,1,1,2006-08-16,0,,,,
2006-08-22,206.15,211.63,206.15,209.11,3077352,200.81,193.18,188.36,211.63,211.02,7.1,65.32,0,,192.93,,192.93,1,1,2006-08-16,0,,,,
2006-08-23,208.75,209.36,205.27,205.97,1081971,201.14,193.79,188.36,211.63,211.63,6.89,60.45,0,,191.05,,192.93,1,1,2006-08-16,0,,,,
2006-08-24,205.08,206.82,202.74,206.29,2052531,201.45,194.16,188.36,211.63,211.63,6.69,60.77,0,,191.39,,192.93,1,1,2006-08-16,0,,,,
2006-08-25,205.72,208.58,203.43,205.02,1913490,201.75,194.5,188.36,211.63,211.63,6.58,58.73,0,,190.64,,192.93,1,1,2006-08-16,0,,,,
2006-08-28,206.31,211.2,204.35,210.79,2705472,202.1,195.2,188.36,211.63,211.63,6.6,64.55,0,,194.35,,194.35,1,1,2006-08-16,0,,,,
2006-08-29,222.54,222.54,211.03,212.41,2700972,202.42,196.15,191.04,222.54,211.63,6.97,66.0,1,212.41,196.04,196.04,196.04,1,1,2006-08-16,0,,,,
2006-08-30,213.46,213.64,210.76,212.11,1678446,202.76,197.25,195.62,222.54,222.54,6.67,65.46,0,,197.57,,197.57,1,1,2006-08-16,0,,,,
2006-08-31,212.68,213.81,208.75,209.78,1740186,203.08,198.34,196.66,222.54,222.54,6.56,61.32,0,,196.49,,197.57,1,1,2006-08-16,0,,,,
2006-09-01,210.33,212.85,209.19,211.99,2225214,203.37,199.26,197.78,222.54,222.54,6.35,63.67,0,,198.43,,198.43,1,1,2006-08-16,0,,,,
2006-09-04,213.55,217.3,212.85,216.89,3128382,203.64,200.66,199.46,222.54,222.54,6.28,68.27,0,,202.2,,202.2,1,1,2006-08-16,0,,,,
2006-09-05,216.89,217.3,214.69,215.18,2134251,203.85,201.88,202.16,222.54,222.54,6.01,65.17,0,,202.17,,202.2,1,1,2006-08-16,0,,,,
2006-09-06,215.56,224.72,214.69,223.07,6196311,204.12,203.22,202.74,224.72,222.54,6.3,71.58,1,223.07,207.26,207.26,207.26,1,1,2006-08-16,0,,,,
2006-09-07,222.44,228.99,218.61,224.09,6806790,204.36,204.47,202.74,228.99,224.72,6.59,72.29,0,,207.72,,207.72,1,1,2006-08-16,0,,,,
2006-09-08,224.73,228.13,220.8,222.74,3551526,204.53,205.56,202.74,228.99,228.99,6.65,69.81,0,,206.82,,207.72,1,1,2006-08-16,0,,,,
2006-09-11,223.41,226.47,214.69,215.3,5852439,204.68,206.44,202.74,228.99,228.99,7.01,57.97,0,,201.77,,207.72,1,1,2006-08-16,0,,,,
2006-09-12,217.1,217.26,212.68,214.61,4407741,204.84,207.23,202.74,228.99,228.99,6.84,57.0,0,,201.44,,207.72,1,1,2006-08-16,0,,,,
2006-09-13,215.69,222.1,215.69,220.3,3628035,205.01,208.09,202.74,228.99,228.99,6.89,62.54,0,,205.08,,207.72,1,1,2006-08-16,0,,,,
2006-09-14,222.53,223.41,218.61,221.35,3851352,205.17,208.93,203.43,228.99,228.99,6.74,63.48,0,,206.09,,207.72,1,1,2006-08-16,0,,,,
2006-09-15,223.41,232.13,219.59,230.49,11304531,205.44,210.07,204.35,232.13,228.99,7.15,70.41,1,230.49,212.02,212.02,212.02,1,1,2006-08-16,0,,,,
2006-09-18,230.83,236.88,230.44,235.13,8340300,205.68,211.47,208.75,236.88,232.13,7.1,73.19,0,,216.51,,216.51,1,1,2006-08-16,0,,,,
2006-09-19,236.5,237.73,229.09,230.86,6889239,205.78,212.78,208.75,237.73,236.88,7.21,66.95,0,,213.68,,216.51,1,1,2006-08-16,0,,,,
2006-09-20,226.9,235.98,226.9,235.23,7469406,205.96,214.04,208.75,237.73,237.73,7.34,69.79,0,,216.41,,216.51,1,1,2006-08-16,0,,,,
2006-09-21,236.5,238.16,232.96,234.49,6910659,206.16,215.18,209.19,238.16,237.73,7.19,68.71,0,,216.18,,216.51,1,1,2006-08-16,0,,,,
2006-09-22,235.55,235.55,230.66,232.04,7348626,206.36,216.23,212.68,238.16,238.16,7.03,65.13,0,,215.88,,216.51,1,1,2006-08-16,0,,,,
2006-09-25,232.57,232.92,227.04,227.89,5699925,206.56,217.14,212.68,238.16,238.16,6.94,59.48,0,,213.25,,216.51,1,1,2006-08-16,0,,,,
2006-09-26,229.97,231.1,228.13,228.59,7028352,206.79,218.04,212.68,238.16,238.16,6.68,60.11,0,,213.88,,216.51,1,1,2006-08-16,0,,,,
2006-09-27,115.2,115.58,112.72,113.0,7589664,206.19,214.88,112.72,238.16,238.16,14.48,15.99,0,,100.81,,216.51,1,1,2006-08-16,1,216.51,TRAILING_STOP|SMA150_BREAK,31,4.17
2006-09-28,235.09,235.09,219.75,220.46,6826203,206.34,215.26,112.72,238.16,238.16,22.16,51.58,0,,164.99,,,0,,,0,,,,
2006-09-29,224.18,224.18,220.32,222.1,1946308,206.49,215.8,112.72,238.16,238.16,20.86,51.91,0,,166.92,,,0,,,0,,,,
2006-10-03,223.41,236.85,217.92,218.59,2416266,206.6,216.2,112.72,238.16,238.16,20.72,51.1,0,,164.75,,,0,,,0,,,,
2006-10-04,220.27,221.67,214.16,215.05,2145757,206.67,216.39,112.72,238.16,238.16,19.78,50.24,0,,163.1,,,0,,,0,,,,
2006-10-05,215.56,221.14,215.56,220.64,2175390,206.76,216.88,112.72,238.16,238.16,18.8,51.62,0,,167.35,,,0,,,0,,,,
2006-10-06,222.54,223.38,220.65,221.14,1468606,206.82,217.38,112.72,238.16,238.16,17.65,51.75,0,,168.44,,,0,,,0,,,,
2006-10-09,219.92,226.81,216.83,225.37,2451366,206.9,218.06,112.72,238.16,238.16,17.1,52.89,0,,171.54,,,0,,,0,,,,
2006-10-10,226.9,227.69,222.22,223.76,1466185,207.0,218.49,112.72,238.16,238.16,16.27,52.38,0,,171.05,,,0,,,0,,,,
2006-10-11,224.46,226.33,218.22,220.13,2265313,207.08,218.75,112.72,238.16,238.16,15.69,51.19,0,,169.1,,,0,,,0,,,,
2006-10-12,218.35,222.49,217.0,221.94,2001658,207.11,219.07,112.72,238.16,238.16,14.96,51.78,0,,170.75,,,0,,,0,,,,
2006-10-13,223.41,225.11,220.29,221.49,3225379,207.19,219.46,112.72,238.16,238.16,14.24,51.61,0,,170.94,,,0,,,0,,,,
2006-10-16,224.29,229.7,222.07,228.66,4535761,207.3,220.02,112.72,238.16,238.16,13.81,54.15,0,,175.86,,,0,,,0,,,,
2006-10-17,229.0,230.18,224.12,225.41,2864691,207.35,220.3,112.72,238.16,238.16,13.25,52.8,0,,174.13,,,0,,,0,,,,
2006-10-18,225.51,229.57,224.11,227.84,4955890,207.41,220.73,112.72,238.16,238.16,12.7,53.73,0,,176.07,,,0,,,0,,,,
2006-10-19,229.19,230.17,220.8,222.87,5211949,207.43,220.72,214.16,238.16,238.16,12.46,51.49,0,,206.83,,,0,,,0,,,,
2006-10-20,224.29,225.6,222.37,223.35,3250921,207.48,220.69,214.16,236.85,238.16,11.8,51.7,0,,207.58,,,0,,,0,,,,
2006-10-23,226.01,226.01,221.67,222.42,1703367,207.54,220.68,214.16,236.85,236.85,11.27,51.24,0,,207.34,,,0,,,0,,,,
2006-10-26,225.16,225.16,219.75,221.59,4744687,207.6,220.89,214.16,236.85,236.85,10.85,50.8,0,,207.08,,,0,,,0,,,,
2006-10-27,221.84,224.81,219.27,221.47,3058771,207.66,221.12,215.56,236.85,236.85,10.47,50.74,0,,207.72,,,0,,,0,,,,
2006-10-30,221.71,228.2,221.32,227.11,3649468,207.8,221.35,216.83,236.85,236.85,10.21,53.82,0,,211.95,,,0,,,0,,,,
2006-10-31,227.38,230.83,226.21,229.03,3407548,207.94,221.6,216.83,236.85,236.85,9.81,54.86,0,,213.46,,,0,,,0,,,,
2006-11-01,229.52,232.14,227.27,230.68,3018541,208.07,221.61,217.0,236.85,236.85,9.46,55.78,0,,214.82,,,0,,,0,,,,
2006-11-02,232.49,235.46,231.79,233.67,3097746,208.21,221.56,217.0,235.46,236.85,9.13,57.47,0,,216.97,,,0,,,0,,,,
2006-11-03,234.24,234.76,231.99,234.0,3945843,208.38,221.67,217.0,235.46,235.46,8.67,57.66,0,,217.48,,,0,,,0,,,,
2006-11-06,233.71,236.33,233.54,234.51,2468511,208.55,221.64,219.27,236.33,235.46,8.25,57.98,0,,218.85,,,0,,,0,,,,
2006-11-07,235.98,235.98,229.7,230.77,2533963,208.66,221.52,219.27,236.33,236.33,8.11,54.75,0,,216.53,,,0,,,0,,,,
2006-11-08,231.27,232.14,225.16,229.08,2276734,208.78,221.42,219.27,236.33,236.33,8.03,53.3,0,,215.49,,,0,,,0,,,,
2006-11-09,229.52,231.23,227.11,228.79,1864593,208.87,221.45,219.27,236.33,236.33,7.75,53.05,0,,215.49,,,0,,,0,,,,
2006-11-10,228.65,233.97,227.84,233.11,2002036,208.96,221.6,219.27,236.33,236.33,7.63,56.44,0,,218.36,,,0,,,0,,,,
2006-11-13,233.29,235.23,231.66,233.43,1930117,209.0,225.62,219.27,236.33,236.33,7.34,56.69,0,,218.76,,,0,,,0,,,,
2006-11-14,233.89,236.92,232.15,234.95,3223422,209.04,226.1,219.27,236.92,236.33,7.16,57.92,0,,219.86,,,0,,,0,,,,
2006-11-15,235.63,237.38,232.86,235.5,3298351,209.08,226.54,219.27,237.38,236.92,6.97,58.38,0,,220.34,,,0,,,0,,,,
2006-11-16,235.5,237.38,233.89,235.95,3179448,209.18,227.12,219.27,237.38,237.38,6.72,58.78,0,,220.8,,,0,,,0,,,,
2006-11-17,238.23,243.49,235.31,236.29,5720004,209.32,227.83,221.32,243.49,237.38,6.83,59.1,0,,221.63,,,0,,,0,,,,
2006-11-20,237.38,237.38,224.73,231.69,5087794,209.4,228.2,224.73,243.49,243.49,7.24,53.12,0,,219.52,,,0,,,0,,,,
2006-11-21,233.89,236.33,230.05,235.16,3731940,209.45,228.67,224.73,243.49,243.49,7.17,56.68,0,,221.81,,,0,,,0,,,,
2006-11-22,239.12,240.87,235.16,239.81,3824428,209.52,229.15,224.73,243.49,243.49,7.07,60.96,0,,224.87,,,0,,,0,,,,
2006-11-23,241.57,248.36,241.13,244.64,6401304,209.63,229.84,224.73,248.36,243.49,7.18,64.85,1,244.64,227.92,227.92,227.92,1,2,2006-11-23,0,,,,
2006-11-24,245.41,246.1,239.91,241.97,2772346,209.68,230.57,224.73,248.36,248.36,7.11,61.22,0,,226.24,,227.92,1,2,2006-11-23,0,,,,
2006-11-27,241.74,245.58,240.91,243.58,1226088,209.71,231.29,224.73,248.36,248.36,6.93,62.58,0,,227.4,,227.92,1,2,2006-11-23,0,,,,
2006-11-28,240.91,243.47,235.65,241.18,2354161,209.77,231.95,224.73,248.36,248.36,7.0,59.24,0,,225.8,,227.92,1,2,2006-11-23,0,,,,
2006-11-29,241.74,244.36,240.0,240.96,1432885,209.84,232.36,224.73,248.36,248.36,6.81,58.93,0,,225.79,,227.92,1,2,2006-11-23,0,,,,
2006-11-30,244.13,244.13,237.34,238.17,2807122,209.87,232.79,224.73,248.36,248.36,6.81,55.0,0,,223.99,,227.92,1,2,2006-11-23,0,,,,
2006-12-01,241.95,243.31,239.1,240.77,1781280,209.92,233.22,224.73,248.36,248.36,6.69,57.83,0,,225.74,,227.92,1,2,2006-11-23,0,,,,
2006-12-04,241.04,249.39,241.04,248.44,3737533,210.01,234.07,224.73,249.39,248.36,6.83,64.83,1,248.44,230.6,230.6,230.6,1,2,2006-11-23,0,,,,
2006-12-05,249.59,256.33,249.07,255.27,5482408,210.16,235.13,224.73,256.33,249.39,6.91,69.67,0,,234.96,,234.96,1,2,2006-11-23,0,,,,
2006-12-06,255.88,257.45,251.34,255.31,3358665,210.34,236.23,224.73,257.45,256.33,6.85,69.69,0,,235.02,,235.02,1,2,2006-11-23,0,,,,
2006-12-07,256.58,260.07,251.34,256.52,2854413,210.48,237.39,224.73,260.07,257.45,6.98,70.53,0,,235.71,,235.71,1,2,2006-11-23,0,,,,
2006-12-08,256.52,258.32,252.21,253.22,1433970,210.6,238.45,224.73,260.07,260.07,6.92,65.27,0,,233.62,,235.71,1,2,2006-11-23,0,,,,
2006-12-11,253.78,255.01,245.58,250.73,4579681,210.67,239.24,230.05,260.07,260.07,7.1,61.54,0,,233.67,,235.71,1,2,2006-11-23,0,,,,
2006-12-12,251.34,259.84,235.63,243.07,8375976,210.67,239.71,235.16,260.07,260.07,8.32,51.74,0,,229.62,,235.71,1,2,2006-11-23,1,235.71,TRAILING_STOP,14,-3.65
2006-12-13,243.66,251.43,236.03,247.68,4639972,210.73,240.27,235.63,260.07,260.07,8.83,56.25,0,,232.41,,,0,,,0,,,,
2006-12-14,247.86,254.63,247.2,253.45,2493985,210.78,240.93,235.63,260.07,260.07,8.73,61.15,0,,236.2,,,0,,,0,,,,
2006-12-15,255.18,257.27,253.96,254.95,2124216,210.92,241.63,235.63,260.07,260.07,8.38,62.33,0,,237.4,,,0,,,0,,,,
2006-12-18,256.4,257.62,250.93,256.92,2309985,211.12,242.38,235.63,260.07,260.07,8.26,63.88,0,,238.75,,,0,,,0,,,,
2006-12-19,257.45,258.27,244.01,247.19,4920403,211.22,242.93,235.63,260.07,260.07,8.69,52.4,0,,232.19,,,0,,,0,,,,
2006-12-20,246.84,251.64,239.12,246.07,4592979,211.39,243.49,235.63,260.07,260.07,8.96,51.26,0,,231.29,,,0,,,0,,,,
2006-12-21,246.1,247.33,240.87,244.93,2306875,211.6,244.03,235.63,260.07,260.07,8.78,50.06,0,,230.67,,,0,,,0,,,,
2006-12-22,244.01,252.21,244.01,250.25,1721695,211.92,244.6,235.63,260.07,260.07,8.74,55.3,0,,234.13,,,0,,,0,,,,
2006-12-26,251.17,254.13,248.77,253.47,1662763,212.27,245.27,235.63,260.07,260.07,8.5,58.17,0,,236.37,,,0,,,0,,,,
2006-12-27,257.27,257.27,251.51,253.3,1484595,212.65,245.88,235.63,260.07,260.07,8.3,57.95,0,,236.39,,,0,,,0,,,,
2006-12-28,253.61,255.35,249.23,250.68,1982412,213.0,246.39,235.63,260.07,260.07,8.15,54.66,0,,234.8,,,0,,,0,,,,
2006-12-29,251.34,253.42,250.67,252.37,895833,213.33,246.93,235.63,260.07,260.07,7.76,56.38,0,,236.15,,,0,,,0,,,,
2007-01-02,252.56,256.93,251.72,254.86,782302,213.62,247.55,235.63,260.07,260.07,7.58,58.86,0,,237.88,,,0,,,0,,,,
2007-01-03,254.48,259.54,247.85,257.68,3066156,213.92,248.42,235.63,260.07,260.07,7.87,61.53,0,,239.5,,,0,,,0,,,,
2007-01-04,260.02,262.51,258.67,260.65,2979693,214.32,249.27,236.03,262.51,260.07,7.66,64.16,1,260.65,241.69,241.69,241.69,1,3,2007-01-04,0,,,,
2007-01-05,261.81,261.81,255.35,256.72,1553481,214.78,249.83,239.12,262.51,262.51,7.57,58.46,0,,240.24,,241.69,1,3,2007-01-04,0,,,,
2007-01-08,256.75,256.75,250.73,255.13,1603836,215.21,250.18,239.12,262.51,262.51,7.46,56.28,0,,239.29,,241.69,1,3,2007-01-04,0,,,,
2007-01-09,255.99,256.52,248.05,249.76,2013925,215.57,250.44,239.12,262.51,262.51,7.53,49.56,0,,235.78,,241.69,1,3,2007-01-04,0,,,,
2007-01-10,249.94,253.09,244.71,246.11,2252731,215.99,250.53,239.12,262.51,262.51,7.59,45.57,0,,233.39,,241.69,1,3,2007-01-04,0,,,,
2007-01-11,253.45,253.45,244.53,251.22,1209987,216.51,250.86,239.12,262.51,262.51,7.69,51.46,0,,236.62,,241.69,1,3,2007-01-04,0,,,,
2007-01-12,255.39,259.19,251.69,255.91,2665539,217.13,251.36,240.87,262.51,262.51,7.71,56.14,0,,240.21,,241.69,1,3,2007-01-04,0,,,,
2007-01-15,256.6,263.56,256.6,261.93,2060014,217.71,252.15,244.01,263.56,262.51,7.7,61.31,0,,245.15,,245.15,1,3,2007-01-04,0,,,,
2007-01-16,263.56,266.73,261.64,265.6,2417728,218.35,252.98,244.53,266.73,263.56,7.52,64.08,1,265.6,247.81,247.81,247.81,1,3,2007-01-04,0,,,,
2007-01-17,267.05,274.01,262.86,271.44,3014667,219.09,253.75,244.53,274.01,266.73,7.78,68.01,0,,251.4,,251.4,1,3,2007-01-04,0,,,,
2007-01-18,271.41,279.27,269.01,277.59,3447918,219.88,254.49,244.53,279.27,274.01,7.95,71.55,0,,255.25,,255.25,1,3,2007-01-04,0,,,,
2007-01-19,272.49,279.06,270.21,273.9,1627456,220.53,255.11,244.53,279.27,279.27,8.02,66.78,0,,252.83,,255.25,1,3,2007-01-04,0,,,,
2007-01-22,275.72,277.14,269.0,270.85,1676556,221.13,255.59,244.53,279.27,279.27,8.03,63.04,0,,250.86,,255.25,1,3,2007-01-04,0,,,,
2007-01-23,270.71,272.63,266.41,268.43,1925671,221.73,256.09,244.53,279.27,279.27,7.9,60.17,0,,249.38,,255.25,1,3,2007-01-04,0,,,,
2007-01-24,268.79,277.43,267.05,276.37,2022916,222.45,256.95,244.53,279.27,279.27,8.07,65.7,0,,254.39,,255.25,1,3,2007-01-04,0,,,,
2007-01-25,277.17,283.28,274.9,281.91,3964581,223.16,258.24,244.53,283.28,279.27,8.1,68.94,1,281.91,257.94,257.94,257.94,1,3,2007-01-04,0,,,,
2007-01-29,281.01,284.48,276.14,281.36,2071458,223.77,259.37,244.53,284.48,283.28,8.11,68.25,0,,257.58,,257.94,1,3,2007-01-04,0,,,,
2007-01-31,281.4,283.63,273.16,277.35,2883276,224.37,260.16,244.53,284.48,284.48,8.28,63.28,0,,254.88,,257.94,1,3,2007-01-04,0,,,,
2007-02-01,279.23,281.36,273.19,279.62,1489891,225.03,260.99,244.53,284.48,284.48,8.27,64.84,0,,256.35,,257.94,1,3,2007-01-04,0,,,,
2007-02-02,279.27,295.32,279.27,293.28,4208485,225.79,262.2,244.53,295.32,284.48,8.83,72.43,1,293.28,264.79,264.79,264.79,1,3,2007-01-04,0,,,,
2007-02-05,294.63,297.24,289.39,295.46,1955358,226.56,263.81,251.69,297.24,295.32,8.76,73.42,0,,268.63,,268.63,1,3,2007-01-04,0,,,,
2007-02-06,296.72,298.99,293.43,296.9,2292934,227.32,265.5,256.6,298.99,297.24,8.53,74.08,0,,271.35,,271.35,1,3,2007-01-04,0,,,,
2007-02-07,297.42,308.02,295.32,304.11,4206829,228.05,267.47,261.64,308.02,298.99,8.83,77.14,1,304.11,277.48,277.48,277.48,1,3,2007-01-04,0,,,,
2007-02-08,305.27,308.56,297.1,306.63,3013947,228.79,269.35,262.86,308.56,308.02,9.02,78.11,0,,279.39,,279.39,1,3,2007-01-04,0,,,,
2007-02-09,307.02,309.97,297.86,299.54,4596210,229.52,270.89,266.41,309.97,308.56,9.24,69.19,0,,275.85,,279.39,1,3,2007-01-04,0,,,,
2007-02-12,299.83,301.07,286.62,289.84,3510823,230.14,272.11,266.41,309.97,309.97,9.61,59.23,0,,269.34,,279.39,1,3,2007-01-04,0,,,,
2007-02-13,287.82,294.45,279.27,281.74,4927086,230.75,273.14,266.41,309.97,309.97,10.01,52.44,0,,263.85,,279.39,1,3,2007-01-04,1,279.39,TRAILING_STOP,27,7.19
2007-02-14,281.74,283.46,274.73,281.72,3250219,231.37,274.12,266.41,309.97,309.97,9.92,52.42,0,,263.9,,,0,,,0,,,,
2007-02-15,282.58,296.98,282.58,295.88,3797122,232.09,275.49,267.05,309.97,309.97,10.3,61.39,0,,272.99,,,0,,,0,,,,
2007-02-19,290.12,301.73,290.12,295.6,2285937,232.81,276.75,273.16,309.97,309.97,10.39,61.15,0,,274.79,,,0,,,0,,,,
2007-02-20,295.85,298.82,289.74,291.35,1905970,233.45,277.77,273.16,309.97,309.97,10.3,57.39,0,,272.11,,,0,,,0,,,,
2007-02-21,291.31,297.77,287.99,289.43,2917795,234.08,278.87,273.16,309.97,309.97,10.26,55.73,0,,270.89,,,0,,,0,,,,
2007-02-22,289.43,295.85,286.6,288.62,4780516,234.74,279.98,273.19,309.97,309.97,10.19,55.01,0,,270.43,,,0,,,0,,,,
2007-02-23,290.09,290.61,278.64,281.21,3639942,235.39,281.03,274.73,309.97,309.97,10.32,48.76,0,,266.08,,,0,,,0,,,,
2007-02-26,282.41,284.15,275.79,278.13,3410770,236.05,282.1,274.73,309.97,309.97,10.18,46.4,0,,264.19,,,0,,,0,,,,
2007-02-27,279.62,279.97,270.55,272.99,4238334,236.69,282.82,270.55,309.97,309.97,10.12,42.69,0,,259.51,,,0,,,0,,,,
2007-02-28,267.05,272.02,246.98,260.04,7514626,237.19,282.96,246.98,309.97,309.97,11.26,35.08,0,,242.55,,,0,,,0,,,,
2007-03-01,261.81,273.16,255.98,269.47,4850968,237.82,283.21,246.98,309.97,309.97,11.68,43.04,0,,248.35,,,0,,,0,,,,
2007-03-02,268.27,268.27,253.09,255.24,5177452,238.33,282.87,246.98,309.97,309.97,12.02,35.89,0,,238.95,,,0,,,0,,,,
2007-03-05,255.24,255.24,240.0,241.44,5647117,238.72,281.87,240.0,309.97,309.97,12.25,30.58,0,,227.56,,,0,,,0,,,,
2007-03-06,254.66,254.66,242.61,249.76,3247785,239.15,280.94,240.0,309.97,309.97,12.32,36.66,0,,232.88,,,0,,,0,,,,
2007-03-07,251.34,258.64,246.15,253.91,4555098,239.57,280.27,240.0,309.97,309.97,12.33,39.51,0,,235.55,,,0,,,0,,,,
2007-03-08,253.91,268.62,253.91,265.89,2672802,240.08,280.11,240.0,309.97,309.97,12.5,46.93,0,,243.17,,,0,,,0,,,,
2007-03-09,268.79,279.25,256.58,259.04,3282840,240.54,279.79,240.0,309.97,309.97,13.22,43.63,0,,238.26,,,0,,,0,,,,
2007-03-12,261.78,265.98,259.21,261.59,2810160,240.99,279.3,240.0,301.73,309.97,12.78,45.18,0,,240.21,,,0,,,0,,,,
2007-03-13,262.69,267.92,261.81,267.3,1568011,241.46,278.81,240.0,301.73,301.73,12.32,48.57,0,,244.2,,,0,,,0,,,,
2007-03-14,260.07,262.69,244.56,259.49,3048534,241.88,278.09,240.0,301.73,301.73,13.06,44.51,0,,238.66,,,0,,,0,,,,
2007-03-15,260.94,267.28,257.64,259.71,2634786,242.33,277.5,240.0,301.73,301.73,12.82,44.65,0,,238.97,,,0,,,0,,,,
2007-03-16,260.94,263.21,246.82,252.61,4221675,242.73,276.6,240.0,301.73,301.73,13.07,41.04,0,,234.22,,,0,,,0,,,,
2007-03-19,258.32,258.5,249.98,256.18,1725745,243.12,275.36,240.0,298.82,301.73,12.75,43.51,0,,236.74,,,0,,,0,,,,
2007-03-20,258.32,261.45,256.05,257.5,1833034,243.5,274.1,240.0,297.77,298.82,12.22,44.44,0,,237.94,,,0,,,0,,,,
2007-03-21,259.72,263.56,256.6,262.8,1802808,243.92,272.96,240.0,295.85,297.77,11.85,48.12,0,,241.61,,,0,,,0,,,,
2007-03-22,265.3,276.47,265.3,274.69,3484692,244.41,271.98,240.0,290.61,295.85,11.98,55.29,0,,249.19,,,0,,,0,,,,
2007-03-23,274.73,286.42,271.76,283.83,5103184,244.96,271.22,240.0,286.42,290.61,12.17,59.87,0,,254.96,,,0,,,0,,,,
2007-03-26,286.6,286.6,278.63,282.46,2518731,245.46,270.65,242.61,286.6,286.42,11.87,58.9,0,,255.14,,,0,,,0,,,,
2007-03-28,281.18,283.64,272.39,275.38,3829864,245.9,270.17,244.56,286.6,286.6,11.82,54.0,0,,251.26,,,0,,,0,,,,
2007-03-29,275.03,287.33,275.03,284.04,3846910,246.42,270.24,244.56,287.33,286.6,11.86,58.54,0,,256.82,,,0,,,0,,,,
2007-03-30,285.57,287.5,281.39,284.71,3256942,246.94,270.34,244.56,287.5,287.33,11.45,58.88,0,,257.53,,,0,,,0,,,,
2007-04-02,279.42,279.42,266.34,268.03,3907125,247.34,269.41,244.56,287.5,287.5,11.94,48.32,0,,246.44,,,0,,,0,,,,
2007-04-03,276.78,276.78,264.48,268.69,2757343,247.75,268.52,244.56,287.5,287.5,11.97,48.71,0,,246.85,,,0,,,0,,,,
2007-04-04,270.63,275.54,270.62,272.27,2985165,248.19,267.88,244.56,287.5,287.5,11.6,50.88,0,,249.4,,,0,,,0,,,,
2007-04-05,272.92,274.15,269.8,272.14,2390917,248.64,267.31,246.82,287.5,287.5,11.08,50.8,0,,250.41,,,0,,,0,,,,
2007-04-09,272.74,282.94,272.36,280.72,2594128,249.11,267.04,246.82,287.5,287.5,11.06,55.98,0,,255.96,,,0,,,0,,,,
2007-04-10,283.81,284.34,276.12,277.86,3222940,249.54,266.93,249.98,287.5,287.5,10.86,53.94,0,,255.31,,,0,,,0,,,,
2007-04-11,278.02,282.94,276.3,278.51,3129948,249.99,266.94,256.05,287.5,287.5,10.56,54.35,0,,257.95,,,0,,,0,,,,
2007-04-12,276.26,276.77,272.57,275.31,3420985,250.42,267.02,256.6,287.5,287.5,10.23,51.92,0,,256.29,,,0,,,0,,,,
2007-04-13,276.78,284.41,275.03,283.66,2336593,250.9,267.81,264.48,287.5,287.5,10.17,57.29,0,,264.34,,,0,,,0,,,,
2007-04-16,285.57,293.37,274.37,291.92,4321237,251.4,268.56,264.48,293.37,287.5,10.8,61.83,1,291.92,269.25,269.25,269.25,1,4,2007-04-16,0,,,,
2007-04-17,293.66,296.2,291.72,293.33,3976587,251.92,269.83,264.48,296.2,293.37,10.35,62.57,0,,270.46,,270.46,1,4,2007-04-16,0,,,,
2007-04-18,294.36,296.99,290.17,291.86,1430802,252.38,271.51,264.48,296.99,296.2,10.1,61.25,0,,269.68,,270.46,1,4,2007-04-16,0,,,,
2007-04-19,288.21,293.47,283.01,291.98,2692804,252.83,272.91,264.48,296.99,296.99,10.12,61.32,0,,269.74,,270.46,1,4,2007-04-16,0,,,,
2007-04-20,293.48,298.74,293.48,298.38,1813761,253.34,274.4,264.48,298.74,296.99,9.88,65.03,1,298.38,274.03,274.03,274.03,1,4,2007-04-16,0,,,,
2007-04-23,303.15,303.15,297.96,298.88,1340532,253.9,275.5,264.48,303.15,298.74,9.55,65.31,0,,274.57,,274.57,1,4,2007-04-16,0,,,,
2007-04-24,298.93,302.27,294.37,299.77,1883632,254.46,276.85,264.48,303.15,303.15,9.43,65.84,0,,275.23,,275.23,1,4,2007-04-16,0,,,,
2007-04-25,298.73,301.92,295.24,296.94,1883430,254.97,278.03,269.8,303.15,303.15,9.23,62.6,0,,275.3,,275.3,1,4,2007-04-16,0,,,,
2007-04-26,298.93,302.53,297.87,301.64,2750967,255.51,279.18,269.8,303.15,303.15,8.97,65.62,0,,278.51,,278.51,1,4,2007-04-16,0,,,,
2007-04-27,301.18,301.37,294.58,295.92,1556014,255.95,280.39,272.36,303.15,303.15,8.84,59.33,0,,275.76,,278.51,1,4,2007-04-16,0,,,,
2007-04-30,292.78,300.14,288.91,298.47,2143750,256.37,281.68,272.57,303.15,303.15,9.01,61.12,0,,277.37,,278.51,1,4,2007-04-16,0,,,,
2007-05-03,270.46,308.13,270.46,306.34,2725717,256.87,283.47,270.46,308.13,303.15,11.05,66.08,1,306.34,280.37,280.37,278.51,1,4,2007-04-16,1,278.51,TRAILING_STOP,12,-4.59
2007-05-04,306.13,309.13,297.4,298.36,2436903,257.29,284.88,270.46,309.13,308.13,11.1,58.0,0,,275.19,,,0,,,0,,,,
2007-05-07,298.75,303.96,297.56,298.32,1293354,257.72,286.24,270.46,309.13,309.13,10.77,57.96,0,,275.39,,,0,,,0,,,,
2007-05-08,298.75,302.35,297.0,298.66,1242513,258.16,287.44,270.46,309.13,309.13,10.38,58.21,0,,275.87,,,0,,,0,,,,
2007-05-09,301.92,302.27,294.71,301.06,1401637,258.65,288.31,270.46,309.13,309.13,10.18,60.04,0,,277.55,,,0,,,0,,,,
2007-05-10,302.44,304.38,295.62,297.07,1085134,259.11,288.76,270.46,309.13,309.13,10.08,55.68,0,,275.05,,,0,,,0,,,,
2007-05-11,293.55,298.4,290.34,296.64,1814143,260.33,289.23,270.46,309.13,309.13,9.93,55.22,0,,274.86,,,0,,,0,,,,
2007-05-14,297.35,302.44,294.41,296.63,1413009,260.84,289.94,270.46,309.13,309.13,9.8,55.21,0,,274.95,,,0,,,0,,,,
2007-05-15,296.99,300.33,293.13,294.11,1993612,261.32,290.27,270.46,309.13,309.13,9.61,52.24,0,,273.45,,,0,,,0,,,,
2007-05-16,295.06,302.07,292.11,301.23,1554138,261.87,290.82,270.46,309.13,309.13,9.64,58.95,0,,278.02,,,0,,,0,,,,
2007-05-17,304.9,305.78,301.74,303.07,1874223,262.46,291.99,270.46,309.13,309.13,9.27,60.49,0,,279.45,,,0,,,0,,,,
2007-05-18,302.27,305.96,296.31,304.33,1549138,263.01,293.18,270.46,309.13,309.13,9.3,61.56,0,,280.25,,,0,,,0,,,,
2007-05-21,306.66,306.66,299.63,305.1,1169928,263.57,294.27,270.46,309.13,309.13,9.14,62.23,0,,280.85,,,0,,,0,,,,
2007-05-22,304.09,311.93,298.4,304.69,2496442,264.1,295.36,270.46,311.93,309.13,9.45,61.61,0,,280.38,,,0,,,0,,,,
2007-05-23,304.9,312.11,301.39,302.94,2591833,264.63,296.1,270.46,312.11,311.93,9.54,58.93,0,,279.19,,,0,,,0,,,,
2007-05-24,303.15,304.38,297.87,299.45,1840284,265.16,296.82,290.34,312.11,312.11,9.33,53.89,0,,283.71,,,0,,,0,,,,
2007-05-25,296.12,306.48,293.49,305.58,2545861,265.72,297.72,290.34,312.11,312.11,9.59,60.31,0,,287.49,,,0,,,0,,,,
2007-05-28,305.96,314.92,305.96,313.45,2486016,266.33,298.99,290.34,314.92,312.11,9.57,66.72,1,313.45,292.58,292.58,292.58,1,5,2007-05-28,0,,,,
2007-05-29,315.45,328.52,311.44,326.19,6959902,266.98,300.41,290.34,328.52,314.92,10.11,74.03,0,,300.44,,300.44,1,5,2007-05-28,0,,,,
2007-05-30,324.59,353.23,324.59,350.57,15251701,267.81,302.37,290.34,353.23,328.52,11.43,82.12,0,,315.28,,315.28,1,5,2007-05-28,0,,,,
2007-05-31,351.47,362.02,345.12,353.21,7620228,268.65,304.36,290.34,362.02,353.23,11.82,82.75,0,,316.72,,316.72,1,5,2007-05-28,0,,,,
2007-06-01,352.35,356.38,348.86,351.46,3369937,269.51,306.35,292.11,362.02,362.02,11.51,80.73,0,,316.39,,316.72,1,5,2007-05-28,0,,,,
2007-06-04,355.87,356.74,345.5,346.53,2655153,270.33,308.17,292.11,362.02,362.02,11.49,75.16,0,,313.22,,316.72,1,5,2007-05-28,0,,,,
2007-06-05,347.78,347.78,340.34,341.76,3614391,271.12,309.61,292.11,362.02,362.02,11.2,70.12,0,,310.34,,316.72,1,5,2007-05-28,0,,,,
2007-06-06,338.35,349.72,336.58,337.62,3677049,271.9,310.9,293.49,362.02,362.02,11.34,65.98,0,,308.03,,316.72,1,5,2007-05-28,0,,,,
2007-06-07,334.08,340.93,330.21,333.36,3036955,272.64,312.02,293.49,362.02,362.02,11.3,61.94,0,,305.32,,316.72,1,5,2007-05-28,0,,,,
2007-06-08,334.09,337.41,327.82,331.2,3687246,273.34,313.17,293.49,362.02,362.02,11.18,59.93,0,,304.0,,316.72,1,5,2007-05-28,0,,,,
2007-06-11,333.9,339.0,330.56,332.43,3988174,274.03,314.19,293.49,362.02,362.02,10.98,60.71,0,,304.93,,316.72,1,5,2007-05-28,0,,,,
2007-06-12,338.64,339.0,330.56,335.09,4234396,274.72,315.5,293.49,362.02,362.02,10.8,62.42,0,,306.76,,316.72,1,5,2007-05-28,0,,,,
2007-06-13,335.66,337.59,326.87,328.35,4728762,275.35,316.49,293.49,362.02,362.02,10.79,55.8,0,,302.42,,316.72,1,5,2007-05-28,0,,,,
2007-06-14,345.32,345.32,330.38,338.13,5226633,276.05,317.55,293.49,362.02,362.02,11.23,62.08,0,,308.43,,316.72,1,5,2007-05-28,0,,,,
2007-06-15,339.7,345.5,339.17,342.28,4406787,276.77,319.02,305.96,362.02,362.02,10.96,64.39,0,,315.45,,316.72,1,5,2007-05-28,0,,,,
2007-06-18,342.51,345.99,337.24,338.63,2885913,277.49,320.36,311.44,362.02,362.02,10.8,60.88,0,,315.03,,316.72,1,5,2007-05-28,0,,,,
2007-06-19,341.28,351.98,338.12,350.75,3811293,278.3,322.1,324.59,362.02,362.02,11.02,67.27,0,,327.08,,327.08,1,5,2007-05-28,0,,,,
2007-06-20,352.0,357.61,352.0,356.16,3873892,279.15,323.93,326.87,362.02,362.02,10.72,69.65,0,,331.53,,331.53,1,5,2007-05-28,0,,,,
2007-06-21,352.35,377.83,352.35,370.0,9143100,280.06,326.36,326.87,377.83,362.02,11.78,74.72,1,370.0,339.76,339.76,339.76,1,5,2007-05-28,0,,,,
2007-06-22,370.0,373.41,366.76,370.36,3624606,280.97,328.82,326.87,377.83,377.83,11.41,74.84,0,,340.23,,340.23,1,5,2007-05-28,0,,,,
2007-06-25,370.45,386.41,361.24,382.06,4637853,281.95,331.67,326.87,386.41,377.83,12.39,78.36,1,382.06,347.12,347.12,347.12,1,5,2007-05-28,0,,,,
2007-06-26,383.15,383.15,376.43,379.63,3060391,282.91,334.52,326.87,386.41,386.41,11.99,75.98,0,,345.83,,347.12,1,5,2007-05-28,0,,,,
2007-06-27,380.43,380.43,375.2,376.74,1924546,283.85,337.04,326.87,386.41,386.41,11.51,73.13,0,,344.28,,347.12,1,5,2007-05-28,0,,,,
2007-06-28,377.31,380.65,373.79,378.45,2078959,284.8,339.55,326.87,386.41,386.41,11.17,73.76,0,,345.61,,347.12,1,5,2007-05-28,0,,,,
2007-06-29,380.12,387.82,379.59,386.27,3297510,285.83,342.28,326.87,387.82,386.41,11.04,76.46,0,,350.74,,350.74,1,5,2007-05-28,0,,,,
2007-07-02,391.89,400.29,387.86,392.85,3057115,286.88,345.21,326.87,400.29,387.82,11.26,78.47,1,392.85,354.84,354.84,354.84,1,5,2007-05-28,0,,,,
2007-07-03,398.04,403.82,393.83,397.34,4416466,287.93,348.29,326.87,403.82,400.29,11.24,79.74,0,,357.75,,357.75,1,5,2007-05-28,0,,,,
2007-07-04,401.21,407.71,394.55,403.01,3151296,288.99,351.63,330.38,407.71,403.82,11.37,81.25,0,,362.49,,362.49,1,5,2007-05-28,0,,,,
2007-07-05,404.22,415.42,404.22,409.67,4685836,290.11,355.3,337.24,415.42,407.71,11.45,82.86,1,409.67,369.02,369.02,369.02,1,5,2007-05-28,0,,,,
2007-07-06,410.34,419.66,409.47,415.56,3963681,291.25,358.97,337.24,419.66,415.42,11.36,84.16,0,,372.88,,372.88,1,5,2007-05-28,0,,,,
2007-07-09,415.62,426.69,415.62,424.57,4275405,292.47,362.67,338.12,426.69,419.66,11.34,85.91,0,,378.99,,378.99,1,5,2007-05-28,0,,,,
2007-07-10,427.92,427.92,418.25,419.87,3658711,293.67,365.8,352.0,427.92,426.69,11.22,80.88,0,,380.67,,380.67,1,5,2007-05-28,0,,,,
2007-07-11,418.08,424.4,415.28,418.5,2891187,294.87,368.06,352.35,427.92,427.92,11.07,79.42,0,,380.0,,380.67,1,5,2007-05-28,0,,,,
2007-07-12,421.77,424.76,415.99,417.87,2323993,296.05,370.22,361.24,427.92,427.92,10.91,78.71,0,,382.67,,382.67,1,5,2007-05-28,0,,,,
2007-07-13,421.77,430.55,420.54,421.71,4819410,297.21,372.56,361.24,430.55,427.92,11.03,79.88,0,,385.06,,385.06,1,5,2007-05-28,0,,,,
2007-07-16,421.77,427.74,419.67,424.47,2923974,298.33,375.16,373.79,430.55,430.55,10.82,80.7,0,,391.16,,391.16,1,5,2007-05-28,0,,,,
2007-07-17,429.33,429.33,418.3,421.1,2811078,299.44,377.8,373.79,430.55,430.55,10.84,76.59,0,,388.98,,391.16,1,5,2007-05-28,0,,,,
2007-07-18,421.59,421.59,404.2,410.15,4035888,300.46,380.22,373.79,430.55,430.55,11.31,65.0,0,,381.61,,391.16,1,5,2007-05-28,0,,,,
2007-07-19,412.08,425.81,411.55,418.87,6727239,301.57,383.07,379.59,430.55,430.55,11.62,69.02,0,,388.96,,391.16,1,5,2007-05-28,0,,,,
2007-07-20,424.23,440.07,421.59,436.36,8236075,302.8,386.57,387.86,440.07,430.55,12.3,75.18,1,436.36,402.54,402.54,402.54,1,5,2007-05-28,0,,,,
2007-07-23,436.55,469.82,430.74,462.07,5965636,304.26,390.9,393.83,469.82,440.07,14.21,81.12,0,,419.84,,419.84,1,5,2007-05-28,0,,,,
2007-07-24,474.36,480.91,460.6,470.04,6586114,305.75,395.39,394.55,480.91,469.82,14.65,82.52,0,,424.93,,424.93,1,5,2007-05-28,0,,,,
2007-07-25,469.29,469.29,447.13,452.2,5567881,307.07,399.52,404.2,480.91,480.91,15.24,70.03,0,,416.24,,424.93,1,5,2007-05-28,0,,,,
2007-07-26,452.42,463.83,441.15,447.93,6904089,308.36,403.18,404.2,480.91,480.91,15.77,67.4,0,,413.13,,424.93,1,5,2007-05-28,0,,,,
2007-07-27,440.07,445.35,422.47,426.02,10150407,309.49,405.97,404.2,480.91,480.91,16.46,55.81,0,,398.54,,424.93,1,5,2007-05-28,1,424.93,TRAILING_STOP,45,35.56
2007-07-30,425.99,440.07,417.26,430.09,6187486,310.71,409.02,404.2,480.91,480.91,16.92,57.28,0,,400.86,,,0,,,0,,,,
2007-07-31,433.2,462.95,433.2,459.05,7794639,312.12,412.63,404.2,480.91,480.91,18.06,65.95,0,,418.78,,,0,,,0,,,,
2007-08-01,455.91,455.91,435.67,437.46,6834105,313.41,415.34,404.2,480.91,480.91,18.44,56.71,0,,404.6,,,0,,,0,,,,
2007-08-02,438.61,448.87,435.69,438.05,6052338,314.66,417.61,404.2,480.91,480.91,18.06,56.89,0,,405.24,,,0,,,0,,,,
2007-08-03,445.17,449.22,441.84,443.62,3656817,315.93,420.05,404.2,480.91,480.91,17.57,58.62,0,,409.16,,,0,,,0,,,,
2007-08-06,433.91,436.55,426.06,430.99,4820485,317.11,421.68,404.2,480.91,480.91,17.57,53.39,0,,401.01,,,0,,,0,,,,
2007-08-07,440.07,444.36,428.63,432.05,4470565,318.32,423.43,404.2,480.91,480.91,17.44,53.76,0,,401.78,,,0,,,0,,,,
2007-08-08,435.49,441.29,434.48,438.75,4182345,319.56,425.5,411.55,480.91,480.91,16.85,56.15,0,,408.94,,,0,,,0,,,,
2007-08-09,442.18,445.88,428.67,431.3,3249706,320.74,427.26,417.26,480.91,480.91,16.88,52.88,0,,406.02,,,0,,,0,,,,
2007-08-10,422.47,429.51,413.86,427.52,4473342,321.87,428.63,413.86,480.91,480.91,16.92,51.25,0,,402.43,,,0,,,0,,,,
2007-08-13,431.27,434.08,427.41,428.81,2749815,322.99,429.83,413.86,480.91,480.91,16.18,51.8,0,,403.75,,,0,,,0,,,,
2007-08-14,433.11,433.38,425.47,426.5,2221092,324.13,430.81,413.86,480.91,480.91,15.59,50.7,0,,402.65,,,0,,,0,,,,
2007-08-16,414.01,418.41,405.37,408.81,6135858,325.15,431.0,405.37,480.91,480.91,15.99,43.18,0,,388.15,,,0,,,0,,,,
2007-08-17,408.81,413.77,394.8,406.62,7942950,326.2,430.9,394.8,480.91,480.91,16.2,42.34,0,,383.07,,,0,,,0,,,,
2007-08-20,420.0,425.28,411.75,413.96,3997921,327.32,430.84,394.8,480.91,480.91,16.38,46.11,0,,387.69,,,0,,,0,,,,
2007-08-21,418.37,418.37,405.2,406.35,4393120,328.35,430.24,394.8,480.91,480.91,16.15,42.97,0,,382.93,,,0,,,0,,,,
2007-08-22,413.12,422.64,402.4,419.81,4127256,329.44,430.23,394.8,469.29,480.91,16.44,49.52,0,,391.42,,,0,,,0,,,,
2007-08-23,422.81,434.79,415.77,422.2,5978623,330.51,430.36,394.8,463.83,469.29,16.62,50.61,0,,392.84,,,0,,,0,,,,
2007-08-24,424.58,432.9,416.37,430.73,3038980,331.61,430.79,394.8,462.95,463.83,16.62,54.37,0,,398.34,,,0,,,0,,,,
2007-08-27,435.15,447.41,431.62,446.37,3044475,332.78,431.61,394.8,462.95,462.95,16.62,60.35,0,,408.43,,,0,,,0,,,,
2007-08-28,445.72,452.76,441.56,449.79,3314016,333.93,432.45,394.8,462.95,462.95,16.24,61.53,0,,410.89,,,0,,,0,,,,
2007-08-29,444.66,457.87,436.98,456.59,3239635,335.14,433.64,394.8,457.87,462.95,16.57,63.85,0,,415.06,,,0,,,0,,,,
2007-08-30,458.08,463.16,451.2,456.05,4873819,336.38,435.17,394.8,463.16,457.87,16.24,63.52,0,,414.93,,,0,,,0,,,,
2007-08-31,457.34,459.79,453.82,455.02,2367004,337.62,436.37,394.8,463.16,463.16,15.51,62.86,0,,414.75,,,0,,,0,,,,
2007-09-03,457.98,462.45,454.17,455.71,2678809,338.82,437.02,394.8,463.16,463.16,14.99,63.14,0,,415.54,,,0,,,0,,,,
2007-09-04,457.7,465.1,456.29,462.43,3604594,340.02,437.03,394.8,465.1,463.16,14.59,65.81,0,,420.14,,,0,,,0,,,,
2007-09-05,465.1,466.51,454.44,456.16,2788510,341.19,436.56,394.8,466.51,465.1,14.41,61.34,0,,416.22,,,0,,,0,,,,
2007-09-06,455.41,459.63,452.78,457.92,1804432,342.39,436.76,394.8,466.51,466.51,13.87,62.12,0,,417.71,,,0,,,0,,,,
2007-09-07,459.81,461.57,454.71,456.44,2363080,343.57,437.04,402.4,466.51,466.51,13.37,61.01,0,,419.62,,,0,,,0,,,,
2007-09-10,451.0,457.87,449.45,454.03,1648368,344.64,437.97,402.4,466.51,466.51,13.02,59.15,0,,418.31,,,0,,,0,,,,
2007-09-11,457.87,463.51,454.53,456.21,2569945,345.71,438.84,402.4,466.51,466.51,12.76,60.33,0,,419.88,,,0,,,0,,,,
2007-09-12,460.69,460.69,450.3,451.94,1966378,346.75,438.61,415.77,466.51,466.51,12.59,56.87,0,,421.7,,,0,,,0,,,,
2007-09-13,453.64,456.02,449.65,452.31,2231050,347.73,439.1,416.37,466.51,466.51,12.15,57.1,0,,422.43,,,0,,,0,,,,
2007-09-14,455.58,463.32,454.55,456.51,3048111,348.73,439.72,431.62,466.51,466.51,12.07,59.72,0,,430.28,,,0,,,0,,,,
2007-09-17,458.22,459.63,453.66,456.41,1505092,349.78,440.14,436.98,466.51,466.51,11.63,59.63,0,,432.29,,,0,,,0,,,,
2007-09-18,456.29,463.32,455.23,461.32,2931493,350.92,441.15,436.98,466.51,466.51,11.38,62.71,0,,435.63,,,0,,,0,,,,
2007-09-19,466.86,473.9,463.71,470.37,4781160,352.18,442.43,449.45,473.9,466.51,11.46,67.61,1,470.37,445.56,445.56,445.56,1,6,2007-09-19,0,,,,
2007-09-20,473.02,493.11,471.33,484.35,6294343,353.53,443.95,449.45,493.11,473.9,12.27,73.42,0,,454.04,,454.04,1,6,2007-09-19,0,,,,
2007-09-21,484.35,494.16,482.46,490.9,2783119,354.83,445.94,449.45,494.16,493.11,12.23,75.63,0,,458.29,,458.29,1,6,2007-09-19,0,,,,
2007-09-24,491.52,514.46,485.43,511.0,5292526,356.27,448.72,449.45,514.46,494.16,13.43,80.88,1,511.0,470.46,470.46,470.46,1,6,2007-09-19,0,,,,
2007-09-25,511.78,519.71,495.22,505.21,4757427,357.69,451.27,449.45,519.71,514.46,14.22,75.81,0,,466.2,,470.46,1,6,2007-09-19,0,,,,
2007-09-26,505.21,509.84,498.64,501.03,2047873,359.1,453.75,449.45,519.71,519.71,14.0,72.29,0,,463.65,,470.46,1,6,2007-09-19,0,,,,
2007-09-27,506.14,510.02,495.75,499.3,6868759,360.51,456.77,449.45,519.71,519.71,14.02,70.83,0,,462.52,,470.46,1,6,2007-09-19,0,,,,
2007-09-28,485.44,505.62,485.44,494.68,3032545,361.93,459.7,449.45,519.71,519.71,14.46,66.93,0,,459.24,,470.46,1,6,2007-09-19,0,,,,
2007-10-01,494.68,502.96,489.99,496.59,2947369,363.39,462.46,449.65,519.71,519.71,14.36,67.72,0,,460.61,,470.46,1,6,2007-09-19,0,,,,
2007-10-03,502.09,514.25,496.81,511.53,5272249,364.98,465.96,449.65,519.71,519.71,14.59,73.14,0,,470.09,,470.46,1,6,2007-09-19,0,,,,
2007-10-04,510.88,518.83,506.51,511.25,3385462,366.65,469.01,449.65,519.71,519.71,14.43,72.89,0,,470.02,,470.46,1,6,2007-09-19,0,,,,
2007-10-05,513.54,563.58,512.66,544.31,10093837,368.48,473.08,453.66,563.58,519.71,17.14,81.03,1,544.31,490.88,490.88,490.88,1,6,2007-09-19,0,,,,
2007-10-08,554.91,554.91,525.0,532.12,4497327,370.33,476.46,453.66,563.58,563.58,18.05,72.4,0,,482.4,,490.88,1,6,2007-09-19,0,,,,
2007-10-09,535.35,559.35,524.99,557.3,4698337,372.44,480.16,455.23,563.58,563.58,19.21,77.69,0,,498.39,,498.39,1,6,2007-09-19,0,,,,
2007-10-10,563.75,598.99,560.25,593.94,8113063,374.73,484.96,463.71,598.99,563.58,20.82,82.84,1,593.94,523.78,523.78,523.78,1,6,2007-09-19,0,,,,
2007-10-11,595.46,618.01,595.46,613.8,5134860,377.13,490.2,471.33,618.01,598.99,21.05,84.88,0,,538.98,,538.98,1,6,2007-09-19,0,,,,
2007-10-12,613.08,617.84,582.96,591.4,6861042,379.3,494.72,482.46,618.01,618.01,22.04,74.18,0,,527.58,,538.98,1,6,2007-09-19,0,,,,
2007-10-15,591.94,606.03,591.94,602.32,3992211,381.59,499.63,485.43,618.01,618.01,21.51,75.78,0,,535.97,,538.98,1,6,2007-09-19,0,,,,
2007-10-16,606.03,608.34,582.62,589.53,3772084,383.77,504.09,485.44,618.01,618.01,21.81,70.28,0,,527.52,,538.98,1,6,2007-09-19,0,,,,
2007-10-17,572.56,593.83,524.11,580.49,8317917,385.86,508.02,485.44,618.01,618.01,25.23,66.59,0,,519.41,,538.98,1,6,2007-09-19,1,538.98,TRAILING_STOP,20,14.59
2007-10-18,583.13,607.41,535.74,559.94,8135482,387.87,511.48,485.44,618.01,618.01,28.55,59.02,0,,503.94,,,0,,,0,,,,
2007-10-19,563.75,567.28,523.5,530.99,4217548,389.67,513.92,485.44,618.01,618.01,29.64,50.34,0,,484.54,,,0,,,0,,,,
2007-10-22,511.09,553.18,511.09,547.55,5467000,391.64,516.95,489.99,618.01,618.01,30.53,54.47,0,,496.15,,,0,,,0,,,,
2007-10-23,554.94,603.57,551.95,587.67,5836941,393.85,521.41,496.81,618.01,618.01,32.35,62.58,0,,523.09,,,0,,,0,,,,
2007-10-24,607.62,607.62,585.95,599.65,4049613,396.13,526.19,506.51,618.01,618.01,31.59,64.61,0,,534.55,,,0,,,0,,,,
2007-10-25,606.91,618.37,594.6,607.13,5146582,398.43,531.36,511.09,618.37,618.01,31.03,65.85,0,,541.28,,,0,,,0,,,,
2007-10-26,613.08,686.19,607.8,682.28,13980627,401.14,539.03,511.09,686.19,618.37,34.46,75.26,1,682.28,587.46,587.46,587.46,1,7,2007-10-26,0,,,,
2007-10-29,703.7,757.54,695.88,751.86,12322971,404.26,548.87,511.09,757.54,686.19,37.37,80.59,0,,630.4,,630.4,1,7,2007-10-26,0,,,,
2007-10-30,755.59,783.97,744.6,760.52,7703055,407.45,559.01,511.09,783.97,757.54,37.52,81.14,0,,635.89,,635.89,1,7,2007-10-26,0,,,,
2007-10-31,766.37,768.2,739.92,747.54,4303030,410.6,568.55,511.09,783.97,783.97,36.86,77.62,0,,627.96,,635.89,1,7,2007-10-26,0,,,,
2007-11-01,753.14,826.25,753.14,779.43,10439275,413.9,578.85,511.09,826.25,783.97,39.85,79.92,0,,646.53,,646.53,1,7,2007-10-26,0,,,,
2007-11-02,774.95,808.63,757.54,785.8,7730676,417.24,588.9,511.09,826.25,826.25,40.65,80.36,0,,650.11,,650.11,1,7,2007-10-26,0,,,,
2007-11-05,787.49,804.7,750.19,754.58,9156960,420.49,597.69,511.09,826.25,826.25,41.64,72.11,0,,629.31,,650.11,1,7,2007-10-26,0,,,,
2007-11-06,771.6,779.12,717.02,726.38,6144646,423.54,604.87,511.09,826.25,826.25,43.1,65.57,0,,610.15,,650.11,1,7,2007-10-26,0,,,,
2007-11-07,732.88,757.3,715.44,724.41,7735230,426.55,612.18,511.09,826.25,826.25,43.01,65.13,0,,608.93,,650.11,1,7,2007-10-26,0,,,,
2007-11-08,718.78,739.57,705.57,726.72,7016674,429.58,619.7,511.09,826.25,826.25,42.37,65.42,0,,610.85,,650.11,1,7,2007-10-26,0,,,,
2007-11-12,713.5,739.92,699.51,734.45,7177806,432.61,627.54,511.09,826.25,826.25,42.23,66.45,0,,615.93,,650.11,1,7,2007-10-26,0,,,,
2007-11-13,737.99,778.68,734.91,770.39,5605987,435.89,636.73,551.95,826.25,826.25,42.37,70.79,0,,652.64,,652.64,1,7,2007-10-26,0,,,,
2007-11-14,783.97,803.35,780.44,793.96,4747662,439.33,646.64,585.95,826.25,826.25,41.7,73.24,0,,679.62,,679.62,1,7,2007-10-26,0,,,,
2007-11-15,794.54,801.59,775.51,793.55,3426484,442.78,656.04,594.6,826.25,826.25,40.58,73.12,0,,682.98,,682.98,1,7,2007-10-26,0,,,,
2007-11-16,789.25,792.78,764.62,771.05,3676320,446.03,664.7,607.8,826.25,826.25,39.75,66.93,0,,673.43,,682.98,1,7,2007-10-26,0,,,,
2007-11-19,780.44,785.73,765.65,769.61,3577216,449.22,672.21,695.88,826.25,826.25,38.35,66.54,0,,702.79,,702.79,1,7,2007-10-26,0,,,,
2007-11-20,766.35,776.74,759.13,763.65,4358592,452.35,679.93,699.51,826.25,826.25,36.86,64.86,0,,701.15,,702.79,1,7,2007-10-26,0,,,,
2007-11-21,763.0,763.0,713.94,723.63,4091058,455.23,685.47,699.51,826.25,826.25,37.78,54.86,0,,674.72,,702.79,1,7,2007-10-26,0,,,,
2007-11-22,723.72,729.35,679.32,696.87,7395624,457.93,688.9,679.32,826.25,826.25,38.66,49.37,0,,650.15,,702.79,1,7,2007-10-26,1,702.79,TRAILING_STOP,19,3.01
2007-11-23,713.5,727.59,708.74,722.13,3146458,460.75,692.52,679.32,826.25,826.25,38.09,54.04,0,,666.82,,,0,,,0,,,,
2007-11-26,736.05,744.33,734.85,736.31,2765358,463.67,697.35,679.32,826.25,826.25,36.96,56.47,0,,676.72,,,0,,,0,,,,
2007-11-27,732.88,738.13,727.59,735.36,2015163,466.57,701.78,679.32,826.25,826.25,35.07,56.26,0,,677.37,,,0,,,0,,,,
2007-11-28,739.92,747.85,718.78,724.89,2698902,469.43,706.29,679.32,826.25,826.25,34.64,53.83,0,,670.9,,,0,,,0,,,,
2007-11-29,811.87,811.87,715.35,720.18,4471780,472.22,710.95,679.32,826.25,826.25,39.06,52.73,0,,664.92,,,0,,,0,,,,
2007-11-30,722.31,732.0,711.74,727.37,3490299,475.09,716.53,679.32,811.87,826.25,37.72,54.27,0,,670.45,,,0,,,0,,,,
2007-12-03,730.06,741.51,727.59,736.23,2043121,478.01,723.37,679.32,811.87,811.87,36.03,56.16,0,,677.29,,,0,,,0,,,,
2007-12-04,754.02,754.02,734.45,745.99,1795981,480.94,729.99,679.32,811.87,811.87,34.86,58.21,0,,684.37,,,0,,,0,,,,
2007-12-05,748.73,766.47,745.28,761.12,2634417,484.03,735.77,679.32,811.87,811.87,33.88,61.24,0,,694.78,,,0,,,0,,,,
2007-12-06,776.55,776.55,750.57,758.01,2142549,487.09,741.05,679.32,811.87,811.87,33.32,60.27,0,,693.15,,,0,,,0,,,,
2007-12-07,766.35,766.35,744.33,751.34,2477560,490.11,745.85,679.32,811.87,811.87,32.51,58.15,0,,689.38,,,0,,,0,,,,
2007-12-10,754.02,765.42,741.69,745.23,2263189,493.07,747.95,679.32,811.87,811.87,31.88,56.2,0,,685.86,,,0,,,0,,,,
2007-12-11,757.3,760.18,749.11,755.92,1620747,496.13,748.09,679.32,811.87,811.87,30.67,58.81,0,,693.56,,,0,,,0,,,,
2007-12-12,749.61,759.3,740.85,755.33,2395795,499.19,747.91,679.32,811.87,811.87,29.8,58.6,0,,693.76,,,0,,,0,,,,
2007-12-13,759.3,763.53,744.33,746.83,1910173,502.19,747.89,708.74,811.87,811.87,29.04,55.56,0,,698.59,,,0,,,0,,,,
2007-12-14,747.85,752.26,732.01,735.38,3171051,505.13,746.42,711.74,811.87,811.87,28.41,51.68,0,,692.62,,,0,,,0,,,,
2007-12-17,732.0,748.03,713.5,718.45,3565822,507.91,744.18,711.74,811.87,811.87,28.85,46.5,0,,681.41,,,0,,,0,,,,
2007-12-18,727.24,727.24,692.55,698.25,5572408,510.55,742.3,692.55,811.87,811.87,29.27,41.2,0,,661.71,,,0,,,0,,,,
2007-12-19,706.98,713.39,696.15,702.92,2736477,513.21,741.52,692.55,811.87,811.87,28.41,42.82,0,,665.29,,,0,,,0,,,,
2007-12-20,709.62,711.56,696.76,702.64,2261835,515.86,740.79,692.55,811.87,811.87,27.44,42.75,0,,665.76,,,0,,,0,,,,
2007-12-24,713.5,722.31,709.29,720.67,2264827,518.63,740.59,692.55,811.87,811.87,26.88,49.04,0,,677.76,,,0,,,0,,,,
2007-12-26,724.95,745.74,721.78,738.89,2478028,521.53,740.74,692.55,811.87,811.87,26.75,54.48,0,,689.6,,,0,,,0,,,,
2007-12-27,746.09,748.06,729.39,732.4,2852730,524.42,739.47,692.55,811.87,811.87,26.18,52.33,0,,685.8,,,0,,,0,,,,
2007-12-28,736.37,738.96,722.53,732.13,1691086,527.26,737.41,692.55,811.87,811.87,25.48,52.24,0,,686.09,,,0,,,0,,,,
2007-12-31,733.76,743.45,731.57,734.18,935397,530.07,735.43,692.55,776.55,811.87,24.51,52.92,0,,688.06,,,0,,,0,,,,
2008-01-01,736.93,738.16,726.75,730.46,927621,532.76,734.08,692.55,776.55,776.55,23.57,51.49,0,,686.28,,,0,,,0,,,,
2008-01-02,730.46,735.41,718.87,729.06,1753294,535.29,732.73,692.55,776.55,776.55,23.07,50.93,0,,685.71,,,0,,,0,,,,
2008-01-03,729.06,729.06,711.74,714.35,3060486,537.7,731.08,692.55,776.55,776.55,22.66,45.38,0,,676.5,,,0,,,0,,,,
2008-01-04,718.43,754.02,716.32,748.53,4535194,540.34,731.91,692.55,776.55,776.55,23.87,57.09,0,,697.74,,,0,,,0,,,,
2008-01-07,741.86,760.33,738.16,754.54,3975547,543.06,733.84,692.55,766.35,776.55,23.75,58.76,0,,701.69,,,0,,,0,,,,
2008-01-08,759.3,770.76,751.38,764.15,4898331,545.88,735.24,692.55,770.76,766.35,23.44,61.36,0,,708.1,,,0,,,0,,,,
2008-01-09,762.83,776.92,755.96,765.07,2577096,548.73,736.2,692.55,776.92,770.76,23.26,61.61,0,,708.81,,,0,,,0,,,,
2008-01-10,766.57,773.36,737.28,741.91,2562057,551.45,736.41,696.15,776.92,776.92,24.18,52.44,0,,694.46,,,0,,,0,,,,
2008-01-11,745.21,750.5,730.28,735.86,2624517,554.15,736.78,696.76,776.92,776.92,23.9,50.33,0,,690.95,,,0,,,0,,,,
2008-01-14,738.16,744.29,731.84,734.5,2186383,556.83,737.26,709.29,776.92,776.92,23.08,49.85,0,,694.8,,,0,,,0,,,,
2008-01-15,739.93,753.14,713.45,715.59,3104761,559.37,736.86,711.74,776.92,776.92,24.26,43.57,0,,682.63,,,0,,,0,,,,
2008-01-16,717.87,717.87,691.48,700.7,3096144,561.85,735.68,691.48,776.92,776.92,24.42,39.36,0,,666.17,,,0,,,0,,,,
2008-01-17,708.21,729.88,702.05,719.15,2916085,564.39,734.79,691.48,776.92,776.92,24.76,46.28,0,,677.84,,,0,,,0,,,,
2008-01-18,711.93,716.14,687.95,693.97,3451594,566.73,732.55,687.95,776.92,776.92,25.22,39.63,0,,660.12,,,0,,,0,,,,
2008-01-21,692.36,693.97,611.32,651.23,7394872,568.82,728.99,611.32,776.92,776.92,29.32,31.39,0,,604.27,,,0,,,0,,,,
2008-01-22,634.22,660.61,520.99,645.64,6955380,570.78,725.46,520.99,776.92,776.92,37.2,30.5,0,,565.3,,,0,,,0,,,,
2008-01-23,660.65,684.43,643.21,660.88,6757560,572.82,722.65,520.99,776.92,776.92,37.49,35.86,0,,574.94,,,0,,,0,,,,
2008-01-24,672.19,677.38,615.02,621.76,5467707,574.49,718.18,520.99,776.92,776.92,39.26,29.56,0,,548.52,,,0,,,0,,,,
2008-01-25,627.2,687.95,627.2,685.78,2927466,576.6,715.86,520.99,776.92,776.92,41.19,46.21,0,,588.53,,,0,,,0,,,,
2008-01-28,676.5,680.2,640.56,676.93,3052629,578.56,713.53,520.99,776.92,776.92,41.47,44.64,0,,582.63,,,0,,,0,,,,
2008-01-29,678.26,695.88,658.12,664.91,2663838,580.46,711.18,520.99,776.92,776.92,41.21,42.53,0,,575.06,,,0,,,0,,,,
2008-01-30,665.93,674.74,650.09,653.15,2632689,582.31,709.01,520.99,776.92,776.92,40.03,40.5,0,,568.26,,,0,,,0,,,,
2008-01-31,658.89,661.35,634.23,642.48,5582560,584.07,707.15,520.99,776.92,776.92,39.1,38.71,0,,561.99,,,0,,,0,,,,
2008-02-01,646.55,658.59,633.34,655.7,3262491,585.86,705.57,520.99,776.92,776.92,38.11,42.13,0,,571.18,,,0,,,0,,,,
2008-02-04,664.7,673.86,658.89,671.57,2160355,587.72,704.54,520.99,776.92,776.92,36.69,46.04,0,,582.37,,,0,,,0,,,,
2008-02-05,666.81,682.85,662.41,679.37,1977237,589.6,703.16,520.99,776.92,776.92,35.53,47.9,0,,588.17,,,0,,,0,,,,
2008-02-06,669.46,670.34,651.84,666.47,1688188,591.36,700.75,520.99,773.36,776.92,34.96,45.13,0,,580.23,,,0,,,0,,,,
2008-02-07,669.42,669.42,635.1,640.26,2389819,592.9,697.68,520.99,753.14,773.36,34.91,40.06,0,,563.36,,,0,,,0,,,,
2008-02-08,643.03,646.55,610.61,621.58,3807013,594.27,693.99,520.99,753.14,753.14,34.99,36.88,0,,551.26,,,0,,,0,,,,
2008-02-11,634.01,634.01,577.85,584.44,5826528,595.33,689.0,520.99,753.14,753.14,36.5,31.52,0,,526.3,,,0,,,0,,,,
2008-02-12,591.06,593.53,563.93,575.61,4791042,596.37,683.84,563.93,729.88,753.14,36.0,30.39,0,,535.24,,,0,,,0,,,,
2008-02-13,581.37,593.53,563.93,577.4,2714701,597.43,678.78,563.93,729.88,729.88,35.55,30.93,0,,536.7,,,0,,,0,,,,
2008-02-14,592.64,627.17,587.18,616.84,5615833,598.76,675.53,563.93,716.14,729.88,36.56,41.68,0,,561.46,,,0,,,0,,,,
2008-02-15,602.51,626.12,598.99,623.32,3126442,600.1,671.36,563.93,695.88,716.14,35.89,43.24,0,,566.09,,,0,,,0,,,,
2008-02-18,625.41,633.94,600.75,618.15,1407420,601.39,666.81,563.93,695.88,695.88,35.7,42.27,0,,562.89,,,0,,,0,,,,
2008-02-19,629.82,629.82,620.13,626.14,1909327,602.76,662.21,563.93,695.88,695.88,33.98,44.35,0,,569.18,,,0,,,0,,,,
2008-02-20,621.01,623.65,604.4,610.02,1982983,604.09,657.04,563.93,695.88,695.88,33.11,41.13,0,,559.37,,,0,,,0,,,,
2008-02-21,620.13,625.41,598.99,608.09,1995799,605.35,652.58,563.93,695.88,695.88,32.63,40.75,0,,558.44,,,0,,,0,,,,
2008-02-22,596.7,614.67,596.7,604.02,1790865,606.47,648.19,563.93,695.88,695.88,31.58,39.9,0,,556.52,,,0,,,0,,,,
2008-02-25,607.2,619.04,598.99,613.8,2013268,607.48,644.16,563.93,695.88,695.88,30.76,42.95,0,,563.37,,,0,,,0,,,,
2008-02-26,615.72,622.79,612.38,621.16,1857334,608.49,641.02,563.93,682.85,695.88,29.3,45.21,0,,569.09,,,0,,,0,,,,
2008-02-27,625.41,649.54,625.41,641.53,3538660,609.75,639.05,563.93,682.85,682.85,29.24,50.98,0,,582.27,,,0,,,0,,,,
2008-02-28,642.15,643.03,630.7,641.54,2925544,611.04,636.46,563.93,682.85,682.85,28.03,50.98,0,,583.08,,,0,,,0,,,,
2008-02-29,644.79,651.49,613.08,620.35,3430444,612.34,634.0,563.93,682.85,682.85,28.77,45.23,0,,568.92,,,0,,,0,,,,
2008-03-03,607.44,609.52,577.85,588.88,2442339,613.4,631.93,563.93,682.85,682.85,29.75,38.32,0,,547.97,,,0,,,0,,,,
2008-03-04,590.18,590.18,563.75,567.57,4068094,614.12,629.32,563.75,670.34,682.85,29.52,34.48,0,,534.32,,,0,,,0,,,,
2008-03-05,569.92,576.44,559.52,563.95,2956711,614.97,626.09,559.52,669.42,670.34,28.62,33.86,0,,531.18,,,0,,,0,,,,
2008-03-07,560.93,560.93,516.19,526.03,8293234,615.55,622.9,516.19,651.49,669.42,29.98,28.14,0,,491.36,,,0,,,0,,,,
2008-03-10,512.75,519.71,459.81,480.63,15562755,615.8,616.06,459.81,651.49,651.49,32.57,23.11,0,,441.56,,,0,,,0,,,,
2008-03-11,478.31,519.71,466.86,513.89,6518151,616.35,610.63,459.81,651.49,651.49,34.02,32.62,0,,462.05,,,0,,,0,,,,
2008-03-12,528.52,559.7,514.62,518.41,4976235,616.93,605.75,459.81,651.49,651.49,34.86,33.81,0,,464.4,,,0,,,0,,,,
2008-03-13,518.83,518.83,484.67,494.79,4567081,617.3,600.47,459.81,651.49,651.49,34.81,30.74,0,,449.2,,,0,,,0,,,,
2008-03-14,502.09,517.42,489.06,512.2,3820662,617.84,596.12,459.81,651.49,651.49,34.35,35.4,0,,460.74,,,0,,,0,,,,
2008-03-17,510.9,510.9,459.81,477.07,4349106,618.17,590.17,459.81,651.49,651.49,35.64,30.88,0,,437.22,,,0,,,0,,,,
2008-03-18,479.19,494.52,473.09,487.17,4767466,618.56,584.02,459.81,651.49,651.49,34.62,33.51,0,,444.41,,,0,,,0,,,,
2008-03-19,505.44,513.54,496.98,500.51,4963711,619.05,578.06,459.81,651.49,651.49,34.03,36.92,0,,453.41,,,0,,,0,,,,
2008-03-24,507.38,524.32,502.09,517.43,4898308,619.78,573.09,459.81,651.49,651.49,33.3,41.05,0,,464.81,,,0,,,0,,,,
2008-03-25,525.19,541.73,523.33,538.53,3700593,620.66,569.7,459.81,651.49,651.49,32.66,45.81,0,,478.85,,,0,,,0,,,,
2008-03-26,542.61,545.77,533.8,538.34,2675767,621.49,566.93,459.81,651.49,651.49,31.18,45.78,0,,479.71,,,0,,,0,,,,
2008-03-27,537.32,537.32,517.95,521.46,4246033,622.25,564.83,459.81,651.49,651.49,30.41,42.59,0,,469.34,,,0,,,0,,,,
2008-03-28,526.76,560.3,519.78,555.08,3662491,623.15,564.14,459.81,651.49,651.49,31.13,50.06,0,,490.54,,,0,,,0,,,,
2008-03-31,552.3,552.3,526.24,534.85,3800637,623.91,562.72,459.81,651.49,651.49,30.97,46.16,0,,477.6,,,0,,,0,,,,
2008-04-01,539.44,544.02,500.51,510.45,5699470,624.44,559.18,459.81,651.49,651.49,31.87,41.93,0,,461.27,,,0,,,0,,,,
2008-04-02,521.42,540.82,502.09,505.53,4846815,624.83,555.25,459.81,609.52,651.49,32.36,41.11,0,,457.77,,,0,,,0,,,,
2008-04-03,502.11,512.66,494.16,501.31,5629261,625.18,551.36,459.81,590.18,609.52,31.37,40.38,0,,455.7,,,0,,,0,,,,
2008-04-04,505.62,505.62,467.32,473.2,9055759,625.29,546.26,459.81,576.44,590.18,31.86,35.83,0,,437.24,,,0,,,0,,,,
2008-04-07,475.67,484.3,458.05,479.01,6785235,625.44,541.89,458.05,560.93,576.44,31.46,37.4,0,,440.67,,,0,,,0,,,,
2008-04-08,475.67,477.78,452.77,455.26,11021989,625.44,536.8,452.77,560.3,560.93,31.09,33.76,0,,423.84,,,0,,,0,,,,
2008-04-09,456.29,467.56,449.42,464.52,6152593,625.5,532.15,449.42,560.3,560.3,30.16,36.36,0,,429.31,,,0,,,0,,,,
2008-04-10,463.33,483.07,461.65,473.55,5588343,625.57,527.47,449.42,560.3,560.3,29.54,38.88,0,,435.55,,,0,,,0,,,,
2008-04-11,475.31,495.05,473.02,489.24,5390869,625.79,523.08,449.42,560.3,560.3,29.0,43.1,0,,446.03,,,0,,,0,,,,
2008-04-15,486.24,498.91,477.43,494.45,4111344,626.04,518.17,449.42,560.3,560.3,28.47,44.47,0,,449.75,,,0,,,0,,,,
2008-04-16,497.69,507.2,490.2,493.86,3627261,626.29,513.25,449.42,560.3,560.3,27.65,44.34,0,,449.92,,,0,,,0,,,,
2008-04-17,499.45,503.85,484.66,488.62,3113635,626.52,508.86,449.42,560.3,560.3,27.04,43.13,0,,446.94,,,0,,,0,,,,
2008-04-21,493.28,505.62,492.4,502.07,4302337,626.82,505.97,449.42,560.3,560.3,26.32,47.11,0,,456.09,,,0,,,0,,,,
2008-04-22,497.86,516.19,495.93,514.82,3503997,627.24,504.21,449.42,560.3,560.3,25.89,50.64,0,,464.6,,,0,,,0,,,,
2008-04-23,519.7,526.83,504.24,511.68,4448808,627.64,502.47,449.42,560.3,560.3,25.66,49.76,0,,462.74,,,0,,,0,,,,
2008-04-24,514.6,523.23,512.69,517.39,4132624,628.04,502.18,449.42,560.3,560.3,24.65,51.41,0,,467.09,,,0,,,0,,,,
2008-04-25,519.7,526.76,511.78,525.32,4517586,628.5,503.67,449.42,560.3,560.3,23.96,53.69,0,,472.67,,,0,,,0,,,,
2008-04-28,528.52,530.46,515.3,519.44,2421166,628.89,503.85,449.42,560.3,560.3,23.33,51.75,0,,469.29,,,0,,,0,,,,
2008-04-29,519.71,535.56,517.95,530.06,4012803,629.29,504.24,449.42,552.3,560.3,22.92,54.92,0,,476.41,,,0,,,0,,,,
2008-04-30,519.71,537.31,519.71,529.09,3494344,629.59,505.38,449.42,544.02,552.3,22.54,54.57,0,,476.04,,,0,,,0,,,,
2008-05-02,537.56,554.94,533.98,552.31,3894709,630.0,506.72,449.42,554.94,544.02,22.78,61.01,0,,490.86,,,0,,,0,,,,
2008-05-05,546.51,575.91,546.51,552.09,4846756,630.27,509.22,461.65,575.91,554.94,23.25,60.93,0,,494.48,,,0,,,0,,,,
2008-05-06,553.86,555.8,537.5,539.63,4209502,630.5,510.97,473.02,575.91,575.91,22.9,55.99,0,,490.47,,,0,,,0,,,,
2008-05-07,529.5,540.84,519.18,527.21,4258426,630.67,511.86,477.43,575.91,575.91,22.81,51.51,0,,483.99,,,0,,,0,,,,
2008-05-08,524.11,524.11,505.79,509.27,3987630,630.74,511.59,484.66,575.91,575.91,22.71,45.81,0,,474.89,,,0,,,0,,,,
2008-05-09,506.5,519.53,495.94,499.65,3403606,630.77,510.29,484.66,575.91,575.91,22.77,43.05,0,,468.65,,,0,,,0,,,,
2008-05-12,501.21,505.54,485.85,500.78,3924783,630.8,509.04,485.85,575.91,575.91,22.55,43.48,0,,469.92,,,0,,,0,,,,
2008-05-13,505.79,516.13,489.76,495.93,3985650,630.7,508.19,485.85,575.91,575.91,22.82,42.02,0,,466.61,,,0,,,0,,,,
2008-05-14,493.07,502.09,489.76,498.24,3275055,630.61,506.29,485.85,575.91,575.91,22.07,43.0,0,,468.6,,,0,,,0,,,,
2008-05-15,502.09,526.4,502.09,523.07,4916088,630.47,505.9,485.85,575.91,575.91,22.51,52.37,0,,484.32,,,0,,,0,,,,
2008-05-16,527.71,535.39,524.16,528.3,4036837,630.44,506.5,485.85,575.91,575.91,21.78,54.08,0,,488.18,,,0,,,0,,,,
2008-05-20,524.99,527.72,516.19,523.77,2506500,630.22,507.1,485.85,575.91,575.91,21.09,52.33,0,,485.72,,,0,,,0,,,,
2008-05-21,519.0,533.79,516.54,527.23,2743987,629.78,507.97,485.85,575.91,575.91,20.82,53.57,0,,488.14,,,0,,,0,,,,
2008-05-22,523.23,523.23,511.1,514.13,3406383,629.11,509.33,485.85,575.91,575.91,20.48,48.43,0,,479.91,,,0,,,0,,,,
2008-05-23,515.48,520.58,497.69,501.02,3577693,628.51,510.07,485.85,575.91,575.91,20.65,43.9,0,,471.34,,,0,,,0,,,,
2008-05-26,494.39,497.69,481.84,484.1,3874698,627.72,511.03,481.84,575.91,575.91,20.55,38.85,0,,459.16,,,0,,,0,,,,
2008-05-27,485.18,500.33,480.44,483.43,2776666,627.01,511.66,480.44,575.91,575.91,20.5,38.66,0,,458.29,,,0,,,0,,,,
2008-05-28,491.17,491.17,468.99,477.12,3200949,626.32,511.78,468.99,575.91,575.91,20.62,36.83,0,,450.32,,,0,,,0,,,,
2008-05-29,484.12,519.36,478.31,507.77,17930880,625.98,512.4,468.99,575.91,575.91,22.17,49.34,0,,469.06,,,0,,,0,,,,
2008-05-30,519.71,537.29,516.01,525.46,10305441,625.94,513.43,468.99,575.91,575.91,22.69,54.89,0,,480.12,,,0,,,0,,,,
2008-06-02,522.35,535.46,508.26,514.4,5488645,625.72,514.11,468.99,575.91,575.91,23.01,51.12,0,,472.78,,,0,,,0,,,,
2008-06-03,510.87,510.87,494.15,501.58,7815541,625.14,514.55,468.99,555.8,575.91,22.82,47.08,0,,464.64,,,0,,,0,,,,
2008-06-04,501.39,505.62,481.93,485.56,5795293,624.38,514.0,468.99,540.84,555.8,22.88,42.56,0,,454.26,,,0,,,0,,,,
2008-06-05,484.47,489.75,466.86,478.56,8997768,623.53,512.79,466.86,537.29,540.84,22.88,40.72,0,,449.04,,,0,,,0,,,,
2008-06-06,482.71,487.78,470.76,472.28,6461644,622.13,511.47,466.86,537.29,537.29,22.46,39.08,0,,445.27,,,0,,,0,,,,
2008-06-09,470.38,471.61,452.44,457.94,6555105,620.17,509.49,452.44,537.29,537.29,22.27,35.57,0,,431.34,,,0,,,0,,,,
2008-06-10,454.53,466.65,442.68,455.47,5763667,618.13,507.16,442.68,537.29,537.29,22.39,34.99,0,,426.41,,,0,,,0,,,,
2008-06-11,458.05,473.1,458.05,467.46,3644068,616.27,505.43,442.68,537.29,537.29,22.05,40.12,0,,434.37,,,0,,,0,,,,
2008-06-12,465.06,479.01,452.76,476.44,4876546,614.25,503.64,442.68,537.29,537.29,22.35,43.7,0,,439.96,,,0,,,0,,,,
2008-06-13,480.07,484.29,473.03,477.98,4271436,612.19,501.94,442.68,537.29,537.29,21.56,44.32,0,,441.48,,,0,,,0,,,,
2008-06-16,482.54,489.76,479.59,481.48,3453840,610.37,499.58,442.68,537.29,537.29,20.86,45.77,0,,444.21,,,0,,,0,,,,
2008-06-17,481.83,504.91,479.19,500.77,7583895,608.87,497.87,442.68,537.29,537.29,21.21,53.03,0,,456.42,,,0,,,0,,,,
2008-06-18,502.09,504.56,479.37,484.66,3442770,607.27,496.04,442.68,537.29,537.29,21.49,47.33,0,,445.84,,,0,,,0,,,,
2008-06-19,479.2,480.04,459.28,461.4,4613737,605.5,493.84,442.68,537.29,537.29,21.77,40.55,0,,430.65,,,0,,,0,,,,
2008-06-20,463.33,466.86,447.87,451.74,6204069,603.62,491.92,442.68,537.29,537.29,21.57,38.11,0,,424.55,,,0,,,0,,,,
2008-06-23,450.12,450.12,419.47,422.33,7286571,601.3,489.35,419.47,537.29,537.29,22.34,31.83,0,,397.33,,,0,,,0,,,,
2008-06-24,422.81,430.21,400.79,405.82,7336323,598.71,486.18,400.79,537.29,537.29,22.84,28.94,0,,380.12,,,0,,,0,,,,
2008-06-25,396.39,414.83,394.65,407.53,7585236,596.14,483.23,394.65,537.29,537.29,22.65,29.66,0,,379.31,,,0,,,0,,,,
2008-06-26,414.01,418.32,411.19,415.35,6594664,593.77,480.47,394.65,537.29,537.29,21.81,32.96,0,,384.91,,,0,,,0,,,,
2008-06-27,406.96,407.49,389.34,399.17,9308686,591.3,476.34,389.34,535.46,537.29,22.11,29.84,0,,372.51,,,0,,,0,,,,
2008-06-30,397.27,406.78,381.24,384.88,6847816,588.77,471.56,381.24,510.87,535.46,22.35,27.37,0,,360.43,,,0,,,0,,,,
2008-07-01,382.53,392.34,375.25,377.42,5754132,586.46,466.68,375.25,505.62,510.87,21.98,26.15,0,,353.87,,,0,,,0,,,,
2008-07-02,376.13,411.36,370.14,404.5,9164079,584.51,462.59,370.14,504.91,505.62,23.35,37.08,0,,368.72,,,0,,,0,,,,
2008-07-03,403.44,404.32,386.22,393.2,7461571,582.32,458.56,370.14,504.91,504.91,22.99,34.77,0,,361.67,,,0,,,0,,,,
2008-07-04,396.39,421.93,389.41,419.55,7767999,580.21,455.84,370.14,504.91,504.91,23.67,43.6,0,,378.21,,,0,,,0,,,,
2008-07-07,422.81,436.03,410.67,416.08,5714095,578.08,453.58,370.14,504.91,504.91,23.79,42.77,0,,375.89,,,0,,,0,,,,
2008-07-08,410.48,431.45,397.45,422.3,6963547,576.06,451.54,370.14,504.91,504.91,24.52,44.78,0,,379.42,,,0,,,0,,,,
2008-07-09,430.74,449.24,429.86,444.52,6078793,574.23,450.45,370.14,504.91,504.91,24.69,51.35,0,,393.63,,,0,,,0,,,,
2008-07-10,442.48,453.64,433.38,446.14,6471436,572.35,448.4,370.14,504.91,504.91,24.38,51.8,0,,394.89,,,0,,,0,,,,
2008-07-11,445.72,455.41,412.24,414.74,6472449,570.21,444.71,370.14,504.91,504.91,25.72,43.42,0,,373.74,,,0,,,0,,,,
2008-07-14,407.84,431.45,405.66,420.49,5285893,568.04,441.58,370.14,504.91,504.91,25.72,45.17,0,,377.45,,,0,,,0,,,,
2008-07-15,414.01,417.53,399.95,401.55,3498408,565.64,438.24,370.14,504.56,504.91,25.35,40.7,0,,365.48,,,0,,,0,,,,
2008-07-16,400.35,413.12,394.98,398.84,4983943,563.25,435.35,370.14,480.04,504.56,24.84,40.09,0,,364.07,,,0,,,0,,,,
2008-07-17,421.05,433.38,408.72,430.38,7365388,561.11,433.75,370.14,466.86,480.04,25.53,49.57,0,,383.95,,,0,,,0,,,,
2008-07-18,435.32,452.76,425.85,448.81,7099267,559.13,432.96,370.14,455.41,466.86,25.63,54.14,0,,395.78,,,0,,,0,,,,
2008-07-21,454.51,460.6,435.16,442.54,9073584,557.04,432.45,370.14,460.6,455.41,25.62,52.4,0,,391.74,,,0,,,0,,,,
2008-07-22,438.68,456.28,429.86,453.1,7436484,555.03,432.37,370.14,460.6,460.6,25.67,55.02,0,,398.51,,,0,,,0,,,,
2008-07-23,475.49,493.64,467.56,488.51,12484084,553.3,433.07,386.22,493.64,460.6,26.73,62.48,0,,426.01,,,0,,,0,,,,
2008-07-24,494.16,495.87,466.95,478.26,7481119,551.59,433.13,389.41,495.87,493.64,26.89,59.41,0,,420.35,,,0,,,0,,,,
2008-07-25,470.38,479.88,458.61,462.54,7321540,549.88,432.62,394.98,495.87,495.87,26.49,54.95,0,,412.34,,,0,,,0,,,,
2008-07-28,465.1,493.28,458.43,479.22,11294815,548.42,432.54,394.98,495.87,495.87,27.09,58.51,0,,422.7,,,0,,,0,,,,
2008-07-29,468.6,474.61,444.86,448.65,11531092,546.73,430.81,394.98,495.87,495.87,27.61,50.61,0,,402.64,,,0,,,0,,,,
2008-07-30,452.94,462.42,446.65,456.3,12224974,545.09,429.86,394.98,495.87,495.87,26.76,52.35,0,,408.13,,,0,,,0,,,,
2008-07-31,463.33,463.33,449.24,459.03,6207241,543.34,429.78,394.98,495.87,495.87,25.86,52.98,0,,410.5,,,0,,,0,,,,
2008-08-01,449.24,475.67,447.7,473.89,7343964,541.57,430.52,394.98,495.87,495.87,26.01,56.38,0,,419.98,,,0,,,0,,,,
2008-08-04,468.63,479.19,466.68,468.17,5368297,539.81,432.05,394.98,495.87,495.87,25.04,54.74,0,,416.93,,,0,,,0,,,,
2008-08-05,466.68,476.9,463.33,475.36,6441970,538.1,434.37,394.98,495.87,495.87,24.22,56.46,0,,422.12,,,0,,,0,,,,
2008-08-06,480.07,496.98,480.07,486.45,11431314,536.45,437.0,408.72,496.98,495.87,24.04,59.04,0,,433.98,,,0,,,0,,,,
2008-08-07,479.19,493.11,479.19,485.99,4520511,534.82,439.35,425.85,496.98,496.98,23.31,58.88,0,,439.87,,,0,,,0,,,,
2008-08-08,482.34,502.09,476.71,499.69,7316703,533.29,442.7,429.86,502.09,496.98,23.46,62.09,0,,449.95,,,0,,,0,,,,
2008-08-11,507.2,510.9,502.71,509.59,6025657,531.93,446.86,429.86,510.9,502.09,22.59,64.26,0,,456.91,,,0,,,0,,,,
2008-08-12,510.9,512.84,498.04,501.33,7966561,530.28,450.99,444.86,512.84,510.9,22.03,61.12,0,,456.96,,,0,,,0,,,,
2008-08-13,493.46,506.39,489.77,491.16,6064308,528.52,453.88,444.86,512.84,512.84,21.64,57.39,0,,450.66,,,0,,,0,,,,
2008-08-14,493.28,493.28,466.95,468.82,6219810,526.55,456.4,444.86,512.84,512.84,21.98,50.16,0,,436.02,,,0,,,0,,,,
2008-08-18,468.63,480.42,464.41,474.79,4197564,524.62,458.24,444.86,512.84,512.84,21.55,51.91,0,,440.16,,,0,,,0,,,,
2008-08-19,467.12,475.49,465.32,471.28,4111249,522.81,460.08,444.86,512.84,512.84,20.74,50.78,0,,438.44,,,0,,,0,,,,
2008-08-20,477.94,482.95,476.05,481.03,3400087,521.11,462.04,446.65,512.84,512.84,20.09,53.78,0,,445.75,,,0,,,0,,,,
2008-08-21,478.35,481.48,463.5,465.61,4387842,519.32,462.74,447.7,512.84,512.84,19.94,48.72,0,,436.26,,,0,,,0,,,,
2008-08-22,462.23,465.06,455.69,461.51,6484783,517.63,463.25,447.7,512.84,512.84,19.23,47.45,0,,434.09,,,0,,,0,,,,
2008-08-25,465.11,474.1,460.28,462.03,3773124,516.04,464.83,455.69,512.84,512.84,18.84,47.64,0,,437.35,,,0,,,0,,,,
2008-08-26,457.27,465.06,453.9,463.93,3443071,514.34,466.28,453.9,512.84,512.84,18.29,48.36,0,,438.34,,,0,,,0,,,,
2008-08-27,469.12,469.12,455.56,456.63,3246853,512.75,468.11,453.9,512.84,512.84,17.95,45.74,0,,433.86,,,0,,,0,,,,
2008-08-28,455.32,460.45,438.66,443.06,7150158,511.37,469.59,438.66,512.84,512.84,18.23,41.27,0,,419.84,,,0,,,0,,,,
2008-08-29,449.12,462.05,449.12,459.52,4602775,510.12,470.56,438.66,512.84,512.84,18.28,47.92,0,,430.42,,,0,,,0,,,,
2008-09-01,457.8,457.8,447.34,454.63,3650449,508.75,470.75,438.66,512.84,512.84,17.85,46.24,0,,427.56,,,0,,,0,,,,
2008-09-02,458.68,479.46,456.2,476.19,7498048,507.78,471.88,438.66,512.84,512.84,18.34,53.9,0,,441.13,,,0,,,0,,,,
2008-09-04,472.11,475.16,464.71,473.18,4437967,506.36,472.54,438.66,512.84,512.84,17.85,52.77,0,,439.52,,,0,,,0,,,,
2008-09-05,466.83,469.31,460.99,463.48,4491162,504.94,471.71,438.66,512.84,512.84,17.45,49.19,0,,433.53,,,0,,,0,,,,
2008-09-08,485.43,511.8,478.35,484.99,8295327,503.74,471.94,438.66,512.84,512.84,19.65,56.27,0,,445.94,,,0,,,0,,,,
2008-09-09,481.71,488.57,476.75,485.25,4540396,502.62,472.69,438.66,512.84,512.84,19.09,56.35,0,,446.48,,,0,,,0,,,,
2008-09-10,481.01,488.25,477.5,481.19,4854190,501.54,472.76,438.66,512.84,512.84,18.5,54.69,0,,444.25,,,0,,,0,,,,
2008-09-11,476.75,480.56,469.88,472.09,5366376,500.32,473.54,438.66,511.8,512.84,17.99,51.05,0,,438.73,,,0,,,0,,,,
2008-09-12,476.75,478.35,464.0,467.57,6164374,498.96,473.91,438.66,511.8,511.8,17.73,49.29,0,,435.99,,,0,,,0,,,,
2008-09-15,456.39,460.28,441.67,450.29,6903679,497.43,473.62,438.66,511.8,511.8,18.31,43.18,0,,424.45,,,0,,,0,,,,
2008-09-16,439.55,449.47,434.15,447.42,6295950,495.97,472.74,434.15,511.8,511.8,18.15,42.24,0,,421.2,,,0,,,0,,,,
2008-09-17,451.77,453.5,439.55,443.54,5365890,494.66,471.92,434.15,511.8,511.8,17.85,40.94,0,,418.9,,,0,,,0,,,,
2008-09-18,432.29,454.43,416.38,452.37,8031150,493.53,471.15,416.38,511.8,511.8,19.3,45.07,0,,417.71,,,0,,,0,,,,
2008-09-19,469.49,478.53,457.92,468.45,6332229,492.76,470.55,416.38,511.8,511.8,19.79,51.69,0,,427.75,,,0,,,0,,,,
2008-09-22,474.63,476.65,451.77,455.42,6271978,491.96,469.53,416.38,511.8,511.8,20.15,46.77,0,,419.11,,,0,,,0,,,,
2008-09-23,451.54,459.91,445.67,448.5,5700222,491.1,467.83,416.38,511.8,511.8,19.73,44.36,0,,414.92,,,0,,,0,,,,
2008-09-24,451.6,460.63,448.76,451.87,5623965,490.0,465.9,416.38,511.8,511.8,19.19,45.82,0,,417.46,,,0,,,0,,,,
2008-09-25,453.55,457.97,447.7,454.52,6397105,488.87,464.34,416.38,511.8,511.8,18.55,47.0,0,,419.59,,,0,,,0,,,,
2008-09-26,454.42,454.42,435.83,437.37,6717181,487.67,462.55,416.38,511.8,511.8,18.56,40.8,0,,408.52,,,0,,,0,,,,
2008-09-29,442.92,442.92,412.09,415.85,9195588,486.27,460.79,412.09,511.8,511.8,19.44,34.62,0,,392.63,,,0,,,0,,,,
2008-09-30,416.29,438.49,344.59,433.42,12589114,485.09,459.41,344.59,511.8,511.8,24.75,42.3,0,,377.92,,,0,,,0,,,,
2008-10-01,442.88,453.55,408.4,430.9,6017692,483.91,458.06,344.59,511.8,511.8,26.21,41.55,0,,375.32,,,0,,,0,,,,
2008-10-03,428.39,442.21,407.48,410.67,6355941,482.62,455.72,344.59,511.8,511.8,26.82,36.0,0,,361.87,,,0,,,0,,,,
2008-10-06,396.85,403.94,378.43,384.08,5806923,481.09,453.0,344.59,511.8,511.8,27.21,30.28,0,,344.46,,,0,,,0,,,,
2008-10-07,389.77,398.62,352.56,357.18,12960339,479.33,449.52,344.59,488.57,511.8,28.55,25.81,0,,326.21,,,0,,,0,,,,
2008-10-08,343.7,361.77,330.95,342.46,9189108,477.34,445.53,330.95,488.25,488.57,28.72,23.74,0,,312.06,,,0,,,0,,,,
2008-10-10,318.9,329.49,301.18,315.48,9614949,475.16,440.59,301.18,480.56,488.25,29.61,20.51,0,,284.14,,,0,,,0,,,,
2008-10-13,318.93,354.33,318.93,349.41,6621021,473.36,437.01,301.18,478.53,480.56,30.27,32.9,0,,305.58,,,0,,,0,,,,
2008-10-14,361.42,381.97,352.49,356.14,7046266,471.8,434.11,301.18,478.53,478.53,30.44,35.06,0,,309.81,,,0,,,0,,,,
2008-10-15,354.33,354.33,313.26,317.34,12120459,470.14,429.38,301.18,478.53,478.53,31.32,29.22,0,,284.19,,,0,,,0,,,,
2008-10-16,286.34,306.5,283.47,291.79,11078617,468.32,423.95,283.47,478.53,478.53,31.51,26.13,0,,261.69,,,0,,,0,,,,
2008-10-17,297.64,304.73,279.94,283.36,8917940,466.7,417.52,279.94,478.53,478.53,31.03,25.18,0,,255.4,,,0,,,0,,,,
2008-10-20,297.64,311.81,277.44,287.61,8605305,465.42,411.33,277.44,478.53,478.53,31.27,26.62,0,,257.14,,,0,,,0,,,,
2008-10-21,292.32,320.56,288.82,304.58,9397280,464.02,406.04,277.44,476.65,478.53,31.39,32.24,0,,268.01,,,0,,,0,,,,
2008-10-22,297.66,300.12,286.3,289.01,6532517,462.49,399.5,277.44,460.63,476.65,30.45,29.97,0,,258.59,,,0,,,0,,,,
2008-10-23,279.92,300.53,273.9,294.98,8990388,461.16,393.16,273.9,460.63,460.63,30.18,31.95,0,,261.44,,,0,,,0,,,,
2008-10-24,285.24,291.97,266.23,272.29,8120733,459.56,386.2,266.23,457.97,460.63,30.08,28.64,0,,244.32,,,0,,,0,,,,
2008-10-27,269.29,272.84,240.95,256.36,6776088,458.09,379.01,240.95,454.42,457.97,30.2,26.56,0,,225.53,,,0,,,0,,,,
2008-10-29,280.28,287.01,264.69,269.22,6724435,456.64,372.4,240.95,453.55,454.42,30.24,30.92,0,,233.81,,,0,,,0,,,,
2008-10-31,279.9,290.91,275.33,285.96,10454559,455.21,366.92,240.95,453.55,453.55,29.63,36.23,0,,245.01,,,0,,,0,,,,
2008-11-03,294.1,322.44,294.1,317.98,9222444,453.88,362.6,240.95,453.55,453.55,30.12,44.95,0,,265.34,,,0,,,0,,,,
2008-11-04,313.6,329.17,306.16,327.08,6685272,452.47,358.72,240.95,442.21,453.55,29.61,47.16,0,,271.54,,,0,,,0,,,,
2008-11-05,340.16,340.16,304.73,306.76,6177658,450.92,353.87,240.95,403.94,442.21,30.02,43.0,0,,258.16,,,0,,,0,,,,
2008-11-06,295.87,318.74,290.55,304.48,6470298,449.48,348.4,240.95,398.62,403.94,29.89,42.55,0,,256.78,,,0,,,0,,,,
2008-11-07,304.73,314.74,296.93,308.39,5658005,447.83,343.5,240.95,381.97,398.62,29.03,43.65,0,,259.87,,,0,,,0,,,,
2008-11-10,315.71,332.51,310.27,326.98,7730298,446.45,339.45,240.95,381.97,381.97,28.68,48.66,0,,272.1,,,0,,,0,,,,
2008-11-11,315.36,325.88,304.37,306.16,5983944,445.08,334.59,240.95,381.97,381.97,28.25,43.95,0,,258.96,,,0,,,0,,,,
2008-11-12,308.45,311.81,287.4,292.15,8129785,443.66,329.18,240.95,381.97,381.97,27.97,41.06,0,,250.11,,,0,,,0,,,,
2008-11-14,300.12,304.73,277.44,280.61,8814633,442.19,323.96,240.95,354.33,381.97,27.92,38.8,0,,242.69,,,0,,,0,,,,
2008-11-17,285.24,285.24,267.56,279.99,8342604,440.9,319.43,240.95,340.16,354.33,27.19,38.68,0,,242.78,,,0,,,0,,,,
2008-11-18,276.36,282.65,267.52,270.51,4966760,439.51,314.0,240.95,340.16,340.16,26.33,36.76,0,,237.24,,,0,,,0,,,,
2008-11-19,274.61,279.92,256.93,259.42,6836256,438.21,308.28,240.95,340.16,340.16,26.09,34.6,0,,230.25,,,0,,,0,,,,
2008-11-20,255.12,255.12,246.4,252.27,6369531,436.79,303.0,246.4,340.16,340.16,25.16,33.24,0,,228.08,,,0,,,0,,,,
2008-11-21,248.03,276.38,248.03,268.3,7797249,435.42,299.14,246.4,340.16,340.16,25.39,39.02,0,,238.26,,,0,,,0,,,,
2008-11-24,274.5,279.92,264.1,268.83,7567724,433.95,296.2,246.4,340.16,340.16,24.7,39.21,0,,239.06,,,0,,,0,,,,
2008-11-25,274.61,277.8,259.02,261.07,5227465,432.4,293.48,246.4,340.16,340.16,24.28,37.39,0,,234.34,,,0,,,0,,,,
2008-11-26,265.75,268.19,255.47,266.16,6253350,430.88,291.84,246.4,340.16,340.16,23.45,39.37,0,,238.17,,,0,,,0,,,,
2008-11-27,266.16,266.16,266.16,266.16,0,429.4,289.06,246.4,340.16,340.16,21.78,39.37,0,,239.29,,,0,,,0,,,,
2008-11-28,262.21,267.47,250.51,257.69,7458997,427.77,285.78,246.4,340.16,340.16,21.43,37.11,0,,234.05,,,0,,,0,,,,
2008-12-01,269.29,270.89,248.03,249.08,6645123,426.0,283.51,246.4,340.16,340.16,21.54,34.91,0,,228.43,,,0,,,0,,,,
2008-12-02,243.71,246.26,237.4,240.87,9534611,424.19,281.81,237.4,340.16,340.16,20.83,32.91,0,,220.61,,,0,,,0,,,,
2008-12-03,251.52,251.52,240.06,244.83,7124307,422.37,280.53,237.4,340.16,340.16,20.16,34.85,0,,223.61,,,0,,,0,,,,
2008-12-04,246.97,270.32,244.54,265.11,9660690,420.64,279.78,237.4,332.51,340.16,20.56,43.81,0,,236.42,,,0,,,0,,,,
2008-12-05,263.62,270.0,256.11,258.34,6060249,418.9,278.23,237.4,332.51,332.51,20.09,41.75,0,,232.37,,,0,,,0,,,,
2008-12-08,260.65,275.56,259.0,261.9,7404378,417.11,277.33,237.4,332.51,332.51,19.88,43.26,0,,234.8,,,0,,,0,,,,
2008-12-10,264.33,278.04,262.91,276.31,8402935,415.42,276.71,237.4,325.88,332.51,19.62,49.04,0,,244.28,,,0,,,0,,,,
2008-12-11,279.92,280.91,268.94,277.09,7188286,413.59,276.87,237.4,311.81,325.88,19.07,49.34,0,,245.14,,,0,,,0,,,,
2008-12-12,271.06,284.88,263.27,279.27,9927839,411.77,277.63,237.4,304.73,311.81,19.25,50.22,0,,246.43,,,0,,,0,,,,
2008-12-15,285.22,294.7,282.26,291.35,9881986,410.12,278.37,237.4,294.7,304.73,18.98,54.91,0,,254.4,,,0,,,0,,,,
2008-12-16,294.1,299.06,283.82,287.2,7739367,408.52,278.41,237.4,299.06,294.7,18.71,53.06,0,,251.9,,,0,,,0,,,,
2008-12-17,288.98,293.74,275.71,278.15,6449548,406.97,277.08,237.4,299.06,299.06,18.66,49.17,0,,246.1,,,0,,,0,,,,
2008-12-18,276.4,288.43,269.29,287.33,7368603,405.56,275.76,237.4,299.06,299.06,18.7,52.94,0,,252.0,,,0,,,0,,,,
2008-12-19,279.92,293.92,279.92,290.3,5566329,404.16,275.21,237.4,299.06,299.06,18.36,54.13,0,,254.14,,,0,,,0,,,,
2008-12-22,290.98,296.22,286.3,288.78,4334175,402.78,274.69,237.4,299.06,299.06,17.76,53.39,0,,253.56,,,0,,,0,,,,
2008-12-23,285.24,285.64,271.77,274.47,6719357,401.28,273.56,237.4,299.06,299.06,17.7,46.88,0,,244.36,,,0,,,0,,,,
2008-12-24,269.29,274.61,266.17,271.22,5200854,399.6,271.7,240.06,299.06,299.06,17.04,45.52,0,,243.6,,,0,,,0,,,,
2008-12-26,272.8,278.51,262.21,263.84,3310787,397.84,270.29,244.54,299.06,299.06,16.99,42.51,0,,240.36,,,0,,,0,,,,
2008-12-29,262.91,266.46,255.56,262.99,4496487,396.1,269.31,255.56,299.06,299.06,16.55,42.16,0,,243.78,,,0,,,0,,,,
2008-12-30,263.2,275.25,263.2,273.51,4614916,394.41,269.08,255.56,299.06,299.06,16.25,47.82,0,,250.77,,,0,,,0,,,,
2008-12-31,276.38,281.16,269.72,274.16,4132491,392.81,268.88,255.56,299.06,299.06,15.9,48.16,0,,251.42,,,0,,,0,,,,
2009-01-02,288.98,297.18,288.9,292.45,5061543,391.42,269.62,255.56,299.06,299.06,16.41,56.65,0,,262.88,,,0,,,0,,,,
2009-01-05,300.47,305.42,294.88,303.77,5645972,390.22,271.09,255.56,305.42,299.06,16.17,60.92,0,,270.34,,,0,,,0,,,,
2009-01-06,299.41,308.23,295.44,301.25,7650951,389.0,272.73,255.56,308.23,305.42,15.93,59.52,0,,268.88,,,0,,,0,,,,
2009-01-07,304.73,305.33,269.19,274.48,8478630,387.65,272.93,255.56,308.23,308.23,17.37,47.09,0,,250.65,,,0,,,0,,,,
2009-01-09,272.02,272.02,231.1,255.42,14629203,385.97,272.48,231.1,308.23,308.23,19.23,40.59,0,,228.96,,,0,,,0,,,,
2009-01-12,248.03,258.66,240.95,243.89,10397673,384.09,271.91,231.1,308.23,308.23,19.12,37.25,0,,221.6,,,0,,,0,,,,
2009-01-13,242.72,253.28,240.95,247.98,3816596,382.32,271.31,231.1,308.23,308.23,18.63,39.16,0,,224.56,,,0,,,0,,,,
2009-01-14,251.58,254.91,247.22,251.29,4125746,380.65,270.81,231.1,308.23,308.23,17.85,40.74,0,,227.21,,,0,,,0,,,,
2009-01-15,244.49,255.1,237.4,250.48,5900134,379.08,270.57,231.1,308.23,308.23,17.84,40.46,0,,226.7,,,0,,,0,,,,
2009-01-16,251.93,258.63,248.16,254.11,5162105,377.59,270.74,231.1,308.23,308.23,17.31,42.35,0,,229.39,,,0,,,0,,,,
2009-01-19,255.83,260.97,253.35,257.83,4500114,376.16,271.3,231.1,308.23,308.23,16.62,44.3,0,,232.25,,,0,,,0,,,,
2009-01-20,250.53,254.41,248.81,251.12,4352742,374.78,271.51,231.1,308.23,308.23,16.08,41.57,0,,228.29,,,0,,,0,,,,
2009-01-21,246.26,249.8,241.03,242.77,4640548,373.36,270.77,231.1,308.23,308.23,15.65,38.4,0,,223.19,,,0,,,0,,,,
2009-01-22,246.97,249.45,230.71,235.51,7262968,371.81,270.01,230.71,308.23,308.23,15.87,35.84,0,,218.23,,,0,,,0,,,,
2009-01-23,233.86,236.78,225.71,227.14,6345996,370.15,268.85,225.71,308.23,308.23,15.53,33.1,0,,211.39,,,0,,,0,,,,
2009-01-27,226.81,233.86,214.57,225.98,8124363,368.47,267.17,214.57,308.23,308.23,15.8,32.72,0,,206.75,,,0,,,0,,,,
2009-01-28,228.54,240.17,226.49,238.0,10260022,366.85,265.87,214.57,308.23,308.23,15.68,40.25,0,,214.58,,,0,,,0,,,,
2009-01-29,241.42,246.15,231.02,234.23,8641829,365.07,264.37,214.57,308.23,308.23,15.64,38.78,0,,212.17,,,0,,,0,,,,
2009-01-30,231.66,246.26,229.04,244.58,13529535,363.47,262.81,214.57,308.23,308.23,15.76,44.73,0,,218.77,,,0,,,0,,,,
2009-02-02,240.59,247.32,232.09,234.05,7096974,361.95,261.04,214.57,308.23,308.23,15.72,40.43,0,,212.01,,,0,,,0,,,,
2009-02-03,237.4,240.59,229.08,233.01,7514228,360.5,259.53,214.57,308.23,308.23,15.42,40.02,0,,211.54,,,0,,,0,,,,
2009-02-04,235.68,239.14,230.39,232.19,7324445,359.23,257.69,214.57,308.23,308.23,14.94,39.68,0,,211.32,,,0,,,0,,,,
2009-02-05,233.5,235.17,223.94,225.57,6124889,358.03,255.54,214.57,305.33,308.23,14.68,36.94,0,,207.23,,,0,,,0,,,,
2009-02-06,226.77,230.24,225.04,226.38,5069990,356.82,253.46,214.57,272.02,305.33,14.0,37.51,0,,208.21,,,0,,,0,,,,
2009-02-09,230.32,240.24,226.51,238.96,7300433,355.64,252.27,214.57,260.97,272.02,13.99,45.69,0,,216.33,,,0,,,0,,,,
2009-02-10,237.4,249.63,237.4,247.52,8320095,354.63,251.48,214.57,260.97,260.97,13.86,50.45,0,,221.93,,,0,,,0,,,,
2009-02-11,241.34,247.13,238.77,244.29,6146941,353.7,250.83,214.57,260.97,260.97,13.5,48.72,0,,220.09,,,0,,,0,,,,
2009-02-12,240.95,245.48,239.67,241.81,4093355,352.79,250.12,214.57,260.97,260.97,12.95,47.37,0,,218.86,,,0,,,0,,,,
2009-02-13,243.78,251.74,242.72,248.81,5804655,351.75,249.3,214.57,260.97,260.97,12.73,51.45,0,,223.52,,,0,,,0,,,,
2009-02-16,248.01,251.58,234.23,236.27,6058410,350.71,248.04,214.57,260.97,260.97,13.06,44.76,0,,215.21,,,0,,,0,,,,
2009-02-17,233.13,235.58,230.67,233.29,5156642,349.47,246.07,223.94,254.41,260.97,12.53,43.32,0,,216.77,,,0,,,0,,,,
2009-02-18,232.09,235.1,228.97,231.01,4687839,348.23,243.64,223.94,251.74,254.41,12.07,42.2,0,,215.6,,,0,,,0,,,,
2009-02-19,233.5,234.82,226.1,226.9,5990494,346.93,241.16,223.94,251.74,251.74,11.83,40.18,0,,213.11,,,0,,,0,,,,
2009-02-20,225.0,225.36,217.95,220.2,5595815,345.43,239.35,217.95,251.74,251.74,11.63,37.07,0,,206.93,,,0,,,0,,,,
2009-02-24,217.91,223.58,214.44,221.28,5589929,343.93,238.22,214.44,251.74,251.74,11.45,37.9,0,,206.57,,,0,,,0,,,,
2009-02-25,229.61,229.61,215.95,216.82,6715505,342.61,237.31,214.44,251.74,251.74,11.61,35.79,0,,203.59,,,0,,,0,,,,
2009-02-26,219.33,222.7,214.78,216.11,9112797,341.25,236.25,214.44,251.74,251.74,11.34,35.45,0,,203.31,,,0,,,0,,,,
2009-02-27,223.23,223.23,212.03,217.47,8016619,340.02,235.12,212.03,251.74,251.74,11.33,36.69,0,,203.39,,,0,,,0,,,,
2009-03-02,210.85,215.43,205.99,207.0,5660480,338.75,233.67,205.99,251.74,251.74,11.34,31.67,0,,194.62,,,0,,,0,,,,
2009-03-03,206.93,209.94,201.97,202.68,6417834,337.23,231.96,201.97,251.74,251.74,11.1,29.85,0,,190.65,,,0,,,0,,,,
2009-03-04,203.74,207.6,203.05,205.67,5352426,335.61,230.22,201.97,251.74,251.74,10.66,32.73,0,,192.87,,,0,,,0,,,,
2009-03-05,207.28,207.99,200.37,201.53,5519619,334.0,228.57,200.37,251.74,251.74,10.44,30.84,0,,189.81,,,0,,,0,,,,
2009-03-06,201.26,207.92,197.01,205.81,6585619,332.35,227.34,197.01,251.74,251.74,10.48,35.01,0,,191.43,,,0,,,0,,,,
2009-03-09,203.03,207.11,197.04,199.15,4426002,330.42,226.12,197.01,251.74,251.74,10.45,31.8,0,,187.16,,,0,,,0,,,,
2009-03-12,205.51,206.72,201.97,204.13,4060228,328.6,225.36,197.01,251.74,251.74,10.24,36.49,0,,190.51,,,0,,,0,,,,
2009-03-13,209.76,219.33,206.22,217.99,7093777,326.96,225.09,197.01,251.74,251.74,10.6,47.34,0,,199.21,,,0,,,0,,,,
2009-03-16,219.3,224.11,215.52,222.13,4788839,325.25,224.56,197.01,251.74,251.74,10.45,50.09,0,,201.97,,,0,,,0,,,,
2009-03-17,218.62,222.87,216.14,218.84,4717336,323.72,224.05,197.01,251.74,251.74,10.19,47.95,0,,200.03,,,0,,,0,,,,
2009-03-18,220.5,228.9,219.69,225.27,7764986,322.18,223.4,197.01,251.58,251.74,10.18,52.24,0,,204.18,,,0,,,0,,,,
2009-03-19,226.75,229.96,214.76,215.93,7903244,320.56,222.8,197.01,235.58,251.58,10.54,46.27,0,,197.92,,,0,,,0,,,,
2009-03-20,214.37,216.82,205.58,207.32,10652949,318.78,221.94,197.01,235.1,235.58,10.59,41.56,0,,192.33,,,0,,,0,,,,
2009-03-23,209.41,216.32,208.45,214.28,7009710,317.09,221.35,197.01,234.82,235.1,10.47,46.32,0,,196.9,,,0,,,0,,,,
2009-03-24,217.38,222.87,213.68,215.38,7690711,315.36,221.01,197.01,229.96,234.82,10.38,47.05,0,,197.67,,,0,,,0,,,,
2009-03-25,217.21,222.7,213.73,220.96,7555725,313.59,220.83,197.01,229.96,229.96,10.28,50.73,0,,201.33,,,0,,,0,,,,
2009-03-26,222.87,237.4,222.87,234.62,13953386,311.91,220.68,197.01,237.4,229.96,10.72,58.36,0,,209.85,,,0,,,0,,,,
2009-03-27,237.3,245.34,234.92,241.09,6607489,310.19,220.47,197.01,245.34,237.4,10.72,61.41,0,,214.03,,,0,,,0,,,,
2009-03-30,235.63,239.49,228.85,230.9,6225813,308.33,220.02,197.01,245.34,245.34,10.83,54.63,0,,207.38,,,0,,,0,,,,
2009-03-31,231.73,244.49,231.38,237.9,7538161,306.57,219.89,197.04,245.34,245.34,11.03,58.06,0,,211.77,,,0,,,0,,,,
2009-04-01,240.59,242.68,234.32,238.27,5407339,304.89,219.54,201.97,245.34,245.34,10.84,58.24,0,,213.78,,,0,,,0,,,,
2009-04-02,242.72,260.65,242.72,254.32,11436900,303.46,220.14,205.58,260.65,245.34,11.66,65.2,0,,224.79,,,0,,,0,,,,
2009-04-06,260.43,275.32,257.1,272.94,11551000,302.11,221.46,205.58,275.32,260.65,12.33,71.2,0,,236.35,,,0,,,0,,,,
2009-04-08,265.04,287.72,262.33,285.93,13743522,300.87,223.29,205.58,287.72,275.32,13.26,74.5,0,,244.11,,,0,,,0,,,,
2009-04-09,297.57,301.89,285.36,294.96,10567176,299.63,225.56,205.58,301.89,287.72,13.49,76.51,0,,249.78,,,0,,,0,,,,
2009-04-13,298.51,304.73,278.26,292.82,20620055,298.48,227.98,205.58,304.73,301.89,14.42,75.0,0,,247.78,,,0,,,0,,,,
2009-04-15,290.55,317.48,284.17,311.19,11543917,297.48,230.98,205.58,317.48,304.73,15.77,78.86,1,311.19,258.73,258.73,258.73,1,8,2009-04-15,0,,,,
2009-04-16,318.9,319.25,289.35,294.82,14644273,296.36,233.58,208.45,319.25,317.48,16.78,68.68,0,,248.46,,258.73,1,8,2009-04-15,1,296.36,SMA150_BREAK,2,-4.76
2009-04-17,299.41,319.61,294.98,308.0,14387769,295.33,236.64,213.68,319.61,319.25,17.35,71.83,0,,258.32,,,0,,,0,,,,
2009-04-20,315.55,318.54,306.53,313.32,6806526,294.37,239.84,213.73,319.61,319.61,16.97,73.01,0,,262.02,,,0,,,0,,,,
2009-04-21,304.73,311.07,300.15,302.35,5741370,293.43,243.02,222.87,319.61,319.61,16.7,66.79,0,,258.17,,,0,,,0,,,,
2009-04-22,306.94,309.69,291.01,292.8,5426167,292.32,246.02,228.85,319.61,319.61,16.84,61.85,0,,253.91,,,0,,,0,,,,
2009-04-23,294.95,309.97,288.78,305.97,6322752,291.33,249.36,228.85,319.61,319.61,17.15,65.63,0,,262.2,,,0,,,0,,,,
2009-04-24,311.81,317.13,304.83,314.13,5528738,290.25,253.12,231.38,319.61,319.61,16.8,67.76,0,,268.54,,,0,,,0,,,,
2009-04-27,308.68,324.21,307.63,321.61,8708303,289.24,256.98,234.32,324.21,319.61,16.79,69.62,1,321.61,274.35,274.35,274.35,1,9,2009-04-27,0,,,,
2009-04-28,319.96,327.58,307.65,309.39,9193182,288.21,260.65,242.72,327.58,324.21,17.01,63.21,0,,269.12,,274.35,1,9,2009-04-27,0,,,,
2009-04-29,303.86,315.0,301.89,311.58,7548455,287.05,264.23,257.1,327.58,327.58,16.73,63.85,0,,275.51,,275.51,1,9,2009-04-27,0,,,,
2009-04-30,311.58,311.58,311.58,311.58,0,285.9,267.35,262.33,327.58,327.58,15.54,63.85,0,,278.05,,278.05,1,9,2009-04-27,0,,,,
2009-05-04,318.9,340.02,317.13,337.63,8165099,284.94,271.2,278.26,340.02,327.58,16.46,70.87,1,337.63,299.55,299.55,299.55,1,9,2009-04-27,0,,,,
2009-05-05,340.09,351.75,338.39,347.76,7809315,284.11,275.5,278.26,351.75,340.02,16.29,73.06,0,,306.2,,306.2,1,9,2009-04-27,0,,,,
2009-05-06,350.79,355.4,340.51,344.04,7292531,283.29,279.46,284.17,355.4,351.75,16.19,70.95,0,,305.83,,306.2,1,9,2009-04-27,0,,,,
2009-05-07,345.47,353.98,344.41,349.94,4476109,282.62,283.93,288.78,355.4,355.4,15.75,72.31,0,,311.47,,311.47,1,9,2009-04-27,0,,,,
2009-05-08,349.37,357.88,340.19,351.28,7600187,281.98,288.73,288.78,357.88,355.4,15.89,72.63,0,,312.25,,312.25,1,9,2009-04-27,0,,,,
2009-05-11,352.91,359.9,337.68,341.51,5489914,281.3,292.97,288.78,359.9,357.88,16.34,66.68,0,,305.64,,312.25,1,9,2009-04-27,0,,,,
2009-05-12,343.7,349.69,331.3,348.1,6959877,280.6,297.39,288.78,359.9,359.9,16.48,68.55,0,,309.79,,312.25,1,9,2009-04-27,0,,,,
2009-05-13,350.79,354.33,340.51,345.95,6420624,279.79,301.56,288.78,359.9,359.9,16.29,67.22,0,,308.54,,312.25,1,9,2009-04-27,0,,,,
2009-05-14,336.62,341.58,321.29,335.34,5205771,278.99,304.91,288.78,359.9,359.9,16.89,60.95,0,,301.29,,312.25,1,9,2009-04-27,0,,,,
2009-05-15,349.73,353.27,338.39,350.43,5925168,278.33,308.56,301.89,359.9,359.9,16.97,65.83,0,,315.35,,315.35,1,9,2009-04-27,0,,,,
2009-05-18,404.08,455.32,389.77,436.41,68467,278.23,315.41,301.89,455.32,359.9,23.25,80.66,1,436.41,366.62,366.62,366.62,1,9,2009-04-27,0,,,,
2009-05-19,460.63,523.35,449.29,475.92,23310641,278.37,323.34,301.89,523.35,455.32,27.8,84.08,0,,389.07,,389.07,1,9,2009-04-27,0,,,,
2009-05-20,474.8,509.88,471.3,482.35,14970723,278.67,331.48,301.89,523.35,523.35,28.57,84.56,0,,392.7,,392.7,1,9,2009-04-27,0,,,,
2009-05-21,478.35,481.89,432.57,438.77,8622207,278.82,337.63,311.58,523.35,523.35,30.08,69.35,0,,366.81,,392.7,1,9,2009-04-27,0,,,,
2009-05-22,435.81,463.93,432.3,460.9,8190389,279.01,343.89,317.13,523.35,523.35,30.19,72.09,0,,382.86,,392.7,1,9,2009-04-27,0,,,,
2009-05-25,467.72,472.68,457.12,462.39,4805129,279.22,349.77,321.29,523.35,523.35,29.15,72.27,0,,385.91,,392.7,1,9,2009-04-27,0,,,,
2009-05-26,465.95,468.71,441.23,443.91,4124776,279.44,354.74,321.29,523.35,523.35,29.03,66.54,0,,374.07,,392.7,1,9,2009-04-27,0,,,,
2009-05-27,452.48,466.51,451.77,464.95,4623885,279.98,360.48,321.29,523.35,523.35,28.57,69.5,0,,387.94,,392.7,1,9,2009-04-27,0,,,,
2009-05-28,467.72,487.21,453.65,476.82,11480843,280.78,366.0,321.29,523.35,523.35,28.93,71.06,0,,395.36,,395.36,1,9,2009-04-27,0,,,,
2009-05-29,484.02,502.44,480.12,496.84,7212413,281.8,372.73,321.29,523.35,523.35,28.69,73.52,0,,408.43,,408.43,1,9,2009-04-27,0,,,,
2009-06-01,501.4,508.01,488.27,496.3,6410166,283.01,379.01,321.29,523.35,523.35,28.05,73.34,0,,408.51,,408.51,1,9,2009-04-27,0,,,,
2009-06-02,500.32,505.99,489.46,500.76,7677495,284.02,385.26,321.29,523.35,523.35,27.23,73.91,0,,411.94,,411.94,1,9,2009-04-27,0,,,,
2009-06-03,503.15,508.82,490.93,497.96,6108336,284.96,391.78,321.29,523.35,523.35,26.56,72.86,0,,410.57,,411.94,1,9,2009-04-27,0,,,,
2009-06-04,492.52,519.42,485.43,515.69,6116033,286.29,399.21,338.39,523.35,523.35,27.09,75.27,0,,427.36,,427.36,1,9,2009-04-27,0,,,,
2009-06-05,522.64,549.21,518.26,539.51,8260922,287.94,406.99,389.77,549.21,523.35,27.55,78.08,1,539.51,459.54,459.54,459.54,1,9,2009-04-27,0,,,,
2009-06-08,540.36,557.26,515.61,524.52,10661949,289.55,414.0,432.3,557.26,549.21,28.56,72.49,0,,463.38,,463.38,1,9,2009-04-27,0,,,,
2009-06-09,520.87,562.29,520.87,557.29,8605282,291.34,421.86,432.3,562.29,557.26,29.48,76.46,1,557.29,483.9,483.9,483.9,1,9,2009-04-27,0,,,,
2009-06-10,567.34,595.21,567.34,577.12,10878432,293.16,430.78,432.3,595.21,562.29,30.08,78.48,0,,496.29,,496.29,1,9,2009-04-27,0,,,,
2009-06-11,581.14,586.07,562.01,577.21,9711380,295.08,439.64,432.3,595.21,595.21,29.65,78.49,0,,496.63,,496.63,1,9,2009-04-27,0,,,,
2009-06-12,593.86,601.9,550.63,560.48,7893762,296.85,447.94,441.23,601.9,595.21,31.19,72.41,0,,487.79,,496.63,1,9,2009-04-27,0,,,,
2009-06-15,558.07,562.01,529.74,533.73,6220656,298.59,454.47,441.23,601.9,601.9,31.27,63.88,0,,470.49,,496.63,1,9,2009-04-27,0,,,,
2009-06-16,526.18,547.09,517.79,540.53,6641028,300.49,460.9,451.77,601.9,601.9,31.13,65.01,0,,478.48,,496.63,1,9,2009-04-27,0,,,,
2009-06-17,538.58,539.93,515.55,520.46,8521548,302.16,466.78,453.65,601.9,601.9,30.69,59.14,0,,466.45,,496.63,1,9,2009-04-27,0,,,,
2009-06-18,515.93,524.41,496.92,501.65,6450252,303.6,471.84,480.12,601.9,601.9,30.46,54.2,0,,463.3,,496.63,1,9,2009-04-27,0,,,,
2009-06-19,508.45,535.68,506.69,530.45,5325475,305.02,477.81,485.43,601.9,601.9,30.72,59.74,0,,483.47,,496.63,1,9,2009-04-27,0,,,,
2009-06-22,536.8,547.09,528.01,536.16,5315672,306.41,484.3,485.43,601.9,601.9,29.89,60.76,0,,487.71,,496.63,1,9,2009-04-27,0,,,,
2009-06-23,526.18,529.73,510.24,526.68,7336224,307.88,490.25,485.43,601.9,601.9,29.6,58.14,0,,481.78,,496.63,1,9,2009-04-27,0,,,,
2009-06-24,531.14,540.0,526.93,534.55,5615235,309.41,496.54,485.43,601.9,601.9,28.44,59.69,0,,487.64,,496.63,1,9,2009-04-27,0,,,,
2009-06-25,537.38,548.51,533.27,541.9,6988970,310.97,503.42,496.92,601.9,601.9,27.5,61.14,0,,496.83,,496.83,1,9,2009-04-27,0,,,,
2009-06-26,545.76,573.56,545.76,570.62,8213595,312.59,510.76,496.92,601.9,601.9,27.79,66.25,0,,515.16,,515.16,1,9,2009-04-27,0,,,,
2009-06-29,560.29,584.29,560.29,574.66,5011337,314.38,515.37,496.92,601.9,601.9,27.52,66.91,0,,517.95,,517.95,1,9,2009-04-27,0,,,,
2009-06-30,583.94,588.19,549.34,555.52,9098784,316.14,518.02,496.92,601.9,601.9,28.33,60.85,0,,505.06,,517.95,1,9,2009-04-27,0,,,,
2009-07-01,565.14,568.56,548.15,557.63,5039556,317.99,520.53,496.92,601.9,601.9,27.77,61.26,0,,506.8,,517.95,1,9,2009-04-27,0,,,,
2009-07-02,559.49,563.33,544.68,555.26,5237115,319.82,524.42,496.92,601.9,601.9,27.11,60.48,0,,505.71,,517.95,1,9,2009-04-27,0,,,,
2009-07-03,549.21,574.02,545.67,569.61,4331034,321.82,528.04,496.92,601.9,601.9,27.2,63.51,0,,514.9,,517.95,1,9,2009-04-27,0,,,,
2009-07-06,572.95,588.86,512.01,518.8,10162104,323.54,529.92,496.92,601.9,601.9,30.75,49.16,0,,479.77,,517.95,1,9,2009-04-27,1,517.95,TRAILING_STOP,50,61.05
2009-07-07,525.12,539.93,521.22,531.55,7719243,325.41,532.84,496.92,601.9,601.9,30.06,52.09,0,,488.45,,,0,,,0,,,,
2009-07-08,527.6,527.6,496.86,501.17,7845547,326.96,534.05,496.86,601.9,601.9,30.39,45.38,0,,468.61,,,0,,,0,,,,
2009-07-09,506.69,510.24,484.44,492.17,5950041,328.45,534.56,484.44,601.9,601.9,30.06,43.6,0,,458.89,,,0,,,0,,,,
2009-07-10,496.06,504.44,474.8,480.67,6619385,329.91,534.02,474.8,588.86,601.9,30.03,41.35,0,,448.28,,,0,,,0,,,,
2009-07-13,473.56,479.98,462.55,471.3,4871529,331.28,533.19,462.55,588.86,588.86,29.18,39.57,0,,438.72,,,0,,,0,,,,
2009-07-14,478.9,491.46,476.01,484.58,6078064,332.74,532.65,462.55,588.86,588.86,28.54,43.3,0,,447.71,,,0,,,0,,,,
2009-07-15,490.75,509.53,489.01,506.93,5571378,334.4,532.95,462.55,588.86,588.86,28.28,49.02,0,,462.3,,,0,,,0,,,,
2009-07-16,510.2,526.89,485.43,488.66,11484562,335.99,532.05,462.55,588.86,588.86,29.22,45.02,0,,449.89,,,0,,,0,,,,
2009-07-17,488.98,507.37,488.98,502.96,6598631,337.74,530.83,462.55,588.86,588.86,28.47,48.56,0,,459.61,,,0,,,0,,,,
2009-07-20,507.4,519.98,506.69,516.58,4977168,339.55,530.56,462.55,588.86,588.86,27.65,51.74,0,,468.94,,,0,,,0,,,,
2009-07-21,517.32,527.25,507.4,521.77,4781301,341.26,529.38,462.55,588.86,588.86,27.1,52.94,0,,472.66,,,0,,,0,,,,
2009-07-22,523.35,531.48,507.85,513.32,4959711,342.96,527.25,462.55,588.86,588.86,26.85,50.73,0,,467.38,,,0,,,0,,,,
2009-07-23,520.87,531.14,516.26,527.88,4396684,344.74,525.61,462.55,588.86,588.86,26.2,54.27,0,,477.2,,,0,,,0,,,,
2009-07-24,531.98,538.2,524.41,531.36,4724329,346.44,524.64,462.55,588.86,588.86,25.32,55.09,0,,480.03,,,0,,,0,,,,
2009-07-27,533.62,538.58,523.99,531.6,3701184,348.13,524.57,462.55,588.86,588.86,24.55,55.15,0,,480.7,,,0,,,0,,,,
2009-07-28,531.85,538.58,526.7,529.32,3919864,349.8,524.19,462.55,588.86,588.86,23.65,54.41,0,,479.83,,,0,,,0,,,,
2009-07-29,524.41,536.46,514.14,519.47,5016433,351.32,524.16,462.55,588.86,588.86,23.55,51.18,0,,473.54,,,0,,,0,,,,
2009-07-30,517.22,534.69,508.13,528.96,5201743,352.93,525.07,462.55,588.86,588.86,23.77,54.01,0,,479.52,,,0,,,0,,,,
2009-07-31,535.04,544.22,527.25,533.75,4799497,354.64,525.18,462.55,588.86,588.86,23.28,55.41,0,,482.93,,,0,,,0,,,,
2009-08-03,531.14,545.28,528.86,538.5,3155132,356.31,525.26,476.01,545.28,588.86,22.79,56.82,0,,490.81,,,0,,,0,,,,
2009-08-04,541.77,546.98,533.34,538.35,4661464,357.97,525.65,485.43,546.98,545.28,22.14,56.76,0,,494.29,,,0,,,0,,,,
2009-08-05,538.48,542.29,526.18,537.24,3735076,359.62,525.74,485.43,546.98,546.98,21.71,56.28,0,,493.86,,,0,,,0,,,,
2009-08-06,534.12,544.57,521.58,526.91,4821934,361.31,525.24,488.98,546.98,546.98,21.8,51.87,0,,488.32,,,0,,,0,,,,
2009-08-07,524.41,527.25,517.32,519.59,3708351,362.96,523.54,506.69,546.98,546.98,20.95,48.94,0,,490.07,,,0,,,0,,,,
2009-08-10,526.5,529.27,497.27,508.87,3840644,364.59,521.34,497.27,546.98,546.98,21.74,44.94,0,,479.48,,,0,,,0,,,,
2009-08-11,503.15,516.97,496.42,511.9,4153347,366.25,519.89,496.42,546.98,546.98,21.65,46.28,0,,481.21,,,0,,,0,,,,
2009-08-12,506.59,507.72,492.52,503.9,4901683,367.79,518.1,492.52,546.98,546.98,21.49,43.29,0,,474.86,,,0,,,0,,,,
2009-08-13,513.07,531.5,510.27,529.89,3799390,369.49,517.25,492.52,546.98,546.98,21.93,53.74,0,,491.33,,,0,,,0,,,,
2009-08-14,529.73,537.88,522.64,526.7,3326760,371.06,515.82,492.52,546.98,546.98,21.45,52.46,0,,489.59,,,0,,,0,,,,
2009-08-17,521.22,521.22,497.13,500.64,3989506,372.37,515.22,492.52,546.98,546.98,22.03,43.39,0,,472.4,,,0,,,0,,,,
2009-08-18,504.76,530.12,499.78,527.8,5838309,373.88,515.09,492.52,546.98,546.98,22.62,52.59,0,,489.52,,,0,,,0,,,,
2009-08-19,527.62,536.32,514.45,529.05,5537875,375.58,516.02,492.52,546.98,546.98,22.57,52.97,0,,490.36,,,0,,,0,,,,
2009-08-20,533.69,542.26,527.3,529.39,4613584,377.4,517.26,492.52,546.98,546.98,22.03,53.08,0,,490.95,,,0,,,0,,,,
2009-08-21,529.77,531.55,517.68,529.52,4656402,379.31,518.89,492.52,546.98,546.98,21.44,53.13,0,,491.42,,,0,,,0,,,,
2009-08-24,535.48,555.83,533.69,553.43,5436407,381.34,521.63,492.52,555.83,546.98,21.79,60.62,1,553.43,506.61,506.61,506.61,1,10,2009-08-24,0,,,,
2009-08-25,547.97,568.32,542.99,561.72,5066190,383.41,524.2,492.52,568.32,555.83,22.04,62.84,0,,511.79,,511.79,1,10,2009-08-24,0,,,,
2009-08-26,562.97,565.57,558.57,562.41,2628639,385.49,526.05,492.52,568.32,568.32,20.97,63.03,0,,512.95,,512.95,1,10,2009-08-24,0,,,,
2009-08-27,557.25,574.17,551.54,571.34,4000556,387.61,528.8,492.52,574.17,568.32,21.09,65.45,1,571.34,518.63,518.63,518.63,1,10,2009-08-24,0,,,,
2009-08-28,569.03,580.1,568.02,577.73,4893203,389.74,531.3,492.52,580.1,574.17,20.45,67.11,0,,523.18,,523.18,1,10,2009-08-24,0,,,,
2009-08-31,572.25,574.75,556.9,559.56,4075409,391.8,532.73,492.52,580.1,580.1,20.47,58.5,0,,511.44,,523.18,1,10,2009-08-24,0,,,,
2009-09-01,555.47,569.21,549.4,553.52,3373533,393.87,533.79,492.52,580.1,580.1,20.43,55.94,0,,507.58,,523.18,1,10,2009-08-24,0,,,,
2009-09-02,544.4,555.0,542.78,546.97,2260080,395.94,534.91,497.13,580.1,580.1,19.84,53.21,0,,505.28,,523.18,1,10,2009-08-24,0,,,,
2009-09-03,549.76,553.61,536.73,540.74,2420973,398.04,535.34,497.13,580.1,580.1,19.63,50.68,0,,501.4,,523.18,1,10,2009-08-24,0,,,,
2009-09-04,566.04,566.04,538.55,559.54,3368106,400.26,536.28,497.13,580.1,580.1,20.19,57.28,0,,513.15,,523.18,1,10,2009-08-24,0,,,,
2009-09-07,567.25,571.89,562.25,570.6,2779290,402.48,537.58,499.78,580.1,580.1,19.63,60.62,0,,521.54,,523.18,1,10,2009-08-24,0,,,,
2009-09-08,576.62,583.99,569.94,577.48,3927723,404.76,539.18,514.45,583.99,580.1,19.23,62.58,0,,531.14,,531.14,1,10,2009-08-24,0,,,,
2009-09-09,576.42,581.42,569.75,571.91,3116036,406.95,540.93,517.68,583.99,583.99,18.69,59.98,0,,528.98,,531.14,1,10,2009-08-24,0,,,,
2009-09-10,578.32,581.17,564.39,571.52,3630021,409.2,542.35,517.68,583.99,583.99,18.55,59.79,0,,528.82,,531.14,1,10,2009-08-24,0,,,,
2009-09-11,571.89,582.6,571.18,581.15,3518865,411.52,543.93,533.69,583.99,583.99,18.04,62.88,0,,540.71,,540.71,1,10,2009-08-24,0,,,,
2009-09-14,578.32,579.74,569.46,572.91,1897510,413.79,545.08,536.73,583.99,583.99,17.59,58.72,0,,536.71,,540.71,1,10,2009-08-24,0,,,,
2009-09-15,575.1,588.22,574.75,581.71,3343572,416.16,546.52,536.73,588.22,583.99,17.43,61.64,0,,542.49,,542.49,1,10,2009-08-24,0,,,,
2009-09-16,585.1,590.81,578.39,582.26,3451023,418.54,548.02,536.73,590.81,588.22,17.07,61.82,0,,543.09,,543.09,1,10,2009-08-24,0,,,,
2009-09-17,583.67,593.92,578.57,587.45,2901217,420.86,550.04,536.73,593.92,590.81,16.95,63.57,0,,546.52,,546.52,1,10,2009-08-24,0,,,,
2009-09-18,584.38,592.6,583.31,590.85,2544401,423.15,552.42,536.73,593.92,593.92,16.4,64.71,0,,549.07,,549.07,1,10,2009-08-24,0,,,,
2009-09-22,592.6,598.65,587.24,595.67,2794493,425.49,555.31,536.73,598.65,593.92,16.04,66.32,1,595.67,552.42,552.42,552.42,1,10,2009-08-24,0,,,,
2009-09-23,596.16,599.27,580.69,583.71,2959933,427.77,557.7,536.73,599.27,598.65,16.23,59.11,0,,544.59,,552.42,1,10,2009-08-24,0,,,,
2009-09-24,578.32,596.16,576.92,592.01,4296678,430.06,560.64,536.73,599.27,599.27,16.44,62.18,0,,549.8,,552.42,1,10,2009-08-24,0,,,,
2009-09-25,589.74,597.27,584.38,587.72,2222025,432.4,562.57,538.55,599.27,599.27,16.19,59.69,0,,547.8,,552.42,1,10,2009-08-24,0,,,,
2009-09-29,589.03,595.24,585.46,588.86,2215226,434.77,564.64,562.25,599.27,599.27,15.73,60.15,0,,556.75,,556.75,1,10,2009-08-24,0,,,,
2009-09-30,588.95,605.98,586.13,603.02,3439041,437.25,568.05,564.39,605.98,599.27,16.02,65.4,1,603.02,566.4,566.4,566.4,1,10,2009-08-24,0,,,,
2009-10-01,602.48,603.02,590.27,594.45,2496165,439.7,570.27,564.39,605.98,605.98,15.79,60.22,0,,561.02,,566.4,1,10,2009-08-24,0,,,,
2009-10-05,588.56,595.81,584.03,590.63,2522225,442.17,572.33,564.39,605.98,605.98,15.5,58.02,0,,558.75,,566.4,1,10,2009-08-24,0,,,,
2009-10-06,592.24,602.59,578.67,599.95,3003241,444.7,574.68,569.46,605.98,605.98,16.1,61.7,0,,566.05,,566.4,1,10,2009-08-24,0,,,,
2009-10-07,601.52,617.37,595.45,598.75,5869174,447.24,576.99,569.46,617.37,605.98,16.52,60.96,0,,565.0,,566.4,1,10,2009-08-24,0,,,,
2009-10-08,605.09,606.16,581.89,589.31,5536527,449.73,578.18,574.75,617.37,617.37,17.07,55.33,0,,560.31,,566.4,1,10,2009-08-24,0,,,,
2009-10-09,592.6,592.6,580.12,583.06,3073045,452.17,578.89,576.92,617.37,617.37,16.75,51.91,0,,557.22,,566.4,1,10,2009-08-24,0,,,,
2009-10-12,590.81,592.95,581.89,591.52,2437373,454.73,579.86,576.92,617.37,617.37,16.34,55.88,0,,562.94,,566.4,1,10,2009-08-24,0,,,,
2009-10-13,591.52,591.52,591.52,591.52,0,457.32,580.54,576.92,617.37,617.37,15.17,55.88,0,,563.72,,566.4,1,10,2009-08-24,0,,,,
2009-10-14,595.09,606.52,594.38,603.32,2253177,459.97,581.39,576.92,617.37,617.37,15.16,61.09,0,,571.34,,571.34,1,10,2009-08-24,0,,,,
2009-10-15,608.66,609.73,594.59,604.32,3148098,462.66,582.88,576.92,617.37,617.37,15.16,61.5,0,,571.99,,571.99,1,10,2009-08-24,0,,,,
2009-10-16,606.16,609.94,594.47,605.16,3894660,465.32,584.6,576.92,617.37,617.37,15.18,61.87,0,,572.51,,572.51,1,10,2009-08-24,0,,,,
2009-10-20,609.73,610.34,594.83,597.52,3988401,467.98,586.29,578.67,617.37,617.37,15.2,56.58,0,,568.15,,572.51,1,10,2009-08-24,0,,,,
2009-10-21,597.52,605.45,594.38,597.29,4934736,470.6,588.17,578.67,617.37,617.37,14.91,56.42,0,,568.2,,572.51,1,10,2009-08-24,0,,,,
2009-10-22,600.13,600.13,569.11,574.67,7450814,472.98,588.68,569.11,617.37,617.37,16.06,43.65,0,,549.66,,572.51,1,10,2009-08-24,1,572.51,TRAILING_STOP,40,3.45
2009-10-23,577.96,581.17,556.93,560.61,10039088,475.23,588.34,556.93,617.37,617.37,16.64,37.9,0,,536.14,,,0,,,0,,,,
2009-10-26,563.95,576.17,554.4,564.09,4979274,477.53,587.9,554.4,617.37,617.37,17.01,40.01,0,,537.3,,,0,,,0,,,,
2009-10-27,557.97,572.89,551.43,555.84,4334940,479.74,587.36,551.43,617.37,617.37,17.33,36.82,0,,530.77,,,0,,,0,,,,
2009-10-28,553.33,573.92,550.92,568.02,4424721,482.09,587.25,550.92,617.37,617.37,17.73,43.92,0,,538.19,,,0,,,0,,,,
2009-10-29,553.86,566.96,553.86,561.22,7504643,484.44,586.58,550.92,617.37,617.37,17.48,41.14,0,,533.97,,,0,,,0,,,,
2009-10-30,567.61,574.75,550.22,559.75,4443527,486.75,586.14,550.22,617.37,617.37,17.98,40.54,0,,532.46,,,0,,,0,,,,
2009-11-03,553.33,571.19,540.89,544.76,4550726,488.94,584.91,540.89,617.37,617.37,18.86,34.97,0,,519.09,,,0,,,0,,,,
2009-11-04,550.29,555.83,542.62,552.13,4093130,491.15,583.91,540.89,617.37,617.37,18.46,39.38,0,,524.12,,,0,,,0,,,,
2009-11-05,550.88,552.61,530.23,550.58,5514898,493.26,582.68,530.23,617.37,617.37,18.74,38.78,0,,519.38,,,0,,,0,,,,
2009-11-06,556.9,568.32,553.33,563.88,3759747,495.41,581.78,530.23,610.34,617.37,18.67,46.3,0,,528.0,,,0,,,0,,,,
2009-11-09,571.12,573.14,557.25,571.69,3031341,497.68,580.98,530.23,610.34,610.34,18.47,50.17,0,,533.17,,,0,,,0,,,,
2009-11-10,579.17,579.17,562.25,570.27,3266430,499.9,580.53,530.23,610.34,610.34,18.36,49.47,0,,532.33,,,0,,,0,,,,
2009-11-11,570.3,586.88,564.82,585.12,3685945,502.21,580.3,530.23,610.34,610.34,18.62,56.31,0,,541.73,,,0,,,0,,,,
2009-11-12,585.46,592.24,579.1,585.6,3748032,504.42,580.23,530.23,610.34,610.34,18.23,56.52,0,,542.3,,,0,,,0,,,,
2009-11-13,586.88,595.02,583.85,587.03,2348658,506.51,580.17,530.23,610.34,610.34,17.73,57.16,0,,543.56,,,0,,,0,,,,
2009-11-16,592.6,596.16,588.63,590.08,2395766,508.54,579.74,530.23,610.34,610.34,17.11,58.57,0,,545.94,,,0,,,0,,,,
2009-11-17,591.52,594.02,584.44,591.27,2265599,510.52,579.63,530.23,610.34,610.34,16.57,59.14,0,,547.06,,,0,,,0,,,,
2009-11-18,591.99,591.99,579.15,581.12,2753223,512.44,579.32,530.23,605.45,610.34,16.31,52.55,0,,540.69,,,0,,,0,,,,
2009-11-19,578.35,583.65,573.32,576.44,2079704,514.21,578.53,530.23,600.13,605.45,15.88,49.79,0,,537.96,,,0,,,0,,,,
2009-11-20,571.89,586.35,571.18,583.22,3093988,516.13,578.01,530.23,596.16,600.13,15.83,53.59,0,,542.37,,,0,,,0,,,,
2009-11-23,583.22,588.99,581.26,583.85,1458427,517.97,577.83,530.23,596.16,596.16,15.25,53.94,0,,543.16,,,0,,,0,,,,
2009-11-24,583.67,591.45,578.33,588.78,2516161,519.8,578.02,530.23,596.16,596.16,15.1,56.68,0,,546.44,,,0,,,0,,,,
2009-11-25,587.6,592.24,584.63,589.31,2006813,521.72,577.95,530.23,596.16,596.16,14.56,56.98,0,,547.14,,,0,,,0,,,,
2009-11-26,589.03,590.9,576.55,582.28,3446750,523.65,577.64,553.33,596.16,596.16,14.55,51.9,0,,550.31,,,0,,,0,,,,
2009-11-27,566.3,574.03,546.19,567.41,5987634,525.39,576.44,546.19,596.16,596.16,16.09,43.15,0,,537.32,,,0,,,0,,,,
2009-11-30,575.46,581.89,571.18,576.39,2256637,527.14,575.51,546.19,596.16,596.16,15.97,48.77,0,,543.19,,,0,,,0,,,,
2009-12-01,578.21,584.03,575.66,581.6,2338949,528.87,574.73,546.19,596.16,596.16,15.43,51.75,0,,546.91,,,0,,,0,,,,
2009-12-02,583.67,585.46,575.19,580.67,2488680,530.68,574.17,546.19,596.16,596.16,15.06,51.18,0,,546.55,,,0,,,0,,,,
2009-12-03,582.6,584.01,576.57,579.9,2369214,532.47,573.59,546.19,596.16,596.16,14.52,50.68,0,,546.42,,,0,,,0,,,,
2009-12-04,577.96,585.42,573.89,579.35,1357357,534.25,573.74,546.19,596.16,596.16,14.3,50.3,0,,546.21,,,0,,,0,,,,
2009-12-07,580.1,585.81,576.17,584.47,1553508,535.9,574.54,546.19,596.16,596.16,13.97,53.75,0,,549.73,,,0,,,0,,,,
2009-12-08,584.38,592.52,582.24,591.31,2058522,537.52,575.44,546.19,596.16,596.16,13.71,57.96,0,,554.32,,,0,,,0,,,,
2009-12-09,589.03,597.56,586.88,591.45,2154156,539.17,576.63,546.19,597.56,596.16,13.49,58.04,0,,554.55,,,0,,,0,,,,
2009-12-10,591.54,603.88,586.94,602.47,3212124,540.86,577.78,546.19,603.88,597.56,13.74,64.13,1,602.47,561.5,561.5,561.5,1,11,2009-12-10,0,,,,
2009-12-11,606.48,607.77,594.54,603.54,3578213,542.54,579.19,546.19,607.77,603.88,13.7,64.66,0,,562.21,,562.21,1,11,2009-12-10,0,,,,
2009-12-14,599.73,611.85,597.27,606.86,2939512,544.31,580.76,546.19,611.85,607.77,13.76,66.34,0,,564.31,,564.31,1,11,2009-12-10,0,,,,
2009-12-15,607.23,614.01,597.95,600.41,3126188,545.99,582.62,546.19,614.01,611.85,13.93,60.34,0,,560.04,,564.31,1,11,2009-12-10,0,,,,
2009-12-16,602.95,606.16,591.29,600.82,2825410,547.69,584.24,546.19,614.01,614.01,13.99,60.59,0,,560.26,,564.31,1,11,2009-12-10,0,,,,
2009-12-17,597.95,601.88,588.31,592.56,1617669,549.4,585.64,546.19,614.01,614.01,13.96,53.45,0,,554.95,,564.31,1,11,2009-12-10,0,,,,
2009-12-18,590.81,594.02,586.53,589.04,1648023,550.99,586.48,571.18,614.01,614.01,13.5,50.71,0,,561.32,,564.31,1,11,2009-12-10,0,,,,
2009-12-21,589.03,589.74,573.51,574.76,2306445,551.92,586.58,573.51,614.01,614.01,13.7,41.43,0,,552.76,,564.31,1,11,2009-12-10,0,,,,
2009-12-22,580.1,580.17,574.78,577.21,1548654,552.59,586.81,573.51,614.01,614.01,13.1,43.34,0,,554.73,,564.31,1,11,2009-12-10,0,,,,
2009-12-23,578.32,597.95,574.75,596.88,2902459,553.35,587.2,573.51,614.01,614.01,13.83,55.84,0,,566.94,,566.94,1,11,2009-12-10,0,,,,
2009-12-24,603.66,603.66,590.52,600.5,2358245,554.43,587.7,573.51,614.01,614.01,13.78,57.68,0,,569.31,,569.31,1,11,2009-12-10,0,,,,
2009-12-29,601.56,606.87,597.81,600.98,1888929,555.37,588.16,573.51,614.01,614.01,13.44,57.94,0,,569.84,,569.84,1,11,2009-12-10,0,,,,
2009-12-30,601.52,601.52,592.67,593.84,1241291,556.24,588.29,573.51,614.01,614.01,13.11,52.9,0,,565.46,,569.84,1,11,2009-12-10,0,,,,
2009-12-31,594.38,604.3,594.38,598.88,2847861,557.28,588.54,573.51,614.01,614.01,12.92,55.82,0,,568.83,,569.84,1,11,2009-12-10,0,,,,
2010-01-04,600.81,605.75,600.81,603.8,1060024,558.2,589.3,573.51,614.01,614.01,12.49,58.52,0,,572.29,,572.29,1,11,2009-12-10,0,,,,
2010-01-05,608.66,610.59,601.22,604.88,2683989,559.06,590.25,573.51,614.01,614.01,12.27,59.11,0,,573.14,,573.14,1,11,2009-12-10,0,,,,
2010-01-06,591.83,609.34,591.83,598.18,3076209,559.73,590.75,573.51,614.01,614.01,12.64,53.97,0,,568.57,,573.14,1,11,2009-12-10,0,,,,
2010-01-07,597.58,602.77,592.61,595.31,2033021,560.39,591.13,573.51,614.01,614.01,12.46,51.89,0,,566.84,,573.14,1,11,2009-12-10,0,,,,
2010-01-08,596.34,605.75,596.34,599.07,2940979,561.05,591.47,573.51,614.01,614.01,12.32,54.37,0,,569.36,,573.14,1,11,2009-12-10,0,,,,
2010-01-11,603.66,606.87,597.31,598.77,2235555,561.72,591.79,573.51,614.01,614.01,12.12,54.13,0,,569.29,,573.14,1,11,2009-12-10,0,,,,
2010-01-12,600.45,605.77,593.67,599.47,3121051,562.28,592.36,573.51,614.01,614.01,12.12,54.64,0,,569.75,,573.14,1,11,2009-12-10,0,,,,
2010-01-13,596.16,602.95,593.2,597.31,1822801,562.66,593.36,573.51,614.01,614.01,11.95,52.71,0,,568.47,,573.14,1,11,2009-12-10,0,,,,
2010-01-14,599.81,599.81,590.1,595.59,3908340,563.14,594.0,574.75,614.01,614.01,11.79,51.17,0,,567.88,,573.14,1,11,2009-12-10,0,,,,
2010-01-15,597.61,597.61,587.24,589.45,3226792,563.35,594.26,574.75,610.59,614.01,11.69,45.99,0,,563.99,,573.14,1,11,2009-12-10,0,,,,
2010-01-18,590.74,597.24,585.46,590.72,1598541,563.44,594.59,585.46,610.59,610.59,11.7,47.18,0,,568.37,,573.14,1,11,2009-12-10,0,,,,
2010-01-19,592.6,595.02,583.87,586.35,2303975,563.5,594.81,583.87,610.59,610.59,11.66,43.62,0,,565.05,,573.14,1,11,2009-12-10,0,,,,
2010-01-20,589.38,589.7,582.06,584.01,2281223,563.66,594.96,582.06,610.59,610.59,11.37,41.8,0,,563.13,,573.14,1,11,2009-12-10,0,,,,
2010-01-21,583.6,584.74,541.97,544.08,11137290,563.73,593.62,541.97,610.59,610.59,13.61,23.66,0,,522.51,,573.14,1,11,2009-12-10,1,573.14,TRAILING_STOP|SMA150_BREAK,28,-4.87
2010-01-22,544.1,544.1,512.76,525.37,12968561,563.63,591.42,512.76,610.59,610.59,14.88,19.41,0,,499.86,,,0,,,0,,,,
2010-01-25,525.84,535.12,519.77,532.07,3983746,563.7,589.44,512.76,610.59,610.59,14.91,24.63,0,,504.16,,,0,,,0,,,,
2010-01-27,527.59,531.55,513.34,520.5,5295822,563.83,586.71,512.76,610.59,610.59,15.19,21.98,0,,496.52,,,0,,,0,,,,
2010-01-28,524.77,530.69,503.35,511.02,9322481,563.7,583.62,503.35,610.59,610.59,16.05,20.08,0,,486.69,,,0,,,0,,,,
2010-01-29,508.7,518.16,500.14,508.29,8075187,563.51,580.34,500.14,610.59,610.59,16.19,19.55,0,,483.76,,,0,,,0,,,,
2010-02-01,515.74,515.74,502.64,505.94,5986399,563.38,577.19,500.14,610.59,610.59,15.97,19.09,0,,482.4,,,0,,,0,,,,
2010-02-02,510.49,513.34,496.21,498.49,5351231,563.14,573.78,496.21,610.59,610.59,16.06,17.66,0,,476.23,,,0,,,0,,,,
2010-02-03,500.26,520.13,496.21,517.68,6031122,562.97,571.28,496.21,609.34,610.59,16.62,31.81,0,,488.23,,,0,,,0,,,,
2010-02-04,514.06,520.09,508.92,515.77,3639273,562.61,568.84,496.21,606.87,609.34,16.23,31.24,0,,487.26,,,0,,,0,,,,
2010-02-05,505.13,514.99,496.17,508.35,4964971,562.17,566.63,496.17,606.87,606.87,16.47,29.04,0,,482.3,,,0,,,0,,,,
2010-02-08,514.06,521.91,504.6,515.65,3517267,561.9,564.57,496.17,606.87,606.87,16.53,33.96,0,,486.96,,,0,,,0,,,,
2010-02-09,517.27,522.93,511.65,521.86,3634060,561.66,562.07,496.17,605.77,606.87,16.15,37.91,0,,491.22,,,0,,,0,,,,
2010-02-10,525.12,527.27,510.85,512.7,2548539,561.38,559.15,496.17,602.95,605.77,16.17,34.62,0,,485.3,,,0,,,0,,,,
2010-02-11,514.42,521.2,514.42,516.95,1173273,561.03,556.34,496.17,599.81,602.95,15.63,37.34,0,,488.41,,,0,,,0,,,,
2010-02-15,520.48,520.73,508.35,511.58,1660459,560.98,553.6,496.17,597.61,599.81,15.39,35.34,0,,485.1,,,0,,,0,,,,
2010-02-16,504.92,522.27,503.35,516.09,1971357,560.88,550.84,496.17,597.24,597.61,15.65,38.32,0,,487.84,,,0,,,0,,,,
2010-02-17,521.29,529.77,520.81,526.3,1994555,561.04,548.26,496.17,595.02,597.24,15.51,44.56,0,,494.52,,,0,,,0,,,,
2010-02-18,529.61,529.61,522.27,527.0,1557193,561.28,545.66,496.17,589.7,595.02,14.92,44.97,0,,495.36,,,0,,,0,,,,
2010-02-19,524.7,533.34,515.24,527.78,2128083,561.59,543.32,496.17,584.74,589.7,15.15,45.46,0,,495.71,,,0,,,0,,,,
2010-02-22,531.91,536.16,527.52,532.46,1523517,562.0,541.22,496.17,544.1,584.74,14.68,48.39,0,,499.04,,,0,,,0,,,,
2010-02-23,530.12,533.64,523.18,531.76,2109415,562.31,538.98,496.17,536.16,544.1,14.38,47.98,0,,498.79,,,0,,,0,,,,
2010-02-24,530.12,541.19,525.12,535.89,3990600,562.51,536.88,496.17,541.19,536.16,14.5,50.67,0,,501.37,,,0,,,0,,,,
2010-02-25,539.05,550.83,536.74,548.19,5460808,562.9,535.17,496.17,550.83,541.19,14.53,57.71,0,,509.28,,,0,,,0,,,,
2010-02-26,547.97,565.11,545.83,558.43,4210276,563.27,533.88,496.17,565.11,550.83,14.87,62.5,0,,515.66,,,0,,,0,,,,
2010-03-02,581.42,581.42,560.82,565.96,2401391,563.6,532.89,503.35,581.42,565.11,15.45,65.59,0,,522.53,,,0,,,0,,,,
2010-03-03,564.13,567.61,559.22,563.38,1871334,563.88,532.02,503.35,581.42,581.42,14.95,63.65,0,,521.2,,,0,,,0,,,,
2010-03-04,562.18,568.45,557.75,567.27,1820173,564.24,531.24,503.35,581.42,581.42,14.64,65.31,0,,523.91,,,0,,,0,,,,
2010-03-05,568.68,576.5,564.88,566.71,2443961,564.5,530.58,503.35,581.42,581.42,14.43,64.85,0,,523.69,,,0,,,0,,,,
2010-03-08,572.96,576.42,567.25,572.32,2874874,564.77,530.19,503.35,581.42,581.42,14.09,67.33,0,,527.54,,,0,,,0,,,,
2010-03-09,573.32,576.62,564.98,567.21,2392031,565.01,530.97,503.35,581.42,581.42,13.92,62.98,0,,524.36,,,0,,,0,,,,
2010-03-10,567.25,571.18,559.15,562.66,1706316,565.23,532.21,515.24,581.42,581.42,13.78,59.3,0,,525.47,,,0,,,0,,,,
2010-03-11,563.5,565.79,557.09,561.39,1944045,565.51,533.19,515.24,581.42,581.42,13.42,58.27,0,,524.9,,,0,,,0,,,,
2010-03-12,562.34,565.73,555.72,558.59,3276096,565.71,534.46,515.24,581.42,581.42,13.18,55.98,0,,523.25,,,0,,,0,,,,
2010-03-15,558.32,563.84,550.83,554.68,2918470,565.85,535.91,523.18,581.42,581.42,13.16,52.85,0,,523.39,,,0,,,0,,,,
2010-03-16,555.11,574.94,554.11,570.89,2171043,566.06,538.0,523.18,581.42,581.42,13.71,62.27,0,,533.48,,,0,,,0,,,,
2010-03-17,571.66,582.21,568.2,580.8,3615536,566.35,540.49,525.12,582.21,581.42,13.73,66.65,0,,540.5,,,0,,,0,,,,
2010-03-18,579.74,583.67,571.53,576.82,2314122,566.61,543.1,536.74,583.67,582.21,13.62,63.46,0,,541.88,,,0,,,0,,,,
2010-03-19,576.92,581.85,573.16,578.78,2263830,566.96,545.14,545.83,583.67,583.67,13.27,64.37,0,,546.41,,,0,,,0,,,,
2010-03-22,574.75,579.4,566.37,576.3,2033208,567.33,547.16,550.83,583.67,583.67,13.25,62.27,0,,546.49,,,0,,,0,,,,
2010-03-23,578.32,580.46,572.1,576.58,1728180,567.78,549.43,550.83,583.67,583.67,12.9,62.41,0,,546.9,,,0,,,0,,,,
2010-03-25,576.17,589.67,571.18,586.01,3721788,568.28,551.78,550.83,589.67,583.67,13.3,67.13,1,586.01,552.72,552.72,552.72,1,12,2010-03-25,0,,,,
2010-03-26,585.1,588.9,581.08,582.92,1978742,568.81,553.81,550.83,589.67,589.67,12.91,64.28,0,,550.99,,552.72,1,12,2010-03-25,0,,,,
2010-03-29,585.03,596.16,580.14,594.01,2884736,569.23,556.52,550.83,596.16,589.67,13.13,69.31,1,594.01,557.99,557.99,557.99,1,12,2010-03-25,0,,,,
2010-03-30,596.16,596.16,580.65,584.49,1500988,569.62,558.78,550.83,596.16,596.16,13.3,61.33,0,,551.74,,557.99,1,12,2010-03-25,0,,,,
2010-03-31,585.1,587.24,576.98,582.19,3110625,570.16,561.13,550.83,596.16,596.16,13.08,59.55,0,,550.4,,557.99,1,12,2010-03-25,0,,,,
2010-04-01,586.21,591.35,582.62,589.28,1565478,570.57,563.57,550.83,596.16,596.16,12.8,63.11,0,,555.16,,557.99,1,12,2010-03-25,0,,,,
2010-04-05,591.61,592.24,584.76,587.72,1798537,570.96,565.62,550.83,596.16,596.16,12.42,61.82,0,,554.41,,557.99,1,12,2010-03-25,0,,,,
2010-04-06,589.03,593.26,584.38,589.76,3518421,571.37,567.71,550.83,596.16,596.16,12.17,62.89,0,,555.89,,557.99,1,12,2010-03-25,0,,,,
2010-04-07,590.81,592.24,585.92,587.6,3612735,571.75,569.7,554.11,596.16,596.16,11.75,60.94,0,,555.87,,557.99,1,12,2010-03-25,0,,,,
2010-04-08,587.13,588.24,577.14,580.42,2082294,571.93,571.3,566.37,596.16,596.16,11.71,54.87,0,,555.36,,557.99,1,12,2010-03-25,0,,,,
2010-04-09,580.81,589.03,576.98,585.72,2930469,572.09,573.1,566.37,596.16,596.16,11.73,58.18,0,,558.76,,558.76,1,12,2010-03-25,0,,,,
2010-04-12,587.24,587.24,570.1,573.1,3428640,572.16,574.34,566.37,596.16,596.16,12.12,48.97,0,,550.36,,558.76,1,12,2010-03-25,1,572.16,SMA150_BREAK,12,-2.36
2010-04-13,574.03,576.07,568.09,570.55,2510948,572.16,575.08,566.37,596.16,596.16,11.82,47.34,0,,548.91,,,0,,,0,,,,
2010-04-15,574.75,577.91,558.75,561.18,3426606,572.05,575.18,558.75,596.16,596.16,12.35,41.82,0,,539.98,,,0,,,0,,,,
2010-04-16,560.47,564.39,556.9,561.89,2464409,572.06,575.04,556.9,596.16,596.16,12.0,42.37,0,,540.05,,,0,,,0,,,,
2010-04-19,559.16,565.25,552.22,562.73,2127881,572.13,575.02,552.22,596.16,596.16,12.07,43.06,0,,538.99,,,0,,,0,,,,
2010-04-20,562.25,572.62,559.22,567.21,2659090,572.26,575.02,552.22,596.16,596.16,12.17,46.69,0,,541.81,,,0,,,0,,,,
2010-04-21,570.1,570.85,558.68,563.25,2041605,572.41,574.9,552.22,596.16,596.16,12.17,44.01,0,,539.26,,,0,,,0,,,,
2010-04-22,560.11,573.32,556.24,561.29,3432105,572.42,574.53,552.22,596.16,596.16,12.52,42.71,0,,537.76,,,0,,,0,,,,
2010-04-23,564.04,579.03,562.27,577.46,3712324,572.47,574.88,552.22,596.16,596.16,12.89,54.64,0,,547.94,,,0,,,0,,,,
2010-04-26,580.1,584.19,575.5,578.32,1145562,572.47,575.4,552.22,596.16,596.16,12.59,55.17,0,,548.7,,,0,,,0,,,,
2010-04-27,577.6,585.35,575.17,581.72,1749150,572.54,576.08,552.22,596.16,596.16,12.42,57.31,0,,551.0,,,0,,,0,,,,
2010-04-28,572.96,580.1,564.93,568.55,2194976,572.52,576.41,552.22,596.16,596.16,12.73,47.79,0,,542.3,,,0,,,0,,,,
2010-04-29,568.32,576.53,565.82,571.02,2317718,572.45,576.95,552.22,593.26,596.16,12.59,49.49,0,,543.99,,,0,,,0,,,,
2010-04-30,574.75,580.1,571.89,576.55,1467288,572.48,577.14,552.22,593.26,593.26,12.34,53.15,0,,547.72,,,0,,,0,,,,
2010-05-03,572.25,572.6,562.57,568.28,1266999,572.39,576.72,552.22,593.26,593.26,12.45,47.59,0,,542.31,,,0,,,0,,,,
2010-05-04,569.03,574.75,547.4,553.09,2654397,572.19,575.93,547.4,593.26,593.26,13.52,39.42,0,,530.2,,,0,,,0,,,,
2010-05-05,549.76,550.99,540.8,549.35,2211421,571.94,574.95,540.8,592.24,593.26,13.43,37.71,0,,525.64,,,0,,,0,,,,
2010-05-06,546.65,549.4,536.19,545.08,2816106,571.63,573.91,536.19,589.03,592.24,13.41,35.79,0,,521.36,,,0,,,0,,,,
2010-05-07,540.83,547.61,529.77,541.67,3154284,571.27,572.75,529.77,589.03,589.03,13.73,34.3,0,,516.81,,,0,,,0,,,,
2010-05-10,551.18,590.29,542.97,552.18,2772567,571.06,571.62,529.77,590.29,589.03,16.22,42.31,0,,521.93,,,0,,,0,,,,
2010-05-11,551.63,556.86,548.36,551.27,1915303,570.79,570.56,529.77,590.29,590.29,15.67,41.83,0,,521.71,,,0,,,0,,,,
2010-05-12,555.11,560.11,551.18,558.29,2177352,570.59,569.37,529.77,590.29,590.29,15.19,46.8,0,,526.56,,,0,,,0,,,,
2010-05-13,560.47,564.75,553.81,560.82,1618011,570.41,568.58,529.77,590.29,590.29,14.89,48.51,0,,528.39,,,0,,,0,,,,
2010-05-14,557.33,565.82,542.97,545.96,1718943,570.03,567.38,529.77,590.29,590.29,15.45,40.32,0,,518.43,,,0,,,0,,,,
2010-05-17,544.42,578.23,526.59,573.64,8069409,569.89,566.86,526.59,590.29,590.29,18.04,55.42,0,,533.5,,,0,,,0,,,,
2010-05-18,576.53,601.41,576.53,592.97,10550373,569.9,567.03,526.59,601.41,590.29,18.73,62.54,1,592.97,545.51,545.51,545.51,1,13,2010-05-18,0,,,,
2010-05-19,589.03,597.18,576.53,583.17,8234842,569.79,566.81,526.59,601.41,601.41,18.87,57.52,0,,539.09,,545.51,1,13,2010-05-18,0,,,,
2010-05-20,583.67,594.38,577.24,586.2,4416095,569.71,566.76,526.59,601.41,601.41,18.75,58.63,0,,541.13,,545.51,1,13,2010-05-18,0,,,,
2010-05-21,581.89,581.89,568.5,574.23,3020890,569.61,566.56,526.59,601.41,601.41,18.67,52.78,0,,533.46,,545.51,1,13,2010-05-18,1,569.61,SMA150_BREAK,4,-3.94
2010-05-24,581.89,588.67,576.99,582.39,2727688,569.6,566.45,526.59,601.41,601.41,18.37,56.0,0,,538.92,,,0,,,0,,,,
2010-05-25,581.17,581.17,555.2,556.36,4179827,569.37,565.89,526.59,601.41,601.41,19.0,45.37,0,,521.72,,,0,,,0,,,,
2010-05-26,564.04,578.32,560.93,573.94,2481957,569.25,566.0,526.59,601.41,601.41,19.21,52.0,0,,532.91,,,0,,,0,,,,
2010-05-27,574.75,585.01,572.96,581.48,3673959,569.11,566.68,526.59,601.41,601.41,18.7,54.55,0,,538.12,,,0,,,0,,,,
2010-05-28,583.67,587.24,577.01,580.65,1934824,568.95,567.3,526.59,601.41,601.41,18.1,54.21,0,,537.99,,,0,,,0,,,,
2010-05-31,580.46,585.42,578.32,582.37,1919479,568.8,567.96,526.59,601.41,601.41,17.31,54.84,0,,539.62,,,0,,,0,,,,
2010-06-01,581.14,581.14,567.53,568.89,1810874,568.61,568.01,526.59,601.41,601.41,17.13,49.13,0,,531.04,,,0,,,0,,,,
2010-06-02,572.96,584.74,565.82,582.44,2664166,568.51,568.65,526.59,601.41,601.41,17.26,54.28,0,,539.7,,,0,,,0,,,,
2010-06-03,582.44,596.16,582.44,595.0,2846650,568.64,569.78,526.59,601.41,601.41,17.01,58.48,0,,547.97,,,0,,,0,,,,
2010-06-04,598.31,598.31,586.95,596.88,1538853,568.88,570.43,526.59,601.41,601.41,16.6,59.08,0,,549.45,,,0,,,0,,,,
2010-06-07,585.46,590.81,579.67,585.53,1230927,569.03,570.67,555.2,601.41,601.41,16.65,53.97,0,,551.63,,,0,,,0,,,,
2010-06-08,587.24,590.27,577.96,580.96,2037291,569.19,570.64,555.2,601.41,601.41,16.34,52.01,0,,548.89,,,0,,,0,,,,
2010-06-09,584.03,589.03,576.71,586.44,2243997,569.32,571.24,555.2,601.41,601.41,16.05,54.16,0,,552.62,,,0,,,0,,,,
2010-06-10,588.03,597.95,587.95,597.02,3062198,569.56,572.1,555.2,601.41,601.41,15.73,58.05,0,,559.66,,,0,,,0,,,,
2010-06-11,600.45,601.52,596.52,598.68,2269413,569.82,572.84,555.2,601.52,601.41,14.96,58.64,0,,561.24,,,0,,,0,,,,
2010-06-14,600.45,610.37,599.34,608.27,3002206,570.24,574.17,555.2,610.37,601.52,14.73,61.99,1,608.27,567.58,567.58,567.58,1,14,2010-06-14,0,,,,
2010-06-15,615.32,617.05,606.87,615.6,3101676,570.66,576.26,560.93,617.05,610.37,14.4,64.36,0,,574.44,,574.44,1,14,2010-06-14,0,,,,
2010-06-16,621.15,621.15,610.46,614.44,1983834,571.09,578.43,565.82,621.15,617.05,14.14,63.68,0,,575.5,,575.5,1,14,2010-06-14,0,,,,
2010-06-17,614.01,636.15,610.8,634.36,6239173,571.56,581.4,565.82,636.15,621.15,14.94,69.6,1,634.36,587.81,587.81,587.81,1,14,2010-06-14,0,,,,
2010-06-18,635.43,648.82,635.43,642.04,5589558,572.03,584.75,565.82,648.82,636.15,14.9,71.53,0,,592.79,,592.79,1,14,2010-06-14,0,,,,
2010-06-21,644.55,657.92,643.02,655.55,3011031,572.6,588.19,565.82,657.92,648.82,14.97,74.58,0,,601.45,,601.45,1,14,2010-06-14,0,,,,
2010-06-22,654.0,656.85,644.84,651.55,3265074,573.04,591.54,565.82,657.92,657.92,14.76,72.11,0,,599.02,,601.45,1,14,2010-06-14,0,,,,
2010-06-23,651.14,651.55,627.24,630.1,5630807,573.33,593.93,576.71,657.92,657.92,15.44,60.56,0,,588.36,,601.45,1,14,2010-06-14,0,,,,
2010-06-24,634.72,641.77,630.27,639.59,3753819,573.69,596.56,576.71,657.92,657.92,15.17,63.36,0,,594.66,,601.45,1,14,2010-06-14,0,,,,
2010-06-25,639.0,640.77,625.56,627.97,1729572,573.94,599.29,576.71,657.92,657.92,15.18,57.94,0,,587.16,,601.45,1,14,2010-06-14,0,,,,
2010-06-28,627.94,641.34,627.44,640.04,1676344,574.26,601.5,576.71,657.92,657.92,15.09,61.61,0,,595.01,,601.45,1,14,2010-06-14,0,,,,
2010-06-29,638.88,644.96,635.43,641.43,3150002,574.66,603.12,576.71,657.92,657.92,14.69,62.02,0,,596.17,,601.45,1,14,2010-06-14,0,,,,
2010-06-30,635.43,648.64,634.08,645.77,2708743,575.13,605.21,587.95,657.92,657.92,14.68,63.34,0,,602.72,,602.72,1,14,2010-06-14,0,,,,
2010-07-01,642.43,644.7,637.58,640.48,1386580,575.51,607.02,596.52,657.92,657.92,14.22,60.58,0,,602.47,,602.72,1,14,2010-06-14,0,,,,
2010-07-02,641.93,646.86,635.43,637.58,1035810,575.87,609.13,599.34,657.92,657.92,14.02,59.05,0,,601.67,,602.72,1,14,2010-06-14,0,,,,
2010-07-05,637.58,644.86,635.49,639.31,955363,576.2,611.02,606.87,657.92,657.92,13.69,59.7,0,,605.52,,605.52,1,14,2010-06-14,0,,,,
2010-07-06,640.07,644.45,637.93,642.47,1142779,576.56,613.89,610.46,657.92,657.92,13.17,60.93,0,,609.1,,609.1,1,14,2010-06-14,0,,,,
2010-07-07,643.64,644.25,635.43,637.88,1253083,576.93,616.03,610.8,657.92,657.92,12.86,58.17,0,,606.46,,609.1,1,14,2010-06-14,0,,,,
2010-07-08,642.57,652.93,642.54,649.68,2338247,577.48,618.3,625.56,657.92,657.92,13.02,62.83,0,,618.88,,618.88,1,14,2010-06-14,0,,,,
2010-07-09,653.28,656.17,649.0,650.48,1404481,577.97,620.63,625.56,657.92,657.92,12.6,63.13,0,,619.68,,619.68,1,14,2010-06-14,0,,,,
2010-07-12,646.14,655.76,644.36,651.91,2396166,578.44,622.94,625.56,657.92,657.92,12.52,63.69,0,,620.66,,620.66,1,14,2010-06-14,0,,,,
2010-07-13,653.28,659.67,649.0,656.44,2688162,578.95,625.86,625.56,659.67,657.92,12.38,65.49,0,,623.67,,623.67,1,14,2010-06-14,0,,,,
2010-07-14,655.12,676.81,655.12,672.51,4515871,579.56,628.87,625.56,676.81,659.67,13.05,70.98,1,672.51,633.59,633.59,633.59,1,14,2010-06-14,0,,,,
2010-07-15,676.13,677.49,666.96,668.94,2694048,580.16,631.33,625.56,677.49,676.81,12.87,68.38,0,,631.41,,633.59,1,14,2010-06-14,0,,,,
2010-07-16,669.35,672.92,664.56,667.78,2488567,580.72,633.69,627.44,677.49,677.49,12.55,67.51,0,,631.5,,633.59,1,14,2010-06-14,0,,,,
2010-07-19,666.03,677.88,662.69,676.24,2349240,581.28,636.72,634.08,677.88,677.49,12.74,70.45,0,,639.04,,639.04,1,14,2010-06-14,0,,,,
2010-07-20,676.24,685.05,674.81,679.7,2295076,581.87,640.01,634.08,685.05,677.88,12.56,71.59,1,679.7,641.4,641.4,641.4,1,14,2010-06-14,0,,,,
2010-07-21,680.02,685.41,677.33,683.82,2049833,582.41,643.25,635.43,685.41,685.05,12.24,72.92,0,,644.72,,644.72,1,14,2010-06-14,0,,,,
2010-07-22,685.05,689.66,676.74,688.02,2340938,582.98,646.29,635.43,689.66,685.41,12.29,74.24,1,688.02,647.39,647.39,647.39,1,14,2010-06-14,0,,,,
2010-07-23,692.48,694.35,688.98,691.78,2851672,583.54,649.39,635.43,694.35,689.66,11.86,75.4,0,,650.1,,650.1,1,14,2010-06-14,0,,,,
2010-07-26,692.55,696.37,683.63,685.39,1649025,584.11,651.96,635.43,696.37,694.35,11.92,69.66,0,,645.94,,650.1,1,14,2010-06-14,0,,,,
2010-07-27,688.98,688.98,658.67,665.3,10142736,584.54,653.62,635.43,696.37,696.37,13.24,55.38,0,,632.1,,650.1,1,14,2010-06-14,0,,,,
2010-07-28,663.99,671.13,649.32,651.02,3784592,584.93,654.84,642.54,696.37,696.37,13.85,47.86,0,,624.86,,650.1,1,14,2010-06-14,1,650.1,TRAILING_STOP,33,6.88
2010-07-29,646.21,655.62,639.72,648.98,4492296,585.33,655.33,639.72,696.37,696.37,14.0,46.89,0,,622.5,,,0,,,0,,,,
2010-07-30,658.62,658.62,639.4,640.54,2407952,585.77,655.28,639.4,696.37,696.37,14.37,42.97,0,,616.7,,,0,,,0,,,,
2010-08-02,642.93,651.35,642.93,646.96,1354565,586.23,654.99,639.4,696.37,696.37,14.11,46.62,0,,621.01,,,0,,,0,,,,
2010-08-03,649.71,651.1,634.06,637.27,2674543,586.5,654.51,634.06,696.37,696.37,14.32,42.23,0,,612.84,,,0,,,0,,,,
2010-08-04,638.29,648.64,633.97,644.71,2379782,586.79,655.0,633.97,696.37,696.37,14.35,46.4,0,,617.6,,,0,,,0,,,,
2010-08-05,649.68,650.84,644.0,645.68,2221589,587.09,655.2,633.97,696.37,696.37,13.81,46.94,0,,618.58,,,0,,,0,,,,
2010-08-06,647.93,653.18,640.84,643.11,1769087,587.42,655.71,633.97,696.37,696.37,13.71,45.63,0,,616.99,,,0,,,0,,,,
2010-08-09,645.68,648.64,641.45,647.18,1381054,587.74,655.95,633.97,696.37,696.37,13.24,48.1,0,,619.93,,,0,,,0,,,,
2010-08-10,647.18,654.92,643.13,652.34,2302929,588.07,656.31,633.97,696.37,696.37,13.14,51.13,0,,623.32,,,0,,,0,,,,
2010-08-11,649.71,656.48,644.36,647.39,2323271,588.35,656.36,633.97,696.37,696.37,13.06,48.22,0,,620.18,,,0,,,0,,,,
2010-08-12,647.39,649.0,641.16,643.5,1762942,588.65,656.46,633.97,696.37,696.37,12.69,46.01,0,,617.92,,,0,,,0,,,,
2010-08-13,645.79,650.78,642.61,645.68,1214565,588.99,656.73,633.97,696.37,696.37,12.37,47.46,0,,619.54,,,0,,,0,,,,
2010-08-16,639.72,654.0,636.18,638.97,1765008,589.25,656.72,633.97,696.37,696.37,12.76,43.57,0,,614.95,,,0,,,0,,,,
2010-08-17,643.86,646.62,635.89,637.58,1806876,589.51,656.56,633.97,696.37,696.37,12.61,42.79,0,,614.15,,,0,,,0,,,,
2010-08-18,638.28,647.09,633.43,644.25,2044404,589.81,656.77,633.43,696.37,696.37,12.69,47.65,0,,618.23,,,0,,,0,,,,
2010-08-19,647.09,655.0,647.09,653.71,1500898,590.19,656.91,633.43,696.37,696.37,12.55,53.66,0,,624.42,,,0,,,0,,,,
2010-08-20,656.08,674.02,650.69,671.83,4259988,590.7,657.62,633.43,696.37,696.37,13.32,62.54,0,,635.59,,,0,,,0,,,,
2010-08-23,672.26,678.19,664.71,675.28,2872219,591.27,658.4,633.43,688.98,696.37,13.33,63.96,0,,637.81,,,0,,,0,,,,
2010-08-24,674.05,676.8,665.46,668.88,1041077,591.79,658.81,633.43,678.19,688.98,13.19,59.47,0,,633.78,,,0,,,0,,,,
2010-08-25,669.38,673.19,661.83,665.48,1543353,592.32,658.58,633.43,678.19,678.19,13.06,57.17,0,,631.67,,,0,,,0,,,,
2010-08-26,666.15,673.69,662.19,670.37,2526671,592.89,658.62,633.43,678.19,678.19,12.95,59.59,0,,634.9,,,0,,,0,,,,
2010-08-27,672.29,674.04,653.63,661.35,1126498,593.67,658.41,633.43,678.19,678.19,13.48,53.58,0,,628.73,,,0,,,0,,,,
2010-08-30,664.99,670.46,650.69,653.83,1018057,594.53,657.66,633.43,678.19,678.19,13.93,49.13,0,,623.58,,,0,,,0,,,,
2010-08-31,656.44,656.44,643.5,652.0,1978731,595.33,656.74,633.43,678.19,678.19,13.86,48.09,0,,622.44,,,0,,,0,,,,
2010-09-01,654.28,660.75,647.81,659.21,1221300,596.25,655.92,633.43,678.19,678.19,13.79,52.39,0,,627.14,,,0,,,0,,,,
2010-09-02,662.91,667.58,657.91,661.96,1309945,597.26,655.05,633.43,678.19,678.19,13.5,53.95,0,,629.11,,,0,,,0,,,,
2010-09-03,673.95,673.95,656.08,659.69,818982,598.27,653.98,633.43,678.19,678.19,13.81,52.42,0,,627.44,,,0,,,0,,,,
2010-09-06,665.07,667.58,657.16,659.28,1504644,599.29,653.11,633.43,678.19,678.19,13.57,52.13,0,,627.33,,,0,,,0,,,,
2010-09-07,664.71,678.98,663.34,674.5,2665080,600.47,653.42,633.43,678.98,678.19,14.01,60.76,0,,636.86,,,0,,,0,,,,
2010-09-08,673.48,676.97,665.97,671.02,1481566,601.49,654.08,643.5,678.98,678.98,13.79,58.18,0,,638.11,,,0,,,0,,,,
2010-09-09,672.62,677.65,667.98,676.39,1592421,602.56,655.0,643.5,678.98,678.98,13.5,60.93,0,,641.77,,,0,,,0,,,,
2010-09-13,683.04,690.23,681.24,684.66,2837234,603.73,656.47,643.5,690.23,678.98,13.52,64.79,1,684.66,647.09,647.09,647.09,1,15,2010-09-13,0,,,,
2010-09-14,689.15,692.03,683.37,690.3,1916343,604.9,657.91,643.5,692.03,690.23,13.17,67.16,0,,650.96,,650.96,1,15,2010-09-13,0,,,,
2010-09-15,691.89,697.03,687.84,689.49,2247961,606.02,659.65,643.5,697.03,692.03,12.89,66.47,0,,650.63,,650.96,1,15,2010-09-13,0,,,,
2010-09-16,689.51,699.94,685.56,695.26,2209729,607.23,661.34,643.5,699.94,697.03,13.0,68.93,0,,654.28,,654.28,1,15,2010-09-13,0,,,,
2010-09-17,698.14,708.21,698.14,705.74,2239938,608.49,663.34,643.5,708.21,699.94,12.99,72.84,1,705.74,661.04,661.04,661.04,1,15,2010-09-13,0,,,,
2010-09-20,705.74,722.59,704.61,719.01,3409791,609.87,665.87,643.5,722.59,708.21,13.35,76.81,0,,669.36,,669.36,1,15,2010-09-13,0,,,,
2010-09-21,721.51,745.95,719.84,733.34,6131047,611.32,668.74,643.5,745.95,722.59,14.32,80.18,0,,677.96,,677.96,1,15,2010-09-13,0,,,,
2010-09-22,733.34,739.61,707.63,715.99,4561510,612.59,670.86,647.81,745.95,745.95,15.58,67.4,0,,667.36,,677.96,1,15,2010-09-13,0,,,,
2010-09-23,718.27,724.38,706.41,718.38,2538103,613.86,673.23,656.08,745.95,745.95,15.75,68.16,0,,671.55,,677.96,1,15,2010-09-13,0,,,,
2010-09-24,719.44,727.51,713.63,725.88,2791309,615.18,675.98,656.08,745.95,745.95,15.62,70.46,0,,676.47,,677.96,1,15,2010-09-13,0,,,,
2010-09-27,738.66,738.66,726.36,728.63,2639112,616.49,678.74,657.16,745.95,745.95,15.42,71.28,0,,678.74,,678.74,1,15,2010-09-13,0,,,,
2010-09-28,729.81,737.85,726.18,736.01,2439474,617.85,681.98,663.34,745.95,745.95,15.15,73.42,0,,685.74,,685.74,1,15,2010-09-13,0,,,,
2010-09-29,736.97,739.02,729.06,733.48,2400585,619.17,685.17,665.97,745.95,745.95,14.78,71.46,0,,685.23,,685.74,1,15,2010-09-13,0,,,,
2010-09-30,732.65,744.16,723.66,738.1,2514471,620.44,688.3,667.98,745.95,745.95,15.19,72.88,0,,688.61,,688.61,1,15,2010-09-13,0,,,,
2010-10-01,740.92,757.74,736.97,754.46,3206045,621.74,691.66,681.24,757.74,745.95,15.59,77.22,1,754.46,703.32,703.32,703.32,1,15,2010-09-13,0,,,,
2010-10-04,757.82,762.09,738.84,743.26,2183289,622.93,694.04,683.37,762.09,757.74,16.13,69.07,0,,696.44,,703.32,1,15,2010-09-13,0,,,,
2010-10-05,743.26,749.55,734.63,738.17,1689304,624.09,696.14,685.56,762.09,762.09,16.05,65.68,0,,693.94,,703.32,1,15,2010-09-13,0,,,,
2010-10-06,744.12,749.31,742.48,745.02,1010398,625.28,698.68,685.56,762.09,762.09,15.7,67.96,0,,698.59,,703.32,1,15,2010-09-13,0,,,,
2010-10-07,747.75,747.75,728.34,732.2,1826232,626.38,700.9,698.14,762.09,762.09,15.96,59.94,0,,694.34,,703.32,1,15,2010-09-13,0,,,,
2010-10-08,733.91,743.81,728.01,734.58,1945073,627.46,703.04,704.61,762.09,762.09,15.95,60.86,0,,698.04,,703.32,1,15,2010-09-13,0,,,,
2010-10-11,726.54,742.36,698.3,732.65,1192133,628.56,705.42,698.3,762.09,762.09,17.96,59.66,0,,693.35,,703.32,1,15,2010-09-13,1,703.32,TRAILING_STOP,21,2.72
2010-10-12,733.42,733.42,713.6,718.81,2013504,629.61,707.58,698.3,762.09,762.09,18.09,51.77,0,,684.34,,,0,,,0,,,,
2010-10-13,715.4,751.96,713.71,747.07,3789018,630.84,710.75,698.3,762.09,762.09,19.53,62.64,0,,701.61,,,0,,,0,,,,
2010-10-14,748.83,750.99,720.43,723.32,3678925,631.94,712.89,698.3,762.09,762.09,20.32,52.03,0,,685.76,,,0,,,0,,,,
2010-10-15,727.44,727.92,710.72,714.89,2230823,633.01,714.65,698.3,762.09,762.09,20.1,48.86,0,,680.47,,,0,,,0,,,,
2010-10-18,714.89,726.83,693.14,724.53,6507976,634.03,716.81,693.14,762.09,762.09,21.07,52.43,0,,684.32,,,0,,,0,,,,
2010-10-19,732.65,732.65,714.05,717.48,2547825,634.94,718.75,693.14,762.09,762.09,20.89,49.7,0,,679.89,,,0,,,0,,,,
2010-10-20,714.68,729.42,713.89,720.79,1966275,635.9,720.3,693.14,762.09,762.09,20.51,50.99,0,,682.28,,,0,,,0,,,,
2010-10-21,722.59,736.61,720.79,734.52,1909687,636.94,722.41,693.14,762.09,762.09,20.17,56.02,0,,691.36,,,0,,,0,,,,
2010-10-22,731.95,734.2,719.05,725.95,995294,637.94,724.07,693.14,762.09,762.09,19.84,52.4,0,,686.06,,,0,,,0,,,,
2010-10-25,729.78,735.17,725.46,731.45,2130489,638.97,725.63,693.14,762.09,762.09,19.11,54.44,0,,690.09,,,0,,,0,,,,
2010-10-26,730.85,736.86,724.38,733.57,1435412,639.96,727.07,693.14,762.09,762.09,18.64,55.23,0,,691.77,,,0,,,0,,,,
2010-10-27,732.63,732.63,720.0,723.81,1282765,640.9,728.21,693.14,762.09,762.09,18.28,50.84,0,,685.72,,,0,,,0,,,,
2010-10-28,725.82,733.55,714.08,719.19,4552312,641.73,729.01,693.14,762.09,762.09,18.36,48.86,0,,682.68,,,0,,,0,,,,
2010-10-29,720.07,732.27,719.03,728.99,2605164,642.69,729.78,693.14,762.09,762.09,18.0,53.04,0,,689.25,,,0,,,0,,,,
2010-11-01,734.81,752.42,734.81,749.21,3896343,643.81,730.79,693.14,752.42,762.09,18.38,60.26,0,,702.03,,,0,,,0,,,,
2010-11-02,749.15,769.1,748.33,766.88,4719055,644.99,731.91,693.14,769.1,752.42,18.56,65.28,1,766.88,713.31,713.31,713.31,1,16,2010-11-02,0,,,,
2010-11-03,769.09,774.71,761.05,772.52,2535651,646.22,733.79,693.14,774.71,769.1,18.21,66.72,0,,717.19,,717.19,1,16,2010-11-02,0,,,,
2010-11-04,774.8,795.46,774.71,780.81,2436734,647.5,735.87,693.14,795.46,774.71,18.54,68.78,0,,722.31,,722.31,1,16,2010-11-02,0,,,,
2010-11-08,780.82,786.94,767.16,776.71,1887714,648.76,737.57,693.14,795.46,795.46,18.63,66.59,0,,719.6,,722.31,1,16,2010-11-02,0,,,,
2010-11-09,777.23,783.7,768.42,781.13,1232426,650.1,739.32,713.89,795.46,795.46,18.39,67.78,0,,729.53,,729.53,1,16,2010-11-02,0,,,,
2010-11-10,781.18,781.9,771.15,777.75,1012527,651.38,740.71,713.89,795.46,795.46,17.85,65.85,0,,727.71,,729.53,1,16,2010-11-02,0,,,,
2010-11-11,774.75,779.58,763.39,765.15,1658310,652.66,741.77,714.08,795.46,795.46,17.73,59.07,0,,719.73,,729.53,1,16,2010-11-02,0,,,,
2010-11-12,760.33,763.57,745.25,747.84,2681655,653.84,742.09,714.08,795.46,795.46,17.88,51.27,0,,708.46,,729.53,1,16,2010-11-02,0,,,,
2010-11-15,747.39,751.71,735.17,749.48,1468368,655.09,741.92,714.08,795.46,795.46,17.79,51.92,0,,709.58,,729.53,1,16,2010-11-02,0,,,,
2010-11-16,750.63,750.63,718.99,720.99,3144071,656.15,741.18,714.08,795.46,795.46,18.78,41.58,0,,690.55,,729.53,1,16,2010-11-02,1,729.53,TRAILING_STOP,10,-4.87
2010-11-18,722.59,736.97,717.37,732.78,2716767,657.29,741.0,714.08,795.46,795.46,18.84,46.34,0,,698.11,,,0,,,0,,,,
2010-11-19,734.77,747.32,729.87,736.46,3840786,658.42,740.72,714.08,795.46,795.46,18.74,47.77,0,,700.55,,,0,,,0,,,,
2010-11-22,738.04,742.36,731.75,734.93,1380593,659.56,740.81,717.37,795.46,795.46,18.16,47.21,0,,701.05,,,0,,,0,,,,
2010-11-23,729.78,739.32,715.4,736.61,2276763,660.73,740.88,715.4,795.46,795.46,18.57,47.94,0,,701.2,,,0,,,0,,,,
2010-11-24,732.33,733.37,719.39,725.07,2580241,661.71,740.62,715.4,795.46,795.46,18.47,43.51,0,,693.82,,,0,,,0,,,,
2010-11-25,726.18,726.9,681.15,695.32,4548982,662.49,739.84,681.15,795.46,795.46,20.42,34.62,0,,661.92,,,0,,,0,,,,
2010-11-26,701.38,709.28,686.64,696.4,2993089,663.26,738.15,681.15,795.46,795.46,20.58,35.14,0,,662.51,,,0,,,0,,,,
2010-11-29,699.22,711.73,697.42,706.37,1327344,664.18,737.59,681.15,795.46,795.46,20.2,39.88,0,,669.19,,,0,,,0,,,,
2010-11-30,706.37,706.37,689.15,701.03,2439371,665.04,737.12,681.15,795.46,795.46,19.99,38.26,0,,665.89,,,0,,,0,,,,
2010-12-01,701.74,735.17,699.08,729.52,2268067,666.06,737.29,681.15,795.46,795.46,21.14,49.89,0,,683.5,,,0,,,0,,,,
2010-12-02,734.2,742.0,720.79,724.4,2625504,667.1,737.52,681.15,795.46,795.46,21.15,48.14,0,,680.19,,,0,,,0,,,,
2010-12-03,724.38,731.47,717.55,726.67,1680277,668.26,737.72,681.15,795.46,795.46,20.63,49.0,0,,682.0,,,0,,,0,,,,
2010-12-06,726.18,737.33,718.63,722.37,1496598,669.42,737.31,681.15,786.94,795.46,20.49,47.4,0,,679.32,,,0,,,0,,,,
2010-12-07,722.59,728.99,710.78,724.92,1552527,670.61,737.28,681.15,783.7,786.94,20.33,48.47,0,,681.07,,,0,,,0,,,,
2010-12-08,726.72,726.72,713.6,716.89,2058198,671.78,736.79,681.15,781.9,783.7,19.81,45.34,0,,676.23,,,0,,,0,,,,
2010-12-09,722.23,723.16,694.19,697.55,2073019,672.75,735.59,681.15,779.58,781.9,20.47,38.82,0,,663.32,,,0,,,0,,,,
2010-12-10,697.35,712.52,690.23,698.77,3772410,673.73,734.76,681.15,763.57,779.58,20.6,39.41,0,,664.02,,,0,,,0,,,,
2010-12-13,704.61,710.0,689.71,705.46,2777512,674.72,734.3,681.15,751.71,763.57,20.58,42.69,0,,668.35,,,0,,,0,,,,
2010-12-14,708.93,721.51,708.21,718.94,1793063,675.77,733.96,681.15,750.63,751.71,20.25,48.7,0,,677.26,,,0,,,0,,,,
2010-12-15,717.91,726.18,712.93,718.76,2239247,676.92,732.95,681.15,747.32,750.63,19.75,48.62,0,,677.48,,,0,,,0,,,,
2010-12-16,720.79,720.79,708.96,712.99,1933483,677.85,731.15,686.64,747.32,747.32,19.19,46.22,0,,675.97,,,0,,,0,,,,
2010-12-20,715.76,723.25,708.21,711.17,2291856,678.64,729.11,689.15,742.36,747.32,18.89,45.46,0,,675.83,,,0,,,0,,,,
2010-12-21,712.52,717.19,705.69,710.11,1393944,679.49,726.75,689.15,742.0,742.36,18.36,44.99,0,,675.5,,,0,,,0,,,,
2010-12-22,712.16,715.14,699.27,702.89,1472377,680.26,724.29,689.71,742.0,742.0,18.18,41.85,0,,671.14,,,0,,,0,,,,
2010-12-23,703.53,708.01,692.78,695.68,1899060,681.07,721.44,689.71,742.0,742.0,17.97,38.92,0,,666.63,,,0,,,0,,,,
2010-12-24,693.83,706.3,693.79,704.68,1392831,681.89,719.01,689.71,742.0,742.0,17.58,44.17,0,,672.7,,,0,,,0,,,,
2010-12-27,705.94,713.96,698.36,701.02,1314828,682.85,716.87,689.71,742.0,742.0,17.44,42.57,0,,670.43,,,0,,,0,,,,
2010-12-28,704.97,704.97,695.62,697.33,1326836,683.67,715.19,689.71,742.0,742.0,16.86,40.95,0,,668.44,,,0,,,0,,,,
2010-12-29,700.3,705.19,695.73,703.43,923613,684.49,713.65,689.71,742.0,742.0,16.33,44.68,0,,672.73,,,0,,,0,,,,
2010-12-30,699.58,711.77,699.58,710.17,1954530,685.35,713.29,689.71,742.0,742.0,16.04,48.55,0,,677.27,,,0,,,0,,,,
2010-12-31,714.32,720.07,710.0,711.53,1729930,686.21,712.58,689.71,737.33,742.0,15.61,49.32,0,,678.43,,,0,,,0,,,,
2011-01-03,713.72,716.58,708.21,711.98,1478535,687.17,711.77,689.71,737.33,737.33,15.1,49.59,0,,679.07,,,0,,,0,,,,
2011-01-04,715.4,716.22,704.43,710.22,1810300,688.02,710.94,692.78,728.99,737.33,14.86,48.51,0,,679.11,,,0,,,0,,,,
2011-01-05,712.56,718.27,688.51,693.29,3261451,688.67,709.5,688.51,726.72,728.99,15.92,39.55,0,,666.06,,,0,,,0,,,,
2011-01-06,699.22,699.22,673.69,675.1,4125462,689.2,707.83,673.69,726.18,726.72,16.61,32.59,0,,648.93,,,0,,,0,,,,
2011-01-07,672.26,674.7,657.16,663.72,2917224,689.72,706.78,657.16,726.18,726.18,16.7,29.13,0,,636.02,,,0,,,0,,,,
2011-01-10,661.47,662.44,633.56,640.17,4401749,690.11,704.9,633.56,726.18,726.18,17.67,23.57,0,,612.32,,,0,,,0,,,,
2011-01-11,641.34,648.67,632.01,640.06,5237136,690.47,702.69,632.01,726.18,726.18,17.59,23.54,0,,611.78,,,0,,,0,,,,
2011-01-12,647.09,647.09,621.28,632.77,7337814,690.71,700.42,621.28,726.18,726.18,18.18,22.03,0,,603.11,,,0,,,0,,,,
2011-01-13,636.31,641.7,621.93,628.49,4601603,690.91,697.05,621.28,723.25,726.18,18.29,21.17,0,,600.27,,,0,,,0,,,,
2011-01-14,630.91,632.24,608.95,614.76,6219774,690.95,693.4,608.95,723.25,723.25,18.65,18.66,0,,587.07,,,0,,,0,,,,
2011-01-17,616.89,622.9,596.76,603.84,7212552,690.87,689.3,596.76,720.07,723.25,19.19,16.94,0,,575.61,,,0,,,0,,,,
2011-01-18,606.68,610.15,598.56,605.39,3374766,690.81,685.4,596.76,720.07,720.07,18.64,18.09,0,,576.97,,,0,,,0,,,,
2011-01-19,607.55,609.24,590.04,593.71,4831413,690.54,681.03,590.04,720.07,720.07,18.68,16.26,0,,567.17,,,0,,,0,,,,
2011-01-20,592.63,600.12,589.97,595.38,3892342,690.23,676.98,589.97,720.07,720.07,18.07,17.55,0,,568.63,,,0,,,0,,,,
2011-01-21,597.48,600.36,588.49,592.97,3417734,689.81,673.49,588.49,720.07,720.07,17.63,17.14,0,,566.88,,,0,,,0,,,,
2011-01-24,598.56,600.36,591.98,596.35,3100599,689.44,670.08,588.49,720.07,720.07,16.97,19.96,0,,569.5,,,0,,,0,,,,
2011-01-25,606.11,611.14,596.76,599.17,5373103,689.24,666.54,588.49,720.07,720.07,16.81,22.33,0,,571.42,,,0,,,0,,,,
2011-01-27,604.67,605.39,587.42,591.5,4441221,688.92,662.29,587.42,720.07,720.07,16.9,20.55,0,,566.06,,,0,,,0,,,,
2011-01-28,591.37,593.17,572.82,577.82,4194535,688.58,657.59,572.82,720.07,720.07,17.14,17.81,0,,552.21,,,0,,,0,,,,
2011-01-31,575.16,592.57,565.36,589.97,3201194,688.25,653.49,565.36,718.27,720.07,17.86,27.1,0,,557.08,,,0,,,0,,,,
2011-02-01,593.17,597.63,563.42,567.46,6206307,687.75,648.7,563.42,718.27,718.27,19.03,22.11,0,,541.13,,,0,,,0,,,,
2011-02-02,574.47,575.44,562.61,565.67,3391728,687.22,643.88,562.61,718.27,718.27,18.59,21.77,0,,540.0,,,0,,,0,,,,
2011-02-03,562.97,589.54,560.81,586.19,5758688,686.86,639.99,560.81,699.22,718.27,19.31,34.34,0,,552.15,,,0,,,0,,,,
2011-02-04,587.42,587.42,560.09,564.43,3790093,686.37,635.62,560.09,674.7,699.22,19.88,29.02,0,,537.5,,,0,,,0,,,,
2011-02-07,568.0,569.8,552.08,553.35,3455390,685.8,630.57,552.08,662.44,674.7,19.73,26.74,0,,527.78,,,0,,,0,,,,
2011-02-08,555.91,556.46,540.68,541.72,3494623,685.13,625.26,540.68,648.67,662.44,19.45,24.57,0,,516.67,,,0,,,0,,,,
2011-02-09,541.72,552.9,528.84,532.72,5214852,684.43,619.78,528.84,647.09,648.67,19.78,23.01,0,,506.7,,,0,,,0,,,,
2011-02-10,530.38,543.92,525.22,536.26,6364118,683.67,614.21,525.22,641.7,647.09,19.7,25.02,0,,507.83,,,0,,,0,,,,
2011-02-11,537.45,563.94,537.45,559.41,3785906,683.06,609.18,525.22,632.24,641.7,20.27,36.7,0,,522.38,,,0,,,0,,,,
2011-02-14,561.66,600.36,561.66,596.82,6076608,682.69,605.36,525.22,622.9,632.24,21.75,50.2,0,,545.52,,,0,,,0,,,,
2011-02-15,600.36,607.17,580.94,584.09,3955646,682.21,601.09,525.22,611.14,622.9,22.07,46.56,0,,537.1,,,0,,,0,,,,
2011-02-16,587.78,596.69,586.37,594.79,2497790,681.69,597.25,525.22,611.14,611.14,21.39,49.85,0,,544.45,,,0,,,0,,,,
2011-02-17,599.24,611.14,588.48,609.51,3822984,681.3,594.45,525.22,611.14,611.14,21.48,54.05,0,,553.89,,,0,,,0,,,,
2011-02-18,611.52,620.13,586.75,589.27,3901322,680.77,591.59,525.22,620.13,611.14,22.33,48.09,0,,540.26,,,0,,,0,,,,
2011-02-21,594.14,603.41,579.0,594.01,3571402,680.23,589.27,525.22,620.13,620.13,22.48,49.5,0,,543.22,,,0,,,0,,,,
2011-02-22,589.57,589.57,574.51,577.3,2874710,679.54,587.17,525.22,620.13,620.13,22.27,44.89,0,,532.59,,,0,,,0,,,,
2011-02-23,575.32,584.72,574.11,575.53,2230881,678.82,585.02,525.22,620.13,620.13,21.43,44.42,0,,532.0,,,0,,,0,,,,
2011-02-24,575.19,575.19,542.84,545.14,6143303,677.87,582.1,525.22,620.13,620.13,22.24,37.19,0,,511.86,,,0,,,0,,,,
2011-02-25,553.07,555.78,532.16,544.26,5492310,676.89,579.29,525.22,620.13,620.13,22.34,37.0,0,,511.23,,,0,,,0,,,,
2011-02-28,550.75,573.04,545.84,549.29,6935082,675.98,577.11,525.22,620.13,620.13,22.8,38.9,0,,514.17,,,0,,,0,,,,
2011-03-01,554.77,583.46,553.62,579.24,4832788,675.4,576.29,525.22,620.13,620.13,23.61,48.8,0,,532.94,,,0,,,0,,,,
2011-03-03,576.83,602.77,569.78,598.47,6411539,675.05,576.06,525.22,620.13,620.13,24.28,53.95,0,,544.9,,,0,,,0,,,,
2011-03-04,603.95,604.85,577.35,579.08,5027978,674.59,575.57,532.16,620.13,620.13,24.51,48.63,0,,534.55,,,0,,,0,,,,
2011-03-07,575.09,575.09,555.55,564.43,4015599,674.08,574.54,532.16,620.13,620.13,24.44,45.02,0,,525.15,,,0,,,0,,,,
2011-03-08,566.24,574.47,557.4,562.66,4105386,673.52,573.53,532.16,620.13,620.13,23.91,44.59,0,,524.36,,,0,,,0,,,,
2011-03-09,568.0,570.12,559.95,564.57,2121221,673.03,572.47,532.16,620.13,620.13,22.93,45.2,0,,526.25,,,0,,,0,,,,
2011-03-10,563.69,563.69,555.42,558.73,2059998,672.46,571.12,532.16,620.13,620.13,21.95,43.62,0,,523.14,,,0,,,0,,,,
2011-03-11,553.64,565.06,551.14,554.2,2587018,671.85,569.88,532.16,620.13,620.13,21.37,42.39,0,,520.6,,,0,,,0,,,,
2011-03-14,553.62,562.61,550.44,561.59,2048739,671.31,569.34,532.16,620.13,620.13,20.72,45.12,0,,525.8,,,0,,,0,,,,
2011-03-15,553.62,558.62,541.74,547.87,3840709,670.65,567.94,532.16,620.13,620.13,20.65,41.21,0,,516.99,,,0,,,0,,,,
2011-03-16,549.56,558.98,549.56,554.61,3243012,669.99,567.51,532.16,620.13,620.13,19.97,43.79,0,,521.79,,,0,,,0,,,,
2011-03-17,546.43,559.0,546.43,547.57,2149013,669.33,566.9,532.16,620.13,620.13,19.44,41.73,0,,517.61,,,0,,,0,,,,
2011-03-18,550.5,553.3,542.84,545.07,2309958,668.67,565.53,532.16,620.13,620.13,18.8,40.99,0,,516.42,,,0,,,0,,,,
2011-03-21,548.95,550.24,540.03,541.51,2223816,667.98,564.77,540.03,604.85,620.13,18.19,39.91,0,,517.16,,,0,,,0,,,,
2011-03-22,546.07,549.99,543.92,546.77,1504255,667.36,564.55,540.03,604.85,604.85,17.5,42.33,0,,521.01,,,0,,,0,,,,
2011-03-23,547.4,553.48,545.12,550.26,2625477,666.78,564.83,540.03,604.85,604.85,16.84,43.94,0,,523.7,,,0,,,0,,,,
2011-03-24,554.34,559.55,553.62,557.13,2654894,666.2,565.65,540.03,604.85,604.85,16.3,47.08,0,,528.49,,,0,,,0,,,,
2011-03-25,560.81,578.0,560.81,574.62,4286706,665.67,566.93,540.03,604.85,604.85,16.63,54.12,0,,539.55,,,0,,,0,,,,
2011-03-28,575.55,596.76,575.55,588.98,6824902,665.12,567.91,540.03,604.85,604.85,17.02,58.95,0,,548.55,,,0,,,0,,,,
2011-03-29,590.49,603.95,586.37,592.05,5168335,664.57,567.75,540.03,604.85,604.85,17.06,59.92,0,,550.51,,,0,,,0,,,,
2011-03-30,594.64,607.89,593.19,595.56,6342788,664.08,568.14,540.03,607.89,604.85,16.98,61.05,0,,552.83,,,0,,,0,,,,
2011-03-31,598.56,609.9,591.77,593.85,9210750,663.6,568.1,540.03,609.9,607.89,17.06,60.16,0,,551.67,,,0,,,0,,,,
2011-04-01,599.82,602.44,590.38,592.11,3182373,663.08,567.52,540.03,609.9,609.9,16.7,59.21,0,,550.79,,,0,,,0,,,,
2011-04-04,596.73,609.35,590.78,607.3,3494499,662.72,568.13,540.03,609.9,609.9,16.83,64.48,0,,560.5,,,0,,,0,,,,
2011-04-05,610.06,612.94,596.08,599.46,3508836,662.36,568.31,540.03,612.94,609.9,16.84,60.16,0,,555.44,,,0,,,0,,,,
2011-04-06,596.76,602.84,592.09,595.16,3454193,661.98,568.9,540.03,612.94,612.94,16.4,57.87,0,,552.95,,,0,,,0,,,,
2011-04-07,596.08,602.69,592.09,600.18,3521011,661.58,569.72,540.03,612.94,612.94,15.99,59.79,0,,556.47,,,0,,,0,,,,
2011-04-08,602.16,608.99,594.25,603.4,4908201,661.19,571.67,540.03,612.94,612.94,15.9,61.02,0,,558.6,,,0,,,0,,,,
2011-04-11,595.79,607.51,595.79,599.67,2400909,660.79,573.51,543.92,612.94,612.94,15.6,58.78,0,,557.69,,,0,,,0,,,,
2011-04-13,593.65,617.54,591.41,617.54,5485954,660.51,575.79,545.12,617.54,612.94,16.35,65.35,0,,569.12,,,0,,,0,,,,
2011-04-15,615.58,635.59,613.34,621.08,6036297,660.16,577.18,553.62,635.59,617.54,16.77,66.49,0,,573.95,,,0,,,0,,,,
2011-04-18,625.52,635.17,599.06,603.29,5653149,659.71,577.34,560.81,635.59,635.59,18.15,56.44,0,,563.96,,,0,,,0,,,,
2011-04-19,597.84,614.74,597.12,612.63,3598330,659.28,578.46,575.55,635.59,635.59,18.12,59.87,0,,574.92,,,0,,,0,,,,
2011-04-20,618.37,620.7,604.28,613.35,3265987,658.81,580.09,586.37,635.59,635.59,17.99,60.13,0,,579.07,,,0,,,0,,,,
2011-04-21,618.33,621.93,608.48,613.75,2849265,658.3,581.8,590.38,635.59,635.59,17.67,60.29,0,,580.88,,,0,,,0,,,,
2011-04-25,610.46,623.72,609.45,619.52,2182234,657.83,583.63,590.38,635.59,635.59,17.43,62.54,0,,584.77,,,0,,,0,,,,
2011-04-26,620.36,621.75,604.4,615.94,2296977,657.3,585.53,590.38,635.59,635.59,17.42,60.26,0,,582.46,,,0,,,0,,,,
2011-04-27,616.53,620.11,605.75,606.59,1890643,656.64,587.28,590.78,635.59,635.59,17.2,54.65,0,,576.71,,,0,,,0,,,,
2011-04-28,610.42,612.45,594.1,596.82,3009555,655.82,588.45,591.41,635.59,635.59,17.29,49.46,0,,570.56,,,0,,,0,,,,
2011-04-29,598.45,600.97,571.6,573.59,4104495,654.76,589.31,571.6,635.59,635.59,18.15,39.8,0,,548.4,,,0,,,0,,,,
2011-05-02,578.79,579.76,560.49,576.88,2658894,653.83,590.05,560.49,635.59,635.59,18.23,41.54,0,,546.77,,,0,,,0,,,,
2011-05-03,575.37,576.61,550.17,552.69,4947205,652.73,590.22,550.17,635.59,635.59,18.83,33.8,0,,527.32,,,0,,,0,,,,
2011-05-04,554.23,558.08,548.79,554.31,3056598,651.58,590.53,548.79,635.59,635.59,18.15,34.68,0,,528.36,,,0,,,0,,,,
2011-05-05,556.86,563.69,548.25,550.94,2940534,650.4,590.85,548.25,635.59,635.59,17.96,33.68,0,,526.13,,,0,,,0,,,,
2011-05-06,556.75,564.01,552.9,555.82,2961454,649.2,591.15,548.25,635.59,635.59,17.61,36.53,0,,529.51,,,0,,,0,,,,
2011-05-09,557.22,561.05,550.21,557.52,2071185,648.02,591.39,548.25,635.59,635.59,17.13,37.54,0,,530.93,,,0,,,0,,,,
2011-05-10,556.86,562.57,551.47,554.32,1498772,646.8,591.3,548.25,635.59,635.59,16.7,36.37,0,,529.16,,,0,,,0,,,,
2011-05-11,554.02,556.01,545.89,547.39,2003258,645.42,590.39,545.89,635.59,635.59,16.23,33.9,0,,524.21,,,0,,,0,,,,
2011-05-12,547.44,552.44,539.24,539.69,3766083,644.06,588.75,539.24,635.59,635.59,16.01,31.35,0,,517.17,,,0,,,0,,,,
2011-05-13,542.3,557.18,535.67,549.49,3839989,642.8,587.33,535.67,635.59,635.59,16.4,37.76,0,,522.04,,,0,,,0,,,,
2011-05-16,549.67,553.23,543.27,545.3,2306061,641.47,585.65,535.67,635.17,635.59,15.94,36.21,0,,519.65,,,0,,,0,,,,
2011-05-17,545.79,552.72,539.24,541.24,2714382,640.2,583.9,535.67,623.72,635.17,15.77,34.71,0,,517.15,,,0,,,0,,,,
2011-05-18,543.67,548.41,539.82,541.76,2534994,638.91,582.22,535.67,623.72,623.72,15.25,35.08,0,,517.82,,,0,,,0,,,,
2011-05-19,544.64,578.79,530.08,573.34,18927369,637.85,581.09,530.08,623.72,623.72,17.64,52.61,0,,534.74,,,0,,,0,,,,
2011-05-20,579.15,600.36,579.15,593.98,11148126,637.02,580.91,530.08,623.72,623.72,18.31,60.18,0,,547.6,,,0,,,0,,,,
2011-05-23,591.77,591.77,578.82,579.69,3812436,635.9,580.39,530.08,621.75,623.72,18.09,53.78,0,,538.53,,,0,,,0,,,,
2011-05-24,576.31,594.86,576.31,590.47,4869490,635.02,580.07,530.08,620.11,621.75,18.12,57.45,0,,545.47,,,0,,,0,,,,
2011-05-25,589.75,590.47,568.97,576.81,4163996,634.1,579.18,530.08,612.45,620.11,18.36,51.83,0,,536.49,,,0,,,0,,,,
2011-05-26,578.82,592.74,573.29,588.98,4982631,633.19,578.82,530.08,600.97,612.45,18.44,55.96,0,,544.29,,,0,,,0,,,,
2011-05-27,587.85,598.56,585.26,588.96,2230137,632.34,577.87,530.08,600.36,600.97,18.07,55.96,0,,544.52,,,0,,,0,,,,
2011-05-30,593.15,594.86,583.64,586.32,2061364,631.44,576.71,530.08,600.36,600.36,17.58,54.77,0,,543.15,,,0,,,0,,,,
2011-05-31,588.31,595.41,587.22,590.42,3108892,630.48,576.28,530.08,600.36,600.36,16.98,56.32,0,,546.2,,,0,,,0,,,,
2011-06-01,590.29,607.19,590.13,605.73,4219699,629.68,576.05,530.08,607.19,600.36,16.98,61.59,0,,556.07,,,0,,,0,,,,
2011-06-02,598.63,603.14,594.7,601.11,3224497,628.81,575.65,530.08,607.19,607.19,16.56,59.27,0,,553.37,,,0,,,0,,,,
2011-06-03,604.31,618.22,604.13,615.73,6236988,628.02,575.71,530.08,618.22,607.19,16.6,63.91,0,,562.77,,,0,,,0,,,,
2011-06-06,611.14,624.1,610.82,621.14,2770548,627.34,575.77,530.08,624.1,618.22,16.36,65.48,0,,566.42,,,0,,,0,,,,
2011-06-07,618.85,620.63,610.24,613.16,2802726,626.63,575.67,530.08,624.1,624.1,15.97,61.25,0,,561.53,,,0,,,0,,,,
2011-06-08,612.15,617.25,608.82,612.11,1610478,625.85,575.86,530.08,624.1,624.1,15.43,60.7,0,,561.22,,,0,,,0,,,,
2011-06-09,611.07,623.26,608.63,620.47,2912073,625.0,576.65,568.97,624.1,624.1,15.37,63.53,0,,579.61,,,0,,,0,,,,
2011-06-10,618.35,622.25,603.25,609.0,3212021,623.94,577.83,568.97,624.1,624.1,15.63,57.41,0,,572.04,,,0,,,0,,,,
2011-06-13,607.51,615.78,602.75,613.98,1973511,622.89,579.06,568.97,624.1,624.1,15.45,59.25,0,,575.38,,,0,,,0,,,,
2011-06-14,614.79,623.26,614.79,621.01,1774512,621.82,581.34,568.97,624.1,624.1,15.01,61.75,0,,580.2,,,0,,,0,,,,
2011-06-15,621.42,622.39,614.23,617.58,1409166,620.76,583.45,573.29,624.1,624.1,14.52,59.82,0,,579.76,,,0,,,0,,,,
2011-06-16,611.14,614.18,601.2,603.27,2299558,619.57,585.19,583.64,624.1,624.1,14.65,52.44,0,,573.89,,,0,,,0,,,,
2011-06-17,604.44,609.09,597.48,603.92,1702062,618.42,586.8,583.64,624.1,624.1,14.43,52.73,0,,574.45,,,0,,,0,,,,
2011-06-20,603.23,610.28,591.24,597.05,2854723,617.29,588.11,587.22,624.1,624.1,14.76,49.36,0,,571.0,,,0,,,0,,,,
2011-06-21,597.55,603.93,586.16,590.49,2035138,616.25,589.32,586.16,624.1,624.1,14.98,46.32,0,,566.27,,,0,,,0,,,,
2011-06-22,594.28,601.71,592.45,594.46,2015952,615.21,590.89,586.16,624.1,624.1,14.71,48.39,0,,569.01,,,0,,,0,,,,
2011-06-23,594.97,602.78,589.57,599.67,1817696,614.4,592.89,586.16,624.1,624.1,14.6,51.06,0,,572.44,,,0,,,0,,,,
2011-06-24,603.95,627.32,603.25,625.32,4067613,613.69,595.42,586.16,627.32,624.1,15.53,61.6,1,625.32,588.36,588.36,588.36,1,17,2011-06-24,0,,,,
2011-06-27,617.97,643.5,617.97,642.24,4865978,613.06,598.65,586.16,643.5,627.32,16.25,66.7,0,,598.8,,598.8,1,17,2011-06-24,0,,,,
2011-06-28,643.73,648.67,638.12,647.42,5150391,612.48,602.19,586.16,648.67,643.5,15.84,68.09,0,,602.41,,602.41,1,17,2011-06-24,0,,,,
2011-06-29,648.89,650.69,642.47,647.16,3296556,611.88,605.7,586.16,650.69,648.67,15.3,67.94,0,,602.61,,602.61,1,17,2011-06-24,0,,,,
2011-06-30,653.92,659.62,646.05,655.63,4361301,611.42,608.44,586.16,659.62,650.69,15.17,70.29,1,655.63,608.15,608.15,608.15,1,17,2011-06-24,0,,,,
2011-07-01,664.62,664.71,647.88,649.79,1984846,611.11,610.3,586.16,664.71,659.62,15.29,66.66,0,,604.31,,608.15,1,17,2011-06-24,0,,,,
2011-07-04,655.25,656.08,639.9,643.57,2675067,610.76,612.43,586.16,664.71,664.71,15.36,62.92,0,,600.25,,608.15,1,17,2011-06-24,0,,,,
2011-07-05,646.73,650.92,640.42,644.07,1991445,610.35,614.22,586.16,664.71,664.71,15.01,63.1,0,,600.81,,608.15,1,17,2011-06-24,0,,,,
2011-07-06,642.15,654.25,642.15,649.46,2167166,610.0,616.64,586.16,664.71,664.71,14.8,65.06,0,,604.42,,608.15,1,17,2011-06-24,0,,,,
2011-07-07,650.69,671.54,649.63,669.9,3999406,609.6,619.34,586.16,671.54,664.71,15.32,71.28,1,669.9,617.26,617.26,617.26,1,17,2011-06-24,0,,,,
2011-07-08,670.1,671.7,655.63,660.25,2738970,609.18,621.71,586.16,671.7,671.54,15.37,65.36,0,,611.0,,617.26,1,17,2011-06-24,0,,,,
2011-07-11,657.84,664.82,655.22,658.88,1775047,608.72,624.13,586.16,671.7,671.7,14.96,64.54,0,,610.39,,617.26,1,17,2011-06-24,0,,,,
2011-07-12,651.51,655.63,635.59,639.6,3227294,608.17,625.77,589.57,671.7,671.7,15.56,54.24,0,,598.69,,617.26,1,17,2011-06-24,0,,,,
2011-07-13,643.55,649.54,641.7,647.27,1931782,607.65,627.16,589.57,671.7,671.7,15.16,57.17,0,,603.91,,617.26,1,17,2011-06-24,0,,,,
2011-07-14,646.01,662.32,640.28,653.72,3232190,607.23,628.91,603.25,671.7,671.7,15.65,59.52,0,,612.3,,617.26,1,17,2011-06-24,0,,,,
2011-07-15,653.56,657.84,647.54,655.38,2054200,606.95,630.23,617.97,671.7,671.7,15.27,60.12,0,,618.53,,618.53,1,17,2011-06-24,0,,,,
2011-07-18,656.08,656.08,642.42,644.41,2100084,606.59,631.01,635.59,671.7,671.7,15.15,54.34,0,,617.41,,618.53,1,17,2011-06-24,0,,,,
2011-07-19,643.82,654.64,640.35,652.36,2144520,606.24,632.31,635.59,671.7,671.7,15.09,57.53,0,,622.58,,622.58,1,17,2011-06-24,0,,,,
2011-07-20,654.28,657.52,645.29,647.99,2066654,605.76,633.51,635.59,671.7,671.7,14.88,55.24,0,,619.89,,622.58,1,17,2011-06-24,0,,,,
2011-07-21,647.09,652.3,642.18,643.34,3153199,605.26,634.27,635.59,671.7,671.7,14.54,52.84,0,,617.12,,622.58,1,17,2011-06-24,0,,,,
2011-07-22,648.37,657.88,646.09,656.89,1879575,604.89,635.87,635.59,671.7,671.7,14.54,58.51,0,,625.86,,625.86,1,17,2011-06-24,0,,,,
2011-07-25,653.65,668.05,653.62,665.91,1897796,604.58,637.6,635.59,671.7,671.7,14.54,61.8,0,,631.68,,631.68,1,17,2011-06-24,0,,,,
2011-07-26,666.5,670.28,637.55,639.29,4202653,604.11,638.21,635.59,671.7,671.7,15.84,49.36,0,,613.65,,631.68,1,17,2011-06-24,0,,,,
2011-07-27,640.69,645.42,623.76,632.28,3477559,603.64,638.7,623.76,671.7,671.7,16.25,46.69,0,,604.91,,631.68,1,17,2011-06-24,1,631.68,TRAILING_STOP,24,1.02
2011-07-28,628.76,630.45,620.88,625.61,2498379,603.17,639.44,620.88,671.7,671.7,15.91,44.24,0,,599.88,,,0,,,0,,,,
2011-07-29,624.08,629.48,617.67,620.33,2020509,602.61,639.99,617.67,671.7,671.7,15.61,42.35,0,,595.59,,,0,,,0,,,,
2011-08-01,624.08,635.32,624.08,634.15,1771922,602.17,641.23,617.67,671.7,671.7,15.57,48.55,0,,604.54,,,0,,,0,,,,
2011-08-02,631.99,633.4,618.33,623.38,1774575,601.67,642.32,617.67,671.7,671.7,15.59,44.53,0,,597.58,,,0,,,0,,,,
2011-08-03,617.61,617.61,593.53,596.31,6375530,600.96,642.39,593.53,671.7,671.7,16.6,36.37,0,,571.39,,,0,,,0,,,,
2011-08-04,599.64,601.17,590.47,592.66,2753907,600.18,642.15,590.47,671.7,671.7,16.18,35.43,0,,568.3,,,0,,,0,,,,
2011-08-05,581.97,591.37,564.88,589.09,4570713,599.36,640.94,564.88,670.28,671.7,17.01,34.49,0,,556.92,,,0,,,0,,,,
2011-08-08,571.6,601.83,569.8,586.43,7153551,598.52,639.08,564.88,670.28,670.28,18.08,33.77,0,,554.48,,,0,,,0,,,,
2011-08-09,563.15,595.68,563.15,579.51,6592207,597.65,636.82,563.15,670.28,670.28,19.12,31.9,0,,548.76,,,0,,,0,,,,
2011-08-10,593.17,597.77,585.44,595.83,3323326,597.0,635.11,563.15,670.28,670.28,19.05,40.28,0,,559.32,,,0,,,0,,,,
2011-08-11,593.17,596.76,586.7,589.72,2138206,596.43,632.91,563.15,670.28,670.28,18.41,38.38,0,,555.81,,,0,,,0,,,,
2011-08-12,597.48,599.64,584.49,592.04,2999376,595.95,630.99,563.15,670.28,670.28,18.18,39.55,0,,557.46,,,0,,,0,,,,
2011-08-16,597.55,600.0,578.79,584.18,2738360,595.58,629.01,563.15,670.28,670.28,18.4,36.99,0,,552.25,,,0,,,0,,,,
2011-08-17,588.1,599.96,581.88,596.11,3086698,595.29,627.41,563.15,670.28,670.28,18.37,43.02,0,,559.96,,,0,,,0,,,,
2011-08-18,597.78,598.27,588.01,590.53,2878245,595.01,625.44,563.15,670.28,670.28,17.79,41.04,0,,556.75,,,0,,,0,,,,
2011-08-19,580.37,581.46,558.61,560.62,6431069,594.55,621.8,558.61,670.28,670.28,18.8,32.43,0,,535.27,,,0,,,0,,,,
2011-08-22,561.55,570.94,550.68,566.59,3630177,594.23,618.68,550.68,670.28,670.28,18.91,35.35,0,,536.41,,,0,,,0,,,,
2011-08-23,571.43,580.3,566.88,577.78,2935183,594.06,615.98,550.68,670.28,670.28,18.54,40.53,0,,543.87,,,0,,,0,,,,
2011-08-24,578.2,583.89,558.97,565.15,2945610,593.79,613.5,550.68,645.42,670.28,18.99,36.93,0,,535.42,,,0,,,0,,,,
2011-08-25,564.85,569.09,552.84,560.97,4280528,593.57,610.62,550.68,635.32,645.42,18.8,35.8,0,,532.86,,,0,,,0,,,,
2011-08-26,562.78,569.13,553.17,555.47,4128718,593.31,607.34,550.68,635.32,635.32,18.59,34.31,0,,529.44,,,0,,,0,,,,
2011-08-29,564.77,593.96,559.55,585.54,4091377,593.26,605.02,550.68,635.32,635.32,20.01,47.24,0,,547.89,,,0,,,0,,,,
2011-08-30,590.35,597.42,570.0,583.62,4570249,593.17,602.99,550.68,633.4,635.32,20.54,46.61,0,,546.3,,,0,,,0,,,,
2011-09-02,589.33,589.44,575.82,583.74,3198474,593.07,600.7,550.68,617.61,633.4,20.05,46.66,0,,546.71,,,0,,,0,,,,
2011-09-05,574.57,592.7,573.12,589.53,3969778,593.06,598.75,550.68,601.83,617.61,20.02,49.03,0,,550.46,,,0,,,0,,,,
2011-09-06,587.66,598.15,581.04,596.44,3606844,593.18,597.19,550.68,601.83,601.83,19.81,51.8,0,,555.06,,,0,,,0,,,,
2011-09-07,596.39,614.43,596.39,609.41,4741474,593.31,595.61,550.68,614.43,601.83,19.68,56.55,0,,563.51,,,0,,,0,,,,
2011-09-08,612.65,624.99,600.36,620.73,5243762,593.67,594.1,550.68,624.99,614.43,20.04,60.24,0,,570.57,,,0,,,0,,,,
2011-09-09,618.48,621.72,608.9,613.94,4400844,593.99,593.26,550.68,624.99,624.99,19.52,57.11,0,,566.54,,,0,,,0,,,,
2011-09-12,603.95,605.76,589.8,596.86,3986239,594.06,592.08,550.68,624.99,624.99,19.85,50.06,0,,555.3,,,0,,,0,,,,
2011-09-13,596.69,606.87,589.08,593.01,1956251,594.25,590.99,550.68,624.99,624.99,19.7,48.6,0,,552.92,,,0,,,0,,,,
2011-09-14,593.87,594.88,578.96,583.51,4403047,594.45,589.76,552.84,624.99,624.99,19.43,45.11,0,,547.69,,,0,,,0,,,,
2011-09-15,587.95,587.95,571.36,576.98,4613487,594.68,587.86,552.84,624.99,624.99,19.23,42.84,0,,543.61,,,0,,,0,,,,
2011-09-16,581.15,592.12,579.32,583.56,4003663,595.02,586.53,552.84,624.99,624.99,18.94,45.8,0,,548.05,,,0,,,0,,,,
2011-09-19,579.65,579.65,565.84,566.32,4533997,595.22,585.53,553.17,624.99,624.99,18.85,39.95,0,,537.1,,,0,,,0,,,,
2011-09-20,567.31,570.43,562.6,566.91,5632206,595.27,584.67,559.55,624.99,624.99,18.06,40.23,0,,540.13,,,0,,,0,,,,
2011-09-21,568.29,576.38,563.38,565.5,3408439,595.07,583.88,562.6,624.99,624.99,17.7,39.76,0,,540.48,,,0,,,0,,,,
2011-09-22,559.55,559.55,536.88,541.03,7750496,594.78,582.37,536.88,624.99,624.99,18.48,32.51,0,,515.6,,,0,,,0,,,,
2011-09-23,536.84,536.84,522.37,526.42,6487438,594.32,580.6,522.37,624.99,624.99,18.49,29.1,0,,501.33,,,0,,,0,,,,
2011-09-26,527.41,528.5,511.45,517.46,4349502,593.71,577.99,511.45,624.99,624.99,18.39,27.22,0,,491.98,,,0,,,0,,,,
2011-09-27,527.81,530.31,523.06,524.38,2792272,593.28,575.81,511.45,624.99,624.99,18.0,30.94,0,,496.71,,,0,,,0,,,,
2011-09-28,527.34,527.54,507.84,509.17,4059875,592.71,573.05,507.84,624.99,624.99,18.12,27.6,0,,485.62,,,0,,,0,,,,
2011-09-29,508.48,508.48,489.2,496.76,9596691,592.17,570.13,489.2,624.99,624.99,18.25,25.21,0,,471.31,,,0,,,0,,,,
2011-09-30,497.31,507.24,489.98,492.45,6847715,591.62,566.68,489.2,624.99,624.99,18.18,24.42,0,,468.58,,,0,,,0,,,,
2011-10-03,487.4,487.42,472.51,478.52,5427659,591.18,562.95,472.51,624.99,624.99,18.3,22.01,0,,453.95,,,0,,,0,,,,
2011-10-04,477.36,494.59,475.6,485.59,6583880,590.78,560.44,472.51,624.99,624.99,18.35,26.0,0,,458.47,,,0,,,0,,,,
2011-10-05,489.69,496.04,485.75,487.17,3468762,590.37,557.8,472.51,624.99,624.99,17.79,26.9,0,,459.87,,,0,,,0,,,,
2011-10-07,500.93,507.28,498.76,505.34,3980576,589.88,555.38,472.51,621.72,624.99,17.95,36.45,0,,471.48,,,0,,,0,,,,
2011-10-10,505.29,508.1,496.27,502.49,3331874,589.24,553.29,472.51,606.87,621.72,17.52,35.66,0,,469.93,,,0,,,0,,,,
2011-10-11,508.19,516.86,508.19,511.38,3042045,588.79,551.64,472.51,606.87,606.87,17.29,40.02,0,,475.82,,,0,,,0,,,,
2011-10-12,515.08,524.98,509.06,523.64,3873584,588.51,550.58,472.51,594.88,606.87,17.19,45.49,0,,483.79,,,0,,,0,,,,
2011-10-13,525.24,525.96,512.54,514.75,2629665,588.2,548.22,472.51,592.12,594.88,16.92,42.47,0,,478.23,,,0,,,0,,,,
2011-10-14,512.9,518.29,507.46,510.56,3309770,587.84,545.79,472.51,592.12,592.12,16.49,41.08,0,,475.82,,,0,,,0,,,,
2011-10-17,514.17,514.68,498.88,500.62,2715502,587.45,543.01,472.51,579.65,592.12,16.44,37.91,0,,469.44,,,0,,,0,,,,
2011-10-18,494.4,495.31,485.73,489.22,3575472,587.01,539.67,472.51,576.38,579.65,16.33,34.62,0,,462.16,,,0,,,0,,,,
2011-10-19,493.32,509.57,492.08,507.84,4050706,586.66,536.72,472.51,576.38,576.38,16.62,43.29,0,,473.98,,,0,,,0,,,,
2011-10-20,501.59,503.84,497.38,502.46,3491086,586.35,533.15,472.51,559.55,576.38,16.18,41.57,0,,470.81,,,0,,,0,,,,
2011-10-21,502.38,514.32,480.62,484.36,13013939,585.88,528.61,472.51,536.84,559.55,17.43,36.35,0,,458.3,,,0,,,0,,,,
2011-10-24,489.65,489.69,468.29,469.47,9524337,585.36,523.79,468.29,530.31,536.84,17.71,32.71,0,,447.1,,,0,,,0,,,,
2011-10-25,469.14,486.42,459.82,484.99,10888454,584.96,520.06,459.82,530.31,530.31,18.35,39.51,0,,453.86,,,0,,,0,,,,
2011-10-28,502.35,515.81,500.99,513.99,6231267,584.78,517.43,459.82,527.54,530.31,19.24,49.73,0,,471.97,,,0,,,0,,,,
2011-10-31,513.99,518.34,508.7,512.6,3296135,584.55,515.06,459.82,525.96,527.54,18.55,49.3,0,,471.53,,,0,,,0,,,,
2011-11-01,506.01,506.37,499.85,504.22,4145467,584.25,512.64,459.82,525.96,525.96,18.14,46.68,0,,466.4,,,0,,,0,,,,
2011-11-02,498.76,507.64,495.75,504.18,4977823,583.89,509.99,459.82,525.96,525.96,17.69,46.67,0,,466.67,,,0,,,0,,,,
2011-11-03,502.06,503.84,493.82,500.66,4186282,583.4,507.8,459.82,525.96,525.96,17.17,45.49,0,,464.75,,,0,,,0,,,,
2011-11-04,507.73,509.97,502.96,505.54,3629814,582.84,505.76,459.82,525.96,525.96,16.61,47.47,0,,468.28,,,0,,,0,,,,
2011-11-08,508.19,509.64,500.04,505.14,3537020,582.26,503.75,459.82,525.96,525.96,16.11,47.32,0,,468.35,,,0,,,0,,,,
2011-11-09,508.19,508.19,496.6,498.48,3021079,581.62,502.33,459.82,525.96,525.96,15.78,44.75,0,,464.27,,,0,,,0,,,,
2011-11-11,495.85,496.51,479.71,482.58,4496253,580.87,500.87,459.82,525.96,525.96,16.0,39.28,0,,453.87,,,0,,,0,,,,
2011-11-14,489.33,489.65,478.81,481.29,3099834,580.14,499.66,459.82,525.96,525.96,15.63,38.87,0,,453.29,,,0,,,0,,,,
2011-11-15,480.98,485.99,462.67,467.34,3474310,579.2,497.76,459.82,525.96,525.96,16.18,34.61,0,,443.92,,,0,,,0,,,,
2011-11-16,463.17,463.17,443.98,448.52,7832115,578.2,495.74,443.98,518.34,525.96,16.69,29.86,0,,426.16,,,0,,,0,,,,
2011-11-17,447.25,455.16,442.66,447.16,5588752,577.21,494.08,442.66,518.34,518.34,16.39,29.54,0,,425.04,,,0,,,0,,,,
2011-11-18,445.8,454.49,435.68,451.46,6318573,576.22,492.72,435.68,518.34,518.34,16.56,31.99,0,,425.38,,,0,,,0,,,,
2011-11-21,453.05,458.35,442.53,445.24,5830969,575.16,491.61,435.68,518.34,518.34,16.51,30.35,0,,421.4,,,0,,,0,,,,
2011-11-22,446.16,451.13,443.0,445.11,3818682,574.13,490.26,435.68,518.34,518.34,15.91,30.31,0,,421.71,,,0,,,0,,,,
2011-11-23,441.81,446.16,428.93,431.38,5963413,572.89,488.4,428.93,518.34,518.34,16.01,26.79,0,,410.55,,,0,,,0,,,,
2011-11-24,431.65,446.09,425.94,443.98,8078782,571.71,486.35,425.94,518.34,518.34,16.3,34.33,0,,417.48,,,0,,,0,,,,
2011-11-25,441.45,466.4,438.91,459.2,8496528,570.75,484.91,425.94,518.34,518.34,17.1,42.08,0,,426.76,,,0,,,0,,,,
2011-11-28,465.75,470.03,457.12,464.17,4008177,569.76,483.34,425.94,518.34,518.34,16.8,44.39,0,,430.17,,,0,,,0,,,,
2011-11-29,464.3,467.73,456.37,463.25,4489008,568.76,481.33,425.94,518.34,518.34,16.41,44.04,0,,429.83,,,0,,,0,,,,
2011-11-30,459.22,463.39,453.45,461.45,4421153,567.75,479.55,425.94,509.97,518.34,15.95,43.32,0,,428.98,,,0,,,0,,,,
2011-12-01,473.73,480.95,466.66,469.59,5102259,566.75,478.18,425.94,509.97,509.97,16.2,47.5,0,,434.06,,,0,,,0,,,,
2011-12-02,470.75,476.7,463.66,475.29,3822012,565.81,477.34,425.94,509.97,509.97,15.98,50.26,0,,437.89,,,0,,,0,,,,
2011-12-05,472.64,480.24,469.38,477.23,3181830,564.95,476.94,425.94,509.97,509.97,15.61,51.21,0,,439.38,,,0,,,0,,,,
2011-12-07,476.99,484.25,474.38,483.1,3292254,564.19,476.11,425.94,509.64,509.97,15.2,54.04,0,,443.44,,,0,,,0,,,,
2011-12-08,480.62,482.43,454.03,457.15,5225202,563.41,474.6,425.94,508.19,509.64,16.19,42.33,0,,426.05,,,0,,,0,,,,
2011-12-09,451.53,454.97,441.92,445.02,5142129,562.53,473.29,425.94,496.51,508.19,16.12,38.16,0,,418.27,,,0,,,0,,,,
2011-12-12,449.84,450.55,430.64,433.66,5179016,561.74,472.1,425.94,489.65,496.51,16.39,34.72,0,,410.76,,,0,,,0,,,,
2011-12-13,429.91,430.47,418.59,424.63,5621775,560.87,470.09,418.59,485.99,489.65,16.3,32.23,0,,402.55,,,0,,,0,,,,
2011-12-14,422.08,433.07,419.32,420.7,5109322,560.01,466.98,418.59,484.25,485.99,16.12,31.18,0,,400.14,,,0,,,0,,,,
2011-12-15,417.83,419.52,403.58,411.01,6545531,559.04,463.59,403.58,484.25,484.25,16.19,28.7,0,,388.84,,,0,,,0,,,,
2011-12-16,415.91,418.59,384.5,389.08,9478680,557.92,459.75,384.5,484.25,484.25,17.47,24.04,0,,367.48,,,0,,,0,,,,
2011-12-19,387.04,387.04,371.84,374.67,7771565,556.72,455.44,371.84,484.25,484.25,17.45,21.57,0,,353.97,,,0,,,0,,,,
2011-12-20,373.0,374.59,352.03,354.64,12356095,555.44,450.57,352.03,484.25,484.25,17.82,18.69,0,,334.2,,,0,,,0,,,,
2011-12-21,362.37,366.72,351.54,362.62,14205451,554.25,445.8,351.54,484.25,484.25,17.63,23.09,0,,339.31,,,0,,,0,,,,
2011-12-22,361.64,369.06,354.79,364.47,9982147,553.02,441.12,351.54,484.25,484.25,17.39,24.12,0,,340.67,,,0,,,0,,,,
2011-12-23,369.95,378.58,362.37,365.94,8273101,551.83,436.7,351.54,484.25,484.25,17.31,24.98,0,,341.67,,,0,,,0,,,,
2011-12-26,368.45,374.97,367.81,372.15,2640631,550.7,433.02,351.54,484.25,484.25,16.72,28.65,0,,346.07,,,0,,,0,,,,
2011-12-27,373.03,380.69,369.99,373.11,5180217,549.57,429.41,351.54,484.25,484.25,16.29,29.22,0,,346.98,,,0,,,0,,,,
2011-12-28,371.44,375.17,365.31,373.38,3220272,548.24,426.28,351.54,484.25,484.25,15.83,29.4,0,,347.46,,,0,,,0,,,,
2011-12-29,371.76,372.8,360.59,362.55,4525890,546.7,423.41,351.54,484.25,484.25,15.61,26.59,0,,340.62,,,0,,,0,,,,
2011-12-30,364.55,367.08,359.29,360.79,5552145,545.24,420.53,351.54,484.25,484.25,15.05,26.16,0,,339.85,,,0,,,0,,,,
2012-01-02,363.46,368.17,359.36,366.02,3307961,543.74,417.69,351.54,484.25,484.25,14.61,29.84,0,,343.52,,,0,,,0,,,,
2012-01-03,370.68,386.2,369.99,384.8,5295413,542.46,415.67,351.54,484.25,484.25,15.01,41.19,0,,355.37,,,0,,,0,,,,
2012-01-04,386.09,390.99,381.23,388.07,5844006,541.12,413.77,351.54,482.43,484.25,14.63,42.92,0,,357.73,,,0,,,0,,,,
2012-01-05,388.12,397.19,386.35,394.58,5904018,539.83,412.54,351.54,454.97,482.43,14.36,46.31,0,,362.11,,,0,,,0,,,,
2012-01-06,391.39,396.28,384.88,392.29,3931557,538.53,410.82,351.54,450.55,454.97,14.15,45.29,0,,360.77,,,0,,,0,,,,
2012-01-09,391.68,396.32,379.53,394.69,3845646,537.23,408.67,351.54,433.07,450.55,14.34,46.61,0,,362.2,,,0,,,0,,,,
2012-01-10,397.28,413.59,397.28,411.27,6069096,535.93,406.91,351.54,433.07,433.07,14.66,54.77,0,,372.67,,,0,,,0,,,,
2012-01-11,412.79,417.5,406.7,416.09,4396176,534.7,405.33,354.79,419.52,433.07,14.39,56.83,0,,377.05,,,0,,,0,,,,
2012-01-12,414.6,425.36,407.87,410.54,5465009,533.33,403.64,359.29,425.36,419.52,14.61,53.79,0,,374.82,,,0,,,0,,,,
2012-01-13,413.15,427.28,410.61,425.3,5014075,532.03,402.16,359.29,427.28,425.36,14.76,59.93,0,,384.24,,,0,,,0,,,,
2012-01-16,422.58,438.36,415.76,435.91,4925682,530.84,400.85,359.29,438.36,427.28,15.32,63.67,0,,390.71,,,0,,,0,,,,
2012-01-17,438.91,462.48,438.91,459.73,6813906,529.83,400.27,359.29,462.48,438.36,16.12,70.36,0,,405.54,,,0,,,0,,,,
2012-01-18,458.86,466.82,447.63,450.01,7361262,528.69,399.16,359.29,466.82,462.48,16.34,65.09,0,,399.12,,,0,,,0,,,,
2012-01-19,455.23,464.82,451.96,463.26,4449406,527.72,399.37,359.29,466.82,466.82,16.23,68.55,0,,407.74,,,0,,,0,,,,
2012-01-20,465.71,469.01,455.86,462.27,5514394,526.71,399.94,359.36,469.01,466.82,16.01,68.01,0,,407.28,,,0,,,0,,,,
2012-01-23,460.31,470.46,444.73,463.32,11460876,525.66,400.93,369.99,470.46,469.01,16.71,68.29,0,,411.03,,,0,,,0,,,,
2012-01-24,467.85,495.66,466.71,490.36,12254886,524.81,403.12,379.53,495.66,470.46,17.82,74.6,0,,430.91,,,0,,,0,,,,
2012-01-25,490.41,495.96,477.43,482.69,6968337,524.01,405.19,379.53,495.96,495.66,17.87,70.33,0,,425.93,,,0,,,0,,,,
2012-01-27,487.87,503.47,481.4,501.11,6682002,523.32,408.19,379.53,503.47,495.96,18.17,74.15,0,,437.61,,,0,,,0,,,,
2012-01-30,496.58,498.23,470.3,473.47,4611111,522.5,411.0,379.53,503.47,503.47,19.08,61.36,0,,419.18,,,0,,,0,,,,
2012-01-31,477.72,479.17,463.57,475.47,9500521,521.73,414.36,397.28,503.47,503.47,18.83,61.88,0,,426.55,,,0,,,0,,,,
2012-02-01,474.82,488.91,469.38,487.77,7372667,521.02,418.8,406.7,503.47,503.47,18.88,64.95,0,,437.59,,,0,,,0,,,,
2012-02-02,493.24,499.46,486.79,494.08,6649706,520.31,423.18,407.87,503.47,503.47,18.44,66.45,0,,442.35,,,0,,,0,,,,
2012-02-03,493.32,495.13,484.56,491.36,3953160,519.42,427.41,410.61,503.47,503.47,17.87,65.16,0,,441.88,,,0,,,0,,,,
2012-02-06,498.39,506.88,494.19,502.37,5029398,518.49,431.96,415.76,506.88,503.47,17.71,67.88,0,,450.81,,,0,,,0,,,,
2012-02-07,506.01,506.01,488.98,491.32,4848473,517.45,435.93,438.91,506.88,506.88,17.66,62.6,0,,451.43,,,0,,,0,,,,
2012-02-08,491.5,500.53,489.69,496.04,3747699,516.44,440.03,444.73,506.88,506.88,17.17,63.89,0,,456.74,,,0,,,0,,,,
2012-02-09,494.26,497.49,486.13,491.59,4724952,515.35,443.97,444.73,506.88,506.88,16.76,61.72,0,,454.15,,,0,,,0,,,,
2012-02-10,487.87,498.76,484.79,490.05,3808199,514.28,448.22,444.73,506.88,506.88,16.56,60.95,0,,453.29,,,0,,,0,,,,
2012-02-13,491.47,491.47,477.65,481.8,5562740,513.2,452.25,444.73,506.88,506.88,16.36,56.86,0,,448.1,,,0,,,0,,,,
2012-02-14,480.62,507.46,478.14,500.39,4569243,512.25,456.73,463.57,507.46,506.88,17.29,62.9,0,,465.75,,,0,,,0,,,,
2012-02-15,508.24,530.68,508.24,527.81,8671513,511.43,461.5,463.57,530.68,507.46,18.22,69.66,1,527.81,482.82,482.82,482.82,1,18,2012-02-15,0,,,,
2012-02-16,522.7,532.73,519.9,525.44,5016546,510.47,466.08,463.57,532.73,530.68,17.83,68.5,0,,481.55,,482.82,1,18,2012-02-15,0,,,,
2012-02-17,528.74,555.63,522.08,524.93,9588433,509.57,470.42,463.57,555.63,532.73,18.95,68.23,0,,480.47,,482.82,1,18,2012-02-15,0,,,,
2012-02-21,525.96,536.39,521.61,524.78,4853180,508.68,474.84,463.57,555.63,555.63,18.66,68.15,0,,480.57,,482.82,1,18,2012-02-15,0,,,,
2012-02-22,526.32,531.26,512.92,516.17,6779436,507.85,478.89,469.38,555.63,555.63,18.63,63.38,0,,476.97,,482.82,1,18,2012-02-15,0,,,,
2012-02-23,513.37,518.34,502.38,507.63,5664775,506.92,482.1,477.65,555.63,555.63,18.44,58.97,0,,474.34,,482.82,1,18,2012-02-15,1,506.92,SMA150_BREAK,6,-3.96
2012-02-24,510.0,514.15,486.3,489.18,5436767,505.82,484.54,477.65,555.63,555.63,19.11,50.76,0,,462.0,,,0,,,0,,,,
2012-02-27,484.37,489.62,467.49,472.24,5668177,504.6,486.6,467.49,555.63,555.63,19.33,44.62,0,,447.54,,,0,,,0,,,,
2012-02-28,477.26,493.1,463.57,489.25,9477146,503.57,488.73,463.57,555.63,555.63,20.06,51.03,0,,456.72,,,0,,,0,,,,
2012-02-29,495.17,500.21,470.46,474.47,9253140,502.38,490.01,463.57,555.63,555.63,20.75,46.04,0,,446.72,,,0,,,0,,,,
2012-03-01,473.13,473.13,457.79,463.54,7183536,501.15,490.14,457.79,555.63,555.63,20.46,42.72,0,,437.94,,,0,,,0,,,,
2012-03-02,467.92,479.15,461.09,471.42,5530313,500.01,490.85,457.79,555.63,555.63,20.29,45.76,0,,443.14,,,0,,,0,,,,
2012-03-05,467.56,467.65,456.5,459.49,3785870,498.69,490.73,456.5,555.63,555.63,19.9,42.11,0,,435.27,,,0,,,0,,,,
2012-03-06,456.68,474.45,446.52,447.99,6304637,497.24,490.25,446.52,555.63,555.63,20.48,38.9,0,,424.14,,,0,,,0,,,,
2012-03-07,446.52,454.12,438.91,448.9,5709262,495.97,489.77,438.91,555.63,555.63,20.1,39.29,0,,422.44,,,0,,,0,,,,
2012-03-09,458.13,475.18,457.17,472.4,6192355,494.9,489.17,438.91,555.63,555.63,20.54,48.54,0,,437.31,,,0,,,0,,,,
2012-03-12,479.53,493.24,479.53,489.33,6440044,493.99,489.39,438.91,555.63,555.63,20.56,53.99,0,,448.21,,,0,,,0,,,,
2012-03-13,494.08,498.76,491.86,493.93,3485542,493.15,489.15,438.91,555.63,555.63,19.77,55.37,0,,451.71,,,0,,,0,,,,
2012-03-14,502.38,510.64,501.48,506.59,6052284,492.3,490.26,438.91,555.63,555.63,19.55,59.01,0,,460.02,,,0,,,0,,,,
2012-03-15,504.36,505.94,489.2,493.86,4040635,491.44,490.87,438.91,555.63,555.63,19.4,54.22,0,,451.91,,,0,,,0,,,,
2012-03-16,497.6,501.24,476.7,478.81,7069088,490.66,490.57,438.91,555.63,555.63,19.76,49.13,0,,441.96,,,0,,,0,,,,
2012-03-19,480.26,481.49,466.58,470.3,3823886,489.84,489.78,438.91,555.63,555.63,19.42,46.48,0,,436.7,,,0,,,0,,,,
2012-03-20,470.83,477.36,464.3,466.87,3823713,489.02,488.96,438.91,536.39,555.63,18.96,45.41,0,,434.79,,,0,,,0,,,,
2012-03-21,466.2,492.46,463.35,488.38,6648729,488.37,488.5,438.91,531.26,536.39,19.69,52.73,0,,448.18,,,0,,,0,,,,
2012-03-22,486.08,494.73,467.65,470.43,5477647,487.64,487.8,438.91,518.34,531.26,20.22,47.06,0,,436.25,,,0,,,0,,,,
2012-03-23,473.73,480.26,466.8,471.81,3590799,486.82,486.99,438.91,514.15,518.34,19.73,47.53,0,,437.47,,,0,,,0,,,,
2012-03-26,470.75,470.75,462.12,464.21,2872901,485.98,486.08,438.91,510.64,514.15,19.02,45.17,0,,433.04,,,0,,,0,,,,
2012-03-27,469.74,479.53,463.66,472.71,3973146,485.18,485.5,438.91,510.64,510.64,18.79,48.26,0,,438.67,,,0,,,0,,,,
2012-03-28,470.03,479.89,468.89,474.38,4141455,484.45,485.25,438.91,510.64,510.64,18.23,48.87,0,,440.12,,,0,,,0,,,,
2012-03-29,467.85,470.74,462.16,464.5,4393489,483.58,484.06,457.17,510.64,510.64,17.8,45.45,0,,440.12,,,0,,,0,,,,
2012-03-30,467.82,476.99,465.29,474.82,4765610,482.8,482.29,462.12,510.64,510.64,17.43,49.43,0,,448.68,,,0,,,0,,,,
2012-04-02,473.73,484.94,470.34,483.32,2958588,482.29,480.89,462.12,510.64,510.64,17.22,52.51,0,,454.3,,,0,,,0,,,,
2012-04-03,487.55,495.93,486.79,494.08,3980855,481.8,479.86,462.12,510.64,510.64,16.89,56.14,0,,461.46,,,0,,,0,,,,
2012-04-04,490.09,490.89,484.03,487.98,1984155,481.21,478.63,462.12,510.64,510.64,16.41,53.64,0,,457.85,,,0,,,0,,,,
2012-04-09,482.09,483.14,469.47,470.95,2730296,480.58,477.13,462.12,510.64,510.64,16.56,47.29,0,,446.77,,,0,,,0,,,,
2012-04-10,473.73,475.78,462.85,466.22,3511278,479.95,475.75,462.12,510.64,510.64,16.3,45.67,0,,443.89,,,0,,,0,,,,
2012-04-11,462.48,469.74,459.22,465.68,2918090,479.35,474.96,459.22,510.64,510.64,15.88,45.48,0,,442.85,,,0,,,0,,,,
2012-04-12,468.0,473.98,467.24,468.43,2826650,478.57,474.84,459.22,510.64,510.64,15.34,46.71,0,,444.98,,,0,,,0,,,,
2012-04-13,472.73,481.16,462.5,465.13,2981160,477.78,474.03,459.22,505.94,510.64,15.58,45.39,0,,442.7,,,0,,,0,,,,
2012-04-16,464.3,473.73,462.86,472.1,2931918,477.03,473.95,459.22,501.24,505.94,15.24,48.68,0,,447.42,,,0,,,0,,,,
2012-04-17,476.88,484.97,468.11,483.45,5571009,476.33,474.62,459.22,495.93,501.24,15.36,53.58,0,,454.66,,,0,,,0,,,,
2012-04-18,486.42,490.03,478.23,480.49,3300639,475.55,474.92,459.22,495.93,495.93,15.1,52.18,0,,452.92,,,0,,,0,,,,
2012-04-19,481.47,482.38,473.55,478.01,2114534,474.68,475.54,459.22,495.93,495.93,14.66,50.98,0,,451.62,,,0,,,0,,,,
2012-04-20,474.45,477.36,462.52,468.41,2760441,473.66,476.22,459.22,495.93,495.93,14.72,46.51,0,,445.39,,,0,,,0,,,,
2012-04-23,465.68,473.62,453.42,454.79,3341821,472.6,476.41,453.42,495.93,495.93,15.11,41.02,0,,434.41,,,0,,,0,,,,
2012-04-24,454.87,456.86,440.85,442.01,6388141,471.57,475.4,440.85,495.93,495.93,15.17,36.65,0,,421.93,,,0,,,0,,,,
2012-04-25,443.26,448.99,432.38,446.7,6283737,470.59,473.98,432.38,495.93,495.93,15.27,39.21,0,,422.07,,,0,,,0,,,,
2012-04-26,447.97,449.32,441.26,444.95,3780180,469.67,472.35,432.38,495.93,495.93,14.76,38.58,0,,421.28,,,0,,,0,,,,
2012-04-27,444.71,449.43,436.51,442.62,2763339,468.77,470.21,432.38,495.93,495.93,14.63,37.72,0,,419.86,,,0,,,0,,,,
2012-04-30,442.53,449.06,442.53,445.02,1956827,467.85,468.59,432.38,495.93,495.93,14.05,39.23,0,,421.8,,,0,,,0,,,,
2012-05-02,444.35,448.7,439.27,440.48,2470268,467.01,467.31,432.38,495.93,495.93,13.72,37.38,0,,419.09,,,0,,,0,,,,
2012-05-03,436.48,440.38,433.1,435.02,2898213,466.13,466.13,432.38,495.93,495.93,13.27,35.23,0,,415.87,,,0,,,0,,,,
2012-05-04,432.99,432.99,410.63,416.11,6363870,465.14,464.44,410.63,490.89,495.93,14.06,29.01,0,,395.89,,,0,,,0,,,,
2012-05-07,410.9,440.68,403.3,436.33,7239073,464.44,462.7,403.3,490.03,490.89,15.73,41.01,0,,405.38,,,0,,,0,,,,
2012-05-08,436.57,438.54,418.59,420.32,4396351,463.73,461.03,403.3,490.03,490.03,16.03,35.84,0,,394.85,,,0,,,0,,,,
2012-05-09,416.78,430.85,414.31,419.66,4351851,463.08,459.3,403.3,490.03,490.03,16.06,35.64,0,,394.4,,,0,,,0,,,,
2012-05-10,420.97,430.55,417.54,418.94,3143418,462.38,457.79,403.3,490.03,490.03,15.85,35.41,0,,394.09,,,0,,,0,,,,
2012-05-11,414.6,422.93,407.6,412.79,4564158,461.73,455.79,403.3,490.03,490.03,15.81,33.42,0,,390.14,,,0,,,0,,,,
2012-05-14,416.02,434.55,402.43,420.55,14932732,461.22,454.0,402.43,490.03,490.03,16.97,38.15,0,,394.08,,,0,,,0,,,,
2012-05-15,416.42,447.61,414.69,443.35,11236882,460.9,453.29,402.43,490.03,490.03,18.11,49.51,0,,408.03,,,0,,,0,,,,
2012-05-16,436.69,442.86,433.65,437.4,6503508,460.62,452.04,402.43,490.03,490.03,17.51,47.08,0,,404.59,,,0,,,0,,,,
2012-05-17,440.76,444.35,418.61,422.06,7619402,460.2,450.0,402.43,482.38,490.03,18.1,41.43,0,,394.31,,,0,,,0,,,,
2012-05-18,413.51,425.05,411.74,421.19,5787510,459.76,447.57,402.43,477.36,482.38,17.76,41.13,0,,393.97,,,0,,,0,,,,
2012-05-21,422.58,436.37,421.49,432.47,4134312,459.27,445.72,402.43,473.62,477.36,17.57,46.56,0,,401.37,,,0,,,0,,,,
2012-05-22,437.56,438.91,418.59,420.68,4457585,458.73,444.05,402.43,456.86,473.62,17.77,42.18,0,,393.64,,,0,,,0,,,,
2012-05-23,417.14,423.85,414.37,416.91,3707581,458.1,442.4,402.43,449.43,456.86,17.18,40.86,0,,391.6,,,0,,,0,,,,
2012-05-24,420.08,426.21,413.99,423.83,3454017,457.43,441.01,402.43,449.43,449.43,16.82,44.31,0,,396.3,,,0,,,0,,,,
2012-05-25,421.49,432.49,420.15,430.93,2922234,456.87,439.76,402.43,449.43,449.43,16.5,47.68,0,,401.09,,,0,,,0,,,,
2012-05-28,430.27,438.87,429.49,436.95,4012173,456.38,438.82,402.43,449.06,449.43,15.99,50.43,0,,405.31,,,0,,,0,,,,
2012-05-29,439.7,441.75,434.77,436.06,2939562,455.95,437.62,402.43,448.7,449.06,15.35,50.01,0,,405.17,,,0,,,0,,,,
2012-05-30,432.49,434.34,427.37,430.78,2751655,455.56,435.86,402.43,447.61,448.7,14.88,47.5,0,,402.08,,,0,,,0,,,,
2012-05-31,426.32,433.1,421.13,425.34,3397911,455.01,434.02,402.43,447.61,447.61,14.67,44.99,0,,398.71,,,0,,,0,,,,
2012-06-01,422.76,425.03,409.91,411.66,3349428,454.41,431.81,402.43,447.61,447.61,14.72,39.36,0,,389.85,,,0,,,0,,,,
2012-06-04,404.88,427.66,401.2,425.67,5481600,454.02,430.39,401.2,447.61,447.61,15.56,46.71,0,,397.92,,,0,,,0,,,,
2012-06-05,428.02,441.06,423.02,439.32,7028545,453.82,429.87,401.2,447.61,447.61,15.74,52.73,0,,406.6,,,0,,,0,,,,
2012-06-06,441.63,461.4,440.18,459.64,7566138,453.65,430.46,401.2,461.4,447.61,16.19,59.97,0,,419.41,,,0,,,0,,,,
2012-06-07,462.57,468.16,454.96,462.48,5720737,453.3,430.98,401.2,468.16,461.4,15.98,60.87,0,,421.38,,,0,,,0,,,,
2012-06-08,464.24,478.81,457.93,474.98,5932631,453.05,431.98,401.2,478.81,468.16,16.33,64.65,0,,429.21,,,0,,,0,,,,
2012-06-11,478.81,483.12,462.54,465.48,5815503,452.79,432.75,401.2,483.12,478.81,16.63,59.91,0,,422.88,,,0,,,0,,,,
2012-06-12,462.12,479.42,460.42,477.23,5188783,452.62,433.82,401.2,483.12,483.12,16.8,63.47,0,,430.35,,,0,,,0,,,,
2012-06-13,476.99,497.52,472.01,489.65,9055959,452.54,435.46,401.2,497.52,483.12,17.42,66.83,1,489.65,437.94,437.94,437.94,1,19,2012-06-13,0,,,,
2012-06-14,486.42,489.45,467.47,470.43,6869812,452.31,436.64,401.2,497.52,497.52,17.76,57.96,0,,425.32,,437.94,1,19,2012-06-13,0,,,,
2012-06-15,471.91,484.23,466.89,480.17,10299271,452.14,438.78,401.2,497.52,497.52,17.73,60.8,0,,431.62,,437.94,1,19,2012-06-13,0,,,,
2012-06-18,483.52,492.86,470.1,478.79,7539880,452.01,440.19,401.2,497.52,497.52,18.09,60.18,0,,430.49,,437.94,1,19,2012-06-13,0,,,,
2012-06-19,475.83,486.02,473.0,482.54,6246220,452.01,442.26,401.2,497.52,497.52,17.73,61.33,0,,433.15,,437.94,1,19,2012-06-13,0,,,,
2012-06-20,484.43,490.41,483.14,487.06,4667064,452.05,444.51,401.2,497.52,497.52,17.02,62.73,0,,436.54,,437.94,1,19,2012-06-13,0,,,,
2012-06-21,484.57,500.14,484.1,497.98,5802727,452.25,447.15,401.2,500.14,497.52,16.95,65.95,1,497.98,443.63,443.63,443.63,1,19,2012-06-13,0,,,,
2012-06-22,489.69,497.31,486.82,494.02,4618579,452.56,449.85,401.2,500.14,500.14,16.54,63.8,0,,441.35,,443.63,1,19,2012-06-13,0,,,,
2012-06-25,493.41,501.57,490.05,491.67,3390329,452.85,452.22,423.02,501.57,500.14,16.18,62.5,0,,447.35,,447.35,1,19,2012-06-13,0,,,,
2012-06-26,492.01,496.29,485.5,489.18,3446338,453.1,453.75,440.18,501.57,501.57,15.8,61.08,0,,451.72,,451.72,1,19,2012-06-13,0,,,,
2012-06-27,493.48,495.13,487.51,488.8,3260709,453.39,455.46,454.96,501.57,501.57,15.21,60.85,0,,456.79,,456.79,1,19,2012-06-13,0,,,,
2012-06-28,490.87,493.86,485.05,487.28,4081792,453.68,457.64,457.93,501.57,501.57,14.76,59.89,0,,457.1,,457.1,1,19,2012-06-13,0,,,,
2012-06-29,492.95,508.19,492.25,507.03,5414791,454.18,460.5,460.42,508.19,501.57,15.19,67.15,1,507.03,470.38,470.38,470.38,1,19,2012-06-13,0,,,,
2012-07-02,508.1,513.25,504.63,507.66,3378390,454.6,463.01,460.42,513.25,508.19,14.73,67.35,0,,471.1,,471.1,1,19,2012-06-13,0,,,,
2012-07-03,510.09,514.92,506.74,509.26,2687593,454.94,465.96,466.89,514.92,513.25,14.26,67.89,0,,474.6,,474.6,1,19,2012-06-13,0,,,,
2012-07-04,511.02,516.1,506.74,514.64,3753058,455.27,469.22,466.89,516.1,514.92,13.91,69.71,0,,478.3,,478.3,1,19,2012-06-13,0,,,,
2012-07-05,513.27,520.43,510.73,518.14,3198705,455.64,472.36,466.89,520.43,516.1,13.61,70.87,1,518.14,480.76,480.76,480.76,1,19,2012-06-13,0,,,,
2012-07-06,515.55,517.55,507.1,509.64,2555246,455.96,474.98,470.1,520.43,520.43,13.42,64.43,0,,476.47,,480.76,1,19,2012-06-13,0,,,,
2012-07-09,506.45,508.39,500.57,503.76,2607086,456.19,477.21,473.0,520.43,520.43,13.11,60.34,0,,473.85,,480.76,1,19,2012-06-13,0,,,,
2012-07-10,505.65,515.42,503.65,513.99,3033297,456.45,479.81,483.14,520.43,520.43,13.02,64.55,0,,483.89,,483.89,1,19,2012-06-13,0,,,,
2012-07-11,509.77,523.06,509.28,520.85,3760461,456.74,482.81,484.1,523.06,520.43,13.07,67.08,1,520.85,488.6,488.6,488.6,1,19,2012-06-13,0,,,,
2012-07-12,515.46,519.6,509.28,510.58,3059554,456.92,485.65,485.05,523.06,523.06,12.96,60.17,0,,482.36,,488.6,1,19,2012-06-13,0,,,,
2012-07-13,512.54,516.13,508.39,509.55,1711581,457.27,488.92,485.05,523.06,523.06,12.59,59.51,0,,481.95,,488.6,1,19,2012-06-13,0,,,,
2012-07-16,511.45,513.23,500.24,501.75,2996491,457.65,491.45,485.05,523.06,523.06,12.62,54.61,0,,476.9,,488.6,1,19,2012-06-13,0,,,,
2012-07-17,506.08,507.72,498.27,500.01,2564183,458.09,493.47,485.05,523.06,523.06,12.39,53.55,0,,475.93,,488.6,1,19,2012-06-13,0,,,,
2012-07-18,500.59,509.64,494.62,508.37,3184132,458.65,495.1,485.05,523.06,523.06,12.58,57.78,0,,481.19,,488.6,1,19,2012-06-13,0,,,,
2012-07-19,514.37,515.46,507.84,510.22,1640313,459.25,496.69,492.25,523.06,523.06,12.23,58.68,0,,485.02,,488.6,1,19,2012-06-13,0,,,,
2012-07-20,513.63,514.79,502.06,504.34,2144160,459.87,497.67,494.62,523.06,523.06,12.26,54.7,0,,482.0,,488.6,1,19,2012-06-13,0,,,,
2012-07-23,500.03,504.51,488.24,499.88,9061431,460.61,498.82,488.24,523.06,523.06,12.55,51.82,0,,476.8,,488.6,1,19,2012-06-13,1,488.6,TRAILING_STOP,29,-0.21
2012-07-24,501.66,504.85,490.14,491.39,4014294,461.39,499.29,488.24,523.06,523.06,12.7,46.78,0,,471.22,,,0,,,0,,,,
2012-07-25,489.69,491.25,482.83,486.73,2753604,462.27,499.19,482.83,523.06,523.06,12.41,44.24,0,,466.61,,,0,,,0,,,,
2012-07-26,487.87,488.94,476.99,478.14,3932214,463.04,499.45,476.99,523.06,523.06,12.37,39.93,0,,459.15,,,0,,,0,,,,
2012-07-27,483.4,490.18,474.42,478.73,3398332,463.8,499.4,474.42,523.06,523.06,12.62,40.36,0,,458.51,,,0,,,0,,,,
2012-07-30,482.56,496.94,481.44,495.6,2987266,464.66,499.96,474.42,523.06,523.06,13.02,51.13,0,,469.12,,,0,,,0,,,,
2012-07-31,497.03,500.32,485.75,496.73,3081606,465.49,500.43,474.42,523.06,523.06,13.13,51.75,0,,469.78,,,0,,,0,,,,
2012-08-01,495.35,502.58,493.28,501.33,2091730,466.35,500.91,474.42,523.06,523.06,12.85,54.33,0,,472.93,,,0,,,0,,,,
2012-08-02,499.25,506.61,496.4,504.54,2932636,467.22,501.13,474.42,523.06,523.06,12.66,56.09,0,,475.13,,,0,,,0,,,,
2012-08-03,500.46,505.96,490.79,501.42,3000912,468.15,501.37,474.42,523.06,523.06,12.84,53.91,0,,472.99,,,0,,,0,,,,
2012-08-06,507.83,513.08,506.01,510.07,2442912,469.14,501.99,474.42,523.06,523.06,12.76,58.7,0,,478.63,,,0,,,0,,,,
2012-08-07,511.13,515.44,508.26,514.25,1996521,470.13,502.82,474.42,523.06,523.06,12.36,60.81,0,,481.59,,,0,,,0,,,,
2012-08-08,515.12,518.31,508.1,509.68,2109111,470.96,503.52,474.42,519.6,523.06,12.21,57.35,0,,478.75,,,0,,,0,,,,
2012-08-09,511.45,516.88,504.92,514.48,2869107,471.81,504.43,474.42,518.31,519.6,12.19,59.93,0,,481.85,,,0,,,0,,,,
2012-08-10,516.17,518.34,509.68,516.51,2133697,472.62,504.74,474.42,518.34,518.31,11.94,61.0,0,,483.33,,,0,,,0,,,,
2012-08-13,515.73,523.06,512.61,522.43,2059618,473.49,505.23,474.42,523.06,518.34,11.83,64.03,1,522.43,487.22,487.22,487.22,1,20,2012-08-13,0,,,,
2012-08-14,526.19,535.29,522.88,533.75,3716007,474.41,506.05,474.42,535.29,523.06,11.9,68.99,0,,494.47,,494.47,1,20,2012-08-13,0,,,,
2012-08-16,534.63,543.69,532.44,542.11,3476083,475.29,506.97,474.42,543.69,535.29,11.86,72.05,0,,499.9,,499.9,1,20,2012-08-13,0,,,,
2012-08-17,541.23,543.6,530.42,532.74,2852140,476.06,507.45,474.42,543.69,543.69,11.95,64.38,0,,493.79,,499.9,1,20,2012-08-13,0,,,,
2012-08-21,532.79,540.15,524.72,538.2,2794401,476.92,508.4,481.44,543.69,543.69,12.2,66.61,0,,499.49,,499.9,1,20,2012-08-13,0,,,,
2012-08-22,533.89,538.07,531.54,534.72,1943563,477.64,509.44,485.75,543.69,543.69,11.8,63.86,0,,498.94,,499.9,1,20,2012-08-13,0,,,,
2012-08-23,535.8,537.98,524.42,525.51,3005172,478.24,509.82,490.79,543.69,543.69,11.93,57.15,0,,494.6,,499.9,1,20,2012-08-13,0,,,,
2012-08-24,523.89,525.27,516.41,521.34,2935311,478.65,509.84,490.79,543.69,543.69,11.73,54.36,0,,492.04,,499.9,1,20,2012-08-13,0,,,,
2012-08-27,518.52,521.05,509.42,512.46,2594868,479.07,509.9,490.79,543.69,543.69,11.74,48.89,0,,486.31,,499.9,1,20,2012-08-13,0,,,,
2012-08-28,511.45,513.01,497.38,499.66,2949187,479.31,509.57,497.38,543.69,543.69,12.02,42.28,0,,480.06,,499.9,1,20,2012-08-13,1,499.9,TRAILING_STOP,10,-4.31
2012-08-29,504.83,504.83,493.84,495.13,2466006,479.53,509.35,493.84,543.69,543.69,11.95,40.21,0,,476.01,,,0,,,0,,,,
2012-08-30,494.26,504.54,485.95,497.07,5589564,479.76,509.25,485.95,543.69,543.69,12.42,41.53,0,,474.31,,,0,,,0,,,,
2012-08-31,494.63,497.9,487.13,492.76,3766646,479.77,508.73,485.95,543.69,543.69,12.3,39.45,0,,471.61,,,0,,,0,,,,
2012-09-03,497.71,499.42,489.13,496.13,2290700,479.86,508.26,485.95,543.69,543.69,12.16,41.9,0,,473.88,,,0,,,0,,,,
2012-09-04,495.47,502.65,492.28,501.18,2074734,479.86,508.16,485.95,543.69,543.69,12.03,45.47,0,,477.22,,,0,,,0,,,,
2012-09-05,495.03,496.76,484.43,485.93,2469975,479.94,507.69,484.43,543.69,543.69,12.37,37.9,0,,466.66,,,0,,,0,,,,
2012-09-06,484.32,489.13,480.34,482.48,2362430,479.99,507.39,480.34,543.69,543.69,12.11,36.43,0,,463.24,,,0,,,0,,,,
2012-09-07,489.9,504.06,489.9,502.04,3860579,480.09,507.9,480.34,543.69,543.69,12.79,48.65,0,,475.4,,,0,,,0,,,,
2012-09-10,504.9,509.25,499.4,505.89,2305743,480.17,508.83,480.34,543.69,543.69,12.58,50.66,0,,478.03,,,0,,,0,,,,
2012-09-11,500.87,504.54,497.6,502.37,2163604,480.24,509.62,480.34,543.69,543.69,12.27,48.78,0,,475.96,,,0,,,0,,,,
2012-09-12,503.8,520.68,503.8,517.16,3310427,480.34,510.34,480.34,543.69,543.69,12.7,56.14,0,,485.21,,,0,,,0,,,,
2012-09-13,518.19,524.0,518.19,520.43,2661750,480.53,511.13,480.34,543.69,543.69,12.28,57.59,0,,487.6,,,0,,,0,,,,
2012-09-14,530.22,547.84,529.38,546.73,5950365,480.87,512.64,480.34,547.84,543.69,13.37,67.05,1,546.73,503.84,503.84,503.84,1,21,2012-09-14,0,,,,
2012-09-17,550.88,586.0,550.88,570.75,7289304,481.4,514.85,480.34,586.0,547.84,15.22,72.97,0,,518.1,,518.1,1,21,2012-09-14,0,,,,
2012-09-18,567.28,573.3,562.88,570.09,3646172,481.93,517.14,480.34,586.0,586.0,14.87,72.58,0,,517.91,,518.1,1,21,2012-09-14,0,,,,
2012-09-20,557.74,564.13,554.11,558.33,3619476,482.44,518.74,480.34,586.0,586.0,14.95,65.89,0,,510.27,,518.1,1,21,2012-09-14,0,,,,
2012-09-21,561.05,585.85,561.05,581.69,6232628,482.98,520.99,480.34,586.0,586.0,15.85,71.51,0,,524.74,,524.74,1,21,2012-09-14,0,,,,
2012-09-24,579.39,593.3,572.35,579.12,4303343,483.32,523.31,480.34,593.3,586.0,16.21,70.14,0,,522.84,,524.74,1,21,2012-09-14,0,,,,
2012-09-25,579.76,587.74,575.83,577.72,3666741,483.67,525.41,480.34,593.3,593.3,15.91,69.36,0,,522.14,,524.74,1,21,2012-09-14,0,,,,
2012-09-26,574.25,576.82,569.23,573.3,3299116,484.0,527.31,480.34,593.3,593.3,15.38,66.84,0,,519.64,,524.74,1,21,2012-09-14,0,,,,
2012-09-27,574.81,588.62,574.81,586.42,4454552,484.41,529.44,480.34,593.3,593.3,15.37,70.29,0,,528.11,,528.11,1,21,2012-09-14,0,,,,
2012-09-28,589.04,594.36,582.58,585.92,3004535,484.87,531.18,489.9,594.36,593.3,15.12,69.99,0,,531.14,,531.14,1,21,2012-09-14,0,,,,
2012-10-01,584.36,590.77,580.16,589.56,1982324,485.42,532.76,497.6,594.36,594.36,14.79,70.96,0,,536.27,,536.27,1,21,2012-09-14,0,,,,
2012-10-03,590.97,594.4,584.9,590.42,2941420,486.09,534.68,497.6,594.4,594.36,14.42,71.2,0,,537.08,,537.08,1,21,2012-09-14,0,,,,
2012-10-04,593.06,600.6,592.47,599.59,3029123,486.94,536.73,503.8,600.6,594.4,14.11,73.67,1,599.59,545.26,545.26,545.26,1,21,2012-09-14,0,,,,
2012-10-05,602.73,605.41,602.73,605.41,6693144,487.72,539.09,518.19,605.41,600.6,13.52,75.12,0,,554.21,,554.21,1,21,2012-09-14,0,,,,
2012-10-08,603.98,604.31,583.98,585.54,2771205,488.46,541.09,529.38,605.41,605.41,14.09,62.43,0,,544.74,,554.21,1,21,2012-09-14,0,,,,
2012-10-09,590.47,602.33,590.47,599.13,4255211,489.36,543.68,550.88,605.41,605.41,14.28,66.59,0,,560.55,,560.55,1,21,2012-09-14,0,,,,
2012-10-10,592.6,596.67,587.48,593.15,2265230,490.17,546.37,554.11,605.41,605.41,14.09,63.27,0,,557.89,,560.55,1,21,2012-09-14,0,,,,
2012-10-11,594.64,608.93,585.63,606.6,3877508,491.15,549.93,554.11,608.93,605.41,14.75,67.23,1,606.6,566.13,566.13,566.13,1,21,2012-09-14,0,,,,
2012-10-12,603.61,610.91,598.55,605.44,2871666,492.2,553.61,561.05,610.91,608.93,14.58,66.56,0,,567.81,,567.81,1,21,2012-09-14,0,,,,
2012-10-15,605.81,607.57,598.33,600.33,2385576,493.21,557.05,569.23,610.91,610.91,14.2,63.58,0,,567.49,,567.81,1,21,2012-09-14,0,,,,
2012-10-16,602.97,605.08,587.57,589.23,2023299,493.99,560.27,569.23,610.91,610.91,14.43,57.54,0,,560.17,,567.81,1,21,2012-09-14,0,,,,
2012-10-17,595.54,599.9,588.93,596.73,2804280,494.71,563.62,569.23,610.91,610.91,14.19,60.28,0,,565.18,,567.81,1,21,2012-09-14,0,,,,
2012-10-18,599.32,609.04,594.55,606.21,2749119,495.46,567.12,574.81,610.91,610.91,14.21,63.49,0,,573.14,,573.14,1,21,2012-09-14,0,,,,
2012-10-19,602.55,606.18,594.86,599.22,1883747,496.07,570.9,580.16,610.91,610.91,14.0,59.66,0,,570.55,,573.14,1,21,2012-09-14,0,,,,
2012-10-22,596.64,614.58,592.97,613.15,7509908,496.87,575.26,580.16,614.58,610.91,14.55,64.29,1,613.15,579.17,579.17,579.17,1,21,2012-09-14,0,,,,
2012-10-23,614.98,625.63,614.98,624.29,6734607,497.84,579.33,583.98,625.63,614.58,14.4,67.5,0,,587.73,,587.73,1,21,2012-09-14,0,,,,
2012-10-25,623.79,631.0,620.86,628.34,4807415,498.89,583.41,583.98,631.0,625.63,14.1,68.6,0,,590.54,,590.54,1,21,2012-09-14,0,,,,
2012-10-29,627.2,631.13,617.68,619.26,2718108,499.91,587.31,583.98,631.13,631.0,14.05,63.4,0,,584.72,,590.54,1,21,2012-09-14,0,,,,
2012-10-30,618.65,621.41,598.47,601.33,3702496,500.66,590.11,583.98,631.13,631.13,14.68,54.59,0,,572.73,,590.54,1,21,2012-09-14,0,,,,
2012-10-31,602.29,605.77,590.95,596.95,3839613,501.5,592.67,585.63,631.13,631.13,14.69,52.67,0,,570.45,,590.54,1,21,2012-09-14,0,,,,
2012-11-01,598.55,602.84,594.11,598.6,2708858,502.35,594.39,585.63,631.13,631.13,14.27,53.34,0,,571.8,,590.54,1,21,2012-09-14,0,,,,
2012-11-02,606.16,617.11,603.46,614.76,4271015,503.35,595.86,585.63,631.13,631.13,14.57,59.38,0,,582.02,,590.54,1,21,2012-09-14,0,,,,
2012-11-05,613.96,620.12,610.23,615.04,2214828,504.3,597.36,587.57,631.13,631.13,14.24,59.48,0,,583.07,,590.54,1,21,2012-09-14,0,,,,
2012-11-06,616.82,617.44,606.99,611.15,2187263,505.21,599.12,587.57,631.13,631.13,13.97,57.41,0,,580.74,,590.54,1,21,2012-09-14,0,,,,
2012-11-07,609.11,617.92,605.81,612.58,2410272,506.2,600.15,587.57,631.13,631.13,13.83,57.98,0,,581.75,,590.54,1,21,2012-09-14,0,,,,
2012-11-08,604.55,608.75,597.24,600.07,3092395,507.04,600.85,588.93,631.13,631.13,13.94,51.4,0,,574.06,,590.54,1,21,2012-09-14,0,,,,
2012-11-09,601.78,602.97,590.47,594.84,2760979,507.78,601.42,590.47,631.13,631.13,13.84,48.9,0,,571.27,,590.54,1,21,2012-09-14,1,590.54,TRAILING_STOP,37,8.01
2012-11-12,597.0,598.47,586.18,589.45,2372386,508.42,601.96,586.18,631.13,631.13,13.73,46.4,0,,566.44,,,0,,,0,,,,
2012-11-15,589.01,596.25,582.02,588.91,4255229,509.09,602.04,582.02,631.13,631.13,13.76,46.15,0,,564.68,,,0,,,0,,,,
2012-11-16,586.53,594.8,576.73,579.15,2771847,509.81,601.81,576.73,631.13,631.13,14.07,41.69,0,,556.41,,,0,,,0,,,,
2012-11-19,580.58,583.76,569.5,571.85,2543694,510.51,601.22,569.5,631.13,631.13,14.08,38.68,0,,549.29,,,0,,,0,,,,
2012-11-20,576.09,577.39,563.65,568.53,1554473,511.2,600.49,563.65,631.13,631.13,14.06,37.36,0,,545.21,,,0,,,0,,,,
2012-11-21,570.59,575.36,565.03,574.49,2347933,511.91,599.66,563.65,631.13,631.13,13.79,41.24,0,,549.23,,,0,,,0,,,,
2012-11-22,576.18,587.1,573.39,583.7,2223366,512.7,598.93,563.65,631.13,631.13,13.79,46.73,0,,555.18,,,0,,,0,,,,
2012-11-23,586.36,586.73,576.64,582.46,1344847,513.43,598.83,563.65,631.13,631.13,13.52,46.1,0,,554.55,,,0,,,0,,,,
2012-11-26,583.63,592.33,582.91,591.01,1710861,514.15,598.56,563.65,631.13,631.13,13.26,50.97,0,,560.24,,,0,,,0,,,,
2012-11-27,591.87,598.07,591.87,595.68,1671338,514.92,598.65,563.65,631.13,631.13,12.82,53.44,0,,563.55,,,0,,,0,,,,
2012-11-29,598.42,611.9,594.86,610.18,4426886,515.8,598.76,563.65,621.41,631.13,13.12,60.16,0,,572.7,,,0,,,0,,,,
2012-11-30,612.16,615.33,607.37,612.01,2942887,516.76,598.98,563.65,620.12,621.41,12.75,60.93,0,,574.13,,,0,,,0,,,,
2012-12-03,614.49,618.29,606.2,611.81,1919475,517.8,599.37,563.65,620.12,620.12,12.71,60.79,0,,574.03,,,0,,,0,,,,
2012-12-04,611.19,611.68,603.32,608.71,1902073,518.91,600.02,563.65,620.12,620.12,12.4,58.58,0,,572.23,,,0,,,0,,,,
2012-12-05,611.46,616.95,609.11,611.55,2418570,520.01,600.51,563.65,620.12,620.12,12.11,60.01,0,,574.26,,,0,,,0,,,,
2012-12-06,616.82,617.55,602.34,614.43,3161448,521.14,600.78,563.65,618.29,620.12,12.33,61.47,0,,575.97,,,0,,,0,,,,
2012-12-07,616.82,623.42,612.05,614.78,3069411,522.29,601.3,563.65,623.42,618.29,12.26,61.65,0,,576.24,,,0,,,0,,,,
2012-12-10,615.81,617.39,609.11,610.86,1198100,523.4,601.23,563.65,623.42,623.42,11.98,58.32,0,,573.9,,,0,,,0,,,,
2012-12-11,612.78,616.42,605.81,611.92,2317025,524.54,600.81,563.65,623.42,623.42,11.88,58.96,0,,574.65,,,0,,,0,,,,
2012-12-12,613.55,614.8,602.18,604.56,2670894,525.67,600.02,565.03,623.42,623.42,11.93,52.83,0,,570.33,,,0,,,0,,,,
2012-12-13,605.54,607.1,594.82,596.89,2170631,526.88,599.28,573.39,623.42,623.42,11.96,47.31,0,,568.15,,,0,,,0,,,,
2012-12-14,598.66,605.08,596.77,601.46,2176062,527.98,599.28,576.64,623.42,623.42,11.7,50.62,0,,572.36,,,0,,,0,,,,
2012-12-17,599.87,603.61,594.88,599.72,1283602,529.17,599.37,582.91,623.42,623.42,11.48,49.35,0,,573.47,,,0,,,0,,,,
2012-12-18,601.78,609.99,599.57,607.99,2879959,530.43,599.68,591.87,623.42,623.42,11.41,55.12,0,,581.84,,,0,,,0,,,,
2012-12-19,612.42,614.07,597.02,599.39,2853315,531.63,599.17,594.82,623.42,623.42,11.81,48.89,0,,577.01,,,0,,,0,,,,
2012-12-20,599.94,602.71,590.95,593.52,4081158,532.84,598.45,590.95,623.42,623.42,11.81,45.13,0,,571.93,,,0,,,0,,,,
2012-12-21,588.75,593.98,580.49,583.46,2939395,533.92,597.53,580.49,623.42,623.42,11.93,39.53,0,,561.88,,,0,,,0,,,,
2012-12-24,588.57,588.57,577.04,581.7,2381967,534.84,596.5,577.04,623.42,623.42,11.9,38.63,0,,559.61,,,0,,,0,,,,
2012-12-26,583.8,596.09,581.78,595.3,2145327,535.9,596.34,577.04,623.42,623.42,12.08,48.43,0,,568.26,,,0,,,0,,,,
2012-12-27,597.61,599.11,590.22,591.81,2741298,537.03,596.24,577.04,623.42,623.42,11.85,46.38,0,,566.16,,,0,,,0,,,,
2012-12-28,594.44,597.92,590.55,594.42,1510569,538.18,596.41,577.04,623.42,623.42,11.53,48.15,0,,568.06,,,0,,,0,,,,
2012-12-31,594.86,595.79,587.89,589.72,1331221,539.23,596.44,577.04,623.42,623.42,11.27,45.26,0,,565.2,,,0,,,0,,,,
2013-01-01,593.04,599.11,592.84,596.23,1721670,540.4,597.0,577.04,623.42,623.42,11.14,49.76,0,,569.49,,,0,,,0,,,,
2013-01-02,601.55,607.28,598.67,605.28,2631399,541.66,598.12,577.04,623.42,623.42,11.13,55.26,0,,575.33,,,0,,,0,,,,
2013-01-03,607.28,609.59,598.11,600.62,2839403,542.84,599.19,577.04,623.42,623.42,11.15,52.1,0,,572.31,,,0,,,0,,,,
2013-01-04,598.47,600.27,594.03,597.37,2227387,543.95,599.95,577.04,623.42,623.42,10.83,49.95,0,,570.43,,,0,,,0,,,,
2013-01-07,598.91,599.21,581.59,582.75,4125613,544.92,599.92,577.04,617.39,623.42,11.31,41.63,0,,560.68,,,0,,,0,,,,
2013-01-08,582.33,582.6,571.94,574.95,5971054,545.84,599.67,571.94,616.42,617.39,11.28,38.0,0,,553.97,,,0,,,0,,,,
2013-01-09,572.79,580.79,567.1,568.64,5481434,546.76,598.92,567.1,614.8,616.42,11.45,35.31,0,,548.17,,,0,,,0,,,,
2013-01-10,571.69,572.93,561.5,567.5,4787451,547.71,597.98,561.5,614.07,614.8,11.45,34.83,0,,545.57,,,0,,,0,,,,
2013-01-11,567.65,568.51,559.58,562.13,3456486,548.71,596.38,559.58,614.07,614.07,11.27,32.59,0,,541.59,,,0,,,0,,,,
2013-01-14,563.61,571.69,561.41,570.51,2511222,549.68,595.0,559.58,614.07,614.07,11.2,39.17,0,,547.04,,,0,,,0,,,,
2013-01-15,570.84,578.18,568.62,572.42,4279311,550.57,593.69,559.58,614.07,614.07,11.08,40.59,0,,548.35,,,0,,,0,,,,
2013-01-16,568.82,575.72,563.98,566.62,2080365,551.28,592.28,559.58,614.07,614.07,11.13,37.71,0,,544.58,,,0,,,0,,,,
2013-01-17,564.35,568.48,558.16,560.57,2456646,551.93,590.58,558.16,609.59,614.07,11.07,34.92,0,,540.24,,,0,,,0,,,,
2013-01-18,561.91,571.14,561.61,564.05,2414625,552.53,588.9,558.16,609.59,609.59,11.03,37.77,0,,542.51,,,0,,,0,,,,
2013-01-21,565.08,576.09,563.38,575.12,2002873,553.26,587.58,558.16,609.59,609.59,11.15,45.89,0,,549.57,,,0,,,0,,,,
2013-01-22,575.03,578.16,568.09,570.0,2733189,553.88,586.22,558.16,609.59,609.59,11.08,43.09,0,,546.32,,,0,,,0,,,,
2013-01-23,571.14,576.03,567.06,572.82,2191965,554.43,584.92,558.16,609.59,609.59,10.93,45.08,0,,548.24,,,0,,,0,,,,
2013-01-24,573.15,588.2,550.04,581.59,14036971,555.17,584.15,550.04,609.59,609.59,12.87,50.83,0,,549.89,,,0,,,0,,,,
2013-01-25,583.41,593.19,578.88,591.24,5253986,555.91,583.96,550.04,609.59,609.59,12.97,56.26,0,,556.05,,,0,,,0,,,,
2013-01-28,591.5,592.4,583.61,586.0,2286380,556.63,583.45,550.04,609.59,609.59,12.68,52.85,0,,552.87,,,0,,,0,,,,
2013-01-29,585.63,590.0,581.59,585.12,2225565,557.31,582.96,550.04,609.59,609.59,12.37,52.28,0,,552.5,,,0,,,0,,,,
2013-01-30,585.26,589.3,572.09,573.8,2282654,557.89,581.82,550.04,609.59,609.59,12.72,45.44,0,,544.97,,,0,,,0,,,,
2013-01-31,571.08,573.08,564.6,565.76,2437740,558.34,580.7,550.04,600.27,609.59,12.47,41.31,0,,539.95,,,0,,,0,,,,
2013-02-01,567.98,570.75,560.7,562.64,2228364,558.8,579.67,550.04,599.21,600.27,12.29,39.8,0,,538.05,,,0,,,0,,,,
2013-02-04,562.64,568.68,560.31,563.23,2350743,559.28,579.0,550.04,593.19,599.21,12.01,40.25,0,,538.62,,,0,,,0,,,,
2013-02-05,561.87,565.08,558.18,562.97,2281601,559.77,578.37,550.04,593.19,593.19,11.65,40.11,0,,538.7,,,0,,,0,,,,
2013-02-06,566.86,566.86,552.06,555.17,2099310,560.21,577.04,550.04,593.19,593.19,11.87,36.04,0,,533.52,,,0,,,0,,,,
2013-02-07,550.77,554.42,545.29,549.08,2380275,560.62,575.61,545.29,593.19,593.19,11.73,33.2,0,,528.1,,,0,,,0,,,,
2013-02-08,546.73,560.27,546.73,554.48,2011970,560.94,574.28,545.29,593.19,593.19,11.86,37.87,0,,531.5,,,0,,,0,,,,
2013-02-11,555.5,555.93,545.27,546.68,1560595,561.2,572.84,545.27,593.19,593.19,11.77,34.16,0,,526.52,,,0,,,0,,,,
2013-02-12,545.27,551.5,542.17,548.57,1741970,561.46,571.26,542.17,593.19,593.19,11.6,35.8,0,,526.82,,,0,,,0,,,,
2013-02-13,547.29,554.07,542.33,543.82,1381088,561.66,569.21,542.17,593.19,593.19,11.61,33.53,0,,523.75,,,0,,,0,,,,
2013-02-14,543.93,546.37,525.91,528.79,3035481,561.73,566.81,525.91,593.19,593.19,12.24,27.59,0,,508.21,,,0,,,0,,,,
2013-02-15,527.07,533.76,523.82,529.86,2598363,561.86,564.56,523.82,593.19,593.19,12.08,28.56,0,,508.31,,,0,,,0,,,,
2013-02-18,528.79,540.64,528.75,539.01,2023089,562.1,563.1,523.82,593.19,593.19,12.06,36.41,0,,514.23,,,0,,,0,,,,
2013-02-19,539.03,541.87,531.38,536.79,1894702,562.25,561.83,523.82,593.19,593.19,11.95,35.4,0,,512.87,,,0,,,0,,,,
2013-02-20,539.4,541.23,533.64,534.7,1772408,562.34,560.7,523.82,593.19,593.19,11.64,34.42,0,,511.73,,,0,,,0,,,,
2013-02-21,530.59,531.69,521.47,523.2,3276740,562.42,559.22,521.47,593.19,593.19,11.75,29.59,0,,503.45,,,0,,,0,,,,
2013-02-22,523.36,529.12,519.58,526.66,2206822,562.54,558.04,519.58,592.4,593.19,11.6,32.65,0,,505.16,,,0,,,0,,,,
2013-02-25,527.05,529.43,513.05,514.39,2709407,562.62,556.17,513.05,590.0,592.4,11.94,28.01,0,,494.84,,,0,,,0,,,,
2013-02-26,512.98,512.98,499.05,501.12,3774753,562.63,553.79,499.05,589.3,590.0,12.18,24.02,0,,481.45,,,0,,,0,,,,
2013-02-27,506.37,521.56,504.17,517.25,4357989,562.69,552.15,499.05,573.08,589.3,12.77,35.95,0,,491.46,,,0,,,0,,,,
2013-02-28,525.09,531.05,495.82,501.9,8570641,562.63,550.19,495.82,570.75,573.08,14.37,30.97,0,,479.42,,,0,,,0,,,,
2013-03-01,503.44,517.34,502.01,513.88,4172217,562.7,548.52,495.82,568.68,570.75,14.45,38.17,0,,487.09,,,0,,,0,,,,
2013-03-04,510.04,510.5,499.03,500.78,2519865,562.7,546.04,495.82,566.86,568.68,14.48,33.99,0,,478.62,,,0,,,0,,,,
2013-03-05,505.51,513.27,498.32,512.1,3606358,562.84,544.11,495.82,566.86,566.86,14.51,40.09,0,,485.9,,,0,,,0,,,,
2013-03-06,515.55,528.74,515.55,525.56,3393414,563.1,542.54,495.82,560.27,566.86,14.66,46.43,0,,494.48,,,0,,,0,,,,
2013-03-07,525.97,538.96,525.32,537.12,3992447,563.49,541.06,495.82,560.27,560.27,14.59,51.2,0,,501.99,,,0,,,0,,,,
2013-03-08,538.66,553.69,535.85,549.51,5020121,563.97,539.66,495.82,555.93,560.27,14.82,55.76,0,,509.82,,,0,,,0,,,,
2013-03-11,535.73,557.1,534.35,554.15,8683071,564.36,538.6,495.82,557.1,555.93,15.39,57.36,0,,512.44,,,0,,,0,,,,
2013-03-12,554.28,558.29,545.71,550.66,6524122,564.72,537.45,495.82,558.29,557.1,15.19,55.72,0,,510.32,,,0,,,0,,,,
2013-03-13,546.73,554.81,544.5,548.73,3694032,565.03,536.62,495.82,558.29,558.29,14.84,54.79,0,,509.31,,,0,,,0,,,,
2013-03-14,546.46,562.07,542.4,558.49,5284833,565.39,536.38,495.82,562.07,558.29,15.19,58.56,0,,515.38,,,0,,,0,,,,
2013-03-15,560.57,562.26,550.0,553.39,4192744,565.74,536.07,495.82,562.26,562.07,14.98,55.94,0,,512.23,,,0,,,0,,,,
2013-03-18,546.37,558.33,542.31,554.2,3248280,566.03,535.77,495.82,562.26,562.26,15.05,56.27,0,,512.7,,,0,,,0,,,,
2013-03-19,554.92,556.83,536.46,539.63,5333843,566.2,534.99,495.82,562.26,562.26,15.43,49.04,0,,503.05,,,0,,,0,,,,
2013-03-20,538.66,542.81,517.75,526.96,4226015,566.32,534.05,495.82,562.26,562.26,16.12,43.78,0,,494.42,,,0,,,0,,,,
2013-03-21,529.23,533.89,508.94,511.66,3304093,566.3,532.8,498.32,562.26,562.26,16.75,38.41,0,,484.96,,,0,,,0,,,,
2013-03-22,511.88,518.66,508.24,513.4,2869931,566.28,531.43,498.32,562.26,562.26,16.3,39.32,0,,486.38,,,0,,,0,,,,
2013-03-25,521.03,521.36,499.47,501.4,2853411,566.14,529.92,498.32,562.26,562.26,16.7,35.43,0,,478.38,,,0,,,0,,,,
2013-03-26,498.96,504.13,489.31,490.76,2805108,565.85,528.0,489.31,562.26,562.26,16.56,32.37,0,,468.6,,,0,,,0,,,,
2013-03-28,491.46,503.14,491.46,501.31,3910230,565.58,526.58,489.31,562.26,562.26,16.26,38.08,0,,475.61,,,0,,,0,,,,
2013-04-01,504.54,515.51,502.7,513.22,2719021,565.45,526.06,489.31,562.26,562.26,16.12,43.84,0,,483.39,,,0,,,0,,,,
2013-04-02,513.21,525.45,511.88,523.03,2553102,565.35,525.83,489.31,562.26,562.26,15.93,48.13,0,,489.83,,,0,,,0,,,,
2013-04-03,519.21,523.78,501.47,506.22,4509895,565.16,524.74,489.31,562.26,562.26,16.39,42.19,0,,478.69,,,0,,,0,,,,
2013-04-04,505.45,508.61,496.52,499.71,3572840,564.98,523.5,489.31,562.26,562.26,16.08,40.12,0,,474.69,,,0,,,0,,,,
2013-04-05,499.4,503.42,492.24,495.29,3272782,564.81,522.19,489.31,562.26,562.26,15.73,38.74,0,,472.08,,,0,,,0,,,,
2013-04-08,494.63,494.63,484.36,486.43,2725339,564.64,520.96,484.36,562.26,562.26,15.39,36.05,0,,464.94,,,0,,,0,,,,
2013-04-09,489.86,500.67,481.79,484.47,3731121,564.54,519.56,481.79,562.26,562.26,15.64,35.46,0,,462.65,,,0,,,0,,,,
2013-04-10,488.14,499.03,484.72,496.79,4089033,564.55,518.97,481.79,562.26,562.26,15.56,41.86,0,,470.65,,,0,,,0,,,,
2013-04-11,502.7,508.94,496.41,506.22,3671361,564.61,519.14,481.79,562.26,562.26,15.35,46.26,0,,476.88,,,0,,,0,,,,
2013-04-12,501.23,507.11,496.54,498.94,1853176,564.65,518.53,481.79,562.26,562.26,15.0,43.52,0,,472.41,,,0,,,0,,,,
2013-04-15,496.3,510.3,492.5,507.11,2290329,564.72,518.7,481.79,562.26,562.26,15.2,47.29,0,,477.55,,,0,,,0,,,,
2013-04-16,506.33,524.72,504.83,523.62,2749925,564.87,519.03,481.79,558.33,562.26,15.54,53.97,0,,487.97,,,0,,,0,,,,
2013-04-17,524.72,531.18,516.65,522.57,2613642,565.12,519.76,481.79,556.83,558.33,15.47,53.5,0,,487.34,,,0,,,0,,,,
2013-04-18,522.88,544.84,521.21,541.4,3434278,565.51,520.73,481.79,544.84,556.83,16.05,60.13,0,,499.1,,,0,,,0,,,,
2013-04-22,543.07,564.71,542.39,562.82,3710067,565.91,521.97,481.79,564.71,544.84,16.57,66.06,0,,512.57,,,0,,,0,,,,
2013-04-23,562.26,562.55,546.39,552.13,3519969,566.22,522.47,481.79,564.71,564.71,16.56,61.17,0,,505.68,,,0,,,0,,,,
2013-04-25,554.44,560.68,550.77,557.47,3983744,566.59,522.74,481.79,564.71,564.71,16.08,62.66,0,,509.44,,,0,,,0,,,,
2013-04-26,556.28,567.19,552.31,565.39,2805925,566.91,523.11,481.79,567.19,564.71,16.0,64.81,0,,514.61,,,0,,,0,,,,
2013-04-29,564.42,567.65,558.15,561.34,1658495,567.18,523.47,481.79,567.65,567.19,15.53,62.81,0,,512.31,,,0,,,0,,,,
2013-04-30,563.25,565.08,543.45,554.88,2767410,567.24,523.67,481.79,567.65,567.65,15.97,59.66,0,,507.85,,,0,,,0,,,,
2013-05-02,552.28,572.79,550.77,569.5,4134078,567.23,524.04,481.79,572.79,567.65,16.4,64.06,1,569.5,516.99,516.99,516.99,1,22,2013-05-02,0,,,,
2013-05-03,567.82,581.23,562.04,576.24,3290397,567.27,524.8,484.72,581.23,572.79,16.6,65.9,0,,522.18,,516.99,1,22,2013-05-02,1,567.27,SMA150_BREAK,2,-0.39
2013-05-06,573.52,577.83,568.05,572.26,1968574,567.36,525.41,492.5,581.23,581.23,16.11,63.82,0,,522.53,,,0,,,0,,,,
2013-05-07,574.25,581.59,572.42,579.04,2863822,567.35,526.72,492.5,581.59,581.23,15.63,65.8,0,,527.23,,,0,,,0,,,,
2013-05-08,579.8,581.21,566.09,573.34,2067439,567.31,528.27,492.5,581.59,581.59,15.59,62.69,0,,523.58,,,0,,,0,,,,
2013-05-09,571.69,577.92,565.08,573.39,1721486,567.28,530.32,504.83,581.59,581.59,15.4,62.71,0,,527.85,,,0,,,0,,,,
2013-05-10,570.09,577.92,568.84,573.17,2204757,567.28,532.32,516.65,581.59,581.59,14.94,62.58,0,,531.95,,,0,,,0,,,,
2013-05-13,570.68,573.52,554.86,556.79,2508972,567.08,534.16,521.21,581.59,581.59,15.21,53.52,0,,522.73,,,0,,,0,,,,
2013-05-14,557.74,561.17,551.08,558.24,2167638,566.9,536.41,542.39,581.59,581.59,14.84,54.15,0,,530.97,,,0,,,0,,,,
2013-05-15,561.41,581.21,559.94,579.96,3513449,566.83,539.03,543.45,581.59,581.59,15.42,62.41,0,,544.94,,,0,,,0,,,,
2013-05-16,578.33,588.9,575.34,584.44,4613838,566.79,541.41,543.45,588.9,581.59,15.29,63.85,1,584.44,547.92,547.92,547.92,1,23,2013-05-16,0,,,,
2013-05-17,586.73,598.38,580.0,595.68,3439973,566.77,543.83,543.45,598.38,588.9,15.51,67.25,0,,555.02,,555.02,1,23,2013-05-16,0,,,,
2013-05-20,595.68,602.73,591.68,595.34,3103076,566.7,546.8,543.45,602.73,598.38,15.19,67.05,0,,555.02,,555.02,1,23,2013-05-16,0,,,,
2013-05-21,592.0,596.64,583.72,589.13,2417676,566.72,549.78,543.45,602.73,602.73,15.03,63.25,0,,551.12,,555.02,1,23,2013-05-16,0,,,,
2013-05-22,592.14,606.18,550.44,555.5,15881609,566.43,551.79,550.44,606.18,602.73,17.94,47.53,0,,529.82,,555.02,1,23,2013-05-16,1,566.43,TRAILING_STOP|SMA150_BREAK,5,-3.08
2013-05-23,550.4,551.34,515.55,520.39,9395635,565.95,552.92,515.55,606.18,606.18,19.51,37.15,0,,494.49,,,0,,,0,,,,
2013-05-24,529.8,538.61,521.42,534.55,6528521,565.47,554.59,515.55,606.18,606.18,19.42,42.59,0,,503.69,,,0,,,0,,,,
2013-05-27,536.46,540.85,529.12,538.5,2487939,565.02,555.98,515.55,606.18,606.18,18.87,44.05,0,,506.6,,,0,,,0,,,,
2013-05-28,539.76,542.4,529.69,533.84,3034244,564.58,556.9,515.55,606.18,606.18,18.43,42.67,0,,503.89,,,0,,,0,,,,
2013-05-29,532.19,533.51,526.55,530.66,2239776,564.19,557.96,515.55,606.18,606.18,17.63,41.72,0,,502.37,,,0,,,0,,,,
2013-05-30,529.2,533.41,520.32,523.78,3493487,563.7,558.51,515.55,606.18,606.18,17.31,39.64,0,,498.15,,,0,,,0,,,,
2013-05-31,519.95,522.09,512.98,513.99,3592066,563.09,558.19,512.98,606.18,606.18,16.84,36.84,0,,491.29,,,0,,,0,,,,
2013-06-03,511.14,514.94,504.63,509.05,2594994,562.48,557.74,504.63,606.18,606.18,16.38,35.48,0,,485.63,,,0,,,0,,,,
2013-06-04,509.47,525.45,509.47,517.2,4358504,561.84,556.93,504.63,606.18,606.18,16.38,39.46,0,,490.88,,,0,,,0,,,,
2013-06-05,515.54,523.18,512.24,520.96,3244873,561.16,555.54,504.63,606.18,606.18,15.99,41.26,0,,493.57,,,0,,,0,,,,
2013-06-06,518.11,530.2,516.5,525.29,3316495,560.47,554.64,504.63,606.18,606.18,15.83,43.35,0,,496.47,,,0,,,0,,,,
2013-06-07,522.33,528.31,516.32,518.22,3320874,559.8,553.34,504.63,606.18,606.18,15.55,40.8,0,,492.09,,,0,,,0,,,,
2013-06-10,521.05,525.27,513.71,515.34,2648724,559.22,551.67,504.63,606.18,606.18,15.27,39.77,0,,490.43,,,0,,,0,,,,
2013-06-11,513.23,521.05,509.67,514.83,3793911,558.67,550.12,504.63,606.18,606.18,14.99,39.58,0,,490.28,,,0,,,0,,,,
2013-06-12,513.71,517.32,508.21,512.46,3626205,558.1,548.7,504.63,606.18,606.18,14.57,38.65,0,,489.03,,,0,,,0,,,,
2013-06-13,507.47,515.91,507.47,511.42,2492048,557.41,546.77,504.63,606.18,606.18,14.13,38.23,0,,488.65,,,0,,,0,,,,
2013-06-14,516.48,530.22,516.13,528.66,2805099,556.84,545.18,504.63,606.18,606.18,14.47,48.31,0,,499.55,,,0,,,0,,,,
2013-06-17,528.39,535.63,523.62,533.97,2701732,556.32,543.9,504.63,606.18,606.18,14.29,50.96,0,,503.09,,,0,,,0,,,,
2013-06-18,533.53,537.19,525.09,527.6,2511767,555.75,542.19,504.63,606.18,606.18,14.13,47.79,0,,499.09,,,0,,,0,,,,
2013-06-19,526.55,528.39,521.89,527.58,2169288,555.27,540.66,504.63,551.34,606.18,13.59,47.78,0,,499.44,,,0,,,0,,,,
2013-06-20,520.24,520.24,508.57,512.17,3549224,554.72,538.62,504.63,542.4,551.34,13.98,40.68,0,,489.24,,,0,,,0,,,,
2013-06-21,510.41,518.44,506.37,511.07,3393816,554.2,536.55,504.63,542.4,542.4,13.84,40.23,0,,488.62,,,0,,,0,,,,
2013-06-24,508.94,511.49,493.53,497.05,3094233,553.59,534.56,493.53,542.4,542.4,14.13,34.83,0,,475.68,,,0,,,0,,,,
2013-06-25,498.96,508.81,491.9,501.71,3526535,553.07,532.68,491.9,537.19,542.4,14.33,37.82,0,,478.01,,,0,,,0,,,,
2013-06-26,504.34,511.73,490.96,496.3,3969684,552.57,529.89,490.96,537.19,537.19,14.79,35.77,0,,473.91,,,0,,,0,,,,
2013-06-27,502.7,503.51,489.86,495.51,6115081,552.08,526.92,489.86,537.19,537.19,14.71,35.46,0,,473.08,,,0,,,0,,,,
2013-06-28,503.07,517.38,503.07,516.61,3598170,551.69,524.29,489.86,537.19,537.19,15.22,48.08,0,,486.35,,,0,,,0,,,,
2013-07-01,516.28,534.63,516.28,532.66,3219549,551.35,522.2,489.86,537.19,537.19,15.45,55.25,0,,496.56,,,0,,,0,,,,
2013-07-02,531.95,531.95,521.05,524.53,2048301,550.97,520.05,489.86,537.19,537.19,15.17,51.38,0,,491.49,,,0,,,0,,,,
2013-07-03,520.24,520.24,509.31,511.01,2235555,550.43,518.56,489.86,537.19,537.19,15.17,45.65,0,,482.77,,,0,,,0,,,,
2013-07-04,518.85,525.09,510.55,514.5,2970258,549.89,518.37,489.86,537.19,537.19,15.13,47.29,0,,485.05,,,0,,,0,,,,
2013-07-05,522.7,524.72,515.03,516.94,1762148,549.27,517.78,489.86,537.19,537.19,14.78,48.45,0,,486.86,,,0,,,0,,,,
2013-07-08,515.32,518.41,508.94,514.83,2306263,548.62,516.99,489.86,537.19,537.19,14.4,47.47,0,,485.75,,,0,,,0,,,,
2013-07-09,520.68,525.71,517.29,524.09,2004518,548.04,516.67,489.86,537.19,537.19,14.15,52.05,0,,491.89,,,0,,,0,,,,
2013-07-10,526.19,528.28,516.0,518.74,2369364,547.44,516.27,489.86,537.19,537.19,14.01,49.37,0,,488.53,,,0,,,0,,,,
2013-07-11,533.78,539.4,527.01,531.06,2623677,546.9,516.51,489.86,539.4,537.19,14.49,55.1,0,,496.16,,,0,,,0,,,,
2013-07-12,536.64,549.85,528.66,547.93,3020893,546.46,517.64,489.86,549.85,539.4,14.97,61.52,1,547.93,506.72,506.72,506.72,1,24,2013-07-12,0,,,,
2013-07-15,547.65,556.4,546.0,553.93,2322480,546.05,519.14,489.86,556.4,549.85,14.64,63.51,0,,510.81,,506.72,1,24,2013-07-12,1,546.05,SMA150_BREAK,2,-0.34
2013-07-16,542.86,542.86,527.86,534.58,2565174,545.54,519.72,489.86,556.4,556.4,15.46,53.81,0,,497.79,,,0,,,0,,,,
2013-07-17,542.15,543.14,528.39,532.9,3068145,545.02,520.12,489.86,556.4,556.4,15.41,53.06,0,,496.74,,,0,,,0,,,,
2013-07-18,533.92,544.21,532.93,542.31,2181913,544.6,520.68,503.07,556.4,556.4,15.11,56.73,0,,507.4,,,0,,,0,,,,
2013-07-19,542.31,544.65,531.55,536.09,1872306,544.2,521.28,508.94,556.4,556.4,14.97,53.74,0,,505.44,,,0,,,0,,,,
2013-07-22,538.24,543.69,495.12,496.19,12102994,543.49,520.64,495.12,556.4,556.4,17.37,39.38,0,,473.5,,,0,,,0,,,,
2013-07-23,497.04,507.89,488.65,495.97,9307068,542.8,520.01,488.65,556.4,556.4,17.5,39.32,0,,471.11,,,0,,,0,,,,
2013-07-24,495.36,495.91,472.99,477.39,8819574,541.93,518.84,472.99,556.4,556.4,17.9,34.37,0,,453.65,,,0,,,0,,,,
2013-07-25,473.49,478.49,467.9,470.24,5297964,541.07,517.47,467.9,556.4,556.4,17.37,32.66,0,,447.69,,,0,,,0,,,,
2013-07-26,473.35,480.78,464.05,465.5,3707046,540.22,515.37,464.05,556.4,556.4,17.33,31.54,0,,443.38,,,0,,,0,,,,
2013-07-29,465.64,474.01,460.14,462.97,3961692,539.41,513.0,460.14,556.4,556.4,17.08,30.94,0,,440.61,,,0,,,0,,,,
2013-07-30,467.82,474.97,465.23,467.79,5122897,538.66,511.01,460.14,556.4,556.4,16.72,33.56,0,,443.96,,,0,,,0,,,,
2013-07-31,468.39,470.32,459.59,466.27,3893292,537.79,508.96,459.59,556.4,556.4,16.29,33.14,0,,443.08,,,0,,,0,,,,
2013-08-01,465.64,476.04,455.73,465.09,3165391,536.95,507.39,455.73,556.4,556.4,16.58,32.79,0,,440.84,,,0,,,0,,,,
2013-08-02,465.23,468.92,454.99,456.92,2316699,536.03,505.59,454.99,556.4,556.4,16.39,30.39,0,,435.45,,,0,,,0,,,,
2013-08-05,457.94,461.07,445.88,447.89,3464776,535.09,503.95,445.88,556.4,556.4,16.3,27.97,0,,426.65,,,0,,,0,,,,
2013-08-06,445.66,445.66,430.8,437.71,4088920,534.03,501.82,430.8,556.4,556.4,16.36,25.49,0,,415.02,,,0,,,0,,,,
2013-08-07,433.17,436.97,424.53,428.76,5682076,532.85,499.56,424.53,556.4,556.4,16.13,23.52,0,,407.31,,,0,,,0,,,,
2013-08-08,430.42,433.72,427.91,429.32,3485574,531.71,497.36,424.53,556.4,556.4,15.39,23.92,0,,408.16,,,0,,,0,,,,
2013-08-12,434.79,443.85,430.42,439.11,4671435,530.66,494.77,424.53,556.4,556.4,15.33,30.68,0,,414.51,,,0,,,0,,,,
2013-08-13,441.64,453.72,436.05,449.33,5736387,529.77,492.0,424.53,544.65,556.4,15.5,36.97,0,,420.99,,,0,,,0,,,,
2013-08-14,450.59,452.77,441.87,446.93,2667424,528.91,489.41,424.53,544.65,544.65,15.17,36.14,0,,419.67,,,0,,,0,,,,
2013-08-16,441.95,444.44,422.11,423.45,5721759,527.95,486.49,422.11,544.65,544.65,15.86,29.23,0,,403.26,,,0,,,0,,,,
2013-08-19,424.31,424.31,396.0,412.35,4197307,526.91,483.09,396.0,544.65,544.65,16.75,26.64,0,,386.8,,,0,,,0,,,,
2013-08-20,406.98,416.49,400.28,409.5,5477955,525.89,479.5,396.0,543.69,544.65,16.71,26.0,0,,384.99,,,0,,,0,,,,
2013-08-21,415.93,430.99,394.13,396.59,5652478,524.74,475.56,394.13,507.89,543.69,18.15,23.28,0,,375.08,,,0,,,0,,,,
2013-08-22,394.13,408.63,390.13,404.97,6076081,523.62,471.59,390.13,495.91,507.89,18.18,28.51,0,,379.13,,,0,,,0,,,,
2013-08-23,406.73,415.34,403.15,413.13,5540469,522.6,468.07,390.13,480.78,495.91,17.75,33.27,0,,384.68,,,0,,,0,,,,
2013-08-26,416.04,424.54,410.9,417.24,3226623,521.64,464.28,390.13,480.78,480.78,17.45,35.6,0,,387.53,,,0,,,0,,,,
2013-08-27,412.8,413.69,389.93,394.49,6005872,520.51,459.16,389.93,476.04,480.78,18.16,29.47,0,,372.32,,,0,,,0,,,,
2013-08-28,390.16,399.72,378.56,394.15,6160429,519.3,453.84,378.56,476.04,476.04,18.37,29.39,0,,368.16,,,0,,,0,,,,
2013-08-29,400.39,409.95,399.6,404.41,7195912,518.2,449.5,378.56,476.04,476.04,18.19,35.21,0,,374.91,,,0,,,0,,,,
2013-08-30,404.13,409.78,397.62,405.06,4706265,517.08,445.24,378.56,476.04,476.04,17.76,35.57,0,,375.61,,,0,,,0,,,,
2013-09-02,405.31,410.34,404.75,406.79,3400771,515.92,440.72,378.56,468.92,476.04,16.89,36.59,0,,377.31,,,0,,,0,,,,
2013-09-03,409.92,411.99,386.33,388.2,3911592,514.56,435.79,378.56,461.07,468.92,17.52,30.94,0,,364.9,,,0,,,0,,,,
2013-09-04,390.21,398.74,384.29,390.77,5312422,513.26,432.28,378.56,453.72,461.07,17.3,32.49,0,,366.7,,,0,,,0,,,,
2013-09-05,402.68,408.1,400.83,406.87,4638228,512.07,429.31,378.56,453.72,453.72,17.3,41.38,0,,377.09,,,0,,,0,,,,
2013-09-06,409.97,425.66,407.54,421.58,5137642,511.06,427.45,378.56,453.72,453.72,17.41,48.1,0,,386.5,,,0,,,0,,,,
2013-09-10,430.46,453.19,430.46,451.26,7192485,510.29,426.81,378.56,453.72,453.72,18.42,58.45,0,,404.97,,,0,,,0,,,,
2013-09-11,451.71,465.24,444.44,457.52,4813329,509.59,426.55,378.56,465.24,453.72,18.59,60.25,0,,408.89,,,0,,,0,,,,
2013-09-12,461.21,463.84,451.51,455.59,3541308,508.88,426.3,378.56,465.24,465.24,18.14,59.4,0,,407.95,,,0,,,0,,,,
2013-09-13,454.47,469.04,453.38,467.58,3311869,508.24,426.29,378.56,469.04,465.24,17.97,62.92,0,,415.8,,,0,,,0,,,,
2013-09-16,474.07,482.32,461.21,463.11,3746242,507.63,426.19,378.56,482.32,469.04,18.19,60.8,0,,412.77,,,0,,,0,,,,
2013-09-17,462.89,466.19,455.68,459.11,1891096,507.03,425.99,378.56,482.32,482.32,17.64,58.89,0,,410.55,,,0,,,0,,,,
2013-09-18,460.21,472.39,457.97,467.89,1848907,506.45,426.36,378.56,482.32,482.32,17.41,61.73,0,,416.37,,,0,,,0,,,,
2013-09-19,481.9,502.39,479.02,496.65,5395239,506.12,427.98,384.29,502.39,482.32,18.63,69.23,0,,436.01,,,0,,,0,,,,
2013-09-20,495.98,495.98,465.57,473.17,4464213,505.61,429.16,384.29,502.39,502.39,19.52,59.06,0,,420.28,,,0,,,0,,,,
2013-09-23,465.12,475.19,451.15,453.94,2826306,505.01,430.0,384.29,502.39,502.39,19.84,52.28,0,,407.66,,,0,,,0,,,,
2013-09-24,451.51,465.57,449.47,462.22,3117540,504.57,431.1,384.29,502.39,502.39,19.58,54.69,0,,413.18,,,0,,,0,,,,
2013-09-25,462.55,470.04,456.74,464.76,2794282,504.14,431.95,384.29,502.39,502.39,19.13,55.44,0,,415.11,,,0,,,0,,,,
2013-09-26,462.8,471.83,461.49,463.5,3691578,503.63,432.43,400.83,502.39,502.39,18.5,54.95,0,,420.23,,,0,,,0,,,,
2013-09-27,468.48,471.61,454.67,456.1,1913719,503.09,432.73,407.54,502.39,502.39,18.39,52.09,0,,417.77,,,0,,,0,,,,
2013-09-30,452.94,454.45,438.01,440.95,3285600,502.47,433.32,430.46,502.39,502.39,18.37,46.72,0,,415.65,,,0,,,0,,,,
2013-10-01,441.81,449.47,434.13,447.24,3170175,501.96,434.48,434.13,502.39,502.39,18.15,49.07,0,,421.08,,,0,,,0,,,,
2013-10-03,452.83,464.79,450.06,463.25,2881162,501.54,436.27,434.13,502.39,502.39,18.11,54.56,0,,431.43,,,0,,,0,,,,
2013-10-04,461.21,466.8,456.24,458.36,1934352,501.17,438.33,434.13,502.39,502.39,17.57,52.69,0,,428.64,,,0,,,0,,,,
2013-10-07,459.98,459.98,447.85,452.35,2332347,500.84,439.91,434.13,502.39,502.39,17.18,50.4,0,,425.02,,,0,,,0,,,,
2013-10-08,458.42,466.8,455.73,463.11,2997115,500.48,441.57,434.13,502.39,502.39,16.99,54.23,0,,432.09,,,0,,,0,,,,
2013-10-09,457.86,474.63,456.85,472.48,2702965,500.28,443.42,434.13,502.39,502.39,17.04,57.32,0,,438.1,,,0,,,0,,,,
2013-10-10,472.5,477.98,469.71,472.78,2064199,500.01,446.02,434.13,502.39,502.39,16.42,57.42,0,,438.71,,,0,,,0,,,,
2013-10-11,478.54,494.7,475.19,493.61,4685206,499.96,449.34,434.13,502.39,502.39,16.81,63.71,0,,451.88,,,0,,,0,,,,
2013-10-14,492.41,499.87,489.16,490.09,2546866,499.82,452.2,434.13,502.39,502.39,16.37,62.04,0,,449.9,,,0,,,0,,,,
2013-10-15,494.03,497.38,480.5,487.32,2601645,499.56,454.94,434.13,502.39,502.39,16.41,60.69,0,,448.09,,,0,,,0,,,,
2013-10-17,483.01,484.61,465.96,467.86,2502418,499.1,456.97,434.13,502.39,502.39,16.76,52.13,0,,435.3,,,0,,,0,,,,
2013-10-18,467.98,491.85,462.75,487.51,7851892,498.69,460.28,434.13,502.39,502.39,17.64,58.5,0,,447.39,,,0,,,0,,,,
2013-10-21,494.75,519.63,494.75,517.42,10203471,498.44,464.51,434.13,519.63,502.39,18.68,65.93,1,517.42,465.99,465.99,465.99,1,25,2013-10-21,0,,,,
2013-10-22,517.12,524.94,512.17,522.93,3992478,498.26,468.37,434.13,524.94,519.63,18.26,67.1,0,,469.83,,469.83,1,25,2013-10-21,0,,,,
2013-10-23,523.27,532.18,517.26,530.73,3742662,498.14,472.01,434.13,532.18,524.94,18.02,68.73,0,,475.02,,475.02,1,25,2013-10-21,0,,,,
2013-10-24,528.72,544.23,527.32,539.84,5472924,498.01,474.97,447.85,544.23,532.18,17.94,70.57,0,,485.52,,485.52,1,25,2013-10-21,0,,,,
2013-10-25,535.01,536.54,523.1,529.69,3323959,497.85,477.37,447.85,544.23,544.23,17.85,65.92,0,,479.03,,485.52,1,25,2013-10-21,0,,,,
2013-10-28,530.2,545.54,530.14,539.7,3632244,497.76,480.18,447.85,545.54,544.23,17.71,68.15,0,,485.58,,485.58,1,25,2013-10-21,0,,,,
2013-10-29,539.42,547.81,526.06,546.21,4114273,497.8,482.8,455.73,547.81,545.54,18.0,69.55,1,546.21,492.22,492.22,492.22,1,25,2013-10-21,0,,,,
2013-10-30,544.62,547.86,540.04,543.08,2948908,497.91,485.46,456.85,547.86,547.81,17.27,68.0,0,,491.06,,492.22,1,25,2013-10-21,0,,,,
2013-10-31,539.37,550.63,538.92,544.34,4199709,498.13,488.3,462.75,550.63,547.86,16.87,68.31,0,,494.1,,494.1,1,25,2013-10-21,0,,,,
2013-11-01,543.95,551.22,542.27,549.09,3469186,498.36,491.01,462.75,551.22,550.63,16.31,69.49,0,,497.54,,497.54,1,25,2013-10-21,0,,,,
2013-11-05,541.71,548.25,539.03,540.82,3314157,498.63,492.48,462.75,551.22,551.22,15.86,64.95,0,,492.5,,497.54,1,25,2013-10-21,0,,,,
2013-11-06,540.88,547.44,537.55,538.81,1842012,498.95,494.67,462.75,551.22,551.22,15.44,63.86,0,,491.49,,497.54,1,25,2013-10-21,0,,,,
2013-11-07,538.36,550.91,533.94,535.26,2947050,499.17,497.38,462.75,551.22,551.22,15.55,61.88,0,,489.13,,497.54,1,25,2013-10-21,0,,,,
2013-11-08,533.78,547.3,528.35,545.01,3992884,499.39,500.14,462.75,551.22,551.22,15.79,65.08,0,,495.26,,497.54,1,25,2013-10-21,0,,,,
2013-11-11,537.97,543.33,524.33,527.54,3367299,499.42,502.23,494.75,551.22,551.22,16.14,56.01,0,,494.42,,497.54,1,25,2013-10-21,0,,,,
2013-11-12,528.3,536.54,516.19,519.27,2945373,499.5,504.09,512.17,551.22,551.22,16.44,52.3,0,,494.69,,497.54,1,25,2013-10-21,0,,,,
2013-11-13,516.81,521.87,509.9,514.21,4307623,499.6,506.03,509.9,551.22,551.22,16.12,50.11,0,,490.89,,497.54,1,25,2013-10-21,0,,,,
2013-11-14,519.91,537.44,518.65,525.25,2848777,499.8,508.84,509.9,551.22,551.22,16.63,54.58,0,,497.67,,497.67,1,25,2013-10-21,0,,,,
2013-11-18,531.82,548.37,531.82,546.77,3619893,500.2,512.16,509.9,551.22,551.22,17.09,61.77,0,,511.24,,511.24,1,25,2013-10-21,0,,,,
2013-11-19,547.86,557.93,547.3,556.72,3666787,500.68,515.27,509.9,557.93,551.22,16.67,64.56,1,556.72,517.94,517.94,517.94,1,25,2013-10-21,0,,,,
2013-11-20,554.96,555.35,544.17,545.91,2002276,501.01,518.19,509.9,557.93,557.93,16.37,59.48,0,,511.16,,517.94,1,25,2013-10-21,0,,,,
2013-11-21,542.16,546.19,528.86,530.03,3509820,501.17,520.78,509.9,557.93,557.93,16.44,52.89,0,,500.87,,517.94,1,25,2013-10-21,0,,,,
2013-11-22,531.09,542.8,530.23,539.0,2229484,501.44,523.31,509.9,557.93,557.93,16.18,55.86,0,,506.84,,517.94,1,25,2013-10-21,0,,,,
2013-11-25,542.36,561.7,542.36,560.53,4170087,501.79,526.24,509.9,561.7,557.93,16.65,62.05,1,560.53,520.41,520.41,520.41,1,25,2013-10-21,0,,,,
2013-11-26,558.37,568.21,557.37,561.56,4268599,502.05,529.2,509.9,568.21,561.7,16.23,62.33,0,,521.35,,521.35,1,25,2013-10-21,0,,,,
2013-11-27,561.28,564.63,552.89,562.71,2749060,502.31,531.51,509.9,568.21,568.21,15.91,62.65,0,,522.31,,522.31,1,25,2013-10-21,0,,,,
2013-11-28,564.63,574.98,564.24,571.85,3786025,502.52,534.23,509.9,574.98,568.21,15.65,65.2,1,571.85,528.38,528.38,528.38,1,25,2013-10-21,0,,,,
2013-11-29,572.1,586.33,568.18,584.73,3379231,502.66,537.48,509.9,586.33,574.98,15.83,68.46,0,,536.57,,536.57,1,25,2013-10-21,0,,,,
2013-12-02,582.52,600.41,581.52,598.21,3499135,502.97,541.82,509.9,600.41,586.33,16.05,71.48,0,,545.11,,545.11,1,25,2013-10-21,0,,,,
2013-12-03,595.38,606.0,588.56,589.6,3915412,503.18,545.23,509.9,606.0,600.41,16.15,67.07,0,,539.49,,545.11,1,25,2013-10-21,0,,,,
2013-12-04,584.82,589.04,577.3,580.99,3999606,503.29,547.35,509.9,606.0,606.0,15.87,62.89,0,,534.12,,545.11,1,25,2013-10-21,0,,,,
2013-12-05,595.52,609.3,595.52,607.37,5140780,503.59,550.16,518.65,609.3,606.0,16.76,69.22,1,607.37,553.46,553.46,553.46,1,25,2013-10-21,0,,,,
2013-12-06,604.66,614.95,604.66,612.94,4490938,503.98,552.9,528.86,614.95,609.3,16.3,70.37,0,,560.77,,560.77,1,25,2013-10-21,0,,,,
2013-12-09,628.37,645.36,628.37,641.17,10248993,504.46,556.28,528.86,645.36,614.95,17.45,75.38,0,,578.21,,578.21,1,25,2013-10-21,0,,,,
2013-12-10,638.99,638.99,611.06,615.17,5716003,504.72,559.13,528.86,645.36,645.36,18.35,64.55,0,,560.84,,578.21,1,25,2013-10-21,0,,,,
2013-12-11,608.8,610.25,601.56,604.1,3671109,504.93,561.28,528.86,645.36,645.36,18.02,60.55,0,,553.92,,578.21,1,25,2013-10-21,0,,,,
2013-12-12,598.18,603.1,592.0,595.41,2607294,505.04,562.92,530.23,645.36,645.36,17.59,57.54,0,,549.05,,578.21,1,25,2013-10-21,0,,,,
2013-12-13,587.02,591.55,583.56,586.97,2455011,505.13,564.38,542.36,645.36,645.36,17.18,54.7,0,,547.93,,578.21,1,25,2013-10-21,0,,,,
2013-12-16,587.83,598.12,585.1,591.66,2871384,505.25,565.96,552.89,645.36,645.36,16.89,56.0,0,,554.66,,578.21,1,25,2013-10-21,0,,,,
2013-12-17,597.67,600.41,591.25,595.1,1781410,505.4,567.49,552.89,645.36,645.36,16.33,56.98,0,,557.25,,578.21,1,25,2013-10-21,0,,,,
2013-12-18,594.57,614.92,594.57,610.87,3677757,505.76,569.82,564.24,645.36,645.36,16.62,61.22,0,,571.01,,578.21,1,25,2013-10-21,0,,,,
2013-12-19,617.18,618.69,590.94,593.12,3006412,505.99,571.63,568.18,645.36,645.36,17.42,54.68,0,,560.35,,578.21,1,25,2013-10-21,0,,,,
2013-12-20,590.52,594.82,583.17,593.2,3290514,506.08,573.57,577.3,645.36,645.36,17.0,54.71,0,,563.71,,578.21,1,25,2013-10-21,0,,,,
2013-12-23,595.69,603.74,594.91,597.62,1976616,506.17,575.32,577.3,645.36,645.36,16.54,56.06,0,,566.87,,578.21,1,25,2013-10-21,0,,,,
2013-12-24,599.46,606.9,598.99,601.53,1472157,506.21,577.79,577.3,645.36,645.36,16.02,57.28,0,,569.74,,578.21,1,25,2013-10-21,0,,,,
2013-12-26,600.97,606.26,595.83,599.69,3320446,506.24,580.47,583.17,645.36,645.36,15.62,56.49,0,,570.77,,578.21,1,25,2013-10-21,0,,,,
2013-12-27,599.24,608.8,598.18,602.62,1130763,506.33,583.41,583.17,645.36,645.36,15.27,57.5,0,,572.9,,578.21,1,25,2013-10-21,0,,,,
2013-12-30,602.37,604.89,591.58,594.82,1315138,506.59,585.73,583.17,645.36,645.36,15.13,53.91,0,,567.96,,578.21,1,25,2013-10-21,0,,,,
2013-12-31,594.82,599.94,594.26,598.32,807739,507.11,587.45,583.17,645.36,645.36,14.45,55.26,0,,570.67,,578.21,1,25,2013-10-21,0,,,,
2014-01-01,601.06,603.71,596.16,597.37,694318,507.53,588.81,583.17,645.36,645.36,13.96,54.79,0,,570.39,,578.21,1,25,2013-10-21,0,,,,
2014-01-02,596.64,603.71,574.87,579.2,2322501,507.8,589.92,574.87,645.36,645.36,15.02,46.64,0,,555.19,,578.21,1,25,2013-10-21,1,578.21,TRAILING_STOP,51,11.75
2014-01-03,570.22,577.46,563.54,565.78,3701602,508.01,591.11,563.54,645.36,645.36,15.07,41.71,0,,542.73,,,0,,,0,,,,
2014-01-06,565.81,573.55,559.07,564.91,2579617,508.24,591.97,559.07,645.36,645.36,15.03,41.41,0,,540.71,,,0,,,0,,,,
2014-01-07,567.43,575.0,563.57,569.95,2833413,508.55,592.28,559.07,638.99,645.36,14.77,43.97,0,,544.13,,,0,,,0,,,,
2014-01-08,571.34,573.52,557.23,558.12,3084265,508.84,592.17,557.23,618.69,638.99,14.88,39.59,0,,535.81,,,0,,,0,,,,
2014-01-09,558.4,561.28,542.27,543.33,4402965,509.07,591.52,542.27,618.69,618.69,15.17,34.91,0,,521.09,,,0,,,0,,,,
2014-01-10,543.81,550.1,531.93,534.47,4818324,509.18,590.28,531.93,618.69,618.69,15.39,32.44,0,,511.79,,,0,,,0,,,,
2014-01-13,533.94,552.28,533.94,548.17,3526029,509.37,589.06,531.93,618.69,618.69,15.6,39.57,0,,520.48,,,0,,,0,,,,
2014-01-14,546.77,557.26,541.15,543.39,2725885,509.49,587.23,531.93,618.69,618.69,15.63,38.06,0,,517.37,,,0,,,0,,,,
2014-01-15,545.24,561.0,545.24,558.54,2702491,509.76,586.2,531.93,618.69,618.69,15.78,45.19,0,,527.05,,,0,,,0,,,,
2014-01-16,562.17,566.28,554.18,561.28,2767075,510.06,585.54,531.93,618.69,618.69,15.51,46.4,0,,528.99,,,0,,,0,,,,
2014-01-17,558.65,565.56,556.61,560.64,2133013,510.37,583.98,531.93,608.8,618.69,15.04,46.14,0,,528.89,,,0,,,0,,,,
2014-01-20,560.16,564.58,553.03,558.46,2311656,510.67,582.17,531.93,608.8,608.8,14.79,45.23,0,,527.65,,,0,,,0,,,,
2014-01-21,562.57,568.86,561.87,565.47,1709856,511.03,579.64,531.93,608.8,608.8,14.48,48.73,0,,532.38,,,0,,,0,,,,
2014-01-22,566.81,568.72,557.12,561.73,3245709,511.25,577.86,531.93,608.8,608.8,14.27,47.01,0,,530.11,,,0,,,0,,,,
2014-01-23,564.69,583.31,564.69,577.46,6787534,511.54,576.97,531.93,608.8,608.8,14.8,54.34,0,,539.91,,,0,,,0,,,,
2014-01-24,575.26,575.51,561.36,562.59,3782706,511.78,575.88,531.93,604.89,608.8,14.89,47.63,0,,530.25,,,0,,,0,,,,
2014-01-27,552.73,554.82,543.98,547.95,3345742,511.91,574.58,531.93,603.71,604.89,15.16,42.12,0,,520.63,,,0,,,0,,,,
2014-01-28,547.3,557.12,544.51,549.82,3471943,512.16,573.18,531.93,603.71,603.71,14.97,43.02,0,,521.96,,,0,,,0,,,,
2014-01-29,554.04,562.4,552.7,555.21,2601379,512.46,571.85,531.93,603.71,603.71,14.8,45.67,0,,525.55,,,0,,,0,,,,
2014-01-30,547.28,552.03,544.73,548.11,2887870,512.8,569.76,531.93,583.31,603.71,14.49,42.85,0,,521.18,,,0,,,0,,,,
2014-01-31,550.85,556.58,545.43,551.16,2014065,513.13,568.36,533.94,583.31,583.31,14.25,44.43,0,,523.97,,,0,,,0,,,,
2014-02-03,548.42,553.29,545.29,547.47,1745134,513.47,566.84,541.15,583.31,583.31,13.81,42.88,0,,524.3,,,0,,,0,,,,
2014-02-04,541.52,552.81,539.53,549.54,1948258,513.83,565.24,539.53,583.31,583.31,13.77,44.06,0,,525.12,,,0,,,0,,,,
2014-02-05,547.86,552.62,545.04,550.88,2288964,514.06,563.55,539.53,583.31,583.31,13.33,44.86,0,,526.28,,,0,,,0,,,,
2014-02-06,551.22,552.89,541.71,545.21,2699857,514.14,561.73,539.53,583.31,583.31,13.17,42.13,0,,522.72,,,0,,,0,,,,
2014-02-07,549.71,552.28,545.74,550.18,2114169,514.31,559.98,539.53,583.31,583.31,12.74,45.27,0,,526.22,,,0,,,0,,,,
2014-02-10,551.36,559.58,547.3,556.75,2414272,514.62,558.72,539.53,583.31,583.31,12.71,49.19,0,,530.48,,,0,,,0,,,,
2014-02-11,557.03,562.96,551.97,555.49,1820484,514.89,557.29,539.53,583.31,583.31,12.58,48.48,0,,529.75,,,0,,,0,,,,
2014-02-12,559.04,569.08,555.66,564.91,2079207,515.21,556.21,539.53,583.31,583.31,12.66,53.89,0,,535.77,,,0,,,0,,,,
2014-02-13,566.31,567.96,550.88,551.75,1827121,515.46,555.29,539.53,583.31,583.31,12.97,46.53,0,,527.07,,,0,,,0,,,,
2014-02-14,554.88,557.93,545.63,554.99,1588461,515.66,554.93,539.53,583.31,583.31,12.92,48.4,0,,529.2,,,0,,,0,,,,
2014-02-17,556.89,561.62,552.62,558.09,1273681,515.93,554.7,539.53,583.31,583.31,12.64,50.19,0,,531.38,,,0,,,0,,,,
2014-02-18,557.95,571.23,553.68,568.77,3418378,516.18,554.66,539.53,583.31,583.31,12.99,55.88,0,,538.04,,,0,,,0,,,,
2014-02-19,568.55,577.91,566.73,576.54,2676043,516.37,555.28,539.53,583.31,583.31,12.86,59.51,0,,543.14,,,0,,,0,,,,
2014-02-20,571.79,580.82,568.24,578.41,2632165,516.53,556.45,539.53,580.82,583.31,12.84,60.35,0,,544.36,,,0,,,0,,,,
2014-02-21,579.73,590.91,579.56,589.88,2793133,516.9,558.29,539.53,590.91,580.82,12.82,65.15,1,589.88,551.77,551.77,551.77,1,26,2014-02-21,0,,,,
2014-02-24,587.89,608.8,587.05,606.37,3940515,517.39,560.23,539.53,608.8,590.91,13.46,70.65,0,,561.98,,561.98,1,26,2014-02-21,0,,,,
2014-02-25,607.43,609.3,599.57,608.18,2892156,517.83,562.39,541.71,609.3,608.8,13.19,71.19,0,,564.05,,564.05,1,26,2014-02-21,0,,,,
2014-02-26,605.84,614.92,604.97,613.08,3813249,518.34,564.21,541.71,614.92,609.3,12.96,72.65,1,613.08,567.37,567.37,567.37,1,26,2014-02-21,0,,,,
2014-02-28,610.03,623.17,610.03,620.34,3390912,519.17,566.18,545.63,623.17,614.92,12.97,74.69,0,,573.35,,573.35,1,26,2014-02-21,0,,,,
2014-03-03,615.26,616.49,607.49,613.58,1801497,519.95,567.95,545.63,623.17,623.17,12.96,69.48,0,,568.99,,573.35,1,26,2014-02-21,0,,,,
2014-03-04,611.04,626.74,609.08,624.28,2621673,520.93,570.14,545.63,626.74,623.17,13.3,72.73,1,624.28,575.67,575.67,575.67,1,26,2014-02-21,0,,,,
2014-03-05,628.25,632.39,622.89,628.0,2453523,521.98,572.22,545.63,632.39,626.74,13.03,73.77,0,,578.25,,578.25,1,26,2014-02-21,0,,,,
2014-03-06,628.51,640.38,625.49,638.71,2598480,523.14,574.79,545.63,640.38,632.39,13.16,76.55,0,,585.07,,585.07,1,26,2014-02-21,0,,,,
2014-03-07,638.99,683.71,638.99,670.1,9813319,524.52,577.88,545.63,683.71,640.38,15.43,82.44,0,,603.8,,603.8,1,26,2014-02-21,0,,,,
2014-03-10,664.84,694.33,664.84,691.48,6267502,526.01,582.17,552.62,694.33,683.71,16.44,85.17,0,,619.25,,619.25,1,26,2014-02-21,0,,,,
2014-03-11,688.66,702.08,681.28,687.65,4450599,527.49,586.83,553.68,702.08,694.33,16.75,82.69,0,,616.93,,619.25,1,26,2014-02-21,0,,,,
2014-03-12,684.83,687.62,674.77,681.06,3076795,528.93,591.21,566.73,702.08,702.08,16.47,78.45,0,,617.21,,619.25,1,26,2014-02-21,0,,,,
2014-03-13,681.47,692.01,681.47,684.94,2942418,530.45,595.53,568.24,702.08,702.08,16.08,79.13,0,,620.48,,620.48,1,26,2014-02-21,0,,,,
2014-03-14,680.64,706.32,671.8,701.57,4093326,532.14,600.65,579.56,706.32,702.08,17.4,81.78,0,,634.1,,634.1,1,26,2014-02-21,0,,,,
2014-03-18,701.04,709.18,689.3,693.52,3189525,533.84,605.39,587.05,709.18,706.32,17.57,76.71,0,,631.29,,634.1,1,26,2014-02-21,0,,,,
2014-03-19,692.88,701.21,687.18,696.57,2946181,535.63,610.36,599.57,709.18,709.18,17.32,77.28,0,,637.6,,637.6,1,26,2014-02-21,0,,,,
2014-03-20,687.62,695.37,679.8,681.5,2957193,537.31,614.76,604.97,709.18,709.18,17.28,68.32,0,,629.7,,637.6,1,26,2014-02-21,0,,,,
2014-03-21,684.35,690.42,676.72,680.13,3006924,538.92,619.07,607.49,709.18,709.18,17.03,67.55,0,,629.83,,637.6,1,26,2014-02-21,0,,,,
2014-03-24,686.79,692.35,680.27,687.82,4826047,540.51,623.82,607.49,709.18,709.18,16.68,69.61,0,,635.02,,637.6,1,26,2014-02-21,0,,,,
2014-03-25,687.62,698.81,683.49,697.94,3608031,542.18,628.75,609.08,709.18,709.18,16.59,72.13,0,,642.14,,642.14,1,26,2014-02-21,0,,,,
2014-03-26,699.92,714.85,699.62,713.23,4239243,544.11,633.96,622.89,714.85,709.18,16.61,75.43,1,713.23,656.59,656.59,656.59,1,26,2014-02-21,0,,,,
2014-03-27,712.75,724.58,709.18,717.59,6435498,546.15,639.37,625.49,724.58,714.85,16.52,76.29,0,,660.33,,660.33,1,26,2014-02-21,0,,,,
2014-03-28,721.17,722.51,704.59,720.13,2952043,548.22,644.54,638.99,724.58,724.58,16.62,76.8,0,,666.4,,666.4,1,26,2014-02-21,0,,,,
2014-03-31,721.17,728.02,707.11,711.05,3946083,550.32,649.85,664.84,728.02,724.58,16.93,70.92,0,,668.96,,668.96,1,26,2014-02-21,0,,,,
2014-04-01,711.72,721.17,701.04,715.05,2856469,552.38,655.19,671.8,728.02,728.02,17.16,71.94,0,,673.7,,673.7,1,26,2014-02-21,0,,,,
2014-04-02,721.17,732.35,712.81,727.01,3237921,554.47,660.82,671.8,732.35,728.02,17.33,74.79,0,,681.3,,681.3,1,26,2014-02-21,0,,,,
2014-04-03,724.02,725.61,701.38,721.22,4524073,556.5,665.9,671.8,732.35,732.35,17.92,71.03,0,,677.17,,681.3,1,26,2014-02-21,0,,,,
2014-04-04,720.55,720.55,708.2,713.96,3040353,558.63,670.48,671.8,732.35,732.35,17.57,66.51,0,,672.72,,681.3,1,26,2014-02-21,0,,,,
2014-04-07,713.51,723.82,708.42,718.01,2376559,560.79,675.13,676.72,732.35,732.35,17.42,67.75,0,,677.08,,681.3,1,26,2014-02-21,0,,,,
2014-04-09,720.61,731.68,714.15,725.67,4062904,562.93,679.66,676.72,732.35,732.35,17.42,69.99,0,,682.01,,682.01,1,26,2014-02-21,0,,,,
2014-04-10,724.66,741.99,723.43,734.72,4725337,565.13,683.94,676.72,741.99,732.35,17.5,72.44,1,734.72,687.8,687.8,687.8,1,26,2014-02-21,0,,,,
2014-04-11,730.2,731.45,721.19,725.92,2806795,567.26,687.86,676.72,741.99,741.99,17.22,66.74,0,,682.31,,687.8,1,26,2014-02-21,0,,,,
2014-04-15,721.53,733.24,713.34,725.56,2215813,569.51,691.61,680.27,741.99,741.99,17.41,66.51,0,,683.13,,687.8,1,26,2014-02-21,0,,,,
2014-04-16,721.92,723.91,702.16,704.34,2713372,571.6,694.41,683.49,741.99,741.99,17.84,54.57,0,,670.24,,687.8,1,26,2014-02-21,0,,,,
2014-04-17,704.7,713.84,694.33,709.4,4721797,573.61,697.6,694.33,741.99,741.99,17.96,56.57,0,,677.03,,687.8,1,26,2014-02-21,0,,,,
2014-04-21,711.1,740.73,711.1,739.36,3254260,575.73,701.44,694.33,741.99,741.99,18.91,66.1,0,,695.72,,695.72,1,26,2014-02-21,0,,,,
2014-04-22,740.73,757.5,736.29,752.78,4476646,577.74,705.6,694.33,757.5,741.99,19.08,69.35,1,752.78,704.27,704.27,704.27,1,26,2014-02-21,0,,,,
2014-04-23,763.1,776.23,755.38,769.44,4769422,579.82,709.96,694.33,776.23,757.5,19.39,72.82,0,,714.81,,714.81,1,26,2014-02-21,0,,,,
2014-04-24,769.44,769.44,769.44,769.44,0,581.91,713.27,694.33,776.23,776.23,18.01,72.82,0,,715.73,,715.73,1,26,2014-02-21,0,,,,
2014-04-25,768.63,770.45,751.91,754.65,4510083,583.83,715.37,694.33,776.23,776.23,18.04,65.21,0,,706.16,,715.73,1,26,2014-02-21,0,,,,
2014-04-28,754.71,762.48,740.73,742.69,4266412,585.69,717.21,694.33,776.23,776.23,18.31,59.76,0,,698.27,,715.73,1,26,2014-02-21,0,,,,
2014-04-29,746.32,750.1,730.98,738.72,3339325,587.56,719.13,694.33,776.23,776.23,18.37,58.03,0,,695.67,,715.73,1,26,2014-02-21,0,,,,
2014-04-30,744.09,746.21,716.39,723.46,3469714,589.26,720.42,694.33,776.23,776.23,19.18,51.81,0,,685.29,,715.73,1,26,2014-02-21,0,,,,
2014-05-02,727.29,732.35,704.42,706.38,2832487,590.66,720.58,694.33,776.23,776.23,19.81,45.89,0,,673.85,,715.73,1,26,2014-02-21,1,715.73,TRAILING_STOP,45,21.33
2014-05-05,706.69,723.96,699.48,717.78,2194435,592.29,721.38,694.33,776.23,776.23,20.14,50.0,0,,680.98,,,0,,,0,,,,
2014-05-06,722.03,729.38,720.55,726.76,1984606,594.11,722.39,694.33,776.23,776.23,19.53,53.03,0,,687.18,,,0,,,0,,,,
2014-05-07,725.47,734.02,720.64,724.3,2302158,595.85,723.82,694.33,776.23,776.23,19.09,52.1,0,,685.89,,,0,,,0,,,,
2014-05-08,728.15,731.12,713.34,726.28,3285168,597.6,725.36,694.33,776.23,776.23,19.0,52.81,0,,687.23,,,0,,,0,,,,
2014-05-09,724.8,754.12,720.16,750.63,4375510,599.51,727.45,694.33,776.23,776.23,20.07,60.62,0,,702.22,,,0,,,0,,,,
2014-05-12,754.71,777.63,753.4,775.53,3919360,601.64,730.04,699.48,777.63,776.23,20.56,66.7,0,,719.67,,,0,,,0,,,,
2014-05-13,782.66,805.58,782.66,787.86,5188618,603.95,732.52,699.48,805.58,777.63,21.24,69.23,1,787.86,727.17,727.17,727.17,1,27,2014-05-13,0,,,,
2014-05-14,791.05,796.64,771.73,779.59,3231376,606.17,734.59,699.48,805.58,805.58,21.5,65.62,0,,721.66,,727.17,1,27,2014-05-13,0,,,,
2014-05-15,779.42,782.66,766.45,770.59,3786319,608.22,736.27,699.48,805.58,805.58,21.12,61.85,0,,716.11,,727.17,1,27,2014-05-13,0,,,,
2014-05-16,810.61,835.77,776.26,798.15,11804331,610.48,739.18,699.48,835.77,805.58,24.27,67.93,0,,731.79,,731.79,1,27,2014-05-13,0,,,,
2014-05-19,805.14,857.52,805.14,852.29,5544801,613.15,743.75,699.48,857.52,835.77,26.78,76.02,1,852.29,765.03,765.03,765.03,1,27,2014-05-13,0,,,,
2014-05-20,857.57,859.75,837.06,843.79,3532723,615.69,747.64,699.48,859.75,857.52,26.49,72.91,0,,759.75,,765.03,1,27,2014-05-13,0,,,,
2014-05-21,844.77,845.53,821.93,825.18,3201142,618.04,751.11,699.48,859.75,859.75,26.28,66.5,0,,747.88,,765.03,1,27,2014-05-13,0,,,,
2014-05-22,832.98,842.42,824.59,827.75,3015093,620.41,754.9,699.48,859.75,859.75,25.68,66.93,0,,749.94,,765.03,1,27,2014-05-13,0,,,,
2014-05-23,829.62,850.53,829.51,846.39,2387221,622.76,759.18,699.48,859.75,859.75,25.47,69.96,0,,762.1,,765.03,1,27,2014-05-13,0,,,,
2014-05-26,859.81,909.76,840.41,865.54,7535436,625.26,763.84,713.34,909.76,859.75,28.6,72.72,1,865.54,776.98,776.98,776.98,1,27,2014-05-13,0,,,,
2014-05-27,866.52,881.98,851.12,875.49,3261094,627.85,768.53,713.34,909.76,909.76,28.77,74.06,0,,783.29,,783.29,1,27,2014-05-13,0,,,,
2014-05-28,877.84,896.26,877.22,881.67,3189786,630.61,773.73,713.34,909.76,909.76,28.19,74.88,0,,787.66,,787.66,1,27,2014-05-13,0,,,,
2014-05-29,882.0,888.85,856.46,866.32,3391968,633.13,778.42,720.16,909.76,909.76,28.49,69.03,0,,779.83,,787.66,1,27,2014-05-13,0,,,,
2014-05-30,871.27,885.53,860.54,864.0,2490952,635.44,783.74,753.4,909.76,909.76,28.24,68.16,0,,789.58,,789.58,1,27,2014-05-13,0,,,,
2014-06-02,902.8,925.22,896.71,920.19,6711372,638.09,790.77,766.45,925.22,909.76,30.6,76.02,1,920.19,828.61,828.61,828.61,1,27,2014-05-13,0,,,,
2014-06-03,922.98,936.12,918.48,924.3,4200799,640.72,796.93,766.45,936.12,925.22,29.67,76.48,0,,831.87,,831.87,1,27,2014-05-13,0,,,,
2014-06-04,929.13,939.17,920.19,936.2,2499418,643.36,803.05,766.45,939.17,936.12,28.91,77.8,1,936.2,840.06,840.06,840.06,1,27,2014-05-13,0,,,,
2014-06-05,939.05,947.02,929.89,940.23,3696321,646.1,808.74,776.26,947.02,939.17,28.07,78.24,0,,846.49,,846.49,1,27,2014-05-13,0,,,,
2014-06-06,947.58,950.37,935.36,945.37,3277179,648.8,814.6,805.14,950.37,947.02,27.14,78.83,0,,860.05,,860.05,1,27,2014-05-13,0,,,,
2014-06-09,950.37,993.2,860.37,979.53,5893852,651.69,822.1,821.93,993.2,950.37,34.69,82.24,1,979.53,882.65,882.65,882.65,1,27,2014-05-13,0,,,,
2014-06-10,981.57,982.8,961.39,972.15,3124296,654.55,829.75,821.93,993.2,993.2,33.74,79.27,0,,878.52,,882.65,1,27,2014-05-13,0,,,,
2014-06-11,973.85,975.53,955.41,960.13,4316724,657.32,837.13,824.59,993.2,993.2,32.76,74.54,0,,872.3,,882.65,1,27,2014-05-13,0,,,,
2014-06-12,962.42,968.71,955.97,962.9,1378804,660.08,845.11,829.51,993.2,993.2,31.33,74.91,0,,876.68,,882.65,1,27,2014-05-13,0,,,,
2014-06-13,963.79,977.77,933.77,942.52,2794629,662.76,852.98,840.41,993.2,993.2,32.24,67.16,0,,866.57,,882.65,1,27,2014-05-13,0,,,,
2014-06-16,941.43,941.99,915.57,922.7,2210658,665.32,859.81,851.12,993.2,993.2,31.86,60.6,0,,857.61,,882.65,1,27,2014-05-13,0,,,,
2014-06-17,914.6,947.41,914.6,941.74,2791131,668.03,866.98,856.46,993.2,993.2,31.93,64.22,0,,871.62,,882.65,1,27,2014-05-13,0,,,,
2014-06-18,941.43,954.85,922.98,934.36,2892595,670.62,873.98,856.46,993.2,993.2,31.92,61.84,0,,866.87,,882.65,1,27,2014-05-13,0,,,,
2014-06-19,940.03,948.28,922.42,926.17,1613632,673.28,880.64,860.37,993.2,993.2,31.49,59.23,0,,863.18,,882.65,1,27,2014-05-13,0,,,,
2014-06-20,932.93,934.27,917.17,921.28,1485903,675.96,886.33,860.37,993.2,993.2,30.46,57.66,0,,860.71,,882.65,1,27,2014-05-13,0,,,,
2014-06-23,923.54,931.87,909.82,926.42,2017126,678.71,891.36,860.37,993.2,993.2,29.86,58.89,0,,864.42,,882.65,1,27,2014-05-13,0,,,,
2014-06-24,930.03,950.1,925.39,933.86,2484652,681.43,896.23,860.37,993.2,993.2,29.49,60.68,0,,869.47,,882.65,1,27,2014-05-13,0,,,,
2014-06-25,936.23,938.86,919.52,922.45,1570332,683.94,900.99,860.37,993.2,993.2,28.77,56.62,0,,862.59,,882.65,1,27,2014-05-13,0,,,,
2014-06-26,928.74,943.55,922.98,935.59,2534928,686.46,906.49,860.37,993.2,993.2,28.22,59.94,0,,871.43,,882.65,1,27,2014-05-13,0,,,,
2014-06-27,937.07,943.67,929.19,932.09,1327365,689.04,910.95,860.37,993.2,993.2,27.24,58.65,0,,869.83,,882.65,1,27,2014-05-13,0,,,,
2014-06-30,936.4,958.76,934.72,951.33,2685537,691.85,914.25,909.82,993.2,993.2,27.2,63.32,0,,898.75,,898.75,1,27,2014-05-13,0,,,,
2014-07-01,957.08,968.21,954.65,965.11,1997301,694.69,918.3,909.82,993.2,993.2,26.46,66.26,0,,908.13,,908.13,1,27,2014-05-13,0,,,,
2014-07-02,975.5,983.92,968.1,980.54,2128129,697.49,923.48,909.82,993.2,993.2,25.92,69.23,0,,918.44,,918.44,1,27,2014-05-13,0,,,,
2014-07-03,983.92,987.22,975.59,979.64,2313723,700.27,928.54,909.82,993.2,993.2,24.9,68.85,0,,918.54,,918.54,1,27,2014-05-13,0,,,,
2014-07-04,985.04,985.04,964.63,974.25,1657803,703.02,932.8,909.82,993.2,993.2,24.57,66.49,0,,915.28,,918.54,1,27,2014-05-13,0,,,,
2014-07-07,978.33,981.12,972.04,977.96,1767925,705.72,936.55,909.82,987.22,993.2,23.47,67.32,0,,918.41,,918.54,1,27,2014-05-13,0,,,,
2014-07-08,981.12,984.92,929.27,935.03,4277095,708.06,938.53,909.82,987.22,987.22,25.77,51.44,0,,889.19,,918.54,1,27,2014-05-13,0,,,,
2014-07-09,944.78,948.47,909.34,923.35,3643758,710.23,939.92,909.34,987.22,987.22,26.72,48.12,0,,880.86,,918.54,1,27,2014-05-13,1,918.54,TRAILING_STOP,42,16.59
2014-07-10,928.63,960.13,900.62,925.08,5212540,712.46,941.88,900.62,987.22,987.22,29.06,48.65,0,,877.51,,,0,,,0,,,,
2014-07-11,925.78,935.53,866.52,880.13,4338265,714.46,942.42,866.52,987.22,987.22,31.92,37.84,0,,835.25,,,0,,,0,,,,
2014-07-14,880.49,898.38,866.85,893.04,2333917,716.36,941.52,866.52,987.22,987.22,31.89,41.84,0,,843.59,,,0,,,0,,,,
2014-07-15,905.65,917.42,897.27,913.28,2732493,718.36,941.15,866.52,987.22,987.22,31.35,47.53,0,,857.0,,,0,,,0,,,,
2014-07-16,920.35,935.84,904.98,927.48,2329224,720.27,940.86,866.52,987.22,987.22,31.32,51.15,0,,866.19,,,0,,,0,,,,
2014-07-17,922.98,936.4,921.47,933.02,1217437,722.39,940.62,866.52,987.22,987.22,30.15,52.52,0,,870.54,,,0,,,0,,,,
2014-07-18,928.01,948.05,920.63,942.83,1997386,724.65,940.53,866.52,987.22,987.22,29.95,54.94,0,,877.0,,,0,,,0,,,,
2014-07-21,942.3,949.7,930.98,933.74,1887466,726.91,939.01,866.52,987.22,987.22,29.15,52.28,0,,871.67,,,0,,,0,,,,
2014-07-22,935.28,941.54,913.65,925.19,1536589,729.16,937.44,866.52,987.22,987.22,29.06,49.84,0,,866.21,,,0,,,0,,,,
2014-07-23,930.17,937.52,922.56,924.41,1801548,731.38,936.25,866.52,987.22,987.22,28.05,49.61,0,,866.38,,,0,,,0,,,,
2014-07-24,925.3,933.32,915.52,929.94,1650940,733.61,935.15,866.52,987.22,987.22,27.32,51.31,0,,870.44,,,0,,,0,,,,
2014-07-25,931.93,933.32,915.83,926.89,1344507,735.72,934.63,866.52,987.22,987.22,26.62,50.3,0,,868.94,,,0,,,0,,,,
2014-07-28,929.94,933.27,914.12,917.45,2294470,737.88,934.46,866.52,987.22,987.22,26.08,47.22,0,,863.21,,,0,,,0,,,,
2014-07-30,887.71,887.71,845.27,852.04,13149229,739.61,931.46,845.27,987.22,987.22,29.38,32.39,0,,811.74,,,0,,,0,,,,
2014-07-31,854.22,861.49,838.17,840.19,7753987,741.22,928.33,838.17,987.22,987.22,28.94,30.52,0,,802.02,,,0,,,0,,,,
2014-08-01,831.8,840.13,817.94,821.07,6859360,742.69,924.82,817.94,985.04,987.22,28.47,27.73,0,,783.26,,,0,,,0,,,,
2014-08-04,825.2,837.42,825.2,835.18,4058344,744.26,921.95,817.94,984.92,985.04,27.6,32.62,0,,792.94,,,0,,,0,,,,
2014-08-05,838.57,839.43,824.65,833.0,2510001,745.79,918.84,817.94,984.92,984.92,26.69,32.25,0,,792.14,,,0,,,0,,,,
2014-08-06,829.62,844.6,827.41,829.23,3269770,747.36,915.35,817.94,960.13,984.92,26.01,31.6,0,,790.16,,,0,,,0,,,,
2014-08-07,834.37,836.3,825.46,828.45,1772376,748.89,912.22,817.94,960.13,960.13,24.92,31.46,0,,790.38,,,0,,,0,,,,
2014-08-08,820.87,824.59,805.02,806.59,3253360,750.28,907.92,805.02,949.7,960.13,24.82,27.7,0,,772.05,,,0,,,0,,,,
2014-08-11,810.73,821.77,810.73,817.74,2653017,751.88,904.11,805.02,949.7,949.7,24.13,32.15,0,,779.7,,,0,,,0,,,,
2014-08-12,820.26,834.65,820.26,832.47,2213149,753.65,900.14,805.02,949.7,949.7,23.61,37.62,0,,789.54,,,0,,,0,,,,
2014-08-13,834.14,834.25,813.76,820.48,2688088,755.36,895.32,805.02,949.7,949.7,23.39,35.14,0,,781.96,,,0,,,0,,,,
2014-08-14,825.87,840.88,822.96,837.69,2250747,757.14,890.56,805.02,949.7,949.7,23.18,41.14,0,,793.2,,,0,,,0,,,,
2014-08-18,838.26,860.72,837.52,855.7,3954625,759.13,886.43,805.02,949.7,949.7,23.18,46.7,0,,804.81,,,0,,,0,,,,
2014-08-19,862.53,871.96,859.09,865.1,3303576,761.27,882.79,805.02,949.7,949.7,22.68,49.39,0,,811.21,,,0,,,0,,,,
2014-08-20,866.42,869.05,853.19,856.77,1420566,763.42,878.75,805.02,941.54,949.7,22.2,47.12,0,,806.16,,,0,,,0,,,,
2014-08-21,857.79,868.12,850.37,865.55,2482074,765.54,876.44,805.02,937.52,941.54,21.88,49.74,0,,812.03,,,0,,,0,,,,
2014-08-22,868.29,879.35,864.17,869.25,2614005,767.71,874.63,805.02,933.32,937.52,21.4,50.85,0,,814.74,,,0,,,0,,,,
2014-08-25,872.07,874.89,857.96,862.16,1714194,769.73,872.54,805.02,933.32,933.32,21.08,48.64,0,,810.38,,,0,,,0,,,,
2014-08-26,857.96,859.51,841.02,850.17,2759887,771.66,871.54,805.02,933.27,933.32,21.09,45.08,0,,802.64,,,0,,,0,,,,
2014-08-27,855.7,857.82,843.96,848.73,2603056,773.58,870.06,805.02,887.71,933.27,20.57,44.65,0,,802.06,,,0,,,0,,,,
2014-08-28,851.35,866.42,851.35,861.63,3008883,775.6,868.34,805.02,879.35,887.71,20.36,49.25,0,,810.52,,,0,,,0,,,,
2014-09-01,866.42,892.33,866.42,890.33,3557881,777.77,867.1,805.02,892.33,879.35,21.1,57.67,0,,828.53,,,0,,,0,,,,
2014-09-02,891.82,901.48,878.7,891.46,2650210,779.96,865.71,810.73,901.48,892.33,21.22,57.97,0,,831.09,,,0,,,0,,,,
2014-09-03,893.77,907.63,890.81,902.1,3937872,782.13,864.36,813.76,907.63,901.48,20.91,60.75,1,902.1,839.17,839.17,839.17,1,28,2014-09-03,0,,,,
2014-09-04,905.85,905.85,887.87,897.44,1717581,784.36,863.15,813.76,907.63,907.63,20.7,58.91,0,,836.3,,839.17,1,28,2014-09-03,0,,,,
2014-09-05,897.47,915.11,892.95,910.22,2508046,786.78,862.65,822.96,915.11,907.63,20.8,62.28,1,910.22,847.54,847.54,847.54,1,28,2014-09-03,0,,,,
2014-09-08,915.64,921.57,912.71,919.71,2037934,789.24,862.49,837.52,921.57,915.11,20.13,64.6,0,,858.97,,858.97,1,28,2014-09-03,0,,,,
2014-09-09,919.71,919.71,903.82,906.08,1648011,791.58,861.7,841.02,921.57,921.57,19.82,58.99,0,,851.55,,858.97,1,28,2014-09-03,0,,,,
2014-09-10,901.42,902.49,891.82,894.7,1970533,793.89,860.62,841.02,921.57,921.57,19.43,54.71,0,,844.47,,858.97,1,28,2014-09-03,0,,,,
2014-09-11,900.29,908.19,895.07,900.38,1703541,796.22,860.05,841.02,921.57,921.57,19.0,56.41,0,,848.42,,858.97,1,28,2014-09-03,0,,,,
2014-09-12,901.08,906.84,889.0,891.09,1810773,798.51,861.36,841.02,921.57,921.57,18.92,52.91,0,,842.48,,858.97,1,28,2014-09-03,0,,,,
2014-09-15,885.64,888.15,877.77,880.85,1171498,800.72,862.71,841.02,921.57,921.57,18.52,49.29,0,,836.14,,858.97,1,28,2014-09-03,0,,,,
2014-09-16,883.07,885.28,851.21,855.5,2086846,802.75,863.86,841.02,921.57,921.57,19.63,41.67,0,,819.05,,858.97,1,28,2014-09-03,1,858.97,TRAILING_STOP,10,-4.78
2014-09-17,863.6,865.29,846.78,857.48,2430664,804.83,864.6,843.96,921.57,921.57,19.55,42.42,0,,821.36,,,0,,,0,,,,
2014-09-18,853.22,892.95,853.22,888.55,2263371,807.09,866.45,846.78,921.57,921.57,20.99,52.68,0,,841.38,,,0,,,0,,,,
2014-09-19,890.81,897.16,862.47,864.98,2851128,809.14,867.64,846.78,921.57,921.57,21.97,45.99,0,,825.53,,,0,,,0,,,,
2014-09-22,860.16,870.94,855.87,865.41,1744293,811.21,868.88,846.78,921.57,921.57,21.48,46.12,0,,826.13,,,0,,,0,,,,
2014-09-23,857.96,861.37,841.16,844.27,2434546,813.07,870.13,841.16,921.57,921.57,21.68,40.75,0,,810.49,,,0,,,0,,,,
2014-09-24,846.67,850.45,811.64,826.35,3623152,814.9,870.42,811.64,921.57,921.57,22.9,36.83,0,,788.28,,,0,,,0,,,,
2014-09-25,829.73,833.4,808.09,816.81,2664181,816.65,869.9,808.09,921.57,921.57,23.07,34.91,0,,780.82,,,0,,,0,,,,
2014-09-26,809.16,835.35,809.16,833.12,2586988,818.48,870.32,808.09,921.57,921.57,23.29,40.62,0,,791.2,,,0,,,0,,,,
2014-09-29,833.04,838.65,816.67,828.94,1763739,820.21,870.03,808.09,921.57,921.57,23.2,39.66,0,,788.56,,,0,,,0,,,,
2014-09-30,824.12,846.56,819.01,823.1,2474358,821.86,868.94,808.09,921.57,921.57,23.51,38.3,0,,784.59,,,0,,,0,,,,
2014-10-01,823.1,828.55,814.16,816.67,1696510,823.45,867.33,808.09,921.57,921.57,22.86,36.8,0,,780.88,,,0,,,0,,,,
2014-10-07,809.98,823.27,793.05,798.58,3002658,824.84,865.39,793.05,921.57,921.57,23.39,32.9,0,,763.84,,,0,,,0,,,,
2014-10-08,790.79,819.97,790.79,816.89,2570920,826.24,863.76,790.79,921.57,921.57,23.8,39.85,0,,774.62,,,0,,,0,,,,
2014-10-09,821.83,842.43,821.83,839.27,2460468,827.78,862.77,790.79,919.71,921.57,23.92,47.06,0,,788.98,,,0,,,0,,,,
2014-10-10,830.75,834.02,815.06,825.05,2465217,829.2,861.53,790.79,908.19,919.71,23.94,43.49,0,,779.79,,,0,,,0,,,,
2014-10-13,816.98,820.7,808.94,816.08,2268106,830.5,860.39,790.79,908.19,908.19,23.38,41.36,0,,774.38,,,0,,,0,,,,
2014-10-14,821.41,824.6,810.77,812.75,2222278,831.83,859.19,790.79,906.84,908.19,22.7,40.57,0,,772.69,,,0,,,0,,,,
2014-10-15,812.75,812.75,812.75,812.75,0,833.08,857.56,790.79,897.16,906.84,21.08,40.57,0,,773.77,,,0,,,0,,,,
2014-10-16,805.27,812.8,801.23,803.6,2213427,834.25,854.67,790.79,897.16,897.16,20.4,38.23,0,,768.32,,,0,,,0,,,,
2014-10-17,807.81,825.39,805.55,820.08,3123661,835.46,852.29,790.79,897.16,897.16,20.5,44.44,0,,778.88,,,0,,,0,,,,
2014-10-20,836.68,848.36,833.8,843.99,2714394,836.62,850.36,790.79,897.16,897.16,21.06,51.99,0,,793.93,,,0,,,0,,,,
2014-10-21,845.26,855.67,842.41,853.44,1853868,837.7,848.89,790.79,897.16,897.16,20.5,54.62,0,,800.4,,,0,,,0,,,,
2014-10-22,863.6,880.53,861.12,877.01,3645714,838.97,847.78,790.79,880.53,897.16,20.97,60.43,0,,815.29,,,0,,,0,,,,
2014-10-27,883.92,892.3,881.04,884.68,3198228,840.32,846.62,790.79,892.3,880.53,20.56,62.13,1,884.68,820.51,820.51,820.51,1,29,2014-10-27,0,,,,
2014-10-28,891.82,898.48,887.59,889.85,1867963,841.69,846.07,790.79,898.48,892.3,20.08,63.28,0,,824.16,,824.16,1,29,2014-10-27,0,,,,
2014-10-29,897.47,897.47,884.26,890.24,1314040,842.95,845.93,790.79,898.48,898.48,19.59,63.37,0,,824.74,,824.74,1,29,2014-10-27,0,,,,
2014-10-30,887.31,903.62,887.31,901.81,2742090,844.34,845.97,790.79,903.62,898.48,19.36,66.03,1,901.81,832.36,832.36,832.36,1,29,2014-10-27,0,,,,
2014-10-31,904.55,938.96,904.55,934.41,3781296,845.92,847.42,801.23,938.96,903.62,20.63,72.16,0,,856.02,,856.02,1,29,2014-10-27,0,,,,
2014-11-03,937.54,945.78,930.52,935.74,2578879,847.62,849.25,801.23,945.78,938.96,20.24,72.38,0,,857.13,,857.13,1,29,2014-10-27,0,,,,
2014-11-05,936.98,945.95,933.99,940.31,2419614,849.35,852.07,801.23,945.95,945.78,19.65,73.16,0,,860.48,,860.48,1,29,2014-10-27,0,,,,
2014-11-07,943.87,955.55,920.05,933.48,3786600,850.99,854.61,801.23,955.55,945.95,20.78,69.97,0,,855.32,,860.48,1,29,2014-10-27,0,,,,
2014-11-10,911.58,928.96,899.44,914.06,4498915,852.43,855.46,801.23,955.55,955.55,21.73,61.74,0,,842.16,,860.48,1,29,2014-10-27,0,,,,
2014-11-11,917.79,925.63,912.45,924.11,1984456,853.83,857.43,801.23,955.55,955.55,21.12,64.09,0,,849.05,,860.48,1,29,2014-10-27,0,,,,
2014-11-12,926.26,927.95,907.8,910.73,1937980,855.12,858.94,805.55,955.55,955.55,21.05,58.9,0,,841.9,,860.48,1,29,2014-10-27,0,,,,
2014-11-13,914.4,925.13,908.45,912.37,1714051,856.4,861.21,833.8,955.55,955.55,20.74,59.33,0,,852.59,,860.48,1,29,2014-10-27,0,,,,
2014-11-14,914.68,921.68,908.19,915.33,1522411,857.77,864.18,842.41,955.55,955.55,20.22,60.15,0,,857.71,,860.48,1,29,2014-10-27,0,,,,
2014-11-17,914.97,918.92,901.98,912.06,1502209,859.08,867.35,861.12,955.55,955.55,19.99,58.74,0,,861.99,,861.99,1,29,2014-10-27,0,,,,
2014-11-18,912.48,931.67,912.43,928.29,2021485,860.42,870.52,881.04,955.55,955.55,19.96,63.33,0,,879.12,,879.12,1,29,2014-10-27,0,,,,
2014-11-19,931.17,945.39,930.21,936.19,2530605,861.85,874.1,884.26,955.55,955.55,19.76,65.36,0,,885.43,,885.43,1,29,2014-10-27,0,,,,
2014-11-20,938.73,940.9,920.07,928.48,1216285,863.28,877.61,884.26,955.55,955.55,19.83,61.78,0,,880.4,,885.43,1,29,2014-10-27,0,,,,
2014-11-21,925.69,944.74,920.05,940.54,1920028,864.77,881.74,887.31,955.55,955.55,20.18,65.01,0,,888.97,,888.97,1,29,2014-10-27,0,,,,
2014-11-24,943.19,949.37,930.94,942.54,2035971,866.21,886.54,899.44,955.55,955.55,20.05,65.53,0,,894.38,,894.38,1,29,2014-10-27,0,,,,
2014-11-25,942.62,943.19,915.93,923.88,2391166,867.47,890.1,899.44,955.55,955.55,20.57,57.01,0,,882.0,,894.38,1,29,2014-10-27,0,,,,
2014-11-26,924.56,929.53,916.74,920.61,2177278,868.77,892.82,899.44,955.55,955.55,20.01,55.65,0,,880.26,,894.38,1,29,2014-10-27,0,,,,
2014-11-27,922.9,926.26,909.32,913.92,2207175,870.03,895.78,899.44,955.55,955.55,19.79,52.86,0,,876.1,,894.38,1,29,2014-10-27,0,,,,
2014-11-28,918.52,935.03,918.52,925.32,2598367,871.5,899.42,899.44,955.55,955.55,19.89,56.83,0,,883.39,,894.38,1,29,2014-10-27,0,,,,
2014-12-01,920.72,926.11,904.5,915.53,1493083,872.88,902.84,901.98,955.55,955.55,20.01,52.72,0,,877.84,,894.38,1,29,2014-10-27,0,,,,
2014-12-02,913.61,934.16,912.14,925.49,1361464,874.12,906.6,901.98,955.55,955.55,20.15,56.19,0,,884.16,,894.38,1,29,2014-10-27,0,,,,
2014-12-03,926.26,933.45,921.74,928.03,1616703,875.29,910.75,901.98,955.55,955.55,19.55,57.06,0,,886.21,,894.38,1,29,2014-10-27,0,,,,
2014-12-04,929.02,934.16,917.22,919.65,1773838,876.29,914.07,901.98,955.55,955.55,19.36,53.32,0,,880.92,,894.38,1,29,2014-10-27,0,,,,
2014-12-05,922.42,934.16,914.01,919.2,2146855,877.28,916.58,901.98,949.37,955.55,19.42,53.11,0,,880.6,,894.38,1,29,2014-10-27,0,,,,
2014-12-08,920.05,923.52,899.9,904.13,1585636,878.28,918.27,899.9,949.37,949.37,19.72,46.75,0,,869.98,,894.38,1,29,2014-10-27,0,,,,
2014-12-09,901.5,903.68,875.45,880.31,2569558,879.2,918.38,875.45,949.37,949.37,20.36,38.83,0,,846.04,,894.38,1,29,2014-10-27,1,894.38,TRAILING_STOP|SMA150_BREAK,30,1.1
2014-12-10,874.89,883.44,868.54,871.67,3034126,880.09,917.94,868.54,949.37,949.37,19.97,36.42,0,,838.43,,,0,,,0,,,,
2014-12-11,869.25,879.63,848.31,868.17,4328835,881.05,917.22,848.31,949.37,949.37,20.78,35.45,0,,828.89,,,0,,,0,,,,
2014-12-12,870.94,876.16,849.49,852.85,3774426,882.03,915.97,848.31,949.37,949.37,21.2,31.53,0,,818.72,,,0,,,0,,,,
2014-12-15,846.67,856.83,843.42,847.35,2593509,882.89,914.16,843.42,949.37,949.37,20.65,30.24,0,,813.92,,,0,,,0,,,,
2014-12-16,841.02,852.88,834.65,837.27,2809615,883.63,910.92,834.65,949.37,949.37,20.47,27.98,0,,804.61,,,0,,,0,,,,
2014-12-17,834.0,843.39,818.56,828.89,5619423,884.32,907.36,818.56,949.37,949.37,20.78,26.22,0,,793.63,,,0,,,0,,,,
2014-12-18,843.99,851.75,835.01,850.28,2815365,885.15,904.36,818.56,949.37,949.37,20.93,37.08,0,,807.33,,,0,,,0,,,,
2014-12-19,860.02,873.03,856.83,866.51,3407025,885.92,902.13,818.56,949.37,949.37,21.06,43.84,0,,817.71,,,0,,,0,,,,
2014-12-22,868.12,871.45,854.88,860.33,1321836,886.49,900.33,818.56,943.19,949.37,20.74,41.99,0,,813.94,,,0,,,0,,,,
2014-12-23,860.78,868.91,842.38,845.43,1721754,886.87,897.71,818.56,935.03,943.19,21.15,37.85,0,,804.05,,,0,,,0,,,,
2014-12-24,845.6,850.87,830.05,834.17,4556031,887.24,895.16,818.56,935.03,935.03,21.13,35.03,0,,796.81,,,0,,,0,,,,
2014-12-26,837.19,845.48,833.69,841.14,1010929,887.71,892.79,818.56,935.03,935.03,20.46,38.1,0,,801.75,,,0,,,0,,,,
2014-12-29,843.93,850.05,838.88,841.19,1193694,887.99,890.31,818.56,934.16,935.03,19.8,38.12,0,,802.22,,,0,,,0,,,,
2014-12-30,849.04,852.88,842.89,845.68,1373809,887.95,888.1,818.56,934.16,934.16,19.22,40.23,0,,805.5,,,0,,,0,,,,
2014-12-31,842.86,849.94,842.15,843.65,1255716,887.95,885.28,818.56,934.16,934.16,18.4,39.57,0,,804.74,,,0,,,0,,,,
2015-01-01,843.17,850.56,842.15,848.33,674298,888.1,882.35,818.56,934.16,934.16,17.69,41.93,0,,808.23,,,0,,,0,,,,
2015-01-02,847.51,868.68,847.51,866.23,1936584,888.36,880.28,818.56,934.16,934.16,17.94,49.95,0,,819.61,,,0,,,0,,,,
2015-01-05,872.27,886.74,872.27,878.28,2176527,888.57,878.2,818.56,923.52,934.16,18.12,54.51,0,,827.26,,,0,,,0,,,,
2015-01-06,869.81,871.93,844.44,848.98,3048025,888.46,875.08,818.56,903.68,923.52,19.25,44.01,0,,807.62,,,0,,,0,,,,
2015-01-07,845.96,852.31,838.51,846.95,2063635,888.27,872.52,818.56,886.74,903.68,18.86,43.39,0,,806.57,,,0,,,0,,,,
2015-01-08,857.67,859.93,849.01,852.34,1455954,888.08,870.24,830.05,886.74,886.74,18.44,45.59,0,,814.15,,,0,,,0,,,,
2015-01-09,859.09,860.21,839.89,846.81,1735729,887.95,868.01,830.05,886.74,886.74,18.57,43.71,0,,810.5,,,0,,,0,,,,
2015-01-12,848.87,867.55,843.9,865.97,1535320,887.96,866.03,830.05,886.74,886.74,18.93,51.22,0,,822.61,,,0,,,0,,,,
2015-01-13,872.04,873.28,855.81,857.68,1318348,887.54,864.1,830.05,886.74,886.74,18.83,48.22,0,,817.33,,,0,,,0,,,,
2015-01-14,859.37,865.92,846.67,856.83,1476891,887.09,861.81,830.05,886.74,886.74,18.86,47.91,0,,816.77,,,0,,,0,,,,
2015-01-15,872.07,895.32,866.71,888.27,3419091,886.77,860.48,833.69,895.32,886.74,20.26,58.52,0,,837.32,,,0,,,0,,,,
2015-01-16,893.24,909.89,880.54,898.46,4195027,886.49,859.78,838.51,909.89,895.32,20.91,61.27,0,,845.07,,,0,,,0,,,,
2015-01-19,904.81,916.1,904.19,911.49,2087947,886.27,859.52,838.51,916.1,909.89,20.68,64.51,0,,853.63,,,0,,,0,,,,
2015-01-20,915.47,922.3,903.68,919.79,2088778,885.87,860.04,838.51,922.3,916.1,20.53,66.44,0,,859.08,,,0,,,0,,,,
2015-01-21,922.19,941.61,920.47,933.9,3705237,885.62,861.83,838.51,941.61,922.3,20.62,69.47,0,,868.12,,,0,,,0,,,,
2015-01-22,934.72,942.06,933.23,938.84,1811173,885.47,864.07,838.51,942.06,941.61,19.78,70.48,0,,871.87,,,0,,,0,,,,
2015-01-23,945.45,968.56,945.45,965.94,4374211,885.49,867.33,838.51,968.56,942.06,20.49,75.29,1,965.94,888.87,888.87,888.87,1,30,2015-01-23,0,,,,
2015-01-27,970.85,987.78,969.72,983.26,3390609,885.77,871.67,838.51,987.78,968.56,20.59,77.79,0,,899.98,,899.98,1,30,2015-01-23,0,,,,
2015-01-28,979.43,982.42,951.09,958.63,3463524,886.0,875.38,838.51,987.78,987.78,21.41,67.38,0,,883.54,,899.98,1,30,2015-01-23,0,,,,
2015-01-29,955.24,978.58,952.93,973.05,3460012,886.21,879.91,839.89,987.78,987.78,21.72,69.91,0,,893.1,,899.98,1,30,2015-01-23,0,,,,
2015-01-30,975.7,982.59,950.16,959.87,2282494,886.38,884.28,839.89,987.78,987.78,22.48,64.94,0,,884.09,,899.98,1,30,2015-01-23,0,,,,
2015-02-02,957.3,982.05,957.3,979.37,2125707,886.74,888.58,843.9,987.78,987.78,22.64,68.51,0,,897.9,,899.98,1,30,2015-01-23,0,,,,
2015-02-03,983.26,987.72,963.71,972.26,2930722,887.08,892.1,846.67,987.78,987.78,22.74,65.88,0,,894.17,,899.98,1,30,2015-01-23,0,,,,
2015-02-04,976.24,977.73,949.62,953.01,1846012,887.26,895.19,846.67,987.78,987.78,23.12,59.24,0,,881.5,,899.98,1,30,2015-01-23,0,,,,
2015-02-05,954.45,962.94,944.94,949.62,2015947,887.36,898.67,866.71,987.78,987.78,22.76,58.13,0,,886.24,,899.98,1,30,2015-01-23,0,,,,
2015-02-06,949.4,956.17,938.67,950.27,2210620,887.55,902.54,880.54,987.78,987.78,22.38,58.29,0,,891.52,,899.98,1,30,2015-01-23,0,,,,
2015-02-09,938.84,942.06,874.89,887.56,5339823,887.23,904.08,874.89,987.78,987.78,26.17,41.61,0,,846.66,,899.98,1,30,2015-01-23,1,899.98,TRAILING_STOP|SMA150_BREAK,11,-6.83
2015-02-10,872.12,909.32,864.82,887.14,10472047,886.93,905.62,864.82,987.78,987.78,27.48,41.52,0,,842.16,,,0,,,0,,,,
2015-02-11,895.78,916.49,893.91,910.28,4675647,886.65,907.77,864.82,987.78,987.78,27.61,47.89,0,,857.0,,,0,,,0,,,,
2015-02-12,913.27,936.42,906.05,931.36,3162283,886.43,910.69,864.82,987.78,987.78,27.81,52.92,0,,870.46,,,0,,,0,,,,
2015-02-13,936.98,944.88,931.34,938.19,2363568,886.15,913.69,864.82,987.78,987.78,26.79,54.45,0,,875.55,,,0,,,0,,,,
2015-02-16,939.8,947.14,925.75,930.46,1676532,885.82,915.83,864.82,987.78,987.78,26.4,52.37,0,,870.82,,,0,,,0,,,,
2015-02-18,934.04,945.39,933.59,938.87,2187792,885.58,917.85,864.82,987.78,987.78,25.58,54.41,0,,876.79,,,0,,,0,,,,
2015-02-19,941.95,965.2,938.33,958.74,2808871,885.45,921.51,864.82,987.78,987.78,25.68,58.89,0,,889.54,,,0,,,0,,,,
2015-02-20,959.56,967.91,943.47,946.91,5372566,885.53,924.84,864.82,987.78,987.78,25.59,55.4,0,,881.97,,,0,,,0,,,,
2015-02-23,951.91,966.27,947.9,952.22,3558913,885.72,928.17,864.82,987.78,987.78,25.14,56.65,0,,885.69,,,0,,,0,,,,
2015-02-24,954.73,973.39,953.94,971.47,3186507,886.03,932.32,864.82,987.78,987.78,24.86,60.9,0,,898.3,,,0,,,0,,,,
2015-02-25,973.67,979.2,951.65,958.37,2760175,886.56,935.4,864.82,987.72,987.78,25.05,56.81,0,,889.72,,,0,,,0,,,,
2015-02-26,958.99,959.98,942.62,947.17,2867676,886.92,938.39,864.82,987.72,987.72,24.5,53.51,0,,882.86,,,0,,,0,,,,
2015-02-27,961.14,996.25,959.56,992.83,6404554,887.45,942.92,864.82,996.25,987.72,26.26,62.97,1,992.83,911.14,911.14,911.14,1,31,2015-02-27,0,,,,
2015-03-02,1005.84,1044.22,1005.84,1042.02,7276993,888.21,948.04,864.82,1044.22,996.25,28.05,70.04,0,,941.67,,941.67,1,31,2015-02-27,0,,,,
2015-03-03,1044.22,1049.3,1031.86,1045.16,3566704,888.96,952.94,864.82,1049.3,1044.22,27.29,70.42,0,,944.21,,944.21,1,31,2015-02-27,0,,,,
2015-03-04,1055.51,1068.95,1025.6,1037.39,4956996,889.59,957.13,893.91,1068.95,1049.3,28.44,68.07,0,,948.13,,948.13,1,31,2015-02-27,0,,,,
2015-03-05,1039.85,1042.22,1013.18,1030.71,2831550,890.24,960.83,906.05,1068.95,1068.95,28.48,66.03,0,,947.84,,948.13,1,31,2015-02-27,0,,,,
2015-03-09,1025.71,1028.19,990.6,994.72,2366515,890.7,962.86,925.75,1068.95,1068.95,29.31,56.25,0,,930.63,,948.13,1,31,2015-02-27,0,,,,
2015-03-10,998.5,1010.13,973.13,989.16,2668429,891.13,964.53,925.75,1068.95,1068.95,29.86,54.9,0,,926.68,,948.13,1,31,2015-02-27,0,,,,
2015-03-11,996.16,996.53,977.73,981.97,2817523,891.48,965.07,933.59,1068.95,1068.95,29.07,53.12,0,,925.19,,948.13,1,31,2015-02-27,0,,,,
2015-03-12,987.78,996.25,982.22,986.31,2488366,891.87,965.17,938.33,1068.95,1068.95,28.02,54.09,0,,930.27,,948.13,1,31,2015-02-27,0,,,,
2015-03-13,996.98,998.7,950.07,955.13,3480124,892.12,965.05,942.62,1068.95,1068.95,29.49,46.64,0,,910.61,,948.13,1,31,2015-02-27,0,,,,
2015-03-16,958.43,965.15,943.36,948.16,1994878,892.77,964.22,942.62,1068.95,1068.95,28.94,45.15,0,,906.48,,948.13,1,31,2015-02-27,1,948.13,TRAILING_STOP,11,-4.5
2015-03-17,957.3,972.54,950.07,968.39,2178091,893.62,964.51,942.62,1068.95,1068.95,28.61,50.14,0,,919.74,,,0,,,0,,,,
2015-03-18,973.7,975.08,955.44,959.02,1931079,894.54,963.83,942.62,1068.95,1068.95,27.97,47.96,0,,914.13,,,0,,,0,,,,
2015-03-19,971.44,981.54,942.62,949.62,3146062,895.3,963.07,942.62,1068.95,1068.95,28.75,45.81,0,,907.54,,,0,,,0,,,,
2015-03-20,950.07,958.12,933.06,942.82,2528511,896.03,962.73,933.06,1068.95,1068.95,28.49,44.26,0,,900.15,,,0,,,0,,,,
2015-03-23,949.57,953.91,938.67,944.23,1682382,896.8,962.56,933.06,1068.95,1068.95,27.54,44.68,0,,901.69,,,0,,,0,,,,
2015-03-24,944.63,953.24,934.72,943.84,2093748,897.57,962.34,933.06,1068.95,1068.95,26.9,44.58,0,,901.86,,,0,,,0,,,,
2015-03-25,944.32,946.49,917.99,921.6,2524261,898.34,963.48,917.99,1068.95,1068.95,27.01,39.22,0,,882.42,,,0,,,0,,,,
2015-03-26,915.53,939.8,910.7,922.56,5232288,899.04,964.66,910.7,1068.95,1068.95,27.16,39.56,0,,880.51,,,0,,,0,,,,
2015-03-27,931.39,951.43,926.82,947.0,4774842,899.8,965.88,910.7,1068.95,1068.95,27.28,47.55,0,,896.19,,,0,,,0,,,,
2015-03-30,953.91,978.75,950.24,975.79,3359008,900.84,967.36,910.7,1068.95,1068.95,27.6,55.08,0,,914.55,,,0,,,0,,,,
2015-03-31,979.34,986.09,965.91,970.65,2813583,901.72,968.44,910.7,1068.95,1068.95,27.07,53.6,0,,911.59,,,0,,,0,,,,
2015-04-01,971.78,981.63,969.72,978.89,1500330,902.54,970.06,910.7,1068.95,1068.95,25.99,55.66,0,,917.62,,,0,,,0,,,,
2015-04-06,980.19,995.85,972.09,992.24,2732079,903.39,971.84,910.7,1042.22,1068.95,25.83,58.84,0,,926.34,,,0,,,0,,,,
2015-04-07,999.21,1006.24,986.79,998.9,2142483,904.34,973.18,910.7,1028.19,1042.22,25.38,60.37,0,,930.94,,,0,,,0,,,,
2015-04-08,1001.83,1008.81,994.1,1004.4,2066943,905.26,975.09,910.7,1010.13,1028.19,24.61,61.64,0,,935.0,,,0,,,0,,,,
2015-04-09,1007.54,1009.23,990.94,999.52,1702879,906.13,976.67,910.7,1009.23,1010.13,24.16,59.81,0,,932.15,,,0,,,0,,,,
2015-04-10,999.07,1003.58,987.78,995.68,1415592,907.02,977.48,910.7,1009.23,1009.23,23.56,58.35,0,,930.07,,,0,,,0,,,,
2015-04-13,1004.85,1019.95,999.77,1017.98,2358313,908.14,979.46,910.7,1019.95,1009.23,23.61,63.88,1,1017.98,944.42,944.42,944.42,1,32,2015-04-13,0,,,,
2015-04-15,1018.26,1027.26,997.88,1009.03,2280493,909.21,981.52,910.7,1027.26,1019.95,24.03,60.41,0,,938.37,,944.42,1,32,2015-04-13,0,,,,
2015-04-16,1009.23,1009.23,982.14,990.21,2251882,910.07,981.44,910.7,1027.26,1027.26,24.25,53.79,0,,926.09,,944.42,1,32,2015-04-13,0,,,,
2015-04-17,993.48,997.04,976.55,981.99,1497997,910.68,979.44,910.7,1027.26,1027.26,23.98,51.16,0,,920.97,,944.42,1,32,2015-04-13,0,,,,
2015-04-20,983.21,983.21,942.06,958.68,2375331,911.13,976.55,910.7,1027.26,1027.26,25.2,44.5,0,,905.11,,944.42,1,32,2015-04-13,1,944.42,TRAILING_STOP,5,-7.23
2015-04-21,958.43,971.07,948.27,953.21,2067291,911.47,973.75,926.82,1027.26,1027.26,25.03,43.08,0,,907.07,,,0,,,0,,,,
2015-04-22,956.62,988.91,951.51,985.3,2776149,912.05,972.23,942.06,1027.26,1027.26,25.92,52.62,0,,932.26,,,0,,,0,,,,
2015-04-23,990.6,994.78,966.92,973.16,2547232,912.47,971.51,942.06,1027.26,1027.26,26.05,49.26,0,,924.34,,,0,,,0,,,,
2015-04-24,971.98,974.12,942.62,947.48,2187252,912.66,970.13,942.06,1027.26,1027.26,26.44,43.0,0,,907.52,,,0,,,0,,,,
2015-04-27,948.24,957.21,935.57,941.33,2775021,912.89,968.77,935.57,1027.26,1027.26,26.1,41.63,0,,901.61,,,0,,,0,,,,
2015-04-28,950.81,950.81,923.43,940.06,3310885,913.19,967.23,923.43,1027.26,1027.26,26.19,41.34,0,,896.69,,,0,,,0,,,,
2015-04-29,937.88,943.89,929.08,934.3,2125135,913.42,966.53,923.43,1027.26,1027.26,25.38,39.97,0,,893.51,,,0,,,0,,,,
2015-04-30,934.61,935.12,917.56,920.78,3737527,913.62,965.62,917.56,1027.26,1027.26,24.82,36.89,0,,883.21,,,0,,,0,,,,
2015-05-04,926.11,931.59,913.33,919.65,2455548,913.88,964.0,913.33,1027.26,1027.26,24.35,36.63,0,,881.38,,,0,,,0,,,,
2015-05-05,922.87,939.8,918.21,927.05,2135422,914.35,962.93,913.33,1027.26,1027.26,24.15,39.57,0,,886.29,,,0,,,0,,,,
2015-05-06,927.1,927.89,879.52,883.16,4843735,914.53,960.72,879.52,1027.26,1027.26,25.88,30.53,0,,845.56,,,0,,,0,,,,
2015-05-07,880.53,894.65,871.28,885.56,3978019,914.51,958.81,871.28,1027.26,1027.26,25.7,31.45,0,,844.48,,,0,,,0,,,,
2015-05-08,896.9,911.58,892.7,903.82,3842286,914.76,957.46,871.28,1027.26,1027.26,25.73,38.18,0,,856.24,,,0,,,0,,,,
2015-05-11,909.49,921.18,907.49,911.75,3087799,915.07,956.39,871.28,1027.26,1027.26,25.13,40.89,0,,861.75,,,0,,,0,,,,
2015-05-12,911.52,911.52,877.71,880.2,3287785,915.31,955.01,871.28,1027.26,1027.26,25.77,34.42,0,,840.98,,,0,,,0,,,,
2015-05-13,886.21,900.29,880.99,897.3,2439559,915.79,954.17,871.28,1027.26,1027.26,25.36,39.97,0,,852.28,,,0,,,0,,,,
2015-05-14,895.3,898.54,886.41,890.05,1777146,916.27,952.27,871.28,1009.23,1027.26,24.42,38.48,0,,848.23,,,0,,,0,,,,
2015-05-15,895.69,904.24,889.28,898.57,2762061,916.71,949.7,871.28,997.04,1009.23,23.74,41.24,0,,854.18,,,0,,,0,,,,
2015-05-18,901.65,912.31,896.9,910.08,1792155,917.25,947.68,871.28,994.78,997.04,23.15,44.85,0,,862.0,,,0,,,0,,,,
2015-05-19,911.55,922.87,908.19,914.8,2281797,917.86,945.54,871.28,994.78,994.78,22.54,46.31,0,,865.45,,,0,,,0,,,,
2015-05-20,918.89,923.12,907.63,910.2,1442643,918.49,942.81,871.28,994.78,994.78,22.04,45.06,0,,862.81,,,0,,,0,,,,
2015-05-21,914.4,926.26,908.39,924.73,2451279,919.33,940.33,871.28,994.78,994.78,21.74,49.67,0,,872.38,,,0,,,0,,,,
2015-05-22,925.69,938.11,921.63,933.28,2647665,920.1,937.96,871.28,974.12,994.78,21.36,52.21,0,,878.15,,,0,,,0,,,,
2015-05-25,931.22,931.22,917.22,920.19,1397434,920.64,935.32,871.28,957.21,974.12,20.98,48.2,0,,869.96,,,0,,,0,,,,
2015-05-26,923.83,923.83,907.91,913.5,2059530,921.23,932.58,871.28,950.81,957.21,20.62,46.24,0,,865.89,,,0,,,0,,,,
2015-05-27,914.4,929.02,908.33,923.09,1575588,921.95,929.42,871.28,943.89,950.81,20.63,49.41,0,,872.07,,,0,,,0,,,,
2015-05-28,924.05,926.17,905.94,918.21,2633245,922.65,926.39,877.71,939.8,943.89,20.6,47.87,0,,871.08,,,0,,,0,,,,
2015-05-29,920.33,942.48,917.62,933.85,4191568,923.46,924.51,877.71,942.48,939.8,20.9,52.95,0,,880.97,,,0,,,0,,,,
2015-06-01,944.88,964.64,927.38,962.69,5386807,924.52,923.87,877.71,964.64,942.48,22.07,60.58,1,962.69,898.79,898.79,898.79,1,33,2015-06-01,0,,,,
2015-06-02,965.77,969.6,940.93,944.63,4373604,925.35,923.4,880.99,969.6,964.64,22.54,54.61,0,,887.92,,898.79,1,33,2015-06-01,0,,,,
2015-06-03,945.45,952.53,927.95,933.4,3209997,925.94,922.74,886.41,969.6,969.6,22.69,51.23,0,,882.39,,898.79,1,33,2015-06-01,0,,,,
2015-06-04,935.85,948.27,928.82,938.36,1967170,926.51,921.17,889.28,969.6,969.6,22.46,52.62,0,,886.7,,898.79,1,33,2015-06-01,0,,,,
2015-06-05,936.98,961.82,936.27,950.3,2404830,927.0,920.41,896.9,969.6,969.6,22.68,55.9,0,,896.79,,898.79,1,33,2015-06-01,0,,,,
2015-06-08,950.36,962.94,943.24,947.56,2129532,927.42,920.42,905.94,969.6,969.6,22.47,54.96,0,,898.18,,898.79,1,33,2015-06-01,0,,,,
2015-06-09,945.98,951.54,934.72,940.87,1416730,927.76,920.4,905.94,969.6,969.6,22.06,52.63,0,,894.13,,898.79,1,33,2015-06-01,0,,,,
2015-06-10,943.19,969.66,942.62,962.97,2389308,928.24,921.16,905.94,969.66,969.6,22.54,58.83,0,,908.07,,908.07,1,33,2015-06-01,0,,,,
2015-06-11,967.97,973.36,942.77,946.1,2981295,928.54,921.56,905.94,973.36,969.66,23.12,53.12,0,,896.8,,908.07,1,33,2015-06-01,0,,,,
2015-06-12,945.22,950.07,931.33,935.54,1835109,928.54,922.05,905.94,973.36,973.36,22.8,49.86,0,,890.2,,908.07,1,33,2015-06-01,0,,,,
2015-06-15,939.91,956.4,932.46,941.72,1700772,928.58,922.78,905.94,973.36,973.36,22.89,51.72,0,,894.13,,908.07,1,33,2015-06-01,0,,,,
2015-06-16,942.62,951.09,934.64,946.8,2043630,928.63,923.44,905.94,973.36,973.36,22.43,53.27,0,,897.72,,908.07,1,33,2015-06-01,0,,,,
2015-06-17,951.65,972.26,946.01,965.68,3984108,928.84,926.19,905.94,973.36,973.36,22.7,58.56,0,,909.71,,909.71,1,33,2015-06-01,0,,,,
2015-06-18,968.02,976.21,964.5,969.24,2842159,929.21,928.98,917.62,976.21,973.36,21.91,59.49,0,,916.42,,916.42,1,33,2015-06-01,0,,,,
2015-06-19,973.67,983.32,963.65,968.64,2126232,929.51,931.14,927.38,983.32,976.21,21.75,59.25,0,,919.4,,919.4,1,33,2015-06-01,0,,,,
2015-06-22,973.67,981.57,968.9,977.9,1613481,929.96,933.35,927.95,983.32,983.32,21.12,61.83,0,,925.98,,925.98,1,33,2015-06-01,0,,,,
2015-06-23,982.7,1000.2,980.72,997.12,2350728,930.52,937.25,927.95,1000.2,983.32,21.21,66.56,1,997.12,938.32,938.32,938.32,1,33,2015-06-01,0,,,,
2015-06-24,997.94,1001.72,984.96,989.61,1816593,931.02,940.32,928.82,1001.72,1000.2,20.89,63.26,0,,933.98,,938.32,1,33,2015-06-01,0,,,,
2015-06-25,982.19,1025.6,982.19,1021.51,4201746,931.75,944.7,931.33,1025.6,1001.72,22.5,70.05,1,1021.51,954.32,954.32,954.32,1,33,2015-06-01,0,,,,
2015-06-26,1018.03,1018.26,1001.89,1005.11,1818054,932.26,948.26,931.33,1025.6,1025.6,22.29,63.55,0,,943.88,,954.32,1,33,2015-06-01,0,,,,
2015-06-29,986.09,1013.18,970.28,1010.67,3110302,932.75,951.61,931.33,1025.6,1025.6,23.77,64.74,0,,946.48,,954.32,1,33,2015-06-01,0,,,,
2015-06-30,1007.87,1021.03,997.94,1006.29,3076677,933.27,954.66,931.33,1025.6,1025.6,23.72,62.99,0,,943.69,,954.32,1,33,2015-06-01,0,,,,
2015-07-01,1006.38,1026.73,1006.38,1022.61,2471292,933.82,958.41,931.33,1026.73,1025.6,23.48,66.62,0,,954.37,,954.37,1,33,2015-06-01,0,,,,
2015-07-02,1022.78,1026.16,1011.49,1016.2,1335757,934.31,961.45,931.33,1026.73,1026.73,22.85,63.97,0,,950.66,,954.37,1,33,2015-06-01,0,,,,
2015-07-03,1016.0,1030.11,1011.77,1020.12,1830951,934.95,964.35,932.46,1030.11,1026.73,22.53,64.89,0,,953.78,,954.37,1,33,2015-06-01,0,,,,
2015-07-06,1001.92,1028.14,1001.89,1025.06,2029512,935.65,967.84,934.64,1030.11,1030.11,22.8,66.06,0,,957.51,,957.51,1,33,2015-06-01,0,,,,
2015-07-07,1025.57,1029.55,1013.29,1022.41,1728982,936.37,971.48,946.01,1030.11,1030.11,22.33,64.81,0,,959.9,,959.9,1,33,2015-06-01,0,,,,
2015-07-08,1010.36,1024.3,999.07,1019.64,2385891,937.0,974.69,963.65,1030.11,1030.11,22.54,63.45,0,,963.86,,963.86,1,33,2015-06-01,0,,,,
2015-07-09,1024.61,1044.79,1024.61,1043.6,2888308,937.85,978.87,963.65,1044.79,1030.11,22.72,69.41,1,1043.6,979.19,979.19,979.19,1,33,2015-06-01,0,,,,
2015-07-10,1044.22,1061.16,1043.97,1059.13,2696910,938.75,983.05,968.9,1061.16,1044.79,22.35,72.54,0,,991.2,,991.2,1,33,2015-06-01,0,,,,
2015-07-13,1059.13,1061.16,1040.84,1048.57,2160397,939.55,985.91,970.28,1061.16,1061.16,22.21,67.49,0,,984.95,,991.2,1,33,2015-06-01,0,,,,
2015-07-14,1049.7,1056.61,1044.84,1048.49,1669578,940.41,989.37,970.28,1061.16,1061.16,21.46,67.45,0,,985.39,,991.2,1,33,2015-06-01,0,,,,
2015-07-15,1052.69,1061.16,1051.25,1055.17,1757511,941.31,993.43,970.28,1061.16,1061.16,20.84,69.03,0,,990.12,,991.2,1,33,2015-06-01,0,,,,
2015-07-16,1055.51,1059.46,1048.18,1054.41,2124406,942.32,997.3,970.28,1061.16,1061.16,20.15,68.62,0,,990.09,,991.2,1,33,2015-06-01,0,,,,
2015-07-17,1056.02,1065.67,1052.15,1056.42,2513529,943.49,1000.84,970.28,1065.67,1061.16,19.68,69.14,0,,991.7,,991.7,1,33,2015-06-01,0,,,,
2015-07-20,1057.21,1061.1,1044.22,1053.99,1654725,944.71,1004.39,997.94,1065.67,1065.67,19.48,67.68,0,,999.48,,999.48,1,33,2015-06-01,0,,,,
2015-07-21,1055.46,1062.85,1037.51,1041.37,1305582,945.86,1007.74,999.07,1065.67,1065.67,19.9,60.53,0,,991.44,,999.48,1,33,2015-06-01,0,,,,
2015-07-22,1040.61,1054.38,1033.53,1046.74,1643224,947.15,1010.53,999.07,1065.67,1065.67,19.97,62.35,0,,994.86,,999.48,1,33,2015-06-01,0,,,,
2015-07-23,1049.87,1052.44,1028.98,1033.53,2011395,948.39,1013.44,999.07,1065.67,1065.67,20.22,55.56,0,,986.17,,999.48,1,33,2015-06-01,0,,,,
2015-07-24,1035.76,1036.86,1014.34,1017.33,1986279,949.59,1016.17,999.07,1065.67,1065.67,20.38,48.57,0,,975.61,,999.48,1,33,2015-06-01,0,,,,
2015-07-27,1014.37,1014.87,980.92,984.03,3556780,950.63,1017.58,980.92,1065.67,1065.67,21.53,37.99,0,,947.32,,999.48,1,33,2015-06-01,1,999.48,TRAILING_STOP,41,3.82
2015-07-28,987.78,1000.2,984.2,992.83,1856446,951.58,1019.11,980.92,1065.67,1065.67,21.14,41.61,0,,953.25,,,0,,,0,,,,
2015-07-29,997.26,1015.13,987.81,1010.53,1687711,952.54,1020.61,980.92,1065.67,1065.67,21.58,48.16,0,,964.38,,,0,,,0,,,,
2015-07-30,1018.82,1021.65,998.19,1001.19,2621203,953.48,1021.67,980.92,1065.67,1065.67,21.72,45.27,0,,958.26,,,0,,,0,,,,
2015-07-31,1007.25,1024.95,996.81,1011.06,2882673,954.58,1023.09,980.92,1065.67,1065.67,22.18,48.77,0,,964.32,,,0,,,0,,,,
2015-08-03,965.23,1006.97,961.84,1004.37,4953312,955.72,1023.97,961.84,1065.67,1065.67,24.11,46.6,0,,952.36,,,0,,,0,,,,
2015-08-04,1004.71,1013.07,992.86,1001.75,2105218,956.79,1024.12,961.84,1065.67,1065.67,23.83,45.74,0,,950.86,,,0,,,0,,,,
2015-08-05,1001.75,1011.43,998.56,1004.49,1552152,957.88,1024.62,961.84,1065.67,1065.67,23.05,46.84,0,,953.14,,,0,,,0,,,,
2015-08-06,1003.08,1036.77,1001.89,1033.36,2809791,959.13,1025.02,961.84,1065.67,1065.67,23.89,56.81,0,,971.2,,,0,,,0,,,,
2015-08-07,1032.94,1040.84,1025.09,1034.88,2368350,960.4,1026.01,961.84,1065.67,1065.67,23.31,57.27,0,,972.57,,,0,,,0,,,,
2015-08-10,1033.81,1040.95,1019.45,1027.71,2166975,961.6,1026.58,961.84,1065.67,1065.67,23.18,54.36,0,,968.03,,,0,,,0,,,,
2015-08-11,1028.53,1030.06,1005.84,1016.65,1658853,962.6,1026.92,961.84,1065.67,1065.67,23.26,50.14,0,,960.85,,,0,,,0,,,,
2015-08-12,1011.8,1011.88,988.91,994.84,2478813,963.38,1026.0,961.84,1065.67,1065.67,23.58,43.03,0,,946.57,,,0,,,0,,,,
2015-08-13,994.84,1012.59,986.65,993.51,3626170,964.34,1025.24,961.84,1065.67,1065.67,23.74,42.63,0,,945.6,,,0,,,0,,,,
2015-08-14,1004.01,1018.68,987.81,1015.72,1955958,965.47,1025.09,961.84,1062.85,1065.67,24.25,50.79,0,,959.58,,,0,,,0,,,,
2015-08-17,1011.99,1016.0,996.56,1004.91,1508725,966.48,1024.42,961.84,1062.85,1062.85,23.91,47.27,0,,952.84,,,0,,,0,,,,
2015-08-18,1012.16,1024.44,1006.46,1016.09,2073873,967.61,1024.21,961.84,1054.38,1062.85,23.6,51.05,0,,960.26,,,0,,,0,,,,
2015-08-19,1015.95,1027.29,1008.1,1024.3,1626091,968.67,1024.37,961.84,1052.44,1054.38,23.28,53.68,0,,965.77,,,0,,,0,,,,
2015-08-20,1013.18,1026.73,995.68,1005.76,2032938,969.66,1023.1,961.84,1040.95,1052.44,23.84,47.48,0,,953.44,,,0,,,0,,,,
2015-08-21,990.6,990.6,973.67,982.14,3087904,970.49,1020.54,961.84,1040.95,1040.95,24.43,40.99,0,,937.81,,,0,,,0,,,,
2015-08-24,958.43,958.43,905.94,920.92,4809892,970.71,1016.28,905.94,1040.95,1040.95,28.12,29.66,0,,877.22,,,0,,,0,,,,
2015-08-25,931.31,940.08,889.0,917.03,5436565,970.83,1011.9,889.0,1040.95,1040.95,29.76,29.11,0,,867.97,,,0,,,0,,,,
2015-08-26,918.86,927.1,894.42,898.71,3418867,970.75,1006.69,889.0,1040.95,1040.95,29.97,26.61,0,,856.02,,,0,,,0,,,,
2015-08-27,920.05,924.56,897.52,914.43,6486766,970.71,1002.02,889.0,1040.95,1040.95,29.76,32.01,0,,866.3,,,0,,,0,,,,
2015-08-28,925.63,934.16,906.05,912.4,3557331,970.57,997.22,889.0,1040.95,1040.95,29.64,31.69,0,,865.07,,,0,,,0,,,,
2015-08-31,912.71,920.05,902.55,904.75,2546173,970.34,992.24,889.0,1040.95,1040.95,28.78,30.44,0,,860.71,,,0,,,0,,,,
2015-09-01,900.96,904.95,877.29,888.36,4791088,969.82,987.14,877.29,1040.95,1040.95,28.7,27.89,0,,846.29,,,0,,,0,,,,
2015-09-02,903.24,903.24,866.72,871.11,4657150,969.08,981.29,866.72,1040.95,1040.95,29.26,25.48,0,,831.27,,,0,,,0,,,,
2015-09-03,879.46,896.4,876.78,894.57,3510199,968.65,976.66,866.72,1040.95,1040.95,28.97,33.86,0,,846.59,,,0,,,0,,,,
2015-09-04,888.93,892.23,866.74,874.64,3262708,967.99,971.9,866.72,1040.95,1040.95,28.89,30.7,0,,833.79,,,0,,,0,,,,
2015-09-07,877.89,884.42,857.62,860.76,1831632,967.33,967.79,857.62,1030.06,1040.95,28.74,28.69,0,,821.9,,,0,,,0,,,,
2015-09-08,863.89,894.69,849.64,892.12,2772253,966.75,964.44,849.64,1027.29,1030.06,29.91,38.48,0,,838.69,,,0,,,0,,,,
2015-09-09,904.09,910.94,889.55,908.09,3469864,966.32,961.02,849.64,1027.29,1027.29,29.3,42.79,0,,849.4,,,0,,,0,,,,
2015-09-10,896.05,926.62,886.96,921.12,2940453,966.11,958.35,849.64,1027.29,1027.29,30.04,46.1,0,,857.31,,,0,,,0,,,,
2015-09-11,926.62,929.24,908.11,914.04,2370705,965.87,955.12,849.64,1027.29,1027.29,29.4,44.59,0,,853.17,,,0,,,0,,,,
2015-09-14,916.15,923.2,905.52,915.76,1564111,965.64,952.16,849.64,1027.29,1027.29,28.57,45.06,0,,854.84,,,0,,,0,,,,
2015-09-15,915.78,920.57,883.85,888.5,4171896,965.65,948.39,849.64,1027.29,1027.29,29.15,39.35,0,,836.86,,,0,,,0,,,,
2015-09-16,896.4,896.74,875.41,883.11,3774322,965.62,944.34,849.64,1026.73,1027.29,28.59,38.31,0,,833.76,,,0,,,0,,,,
2015-09-18,890.12,903.24,875.33,878.49,3023722,965.41,939.18,849.64,990.6,1026.73,28.54,37.41,0,,830.81,,,0,,,0,,,,
2015-09-21,872.45,888.04,871.02,883.99,2421045,965.09,934.15,849.64,958.43,990.6,27.72,39.25,0,,834.91,,,0,,,0,,,,
2015-09-22,889.72,890.64,844.08,846.76,4925386,964.48,928.12,844.08,940.08,958.43,29.06,32.31,0,,808.14,,,0,,,0,,,,
2015-09-23,839.94,857.62,825.26,852.66,4148463,963.97,922.65,825.26,934.16,940.08,29.3,34.29,0,,805.52,,,0,,,0,,,,
2015-09-24,848.15,848.15,832.53,833.93,3337753,963.27,917.29,825.26,934.16,934.16,28.64,31.17,0,,793.88,,,0,,,0,,,,
2015-09-28,834.81,837.69,812.91,815.45,3741877,962.31,911.35,812.91,934.16,934.16,28.37,28.42,0,,778.02,,,0,,,0,,,,
2015-09-29,809.72,835.38,805.36,824.69,4576866,961.5,904.99,805.36,929.24,934.16,28.49,31.67,0,,781.39,,,0,,,0,,,,
2015-09-30,835.27,837.66,824.78,836.09,3287628,960.72,899.36,805.36,929.24,929.24,27.38,35.55,0,,789.48,,,0,,,0,,,,
2015-10-01,845.65,852.29,833.73,849.69,2706871,959.91,893.81,805.36,929.24,929.24,26.75,39.93,0,,798.67,,,0,,,0,,,,
2015-10-05,857.68,886.13,857.68,884.22,3955770,959.42,889.14,805.36,929.24,929.24,27.44,49.36,0,,820.48,,,0,,,0,,,,
2015-10-06,891.66,891.66,877.86,886.62,3646411,959.01,885.17,805.36,929.24,929.24,26.47,49.94,0,,822.68,,,0,,,0,,,,
2015-10-07,883.85,887.22,878.15,880.86,1399029,958.27,881.8,805.36,929.24,929.24,25.22,48.49,0,,819.79,,,0,,,0,,,,
2015-10-08,879.86,883.22,867.0,874.56,1634403,957.15,880.25,805.36,929.24,929.24,24.58,46.88,0,,816.16,,,0,,,0,,,,
2015-10-09,882.31,892.38,877.01,881.8,2046471,956.06,879.08,805.36,929.24,929.24,24.1,48.98,0,,821.15,,,0,,,0,,,,
2015-10-12,886.7,893.12,883.57,886.13,1188325,955.05,878.66,805.36,929.24,929.24,23.18,50.24,0,,824.55,,,0,,,0,,,,
2015-10-13,889.55,893.37,873.87,881.46,1813896,954.06,877.56,805.36,929.24,929.24,22.92,48.84,0,,821.71,,,0,,,0,,,,
2015-10-14,877.52,886.07,875.33,878.35,1693611,953.28,876.42,805.36,923.2,929.24,22.05,47.88,0,,820.29,,,0,,,0,,,,
2015-10-15,883.94,891.55,881.06,889.84,1884301,952.62,875.93,805.36,920.57,923.2,21.42,51.66,0,,828.12,,,0,,,0,,,,
2015-10-16,892.69,917.44,885.3,915.18,2580712,952.17,876.82,805.36,917.44,920.57,22.18,58.76,0,,843.95,,,0,,,0,,,,
2015-10-19,916.87,918.06,898.28,901.41,1893249,951.61,877.83,805.36,918.06,917.44,22.01,54.11,0,,835.19,,,0,,,0,,,,
2015-10-20,904.21,910.54,894.17,897.28,2194296,951.22,877.92,805.36,918.06,918.06,21.61,52.76,0,,832.79,,,0,,,0,,,,
2015-10-21,898.65,899.56,881.6,884.11,2086108,950.8,878.24,824.78,918.06,918.06,21.35,48.6,0,,830.94,,,0,,,0,,,,
2015-10-23,890.72,895.17,858.9,861.21,4297068,950.08,878.25,833.73,918.06,918.06,22.42,42.34,0,,818.45,,,0,,,0,,,,
2015-10-26,866.77,872.45,857.62,860.16,2636010,949.42,877.19,857.62,918.06,918.06,21.87,42.07,0,,826.09,,,0,,,0,,,,
2015-10-27,858.25,868.45,849.69,852.35,3801229,948.77,875.33,849.69,918.06,918.06,21.65,40.05,0,,818.56,,,0,,,0,,,,
2015-10-28,849.58,854.77,845.65,851.21,2522211,948.16,873.0,845.65,918.06,918.06,20.76,39.75,0,,817.08,,,0,,,0,,,,
2015-10-29,852.49,853.03,836.29,838.66,2901601,947.46,870.48,836.29,918.06,918.06,20.47,36.5,0,,806.05,,,0,,,0,,,,
2015-10-30,839.94,854.03,798.32,804.45,11414433,946.53,866.77,798.32,918.06,918.06,22.99,29.43,0,,769.65,,,0,,,0,,,,
2015-11-02,798.32,800.6,783.63,791.84,7422958,945.66,863.55,783.63,918.06,918.06,22.83,27.33,0,,756.73,,,0,,,0,,,,
2015-11-03,796.55,796.55,779.84,783.09,5215915,944.73,860.22,779.84,918.06,918.06,22.39,25.95,0,,750.11,,,0,,,0,,,,
2015-11-04,791.47,791.47,778.36,780.13,3886504,943.62,856.94,778.36,918.06,918.06,21.73,25.48,0,,748.15,,,0,,,0,,,,
2015-11-05,781.21,786.66,777.79,780.61,3723427,942.32,853.49,777.79,918.06,918.06,20.81,25.71,0,,748.88,,,0,,,0,,,,
2015-11-06,782.92,790.62,782.41,785.34,2817822,941.09,851.45,777.79,918.06,918.06,20.04,28.12,0,,752.45,,,0,,,0,,,,
2015-11-09,769.81,777.79,759.03,774.97,3894880,939.73,848.86,759.03,918.06,918.06,20.49,26.12,0,,739.21,,,0,,,0,,,,
2015-11-10,772.69,779.78,765.81,768.89,3552916,938.24,846.69,759.03,918.06,918.06,20.02,25.0,0,,735.6,,,0,,,0,,,,
2015-11-13,774.94,774.94,758.4,759.09,2728915,936.64,844.81,758.4,918.06,918.06,19.77,23.27,0,,729.23,,,0,,,0,,,,
2015-11-16,758.12,777.1,756.12,773.88,3453009,935.1,843.12,756.12,918.06,918.06,19.86,31.04,0,,737.95,,,0,,,0,,,,
2015-11-17,780.35,782.64,766.95,770.8,2795227,933.58,840.94,756.12,918.06,918.06,19.56,30.35,0,,736.16,,,0,,,0,,,,
2015-11-18,772.09,780.64,764.67,766.64,2537497,932.05,838.17,756.12,918.06,918.06,19.31,29.4,0,,733.65,,,0,,,0,,,,
2015-11-19,774.37,778.36,769.86,774.91,1806705,930.43,834.53,756.12,910.54,918.06,18.76,33.83,0,,739.35,,,0,,,0,,,,
2015-11-20,776.88,783.15,766.67,779.41,2543665,928.9,830.95,756.12,899.56,910.54,18.6,36.18,0,,742.36,,,0,,,0,,,,
2015-11-23,781.21,789.14,778.39,780.58,2178064,927.5,827.61,756.12,895.17,899.56,18.04,36.81,0,,743.49,,,0,,,0,,,,
2015-11-24,777.22,780.58,762.68,764.99,2611854,926.05,823.96,756.12,872.45,895.17,18.03,32.25,0,,733.44,,,0,,,0,,,,
2015-11-26,769.66,772.26,758.49,759.91,4076958,924.73,819.9,756.12,868.45,872.45,17.73,30.91,0,,730.36,,,0,,,0,,,,
2015-11-27,762.05,779.78,761.82,778.36,3462969,923.56,816.3,756.12,854.77,868.45,17.88,40.58,0,,742.16,,,0,,,0,,,,
2015-11-30,778.27,789.16,777.79,783.83,3613390,922.22,813.05,756.12,854.03,854.77,17.41,43.12,0,,746.0,,,0,,,0,,,,
2015-12-01,784.06,788.57,775.82,778.27,1377124,920.92,809.71,756.12,854.03,854.03,17.08,41.19,0,,742.64,,,0,,,0,,,,
2015-12-02,780.07,783.49,770.86,772.09,1781221,919.75,805.79,756.12,800.6,854.03,16.76,39.1,0,,738.86,,,0,,,0,,,,
2015-12-03,770.09,778.3,766.53,768.58,1776231,918.6,800.9,756.12,796.55,800.6,16.41,37.92,0,,736.84,,,0,,,0,,,,
2015-12-04,764.42,770.55,762.96,764.02,2201155,917.43,796.32,756.12,791.47,796.55,15.78,36.39,0,,734.32,,,0,,,0,,,,
2015-12-07,767.21,770.66,761.88,764.76,1649014,916.3,791.9,756.12,790.62,791.47,15.28,36.83,0,,735.13,,,0,,,0,,,,
2015-12-08,762.93,764.1,749.28,753.9,2217838,915.18,787.56,749.28,790.62,790.62,15.29,33.15,0,,725.83,,,0,,,0,,,,
2015-12-09,752.76,755.52,740.38,741.69,3327682,914.0,783.58,740.38,789.16,790.62,15.28,29.58,0,,715.0,,,0,,,0,,,,
2015-12-10,746.77,751.42,741.86,747.54,2893311,912.8,779.83,740.38,789.16,789.16,14.88,33.29,0,,719.03,,,0,,,0,,,,
2015-12-11,747.62,749.13,727.92,733.17,4114018,911.8,775.85,727.92,789.16,789.16,15.34,29.21,0,,705.31,,,0,,,0,,,,
2015-12-14,732.4,736.93,721.05,726.7,4010256,910.74,771.7,721.05,789.16,789.16,15.37,27.58,0,,698.82,,,0,,,0,,,,
2015-12-15,727.04,735.19,721.39,731.71,3333246,909.59,768.14,721.05,789.16,789.16,15.26,30.81,0,,702.13,,,0,,,0,,,,
2015-12-16,736.02,740.72,727.61,730.4,3351052,908.39,765.67,721.05,789.16,789.16,15.11,30.43,0,,701.39,,,0,,,0,,,,
2015-12-17,735.02,741.12,730.77,739.13,3764286,907.44,763.91,721.05,789.16,789.16,14.8,36.12,0,,707.23,,,0,,,0,,,,
2015-12-18,736.65,746.2,732.23,734.11,3934995,906.36,762.28,721.05,789.16,789.16,14.74,34.38,0,,704.03,,,0,,,0,,,,
2015-12-21,733.57,739.98,732.46,735.76,1760169,905.33,760.8,721.05,789.16,789.16,14.22,35.48,0,,705.43,,,0,,,0,,,,
2015-12-22,736.16,739.53,727.61,730.0,2622499,904.2,759.11,721.05,789.16,789.16,14.06,33.37,0,,701.83,,,0,,,0,,,,
2015-12-23,734.45,740.72,731.6,736.16,2420179,903.05,757.48,721.05,789.16,789.16,13.82,37.64,0,,705.96,,,0,,,0,,,,
2015-12-24,739.47,742.15,733.48,738.16,2227447,901.87,756.25,721.05,789.16,789.16,13.45,39.0,0,,707.5,,,0,,,0,,,,
2015-12-28,739.67,741.41,734.54,738.53,2357763,900.72,755.24,721.05,789.16,789.16,12.98,39.27,0,,708.05,,,0,,,0,,,,
2015-12-29,741.29,741.86,732.91,735.34,2280091,899.46,754.44,721.05,788.57,789.16,12.69,37.74,0,,706.18,,,0,,,0,,,,
2015-12-30,737.59,740.15,730.75,731.89,1811727,898.12,753.04,721.05,783.49,788.57,12.46,36.12,0,,704.11,,,0,,,0,,,,
2015-12-31,733.31,733.62,725.41,727.3,2324868,896.83,751.59,721.05,778.3,783.49,12.15,34.01,0,,701.36,,,0,,,0,,,,
2016-01-01,729.32,736.16,725.64,735.14,1127733,895.64,750.54,721.05,770.66,778.3,12.04,40.4,0,,706.49,,,0,,,0,,,,
2016-01-04,733.31,735.56,714.66,716.18,2767263,894.26,748.59,714.66,770.66,770.66,12.67,32.27,0,,691.71,,,0,,,0,,,,
2016-01-05,720.08,723.62,714.21,716.72,2470134,892.92,746.5,714.21,764.1,770.66,12.44,32.68,0,,692.06,,,0,,,0,,,,
2016-01-06,717.91,718.37,704.23,705.28,2728635,891.4,743.99,704.23,755.52,764.1,12.56,28.67,0,,681.28,,,0,,,0,,,,
2016-01-07,700.32,700.44,684.27,687.92,4689760,889.56,741.42,684.27,751.42,755.52,13.16,23.88,0,,663.02,,,0,,,0,,,,
2016-01-08,692.88,693.91,670.02,672.35,5356012,887.75,738.5,670.02,749.13,751.42,13.93,20.56,0,,647.72,,,0,,,0,,,,
2016-01-11,662.6,675.66,652.94,669.08,4304283,885.99,734.86,652.94,746.2,749.13,14.56,19.93,0,,639.5,,,0,,,0,,,,
2016-01-12,676.49,684.27,669.02,672.38,4095195,884.21,731.14,652.94,746.2,746.2,14.61,22.5,0,,641.59,,,0,,,0,,,,
2016-01-13,680.85,680.85,643.27,659.61,5619939,882.28,727.19,643.27,746.2,746.2,16.25,19.85,0,,629.04,,,0,,,0,,,,
2016-01-14,646.86,658.61,633.01,647.01,5099718,880.27,723.02,633.01,746.2,746.2,16.99,17.64,0,,617.0,,,0,,,0,,,,
2016-01-15,650.0,650.91,627.25,631.75,3987867,878.21,718.46,627.25,746.2,746.2,17.46,15.4,0,,604.92,,,0,,,0,,,,
2016-01-18,630.67,632.95,612.42,617.87,4166632,875.91,713.58,612.42,742.15,746.2,17.68,13.7,0,,590.88,,,0,,,0,,,,
2016-01-19,618.3,645.78,609.63,640.34,4372536,873.87,709.44,609.63,742.15,742.15,19.0,27.64,0,,603.56,,,0,,,0,,,,
2016-01-20,627.79,640.08,614.33,636.43,5856754,871.88,705.52,609.63,742.15,742.15,19.5,26.82,0,,600.71,,,0,,,0,,,,
2016-01-21,644.36,648.69,622.17,628.79,3802062,869.79,701.76,609.63,742.15,742.15,20.0,25.26,0,,595.44,,,0,,,0,,,,
2016-01-22,636.32,652.91,633.12,651.31,3694869,867.82,698.55,609.63,741.86,742.15,20.3,36.92,0,,609.77,,,0,,,0,,,,
2016-01-25,656.33,660.24,632.32,635.32,2472816,865.62,695.29,609.63,741.86,741.86,20.84,32.98,0,,599.1,,,0,,,0,,,,
2016-01-27,639.79,639.79,625.91,631.7,2618145,863.37,692.12,609.63,740.15,741.86,20.34,32.15,0,,597.09,,,0,,,0,,,,
2016-01-28,627.82,629.24,610.14,612.71,5794726,861.0,688.16,609.63,736.16,740.15,20.43,28.13,0,,584.79,,,0,,,0,,,,
2016-01-29,612.42,632.38,610.26,628.19,4848987,858.67,684.75,609.63,736.16,736.16,20.55,35.24,0,,594.69,,,0,,,0,,,,
2016-02-01,641.5,660.86,633.01,639.82,7053951,856.28,681.44,609.63,735.56,736.16,21.42,40.04,0,,601.62,,,0,,,0,,,,
2016-02-02,640.93,652.91,633.52,639.74,4505643,853.95,678.29,609.63,723.62,735.56,21.27,40.02,0,,601.66,,,0,,,0,,,,
2016-02-03,631.13,638.65,622.86,632.27,3731595,851.36,674.84,609.63,718.37,723.62,20.96,37.93,0,,597.05,,,0,,,0,,,,
2016-02-04,638.08,655.67,637.63,647.61,5956549,848.97,672.1,609.63,700.44,718.37,21.13,44.36,0,,606.83,,,0,,,0,,,,
2016-02-05,651.08,656.9,642.39,650.0,4000879,846.57,669.22,609.63,693.91,700.44,20.66,45.32,0,,608.69,,,0,,,0,,,,
2016-02-08,650.63,660.24,638.88,644.53,2539246,844.16,666.1,609.63,684.27,693.91,20.71,43.48,0,,605.12,,,0,,,0,,,,
2016-02-09,635.8,643.19,628.62,635.35,2523124,841.57,662.66,609.63,684.27,684.27,20.37,40.52,0,,599.43,,,0,,,0,,,,
2016-02-10,631.64,644.36,628.96,639.0,3203877,839.06,659.45,610.14,680.85,684.27,20.01,42.21,0,,602.19,,,0,,,0,,,,
2016-02-11,637.91,641.65,615.27,622.92,4395021,836.41,655.82,610.14,660.86,680.85,20.47,37.2,0,,591.52,,,0,,,0,,,,
2016-02-12,627.02,628.67,579.38,600.82,6160240,833.58,651.6,579.38,660.86,660.86,22.53,31.65,0,,565.64,,,0,,,0,,,,
2016-02-15,611.45,658.44,607.03,655.42,5939226,831.14,648.95,579.38,660.86,660.86,25.03,51.08,0,,599.18,,,0,,,0,,,,
2016-02-16,660.27,660.27,626.85,629.53,3548740,828.54,646.06,579.38,660.86,660.86,25.63,44.6,0,,582.09,,,0,,,0,,,,
2016-02-17,630.44,646.47,617.07,640.05,3479412,825.85,643.5,579.38,660.86,660.86,25.9,47.51,0,,588.69,,,0,,,0,,,,
2016-02-18,646.86,669.99,646.07,655.56,5457168,823.16,641.85,579.38,669.99,660.86,26.19,51.56,0,,598.5,,,0,,,0,,,,
2016-02-19,653.56,666.54,645.15,656.05,3036894,820.54,640.78,579.38,669.99,669.99,25.85,51.68,0,,599.05,,,0,,,0,,,,
2016-02-22,655.76,666.17,650.17,655.62,2054481,817.92,640.23,579.38,669.99,669.99,25.14,51.56,0,,599.24,,,0,,,0,,,,
2016-02-23,658.75,659.18,641.56,644.44,2045679,815.18,639.4,579.38,669.99,669.99,24.61,48.23,0,,592.39,,,0,,,0,,,,
2016-02-24,639.79,644.36,632.95,634.61,1816150,812.38,638.15,579.38,669.99,669.99,23.67,45.45,0,,586.67,,,0,,,0,,,,
2016-02-25,637.51,638.65,616.98,619.52,2655282,809.47,636.81,579.38,669.99,669.99,23.53,41.5,0,,577.03,,,0,,,0,,,,
2016-02-26,622.97,637.23,622.86,633.32,2277972,806.67,636.35,579.38,669.99,669.99,23.11,46.11,0,,586.21,,,0,,,0,,,,
2016-02-29,635.23,640.65,600.48,613.56,5500993,803.81,635.75,579.38,669.99,669.99,24.33,41.11,0,,572.65,,,0,,,0,,,,
2016-03-01,619.84,643.79,616.41,640.91,3647113,801.11,636.51,579.38,669.99,669.99,24.75,49.31,0,,590.01,,,0,,,0,,,,
2016-03-02,651.77,656.27,646.18,648.86,3652203,798.54,636.8,579.38,669.99,669.99,24.08,51.42,0,,595.59,,,0,,,0,,,,
2016-03-03,655.13,690.66,646.89,688.32,5552958,796.35,638.53,579.38,690.66,669.99,25.49,60.28,0,,620.1,,,0,,,0,,,,
2016-03-04,692.83,697.93,676.86,680.39,3438969,794.33,640.25,600.48,697.93,690.66,25.17,57.99,0,,622.23,,,0,,,0,,,,
2016-03-08,684.84,691.11,668.99,677.12,3022782,792.22,641.11,600.48,697.93,697.93,24.95,57.03,0,,620.27,,,0,,,0,,,,
2016-03-09,674.24,695.68,671.73,691.6,3121141,790.1,642.98,600.48,697.93,697.93,24.88,60.18,0,,629.65,,,0,,,0,,,,
2016-03-10,692.25,696.53,673.58,676.37,2932767,787.93,644.47,600.48,697.93,697.93,24.74,55.57,0,,619.92,,,0,,,0,,,,
2016-03-11,677.97,685.41,667.91,676.09,2996377,785.7,646.59,600.48,697.93,697.93,24.23,55.48,0,,620.09,,,0,,,0,,,,
2016-03-14,682.56,688.06,671.56,675.26,2726301,783.5,648.16,600.48,697.93,697.93,23.67,55.22,0,,619.92,,,0,,,0,,,,
2016-03-15,677.83,683.05,670.33,673.29,2444158,781.31,649.27,600.48,697.93,697.93,22.89,54.55,0,,619.17,,,0,,,0,,,,
2016-03-16,676.86,679.54,664.26,674.69,2704711,779.11,650.44,600.48,697.93,697.93,22.35,54.96,0,,620.44,,,0,,,0,,,,
2016-03-17,683.13,687.12,675.4,680.42,3872653,776.76,652.04,600.48,697.93,697.93,21.64,56.72,0,,624.6,,,0,,,0,,,,
2016-03-18,683.7,685.98,678.63,683.87,2566830,774.42,653.25,600.48,697.93,697.93,20.62,57.79,0,,627.51,,,0,,,0,,,,
2016-03-21,684.84,702.83,681.05,700.32,3575446,772.24,654.93,600.48,702.83,697.93,20.7,62.54,0,,638.07,,,0,,,0,,,,
2016-03-22,703.66,709.93,696.82,705.54,2979816,770.16,656.96,616.41,709.93,702.83,20.16,63.93,0,,647.1,,,0,,,0,,,,
2016-03-23,707.08,712.21,701.55,708.53,2438136,768.26,659.4,646.18,712.21,709.93,19.48,64.73,0,,659.41,,,0,,,0,,,,
2016-03-28,707.65,710.62,683.16,687.89,3717456,766.22,661.03,646.89,712.21,712.21,20.05,55.52,0,,645.95,,,0,,,0,,,,
2016-03-29,688.83,693.42,678.57,680.82,2703178,763.99,662.96,664.26,712.21,712.21,19.68,52.75,0,,647.43,,,0,,,0,,,,
2016-03-30,688.83,702.46,685.13,700.27,2874000,761.95,666.27,664.26,712.21,712.21,19.82,58.83,0,,659.88,,,0,,,0,,,,
2016-03-31,699.07,701.38,690.83,693.79,4945963,759.81,667.55,664.26,712.21,712.21,19.16,56.23,0,,656.14,,,0,,,0,,,,
2016-04-01,691.11,711.81,691.11,705.88,2539944,757.68,670.1,664.26,712.21,712.21,19.27,59.8,0,,663.87,,,0,,,0,,,,
2016-04-04,707.02,712.78,696.59,704.71,1740162,755.68,672.25,664.26,712.78,712.21,19.05,59.3,0,,663.26,,,0,,,0,,,,
2016-04-05,700.47,704.09,678.6,681.51,3151113,753.67,673.12,664.26,712.78,712.78,19.55,50.26,0,,647.96,,,0,,,0,,,,
2016-04-06,683.76,692.83,674.29,691.03,2583834,752.14,674.28,664.26,712.78,712.78,19.48,53.4,0,,654.15,,,0,,,0,,,,
2016-04-07,688.83,689.95,671.61,674.52,2707579,750.52,674.92,664.26,712.78,712.78,19.48,47.77,0,,643.5,,,0,,,0,,,,
2016-04-08,675.15,682.56,673.44,679.85,1565038,749.06,676.1,671.61,712.78,712.78,18.74,49.61,0,,649.88,,,0,,,0,,,,
2016-04-11,681.99,693.34,676.06,691.88,2529934,747.58,678.0,671.61,712.78,712.78,18.63,53.6,0,,657.71,,,0,,,0,,,,
2016-04-12,692.83,704.17,688.29,697.04,2837052,746.14,680.59,671.61,712.78,712.78,18.44,55.24,0,,661.17,,,0,,,0,,,,
2016-04-13,704.8,714.49,700.87,704.17,4955905,744.81,682.95,671.61,714.49,712.78,18.37,57.47,0,,665.82,,,0,,,0,,,,
2016-04-18,703.15,716.75,689.43,714.49,2644515,743.65,686.31,671.61,716.75,714.49,19.0,60.54,0,,672.05,,,0,,,0,,,,
2016-04-20,716.77,723.02,711.64,721.88,2522848,742.65,689.01,671.61,723.02,716.75,18.46,62.62,0,,677.18,,,0,,,0,,,,
2016-04-21,724.02,727.04,710.53,713.89,1723543,741.45,691.18,671.61,727.04,723.02,18.32,59.0,0,,672.12,,,0,,,0,,,,
2016-04-22,712.78,723.62,707.94,721.39,2008374,740.43,692.28,671.61,727.04,727.04,18.13,61.26,0,,677.08,,,0,,,0,,,,
2016-04-25,724.19,728.52,716.83,721.62,2128689,739.5,693.66,671.61,728.52,727.04,17.67,61.33,0,,677.53,,,0,,,0,,,,
2016-04-26,719.11,731.86,718.68,730.46,1877685,738.42,695.44,671.61,731.86,728.52,17.35,64.04,0,,683.45,,,0,,,0,,,,
2016-04-27,730.46,734.88,724.79,727.87,1557685,737.22,696.64,671.61,734.88,731.86,16.83,62.66,0,,682.12,,,0,,,0,,,,
2016-04-28,728.18,731.54,714.72,718.23,2789970,735.87,698.04,671.61,734.88,734.88,16.83,57.66,0,,675.91,,,0,,,0,,,,
2016-04-29,718.57,721.96,710.22,715.41,1689373,734.54,699.35,671.61,734.88,734.88,16.47,56.24,0,,674.33,,,0,,,0,,,,
2016-05-02,710.5,716.2,704.8,713.21,1344315,733.19,700.62,671.61,734.88,734.88,16.11,55.11,0,,673.15,,,0,,,0,,,,
2016-05-03,716.2,731.69,709.93,713.58,2525149,732.03,701.96,673.44,734.88,734.88,16.51,55.27,0,,673.73,,,0,,,0,,,,
2016-05-04,711.1,717.29,707.08,710.96,1644345,730.88,703.17,676.06,734.88,734.88,16.06,53.78,0,,673.22,,,0,,,0,,,,
2016-05-05,709.65,731.32,709.48,726.38,2821255,729.86,704.7,688.29,734.88,734.88,16.47,60.54,0,,686.96,,,0,,,0,,,,
2016-05-06,724.76,725.56,715.06,718.74,1610382,728.76,705.86,689.43,734.88,734.88,16.1,56.16,0,,682.66,,,0,,,0,,,,
2016-05-09,720.77,739.53,720.31,738.19,2788513,728.04,707.12,689.43,739.53,734.88,16.44,63.42,1,738.19,694.98,694.98,694.98,1,34,2016-05-09,0,,,,
2016-05-10,738.44,754.24,734.45,752.73,3676146,727.37,708.7,704.8,754.24,739.53,16.68,67.72,0,,709.33,,709.33,1,34,2016-05-09,0,,,,
2016-05-11,741.21,760.68,738.44,757.12,4603557,726.86,710.32,704.8,760.68,754.24,17.08,68.91,0,,711.89,,711.89,1,34,2016-05-09,0,,,,
2016-05-12,755.61,764.05,747.71,750.47,1553274,726.43,712.4,704.8,764.05,760.68,17.02,65.0,0,,707.64,,711.89,1,34,2016-05-09,0,,,,
2016-05-13,747.0,749.85,730.15,733.6,2103742,725.82,714.16,704.8,764.05,764.05,17.26,56.29,0,,696.6,,711.89,1,34,2016-05-09,0,,,,
2016-05-16,736.62,739.01,723.47,731.74,2410951,725.12,715.21,704.8,764.05,764.05,17.14,55.4,0,,695.48,,711.89,1,34,2016-05-09,1,725.12,SMA150_BREAK,6,-1.77
2016-05-17,735.02,746.43,732.54,736.22,2223565,724.37,716.63,704.8,764.05,764.05,16.96,57.15,0,,698.49,,,0,,,0,,,,
2016-05-18,732.97,748.25,728.21,746.91,2603508,723.45,717.99,704.8,764.05,764.05,17.18,61.05,0,,705.24,,,0,,,0,,,,
2016-05-19,743.58,745.86,718.51,721.96,2005083,722.36,718.57,704.8,764.05,764.05,17.98,49.67,0,,688.61,,,0,,,0,,,,
2016-05-20,725.33,729.72,713.41,715.69,1672558,721.25,719.71,704.8,764.05,764.05,17.86,47.28,0,,684.64,,,0,,,0,,,,
2016-05-23,720.57,721.82,705.94,707.76,2198760,720.14,720.27,705.94,764.05,764.05,17.72,44.38,0,,680.0,,,0,,,0,,,,
2016-05-24,707.76,711.98,697.56,708.31,1858491,718.99,721.39,697.56,764.05,764.05,17.49,44.63,0,,677.72,,,0,,,0,,,,
2016-05-25,718.49,740.52,713.38,736.5,3721570,717.99,723.28,697.56,764.05,764.05,18.54,55.78,0,,695.2,,,0,,,0,,,,
2016-05-26,800.6,846.73,792.61,840.6,20691907,717.72,728.24,697.56,846.73,764.05,25.09,75.44,1,840.6,757.98,757.98,757.98,1,35,2016-05-26,0,,,,
2016-05-27,840.51,848.13,827.97,841.03,5885740,717.47,733.04,697.56,848.13,846.73,24.73,75.49,0,,758.49,,758.49,1,35,2016-05-26,0,,,,
2016-05-30,838.18,853.32,836.04,847.98,3487939,717.19,737.83,697.56,853.32,848.13,24.2,76.31,0,,763.33,,763.33,1,35,2016-05-26,0,,,,
2016-05-31,847.47,847.98,836.64,840.26,3809605,716.69,742.02,697.56,853.32,853.32,23.28,73.39,0,,758.97,,763.33,1,35,2016-05-26,0,,,,
2016-06-01,838.26,846.3,833.16,835.41,2486295,716.25,745.81,697.56,853.32,853.32,22.56,71.54,0,,756.32,,763.33,1,35,2016-05-26,0,,,,
2016-06-02,832.53,845.47,822.07,842.37,3103587,715.88,750.09,697.56,853.32,853.32,22.62,72.61,0,,760.77,,763.33,1,35,2016-05-26,0,,,,
2016-06-03,842.22,847.33,830.25,832.87,2250340,715.54,753.81,697.56,853.32,853.32,22.22,68.81,0,,754.91,,763.33,1,35,2016-05-26,0,,,,
2016-06-06,834.13,840.14,833.13,837.21,1901931,715.38,757.66,697.56,853.32,853.32,21.16,69.59,0,,758.42,,763.33,1,35,2016-05-26,0,,,,
2016-06-07,841.08,855.34,833.27,848.44,3348535,715.3,761.59,697.56,855.34,853.32,21.22,71.58,0,,765.62,,765.62,1,35,2016-05-26,0,,,,
2016-06-08,852.6,863.72,849.72,861.73,3325263,715.37,766.05,697.56,863.72,855.34,20.8,73.76,1,861.73,774.47,774.47,774.47,1,35,2016-05-26,0,,,,
2016-06-09,861.78,863.15,847.98,850.46,1813729,715.36,770.46,697.56,863.72,863.72,20.39,68.93,0,,767.47,,774.47,1,35,2016-05-26,0,,,,
2016-06-10,845.25,858.19,841.83,848.33,2152996,715.42,774.89,697.56,863.72,863.72,20.11,68.02,0,,766.29,,774.47,1,35,2016-05-26,0,,,,
2016-06-13,838.23,840.46,829.85,836.04,2209357,715.64,778.99,697.56,863.72,863.72,19.99,62.88,0,,758.44,,774.47,1,35,2016-05-26,0,,,,
2016-06-14,837.09,840.09,829.74,832.84,1689316,715.91,782.96,713.38,863.72,863.72,19.3,61.57,0,,762.11,,774.47,1,35,2016-05-26,0,,,,
2016-06-15,834.81,865.03,834.53,863.21,2960616,716.44,788.04,792.61,865.03,863.72,20.22,68.3,0,,807.49,,807.49,1,35,2016-05-26,0,,,,
2016-06-16,860.47,860.47,842.79,852.03,2447025,716.92,792.22,822.07,865.03,865.03,20.24,63.87,0,,810.09,,810.09,1,35,2016-05-26,0,,,,
2016-06-17,852.2,856.96,839.89,844.08,2653944,717.35,796.4,822.07,865.03,865.03,20.01,60.84,0,,805.11,,810.09,1,35,2016-05-26,0,,,,
2016-06-20,834.47,861.04,832.7,859.36,2975367,717.84,800.44,822.07,865.03,865.03,20.61,64.34,0,,814.57,,814.57,1,35,2016-05-26,0,,,,
2016-06-21,861.04,861.56,849.92,852.37,1195078,718.35,803.76,822.07,865.03,865.03,19.96,61.63,0,,810.49,,814.57,1,35,2016-05-26,0,,,,
2016-06-22,853.06,857.05,844.05,850.52,1813926,718.9,806.88,822.07,865.03,865.03,19.47,60.9,0,,809.63,,814.57,1,35,2016-05-26,0,,,,
2016-06-23,847.98,859.87,840.17,854.54,2053992,719.54,810.35,829.74,865.03,865.03,19.48,61.95,0,,814.77,,814.77,1,35,2016-05-26,0,,,,
2016-06-24,825.97,837.09,798.89,815.77,6840802,719.81,813.08,798.89,865.03,865.03,22.07,48.38,0,,777.76,,814.77,1,35,2016-05-26,1,814.77,TRAILING_STOP,22,-3.07
2016-06-27,814.83,837.89,814.28,836.38,2560092,720.25,816.57,798.89,865.03,865.03,22.18,54.13,0,,790.98,,,0,,,0,,,,
2016-06-28,837.49,850.49,837.09,840.54,2342134,720.74,820.05,798.89,865.03,865.03,21.6,55.22,0,,794.04,,,0,,,0,,,,
2016-06-29,847.47,851.35,842.37,845.76,2000545,721.22,823.34,798.89,865.03,865.03,20.83,56.61,0,,797.92,,,0,,,0,,,,
2016-06-30,848.61,858.13,846.73,853.34,3960568,721.71,827.72,798.89,865.03,865.03,20.23,58.61,0,,803.22,,,0,,,0,,,,
2016-07-01,858.08,881.0,855.74,879.66,3497923,722.37,833.19,798.89,881.0,865.03,20.76,64.71,1,879.66,819.84,819.84,819.84,1,36,2016-07-01,0,,,,
2016-07-04,883.85,899.25,882.91,894.17,2718052,723.23,839.4,798.89,899.25,881.0,20.67,67.54,0,,829.25,,829.25,1,36,2016-07-01,0,,,,
2016-07-05,893.15,902.1,884.99,898.73,2636760,724.16,845.75,798.89,902.1,899.25,20.42,68.4,0,,832.36,,832.36,1,36,2016-07-01,0,,,,
2016-07-07,898.68,902.07,884.22,886.42,2084571,724.88,850.75,798.89,902.1,902.1,20.24,63.51,0,,824.55,,832.36,1,36,2016-07-01,0,,,,
2016-07-08,886.67,887.36,867.91,873.96,1915600,725.48,851.86,798.89,902.1,902.1,20.18,58.92,0,,816.55,,832.36,1,36,2016-07-01,0,,,,
2016-07-11,888.41,895.94,886.45,889.44,1815517,726.22,853.47,798.89,902.1,902.1,20.31,62.54,0,,826.45,,832.36,1,36,2016-07-01,0,,,,
2016-07-12,894.0,896.25,882.11,894.11,2383048,727.03,855.01,798.89,902.1,902.1,19.87,63.59,0,,829.75,,832.36,1,36,2016-07-01,0,,,,
2016-07-13,894.17,895.14,879.92,884.65,2036055,727.81,856.49,798.89,902.1,902.1,19.54,59.94,0,,823.87,,832.36,1,36,2016-07-01,0,,,,
2016-07-14,888.95,895.8,879.86,892.09,1909636,728.66,858.38,798.89,902.1,902.1,19.28,61.8,0,,828.84,,832.36,1,36,2016-07-01,0,,,,
2016-07-15,893.03,909.51,887.93,904.29,2428458,729.59,860.44,798.89,909.51,902.1,19.44,64.68,1,904.29,836.6,836.6,836.6,1,36,2016-07-01,0,,,,
2016-07-18,905.52,914.44,892.4,897.76,1855422,730.55,862.61,814.28,914.44,909.51,19.63,61.98,0,,837.4,,837.4,1,36,2016-07-01,0,,,,
2016-07-19,896.4,902.95,890.47,896.85,1926168,731.58,864.6,837.09,914.44,914.44,19.12,61.6,0,,844.75,,844.75,1,36,2016-07-01,0,,,,
2016-07-20,896.97,904.38,894.43,895.74,1790911,732.57,866.17,842.37,914.44,914.44,18.46,61.1,0,,846.23,,846.23,1,36,2016-07-01,0,,,,
2016-07-21,898.11,898.11,884.99,888.16,1678212,733.61,867.05,846.73,914.44,914.44,18.08,57.66,0,,843.05,,846.23,1,36,2016-07-01,0,,,,
2016-07-22,889.61,899.76,885.3,897.54,1877206,734.74,868.62,855.74,914.44,914.44,17.82,60.61,0,,852.28,,852.28,1,36,2016-07-01,0,,,,
2016-07-25,896.4,905.98,891.26,904.32,2209774,735.89,870.49,867.91,914.44,914.44,17.6,62.64,0,,860.86,,860.86,1,36,2016-07-01,0,,,,
2016-07-26,905.8,911.22,901.58,908.2,1729183,737.08,872.89,867.91,914.44,914.44,17.03,63.79,0,,863.74,,863.74,1,36,2016-07-01,0,,,,
2016-07-27,910.25,920.92,904.75,913.59,2467012,738.24,875.59,867.91,920.92,914.44,16.97,65.39,0,,867.25,,867.25,1,36,2016-07-01,0,,,,
2016-07-28,914.64,916.13,890.35,899.39,2811580,739.34,876.79,867.91,920.92,920.92,17.6,58.13,0,,857.68,,867.25,1,36,2016-07-01,0,,,,
2016-07-29,906.66,908.63,883.85,888.9,4228011,740.37,878.02,879.86,920.92,920.92,18.11,53.41,0,,854.55,,867.25,1,36,2016-07-01,0,,,,
2016-08-01,889.01,904.38,849.64,851.75,9155449,741.18,878.28,849.64,920.92,920.92,20.73,40.79,0,,818.77,,867.25,1,36,2016-07-01,1,867.25,TRAILING_STOP,21,-1.41
2016-08-02,853.06,863.21,849.78,857.25,2410914,741.98,878.21,849.64,920.92,920.92,20.21,42.94,0,,822.67,,,0,,,0,,,,
2016-08-03,859.9,865.12,838.52,843.14,2619658,742.68,877.9,838.52,920.92,920.92,20.66,39.02,0,,809.56,,,0,,,0,,,,
2016-08-04,853.06,853.06,832.76,837.75,2254336,743.35,877.47,832.76,920.92,920.92,20.64,37.61,0,,804.18,,,0,,,0,,,,
2016-08-05,844.13,864.89,842.79,862.3,2805628,744.19,877.73,832.76,920.92,920.92,21.1,47.01,0,,819.7,,,0,,,0,,,,
2016-08-08,866.74,869.4,853.69,859.42,1403923,745.04,879.19,832.76,920.92,920.92,20.72,46.13,0,,818.1,,,0,,,0,,,,
2016-08-09,860.98,861.04,848.15,855.88,1865400,745.9,879.84,832.76,920.92,920.92,20.16,45.02,0,,816.19,,,0,,,0,,,,
2016-08-10,856.11,857.62,841.85,845.76,1683261,746.64,880.01,832.76,920.92,920.92,19.85,41.91,0,,809.87,,,0,,,0,,,,
2016-08-11,841.11,843.36,834.16,840.91,2240371,747.47,879.85,832.76,920.92,920.92,19.26,40.46,0,,807.14,,,0,,,0,,,,
2016-08-12,843.36,858.59,843.08,850.72,1659132,748.36,879.76,832.76,920.92,920.92,19.14,44.62,0,,813.54,,,0,,,0,,,,
2016-08-16,851.89,862.55,839.37,858.96,2610843,749.39,879.07,832.76,920.92,920.92,19.43,47.91,0,,818.66,,,0,,,0,,,,
2016-08-17,857.48,863.47,850.21,856.77,1384653,750.51,877.82,832.76,920.92,920.92,18.99,47.11,0,,817.54,,,0,,,0,,,,
2016-08-18,860.66,865.11,854.31,855.52,1780732,751.73,876.38,832.76,920.92,920.92,18.41,46.63,0,,817.13,,,0,,,0,,,,
2016-08-19,858.93,864.12,854.11,862.6,1392250,753.02,875.59,832.76,920.92,920.92,17.81,49.75,0,,822.09,,,0,,,0,,,,
2016-08-22,862.97,868.17,853.73,861.61,1837995,754.29,875.18,832.76,920.92,920.92,17.57,49.31,0,,821.61,,,0,,,0,,,,
2016-08-23,861.61,862.8,844.61,852.67,1273489,755.57,873.95,832.76,920.92,920.92,17.61,45.46,0,,815.82,,,0,,,0,,,,
2016-08-24,851.43,859.19,845.68,850.56,1230627,756.93,872.5,832.76,920.92,920.92,17.32,44.57,0,,814.65,,,0,,,0,,,,
2016-08-25,852.06,856.22,837.28,839.68,2616154,758.32,871.0,832.76,916.13,920.92,17.43,40.22,0,,807.56,,,0,,,0,,,,
2016-08-26,839.88,842.74,819.91,823.83,2788650,759.69,868.73,819.91,908.63,916.13,17.82,34.88,0,,792.79,,,0,,,0,,,,
2016-08-29,826.6,844.93,819.22,842.48,2094229,761.04,866.67,819.22,904.38,908.63,18.38,44.26,0,,804.22,,,0,,,0,,,,
2016-08-30,847.39,853.04,841.53,851.8,2598309,762.47,865.14,819.22,869.4,904.38,17.89,48.27,0,,810.56,,,0,,,0,,,,
2016-08-31,851.43,876.22,848.71,873.33,4152240,764.1,864.35,819.22,876.22,869.4,18.58,56.12,0,,823.99,,,0,,,0,,,,
2016-09-01,873.36,875.99,867.04,869.96,1905766,765.56,863.49,819.22,876.22,876.22,17.89,54.72,0,,822.27,,,0,,,0,,,,
2016-09-02,869.96,873.07,858.24,868.77,1755505,767.12,862.85,819.22,876.22,876.22,17.67,54.21,0,,821.65,,,0,,,0,,,,
2016-09-06,872.9,879.85,867.67,875.32,1960860,768.74,862.1,819.22,879.85,876.22,17.28,56.63,0,,826.13,,,0,,,0,,,,
2016-09-07,878.96,889.78,871.63,876.39,2648263,770.5,861.17,819.22,889.78,879.85,17.34,57.02,0,,826.78,,,0,,,0,,,,
2016-09-08,880.6,892.38,878.07,888.66,1692184,772.23,860.52,819.22,892.38,889.78,17.25,61.41,0,,834.76,,,0,,,0,,,,
2016-09-09,888.95,889.58,871.63,876.07,2262933,773.81,859.27,819.22,892.38,892.38,17.3,55.19,0,,826.61,,,0,,,0,,,,
2016-09-12,858.93,861.01,842.71,844.61,1953571,775.18,857.45,819.22,892.38,892.38,18.44,43.37,0,,805.55,,,0,,,0,,,,
2016-09-14,844.61,855.47,840.52,851.6,1718754,776.64,856.2,819.22,892.38,892.38,18.19,46.13,0,,810.23,,,0,,,0,,,,
2016-09-15,851.48,852.61,841.12,848.68,1126282,777.98,856.1,819.22,892.38,892.38,17.71,45.14,0,,808.66,,,0,,,0,,,,
2016-09-16,852.64,865.28,847.67,850.39,2112271,779.31,855.87,819.22,892.38,892.38,17.71,45.87,0,,809.77,,,0,,,0,,,,
2016-09-19,852.0,860.08,845.08,854.2,942540,780.71,856.24,819.22,892.38,892.38,17.51,47.55,0,,812.36,,,0,,,0,,,,
2016-09-20,853.16,856.82,847.7,851.97,1097205,782.16,856.71,819.22,892.38,892.38,16.91,46.64,0,,811.32,,,0,,,0,,,,
2016-09-21,854.31,858.87,846.4,849.75,1337071,783.56,856.3,840.52,892.38,892.38,16.6,45.7,0,,817.2,,,0,,,0,,,,
2016-09-22,860.08,868.17,852.58,865.83,1952950,785.18,856.51,840.52,892.38,892.38,16.73,53.08,0,,827.48,,,0,,,0,,,,
2016-09-23,868.74,875.96,860.43,864.12,3121780,786.94,856.78,840.52,892.38,892.38,16.64,52.26,0,,826.44,,,0,,,0,,,,
2016-09-26,861.24,872.75,843.69,846.06,2122144,788.21,856.79,840.52,892.38,892.38,17.53,44.51,0,,814.2,,,0,,,0,,,,
2016-09-27,848.57,852.18,826.29,829.14,2819209,789.54,856.4,826.29,892.38,892.38,18.13,38.71,0,,798.14,,,0,,,0,,,,
2016-09-28,832.38,846.81,830.33,840.4,2393218,790.87,856.06,826.29,892.38,892.38,18.09,43.94,0,,805.43,,,0,,,0,,,,
2016-09-29,843.69,847.96,819.94,829.84,3040345,792.04,855.09,819.94,892.38,892.38,18.8,40.45,0,,796.03,,,0,,,0,,,,
2016-09-30,828.34,831.54,814.77,827.27,3497865,793.18,854.1,814.77,892.38,892.38,18.66,39.63,0,,792.74,,,0,,,0,,,,
2016-10-03,830.1,851.28,828.45,848.94,2181718,794.47,853.88,814.77,892.38,892.38,19.04,49.06,0,,806.46,,,0,,,0,,,,
2016-10-04,852.46,854.05,833.16,836.5,2289637,795.75,853.01,814.77,892.38,892.38,19.17,44.74,0,,798.35,,,0,,,0,,,,
2016-10-05,842.77,843.86,831.89,839.27,2059848,797.11,852.27,814.77,892.38,892.38,18.66,45.88,0,,800.48,,,0,,,0,,,,
2016-10-06,845.08,847.07,834.69,839.59,1627375,798.58,851.83,814.77,892.38,892.38,18.21,46.02,0,,800.99,,,0,,,0,,,,
2016-10-07,838.73,842.71,831.8,841.01,1098751,799.96,851.52,814.77,889.58,892.38,17.69,46.67,0,,802.25,,,0,,,0,,,,
2016-10-10,843.32,845.88,835.29,836.99,875911,801.45,851.43,814.77,875.96,889.58,17.18,45.01,0,,799.99,,,0,,,0,,,,
2016-10-13,830.59,835.55,826.2,830.3,2659995,802.71,851.64,814.77,875.96,875.96,16.72,42.31,0,,795.98,,,0,,,0,,,,
2016-10-14,833.53,852.81,830.41,851.34,2632323,804.06,851.94,814.77,875.96,875.96,17.14,52.05,0,,809.28,,,0,,,0,,,,
2016-10-17,851.37,852.58,831.8,835.81,2140920,805.05,851.4,814.77,875.96,875.96,17.4,45.89,0,,799.09,,,0,,,0,,,,
2016-10-18,841.44,861.18,837.6,859.07,1983013,806.24,850.93,814.77,875.96,875.96,17.97,54.57,0,,813.71,,,0,,,0,,,,
2016-10-19,859.07,866.43,852.03,860.69,2146896,807.46,850.62,814.77,875.96,875.96,17.71,55.11,0,,814.93,,,0,,,0,,,,
2016-10-20,863.55,870.19,855.78,867.96,1502340,808.64,850.59,814.77,875.96,875.96,17.48,57.54,0,,819.77,,,0,,,0,,,,
2016-10-21,868.17,874.0,861.87,872.12,1670799,809.94,850.49,814.77,875.96,875.96,17.09,58.92,0,,822.71,,,0,,,0,,,,
2016-10-24,875.47,877.4,858.24,861.61,1517035,811.18,849.99,814.77,877.4,875.96,17.24,54.15,0,,815.83,,,0,,,0,,,,
2016-10-25,862.97,865.48,853.56,856.68,838206,812.39,848.93,826.2,877.4,877.4,16.86,52.02,0,,816.72,,,0,,,0,,,,
2016-10-26,854.14,859.51,848.86,855.64,867619,813.6,848.25,826.2,877.4,877.4,16.42,51.56,0,,816.34,,,0,,,0,,,,
2016-10-27,854.17,855.99,841.09,851.6,2440678,814.78,848.48,826.2,877.4,877.4,16.31,49.72,0,,813.81,,,0,,,0,,,,
2016-10-28,849.12,857.14,844.5,854.72,1212981,815.95,848.58,826.2,877.4,877.4,16.05,51.17,0,,816.0,,,0,,,0,,,,
2016-11-01,854.89,854.92,842.77,844.59,947158,817.02,848.45,826.2,877.4,877.4,15.77,46.48,0,,809.65,,,0,,,0,,,,
2016-11-02,835.72,839.88,829.2,836.22,1493443,817.92,847.97,826.2,877.4,877.4,15.74,42.98,0,,804.27,,,0,,,0,,,,
2016-11-03,832.46,846.61,832.38,833.65,1411942,818.78,847.29,826.2,877.4,877.4,15.63,41.94,0,,802.68,,,0,,,0,,,,
2016-11-04,823.66,827.99,806.34,819.56,18639006,819.52,846.21,806.34,877.4,877.4,16.47,36.67,0,,786.42,,,0,,,0,,,,
2016-11-07,822.56,826.43,803.72,806.98,2158653,820.31,844.78,803.72,877.4,877.4,16.91,32.72,0,,777.13,,,0,,,0,,,,
2016-11-08,811.31,811.6,798.9,806.52,1881726,821.15,842.81,798.9,877.4,877.4,16.61,32.59,0,,775.43,,,0,,,0,,,,
2016-11-09,761.95,813.39,747.58,802.62,4757398,821.83,840.76,747.58,877.4,877.4,20.13,31.38,0,,753.47,,,0,,,0,,,,
2016-11-10,808.45,823.72,808.45,815.12,2766432,822.64,839.72,747.58,877.4,877.4,20.2,39.17,0,,761.48,,,0,,,0,,,,
2016-11-11,806.34,813.33,800.05,801.67,2518285,823.28,838.81,747.58,877.4,877.4,19.83,34.62,0,,753.05,,,0,,,0,,,,
2016-11-15,796.01,812.46,786.92,790.99,3958053,823.85,837.16,747.58,877.4,877.4,20.24,31.48,0,,745.89,,,0,,,0,,,,
2016-11-16,800.8,801.38,779.85,794.02,3299710,824.6,835.97,747.58,877.4,877.4,20.33,33.33,0,,747.78,,,0,,,0,,,,
2016-11-17,795.55,798.9,785.04,791.39,1377642,825.27,834.77,747.58,877.4,877.4,19.87,32.51,0,,746.39,,,0,,,0,,,,
2016-11-18,791.97,797.94,785.62,791.08,1654947,826.05,832.84,747.58,877.4,877.4,19.33,32.41,0,,746.55,,,0,,,0,,,,
2016-11-21,795.84,795.84,773.5,778.06,1962840,826.71,830.9,747.58,877.4,877.4,19.54,28.42,0,,738.01,,,0,,,0,,,,
2016-11-22,784.03,785.04,753.01,767.47,3084870,827.21,828.5,747.58,877.4,877.4,20.44,25.65,0,,730.59,,,0,,,0,,,,
2016-11-23,783.31,799.47,778.12,783.46,7493139,827.79,826.63,747.58,865.48,877.4,21.26,35.81,0,,740.35,,,0,,,0,,,,
2016-11-24,781.52,788.45,773.5,779.07,4315369,828.29,824.57,747.58,859.51,865.48,20.81,34.42,0,,737.82,,,0,,,0,,,,
2016-11-25,783.77,793.82,771.42,791.22,3065824,828.8,823.04,747.58,857.14,859.51,20.92,41.22,0,,745.58,,,0,,,0,,,,
2016-11-28,791.08,792.09,779.27,783.28,1777818,829.21,821.47,747.58,857.14,857.14,20.35,38.42,0,,740.85,,,0,,,0,,,,
2016-11-29,783.31,790.64,778.72,780.69,1741327,829.65,819.12,747.58,854.92,857.14,19.74,37.52,0,,739.58,,,0,,,0,,,,
2016-11-30,787.93,803.08,779.27,798.18,4335631,830.16,817.86,747.58,846.61,854.92,20.03,46.59,0,,750.66,,,0,,,0,,,,
2016-12-01,800.28,809.58,792.43,801.41,2151997,830.7,815.94,753.01,846.61,846.61,19.83,48.09,0,,754.69,,,0,,,0,,,,
2016-12-02,795.43,796.36,784.47,786.11,1217827,831.07,813.46,753.01,827.99,846.61,19.62,42.07,0,,744.96,,,0,,,0,,,,
2016-12-05,785.16,787.81,778.75,782.82,1062822,831.43,810.62,753.01,826.43,827.99,18.87,40.88,0,,743.34,,,0,,,0,,,,
2016-12-06,783.98,793.12,783.77,786.28,1771909,831.89,807.76,753.01,823.72,826.43,18.26,42.71,0,,745.98,,,0,,,0,,,,
2016-12-07,789.66,793.76,779.27,781.46,1557765,832.33,805.09,753.01,823.72,823.72,17.99,40.82,0,,743.05,,,0,,,0,,,,
2016-12-08,788.02,794.13,786.08,789.06,1388842,832.83,802.83,753.01,823.72,823.72,17.61,44.96,0,,748.21,,,0,,,0,,,,
2016-12-09,792.49,792.72,783.31,786.31,1211254,833.32,800.52,753.01,813.33,823.72,17.02,43.77,0,,746.83,,,0,,,0,,,,
2016-12-12,785.04,793.64,782.79,787.9,1636279,833.83,798.4,753.01,812.46,813.33,16.58,44.68,0,,748.15,,,0,,,0,,,,
2016-12-13,788.51,795.95,788.04,794.11,2168125,834.28,796.38,771.42,809.58,812.46,15.97,48.22,0,,758.69,,,0,,,0,,,,
2016-12-14,797.68,797.68,783.37,785.01,1360938,834.72,794.39,771.42,809.58,809.58,15.85,43.8,0,,752.9,,,0,,,0,,,,
2016-12-15,779.13,789.14,778.69,783.23,900523,835.02,792.62,771.42,809.58,809.58,15.47,42.97,0,,752.01,,,0,,,0,,,,
2016-12-16,782.91,787.64,780.45,785.39,1577425,835.24,791.02,778.69,809.58,809.58,14.88,44.35,0,,756.22,,,0,,,0,,,,
2016-12-19,783.6,784.47,774.39,776.36,1148169,835.37,789.58,774.39,809.58,809.58,14.6,39.99,0,,749.15,,,0,,,0,,,,
2016-12-20,776.38,785.74,775.89,782.45,1177779,835.58,788.76,774.39,809.58,809.58,14.26,43.99,0,,753.3,,,0,,,0,,,,
2016-12-21,784.0,785.36,773.5,774.65,950224,835.86,787.7,773.5,809.58,809.58,14.09,40.29,0,,748.09,,,0,,,0,,,,
2016-12-22,773.93,775.81,757.36,758.87,1357563,836.04,786.24,757.36,809.58,809.58,14.4,34.05,0,,732.32,,,0,,,0,,,,
2016-12-23,759.5,774.65,751.85,772.03,2136648,836.28,784.8,751.85,809.58,809.58,15.0,42.1,0,,738.58,,,0,,,0,,,,
2016-12-26,770.96,776.38,761.0,772.11,1198728,836.44,783.82,751.85,809.58,809.58,15.03,42.15,0,,738.61,,,0,,,0,,,,
2016-12-27,773.5,784.75,767.21,782.5,1222356,836.85,783.53,751.85,809.58,809.58,15.21,47.96,0,,745.19,,,0,,,0,,,,
2016-12-28,783.31,786.92,776.96,779.24,1294264,837.27,783.04,751.85,809.58,809.58,14.83,46.39,0,,743.34,,,0,,,0,,,,
2016-12-29,774.39,781.58,767.96,773.04,2010627,837.71,782.43,751.85,797.68,809.58,14.75,43.46,0,,739.4,,,0,,,0,,,,
2016-12-30,776.38,782.45,775.81,778.75,1280979,838.18,782.02,751.85,797.68,797.68,14.36,46.79,0,,743.33,,,0,,,0,,,,
2017-01-02,782.76,790.24,778.78,784.81,1476811,838.5,782.24,751.85,797.68,797.68,14.16,50.14,0,,747.38,,,0,,,0,,,,
2017-01-03,785.04,793.7,780.54,789.2,1363398,838.16,782.97,751.85,797.68,797.68,14.09,52.48,0,,750.26,,,0,,,0,,,,
2017-01-04,793.7,797.37,791.1,794.63,2144739,837.85,783.34,751.85,797.68,797.68,13.66,55.27,0,,754.04,,,0,,,0,,,,
2017-01-05,797.89,805.25,795.43,803.69,2781498,837.55,784.16,751.85,805.25,797.68,13.45,59.54,0,,760.03,,,0,,,0,,,,
2017-01-06,805.25,810.27,800.98,802.91,1462912,837.3,784.55,751.85,810.27,805.25,13.15,59.02,0,,759.73,,,0,,,0,,,,
2017-01-09,803.51,806.95,794.68,796.96,819484,837.05,785.01,751.85,810.27,810.27,13.09,55.05,0,,755.93,,,0,,,0,,,,
2017-01-10,796.73,805.25,795.17,800.92,1359729,836.77,785.68,751.85,810.27,810.27,12.87,57.11,0,,758.63,,,0,,,0,,,,
2017-01-11,806.98,818.44,805.25,815.26,1514451,836.65,786.25,751.85,818.44,810.27,13.2,63.63,0,,767.66,,,0,,,0,,,,
2017-01-12,816.73,839.48,816.21,836.62,2707455,836.65,787.42,751.85,839.48,818.44,13.99,70.76,0,,780.91,,,0,,,0,,,,
2017-01-13,842.77,842.77,826.72,830.5,1400770,836.53,788.9,761.0,842.77,839.48,14.14,66.73,0,,779.91,,,0,,,0,,,,
2017-01-16,828.34,836.99,826.78,832.84,1052802,836.34,790.57,767.21,842.77,842.77,13.86,67.49,0,,783.68,,,0,,,0,,,,
2017-01-17,831.22,842.74,831.22,834.54,1423840,836.23,792.18,767.96,842.77,842.77,13.69,68.06,0,,785.14,,,0,,,0,,,,
2017-01-18,834.69,847.96,834.69,838.41,1538178,836.16,794.08,767.96,847.96,842.77,13.67,69.39,0,,787.65,,,0,,,0,,,,
2017-01-19,838.73,844.5,834.14,836.68,1019914,836.17,795.66,775.81,847.96,847.96,13.43,68.03,0,,789.31,,,0,,,0,,,,
2017-01-20,836.68,839.25,814.48,816.65,2177485,836.06,796.68,778.78,847.96,847.96,14.24,54.69,0,,776.84,,,0,,,0,,,,
2017-01-23,815.06,815.64,797.68,804.41,3534069,835.67,797.23,780.54,847.96,847.96,14.58,48.44,0,,769.3,,,0,,,0,,,,
2017-01-24,807.12,821.99,806.98,819.56,1879687,835.45,798.07,791.1,847.96,847.96,14.8,55.26,0,,782.45,,,0,,,0,,,,
2017-01-25,822.45,839.3,819.91,836.85,2294773,835.4,799.8,794.68,847.96,847.96,15.15,61.51,0,,794.56,,,0,,,0,,,,
2017-01-27,837.6,848.68,827.38,831.16,1871125,835.22,801.4,794.68,848.68,847.96,15.59,58.61,0,,790.6,,,0,,,0,,,,
2017-01-30,832.95,846.81,830.07,832.84,2601585,835.08,802.98,794.68,848.68,848.68,15.67,59.22,0,,791.63,,,0,,,0,,,,
2017-01-31,831.22,839.88,823.72,834.83,1894153,834.98,804.93,795.17,848.68,848.68,15.71,59.97,0,,793.05,,,0,,,0,,,,
2017-02-01,835.81,862.88,834.86,860.23,3577633,835.02,807.52,797.68,862.88,848.68,16.59,68.09,1,860.23,809.68,809.68,809.68,1,37,2017-02-01,0,,,,
2017-02-02,861.01,862.39,848.71,852.29,2257914,835.26,810.11,797.68,862.88,862.88,16.38,63.74,0,,804.7,,809.68,1,37,2017-02-01,0,,,,
2017-02-03,852.29,858.93,841.04,854.72,1650459,835.38,813.31,797.68,862.88,862.88,16.49,64.49,0,,806.2,,809.68,1,37,2017-02-01,0,,,,
2017-02-06,857.2,865.86,853.97,856.51,1526715,835.49,816.12,797.68,865.86,862.88,16.16,65.06,0,,807.57,,809.68,1,37,2017-02-01,0,,,,
2017-02-07,854.43,868.63,849.78,866.03,2499546,835.63,819.25,797.68,868.63,865.86,16.35,68.01,1,866.03,813.58,813.58,813.58,1,37,2017-02-01,0,,,,
2017-02-08,868.63,872.21,859.65,869.81,1689792,835.74,822.16,797.68,872.21,868.63,16.08,69.13,0,,816.2,,816.2,1,37,2017-02-01,0,,,,
2017-02-09,870.47,872.12,852.23,860.49,1529256,835.61,824.87,797.68,872.21,872.21,16.35,63.27,0,,810.01,,816.2,1,37,2017-02-01,0,,,,
2017-02-10,863.11,870.56,861.38,866.98,1300986,835.43,828.0,797.68,872.21,872.21,15.9,65.46,0,,814.49,,816.2,1,37,2017-02-01,0,,,,
2017-02-13,869.06,871.05,855.21,865.94,930046,835.21,830.91,797.68,872.21,872.21,15.9,64.8,0,,813.82,,816.2,1,37,2017-02-01,0,,,,
2017-02-14,868.74,869.87,857.78,861.59,926545,835.04,833.47,806.98,872.21,872.21,15.63,61.95,0,,814.3,,816.2,1,37,2017-02-01,0,,,,
2017-02-15,861.64,869.15,852.09,854.31,1952469,834.91,835.64,819.91,872.21,872.21,15.73,57.4,0,,813.85,,816.2,1,37,2017-02-01,0,,,,
2017-02-16,856.56,857.2,843.37,848.68,2071947,834.64,837.44,823.72,872.21,872.21,15.59,54.1,0,,811.58,,816.2,1,37,2017-02-01,0,,,,
2017-02-17,849.15,857.2,845.65,853.16,1028691,834.37,839.09,823.72,872.21,872.21,15.31,56.26,0,,814.66,,816.2,1,37,2017-02-01,0,,,,
2017-02-20,855.96,861.24,851.45,855.84,1105371,834.17,840.85,823.72,872.21,872.21,14.91,57.54,0,,816.65,,816.65,1,37,2017-02-01,0,,,,
2017-02-21,852.0,860.14,852.0,856.22,970615,833.94,842.83,834.86,872.21,872.21,14.43,57.73,0,,820.93,,820.93,1,37,2017-02-01,0,,,,
2017-02-22,856.04,859.36,850.16,852.55,1291317,833.59,844.55,841.04,872.21,872.21,14.05,55.17,0,,820.87,,820.93,1,37,2017-02-01,0,,,,
2017-02-23,854.31,869.32,847.5,858.12,2175397,833.33,845.98,841.04,872.21,872.21,14.61,58.2,0,,824.09,,824.09,1,37,2017-02-01,0,,,,
2017-02-27,862.8,865.86,842.82,846.14,1553899,832.99,846.3,842.82,872.21,872.21,15.21,50.31,0,,816.56,,824.09,1,37,2017-02-01,0,,,,
2017-02-28,849.69,858.9,846.32,848.08,1773558,832.67,846.88,842.82,872.21,872.21,15.04,51.46,0,,817.93,,824.09,1,37,2017-02-01,0,,,,
2017-03-01,849.69,857.11,849.2,852.09,1219411,832.43,847.52,842.82,872.21,872.21,14.61,53.83,0,,820.8,,824.09,1,37,2017-02-01,0,,,,
2017-03-02,855.5,863.17,848.54,850.82,1920216,832.12,848.07,842.82,872.21,872.21,14.61,52.95,0,,819.98,,824.09,1,37,2017-02-01,0,,,,
2017-03-03,849.32,853.36,842.77,848.74,1205019,831.75,848.41,842.77,872.21,872.21,14.32,51.46,0,,818.81,,824.09,1,37,2017-02-01,0,,,,
2017-03-06,847.38,859.51,847.38,857.54,821986,831.41,849.11,842.77,872.21,872.21,14.17,56.97,0,,824.59,,824.59,1,37,2017-02-01,0,,,,
2017-03-07,856.62,860.98,853.99,858.01,991566,831.04,850.48,842.77,872.21,872.21,13.65,57.25,0,,825.24,,825.24,1,37,2017-02-01,0,,,,
2017-03-08,856.85,862.68,847.88,852.18,1424362,830.72,852.08,842.77,872.21,872.21,13.73,52.69,0,,821.42,,825.24,1,37,2017-02-01,0,,,,
2017-03-09,850.21,855.93,845.65,852.52,1111050,830.48,853.18,842.77,872.12,872.21,13.49,52.92,0,,821.81,,825.24,1,37,2017-02-01,0,,,,
2017-03-10,854.83,864.41,854.34,861.01,1836264,830.54,853.98,842.77,871.05,872.12,13.37,58.49,0,,827.36,,827.36,1,37,2017-02-01,0,,,,
2017-03-14,875.67,905.51,875.67,899.39,7224810,830.82,856.26,842.77,905.51,871.05,15.6,73.65,1,899.39,850.63,850.63,850.63,1,37,2017-02-01,0,,,,
2017-03-15,898.76,900.49,889.06,894.08,2408866,831.16,858.3,842.77,905.51,905.51,15.3,69.85,0,,847.41,,850.63,1,37,2017-02-01,0,,,,
2017-03-16,899.91,909.15,899.34,906.87,2396146,831.63,860.7,842.77,909.15,905.51,15.28,73.41,1,906.87,855.67,855.67,855.67,1,37,2017-02-01,0,,,,
2017-03-17,906.87,907.94,891.34,896.19,1927983,831.85,861.9,842.77,909.15,909.15,15.38,66.36,0,,848.71,,855.67,1,37,2017-02-01,0,,,,
2017-03-20,897.03,897.84,886.2,887.59,1442107,832.04,863.07,842.77,909.15,909.15,15.11,61.26,0,,843.35,,855.67,1,37,2017-02-01,0,,,,
2017-03-21,894.72,903.15,890.68,894.17,2415213,832.29,864.39,842.77,909.15,909.15,15.14,63.57,0,,847.57,,855.67,1,37,2017-02-01,0,,,,
2017-03-22,887.71,895.73,880.52,883.09,3371401,832.54,865.27,842.77,909.15,909.15,15.15,57.37,0,,840.42,,855.67,1,37,2017-02-01,0,,,,
2017-03-23,887.21,899.57,876.85,891.2,2511771,832.88,866.11,842.77,909.15,909.15,15.69,60.42,0,,845.29,,855.67,1,37,2017-02-01,0,,,,
2017-03-24,893.56,899.34,889.81,895.41,1347655,833.18,866.97,842.77,909.15,909.15,15.25,61.93,0,,848.3,,855.67,1,37,2017-02-01,0,,,,
2017-03-27,894.66,897.6,887.79,891.2,1583550,833.39,867.99,845.65,909.15,909.15,14.86,59.48,0,,846.8,,855.67,1,37,2017-02-01,0,,,,
2017-03-28,893.56,899.22,889.58,891.4,2628958,833.62,868.8,845.65,909.15,909.15,14.49,59.56,0,,847.18,,855.67,1,37,2017-02-01,0,,,,
2017-03-29,897.03,904.88,894.72,898.5,2280357,833.91,869.89,845.65,909.15,909.15,14.41,62.47,0,,851.81,,855.67,1,37,2017-02-01,0,,,,
2017-03-30,902.22,906.26,896.02,899.02,2288326,834.15,871.14,845.65,909.15,909.15,14.12,62.68,0,,852.34,,855.67,1,37,2017-02-01,0,,,,
2017-03-31,895.93,919.91,895.93,909.09,3543100,834.47,872.96,854.34,919.91,909.15,14.82,66.6,0,,861.26,,861.26,1,37,2017-02-01,0,,,,
2017-04-03,913.13,961.68,910.07,958.79,6576885,835.18,876.63,875.67,961.68,919.91,17.52,78.58,1,958.79,898.63,898.63,898.63,1,37,2017-02-01,0,,,,
2017-04-05,958.79,981.28,951.2,979.26,5179798,836.03,880.84,876.85,981.28,961.68,18.42,81.52,0,,911.63,,911.63,1,37,2017-02-01,0,,,,
2017-04-06,972.65,982.66,963.41,971.61,2740816,836.91,884.7,876.85,982.66,981.28,18.48,77.25,0,,906.65,,911.63,1,37,2017-02-01,0,,,,
2017-04-07,966.87,992.82,964.62,972.93,4096639,837.91,888.59,876.85,992.82,982.66,19.17,77.47,0,,907.04,,911.63,1,37,2017-02-01,0,,,,
2017-04-10,974.38,986.56,959.95,966.32,2406430,838.73,892.38,876.85,992.82,992.82,19.7,73.64,0,,902.43,,911.63,1,37,2017-02-01,0,,,,
2017-04-11,966.32,986.5,964.56,984.13,1974126,839.61,896.58,876.85,992.82,992.82,19.86,76.95,0,,913.81,,913.81,1,37,2017-02-01,0,,,,
2017-04-12,978.42,987.94,967.62,982.92,2135064,840.35,901.14,876.85,992.82,992.82,19.89,76.25,0,,913.0,,913.81,1,37,2017-02-01,0,,,,
2017-04-13,978.13,978.13,965.4,968.92,1975483,841.01,905.17,876.85,992.82,992.82,19.72,68.49,0,,904.09,,913.81,1,37,2017-02-01,0,,,,
2017-04-17,969.76,975.3,964.51,970.54,1135260,841.68,909.11,887.79,992.82,992.82,19.09,68.89,0,,909.2,,913.81,1,37,2017-02-01,0,,,,
2017-04-18,972.07,980.7,960.06,963.7,1839489,842.27,912.88,887.79,992.82,992.82,19.2,65.18,0,,904.72,,913.81,1,37,2017-02-01,0,,,,
2017-04-19,963.99,966.87,959.28,964.3,1158162,842.86,916.73,889.58,992.82,992.82,18.37,65.36,0,,906.25,,913.81,1,37,2017-02-01,0,,,,
2017-04-20,966.24,973.57,960.06,970.45,1044189,843.4,920.49,894.72,992.82,992.82,18.02,67.19,0,,912.17,,913.81,1,37,2017-02-01,0,,,,
2017-04-21,978.42,982.29,969.76,974.09,2415931,844.06,924.36,895.93,992.82,992.82,17.63,68.26,0,,915.18,,915.18,1,37,2017-02-01,0,,,,
2017-04-24,977.26,1002.32,976.11,1000.18,3238530,845.09,929.3,895.93,1002.32,992.82,18.39,74.64,1,1000.18,931.5,931.5,931.5,1,37,2017-02-01,0,,,,
2017-04-25,1004.39,1010.17,1002.08,1007.91,2879794,846.14,934.48,910.07,1010.17,1002.32,17.79,76.17,0,,941.6,,941.6,1,37,2017-02-01,0,,,,
2017-04-26,1007.86,1018.25,1004.39,1010.92,2885722,847.22,939.47,951.2,1018.25,1010.17,17.51,76.76,0,,957.44,,957.44,1,37,2017-02-01,0,,,,
2017-04-27,1008.92,1024.02,1006.7,1019.83,2126127,848.35,943.49,959.28,1024.02,1018.25,17.49,78.45,0,,965.89,,965.89,1,37,2017-02-01,0,,,,
2017-04-28,1017.7,1019.26,1004.51,1010.05,1637739,849.39,947.35,959.28,1024.02,1024.02,17.34,72.23,0,,959.68,,965.89,1,37,2017-02-01,0,,,,
2017-05-02,1010.22,1019.98,995.74,999.8,1861141,850.37,950.45,959.28,1024.02,1024.02,17.83,66.29,0,,952.74,,965.89,1,37,2017-02-01,0,,,,
2017-05-03,1002.08,1007.42,990.54,992.96,1296282,851.33,953.68,959.28,1024.02,1024.02,17.76,62.6,0,,948.38,,965.89,1,37,2017-02-01,0,,,,
2017-05-04,995.16,1005.52,994.0,999.57,1255336,852.22,957.41,959.28,1024.02,1024.02,17.39,64.65,0,,952.89,,965.89,1,37,2017-02-01,0,,,,
2017-05-05,998.62,999.26,983.15,995.39,1555141,853.09,960.78,959.28,1024.02,1024.02,17.32,62.32,0,,950.24,,965.89,1,37,2017-02-01,0,,,,
2017-05-08,997.47,1003.7,984.25,986.85,1246116,854.03,964.24,959.28,1024.02,1024.02,17.47,57.74,0,,944.63,,965.89,1,37,2017-02-01,0,,,,
2017-05-09,988.23,1014.18,984.19,1007.08,1836462,855.22,968.1,959.28,1024.02,1024.02,18.37,64.41,0,,957.08,,965.89,1,37,2017-02-01,0,,,,
2017-05-10,1012.88,1018.82,999.26,1003.96,2010127,856.31,971.72,959.28,1024.02,1024.02,18.45,62.77,0,,955.01,,965.89,1,37,2017-02-01,0,,,,
2017-05-11,1010.17,1012.76,992.62,1002.58,1270446,857.46,975.44,960.06,1024.02,1024.02,18.57,62.01,0,,954.3,,965.89,1,37,2017-02-01,0,,,,
2017-05-12,1002.92,1014.21,996.66,1004.74,1803768,858.64,979.21,969.76,1024.02,1024.02,18.5,62.77,0,,958.98,,965.89,1,37,2017-02-01,0,,,,
2017-05-15,1009.36,1011.06,1002.37,1005.78,1195701,859.69,982.79,976.11,1024.02,1024.02,17.8,63.15,0,,962.23,,965.89,1,37,2017-02-01,0,,,,
2017-05-16,1008.43,1009.16,997.21,1004.8,1654389,860.81,986.32,983.15,1024.02,1024.02,17.38,62.5,0,,964.22,,965.89,1,37,2017-02-01,0,,,,
2017-05-17,1006.64,1018.25,998.91,1013.31,2502879,861.97,989.79,983.15,1024.02,1024.02,17.52,65.77,0,,969.62,,969.62,1,37,2017-02-01,0,,,,
2017-05-18,1004.19,1010.22,990.77,994.35,2155830,863.0,990.97,983.15,1024.02,1024.02,17.88,54.38,0,,957.15,,969.62,1,37,2017-02-01,0,,,,
2017-05-19,998.04,1000.93,979.89,995.48,2268141,864.03,991.52,979.89,1024.02,1024.02,18.11,54.88,0,,956.64,,969.62,1,37,2017-02-01,0,,,,
2017-05-22,1000.35,1015.36,998.04,1011.29,2839224,865.2,992.84,979.89,1024.02,1024.02,18.23,61.29,0,,966.76,,969.62,1,37,2017-02-01,0,,,,
2017-05-23,1013.05,1018.77,997.12,1004.83,1463805,866.36,993.9,979.89,1024.02,1024.02,18.48,57.69,0,,962.43,,969.62,1,37,2017-02-01,0,,,,
2017-05-24,1005.61,1014.15,968.37,972.33,2173069,867.17,994.1,968.37,1024.02,1024.02,20.43,43.74,0,,936.32,,969.62,1,37,2017-02-01,1,969.62,TRAILING_STOP,76,12.72
2017-05-25,976.69,1024.6,976.69,1021.05,5404771,868.4,995.33,968.37,1024.6,1024.02,22.7,59.53,0,,966.23,,,0,,,0,,,,
2017-05-26,1021.71,1038.45,1012.39,1031.87,3066081,869.55,996.96,968.37,1038.45,1024.6,22.94,62.08,1,1031.87,973.05,973.05,973.05,1,38,2017-05-26,0,,,,
2017-05-29,1029.73,1044.77,1019.4,1028.87,3033658,870.67,998.96,968.37,1044.77,1038.45,23.11,60.94,0,,971.0,,973.05,1,38,2017-05-26,0,,,,
2017-05-30,1048.26,1058.63,1012.48,1020.3,6550440,871.69,1000.62,968.37,1058.63,1044.77,24.76,57.66,0,,964.38,,973.05,1,38,2017-05-26,0,,,,
2017-05-31,1023.15,1030.37,1010.57,1016.34,3000732,872.65,1002.38,968.37,1058.63,1058.63,24.41,56.16,0,,962.06,,973.05,1,38,2017-05-26,0,,,,
2017-06-01,1015.94,1037.87,1009.01,1034.87,2898184,873.81,1004.73,968.37,1058.63,1058.63,24.72,61.25,0,,973.8,,973.8,1,38,2017-05-26,0,,,,
2017-06-02,1039.03,1041.91,1026.39,1029.79,1425321,874.96,1006.71,968.37,1058.63,1058.63,24.07,59.22,0,,970.96,,973.8,1,38,2017-05-26,0,,,,
2017-06-05,1036.14,1044.45,1029.5,1041.86,1906419,876.2,1008.96,968.37,1058.63,1058.63,23.42,62.4,0,,979.18,,979.18,1,38,2017-05-26,0,,,,
2017-06-06,1043.47,1043.67,1022.95,1024.68,1431069,877.36,1009.78,968.37,1058.63,1058.63,23.22,55.73,0,,968.23,,979.18,1,38,2017-05-26,0,,,,
2017-06-07,1024.02,1035.85,1023.44,1032.45,1327540,878.54,1010.6,968.37,1058.63,1058.63,22.45,57.92,0,,973.75,,979.18,1,38,2017-05-26,0,,,,
2017-06-08,1032.68,1038.45,1022.58,1024.16,1428979,879.74,1011.04,968.37,1058.63,1058.63,21.98,54.81,0,,968.72,,979.18,1,38,2017-05-26,0,,,,
2017-06-09,1025.75,1029.73,1016.86,1026.44,1632207,881.01,1011.26,968.37,1058.63,1058.63,21.33,55.52,0,,970.62,,979.18,1,38,2017-05-26,0,,,,
2017-06-12,1026.21,1026.33,986.44,1002.43,4068957,882.13,1011.01,968.37,1058.63,1058.63,22.66,47.13,0,,954.25,,979.18,1,38,2017-05-26,0,,,,
2017-06-13,1007.02,1012.88,1002.4,1003.82,1412274,883.36,1011.14,968.37,1058.63,1058.63,21.79,47.63,0,,955.73,,979.18,1,38,2017-05-26,0,,,,
2017-06-14,1005.55,1022.49,1001.39,1018.51,2079657,884.77,1011.99,976.69,1058.63,1058.63,21.74,52.65,0,,968.01,,979.18,1,38,2017-05-26,0,,,,
2017-06-15,1014.29,1017.04,998.62,1001.71,1481092,886.07,1012.06,986.44,1058.63,1058.63,21.61,47.09,0,,960.51,,979.18,1,38,2017-05-26,0,,,,
2017-06-16,1001.42,1010.74,993.25,996.72,2243152,887.36,1012.11,986.44,1058.63,1058.63,21.32,45.55,0,,957.49,,979.18,1,38,2017-05-26,0,,,,
2017-06-19,1002.08,1015.94,999.89,1013.51,1781056,888.69,1013.0,986.44,1058.63,1058.63,21.17,51.32,0,,968.42,,979.18,1,38,2017-05-26,0,,,,
2017-06-20,1015.19,1021.1,1004.51,1010.45,1565472,890.08,1013.11,986.44,1058.63,1058.63,20.84,50.27,0,,966.66,,979.18,1,38,2017-05-26,0,,,,
2017-06-21,1015.07,1028.64,1010.74,1012.59,3556927,891.56,1013.4,986.44,1058.63,1058.63,20.65,51.02,0,,968.17,,979.18,1,38,2017-05-26,0,,,,
2017-06-22,1015.94,1019.17,999.95,1002.32,1761759,892.94,1013.39,986.44,1058.63,1058.63,20.55,47.33,0,,961.61,,979.18,1,38,2017-05-26,0,,,,
2017-06-23,1004.39,1006.27,992.27,994.41,1716825,894.3,1013.04,986.44,1058.63,1058.63,20.08,44.64,0,,956.82,,979.18,1,38,2017-05-26,0,,,,
2017-06-27,991.43,1003.21,973.17,982.29,2317045,895.57,1012.26,973.17,1058.63,1058.63,20.79,40.83,0,,944.11,,979.18,1,38,2017-05-26,1,979.18,TRAILING_STOP,22,-5.11
2017-06-28,980.64,985.92,970.54,983.18,1578525,896.94,1011.54,970.54,1044.45,1058.63,20.41,41.22,0,,944.06,,,0,,,0,,,,
2017-06-29,983.67,994.67,978.74,983.41,2709552,898.38,1010.54,970.54,1044.45,1044.45,20.09,41.33,0,,944.42,,,0,,,0,,,,
2017-06-30,980.73,980.73,958.96,974.15,3251535,899.65,1009.87,958.96,1044.45,1044.45,20.4,38.24,0,,934.38,,,0,,,0,,,,
2017-07-03,974.38,987.37,965.95,973.94,2170096,900.95,1009.15,958.96,1044.45,1044.45,20.47,38.17,0,,934.2,,,0,,,0,,,,
2017-07-04,981.3,981.3,964.56,971.69,1640038,902.15,1007.83,958.96,1043.67,1044.45,20.2,37.38,0,,932.92,,,0,,,0,,,,
2017-07-05,972.07,980.73,969.82,978.59,1034440,903.46,1006.96,958.96,1038.45,1043.67,19.54,41.37,0,,937.82,,,0,,,0,,,,
2017-07-06,980.84,985.32,975.71,979.92,1417581,904.78,1007.21,958.96,1038.45,1038.45,18.83,42.14,0,,939.15,,,0,,,0,,,,
2017-07-07,979.57,991.64,975.65,983.84,1845099,906.02,1005.97,958.96,1029.73,1038.45,18.63,44.44,0,,941.81,,,0,,,0,,,,
2017-07-10,988.23,1003.82,988.23,999.86,324259,907.34,1004.9,958.96,1028.64,1029.73,18.72,52.73,0,,952.08,,,0,,,0,,,,
2017-07-11,1004.05,1010.11,998.62,1005.03,2123947,908.8,1004.11,958.96,1028.64,1028.64,18.21,55.06,0,,955.76,,,0,,,0,,,,
2017-07-12,1009.01,1014.03,1001.91,1004.13,2036904,910.28,1003.57,958.96,1028.64,1028.64,17.77,54.55,0,,955.47,,,0,,,0,,,,
2017-07-13,1021.14,1036.39,1016.67,1029.9,1643754,911.9,1004.02,958.96,1036.39,1028.64,18.81,64.55,1,1029.9,971.4,971.4,971.4,1,39,2017-07-13,0,,,,
2017-07-14,1036.83,1036.83,1016.27,1026.48,1401864,913.54,1003.74,958.96,1036.83,1036.39,18.93,62.59,0,,969.11,,971.4,1,39,2017-07-13,0,,,,
2017-07-17,1032.44,1035.95,1018.77,1026.53,1646087,915.12,1003.63,958.96,1036.83,1036.83,18.81,62.6,0,,969.23,,971.4,1,39,2017-07-13,0,,,,
2017-07-18,1025.34,1040.33,1023.77,1032.35,2375324,916.76,1003.32,958.96,1040.33,1036.83,18.65,64.73,0,,973.09,,973.09,1,39,2017-07-13,0,,,,
2017-07-19,1037.7,1040.33,1025.52,1035.34,1827242,918.41,1003.67,958.96,1040.33,1040.33,18.37,65.8,0,,975.2,,975.2,1,39,2017-07-13,0,,,,
2017-07-20,1035.95,1046.86,1030.69,1039.15,1845852,920.04,1003.9,958.96,1046.86,1040.33,18.22,67.17,0,,977.76,,977.76,1,39,2017-07-13,0,,,,
2017-07-21,1042.96,1042.96,1025.61,1033.54,1912305,921.7,1004.21,964.56,1046.86,1046.86,18.15,63.16,0,,976.05,,977.76,1,39,2017-07-13,0,,,,
2017-07-24,1031.57,1036.52,1026.4,1032.44,1313657,923.36,1004.41,964.56,1046.86,1046.86,17.58,62.37,0,,975.72,,977.76,1,39,2017-07-13,0,,,,
2017-07-25,1032.44,1034.15,1021.49,1026.18,2182162,924.97,1005.2,969.82,1046.86,1046.86,17.23,57.94,0,,973.67,,977.76,1,39,2017-07-13,0,,,,
2017-07-26,1025.34,1037.7,1021.93,1034.41,1161591,926.69,1006.22,975.65,1046.86,1046.86,17.12,61.78,0,,980.99,,980.99,1,39,2017-07-13,0,,,,
2017-07-27,1034.9,1047.25,1028.06,1035.99,3881208,928.38,1006.8,975.65,1047.25,1046.86,17.27,62.49,0,,981.92,,981.92,1,39,2017-07-13,0,,,,
2017-07-28,1037.7,1043.31,1010.97,1017.89,3278658,930.0,1007.34,988.23,1047.25,1047.25,18.35,50.86,0,,973.72,,981.92,1,39,2017-07-13,0,,,,
2017-07-31,1046.2,1058.3,1034.28,1046.42,5000536,931.92,1009.0,998.62,1058.3,1047.25,19.92,62.66,0,,994.53,,994.53,1,39,2017-07-13,0,,,,
2017-08-01,1050.19,1050.19,1026.92,1043.0,2721660,933.72,1009.98,1001.91,1058.3,1058.3,20.16,60.77,0,,993.26,,994.53,1,39,2017-07-13,0,,,,
2017-08-02,1043.84,1044.58,1027.62,1031.39,2154488,935.45,1010.68,1010.97,1058.3,1058.3,19.93,54.76,0,,988.95,,994.53,1,39,2017-07-13,0,,,,
2017-08-03,1034.11,1038.27,1023.37,1029.59,1426006,937.1,1011.25,1010.97,1058.3,1058.3,19.57,53.87,0,,988.03,,994.53,1,39,2017-07-13,0,,,,
2017-08-04,1028.94,1035.9,1025.17,1030.56,1082867,938.77,1012.19,1010.97,1058.3,1058.3,18.94,54.3,0,,989.07,,994.53,1,39,2017-07-13,0,,,,
2017-08-07,1031.3,1038.23,1027.18,1034.15,1035670,940.52,1013.51,1010.97,1058.3,1058.3,18.38,55.94,0,,991.76,,994.53,1,39,2017-07-13,0,,,,
2017-08-08,1034.2,1039.45,1020.17,1026.48,1531255,942.17,1014.98,1010.97,1058.3,1058.3,18.44,51.67,0,,986.77,,994.53,1,39,2017-07-13,0,,,,
2017-08-09,1026.31,1026.31,1006.15,1011.32,1439328,943.68,1015.92,1006.15,1058.3,1058.3,18.58,44.45,0,,975.3,,994.53,1,39,2017-07-13,0,,,,
2017-08-10,1008.78,1022.71,999.14,1014.65,1713614,945.18,1016.96,999.14,1058.3,1058.3,18.93,46.23,0,,974.87,,994.53,1,39,2017-07-13,0,,,,
2017-08-11,1009.59,1014.96,998.24,1004.23,2001103,946.58,1017.97,998.24,1058.3,1058.3,18.78,41.72,0,,967.96,,994.53,1,39,2017-07-13,0,,,,
2017-08-14,1014.25,1022.9,992.74,1017.49,1866838,948.0,1019.42,992.74,1058.3,1058.3,19.59,48.58,0,,974.13,,994.53,1,39,2017-07-13,1,994.53,TRAILING_STOP,23,-3.43
2017-08-16,1019.35,1022.37,996.51,1013.36,2143899,949.41,1020.81,992.74,1058.3,1058.3,20.04,46.74,0,,971.17,,,0,,,0,,,,
2017-08-17,1015.8,1026.45,1003.43,1006.05,1508949,950.8,1021.72,992.74,1058.3,1058.3,20.25,43.58,0,,966.32,,,0,,,0,,,,
2017-08-18,997.17,1009.28,996.29,1003.03,1230709,952.15,1022.49,992.74,1058.3,1058.3,19.73,42.31,0,,964.71,,,0,,,0,,,,
2017-08-21,1005.56,1011.37,997.71,999.92,1651344,953.38,1023.03,992.74,1058.3,1058.3,19.3,40.99,0,,963.0,,,0,,,0,,,,
2017-08-22,1004.27,1006.93,987.46,991.58,1361351,954.41,1022.75,987.46,1058.3,1058.3,19.31,37.59,0,,955.85,,,0,,,0,,,,
2017-08-23,993.63,1001.48,988.66,997.31,1710949,955.52,1022.5,987.46,1058.3,1058.3,18.85,41.2,0,,959.85,,,0,,,0,,,,
2017-08-24,1002.5,1007.64,998.95,1004.01,1316100,956.66,1022.49,987.46,1058.3,1058.3,18.24,45.19,0,,964.58,,,0,,,0,,,,
2017-08-28,1006.67,1024.68,1001.43,1010.39,1884734,957.84,1021.84,987.46,1058.3,1058.3,18.6,48.76,0,,968.46,,,0,,,0,,,,
2017-08-29,1007.51,1010.26,996.6,1002.54,1045267,958.93,1021.04,987.46,1058.3,1058.3,18.25,44.88,0,,963.62,,,0,,,0,,,,
2017-08-30,1011.37,1016.6,1005.16,1011.06,895791,960.09,1020.53,987.46,1050.19,1058.3,17.95,49.57,0,,969.32,,,0,,,0,,,,
2017-08-31,1014.92,1015.8,1002.94,1008.09,1926054,961.37,1019.72,987.46,1044.58,1050.19,17.59,48.03,0,,967.64,,,0,,,0,,,,
2017-09-01,1006.89,1015.27,1003.87,1010.66,976551,962.74,1018.9,987.46,1039.45,1044.58,17.15,49.49,0,,969.6,,,0,,,0,,,,
2017-09-04,1000.68,1010.44,995.4,1003.07,1006945,963.97,1017.69,987.46,1039.45,1039.45,17.01,45.44,0,,964.79,,,0,,,0,,,,
2017-09-05,1003.52,1010.48,995.67,999.53,1110437,965.05,1016.56,987.46,1039.45,1039.45,16.86,43.65,0,,962.61,,,0,,,0,,,,
2017-09-06,995.4,999.04,989.99,991.5,891224,966.12,1015.2,987.46,1039.45,1039.45,16.33,39.82,0,,957.78,,,0,,,0,,,,
2017-09-07,994.6,1003.34,992.07,1001.7,1038623,967.25,1014.38,987.46,1026.45,1039.45,16.01,46.27,0,,964.58,,,0,,,0,,,,
2017-09-08,1009.15,1048.63,1006.09,1040.11,4947759,968.62,1014.57,987.46,1048.63,1026.45,18.22,62.56,1,1040.11,987.88,987.88,987.88,1,40,2017-09-08,0,,,,
2017-09-11,1046.86,1086.78,1022.5,1080.43,4364705,970.08,1016.05,987.46,1086.78,1048.63,21.51,72.12,0,,1011.69,,1011.69,1,40,2017-09-08,0,,,,
2017-09-12,1081.9,1094.76,1081.9,1091.44,2451814,971.68,1018.5,987.46,1094.76,1086.78,21.0,74.07,0,,1019.13,,1019.13,1,40,2017-09-08,0,,,,
2017-09-13,1084.12,1090.33,1071.25,1085.31,2233311,973.22,1019.8,988.66,1094.76,1094.76,20.94,71.09,0,,1015.62,,1019.13,1,40,2017-09-08,0,,,,
2017-09-14,1085.49,1094.76,1074.8,1077.2,1440488,974.69,1020.94,989.99,1094.76,1094.76,20.87,67.24,0,,1010.88,,1019.13,1,40,2017-09-08,0,,,,
2017-09-15,1077.02,1083.81,1066.42,1075.6,1723247,976.08,1022.41,989.99,1094.76,1094.76,20.62,66.48,0,,1010.01,,1019.13,1,40,2017-09-08,0,,,,
2017-09-18,1081.06,1105.41,1081.06,1098.27,3005809,977.61,1024.7,989.99,1105.41,1094.76,21.28,71.43,1,1098.27,1024.2,1024.2,1024.2,1,40,2017-09-08,0,,,,
2017-09-19,1095.65,1098.13,1082.79,1087.58,900287,979.12,1026.6,989.99,1105.41,1105.41,20.86,66.44,0,,1017.58,,1024.2,1,40,2017-09-08,0,,,,
2017-09-20,1089.57,1109.4,1089.57,1096.49,2347635,980.65,1028.68,989.99,1109.4,1105.41,20.93,68.42,0,,1023.28,,1024.2,1,40,2017-09-08,0,,,,
2017-09-21,1097.34,1100.09,1072.36,1089.48,2216227,982.14,1030.78,989.99,1109.4,1109.4,21.42,65.17,0,,1018.43,,1024.2,1,40,2017-09-08,0,,,,
2017-09-22,1089.48,1090.46,1043.35,1051.11,2968531,983.4,1032.11,989.99,1109.4,1109.4,23.25,50.88,0,,992.46,,1024.2,1,40,2017-09-08,0,,,,
2017-09-25,1053.07,1053.07,1015.8,1033.73,2720490,984.6,1032.74,989.99,1109.4,1109.4,24.25,45.97,0,,980.58,,1024.2,1,40,2017-09-08,1,1024.2,TRAILING_STOP,12,-1.53
2017-09-26,1021.13,1037.98,1021.13,1031.68,1809036,985.82,1033.66,989.99,1109.4,1109.4,23.73,45.41,0,,979.61,,,0,,,0,,,,
2017-09-27,1040.56,1040.56,1003.83,1008.88,2317721,986.86,1033.37,992.07,1109.4,1109.4,24.65,39.66,0,,964.98,,,0,,,0,,,,
2017-09-28,1011.68,1014.65,1000.72,1005.47,3474398,987.86,1033.11,1000.72,1109.4,1109.4,23.89,38.86,0,,966.18,,,0,,,0,,,,
2017-09-29,1011.32,1023.83,1003.43,1013.19,3193745,988.9,1033.35,1000.72,1109.4,1109.4,23.64,41.71,0,,971.32,,,0,,,0,,,,
2017-10-03,1025.16,1027.12,1000.77,1006.84,1413186,989.93,1033.47,1000.72,1109.4,1109.4,23.83,40.06,0,,967.1,,,0,,,0,,,,
2017-10-04,1006.93,1014.78,1005.47,1009.86,1155472,990.94,1033.8,1000.72,1109.4,1109.4,22.8,41.25,0,,969.74,,,0,,,0,,,,
2017-10-05,1013.14,1016.51,1001.17,1004.32,1303081,992.0,1034.23,1000.72,1109.4,1109.4,22.26,39.69,0,,966.52,,,0,,,0,,,,
2017-10-06,1006.93,1015.76,1006.93,1012.97,1814990,993.1,1034.75,1000.72,1109.4,1109.4,21.49,43.29,0,,972.61,,,0,,,0,,,,
2017-10-09,1013.14,1027.56,1010.35,1012.21,1737288,994.16,1035.02,1000.72,1109.4,1109.4,21.18,43.05,0,,972.33,,,0,,,0,,,,
2017-10-10,1023.79,1024.9,1009.82,1013.76,2347406,995.25,1035.14,1000.72,1109.4,1109.4,20.75,43.74,0,,973.62,,,0,,,0,,,,
2017-10-11,1017.93,1021.57,1000.15,1005.91,1638071,996.3,1035.25,1000.15,1109.4,1109.4,20.8,41.02,0,,968.33,,,0,,,0,,,,
2017-10-12,1013.14,1016.78,1006.27,1014.61,1151274,997.35,1035.37,1000.15,1109.4,1109.4,20.09,45.1,0,,974.42,,,0,,,0,,,,
2017-10-13,1014.61,1020.24,1007.95,1010.17,1762307,998.36,1035.44,1000.15,1109.4,1109.4,19.53,43.45,0,,971.92,,,0,,,0,,,,
2017-10-16,1014.03,1021.08,1011.95,1015.54,1189499,999.45,1035.6,1000.15,1109.4,1109.4,18.91,46.02,0,,975.8,,,0,,,0,,,,
2017-10-17,1013.14,1024.68,1011.37,1019.13,1123634,1000.56,1036.13,1000.15,1109.4,1109.4,18.51,47.74,0,,978.38,,,0,,,0,,,,
2017-10-18,1020.24,1026.36,1009.68,1012.61,1263098,1001.57,1036.57,1000.15,1109.4,1109.4,18.38,44.95,0,,974.26,,,0,,,0,,,,
2017-10-19,1014.03,1017.62,1008.71,1011.15,264888,1002.32,1037.22,1000.15,1100.09,1109.4,17.71,44.32,0,,973.77,,,0,,,0,,,,
2017-10-23,1014.03,1022.01,996.46,1007.6,1077546,1003.07,1037.42,996.46,1090.46,1100.09,18.27,42.76,0,,969.88,,,0,,,0,,,,
2017-10-24,1010.48,1016.16,999.04,1013.63,1281327,1003.78,1036.54,996.46,1053.07,1090.46,18.18,46.22,0,,973.82,,,0,,,0,,,,
2017-10-25,1020.33,1077.91,1020.33,1068.32,6377478,1004.93,1036.14,996.46,1077.91,1053.07,21.48,66.18,1,1068.32,1006.9,1006.9,1006.9,1,41,2017-10-25,0,,,,
2017-10-26,1073.43,1103.19,1072.72,1085.45,5486055,1006.25,1035.94,996.46,1103.19,1077.91,22.43,69.94,0,,1017.31,,1017.31,1,41,2017-10-25,0,,,,
2017-10-27,1093.83,1101.86,1082.7,1086.47,2036609,1007.53,1035.97,996.46,1103.19,1103.19,22.2,70.15,0,,1018.13,,1018.13,1,41,2017-10-25,0,,,,
2017-10-30,1089.44,1100.0,1086.02,1097.38,1808153,1008.96,1036.65,996.46,1103.19,1103.19,21.61,72.4,0,,1025.55,,1025.55,1,41,2017-10-25,0,,,,
2017-10-31,1097.42,1098.49,1074.18,1084.38,1815888,1010.25,1036.94,996.46,1103.19,1103.19,21.81,66.01,0,,1017.04,,1025.55,1,41,2017-10-25,0,,,,
2017-11-01,1087.75,1097.11,1076.4,1078.17,1929731,1011.47,1036.27,996.46,1103.19,1103.19,21.73,63.15,0,,1013.09,,1025.55,1,41,2017-10-25,0,,,,
2017-11-02,1078.35,1078.79,1067.93,1074.31,1183382,1012.69,1035.83,996.46,1103.19,1103.19,20.95,61.36,0,,1011.12,,1025.55,1,41,2017-10-25,0,,,,
2017-11-03,1074.36,1106.43,1074.36,1095.65,1797145,1014.05,1035.8,996.46,1106.43,1103.19,21.75,66.93,0,,1024.35,,1025.55,1,41,2017-10-25,0,,,,
2017-11-06,1086.78,1101.42,1081.01,1086.51,1691967,1015.3,1035.7,996.46,1106.43,1106.43,21.65,62.76,0,,1018.52,,1025.55,1,41,2017-10-25,0,,,,
2017-11-07,1087.27,1094.41,1067.35,1074.4,1658527,1016.47,1036.48,996.46,1106.43,1106.43,22.04,57.64,0,,1010.45,,1025.55,1,41,2017-10-25,0,,,,
2017-11-08,1075.24,1086.78,1071.87,1080.74,1905789,1017.62,1038.04,996.46,1106.43,1106.43,21.53,59.5,0,,1014.88,,1025.55,1,41,2017-10-25,0,,,,
2017-11-09,1082.48,1092.19,1069.83,1078.7,1733475,1018.42,1039.61,996.46,1106.43,1106.43,21.59,58.61,0,,1013.52,,1025.55,1,41,2017-10-25,0,,,,
2017-11-10,1080.26,1131.09,1079.68,1122.22,5671395,1019.37,1043.39,996.46,1131.09,1106.43,23.79,69.22,1,1122.22,1040.13,1040.13,1040.13,1,41,2017-10-25,0,,,,
2017-11-13,1091.04,1117.78,1071.87,1100.57,5216845,1020.23,1046.56,999.04,1131.09,1131.09,25.69,60.86,0,,1025.76,,1040.13,1,41,2017-10-25,0,,,,
2017-11-14,1095.65,1098.31,1070.85,1073.65,2519826,1020.9,1048.57,1020.33,1131.09,1131.09,25.97,52.39,0,,1015.3,,1040.13,1,41,2017-10-25,0,,,,
2017-11-15,1073.91,1086.78,1069.97,1073.03,1801470,1021.61,1050.78,1067.35,1131.09,1131.09,25.32,52.21,0,,1031.01,,1040.13,1,41,2017-10-25,0,,,,
2017-11-16,1074.45,1085.8,1072.58,1081.72,2003168,1022.26,1053.18,1067.35,1131.09,1131.09,24.46,54.57,0,,1037.19,,1040.13,1,41,2017-10-25,0,,,,
2017-11-17,1091.21,1099.6,1077.91,1084.83,2261694,1022.94,1055.86,1067.35,1131.09,1131.09,24.26,55.41,0,,1039.33,,1040.13,1,41,2017-10-25,0,,,,
2017-11-20,1100.09,1107.18,1085.89,1091.04,2799314,1023.76,1058.46,1067.35,1131.09,1131.09,24.12,57.14,0,,1043.42,,1043.42,1,41,2017-10-25,0,,,,
2017-11-21,1096.09,1096.09,1075.47,1084.69,2192795,1024.52,1060.88,1067.35,1131.09,1131.09,23.87,54.81,0,,1039.49,,1043.42,1,41,2017-10-25,0,,,,
2017-11-22,1086.78,1092.99,1078.04,1084.74,2266995,1025.32,1063.24,1067.35,1131.09,1131.09,23.23,54.82,0,,1039.95,,1043.42,1,41,2017-10-25,0,,,,
2017-11-23,1084.12,1090.5,1074.62,1078.75,1654930,1026.09,1065.67,1067.35,1131.09,1131.09,22.71,52.48,0,,1036.44,,1043.42,1,41,2017-10-25,0,,,,
2017-11-24,1078.79,1085.89,1076.58,1081.01,1637839,1026.82,1067.89,1067.35,1131.09,1131.09,21.75,53.29,0,,1038.53,,1043.42,1,41,2017-10-25,0,,,,
2017-11-27,1077.91,1094.76,1077.91,1086.56,1464649,1027.57,1070.43,1067.35,1131.09,1131.09,21.4,55.31,0,,1042.35,,1043.42,1,41,2017-10-25,0,,,,
2017-11-28,1089.44,1089.44,1072.58,1074.98,4940494,1028.07,1072.41,1069.83,1131.09,1131.09,21.08,50.42,0,,1035.92,,1043.42,1,41,2017-10-25,0,,,,
2017-11-29,1078.31,1085.0,1075.24,1080.43,2046078,1028.56,1074.46,1069.83,1131.09,1131.09,20.29,52.54,0,,1039.96,,1043.42,1,41,2017-10-25,0,,,,
2017-11-30,1077.91,1085.8,1072.58,1079.28,3419336,1029.01,1076.68,1069.97,1131.09,1131.09,19.78,52.04,0,,1039.6,,1043.42,1,41,2017-10-25,0,,,,
2017-12-01,1078.93,1095.65,1071.7,1074.93,1772981,1029.38,1078.8,1069.97,1131.09,1131.09,20.08,50.07,0,,1036.6,,1043.42,1,41,2017-10-25,0,,,,
2017-12-04,1079.68,1086.87,1066.2,1080.12,1796642,1029.85,1081.22,1066.2,1131.09,1131.09,20.12,52.38,0,,1038.66,,1043.42,1,41,2017-10-25,0,,,,
2017-12-05,1077.46,1077.46,1056.92,1073.38,2139688,1030.34,1083.21,1056.92,1131.09,1131.09,20.34,49.19,0,,1031.08,,1043.42,1,41,2017-10-25,0,,,,
2017-12-06,1069.83,1075.24,1054.84,1056.84,1696890,1030.76,1082.83,1054.84,1131.09,1131.09,20.35,42.38,0,,1019.71,,1043.42,1,41,2017-10-25,0,,,,
2017-12-07,1061.05,1089.84,1061.05,1080.92,2476888,1031.3,1082.68,1054.84,1131.09,1131.09,21.25,52.66,0,,1034.64,,1043.42,1,41,2017-10-25,0,,,,
2017-12-08,1086.78,1088.55,1080.3,1082.65,2316890,1031.89,1082.55,1054.84,1117.78,1131.09,20.32,53.31,0,,1036.37,,1043.42,1,41,2017-10-25,0,,,,
2017-12-11,1085.89,1090.33,1078.13,1083.98,2227028,1032.53,1082.11,1054.84,1107.18,1117.78,19.74,53.83,0,,1037.62,,1043.42,1,41,2017-10-25,0,,,,
2017-12-12,1083.41,1083.67,1065.04,1067.17,2009798,1032.93,1081.53,1054.84,1107.18,1107.18,19.68,46.73,0,,1026.82,,1043.42,1,41,2017-10-25,0,,,,
2017-12-13,1068.59,1073.47,1051.29,1055.06,2262858,1033.28,1080.76,1051.29,1107.18,1107.18,19.86,42.4,0,,1017.7,,1043.42,1,41,2017-10-25,0,,,,
2017-12-14,1061.49,1064.6,1043.4,1054.66,1709762,1033.62,1080.11,1043.4,1107.18,1107.18,19.96,42.26,0,,1014.75,,1043.42,1,41,2017-10-25,1,1043.42,TRAILING_STOP,37,-2.33
2017-12-15,1066.37,1079.01,1065.49,1067.75,2161729,1034.04,1079.18,1043.4,1107.18,1107.18,20.27,48.26,0,,1022.98,,,0,,,0,,,,
2017-12-18,1060.16,1085.89,1042.42,1080.48,2851823,1034.54,1078.98,1042.42,1096.09,1107.18,21.93,53.33,0,,1029.76,,,0,,,0,,,,
2017-12-19,1084.12,1084.12,1076.44,1082.25,2878543,1035.06,1079.24,1042.42,1095.65,1096.09,20.91,54.01,0,,1031.58,,,0,,,0,,,,
2017-12-20,1079.86,1100.48,1072.58,1093.43,3293207,1035.59,1079.66,1042.42,1100.48,1095.65,21.41,58.13,0,,1038.46,,,0,,,0,,,,
2017-12-21,1099.2,1122.26,1097.42,1116.76,3664052,1036.41,1080.93,1042.42,1122.26,1100.48,21.94,65.15,1,1116.76,1053.16,1053.16,1053.16,1,42,2017-12-21,0,,,,
2017-12-22,1118.18,1126.7,1111.62,1123.28,2490561,1037.26,1080.96,1042.42,1126.7,1122.26,21.45,66.83,0,,1057.69,,1057.69,1,42,2017-12-21,0,,,,
2017-12-26,1128.3,1131.14,1115.43,1126.43,2493302,1038.03,1081.83,1042.42,1131.14,1126.7,21.04,67.64,0,,1059.99,,1059.99,1,42,2017-12-21,0,,,,
2017-12-27,1125.72,1131.98,1110.11,1115.92,1675081,1038.77,1083.24,1042.42,1131.98,1131.14,21.1,62.19,0,,1053.18,,1059.99,1,42,2017-12-21,0,,,,
2017-12-28,1115.61,1122.22,1108.47,1111.4,2850194,1039.69,1084.51,1042.42,1131.98,1131.98,20.57,59.95,0,,1050.61,,1059.99,1,42,2017-12-21,0,,,,
2017-12-29,1119.6,1126.7,1107.14,1116.28,1819413,1040.33,1085.67,1042.42,1131.98,1131.98,20.5,61.56,0,,1053.81,,1059.99,1,42,2017-12-21,0,,,,
2018-01-01,1118.72,1130.25,1114.19,1118.45,2048058,1040.91,1086.79,1042.42,1131.98,1131.98,20.18,62.28,0,,1055.42,,1059.99,1,42,2017-12-21,0,,,,
2018-01-02,1124.04,1126.61,1102.61,1108.73,1512324,1041.44,1087.38,1042.42,1131.98,1131.98,20.46,57.09,0,,1048.97,,1059.99,1,42,2017-12-21,0,,,,
2018-01-03,1114.19,1139.08,1110.29,1131.4,2720736,1042.18,1088.93,1042.42,1139.08,1131.98,21.16,64.52,0,,1063.12,,1063.12,1,42,2017-12-21,0,,,,
2018-01-04,1139.96,1171.06,1135.66,1167.24,4546456,1043.19,1091.68,1042.42,1171.06,1139.08,22.49,72.6,1,1167.24,1085.35,1085.35,1085.35,1,42,2017-12-21,0,,,,
2018-01-05,1175.49,1179.0,1160.41,1166.53,2418902,1044.06,1094.61,1042.42,1179.0,1171.06,22.21,72.25,0,,1085.08,,1085.35,1,42,2017-12-21,0,,,,
2018-01-08,1167.95,1194.08,1167.95,1187.25,3513256,1045.11,1098.15,1042.42,1194.08,1179.0,22.59,75.91,1,1187.25,1098.19,1098.19,1098.19,1,42,2017-12-21,0,,,,
2018-01-09,1188.8,1191.46,1176.74,1182.37,1703294,1046.05,1101.35,1072.58,1194.08,1194.08,22.03,73.45,0,,1105.47,,1105.47,1,42,2017-12-21,0,,,,
2018-01-10,1181.88,1185.7,1168.97,1174.39,1098019,1047.05,1104.66,1072.58,1194.08,1194.08,21.65,69.49,0,,1100.58,,1105.47,1,42,2017-12-21,0,,,,
2018-01-11,1171.24,1177.09,1164.89,1174.21,1232290,1047.99,1107.78,1097.42,1194.08,1194.08,20.97,69.4,0,,1109.19,,1109.19,1,42,2017-12-21,0,,,,
2018-01-12,1175.94,1181.97,1161.97,1179.18,1825056,1049.03,1111.11,1102.61,1194.08,1194.08,20.9,70.55,0,,1114.17,,1114.17,1,42,2017-12-21,0,,,,
2018-01-15,1184.23,1198.74,1174.25,1176.34,2386631,1050.03,1114.49,1102.61,1198.74,1194.08,21.16,68.96,0,,1112.17,,1114.17,1,42,2017-12-21,0,,,,
2018-01-16,1180.86,1188.49,1174.03,1176.56,3139385,1051.19,1117.71,1102.61,1198.74,1198.74,20.68,69.01,0,,1112.63,,1114.17,1,42,2017-12-21,0,,,,
2018-01-17,1173.72,1203.88,1171.28,1200.65,2724814,1052.5,1121.95,1102.61,1203.88,1198.74,21.53,74.63,1,1200.65,1127.6,1127.6,1127.6,1,42,2017-12-21,0,,,,
2018-01-18,1206.54,1228.72,1198.07,1207.25,4966982,1053.76,1126.97,1102.61,1228.72,1203.88,22.18,75.91,0,,1131.42,,1131.42,1,42,2017-12-21,0,,,,
2018-01-19,1208.32,1223.09,1200.78,1216.7,2127776,1055.19,1131.49,1102.61,1228.72,1228.72,22.19,77.66,0,,1137.51,,1137.51,1,42,2017-12-21,0,,,,
2018-01-22,1143.73,1245.27,1143.73,1241.01,3067658,1056.82,1136.77,1102.61,1245.27,1228.72,27.86,81.4,1,1241.01,1149.41,1149.41,1149.41,1,42,2017-12-21,0,,,,
2018-01-23,1247.35,1255.34,1235.91,1251.52,4804202,1058.41,1142.36,1110.29,1255.34,1245.27,27.26,82.74,0,,1159.15,,1159.15,1,42,2017-12-21,0,,,,
2018-01-24,1248.33,1250.73,1232.98,1243.1,2147973,1059.96,1148.22,1135.66,1255.34,1255.34,26.64,77.89,0,,1162.6,,1162.6,1,42,2017-12-21,0,,,,
2018-01-25,1234.93,1266.03,1234.93,1256.67,6113475,1061.58,1154.94,1143.73,1266.03,1255.34,26.95,79.93,1,1256.67,1173.83,1173.83,1173.83,1,42,2017-12-21,0,,,,
2018-01-29,1258.0,1278.98,1258.0,1270.38,2945415,1063.37,1162.13,1143.73,1278.98,1266.03,26.62,81.77,0,,1182.89,,1182.89,1,42,2017-12-21,0,,,,
2018-01-30,1268.6,1274.59,1248.02,1268.56,1988140,1065.2,1168.82,1143.73,1278.98,1278.98,26.62,80.71,0,,1181.72,,1182.89,1,42,2017-12-21,0,,,,
2018-01-31,1270.33,1277.25,1252.68,1256.67,2614515,1067.03,1174.7,1143.73,1278.98,1278.98,26.47,74.0,0,,1174.15,,1182.89,1,42,2017-12-21,0,,,,
2018-02-01,1294.29,1304.13,1246.64,1291.36,8187730,1069.08,1181.67,1143.73,1304.13,1278.98,28.69,79.39,1,1291.36,1195.05,1195.05,1195.05,1,42,2017-12-21,0,,,,
2018-02-02,1284.62,1284.62,1250.95,1255.74,3621563,1070.9,1187.08,1143.73,1304.13,1304.13,29.53,64.58,0,,1171.51,,1195.05,1,42,2017-12-21,0,,,,
2018-02-05,1224.29,1242.03,1202.2,1209.78,3060688,1072.47,1190.18,1143.73,1304.13,1304.13,31.24,51.3,0,,1140.72,,1195.05,1,42,2017-12-21,0,,,,
2018-02-06,1171.01,1217.5,1148.21,1200.38,4230633,1073.98,1192.75,1143.73,1304.13,1304.13,33.96,49.07,0,,1132.85,,1195.05,1,42,2017-12-21,1,1195.05,TRAILING_STOP,32,7.01
2018-02-07,1215.42,1215.42,1179.93,1183.26,2927403,1075.39,1194.64,1143.73,1304.13,1304.13,34.07,45.23,0,,1121.73,,,0,,,0,,,,
2018-02-08,1193.24,1206.1,1182.59,1195.37,1932082,1076.83,1197.29,1143.73,1304.13,1304.13,33.31,48.31,0,,1130.05,,,0,,,0,,,,
2018-02-09,1175.32,1191.46,1169.37,1179.26,2029257,1078.16,1199.55,1143.73,1304.13,1304.13,32.79,44.7,0,,1120.01,,,0,,,0,,,,
2018-02-12,1183.97,1202.11,1183.97,1198.12,1543603,1079.59,1202.28,1143.73,1304.13,1304.13,32.08,49.46,0,,1132.64,,,0,,,0,,,,
2018-02-14,1201.84,1217.63,1193.77,1207.61,2310144,1080.98,1205.25,1148.21,1304.13,1304.13,31.49,51.71,0,,1140.65,,,0,,,0,,,,
2018-02-15,1210.45,1215.42,1194.48,1197.98,1861841,1082.26,1208.23,1148.21,1304.13,1304.13,30.74,49.31,0,,1134.94,,,0,,,0,,,,
2018-02-16,1204.77,1210.09,1171.46,1178.51,1424576,1083.43,1209.8,1148.21,1304.13,1304.13,31.3,44.78,0,,1122.01,,,0,,,0,,,,
2018-02-19,1178.16,1180.77,1141.78,1149.32,4275673,1084.22,1209.2,1141.78,1304.13,1304.13,31.85,39.0,0,,1100.67,,,0,,,0,,,,
2018-02-20,1153.32,1161.83,1142.0,1144.98,2063972,1085.01,1208.48,1141.78,1304.13,1304.13,30.99,38.21,0,,1098.44,,,0,,,0,,,,
2018-02-21,1152.43,1152.96,1134.68,1138.06,1584305,1085.75,1206.84,1134.68,1304.13,1304.13,30.09,36.93,0,,1092.22,,,0,,,0,,,,
2018-02-22,1133.8,1151.54,1132.02,1146.22,3028574,1086.51,1205.64,1132.02,1304.13,1304.13,29.33,39.51,0,,1097.1,,,0,,,0,,,,
2018-02-23,1146.75,1157.75,1135.93,1154.82,2176017,1087.31,1204.99,1132.02,1304.13,1304.13,28.79,42.2,0,,1103.0,,,0,,,0,,,,
2018-02-26,1158.64,1195.63,1158.64,1192.57,2239306,1088.33,1205.6,1132.02,1304.13,1304.13,29.65,52.22,0,,1126.78,,,0,,,0,,,,
2018-02-27,1195.46,1202.82,1181.08,1187.12,2243499,1089.36,1205.86,1132.02,1304.13,1304.13,29.09,50.85,0,,1123.64,,,0,,,0,,,,
2018-02-28,1178.16,1181.35,1162.72,1169.42,2439968,1090.27,1205.63,1132.02,1304.13,1304.13,28.75,46.57,0,,1112.45,,,0,,,0,,,,
2018-03-01,1170.17,1182.5,1164.94,1166.8,1927606,1091.21,1205.31,1132.02,1304.13,1304.13,27.95,45.96,0,,1111.29,,,0,,,0,,,,
2018-03-05,1164.58,1164.58,1151.5,1153.94,1302005,1092.0,1203.75,1132.02,1284.62,1304.13,27.05,42.95,0,,1103.6,,,0,,,0,,,,
2018-03-06,1161.03,1170.08,1131.14,1138.59,2381856,1092.69,1201.46,1131.14,1242.03,1284.62,27.9,39.62,0,,1092.84,,,0,,,0,,,,
2018-03-07,1139.12,1147.9,1117.83,1120.76,2156582,1093.37,1198.26,1117.83,1217.63,1242.03,28.05,36.12,0,,1076.8,,,0,,,0,,,,
2018-03-08,1128.39,1144.27,1117.16,1138.94,3588828,1093.99,1194.86,1117.16,1217.63,1217.63,27.99,41.77,0,,1088.35,,,0,,,0,,,,
2018-03-09,1140.19,1149.81,1135.57,1144.89,2508919,1094.67,1191.31,1117.16,1217.63,1217.63,27.0,43.53,0,,1092.84,,,0,,,0,,,,
2018-03-12,1153.32,1163.96,1150.65,1162.23,2267260,1095.54,1188.61,1117.16,1217.63,1217.63,26.44,48.43,0,,1104.4,,,0,,,0,,,,
2018-03-13,1163.43,1173.68,1148.04,1155.76,1915199,1096.38,1185.25,1117.16,1217.63,1217.63,26.38,46.8,0,,1100.26,,,0,,,0,,,,
2018-03-14,1155.98,1164.85,1146.22,1156.2,1714051,1097.22,1181.44,1117.16,1217.63,1217.63,25.83,46.93,0,,1100.92,,,0,,,0,,,,
2018-03-15,1157.66,1161.83,1146.31,1148.97,1178352,1097.99,1177.45,1117.16,1215.42,1217.63,25.09,44.97,0,,1096.74,,,0,,,0,,,,
2018-03-16,1153.23,1156.78,1118.18,1126.08,5152611,1098.65,1173.1,1117.16,1210.09,1215.42,26.06,39.37,0,,1081.34,,,0,,,0,,,,
2018-03-19,1135.57,1146.22,1123.02,1135.17,4452882,1099.48,1167.9,1117.16,1202.82,1210.09,25.85,42.44,0,,1087.34,,,0,,,0,,,,
2018-03-20,1131.14,1153.32,1131.14,1147.55,2831066,1100.36,1164.29,1117.16,1202.82,1202.82,25.59,46.41,0,,1095.5,,,0,,,0,,,,
2018-03-21,1148.88,1165.38,1148.88,1161.61,2835466,1101.41,1162.68,1117.16,1202.82,1202.82,25.04,50.58,0,,1104.93,,,0,,,0,,,,
2018-03-22,1166.45,1172.3,1143.56,1149.99,1834024,1102.3,1161.0,1117.16,1202.82,1202.82,25.3,47.31,0,,1097.26,,,0,,,0,,,,
2018-03-23,1134.33,1138.5,1119.16,1124.84,2280525,1103.04,1159.06,1117.16,1202.82,1202.82,25.7,41.1,0,,1080.78,,,0,,,0,,,,
2018-03-26,1124.93,1153.4,1124.93,1151.01,1697069,1104.0,1157.58,1117.16,1202.82,1202.82,25.9,48.65,0,,1097.52,,,0,,,0,,,,
2018-03-27,1159.53,1165.74,1154.2,1160.01,2003736,1105.05,1156.94,1117.16,1202.82,1202.82,25.1,50.98,0,,1103.86,,,0,,,0,,,,
2018-03-28,1154.29,1175.49,1146.57,1162.99,3989865,1106.14,1155.76,1117.16,1182.5,1202.82,25.37,51.76,0,,1105.6,,,0,,,0,,,,
2018-04-02,1164.85,1188.36,1164.01,1185.21,1302024,1107.43,1155.02,1118.18,1188.36,1182.5,25.37,57.22,0,,1120.27,,,0,,,0,,,,
2018-04-03,1182.37,1187.91,1169.33,1180.28,1123582,1108.65,1154.43,1118.18,1188.36,1188.36,24.89,55.71,0,,1117.41,,,0,,,0,,,,
2018-04-04,1180.82,1182.33,1144.62,1149.9,1285513,1109.62,1153.47,1118.18,1188.36,1188.36,25.8,47.42,0,,1097.21,,,0,,,0,,,,
2018-04-05,1165.74,1184.41,1163.07,1178.87,1758313,1110.74,1154.46,1118.18,1188.36,1188.36,26.43,54.39,0,,1115.48,,,0,,,0,,,,
2018-04-06,1157.93,1173.72,1157.93,1168.0,1492796,1111.85,1155.23,1118.18,1188.36,1188.36,26.03,51.63,0,,1108.73,,,0,,,0,,,,
2018-04-09,1169.28,1182.59,1169.15,1178.07,1118116,1112.96,1156.56,1118.18,1188.36,1188.36,25.22,53.96,0,,1115.77,,,0,,,0,,,,
2018-04-10,1178.16,1202.51,1178.16,1197.58,2177789,1114.22,1158.27,1119.16,1202.51,1188.36,25.16,58.17,0,,1128.72,,,0,,,0,,,,
2018-04-11,1205.13,1206.01,1188.8,1200.11,1536552,1115.49,1159.78,1119.16,1206.01,1202.51,24.59,58.7,0,,1130.73,,,0,,,0,,,,
2018-04-12,1203.26,1207.79,1193.73,1204.28,1695410,1116.83,1160.17,1119.16,1207.79,1206.01,23.84,59.61,0,,1133.92,,,0,,,0,,,,
2018-04-13,1208.32,1210.4,1189.33,1201.98,1320241,1118.18,1160.67,1119.16,1210.4,1207.79,23.64,58.84,0,,1132.57,,,0,,,0,,,,
2018-04-16,1195.81,1217.19,1194.26,1213.73,1304778,1119.66,1162.14,1119.16,1217.19,1210.4,23.59,61.56,1,1213.73,1140.18,1140.18,1140.18,1,43,2018-04-16,0,,,,
2018-04-17,1215.86,1222.43,1202.29,1206.15,1058589,1121.02,1163.46,1124.93,1222.43,1217.19,23.35,58.86,0,,1137.38,,1140.18,1,43,2018-04-16,0,,,,
2018-04-18,1209.3,1216.7,1198.56,1206.63,1459202,1122.13,1165.21,1144.62,1222.43,1222.43,22.97,58.98,0,,1144.5,,1144.5,1,43,2018-04-16,0,,,,
2018-04-19,1211.07,1231.47,1208.14,1228.72,2229317,1123.12,1168.22,1144.62,1231.47,1222.43,23.11,64.26,1,1228.72,1158.66,1158.66,1158.66,1,43,2018-04-16,0,,,,
2018-04-20,1228.72,1228.72,1205.66,1211.03,1091415,1123.92,1171.23,1144.62,1231.47,1231.47,23.1,57.84,0,,1147.25,,1158.66,1,43,2018-04-16,0,,,,
2018-04-23,1215.42,1222.51,1202.55,1206.54,1364935,1124.73,1173.48,1144.62,1231.47,1231.47,22.88,56.3,0,,1144.51,,1158.66,1,43,2018-04-16,0,,,,
2018-04-24,1202.73,1226.24,1199.45,1222.51,1002866,1125.7,1176.07,1144.62,1231.47,1231.47,23.16,60.34,0,,1154.62,,1158.66,1,43,2018-04-16,0,,,,
2018-04-25,1220.65,1221.41,1203.84,1209.12,1536003,1126.59,1177.63,1157.93,1231.47,1231.47,22.84,55.69,0,,1150.63,,1158.66,1,43,2018-04-16,0,,,,
2018-04-26,1211.42,1212.09,1180.02,1195.19,4513014,1127.23,1178.94,1157.93,1231.47,1231.47,23.5,51.27,0,,1141.21,,1158.66,1,43,2018-04-16,0,,,,
2018-04-27,1200.78,1226.95,1200.78,1222.29,1746280,1128.13,1181.15,1169.15,1231.47,1231.47,24.09,58.22,0,,1162.04,,1162.04,1,43,2018-04-16,0,,,,
2018-04-30,1225.44,1246.47,1225.44,1242.83,1309980,1129.11,1184.28,1178.16,1246.47,1231.47,24.09,62.58,1,1242.83,1178.28,1178.28,1178.28,1,43,2018-04-16,0,,,,
2018-05-02,1259.78,1263.1,1233.25,1244.83,3975516,1130.14,1188.23,1180.02,1263.1,1246.47,24.51,62.99,0,,1179.92,,1179.92,1,43,2018-04-16,0,,,,
2018-05-03,1247.09,1247.84,1219.5,1222.29,1278892,1131.28,1191.14,1180.02,1263.1,1263.1,24.78,55.67,0,,1165.2,,1179.92,1,43,2018-04-16,0,,,,
2018-05-04,1224.29,1230.28,1208.32,1214.26,1274703,1132.49,1193.36,1180.02,1263.1,1263.1,24.58,53.3,0,,1160.15,,1179.92,1,43,2018-04-16,0,,,,
2018-05-07,1218.97,1236.62,1212.13,1232.41,1250082,1133.82,1195.72,1180.02,1263.1,1263.1,24.57,57.69,0,,1171.86,,1179.92,1,43,2018-04-16,0,,,,
2018-05-08,1234.31,1235.82,1203.13,1210.89,1604486,1135.17,1197.75,1180.02,1263.1,1263.1,25.15,51.51,0,,1157.6,,1179.92,1,43,2018-04-16,0,,,,
2018-05-09,1208.5,1226.6,1207.65,1220.43,1270004,1136.6,1200.94,1180.02,1263.1,1263.1,24.71,53.87,0,,1164.05,,1179.92,1,43,2018-04-16,0,,,,
2018-05-10,1224.38,1228.9,1202.24,1208.5,1262157,1137.91,1202.85,1180.02,1263.1,1263.1,24.85,50.55,0,,1156.26,,1179.92,1,43,2018-04-16,0,,,,
2018-05-11,1213.2,1232.72,1210.36,1230.85,1033691,1139.4,1205.22,1180.02,1263.1,1263.1,24.8,56.01,0,,1170.7,,1179.92,1,43,2018-04-16,0,,,,
2018-05-14,1225.66,1241.14,1221.63,1225.84,1265158,1140.84,1207.31,1180.02,1263.1,1263.1,24.42,54.56,0,,1167.72,,1179.92,1,43,2018-04-16,0,,,,
2018-05-15,1225.18,1244.69,1214.44,1219.14,1824434,1142.27,1208.44,1180.02,1263.1,1263.1,24.84,52.59,0,,1163.12,,1179.92,1,43,2018-04-16,0,,,,
2018-05-16,1210.89,1219.01,1205.39,1208.63,1491335,1143.58,1209.39,1180.02,1263.1,1263.1,24.05,49.57,0,,1156.87,,1179.92,1,43,2018-04-16,0,,,,
2018-05-17,1213.64,1219.85,1197.67,1202.95,1833028,1144.85,1211.16,1180.02,1263.1,1263.1,23.92,47.97,0,,1153.3,,1179.92,1,43,2018-04-16,0,,,,
2018-05-18,1197.67,1207.08,1163.96,1167.11,2070654,1145.87,1210.76,1163.96,1263.1,1263.1,25.29,39.33,0,,1123.91,,1179.92,1,43,2018-04-16,1,1179.92,TRAILING_STOP,24,-2.79
2018-05-21,1163.07,1186.01,1163.07,1165.07,2047129,1146.93,1210.67,1163.07,1263.1,1263.1,25.12,38.9,0,,1122.41,,,0,,,0,,,,
2018-05-22,1169.2,1189.6,1167.6,1171.19,1375132,1147.98,1210.44,1163.07,1263.1,1263.1,25.08,40.98,0,,1126.39,,,0,,,0,,,,
2018-05-23,1168.4,1197.67,1166.62,1177.18,1851368,1149.09,1209.76,1163.07,1263.1,1263.1,25.5,43.03,0,,1129.97,,,0,,,0,,,,
2018-05-24,1185.25,1195.46,1176.74,1187.07,1482329,1150.23,1209.32,1163.07,1263.1,1263.1,25.02,46.34,0,,1136.67,,,0,,,0,,,,
2018-05-25,1189.64,1195.54,1181.48,1190.58,1696915,1151.38,1208.86,1163.07,1263.1,1263.1,24.24,47.5,0,,1139.46,,,0,,,0,,,,
2018-05-28,1194.12,1228.68,1192.44,1221.14,2127978,1152.77,1209.5,1163.07,1263.1,1263.1,25.23,56.38,0,,1158.51,,,0,,,0,,,,
2018-05-29,1236.44,1264.17,1220.21,1224.82,6814062,1154.19,1209.87,1163.07,1264.17,1263.1,26.56,57.32,0,,1159.99,,,0,,,0,,,,
2018-05-30,1224.29,1224.29,1204.02,1211.56,2286366,1155.55,1210.05,1163.07,1264.17,1264.17,26.15,52.91,0,,1151.71,,,0,,,0,,,,
2018-05-31,1216.26,1222.03,1203.0,1215.77,2930988,1156.9,1210.36,1163.07,1264.17,1264.17,25.64,54.12,0,,1154.77,,,0,,,0,,,,
2018-06-01,1220.56,1238.48,1208.85,1217.55,2234018,1157.89,1209.99,1163.07,1264.17,1264.17,25.93,54.65,0,,1155.72,,,0,,,0,,,,
2018-06-04,1220.7,1228.72,1201.22,1204.64,1346919,1158.69,1209.77,1163.07,1264.17,1264.17,26.04,50.13,0,,1147.32,,,0,,,0,,,,
2018-06-05,1208.14,1208.14,1176.91,1183.26,1905926,1159.33,1209.0,1163.07,1264.17,1264.17,26.41,43.69,0,,1133.28,,,0,,,0,,,,
2018-06-06,1180.82,1202.11,1180.82,1198.16,1581905,1160.0,1208.19,1163.07,1264.17,1264.17,26.05,48.64,0,,1143.14,,,0,,,0,,,,
2018-06-07,1206.9,1211.87,1196.74,1202.24,2272271,1160.79,1207.96,1163.07,1264.17,1264.17,25.27,49.94,0,,1146.29,,,0,,,0,,,,
2018-06-08,1196.83,1202.11,1180.91,1192.31,2483519,1161.55,1207.86,1163.07,1264.17,1264.17,24.99,46.84,0,,1140.07,,,0,,,0,,,,
2018-06-11,1191.46,1202.11,1186.14,1191.69,1417401,1162.33,1206.84,1166.62,1264.17,1264.17,24.34,46.65,0,,1141.29,,,0,,,0,,,,
2018-06-12,1195.9,1214.04,1192.88,1212.22,1853562,1163.11,1205.82,1166.62,1264.17,1264.17,24.2,53.54,0,,1154.62,,,0,,,0,,,,
2018-06-13,1212.58,1213.86,1200.33,1205.44,1253808,1163.9,1204.51,1176.74,1264.17,1264.17,23.44,51.19,0,,1154.13,,,0,,,0,,,,
2018-06-14,1201.22,1206.06,1188.8,1191.46,1325652,1164.68,1203.48,1176.91,1264.17,1264.17,23.0,46.64,0,,1145.46,,,0,,,0,,,,
2018-06-15,1189.69,1191.46,1173.94,1179.84,2660969,1165.34,1202.33,1173.94,1264.17,1264.17,22.6,43.2,0,,1137.24,,,0,,,0,,,,
2018-06-18,1181.04,1186.5,1171.99,1173.9,951701,1165.98,1200.38,1171.99,1264.17,1264.17,22.03,41.52,0,,1133.14,,,0,,,0,,,,
2018-06-19,1170.04,1177.71,1159.57,1162.54,1607343,1166.25,1198.77,1159.57,1264.17,1264.17,21.75,38.43,0,,1121.86,,,0,,,0,,,,
2018-06-20,1163.12,1170.35,1153.32,1159.3,2207289,1166.64,1196.73,1153.32,1264.17,1264.17,21.41,37.57,0,,1117.91,,,0,,,0,,,,
2018-06-21,1162.19,1167.51,1140.89,1144.27,2161971,1167.11,1194.59,1140.89,1264.17,1264.17,21.78,33.81,0,,1103.83,,,0,,,0,,,,
2018-06-22,1143.29,1157.75,1138.68,1153.18,3364048,1167.64,1192.0,1138.68,1264.17,1264.17,21.59,37.79,0,,1108.97,,,0,,,0,,,,
2018-06-25,1154.2,1156.64,1121.6,1125.06,1622133,1167.93,1188.64,1121.6,1264.17,1264.17,22.55,31.37,0,,1084.5,,,0,,,0,,,,
2018-06-26,1125.64,1138.68,1118.8,1126.74,2003243,1168.21,1185.56,1118.8,1238.48,1264.17,22.36,32.11,0,,1084.77,,,0,,,0,,,,
2018-06-27,1129.36,1131.14,1090.33,1093.65,2332129,1168.23,1181.73,1090.33,1238.48,1238.48,23.68,26.12,0,,1053.06,,,0,,,0,,,,
2018-06-28,1089.44,1100.09,1069.92,1095.61,4677061,1168.3,1178.15,1069.92,1238.48,1238.48,24.14,26.99,0,,1047.21,,,0,,,0,,,,
2018-06-29,1096.49,1133.75,1093.92,1131.22,2324572,1168.61,1176.96,1069.92,1228.72,1238.48,25.26,40.65,0,,1069.44,,,0,,,0,,,,
2018-07-02,1133.71,1133.75,1102.66,1114.24,3832519,1168.85,1175.26,1069.92,1214.04,1228.72,25.68,37.08,0,,1058.21,,,0,,,0,,,,
2018-07-03,1117.16,1121.38,1105.45,1110.29,2096700,1169.04,1173.23,1069.92,1214.04,1214.04,24.98,36.29,0,,1056.12,,,0,,,0,,,,
2018-07-04,1110.64,1119.07,1102.92,1117.38,1842579,1169.25,1171.24,1069.92,1214.04,1214.04,24.35,38.83,0,,1061.12,,,0,,,0,,,,
2018-07-05,1122.26,1122.26,1105.05,1112.9,2006459,1169.5,1168.77,1069.92,1214.04,1214.04,23.84,37.8,0,,1058.57,,,0,,,0,,,,
2018-07-06,1109.84,1134.02,1104.43,1123.42,2064484,1169.79,1166.53,1069.92,1214.04,1214.04,24.25,41.7,0,,1065.08,,,0,,,0,,,,
2018-07-09,1128.3,1145.73,1120.67,1142.67,2021357,1170.21,1163.91,1069.92,1214.04,1214.04,24.31,48.1,0,,1077.46,,,0,,,0,,,,
2018-07-10,1148.39,1151.54,1129.14,1139.65,1923397,1170.64,1161.07,1069.92,1213.86,1214.04,24.17,47.22,0,,1075.6,,,0,,,0,,,,
2018-07-11,1138.72,1140.85,1128.12,1130.91,1326221,1170.98,1158.38,1069.92,1206.06,1213.86,23.36,44.69,0,,1070.51,,,0,,,0,,,,
2018-07-12,1135.66,1157.31,1131.14,1153.09,2777124,1171.51,1156.29,1069.92,1191.46,1206.06,23.57,51.77,0,,1084.67,,,0,,,0,,,,
2018-07-13,1159.53,1170.17,1142.0,1151.9,2360493,1172.15,1154.11,1069.92,1186.5,1191.46,23.9,51.39,0,,1083.68,,,0,,,0,,,,
2018-07-16,1153.32,1154.34,1133.71,1138.32,1593400,1172.53,1151.9,1069.92,1177.71,1186.5,23.67,47.13,0,,1075.08,,,0,,,0,,,,
2018-07-17,1140.05,1145.33,1125.64,1141.65,1598278,1172.92,1150.51,1069.92,1170.35,1177.71,23.38,48.26,0,,1077.42,,,0,,,0,,,,
2018-07-18,1148.88,1160.41,1138.23,1146.35,1855985,1173.34,1148.78,1069.92,1170.17,1170.35,23.3,49.89,0,,1080.5,,,0,,,0,,,,
2018-07-19,1148.26,1150.34,1111.62,1116.14,1468552,1173.67,1145.91,1093.92,1170.17,1170.17,24.4,40.96,0,,1068.28,,,0,,,0,,,,
2018-07-20,1115.61,1143.56,1113.88,1127.01,1937969,1174.14,1143.73,1102.66,1170.17,1170.17,24.78,44.79,0,,1077.96,,,0,,,0,,,,
2018-07-23,1127.14,1138.23,1119.78,1134.82,1229445,1174.68,1141.84,1102.92,1170.17,1170.17,24.32,47.43,0,,1083.38,,,0,,,0,,,,
2018-07-24,1140.01,1178.16,1136.46,1174.61,4071039,1175.39,1140.59,1102.92,1178.16,1170.17,25.68,58.35,0,,1108.14,,,0,,,0,,,,
2018-07-25,1181.22,1185.21,1165.42,1171.68,2254936,1176.0,1139.46,1104.43,1185.21,1178.16,25.26,57.4,0,,1107.04,,,0,,,0,,,,
2018-07-26,1181.53,1194.92,1147.33,1158.59,7489743,1176.51,1138.36,1104.43,1194.92,1185.21,26.86,53.25,0,,1097.53,,,0,,,0,,,,
2018-07-27,1165.47,1170.61,1153.76,1163.47,1785314,1176.98,1137.82,1111.62,1194.92,1194.92,26.14,54.57,0,,1103.55,,,0,,,0,,,,
2018-07-30,1164.4,1167.95,1145.51,1149.19,3090391,1177.19,1136.99,1111.62,1194.92,1194.92,25.88,50.12,0,,1094.52,,,0,,,0,,,,
2018-07-31,1153.27,1162.59,1140.01,1155.36,2304148,1177.41,1136.76,1111.62,1194.92,1194.92,25.64,51.94,0,,1098.65,,,0,,,0,,,,
2018-08-01,1158.64,1161.17,1147.06,1151.54,1924210,1177.57,1136.5,1111.62,1194.92,1194.92,24.82,50.7,0,,1096.74,,,0,,,0,,,,
2018-08-02,1148.35,1150.61,1135.57,1137.7,1415162,1177.72,1136.28,1111.62,1194.92,1194.92,24.19,46.39,0,,1088.23,,,0,,,0,,,,
2018-08-03,1140.18,1151.27,1138.28,1144.44,1279748,1177.94,1135.99,1111.62,1194.92,1194.92,23.43,48.68,0,,1093.09,,,0,,,0,,,,
2018-08-06,1147.99,1153.14,1140.72,1144.84,842106,1178.13,1136.65,1111.62,1194.92,1194.92,22.64,48.82,0,,1093.87,,,0,,,0,,,,
2018-08-07,1150.39,1160.41,1146.53,1149.15,1458197,1178.33,1137.39,1111.62,1194.92,1194.92,22.14,50.39,0,,1096.98,,,0,,,0,,,,
2018-08-08,1151.23,1161.12,1144.58,1151.76,1308818,1178.62,1139.33,1111.62,1194.92,1194.92,21.74,51.36,0,,1098.93,,,0,,,0,,,,
2018-08-09,1153.27,1156.78,1138.01,1139.74,1035908,1178.68,1140.8,1113.88,1194.92,1194.92,21.52,46.81,0,,1092.08,,,0,,,0,,,,
2018-08-10,1137.66,1149.23,1119.6,1121.95,1784956,1178.37,1140.49,1119.6,1194.92,1194.92,22.1,41.03,0,,1082.12,,,0,,,0,,,,
2018-08-13,1121.82,1134.51,1110.73,1125.86,1627092,1178.1,1140.88,1110.73,1194.92,1194.92,22.22,42.7,0,,1081.61,,,0,,,0,,,,
2018-08-14,1135.83,1138.12,1123.21,1126.04,2146242,1177.69,1141.4,1110.73,1194.92,1194.92,21.7,42.78,0,,1082.07,,,0,,,0,,,,
2018-08-16,1121.23,1134.48,1101.55,1106.63,2292161,1177.19,1141.05,1101.55,1194.92,1194.92,22.5,36.77,0,,1065.96,,,0,,,0,,,,
2018-08-17,1113.23,1121.14,1106.45,1114.27,1750983,1176.79,1141.09,1101.55,1194.92,1194.92,21.95,40.33,0,,1071.26,,,0,,,0,,,,
2018-08-20,1168.04,1196.7,1151.87,1189.34,11227838,1176.89,1143.29,1101.55,1196.7,1194.92,26.27,62.58,0,,1116.8,,,0,,,0,,,,
2018-08-21,1199.49,1199.49,1181.52,1188.3,3057182,1176.95,1144.81,1101.55,1199.49,1196.7,25.67,62.23,0,,1116.52,,,0,,,0,,,,
2018-08-23,1194.28,1225.46,1184.84,1214.81,8248115,1177.21,1147.32,1101.55,1225.46,1199.49,26.74,67.21,1,1214.81,1132.91,1132.91,1132.91,1,44,2018-08-23,0,,,,
2018-08-24,1216.29,1224.65,1204.88,1206.59,3506532,1177.41,1149.84,1101.55,1225.46,1225.46,26.24,64.38,0,,1127.94,,1132.91,1,44,2018-08-23,0,,,,
2018-08-27,1217.46,1227.34,1208.83,1218.45,2595682,1177.53,1152.02,1101.55,1227.34,1225.46,25.85,66.57,0,,1135.85,,1135.85,1,44,2018-08-23,0,,,,
2018-08-28,1224.06,1227.34,1214.76,1218.0,1889337,1177.6,1154.22,1101.55,1227.34,1227.34,24.9,66.4,0,,1136.19,,1136.19,1,44,2018-08-23,0,,,,
2018-08-29,1219.08,1219.08,1208.2,1214.36,1435495,1177.58,1156.75,1101.55,1227.34,1227.34,23.9,64.98,0,,1134.51,,1136.19,1,44,2018-08-23,0,,,,
2018-08-30,1214.0,1224.56,1207.58,1209.87,2288925,1177.37,1159.03,1101.55,1227.34,1227.34,23.41,63.19,0,,1131.95,,1136.19,1,44,2018-08-23,0,,,,
2018-08-31,1212.02,1234.53,1212.02,1230.53,3549583,1177.23,1161.83,1101.55,1234.53,1227.34,23.5,67.62,1,1230.53,1145.21,1145.21,1145.21,1,44,2018-08-23,0,,,,
2018-09-03,1235.43,1248.91,1222.04,1224.65,2347852,1177.11,1165.45,1101.55,1248.91,1234.53,23.74,65.21,0,,1141.26,,1145.21,1,44,2018-08-23,0,,,,
2018-09-04,1226.44,1232.37,1216.65,1221.32,1517216,1176.88,1168.6,1101.55,1248.91,1248.91,23.16,63.83,0,,1139.49,,1145.21,1,44,2018-08-23,0,,,,
2018-09-05,1220.06,1225.46,1205.24,1211.17,2413590,1176.48,1171.14,1101.55,1248.91,1248.91,22.95,59.67,0,,1133.09,,1145.21,1,44,2018-08-23,0,,,,
2018-09-06,1212.79,1218.0,1202.9,1210.36,1586350,1176.09,1172.33,1101.55,1248.91,1248.91,22.39,59.34,0,,1132.94,,1145.21,1,44,2018-08-23,0,,,,
2018-09-07,1212.07,1219.26,1204.88,1210.72,1307928,1175.79,1173.63,1106.45,1248.91,1248.91,21.82,59.45,0,,1135.18,,1145.21,1,44,2018-08-23,0,,,,
2018-09-10,1210.94,1214.76,1199.49,1201.11,1228247,1175.19,1175.05,1151.87,1248.91,1248.91,21.35,55.23,0,,1144.44,,1145.21,1,44,2018-08-23,0,,,,
2018-09-11,1205.37,1210.94,1192.12,1194.68,1617176,1174.78,1176.09,1181.52,1248.91,1248.91,21.17,52.54,0,,1150.29,,1150.29,1,44,2018-08-23,0,,,,
2018-09-12,1199.49,1218.31,1186.46,1214.99,1319469,1174.81,1178.28,1184.84,1248.91,1248.91,21.93,59.28,0,,1163.99,,1163.99,1,44,2018-08-23,0,,,,
2018-09-14,1218.36,1228.42,1213.46,1220.92,1462192,1174.95,1180.47,1186.46,1248.91,1248.91,21.44,61.02,0,,1168.69,,1168.69,1,44,2018-08-23,0,,,,
2018-09-17,1214.36,1216.38,1203.62,1208.25,912431,1175.12,1182.36,1186.46,1248.91,1248.91,21.14,55.56,0,,1160.71,,1168.69,1,44,2018-08-23,0,,,,
2018-09-18,1207.4,1213.1,1190.73,1193.11,1501479,1175.1,1184.21,1186.46,1248.91,1248.91,21.23,49.82,0,,1150.89,,1168.69,1,44,2018-08-23,0,,,,
2018-09-19,1197.65,1206.68,1191.4,1197.6,867001,1175.22,1185.98,1186.46,1248.91,1248.91,20.8,51.42,0,,1154.07,,1168.69,1,44,2018-08-23,0,,,,
2018-09-21,1205.96,1215.17,1176.62,1194.73,2309530,1175.2,1187.64,1176.62,1248.91,1248.91,22.07,50.31,0,,1148.09,,1168.69,1,44,2018-08-23,0,,,,
2018-09-24,1197.96,1202.9,1170.11,1184.53,2425415,1175.05,1188.82,1170.11,1248.91,1248.91,22.84,46.48,0,,1138.83,,1168.69,1,44,2018-08-23,1,1175.05,SMA150_BREAK,21,-3.27
2018-09-25,1182.42,1197.42,1175.23,1185.16,2684511,1174.96,1189.93,1170.11,1248.91,1248.91,22.79,46.75,0,,1139.27,,,0,,,0,,,,
2018-09-26,1194.1,1201.11,1176.13,1197.38,2846089,1175.09,1191.86,1170.11,1248.91,1248.91,22.95,51.82,0,,1147.05,,,0,,,0,,,,
2018-09-27,1201.15,1201.29,1164.9,1176.94,3847372,1175.27,1193.69,1164.9,1248.91,1248.91,23.91,44.24,0,,1131.49,,,0,,,0,,,,
2018-09-28,1181.07,1183.05,1123.25,1142.97,4301355,1175.26,1194.26,1123.25,1248.91,1248.91,26.47,35.05,0,,1093.98,,,0,,,0,,,,
2018-10-01,1144.68,1144.68,1093.96,1121.41,4955435,1175.15,1194.1,1093.96,1248.91,1248.91,28.2,30.7,0,,1069.16,,,0,,,0,,,,
2018-10-03,1120.51,1133.9,1102.14,1119.03,4302314,1174.97,1194.52,1093.96,1248.91,1248.91,28.46,30.25,0,,1067.46,,,0,,,0,,,,
2018-10-04,1130.3,1161.66,1124.24,1130.21,7398229,1174.8,1195.05,1093.96,1232.37,1248.91,29.47,35.04,0,,1073.99,,,0,,,0,,,,
2018-10-05,1130.3,1139.02,1092.43,1102.81,4206887,1174.2,1192.17,1092.43,1228.42,1232.37,30.69,29.67,0,,1054.99,,,0,,,0,,,,
2018-10-08,1105.15,1117.73,1080.98,1091.98,3957900,1173.57,1188.95,1080.98,1228.42,1228.42,31.13,27.85,0,,1043.9,,,0,,,0,,,,
2018-10-09,1098.68,1110.58,1092.07,1097.11,2559815,1173.09,1185.03,1080.98,1228.42,1228.42,30.23,30.03,0,,1047.81,,,0,,,0,,,,
2018-10-10,1102.45,1137.4,1099.49,1123.7,4134413,1172.8,1182.27,1080.98,1228.42,1228.42,30.95,40.16,0,,1064.48,,,0,,,0,,,,
2018-10-11,1105.15,1111.44,1096.25,1101.42,3942878,1172.45,1178.37,1080.98,1228.42,1228.42,30.7,35.52,0,,1050.28,,,0,,,0,,,,
2018-10-12,1100.47,1118.62,1095.04,1109.86,2773440,1172.26,1174.76,1080.98,1228.42,1228.42,30.19,38.42,0,,1056.06,,,0,,,0,,,,
2018-10-15,1105.15,1111.26,1085.74,1092.93,2945137,1172.07,1170.71,1080.98,1228.42,1228.42,29.86,35.02,0,,1045.36,,,0,,,0,,,,
2018-10-16,1096.16,1104.2,1092.16,1100.34,2336499,1171.82,1167.06,1080.98,1216.38,1228.42,28.58,37.62,0,,1050.99,,,0,,,0,,,,
2018-10-17,1111.12,1112.34,1086.01,1088.88,1746801,1171.44,1162.34,1080.98,1215.17,1216.38,28.42,35.27,0,,1043.71,,,0,,,0,,,,
2018-10-19,1078.19,1088.88,1065.61,1083.63,2006965,1170.92,1157.64,1065.61,1215.17,1215.17,28.06,34.21,0,,1035.44,,,0,,,0,,,,
2018-10-22,1090.77,1094.95,1078.28,1084.12,1452784,1170.44,1153.07,1065.61,1215.17,1215.17,27.24,34.41,0,,1036.3,,,0,,,0,,,,
2018-10-23,1074.51,1086.32,1062.47,1078.82,2109820,1169.92,1148.66,1062.47,1202.9,1215.17,27.0,33.25,0,,1032.0,,,0,,,0,,,,
2018-10-24,1088.26,1098.23,1081.88,1095.17,1484693,1169.57,1144.82,1062.47,1201.29,1202.9,26.46,39.98,0,,1042.9,,,0,,,0,,,,
2018-10-25,1085.38,1089.02,1073.83,1079.59,3063065,1169.26,1140.45,1062.47,1201.29,1201.29,26.09,36.23,0,,1033.1,,,0,,,0,,,,
2018-10-26,1078.73,1089.87,1070.38,1075.9,1101325,1168.86,1136.27,1062.47,1201.29,1201.29,25.62,35.38,0,,1031.03,,,0,,,0,,,,
2018-10-29,1079.09,1136.14,1076.62,1133.27,2140956,1168.77,1134.23,1062.47,1183.05,1201.29,28.09,53.56,0,,1066.39,,,0,,,0,,,,
2018-10-30,1130.66,1148.86,1121.54,1142.21,1957735,1168.64,1131.8,1062.47,1161.66,1183.05,28.04,55.65,0,,1072.19,,,0,,,0,,,,
2018-10-31,1137.49,1171.64,1122.4,1165.8,3117499,1168.74,1129.96,1062.47,1171.64,1161.66,29.55,60.68,0,,1086.4,,,0,,,0,,,,
2018-11-01,1201.69,1243.52,1187.45,1192.08,8903105,1169.19,1129.42,1062.47,1243.52,1171.64,32.99,65.4,0,,1101.05,,,0,,,0,,,,
2018-11-02,1203.98,1230.8,1203.98,1220.33,2665756,1169.65,1130.33,1062.47,1243.52,1243.52,33.4,69.61,0,,1119.0,,,0,,,0,,,,
2018-11-05,1220.42,1226.44,1207.17,1213.1,1457946,1170.01,1130.85,1062.47,1243.52,1243.52,32.39,67.35,0,,1115.01,,,0,,,0,,,,
2018-11-06,1213.1,1230.76,1213.01,1225.41,1616734,1170.42,1131.87,1062.47,1243.52,1243.52,31.35,69.19,0,,1123.65,,,0,,,0,,,,
2018-11-07,1230.94,1230.94,1225.23,1227.3,255086,1170.7,1133.3,1062.47,1243.52,1243.52,29.52,69.47,0,,1126.09,,,0,,,0,,,,
2018-11-09,1227.3,1239.02,1221.95,1229.68,1247358,1171.03,1134.78,1062.47,1243.52,1243.52,28.63,69.85,0,,1128.22,,,0,,,0,,,,
2018-11-12,1233.54,1243.96,1223.75,1228.42,2174698,1171.56,1135.81,1062.47,1243.96,1243.52,28.03,69.36,0,,1127.8,,,0,,,0,,,,
2018-11-13,1225.55,1253.4,1220.33,1249.89,2068670,1172.03,1138.25,1062.47,1253.4,1243.96,28.39,72.84,1,1249.89,1141.41,1141.41,1141.41,1,45,2018-11-13,0,,,,
2018-11-14,1252.5,1256.09,1239.02,1244.14,1364551,1172.54,1141.62,1070.38,1256.09,1253.4,27.58,70.53,0,,1140.88,,1141.41,1,45,2018-11-13,0,,,,
2018-11-15,1247.11,1265.08,1245.4,1256.54,2890196,1173.06,1146.12,1070.38,1265.08,1256.09,27.1,72.55,1,1256.54,1149.19,1149.19,1149.19,1,45,2018-11-13,0,,,,
2018-11-16,1260.36,1270.47,1250.25,1257.04,1732865,1173.46,1150.72,1070.38,1270.47,1265.08,26.61,72.63,0,,1149.84,,1149.84,1,45,2018-11-13,0,,,,
2018-11-19,1257.89,1275.73,1253.44,1273.35,1932311,1173.94,1155.49,1076.62,1275.73,1270.47,26.3,75.22,1,1273.35,1162.65,1162.65,1162.65,1,45,2018-11-13,0,,,,
2018-11-20,1267.1,1278.65,1264.81,1269.66,1889461,1174.38,1161.06,1121.54,1278.65,1275.73,25.41,73.53,0,,1175.84,,1175.84,1,45,2018-11-13,0,,,,
2018-11-21,1266.88,1270.25,1251.83,1259.78,1320423,1174.77,1166.65,1122.4,1278.65,1278.65,24.91,69.05,0,,1170.08,,1175.84,1,45,2018-11-13,0,,,,
2018-11-22,1262.38,1275.41,1254.48,1267.01,1723570,1175.12,1172.31,1187.45,1278.65,1278.65,24.63,70.46,0,,1196.62,,1196.62,1,45,2018-11-13,0,,,,
2018-11-26,1267.06,1284.85,1267.06,1277.66,2630117,1175.6,1177.44,1203.98,1284.85,1278.65,24.14,72.47,0,,1209.32,,1209.32,1,45,2018-11-13,0,,,,
2018-11-27,1275.37,1288.44,1271.68,1286.28,1956946,1176.13,1183.61,1207.17,1288.44,1284.85,23.62,74.0,1,1286.28,1216.3,1216.3,1216.3,1,45,2018-11-13,0,,,,
2018-11-28,1286.28,1288.44,1256.99,1260.95,1390580,1176.34,1188.64,1213.01,1288.44,1288.44,24.18,62.9,0,,1201.53,,1216.3,1,45,2018-11-13,0,,,,
2018-11-29,1270.16,1289.79,1264.63,1278.06,2816724,1176.79,1194.81,1220.33,1289.79,1288.44,24.51,66.55,0,,1214.79,,1216.3,1,45,2018-11-13,0,,,,
2018-11-30,1280.49,1292.17,1266.88,1287.09,2018571,1177.33,1201.04,1220.33,1292.17,1289.79,24.56,68.32,0,,1220.57,,1220.57,1,45,2018-11-13,0,,,,
2018-12-03,1289.38,1293.79,1268.67,1282.6,1115862,1177.73,1207.5,1220.33,1293.79,1292.17,24.6,66.44,0,,1217.65,,1220.57,1,45,2018-11-13,0,,,,
2018-12-04,1278.6,1284.62,1271.37,1275.77,1061729,1178.17,1213.9,1220.33,1293.79,1293.79,23.79,63.57,0,,1213.79,,1220.57,1,45,2018-11-13,0,,,,
2018-12-05,1268.67,1274.96,1248.14,1253.22,1582751,1178.56,1219.54,1239.02,1293.79,1293.79,24.07,55.1,0,,1205.29,,1220.57,1,45,2018-11-13,0,,,,
2018-12-06,1246.93,1255.24,1232.78,1239.47,1574405,1178.67,1224.89,1232.78,1293.79,1293.79,23.95,50.66,0,,1194.42,,1220.57,1,45,2018-11-13,0,,,,
2018-12-07,1246.21,1261.48,1232.82,1257.8,1185686,1178.77,1230.31,1232.78,1293.79,1293.79,24.29,55.77,0,,1206.02,,1220.57,1,45,2018-11-13,0,,,,
2018-12-10,1235.16,1245.67,1220.33,1228.91,1657418,1178.67,1235.29,1220.33,1293.79,1293.79,25.23,47.44,0,,1182.6,,1220.57,1,45,2018-11-13,1,1220.57,TRAILING_STOP,19,-2.35
2018-12-11,1220.15,1230.8,1207.26,1223.21,2302505,1178.67,1240.2,1207.26,1293.79,1293.79,25.11,45.98,0,,1174.65,,,0,,,0,,,,
2018-12-12,1229.68,1264.76,1226.89,1258.16,1751549,1178.97,1244.36,1207.26,1293.79,1293.79,26.28,55.1,0,,1196.41,,,0,,,0,,,,
2018-12-13,1270.2,1283.95,1263.28,1281.66,1863210,1179.29,1249.01,1207.26,1293.79,1293.79,26.25,59.99,0,,1211.59,,,0,,,0,,,,
2018-12-14,1278.96,1283.54,1262.43,1268.13,2189734,1179.68,1252.42,1207.26,1293.79,1293.79,25.88,56.2,0,,1203.11,,,0,,,0,,,,
2018-12-17,1253.76,1279.81,1253.44,1265.08,1610515,1179.97,1254.86,1207.26,1293.79,1293.79,25.92,55.35,0,,1201.12,,,0,,,0,,,,
2018-12-18,1262.38,1284.85,1262.38,1283.5,1568498,1180.47,1256.96,1207.26,1293.79,1293.79,25.67,59.35,0,,1213.16,,,0,,,0,,,,
2018-12-19,1285.74,1292.03,1281.61,1289.11,2073536,1180.86,1259.5,1207.26,1293.79,1293.79,24.58,60.51,0,,1217.51,,,0,,,0,,,,
2018-12-20,1285.38,1305.51,1278.78,1303.53,2782410,1181.38,1262.1,1207.26,1305.51,1293.79,24.73,63.4,1,1303.53,1226.71,1226.71,1226.71,1,46,2018-12-20,0,,,,
2018-12-21,1303.53,1311.53,1271.55,1275.86,1975704,1181.76,1263.72,1207.26,1311.53,1305.51,25.82,55.07,0,,1208.13,,1226.71,1,46,2018-12-20,0,,,,
2018-12-24,1282.69,1283.68,1257.89,1262.2,1390194,1182.12,1264.8,1207.26,1311.53,1311.53,25.82,51.47,0,,1199.32,,1226.71,1,46,2018-12-20,0,,,,
2018-12-26,1256.81,1286.64,1243.78,1278.24,1712084,1182.62,1266.46,1207.26,1311.53,1311.53,27.04,55.17,0,,1208.86,,1226.71,1,46,2018-12-20,0,,,,
2018-12-27,1284.13,1288.75,1265.53,1280.4,1872745,1183.37,1267.48,1207.26,1311.53,1311.53,26.77,55.66,0,,1210.43,,1226.71,1,46,2018-12-20,0,,,,
2018-12-28,1281.75,1301.02,1281.52,1293.29,1918767,1184.23,1269.12,1207.26,1311.53,1311.53,26.33,58.58,0,,1219.04,,1226.71,1,46,2018-12-20,0,,,,
2018-12-31,1298.32,1302.82,1285.92,1291.63,1487860,1185.03,1270.29,1207.26,1311.53,1311.53,25.65,58.05,0,,1218.42,,1226.71,1,46,2018-12-20,0,,,,
2019-01-01,1298.32,1298.32,1280.53,1295.54,786846,1185.82,1271.57,1207.26,1311.53,1311.53,25.09,58.99,0,,1221.32,,1226.71,1,46,2018-12-20,0,,,,
2019-01-02,1294.73,1298.23,1273.26,1280.8,2058504,1186.44,1271.82,1226.89,1311.53,1311.53,25.08,54.07,0,,1218.36,,1226.71,1,46,2018-12-20,0,,,,
2019-01-03,1281.25,1283.95,1249.8,1253.4,2290756,1186.86,1271.28,1243.78,1311.53,1311.53,25.73,46.34,0,,1205.88,,1226.71,1,46,2018-12-20,0,,,,
2019-01-04,1259.6,1264.72,1234.13,1247.15,2711485,1187.04,1270.86,1234.13,1311.53,1311.53,26.08,44.77,0,,1198.4,,1226.71,1,46,2018-12-20,0,,,,
2019-01-07,1255.2,1265.62,1239.07,1243.34,1851513,1187.16,1270.07,1234.13,1311.53,1311.53,26.11,43.79,0,,1195.92,,1226.71,1,46,2018-12-20,0,,,,
2019-01-08,1246.66,1252.37,1235.43,1241.9,1437271,1187.36,1268.88,1234.13,1311.53,1311.53,25.46,43.41,0,,1195.43,,1226.71,1,46,2018-12-20,0,,,,
2019-01-09,1248.46,1252.1,1232.73,1245.36,1413005,1187.56,1267.51,1232.73,1311.53,1311.53,25.02,44.66,0,,1197.49,,1226.71,1,46,2018-12-20,0,,,,
2019-01-10,1247.11,1256.9,1242.84,1251.24,1063647,1187.78,1267.19,1232.73,1311.53,1311.53,24.24,46.83,0,,1201.8,,1226.71,1,46,2018-12-20,0,,,,
2019-01-11,1251.6,1252.41,1222.89,1230.58,2489197,1187.96,1265.61,1222.89,1311.53,1311.53,24.62,40.79,0,,1184.94,,1226.71,1,46,2018-12-20,1,1226.71,TRAILING_STOP,16,-5.89
2019-01-14,1228.42,1228.42,1195.89,1198.5,3080984,1188.06,1262.65,1195.89,1311.53,1311.53,25.34,33.56,0,,1154.77,,,0,,,0,,,,
2019-01-15,1203.98,1211.17,1195.0,1204.79,3079248,1188.1,1260.06,1195.0,1311.53,1311.53,24.68,35.96,0,,1158.97,,,0,,,0,,,,
2019-01-16,1206.59,1223.3,1200.39,1205.91,2454470,1188.13,1257.73,1195.0,1311.53,1311.53,24.55,36.4,0,,1159.78,,,0,,,0,,,,
2019-01-17,1208.56,1214.58,1201.24,1209.42,1610419,1188.24,1256.27,1195.0,1311.53,1311.53,23.75,37.84,0,,1162.57,,,0,,,0,,,,
2019-01-18,1213.73,1214.76,1179.72,1184.12,2135781,1188.19,1254.43,1179.72,1311.53,1311.53,24.56,32.17,0,,1140.62,,,0,,,0,,,,
2019-01-21,1149.17,1201.51,1144.19,1181.11,8813681,1187.98,1251.87,1144.19,1302.82,1311.53,26.9,31.57,0,,1125.28,,,0,,,0,,,,
2019-01-22,1183.23,1187.36,1166.33,1169.07,2544978,1187.74,1249.87,1144.19,1302.82,1302.82,26.48,29.2,0,,1117.79,,,0,,,0,,,,
2019-01-23,1168.94,1174.24,1162.25,1169.34,1821323,1187.59,1248.08,1144.19,1302.82,1302.82,25.45,29.33,0,,1118.66,,,0,,,0,,,,
2019-01-24,1172.53,1173.03,1156.36,1163.86,1654706,1187.49,1244.94,1144.19,1302.82,1302.82,24.82,28.22,0,,1115.54,,,0,,,0,,,,
2019-01-25,1168.04,1180.71,1151.42,1154.97,3136788,1187.36,1240.71,1144.19,1302.82,1302.82,25.14,26.46,0,,1109.59,,,0,,,0,,,,
2019-01-28,1163.95,1202.09,1160.54,1168.45,8004136,1187.4,1237.39,1144.19,1298.32,1302.82,26.71,33.25,0,,1117.24,,,0,,,0,,,,
2019-01-29,1171.64,1175.95,1139.47,1148.32,3685535,1187.33,1233.5,1139.47,1298.23,1298.32,27.41,28.95,0,,1102.22,,,0,,,0,,,,
2019-01-30,1153.94,1176.13,1150.97,1163.05,2385425,1187.45,1229.48,1139.47,1283.95,1298.23,27.43,35.52,0,,1111.7,,,0,,,0,,,,
2019-01-31,1171.64,1187.54,1164.94,1180.89,5852257,1187.64,1225.88,1139.47,1265.62,1283.95,27.22,42.45,0,,1123.35,,,0,,,0,,,,
2019-02-01,1181.97,1199.08,1179.72,1190.14,2515736,1188.07,1222.1,1139.47,1265.62,1265.62,26.66,45.71,0,,1129.69,,,0,,,0,,,,
2019-02-04,1192.17,1192.17,1170.38,1174.69,2308931,1188.39,1218.72,1139.47,1256.9,1265.62,26.31,41.49,0,,1119.96,,,0,,,0,,,,
2019-02-05,1177.66,1188.71,1168.04,1172.17,1447400,1188.91,1215.72,1139.47,1256.9,1256.9,25.91,40.82,0,,1118.6,,,0,,,0,,,,
2019-02-06,1175.23,1187.81,1161.8,1180.98,2034886,1189.48,1212.48,1139.47,1256.9,1256.9,25.92,44.18,0,,1124.28,,,0,,,0,,,,
2019-02-07,1180.62,1186.78,1158.34,1164.49,1556295,1189.7,1208.62,1139.47,1252.41,1256.9,26.1,39.65,0,,1113.52,,,0,,,0,,,,
2019-02-08,1163.55,1167.05,1128.1,1133.67,2993525,1189.83,1203.3,1128.1,1228.42,1252.41,27.02,32.85,0,,1089.24,,,0,,,0,,,,
2019-02-11,1131.2,1131.2,1097.06,1119.97,2981408,1189.9,1197.57,1097.06,1223.3,1228.42,27.7,30.36,0,,1069.6,,,0,,,0,,,,
2019-02-12,1118.18,1136.5,1115.52,1120.29,1571390,1189.92,1191.73,1097.06,1223.3,1223.3,27.22,30.5,0,,1070.13,,,0,,,0,,,,
2019-02-14,1095.26,1106.72,1079.18,1102.99,6974738,1189.85,1185.81,1079.18,1214.76,1223.3,28.21,27.46,0,,1052.35,,,0,,,0,,,,
2019-02-15,1117.73,1126.62,1105.96,1116.92,3620228,1189.81,1181.26,1079.18,1214.76,1214.76,27.89,33.23,0,,1061.55,,,0,,,0,,,,
2019-02-18,1118.62,1131.7,1114.13,1118.18,2186849,1189.65,1176.96,1079.18,1202.09,1214.76,27.15,33.74,0,,1062.85,,,0,,,0,,,,
2019-02-19,1118.62,1141.09,1118.62,1130.57,2389086,1189.58,1173.2,1079.18,1202.09,1202.09,26.85,38.74,0,,1071.05,,,0,,,0,,,,
2019-02-20,1136.59,1152.45,1135.88,1146.97,2433082,1189.69,1170.03,1079.18,1202.09,1202.09,26.49,44.68,0,,1081.86,,,0,,,0,,,,
2019-02-21,1151.87,1160.4,1136.68,1153.76,2392129,1189.7,1166.98,1079.18,1202.09,1202.09,26.29,46.97,0,,1086.37,,,0,,,0,,,,
2019-02-22,1151.87,1153.13,1137.04,1150.39,2390188,1189.69,1163.62,1079.18,1202.09,1202.09,25.61,45.95,0,,1084.65,,,0,,,0,,,,
2019-02-25,1150.39,1155.87,1135.7,1146.34,5873730,1189.74,1160.81,1079.18,1202.09,1202.09,25.22,44.7,0,,1082.3,,,0,,,0,,,,
2019-02-26,1135.52,1145.58,1125.81,1137.36,2417931,1189.71,1158.77,1079.18,1199.08,1202.09,24.89,41.96,0,,1076.73,,,0,,,0,,,,
2019-02-27,1141.58,1163.55,1139.29,1154.29,3555914,1189.76,1157.09,1079.18,1199.08,1199.08,24.98,48.37,0,,1087.59,,,0,,,0,,,,
2019-02-28,1161.75,1170.69,1144.05,1161.71,9321535,1190.07,1155.62,1079.18,1199.08,1199.08,25.1,50.93,0,,1092.3,,,0,,,0,,,,
2019-03-01,1168.31,1178.78,1165.57,1175.72,2831577,1190.39,1154.49,1079.18,1199.08,1199.08,24.52,55.43,0,,1101.72,,,0,,,0,,,,
2019-03-05,1169.84,1177.39,1147.42,1173.25,3948051,1190.65,1154.13,1079.18,1192.17,1199.08,24.91,54.48,0,,1099.86,,,0,,,0,,,,
2019-03-06,1177.48,1192.8,1177.48,1183.32,2776738,1190.71,1154.2,1079.18,1192.8,1192.17,24.53,57.65,0,,1106.61,,,0,,,0,,,,
2019-03-07,1189.47,1219.53,1177.03,1215.12,6207580,1191.0,1155.74,1079.18,1219.53,1192.8,25.81,65.78,1,1215.12,1126.27,1126.27,1126.27,1,47,2019-03-07,0,,,,
2019-03-08,1212.97,1224.65,1201.29,1203.44,4868283,1191.3,1156.88,1105.96,1224.65,1219.53,25.64,61.14,0,,1127.78,,1127.78,1,47,2019-03-07,0,,,,
2019-03-11,1207.17,1213.86,1203.98,1209.87,2661353,1191.6,1158.41,1114.13,1224.65,1224.65,24.55,62.7,0,,1135.38,,1135.38,1,47,2019-03-07,0,,,,
2019-03-12,1217.46,1260.59,1217.46,1247.92,6631152,1192.26,1161.51,1118.62,1260.59,1224.65,26.42,70.29,1,1247.92,1160.17,1160.17,1160.17,1,47,2019-03-07,0,,,,
2019-03-13,1254.03,1255.69,1233.5,1238.66,2241672,1192.82,1163.85,1125.81,1260.59,1260.59,26.12,66.73,0,,1156.79,,1160.17,1,47,2019-03-07,0,,,,
2019-03-14,1244.14,1254.3,1237.23,1239.7,1838850,1193.41,1166.89,1125.81,1260.59,1260.59,25.47,66.93,0,,1157.89,,1160.17,1,47,2019-03-07,0,,,,
2019-03-15,1245.31,1267.59,1238.66,1254.75,5723980,1194.19,1169.95,1125.81,1267.59,1260.59,25.72,69.8,0,,1167.44,,1167.44,1,47,2019-03-07,0,,,,
2019-03-18,1255.2,1268.4,1231.25,1238.93,2450686,1194.82,1171.89,1125.81,1268.4,1267.59,26.54,63.56,0,,1156.69,,1167.44,1,47,2019-03-07,0,,,,
2019-03-19,1231.83,1235.38,1209.82,1220.11,4053209,1195.32,1172.88,1125.81,1268.4,1268.4,26.72,57.03,0,,1144.43,,1167.44,1,47,2019-03-07,0,,,,
2019-03-20,1223.75,1241.72,1222.85,1231.74,3871744,1195.87,1174.79,1139.29,1268.4,1268.4,26.35,59.78,0,,1156.67,,1167.44,1,47,2019-03-07,0,,,,
2019-03-22,1239.02,1271.37,1236.51,1253.13,3788604,1196.54,1177.48,1144.05,1271.37,1268.4,27.3,64.31,0,,1171.42,,1171.42,1,47,2019-03-07,0,,,,
2019-03-25,1246.21,1248.01,1231.03,1237.0,1666203,1197.19,1179.35,1147.42,1271.37,1271.37,26.93,58.92,0,,1162.38,,1171.42,1,47,2019-03-07,0,,,,
2019-03-26,1239.74,1247.83,1228.91,1233.45,2021089,1197.94,1181.65,1147.42,1271.37,1271.37,26.36,57.78,0,,1160.48,,1171.42,1,47,2019-03-07,0,,,,
2019-03-27,1239.02,1249.89,1224.78,1227.75,2558997,1198.62,1184.79,1177.03,1271.37,1271.37,26.27,55.9,0,,1166.73,,1171.42,1,47,2019-03-07,0,,,,
2019-03-28,1231.83,1251.15,1225.55,1245.94,3184285,1199.42,1188.99,1177.03,1271.37,1271.37,26.22,60.33,0,,1178.49,,1178.49,1,47,2019-03-07,0,,,,
2019-04-01,1249.0,1279.45,1249.0,1268.85,3842703,1200.5,1193.94,1201.29,1279.45,1271.37,26.74,65.1,0,,1201.01,,1201.01,1,47,2019-03-07,0,,,,
2019-04-02,1271.46,1282.11,1261.04,1266.65,2737093,1201.51,1199.39,1203.98,1282.11,1279.45,26.34,64.3,0,,1200.76,,1201.01,1,47,2019-03-07,0,,,,
2019-04-03,1266.34,1271.37,1235.43,1238.17,2366304,1201.84,1203.43,1209.82,1282.11,1282.11,27.02,54.91,0,,1183.88,,1201.01,1,47,2019-03-07,0,,,,
2019-04-04,1244.32,1252.41,1227.07,1229.77,1980318,1202.11,1207.15,1209.82,1282.11,1282.11,26.9,52.48,0,,1178.54,,1201.01,1,47,2019-03-07,0,,,,
2019-04-05,1234.31,1251.38,1231.21,1234.35,2037782,1202.24,1210.61,1209.82,1282.11,1282.11,26.52,53.68,0,,1181.75,,1201.01,1,47,2019-03-07,0,,,,
2019-04-08,1239.65,1246.03,1226.85,1234.22,1013017,1202.43,1213.52,1209.82,1282.11,1282.11,26.0,53.64,0,,1182.01,,1201.01,1,47,2019-03-07,0,,,,
2019-04-09,1236.24,1246.21,1227.34,1235.61,2209945,1202.54,1216.25,1209.82,1282.11,1282.11,25.49,54.05,0,,1183.25,,1201.01,1,47,2019-03-07,0,,,,
2019-04-10,1230.94,1241.72,1226.44,1232.33,2014958,1202.64,1218.98,1209.82,1282.11,1282.11,24.76,52.86,0,,1181.62,,1201.01,1,47,2019-03-07,0,,,,
2019-04-11,1232.42,1247.06,1232.42,1238.12,3110225,1202.8,1222.04,1222.85,1282.11,1282.11,24.05,54.75,0,,1190.17,,1201.01,1,47,2019-03-07,0,,,,
2019-04-12,1239.92,1241.58,1220.42,1222.76,2751659,1202.88,1224.89,1220.42,1282.11,1282.11,23.84,49.12,0,,1179.59,,1201.01,1,47,2019-03-07,0,,,,
2019-04-15,1226.44,1229.14,1216.56,1219.17,1933204,1202.81,1227.05,1216.56,1282.11,1282.11,23.03,47.89,0,,1176.53,,1201.01,1,47,2019-03-07,0,,,,
2019-04-16,1221.95,1249.71,1221.95,1241.18,3217456,1202.92,1229.7,1216.56,1282.11,1282.11,23.57,55.32,0,,1190.37,,1201.01,1,47,2019-03-07,0,,,,
2019-04-18,1246.21,1246.75,1219.62,1222.58,2594906,1202.93,1231.26,1216.56,1282.11,1282.11,23.83,48.96,0,,1178.2,,1201.01,1,47,2019-03-07,0,,,,
2019-04-22,1223.75,1231.74,1215.21,1222.09,3101477,1203.0,1232.89,1215.21,1282.11,1282.11,23.3,48.8,0,,1177.78,,1201.01,1,47,2019-03-07,0,,,,
2019-04-23,1223.48,1226.44,1200.93,1211.35,2016454,1203.01,1233.82,1200.93,1282.11,1282.11,23.46,45.33,0,,1165.99,,1201.01,1,47,2019-03-07,1,1203.01,TRAILING_STOP|SMA150_BREAK,30,-1.0
2019-04-24,1215.66,1225.05,1212.97,1222.54,1753395,1203.08,1234.07,1200.93,1282.11,1282.11,22.76,49.37,0,,1173.67,,,0,,,0,,,,
2019-04-25,1228.11,1240.42,1214.9,1217.59,2886022,1203.19,1234.54,1200.93,1282.11,1282.11,22.96,47.69,0,,1170.35,,,0,,,0,,,,
2019-04-26,1220.33,1228.24,1213.86,1220.33,1767153,1203.37,1234.89,1200.93,1282.11,1282.11,22.35,48.73,0,,1172.52,,,0,,,0,,,,
2019-04-30,1226.44,1227.79,1203.98,1211.66,1905624,1203.34,1233.68,1200.93,1282.11,1282.11,22.45,45.64,0,,1166.86,,,0,,,0,,,,
2019-05-02,1212.47,1236.78,1205.78,1220.83,1985540,1203.34,1233.09,1200.93,1282.11,1282.11,23.06,49.31,0,,1172.37,,,0,,,0,,,,
2019-05-03,1223.75,1233.81,1221.95,1225.19,1239667,1203.46,1232.6,1200.93,1282.11,1282.11,22.34,51.0,0,,1175.66,,,0,,,0,,,,
2019-05-06,1215.93,1226.31,1212.88,1215.39,1515052,1203.6,1231.29,1200.93,1271.37,1282.11,21.71,47.18,0,,1169.77,,,0,,,0,,,,
2019-05-07,1219.62,1234.84,1212.97,1227.88,2596385,1203.81,1230.92,1200.93,1252.41,1271.37,21.72,52.1,0,,1177.81,,,0,,,0,,,,
2019-05-08,1225.46,1231.83,1217.46,1222.27,1601700,1203.99,1231.0,1200.93,1251.38,1252.41,21.19,49.86,0,,1174.55,,,0,,,0,,,,
2019-05-09,1219.26,1229.86,1201.82,1218.76,2464425,1204.22,1230.56,1200.93,1249.71,1251.38,21.68,48.45,0,,1171.96,,,0,,,0,,,,
2019-05-10,1221.64,1224.2,1208.56,1217.91,1466154,1204.44,1229.39,1200.93,1249.71,1249.71,21.25,48.1,0,,1171.69,,,0,,,0,,,,
2019-05-13,1208.47,1217.46,1178.82,1183.9,3422913,1204.35,1227.62,1178.82,1249.71,1249.71,22.52,36.58,0,,1141.54,,,0,,,0,,,,
2019-05-14,1176.13,1210.85,1154.83,1205.6,3132767,1204.54,1226.69,1154.83,1249.71,1249.71,24.92,45.54,0,,1145.94,,,0,,,0,,,,
2019-05-15,1210.72,1217.46,1186.46,1191.22,2054728,1204.86,1225.47,1154.83,1249.71,1249.71,25.35,41.37,0,,1136.38,,,0,,,0,,,,
2019-05-16,1191.4,1211.17,1175.5,1201.42,2058450,1205.39,1223.99,1154.83,1249.71,1249.71,26.09,45.2,0,,1142.47,,,0,,,0,,,,
2019-05-17,1199.49,1232.28,1197.29,1223.66,2776586,1206.09,1222.48,1154.83,1249.71,1249.71,26.72,52.5,0,,1156.39,,,0,,,0,,,,
2019-05-20,1257.89,1307.31,1257.89,1304.12,6210427,1207.25,1223.73,1154.83,1307.31,1249.71,30.79,68.72,1,1304.12,1205.57,1205.57,1205.57,1,48,2019-05-20,0,,,,
2019-05-21,1307.31,1313.64,1291.9,1302.01,2961180,1208.58,1225.86,1154.83,1313.64,1307.31,30.14,68.06,0,,1204.64,,1205.57,1,48,2019-05-20,0,,,,
2019-05-22,1302.91,1323.84,1295.27,1312.79,3304912,1210.05,1228.63,1154.83,1323.84,1313.64,30.03,69.66,0,,1211.67,,1211.67,1,48,2019-05-20,0,,,,
2019-05-23,1326.36,1403.81,1317.19,1326.27,10485813,1211.58,1231.69,1154.83,1403.81,1323.84,34.39,71.57,1,1326.27,1217.46,1217.46,1217.46,1,48,2019-05-20,0,,,,
2019-05-24,1341.45,1391.95,1339.07,1387.41,5626500,1213.33,1236.8,1154.83,1403.81,1403.81,36.62,78.26,0,,1255.41,,1255.41,1,48,2019-05-20,0,,,,
2019-05-27,1387.0,1437.59,1376.58,1434.0,6730594,1215.55,1243.41,1154.83,1437.59,1403.81,38.37,81.78,1,1434.0,1284.3,1284.3,1284.3,1,48,2019-05-20,0,,,,
2019-05-28,1434.0,1443.88,1404.62,1414.68,4987068,1217.58,1249.49,1154.83,1443.88,1437.59,38.43,76.26,0,,1271.79,,1284.3,1,48,2019-05-20,0,,,,
2019-05-29,1410.81,1434.85,1389.25,1394.87,3070738,1219.6,1254.71,1154.83,1443.88,1443.88,38.94,70.98,0,,1258.67,,1284.3,1,48,2019-05-20,0,,,,
2019-05-30,1392.67,1410.05,1383.68,1400.39,2675199,1221.6,1260.64,1154.83,1443.88,1443.88,38.04,71.57,0,,1262.83,,1284.3,1,48,2019-05-20,0,,,,
2019-05-31,1410.59,1420.97,1379.01,1399.45,3945900,1223.67,1266.64,1154.83,1443.88,1443.88,38.32,71.31,0,,1262.04,,1284.3,1,48,2019-05-20,0,,,,
2019-06-03,1404.97,1410.63,1389.43,1401.11,2617068,1225.78,1271.98,1154.83,1443.88,1443.88,37.1,71.51,0,,1263.93,,1284.3,1,48,2019-05-20,0,,,,
2019-06-04,1402.55,1424.11,1399.85,1410.46,3854101,1227.96,1278.24,1175.5,1443.88,1443.88,36.18,72.67,0,,1277.46,,1284.3,1,48,2019-05-20,0,,,,
2019-06-06,1410.32,1412.25,1358.16,1362.03,3268594,1229.85,1282.9,1175.5,1443.88,1443.88,37.46,59.18,0,,1245.37,,1284.3,1,48,2019-05-20,0,,,,
2019-06-07,1364.41,1378.02,1343.7,1360.18,2572146,1231.61,1287.86,1197.29,1443.88,1443.88,37.24,58.73,0,,1251.59,,1284.3,1,48,2019-05-20,0,,,,
2019-06-10,1370.2,1385.48,1366.88,1376.58,1608705,1233.59,1293.0,1257.89,1443.88,1443.88,36.38,61.51,0,,1282.93,,1284.3,1,48,2019-05-20,0,,,,
2019-06-11,1383.86,1383.86,1367.51,1369.57,1745105,1235.55,1298.06,1291.9,1443.88,1443.88,34.95,59.66,0,,1290.7,,1290.7,1,48,2019-05-20,0,,,,
2019-06-12,1369.39,1371.01,1351.06,1356.05,1495586,1237.04,1302.59,1295.27,1443.88,1443.88,33.88,56.15,0,,1283.82,,1290.7,1,48,2019-05-20,0,,,,
2019-06-13,1355.83,1373.8,1351.87,1363.51,1828211,1238.51,1307.65,1317.19,1443.88,1443.88,33.03,57.63,0,,1296.51,,1296.51,1,48,2019-05-20,0,,,,
2019-06-14,1366.61,1383.59,1359.47,1371.37,1854211,1239.88,1312.67,1339.07,1443.88,1443.88,32.39,59.2,0,,1309.3,,1309.3,1,48,2019-05-20,0,,,,
2019-06-17,1374.7,1380.98,1343.47,1346.62,2048759,1240.91,1316.72,1343.47,1443.88,1443.88,32.76,52.6,0,,1294.55,,1309.3,1,48,2019-05-20,0,,,,
2019-06-18,1347.74,1365.67,1345.76,1352.5,2098714,1241.79,1321.29,1343.47,1443.88,1443.88,31.84,53.92,0,,1298.96,,1309.3,1,48,2019-05-20,0,,,,
2019-06-19,1360.27,1374.7,1345.04,1352.37,2140698,1242.72,1325.44,1343.47,1443.88,1443.88,31.68,53.88,0,,1298.98,,1309.3,1,48,2019-05-20,0,,,,
2019-06-20,1356.05,1404.35,1354.07,1399.04,3483179,1243.88,1331.33,1343.47,1443.88,1443.88,33.13,63.25,0,,1328.11,,1328.11,1,48,2019-05-20,0,,,,
2019-06-21,1401.65,1410.59,1374.7,1383.46,3028524,1244.92,1336.82,1343.47,1443.88,1443.88,33.33,58.94,0,,1317.93,,1328.11,1,48,2019-05-20,0,,,,
2019-06-24,1388.62,1404.75,1381.12,1384.58,1941777,1245.95,1342.37,1343.47,1443.88,1443.88,32.64,59.16,0,,1319.12,,1328.11,1,48,2019-05-20,0,,,,
2019-06-25,1388.89,1394.46,1366.7,1379.19,2384122,1246.96,1348.88,1343.47,1443.88,1443.88,32.29,57.59,0,,1315.87,,1328.11,1,48,2019-05-20,0,,,,
2019-06-26,1377.39,1405.02,1373.8,1393.74,2789166,1247.92,1355.16,1343.47,1434.85,1443.88,32.21,60.62,0,,1325.31,,1328.11,1,48,2019-05-20,0,,,,
2019-06-27,1401.65,1409.69,1384.26,1393.47,3763146,1248.91,1361.9,1343.47,1424.11,1434.85,31.73,60.53,0,,1325.46,,1328.11,1,48,2019-05-20,0,,,,
2019-06-28,1398.24,1414.14,1390.55,1395.54,3002811,1249.84,1368.37,1343.47,1424.11,1424.11,31.15,60.99,0,,1327.18,,1328.11,1,48,2019-05-20,0,,,,
2019-07-01,1404.75,1409.74,1394.69,1398.64,1537022,1250.79,1374.2,1343.47,1424.11,1424.11,30.0,61.71,0,,1329.95,,1329.95,1,48,2019-05-20,0,,,,
2019-07-02,1401.65,1407.0,1395.36,1405.11,1294135,1251.66,1377.57,1343.47,1424.11,1424.11,28.69,63.23,0,,1335.0,,1335.0,1,48,2019-05-20,0,,,,
2019-07-03,1406.14,1423.12,1401.83,1417.87,2800104,1252.65,1381.43,1343.47,1423.12,1424.11,28.16,66.09,0,,1343.58,,1343.58,1,48,2019-05-20,0,,,,
2019-07-04,1422.27,1429.14,1409.06,1412.16,1981745,1253.67,1384.74,1343.47,1429.14,1423.12,27.58,63.7,0,,1340.28,,1343.58,1,48,2019-05-20,0,,,,
2019-07-05,1420.52,1430.09,1388.67,1400.17,3693134,1254.56,1387.2,1343.47,1430.09,1429.14,28.57,58.89,0,,1331.89,,1343.58,1,48,2019-05-20,0,,,,
2019-07-08,1392.58,1393.79,1313.19,1339.07,4697122,1254.96,1385.59,1313.19,1430.09,1430.09,32.74,41.63,0,,1279.6,,1343.58,1,48,2019-05-20,1,1343.58,TRAILING_STOP,35,3.03
2019-07-09,1335.7,1382.24,1334.58,1371.64,4329323,1255.53,1383.51,1313.19,1430.09,1430.09,33.81,50.04,0,,1299.9,,,0,,,0,,,,
2019-07-10,1369.12,1374.34,1332.2,1347.34,2823544,1256.11,1381.27,1313.19,1430.09,1430.09,34.4,44.85,0,,1283.83,,,0,,,0,,,,
2019-07-11,1358.52,1359.38,1338.85,1343.43,2156264,1256.55,1379.55,1313.19,1430.09,1430.09,33.41,44.06,0,,1281.97,,,0,,,0,,,,
2019-07-12,1346.84,1346.84,1313.6,1317.96,3495971,1256.75,1376.81,1313.19,1430.09,1430.09,33.4,39.2,0,,1265.55,,,0,,,0,,,,
2019-07-15,1321.68,1324.33,1286.55,1294.37,3950399,1256.83,1373.3,1286.55,1430.09,1430.09,33.71,35.32,0,,1241.24,,,0,,,0,,,,
2019-07-16,1295.63,1315.39,1282.06,1312.88,3654380,1257.08,1370.36,1282.06,1430.09,1430.09,33.68,40.31,0,,1251.7,,,0,,,0,,,,
2019-07-17,1312.7,1321.28,1304.61,1307.71,2225647,1257.44,1366.94,1282.06,1430.09,1430.09,32.47,39.4,0,,1249.18,,,0,,,0,,,,
2019-07-18,1298.14,1307.26,1286.64,1289.52,2342881,1257.77,1364.52,1282.06,1430.09,1430.09,31.66,36.28,0,,1237.99,,,0,,,0,,,,
2019-07-19,1299.58,1299.94,1259.78,1268.27,3199700,1257.84,1361.46,1259.78,1430.09,1430.09,32.26,32.99,0,,1216.45,,,0,,,0,,,,
2019-07-22,1266.52,1274.96,1252.5,1261.22,2646126,1258.06,1357.61,1252.5,1430.09,1430.09,31.56,31.96,0,,1209.95,,,0,,,0,,,,
2019-07-23,1271.19,1271.19,1245.49,1266.43,4013444,1258.35,1354.17,1245.49,1430.09,1430.09,31.14,33.61,0,,1211.25,,,0,,,0,,,,
2019-07-24,1283.49,1292.55,1252.46,1262.65,5434450,1258.38,1351.06,1245.49,1430.09,1430.09,31.78,32.99,0,,1208.38,,,0,,,0,,,,
2019-07-25,1269.7,1276.8,1245.95,1249.04,4181824,1258.16,1347.25,1245.49,1430.09,1430.09,31.72,30.76,0,,1199.65,,,0,,,0,,,,
2019-07-26,1247.68,1271.66,1240.58,1267.02,3019850,1258.15,1343.77,1240.58,1430.09,1430.09,31.67,36.83,0,,1209.64,,,0,,,0,,,,
2019-07-29,1268.2,1272.34,1238.21,1248.22,1987927,1258.04,1340.49,1238.21,1430.09,1430.09,31.85,33.52,0,,1196.61,,,0,,,0,,,,
2019-07-30,1252.32,1267.93,1248.95,1252.64,2714475,1257.83,1337.16,1238.21,1430.09,1430.09,30.98,35.0,0,,1200.04,,,0,,,0,,,,
2019-07-31,1248.36,1272.3,1244.22,1262.6,2693653,1257.66,1334.17,1238.21,1430.09,1430.09,30.77,38.33,0,,1206.6,,,0,,,0,,,,
2019-08-01,1255.96,1261.42,1218.65,1235.98,2774996,1257.21,1328.73,1218.65,1430.09,1430.09,31.71,33.4,0,,1182.28,,,0,,,0,,,,
2019-08-02,1231.02,1253.14,1219.56,1247.09,2776965,1257.02,1324.19,1218.65,1393.79,1430.09,31.85,37.04,0,,1189.36,,,0,,,0,,,,
2019-08-05,1233.21,1236.67,1205.9,1224.83,2287548,1256.77,1318.86,1205.9,1382.24,1393.79,32.51,33.14,0,,1170.31,,,0,,,0,,,,
2019-08-06,1222.01,1273.62,1219.6,1253.68,4152548,1256.6,1314.68,1205.9,1374.34,1382.24,34.05,41.71,0,,1187.89,,,0,,,0,,,,
2019-08-07,1255.96,1264.97,1231.25,1237.8,2247223,1256.32,1309.48,1205.9,1359.38,1374.34,34.03,38.76,0,,1177.66,,,0,,,0,,,,
2019-08-08,1246.86,1248.68,1219.65,1238.35,2788577,1255.95,1304.31,1205.9,1346.84,1359.38,33.67,38.92,0,,1178.26,,,0,,,0,,,,
2019-08-09,1248.68,1267.34,1238.76,1241.94,2419380,1255.62,1299.19,1205.9,1324.33,1346.84,33.34,40.03,0,,1180.79,,,0,,,0,,,,
2019-08-13,1246.86,1246.86,1189.52,1195.21,3135817,1254.95,1292.41,1189.52,1321.28,1324.33,35.05,31.92,0,,1144.05,,,0,,,0,,,,
2019-08-14,1201.35,1220.42,1197.71,1213.82,2798429,1254.51,1286.03,1189.52,1321.28,1321.28,34.35,37.36,0,,1156.52,,,0,,,0,,,,
2019-08-16,1215.01,1219.46,1201.81,1215.23,2654524,1254.25,1279.28,1189.52,1307.26,1321.28,33.15,37.77,0,,1158.23,,,0,,,0,,,,
2019-08-19,1218.65,1238.62,1218.65,1230.66,2509331,1254.14,1273.23,1189.52,1299.94,1307.26,32.46,42.18,0,,1168.64,,,0,,,0,,,,
2019-08-20,1231.34,1233.71,1214.1,1221.83,2145169,1254.0,1267.28,1189.52,1292.55,1299.94,31.54,40.42,0,,1163.56,,,0,,,0,,,,
2019-08-21,1220.65,1221.29,1185.47,1192.84,2361165,1253.67,1262.41,1185.47,1292.55,1292.55,31.88,35.2,0,,1143.28,,,0,,,0,,,,
2019-08-22,1184.97,1208.13,1167.82,1177.92,3780476,1253.22,1255.95,1167.82,1292.55,1292.55,32.49,32.85,0,,1127.37,,,0,,,0,,,,
2019-08-23,1174.05,1180.83,1159.49,1170.86,5252370,1252.69,1250.07,1159.49,1276.8,1292.55,31.69,31.77,0,,1120.57,,,0,,,0,,,,
2019-08-26,1192.25,1222.47,1161.81,1213.78,3759248,1252.57,1245.74,1159.49,1273.62,1276.8,33.76,43.86,0,,1146.88,,,0,,,0,,,,
2019-08-27,1223.97,1255.91,1222.88,1234.98,5431422,1252.82,1242.98,1159.49,1273.62,1273.62,34.36,48.7,0,,1160.15,,,0,,,0,,,,
2019-08-28,1239.67,1246.86,1216.01,1223.79,2272465,1252.94,1240.63,1159.49,1273.62,1273.62,34.11,46.42,0,,1153.1,,,0,,,0,,,,
2019-08-29,1219.46,1233.21,1212.5,1221.79,2421312,1253.05,1237.59,1159.49,1273.62,1273.62,33.15,46.01,0,,1152.45,,,0,,,0,,,,
2019-08-30,1224.06,1234.94,1185.79,1208.86,3715119,1253.05,1234.29,1159.49,1273.62,1273.62,34.29,43.32,0,,1143.35,,,0,,,0,,,,
2019-09-03,1207.72,1207.72,1174.05,1178.05,3617815,1253.0,1230.58,1159.49,1273.62,1273.62,34.33,37.68,0,,1123.45,,,0,,,0,,,,
2019-09-04,1179.51,1196.17,1176.23,1190.48,2786181,1253.07,1227.99,1159.49,1273.62,1273.62,33.3,41.02,0,,1132.16,,,0,,,0,,,,
2019-09-05,1194.85,1217.74,1191.02,1201.63,2758679,1253.28,1226.0,1159.49,1273.62,1273.62,32.87,43.92,0,,1139.63,,,0,,,0,,,,
2019-09-06,1209.04,1214.09,1201.67,1209.23,1694661,1253.55,1224.09,1159.49,1267.34,1273.62,31.41,45.88,0,,1145.51,,,0,,,0,,,,
2019-09-09,1210.45,1239.4,1204.13,1235.03,3508361,1254.02,1223.17,1159.49,1267.34,1267.34,31.69,51.99,0,,1161.97,,,0,,,0,,,,
2019-09-11,1241.4,1259.42,1234.12,1241.08,2545642,1254.6,1222.91,1159.49,1267.34,1267.34,31.23,53.33,0,,1166.17,,,0,,,0,,,,
2019-09-12,1246.95,1255.73,1233.53,1239.94,2249695,1255.08,1222.0,1159.49,1259.42,1267.34,30.59,53.03,0,,1165.87,,,0,,,0,,,,
2019-09-13,1239.58,1244.08,1223.29,1240.9,1771658,1255.69,1221.76,1159.49,1259.42,1259.42,29.89,53.27,0,,1166.95,,,0,,,0,,,,
2019-09-16,1232.3,1234.98,1218.28,1222.83,1835805,1256.09,1220.77,1159.49,1259.42,1259.42,29.37,48.32,0,,1155.64,,,0,,,0,,,,
2019-09-17,1223.2,1224.11,1192.43,1195.62,2210178,1256.19,1218.53,1161.81,1259.42,1259.42,29.53,41.99,0,,1138.76,,,0,,,0,,,,
2019-09-18,1201.44,1209.0,1195.26,1199.53,2081625,1256.25,1217.32,1174.05,1259.42,1259.42,28.4,43.14,0,,1146.11,,,0,,,0,,,,
2019-09-19,1201.35,1201.54,1181.33,1183.79,1808736,1256.31,1215.21,1174.05,1259.42,1259.42,27.82,39.72,0,,1136.35,,,0,,,0,,,,
2019-09-20,1187.7,1289.13,1173.23,1284.63,9975807,1257.06,1217.2,1173.23,1289.13,1259.42,34.11,61.03,1,1284.63,1196.92,1196.92,1196.92,1,49,2019-09-20,0,,,,
2019-09-23,1321.49,1411.59,1320.58,1391.11,12082820,1258.46,1221.78,1173.23,1411.59,1289.13,40.74,72.21,0,,1261.18,,1261.18,1,49,2019-09-20,0,,,,
2019-09-24,1387.02,1387.02,1342.92,1348.16,3831602,1259.69,1225.46,1173.23,1411.59,1411.59,41.27,64.21,0,,1233.12,,1261.18,1,49,2019-09-20,0,,,,
2019-09-25,1347.79,1348.52,1316.62,1319.76,2746428,1260.93,1228.18,1173.23,1411.59,1411.59,40.61,59.52,0,,1215.25,,1261.18,1,49,2019-09-20,0,,,,
2019-09-26,1325.4,1360.62,1325.4,1355.94,3560962,1262.5,1231.98,1173.23,1411.59,1411.59,40.62,63.21,0,,1238.58,,1261.18,1,49,2019-09-20,0,,,,
2019-09-27,1350.66,1357.62,1330.59,1340.28,2167976,1263.97,1236.81,1173.23,1411.59,1411.59,39.65,60.63,0,,1229.12,,1261.18,1,49,2019-09-20,0,,,,
2019-09-30,1340.6,1350.61,1318.03,1341.74,2961398,1265.56,1241.08,1173.23,1411.59,1411.59,39.15,60.79,0,,1230.4,,1261.18,1,49,2019-09-20,0,,,,
2019-10-01,1346.97,1361.94,1309.79,1332.46,2578275,1267.0,1244.98,1173.23,1411.59,1411.59,40.08,59.14,0,,1223.8,,1261.18,1,49,2019-09-20,0,,,,
2019-10-03,1315.53,1342.88,1294.41,1327.0,1966976,1268.39,1248.19,1173.23,1411.59,1411.59,40.68,58.14,0,,1219.87,,1261.18,1,49,2019-09-20,0,,,,
2019-10-04,1332.23,1341.51,1292.46,1296.82,3266487,1269.5,1250.69,1173.23,1411.59,1411.59,41.27,52.82,0,,1200.01,,1261.18,1,49,2019-09-20,0,,,,
2019-10-07,1292.36,1300.56,1256.92,1272.21,2192329,1270.33,1253.34,1173.23,1411.59,1411.59,41.44,48.9,0,,1184.02,,1261.18,1,49,2019-09-20,1,1270.33,TRAILING_STOP|SMA150_BREAK,11,-1.11
2019-10-09,1275.07,1304.56,1273.34,1298.05,1818865,1271.29,1257.34,1173.23,1411.59,1411.59,40.79,52.86,0,,1201.12,,,0,,,0,,,,
2019-10-10,1295.1,1303.29,1280.58,1297.01,1626821,1272.27,1261.55,1173.23,1411.59,1411.59,39.5,52.68,0,,1201.31,,,0,,,0,,,,
2019-10-11,1302.38,1319.67,1292.55,1299.37,2024214,1273.29,1264.4,1173.23,1411.59,1411.59,38.62,53.07,0,,1203.43,,,0,,,0,,,,
2019-10-14,1306.02,1310.48,1290.86,1295.96,2220364,1274.35,1266.44,1173.23,1411.59,1411.59,37.26,52.4,0,,1202.13,,,0,,,0,,,,
2019-10-15,1300.65,1314.94,1292.96,1303.51,1797471,1275.34,1269.09,1256.92,1411.59,1411.59,36.17,53.78,0,,1235.62,,,0,,,0,,,,
2019-10-16,1310.57,1312.21,1288.95,1296.19,2446615,1276.24,1271.57,1256.92,1411.59,1411.59,35.25,52.2,0,,1231.52,,,0,,,0,,,,
2019-10-17,1299.65,1309.29,1292.55,1296.32,2304434,1277.04,1274.49,1256.92,1411.59,1411.59,33.92,52.23,0,,1232.48,,,0,,,0,,,,
2019-10-18,1299.65,1326.04,1297.28,1317.67,3516394,1278.01,1279.14,1256.92,1411.59,1411.59,33.62,56.53,0,,1246.45,,,0,,,0,,,,
2019-10-22,1318.3,1335.87,1309.79,1312.89,2858390,1278.87,1283.22,1256.92,1411.59,1411.59,33.09,55.33,0,,1243.73,,,0,,,0,,,,
2019-10-23,1315.12,1318.67,1291.09,1303.1,2410781,1279.46,1286.6,1256.92,1411.59,1411.59,32.69,52.85,0,,1237.68,,,0,,,0,,,,
2019-10-24,1328.77,1335.14,1298.14,1303.51,3646005,1280.12,1289.75,1256.92,1387.02,1411.59,33.0,52.95,0,,1237.74,,,0,,,0,,,,
2019-10-25,1310.52,1312.11,1292.46,1296.92,2013793,1280.7,1291.81,1256.92,1361.94,1387.02,32.05,51.16,0,,1234.12,,,0,,,0,,,,
2019-10-27,1307.56,1309.61,1300.42,1305.47,398258,1281.09,1293.96,1256.92,1361.94,1361.94,30.66,53.36,0,,1240.56,,,0,,,0,,,,
2019-10-29,1306.47,1333.14,1302.38,1329.77,3351491,1281.7,1296.95,1256.92,1361.94,1361.94,30.67,59.01,0,,1256.23,,,0,,,0,,,,
2019-10-30,1337.83,1357.85,1333.32,1341.74,3722066,1282.38,1300.31,1273.34,1361.94,1361.94,30.49,61.48,0,,1269.55,,,0,,,0,,,,
2019-10-31,1347.88,1352.89,1335.37,1340.65,2210277,1282.95,1304.24,1280.58,1361.94,1361.94,29.56,61.12,0,,1271.87,,,0,,,0,,,,
2019-11-01,1343.97,1347.93,1315.12,1319.12,2287220,1283.48,1308.36,1288.95,1357.85,1361.94,29.79,54.32,0,,1260.62,,,0,,,0,,,,
2019-11-04,1326.77,1336.05,1319.67,1321.67,1459894,1284.16,1312.43,1288.95,1357.85,1357.85,28.87,54.96,0,,1262.88,,,0,,,0,,,,
2019-11-05,1324.22,1328.41,1303.29,1310.39,2401916,1284.68,1316.65,1288.95,1357.85,1357.85,28.6,51.53,0,,1255.78,,,0,,,0,,,,
2019-11-06,1310.57,1335.09,1308.52,1322.44,2434431,1285.15,1317.91,1288.95,1357.85,1357.85,28.46,54.78,0,,1263.65,,,0,,,0,,,,
2019-11-07,1328.72,1328.72,1302.38,1306.06,1999085,1285.61,1315.07,1291.09,1357.85,1357.85,28.31,49.88,0,,1253.9,,,0,,,0,,,,
2019-11-08,1301.42,1317.85,1292.37,1295.1,2217408,1286.02,1313.3,1291.09,1357.85,1357.85,28.11,46.86,0,,1246.97,,,0,,,0,,,,
2019-11-11,1291.64,1302.15,1281.49,1289.63,2097492,1286.43,1312.3,1281.49,1357.85,1357.85,27.57,45.39,0,,1240.59,,,0,,,0,,,,
2019-11-13,1290.95,1292.23,1264.2,1267.79,2929404,1286.58,1309.36,1264.2,1357.85,1357.85,27.61,39.97,0,,1220.72,,,0,,,0,,,,
2019-11-14,1271.43,1279.58,1253.18,1256.37,3000518,1286.49,1306.56,1253.18,1357.85,1357.85,27.52,37.46,0,,1209.74,,,0,,,0,,,,
2019-11-15,1259.24,1267.52,1243.4,1253.82,3409434,1286.41,1303.63,1243.4,1357.85,1357.85,27.28,36.9,0,,1205.0,,,0,,,0,,,,
2019-11-18,1263.24,1268.52,1238.9,1241.85,2733161,1286.43,1300.61,1238.9,1357.85,1357.85,27.45,34.31,0,,1195.66,,,0,,,0,,,,
2019-11-19,1241.85,1254.32,1239.12,1242.99,2396206,1286.52,1297.81,1238.9,1357.85,1357.85,26.57,34.78,0,,1196.98,,,0,,,0,,,,
2019-11-20,1248.68,1268.11,1242.63,1256.69,3914075,1286.67,1296.48,1238.9,1357.85,1357.85,26.49,40.3,0,,1205.87,,,0,,,0,,,,
2019-11-21,1278.71,1290.45,1260.51,1267.52,5719318,1286.89,1296.32,1238.9,1357.85,1357.85,27.01,44.31,0,,1212.51,,,0,,,0,,,,
2019-11-22,1268.47,1273.21,1247.77,1254.73,2363205,1287.02,1294.88,1238.9,1357.85,1357.85,26.9,40.82,0,,1204.33,,,0,,,0,,,,
2019-11-25,1254.6,1264.15,1247.86,1256.73,2956576,1287.18,1293.53,1238.9,1357.85,1357.85,26.14,41.59,0,,1206.13,,,0,,,0,,,,
2019-11-26,1255.37,1255.96,1237.35,1240.49,4853977,1287.2,1291.57,1237.35,1357.85,1357.85,25.66,37.33,0,,1195.46,,,0,,,0,,,,
2019-11-27,1242.31,1246.86,1196.03,1215.46,7904745,1287.15,1288.89,1196.03,1357.85,1357.85,27.46,31.89,0,,1164.34,,,0,,,0,,,,
2019-11-28,1223.2,1232.3,1207.91,1228.57,4503913,1287.21,1286.39,1196.03,1352.89,1357.85,27.24,37.06,0,,1172.95,,,0,,,0,,,,
2019-11-29,1228.66,1228.84,1208.63,1210.96,2515083,1287.01,1283.55,1196.03,1347.93,1352.89,26.74,33.4,0,,1161.92,,,0,,,0,,,,
2019-12-02,1210.96,1222.2,1201.67,1213.5,3044008,1286.95,1280.79,1196.03,1336.05,1347.93,26.29,34.4,0,,1163.86,,,0,,,0,,,,
2019-12-03,1213.59,1213.59,1192.25,1195.16,3068849,1286.77,1276.7,1192.25,1335.09,1336.05,25.94,30.78,0,,1151.0,,,0,,,0,,,,
2019-12-04,1192.25,1194.07,1166.91,1169.59,10230371,1286.49,1271.93,1166.91,1335.09,1335.09,26.1,26.58,0,,1125.95,,,0,,,0,,,,
2019-12-05,1177.69,1194.98,1169.64,1185.15,6644324,1286.24,1267.99,1166.91,1328.72,1335.09,26.05,32.61,0,,1136.02,,,0,,,0,,,,
2019-12-06,1191.21,1191.34,1167.77,1174.78,3302384,1285.96,1263.7,1166.91,1317.85,1328.72,25.88,30.79,0,,1129.45,,,0,,,0,,,,
2019-12-09,1177.69,1182.15,1157.49,1161.31,3038475,1285.56,1259.18,1157.49,1302.15,1317.85,25.79,28.57,0,,1117.68,,,0,,,0,,,,
2019-12-10,1162.22,1168.59,1153.25,1164.04,2759100,1285.25,1254.47,1153.25,1292.23,1302.15,25.04,29.68,0,,1118.53,,,0,,,0,,,,
2019-12-11,1167.63,1172.91,1142.2,1150.66,3949135,1284.78,1248.5,1142.2,1290.45,1292.23,25.45,27.43,0,,1105.94,,,0,,,0,,,,
2019-12-12,1155.85,1167.54,1154.21,1164.68,3264836,1284.37,1242.6,1142.2,1290.45,1290.45,24.84,33.14,0,,1115.4,,,0,,,0,,,,
2019-12-13,1172.18,1190.43,1169.77,1187.97,3655956,1284.19,1237.51,1142.2,1290.45,1290.45,24.9,41.39,0,,1130.37,,,0,,,0,,,,
2019-12-16,1196.3,1199.53,1183.15,1185.88,3969819,1283.91,1233.07,1142.2,1290.45,1290.45,24.29,40.91,0,,1129.43,,,0,,,0,,,,
2019-12-17,1191.52,1205.9,1186.61,1199.49,3719446,1283.76,1228.99,1142.2,1290.45,1290.45,23.99,45.42,0,,1138.41,,,0,,,0,,,,
2019-12-18,1205.68,1206.77,1196.44,1200.76,2961222,1283.64,1225.34,1142.2,1290.45,1290.45,23.01,45.83,0,,1139.88,,,0,,,0,,,,
2019-12-19,1198.4,1202.26,1189.61,1193.84,1936623,1283.48,1221.05,1142.2,1273.21,1290.45,22.27,43.87,0,,1135.91,,,0,,,0,,,,
2019-12-20,1194.98,1208.54,1189.8,1193.66,3297390,1283.54,1217.31,1142.2,1264.15,1273.21,22.02,43.82,0,,1135.96,,,0,,,0,,,,
2019-12-23,1190.34,1203.17,1187.7,1193.39,3394916,1283.46,1213.92,1142.2,1255.96,1264.15,21.55,43.74,0,,1136.1,,,0,,,0,,,,
2019-12-24,1196.48,1200.44,1181.33,1184.06,1803814,1283.42,1210.4,1142.2,1246.86,1255.96,21.38,40.81,0,,1130.2,,,0,,,0,,,,
2019-12-26,1182.83,1189.25,1162.22,1164.31,3723801,1283.17,1206.95,1142.2,1232.3,1246.86,21.78,35.4,0,,1117.19,,,0,,,0,,,,
2019-12-27,1166.36,1184.83,1165.09,1182.79,2459664,1282.9,1204.49,1142.2,1228.84,1232.3,21.69,43.01,0,,1129.17,,,0,,,0,,,,
2019-12-30,1184.88,1189.7,1179.97,1185.24,2072838,1282.1,1202.21,1142.2,1222.2,1228.84,20.84,43.95,0,,1131.32,,,0,,,0,,,,
2019-12-31,1183.15,1192.25,1175.1,1181.51,3043254,1281.3,1200.2,1142.2,1213.59,1222.2,20.57,42.79,0,,1129.09,,,0,,,0,,,,
2020-01-01,1190.8,1200.35,1185.88,1192.21,3123998,1280.5,1198.5,1142.2,1208.54,1213.59,20.45,47.1,0,,1136.08,,,0,,,0,,,,
2020-01-02,1194.07,1226.84,1193.16,1224.38,4335359,1279.82,1197.43,1154.21,1226.84,1208.54,21.46,57.48,0,,1160.15,,,0,,,0,,,,
2020-01-03,1224.06,1224.06,1210.59,1215.05,2059871,1278.67,1195.68,1162.22,1226.84,1226.84,20.91,54.16,0,,1157.17,,,0,,,0,,,,
2020-01-06,1211.36,1212.27,1195.98,1198.4,2646905,1277.1,1193.8,1162.22,1226.84,1226.84,20.78,48.75,0,,1146.52,,,0,,,0,,,,
2020-01-07,1208.63,1219.1,1195.67,1201.81,2077893,1275.68,1191.97,1162.22,1226.84,1226.84,20.97,49.86,0,,1148.59,,,0,,,0,,,,
2020-01-08,1184.97,1191.07,1168.0,1175.46,4147568,1274.21,1189.8,1162.22,1226.84,1226.84,21.89,42.27,0,,1130.99,,,0,,,0,,,,
2020-01-09,1193.16,1201.26,1187.79,1197.85,2067779,1272.86,1189.22,1162.22,1226.84,1226.84,22.17,49.33,0,,1145.24,,,0,,,0,,,,
2020-01-10,1200.44,1215.87,1200.44,1205.54,2360798,1271.57,1188.45,1162.22,1226.84,1226.84,21.87,51.52,0,,1150.4,,,0,,,0,,,,
2020-01-13,1209.54,1219.01,1209.27,1214.73,1825244,1270.33,1188.57,1162.22,1226.84,1226.84,21.27,54.07,0,,1156.73,,,0,,,0,,,,
2020-01-14,1210.27,1211.36,1196.89,1206.91,2046500,1268.97,1188.35,1162.22,1226.84,1226.84,21.03,51.58,0,,1151.85,,,0,,,0,,,,
2020-01-15,1206.45,1216.05,1201.35,1204.63,2127677,1267.92,1188.67,1162.22,1226.84,1226.84,20.57,50.85,0,,1150.68,,,0,,,0,,,,
2020-01-16,1208.36,1213.09,1198.99,1200.72,1773135,1266.86,1189.71,1165.09,1226.84,1226.84,20.11,49.54,0,,1149.42,,,0,,,0,,,,
2020-01-17,1201.9,1206.77,1184.97,1186.97,2941837,1265.6,1189.77,1168.0,1226.84,1226.84,20.23,45.15,0,,1141.44,,,0,,,0,,,,
2020-01-20,1195.85,1201.26,1189.07,1191.89,2542477,1264.41,1190.34,1168.0,1226.84,1226.84,19.81,46.96,0,,1144.9,,,0,,,0,,,,
2020-01-21,1187.47,1195.8,1183.56,1185.29,1361576,1263.27,1191.14,1168.0,1226.84,1226.84,19.27,44.83,0,,1141.0,,,0,,,0,,,,
2020-01-22,1193.16,1194.07,1175.87,1177.87,2449753,1262.04,1191.6,1168.0,1226.84,1226.84,19.19,42.48,0,,1136.27,,,0,,,0,,,,
2020-01-23,1189.52,1219.42,1188.61,1212.55,10056067,1260.98,1193.66,1168.0,1226.84,1226.84,20.79,54.46,0,,1157.57,,,0,,,0,,,,
2020-01-24,1212.27,1244.9,1212.27,1237.03,5837319,1260.25,1196.07,1168.0,1244.9,1226.84,21.63,60.68,0,,1172.79,,,0,,,0,,,,
2020-01-27,1219.56,1242.22,1219.56,1227.38,2510013,1259.41,1197.39,1168.0,1244.9,1244.9,21.71,57.35,0,,1166.52,,,0,,,0,,,,
2020-01-28,1229.48,1233.21,1217.74,1225.61,2352852,1258.57,1198.71,1168.0,1244.9,1244.9,21.26,56.74,0,,1165.68,,,0,,,0,,,,
2020-01-29,1231.48,1251.36,1230.57,1242.95,3678474,1257.53,1200.16,1175.87,1251.36,1244.9,21.58,61.13,0,,1179.27,,,0,,,0,,,,
2020-01-30,1243.17,1253.05,1231.39,1247.04,2743506,1256.62,1201.7,1175.87,1253.05,1251.36,21.59,62.11,0,,1181.91,,,0,,,0,,,,
2020-01-31,1252.27,1253.23,1238.17,1246.22,3939306,1255.69,1203.45,1175.87,1253.23,1253.05,21.12,61.77,0,,1181.69,,,0,,,0,,,,
2020-02-03,1174.05,1186.7,1157.67,1171.0,5767353,1254.31,1202.69,1157.67,1253.23,1253.23,25.94,40.28,0,,1123.89,,,0,,,0,,,,
2020-02-04,1179.51,1189.79,1171.82,1175.64,3604309,1252.85,1202.1,1157.67,1253.23,1253.23,25.43,41.63,0,,1127.23,,,0,,,0,,,,
2020-02-05,1181.24,1205.9,1178.6,1192.3,4220104,1251.51,1202.38,1157.67,1253.23,1253.23,25.77,46.32,0,,1137.74,,,0,,,0,,,,
2020-02-06,1203.99,1205.9,1191.39,1199.17,2354458,1250.2,1203.54,1157.67,1253.23,1253.23,24.97,48.17,0,,1142.71,,,0,,,0,,,,
2020-02-07,1195.03,1196.26,1179.51,1182.24,3053804,1248.76,1203.52,1157.67,1253.23,1253.23,24.59,44.14,0,,1132.04,,,0,,,0,,,,
2020-02-10,1183.15,1185.38,1158.67,1169.77,3039992,1247.19,1203.0,1157.67,1253.23,1253.23,24.74,41.39,0,,1123.9,,,0,,,0,,,,
2020-02-11,1175.87,1182.2,1168.59,1171.23,2200796,1245.55,1202.66,1157.67,1253.23,1253.23,23.95,41.84,0,,1125.37,,,0,,,0,,,,
2020-02-12,1173.23,1183.01,1164.95,1180.69,2568696,1244.0,1202.28,1157.67,1253.23,1253.23,23.53,44.84,0,,1131.75,,,0,,,0,,,,
2020-02-13,1182.24,1183.01,1169.5,1176.1,1545536,1242.51,1200.67,1157.67,1253.23,1253.23,22.81,43.67,0,,1129.27,,,0,,,0,,,,
2020-02-14,1178.6,1187.66,1174.6,1178.74,1780119,1241.44,1199.46,1157.67,1253.23,1253.23,22.11,44.57,0,,1131.44,,,0,,,0,,,,
2020-02-17,1180.42,1181.19,1162.22,1165.13,2155085,1240.06,1198.35,1157.67,1253.23,1253.23,21.89,40.93,0,,1122.81,,,0,,,0,,,,
2020-02-18,1166.31,1173.87,1152.62,1170.73,2347917,1238.89,1197.31,1152.62,1253.23,1253.23,21.84,42.99,0,,1124.77,,,0,,,0,,,,
2020-02-19,1181.33,1182.24,1161.85,1166.22,1820353,1237.7,1197.0,1152.62,1253.23,1253.23,21.74,41.73,0,,1121.93,,,0,,,0,,,,
2020-02-20,1164.86,1173.05,1160.67,1165.49,3034681,1236.69,1195.93,1152.62,1253.23,1253.23,21.07,41.52,0,,1121.9,,,0,,,0,,,,
2020-02-24,1157.58,1157.58,1140.06,1146.47,3414064,1235.7,1193.96,1140.06,1253.23,1253.23,21.38,36.33,0,,1105.24,,,0,,,0,,,,
2020-02-25,1148.75,1151.89,1128.68,1130.41,3133077,1234.49,1191.15,1128.68,1253.23,1253.23,21.51,32.62,0,,1091.0,,,0,,,0,,,,
2020-02-26,1123.99,1126.72,1097.6,1102.29,5721483,1233.12,1187.66,1097.6,1253.23,1253.23,22.32,27.35,0,,1061.96,,,0,,,0,,,,
2020-02-27,1103.38,1107.57,1092.14,1101.56,4003149,1231.86,1184.22,1092.14,1253.23,1253.23,21.83,27.23,0,,1060.0,,,0,,,0,,,,
2020-02-28,1082.72,1088.91,1057.55,1080.81,6286647,1230.61,1180.23,1057.55,1253.23,1253.23,23.41,23.94,0,,1034.03,,,0,,,0,,,,
2020-03-02,1096.69,1103.38,1047.13,1056.55,3177486,1229.25,1175.88,1047.13,1205.9,1253.23,25.76,20.78,0,,1013.35,,,0,,,0,,,,
2020-03-03,1061.2,1080.13,1057.6,1075.12,3134527,1227.97,1171.99,1047.13,1205.9,1205.9,25.6,28.56,0,,1025.43,,,0,,,0,,,,
2020-03-04,1078.49,1081.08,1053.91,1070.89,3135151,1226.7,1168.17,1047.13,1205.9,1205.9,25.71,27.88,0,,1022.62,,,0,,,0,,,,
2020-03-05,1074.03,1080.54,1061.38,1076.17,2625152,1225.54,1164.78,1047.13,1205.9,1205.9,25.25,30.1,0,,1026.34,,,0,,,0,,,,
2020-03-06,1044.81,1059.38,1029.2,1054.73,3956575,1224.13,1159.52,1029.2,1196.26,1205.9,26.8,26.54,0,,1005.5,,,0,,,0,,,,
2020-03-09,1033.71,1033.71,971.37,1002.9,8038295,1222.49,1151.72,971.37,1187.66,1196.26,30.84,20.29,0,,950.1,,,0,,,0,,,,
2020-03-11,992.03,1020.19,988.2,1016.55,5628125,1220.92,1144.69,971.37,1187.66,1187.66,30.92,25.28,0,,958.85,,,0,,,0,,,,
2020-03-12,973.82,973.87,913.85,925.18,9200130,1218.67,1134.68,913.85,1187.66,1187.66,36.05,17.42,0,,877.33,,,0,,,0,,,,
2020-03-13,864.61,965.13,810.0,956.94,8117911,1216.81,1125.14,810.0,1187.66,1187.66,44.55,26.03,0,,857.52,,,0,,,0,,,,
2020-03-16,923.09,948.34,875.44,881.63,6671806,1214.37,1112.96,810.0,1187.66,1187.66,47.19,20.56,0,,807.19,,,0,,,0,,,,
2020-03-17,884.63,914.67,855.65,870.75,4720207,1212.01,1100.45,810.0,1182.24,1187.66,48.04,19.91,0,,799.61,,,0,,,0,,,,
2020-03-18,880.99,887.14,819.1,823.25,5586097,1209.14,1088.86,810.0,1182.24,1182.24,49.47,17.33,0,,768.02,,,0,,,0,,,,
2020-03-19,795.35,804.54,762.4,767.32,7251950,1206.01,1075.24,762.4,1182.24,1182.24,50.28,14.88,0,,715.54,,,0,,,0,,,,
2020-03-20,772.69,798.9,756.58,786.98,6130185,1203.0,1061.73,756.58,1173.05,1182.24,49.71,19.2,0,,726.66,,,0,,,0,,,,
2020-03-23,736.28,737.15,642.54,658.97,7308612,1199.11,1043.73,642.54,1157.58,1173.05,56.48,14.16,0,,601.56,,,0,,,0,,,,
2020-03-24,696.76,697.45,620.16,653.29,7110384,1195.5,1026.1,620.16,1151.89,1157.58,57.96,13.99,0,,589.45,,,0,,,0,,,,
2020-03-25,643.42,715.22,610.01,706.68,16122446,1192.12,1010.66,610.01,1126.72,1151.89,61.34,23.57,0,,618.25,,,0,,,0,,,,
2020-03-26,726.98,777.33,695.98,773.36,9028497,1189.17,997.4,610.01,1107.57,1126.72,62.77,33.52,0,,660.31,,,0,,,0,,,,
2020-03-27,800.95,821.35,749.36,772.48,6573448,1186.12,983.79,610.01,1103.38,1107.57,63.43,33.46,0,,659.3,,,0,,,0,,,,
2020-03-30,739.21,752.13,729.98,737.04,4474168,1182.88,969.15,610.01,1103.38,1103.38,61.93,30.98,0,,637.44,,,0,,,0,,,,
2020-03-31,756.75,759.52,730.17,746.13,8045468,1179.91,954.73,610.01,1081.08,1103.38,59.6,32.36,0,,644.85,,,0,,,0,,,,
2020-04-01,744.61,749.73,707.42,714.62,4104403,1176.82,939.72,610.01,1081.08,1081.08,58.37,30.11,0,,625.35,,,0,,,0,,,,
2020-04-03,730.08,730.08,703.96,714.9,4268480,1173.78,924.52,610.01,1080.54,1081.08,56.07,30.15,0,,627.07,,,0,,,0,,,,
2020-04-07,742.9,750.29,729.98,739.81,5768998,1170.62,910.31,610.01,1059.38,1080.54,54.59,34.35,0,,644.12,,,0,,,0,,,,
2020-04-08,741.98,767.82,736.17,744.84,6151091,1167.35,896.29,610.01,1033.71,1059.38,52.95,35.2,0,,648.46,,,0,,,0,,,,
2020-04-09,769.99,769.99,742.35,750.1,6410296,1164.19,883.08,610.01,1020.19,1033.71,51.14,36.12,0,,653.06,,,0,,,0,,,,
2020-04-13,750.1,805.1,745.63,798.69,9462711,1161.37,872.02,610.01,973.87,1020.19,51.74,44.09,0,,684.0,,,0,,,0,,,,
2020-04-15,822.22,855.12,801.97,812.26,10435477,1158.73,862.35,610.01,965.13,973.87,52.07,46.11,0,,692.53,,,0,,,0,,,,
2020-04-16,808.38,848.85,803.03,841.33,6980512,1156.48,853.68,610.01,948.34,965.13,51.63,50.25,0,,711.58,,,0,,,0,,,,
2020-04-17,858.26,867.49,845.34,860.94,5827648,1154.29,846.35,610.01,914.67,948.34,49.81,52.89,0,,725.44,,,0,,,0,,,,
2020-04-20,868.23,870.26,840.73,844.97,4958362,1151.91,839.29,610.01,887.14,914.67,48.36,50.54,0,,716.1,,,0,,,0,,,,
2020-04-21,827.81,836.67,796.43,803.21,5122305,1149.2,830.23,695.98,870.26,887.14,48.37,44.93,0,,717.82,,,0,,,0,,,,
2020-04-22,805.66,817.19,784.43,786.83,6090168,1146.21,820.76,703.96,870.26,870.26,47.26,42.91,0,,710.65,,,0,,,0,,,,
2020-04-23,793.66,802.43,770.59,775.76,6321888,1143.11,810.75,703.96,870.26,870.26,46.16,41.56,0,,704.25,,,0,,,0,,,,
2020-04-24,773.36,801.97,769.81,785.54,7960368,1140.08,801.78,703.96,870.26,870.26,45.16,43.26,0,,711.22,,,0,,,0,,,,
2020-04-27,795.46,807.41,786.51,789.28,4224177,1137.07,794.65,703.96,870.26,870.26,43.49,43.94,0,,714.74,,,0,,,0,,,,
2020-04-28,797.17,800.77,786.37,791.03,3772704,1134.19,787.14,703.96,870.26,870.26,41.41,44.27,0,,717.26,,,0,,,0,,,,
2020-04-29,795.51,814.93,788.12,807.83,4837925,1131.61,783.23,729.98,870.26,870.26,40.37,47.5,0,,737.46,,,0,,,0,,,,
2020-04-30,821.53,846.08,815.9,828.31,6332497,1129.13,778.94,736.17,870.26,870.26,40.22,51.21,0,,752.84,,,0,,,0,,,,
2020-05-04,812.12,812.12,779.82,785.03,4678576,1126.47,775.72,742.35,870.26,870.26,40.81,44.11,0,,726.59,,,0,,,0,,,,
2020-05-05,794.58,802.71,770.59,772.34,4296433,1123.06,772.44,745.63,870.26,870.26,40.19,42.26,0,,719.91,,,0,,,0,,,,
2020-05-06,773.36,782.59,754.53,772.71,5081524,1118.94,770.75,754.53,870.26,870.26,39.32,42.34,0,,723.69,,,0,,,0,,,,
2020-05-07,768.74,771.56,756.84,759.38,3529134,1115.01,770.49,754.53,870.26,870.26,37.65,40.29,0,,716.21,,,0,,,0,,,,
2020-05-08,768.74,770.45,747.52,753.01,4394509,1111.23,769.36,747.52,870.26,870.26,36.6,39.3,0,,710.47,,,0,,,0,,,,
2020-05-11,757.85,763.67,753.38,758.22,2882920,1107.25,772.66,747.52,870.26,870.26,34.74,40.58,0,,715.06,,,0,,,0,,,,
2020-05-12,753.98,756.05,741.98,751.95,3024381,1103.33,775.95,741.98,870.26,870.26,33.42,39.5,0,,710.05,,,0,,,0,,,,
2020-05-13,797.08,804.69,784.89,796.34,8625444,1099.69,778.94,741.98,870.26,870.26,34.8,49.67,0,,737.76,,,0,,,0,,,,
2020-05-14,792.65,811.75,776.59,804.41,6778584,1096.17,779.98,741.98,870.26,870.26,34.83,51.28,0,,742.95,,,0,,,0,,,,
2020-05-15,813.92,816.73,788.12,797.72,5653901,1092.64,780.82,741.98,870.26,870.26,34.38,49.86,0,,738.93,,,0,,,0,,,,
2020-05-18,802.8,802.89,747.52,750.61,6211249,1089.0,781.27,741.98,870.26,870.26,35.88,41.21,0,,707.55,,,0,,,0,,,,
2020-05-19,763.3,769.48,730.63,734.92,5533176,1085.42,780.9,730.63,846.08,870.26,36.09,38.8,0,,693.5,,,0,,,0,,,,
2020-05-20,738.29,776.13,738.29,770.59,5949898,1081.9,782.76,730.63,846.08,846.08,36.46,46.47,0,,716.27,,,0,,,0,,,,
2020-05-21,771.47,779.82,754.99,757.21,4701930,1078.3,784.17,730.63,846.08,846.08,35.63,44.23,0,,708.19,,,0,,,0,,,,
2020-05-22,752.13,762.75,747.61,752.78,4607479,1074.66,784.6,730.63,846.08,846.08,34.17,43.49,0,,706.31,,,0,,,0,,,,
2020-05-26,758.5,777.7,757.67,761.87,4335209,1071.1,785.17,730.63,846.08,846.08,33.51,45.52,0,,712.61,,,0,,,0,,,,
2020-05-27,767.78,791.08,763.21,785.22,5159287,1067.64,786.34,730.63,846.08,846.08,33.2,50.45,0,,727.88,,,0,,,0,,,,
2020-05-28,789.05,841.65,789.05,835.65,11481079,1064.57,787.58,730.63,846.08,846.08,34.86,59.07,0,,759.3,,,0,,,0,,,,
2020-05-29,824.3,865.18,822.27,860.34,10166556,1061.67,789.18,730.63,865.18,846.08,35.43,62.51,0,,774.84,,,0,,,0,,,,
2020-06-01,871.78,899.01,852.72,856.55,7617144,1058.59,789.68,730.63,899.01,865.18,36.21,61.66,0,,771.88,,,0,,,0,,,,
2020-06-02,862.88,879.49,842.62,872.52,7325471,1055.66,790.07,730.63,899.01,899.01,36.26,63.9,0,,782.15,,,0,,,0,,,,
2020-06-03,882.21,897.81,881.33,887.15,4651554,1052.88,791.48,730.63,899.01,899.01,35.47,65.87,0,,792.11,,,0,,,0,,,,
2020-06-04,886.92,893.33,856.97,858.91,5355931,1049.92,793.33,730.63,899.01,899.01,35.54,59.16,0,,773.85,,,0,,,0,,,,
2020-06-05,867.49,885.86,864.35,881.56,6071040,1047.15,796.49,730.63,899.01,899.01,34.92,62.46,0,,788.87,,,0,,,0,,,,
2020-06-08,903.94,918.25,875.8,887.19,9858804,1044.36,800.21,730.63,918.25,899.01,35.46,63.26,0,,792.14,,,0,,,0,,,,
2020-06-09,890.1,895.41,876.44,879.76,5117749,1041.36,803.35,730.63,918.25,918.25,34.28,61.41,0,,788.13,,,0,,,0,,,,
2020-06-10,883.18,885.49,863.52,873.54,5175923,1038.24,806.16,738.29,918.25,918.25,33.4,59.83,0,,787.26,,,0,,,0,,,,
2020-06-11,871.18,878.56,856.6,858.68,3602957,1035.03,808.41,747.61,918.25,918.25,32.59,56.12,0,,781.33,,,0,,,0,,,,
2020-06-12,821.35,858.17,821.35,854.94,5411314,1031.93,809.98,747.61,918.25,918.25,32.92,55.19,0,,778.69,,,0,,,0,,,,
2020-06-15,850.69,857.75,825.13,830.48,4982324,1028.66,810.05,757.67,918.25,918.25,32.9,49.44,0,,766.28,,,0,,,0,,,,
2020-06-16,849.03,853.37,822.41,826.01,4661460,1025.43,811.42,763.21,918.25,918.25,32.76,48.44,0,,765.34,,,0,,,0,,,,
2020-06-17,823.84,830.35,813.13,816.55,4681085,1022.06,812.89,789.05,918.25,918.25,31.65,46.32,0,,768.59,,,0,,,0,,,,
2020-06-18,808.43,830.58,806.58,827.48,5869802,1018.86,814.72,806.58,918.25,918.25,31.11,49.1,0,,781.85,,,0,,,0,,,,
2020-06-19,832.42,845.25,826.05,828.91,5409996,1015.76,817.04,806.58,918.25,918.25,30.26,49.47,0,,783.34,,,0,,,0,,,,
2020-06-22,835.19,845.34,826.88,837.45,6839642,1012.74,819.85,806.58,918.25,918.25,29.41,51.71,0,,789.41,,,0,,,0,,,,
2020-06-23,839.8,895.18,838.88,892.96,14580218,1010.24,824.34,806.58,918.25,918.25,31.44,63.17,0,,823.86,,,0,,,0,,,,
2020-06-24,903.48,913.54,878.56,881.84,11985132,1007.75,828.67,806.58,918.25,918.25,31.69,60.09,0,,816.52,,,0,,,0,,,,
2020-06-25,876.63,890.38,864.03,870.35,7508087,1005.19,831.14,806.58,918.25,918.25,31.31,57.0,0,,809.36,,,0,,,0,,,,
2020-06-26,881.33,900.81,867.95,887.98,6554103,1002.83,833.92,806.58,918.25,918.25,31.42,60.37,0,,820.66,,,0,,,0,,,,
2020-06-29,876.72,882.35,858.26,864.35,4575801,1000.31,836.14,806.58,918.25,918.25,31.3,54.24,0,,805.5,,,0,,,0,,,,
2020-06-30,875.52,878.7,859.55,870.86,3656480,997.73,840.15,806.58,918.25,918.25,30.43,55.58,0,,810.28,,,0,,,0,,,,
2020-07-01,868.41,868.41,846.26,853.0,6426017,994.97,844.09,806.58,918.25,918.25,30.01,51.16,0,,799.04,,,0,,,0,,,,
2020-07-02,863.8,877.36,854.57,868.69,6542705,992.4,847.36,806.58,918.25,918.25,29.61,54.58,0,,809.43,,,0,,,0,,,,
2020-07-03,874.87,881.7,868.97,871.41,3928063,989.83,851.17,806.58,918.25,918.25,28.42,55.16,0,,811.97,,,0,,,0,,,,
2020-07-06,879.58,885.49,873.63,877.83,3900219,987.41,855.33,806.58,913.54,918.25,27.4,56.59,0,,816.79,,,0,,,0,,,,
2020-07-07,881.33,887.7,867.49,870.81,4051767,985.11,858.97,806.58,913.54,913.54,26.89,54.55,0,,812.61,,,0,,,0,,,,
2020-07-08,872.06,890.01,865.64,868.64,5227021,982.71,861.75,806.58,913.54,913.54,26.71,53.9,0,,811.33,,,0,,,0,,,,
2020-07-09,872.1,878.56,867.49,872.06,3777760,980.45,862.96,826.05,913.54,913.54,25.59,54.81,0,,820.77,,,0,,,0,,,,
2020-07-10,867.49,878.56,858.77,860.25,4537688,978.1,862.96,826.88,913.54,913.54,25.18,51.06,0,,813.7,,,0,,,0,,,,
2020-07-13,867.49,871.92,853.65,856.55,3821300,975.84,862.96,838.88,913.54,913.54,24.68,49.91,0,,815.65,,,0,,,0,,,,
2020-07-14,856.42,862.83,835.97,842.48,3646237,973.66,861.96,835.97,913.54,913.54,24.84,45.7,0,,805.5,,,0,,,0,,,,
2020-07-15,847.23,853.65,839.16,841.83,3229770,971.37,860.44,835.97,913.54,913.54,24.1,45.51,0,,805.57,,,0,,,0,,,,
2020-07-16,842.57,852.72,829.15,850.09,3134451,969.21,860.15,829.15,913.54,913.54,24.06,48.46,0,,808.65,,,0,,,0,,,,
2020-07-17,850.97,858.22,847.19,854.15,2040517,967.16,859.24,829.15,913.54,913.54,23.13,49.9,0,,811.89,,,0,,,0,,,,
2020-07-20,857.34,860.02,844.42,848.66,3035845,965.06,857.95,829.15,913.54,913.54,22.59,47.95,0,,808.71,,,0,,,0,,,,
2020-07-21,855.49,869.61,849.59,865.69,4756570,963.16,857.48,829.15,913.54,913.54,22.47,53.95,0,,819.77,,,0,,,0,,,,
2020-07-22,866.75,868.41,839.8,849.86,4977432,961.06,856.69,829.15,900.81,913.54,22.91,48.37,0,,809.27,,,0,,,0,,,,
2020-07-23,841.65,865.6,841.05,845.85,9075059,958.78,856.27,829.15,900.81,900.81,23.03,47.04,0,,806.6,,,0,,,0,,,,
2020-07-24,843.87,843.96,828.78,834.64,6059379,956.44,855.59,828.78,890.01,900.81,22.6,43.45,0,,799.53,,,0,,,0,,,,
2020-07-27,837.96,844.42,827.16,834.08,3615970,954.0,855.71,827.16,890.01,890.01,22.22,43.27,0,,798.89,,,0,,,0,,,,
2020-07-28,838.7,846.26,829.65,843.03,3793721,951.62,856.28,827.16,890.01,890.01,21.82,47.0,0,,804.93,,,0,,,0,,,,
2020-07-29,848.66,868.27,846.5,850.83,7245021,949.33,857.42,827.16,890.01,890.01,22.07,50.08,0,,809.79,,,0,,,0,,,,
2020-07-30,857.34,860.75,834.45,838.19,3364408,946.96,857.78,827.16,890.01,890.01,22.37,45.47,0,,801.44,,,0,,,0,,,,
2020-07-31,843.4,851.71,837.08,842.99,2943858,944.62,858.25,827.16,890.01,890.01,21.82,47.45,0,,804.9,,,0,,,0,,,,
2020-08-03,842.57,848.8,833.85,845.25,3583167,942.36,858.51,827.16,890.01,890.01,21.33,48.4,0,,806.69,,,0,,,0,,,,
2020-08-04,847.19,858.26,845.9,852.96,3860346,940.29,857.17,827.16,890.01,890.01,20.73,51.61,0,,812.06,,,0,,,0,,,,
2020-08-05,860.12,869.94,857.19,861.8,3007723,938.15,856.51,827.16,878.56,890.01,20.46,55.07,0,,817.94,,,0,,,0,,,,
2020-08-06,862.08,869.2,856.68,858.45,2188023,935.97,856.11,827.16,878.56,878.56,19.9,53.51,0,,816.16,,,0,,,0,,,,
2020-08-07,858.82,862.82,850.95,852.4,2461109,933.78,854.92,827.16,871.92,878.56,19.32,50.72,0,,812.64,,,0,,,0,,,,
2020-08-10,861.1,902.99,861.1,893.73,11861641,931.79,855.9,827.16,902.99,871.92,21.56,64.39,0,,837.81,,,0,,,0,,,,
2020-08-11,902.62,912.02,890.98,895.45,5427516,929.59,856.72,827.16,912.02,902.99,21.52,64.83,0,,838.94,,,0,,,0,,,,
2020-08-12,886.24,889.96,879.72,884.14,3672458,927.39,857.76,827.16,912.02,912.02,21.11,59.64,0,,831.92,,,0,,,0,,,,
2020-08-13,890.89,925.01,885.82,922.26,8816193,925.55,859.55,827.16,925.01,912.02,22.52,68.72,0,,855.57,,,0,,,0,,,,
2020-08-14,930.87,946.75,906.16,914.91,13443785,923.63,861.0,827.16,946.75,925.01,23.81,65.65,0,,849.96,,,0,,,0,,,,
2020-08-17,932.78,937.44,919.47,931.66,4735094,922.01,862.79,829.65,946.75,946.75,23.72,69.05,0,,861.66,,,0,,,0,,,,
2020-08-18,936.46,938.37,926.64,935.16,4362050,920.26,864.93,833.85,946.75,946.75,22.86,69.72,0,,865.89,,,0,,,0,,,,
2020-08-19,946.98,954.15,935.95,939.39,4914223,918.48,867.29,833.85,954.15,946.75,22.58,70.55,0,,868.8,,,0,,,0,,,,
2020-08-20,917.89,935.57,913.23,926.96,4791040,916.56,869.12,833.85,954.15,954.15,22.84,64.9,0,,860.61,,,0,,,0,,,,
2020-08-21,940.23,940.23,923.47,925.47,2806380,914.69,871.3,833.85,954.15,954.15,22.41,64.24,0,,859.94,,,0,,,0,,,,
2020-08-24,927.2,932.22,921.61,922.87,2026255,912.81,873.51,845.9,954.15,954.15,21.56,63.02,0,,862.84,,,0,,,0,,,,
2020-08-25,924.4,930.83,910.25,912.67,2914757,910.89,875.85,850.95,954.15,954.15,21.49,58.37,0,,857.99,,,0,,,0,,,,
2020-08-26,918.82,919.75,898.34,902.01,4482066,908.99,877.85,850.95,954.15,954.15,21.49,53.89,0,,851.12,,,0,,,0,,,,
2020-08-27,907.88,912.3,898.62,908.21,4466609,907.1,879.79,850.95,954.15,954.15,20.93,56.01,0,,855.49,,,0,,,0,,,,
2020-08-28,919.75,935.3,910.63,914.02,7821191,905.29,881.79,861.1,954.15,954.15,21.37,57.95,0,,862.33,,,0,,,0,,,,
2020-08-31,919.84,926.64,875.44,879.67,8489726,903.3,882.82,875.44,954.15,954.15,23.5,45.22,0,,843.53,,,0,,,0,,,,
2020-09-01,898.29,899.27,878.14,889.21,5099949,901.15,883.6,875.44,954.15,954.15,23.33,48.6,0,,849.8,,,0,,,0,,,,
2020-09-02,890.38,893.5,882.51,889.54,2107714,898.83,884.93,875.44,954.15,954.15,22.45,48.72,0,,850.6,,,0,,,0,,,,
2020-09-03,893.68,903.92,887.45,894.75,3278899,896.61,886.56,875.44,954.15,954.15,22.02,50.64,0,,854.25,,,0,,,0,,,,
2020-09-04,882.51,890.1,875.06,877.39,3130721,894.29,887.98,875.06,954.15,954.15,21.86,44.63,0,,843.03,,,0,,,0,,,,
2020-09-07,881.72,885.07,852.96,867.76,3470806,891.79,889.1,852.96,954.15,954.15,22.59,41.68,0,,828.97,,,0,,,0,,,,
2020-09-08,871.34,871.34,849.88,853.37,3738931,889.17,889.45,849.88,954.15,954.15,22.51,37.67,0,,818.71,,,0,,,0,,,,
2020-09-09,844.86,863.89,838.76,846.67,5656245,886.5,889.31,838.76,954.15,954.15,22.69,35.93,0,,810.56,,,0,,,0,,,,
2020-09-10,854.31,859.24,849.0,857.33,2948599,884.41,889.95,838.76,954.15,954.15,21.97,40.62,0,,817.92,,,0,,,0,,,,
2020-09-11,856.45,857.89,849.0,854.03,2632298,882.27,890.32,838.76,954.15,954.15,21.04,39.65,0,,816.41,,,0,,,0,,,,
2020-09-14,858.68,859.56,838.76,839.78,5006356,879.92,890.13,838.76,954.15,954.15,21.02,35.7,0,,807.23,,,0,,,0,,,,
2020-09-15,847.14,851.98,837.83,847.09,4488829,877.57,889.94,837.83,954.15,954.15,20.53,39.05,0,,811.96,,,0,,,0,,,,
2020-09-16,851.79,860.17,848.39,858.12,3596197,875.41,889.82,837.83,940.23,954.15,20.0,43.82,0,,819.43,,,0,,,0,,,,
2020-09-17,851.79,854.54,842.53,843.69,4512652,873.23,889.32,837.83,940.23,940.23,19.68,39.47,0,,810.34,,,0,,,0,,,,
2020-09-18,848.25,850.95,835.04,838.48,7496145,871.02,888.86,835.04,935.3,940.23,19.41,38.01,0,,806.22,,,0,,,0,,,,
2020-09-21,838.76,841.37,813.9,820.93,4597697,868.62,886.43,813.9,935.3,935.3,19.99,33.49,0,,787.47,,,0,,,0,,,,
2020-09-22,826.61,826.61,793.14,797.33,5089087,866.09,883.16,793.14,935.3,935.3,20.95,28.58,0,,764.69,,,0,,,0,,,,
2020-09-23,806.36,813.34,795.52,801.15,3709291,863.58,880.4,793.14,935.3,935.3,20.73,30.36,0,,767.3,,,0,,,0,,,,
2020-09-24,796.87,800.5,784.77,791.93,11609426,861.09,876.05,784.77,935.3,935.3,20.42,28.51,0,,758.77,,,0,,,0,,,,
2020-09-25,800.68,833.55,793.14,827.82,4961967,858.8,873.15,784.77,926.64,935.3,21.93,43.05,0,,780.91,,,0,,,0,,,,
2020-09-28,835.97,854.12,831.31,840.48,3853608,856.63,870.11,784.77,903.92,926.64,22.24,47.13,0,,788.87,,,0,,,0,,,,
2020-09-29,847.09,849.79,830.75,833.59,3362381,854.42,866.72,784.77,903.92,903.92,22.01,45.23,0,,784.58,,,0,,,0,,,,
2020-09-30,835.78,842.02,823.03,839.32,3582787,852.37,863.39,784.77,903.92,903.92,21.8,47.14,0,,788.42,,,0,,,0,,,,
2020-10-01,847.09,850.49,838.48,840.43,2506154,850.44,860.5,784.77,890.1,903.92,21.1,47.52,0,,789.6,,,0,,,0,,,,
2020-10-05,845.23,845.79,833.22,834.99,2788003,848.65,857.49,784.77,885.07,890.1,20.49,45.77,0,,786.5,,,0,,,0,,,,
2020-10-06,838.81,842.06,826.89,830.94,3497325,846.85,854.42,784.77,871.34,885.07,20.11,44.47,0,,784.14,,,0,,,0,,,,
2020-10-07,833.17,833.17,815.53,826.56,5073845,845.15,851.55,784.77,863.89,871.34,19.93,43.03,0,,781.43,,,0,,,0,,,,
2020-10-08,828.8,832.24,818.33,820.19,3918217,843.58,848.83,784.77,860.17,863.89,19.5,40.97,0,,777.61,,,0,,,0,,,,
2020-10-09,826.1,851.75,824.42,845.69,9668150,842.05,846.74,784.77,860.17,860.17,20.36,51.09,0,,793.48,,,0,,,0,,,,
2020-10-12,853.61,861.8,839.74,843.18,6188905,840.53,844.38,784.77,861.8,860.17,20.49,50.18,0,,791.78,,,0,,,0,,,,
2020-10-13,845.23,852.44,827.45,834.52,4548652,838.92,842.88,784.77,861.8,861.8,20.81,47.06,0,,785.98,,,0,,,0,,,,
2020-10-14,835.04,853.65,825.91,851.98,5286914,837.57,841.63,784.77,861.8,861.8,21.3,53.36,0,,796.92,,,0,,,0,,,,
2020-10-15,849.93,855.52,824.24,827.4,4927777,836.4,839.56,784.77,861.8,861.8,22.02,45.2,0,,780.59,,,0,,,0,,,,
2020-10-16,832.24,841.09,828.05,832.34,2373435,835.17,837.48,793.14,861.8,861.8,21.42,46.96,0,,786.96,,,0,,,0,,,,
2020-10-19,836.9,843.41,822.93,840.53,5800391,834.61,836.25,815.53,861.8,861.8,21.35,49.83,0,,799.75,,,0,,,0,,,,
2020-10-20,855.52,870.88,849.93,853.93,13188572,833.92,835.79,815.53,870.88,861.8,22.0,54.19,0,,807.96,,,0,,,0,,,,
2020-10-21,861.05,866.69,845.88,860.59,6390783,833.78,836.03,815.53,870.88,870.88,21.91,56.23,0,,812.32,,,0,,,0,,,,
2020-10-22,858.31,874.13,856.59,871.62,6151367,833.79,836.87,815.53,874.13,870.88,21.6,59.45,0,,819.64,,,0,,,0,,,,
2020-10-23,875.06,882.98,863.89,876.23,5102184,834.14,837.5,815.53,882.98,874.13,21.42,60.75,0,,822.73,,,0,,,0,,,,
2020-10-26,884.23,892.98,877.86,886.0,6975809,834.93,838.56,815.53,892.98,882.98,21.09,63.42,0,,829.26,,,0,,,0,,,,
2020-10-27,893.68,917.89,889.17,914.12,9638520,835.78,841.04,815.53,917.89,892.98,21.86,69.8,0,,846.88,,,0,,,0,,,,
2020-10-28,921.56,925.94,906.9,914.95,7369181,837.48,843.3,818.33,925.94,917.89,21.66,69.97,0,,848.48,,,0,,,0,,,,
2020-10-29,885.4,892.57,862.03,869.94,11852038,838.93,843.7,822.93,925.94,925.94,23.89,52.93,0,,819.49,,,0,,,0,,,,
2020-10-30,876.0,881.39,860.36,865.29,4797473,839.99,844.42,822.93,925.94,925.94,23.69,51.53,0,,816.63,,,0,,,0,,,,
2020-11-02,865.76,873.16,857.05,865.1,3682174,840.6,845.3,822.93,925.94,925.94,23.14,51.47,0,,816.87,,,0,,,0,,,,
2020-11-03,879.63,887.07,868.08,882.28,4049112,841.33,847.35,822.93,925.94,925.94,23.06,56.4,0,,828.01,,,0,,,0,,,,
2020-11-04,886.55,902.11,882.52,891.86,3369408,842.36,850.5,822.93,925.94,925.94,22.83,58.9,0,,834.34,,,0,,,0,,,,
2020-11-05,903.39,910.8,896.09,909.18,2889134,843.45,854.1,822.93,925.94,925.94,22.55,63.03,0,,845.7,,,0,,,0,,,,
2020-11-06,910.04,918.1,901.59,911.7,3419233,844.76,858.09,822.93,925.94,925.94,22.12,63.61,0,,847.61,,,0,,,0,,,,
2020-11-09,921.42,924.84,913.26,916.54,3040456,846.11,861.05,845.88,925.94,925.94,21.48,64.74,0,,858.81,,,0,,,0,,,,
2020-11-10,925.22,983.96,921.99,980.92,12149416,847.71,865.73,845.88,983.96,925.94,24.76,75.6,1,980.92,898.15,898.15,898.15,1,50,2020-11-10,0,,,,
2020-11-11,986.9,1008.54,969.11,1005.36,10254627,849.45,871.46,856.59,1008.54,983.96,25.81,78.33,0,,916.78,,916.78,1,50,2020-11-10,0,,,,
2020-11-12,1001.04,1020.92,998.71,1018.4,6743163,851.24,877.43,857.05,1020.92,1008.54,25.55,79.64,0,,925.52,,925.52,1,50,2020-11-10,0,,,,
2020-11-13,1010.67,1013.61,985.1,997.81,5025096,852.57,882.67,857.05,1020.92,1020.92,26.1,72.22,0,,911.87,,925.52,1,50,2020-11-10,0,,,,
2020-11-14,1005.93,1013.28,1000.19,1005.12,911852,853.85,888.34,857.05,1020.92,1020.92,25.35,73.18,0,,917.09,,925.52,1,50,2020-11-10,0,,,,
2020-11-17,1008.73,1040.85,1006.88,1025.71,7611327,855.08,894.83,857.05,1040.85,1020.92,26.09,75.71,1,1025.71,929.88,929.88,929.88,1,50,2020-11-10,0,,,,
2020-11-18,1025.71,1095.32,1024.05,1089.53,13436421,856.61,903.6,857.05,1095.32,1040.85,29.31,81.53,0,,968.89,,968.89,1,50,2020-11-10,0,,,,
2020-11-19,1067.61,1116.91,1051.14,1076.34,10841151,858.15,912.14,857.05,1116.91,1095.32,31.92,77.4,0,,958.64,,968.89,1,50,2020-11-10,0,,,,
2020-11-20,1081.79,1101.72,1061.39,1074.49,7009257,859.96,919.77,857.05,1116.91,1116.91,32.52,76.82,0,,957.05,,968.89,1,50,2020-11-10,0,,,,
2020-11-23,1080.66,1089.24,1065.52,1068.37,4998877,861.83,927.27,868.08,1116.91,1116.91,31.89,74.79,0,,957.2,,968.89,1,50,2020-11-10,0,,,,
2020-11-24,1077.05,1085.59,1070.69,1077.52,4623887,863.85,935.37,882.52,1116.91,1116.91,30.84,75.82,0,,968.61,,968.89,1,50,2020-11-10,0,,,,
2020-11-25,1083.22,1089.2,1055.65,1059.02,4651911,865.67,942.27,896.09,1116.91,1116.91,31.04,69.65,0,,961.07,,968.89,1,50,2020-11-10,0,,,,
2020-11-26,1072.3,1077.0,1045.31,1061.72,7360928,867.48,950.08,901.59,1116.91,1116.91,31.08,70.03,0,,964.62,,968.89,1,50,2020-11-10,0,,,,
2020-11-27,1071.36,1081.6,1036.25,1065.09,18995549,869.31,957.84,913.26,1116.91,1116.91,32.1,70.53,0,,970.0,,970.0,1,50,2020-11-10,0,,,,
2020-12-01,1081.79,1081.79,1054.46,1058.97,3551604,870.99,965.12,921.99,1116.91,1116.91,31.76,68.3,0,,969.19,,970.0,1,50,2020-11-10,0,,,,
2020-12-02,1062.86,1074.25,1047.73,1056.88,4434968,872.51,971.89,969.11,1116.91,1116.91,31.39,67.52,0,,983.8,,983.8,1,50,2020-11-10,0,,,,
2020-12-03,1077.05,1079.37,1063.1,1067.7,4087608,874.39,978.79,985.1,1116.91,1116.91,30.75,69.47,0,,996.53,,996.53,1,50,2020-11-10,0,,,,
2020-12-04,1072.3,1102.67,1071.12,1090.81,6542918,876.52,986.1,985.1,1116.91,1116.91,31.05,73.19,0,,1011.24,,1011.24,1,50,2020-11-10,0,,,,
2020-12-07,1095.84,1112.07,1085.59,1109.98,5484461,878.77,993.89,1000.19,1116.91,1116.91,30.73,75.82,0,,1028.85,,1028.85,1,50,2020-11-10,0,,,,
2020-12-08,1114.96,1122.12,1089.43,1111.59,4982626,881.11,1001.41,1006.88,1122.12,1116.91,30.87,76.03,0,,1032.02,,1032.02,1,50,2020-11-10,0,,,,
2020-12-09,1117.85,1124.5,1106.8,1120.7,4304573,883.57,1008.3,1024.05,1124.5,1122.12,29.93,77.25,0,,1044.25,,1044.25,1,50,2020-11-10,0,,,,
2020-12-10,1121.65,1132.8,1110.31,1129.57,4921373,886.04,1015.45,1036.25,1132.8,1124.5,29.39,78.4,1,1129.57,1054.39,1054.39,1054.39,1,50,2020-11-10,0,,,,
2020-12-11,1127.34,1154.67,1121.65,1133.32,6689415,888.58,1024.23,1036.25,1154.67,1132.8,29.65,78.88,0,,1056.64,,1056.64,1,50,2020-11-10,0,,,,
2020-12-14,1136.93,1199.37,1136.93,1185.85,9723233,891.18,1034.91,1036.25,1199.37,1154.67,32.25,84.24,0,,1088.79,,1088.79,1,50,2020-11-10,0,,,,
2020-12-15,1186.18,1188.08,1154.01,1182.62,6953407,893.7,1045.5,1036.25,1199.37,1199.37,32.38,82.85,0,,1086.62,,1088.79,1,50,2020-11-10,0,,,,
2020-12-16,1192.11,1212.75,1183.38,1203.5,5729223,896.41,1056.21,1036.25,1212.75,1199.37,32.22,84.62,1,1203.5,1100.19,1100.19,1100.19,1,50,2020-11-10,0,,,,
2020-12-17,1205.16,1218.44,1190.02,1213.51,5345257,899.49,1066.93,1036.25,1218.44,1212.75,31.95,85.39,0,,1106.83,,1106.83,1,50,2020-11-10,0,,,,
2020-12-18,1218.39,1234.57,1205.16,1216.12,10315248,902.7,1077.16,1036.25,1234.57,1218.44,31.77,85.6,0,,1108.63,,1108.63,1,50,2020-11-10,0,,,,
2020-12-21,1211.09,1270.16,1095.08,1171.8,21153346,905.38,1085.83,1047.73,1270.16,1234.57,42.01,68.16,0,,1077.05,,1108.63,1,50,2020-11-10,1,1108.63,TRAILING_STOP,29,13.02
2020-12-22,1172.18,1203.26,1151.59,1198.23,7998730,908.32,1095.22,1047.73,1270.16,1270.16,42.7,71.84,0,,1093.64,,,0,,,0,,,,
2020-12-23,1203.26,1206.39,1184.61,1200.22,4057070,911.3,1102.53,1063.1,1270.16,1270.16,41.2,72.1,0,,1101.04,,,0,,,0,,,,
2020-12-24,1209.9,1215.6,1189.5,1197.76,3277840,914.2,1108.94,1071.12,1270.16,1270.16,40.12,71.22,0,,1102.85,,,0,,,0,,,,
2020-12-28,1209.9,1225.08,1201.84,1223.57,3405825,917.13,1115.78,1085.59,1270.16,1270.16,39.21,74.71,0,,1124.93,,,0,,,0,,,,
2020-12-29,1228.83,1228.93,1202.97,1219.25,3778319,919.68,1123.16,1089.43,1270.16,1270.16,38.26,73.11,0,,1124.05,,,0,,,0,,,,
2020-12-30,1222.43,1230.16,1206.11,1226.08,2866392,922.12,1130.53,1095.08,1270.16,1270.16,37.25,74.06,0,,1131.02,,,0,,,0,,,,
2020-12-31,1226.98,1237.42,1216.54,1221.86,3889877,924.56,1137.07,1095.08,1270.16,1270.16,36.08,72.37,0,,1129.07,,,0,,,0,,,,
2021-01-01,1217.49,1233.58,1217.49,1230.78,2058419,926.95,1141.77,1095.08,1270.16,1270.16,34.65,73.73,0,,1135.78,,,0,,,0,,,,
2021-01-04,1238.37,1255.02,1235.52,1247.48,4014636,929.35,1147.48,1095.08,1270.16,1270.16,33.91,76.12,0,,1147.05,,,0,,,0,,,,
2021-01-05,1240.27,1245.96,1228.93,1239.6,2833637,931.89,1152.98,1095.08,1270.16,1270.16,32.81,72.76,0,,1142.7,,,0,,,0,,,,
2021-01-06,1241.22,1262.09,1233.63,1246.91,4615963,934.32,1158.93,1095.08,1270.16,1270.16,32.5,73.91,0,,1147.62,,,0,,,0,,,,
2021-01-07,1262.09,1278.04,1257.35,1270.59,4270598,936.88,1165.37,1095.08,1278.04,1270.16,32.4,77.26,1,1270.59,1162.96,1162.96,1162.96,1,51,2021-01-07,0,,,,
2021-01-08,1280.88,1312.34,1278.23,1303.28,4984995,939.7,1173.51,1095.08,1312.34,1278.04,33.07,80.9,0,,1183.6,,1183.6,1,51,2021-01-07,0,,,,
2021-01-11,1311.44,1314.24,1276.33,1281.07,3252470,942.42,1180.82,1095.08,1314.24,1312.34,33.41,72.41,0,,1169.04,,1183.6,1,51,2021-01-07,0,,,,
2021-01-12,1284.87,1297.06,1275.43,1280.88,2836161,945.23,1188.02,1151.59,1314.24,1314.24,32.57,72.34,0,,1188.32,,1188.32,1,51,2021-01-07,0,,,,
2021-01-13,1284.87,1302.9,1275.66,1283.44,4389762,948.09,1195.5,1184.61,1314.24,1314.24,32.19,72.73,0,,1201.23,,1201.23,1,51,2021-01-07,0,,,,
2021-01-14,1288.66,1318.75,1287.0,1306.31,5168591,951.26,1203.81,1189.5,1318.75,1314.24,32.41,75.93,0,,1217.46,,1217.46,1,51,2021-01-07,0,,,,
2021-01-15,1306.41,1313.81,1276.38,1285.01,2587576,954.32,1211.06,1201.84,1318.75,1318.75,32.77,67.93,0,,1207.6,,1217.46,1,51,2021-01-07,0,,,,
2021-01-18,1276.52,1284.73,1258.44,1267.83,3185998,957.33,1216.96,1202.97,1318.75,1318.75,32.33,62.24,0,,1197.19,,1217.46,1,51,2021-01-07,0,,,,
2021-01-19,1271.63,1311.44,1268.74,1299.91,3885798,960.48,1223.29,1206.11,1318.75,1318.75,33.14,67.69,0,,1218.39,,1218.39,1,51,2021-01-07,0,,,,
2021-01-20,1299.1,1321.92,1292.98,1312.06,3957992,963.7,1229.97,1216.54,1321.92,1318.75,32.84,69.48,0,,1229.9,,1229.9,1,51,2021-01-07,0,,,,
2021-01-21,1323.77,1324.72,1291.56,1301.28,2985423,966.79,1235.99,1217.49,1324.72,1321.92,32.86,65.98,0,,1223.25,,1229.9,1,51,2021-01-07,0,,,,
2021-01-22,1292.46,1304.8,1279.65,1292.55,3282665,969.46,1241.42,1228.93,1324.72,1324.72,32.31,63.2,0,,1221.8,,1229.9,1,51,2021-01-07,0,,,,
2021-01-25,1300.05,1325.1,1273.48,1291.8,4847989,972.19,1246.71,1228.93,1325.1,1324.72,33.69,62.96,0,,1220.4,,1229.9,1,51,2021-01-07,0,,,,
2021-01-27,1298.91,1321.59,1262.19,1290.42,8896211,974.99,1250.19,1233.63,1325.1,1325.1,35.52,62.48,0,,1219.85,,1229.9,1,51,2021-01-07,0,,,,
2021-01-28,1276.04,1295.4,1271.58,1276.66,2962948,977.58,1253.33,1257.35,1325.1,1325.1,34.69,57.75,0,,1219.44,,1229.9,1,51,2021-01-07,0,,,,
2021-01-29,1292.46,1299.1,1257.44,1266.55,5130876,980.26,1255.43,1257.44,1325.1,1325.1,35.19,54.48,0,,1212.61,,1229.9,1,51,2021-01-07,0,,,,
2021-02-01,1277.04,1387.35,1268.93,1374.88,11317043,983.62,1260.81,1257.44,1387.35,1325.1,41.3,72.45,1,1374.88,1278.41,1278.41,1278.41,1,51,2021-01-07,0,,,,
2021-02-02,1398.74,1511.67,1398.74,1442.58,14349665,987.55,1268.35,1257.44,1511.67,1387.35,48.12,78.23,0,,1317.53,,1317.53,1,51,2021-01-07,0,,,,
2021-02-03,1451.88,1478.45,1428.16,1450.51,6197782,991.43,1277.64,1257.44,1511.67,1511.67,48.28,78.8,0,,1322.54,,1322.54,1,51,2021-01-07,0,,,,
2021-02-04,1447.14,1470.86,1432.9,1451.69,3957579,995.3,1286.09,1257.44,1511.67,1511.67,47.54,78.88,0,,1323.79,,1323.79,1,51,2021-01-07,0,,,,
2021-02-05,1456.06,1468.01,1433.95,1439.07,3270494,999.04,1294.06,1257.44,1511.67,1511.67,46.58,75.31,0,,1316.3,,1323.79,1,51,2021-01-07,0,,,,
2021-02-08,1443.48,1489.84,1442.39,1472.57,5223019,1003.05,1303.22,1257.44,1511.67,1511.67,46.88,78.14,0,,1337.7,,1337.7,1,51,2021-01-07,0,,,,
2021-02-09,1477.5,1494.11,1466.12,1486.47,3825206,1007.17,1311.98,1257.44,1511.67,1511.67,45.53,79.21,0,,1347.57,,1347.57,1,51,2021-01-07,0,,,,
2021-02-10,1480.35,1484.15,1450.65,1473.57,2578777,1011.18,1320.46,1257.44,1511.67,1511.67,44.83,75.53,0,,1339.71,,1347.57,1,51,2021-01-07,0,,,,
2021-02-11,1470.29,1480.26,1448.61,1452.36,2720190,1015.13,1328.0,1257.44,1511.67,1511.67,43.89,69.79,0,,1326.66,,1347.57,1,51,2021-01-07,0,,,,
2021-02-12,1456.63,1465.17,1438.69,1443.67,1867284,1019.04,1335.39,1257.44,1511.67,1511.67,42.65,67.53,0,,1321.88,,1347.57,1,51,2021-01-07,0,,,,
2021-02-15,1449.04,1465.17,1443.67,1459.14,1917477,1023.16,1343.0,1257.44,1511.67,1511.67,41.14,69.43,0,,1332.87,,1347.57,1,51,2021-01-07,0,,,,
2021-02-16,1461.37,1493.64,1460.42,1470.34,3838556,1027.35,1350.43,1257.44,1511.67,1511.67,40.66,70.76,0,,1340.41,,1347.57,1,51,2021-01-07,0,,,,
2021-02-17,1465.17,1486.99,1454.73,1469.29,2340184,1031.47,1358.09,1257.44,1511.67,1511.67,40.06,70.45,0,,1340.13,,1347.57,1,51,2021-01-07,0,,,,
2021-02-18,1463.46,1472.0,1437.79,1446.76,2446843,1035.42,1364.75,1257.44,1511.67,1511.67,39.65,63.97,0,,1325.88,,1347.57,1,51,2021-01-07,0,,,,
2021-02-19,1446.05,1468.01,1422.32,1431.76,3044240,1039.31,1370.12,1268.93,1511.67,1511.67,40.08,60.01,0,,1319.74,,1347.57,1,51,2021-01-07,0,,,,
2021-02-22,1433.76,1434.75,1373.21,1378.05,6168108,1042.73,1372.62,1373.21,1511.67,1511.67,41.61,48.44,0,,1318.84,,1347.57,1,51,2021-01-07,0,,,,
2021-02-23,1387.35,1421.52,1385.46,1410.41,3733776,1046.46,1376.93,1373.21,1511.67,1511.67,41.74,54.17,0,,1339.62,,1347.57,1,51,2021-01-07,0,,,,
2021-02-24,1410.79,1453.78,1410.79,1448.66,2380414,1050.48,1382.52,1373.21,1511.67,1511.67,41.86,59.85,0,,1364.22,,1364.22,1,51,2021-01-07,0,,,,
2021-02-25,1455.68,1461.94,1425.31,1429.53,3168105,1054.45,1387.39,1373.21,1511.67,1511.67,41.49,56.11,0,,1352.13,,1364.22,1,51,2021-01-07,0,,,,
2021-02-26,1406.33,1417.25,1361.87,1368.85,5579058,1058.01,1389.47,1361.87,1511.67,1511.67,43.36,46.23,0,,1307.96,,1364.22,1,51,2021-01-07,1,1364.22,TRAILING_STOP,36,7.37
2021-03-01,1381.66,1410.13,1364.77,1397.65,2494481,1061.71,1393.23,1361.87,1511.67,1511.67,43.5,50.67,0,,1326.44,,,0,,,0,,,,
2021-03-02,1403.77,1413.59,1383.7,1409.8,2089473,1065.44,1397.96,1361.87,1494.11,1511.67,42.53,52.45,0,,1334.93,,,0,,,0,,,,
2021-03-03,1417.25,1432.9,1405.72,1420.47,2184001,1069.32,1401.98,1361.87,1494.11,1494.11,41.43,54.02,0,,1342.54,,,0,,,0,,,,
2021-03-04,1397.79,1418.05,1383.56,1387.92,3530366,1072.95,1404.51,1361.87,1494.11,1494.11,41.11,48.73,0,,1321.76,,,0,,,0,,,,
2021-03-05,1379.38,1401.78,1365.62,1388.82,3306902,1076.58,1407.43,1361.87,1494.11,1494.11,40.75,48.88,0,,1322.58,,,0,,,0,,,,
2021-03-08,1402.54,1447.14,1394.95,1437.84,4150049,1080.48,1412.27,1361.87,1494.11,1494.11,42.01,56.33,0,,1353.36,,,0,,,0,,,,
2021-03-09,1447.14,1454.06,1415.63,1431.29,3779948,1084.27,1416.92,1361.87,1493.64,1494.11,41.75,55.17,0,,1349.3,,,0,,,0,,,,
2021-03-10,1445.24,1456.39,1430.53,1446.38,2210547,1088.19,1422.12,1361.87,1493.64,1493.64,40.62,57.35,0,,1359.79,,,0,,,0,,,,
2021-03-12,1448.37,1485.1,1426.4,1436.7,4885349,1092.09,1427.45,1361.87,1493.64,1493.64,41.91,55.49,0,,1352.69,,,0,,,0,,,,
2021-03-15,1442.39,1450.08,1388.59,1407.99,3181450,1095.52,1432.17,1361.87,1493.64,1493.64,43.31,50.28,0,,1333.24,,,0,,,0,,,,
2021-03-16,1412.31,1420.57,1382.61,1387.16,3233903,1098.79,1432.58,1361.87,1493.64,1493.64,42.93,46.85,0,,1320.06,,,0,,,0,,,,
2021-03-17,1400.64,1416.72,1358.65,1364.25,5178384,1101.99,1429.97,1358.65,1486.99,1493.64,44.01,43.34,0,,1303.49,,,0,,,0,,,,
2021-03-18,1381.23,1394.66,1347.5,1355.18,3381940,1104.88,1426.79,1347.5,1485.1,1486.99,44.23,42.0,0,,1293.77,,,0,,,0,,,,
2021-03-19,1342.75,1349.25,1308.21,1339.2,9920812,1107.71,1423.04,1308.21,1485.1,1485.1,44.43,39.67,0,,1270.23,,,0,,,0,,,,
2021-03-22,1337.06,1345.03,1321.17,1328.57,2964175,1110.36,1419.36,1308.21,1485.1,1485.1,42.96,38.16,0,,1264.36,,,0,,,0,,,,
2021-03-23,1330.32,1344.18,1326.72,1332.65,2564844,1113.01,1414.69,1308.21,1485.1,1485.1,41.14,39.12,0,,1268.2,,,0,,,0,,,,
2021-03-24,1328.52,1335.16,1290.61,1299.24,4237815,1115.4,1408.45,1290.61,1485.1,1485.1,41.38,34.4,0,,1240.63,,,0,,,0,,,,
2021-03-25,1291.51,1318.08,1291.51,1301.1,3894604,1117.9,1402.7,1290.61,1485.1,1485.1,40.32,34.87,0,,1242.53,,,0,,,0,,,,
2021-03-26,1315.52,1336.11,1311.44,1326.91,3093766,1120.58,1398.52,1290.61,1485.1,1485.1,39.94,41.18,0,,1259.43,,,0,,,0,,,,
2021-03-30,1336.11,1355.28,1324.3,1350.87,2801282,1123.43,1395.43,1290.61,1485.1,1485.1,39.3,46.37,0,,1275.31,,,0,,,0,,,,
2021-03-31,1350.91,1358.51,1338.39,1346.45,2400871,1126.32,1391.67,1290.61,1485.1,1485.1,37.93,45.57,0,,1273.37,,,0,,,0,,,,
2021-04-01,1358.89,1373.93,1347.97,1370.84,1380763,1129.45,1388.35,1290.61,1485.1,1485.1,37.19,50.63,0,,1289.6,,,0,,,0,,,,
2021-04-05,1365.53,1365.53,1310.87,1332.13,2548649,1132.27,1383.78,1290.61,1485.1,1485.1,38.81,43.69,0,,1263.55,,,0,,,0,,,,
2021-04-06,1334.12,1343.99,1322.16,1329.47,1824079,1135.04,1379.87,1290.61,1485.1,1485.1,37.6,43.25,0,,1262.64,,,0,,,0,,,,
2021-04-07,1330.42,1344.84,1318.32,1332.46,1841308,1138.06,1376.56,1290.61,1485.1,1485.1,36.81,43.93,0,,1265.1,,,0,,,0,,,,
2021-04-08,1338.01,1361.54,1338.01,1346.69,1644834,1141.11,1375.52,1290.61,1485.1,1485.1,36.26,47.18,0,,1274.65,,,0,,,0,,,,
2021-04-09,1341.8,1344.65,1325.77,1332.41,2015002,1144.06,1372.92,1290.61,1485.1,1485.1,35.16,44.4,0,,1266.17,,,0,,,0,,,,
2021-04-12,1322.78,1322.78,1263.99,1276.47,3755497,1146.61,1367.18,1263.99,1485.1,1485.1,37.54,35.56,0,,1219.63,,,0,,,0,,,,
2021-04-13,1278.46,1311.44,1278.46,1303.56,2063654,1149.45,1362.98,1263.99,1450.08,1485.1,37.35,41.62,0,,1237.22,,,0,,,0,,,,
2021-04-15,1308.54,1320.07,1288.76,1304.46,2625838,1152.36,1360.83,1263.99,1420.57,1450.08,36.92,41.82,0,,1238.09,,,0,,,0,,,,
2021-04-16,1291.04,1322.16,1286.1,1289.76,3752588,1155.27,1357.23,1263.99,1416.72,1420.57,36.86,39.49,0,,1228.65,,,0,,,0,,,,
2021-04-19,1271.58,1277.47,1239.32,1243.54,4157065,1157.91,1351.69,1239.32,1394.66,1416.72,37.83,33.22,0,,1189.97,,,0,,,0,,,,
2021-04-20,1252.6,1271.06,1250.42,1263.52,2989204,1160.62,1346.46,1239.32,1373.93,1394.66,37.09,37.82,0,,1203.35,,,0,,,0,,,,
2021-04-22,1243.11,1271.11,1240.51,1268.55,2398100,1163.39,1342.48,1239.32,1373.93,1373.93,36.63,38.95,0,,1206.9,,,0,,,0,,,,
2021-04-23,1262.09,1276.0,1247.34,1255.36,2062964,1166.16,1338.03,1239.32,1373.93,1373.93,36.06,37.04,0,,1198.77,,,0,,,0,,,,
2021-04-26,1262.14,1272.72,1255.45,1267.69,1431562,1168.96,1332.36,1239.32,1373.93,1373.93,34.73,40.01,0,,1207.62,,,0,,,0,,,,
2021-04-27,1270.63,1317.56,1267.69,1310.16,4303909,1171.97,1328.32,1239.32,1373.93,1373.93,35.81,48.94,0,,1234.29,,,0,,,0,,,,
2021-04-28,1314.14,1328.47,1302.42,1305.65,3220346,1175.05,1323.63,1239.32,1373.93,1373.93,35.11,48.12,0,,1231.84,,,0,,,0,,,,
2021-04-29,1313.29,1318.6,1284.39,1289.28,2221346,1178.06,1318.72,1239.32,1373.93,1373.93,35.05,45.17,0,,1221.33,,,0,,,0,,,,
2021-04-30,1281.07,1295.31,1267.88,1272.01,1968093,1181.07,1314.19,1239.32,1373.93,1373.93,34.5,42.22,0,,1210.55,,,0,,,0,,,,
2021-05-03,1257.82,1282.31,1251.8,1273.96,1653245,1184.24,1310.41,1239.32,1373.93,1373.93,34.22,42.67,0,,1212.0,,,0,,,0,,,,
2021-05-04,1281.07,1281.93,1263.04,1269.31,2029558,1187.37,1307.25,1239.32,1365.53,1373.93,33.12,41.83,0,,1209.73,,,0,,,0,,,,
2021-05-05,1273.67,1277.99,1256.4,1270.3,1813150,1190.55,1304.42,1239.32,1361.54,1365.53,32.3,42.09,0,,1210.92,,,0,,,0,,,,
2021-05-06,1275.38,1287.29,1267.55,1271.49,2333882,1193.51,1302.16,1239.32,1361.54,1361.54,31.4,42.43,0,,1212.28,,,0,,,0,,,,
2021-05-07,1278.23,1290.47,1270.63,1274.15,2362325,1196.4,1300.35,1239.32,1361.54,1361.54,30.58,43.22,0,,1214.55,,,0,,,0,,,,
2021-05-10,1278.23,1327.43,1278.23,1323.77,3929224,1199.67,1300.05,1239.32,1344.65,1361.54,32.2,55.56,0,,1245.47,,,0,,,0,,,,
2021-05-11,1309.54,1328.42,1305.84,1312.96,1975828,1202.83,1300.51,1240.51,1328.47,1344.65,31.51,52.86,0,,1239.36,,,0,,,0,,,,
2021-05-12,1309.54,1352.24,1306.69,1314.57,4283174,1205.99,1300.96,1240.51,1352.24,1328.47,32.51,53.23,0,,1239.73,,,0,,,0,,,,
2021-05-14,1322.83,1351.2,1303.89,1343.23,4558155,1209.38,1301.5,1247.34,1352.24,1352.24,33.57,59.26,0,,1259.78,,,0,,,0,,,,
2021-05-17,1359.83,1367.43,1298.34,1315.95,9620003,1212.61,1300.34,1251.8,1367.43,1352.24,36.11,52.34,0,,1241.98,,,0,,,0,,,,
2021-05-18,1333.26,1349.4,1325.67,1344.94,3312380,1216.07,1300.29,1251.8,1367.43,1367.43,35.92,57.96,0,,1260.81,,,0,,,0,,,,
2021-05-19,1341.8,1361.73,1328.52,1331.79,3215258,1219.48,1298.99,1251.8,1367.43,1367.43,35.72,54.8,0,,1252.46,,,0,,,0,,,,
2021-05-20,1338.77,1354.09,1330.09,1337.77,1996254,1222.76,1299.17,1251.8,1367.43,1367.43,34.89,55.98,0,,1256.87,,,0,,,0,,,,
2021-05-21,1342.75,1351.96,1335.26,1345.65,2185322,1226.11,1299.71,1251.8,1367.43,1367.43,33.59,57.54,0,,1262.82,,,0,,,0,,,,
2021-05-24,1347.5,1383.56,1338.01,1369.56,5035538,1229.68,1300.95,1251.8,1383.56,1367.43,34.44,61.96,1,1369.56,1277.67,1277.67,1277.67,1,52,2021-05-24,0,,,,
2021-05-25,1385.46,1387.31,1368.47,1376.87,2892219,1233.17,1301.96,1256.4,1387.31,1383.56,33.33,63.22,0,,1284.66,,1284.66,1,52,2021-05-24,0,,,,
2021-05-26,1384.41,1401.21,1378.62,1397.7,3230579,1236.98,1304.13,1256.4,1401.21,1387.31,32.69,66.61,1,1397.7,1298.53,1298.53,1298.53,1,52,2021-05-24,0,,,,
2021-05-27,1400.59,1409.18,1387.12,1407.14,3747221,1240.81,1308.49,1267.55,1409.18,1401.21,31.93,68.05,0,,1308.84,,1308.84,1,52,2021-05-24,0,,,,
2021-05-28,1411.17,1423.08,1398.65,1402.63,2315923,1244.56,1311.79,1270.63,1423.08,1409.18,31.39,66.57,0,,1307.31,,1308.84,1,52,2021-05-24,0,,,,
2021-05-31,1397.13,1400.64,1383.13,1392.76,2405318,1248.15,1314.73,1278.23,1423.08,1423.08,30.54,63.34,0,,1304.05,,1308.84,1,52,2021-05-24,0,,,,
2021-06-01,1391.1,1416.3,1388.3,1399.36,2077742,1251.74,1318.39,1298.34,1423.08,1423.08,30.36,64.58,0,,1315.13,,1315.13,1,52,2021-05-24,0,,,,
2021-06-02,1393.33,1399.31,1380.76,1395.94,2469417,1255.24,1323.47,1298.34,1423.08,1423.08,29.52,63.38,0,,1313.48,,1315.13,1,52,2021-05-24,0,,,,
2021-06-03,1404.53,1437.65,1397.98,1433.71,3025466,1258.95,1329.14,1298.34,1437.65,1423.08,30.39,69.99,1,1433.71,1337.26,1337.26,1337.26,1,52,2021-05-24,0,,,,
2021-06-04,1441.4,1468.25,1439.45,1459.05,5677538,1262.77,1335.49,1298.34,1468.25,1437.65,30.69,73.46,0,,1353.41,,1353.41,1,52,2021-05-24,0,,,,
2021-06-07,1466.54,1489.37,1462.08,1478.26,3131245,1266.53,1342.92,1325.67,1489.37,1468.25,30.66,75.74,0,,1374.93,,1374.93,1,52,2021-05-24,0,,,,
2021-06-08,1481.3,1502.18,1467.11,1470.05,3945382,1270.23,1349.67,1328.52,1502.18,1489.37,30.98,72.85,0,,1370.37,,1374.93,1,52,2021-05-24,0,,,,
2021-06-09,1470.86,1475.61,1436.03,1441.73,3025732,1274.05,1354.05,1330.09,1502.18,1502.18,31.59,63.82,0,,1352.22,,1374.93,1,52,2021-05-24,0,,,,
2021-06-10,1447.14,1455.68,1437.65,1442.11,1584311,1277.89,1358.6,1335.26,1502.18,1502.18,30.62,63.88,0,,1354.83,,1374.93,1,52,2021-05-24,0,,,,
2021-06-11,1443.34,1449.18,1422.13,1426.69,1909384,1281.64,1363.18,1338.01,1502.18,1502.18,30.37,59.25,0,,1345.97,,1374.93,1,52,2021-05-24,0,,,,
2021-06-14,1426.69,1441.92,1402.54,1438.36,2005404,1285.34,1368.73,1368.47,1502.18,1502.18,31.01,61.52,0,,1363.23,,1374.93,1,52,2021-05-24,0,,,,
2021-06-15,1442.39,1445.9,1428.97,1433.66,1831871,1288.95,1374.05,1378.62,1502.18,1502.18,30.0,60.07,0,,1364.25,,1374.93,1,52,2021-05-24,0,,,,
2021-06-16,1428.97,1438.6,1412.03,1414.78,1504791,1292.32,1378.9,1380.76,1502.18,1502.18,29.76,54.5,0,,1352.95,,1374.93,1,52,2021-05-24,0,,,,
2021-06-17,1405.38,1423.27,1404.67,1411.6,1675778,1295.66,1383.61,1380.76,1502.18,1502.18,28.96,53.6,0,,1351.43,,1374.93,1,52,2021-05-24,0,,,,
2021-06-18,1411.6,1414.83,1385.55,1400.64,4649835,1298.88,1387.91,1380.76,1502.18,1502.18,28.99,50.49,0,,1344.34,,1374.93,1,52,2021-05-24,0,,,,
2021-06-21,1385.46,1394.38,1373.36,1392.15,1970012,1301.63,1391.85,1373.36,1502.18,1502.18,28.86,48.17,0,,1336.48,,1374.93,1,52,2021-05-24,1,1374.93,TRAILING_STOP,21,0.39
2021-06-22,1395.04,1427.97,1394.52,1422.65,3862264,1304.41,1395.14,1373.36,1502.18,1502.18,29.36,56.01,0,,1355.82,,,0,,,0,,,,
2021-06-23,1428.16,1430.06,1400.73,1403.72,1818874,1306.98,1398.17,1373.36,1502.18,1502.18,29.36,50.87,0,,1343.61,,,0,,,0,,,,
2021-06-24,1413.92,1435.94,1406.33,1427.26,2762042,1309.84,1401.92,1373.36,1502.18,1502.18,29.56,56.24,0,,1358.66,,,0,,,0,,,,
2021-06-25,1433.38,1451.22,1430.53,1446.05,2099002,1312.78,1405.35,1373.36,1502.18,1502.18,29.16,60.01,0,,1371.05,,,0,,,0,,,,
2021-06-28,1448.09,1449.94,1433.24,1437.13,1173658,1315.52,1409.39,1373.36,1502.18,1502.18,28.27,57.48,0,,1365.89,,,0,,,0,,,,
2021-06-29,1435.75,1451.69,1427.11,1433.76,2174022,1317.82,1412.35,1373.36,1502.18,1502.18,28.01,56.51,0,,1363.89,,,0,,,0,,,,
2021-06-30,1438.6,1445.62,1419.14,1423.94,2139362,1320.13,1415.42,1373.36,1502.18,1502.18,27.9,53.67,0,,1357.63,,,0,,,0,,,,
2021-07-01,1420.66,1426.26,1404.58,1416.11,2060651,1322.41,1418.03,1373.36,1502.18,1502.18,27.45,51.46,0,,1352.87,,,0,,,0,,,,
2021-07-02,1423.41,1424.03,1400.16,1409.8,1814564,1324.69,1420.17,1373.36,1502.18,1502.18,27.2,49.67,0,,1348.98,,,0,,,0,,,,
2021-07-05,1413.92,1436.7,1412.03,1430.96,1605396,1327.04,1422.22,1373.36,1502.18,1502.18,27.18,55.27,0,,1362.64,,,0,,,0,,,,
2021-07-06,1429.11,1441.44,1423.41,1428.63,1072506,1329.51,1423.94,1373.36,1475.61,1502.18,26.52,54.55,0,,1361.57,,,0,,,0,,,,
2021-07-07,1418.67,1442.11,1418.67,1439.02,1096808,1332.02,1425.32,1373.36,1455.68,1475.61,26.3,57.22,0,,1368.42,,,0,,,0,,,,
2021-07-08,1426.26,1446.19,1420.57,1424.08,1456033,1334.42,1425.89,1373.36,1451.69,1455.68,26.26,52.45,0,,1358.81,,,0,,,0,,,,
2021-07-09,1421.42,1426.12,1409.65,1423.03,1248405,1336.84,1426.57,1373.36,1451.69,1451.69,25.56,52.12,0,,1358.6,,,0,,,0,,,,
2021-07-12,1427.59,1438.6,1415.44,1424.13,865284,1339.29,1427.61,1394.52,1451.69,1451.69,25.38,52.45,0,,1366.48,,,0,,,0,,,,
2021-07-13,1437.65,1437.65,1424.69,1436.32,995833,1341.75,1428.84,1400.16,1451.69,1451.69,24.54,56.13,0,,1376.79,,,0,,,0,,,,
2021-07-14,1436.27,1470.77,1431.01,1465.83,4010254,1344.25,1431.17,1400.16,1470.77,1451.69,25.62,63.5,1,1465.83,1395.1,1395.1,1395.1,1,53,2021-07-14,0,,,,
2021-07-15,1470.86,1542.03,1470.81,1527.18,9066480,1347.03,1434.29,1400.16,1542.03,1470.77,29.24,73.48,0,,1432.26,,1432.26,1,53,2021-07-14,0,,,,
2021-07-16,1527.18,1539.94,1513.66,1536.1,4157388,1349.86,1436.86,1400.16,1542.03,1542.03,29.03,74.56,0,,1438.15,,1438.15,1,53,2021-07-14,0,,,,
2021-07-19,1518.31,1555.7,1516.03,1527.42,3027093,1352.57,1438.5,1400.16,1555.7,1542.03,29.79,71.49,0,,1432.05,,1438.15,1,53,2021-07-14,0,,,,
2021-07-20,1527.65,1539.8,1501.23,1509.15,1847026,1355.1,1439.8,1400.16,1555.7,1555.7,30.41,65.38,0,,1419.85,,1438.15,1,53,2021-07-14,0,,,,
2021-07-22,1527.8,1563.05,1510.29,1558.31,3231269,1357.94,1443.69,1400.16,1563.05,1555.7,32.09,72.25,1,1558.31,1450.44,1450.44,1450.44,1,53,2021-07-14,0,,,,
2021-07-23,1560.06,1561.91,1524.81,1529.46,2259058,1360.23,1446.6,1400.16,1563.05,1563.05,32.45,64.2,0,,1431.59,,1450.44,1,53,2021-07-14,0,,,,
2021-07-26,1529.46,1544.21,1511.48,1516.03,2219416,1362.45,1449.58,1409.65,1563.05,1563.05,32.47,60.8,0,,1426.08,,1450.44,1,53,2021-07-14,0,,,,
2021-07-27,1527.94,1536.34,1503.36,1526.14,3984778,1364.6,1452.5,1409.65,1563.05,1563.05,32.51,62.41,0,,1432.57,,1450.44,1,53,2021-07-14,0,,,,
2021-07-28,1528.25,1536.74,1490.39,1529.93,4119892,1366.71,1455.71,1409.65,1563.05,1563.05,33.49,63.03,0,,1434.36,,1450.44,1,53,2021-07-14,0,,,,
2021-07-29,1529.74,1542.55,1522.06,1531.65,1672177,1368.81,1459.61,1409.65,1563.05,1563.05,32.57,63.32,0,,1436.09,,1450.44,1,53,2021-07-14,0,,,,
2021-07-30,1533.57,1559.39,1521.1,1536.89,2536568,1371.25,1463.78,1409.65,1563.05,1563.05,32.97,64.25,0,,1439.19,,1450.44,1,53,2021-07-14,0,,,,
2021-08-02,1541.54,1552.77,1537.46,1548.88,1083353,1373.59,1468.72,1415.44,1563.05,1563.05,31.75,66.35,0,,1449.67,,1450.44,1,53,2021-07-14,0,,,,
2021-08-03,1559.49,1572.63,1545.38,1568.46,1777140,1376.04,1474.6,1424.69,1572.63,1563.05,31.43,69.5,1,1568.46,1465.6,1465.6,1465.6,1,53,2021-07-14,0,,,,
2021-08-04,1573.88,1578.01,1548.55,1557.76,2067087,1378.44,1479.1,1431.01,1578.01,1572.63,31.29,65.87,0,,1460.9,,1465.6,1,53,2021-07-14,0,,,,
2021-08-05,1554.69,1567.02,1543.94,1561.79,1831728,1380.7,1484.37,1470.81,1578.01,1578.01,30.7,66.58,0,,1477.15,,1477.15,1,53,2021-07-14,0,,,,
2021-08-06,1561.41,1572.92,1543.46,1545.43,1192143,1382.87,1488.31,1490.39,1578.01,1578.01,30.62,61.04,0,,1473.19,,1477.15,1,53,2021-07-14,0,,,,
2021-08-09,1554.69,1558.53,1525.9,1533.05,1223794,1384.92,1491.21,1490.39,1578.01,1578.01,30.76,57.17,0,,1465.11,,1477.15,1,53,2021-07-14,0,,,,
2021-08-10,1541.25,1544.99,1508.62,1524.41,1429931,1386.93,1494.12,1490.39,1578.01,1578.01,31.16,54.57,0,,1459.27,,1477.15,1,53,2021-07-14,0,,,,
2021-08-11,1526.09,1533.48,1499.75,1519.47,1370930,1388.86,1496.98,1490.39,1578.01,1578.01,31.34,53.08,0,,1455.96,,1477.15,1,53,2021-07-14,0,,,,
2021-08-12,1525.9,1561.41,1518.22,1558.0,1645811,1390.93,1501.45,1490.39,1578.01,1578.01,32.19,61.82,0,,1480.25,,1480.25,1,53,2021-07-14,0,,,,
2021-08-13,1560.45,1609.2,1559.49,1601.14,5439442,1393.34,1507.62,1490.39,1609.2,1578.01,33.55,68.83,1,1601.14,1507.17,1507.17,1507.17,1,53,2021-07-14,0,,,,
2021-08-16,1606.51,1609.44,1586.69,1589.33,1794407,1395.62,1513.6,1490.39,1609.44,1609.2,32.78,65.3,0,,1500.06,,1507.17,1,53,2021-07-14,0,,,,
2021-08-17,1591.16,1597.87,1559.53,1572.68,1838525,1397.64,1518.32,1490.39,1609.44,1609.44,33.17,60.58,0,,1489.06,,1507.17,1,53,2021-07-14,0,,,,
2021-08-18,1580.6,1594.13,1561.5,1567.02,1570228,1399.39,1522.94,1499.75,1609.44,1609.44,33.14,59.01,0,,1488.55,,1507.17,1,53,2021-07-14,0,,,,
2021-08-20,1553.63,1557.57,1525.9,1529.35,2416059,1401.05,1525.95,1499.75,1609.44,1609.44,33.71,49.81,0,,1463.88,,1507.17,1,53,2021-07-14,0,,,,
2021-08-23,1535.59,1553.73,1504.69,1517.02,1973841,1402.62,1529.05,1499.75,1609.44,1609.44,34.8,47.21,0,,1455.19,,1507.17,1,53,2021-07-14,1,1507.17,TRAILING_STOP,27,2.82
2021-08-24,1525.9,1548.31,1518.99,1541.06,1580003,1404.34,1532.98,1499.75,1609.44,1609.44,34.55,52.42,0,,1470.87,,,0,,,0,,,,
2021-08-25,1549.84,1560.45,1525.9,1529.54,1795313,1405.83,1536.49,1499.75,1609.44,1609.44,34.55,49.88,0,,1463.44,,,0,,,0,,,,
2021-08-26,1529.54,1538.32,1521.1,1531.42,2051262,1407.47,1539.66,1499.75,1609.44,1609.44,33.31,50.3,0,,1465.47,,,0,,,0,,,,
2021-08-27,1539.33,1599.5,1533.62,1572.06,4903187,1409.5,1543.2,1499.75,1609.44,1609.44,35.8,58.47,0,,1490.03,,,0,,,0,,,,
2021-08-30,1580.31,1617.02,1578.78,1593.17,3345934,1411.45,1545.4,1499.75,1617.02,1609.44,36.45,61.96,0,,1503.21,,,0,,,0,,,,
2021-08-31,1593.12,1608.43,1578.68,1604.78,3264644,1413.41,1547.69,1499.75,1617.02,1617.02,35.97,63.77,0,,1511.02,,,0,,,0,,,,
2021-09-01,1604.83,1648.74,1604.78,1618.41,3530101,1415.52,1550.73,1499.75,1648.74,1617.02,36.54,65.82,1,1618.41,1519.43,1519.43,1519.43,1,54,2021-09-01,0,,,,
2021-09-02,1619.85,1641.06,1614.19,1618.22,2400278,1417.69,1554.36,1504.69,1648.74,1648.74,35.85,65.76,0,,1521.41,,1521.41,1,54,2021-09-01,0,,,,
2021-09-03,1628.58,1635.59,1604.69,1623.3,2336258,1419.9,1556.53,1504.69,1648.74,1648.74,35.5,66.58,0,,1524.93,,1524.93,1,54,2021-09-01,0,,,,
2021-09-06,1631.46,1646.82,1622.06,1625.9,1850835,1422.14,1559.74,1504.69,1648.74,1648.74,34.73,67.01,0,,1527.12,,1527.12,1,54,2021-09-01,0,,,,
2021-09-07,1625.9,1636.26,1611.74,1613.9,1734879,1424.39,1563.01,1504.69,1648.74,1648.74,34.0,62.95,0,,1519.86,,1527.12,1,54,2021-09-01,0,,,,
2021-09-08,1614.19,1626.38,1591.16,1599.36,1644392,1426.61,1565.45,1504.69,1648.74,1648.74,34.09,58.33,0,,1510.42,,1527.12,1,54,2021-09-01,0,,,,
2021-09-09,1588.47,1612.84,1588.47,1602.72,1225239,1428.12,1567.87,1504.69,1648.74,1648.74,33.39,59.08,0,,1513.05,,1527.12,1,54,2021-09-01,0,,,,
2021-09-13,1595.04,1608.09,1593.55,1604.3,1578773,1429.2,1570.29,1504.69,1648.74,1648.74,32.05,59.45,0,,1514.97,,1527.12,1,54,2021-09-01,0,,,,
2021-09-14,1608.43,1630.31,1607.85,1628.05,1407269,1430.39,1573.33,1518.99,1648.74,1648.74,31.62,64.6,0,,1535.34,,1535.34,1,54,2021-09-01,0,,,,
2021-09-15,1631.46,1655.07,1628.58,1647.78,2757989,1431.69,1576.63,1521.1,1655.07,1648.74,31.29,68.21,0,,1548.99,,1548.99,1,54,2021-09-01,0,,,,
2021-09-16,1640.67,1658.81,1640.34,1651.86,2128381,1433.11,1579.41,1521.1,1658.81,1655.07,30.37,68.92,0,,1552.23,,1552.23,1,54,2021-09-01,0,,,,
2021-09-17,1654.49,1671.48,1637.32,1647.01,3473932,1434.27,1582.38,1533.62,1671.48,1658.81,30.64,67.01,0,,1553.1,,1553.1,1,54,2021-09-01,0,,,,
2021-09-20,1631.65,1665.05,1631.41,1635.64,1820374,1435.27,1584.85,1578.68,1671.48,1671.48,30.86,62.64,0,,1560.64,,1560.64,1,54,2021-09-01,0,,,,
2021-09-21,1630.12,1660.97,1624.17,1651.52,2029747,1436.46,1588.38,1578.68,1671.48,1671.48,31.28,65.98,0,,1570.6,,1570.6,1,54,2021-09-01,0,,,,
2021-09-22,1651.52,1660.25,1637.22,1641.92,1487933,1437.72,1592.01,1588.47,1671.48,1671.48,30.69,62.35,0,,1568.07,,1570.6,1,54,2021-09-01,0,,,,
2021-09-23,1649.02,1703.44,1645.91,1698.35,3702946,1439.42,1597.81,1588.47,1703.44,1671.48,32.89,72.07,1,1698.35,1603.0,1603.0,1603.0,1,54,2021-09-01,0,,,,
2021-09-24,1708.24,1737.03,1679.45,1697.44,3612494,1441.01,1603.74,1588.47,1737.03,1703.44,34.66,71.75,0,,1601.23,,1603.0,1,54,2021-09-01,0,,,,
2021-09-27,1700.56,1710.88,1666.97,1669.47,1650711,1442.33,1607.46,1588.47,1737.03,1737.03,35.32,62.51,0,,1582.75,,1603.0,1,54,2021-09-01,0,,,,
2021-09-28,1674.94,1688.13,1649.7,1667.11,1442615,1443.65,1609.66,1588.47,1737.03,1737.03,35.54,61.79,0,,1581.08,,1603.0,1,54,2021-09-01,0,,,,
2021-09-29,1662.17,1671.77,1647.39,1651.62,1698747,1445.02,1611.73,1588.47,1737.03,1737.03,34.74,57.12,0,,1571.62,,1603.0,1,54,2021-09-01,0,,,,
2021-09-30,1650.61,1664.33,1628.58,1634.29,1792078,1446.37,1613.79,1588.47,1737.03,1737.03,34.82,52.35,0,,1560.4,,1603.0,1,54,2021-09-01,0,,,,
2021-10-01,1629.06,1643.46,1619.47,1628.49,1563937,1448.04,1615.84,1593.55,1737.03,1737.03,34.04,50.82,0,,1558.86,,1603.0,1,54,2021-09-01,0,,,,
2021-10-04,1628.1,1654.45,1616.16,1646.1,1588493,1449.61,1619.73,1607.85,1737.03,1737.03,34.35,55.11,0,,1574.79,,1603.0,1,54,2021-09-01,0,,,,
2021-10-05,1645.38,1669.85,1637.22,1647.49,1705242,1450.93,1624.08,1616.16,1737.03,1737.03,34.22,55.44,0,,1578.54,,1603.0,1,54,2021-09-01,0,,,,
2021-10-06,1647.49,1665.91,1621.87,1626.71,1845661,1452.25,1626.93,1616.16,1737.03,1737.03,34.92,49.57,0,,1564.67,,1603.0,1,54,2021-09-01,0,,,,
2021-10-07,1641.06,1659.58,1631.46,1643.41,1378863,1454.08,1630.73,1616.16,1737.03,1737.03,34.78,53.8,0,,1575.53,,1603.0,1,54,2021-09-01,0,,,,
2021-10-08,1669.85,1670.81,1650.66,1657.28,1755402,1455.81,1634.92,1616.16,1737.03,1737.03,34.25,57.03,0,,1584.83,,1603.0,1,54,2021-09-01,0,,,,
2021-10-11,1663.85,1676.42,1645.86,1647.68,1528151,1457.4,1637.44,1616.16,1737.03,1737.03,33.99,54.21,0,,1578.82,,1603.0,1,54,2021-09-01,0,,,,
2021-10-12,1641.54,1655.98,1631.46,1648.93,1671988,1458.92,1639.3,1616.16,1737.03,1737.03,33.31,54.52,0,,1580.07,,1603.0,1,54,2021-09-01,0,,,,
2021-10-13,1657.37,1692.79,1654.54,1681.41,2105025,1460.88,1641.86,1616.16,1737.03,1737.03,34.06,61.87,0,,1600.52,,1603.0,1,54,2021-09-01,0,,,,
2021-10-14,1703.44,1744.61,1696.19,1717.16,4440909,1463.06,1645.15,1616.16,1744.61,1737.03,36.15,68.0,0,,1622.19,,1622.19,1,54,2021-09-01,0,,,,
2021-10-18,1734.29,1737.51,1710.16,1716.35,1918546,1464.92,1648.42,1616.16,1744.61,1744.61,35.52,67.74,0,,1622.09,,1622.19,1,54,2021-09-01,0,,,,
2021-10-19,1736.84,1809.0,1729.4,1771.62,6639827,1467.19,1653.36,1616.16,1809.0,1744.61,39.6,74.94,1,1771.62,1655.02,1655.02,1655.02,1,54,2021-09-01,0,,,,
2021-10-20,1780.21,1793.31,1723.88,1733.86,3295376,1469.11,1656.96,1616.16,1809.0,1809.0,41.73,64.37,0,,1629.24,,1655.02,1,54,2021-09-01,0,,,,
2021-10-21,1741.83,1752.86,1718.84,1732.95,2774633,1471.08,1660.93,1616.16,1809.0,1809.0,41.18,64.14,0,,1629.02,,1655.02,1,54,2021-09-01,0,,,,
2021-10-22,1742.79,1757.66,1709.53,1719.99,1520637,1473.16,1664.95,1616.16,1809.0,1809.0,41.67,60.74,0,,1620.33,,1655.02,1,54,2021-09-01,0,,,,
2021-10-25,1719.99,1739.71,1689.38,1712.22,2488386,1475.33,1668.6,1616.16,1809.0,1809.0,42.29,58.73,0,,1614.91,,1655.02,1,54,2021-09-01,0,,,,
2021-10-26,1713.03,1738.85,1709.72,1723.83,1930107,1477.73,1672.58,1621.87,1809.0,1809.0,41.35,60.82,0,,1624.93,,1655.02,1,54,2021-09-01,0,,,,
2021-10-27,1728.39,1740.87,1703.53,1712.6,1408879,1480.11,1675.4,1621.87,1809.0,1809.0,41.07,57.78,0,,1617.87,,1655.02,1,54,2021-09-01,0,,,,
2021-10-28,1727.0,1786.93,1718.79,1741.11,6379424,1482.79,1678.51,1631.46,1809.0,1809.0,43.44,62.85,0,,1637.87,,1655.02,1,54,2021-09-01,0,,,,
2021-10-29,1748.54,1751.33,1665.82,1695.42,3984689,1485.23,1679.97,1631.46,1809.0,1809.0,46.45,52.05,0,,1606.4,,1655.02,1,54,2021-09-01,0,,,,
2021-11-01,1704.4,1732.23,1680.6,1722.97,2316925,1487.84,1682.5,1631.46,1809.0,1809.0,46.82,56.86,0,,1623.92,,1655.02,1,54,2021-09-01,0,,,,
2021-11-02,1727.43,1750.89,1723.02,1742.45,1687119,1490.79,1686.06,1631.46,1809.0,1809.0,45.47,59.93,0,,1637.39,,1655.02,1,54,2021-09-01,0,,,,
2021-11-03,1744.7,1837.79,1744.7,1813.32,11580233,1494.21,1691.45,1654.54,1837.79,1809.0,49.03,68.65,1,1813.32,1688.42,1688.42,1688.42,1,54,2021-09-01,0,,,,
2021-11-04,1823.4,1843.41,1823.4,1831.99,764191,1497.57,1697.79,1665.82,1843.41,1837.79,47.68,70.47,0,,1705.12,,1705.12,1,54,2021-09-01,0,,,,
2021-11-08,1866.15,1875.13,1835.11,1846.96,3674523,1500.88,1702.74,1665.82,1875.13,1843.41,47.35,71.89,1,1846.96,1714.99,1714.99,1714.99,1,54,2021-09-01,0,,,,
2021-11-09,1855.55,1884.91,1852.48,1865.24,3550645,1504.34,1708.33,1665.82,1884.91,1875.13,46.68,73.55,0,,1727.23,,1727.23,1,54,2021-09-01,0,,,,
2021-11-10,1854.78,1875.22,1854.11,1871.53,3208195,1507.68,1715.07,1665.82,1884.91,1884.91,44.85,74.12,0,,1732.51,,1732.51,1,54,2021-09-01,0,,,,
2021-11-11,1869.32,1901.85,1848.01,1853.82,7061537,1511.15,1721.29,1665.82,1901.85,1884.91,45.5,69.59,0,,1720.66,,1732.51,1,54,2021-09-01,0,,,,
2021-11-12,1861.79,1885.78,1850.37,1880.93,2026320,1514.83,1728.94,1665.82,1901.85,1901.85,44.78,72.37,0,,1738.62,,1738.62,1,54,2021-09-01,0,,,,
2021-11-15,1882.18,1894.9,1864.67,1868.55,1127678,1518.4,1736.75,1665.82,1901.85,1901.85,43.74,69.26,0,,1731.33,,1738.62,1,54,2021-09-01,0,,,,
2021-11-16,1871.38,1900.13,1865.62,1876.47,2279531,1521.94,1745.01,1665.82,1901.85,1901.85,43.08,70.14,0,,1736.88,,1738.62,1,54,2021-09-01,0,,,,
2021-11-17,1870.42,1899.12,1865.19,1874.17,2166686,1525.55,1752.61,1665.82,1901.85,1901.85,42.42,69.52,0,,1735.83,,1738.62,1,54,2021-09-01,0,,,,
2021-11-18,1874.17,1875.22,1816.68,1820.52,1883794,1529.18,1758.38,1665.82,1901.85,1901.85,43.58,56.78,0,,1700.46,,1738.62,1,54,2021-09-01,0,,,,
2021-11-22,1821.72,1823.4,1763.75,1789.33,2407464,1532.41,1763.8,1665.82,1901.85,1901.85,44.72,50.94,0,,1679.58,,1738.62,1,54,2021-09-01,0,,,,
2021-11-23,1775.41,1819.18,1770.14,1810.3,2028470,1535.79,1769.37,1680.6,1901.85,1901.85,45.03,54.34,0,,1697.82,,1738.62,1,54,2021-09-01,0,,,,
2021-11-24,1817.64,1825.7,1771.53,1787.41,1361828,1539.1,1773.7,1723.02,1901.85,1901.85,45.68,50.24,0,,1696.76,,1738.62,1,54,2021-09-01,0,,,,
2021-11-25,1780.21,1791.59,1764.09,1775.32,1930012,1542.65,1777.96,1744.7,1901.85,1901.85,44.39,48.18,0,,1697.06,,1738.62,1,54,2021-09-01,0,,,,
2021-11-26,1746.62,1767.5,1697.3,1706.46,2796595,1545.6,1779.88,1697.3,1901.85,1901.85,46.79,38.48,0,,1635.24,,1738.62,1,54,2021-09-01,1,1738.62,TRAILING_STOP,59,7.43
2021-11-29,1706.32,1717.88,1665.19,1696.0,2111420,1548.45,1780.36,1665.19,1901.85,1901.85,47.21,37.25,0,,1617.51,,,0,,,0,,,,
2021-11-30,1696.0,1726.37,1680.69,1693.6,3385628,1551.37,1779.58,1665.19,1901.85,1901.85,47.1,36.96,0,,1616.03,,,0,,,0,,,,
2021-12-01,1692.88,1721.67,1691.01,1713.99,1359786,1554.35,1779.5,1665.19,1901.85,1901.85,45.93,41.17,0,,1629.97,,,0,,,0,,,,
2021-12-02,1713.95,1721.67,1691.92,1717.07,2813690,1557.06,1777.68,1665.19,1901.85,1901.85,44.77,41.8,0,,1632.73,,,0,,,0,,,,
2021-12-03,1727.38,1770.42,1724.12,1728.63,3612772,1559.88,1777.5,1665.19,1901.85,1901.85,45.38,44.22,0,,1639.77,,,0,,,0,,,,
2021-12-06,1726.47,1747.58,1706.32,1710.78,1566109,1562.69,1776.77,1665.19,1901.85,1901.85,45.09,41.36,0,,1628.46,,,0,,,0,,,,
2021-12-07,1718.03,1737.03,1700.66,1725.61,2097201,1565.72,1776.95,1665.19,1901.85,1901.85,44.47,44.57,0,,1638.44,,,0,,,0,,,,
2021-12-08,1729.35,1766.78,1729.35,1751.47,3433206,1568.9,1778.26,1665.19,1901.85,1901.85,44.23,49.74,0,,1655.27,,,0,,,0,,,,
2021-12-09,1761.02,1808.19,1754.25,1804.01,3791595,1572.46,1780.93,1665.19,1901.85,1901.85,45.12,58.25,0,,1688.57,,,0,,,0,,,,
2021-12-10,1804.01,1814.62,1786.02,1797.87,1771926,1575.98,1783.78,1665.19,1900.13,1901.85,43.94,57.03,0,,1685.39,,,0,,,0,,,,
2021-12-13,1817.35,1819.8,1780.26,1786.45,1857829,1579.41,1785.29,1665.19,1900.13,1900.13,43.63,54.75,0,,1678.24,,,0,,,0,,,,
2021-12-14,1775.41,1798.45,1771.77,1790.48,1685243,1582.86,1788.46,1665.19,1900.13,1900.13,42.42,55.43,0,,1681.64,,,0,,,0,,,,
2021-12-15,1790.77,1822.2,1788.51,1804.97,2176709,1586.06,1791.19,1665.19,1899.12,1900.13,41.79,57.88,0,,1691.41,,,0,,,0,,,,
2021-12-16,1815.72,1831.08,1791.06,1798.35,2469902,1589.3,1793.05,1665.19,1875.22,1899.12,41.67,56.35,0,,1687.22,,,0,,,0,,,,
2021-12-17,1791.25,1799.12,1757.85,1772.63,2352938,1592.35,1791.7,1665.19,1831.08,1875.22,41.64,50.76,0,,1670.65,,,0,,,0,,,,
2021-12-20,1747.58,1755.88,1700.08,1726.81,2488158,1594.91,1788.19,1680.69,1831.08,1831.08,43.85,42.64,0,,1644.79,,,0,,,0,,,,
2021-12-21,1744.61,1777.53,1739.43,1753.87,2077840,1597.83,1785.09,1691.01,1831.08,1831.08,44.34,47.94,0,,1665.36,,,0,,,0,,,,
2021-12-22,1753.87,1803.77,1753.87,1795.57,1692505,1600.83,1782.77,1691.92,1831.08,1831.08,44.74,54.85,0,,1692.29,,,0,,,0,,,,
2021-12-23,1807.08,1811.74,1787.03,1802.72,1677127,1603.97,1780.47,1700.08,1831.08,1831.08,43.3,55.94,0,,1700.58,,,0,,,0,,,,
2021-12-24,1812.6,1812.6,1775.41,1784.44,1203991,1606.95,1778.16,1700.08,1831.08,1831.08,42.87,52.48,0,,1689.08,,,0,,,0,,,,
2021-12-27,1784.44,1800.03,1771.38,1790.96,1139744,1609.92,1775.16,1700.08,1831.08,1831.08,41.85,53.58,0,,1693.96,,,0,,,0,,,,
2021-12-28,1796.62,1832.04,1796.62,1822.92,1916098,1612.94,1773.64,1700.08,1832.04,1831.08,41.8,58.65,0,,1714.61,,,0,,,0,,,,
2021-12-29,1818.6,1831.99,1813.85,1818.46,1287946,1615.89,1771.71,1700.08,1832.04,1832.04,40.11,57.7,0,,1712.86,,,0,,,0,,,,
2021-12-30,1816.01,1825.03,1805.07,1809.68,1805349,1618.63,1769.56,1700.08,1832.04,1832.04,38.67,55.79,0,,1708.16,,,0,,,0,,,,
2021-12-31,1811.26,1830.21,1811.21,1819.46,1145546,1621.38,1769.52,1700.08,1832.04,1832.04,37.37,57.48,0,,1715.33,,,0,,,0,,,,
2022-01-03,1818.6,1859.34,1817.3,1845.33,1906676,1624.33,1771.39,1700.08,1859.34,1832.04,37.71,61.65,1,1845.33,1731.79,1731.79,1731.79,1,55,2022-01-03,0,,,,
2022-01-04,1845.33,1864.67,1837.36,1859.43,1643920,1627.44,1773.02,1700.08,1864.67,1859.34,36.96,63.74,0,,1741.38,,1741.38,1,55,2022-01-03,0,,,,
2022-01-05,1862.46,1872.34,1849.93,1870.04,1711667,1630.58,1775.78,1700.08,1872.34,1864.67,35.92,65.27,0,,1748.92,,1748.92,1,55,2022-01-03,0,,,,
2022-01-06,1866.1,1874.26,1842.21,1846.91,1372015,1633.59,1778.17,1700.08,1874.26,1872.34,35.65,59.38,0,,1734.19,,1748.92,1,55,2022-01-03,0,,,,
2022-01-07,1851.28,1856.94,1820.66,1828.1,1447123,1636.22,1782.22,1700.08,1874.26,1874.26,35.69,55.03,0,,1722.02,,1748.92,1,55,2022-01-03,0,,,,
2022-01-10,1833.0,1880.93,1830.36,1874.36,2397846,1638.99,1788.17,1739.43,1880.93,1874.26,36.92,62.34,1,1874.36,1764.16,1764.16,1764.16,1,55,2022-01-03,0,,,,
2022-01-11,1870.42,1890.58,1859.53,1882.08,2232435,1641.68,1794.45,1753.87,1890.58,1880.93,36.5,63.4,0,,1774.23,,1774.23,1,55,2022-01-03,0,,,,
2022-01-12,1898.73,1904.01,1881.27,1894.61,1585970,1644.51,1800.47,1771.38,1904.01,1890.58,35.51,65.13,0,,1788.81,,1788.81,1,55,2022-01-03,0,,,,
2022-01-13,1895.9,1947.2,1895.9,1937.03,2373324,1647.81,1807.8,1771.38,1947.2,1904.01,36.73,70.26,0,,1815.35,,1815.35,1,55,2022-01-03,0,,,,
2022-01-14,1932.8,1967.3,1926.08,1962.31,3124945,1651.28,1815.59,1771.38,1967.3,1947.2,37.05,72.82,0,,1831.45,,1831.45,1,55,2022-01-03,0,,,,
2022-01-17,1962.31,1988.42,1959.67,1985.97,1858651,1655.01,1824.76,1796.62,1988.42,1967.3,36.46,74.99,0,,1855.52,,1855.52,1,55,2022-01-03,0,,,,
2022-01-18,1991.97,1994.75,1929.49,1940.67,1460676,1658.36,1831.93,1805.07,1994.75,1988.42,38.52,64.38,0,,1827.74,,1855.52,1,55,2022-01-03,0,,,,
2022-01-19,1938.46,1945.28,1906.89,1939.42,2336679,1661.73,1838.2,1805.07,1994.75,1994.75,38.51,64.11,0,,1826.94,,1855.52,1,55,2022-01-03,0,,,,
2022-01-20,1938.56,1952.96,1904.11,1922.73,2031107,1665.11,1842.15,1811.21,1994.75,1994.75,39.25,60.47,0,,1817.73,,1855.52,1,55,2022-01-03,0,,,,
2022-01-21,1902.24,1914.38,1864.71,1877.19,2209132,1668.22,1844.8,1817.3,1994.75,1994.75,40.59,51.83,0,,1789.49,,1855.52,1,55,2022-01-03,0,,,,
2022-01-24,1876.18,1880.02,1805.69,1823.3,2307120,1671.04,1846.03,1805.69,1994.75,1994.75,43.0,43.84,0,,1749.26,,1855.52,1,55,2022-01-03,1,1855.52,TRAILING_STOP,16,0.55
2022-01-25,1818.6,1853.44,1775.51,1847.68,2998042,1674.07,1847.93,1775.51,1994.75,1994.75,45.49,47.76,0,,1753.26,,,0,,,0,,,,
2022-01-27,1837.36,1844.51,1791.73,1833.81,2932713,1676.81,1848.89,1775.51,1994.75,1994.75,46.24,45.8,0,,1743.82,,,0,,,0,,,,
2022-01-28,1838.85,1869.46,1815.05,1821.05,2233620,1679.6,1849.65,1775.51,1994.75,1994.75,46.82,44.01,0,,1735.2,,,0,,,0,,,,
2022-01-31,1813.99,1846.43,1775.85,1832.23,3161064,1682.3,1851.64,1775.51,1994.75,1994.75,48.52,46.0,0,,1741.28,,,0,,,0,,,,
2022-02-01,1850.89,1919.27,1839.71,1910.25,5392787,1685.39,1857.75,1775.51,1994.75,1994.75,51.27,57.39,0,,1789.77,,,0,,,0,,,,
2022-02-02,1914.66,1927.04,1891.15,1902.76,3579380,1688.5,1862.72,1775.51,1994.75,1994.75,50.17,56.16,0,,1785.67,,,0,,,0,,,,
2022-02-03,1901.61,1904.97,1852.19,1855.69,2262217,1691.31,1864.72,1775.51,1994.75,1994.75,50.36,49.08,0,,1755.18,,,0,,,0,,,,
2022-02-04,1869.46,1878.87,1845.76,1869.42,1440816,1694.28,1866.94,1775.51,1994.75,1994.75,49.13,51.02,0,,1764.86,,,0,,,0,,,,
2022-02-07,1854.59,1868.98,1798.97,1808.52,2641464,1696.89,1867.75,1775.51,1994.75,1994.75,50.65,43.16,0,,1724.56,,,0,,,0,,,,
2022-02-08,1813.8,1820.47,1773.5,1799.98,2040523,1699.5,1868.05,1773.5,1994.75,1994.75,50.39,42.18,0,,1718.56,,,0,,,0,,,,
2022-02-09,1808.52,1823.3,1799.98,1812.65,1390810,1702.04,1867.7,1773.5,1994.75,1994.75,48.45,44.2,0,,1728.02,,,0,,,0,,,,
2022-02-10,1815.72,1833.96,1805.16,1824.36,1288856,1704.68,1867.9,1773.5,1994.75,1994.75,47.05,46.09,0,,1736.51,,,0,,,0,,,,
2022-02-11,1812.84,1812.84,1775.41,1795.81,1744894,1707.06,1867.44,1773.5,1994.75,1994.75,47.19,42.34,0,,1718.01,,,0,,,0,,,,
2022-02-14,1768.94,1772.49,1722.63,1726.47,2290199,1709.07,1864.34,1722.63,1994.75,1994.75,49.04,34.91,0,,1655.09,,,0,,,0,,,,
2022-02-15,1737.03,1806.12,1733.33,1800.41,2602134,1711.59,1862.84,1722.63,1994.75,1994.75,51.23,45.82,0,,1701.32,,,0,,,0,,,,
2022-02-16,1800.41,1811.21,1767.88,1785.68,1898439,1714.0,1860.38,1722.63,1952.96,1994.75,50.66,44.23,0,,1692.2,,,0,,,0,,,,
2022-02-17,1793.65,1808.91,1779.35,1793.36,1459905,1716.38,1857.83,1722.63,1952.96,1952.96,49.16,45.3,0,,1698.16,,,0,,,0,,,,
2022-02-18,1794.61,1819.56,1789.95,1807.18,1912482,1718.65,1856.5,1722.63,1927.04,1952.96,47.76,47.25,0,,1708.0,,,0,,,0,,,,
2022-02-21,1799.36,1807.95,1774.31,1788.8,1262585,1720.4,1855.19,1722.63,1927.04,1927.04,46.75,44.95,0,,1696.82,,,0,,,0,,,,
2022-02-22,1739.91,1780.21,1727.91,1770.09,2288298,1721.96,1851.72,1722.63,1927.04,1927.04,47.76,42.68,0,,1684.08,,,0,,,0,,,,
2022-02-23,1774.45,1777.33,1742.93,1746.91,1583872,1723.42,1847.21,1722.63,1927.04,1927.04,46.81,39.97,0,,1669.76,,,0,,,0,,,,
2022-02-24,1711.36,1727.43,1680.41,1686.5,3616355,1724.6,1840.27,1680.41,1927.04,1927.04,48.21,33.94,0,,1615.79,,,0,,,0,,,,
2022-02-25,1710.16,1726.18,1693.84,1705.41,2476882,1725.58,1832.55,1680.41,1927.04,1927.04,47.6,37.14,0,,1628.39,,,0,,,0,,,,
2022-02-28,1693.75,1748.78,1682.13,1743.5,2553662,1727.01,1825.26,1680.41,1927.04,1927.04,48.97,43.11,0,,1652.05,,,0,,,0,,,,
2022-03-02,1727.43,1753.29,1697.2,1712.56,3152628,1728.32,1816.15,1680.41,1927.04,1927.04,49.47,39.8,0,,1631.76,,,0,,,0,,,,
2022-03-03,1737.03,1740.43,1675.18,1681.65,2259979,1729.36,1807.51,1675.18,1904.97,1927.04,50.6,36.77,0,,1609.32,,,0,,,0,,,,
2022-03-04,1669.85,1683.33,1634.34,1642.74,3906819,1730.11,1797.62,1634.34,1878.87,1904.97,50.49,33.32,0,,1570.69,,,0,,,0,,,,
2022-03-07,1591.4,1599.6,1540.82,1568.55,6318251,1730.36,1785.82,1540.82,1868.98,1878.87,54.16,27.95,0,,1489.21,,,0,,,0,,,,
2022-03-08,1562.27,1598.83,1530.7,1591.64,4421730,1730.72,1776.3,1530.7,1833.96,1868.98,55.16,31.64,0,,1500.07,,,0,,,0,,,,
2022-03-09,1608.91,1631.27,1583.53,1622.78,3306502,1731.21,1769.61,1530.7,1833.96,1833.96,54.63,36.38,0,,1520.51,,,0,,,0,,,,
2022-03-10,1669.85,1687.12,1638.18,1658.53,2776325,1731.82,1763.31,1530.7,1833.96,1833.96,55.32,41.41,0,,1543.1,,,0,,,0,,,,
2022-03-11,1650.66,1665.48,1637.03,1658.96,1577597,1732.49,1757.48,1530.7,1819.56,1833.96,53.4,41.47,0,,1544.66,,,0,,,0,,,,
2022-03-14,1665.05,1683.28,1646.34,1676.33,1558334,1733.25,1752.66,1530.7,1819.56,1819.56,52.23,43.96,0,,1556.65,,,0,,,0,,,,
2022-03-15,1677.53,1693.84,1656.99,1673.16,2062332,1734.1,1747.36,1530.7,1819.56,1819.56,51.13,43.59,0,,1555.34,,,0,,,0,,,,
2022-03-16,1690.0,1699.26,1675.8,1685.4,2101909,1735.12,1739.86,1530.7,1819.56,1819.56,49.34,45.47,0,,1564.42,,,0,,,0,,,,
2022-03-17,1709.34,1731.84,1697.15,1715.82,3383036,1736.4,1733.63,1530.7,1819.56,1819.56,49.13,49.94,0,,1584.18,,,0,,,0,,,,
2022-03-21,1732.23,1732.23,1674.65,1685.49,2301462,1737.5,1727.96,1530.7,1819.56,1819.56,49.74,45.9,0,,1564.22,,,0,,,0,,,,
2022-03-22,1685.49,1705.36,1651.76,1702.53,3986030,1738.47,1722.39,1530.7,1807.95,1819.56,50.01,48.43,0,,1575.02,,,0,,,0,,,,
2022-03-23,1708.24,1719.32,1688.23,1696.0,1574226,1739.1,1718.64,1530.7,1780.21,1807.95,48.66,47.51,0,,1571.71,,,0,,,0,,,,
2022-03-24,1684.24,1707.95,1680.41,1700.13,1580887,1739.84,1715.31,1530.7,1777.33,1780.21,47.15,48.18,0,,1575.38,,,0,,,0,,,,
2022-03-25,1704.01,1706.22,1668.89,1680.5,1483897,1740.56,1710.91,1530.7,1753.29,1777.33,46.45,45.24,0,,1563.19,,,0,,,0,,,,
2022-03-28,1681.37,1684.24,1655.55,1671.38,1799629,1741.25,1705.81,1530.7,1753.29,1753.29,45.18,43.9,0,,1558.15,,,0,,,0,,,,
2022-03-29,1678.2,1683.38,1663.13,1676.23,2071779,1742.23,1701.82,1530.7,1753.29,1753.29,43.4,44.83,0,,1562.47,,,0,,,0,,,,
2022-03-30,1695.66,1705.41,1683.38,1702.09,1712835,1743.47,1701.01,1583.53,1753.29,1753.29,42.39,49.66,0,,1597.43,,,0,,,0,,,,
2022-03-31,1708.19,1709.53,1687.12,1696.38,1401916,1744.5,1697.54,1637.03,1740.43,1753.29,40.96,48.65,0,,1612.54,,,0,,,0,,,,
2022-04-01,1688.08,1721.67,1688.08,1717.93,2050573,1745.76,1695.28,1637.03,1732.23,1740.43,40.43,52.57,0,,1626.79,,,0,,,0,,,,
2022-04-04,1712.08,1756.08,1704.97,1752.72,1955281,1747.23,1693.93,1646.34,1756.08,1732.23,41.19,58.14,0,,1651.82,,,0,,,0,,,,
2022-04-05,1765.82,1770.62,1753.34,1762.03,1718581,1748.5,1692.42,1651.76,1770.62,1756.08,39.53,59.51,0,,1660.74,,,0,,,0,,,,
2022-04-06,1759.1,1783.09,1754.01,1778.1,2245496,1749.73,1692.07,1651.76,1783.09,1770.62,38.78,61.83,0,,1671.6,,,0,,,0,,,,
2022-04-07,1775.32,1781.03,1737.17,1752.67,2003954,1750.72,1691.49,1651.76,1783.09,1783.09,39.15,56.33,0,,1654.96,,,0,,,0,,,,
2022-04-08,1761.4,1764.76,1744.75,1756.94,1903321,1751.64,1691.82,1651.76,1783.09,1783.09,37.78,57.02,0,,1658.63,,,0,,,0,,,,
2022-04-11,1746.86,1755.98,1707.28,1709.68,2262446,1752.25,1692.59,1651.76,1783.09,1783.09,38.63,47.96,0,,1627.58,,,0,,,0,,,,
2022-04-12,1708.24,1709.68,1663.71,1677.24,4215141,1752.61,1691.66,1655.55,1783.09,1783.09,39.15,42.93,0,,1607.57,,,0,,,0,,,,
2022-04-13,1683.48,1701.37,1676.66,1689.81,1673417,1753.04,1689.87,1655.55,1783.09,1783.09,38.12,45.32,0,,1616.36,,,0,,,0,,,,
2022-04-18,1675.9,1679.4,1645.86,1668.27,1808707,1753.4,1688.39,1645.86,1783.09,1783.09,38.54,42.06,0,,1598.96,,,0,,,0,,,,
2022-04-19,1677.81,1689.76,1618.99,1636.98,2737766,1753.65,1686.9,1618.99,1783.09,1783.09,40.84,37.81,0,,1568.29,,,0,,,0,,,,
2022-04-20,1641.01,1643.36,1603.97,1623.4,3832617,1753.79,1686.26,1603.97,1783.09,1783.09,40.74,36.1,0,,1554.59,,,0,,,0,,,,
2022-04-21,1634.29,1656.22,1631.46,1645.38,1797489,1754.06,1688.82,1603.97,1783.09,1783.09,40.17,40.76,0,,1569.15,,,0,,,0,,,,
2022-04-22,1632.42,1647.2,1622.25,1626.04,1474689,1754.05,1689.96,1603.97,1783.09,1783.09,39.08,38.13,0,,1557.4,,,0,,,0,,,,
2022-04-25,1607.47,1607.47,1585.4,1590.53,1964344,1753.67,1688.89,1585.4,1783.09,1783.09,39.19,33.81,0,,1528.23,,,0,,,0,,,,
2022-04-26,1612.27,1634.44,1596.91,1631.41,2440990,1753.53,1687.98,1585.4,1783.09,1783.09,39.53,41.96,0,,1554.37,,,0,,,0,,,,
2022-04-27,1607.47,1623.4,1599.5,1609.44,1346726,1753.28,1686.33,1585.4,1783.09,1783.09,38.99,39.17,0,,1540.56,,,0,,,0,,,,
2022-04-28,1621.87,1661.21,1612.27,1649.94,3117433,1753.37,1685.45,1585.4,1783.09,1783.09,39.9,46.27,0,,1566.08,,,0,,,0,,,,
2022-04-29,1661.21,1668.89,1619.13,1626.04,2404830,1753.2,1683.88,1585.4,1783.09,1783.09,40.6,43.07,0,,1550.19,,,0,,,0,,,,
2022-05-02,1601.33,1617.98,1588.32,1611.74,1399802,1753.0,1681.43,1585.4,1783.09,1783.09,40.4,41.24,0,,1541.11,,,0,,,0,,,,
2022-05-04,1611.79,1614.09,1559.53,1568.07,1777673,1752.14,1676.5,1559.53,1783.09,1783.09,41.41,36.17,0,,1503.64,,,0,,,0,,,,
2022-05-05,1584.15,1603.82,1567.16,1571.63,1707752,1751.3,1672.71,1559.53,1783.09,1783.09,41.07,36.85,0,,1506.16,,,0,,,0,,,,
2022-05-06,1550.85,1567.16,1547.11,1557.04,1439520,1750.55,1667.86,1547.11,1783.09,1783.09,39.89,35.19,0,,1493.4,,,0,,,0,,,,
2022-05-09,1542.74,1564.14,1527.1,1550.99,1400010,1749.77,1663.02,1527.1,1781.03,1783.09,39.69,34.5,0,,1482.97,,,0,,,0,,,,
2022-05-10,1546.05,1563.9,1536.45,1543.12,1176030,1749.05,1657.79,1527.1,1764.76,1781.03,38.81,33.58,0,,1478.47,,,0,,,0,,,,
2022-05-11,1535.97,1544.13,1494.56,1507.47,2988788,1748.2,1652.02,1494.56,1755.98,1764.76,39.58,29.69,0,,1444.12,,,0,,,0,,,,
2022-05-12,1487.51,1492.26,1452.1,1464.62,3407191,1747.11,1645.13,1452.1,1709.68,1755.98,40.71,25.82,0,,1401.57,,,0,,,0,,,,
2022-05-13,1468.32,1511.41,1441.44,1472.63,4328846,1745.96,1638.34,1441.44,1701.37,1709.68,42.8,27.71,0,,1401.79,,,0,,,0,,,,
2022-05-16,1487.51,1504.3,1477.38,1480.7,1775914,1744.84,1630.96,1441.44,1689.76,1701.37,42.0,29.67,0,,1407.53,,,0,,,0,,,,
2022-05-17,1482.71,1543.08,1482.71,1539.43,1608711,1744.26,1625.73,1441.44,1689.76,1689.76,43.46,41.95,0,,1444.44,,,0,,,0,,,,
2022-05-18,1557.57,1557.57,1501.9,1509.1,2984009,1743.37,1618.77,1441.44,1668.89,1689.76,44.33,38.23,0,,1424.3,,,0,,,0,,,,
2022-05-19,1487.51,1499.75,1478.25,1485.54,1798843,1742.22,1609.87,1441.44,1668.89,1668.89,43.37,35.6,0,,1409.74,,,0,,,0,,,,
2022-05-20,1506.13,1548.4,1498.11,1545.19,2175224,1741.54,1602.64,1441.44,1668.89,1668.89,44.76,45.79,0,,1447.29,,,0,,,0,,,,
2022-05-23,1563.32,1593.07,1540.87,1577.86,4177811,1741.06,1595.96,1441.44,1668.89,1668.89,45.29,50.42,0,,1468.01,,,0,,,0,,,,
2022-05-24,1578.49,1587.03,1545.19,1560.73,1970395,1740.26,1589.57,1441.44,1668.89,1668.89,45.04,48.1,0,,1457.12,,,0,,,0,,,,
2022-05-25,1567.16,1573.59,1507.76,1511.26,1417130,1738.89,1581.38,1441.44,1668.89,1668.89,46.53,42.08,0,,1424.22,,,0,,,0,,,,
2022-05-26,1511.5,1524.84,1474.7,1501.47,3578710,1737.45,1574.44,1441.44,1668.89,1668.89,46.79,40.99,0,,1417.74,,,0,,,0,,,,
2022-05-27,1511.69,1541.25,1510.54,1535.78,1279218,1735.88,1569.72,1441.44,1668.89,1668.89,46.29,46.26,0,,1440.2,,,0,,,0,,,,
2022-05-30,1554.69,1596.63,1548.55,1593.89,2119326,1734.95,1566.52,1441.44,1617.98,1668.89,47.33,53.78,0,,1476.99,,,0,,,0,,,,
2022-05-31,1593.55,1606.89,1578.68,1587.8,3534742,1733.98,1563.84,1441.44,1614.09,1617.98,45.96,52.95,0,,1473.97,,,0,,,0,,,,
2022-06-01,1586.88,1594.03,1572.39,1581.56,1425466,1733.06,1561.99,1441.44,1606.89,1614.09,44.22,52.05,0,,1471.1,,,0,,,0,,,,
2022-06-02,1566.2,1582.95,1558.24,1571.15,1852251,1732.12,1560.25,1441.44,1606.89,1606.89,42.83,50.52,0,,1465.32,,,0,,,0,,,,
2022-06-03,1591.11,1606.22,1578.63,1585.45,2928263,1731.2,1558.25,1474.7,1606.89,1606.89,42.28,52.58,0,,1486.0,,,0,,,0,,,,
2022-06-06,1585.54,1595.28,1568.22,1574.07,1538005,1730.27,1556.52,1474.7,1606.89,1606.89,41.19,50.77,0,,1479.38,,,0,,,0,,,,
2022-06-07,1564.28,1572.35,1522.15,1525.37,2157491,1728.83,1554.35,1474.7,1606.89,1606.89,41.96,43.8,0,,1447.46,,,0,,,0,,,,
2022-06-08,1530.7,1542.98,1506.8,1520.67,2122442,1727.67,1550.66,1474.7,1606.89,1606.89,41.54,43.18,0,,1444.7,,,0,,,0,,,,
2022-06-09,1493.46,1535.49,1493.46,1530.79,1361104,1726.39,1548.04,1474.7,1606.89,1606.89,41.58,44.98,0,,1451.21,,,0,,,0,,,,
2022-06-10,1506.7,1530.22,1505.79,1521.19,1337799,1724.91,1543.74,1474.7,1606.89,1606.89,40.39,43.57,0,,1445.8,,,0,,,0,,,,
2022-06-13,1497.25,1502.82,1457.09,1470.28,2460367,1722.63,1538.55,1457.09,1606.89,1606.89,42.09,36.97,0,,1405.97,,,0,,,0,,,,
2022-06-14,1470.28,1491.64,1463.71,1482.38,1983405,1720.29,1534.24,1457.09,1606.89,1606.89,41.08,39.32,0,,1414.45,,,0,,,0,,,,
2022-06-15,1485.54,1503.82,1477.0,1497.44,1461683,1717.96,1531.89,1457.09,1606.89,1606.89,40.06,42.22,0,,1424.84,,,0,,,0,,,,
2022-06-16,1505.17,1511.5,1455.6,1465.82,2329325,1715.3,1528.36,1455.6,1606.89,1606.89,41.19,38.11,0,,1403.19,,,0,,,0,,,,
2022-06-17,1460.64,1468.27,1421.68,1429.88,4548572,1712.36,1524.12,1421.68,1606.89,1606.89,41.58,34.06,0,,1368.45,,,0,,,0,,,,
2022-06-20,1429.93,1437.46,1397.64,1412.46,1837431,1709.41,1519.5,1397.64,1606.89,1606.89,41.45,32.26,0,,1349.28,,,0,,,0,,,,
2022-06-21,1420.33,1454.11,1417.36,1439.81,1458922,1706.47,1516.06,1397.64,1606.89,1606.89,41.46,37.8,0,,1366.91,,,0,,,0,,,,
2022-06-22,1429.93,1430.84,1408.82,1419.13,1906619,1703.48,1513.12,1397.64,1606.89,1606.89,40.72,35.44,0,,1354.07,,,0,,,0,,,,
2022-06-23,1421.77,1450.8,1421.77,1434.05,1828491,1700.53,1512.1,1397.64,1606.89,1606.89,40.07,38.42,0,,1364.13,,,0,,,0,,,,
2022-06-24,1441.2,1451.04,1428.97,1434.58,1731440,1697.6,1510.83,1397.64,1606.89,1606.89,38.78,38.53,0,,1365.33,,,0,,,0,,,,
2022-06-27,1462.56,1482.42,1448.88,1473.88,2389778,1695.29,1510.6,1397.64,1606.89,1606.89,39.43,46.13,0,,1390.25,,,0,,,0,,,,
2022-06-28,1468.32,1494.71,1462.65,1488.95,2072405,1693.28,1508.92,1397.64,1606.22,1606.89,38.9,48.74,0,,1400.32,,,0,,,0,,,,
2022-06-29,1469.52,1491.35,1463.9,1485.49,1480197,1691.12,1508.13,1397.64,1606.22,1606.22,38.09,48.16,0,,1398.63,,,0,,,0,,,,
2022-06-30,1486.6,1503.73,1479.93,1495.43,3308971,1689.17,1508.46,1397.64,1606.22,1606.22,37.07,50.0,0,,1405.72,,,0,,,0,,,,
2022-07-01,1498.02,1512.46,1472.73,1508.77,1294305,1687.4,1507.25,1397.64,1595.28,1606.22,37.26,52.43,0,,1414.2,,,0,,,0,,,,
2022-07-04,1508.72,1523.45,1487.7,1517.93,1269969,1686.14,1505.25,1397.64,1572.35,1595.28,37.15,54.08,0,,1420.18,,,0,,,0,,,,
2022-07-05,1520.14,1532.85,1498.64,1501.81,1445200,1684.84,1503.28,1397.64,1542.98,1572.35,36.94,50.74,0,,1409.92,,,0,,,0,,,,
2022-07-06,1502.43,1526.38,1489.24,1493.41,2422594,1683.51,1502.69,1397.64,1535.49,1542.98,36.95,49.04,0,,1404.49,,,0,,,0,,,,
2022-07-07,1502.77,1549.07,1502.53,1546.15,1697912,1682.39,1504.18,1397.64,1549.07,1535.49,38.29,58.45,0,,1437.62,,,0,,,0,,,,
2022-07-08,1555.65,1633.38,1552.77,1619.42,6516138,1681.74,1506.97,1397.64,1633.38,1549.07,41.78,67.45,0,,1482.55,,,0,,,0,,,,
2022-07-11,1617.02,1620.76,1586.74,1595.95,1316037,1680.85,1507.04,1408.82,1633.38,1633.38,41.23,62.76,0,,1471.51,,,0,,,0,,,,
2022-07-12,1588.28,1605.45,1582.57,1587.08,781516,1680.03,1507.01,1408.82,1633.38,1633.38,39.92,61.03,0,,1466.66,,,0,,,0,,,,
2022-07-13,1596.91,1615.39,1578.1,1580.84,1914814,1679.07,1506.99,1421.77,1633.38,1633.38,39.73,59.79,0,,1467.08,,,0,,,0,,,,
2022-07-14,1585.25,1600.13,1568.7,1579.78,1170472,1677.92,1507.28,1428.97,1633.38,1633.38,39.14,59.57,0,,1469.19,,,0,,,0,,,,
2022-07-15,1587.22,1619.8,1582.71,1616.92,1345141,1676.67,1508.32,1448.88,1633.38,1633.38,39.2,64.54,0,,1499.74,,,0,,,0,,,,
2022-07-18,1627.67,1664.67,1621.87,1658.0,3200640,1675.74,1511.12,1462.65,1664.67,1633.38,39.81,69.08,0,,1530.42,,,0,,,0,,,,
2022-07-19,1650.61,1665.0,1644.9,1660.06,1351783,1674.9,1515.61,1463.9,1665.0,1664.67,38.4,69.29,0,,1533.1,,,0,,,0,,,,
2022-07-20,1670.19,1676.42,1658.28,1669.8,1509911,1674.09,1520.58,1472.73,1676.42,1665.0,36.96,70.33,0,,1543.29,,,0,,,0,,,,
2022-07-21,1678.5,1719.37,1667.03,1715.68,2827327,1673.5,1526.75,1472.73,1719.37,1676.42,38.06,74.66,0,,1572.15,,,0,,,0,,,,
2022-07-22,1716.02,1729.67,1703.43,1718.21,1495629,1672.96,1533.31,1487.7,1729.67,1719.37,37.21,74.88,0,,1579.34,,,0,,,0,,,,
2022-07-25,1715.53,1735.46,1710.72,1732.49,1916615,1672.7,1542.05,1489.24,1735.46,1729.67,36.32,76.13,1,1732.49,1589.66,1589.66,1589.66,1,56,2022-07-25,0,,,,
2022-07-26,1730.84,1730.84,1693.08,1702.17,1585897,1672.53,1549.38,1489.24,1735.46,1735.46,36.54,68.36,0,,1569.95,,1589.66,1,56,2022-07-25,0,,,,
2022-07-27,1704.84,1768.51,1700.95,1746.3,5369460,1672.48,1557.68,1502.53,1768.51,1735.46,38.76,72.72,1,1746.3,1601.37,1601.37,1601.37,1,56,2022-07-25,0,,,,
2022-07-28,1754.41,1765.1,1736.87,1750.77,1831059,1672.18,1567.17,1552.77,1768.51,1768.51,38.01,73.13,0,,1621.5,,1621.5,1,56,2022-07-25,0,,,,
2022-07-29,1764.08,1781.14,1743.72,1757.38,1747781,1671.88,1578.09,1568.7,1781.14,1768.51,37.96,73.75,0,,1631.1,,1631.1,1,56,2022-07-25,0,,,,
2022-08-01,1757.33,1766.9,1740.12,1763.84,1341943,1671.74,1589.8,1568.7,1781.14,1781.14,37.16,74.37,0,,1635.8,,1635.8,1,56,2022-07-25,0,,,,
2022-08-02,1758.3,1760.88,1725.93,1742.8,1749346,1671.42,1599.9,1568.7,1781.14,1781.14,37.22,68.66,0,,1622.19,,1635.8,1,56,2022-07-25,0,,,,
2022-08-03,1742.8,1753.44,1723.31,1739.64,1264299,1670.87,1610.59,1568.7,1781.14,1781.14,36.71,67.82,0,,1620.49,,1635.8,1,56,2022-07-25,0,,,,
2022-08-04,1743.53,1763.94,1725.25,1730.21,1856927,1670.28,1620.46,1582.71,1781.14,1781.14,36.85,65.25,0,,1618.99,,1635.8,1,56,2022-07-25,0,,,,
2022-08-05,1732.98,1756.36,1725.54,1737.35,1430542,1669.8,1630.55,1621.87,1781.14,1781.14,36.42,66.29,0,,1636.93,,1636.93,1,56,2022-07-25,0,,,,
2022-08-08,1746.05,1780.7,1740.07,1778.37,2625195,1669.52,1640.7,1644.9,1781.14,1781.14,36.92,71.57,0,,1670.74,,1670.74,1,56,2022-07-25,0,,,,
2022-08-10,1778.71,1814.67,1771.18,1803.16,3422074,1669.24,1651.17,1658.28,1814.67,1781.14,37.39,74.19,1,1803.16,1690.87,1690.87,1690.87,1,56,2022-07-25,0,,,,
2022-08-11,1817.64,1826.14,1803.2,1814.82,1918049,1668.94,1662.15,1667.03,1826.14,1814.67,36.36,75.35,0,,1702.0,,1702.0,1,56,2022-07-25,0,,,,
2022-08-12,1812.73,1816.62,1786.49,1794.7,1041383,1668.44,1672.13,1693.08,1826.14,1826.14,35.91,69.57,0,,1698.0,,1702.0,1,56,2022-07-25,0,,,,
2022-08-16,1807.87,1811.76,1790.37,1797.08,1426893,1668.11,1681.74,1693.08,1826.14,1826.14,34.88,69.86,0,,1700.23,,1702.0,1,56,2022-07-25,0,,,,
2022-08-17,1809.28,1815.01,1798.2,1803.69,1748371,1667.95,1691.26,1693.08,1826.14,1826.14,33.66,70.71,0,,1705.3,,1705.3,1,56,2022-07-25,0,,,,
2022-08-18,1804.95,1845.34,1798.15,1841.45,2519639,1667.73,1702.58,1700.95,1845.34,1826.14,34.63,75.03,1,1841.45,1731.63,1731.63,1731.63,1,56,2022-07-25,0,,,,
2022-08-19,1841.01,1887.57,1839.7,1881.79,4134598,1667.73,1715.53,1723.31,1887.57,1845.34,35.58,78.65,0,,1764.47,,1764.47,1,56,2022-07-25,0,,,,
2022-08-22,1882.81,1889.52,1822.45,1827.94,3175874,1667.28,1724.92,1723.31,1889.52,1887.57,37.83,65.08,0,,1728.24,,1764.47,1,56,2022-07-25,0,,,,
2022-08-23,1817.59,1858.36,1813.41,1824.44,1811509,1666.53,1731.76,1723.31,1889.52,1889.52,38.33,64.3,0,,1725.64,,1764.47,1,56,2022-07-25,0,,,,
2022-08-24,1823.42,1844.81,1799.71,1840.29,1534933,1665.72,1739.9,1723.31,1889.52,1889.52,38.82,66.27,0,,1735.54,,1764.47,1,56,2022-07-25,0,,,,
2022-08-25,1846.75,1864.24,1820.51,1825.27,1121363,1664.65,1747.84,1723.31,1889.52,1889.52,39.17,62.74,0,,1725.62,,1764.47,1,56,2022-07-25,0,,,,
2022-08-26,1837.22,1858.41,1834.31,1852.0,1119310,1664.05,1756.88,1725.25,1889.52,1889.52,38.74,66.19,0,,1743.8,,1764.47,1,56,2022-07-25,0,,,,
2022-08-29,1817.59,1837.03,1808.84,1828.77,1183546,1663.32,1765.18,1725.54,1889.52,1889.52,39.05,60.92,0,,1728.7,,1764.47,1,56,2022-07-25,0,,,,
2022-08-30,1840.82,1873.96,1836.2,1868.62,1394462,1662.96,1773.57,1740.07,1889.52,1889.52,39.49,65.93,0,,1758.95,,1764.47,1,56,2022-07-25,0,,,,
2022-09-01,1851.61,1876.39,1839.07,1859.34,2014905,1662.84,1780.28,1771.18,1889.52,1889.52,39.34,63.87,0,,1763.44,,1764.47,1,56,2022-07-25,0,,,,
2022-09-02,1847.23,1903.9,1846.99,1886.11,3201140,1663.26,1787.82,1786.49,1903.9,1889.52,40.59,67.06,0,,1784.98,,1784.98,1,56,2022-07-25,0,,,,
2022-09-05,1893.36,1917.46,1887.67,1913.18,2474746,1663.69,1795.93,1786.49,1917.46,1903.9,39.93,69.95,1,1913.18,1802.88,1802.88,1802.88,1,56,2022-07-25,0,,,,
2022-09-06,1918.48,1929.46,1896.61,1907.3,1172733,1664.18,1802.32,1790.37,1929.46,1917.46,39.43,68.55,0,,1800.71,,1802.88,1,56,2022-07-25,0,,,,
2022-09-07,1886.7,1906.38,1879.8,1903.22,1238549,1664.73,1808.48,1798.15,1929.46,1929.46,38.57,67.53,0,,1801.24,,1802.88,1,56,2022-07-25,0,,,,
2022-09-08,1912.75,1921.59,1892.97,1919.06,1632797,1665.31,1814.7,1798.15,1929.46,1929.46,37.86,69.42,0,,1811.93,,1811.93,1,56,2022-07-25,0,,,,
2022-09-09,1921.93,1931.7,1889.52,1895.1,980869,1665.21,1821.13,1799.71,1931.7,1929.46,38.17,63.4,0,,1796.79,,1811.93,1,56,2022-07-25,0,,,,
2022-09-12,1895.1,1911.87,1893.31,1906.91,791708,1665.24,1826.49,1799.71,1931.7,1931.7,36.77,65.01,0,,1805.35,,1811.93,1,56,2022-07-25,0,,,,
2022-09-13,1913.72,1939.09,1908.08,1935.54,1761021,1665.77,1832.65,1799.71,1939.09,1931.7,36.44,68.62,1,1935.54,1824.03,1824.03,1824.03,1,56,2022-07-25,0,,,,
2022-09-14,1909.59,1917.65,1894.76,1899.14,2322752,1665.97,1837.37,1799.71,1939.09,1939.09,36.75,60.14,0,,1800.35,,1824.03,1,56,2022-07-25,0,,,,
2022-09-15,1904.19,1929.08,1900.01,1902.64,1566565,1666.59,1842.0,1808.84,1939.09,1939.09,36.27,60.64,0,,1805.97,,1824.03,1,56,2022-07-25,0,,,,
2022-09-16,1892.43,1902.05,1861.33,1866.19,3881617,1667.04,1846.11,1808.84,1939.09,1939.09,36.63,53.11,0,,1782.22,,1824.03,1,56,2022-07-25,0,,,,
2022-09-19,1867.26,1877.8,1851.61,1857.15,1755456,1667.33,1850.03,1808.84,1939.09,1939.09,35.88,51.41,0,,1776.89,,1824.03,1,56,2022-07-25,0,,,,
2022-09-20,1876.88,1900.99,1871.05,1878.53,1666658,1667.69,1854.97,1836.2,1939.09,1939.09,36.45,55.08,0,,1799.42,,1824.03,1,56,2022-07-25,0,,,,
2022-09-21,1867.26,1891.75,1838.58,1842.52,1618385,1668.0,1858.48,1838.58,1939.09,1939.09,37.64,48.44,0,,1776.19,,1824.03,1,56,2022-07-25,0,,,,
2022-09-22,1829.25,1852.19,1820.51,1835.28,1875115,1668.73,1860.37,1820.51,1939.09,1939.09,37.22,47.21,0,,1765.78,,1824.03,1,56,2022-07-25,1,1824.03,TRAILING_STOP,41,5.28
2022-09-23,1837.03,1842.33,1800.63,1804.81,1948766,1668.76,1860.43,1800.63,1939.09,1939.09,37.54,42.33,0,,1739.29,,,0,,,0,,,,
2022-09-26,1797.18,1824.2,1767.05,1799.56,1529101,1668.85,1859.92,1767.05,1939.09,1939.09,38.94,41.53,0,,1723.77,,,0,,,0,,,,
2022-09-27,1803.98,1811.76,1781.14,1789.6,1443698,1668.83,1859.75,1767.05,1939.09,1939.09,38.34,39.99,0,,1717.75,,,0,,,0,,,,
2022-09-28,1778.42,1803.98,1774.43,1784.01,1853503,1668.67,1859.31,1767.05,1939.09,1939.09,37.72,39.12,0,,1714.56,,,0,,,0,,,,
2022-09-29,1792.95,1805.34,1747.02,1764.62,2377718,1668.51,1858.01,1747.02,1939.09,1939.09,39.19,36.16,0,,1694.39,,,0,,,0,,,,
2022-09-30,1772.83,1830.18,1765.15,1795.91,2339518,1668.68,1856.49,1747.02,1939.09,1939.09,41.07,43.57,0,,1713.32,,,0,,,0,,,,
2022-10-03,1800.09,1800.09,1763.16,1768.31,1850414,1668.83,1852.71,1747.02,1939.09,1939.09,40.78,39.24,0,,1695.72,,,0,,,0,,,,
2022-10-04,1783.86,1828.23,1783.86,1819.1,1637532,1669.71,1852.42,1747.02,1939.09,1939.09,42.14,49.24,0,,1727.56,,,0,,,0,,,,
2022-10-06,1829.25,1865.22,1825.46,1859.34,2771898,1670.74,1853.58,1747.02,1939.09,1939.09,42.43,55.49,0,,1753.33,,,0,,,0,,,,
2022-10-07,1851.61,1874.89,1849.71,1870.61,1469264,1671.58,1854.59,1747.02,1939.09,1939.09,41.2,57.08,0,,1761.42,,,0,,,0,,,,
2022-10-10,1851.61,1863.27,1830.71,1856.13,1656954,1672.54,1855.62,1747.02,1939.09,1939.09,41.1,54.39,0,,1752.14,,,0,,,0,,,,
2022-10-11,1869.88,1869.88,1818.8,1826.29,1047963,1673.5,1854.76,1747.02,1939.09,1939.09,41.82,49.23,0,,1732.42,,,0,,,0,,,,
2022-10-12,1827.31,1862.3,1805.97,1857.68,1907748,1674.94,1855.73,1747.02,1929.08,1939.09,42.85,54.15,0,,1751.98,,,0,,,0,,,,
2022-10-13,1847.72,1858.41,1815.89,1823.57,1303645,1676.64,1854.22,1747.02,1929.08,1929.08,42.83,48.63,0,,1729.99,,,0,,,0,,,,
2022-10-14,1846.75,1882.47,1845.24,1858.02,1819114,1678.41,1854.18,1747.02,1902.05,1929.08,43.98,53.76,0,,1751.45,,,0,,,0,,,,
2022-10-17,1849.57,1860.36,1825.75,1830.42,2588147,1679.8,1852.32,1747.02,1900.99,1902.05,43.31,49.5,0,,1734.09,,,0,,,0,,,,
2022-10-18,1840.04,1877.07,1840.04,1864.34,1401849,1681.17,1850.7,1747.02,1900.99,1900.99,43.55,54.29,0,,1755.81,,,0,,,0,,,,
2022-10-19,1866.19,1892.43,1848.35,1851.51,1636141,1682.45,1848.84,1747.02,1892.43,1900.99,43.58,52.27,0,,1747.51,,,0,,,0,,,,
2022-10-20,1845.44,1864.05,1833.43,1850.78,1374019,1683.62,1847.09,1747.02,1892.43,1892.43,42.66,52.15,0,,1747.65,,,0,,,0,,,,
2022-10-21,1860.07,1871.05,1814.77,1824.15,2225676,1684.62,1843.93,1763.16,1892.43,1892.43,43.63,47.87,0,,1735.21,,,0,,,0,,,,
2022-10-24,1852.58,1866.09,1846.75,1856.23,269400,1685.76,1842.63,1763.16,1892.43,1892.43,43.51,52.89,0,,1755.98,,,0,,,0,,,,
2022-10-25,1861.33,1899.87,1838.54,1894.47,2136147,1686.95,1842.22,1783.86,1899.87,1892.43,44.78,58.07,0,,1786.7,,,0,,,0,,,,
2022-10-27,1897.39,1916.59,1895.25,1909.0,2245395,1688.44,1841.33,1805.97,1916.59,1899.87,43.16,59.88,0,,1804.52,,,0,,,0,,,,
2022-10-28,1916.73,1930.34,1908.76,1919.7,2013794,1689.89,1842.02,1805.97,1930.34,1916.59,41.62,61.2,0,,1812.45,,,0,,,0,,,,
2022-10-31,1930.34,1977.63,1922.76,1966.4,3176507,1691.69,1844.14,1805.97,1977.63,1930.34,42.79,66.41,0,,1841.79,,,0,,,0,,,,
2022-11-01,1975.05,1998.38,1934.28,1967.71,4464211,1693.48,1847.52,1805.97,1998.38,1977.63,44.31,66.55,0,,1841.62,,,0,,,0,,,,
2022-11-02,1979.42,1984.77,1943.95,1956.87,1889651,1695.32,1850.85,1805.97,1998.38,1998.38,44.06,64.24,0,,1834.8,,,0,,,0,,,,
2022-11-03,1949.78,1965.82,1937.14,1952.4,1052241,1697.19,1853.31,1814.77,1998.38,1998.38,42.96,63.26,0,,1835.58,,,0,,,0,,,,
2022-11-04,1953.67,1972.47,1948.56,1958.62,2312753,1699.08,1857.18,1814.77,1998.38,1998.38,41.6,64.08,0,,1840.5,,,0,,,0,,,,
2022-11-07,1964.75,1975.05,1937.14,1961.1,1395070,1700.8,1861.38,1814.77,1998.38,1998.38,41.34,64.42,0,,1842.27,,,0,,,0,,,,
2022-11-09,1968.29,1979.86,1940.3,1947.35,1301233,1702.48,1866.13,1814.77,1998.38,1998.38,41.21,60.97,0,,1833.49,,,0,,,0,,,,
2022-11-10,1939.09,1945.74,1914.98,1922.22,1261210,1703.84,1870.22,1814.77,1998.38,1998.38,40.58,55.15,0,,1817.7,,,0,,,0,,,,
2022-11-11,1947.45,1962.22,1936.12,1954.74,1203125,1705.18,1875.72,1814.77,1998.38,1998.38,40.54,60.41,0,,1838.71,,,0,,,0,,,,
2022-11-14,1956.63,1965.23,1939.33,1943.75,1175155,1706.4,1881.04,1814.77,1998.38,1998.38,39.49,57.94,0,,1832.31,,,0,,,0,,,,
2022-11-15,1946.86,1960.47,1922.66,1940.59,1450841,1707.48,1886.91,1838.54,1998.38,1998.38,39.37,57.22,0,,1838.28,,,0,,,0,,,,
2022-11-16,1930.34,1953.52,1929.42,1947.45,1195832,1708.78,1891.96,1838.54,1998.38,1998.38,38.28,58.43,0,,1843.43,,,0,,,0,,,,
2022-11-17,1945.89,2001.29,1945.02,1972.67,3786182,1710.22,1898.77,1895.25,2001.29,1998.38,39.57,62.64,0,,1877.74,,,0,,,0,,,,
2022-11-18,1981.85,1993.47,1950.6,1967.71,1248459,1711.94,1903.73,1908.76,2001.29,2001.29,39.8,61.32,0,,1878.89,,,0,,,0,,,,
2022-11-21,1962.41,1976.02,1950.75,1955.08,714687,1713.79,1906.92,1914.98,2001.29,2001.29,38.76,57.99,0,,1873.51,,,0,,,0,,,,
2022-11-22,1964.89,1976.17,1963.0,1972.91,1337869,1715.68,1910.33,1914.98,2001.29,2001.29,37.5,61.2,0,,1885.85,,,0,,,0,,,,
2022-11-23,1981.8,1986.71,1961.44,1968.25,1046988,1717.68,1914.07,1914.98,2001.29,2001.29,36.63,59.91,0,,1883.43,,,0,,,0,,,,
2022-11-24,1973.59,2002.26,1971.55,1994.68,1611889,1720.06,1919.68,1914.98,2002.26,2001.29,36.44,64.48,0,,1900.6,,,0,,,0,,,,
2022-11-25,2003.24,2037.06,2000.76,2004.94,2652761,1722.6,1924.59,1914.98,2037.06,2002.26,36.87,66.09,1,2004.94,1906.94,1906.94,1906.94,1,57,2022-11-25,0,,,,
2022-11-28,2006.49,2013.93,1994.49,2006.59,1105372,1725.01,1930.69,1914.98,2037.06,2037.06,35.62,66.36,0,,1908.83,,1908.83,1,57,2022-11-25,0,,,,
2022-11-29,2011.98,2013.93,1981.46,1993.08,1413764,1727.46,1935.19,1914.98,2037.06,2037.06,35.4,62.08,0,,1900.27,,1908.83,1,57,2022-11-25,0,,,,
2022-11-30,1995.46,2027.54,1987.69,2016.7,2104550,1730.3,1941.4,1914.98,2037.06,2037.06,35.71,66.18,0,,1915.29,,1915.29,1,57,2022-11-25,0,,,,
2022-12-01,2026.81,2050.86,2021.17,2045.27,2614357,1733.06,1947.43,1922.66,2050.86,2037.06,35.6,70.36,1,2045.27,1936.35,1936.35,1936.35,1,57,2022-11-25,0,,,,
2022-12-02,2037.35,2040.07,2011.16,2027.05,1957264,1735.84,1953.28,1922.66,2050.86,2050.86,35.5,64.86,0,,1924.67,,1936.35,1,57,2022-11-25,0,,,,
2022-12-05,2037.21,2038.03,2010.87,2027.15,1767537,1738.36,1959.16,1922.66,2050.86,2050.86,34.9,64.87,0,,1925.13,,1936.35,1,57,2022-11-25,0,,,,
2022-12-06,2022.68,2041.14,2009.07,2034.83,1530731,1741.08,1966.18,1929.42,2050.86,2050.86,34.7,66.17,0,,1932.47,,1936.35,1,57,2022-11-25,0,,,,
2022-12-07,2037.55,2083.91,2037.55,2064.47,3438327,1744.1,1973.12,1945.02,2083.91,2050.86,35.73,70.66,1,2064.47,1956.11,1956.11,1956.11,1,57,2022-11-25,0,,,,
2022-12-08,2060.58,2114.04,2060.58,2106.95,3743754,1747.69,1980.21,1950.6,2114.04,2083.91,36.99,75.64,0,,1984.52,,1984.52,1,57,2022-11-25,0,,,,
2022-12-09,2107.24,2132.85,2077.59,2093.68,2573609,1751.17,1986.36,1950.75,2132.85,2114.04,38.3,71.55,0,,1975.14,,1984.52,1,57,2022-11-25,0,,,,
2022-12-12,2088.67,2108.21,2074.73,2103.06,1536090,1754.81,1992.48,1961.44,2132.85,2132.85,37.95,72.68,0,,1984.98,,1984.98,1,57,2022-11-25,0,,,,
2022-12-13,2109.18,2114.72,2092.17,2112.0,1233124,1758.55,1997.33,1961.44,2132.85,2132.85,36.85,73.74,0,,1991.48,,1991.48,1,57,2022-11-25,0,,,,
2022-12-14,2115.94,2148.06,2114.09,2133.92,1516631,1762.49,2002.87,1971.55,2148.06,2132.85,36.8,76.2,1,2133.92,2009.03,2009.03,2009.03,1,57,2022-11-25,0,,,,
2022-12-15,2135.13,2147.09,2112.68,2116.52,1323412,1766.55,2008.19,1981.46,2148.06,2148.06,36.63,70.56,0,,2001.22,,2009.03,1,57,2022-11-25,0,,,,
2022-12-16,2100.43,2149.62,2100.43,2114.04,2822390,1770.88,2013.58,1981.46,2149.62,2148.06,37.52,69.77,0,,1999.03,,2009.03,1,57,2022-11-25,0,,,,
2022-12-19,2110.15,2126.14,2094.65,2122.79,1592779,1775.22,2019.05,1981.46,2149.62,2149.62,37.09,71.01,0,,2004.96,,2009.03,1,57,2022-11-25,0,,,,
2022-12-20,2118.8,2118.8,2078.08,2102.62,1747181,1779.36,2023.77,1987.69,2149.62,2149.62,37.64,64.46,0,,1993.66,,2009.03,1,57,2022-11-25,0,,,,
2022-12-21,2092.76,2113.99,2082.79,2086.15,1979681,1783.01,2028.4,2009.07,2149.62,2149.62,37.18,59.63,0,,1990.47,,2009.03,1,57,2022-11-25,0,,,,
2022-12-22,2083.91,2088.14,2038.13,2050.81,1993744,1786.62,2032.68,2009.07,2149.62,2149.62,38.09,50.83,0,,1967.07,,2009.03,1,57,2022-11-25,0,,,,
2022-12-23,2035.8,2045.18,1992.64,2004.94,2026125,1790.08,2034.36,1992.64,2149.62,2149.62,39.53,42.13,0,,1931.05,,2009.03,1,57,2022-11-25,1,2009.03,TRAILING_STOP,21,0.2
2022-12-26,1995.22,2048.92,1993.52,2032.44,1154610,1793.33,2037.31,1992.64,2149.62,2149.62,40.66,47.89,0,,1948.03,,,0,,,0,,,,
2022-12-27,2042.65,2068.36,2026.56,2064.57,1059351,1796.58,2041.44,1992.64,2149.62,2149.62,40.74,53.68,0,,1968.7,,,0,,,0,,,,
2022-12-28,2069.33,2076.13,2054.41,2061.65,1153883,1799.92,2045.25,1992.64,2149.62,2149.62,39.38,53.11,0,,1967.72,,,0,,,0,,,,
2022-12-29,2050.52,2061.12,2035.46,2051.74,1517150,1803.52,2047.89,1992.64,2149.62,2149.62,38.44,51.1,0,,1961.96,,,0,,,0,,,,
2022-12-30,2055.72,2073.22,2022.77,2027.34,1189427,1807.02,2049.87,1992.64,2149.62,2149.62,39.3,46.43,0,,1945.65,,,0,,,0,,,,
2023-01-02,2034.24,2038.81,2016.89,2030.89,807344,1810.32,2052.4,1992.64,2149.62,2149.62,38.06,47.19,0,,1948.77,,,0,,,0,,,,
2023-01-03,2029.48,2038.03,2009.99,2030.4,1260225,1813.23,2054.32,1992.64,2149.62,2149.62,37.34,47.09,0,,1948.93,,,0,,,0,,,,
2023-01-04,2032.35,2042.55,2000.32,2012.52,1015547,1816.07,2055.79,1992.64,2149.62,2149.62,37.69,43.51,0,,1937.16,,,0,,,0,,,,
2023-01-05,2021.7,2040.37,2010.53,2028.85,1881403,1819.05,2056.93,1992.64,2149.62,2149.62,37.13,47.44,0,,1948.07,,,0,,,0,,,,
2023-01-06,2031.62,2062.24,2013.78,2028.07,1877917,1822.09,2057.7,1992.64,2149.62,2149.62,37.94,47.27,0,,1947.03,,,0,,,0,,,,
2023-01-09,2048.92,2067.68,2041.87,2062.24,1844365,1825.27,2059.56,1992.64,2149.62,2149.62,38.06,54.86,0,,1968.99,,,0,,,0,,,,
2023-01-10,2072.15,2072.15,2038.42,2047.61,1425414,1828.43,2061.38,1992.64,2149.62,2149.62,37.75,51.44,0,,1959.76,,,0,,,0,,,,
2023-01-11,2047.07,2080.02,2038.32,2065.78,1455621,1832.03,2063.01,1992.64,2149.62,2149.62,38.03,55.17,0,,1971.29,,,0,,,0,,,,
2023-01-12,2058.74,2103.98,2058.74,2099.22,2726901,1835.89,2064.81,1992.64,2149.62,2149.62,38.55,61.1,0,,1992.51,,,0,,,0,,,,
2023-01-13,2101.31,2104.18,2057.86,2093.05,2180210,1839.64,2067.01,1993.52,2126.14,2149.62,39.1,59.53,0,,1988.46,,,0,,,0,,,,
2023-01-16,2086.83,2100.43,2072.54,2077.3,1009649,1843.35,2068.68,2000.32,2118.8,2126.14,38.3,55.62,0,,1981.1,,,0,,,0,,,,
2023-01-17,2079.93,2155.64,2076.52,2151.07,4645453,1847.88,2072.56,2000.32,2155.64,2118.8,41.22,66.67,1,2151.07,2026.74,2026.74,2026.74,1,58,2023-01-17,0,,,,
2023-01-18,2158.75,2211.04,2138.34,2202.98,4090049,1852.69,2077.17,2000.32,2211.04,2155.64,43.47,71.96,0,,2058.72,,2058.72,1,58,2023-01-17,0,,,,
2023-01-19,2196.51,2219.79,2178.19,2209.39,2176835,1857.43,2080.59,2000.32,2219.79,2211.04,43.33,72.54,0,,2062.94,,2062.94,1,58,2023-01-17,0,,,,
2023-01-20,2218.48,2233.25,2175.71,2186.89,1962410,1862.24,2083.7,2000.32,2233.25,2219.79,44.35,67.28,0,,2047.75,,2062.94,1,58,2023-01-17,0,,,,
2023-01-23,2191.8,2209.59,2164.58,2170.9,1466706,1867.18,2085.96,2000.32,2233.25,2233.25,44.39,63.75,0,,2037.41,,2062.94,1,58,2023-01-17,0,,,,
2023-01-24,2181.79,2189.18,2138.34,2145.63,1036962,1872.07,2087.08,2000.32,2233.25,2233.25,44.85,58.51,0,,2020.8,,2062.94,1,58,2023-01-17,0,,,,
2023-01-25,2139.31,2143.2,2094.6,2113.75,2134447,1876.56,2086.41,2010.53,2233.25,2233.25,45.3,52.64,0,,2003.35,,2062.94,1,58,2023-01-17,0,,,,
2023-01-27,2113.75,2133.48,2067.48,2099.32,1647900,1881.1,2085.83,2013.78,2233.25,2233.25,46.77,50.19,0,,1994.14,,2062.94,1,58,2023-01-17,0,,,,
2023-01-30,2069.72,2112.34,2025.4,2053.68,3441304,1885.23,2083.82,2025.4,2233.25,2233.25,49.64,43.31,0,,1966.66,,2062.94,1,58,2023-01-17,1,2062.94,TRAILING_STOP,9,-4.1
2023-01-31,2060.53,2072.98,2014.56,2064.86,4516463,1889.43,2081.89,2014.56,2233.25,2233.25,50.27,45.29,0,,1969.84,,,0,,,0,,,,
2023-02-01,2073.22,2153.84,2022.0,2085.42,6868872,1893.51,2081.32,2014.56,2233.25,2233.25,56.1,48.82,0,,1979.22,,,0,,,0,,,,
2023-02-02,2075.75,2106.22,2048.77,2084.79,3488506,1897.48,2081.27,2014.56,2233.25,2233.25,56.19,48.72,0,,1978.75,,,0,,,0,,,,
2023-02-03,2115.94,2120.7,2071.32,2105.83,2045634,1901.61,2083.1,2014.56,2233.25,2233.25,55.71,52.37,0,,1992.64,,,0,,,0,,,,
2023-02-06,2103.59,2120.46,2082.26,2095.67,1332484,1905.62,2086.13,2014.56,2233.25,2233.25,54.46,50.5,0,,1986.92,,,0,,,0,,,,
2023-02-07,2101.65,2111.13,2089.79,2104.61,1089248,1909.59,2088.53,2014.56,2233.25,2233.25,52.09,52.12,0,,1994.27,,,0,,,0,,,,
2023-02-08,2100.0,2114.28,2065.98,2071.13,1452145,1913.28,2088.75,2014.56,2233.25,2233.25,51.82,46.05,0,,1972.85,,,0,,,0,,,,
2023-02-09,2089.74,2091.64,2075.84,2087.22,1563181,1917.18,2089.6,2014.56,2233.25,2233.25,49.58,49.11,0,,1984.72,,,0,,,0,,,,
2023-02-10,2080.22,2109.13,2077.64,2103.2,1454665,1921.24,2091.32,2014.56,2233.25,2233.25,48.29,52.03,0,,1995.89,,,0,,,0,,,,
2023-02-13,2112.1,2148.45,2099.66,2141.55,2978938,1925.21,2095.13,2014.56,2233.25,2233.25,48.33,58.22,0,,2020.6,,,0,,,0,,,,
2023-02-14,2152.92,2153.89,2120.99,2130.22,1874906,1928.62,2098.44,2014.56,2233.25,2233.25,47.23,55.92,0,,2014.03,,,0,,,0,,,,
2023-02-15,2124.73,2126.53,2096.79,2114.09,1946344,1932.07,2101.23,2014.56,2233.25,2233.25,46.24,52.74,0,,2004.28,,,0,,,0,,,,
2023-02-16,2125.51,2140.58,2110.83,2117.25,2464602,1935.61,2104.72,2014.56,2233.25,2233.25,45.06,53.3,0,,2007.1,,,0,,,0,,,,
2023-02-17,2108.99,2185.97,2099.46,2163.95,3753179,1939.5,2109.22,2014.56,2233.25,2233.25,48.02,60.73,0,,2035.25,,,0,,,0,,,,
2023-02-20,2171.1,2188.88,2152.92,2163.13,1779752,1943.38,2113.72,2014.56,2209.59,2233.25,47.16,60.55,0,,2035.3,,,0,,,0,,,,
2023-02-21,2176.25,2198.6,2160.4,2166.97,1882604,1947.05,2117.22,2022.0,2198.6,2209.59,46.52,61.13,0,,2040.68,,,0,,,0,,,,
2023-02-22,2166.53,2178.19,2120.89,2133.24,2103097,1950.22,2120.07,2048.77,2198.6,2198.6,47.29,53.58,0,,2027.34,,,0,,,0,,,,
2023-02-23,2142.23,2146.31,2093.14,2098.64,2000556,1953.14,2121.16,2065.98,2198.6,2198.6,47.71,47.15,0,,2010.48,,,0,,,0,,,,
2023-02-24,2099.46,2111.42,2059.37,2074.24,1479060,1955.84,2120.33,2059.37,2198.6,2198.6,48.02,43.21,0,,1992.33,,,0,,,0,,,,
2023-02-27,2074.24,2079.93,2023.75,2054.46,1398112,1958.1,2119.05,2023.75,2198.6,2198.6,48.6,40.27,0,,1967.31,,,0,,,0,,,,
2023-02-28,2055.72,2078.37,2026.56,2050.04,2108587,1960.31,2118.14,2023.75,2198.6,2198.6,48.83,39.62,0,,1964.3,,,0,,,0,,,,
2023-03-01,2041.14,2070.3,2041.14,2056.01,1389077,1962.47,2114.97,2023.75,2198.6,2198.6,47.43,41.0,0,,1969.09,,,0,,,0,,,,
2023-03-02,2070.25,2088.77,2048.48,2062.14,1727640,1964.87,2110.27,2023.75,2198.6,2198.6,46.92,42.46,0,,1973.39,,,0,,,0,,,,
2023-03-03,2080.02,2099.36,2072.49,2091.73,1821066,1967.17,2106.35,2023.75,2198.6,2198.6,46.22,49.0,0,,1992.93,,,0,,,0,,,,
2023-03-06,2097.76,2123.62,2079.83,2081.14,1821012,1969.37,2102.83,2023.75,2198.6,2198.6,46.05,46.94,0,,1986.22,,,0,,,0,,,,
2023-03-08,2091.69,2128.23,2080.61,2109.96,2965342,1971.72,2100.8,2023.75,2198.6,2198.6,46.16,52.76,0,,2004.73,,,0,,,0,,,,
2023-03-09,2113.99,2137.37,2110.64,2131.73,1873933,1974.18,2100.33,2023.75,2198.6,2198.6,44.82,56.62,0,,2019.67,,,0,,,0,,,,
2023-03-10,2110.64,2120.85,2073.22,2097.37,1900535,1976.54,2099.79,2023.75,2198.6,2198.6,45.8,49.71,0,,1996.85,,,0,,,0,,,,
2023-03-13,2103.4,2117.88,2047.95,2074.04,2334468,1978.77,2098.94,2023.75,2198.6,2198.6,47.52,45.63,0,,1980.66,,,0,,,0,,,,
2023-03-14,2084.25,2110.15,2074.58,2084.1,2871343,1981.13,2099.96,2023.75,2198.6,2198.6,46.71,47.63,0,,1987.69,,,0,,,0,,,,
2023-03-15,2103.54,2150.44,2099.46,2115.65,3044201,1983.65,2101.65,2023.75,2198.6,2198.6,48.11,53.4,0,,2007.1,,,0,,,0,,,,
2023-03-16,2123.66,2125.71,2072.25,2112.68,2946792,1985.88,2102.56,2023.75,2198.6,2198.6,48.49,52.81,0,,2004.93,,,0,,,0,,,,
2023-03-17,2125.41,2166.43,2125.41,2134.21,3286473,1988.09,2104.21,2023.75,2198.6,2198.6,48.87,56.56,0,,2018.57,,,0,,,0,,,,
2023-03-20,2129.69,2143.2,2091.69,2116.52,1996773,1990.1,2104.56,2023.75,2198.6,2198.6,49.06,52.84,0,,2007.03,,,0,,,0,,,,
2023-03-21,2121.53,2164.58,2120.85,2146.55,3178680,1992.44,2106.26,2026.56,2198.6,2198.6,48.99,57.9,0,,2027.39,,,0,,,0,,,,
2023-03-22,2157.29,2183.29,2146.02,2151.9,1956033,1994.81,2107.84,2041.14,2183.29,2198.6,48.15,58.74,0,,2036.26,,,0,,,0,,,,
2023-03-23,2151.95,2179.16,2138.88,2144.8,2455799,1997.08,2110.29,2047.95,2183.29,2183.29,47.59,57.1,0,,2034.32,,,0,,,0,,,,
2023-03-24,2144.17,2157.15,2092.71,2105.44,1449544,1998.84,2110.9,2047.95,2183.29,2183.29,48.79,48.93,0,,2008.13,,,0,,,0,,,,
2023-03-27,2114.09,2128.62,2089.74,2093.63,1540581,2000.25,2110.58,2047.95,2183.29,2183.29,48.08,46.76,0,,2000.99,,,0,,,0,,,,
2023-03-28,2106.99,2108.99,2062.96,2073.8,1627243,2001.89,2108.32,2047.95,2183.29,2183.29,47.94,43.3,0,,1988.29,,,0,,,0,,,,
2023-03-29,2077.74,2098.78,2061.56,2087.26,2372385,2003.65,2106.89,2047.95,2183.29,2183.29,47.17,46.21,0,,1997.49,,,0,,,0,,,,
2023-03-31,2096.06,2115.94,2090.28,2103.54,1489542,2005.4,2106.54,2047.95,2183.29,2183.29,45.85,49.58,0,,2008.87,,,0,,,0,,,,
2023-04-03,2118.9,2122.3,2094.6,2109.33,1231654,2007.29,2106.27,2047.95,2183.29,2183.29,44.55,50.77,0,,2013.47,,,0,,,0,,,,
2023-04-05,2109.18,2199.09,2104.32,2194.47,2763363,2009.58,2107.29,2061.56,2199.09,2183.29,48.14,64.09,1,2194.47,2070.53,2070.53,2070.53,1,59,2023-04-05,0,,,,
2023-04-06,2194.47,2227.42,2191.26,2210.51,2389899,2012.12,2108.87,2061.56,2227.42,2199.09,47.28,65.96,0,,2081.44,,2081.44,1,59,2023-04-05,0,,,,
2023-04-10,2220.86,2254.88,2214.2,2244.97,1955914,2014.63,2111.47,2061.56,2254.88,2227.42,47.08,69.62,0,,2103.81,,2103.81,1,59,2023-04-05,0,,,,
2023-04-11,2254.98,2264.7,2223.19,2237.0,1342440,2017.15,2114.93,2061.56,2264.7,2254.88,46.68,67.81,0,,2098.93,,2103.81,1,59,2023-04-05,0,,,,
2023-04-12,2239.43,2247.88,2217.99,2224.36,1165839,2019.4,2119.12,2061.56,2264.7,2264.7,45.48,64.92,0,,2091.58,,2103.81,1,59,2023-04-05,0,,,,
2023-04-13,2230.48,2230.68,2179.6,2195.44,1956668,2021.29,2123.16,2061.56,2264.7,2264.7,45.88,58.74,0,,2072.66,,2103.81,1,59,2023-04-05,0,,,,
2023-04-17,2195.44,2210.07,2139.46,2151.95,4125850,2022.92,2126.41,2061.56,2264.7,2264.7,47.65,50.9,0,,2043.43,,2103.81,1,59,2023-04-05,0,,,,
2023-04-18,2157.78,2167.5,2126.68,2154.48,2848601,2024.59,2129.89,2061.56,2264.7,2264.7,47.16,51.31,0,,2045.39,,2103.81,1,59,2023-04-05,0,,,,
2023-04-19,2146.21,2172.36,2146.21,2157.39,1970015,2026.18,2133.27,2061.56,2264.7,2264.7,45.66,51.81,0,,2048.26,,2103.81,1,59,2023-04-05,0,,,,
2023-04-20,2162.64,2188.35,2159.97,2170.17,1898996,2028.01,2136.87,2061.56,2264.7,2264.7,44.61,54.02,0,,2057.21,,2103.81,1,59,2023-04-05,0,,,,
2023-04-21,2177.37,2180.14,2140.28,2153.11,1009316,2029.66,2138.92,2061.56,2264.7,2264.7,44.27,50.68,0,,2046.43,,2103.81,1,59,2023-04-05,0,,,,
2023-04-24,2157.78,2170.12,2125.27,2166.43,1239073,2031.2,2141.76,2061.56,2264.7,2264.7,44.31,53.11,0,,2054.99,,2103.81,1,59,2023-04-05,0,,,,
2023-04-25,2168.52,2190.83,2155.93,2184.95,1350118,2033.1,2144.26,2090.28,2264.7,2264.7,43.64,56.35,0,,2076.96,,2103.81,1,59,2023-04-05,0,,,,
2023-04-26,2184.85,2223.19,2181.16,2212.36,1894812,2035.17,2146.95,2094.6,2264.7,2264.7,43.52,60.67,0,,2096.16,,2103.81,1,59,2023-04-05,0,,,,
2023-04-27,2211.97,2245.26,2203.56,2240.98,1252989,2037.66,2151.73,2104.32,2264.7,2264.7,43.39,64.61,0,,2117.94,,2117.94,1,59,2023-04-05,0,,,,
2023-04-28,2247.49,2302.6,2247.49,2298.13,2884961,2040.6,2159.2,2125.27,2302.6,2264.7,44.7,70.88,1,2298.13,2160.92,2160.92,2160.92,1,59,2023-04-05,0,,,,
2023-05-02,2306.69,2348.63,2306.69,2317.62,1840153,2043.53,2166.99,2125.27,2348.63,2302.6,45.11,72.66,0,,2173.22,,2173.22,1,59,2023-04-05,0,,,,
2023-05-03,2317.28,2323.02,2282.68,2290.26,998235,2046.52,2172.81,2125.27,2348.63,2348.63,44.77,66.51,0,,2155.79,,2173.22,1,59,2023-04-05,0,,,,
2023-05-04,2295.61,2314.9,2277.19,2290.84,1230912,2049.55,2178.75,2125.27,2348.63,2348.63,44.26,66.58,0,,2156.51,,2173.22,1,59,2023-04-05,0,,,,
2023-05-05,2290.94,2339.49,2290.94,2310.87,2425866,2052.93,2184.64,2125.27,2348.63,2348.63,44.58,68.81,0,,2169.22,,2173.22,1,59,2023-04-05,0,,,,
2023-05-08,2310.82,2318.16,2288.07,2299.11,1583576,2056.26,2190.72,2125.27,2348.63,2348.63,43.54,66.02,0,,2162.32,,2173.22,1,59,2023-04-05,0,,,,
2023-05-09,2301.29,2334.58,2301.29,2307.8,1417301,2059.71,2196.1,2125.27,2348.63,2348.63,42.97,67.08,0,,2168.31,,2173.22,1,59,2023-04-05,0,,,,
2023-05-10,2320.1,2322.0,2284.14,2298.18,1675409,2063.14,2200.97,2125.27,2348.63,2348.63,42.6,64.67,0,,2162.35,,2173.22,1,59,2023-04-05,0,,,,
2023-05-11,2235.54,2249.19,2174.64,2179.31,9470848,2065.9,2202.12,2125.27,2348.63,2348.63,48.38,43.75,0,,2081.82,,2173.22,1,59,2023-04-05,0,,,,
2023-05-12,2160.36,2172.36,2135.77,2158.85,5367292,2068.32,2203.9,2125.27,2348.63,2348.63,48.04,41.27,0,,2068.86,,2173.22,1,59,2023-04-05,1,2173.22,TRAILING_STOP,25,-0.97
2023-05-15,2158.65,2196.66,2152.92,2183.88,2662740,2071.09,2206.91,2125.27,2348.63,2348.63,47.73,45.35,0,,2085.21,,,0,,,0,,,,
2023-05-16,2191.41,2191.8,2160.79,2164.78,2528855,2073.4,2209.94,2135.77,2348.63,2348.63,46.54,42.9,0,,2077.18,,,0,,,0,,,,
2023-05-17,2162.01,2181.11,2148.25,2157.39,1961004,2075.39,2212.28,2135.77,2348.63,2348.63,45.56,41.96,0,,2073.07,,,0,,,0,,,,
2023-05-18,2167.5,2170.95,2119.87,2126.87,2290757,2077.09,2213.06,2119.87,2348.63,2348.63,45.95,38.22,0,,2047.82,,,0,,,0,,,,
2023-05-19,2130.57,2137.42,2107.72,2128.67,1729803,2078.91,2213.7,2107.72,2348.63,2348.63,44.79,38.57,0,,2045.7,,,0,,,0,,,,
2023-05-22,2128.62,2159.72,2117.35,2154.48,1112099,2081.1,2212.37,2107.72,2348.63,2348.63,44.62,43.48,0,,2062.47,,,0,,,0,,,,
2023-05-23,2163.22,2166.14,2132.51,2136.06,2265389,2082.95,2209.89,2107.72,2348.63,2348.63,43.83,40.96,0,,2051.11,,,0,,,0,,,,
2023-05-24,2138.34,2146.6,2115.01,2123.91,2648479,2084.96,2205.85,2107.72,2348.63,2348.63,42.96,39.35,0,,2043.86,,,0,,,0,,,,
2023-05-25,2128.62,2145.44,2116.96,2142.91,1689521,2086.86,2202.72,2107.72,2348.63,2348.63,41.93,43.13,0,,2056.8,,,0,,,0,,,,
2023-05-26,2147.09,2158.51,2139.31,2156.27,1249128,2089.03,2200.45,2107.72,2348.63,2348.63,40.3,45.69,0,,2066.5,,,0,,,0,,,,
2023-05-29,2162.64,2178.97,2157.97,2162.2,1369656,2091.01,2199.34,2107.72,2348.63,2348.63,39.05,46.84,0,,2071.16,,,0,,,0,,,,
2023-05-30,2167.5,2174.3,2145.34,2148.84,1716729,2093.0,2199.24,2107.72,2339.49,2348.63,38.32,44.56,0,,2063.03,,,0,,,0,,,,
2023-05-31,2139.41,2161.67,2138.34,2143.83,2809284,2094.95,2198.88,2107.72,2339.49,2339.49,37.25,43.7,0,,2060.51,,,0,,,0,,,,
2023-06-01,2154.86,2159.72,2140.43,2145.92,1049488,2097.1,2198.5,2107.72,2339.49,2339.49,35.97,44.18,0,,2062.71,,,0,,,0,,,,
2023-06-02,2158.75,2174.6,2150.15,2171.92,1399950,2099.2,2198.56,2107.72,2334.58,2339.49,35.45,49.94,0,,2079.83,,,0,,,0,,,,
2023-06-05,2182.08,2209.1,2177.22,2204.73,2344944,2101.27,2200.28,2107.72,2334.58,2334.58,35.57,56.1,0,,2100.91,,,0,,,0,,,,
2023-06-06,2205.41,2216.78,2200.26,2214.11,1677680,2103.3,2201.87,2107.72,2322.0,2334.58,34.21,57.7,0,,2107.87,,,0,,,0,,,,
2023-06-07,2214.16,2253.03,2214.16,2250.6,2128603,2105.51,2204.06,2107.72,2253.03,2322.0,34.55,63.31,0,,2131.18,,,0,,,0,,,,
2023-06-08,2252.01,2279.33,2247.93,2274.71,2556995,2107.56,2206.13,2107.72,2279.33,2253.03,34.32,66.47,1,2274.71,2146.88,2146.88,2146.88,1,60,2023-06-08,0,,,,
2023-06-09,2279.28,2302.46,2272.72,2296.77,2501720,2109.76,2207.99,2115.01,2302.46,2279.33,34.0,69.1,0,,2163.76,,2163.76,1,60,2023-06-08,0,,,,
2023-06-12,2298.72,2303.58,2267.71,2274.37,1172382,2111.87,2207.2,2115.01,2303.58,2302.46,34.13,63.65,0,,2149.22,,2163.76,1,60,2023-06-08,0,,,,
2023-06-13,2280.1,2291.82,2261.88,2288.41,1688768,2114.11,2206.23,2115.01,2303.58,2303.58,33.83,65.48,0,,2158.47,,2163.76,1,60,2023-06-08,0,,,,
2023-06-14,2286.96,2293.86,2274.42,2289.05,1013564,2116.32,2206.19,2116.96,2303.58,2303.58,32.8,65.57,0,,2160.22,,2163.76,1,60,2023-06-08,0,,,,
2023-06-15,2289.0,2303.09,2283.17,2295.12,2561534,2118.54,2206.33,2138.34,2303.58,2303.58,31.88,66.42,0,,2171.88,,2171.88,1,60,2023-06-08,0,,,,
2023-06-16,2297.5,2313.3,2286.32,2300.47,1794542,2120.9,2205.98,2138.34,2313.3,2303.58,31.53,67.19,0,,2175.56,,2175.56,1,60,2023-06-08,0,,,,
2023-06-19,2312.32,2352.08,2294.83,2300.03,3111256,2123.42,2206.01,2138.34,2352.08,2313.3,33.37,67.05,0,,2174.05,,2175.56,1,60,2023-06-08,0,,,,
2023-06-20,2298.67,2322.68,2288.46,2315.24,1771306,2125.82,2206.26,2138.34,2352.08,2352.08,33.43,69.36,0,,2183.82,,2183.82,1,60,2023-06-08,0,,,,
2023-06-21,2315.24,2344.4,2315.24,2327.34,1607299,2128.38,2207.23,2140.43,2352.08,2352.08,33.13,71.09,0,,2192.53,,2192.53,1,60,2023-06-08,0,,,,
2023-06-22,2327.49,2356.06,2313.3,2348.53,1741775,2131.1,2212.88,2150.15,2356.06,2352.08,33.81,73.88,0,,2208.98,,2208.98,1,60,2023-06-08,0,,,,
2023-06-23,2351.15,2358.98,2316.46,2322.58,1212955,2133.6,2218.33,2177.22,2358.98,2356.06,34.44,65.54,0,,2200.85,,2208.98,1,60,2023-06-08,0,,,,
2023-06-26,2330.89,2336.48,2301.58,2310.92,793572,2135.85,2222.57,2200.26,2358.98,2358.98,34.47,62.15,0,,2200.98,,2208.98,1,60,2023-06-08,0,,,,
2023-06-27,2320.54,2329.77,2305.08,2321.12,1012317,2138.21,2227.78,2214.16,2358.98,2358.98,33.77,63.91,0,,2212.66,,2212.66,1,60,2023-06-08,0,,,,
2023-06-28,2332.74,2364.71,2323.06,2353.58,1734938,2140.87,2234.32,2247.93,2364.71,2358.98,34.47,68.87,0,,2244.39,,2244.39,1,60,2023-06-08,0,,,,
2023-06-30,2352.18,2413.9,2347.36,2406.17,2690699,2143.75,2243.63,2261.88,2413.9,2364.71,36.76,74.89,1,2406.17,2281.43,2281.43,2281.43,1,60,2023-06-08,0,,,,
2023-07-03,2408.74,2422.55,2379.39,2385.27,1078456,2146.53,2252.18,2261.88,2422.55,2413.9,37.22,69.17,0,,2267.65,,2281.43,1,60,2023-06-08,0,,,,
2023-07-04,2389.3,2414.77,2389.3,2392.85,1441581,2149.19,2260.13,2261.88,2422.55,2422.55,36.67,70.06,0,,2272.9,,2281.43,1,60,2023-06-08,0,,,,
2023-07-05,2392.03,2415.3,2385.56,2401.55,1191896,2151.83,2268.98,2274.42,2422.55,2422.55,36.17,71.1,0,,2283.02,,2283.02,1,60,2023-06-08,0,,,,
2023-07-06,2398.93,2429.88,2398.39,2418.85,1796824,2154.58,2278.81,2283.17,2429.88,2422.55,35.84,73.09,0,,2297.32,,2297.32,1,60,2023-06-08,0,,,,
2023-07-07,2413.17,2433.82,2376.09,2380.7,1837661,2157.17,2286.74,2286.32,2433.82,2429.88,37.4,62.8,0,,2272.72,,2297.32,1,60,2023-06-08,0,,,,
2023-07-10,2381.33,2394.31,2352.18,2370.4,1178479,2159.52,2293.87,2288.46,2433.82,2433.82,37.74,60.33,0,,2266.57,,2297.32,1,60,2023-06-08,0,,,,
2023-07-11,2378.61,2409.52,2378.61,2405.2,1219658,2161.92,2301.97,2288.46,2433.82,2433.82,37.84,65.3,0,,2288.95,,2297.32,1,60,2023-06-08,0,,,,
2023-07-12,2410.79,2416.28,2379.2,2386.15,1822435,2164.32,2309.88,2301.58,2433.82,2433.82,37.78,60.81,0,,2281.07,,2297.32,1,60,2023-06-08,0,,,,
2023-07-13,2396.89,2415.26,2377.69,2381.48,1141663,2166.68,2317.8,2301.58,2433.82,2433.82,37.77,59.73,0,,2278.07,,2297.32,1,60,2023-06-08,0,,,,
2023-07-14,2381.58,2407.63,2380.02,2402.96,845623,2169.13,2326.37,2301.58,2433.82,2433.82,37.04,62.99,0,,2292.41,,2297.32,1,60,2023-06-08,0,,,,
2023-07-17,2405.63,2424.1,2395.91,2399.61,878697,2171.37,2333.96,2301.58,2433.82,2433.82,36.41,62.15,0,,2290.67,,2297.32,1,60,2023-06-08,0,,,,
2023-07-18,2399.8,2420.16,2398.93,2405.34,720865,2173.36,2340.65,2305.08,2433.82,2433.82,35.33,63.06,0,,2296.25,,2297.32,1,60,2023-06-08,0,,,,
2023-07-19,2405.24,2432.8,2397.27,2424.25,1431080,2175.56,2347.65,2323.06,2433.82,2433.82,35.34,65.98,0,,2314.43,,2314.43,1,60,2023-06-08,0,,,,
2023-07-20,2424.1,2425.75,2399.85,2419.92,1045704,2177.67,2353.3,2347.36,2433.82,2433.82,34.67,64.72,0,,2320.19,,2320.19,1,60,2023-06-08,0,,,,
2023-07-21,2451.32,2522.27,2450.44,2513.77,4610417,2180.35,2361.27,2352.18,2522.27,2433.82,39.5,75.61,1,2513.77,2379.11,2379.11,2379.11,1,60,2023-06-08,0,,,,
2023-07-24,2563.72,2564.07,2511.48,2532.23,2155297,2183.01,2369.12,2352.18,2564.07,2522.27,40.44,77.1,0,,2390.39,,2390.39,1,60,2023-06-08,0,,,,
2023-07-25,2542.68,2544.38,2481.45,2489.13,2068876,2185.49,2376.27,2352.18,2564.07,2564.07,42.04,66.8,0,,2361.52,,2390.39,1,60,2023-06-08,0,,,,
2023-07-26,2518.38,2598.91,2512.55,2572.08,5820099,2188.54,2385.73,2352.18,2598.91,2564.07,46.88,74.0,1,2572.08,2411.8,2411.8,2411.8,1,60,2023-06-08,0,,,,
2023-07-27,2594.15,2601.34,2572.28,2585.64,2117794,2191.63,2395.62,2352.18,2601.34,2598.91,45.62,74.96,0,,2421.38,,2421.38,1,60,2023-06-08,0,,,,
2023-07-28,2585.59,2593.37,2551.43,2575.29,1325724,2194.78,2404.96,2352.18,2601.34,2601.34,45.36,72.76,0,,2414.88,,2421.38,1,60,2023-06-08,0,,,,
2023-07-31,2580.59,2614.61,2557.36,2606.2,1284981,2198.25,2415.15,2377.69,2614.61,2601.34,46.21,75.11,1,2606.2,2442.76,2442.76,2442.76,1,60,2023-06-08,0,,,,
2023-08-01,2606.2,2613.64,2580.93,2591.91,1298745,2201.86,2424.88,2377.69,2614.61,2614.61,45.24,72.01,0,,2434.18,,2442.76,1,60,2023-06-08,0,,,,
2023-08-02,2593.24,2600.07,2558.54,2577.66,1479486,2205.67,2433.62,2377.69,2614.61,2614.61,44.98,68.96,0,,2425.17,,2442.76,1,60,2023-06-08,0,,,,
2023-08-03,2570.63,2597.91,2542.42,2554.02,1612618,2209.15,2441.18,2380.02,2614.61,2614.61,45.73,64.11,0,,2410.2,,2442.76,1,60,2023-06-08,0,,,,
2023-08-04,2560.8,2590.29,2554.41,2582.33,1101278,2212.6,2448.97,2395.91,2614.61,2614.61,45.05,67.1,0,,2434.2,,2442.76,1,60,2023-06-08,0,,,,
2023-08-07,2583.41,2608.97,2578.59,2591.17,1163125,2216.13,2457.93,2397.27,2614.61,2614.61,44.01,67.99,0,,2441.06,,2442.76,1,60,2023-06-08,0,,,,
2023-08-08,2594.27,2604.54,2583.7,2587.54,767310,2219.7,2467.15,2397.27,2614.61,2614.61,42.35,67.19,0,,2439.82,,2442.76,1,60,2023-06-08,0,,,,
2023-08-09,2590.29,2609.95,2570.88,2606.61,906865,2223.57,2476.66,2399.85,2614.61,2614.61,42.12,69.25,0,,2453.14,,2453.14,1,60,2023-06-08,0,,,,
2023-08-10,2595.3,2616.44,2577.17,2598.65,1040041,2227.35,2484.83,2450.44,2616.44,2614.61,41.91,67.35,0,,2465.0,,2465.0,1,60,2023-06-08,0,,,,
2023-08-11,2597.22,2611.82,2586.6,2593.73,1320121,2231.11,2491.08,2481.45,2616.44,2616.44,40.72,66.13,0,,2472.96,,2472.96,1,60,2023-06-08,0,,,,
2023-08-14,2592.26,2618.36,2571.61,2614.77,1364413,2235.12,2498.73,2481.45,2618.36,2616.44,41.15,68.73,0,,2486.24,,2486.24,1,60,2023-06-08,0,,,,
2023-08-16,2623.71,2649.27,2607.05,2645.39,1703875,2239.23,2507.15,2512.55,2649.27,2618.36,41.23,72.08,1,2645.39,2516.31,2516.31,2516.31,1,60,2023-06-08,0,,,,
2023-08-17,2645.39,2645.39,2597.17,2607.49,1629067,2243.1,2514.02,2542.42,2649.27,2649.27,41.73,63.07,0,,2501.49,,2516.31,1,60,2023-06-08,0,,,,
2023-08-18,2605.04,2629.32,2588.08,2597.12,1898966,2246.66,2519.96,2542.42,2649.27,2649.27,41.69,60.83,0,,2494.82,,2516.31,1,60,2023-06-08,0,,,,
2023-08-21,2597.02,2621.35,2578.94,2617.08,1376318,2250.46,2527.84,2542.42,2649.27,2649.27,41.74,63.52,0,,2507.66,,2516.31,1,60,2023-06-08,0,,,,
2023-08-22,2622.73,2640.08,2616.83,2633.35,1497180,2254.24,2536.6,2542.42,2649.27,2649.27,40.42,65.59,0,,2519.04,,2519.04,1,60,2023-06-08,0,,,,
2023-08-23,2643.91,2679.75,2636.94,2671.49,1990672,2258.06,2545.48,2542.42,2679.75,2649.27,40.85,69.9,1,2671.49,2543.35,2543.35,2543.35,1,60,2023-06-08,0,,,,
2023-08-24,2700.88,2719.85,2635.12,2642.54,2619182,2261.72,2554.02,2542.42,2719.85,2679.75,43.98,63.4,0,,2522.59,,2543.35,1,60,2023-06-08,0,,,,
2023-08-25,2632.02,2637.18,2586.36,2593.63,1408427,2265.16,2561.1,2554.41,2719.85,2719.85,44.86,54.23,0,,2494.46,,2543.35,1,60,2023-06-08,0,,,,
2023-08-28,2608.53,2654.19,2605.09,2649.62,1551734,2268.49,2569.32,2570.88,2719.85,2719.85,45.98,61.16,0,,2535.31,,2543.35,1,60,2023-06-08,0,,,,
2023-08-29,2664.02,2675.91,2650.55,2672.82,1101830,2271.62,2578.43,2570.88,2719.85,2719.85,44.57,63.62,0,,2551.21,,2551.21,1,60,2023-06-08,0,,,,
2023-08-30,2676.75,2691.2,2661.07,2663.03,1920079,2274.64,2587.02,2570.88,2719.85,2719.85,43.54,61.84,0,,2545.59,,2551.21,1,60,2023-06-08,0,,,,
2023-08-31,2673.85,2678.37,2632.9,2656.84,2439625,2277.78,2594.77,2571.61,2719.85,2719.85,43.68,60.68,0,,2541.75,,2551.21,1,60,2023-06-08,0,,,,
2023-09-01,2664.02,2669.87,2642.69,2656.25,1263430,2281.01,2602.65,2571.61,2719.85,2719.85,42.5,60.57,0,,2542.15,,2551.21,1,60,2023-06-08,0,,,,
2023-09-04,2686.63,2695.47,2659.1,2665.1,1548282,2284.47,2607.69,2571.61,2719.85,2719.85,42.26,61.75,0,,2548.02,,2551.21,1,60,2023-06-08,0,,,,
2023-09-05,2674.34,2692.53,2673.85,2686.58,1066447,2288.29,2612.84,2578.94,2719.85,2719.85,41.21,64.53,0,,2565.02,,2565.02,1,60,2023-06-08,0,,,,
2023-09-06,2693.51,2696.26,2665.98,2684.12,1747425,2292.19,2619.34,2578.94,2719.85,2719.85,40.42,63.96,0,,2563.95,,2565.02,1,60,2023-06-08,0,,,,
2023-09-07,2686.63,2807.49,2683.68,2798.1,4100519,2297.15,2626.87,2578.94,2807.49,2719.85,46.38,75.02,1,2798.1,2633.5,2633.5,2633.5,1,60,2023-06-08,0,,,,
2023-09-08,2839.0,2879.01,2823.71,2852.37,3638510,2302.4,2635.76,2578.94,2879.01,2807.49,48.85,78.42,0,,2666.86,,2666.86,1,60,2023-06-08,0,,,,
2023-09-11,2855.71,2876.35,2841.01,2845.09,1545803,2307.47,2644.75,2586.36,2879.01,2879.01,47.88,76.91,0,,2665.28,,2666.86,1,60,2023-06-08,0,,,,
2023-09-12,2901.52,2957.94,2882.69,2894.15,7788759,2312.86,2654.35,2586.36,2957.94,2879.01,52.52,79.74,1,2894.15,2693.83,2693.83,2693.83,1,60,2023-06-08,0,,,,
2023-09-13,2893.56,2893.75,2839.44,2857.43,2458417,2317.88,2663.2,2586.36,2957.94,2957.94,52.68,72.57,0,,2670.04,,2693.83,1,60,2023-06-08,0,,,,
2023-09-14,2875.27,2881.91,2856.69,2869.08,1910041,2323.03,2672.92,2586.36,2957.94,2957.94,50.72,73.38,0,,2678.86,,2693.83,1,60,2023-06-08,0,,,,
2023-09-15,2883.23,2885.15,2850.79,2859.2,1655275,2328.06,2683.09,2605.09,2957.94,2957.94,49.55,71.44,0,,2679.51,,2693.83,1,60,2023-06-08,0,,,,
2023-09-18,2860.62,2880.28,2857.67,2870.31,736631,2333.39,2692.69,2632.9,2957.94,2957.94,47.63,72.33,0,,2697.23,,2697.23,1,60,2023-06-08,0,,,,
2023-09-20,2877.29,2894.98,2837.08,2840.96,1399240,2338.41,2701.01,2632.9,2957.94,2957.94,48.36,66.44,0,,2677.81,,2697.23,1,60,2023-06-08,0,,,,
2023-09-21,2836.1,2855.81,2797.76,2850.15,2444711,2343.39,2709.77,2632.9,2957.94,2957.94,49.05,67.34,0,,2683.28,,2697.23,1,60,2023-06-08,0,,,,
2023-09-22,2859.35,2886.63,2853.01,2868.98,1965569,2348.24,2718.51,2642.69,2957.94,2957.94,48.15,69.16,0,,2699.29,,2699.29,1,60,2023-06-08,0,,,,
2023-09-25,2868.44,2874.19,2822.29,2853.25,1049532,2353.06,2727.0,2659.1,2957.94,2957.94,48.42,65.86,0,,2694.43,,2699.29,1,60,2023-06-08,0,,,,
2023-09-26,2865.54,2894.05,2860.62,2863.13,953456,2358.06,2735.98,2665.98,2957.94,2957.94,47.88,66.93,0,,2703.46,,2703.46,1,60,2023-06-08,0,,,,
2023-09-27,2872.42,2944.08,2862.25,2914.74,2903693,2363.37,2745.98,2665.98,2957.94,2957.94,50.3,71.87,0,,2735.13,,2735.13,1,60,2023-06-08,0,,,,
2023-09-28,2938.28,2998.74,2927.72,2958.93,4081102,2368.67,2756.43,2683.68,2998.74,2957.94,52.71,75.28,1,2958.93,2767.93,2767.93,2767.93,1,60,2023-06-08,0,,,,
2023-09-29,2988.42,3006.46,2954.26,2972.25,2698016,2374.07,2768.59,2797.76,3006.46,2998.74,52.67,76.21,0,,2814.57,,2814.57,1,60,2023-06-08,0,,,,
2023-10-03,2988.91,3025.23,2944.28,3021.1,3254492,2379.76,2782.72,2797.76,3025.23,3006.46,54.69,79.3,1,3021.1,2844.73,2844.73,2844.73,1,60,2023-06-08,0,,,,
2023-10-04,3012.11,3012.11,2939.32,2976.38,3100946,2385.38,2794.7,2797.76,3025.23,3025.23,56.63,70.3,0,,2814.6,,2844.73,1,60,2023-06-08,0,,,,
2023-10-05,2981.09,3062.05,2981.09,3043.52,3413447,2391.68,2808.37,2797.76,3062.05,3025.23,58.7,74.9,1,3043.52,2856.52,2856.52,2856.52,1,60,2023-06-08,0,,,,
2023-10-06,3062.1,3062.1,3021.01,3041.21,1898118,2398.13,2820.7,2797.76,3062.1,3062.05,57.44,74.48,0,,2855.87,,2856.52,1,60,2023-06-08,0,,,,
2023-10-09,3022.82,3032.65,3003.7,3022.53,1181760,2404.58,2833.36,2797.76,3062.1,3062.1,56.02,70.94,0,,2844.77,,2856.52,1,60,2023-06-08,0,,,,
2023-10-10,3021.69,3046.42,3020.02,3023.81,1551789,2411.07,2847.7,2797.76,3062.1,3062.1,53.9,71.05,0,,2847.01,,2856.52,1,60,2023-06-08,0,,,,
2023-10-11,3037.57,3057.23,3032.06,3036.29,2066921,2417.61,2860.59,2797.76,3062.1,3062.1,52.44,72.07,0,,2856.03,,2856.52,1,60,2023-06-08,0,,,,
2023-10-12,3041.5,3052.36,3015.01,3029.46,1870280,2424.06,2872.48,2797.76,3062.1,3062.1,51.36,70.6,0,,2852.35,,2856.52,1,60,2023-06-08,0,,,,
2023-10-13,3015.7,3046.42,3011.52,3037.18,1437808,2430.36,2884.95,2822.29,3062.1,3062.1,50.19,71.31,0,,2866.29,,2866.29,1,60,2023-06-08,0,,,,
2023-10-16,3046.37,3060.43,3022.53,3049.27,818794,2436.82,2898.03,2822.29,3062.1,3062.1,49.31,72.44,0,,2874.67,,2874.67,1,60,2023-06-08,0,,,,
2023-10-17,3057.13,3061.36,3011.03,3014.27,1847182,2442.84,2909.96,2860.62,3062.1,3062.1,49.38,64.54,0,,2864.82,,2874.67,1,60,2023-06-08,0,,,,
2023-10-18,3016.58,3026.9,2985.62,2993.92,1350839,2448.59,2920.93,2862.25,3062.1,3062.1,48.8,60.42,0,,2852.63,,2874.67,1,60,2023-06-08,0,,,,
2023-10-19,2974.26,3017.81,2956.13,3002.57,1599104,2454.63,2931.46,2927.72,3062.1,3062.1,49.72,61.54,0,,2879.42,,2879.42,1,60,2023-06-08,0,,,,
2023-10-20,2988.37,3004.39,2926.78,2961.24,1667471,2460.54,2940.7,2926.78,3062.1,3062.1,51.72,53.69,0,,2851.12,,2879.42,1,60,2023-06-08,0,,,,
2023-10-23,2952.05,2955.88,2898.96,2908.1,1614030,2466.04,2944.36,2898.96,3062.1,3062.1,52.47,45.63,0,,2807.06,,2879.42,1,60,2023-06-08,0,,,,
2023-10-25,2908.79,2915.18,2860.92,2866.62,2108353,2471.04,2944.84,2860.92,3062.1,3062.1,52.6,40.52,0,,2767.54,,2879.42,1,60,2023-06-08,1,2879.42,TRAILING_STOP,95,26.58
2023-10-26,2856.69,2866.67,2808.57,2815.99,3286109,2475.73,2943.87,2808.57,3062.1,3062.1,52.99,35.31,0,,2717.18,,,0,,,0,,,,
2023-10-27,2816.04,2861.16,2809.16,2852.66,2399538,2480.52,2942.48,2808.57,3062.1,3062.1,52.92,41.2,0,,2740.88,,,0,,,0,,,,
2023-10-30,2850.01,2882.25,2807.69,2876.7,1693052,2485.59,2943.13,2807.69,3062.1,3062.1,54.47,44.75,0,,2755.06,,,0,,,0,,,,
2023-10-31,2880.24,2901.47,2858.61,2879.35,1556467,2490.47,2943.47,2807.69,3062.1,3062.1,53.64,45.15,0,,2757.32,,,0,,,0,,,,
2023-11-01,2897.44,2932.53,2822.34,2846.17,3875595,2495.1,2943.03,2807.69,3062.1,3062.1,57.68,41.19,0,,2733.23,,,0,,,0,,,,
2023-11-02,2885.2,2888.0,2853.94,2868.59,1451606,2499.93,2942.98,2807.69,3062.1,3062.1,56.54,44.72,0,,2748.44,,,0,,,0,,,,
2023-11-03,2884.22,2898.03,2855.71,2861.85,1136175,2504.97,2943.67,2807.69,3062.1,3062.1,55.53,43.86,0,,2744.77,,,0,,,0,,,,
2023-11-06,2883.23,2928.45,2877.58,2924.96,1235499,2510.51,2946.17,2807.69,3061.36,3062.1,56.32,52.9,0,,2784.95,,,0,,,0,,,,
2023-11-07,2919.61,2932.98,2905.94,2911.05,1112206,2516.09,2947.57,2807.69,3061.36,3061.36,54.23,50.95,0,,2777.37,,,0,,,0,,,,
2023-11-08,2924.23,2951.8,2910.76,2945.61,1013438,2521.82,2950.65,2807.69,3061.36,3061.36,53.29,55.35,0,,2800.29,,,0,,,0,,,,
2023-11-09,2952.05,2977.31,2946.15,2973.53,1719911,2527.62,2954.33,2807.69,3061.36,3061.36,51.74,58.58,0,,2819.33,,,0,,,0,,,,
2023-11-10,2969.79,2992.35,2954.26,2981.78,947753,2533.43,2956.56,2807.69,3061.36,3061.36,50.77,59.51,0,,2825.3,,,0,,,0,,,,
2023-11-13,2998.25,3002.53,2980.21,2996.77,531769,2538.78,2957.82,2807.69,3061.36,3061.36,48.74,61.22,0,,2836.32,,,0,,,0,,,,
2023-11-15,3010.39,3018.94,3003.16,3012.95,1160184,2544.13,2959.18,2807.69,3061.36,3061.36,46.84,63.03,0,,2848.02,,,0,,,0,,,,
2023-11-16,3006.06,3029.8,2993.33,2999.38,1597607,2549.16,2958.46,2807.69,3029.8,3061.36,46.1,60.48,0,,2839.76,,,0,,,0,,,,
2023-11-17,2998.25,3062.59,2993.48,3056.25,1325050,2554.62,2961.12,2807.69,3062.59,3029.8,47.74,66.59,1,3056.25,2875.35,2875.35,2875.35,1,61,2023-11-17,0,,,,
2023-11-20,3042.58,3059.15,3024.0,3036.39,1231164,2560.04,2960.88,2807.69,3062.59,3062.59,46.84,62.93,0,,2863.14,,2875.35,1,61,2023-11-17,0,,,,
2023-11-21,3036.1,3046.42,3010.49,3022.68,1884782,2565.55,2960.26,2822.34,3062.59,3062.59,46.06,60.46,0,,2859.7,,2875.35,1,61,2023-11-17,0,,,,
2023-11-22,3022.68,3036.24,3010.54,3030.0,1104208,2571.4,2960.51,2822.34,3062.59,3062.59,44.61,61.33,0,,2865.39,,2875.35,1,61,2023-11-17,0,,,,
2023-11-23,3027.74,3035.6,2979.62,2993.97,1514688,2577.0,2959.52,2853.94,3062.59,3062.59,45.42,54.91,0,,2852.14,,2875.35,1,61,2023-11-17,0,,,,
2023-11-24,2998.25,3014.96,2988.03,3002.43,915121,2582.63,2958.39,2855.71,3062.59,3062.59,44.1,56.07,0,,2859.07,,2875.35,1,61,2023-11-17,0,,,,
2023-11-28,3002.18,3007.24,2983.5,2998.25,1210508,2588.15,2957.35,2877.58,3062.59,3062.59,42.65,55.32,0,,2864.63,,2875.35,1,61,2023-11-17,0,,,,
2023-11-29,2998.25,3037.47,2997.27,3031.43,1801107,2594.01,2957.16,2905.94,3062.59,3062.59,42.47,59.95,0,,2895.6,,2895.6,1,61,2023-11-17,0,,,,
2023-11-30,3024.1,3071.53,3006.8,3056.44,3131624,2599.94,2957.4,2910.76,3071.53,3062.59,44.06,63.06,0,,2912.28,,2912.28,1,61,2023-11-17,0,,,,
2023-12-01,3076.84,3143.69,3068.09,3136.51,2112908,2606.29,2961.47,2946.15,3143.69,3071.53,47.15,70.86,1,3136.51,2973.67,2973.67,2973.67,1,61,2023-11-17,0,,,,
2023-12-04,3229.26,3290.75,3194.86,3257.33,3095974,2613.25,2970.25,2954.26,3290.75,3143.69,54.8,78.31,0,,3049.2,,3049.2,1,61,2023-11-17,0,,,,
2023-12-05,3262.73,3268.58,3223.41,3259.19,1659309,2620.04,2978.81,2979.62,3290.75,3290.75,54.11,78.4,0,,3059.31,,3059.31,1,61,2023-11-17,0,,,,
2023-12-06,3273.5,3343.29,3264.65,3334.74,2057233,2626.95,2991.26,2979.62,3343.29,3290.75,56.25,81.76,1,3334.74,3106.61,3106.61,3106.61,1,61,2023-11-17,0,,,,
2023-12-07,3334.74,3352.04,3280.43,3298.66,2128823,2633.49,3004.27,2979.62,3352.04,3343.29,57.35,75.7,0,,3082.61,,3106.61,1,61,2023-11-17,0,,,,
2023-12-08,3319.7,3371.8,3308.89,3321.13,2428891,2640.37,3019.42,2979.62,3371.8,3352.04,58.48,76.85,0,,3096.35,,3106.61,1,61,2023-11-17,0,,,,
2023-12-11,3320.63,3347.23,3302.99,3328.35,1534238,2647.28,3036.5,2979.62,3371.8,3371.8,57.46,77.22,0,,3101.69,,3106.61,1,61,2023-11-17,0,,,,
2023-12-12,3317.73,3317.73,3275.46,3285.69,1888423,2653.78,3050.94,2979.62,3371.8,3371.8,57.13,70.03,0,,3074.39,,3106.61,1,61,2023-11-17,0,,,,
2023-12-13,3296.06,3352.14,3289.42,3342.11,1509107,2660.73,3066.45,2979.62,3371.8,3371.8,57.8,73.54,0,,3110.34,,3110.34,1,61,2023-11-17,0,,,,
2023-12-14,3367.82,3381.63,3342.41,3374.85,2425646,2667.85,3082.97,2979.62,3381.63,3371.8,56.49,75.35,1,3374.85,3132.32,3132.32,3132.32,1,61,2023-11-17,0,,,,
2023-12-15,3376.86,3439.53,3374.6,3428.82,2632935,2675.39,3102.39,2983.5,3439.53,3381.63,57.09,78.01,0,,3168.03,,3168.03,1,61,2023-11-17,0,,,,
2023-12-18,3436.68,3446.51,3407.19,3432.36,1767429,2683.74,3121.18,2983.5,3446.51,3439.53,55.83,78.17,0,,3171.16,,3171.16,1,61,2023-11-17,0,,,,
2023-12-19,3429.75,3465.19,3417.07,3439.58,1311700,2692.28,3140.44,2997.27,3465.19,3446.51,55.27,78.53,0,,3180.77,,3180.77,1,61,2023-11-17,0,,,,
2023-12-20,3445.53,3454.97,3354.65,3360.5,1876048,2700.12,3154.96,3006.8,3465.19,3465.19,58.49,65.83,0,,3130.79,,3180.77,1,61,2023-11-17,0,,,,
2023-12-21,3332.53,3381.58,3276.45,3366.05,2292802,2708.13,3170.12,3068.09,3465.19,3465.19,61.82,66.25,0,,3152.58,,3180.77,1,61,2023-11-17,0,,,,
2023-12-22,3365.9,3436.68,3350.76,3418.94,1681707,2716.54,3185.9,3194.86,3465.19,3465.19,63.54,69.97,0,,3227.81,,3227.81,1,61,2023-11-17,0,,,,
2023-12-26,3418.94,3448.82,3418.94,3430.83,1072263,2725.23,3201.15,3223.41,3465.19,3465.19,61.14,70.75,0,,3246.6,,3246.6,1,61,2023-11-17,0,,,,
2023-12-27,3450.44,3488.78,3444.69,3483.87,1389266,2734.27,3217.88,3264.65,3488.78,3465.19,60.91,74.0,1,3483.87,3294.7,3294.7,3294.7,1,61,2023-11-17,0,,,,
2023-12-28,3484.85,3499.55,3441.1,3458.36,3371121,2742.96,3233.27,3275.46,3499.55,3488.78,60.74,69.97,0,,3281.97,,3294.7,1,61,2023-11-17,0,,,,
2023-12-29,3471.09,3479.93,3435.7,3466.17,968577,2751.83,3248.38,3275.46,3499.55,3499.55,59.56,70.5,0,,3287.79,,3294.7,1,61,2023-11-17,0,,,,
2024-01-01,3477.97,3477.97,3436.73,3465.63,777080,2760.77,3263.92,3275.46,3499.55,3499.55,58.25,70.41,0,,3288.32,,3294.7,1,61,2023-11-17,0,,,,
2024-01-02,3465.24,3465.63,3373.77,3379.76,1511464,2769.02,3274.7,3275.46,3499.55,3499.55,60.65,57.51,0,,3231.33,,3294.7,1,61,2023-11-17,0,,,,
2024-01-03,3374.75,3407.04,3353.71,3381.98,1283859,2777.19,3286.22,3276.45,3499.55,3499.55,60.13,57.72,0,,3233.44,,3294.7,1,61,2023-11-17,0,,,,
2024-01-04,3382.66,3421.05,3364.92,3400.01,1651616,2785.44,3298.8,3276.45,3499.55,3499.55,59.84,59.52,0,,3245.26,,3294.7,1,61,2023-11-17,0,,,,
2024-01-05,3406.16,3494.68,3401.29,3462.14,2069018,2794.2,3313.2,3276.45,3499.55,3499.55,62.33,65.04,0,,3283.68,,3294.7,1,61,2023-11-17,0,,,,
2024-01-08,3479.93,3499.55,3430.78,3441.69,1993855,2802.85,3328.13,3276.45,3499.55,3499.55,62.79,62.04,0,,3270.18,,3294.7,1,61,2023-11-17,0,,,,
2024-01-09,3467.6,3532.77,3460.37,3495.61,1807271,2811.85,3344.57,3276.45,3532.77,3499.55,64.81,66.43,0,,3303.61,,3303.61,1,61,2023-11-17,0,,,,
2024-01-10,3489.72,3498.56,3460.27,3485.34,1534821,2820.6,3360.8,3276.45,3532.77,3532.77,62.92,64.89,0,,3298.25,,3303.61,1,61,2023-11-17,0,,,,
2024-01-11,3485.34,3499.15,3441.15,3445.38,1105348,2828.87,3374.6,3276.45,3532.77,3532.77,62.56,59.15,0,,3272.71,,3303.61,1,61,2023-11-17,0,,,,
2024-01-12,3445.58,3517.93,3434.76,3508.25,1782631,2837.5,3389.66,3350.76,3532.77,3532.77,64.04,64.48,0,,3337.05,,3337.05,1,61,2023-11-17,0,,,,
2024-01-15,3515.42,3544.52,3478.02,3482.93,1783518,2845.72,3401.21,3353.71,3544.52,3532.77,64.21,61.02,0,,3321.58,,3337.05,1,61,2023-11-17,0,,,,
2024-01-16,3487.8,3528.1,3477.97,3512.87,1791818,2853.97,3409.73,3353.71,3544.52,3544.52,63.21,63.51,0,,3341.57,,3341.57,1,61,2023-11-17,0,,,,
2024-01-17,3494.68,3553.12,3487.5,3510.36,2699076,2862.06,3418.1,3353.71,3553.12,3544.52,63.38,63.15,0,,3339.83,,3341.57,1,61,2023-11-17,0,,,,
2024-01-18,3510.21,3555.58,3465.19,3534.98,2148898,2870.47,3424.77,3353.71,3555.58,3553.12,65.31,65.25,0,,3354.43,,3354.43,1,61,2023-11-17,0,,,,
2024-01-19,3541.87,3593.82,3541.87,3584.14,1913923,2879.1,3434.29,3353.71,3593.82,3555.58,64.85,69.05,1,3584.14,3386.44,3386.44,3386.44,1,61,2023-11-17,0,,,,
2024-01-23,3575.88,3599.23,3476.2,3490.75,1742142,2887.12,3439.94,3353.71,3599.23,3593.82,69.0,56.43,0,,3323.44,,3386.44,1,61,2023-11-17,0,,,,
2024-01-24,3509.43,3556.56,3461.95,3528.3,3711521,2895.34,3446.61,3353.71,3599.23,3599.23,70.83,59.62,0,,3346.44,,3386.44,1,61,2023-11-17,0,,,,
2024-01-25,3538.82,3556.86,3504.31,3532.48,2206540,2903.55,3454.83,3364.92,3599.23,3599.23,69.53,59.98,0,,3353.74,,3386.44,1,61,2023-11-17,0,,,,
2024-01-29,3542.85,3670.5,3539.01,3645.08,2072982,2912.52,3464.93,3401.29,3670.5,3599.23,74.42,68.05,1,3645.08,3435.23,3435.23,3435.23,1,61,2023-11-17,0,,,,
2024-01-30,3652.9,3674.48,3563.39,3571.65,1454989,2920.89,3471.49,3430.78,3674.48,3670.5,77.04,59.61,0,,3395.95,,3435.23,1,61,2023-11-17,0,,,,
2024-01-31,3460.27,3477.97,3329.58,3420.71,9637606,2928.18,3471.22,3329.58,3674.48,3674.48,88.83,46.76,0,,3257.0,,3435.23,1,61,2023-11-17,1,3435.23,TRAILING_STOP,50,12.4
2024-02-01,3420.95,3434.47,3313.8,3340.34,6149780,2934.8,3468.16,3313.8,3674.48,3674.48,91.1,41.61,0,,3198.39,,,0,,,0,,,,
2024-02-02,3344.96,3378.04,3303.97,3318.77,7579802,2941.44,3464.13,3303.97,3674.48,3674.48,89.88,40.33,0,,3182.01,,,0,,,0,,,,
2024-02-05,3318.23,3350.13,3262.14,3285.05,2954238,2947.93,3461.61,3262.14,3674.48,3674.48,89.75,38.34,0,,3146.4,,,0,,,0,,,,
2024-02-06,3289.23,3369.59,3280.92,3366.15,2545192,2954.9,3461.62,3262.14,3674.48,3674.48,89.67,45.33,0,,3198.77,,,0,,,0,,,,
2024-02-07,3386.55,3388.51,3331.5,3337.1,2099940,2961.45,3458.89,3262.14,3674.48,3674.48,87.34,43.43,0,,3181.58,,,0,,,0,,,,
2024-02-08,3355.09,3359.81,3237.96,3278.9,3471727,2967.27,3453.82,3237.96,3674.48,3674.48,89.8,39.83,0,,3134.34,,,0,,,0,,,,
2024-02-09,3279.64,3332.48,3252.8,3268.14,3121873,2973.16,3446.63,3237.96,3674.48,3674.48,89.08,39.19,0,,3127.88,,,0,,,0,,,,
2024-02-12,3273.5,3282.49,3231.23,3243.56,1922273,2978.83,3439.47,3231.23,3674.48,3674.48,86.38,37.68,0,,3111.59,,,0,,,0,,,,
2024-02-13,3255.8,3281.9,3228.38,3265.14,2151493,2984.59,3432.77,3228.38,3674.48,3674.48,84.03,39.86,0,,3126.12,,,0,,,0,,,,
2024-02-14,3234.23,3260.67,3207.68,3252.85,2502138,2990.15,3425.68,3207.68,3674.48,3674.48,82.13,39.03,0,,3112.56,,,0,,,0,,,,
2024-02-15,3252.85,3265.58,3234.37,3244.3,1999189,2995.9,3421.16,3207.68,3674.48,3674.48,78.5,38.42,0,,3109.47,,,0,,,0,,,,
2024-02-16,3248.87,3340.34,3247.99,3329.28,2768329,3002.3,3419.41,3207.68,3674.48,3674.48,79.75,47.19,0,,3163.45,,,0,,,0,,,,
2024-02-19,3342.85,3350.17,3278.9,3283.18,1216447,3008.15,3415.51,3207.68,3674.48,3674.48,79.14,43.56,0,,3134.12,,,0,,,0,,,,
2024-02-20,3283.18,3310.61,3271.97,3299.79,1578162,3014.24,3410.1,3207.68,3674.48,3674.48,76.25,45.2,0,,3146.76,,,0,,,0,,,,
2024-02-21,3299.94,3299.94,3234.23,3240.47,2430672,3019.97,3403.39,3207.68,3674.48,3674.48,75.5,40.67,0,,3109.0,,,0,,,0,,,,
2024-02-22,3253.84,3311.84,3221.35,3306.68,2521388,3025.99,3397.1,3207.68,3674.48,3674.48,76.57,47.05,0,,3150.99,,,0,,,0,,,,
2024-02-23,3306.68,3342.21,3284.07,3330.46,2107176,3032.2,3391.93,3207.68,3674.48,3674.48,75.25,49.16,0,,3167.21,,,0,,,0,,,,
2024-02-26,3342.31,3432.4,3335.43,3411.27,4122419,3038.9,3390.8,3207.68,3674.48,3674.48,77.16,55.64,0,,3218.06,,,0,,,0,,,,
2024-02-27,3416.04,3452.41,3393.33,3446.95,2122286,3045.72,3388.75,3207.68,3477.97,3674.48,75.87,58.17,0,,3241.93,,,0,,,0,,,,
2024-02-28,3445.53,3453.39,3387.68,3411.32,1666903,3052.33,3386.37,3207.68,3453.39,3477.97,75.14,54.8,0,,3219.43,,,0,,,0,,,,
2024-02-29,3425.87,3436.68,3378.14,3418.54,2119512,3058.36,3383.22,3207.68,3453.39,3453.39,73.96,55.37,0,,3224.88,,,0,,,0,,,,
2024-03-01,3442.23,3596.28,3440.61,3571.85,4407803,3065.29,3385.27,3207.68,3596.28,3453.39,81.37,65.27,1,3571.85,3318.82,3318.82,3318.82,1,62,2024-03-01,0,,,,
2024-03-04,3607.73,3617.36,3560.59,3582.61,1307501,3072.58,3386.86,3207.68,3617.36,3596.28,79.61,65.84,0,,3326.94,,3326.94,1,62,2024-03-01,0,,,,
2024-03-05,3569.59,3582.61,3529.38,3551.3,1981370,3079.11,3385.77,3207.68,3617.36,3617.36,77.73,62.61,0,,3308.0,,3326.94,1,62,2024-03-01,0,,,,
2024-03-06,3556.61,3590.48,3525.2,3580.4,1500196,3085.74,3388.75,3221.35,3617.36,3617.36,76.84,64.36,0,,3331.92,,3331.92,1,62,2024-03-01,0,,,,
2024-03-07,3598.64,3642.28,3581.43,3614.56,2344401,3092.67,3391.63,3221.35,3642.28,3617.36,75.77,66.36,0,,3354.66,,3354.66,1,62,2024-03-01,0,,,,
2024-03-11,3637.22,3637.22,3569.83,3578.83,1748541,3099.16,3393.17,3221.35,3642.28,3642.28,75.17,62.42,0,,3332.01,,3354.66,1,62,2024-03-01,0,,,,
2024-03-12,3577.3,3609.69,3551.84,3560.2,1470377,3105.61,3390.34,3221.35,3642.28,3642.28,73.93,60.41,0,,3320.82,,3354.66,1,62,2024-03-01,0,,,,
2024-03-13,3573.22,3575.09,3452.31,3478.51,2503293,3111.62,3387.24,3221.35,3642.28,3642.28,77.42,52.43,0,,3265.81,,3354.66,1,62,2024-03-01,0,,,,
2024-03-14,3467.2,3574.31,3462.24,3546.98,4528490,3118.24,3391.45,3221.35,3642.28,3642.28,79.9,57.5,0,,3308.32,,3354.66,1,62,2024-03-01,0,,,,
2024-03-15,3536.95,3541.87,3464.26,3477.13,4054210,3124.2,3396.01,3284.07,3642.28,3642.28,80.1,51.47,0,,3284.04,,3354.66,1,62,2024-03-01,0,,,,
2024-03-18,3477.13,3511.59,3466.86,3500.77,1354787,3130.27,3402.08,3335.43,3642.28,3642.28,77.57,53.26,0,,3318.09,,3354.66,1,62,2024-03-01,0,,,,
2024-03-19,3480.92,3489.27,3421.94,3442.28,1447405,3135.96,3407.32,3378.14,3642.28,3642.28,77.66,48.51,0,,3294.54,,3354.66,1,62,2024-03-01,0,,,,
2024-03-20,3443.32,3465.14,3428.57,3450.15,1442811,3141.59,3410.12,3378.14,3642.28,3642.28,74.73,49.16,0,,3301.57,,3354.66,1,62,2024-03-01,0,,,,
2024-03-21,3465.34,3534.98,3465.34,3499.6,2504962,3147.59,3415.53,3378.14,3642.28,3642.28,75.45,53.21,0,,3332.99,,3354.66,1,62,2024-03-01,0,,,,
2024-03-22,3486.03,3585.41,3486.03,3556.41,3020545,3154.01,3424.78,3421.94,3642.28,3642.28,77.16,57.4,0,,3383.09,,3383.09,1,62,2024-03-01,0,,,,
2024-03-26,3543.83,3614.51,3538.92,3607.83,2320963,3160.63,3436.11,3421.94,3642.28,3642.28,77.05,60.82,0,,3416.33,,3416.33,1,62,2024-03-01,0,,,,
2024-03-27,3620.51,3663.96,3607.83,3643.51,2387693,3167.29,3449.44,3421.94,3663.96,3642.28,75.55,63.04,1,3643.51,3440.34,3440.34,3440.34,1,62,2024-03-01,0,,,,
2024-03-28,3643.66,3748.65,3634.81,3700.04,4278668,3174.57,3463.94,3421.94,3748.65,3663.96,78.29,66.29,0,,3474.98,,3474.98,1,62,2024-03-01,0,,,,
2024-04-01,3716.7,3786.49,3716.7,3772.88,1905190,3182.41,3481.27,3421.94,3786.49,3748.65,78.87,69.96,0,,3521.57,,3521.57,1,62,2024-03-01,0,,,,
2024-04-02,3784.48,3794.5,3707.26,3742.8,3608162,3189.91,3497.89,3421.94,3794.5,3786.49,79.47,66.73,0,,3501.77,,3521.57,1,62,2024-03-01,0,,,,
2024-04-03,3735.23,3735.23,3706.18,3718.27,1684618,3197.15,3510.85,3421.94,3794.5,3794.5,76.41,64.13,0,,3487.99,,3521.57,1,62,2024-03-01,0,,,,
2024-04-04,3740.34,3754.94,3667.74,3733.41,2339529,3204.23,3525.86,3421.94,3794.5,3794.5,77.18,65.04,0,,3497.24,,3521.57,1,62,2024-03-01,0,,,,
2024-04-05,3706.13,3725.69,3653.19,3679.59,1645597,3211.14,3538.52,3421.94,3794.5,3794.5,77.4,59.3,0,,3462.39,,3521.57,1,62,2024-03-01,0,,,,
2024-04-08,3681.46,3754.99,3679.59,3743.24,1083395,3218.8,3555.28,3421.94,3794.5,3794.5,77.25,63.41,0,,3503.53,,3521.57,1,62,2024-03-01,0,,,,
2024-04-09,3755.18,3763.0,3710.95,3721.02,1997057,3225.95,3569.09,3421.94,3794.5,3794.5,75.45,61.09,0,,3490.4,,3521.57,1,62,2024-03-01,0,,,,
2024-04-10,3735.52,3735.52,3686.47,3689.52,1951581,3232.72,3581.06,3421.94,3794.5,3794.5,73.57,57.86,0,,3471.34,,3521.57,1,62,2024-03-01,0,,,,
2024-04-12,3686.32,3737.59,3601.34,3616.82,3437544,3239.08,3587.91,3428.57,3794.5,3794.5,78.04,51.14,0,,3423.68,,3521.57,1,62,2024-03-01,0,,,,
2024-04-15,3564.52,3617.41,3525.35,3539.7,1719910,3244.97,3591.0,3465.34,3794.5,3794.5,79.05,45.15,0,,3385.52,,3521.57,1,62,2024-03-01,0,,,,
2024-04-16,3519.31,3537.1,3469.56,3483.33,2291042,3250.48,3593.4,3469.56,3794.5,3794.5,78.41,41.34,0,,3350.99,,3521.57,1,62,2024-03-01,1,3521.57,TRAILING_STOP,29,-1.41
2024-04-18,3501.51,3556.27,3479.64,3490.7,3273257,3255.99,3595.81,3469.56,3794.5,3794.5,78.28,42.02,0,,3355.83,,,0,,,0,,,,
2024-04-19,3465.19,3482.79,3413.48,3458.65,2759031,3261.13,3592.03,3413.48,3794.5,3794.5,78.21,39.83,0,,3316.52,,,0,,,0,,,,
2024-04-22,3508.2,3558.58,3480.87,3551.4,2605754,3266.92,3590.99,3413.48,3794.5,3794.5,79.76,48.25,0,,3375.31,,,0,,,0,,,,
2024-04-23,3571.11,3571.11,3527.12,3548.89,1434580,3271.92,3590.91,3413.48,3794.5,3794.5,77.2,48.05,0,,3375.39,,,0,,,0,,,,
2024-04-24,3555.19,3592.93,3540.0,3573.18,1501234,3276.73,3590.67,3413.48,3794.5,3794.5,75.47,50.16,0,,3392.21,,,0,,,0,,,,
2024-04-25,3554.74,3603.8,3550.32,3590.33,2420380,3281.69,3589.87,3413.48,3794.5,3794.5,73.9,51.65,0,,3404.32,,,0,,,0,,,,
2024-04-26,3590.03,3598.78,3524.17,3544.03,1973113,3286.03,3588.71,3413.48,3794.5,3794.5,73.95,47.51,0,,3374.43,,,0,,,0,,,,
2024-04-29,3544.91,3587.97,3544.03,3572.63,1396979,3290.8,3589.12,3413.48,3794.5,3794.5,71.81,50.17,0,,3394.3,,,0,,,0,,,,
2024-04-30,3577.25,3587.04,3523.24,3533.31,1571996,3295.22,3590.95,3413.48,3794.5,3794.5,71.23,46.67,0,,3369.32,,,0,,,0,,,,
2024-05-02,3529.14,3572.49,3515.37,3538.43,3748847,3299.75,3590.66,3413.48,3794.5,3794.5,70.23,47.19,0,,3373.3,,,0,,,0,,,,
2024-05-03,3548.75,3560.54,3429.26,3440.42,4079696,3303.55,3589.44,3413.48,3763.0,3794.5,74.59,39.35,0,,3307.17,,,0,,,0,,,,
2024-05-06,3463.03,3467.16,3382.71,3404.54,2614667,3307.31,3586.23,3382.71,3763.0,3763.0,75.29,36.93,0,,3273.3,,,0,,,0,,,,
2024-05-07,3420.36,3436.68,3366.89,3369.59,3376013,3310.77,3583.81,3366.89,3763.0,3763.0,74.9,34.69,0,,3245.75,,,0,,,0,,,,
2024-05-08,3370.82,3438.06,3310.66,3427.69,4116670,3314.5,3583.06,3310.66,3763.0,3763.0,78.65,41.08,0,,3261.98,,,0,,,0,,,,
2024-05-09,3256.54,3319.7,3211.22,3219.87,12120574,3316.94,3573.73,3211.22,3763.0,3763.0,88.49,29.83,0,,3088.23,,,0,,,0,,,,
2024-05-10,3225.92,3250.05,3179.72,3215.94,4132191,3319.29,3562.39,3179.72,3737.59,3763.0,87.2,29.67,0,,3076.06,,,0,,,0,,,,
2024-05-13,3211.62,3258.75,3170.48,3237.96,3557067,3321.45,3550.06,3170.48,3737.59,3737.59,87.27,31.94,0,,3087.13,,,0,,,0,,,,
2024-05-14,3244.01,3327.47,3237.52,3322.11,2870328,3323.87,3539.34,3170.48,3617.41,3737.59,87.46,39.95,0,,3141.28,,,0,,,0,,,,
2024-05-15,3332.48,3359.41,3296.25,3353.42,2718682,3326.41,3527.79,3170.48,3603.8,3617.41,85.73,42.65,0,,3162.63,,,0,,,0,,,,
2024-05-16,3370.77,3409.65,3321.37,3401.88,3398714,3328.95,3515.42,3170.48,3603.8,3603.8,85.91,46.65,0,,3193.77,,,0,,,0,,,,
2024-05-17,3416.97,3416.97,3354.25,3392.2,2676919,3331.72,3503.74,3170.48,3603.8,3603.8,84.25,45.96,0,,3188.63,,,0,,,0,,,,
2024-05-21,3399.33,3411.42,3375.73,3382.57,2100848,3333.98,3492.55,3170.48,3603.8,3603.8,80.78,45.24,0,,3184.73,,,0,,,0,,,,
2024-05-22,3391.51,3413.78,3376.77,3402.13,1409992,3336.39,3481.5,3170.48,3603.8,3603.8,77.66,47.05,0,,3199.43,,,0,,,0,,,,
2024-05-23,3402.18,3540.54,3396.38,3524.56,4525637,3339.73,3476.34,3170.48,3603.8,3603.8,82.41,56.68,0,,3275.23,,,0,,,0,,,,
2024-05-24,3525.15,3596.92,3521.52,3564.38,2740360,3343.34,3470.37,3170.48,3603.8,3603.8,81.91,59.28,0,,3301.25,,,0,,,0,,,,
2024-05-27,3583.05,3632.3,3538.92,3590.03,2570708,3347.03,3466.01,3170.48,3632.3,3603.8,82.73,60.9,0,,3317.24,,,0,,,0,,,,
2024-05-28,3590.03,3622.72,3584.19,3596.13,1440187,3350.81,3462.89,3170.48,3632.3,3632.3,79.57,61.3,0,,3323.28,,,0,,,0,,,,
2024-05-29,3549.73,3599.72,3549.09,3573.13,1506146,3354.38,3461.44,3170.48,3632.3,3632.3,77.5,58.88,0,,3309.83,,,0,,,0,,,,
2024-05-30,3564.52,3582.12,3546.53,3573.03,2701849,3357.87,3462.55,3170.48,3632.3,3632.3,74.51,58.87,0,,3311.76,,,0,,,0,,,,
2024-05-31,3574.7,3681.26,3574.7,3607.04,6432341,3361.82,3466.67,3170.48,3681.26,3632.3,76.92,61.47,0,,3332.09,,,0,,,0,,,,
2024-06-03,3789.98,3853.39,3736.6,3831.02,5767666,3367.41,3478.02,3170.48,3853.39,3681.26,89.02,73.42,1,3831.02,3468.49,3468.49,3468.49,1,63,2024-06-03,0,,,,
2024-06-04,3786.64,3831.86,3263.67,3345.46,9920882,3369.69,3474.24,3237.52,3853.39,3853.39,123.25,42.59,0,,3154.83,,3468.49,1,63,2024-06-03,1,3468.49,TRAILING_STOP|SMA150_BREAK,2,-9.46
2024-06-05,3383.11,3383.11,3121.18,3351.16,10372458,3372.29,3467.57,3121.18,3853.39,3853.39,133.15,42.89,0,,3113.12,,,0,,,0,,,,
2024-06-06,3379.67,3478.17,3327.86,3423.46,8374602,3375.73,3463.39,3121.18,3853.39,3853.39,134.38,46.74,0,,3158.94,,,0,,,0,,,,
2024-06-07,3406.26,3487.8,3387.53,3472.56,5879660,3379.77,3460.03,3121.18,3853.39,3853.39,131.94,49.23,0,,3192.23,,,0,,,0,,,,
2024-06-10,3461.31,3524.17,3461.31,3483.62,3151257,3384.22,3456.48,3121.18,3853.39,3853.39,127.01,49.8,0,,3202.66,,,0,,,0,,,,
2024-06-11,3509.43,3577.25,3490.94,3537.64,2548176,3388.78,3456.26,3121.18,3853.39,3853.39,124.62,52.61,0,,3239.09,,,0,,,0,,,,
2024-06-12,3553.66,3587.04,3517.29,3568.7,2242274,3393.4,3456.13,3121.18,3853.39,3853.39,120.7,54.19,0,,3261.74,,,0,,,0,,,,
2024-06-13,3603.31,3652.85,3573.32,3640.81,2965500,3398.47,3459.72,3121.18,3853.39,3853.39,118.09,57.73,0,,3309.99,,,0,,,0,,,,
2024-06-14,3654.91,3656.88,3612.64,3625.23,1746508,3403.67,3462.61,3121.18,3853.39,3853.39,112.82,56.71,0,,3303.45,,,0,,,0,,,,
2024-06-18,3645.08,3647.05,3612.64,3626.6,1936792,3408.72,3468.82,3121.18,3853.39,3853.39,107.22,56.78,0,,3308.07,,,0,,,0,,,,
2024-06-19,3627.39,3636.24,3514.34,3529.04,2936151,3413.17,3472.97,3121.18,3853.39,3853.39,108.27,50.34,0,,3244.45,,,0,,,0,,,,
2024-06-20,3551.82,3579.91,3531.66,3561.24,2618715,3417.41,3479.35,3121.18,3853.39,3853.39,104.17,52.27,0,,3267.95,,,0,,,0,,,,
2024-06-21,3570.75,3576.64,3483.51,3502.34,4508508,3421.35,3481.84,3121.18,3853.39,3853.39,103.38,48.56,0,,3230.48,,,0,,,0,,,,
2024-06-24,3487.82,3534.04,3472.61,3498.97,2330559,3425.04,3491.15,3121.18,3853.39,3853.39,100.38,48.35,0,,3230.31,,,0,,,0,,,,
2024-06-25,3523.64,3558.76,3495.4,3554.65,2158039,3428.92,3502.44,3121.18,3853.39,3853.39,97.74,52.06,0,,3267.98,,,0,,,0,,,,
2024-06-26,3567.73,3591.41,3559.06,3569.66,2480187,3432.83,3513.49,3121.18,3853.39,3853.39,93.38,53.04,0,,3280.57,,,0,,,0,,,,
2024-06-27,3564.21,3568.02,3517.2,3531.46,5519875,3436.4,3520.47,3327.86,3853.39,3853.39,90.46,50.23,0,,3326.77,,,0,,,0,,,,
2024-06-28,3507.29,3542.91,3505.41,3515.66,3141514,3439.75,3525.88,3387.53,3853.39,3853.39,86.68,49.07,0,,3338.99,,,0,,,0,,,,
2024-07-01,3502.53,3508.68,3481.53,3493.96,2961120,3443.05,3528.95,3461.31,3853.39,3853.39,82.92,47.45,0,,3352.09,,,0,,,0,,,,
2024-07-02,3502.39,3600.42,3502.39,3592.99,5087748,3446.63,3535.64,3472.61,3831.86,3853.39,84.6,54.78,0,,3418.61,,,0,,,0,,,,
2024-07-03,3616.62,3616.77,3571.69,3580.95,1923801,3450.26,3542.25,3472.61,3656.88,3831.86,81.78,53.8,0,,3412.73,,,0,,,0,,,,
2024-07-04,3582.69,3610.33,3532.85,3540.28,1851947,3453.71,3546.86,3472.61,3656.88,3656.88,81.47,50.5,0,,3386.7,,,0,,,0,,,,
2024-07-05,3540.28,3604.38,3535.03,3593.63,1635209,3457.46,3549.16,3472.61,3656.88,3656.88,80.61,54.45,0,,3421.69,,,0,,,0,,,,
2024-07-08,3606.46,3612.01,3560.79,3598.44,1706210,3461.49,3550.3,3472.61,3656.88,3656.88,78.51,54.8,0,,3426.19,,,0,,,0,,,,
2024-07-09,3616.27,3650.95,3612.41,3632.22,2425176,3465.69,3551.7,3472.61,3656.88,3656.88,76.65,57.28,0,,3449.22,,,0,,,0,,,,
2024-07-10,3651.0,3659.87,3567.73,3616.32,2231438,3469.81,3552.38,3472.61,3659.87,3656.88,77.76,55.73,0,,3438.22,,,0,,,0,,,,
2024-07-11,3626.18,3650.55,3569.71,3587.64,2942924,3473.52,3552.86,3472.61,3659.87,3659.87,77.98,52.94,0,,3419.58,,,0,,,0,,,,
2024-07-12,3596.46,3633.81,3579.32,3615.63,2001185,3477.25,3554.28,3472.61,3659.87,3659.87,76.3,55.29,0,,3438.75,,,0,,,0,,,,
2024-07-15,3636.09,3640.05,3603.39,3617.86,943302,3480.46,3554.64,3481.53,3659.87,3659.87,73.47,55.48,0,,3445.05,,,0,,,0,,,,
2024-07-16,3612.41,3617.86,3587.54,3602.95,2220953,3482.76,3547.04,3481.53,3659.87,3659.87,70.39,53.83,0,,3437.49,,,0,,,0,,,,
2024-07-18,3606.37,3645.25,3565.4,3622.42,3240772,3485.18,3556.27,3481.53,3659.87,3659.87,71.06,55.68,0,,3449.6,,,0,,,0,,,,
2024-07-19,3617.26,3625.14,3576.64,3585.06,2432533,3486.85,3564.07,3481.53,3659.87,3659.87,69.45,51.42,0,,3426.57,,,0,,,0,,,,
2024-07-22,3584.47,3628.01,3534.63,3617.71,3639057,3488.98,3570.54,3481.53,3659.87,3659.87,71.16,54.68,0,,3446.49,,,0,,,0,,,,
2024-07-23,3635.69,3679.68,3428.03,3505.36,6957691,3490.21,3571.63,3428.03,3679.68,3659.87,84.05,43.77,0,,3347.6,,,0,,,0,,,,
2024-07-24,3516.21,3525.07,3468.65,3486.93,3184060,3491.26,3571.74,3428.03,3679.68,3679.68,82.08,42.28,0,,3337.03,,,0,,,0,,,,
2024-07-25,3506.3,3597.35,3499.41,3585.71,4691483,3493.27,3573.35,3428.03,3679.68,3679.68,84.1,51.76,0,,3399.39,,,0,,,0,,,,
2024-07-26,3595.47,3666.8,3562.87,3645.9,2617659,3495.29,3575.92,3428.03,3679.68,3679.68,85.52,56.46,0,,3437.27,,,0,,,0,,,,
2024-07-29,3666.8,3754.98,3652.54,3740.07,4159919,3497.73,3579.23,3428.03,3754.98,3679.68,87.2,62.59,1,3740.07,3496.89,3496.89,3496.89,1,64,2024-07-29,0,,,,
2024-07-30,3739.97,3759.93,3704.05,3749.68,1979989,3499.86,3583.38,3428.03,3759.93,3754.98,84.96,63.16,0,,3504.58,,3504.58,1,64,2024-07-29,0,,,,
2024-07-31,3742.15,3786.68,3728.33,3779.75,2703636,3502.18,3588.48,3428.03,3786.68,3759.93,83.06,64.96,1,3779.75,3525.24,3525.24,3525.24,1,64,2024-07-29,0,,,,
2024-08-01,3774.79,3803.48,3731.05,3744.38,1998663,3504.21,3595.66,3428.03,3803.48,3786.68,82.3,61.17,0,,3502.93,,3525.24,1,64,2024-07-29,0,,,,
2024-08-02,3695.88,3714.26,3623.31,3631.83,2512525,3506.02,3598.01,3428.03,3803.48,3803.48,85.07,50.99,0,,3428.49,,3525.24,1,64,2024-07-29,0,,,,
2024-08-05,3563.76,3574.56,3479.05,3495.4,2900685,3506.88,3597.78,3428.03,3803.48,3803.48,89.91,41.89,0,,3337.27,,3525.24,1,64,2024-07-29,1,3525.24,TRAILING_STOP|SMA150_BREAK,6,-5.74
2024-08-06,3515.22,3601.31,3513.23,3543.16,2125532,3507.71,3599.26,3428.03,3803.48,3803.48,91.05,45.55,0,,3367.31,,,0,,,0,,,,
2024-08-07,3596.46,3621.97,3576.99,3604.63,1613097,3508.87,3600.92,3428.03,3803.48,3803.48,90.18,49.93,0,,3407.54,,,0,,,0,,,,
2024-08-08,3587.54,3595.22,3514.67,3520.71,2038088,3509.12,3599.29,3428.03,3803.48,3803.48,90.16,44.65,0,,3353.43,,,0,,,0,,,,
2024-08-09,3566.74,3572.23,3542.66,3558.86,848232,3509.79,3600.2,3428.03,3803.48,3803.48,87.4,47.37,0,,3379.87,,,0,,,0,,,,
2024-08-12,3545.93,3577.63,3530.08,3538.94,1965035,3510.27,3600.98,3428.03,3803.48,3803.48,84.56,46.1,0,,3368.92,,,0,,,0,,,,
2024-08-13,3546.92,3573.67,3512.44,3518.98,1316218,3510.63,3601.81,3468.65,3803.48,3803.48,82.89,44.8,0,,3370.7,,,0,,,0,,,,
2024-08-14,3526.06,3545.63,3503.82,3512.44,1584372,3511.51,3599.13,3479.05,3803.48,3803.48,79.96,44.36,0,,3371.9,,,0,,,0,,,,
2024-08-16,3544.94,3547.81,3500.35,3535.38,2808865,3512.53,3597.61,3479.05,3803.48,3803.48,77.63,46.35,0,,3388.25,,,0,,,0,,,,
2024-08-19,3566.59,3566.64,3514.23,3522.2,1898535,3513.35,3597.01,3479.05,3803.48,3803.48,75.83,45.35,0,,3380.95,,,0,,,0,,,,
2024-08-20,3529.09,3546.92,3515.22,3539.69,1285569,3513.87,3595.21,3479.05,3803.48,3803.48,72.68,46.99,0,,3394.33,,,0,,,0,,,,
2024-08-21,3556.83,3581.89,3548.8,3562.82,1714248,3514.67,3594.02,3479.05,3803.48,3803.48,70.5,49.17,0,,3410.7,,,0,,,0,,,,
2024-08-22,3573.72,3578.77,3550.83,3573.18,1734927,3515.19,3592.05,3479.05,3803.48,3803.48,67.46,50.16,0,,3419.41,,,0,,,0,,,,
2024-08-23,3573.18,3588.53,3553.91,3565.3,1825180,3515.72,3590.35,3479.05,3803.48,3803.48,65.12,49.38,0,,3415.89,,,0,,,0,,,,
2024-08-26,3577.63,3614.29,3561.48,3608.25,1606911,3516.81,3591.04,3479.05,3803.48,3803.48,64.24,53.65,0,,3444.18,,,0,,,0,,,,
2024-08-27,3608.99,3702.47,3602.4,3668.49,3315435,3517.88,3592.8,3500.35,3803.48,3803.48,66.8,58.88,0,,3488.43,,,0,,,0,,,,
2024-08-28,3670.77,3689.99,3650.95,3654.96,1278175,3519.02,3594.04,3500.35,3803.48,3803.48,64.81,57.32,0,,3481.02,,,0,,,0,,,,
2024-08-29,3656.4,3675.72,3617.81,3649.41,2165489,3519.93,3595.59,3500.35,3803.48,3803.48,64.32,56.65,0,,3477.77,,,0,,,0,,,,
2024-08-30,3683.99,3710.4,3632.52,3670.42,2592912,3521.0,3597.19,3500.35,3714.26,3803.48,65.29,58.61,0,,3490.68,,,0,,,0,,,,
2024-09-02,3671.76,3687.56,3632.47,3649.07,1277813,3521.76,3599.32,3500.35,3710.4,3714.26,64.56,55.85,0,,3477.39,,,0,,,0,,,,
2024-09-03,3659.82,3679.63,3633.02,3656.05,1211993,3522.24,3600.6,3500.35,3710.4,3710.4,63.28,56.57,0,,3482.75,,,0,,,0,,,,
2024-09-04,3616.27,3646.99,3597.55,3617.07,1930121,3523.08,3604.32,3500.35,3710.4,3710.4,62.94,51.51,0,,3457.84,,,0,,,0,,,,
2024-09-05,3634.11,3634.11,3575.06,3590.66,2958770,3523.5,3607.78,3500.35,3710.4,3710.4,62.66,48.36,0,,3440.99,,,0,,,0,,,,
2024-09-06,3581.7,3590.32,3503.52,3541.72,3096557,3523.56,3606.31,3503.52,3710.4,3710.4,64.41,43.09,0,,3409.31,,,0,,,0,,,,
2024-09-09,3550.88,3560.79,3521.01,3545.24,1454589,3522.9,3602.96,3503.52,3710.4,3710.4,62.65,43.56,0,,3412.75,,,0,,,0,,,,
2024-09-10,3551.87,3591.5,3538.0,3562.92,1203483,3522.84,3597.05,3503.52,3710.4,3710.4,62.0,46.01,0,,3424.59,,,0,,,0,,,,
2024-09-11,3561.78,3570.65,3483.91,3504.27,1865165,3523.39,3588.87,3483.91,3710.4,3710.4,63.76,39.85,0,,3379.05,,,0,,,0,,,,
2024-09-12,3525.12,3604.43,3501.35,3588.53,3751523,3525.05,3582.5,3483.91,3710.4,3710.4,66.57,50.17,0,,3431.52,,,0,,,0,,,,
2024-09-13,3588.53,3601.16,3566.78,3579.62,1752455,3526.79,3577.01,3483.91,3710.4,3710.4,64.27,49.21,0,,3427.31,,,0,,,0,,,,
2024-09-16,3585.71,3636.09,3579.62,3628.41,1045964,3529.08,3576.89,3483.91,3710.4,3710.4,63.71,54.37,0,,3459.15,,,0,,,0,,,,
2024-09-17,3634.11,3670.77,3625.88,3661.06,1289060,3531.04,3582.41,3483.91,3710.4,3710.4,62.37,57.48,0,,3481.11,,,0,,,0,,,,
2024-09-18,3654.91,3723.23,3650.16,3695.98,2249929,3533.44,3587.51,3483.91,3723.23,3710.4,63.13,60.58,0,,3503.12,,,0,,,0,,,,
2024-09-19,3715.35,3715.75,3640.05,3649.66,1711564,3535.91,3589.01,3483.91,3723.23,3723.23,64.03,54.87,0,,3472.65,,,0,,,0,,,,
2024-09-20,3665.81,3774.7,3646.24,3758.84,5401701,3539.18,3596.95,3483.91,3774.7,3723.23,68.63,63.58,1,3758.84,3540.0,3540.0,3540.0,1,65,2024-09-20,0,,,,
2024-09-23,3764.89,3803.33,3714.36,3752.7,1937874,3542.57,3603.41,3483.91,3803.33,3774.7,70.09,62.85,0,,3535.07,,3540.0,1,65,2024-09-20,0,,,,
2024-09-24,3752.7,3796.39,3740.12,3756.57,2676546,3545.85,3610.66,3483.91,3803.33,3803.33,69.1,63.14,0,,3538.22,,3540.0,1,65,2024-09-20,0,,,,
2024-09-25,3752.55,3777.97,3743.09,3758.79,2113862,3549.22,3618.66,3483.91,3803.33,3803.33,66.66,63.31,0,,3541.29,,3541.29,1,65,2024-09-20,0,,,,
2024-09-26,3765.88,3767.81,3701.87,3727.39,2750597,3552.44,3625.82,3483.91,3803.33,3803.33,66.6,59.01,0,,3521.07,,3541.29,1,65,2024-09-20,0,,,,
2024-09-27,3703.46,3703.46,3617.26,3671.41,4095425,3554.72,3630.36,3483.91,3803.33,3803.33,69.71,52.2,0,,3482.89,,3541.29,1,65,2024-09-20,0,,,,
2024-09-30,3664.82,3681.32,3631.13,3641.59,1837697,3557.11,3634.34,3483.91,3803.33,3803.33,68.32,48.96,0,,3464.58,,3541.29,1,65,2024-09-20,0,,,,
2024-10-01,3633.12,3689.59,3605.72,3619.74,1674100,3559.25,3637.0,3483.91,3803.33,3803.33,69.43,46.67,0,,3449.75,,3541.29,1,65,2024-09-20,0,,,,
2024-10-03,3549.4,3583.58,3453.19,3465.33,5315877,3560.74,3633.75,3453.19,3803.33,3803.33,76.37,34.43,0,,3335.29,,3541.29,1,65,2024-09-20,1,3560.74,TRAILING_STOP|SMA150_BREAK,9,-5.27
2024-10-04,3482.52,3520.71,3436.45,3461.67,3445879,3561.78,3630.04,3436.45,3803.33,3803.33,76.93,34.21,0,,3326.97,,,0,,,0,,,,
2024-10-07,3472.61,3480.49,3397.32,3436.3,2304227,3562.48,3625.74,3397.32,3803.33,3803.33,77.38,32.59,0,,3297.27,,,0,,,0,,,,
2024-10-08,3460.67,3505.8,3436.95,3499.76,2249452,3563.07,3622.12,3397.32,3803.33,3803.33,76.81,40.21,0,,3338.58,,,0,,,0,,,,
2024-10-09,3509.32,3524.83,3448.83,3454.88,1645791,3563.13,3615.0,3397.32,3803.33,3803.33,76.76,37.02,0,,3309.67,,,0,,,0,,,,
2024-10-10,3482.52,3522.05,3423.57,3428.38,2686116,3563.24,3607.45,3397.32,3803.33,3803.33,78.31,35.24,0,,3291.54,,,0,,,0,,,,
2024-10-11,3437.34,3464.79,3415.15,3450.37,1280465,3563.45,3600.81,3397.32,3803.33,3803.33,76.26,37.91,0,,3307.09,,,0,,,0,,,,
2024-10-14,3477.57,3540.83,3468.95,3522.2,1974378,3563.12,3595.87,3397.32,3803.33,3803.33,77.27,45.75,0,,3352.74,,,0,,,0,,,,
2024-10-15,3537.01,3537.01,3487.62,3519.08,1231552,3562.7,3591.54,3397.32,3803.33,3803.33,75.28,45.48,0,,3352.06,,,0,,,0,,,,
2024-10-16,3517.2,3548.8,3481.08,3499.96,1961835,3562.36,3586.34,3397.32,3803.33,3803.33,74.74,43.78,0,,3340.09,,,0,,,0,,,,
2024-10-17,3517.1,3549.89,3489.26,3537.31,2968537,3562.07,3583.68,3397.32,3803.33,3803.33,73.73,47.88,0,,3364.85,,,0,,,0,,,,
2024-10-18,3536.96,3559.26,3507.54,3544.74,2102609,3561.6,3582.15,3397.32,3803.33,3803.33,72.16,48.68,0,,3370.69,,,0,,,0,,,,
2024-10-21,3546.92,3588.48,3538.3,3552.47,1750549,3561.43,3582.51,3397.32,3803.33,3803.33,70.59,49.55,0,,3376.72,,,0,,,0,,,,
2024-10-22,3551.87,3558.46,3467.66,3479.45,1363574,3560.89,3580.31,3397.32,3796.39,3803.33,72.03,42.27,0,,3328.66,,,0,,,0,,,,
2024-10-23,3468.7,3481.48,3411.19,3423.47,2125268,3560.52,3575.66,3397.32,3777.97,3796.39,71.91,37.7,0,,3292.64,,,0,,,0,,,,
2024-10-24,3412.18,3442.49,3385.18,3410.84,1924421,3559.61,3572.55,3385.18,3767.81,3777.97,70.87,36.74,0,,3281.14,,,0,,,0,,,,
2024-10-25,3393.35,3403.26,3284.42,3295.66,3236774,3558.4,3562.79,3284.42,3703.46,3767.81,74.84,29.36,0,,3170.62,,,0,,,0,,,,
2024-10-28,3285.36,3341.83,3232.4,3309.93,2991674,3557.13,3553.8,3232.4,3689.59,3703.46,77.31,31.2,0,,3160.83,,,0,,,0,,,,
2024-10-29,3285.36,3353.13,3285.36,3349.66,2253467,3556.51,3544.51,3232.4,3689.59,3689.59,76.63,36.19,0,,3186.91,,,0,,,0,,,,
2024-10-30,3348.72,3406.63,3322.02,3376.86,1785128,3556.03,3535.03,3232.4,3588.48,3689.59,77.2,39.44,0,,3204.08,,,0,,,0,,,,
2024-10-31,3497.38,3621.18,3475.93,3588.83,7637083,3556.62,3531.46,3232.4,3621.18,3588.48,89.13,57.54,0,,3332.84,,,0,,,0,,,,
2024-11-01,3591.45,3608.25,3586.55,3592.84,212796,3556.86,3529.57,3232.4,3621.18,3621.18,84.32,57.79,0,,3338.64,,,0,,,0,,,,
2024-11-04,3591.45,3591.45,3498.27,3541.42,1724189,3556.42,3522.32,3232.4,3621.18,3621.18,85.05,53.34,0,,3304.98,,,0,,,0,,,,
2024-11-05,3523.14,3551.87,3509.17,3541.77,1251506,3555.74,3515.29,3232.4,3621.18,3621.18,82.02,53.36,0,,3307.23,,,0,,,0,,,,
2024-11-06,3560.79,3626.08,3524.53,3611.77,1819732,3555.15,3510.46,3232.4,3626.08,3621.18,83.42,58.42,0,,3351.45,,,0,,,0,,,,
2024-11-07,3613.65,3629.15,3586.55,3612.86,1581009,3554.09,3505.6,3232.4,3629.15,3626.08,80.5,58.5,0,,3354.09,,,0,,,0,,,,
2024-11-08,3606.76,3633.12,3587.19,3626.48,1622142,3553.31,3502.23,3232.4,3633.12,3629.15,78.03,59.49,0,,3364.52,,,0,,,0,,,,
2024-11-11,3612.31,3627.17,3572.68,3595.32,926127,3552.49,3499.7,3232.4,3633.12,3633.12,76.35,56.19,0,,3345.55,,,0,,,0,,,,
2024-11-12,3616.27,3617.26,3546.92,3558.17,1116206,3551.32,3496.92,3232.4,3633.12,3633.12,75.92,52.45,0,,3321.87,,,0,,,0,,,,
2024-11-13,3551.87,3571.54,3502.98,3515.17,1568694,3550.23,3493.43,3232.4,3633.12,3633.12,75.4,48.43,0,,3294.49,,,0,,,0,,,,
2024-11-14,3525.12,3532.8,3467.81,3493.67,1291765,3548.56,3494.38,3232.4,3633.12,3633.12,74.65,46.51,0,,3281.11,,,0,,,0,,,,
2024-11-18,3488.56,3535.33,3478.41,3509.42,1233217,3547.15,3495.97,3232.4,3633.12,3633.12,73.39,48.13,0,,3292.12,,,0,,,0,,,,
2024-11-19,3527.01,3573.67,3462.71,3473.5,1826460,3545.71,3497.21,3285.36,3633.12,3633.12,76.07,44.8,0,,3284.81,,,0,,,0,,,,
2024-11-21,3497.38,3497.93,3420.55,3451.31,1510581,3544.61,3495.59,3322.02,3633.12,3633.12,76.16,42.83,0,,3282.66,,,0,,,0,,,,
2024-11-22,3467.66,3580.11,3441.01,3570.2,2534018,3544.81,3499.44,3420.55,3633.12,3633.12,80.66,54.41,0,,3389.19,,,0,,,0,,,,
2024-11-25,3626.18,3726.25,3620.24,3718.32,4753829,3546.38,3509.1,3420.55,3726.25,3633.12,86.04,64.16,1,3718.32,3481.14,3481.14,3481.14,1,66,2024-11-25,0,,,,
2024-11-26,3720.2,3720.2,3655.9,3668.39,1141534,3547.56,3516.37,3420.55,3726.25,3726.25,84.49,59.54,0,,3449.97,,3481.14,1,66,2024-11-25,0,,,,
2024-11-27,3669.77,3685.63,3650.95,3664.52,971816,3548.94,3521.11,3420.55,3726.25,3726.25,80.93,59.18,0,,3449.84,,3481.14,1,66,2024-11-25,0,,,,
2024-11-28,3665.81,3686.12,3614.29,3632.18,2124283,3549.48,3524.88,3420.55,3726.25,3726.25,80.28,56.16,0,,3429.42,,3481.14,1,66,2024-11-25,0,,,,
2024-11-29,3601.51,3715.35,3601.51,3690.38,2094305,3550.42,3531.23,3420.55,3726.25,3726.25,82.68,60.11,0,,3465.36,,3481.14,1,66,2024-11-25,0,,,,
2024-12-02,3672.6,3683.5,3638.96,3669.82,1158369,3551.06,3535.65,3420.55,3726.25,3726.25,80.45,58.12,0,,3453.59,,3481.14,1,66,2024-11-25,0,,,,
2024-12-03,3686.62,3763.75,3667.3,3752.06,3252670,3552.14,3542.56,3420.55,3763.75,3726.25,81.59,63.34,1,3752.06,3505.87,3505.87,3505.87,1,66,2024-11-25,0,,,,
2024-12-04,3740.12,3799.56,3723.33,3754.88,2510166,3553.55,3549.3,3420.55,3799.56,3763.75,81.21,63.51,0,,3507.94,,3507.94,1,66,2024-11-25,0,,,,
2024-12-05,3774.8,3848.11,3725.26,3796.15,2765170,3555.04,3559.86,3420.55,3848.11,3799.56,84.18,65.97,0,,3532.58,,3532.58,1,66,2024-11-25,0,,,,
2024-12-06,3796.59,3848.06,3764.89,3830.97,1856562,3557.02,3573.44,3420.55,3848.11,3848.11,84.11,67.94,0,,3555.09,,3555.09,1,66,2024-11-25,0,,,,
2024-12-09,3831.76,3922.42,3831.76,3910.83,3332753,3559.5,3590.11,3420.55,3922.42,3848.11,84.63,71.94,1,3910.83,3606.25,3606.25,3606.25,1,66,2024-11-25,0,,,,
2024-12-10,3918.46,3926.88,3865.25,3886.9,2349493,3562.48,3609.82,3420.55,3926.88,3922.42,82.99,69.15,0,,3591.91,,3606.25,1,66,2024-11-25,0,,,,
2024-12-11,3886.9,3911.17,3865.94,3880.56,1237958,3565.65,3628.84,3420.55,3926.88,3926.88,80.29,68.4,0,,3589.62,,3606.25,1,66,2024-11-25,0,,,,
2024-12-12,3893.69,3922.42,3811.4,3824.23,1899867,3568.69,3644.66,3441.01,3926.88,3926.88,82.49,61.93,0,,3558.64,,3606.25,1,66,2024-11-25,0,,,,
2024-12-13,3823.34,3861.98,3759.14,3851.08,2300361,3571.51,3660.47,3601.51,3926.88,3926.88,83.94,63.69,0,,3628.49,,3628.49,1,66,2024-11-25,0,,,,
2024-12-16,3846.13,3878.23,3821.61,3842.02,918660,3575.66,3668.91,3601.51,3926.88,3926.88,81.99,62.63,0,,3623.95,,3628.49,1,66,2024-11-25,0,,,,
2024-12-17,3827.35,3839.59,3761.92,3772.02,1690180,3579.36,3674.88,3601.51,3926.88,3926.88,81.86,55.05,0,,3578.89,,3628.49,1,66,2024-11-25,0,,,,
2024-12-18,3772.02,3783.71,3710.4,3723.42,1318341,3582.6,3680.95,3601.51,3926.88,3926.88,81.24,50.48,0,,3547.95,,3628.49,1,66,2024-11-25,0,,,,
2024-12-19,3667.94,3727.44,3665.81,3682.01,1856838,3585.0,3685.62,3601.51,3926.88,3926.88,79.84,46.91,0,,3522.17,,3628.49,1,66,2024-11-25,0,,,,
2024-12-20,3682.01,3690.58,3573.77,3596.31,2796593,3586.62,3685.11,3573.77,3926.88,3926.88,82.48,40.52,0,,3455.89,,3628.49,1,66,2024-11-25,1,3628.49,TRAILING_STOP|SMA150_BREAK,20,-2.42
2024-12-23,3636.09,3665.81,3583.63,3606.86,1217612,3587.98,3684.9,3573.77,3926.88,3926.88,82.46,41.57,0,,3462.71,,,0,,,0,,,,
2024-12-24,3614.24,3645.01,3598.84,3606.12,627922,3589.41,3684.23,3573.77,3926.88,3926.88,79.87,41.52,0,,3463.96,,,0,,,0,,,,
2024-12-26,3624.2,3631.28,3576.99,3595.96,1124705,3590.83,3684.25,3573.77,3926.88,3926.88,78.04,40.71,0,,3458.62,,,0,,,0,,,,
2024-12-27,3598.84,3609.98,3570.2,3574.76,1309122,3591.98,3684.8,3570.2,3926.88,3926.88,75.31,39.01,0,,3445.58,,,0,,,0,,,,
2024-12-30,3574.56,3589.52,3533.05,3545.88,1591690,3592.13,3685.82,3533.05,3926.88,3926.88,73.96,36.76,0,,3415.47,,,0,,,0,,,,
2024-12-31,3529.63,3587.15,3517.2,3574.31,1267628,3592.19,3688.51,3517.2,3926.88,3926.88,73.68,40.4,0,,3428.71,,,0,,,0,,,,
2025-01-01,3566.74,3654.91,3566.69,3633.61,1202029,3592.48,3692.65,3517.2,3926.88,3926.88,74.72,47.24,0,,3466.27,,,0,,,0,,,,
2025-01-02,3642.63,3689.69,3616.32,3679.19,1882900,3593.04,3699.51,3517.2,3926.88,3926.88,74.62,51.82,0,,3495.73,,,0,,,0,,,,
2025-01-03,3673.74,3685.53,3617.71,3626.08,1290107,3593.39,3705.33,3517.2,3926.88,3926.88,74.13,46.73,0,,3461.8,,,0,,,0,,,,
2025-01-06,3650.7,3658.13,3552.37,3569.91,1212012,3593.37,3705.32,3517.2,3926.88,3926.88,76.39,42.03,0,,3424.06,,,0,,,0,,,,
2025-01-07,3573.77,3616.13,3562.48,3609.64,1453540,3593.39,3701.7,3517.2,3926.88,3926.88,74.77,46.16,0,,3450.77,,,0,,,0,,,,
2025-01-08,3628.16,3630.0,3556.83,3563.12,1813201,3591.6,3698.19,3517.2,3922.42,3926.88,74.65,42.36,0,,3420.84,,,0,,,0,,,,
2025-01-09,3566.64,3572.98,3453.79,3495.3,2921681,3592.6,3692.55,3453.79,3922.42,3922.42,77.84,37.51,0,,3353.84,,,0,,,0,,,,
2025-01-10,3467.61,3519.38,3460.03,3503.48,1794238,3593.61,3688.26,3453.79,3878.23,3922.42,76.52,38.42,0,,3360.0,,,0,,,0,,,,
2025-01-13,3473.16,3501.84,3416.73,3432.29,2137212,3593.67,3679.66,3416.73,3878.23,3878.23,77.25,33.79,0,,3301.24,,,0,,,0,,,,
2025-01-14,3433.83,3459.68,3416.73,3430.61,2924491,3593.39,3671.69,3416.73,3839.59,3878.23,74.8,33.68,0,,3301.79,,,0,,,0,,,,
2025-01-15,3439.22,3493.57,3439.22,3469.05,1155446,3593.3,3662.25,3416.73,3783.71,3839.59,73.95,38.33,0,,3327.15,,,0,,,0,,,,
2025-01-16,3502.34,3510.71,3451.56,3475.49,2305460,3592.88,3652.94,3416.73,3727.44,3783.71,72.89,39.1,0,,3332.01,,,0,,,0,,,,
2025-01-17,3491.44,3546.77,3479.5,3535.68,1600246,3592.66,3644.26,3416.73,3690.58,3727.44,72.78,45.9,0,,3370.9,,,0,,,0,,,,
2025-01-20,3541.87,3583.73,3523.64,3559.8,1593334,3592.12,3635.22,3416.73,3689.69,3690.58,71.87,48.39,0,,3387.07,,,0,,,0,,,,
2025-01-21,3579.37,3609.64,3495.5,3508.38,2576596,3591.34,3621.8,3416.73,3689.69,3689.69,74.89,43.77,0,,3351.89,,,0,,,0,,,,
2025-01-22,3530.08,3549.25,3457.85,3485.69,1626055,3590.4,3608.43,3416.73,3689.69,3689.69,76.07,41.87,0,,3336.47,,,0,,,0,,,,
2025-01-23,3459.73,3495.2,3428.62,3470.88,1993204,3590.02,3594.77,3416.73,3689.69,3689.69,75.39,40.63,0,,3327.37,,,0,,,0,,,,
2025-01-24,3482.03,3488.56,3414.21,3426.25,1206454,3589.12,3581.51,3414.21,3689.69,3689.69,75.32,37.07,0,,3297.79,,,0,,,0,,,,
2025-01-27,3415.35,3461.62,3369.72,3425.7,1552938,3588.6,3567.33,3369.72,3689.69,3689.69,76.5,37.02,0,,3281.81,,,0,,,0,,,,
2025-01-28,3432.93,3449.97,3372.6,3382.35,1657689,3587.83,3552.0,3369.72,3689.69,3689.69,76.56,33.7,0,,3253.81,,,0,,,0,,,,
2025-01-29,3399.3,3423.08,3380.47,3417.82,1238704,3586.92,3540.2,3369.72,3689.69,3689.69,74.14,38.56,0,,3278.31,,,0,,,0,,,,
2025-01-30,3423.08,3485.3,3363.63,3389.34,2717740,3585.71,3529.06,3363.63,3685.53,3689.69,77.53,36.26,0,,3255.64,,,0,,,0,,,,
2025-01-31,3468.7,3556.83,3448.88,3534.44,3995513,3585.73,3524.14,3363.63,3658.13,3685.53,83.96,51.97,0,,3344.95,,,0,,,0,,,,
2025-02-01,3544.94,3595.67,3370.56,3415.64,4752505,3585.07,3518.12,3363.63,3630.0,3658.13,94.04,42.69,0,,3261.6,,,0,,,0,,,,
2025-02-03,3388.4,3388.4,3239.78,3258.81,6077580,3583.5,3506.52,3239.78,3630.0,3630.0,99.89,34.05,0,,3115.27,,,0,,,0,,,,
2025-02-04,3285.36,3417.13,3276.69,3407.37,4742516,3582.26,3499.89,3239.78,3609.64,3630.0,104.06,45.34,0,,3208.31,,,0,,,0,,,,
2025-02-05,3412.82,3419.06,3348.22,3351.94,2670316,3580.73,3491.76,3239.78,3609.64,3609.64,101.69,42.42,0,,3174.14,,,0,,,0,,,,
2025-02-06,3372.55,3372.55,3311.81,3321.77,2874856,3579.28,3483.33,3239.78,3609.64,3609.64,98.76,40.88,0,,3156.63,,,0,,,0,,,,
2025-02-07,3335.89,3338.81,3280.5,3306.07,1722789,3577.36,3475.33,3239.78,3609.64,3609.64,95.87,40.06,0,,3148.43,,,0,,,0,,,,
2025-02-10,3316.87,3318.05,3263.61,3297.89,1236663,3575.36,3466.12,3239.78,3609.64,3609.64,92.91,39.62,0,,3145.12,,,0,,,0,,,,
2025-02-11,3329.89,3329.94,3201.15,3209.72,2593537,3572.54,3451.99,3201.15,3609.64,3609.64,95.48,35.11,0,,3073.67,,,0,,,0,,,,
2025-02-12,3228.89,3269.51,3192.48,3259.25,1632415,3570.16,3437.99,3192.48,3609.64,3609.64,94.16,39.29,0,,3103.6,,,0,,,0,,,,
2025-02-13,3259.25,3284.27,3222.89,3233.49,2127644,3567.8,3424.91,3192.48,3609.64,3609.64,91.82,37.92,0,,3088.55,,,0,,,0,,,,
2025-02-14,3244.79,3255.44,3191.78,3207.73,1378340,3565.08,3412.83,3191.78,3609.64,3609.64,89.81,36.55,0,,3073.04,,,0,,,0,,,,
2025-02-17,3183.86,3209.47,3165.03,3192.08,1966689,3562.24,3398.91,3165.03,3595.67,3609.64,86.57,35.7,0,,3056.19,,,0,,,0,,,,
2025-02-18,3197.18,3211.05,3153.59,3190.4,2428215,3559.49,3386.49,3153.59,3595.67,3595.67,84.49,35.61,0,,3052.68,,,0,,,0,,,,
2025-02-19,3190.4,3272.33,3181.92,3245.63,1677978,3556.98,3378.17,3153.59,3595.67,3595.67,84.91,41.16,0,,3088.02,,,0,,,0,,,,
2025-02-20,3229.93,3255.09,3217.74,3245.53,1236693,3554.71,3369.57,3153.59,3595.67,3595.67,81.51,41.16,0,,3090.22,,,0,,,0,,,,
2025-02-21,3245.53,3294.18,3240.68,3284.47,1706850,3552.49,3364.64,3153.59,3595.67,3595.67,79.51,45.03,0,,3116.67,,,0,,,0,,,,
2025-02-24,3259.3,3294.77,3219.97,3227.6,1512844,3550.64,3357.88,3153.59,3595.67,3595.67,79.18,40.8,0,,3080.22,,,0,,,0,,,,
2025-02-25,3203.13,3218.93,3176.77,3196.09,2529084,3548.7,3348.78,3153.59,3595.67,3595.67,77.15,38.64,0,,3061.24,,,0,,,0,,,,
2025-02-27,3208.08,3228.39,3154.58,3179.84,2572065,3546.0,3338.92,3153.59,3595.67,3595.67,76.91,37.53,0,,3050.92,,,0,,,0,,,,
2025-02-28,3170.23,3170.23,3111.98,3134.62,2494680,3542.59,3325.55,3111.98,3595.67,3595.67,76.27,34.57,0,,3008.31,,,0,,,0,,,,
2025-03-03,3136.7,3197.18,3130.8,3167.76,1352460,3538.77,3312.48,3111.98,3419.06,3595.67,75.56,38.41,0,,3030.16,,,0,,,0,,,,
2025-03-04,3141.75,3191.24,3138.53,3183.31,1442098,3535.0,3301.65,3111.98,3419.06,3419.06,73.93,40.18,0,,3041.28,,,0,,,0,,,,
2025-03-05,3183.31,3215.02,3158.39,3209.72,1945855,3531.2,3292.45,3111.98,3419.06,3419.06,72.69,43.18,0,,3059.14,,,0,,,0,,,,
2025-03-06,3220.07,3236.27,3185.29,3229.78,1854837,3527.77,3284.41,3111.98,3372.55,3419.06,71.14,45.41,0,,3073.11,,,0,,,0,,,,
2025-03-07,3229.78,3258.61,3210.16,3214.72,930240,3524.99,3277.36,3111.98,3338.81,3372.55,69.52,44.01,0,,3064.47,,,0,,,0,,,,
2025-03-10,3216.01,3216.3,3139.77,3148.34,1777752,3522.67,3268.12,3111.98,3329.94,3338.81,70.02,38.4,0,,3021.33,,,0,,,0,,,,
2025-03-11,3141.01,3174.79,3131.89,3165.92,1274649,3520.16,3260.9,3111.98,3329.94,3329.94,68.08,40.56,0,,3033.96,,,0,,,0,,,,
2025-03-12,3175.39,3192.18,3123.92,3164.14,1360149,3517.22,3252.45,3111.98,3294.77,3329.94,68.1,40.4,0,,3032.8,,,0,,,0,,,,
2025-03-13,3172.66,3203.28,3148.68,3157.85,1414376,3514.8,3244.73,3111.98,3294.77,3294.77,67.13,39.83,0,,3029.39,,,0,,,0,,,,
2025-03-17,3160.52,3210.11,3129.81,3144.13,2805790,3512.04,3231.72,3111.98,3294.77,3294.77,68.07,38.53,0,,3019.91,,,0,,,0,,,,
2025-03-18,3144.13,3144.13,3144.13,3144.13,0,3509.4,3222.67,3111.98,3294.77,3294.77,63.21,38.53,0,,3023.15,,,0,,,0,,,,
2025-03-19,3244.74,3295.86,3238.3,3288.88,1616312,3507.87,3223.67,3111.98,3295.86,3294.77,69.53,56.03,0,,3112.3,,,0,,,0,,,,
2025-03-20,3304.43,3327.86,3246.62,3320.09,2434722,3506.59,3220.76,3111.98,3327.86,3295.86,70.37,58.75,0,,3131.87,,,0,,,0,,,,
2025-03-21,3325.98,3423.08,3301.95,3384.39,3042073,3505.58,3221.84,3111.98,3423.08,3327.86,74.0,63.74,0,,3170.93,,,0,,,0,,,,
2025-03-24,3417.13,3484.5,3414.16,3449.68,1955564,3505.1,3226.11,3123.92,3484.5,3423.08,75.86,67.97,0,,3215.78,,,0,,,0,,,,
2025-03-25,3472.61,3492.43,3403.61,3437.54,4235900,3504.42,3230.49,3123.92,3492.43,3484.5,76.79,66.42,0,,3207.33,,,0,,,0,,,,
2025-03-26,3440.91,3464.49,3386.91,3412.97,2315715,3503.42,3234.33,3123.92,3492.43,3492.43,76.84,63.27,0,,3191.44,,,0,,,0,,,,
2025-03-27,3428.03,3495.4,3419.11,3469.24,3467864,3502.72,3242.98,3123.92,3495.4,3492.43,77.24,67.12,0,,3227.47,,,0,,,0,,,,
2025-03-28,3477.47,3481.53,3440.46,3460.03,1348143,3502.02,3249.67,3123.92,3495.4,3495.4,74.66,65.9,0,,3223.25,,,0,,,0,,,,
2025-04-01,3447.84,3469.24,3398.31,3405.04,1935147,3500.67,3255.39,3123.92,3495.4,3495.4,74.39,59.02,0,,3187.96,,,0,,,0,,,,
2025-04-02,3401.28,3425.8,3376.51,3388.3,1338839,3498.8,3261.41,3123.92,3495.4,3495.4,72.6,57.07,0,,3178.36,,,0,,,0,,,,
2025-04-03,3368.58,3431.0,3361.65,3388.55,1200631,3497.02,3267.96,3123.92,3495.4,3495.4,72.37,57.09,0,,3178.68,,,0,,,0,,,,
2025-04-04,3368.58,3372.35,3207.39,3230.03,2366979,3494.23,3269.28,3129.81,3495.4,3495.4,80.14,41.88,0,,3073.21,,,0,,,0,,,,
2025-04-07,3020.88,3062.04,2937.9,3040.15,4953864,3490.03,3262.43,2937.9,3495.4,3495.4,95.28,31.17,0,,2876.68,,,0,,,0,,,,
2025-04-08,3096.07,3164.39,3064.12,3131.89,2877816,3486.58,3258.64,2937.9,3495.4,3495.4,97.35,39.25,0,,2934.47,,,0,,,0,,,,
2025-04-09,3129.61,3129.61,3019.84,3025.93,4451381,3482.38,3250.02,2937.9,3495.4,3495.4,98.4,34.25,0,,2865.43,,,0,,,0,,,,
2025-04-11,3085.23,3127.83,3071.5,3087.16,3979116,3478.85,3245.34,2937.9,3495.4,3495.4,98.65,39.08,0,,2904.75,,,0,,,0,,,,
2025-04-15,3150.62,3241.77,3146.75,3227.5,2161492,3476.42,3246.39,2937.9,3495.4,3495.4,102.65,48.44,0,,2992.61,,,0,,,0,,,,
2025-04-16,3239.78,3246.52,3194.31,3197.88,1578260,3474.13,3246.99,2937.9,3495.4,3495.4,99.04,46.8,0,,2975.9,,,0,,,0,,,,
2025-04-17,3184.4,3219.87,3133.18,3217.29,3209331,3471.95,3249.74,2937.9,3495.4,3495.4,98.16,48.04,0,,2989.01,,,0,,,0,,,,
2025-04-21,3219.47,3259.6,3195.3,3250.19,1643003,3469.86,3252.49,2937.9,3495.4,3495.4,95.74,50.15,0,,3011.84,,,0,,,0,,,,
2025-04-22,3249.69,3254.65,3217.99,3227.7,2060322,3468.02,3253.97,2937.9,3495.4,3495.4,91.52,48.69,0,,3000.15,,,0,,,0,,,,
2025-04-23,3245.13,3284.37,3236.52,3270.5,2381699,3465.9,3256.0,2937.9,3495.4,3495.4,89.03,51.58,0,,3029.42,,,0,,,0,,,,
2025-04-24,3276.44,3276.44,3249.69,3270.1,1993448,3463.83,3257.34,2937.9,3495.4,3495.4,84.58,51.55,0,,3032.13,,,0,,,0,,,,
2025-04-25,3279.42,3304.88,3200.25,3241.87,2004819,3461.26,3258.25,2937.9,3495.4,3495.4,86.02,49.43,0,,3012.96,,,0,,,0,,,,
2025-04-28,3229.88,3319.84,3224.73,3296.56,1689485,3458.83,3263.19,2937.9,3495.4,3495.4,86.67,53.43,0,,3047.8,,,0,,,0,,,,
2025-04-29,3304.18,3345.2,3284.37,3291.6,1843861,3456.13,3267.38,2937.9,3495.4,3495.4,84.82,53.02,0,,3045.84,,,0,,,0,,,,
2025-04-30,3293.29,3324.0,3272.78,3310.13,1930714,3453.87,3272.24,2937.9,3481.53,3495.4,82.42,54.43,0,,3059.39,,,0,,,0,,,,
2025-05-02,3294.28,3343.72,3294.28,3304.08,1411889,3450.84,3277.12,3019.84,3469.24,3481.53,80.06,53.86,0,,3084.37,,,0,,,0,,,,
2025-05-05,3319.05,3319.05,3270.2,3299.43,1947332,3447.81,3282.29,3019.84,3431.0,3469.24,77.83,53.4,0,,3082.86,,,0,,,0,,,,
2025-05-06,3315.08,3322.02,3272.28,3303.19,1695516,3444.79,3287.6,3071.5,3431.0,3431.0,75.83,53.75,0,,3103.84,,,0,,,0,,,,
2025-05-07,3301.21,3308.94,3253.75,3290.71,2422707,3441.67,3287.66,3133.18,3372.35,3431.0,74.35,52.36,0,,3117.33,,,0,,,0,,,,
2025-05-08,3279.51,3334.9,3269.31,3293.19,3204333,3438.78,3286.76,3133.18,3345.2,3372.35,73.73,52.62,0,,3119.35,,,0,,,0,,,,
2025-05-09,3300.22,3444.87,3300.22,3412.08,5637694,3437.05,3287.68,3133.18,3444.87,3345.2,79.3,63.08,0,,3192.32,,,0,,,0,,,,
2025-05-12,3480.54,3569.51,3457.75,3554.05,3147384,3436.46,3291.16,3195.3,3569.51,3444.87,84.88,71.24,0,,3300.88,,,0,,,0,,,,
2025-05-13,3554.05,3572.68,3512.24,3534.04,2374439,3435.89,3294.38,3200.25,3572.68,3569.51,83.13,68.92,0,,3290.78,,,0,,,0,,,,
2025-05-14,3553.86,3583.58,3534.04,3540.08,2440116,3436.39,3298.62,3200.25,3583.58,3572.68,80.73,69.25,0,,3296.28,,,0,,,0,,,,
2025-05-15,3560.79,3614.99,3510.26,3584.77,3720879,3437.21,3302.47,3200.25,3614.99,3583.58,82.45,71.61,1,3584.77,3323.96,3323.96,3323.96,1,67,2025-05-15,0,,,,
2025-05-16,3608.35,3608.35,3566.74,3571.39,1278520,3438.11,3306.18,3200.25,3614.99,3614.99,79.53,69.88,0,,3317.28,,3323.96,1,67,2025-05-15,0,,,,
2025-05-19,3571.39,3586.45,3553.86,3566.93,1519244,3438.56,3311.58,3224.73,3614.99,3614.99,76.18,69.28,0,,3324.8,,3324.8,1,67,2025-05-15,0,,,,
2025-05-20,3596.46,3600.42,3523.14,3534.83,1532347,3439.09,3316.46,3253.75,3614.99,3614.99,76.26,64.95,0,,3313.71,,3324.8,1,67,2025-05-15,0,,,,
2025-05-21,3532.75,3577.14,3522.15,3555.84,1563885,3439.94,3322.04,3253.75,3614.99,3614.99,74.74,66.43,0,,3328.28,,3328.28,1,67,2025-05-15,0,,,,
2025-05-22,3551.87,3558.81,3504.22,3518.58,1597159,3440.4,3331.65,3253.75,3614.99,3614.99,73.3,61.47,0,,3305.2,,3328.28,1,67,2025-05-15,0,,,,
2025-05-23,3537.01,3598.04,3518.39,3566.64,1119217,3440.69,3349.2,3253.75,3614.99,3614.99,73.75,65.09,0,,3335.9,,3335.9,1,67,2025-05-15,0,,,,
2025-05-26,3582.39,3638.57,3575.06,3614.99,1678934,3441.33,3365.31,3253.75,3638.57,3614.99,73.62,68.31,0,,3367.17,,3367.17,1,67,2025-05-15,0,,,,
2025-05-27,3614.99,3631.13,3569.71,3606.37,2013954,3442.04,3384.66,3253.75,3638.57,3638.57,72.75,67.12,0,,3362.19,,3367.17,1,67,2025-05-15,0,,,,
2025-05-28,3626.18,3629.15,3586.55,3612.61,1293244,3442.54,3402.17,3269.31,3638.57,3638.57,70.6,67.56,0,,3372.84,,3372.84,1,67,2025-05-15,0,,,,
2025-05-29,3630.04,3635.0,3584.57,3621.52,1972248,3443.06,3415.3,3300.22,3638.57,3638.57,69.16,68.22,0,,3389.85,,3389.85,1,67,2025-05-15,0,,,,
2025-05-30,3621.52,3661.15,3620.73,3641.14,2571304,3443.65,3430.08,3457.75,3661.15,3638.57,67.1,69.67,1,3641.14,3456.38,3456.38,3456.38,1,67,2025-05-15,0,,,,
2025-06-02,3641.14,3663.14,3572.28,3645.6,1954517,3444.75,3444.36,3504.22,3663.14,3661.15,68.8,70.0,0,,3473.62,,3473.62,1,67,2025-05-15,0,,,,
2025-06-03,3655.0,3669.2,3615.3,3644.8,2472483,3446.23,3457.51,3504.22,3669.2,3663.14,67.74,69.86,0,,3473.81,,3473.81,1,67,2025-05-15,0,,,,
2025-06-04,3645.0,3661.7,3615.3,3626.5,1086783,3447.67,3470.8,3504.22,3669.2,3669.2,66.21,66.37,0,,3463.02,,3473.81,1,67,2025-05-15,0,,,,
2025-06-05,3629.9,3677.4,3612.0,3642.6,1466416,3449.98,3483.21,3504.22,3677.4,3669.2,66.15,67.89,0,,3473.45,,3473.81,1,67,2025-05-15,0,,,,
2025-06-06,3645.0,3667.0,3623.0,3656.3,1172711,3452.29,3496.08,3504.22,3677.4,3677.4,64.57,69.16,0,,3483.34,,3483.34,1,67,2025-05-15,0,,,,
2025-06-09,3664.0,3708.9,3662.2,3678.9,898170,3454.48,3510.65,3504.22,3708.9,3677.4,63.72,71.2,1,3678.9,3498.49,3498.49,3498.49,1,67,2025-05-15,0,,,,
2025-06-10,3704.0,3704.0,3667.2,3679.8,1454535,3456.5,3523.42,3504.22,3708.9,3708.9,61.79,71.28,0,,3500.35,,3500.35,1,67,2025-05-15,0,,,,
2025-06-11,3689.9,3692.0,3656.1,3684.8,1265737,3457.14,3536.53,3504.22,3708.9,3708.9,59.94,71.75,0,,3504.81,,3504.81,1,67,2025-05-15,0,,,,
2025-06-12,3684.8,3708.0,3585.0,3603.9,2335718,3457.22,3546.32,3518.39,3708.9,3708.9,64.45,55.67,0,,3454.35,,3504.81,1,67,2025-05-15,0,,,,
2025-06-13,3501.2,3596.0,3485.9,3587.4,1981445,3457.52,3555.77,3485.9,3708.9,3708.9,68.27,53.06,0,,3430.32,,3504.81,1,67,2025-05-15,1,3504.81,TRAILING_STOP,22,-2.23
2025-06-16,3575.5,3653.7,3561.8,3628.7,1322630,3458.1,3566.74,3485.9,3708.9,3708.9,69.96,58.33,0,,3455.84,,,0,,,0,,,,
2025-06-17,3622.0,3627.6,3602.0,3622.3,930603,3458.17,3577.38,3485.9,3708.9,3708.9,66.87,57.25,0,,3453.77,,,0,,,0,,,,
2025-06-18,3622.0,3639.1,3587.2,3601.5,743311,3458.1,3587.74,3485.9,3708.9,3708.9,65.8,53.79,0,,3441.07,,,0,,,0,,,,
2025-06-19,3607.0,3643.0,3591.1,3621.1,1580819,3458.06,3598.67,3485.9,3708.9,3708.9,64.81,56.46,0,,3454.37,,,0,,,0,,,,
2025-06-20,3614.0,3669.9,3614.0,3662.0,2575277,3458.51,3607.0,3485.9,3708.9,3708.9,64.17,61.47,0,,3481.18,,,0,,,0,,,,
2025-06-23,3645.0,3660.0,3574.6,3583.7,1867977,3458.68,3607.99,3485.9,3708.9,3708.9,65.83,49.69,0,,3429.57,,,0,,,0,,,,
2025-06-24,3637.1,3684.0,3597.0,3604.8,2751637,3459.27,3610.35,3485.9,3708.9,3708.9,68.29,52.34,0,,3441.53,,,0,,,0,,,,
2025-06-25,3640.0,3642.0,3608.9,3619.8,1405262,3460.12,3613.0,3485.9,3708.9,3708.9,66.07,54.19,0,,3452.69,,,0,,,0,,,,
2025-06-26,3620.1,3669.0,3620.1,3659.6,2578926,3461.12,3615.5,3485.9,3708.9,3708.9,64.87,58.76,0,,3479.16,,,0,,,0,,,,
2025-06-27,3665.0,3731.4,3665.0,3679.2,2720600,3462.49,3619.09,3485.9,3731.4,3708.9,65.36,60.83,0,,3491.48,,,0,,,0,,,,
2025-06-30,3682.0,3717.5,3652.7,3669.8,1508882,3463.94,3622.52,3485.9,3731.4,3731.4,65.32,59.29,0,,3485.44,,,0,,,0,,,,
2025-07-01,3669.8,3678.9,3645.0,3666.7,1054380,3464.59,3626.92,3485.9,3731.4,3731.4,63.08,58.76,0,,3484.94,,,0,,,0,,,,
2025-07-02,3666.6,3674.2,3583.9,3596.8,1330176,3463.78,3628.28,3485.9,3731.4,3731.4,65.02,48.32,0,,3438.55,,,0,,,0,,,,
2025-07-03,3605.0,3625.0,3576.0,3582.9,1229034,3463.21,3630.43,3485.9,3731.4,3731.4,63.88,46.55,0,,3430.35,,,0,,,0,,,,
2025-07-04,3590.0,3600.0,3570.1,3594.6,696402,3462.74,3631.36,3561.8,3731.4,3731.4,61.45,48.27,0,,3464.82,,,0,,,0,,,,
2025-07-07,3599.9,3609.8,3575.1,3581.4,719539,3462.4,3630.24,3570.1,3731.4,3731.4,59.54,46.45,0,,3460.34,,,0,,,0,,,,
2025-07-08,3580.0,3614.0,3560.0,3606.4,1513912,3461.84,3630.24,3560.0,3731.4,3731.4,59.14,50.27,0,,3473.37,,,0,,,0,,,,
2025-07-09,3605.0,3605.1,3568.2,3579.7,1008876,3461.24,3629.14,3560.0,3731.4,3731.4,57.65,46.46,0,,3457.14,,,0,,,0,,,,
2025-07-10,3575.0,3589.9,3569.0,3574.7,1063910,3460.06,3627.58,3560.0,3731.4,3731.4,55.02,45.76,0,,3455.67,,,0,,,0,,,,
2025-07-11,3575.0,3586.6,3535.5,3540.6,1439747,3458.63,3624.23,3535.5,3731.4,3731.4,54.74,41.2,0,,3425.69,,,0,,,0,,,,
2025-07-14,3540.6,3548.7,3488.0,3495.9,1358844,3456.63,3619.24,3488.0,3731.4,3731.4,55.17,36.13,0,,3380.74,,,0,,,0,,,,
2025-07-15,3519.0,3521.0,3481.7,3494.0,1585193,3454.38,3614.21,3481.7,3731.4,3731.4,54.04,35.93,0,,3378.17,,,0,,,0,,,,
2025-07-16,3504.0,3516.0,3477.0,3503.8,1266964,3451.67,3610.12,3477.0,3731.4,3731.4,52.96,37.86,0,,3383.64,,,0,,,0,,,,
2025-07-17,3515.0,3515.0,3467.5,3474.0,2217275,3448.92,3604.5,3467.5,3731.4,3731.4,52.57,34.45,0,,3361.52,,,0,,,0,,,,
2025-07-18,3489.0,3499.0,3450.0,3464.8,1818696,3446.15,3598.12,3450.0,3731.4,3731.4,52.32,33.45,0,,3349.92,,,0,,,0,,,,
2025-07-21,3467.6,3508.1,3444.9,3502.8,1521623,3444.0,3592.25,3444.9,3731.4,3731.4,53.09,41.07,0,,3372.21,,,0,,,0,,,,
2025-07-22,3502.0,3507.6,3454.1,3464.6,2586522,3441.43,3585.08,3444.9,3731.4,3731.4,53.12,36.54,0,,3347.55,,,0,,,0,,,,
2025-07-23,3476.2,3490.0,3458.6,3484.9,1192261,3439.05,3578.41,3444.9,3731.4,3731.4,51.57,40.31,0,,3361.68,,,0,,,0,,,,
2025-07-24,3484.9,3493.4,3461.0,3477.5,1083671,3437.08,3574.2,3444.9,3731.4,3731.4,50.2,39.39,0,,3357.82,,,0,,,0,,,,
2025-07-25,3470.0,3477.0,3437.4,3442.9,1338744,3435.21,3569.38,3437.4,3717.5,3731.4,49.48,35.34,0,,3333.48,,,0,,,0,,,,
2025-07-28,3430.1,3446.1,3405.1,3422.2,2256080,3433.48,3562.5,3405.1,3678.9,3717.5,48.87,33.14,0,,3309.77,,,0,,,0,,,,
2025-07-29,3418.0,3504.3,3406.5,3495.6,1241060,3432.81,3558.28,3405.1,3674.2,3678.9,52.37,45.97,0,,3354.78,,,0,,,0,,,,
2025-07-30,3622.0,3685.3,3590.0,3665.1,8760659,3433.2,3560.4,3405.1,3685.3,3674.2,62.18,63.42,0,,3457.57,,,0,,,0,,,,
2025-07-31,3625.0,3662.9,3621.0,3636.5,1927627,3433.4,3560.91,3405.1,3685.3,3685.3,60.89,59.9,0,,3439.98,,,0,,,0,,,,
2025-08-01,3636.0,3636.0,3578.1,3587.3,1205945,3433.34,3558.42,3405.1,3685.3,3685.3,60.71,54.32,0,,3408.37,,,0,,,0,,,,
2025-08-04,3595.2,3636.8,3577.0,3631.1,1033049,3433.72,3560.0,3405.1,3685.3,3685.3,60.64,58.07,0,,3436.66,,,0,,,0,,,,
2025-08-05,3630.0,3657.7,3608.3,3652.6,1158433,3434.43,3561.59,3405.1,3685.3,3685.3,59.84,59.81,0,,3451.07,,,0,,,0,,,,
2025-08-06,3650.0,3671.0,3622.2,3628.4,931383,3434.79,3561.88,3405.1,3685.3,3685.3,59.05,56.94,0,,3435.98,,,0,,,0,,,,
2025-08-07,3610.3,3649.0,3599.2,3641.6,1211790,3434.84,3561.28,3405.1,3685.3,3685.3,58.39,58.12,0,,3444.94,,,0,,,0,,,,
2025-08-08,3641.6,3662.3,3600.0,3607.6,1337067,3434.37,3558.89,3405.1,3685.3,3685.3,58.67,54.02,0,,3422.82,,,0,,,0,,,,
2025-08-11,3610.0,3676.9,3600.0,3668.4,1822410,3434.65,3558.85,3405.1,3685.3,3685.3,59.97,59.52,0,,3461.17,,,0,,,0,,,,
2025-08-12,3680.0,3727.9,3673.1,3686.1,2280103,3435.42,3559.49,3405.1,3727.9,3685.3,59.94,60.98,1,3686.1,3472.61,3472.61,3472.61,1,68,2025-08-12,0,,,,
2025-08-13,3696.0,3716.0,3681.3,3693.7,1227196,3435.98,3562.72,3405.1,3727.9,3727.9,58.14,61.63,0,,3478.71,,3478.71,1,68,2025-08-12,0,,,,
2025-08-14,3700.0,3708.5,3641.7,3677.0,1769702,3436.74,3565.86,3405.1,3727.9,3727.9,58.76,59.32,0,,3467.53,,3478.71,1,68,2025-08-12,0,,,,
2025-08-18,3699.0,3701.5,3621.7,3635.1,1950151,3437.67,3567.21,3405.1,3727.9,3727.9,60.26,53.87,0,,3439.5,,3478.71,1,68,2025-08-12,0,,,,
2025-08-19,3648.9,3654.0,3608.2,3613.0,1352944,3438.4,3568.26,3406.5,3727.9,3727.9,59.23,51.19,0,,3426.4,,3478.71,1,68,2025-08-12,0,,,,
2025-08-20,3613.5,3619.9,3580.0,3592.3,1325096,3439.47,3567.79,3577.0,3727.9,3727.9,57.85,48.75,0,,3470.8,,3478.71,1,68,2025-08-12,0,,,,
2025-08-21,3599.0,3648.0,3588.0,3612.6,1624009,3440.68,3568.89,3577.0,3727.9,3727.9,58.0,51.21,0,,3483.79,,3483.79,1,68,2025-08-12,0,,,,
2025-08-22,3610.0,3634.5,3582.0,3595.8,1060447,3441.53,3569.59,3577.0,3727.9,3727.9,57.61,49.11,0,,3473.22,,3483.79,1,68,2025-08-12,0,,,,
2025-08-25,3616.0,3617.9,3584.3,3603.1,980393,3442.38,3571.68,3577.0,3727.9,3727.9,55.89,50.07,0,,3479.07,,3483.79,1,68,2025-08-12,0,,,,
2025-08-26,3599.0,3600.0,3531.0,3541.3,1787363,3442.42,3573.19,3531.0,3727.9,3727.9,57.05,42.74,0,,3423.11,,3483.79,1,68,2025-08-12,0,,,,
2025-08-28,3540.0,3576.9,3537.2,3560.1,1695226,3442.42,3575.39,3531.0,3727.9,3727.9,55.81,45.36,0,,3436.06,,3483.79,1,68,2025-08-12,0,,,,
2025-08-29,3575.6,3615.0,3540.2,3601.0,1678055,3443.04,3578.63,3531.0,3727.9,3727.9,57.17,50.65,0,,3461.53,,3483.79,1,68,2025-08-12,0,,,,
2025-09-01,3601.0,3628.6,3581.9,3598.4,1094155,3443.79,3582.78,3531.0,3727.9,3727.9,56.42,50.32,0,,3460.36,,3483.79,1,68,2025-08-12,0,,,,
2025-09-02,3598.4,3619.9,3560.0,3574.9,1230950,3444.48,3586.45,3531.0,3727.9,3727.9,56.67,47.29,0,,3445.03,,3483.79,1,68,2025-08-12,0,,,,
2025-09-03,3594.0,3606.3,3560.0,3600.8,1314831,3445.64,3589.72,3531.0,3727.9,3727.9,55.93,50.8,0,,3462.23,,3483.79,1,68,2025-08-12,0,,,,
2025-09-04,3622.9,3624.9,3572.5,3592.6,1434998,3446.76,3593.98,3531.0,3727.9,3727.9,55.68,49.67,0,,3457.11,,3483.79,1,68,2025-08-12,0,,,,
2025-09-05,3592.8,3609.1,3549.1,3553.6,830812,3447.9,3596.27,3531.0,3727.9,3727.9,55.98,44.59,0,,3431.75,,3483.79,1,68,2025-08-12,0,,,,
2025-09-08,3570.0,3579.9,3525.0,3529.6,1039999,3448.64,3598.01,3525.0,3727.9,3727.9,55.91,41.76,0,,3414.32,,3483.79,1,68,2025-08-12,0,,,,
2025-09-09,3547.2,3550.0,3516.4,3525.0,1522116,3449.55,3600.75,3516.4,3727.9,3727.9,54.31,41.22,0,,3409.55,,3483.79,1,68,2025-08-12,0,,,,
2025-09-10,3559.0,3577.4,3541.1,3550.0,1136732,3449.65,3605.01,3516.4,3727.9,3727.9,54.18,45.36,0,,3425.77,,3483.79,1,68,2025-08-12,0,,,,
2025-09-11,3548.0,3564.7,3533.0,3539.7,1177793,3450.48,3606.48,3516.4,3716.0,3727.9,52.57,43.98,0,,3420.19,,3483.79,1,68,2025-08-12,0,,,,
2025-09-12,3556.4,3595.4,3548.1,3579.8,1146873,3452.62,3603.63,3516.4,3708.5,3716.0,52.79,50.29,0,,3445.91,,3483.79,1,68,2025-08-12,0,,,,
2025-09-15,3581.0,3607.0,3575.5,3586.2,1177076,3453.81,3601.96,3516.4,3701.5,3708.5,51.27,51.24,0,,3451.05,,3483.79,1,68,2025-08-12,0,,,,
2025-09-16,3603.9,3674.0,3593.1,3667.8,2928060,3455.92,3604.64,3516.4,3674.0,3701.5,53.88,61.33,0,,3501.94,,3501.94,1,68,2025-08-12,0,,,,
2025-09-17,3672.0,3704.0,3662.7,3685.5,1610471,3458.34,3606.45,3516.4,3704.0,3674.0,52.98,63.11,1,3685.5,3513.96,3513.96,3513.96,1,68,2025-08-12,0,,,,
2025-09-18,3691.0,3700.0,3672.5,3686.0,1270148,3460.88,3607.57,3516.4,3704.0,3704.0,51.16,63.16,0,,3515.49,,3515.49,1,68,2025-08-12,0,,,,
2025-09-19,3679.0,3705.0,3671.0,3675.4,2227521,3463.39,3609.13,3516.4,3705.0,3704.0,49.94,61.2,0,,3509.47,,3515.49,1,68,2025-08-12,0,,,,
2025-09-22,3693.6,3693.6,3633.9,3644.5,839430,3466.29,3609.23,3516.4,3705.0,3705.0,50.63,55.78,0,,3489.08,,3515.49,1,68,2025-08-12,0,,,,
2025-09-23,3646.9,3673.5,3613.2,3657.6,1262120,3468.95,3610.9,3516.4,3705.0,3705.0,51.33,57.5,0,,3497.07,,3515.49,1,68,2025-08-12,0,,,,
2025-09-24,3657.6,3709.2,3637.1,3673.8,1745130,3471.88,3611.08,3516.4,3709.2,3705.0,52.81,59.59,0,,3506.53,,3515.49,1,68,2025-08-12,0,,,,
2025-09-25,3684.0,3704.0,3635.7,3644.4,1999071,3474.79,3609.69,3516.4,3709.2,3709.2,53.92,54.36,0,,3486.83,,3515.49,1,68,2025-08-12,0,,,,
2025-09-26,3664.0,3794.9,3661.0,3729.5,5870301,3478.38,3610.88,3516.4,3794.9,3709.2,60.81,64.17,1,3729.5,3537.12,3537.12,3537.12,1,68,2025-08-12,0,,,,
2025-09-29,3738.0,3740.0,3679.6,3688.4,2599630,3481.7,3611.26,3516.4,3794.9,3794.9,60.78,57.72,0,,3510.63,,3537.12,1,68,2025-08-12,0,,,,
2025-09-30,3695.0,3696.6,3648.0,3659.0,1676302,3484.45,3612.06,3533.0,3794.9,3794.9,59.91,53.57,0,,3497.78,,3537.12,1,68,2025-08-12,0,,,,
2025-10-01,3658.9,3688.0,3615.0,3670.3,2005028,3487.28,3613.97,3533.0,3794.9,3794.9,60.85,54.91,0,,3504.44,,3537.12,1,68,2025-08-12,0,,,,
2025-10-03,3690.0,3746.0,3666.3,3733.1,1959124,3490.27,3618.66,3548.1,3794.9,3794.9,62.2,61.56,0,,3549.09,,3549.09,1,68,2025-08-12,0,,,,
2025-10-06,3720.0,3767.0,3703.0,3737.0,1581506,3493.67,3622.81,3575.5,3794.9,3794.9,62.32,61.93,0,,3560.65,,3560.65,1,68,2025-08-12,0,,,,
2025-10-07,3748.0,3766.0,3725.0,3729.7,1673945,3497.23,3627.27,3593.1,3794.9,3794.9,60.8,60.74,0,,3562.82,,3562.82,1,68,2025-08-12,0,,,,
2025-10-08,3730.0,3760.0,3715.0,3729.8,1424633,3500.89,3631.49,3613.2,3794.9,3794.9,59.67,60.75,0,,3570.34,,3570.34,1,68,2025-08-12,0,,,,
2025-10-09,3735.5,3796.4,3730.1,3769.2,1827249,3505.12,3639.09,3613.2,3796.4,3794.9,60.17,64.98,0,,3595.42,,3595.42,1,68,2025-08-12,0,,,,
2025-10-10,3765.0,3799.0,3760.0,3784.0,1129678,3509.23,3646.55,3613.2,3799.0,3796.4,58.66,66.44,0,,3605.98,,3605.98,1,68,2025-08-12,0,,,,
2025-10-13,3780.0,3784.0,3745.0,3769.5,1191248,3513.14,3652.17,3613.2,3799.0,3799.0,57.25,63.64,0,,3597.56,,3605.98,1,68,2025-08-12,0,,,,
2025-10-14,3775.0,3786.8,3730.2,3744.3,1364583,3516.7,3657.03,3613.2,3799.0,3799.0,57.21,58.98,0,,3581.34,,3605.98,1,68,2025-08-12,0,,,,
2025-10-15,3747.0,3843.9,3744.3,3828.7,2575918,3520.7,3665.49,3615.0,3843.9,3799.0,60.23,67.55,1,3828.7,3634.36,3634.36,3634.36,1,68,2025-08-12,0,,,,
2025-10-16,3830.3,3885.9,3830.0,3861.8,2330283,3525.01,3674.19,3615.0,3885.9,3843.9,60.02,70.18,0,,3655.85,,3655.85,1,68,2025-08-12,0,,,,
2025-10-17,3860.0,3869.5,3830.1,3839.4,1337364,3529.62,3682.42,3615.0,3885.9,3885.9,58.54,66.26,0,,3642.38,,3655.85,1,68,2025-08-12,0,,,,
2025-10-20,3862.0,3887.6,3845.4,3872.7,1223232,3534.33,3693.06,3615.0,3887.6,3885.9,57.81,69.03,0,,3664.35,,3664.35,1,68,2025-08-12,0,,,,
2025-10-21,3892.0,3895.0,3877.2,3888.2,260327,3539.16,3705.01,3615.0,3895.0,3887.6,55.27,70.25,1,3888.2,3676.04,3676.04,3676.04,1,68,2025-08-12,0,,,,
2025-10-23,3890.0,3966.2,3890.0,3918.7,2815778,3544.23,3718.13,3615.0,3966.2,3895.0,56.89,72.55,0,,3694.63,,3694.63,1,68,2025-08-12,0,,,,
2025-10-24,3929.3,3939.9,3897.5,3904.9,1146636,3549.3,3729.96,3666.3,3966.2,3966.2,55.86,69.92,0,,3703.52,,3703.52,1,68,2025-08-12,0,,,,
2025-10-27,3912.0,3948.0,3907.0,3923.8,1057688,3554.5,3742.77,3703.0,3966.2,3966.2,54.95,71.45,0,,3728.55,,3728.55,1,68,2025-08-12,0,,,,
2025-10-28,3922.1,3986.0,3917.3,3972.8,3391806,3559.06,3755.87,3715.0,3986.0,3966.2,55.93,74.99,1,3972.8,3763.5,3763.5,3763.5,1,68,2025-08-12,0,,,,
2025-10-29,3988.0,4016.7,3920.0,3958.1,2563641,3563.31,3768.26,3715.0,4016.7,3986.0,58.84,72.1,0,,3752.08,,3763.5,1,68,2025-08-12,0,,,,
2025-10-30,3980.0,4062.6,3975.6,3987.5,4959400,3567.33,3778.92,3730.1,4062.6,4016.7,62.1,74.24,0,,3773.9,,3773.9,1,68,2025-08-12,0,,,,
2025-10-31,4001.1,4045.9,3980.2,4030.9,2328183,3571.21,3790.43,3730.2,4062.6,4062.6,62.36,77.04,0,,3801.76,,3801.76,1,68,2025-08-12,0,,,,
2025-11-03,4030.0,4041.0,3974.9,3980.5,1154072,3574.83,3800.25,3730.2,4062.6,4062.6,62.63,67.82,0,,3769.07,,3801.76,1,68,2025-08-12,0,,,,
2025-11-04,3985.0,3990.0,3916.8,3924.4,2042881,3578.24,3808.55,3730.2,4062.6,4062.6,63.38,59.32,0,,3732.38,,3801.76,1,68,2025-08-12,0,,,,
2025-11-06,3945.0,3978.0,3872.1,3881.6,1749063,3580.99,3816.45,3744.3,4062.6,4062.6,66.42,53.77,0,,3707.45,,3801.76,1,68,2025-08-12,0,,,,
2025-11-07,3877.1,3892.9,3831.1,3882.5,1577294,3583.8,3823.95,3830.0,4062.6,4062.6,66.09,53.87,0,,3736.82,,3801.76,1,68,2025-08-12,0,,,,
2025-11-10,3895.0,3943.8,3894.0,3918.5,1397176,3587.23,3832.11,3830.1,4062.6,4062.6,65.75,57.72,0,,3760.3,,3801.76,1,68,2025-08-12,0,,,,
2025-11-11,3929.0,3966.8,3897.0,3955.0,1775462,3591.0,3842.46,3831.1,4062.6,4062.6,66.04,61.24,0,,3783.98,,3801.76,1,68,2025-08-12,0,,,,
2025-11-12,3970.0,3973.8,3936.9,3954.6,981350,3594.78,3849.96,3831.1,4062.6,4062.6,63.96,61.18,0,,3785.11,,3801.76,1,68,2025-08-12,0,,,,
2025-11-13,3954.6,4022.9,3925.6,4002.5,1834962,3599.93,3860.43,3831.1,4062.6,4062.6,66.34,65.55,0,,3814.42,,3814.42,1,68,2025-08-12,0,,,,
2025-11-14,4002.0,4011.5,3971.6,4004.4,1916910,3606.36,3871.95,3831.1,4062.6,4062.6,64.45,65.72,0,,3816.91,,3816.91,1,68,2025-08-12,0,,,,
2025-11-17,4004.4,4030.0,4000.1,4027.7,1206133,3612.33,3883.86,3831.1,4062.6,4062.6,61.98,67.76,0,,3833.58,,3833.58,1,68,2025-08-12,0,,,,
2025-11-18,4020.0,4026.8,3978.9,3999.6,1748928,3618.82,3892.74,3831.1,4062.6,4062.6,61.04,62.9,0,,3816.08,,3833.58,1,68,2025-08-12,0,,,,
2025-11-19,4007.0,4026.5,3980.3,4019.6,923032,3625.03,3902.16,3831.1,4062.6,4062.6,59.98,64.83,0,,3829.69,,3833.58,1,68,2025-08-12,0,,,,
2025-11-20,4035.0,4048.0,4007.7,4037.4,1463574,3630.43,3912.42,3831.1,4062.6,4062.6,58.57,66.5,0,,3842.11,,3842.11,1,68,2025-08-12,0,,,,
2025-11-21,4026.0,4057.0,4015.2,4024.9,1241149,3635.95,3922.26,3831.1,4062.6,4062.6,57.38,64.2,0,,3834.84,,3842.11,1,68,2025-08-12,0,,,,
2025-11-24,4025.0,4038.0,4003.7,4013.3,1584741,3641.25,3930.39,3831.1,4062.6,4062.6,55.73,62.04,0,,3828.46,,3842.11,1,68,2025-08-12,0,,,,
2025-11-25,4013.0,4055.5,3981.6,3996.7,1749083,3646.23,3937.48,3831.1,4062.6,4062.6,57.03,59.0,0,,3816.89,,3842.11,1,68,2025-08-12,0,,,,
2025-11-26,3999.0,4074.6,3998.0,4062.0,2058237,3651.79,3947.23,3831.1,4074.6,4062.6,58.52,66.06,0,,3858.01,,3858.01,1,68,2025-08-12,0,,,,
2025-11-27,4071.0,4140.0,4059.6,4081.3,2225064,3657.2,3958.47,3831.1,4140.0,4074.6,60.08,67.82,1,4081.3,3869.42,3869.42,3869.42,1,68,2025-08-12,0,,,,
2025-11-28,4085.0,4104.2,4054.7,4069.6,1318133,3662.53,3966.5,3894.0,4140.0,4140.0,59.32,65.6,0,,3883.34,,3883.34,1,68,2025-08-12,0,,,,
2025-12-01,4087.0,4103.4,4050.0,4073.2,1251770,3668.07,3973.54,3897.0,4140.0,4140.0,58.9,65.97,0,,3886.95,,3886.95,1,68,2025-08-12,0,,,,
2025-12-02,4066.5,4088.6,4023.8,4030.5,1490917,3672.96,3979.91,3925.6,4140.0,4140.0,59.32,58.0,0,,3868.66,,3886.95,1,68,2025-08-12,0,,,,
2025-12-03,4032.0,4046.9,3970.1,3988.0,1123990,3677.61,3983.76,3925.6,4140.0,4140.0,60.57,51.35,0,,3840.41,,3886.95,1,68,2025-08-12,0,,,,
2025-12-04,3990.0,4009.2,3961.7,3983.6,1026968,3682.1,3986.94,3961.7,4140.0,4140.0,59.64,50.7,0,,3850.23,,3886.95,1,68,2025-08-12,0,,,,
2025-12-05,3999.0,4048.0,3975.1,4038.2,1073758,3686.99,3990.92,3961.7,4140.0,4140.0,60.58,57.82,0,,3884.82,,3886.95,1,68,2025-08-12,0,,,,
2025-12-08,4047.0,4047.9,3976.9,3996.7,1127841,3691.64,3993.98,3961.7,4140.0,4140.0,61.33,51.71,0,,3857.55,,3886.95,1,68,2025-08-12,0,,,,
2025-12-09,3990.0,4019.9,3949.1,3997.5,1788464,3696.27,3996.44,3949.1,4140.0,4140.0,62.0,51.81,0,,3853.42,,3886.95,1,68,2025-08-12,0,,,,
2025-12-10,4000.0,4030.0,3970.0,3991.3,957277,3700.94,3997.05,3949.1,4140.0,4140.0,61.86,50.88,0,,3849.51,,3886.95,1,68,2025-08-12,0,,,,
2025-12-11,3993.2,4015.0,3984.6,4003.9,841371,3705.68,3998.58,3949.1,4140.0,4140.0,59.61,52.74,0,,3859.14,,3886.95,1,68,2025-08-12,0,,,,
2025-12-12,4061.0,4114.0,4048.6,4074.1,2207898,3710.09,4001.47,3949.1,4140.0,4140.0,63.22,61.47,0,,3902.01,,3902.01,1,68,2025-08-12,0,,,,
2025-12-15,4072.8,4096.0,4063.8,4092.3,1064975,3713.68,4003.51,3949.1,4140.0,4140.0,61.0,63.36,0,,3915.23,,3915.23,1,68,2025-08-12,0,,,,
2025-12-16,4083.7,4103.8,4051.2,4063.8,2199214,3717.21,4006.29,3949.1,4140.0,4140.0,60.4,58.52,0,,3897.25,,3915.23,1,68,2025-08-12,0,,,,
2025-12-17,4079.0,4079.0,4040.0,4062.4,1087334,3720.69,4010.89,3949.1,4140.0,4140.0,58.88,58.28,0,,3897.36,,3915.23,1,68,2025-08-12,0,,,,
2025-12-18,4067.0,4071.8,4023.4,4031.1,1004303,3723.67,4015.87,3949.1,4140.0,4140.0,58.13,53.13,0,,3877.67,,3915.23,1,68,2025-08-12,0,,,,
2025-12-19,4040.1,4091.5,4040.1,4073.5,1327935,3727.01,4022.24,3949.1,4140.0,4140.0,58.29,58.49,0,,3904.91,,3915.23,1,68,2025-08-12,0,,,,
2025-12-22,4081.0,4098.5,4068.5,4072.4,764774,3730.38,4027.37,3949.1,4140.0,4140.0,56.27,58.3,0,,3905.55,,3915.23,1,68,2025-08-12,0,,,,
2025-12-23,4089.0,4095.0,4053.3,4058.8,1867147,3733.88,4030.83,3949.1,4140.0,4140.0,55.23,55.93,0,,3897.47,,3915.23,1,68,2025-08-12,0,,,,
2025-12-24,4065.0,4080.7,4048.1,4053.6,1021436,3737.2,4034.13,3949.1,4140.0,4140.0,53.61,55.01,0,,3895.2,,3915.23,1,68,2025-08-12,0,,,,
2025-12-26,4052.0,4061.5,4030.2,4047.3,594330,3740.72,4035.62,3949.1,4114.0,4140.0,52.02,53.86,0,,3892.2,,3915.23,1,68,2025-08-12,0,,,,
2025-12-29,4053.0,4061.1,4033.4,4038.7,952143,3743.87,4036.77,3949.1,4114.0,4114.0,50.28,52.24,0,,3887.81,,3915.23,1,68,2025-08-12,0,,,,
2025-12-30,4039.0,4063.9,4006.2,4052.0,1362208,3746.78,4037.58,3949.1,4114.0,4114.0,50.81,54.51,0,,3896.03,,3915.23,1,68,2025-08-12,0,,,,
2025-12-31,4058.0,4094.5,4048.0,4083.5,1160164,3749.96,4040.37,3970.0,4114.0,4114.0,50.5,59.43,0,,3923.52,,3923.52,1,68,2025-08-12,0,,,,
2026-01-01,4090.0,4146.8,4088.3,4140.4,1360716,3753.48,4044.4,3984.6,4146.8,4114.0,51.42,66.48,1,4140.4,3964.48,3964.48,3964.48,1,68,2025-08-12,0,,,,
2026-01-02,4138.1,4172.7,4127.1,4163.4,984027,3757.09,4048.6,4006.2,4172.7,4146.8,51.0,68.84,0,,3986.79,,3986.79,1,68,2025-08-12,0,,,,
2026-01-05,4162.9,4195.0,4132.8,4150.4,1167460,3760.49,4052.78,4006.2,4195.0,4172.7,51.8,66.01,0,,3977.87,,3986.79,1,68,2025-08-12,0,,,,
2026-01-06,4153.0,4185.0,4129.9,4140.6,1205337,3763.79,4057.03,4006.2,4195.0,4195.0,52.04,63.88,0,,3971.4,,3986.79,1,68,2025-08-12,0,,,,
2026-01-07,4106.0,4180.0,4094.0,4157.0,1213160,3767.2,4062.37,4006.2,4195.0,4195.0,54.46,65.87,0,,3980.36,,3986.79,1,68,2025-08-12,0,,,,
2026-01-08,4160.0,4169.9,3991.3,4028.4,2328813,3769.88,4061.25,3991.3,4195.0,4195.0,63.33,44.99,0,,3886.53,,3986.79,1,68,2025-08-12,0,,,,
2026-01-09,4029.0,4094.0,4006.2,4025.2,1718127,3772.43,4059.38,3991.3,4195.0,4195.0,65.08,44.62,0,,3883.3,,3986.79,1,68,2025-08-12,0,,,,
2026-01-12,4026.0,4026.9,3944.3,4019.0,1386513,3774.85,4057.69,3944.3,4195.0,4195.0,66.33,43.84,0,,3862.8,,3986.79,1,68,2025-08-12,1,3986.79,TRAILING_STOP,104,8.16
2026-01-13,4028.0,4028.0,3837.0,3887.4,4978634,3776.24,4051.5,3837.0,4195.0,4195.0,75.23,31.44,0,,3736.22,,,0,,,0,,,,
2026-01-14,3900.0,3904.9,3856.6,3865.8,1914244,3777.48,4046.01,3837.0,4195.0,4195.0,73.31,29.94,0,,3723.57,,,0,,,0,,,,
2026-01-15,3865.8,3865.8,3865.8,3865.8,0,3778.69,4041.94,3837.0,4195.0,4195.0,68.07,29.94,0,,3727.06,,,0,,,0,,,,
2026-01-16,3890.0,3914.0,3848.7,3856.4,1807300,3780.37,4037.7,3837.0,4195.0,4195.0,67.88,29.24,0,,3721.13,,,0,,,0,,,,
2026-01-19,3820.0,3878.4,3808.5,3869.8,1709380,3782.25,4032.08,3808.5,4195.0,4195.0,68.02,31.7,0,,3720.17,,,0,,,0,,,,
2026-01-20,3858.0,3874.3,3800.0,3810.5,1658119,3783.47,4025.88,3800.0,4195.0,4195.0,68.47,27.19,0,,3678.79,,,0,,,0,,,,
2026-01-21,3800.0,3830.0,3722.0,3766.5,2537185,3784.43,4018.18,3722.0,4195.0,4195.0,71.29,24.42,0,,3622.53,,,0,,,0,,,,
2026-01-22,3798.9,3801.3,3755.1,3793.8,1856812,3785.71,4011.59,3722.0,4195.0,4195.0,69.5,29.24,0,,3641.33,,,0,,,0,,,,
2026-01-23,3798.0,3799.4,3720.1,3743.8,1898703,3786.53,4002.92,3720.1,4195.0,4195.0,70.2,25.97,0,,3607.98,,,0,,,0,,,,
2026-01-27,3743.8,3815.0,3739.0,3787.8,2162193,3787.37,3993.38,3720.1,4195.0,4195.0,70.61,33.06,0,,3636.09,,,0,,,0,,,,
2026-01-28,3804.3,3828.2,3769.1,3794.0,2111741,3788.77,3983.44,3720.1,4195.0,4195.0,69.79,34.02,0,,3640.64,,,0,,,0,,,,
2026-01-29,3860.0,3960.9,3843.6,3932.9,4227139,3790.95,3979.07,3720.1,4195.0,4195.0,76.73,50.98,0,,3725.6,,,0,,,0,,,,
2026-01-30,3902.5,3942.4,3891.8,3932.3,2208465,3793.04,3974.74,3720.1,4195.0,4195.0,74.86,50.91,0,,3726.46,,,0,,,0,,,,
2026-02-02,3830.7,3934.8,3825.0,3921.3,3034613,3794.78,3971.08,3720.1,4195.0,4195.0,77.36,49.74,0,,3717.7,,,0,,,0,,,,
2026-02-03,4117.0,4122.0,4030.6,4038.8,3742190,3797.18,3969.92,3720.1,4185.0,4195.0,86.17,60.27,0,,3787.61,,,0,,,0,,,,
2026-02-04,4029.0,4107.0,4016.9,4087.1,1403373,3799.96,3970.41,3720.1,4180.0,4185.0,86.45,63.64,0,,3818.58,,,0,,,0,,,,
2026-02-05,4088.0,4088.5,4035.9,4063.3,1433240,3802.61,3970.56,3720.1,4169.9,4180.0,84.03,60.9,0,,3804.84,,,0,,,0,,,,
2026-02-06,4055.0,4078.0,4042.3,4068.1,1630836,3805.75,3971.04,3720.1,4122.0,4169.9,80.58,61.26,0,,3810.24,,,0,,,0,,,,
2026-02-09,4073.9,4124.7,4062.4,4113.6,1830267,3809.29,3973.25,3720.1,4124.7,4122.0,79.27,64.61,0,,3840.46,,,0,,,0,,,,
2026-02-10,4140.0,4174.6,4122.4,4169.0,1890409,3813.12,3977.6,3720.1,4174.6,4124.7,77.97,68.21,1,4169.0,3877.06,3877.06,3877.06,1,69,2026-02-10,0,,,,
2026-02-11,4172.9,4187.7,4140.3,4170.4,1689489,3817.04,3981.54,3720.1,4187.7,4174.6,75.78,68.3,0,,3879.42,,3879.42,1,69,2026-02-10,0,,,,
2026-02-12,4187.9,4199.0,4160.9,4185.9,2006458,3820.91,3984.96,3720.1,4199.0,4187.7,73.09,69.31,0,,3891.21,,3891.21,1,69,2026-02-10,0,,,,
2026-02-13,4174.1,4199.0,4134.1,4173.9,2234084,3824.87,3986.07,3720.1,4199.0,4199.0,72.51,67.52,0,,3883.86,,3891.21,1,69,2026-02-10,0,,,,
