Date,Open,High,Low,Close,Volume,SMA150,DonchianLow15,ATR14,RSI14,StopLoss,MA30,DonchianHigh20,DonchianHigh20_prev,BuyCall,EntryPrice,StopLoss_Entry,CandidateStop,TrailingStop,InPosition,EntryDate,ExitSignal,ExitPrice,ExitReason,TradeId,HoldingDays,PnL_pct
2021-07-23,116.0,138.9,115.0,126.0,694895200,,,,,,,,,0,,,,,0,,0,,,,,
2021-07-26,126.35,143.75,125.3,140.65,249723800,,,,,,,,,0,,,,,0,,0,,,,,
2021-07-27,141.7,147.8,127.75,132.9,240341900,,,,,,,,,0,,,,,0,,0,,,,,
2021-07-28,131.0,135.0,123.55,131.2,159793700,,,,,,,,,0,,,,,0,,0,,,,,
2021-07-29,134.95,144.0,132.2,141.55,117973000,,,,,,,,,0,,,,,0,,0,,,,,
2021-07-30,142.6,142.7,131.0,133.5,88312520,,,,,,,,,0,,,,,0,,0,,,,,
2021-08-02,135.75,140.75,135.15,139.7,66909730,,,,,,,,,0,,,,,0,,0,,,,,
2021-08-03,137.0,140.8,137.0,139.4,46610000,,,,,,,,,0,,,,,0,,0,,,,,
2021-08-04,139.8,141.0,135.25,138.4,41134410,,,,,,,,,0,,,,,0,,0,,,,,
2021-08-05,138.75,138.9,132.0,134.95,38437130,,,,,,,,,0,,,,,0,,0,,,,,
2021-08-06,135.5,136.2,130.1,131.35,31975350,,,,,,,,,0,,,,,0,,0,,,,,
2021-08-09,132.4,133.55,127.25,130.6,41358290,,,,,,,,,0,,,,,0,,0,,,,,
2021-08-10,131.0,131.45,122.1,125.2,43164000,,,,,,,,,0,,,,,0,,0,,,,,
2021-08-11,123.0,138.75,123.0,135.65,111702700,,,15.23,,,,,,0,,,,,0,,0,,,,,
2021-08-12,135.65,137.4,132.05,135.45,51256670,,115.0,14.52,83.23,116.02,,,,0,,,116.02,,0,,0,,,,,
2021-08-13,133.85,139.75,132.1,137.35,33674300,,122.1,14.03,83.53,119.93,,,,0,,,119.93,,0,,0,,,,,
2021-08-16,136.4,136.9,132.25,134.95,20305360,,122.1,13.4,81.6,118.81,,,,0,,,118.81,,0,,0,,,,,
2021-08-17,132.8,134.35,130.6,132.5,15815180,,122.1,12.75,79.58,117.66,,,,0,,,117.66,,0,,0,,,,,
2021-08-18,134.5,136.8,133.3,134.95,22566920,,122.1,12.15,80.11,119.65,,,,0,,,119.65,,0,,0,,,,,
2021-08-20,134.95,141.45,133.0,139.3,53789580,,122.1,11.88,81.05,122.63,,147.8,,0,,,122.63,,0,,0,,,,,
2021-08-23,137.8,137.8,124.75,127.25,68470860,,122.1,12.07,71.03,114.73,,147.8,147.8,0,,,114.73,,0,,0,,,,,
2021-08-24,127.25,127.95,120.5,125.0,56713550,,120.5,11.74,69.3,112.96,,147.8,147.8,0,,,112.96,,0,,0,,,,,
2021-08-25,126.0,128.5,123.1,124.25,51078810,,120.5,11.29,68.7,112.78,,144.0,147.8,0,,,112.78,,0,,0,,,,,
2021-08-26,125.25,127.15,124.35,125.85,20645400,,120.5,10.69,69.31,114.21,,144.0,144.0,0,,,114.21,,0,,0,,,,,
2021-08-27,126.6,129.5,124.1,124.7,22227590,,120.5,10.31,68.29,113.72,,142.7,144.0,0,,,113.72,,0,,0,,,,,
2021-08-30,127.85,135.45,127.55,133.55,45239080,,120.5,10.34,71.76,119.41,,141.45,142.7,0,,,119.41,,0,,0,,,,,
2021-08-31,134.0,135.2,131.35,134.55,24640920,,120.5,9.88,72.13,120.36,,141.45,141.45,0,,,120.36,,0,,0,,,,,
2021-09-01,134.55,135.1,130.7,132.6,16162260,,120.5,9.49,70.19,119.37,,141.45,141.45,0,,,119.37,,0,,0,,,,,
2021-09-02,132.0,138.5,131.5,137.6,27882460,,120.5,9.31,72.25,122.71,,141.45,141.45,0,,,122.71,,0,,0,,,,,
2021-09-03,135.95,151.4,135.6,149.75,113381500,,120.5,9.77,76.5,130.24,133.69,151.4,141.45,0,,,130.24,,0,,0,,,,,
2021-09-06,149.25,149.35,143.25,144.05,34811620,,120.5,9.54,71.01,126.72,134.29,151.4,151.4,0,,,126.72,,0,,0,,,,,
2021-09-07,144.9,146.85,138.55,140.05,30421930,,120.5,9.45,67.35,124.2,134.27,151.4,151.4,0,,,124.2,,0,,0,,,,,
2021-09-08,141.0,143.6,139.05,141.25,28133280,,120.5,9.1,67.89,125.21,134.55,151.4,151.4,0,,,125.21,,0,,0,,,,,
2021-09-09,141.4,142.9,140.0,141.6,18970690,,120.5,8.66,68.05,125.73,134.9,151.4,151.4,0,,,125.73,,0,,0,,,,,
2021-09-13,143.25,144.25,142.0,143.15,17426790,,120.5,8.23,68.81,127.01,134.95,151.4,151.4,0,,,127.01,,0,,0,,,,,
2021-09-14,145.15,152.75,136.2,144.1,112358900,,120.5,8.82,69.29,127.23,135.3,152.75,151.4,0,,,127.23,,0,,0,,,,,
2021-09-15,142.95,145.0,140.75,142.65,38892540,,123.1,8.5,67.58,127.38,135.4,152.75,152.75,0,,,127.38,,0,,0,,,,,
2021-09-16,143.0,144.0,141.5,142.05,17634200,,124.1,8.07,66.84,127.61,135.49,152.75,152.75,0,,,127.61,,0,,0,,,,,
2021-09-17,142.55,146.9,137.15,137.9,23264090,,124.1,8.19,61.81,124.85,135.47,152.75,152.75,0,,,124.85,,0,,0,,,,,
2021-09-20,137.7,140.85,133.25,134.3,19799940,,127.55,8.15,57.75,123.71,135.45,152.75,152.75,0,,,123.71,,0,,0,,,,,
2021-09-21,137.2,138.0,131.0,133.45,19330190,,130.7,8.06,56.8,124.27,135.52,152.75,152.75,0,,,124.27,,0,,0,,,,,
2021-09-22,135.4,135.4,131.3,132.1,16923370,,130.7,7.78,55.25,123.58,135.57,152.75,152.75,0,,,123.58,,0,,0,,,,,
2021-09-23,134.5,140.4,133.05,137.3,31779160,,131.0,7.82,59.8,127.01,135.97,152.75,152.75,0,,,127.01,,0,,0,,,,,
2021-09-24,137.55,139.5,136.05,136.65,13099390,,131.0,7.51,59.0,126.8,136.01,152.75,152.75,0,,,126.8,,0,,0,,,,,
2021-09-27,139.85,144.75,138.0,143.7,26041240,,131.0,7.55,64.59,131.32,136.28,152.75,152.75,0,,,131.32,,0,,0,,,,,
2021-09-28,143.9,143.9,137.65,139.0,13489230,,131.0,7.46,58.83,128.35,136.34,152.75,152.75,0,,,128.35,,0,,0,,,,,
2021-09-29,138.0,139.5,136.5,138.5,10801430,,131.0,7.14,58.23,128.24,136.45,152.75,152.75,0,,,128.24,,0,,0,,,,,
2021-09-30,139.2,139.2,136.15,136.6,7825751,,131.0,6.85,55.92,127.21,136.59,152.75,152.75,0,,,127.21,,0,,0,,,,,
2021-10-01,137.3,140.5,137.0,138.0,11940570,,131.0,6.64,57.27,128.25,136.69,152.75,152.75,0,,,128.25,,0,,0,,,,,
2021-10-04,139.1,140.0,138.0,139.1,11995290,,131.0,6.3,58.34,129.18,136.69,152.75,152.75,0,,,129.18,,0,,0,,,,,
2021-10-05,138.75,138.8,137.15,137.95,10912140,,131.0,5.99,56.73,128.65,137.04,152.75,152.75,0,,,128.65,,0,,0,,,,,
2021-10-06,138.75,139.2,133.7,134.95,9988184,,131.0,5.96,52.65,126.74,137.38,152.75,152.75,0,,,126.74,,0,,0,,,,,
2021-10-07,136.75,138.45,136.05,137.1,7317664,,131.0,5.78,55.14,128.24,137.8,152.75,152.75,0,,,128.24,,0,,0,,,,,
2021-10-08,138.0,138.0,135.7,136.15,6207969,,131.0,5.53,53.79,127.79,138.15,152.75,152.75,0,,,127.79,,0,,0,,,,,
2021-10-11,137.5,137.5,136.15,136.85,4395523,,131.0,5.23,54.67,128.44,138.55,152.75,152.75,0,,,128.44,,0,,0,,,,,
2021-10-12,137.3,137.75,135.5,136.6,5600652,,131.3,5.02,54.28,128.53,138.65,146.9,152.75,0,,,128.53,,0,,0,,,,,
2021-10-13,137.25,137.4,134.35,135.45,6351349,,133.05,4.88,52.39,128.46,138.68,146.9,146.9,0,,,128.46,,0,,0,,,,,
2021-10-14,135.9,137.3,133.7,135.0,8688177,,133.7,4.79,51.64,128.45,138.76,146.9,146.9,0,,,128.45,,0,,0,,,,,
2021-10-18,136.0,146.15,135.9,144.05,31446800,,133.7,5.24,63.15,133.98,138.98,146.15,146.9,0,,,133.98,,0,,0,,,,,
2021-10-19,144.9,145.1,137.25,138.55,14688300,,133.7,5.43,54.64,130.31,138.6,146.15,146.15,0,,,130.31,,0,,0,,,,,
2021-10-20,138.5,140.4,133.85,137.9,12607290,,133.7,5.51,53.71,129.84,138.4,146.15,146.15,0,,,129.84,,0,,0,,,,,
2021-10-21,139.75,139.9,135.8,138.15,5951873,,133.7,5.41,54.04,130.07,138.34,146.15,146.15,0,,,130.07,,0,,0,,,,,
2021-10-22,138.95,142.0,135.8,137.75,11468450,,133.7,5.47,53.4,129.77,138.22,146.15,146.15,0,,,129.77,,0,,0,,,,,
2021-10-25,138.0,138.95,131.55,132.7,13530510,,131.55,5.6,46.01,125.71,137.92,146.15,146.15,0,,,125.71,,0,,0,,,,,
2021-10-26,133.0,137.35,133.0,135.45,6445894,,131.55,5.54,50.06,127.52,137.67,146.15,146.15,0,,,127.52,,0,,0,,,,,
2021-10-27,136.2,139.25,134.5,134.8,8982174,,131.55,5.48,49.12,127.14,137.36,146.15,146.15,0,,,127.14,,0,,0,,,,,
2021-10-28,135.35,136.5,131.5,135.6,11936370,,131.5,5.45,50.36,127.67,137.12,146.15,146.15,0,,,127.67,,0,,0,,,,,
2021-10-29,135.0,135.0,130.5,131.55,12925870,,130.5,5.42,44.48,124.74,136.77,146.15,146.15,0,,,124.74,,0,,0,,,,,
2021-11-01,133.6,134.3,132.0,132.65,6200243,,130.5,5.23,46.31,125.57,136.6,146.15,146.15,0,,,125.57,,0,,0,,,,,
2021-11-02,132.7,133.6,131.75,132.45,7367792,,130.5,4.99,46.01,125.6,136.54,146.15,146.15,0,,,125.6,,0,,0,,,,,
2021-11-03,132.9,132.9,127.5,128.35,15919920,,127.5,5.02,40.3,121.94,136.36,146.15,146.15,0,,,121.94,,0,,0,,,,,
2021-11-04,130.0,132.4,130.0,131.35,4101820,,127.5,4.95,45.62,123.92,136.34,146.15,146.15,0,,,123.92,,0,,0,,,,,
2021-11-08,132.95,133.6,130.6,131.15,17645790,,127.5,4.81,45.33,123.89,136.14,146.15,146.15,0,,,123.89,,0,,0,,,,,
2021-11-09,133.0,138.9,131.65,137.65,26457360,,127.5,5.02,55.28,127.94,136.17,146.15,146.15,0,,,127.94,,0,,0,,,,,
2021-11-10,136.5,139.15,135.0,136.05,16816040,,127.5,4.96,52.74,126.95,135.91,146.15,146.15,0,,,126.95,,0,,0,,,,,
2021-11-11,142.0,144.0,132.6,140.9,83582030,,127.5,5.42,58.91,129.77,135.98,146.15,146.15,0,,,129.77,,0,,0,,,,,
2021-11-12,142.0,155.2,142.0,153.0,140547700,,127.5,6.05,69.59,137.15,136.46,155.2,146.15,0,,,137.15,,0,,0,,,,,
2021-11-15,149.0,163.3,142.35,160.3,121197500,,127.5,7.12,73.98,141.15,137.25,163.3,155.2,0,,,141.15,,0,,0,,,,,
2021-11-16,161.15,169.0,153.8,157.6,109342700,,127.5,7.69,69.96,139.02,137.9,169.0,163.3,0,,,139.02,,0,,0,,,,,
2021-11-17,155.95,162.25,154.25,156.55,44505150,,127.5,7.72,68.4,138.33,138.49,169.0,169.0,0,,,138.33,,0,,0,,,,,
2021-11-18,158.9,161.85,152.5,154.7,46802080,,127.5,7.83,65.63,137.06,139.04,169.0,169.0,0,,,137.06,,0,,0,,,,,
2021-11-22,158.25,158.25,136.8,149.75,79417840,,127.5,8.8,58.76,133.22,139.54,169.0,169.0,0,,,133.22,,0,,0,,,,,
2021-11-23,150.0,152.0,144.25,148.7,38236580,,127.5,8.73,57.39,132.59,139.92,169.0,169.0,0,,,132.59,,0,,0,,,,,
2021-11-24,151.1,156.4,149.6,155.5,53749970,,127.5,8.66,63.35,137.03,140.57,169.0,169.0,0,,,137.03,,0,,0,,,,,
2021-11-25,157.0,161.3,154.05,159.75,48900470,,127.5,8.56,66.51,139.83,141.33,169.0,169.0,0,,,139.83,,0,,0,,,,,
2021-11-26,158.45,158.45,146.25,148.15,35968150,,130.0,8.91,53.07,132.95,141.72,169.0,169.0,0,,,132.95,,0,,0,,,,,
2021-11-29,148.8,153.9,137.5,149.1,43972440,,130.6,9.44,53.9,133.41,142.17,169.0,169.0,0,,,133.41,,0,,0,,,,,
2021-11-30,149.95,158.0,145.3,152.55,258130100,,131.65,9.68,56.85,135.83,142.76,169.0,169.0,0,,,135.83,,0,,0,,,,,
2021-12-01,153.0,157.9,149.45,151.4,32604850,,132.6,9.59,55.57,135.46,143.0,169.0,169.0,0,,,135.46,,0,,0,,,,,
2021-12-02,151.6,153.8,147.8,150.65,23508260,,132.6,9.33,54.71,135.15,143.41,169.0,169.0,0,,,135.15,,0,,0,,,,,
2021-12-03,152.1,152.8,143.85,144.9,26452890,,136.8,9.31,48.48,132.86,143.64,169.0,169.0,0,,,132.86,,0,,0,,,,,
2021-12-06,146.6,146.85,135.3,138.55,33244500,,135.3,9.47,42.71,128.15,143.65,169.0,169.0,0,,,128.15,,0,,0,,,,,
2021-12-07,141.35,143.8,138.65,139.8,36835410,,135.3,9.16,44.12,129.16,143.72,169.0,169.0,0,,,129.16,,0,,0,,,,,
2021-12-08,141.0,148.6,140.25,147.6,37324360,,135.3,9.14,52.06,134.21,144.22,169.0,169.0,0,,,134.21,,0,,0,,,,,
2021-12-09,148.65,148.65,145.3,146.25,18377890,,135.3,8.72,50.71,133.61,144.58,169.0,169.0,0,,,133.61,,0,,0,,,,,
2021-12-10,144.1,146.4,139.75,140.55,27881030,,135.3,8.58,45.39,130.04,144.77,169.0,169.0,0,,,130.04,,0,,0,,,,,
2021-12-13,142.2,144.45,141.9,142.65,20318220,,135.3,8.24,47.57,131.61,145.0,169.0,169.0,0,,,131.61,,0,,0,,,,,
2021-12-14,144.7,144.95,140.0,140.65,19474410,,135.3,8.01,45.7,130.48,145.31,169.0,169.0,0,,,130.48,,0,,0,,,,,
2021-12-15,140.5,142.0,140.0,140.6,12791660,,135.3,7.58,45.65,130.73,145.57,162.25,169.0,0,,,130.73,,0,,0,,,,,
2021-12-16,141.9,142.85,137.4,138.4,17182100,,135.3,7.43,43.47,129.42,145.77,161.85,162.25,0,,,129.42,,0,,0,,,,,
2021-12-17,138.95,141.0,132.35,135.35,95386200,,132.35,7.51,40.57,126.41,146.0,161.3,161.85,0,,,126.41,,0,,0,,,,,
2021-12-20,135.3,135.75,124.6,126.55,36064410,,124.6,7.77,33.62,117.98,145.84,161.3,161.3,0,,,117.98,,0,,0,,,,,
2021-12-21,128.85,132.85,128.6,131.6,20442770,,124.6,7.67,39.98,121.3,145.86,161.3,161.3,0,,,121.3,,0,,0,,,,,
2021-12-22,133.05,139.75,133.0,138.65,19425710,,124.6,7.7,47.54,125.83,145.89,161.3,161.3,0,,,125.83,,0,,0,,,,,
2021-12-23,140.05,140.75,132.1,133.0,21934780,,124.6,7.77,42.88,122.14,145.79,158.45,161.3,0,,,122.14,,0,,0,,,,,
2021-12-24,134.5,134.5,129.6,131.45,17625580,,124.6,7.57,41.67,121.28,145.48,158.0,158.45,0,,,121.28,,0,,0,,,,,
2021-12-27,131.35,133.85,128.0,132.75,13934150,,124.6,7.44,43.11,122.2,144.8,158.0,158.0,0,,,122.2,,0,,0,,,,,
2021-12-28,133.7,134.0,131.65,132.85,11170270,,124.6,7.08,43.23,122.5,143.89,157.9,158.0,0,,,122.5,,0,,0,,,,,
2021-12-29,132.7,137.7,131.55,137.1,18914240,,124.6,7.01,48.1,125.29,143.2,153.8,157.9,0,,,125.29,,0,,0,,,,,
2021-12-30,137.05,137.05,133.3,133.95,8369208,,124.6,6.78,45.02,123.41,142.45,152.8,153.8,0,,,123.41,,0,,0,,,,,
2021-12-31,133.85,138.4,133.4,137.4,11452240,,124.6,6.66,48.88,125.72,141.87,148.65,152.8,0,,,125.72,,0,,0,,,,,
2022-01-03,139.7,142.45,138.3,141.35,22518240,,124.6,6.54,52.96,128.34,141.59,148.65,148.65,0,,,128.34,,0,,0,,,,,
2022-01-04,141.35,141.55,137.6,138.35,10705790,,124.6,6.36,49.71,126.53,141.25,148.65,148.65,0,,,126.53,,0,,0,,,,,
2022-01-05,137.9,137.9,133.3,133.95,15874850,,124.6,6.26,45.33,123.76,140.53,148.65,148.65,0,,,123.76,,0,,0,,,,,
2022-01-06,133.0,133.15,129.6,130.0,23780410,,124.6,6.13,41.77,121.3,139.54,146.4,148.65,0,,,121.3,,0,,0,,,,,
2022-01-07,130.0,131.45,129.0,129.25,22846950,,124.6,5.86,41.11,120.99,138.91,144.95,146.4,0,,,120.99,,0,,0,,,,,
2022-01-10,130.5,130.9,129.4,130.2,11389370,,128.0,5.56,42.35,122.94,138.28,144.95,144.95,0,,,122.94,,0,,0,,,,,
2022-01-11,131.0,132.5,130.0,131.3,15396650,,128.0,5.34,43.83,123.79,137.57,142.85,144.95,0,,,123.79,,0,,0,,,,,
2022-01-12,132.1,132.9,131.6,132.25,8004430,,128.0,5.08,45.14,124.58,136.93,142.85,142.85,0,,,124.58,,0,,0,,,,,
2022-01-13,132.5,133.45,132.35,133.1,6535224,,128.0,4.8,46.35,125.32,136.34,142.45,142.85,0,,,125.32,,0,,0,,,,,
2022-01-14,133.1,134.45,132.05,133.6,9443928,,128.0,4.63,47.08,125.75,135.97,142.45,142.45,0,,,125.75,,0,,0,,,,,
2022-01-17,133.6,134.5,133.0,134.0,7515979,,129.0,4.4,47.7,126.49,135.82,142.45,142.45,0,,,126.49,,0,,0,,,,,
2022-01-18,134.5,134.6,132.8,133.05,9428096,,129.0,4.22,46.32,126.0,135.59,142.45,142.45,0,,,126.0,,0,,0,,,,,
2022-01-19,131.7,132.4,128.25,129.2,27812340,,128.25,4.26,41.11,123.24,134.98,142.45,142.45,0,,,123.24,,0,,0,,,,,
2022-01-20,127.95,130.7,125.0,125.2,23290540,,125.0,4.36,36.52,119.51,134.28,142.45,142.45,0,,,119.51,,0,,0,,,,,
2022-01-21,125.15,125.15,112.55,113.65,59805920,,112.55,4.95,27.11,107.52,133.38,142.45,142.45,0,,,107.52,,0,,0,,,,,
2022-01-24,114.0,114.2,90.95,91.35,167044700,,90.95,6.26,17.65,85.06,131.67,142.45,142.45,0,,,85.06,,0,,0,,,,,
2022-01-25,90.95,100.45,84.15,100.45,138336200,,84.15,6.98,28.6,88.19,130.33,142.45,142.45,0,,,88.19,,0,,0,,,,,
2022-01-27,98.0,98.0,90.45,90.5,106488700,,84.15,7.19,24.73,81.63,128.66,142.45,142.45,0,,,81.63,,0,,0,,,,,
2022-01-28,93.6,96.45,88.8,89.55,61452430,,84.15,7.23,24.39,80.99,127.03,142.45,142.45,0,,,80.99,,0,,0,,,,,
2022-01-31,91.35,92.5,89.65,90.4,20203790,,84.15,6.92,25.37,81.74,125.53,142.45,142.45,0,,,81.74,,0,,0,,,,,
2022-02-01,91.75,95.8,91.05,94.55,32606750,,84.15,6.81,30.17,84.49,124.47,141.55,142.45,0,,,84.49,,0,,0,,,,,
2022-02-02,95.75,99.75,94.8,98.9,18674080,,84.15,6.7,34.89,87.38,123.38,137.9,141.55,0,,,87.38,,0,,0,,,,,
2022-02-03,98.5,98.5,96.1,97.1,9769090,,84.15,6.42,33.87,86.4,121.99,134.6,137.9,0,,,86.4,,0,,0,,,,,
2022-02-04,97.2,97.85,93.6,94.2,15354380,,84.15,6.26,32.23,84.63,120.7,134.6,134.6,0,,,84.63,,0,,0,,,,,
2022-02-07,95.1,95.5,93.35,93.55,10900140,,84.15,5.97,31.86,84.41,119.44,134.6,134.6,0,,,84.41,,0,,0,,,,,
2022-02-08,94.35,94.65,91.25,93.55,9026735,,84.15,5.79,31.86,84.53,118.13,134.6,134.6,0,,,84.53,,0,,0,,,,,
2022-02-09,94.5,95.45,93.6,94.2,7876462,,84.15,5.51,32.76,85.14,116.84,134.6,134.6,0,,,85.14,,0,,0,,,,,
2022-02-10,94.9,95.4,93.0,94.45,13257120,,84.15,5.29,33.12,85.45,115.42,134.6,134.6,0,,,85.45,,0,,0,,,,,
2022-02-11,92.75,92.75,86.5,88.7,39976780,,84.15,5.48,29.2,81.61,113.91,134.6,134.6,0,,,81.61,,0,,0,,,,,
2022-02-15,83.5,84.65,75.75,82.7,106216200,,75.75,6.01,25.76,74.58,112.09,134.6,134.6,0,,,74.58,,0,,0,,,,,
2022-02-16,85.0,87.0,84.25,84.95,33106600,,75.75,5.89,29.13,76.12,110.21,134.6,134.6,0,,,76.12,,0,,0,,,,,
2022-02-17,86.5,90.1,85.9,89.15,29566400,,75.75,5.84,35.05,78.86,108.57,132.4,134.6,0,,,78.86,,0,,0,,,,,
2022-02-18,88.1,88.4,85.2,85.9,15037120,,75.75,5.7,32.77,76.85,106.96,130.7,132.4,0,,,76.85,,0,,0,,,,,
2022-02-21,84.2,84.8,80.65,81.55,18853330,,75.75,5.67,29.96,74.07,105.35,125.15,130.7,0,,,74.07,,0,,0,,,,,
2022-02-22,78.0,80.55,77.0,79.7,28814770,,75.75,5.59,28.83,72.93,103.7,114.2,125.15,0,,,72.93,,0,,0,,,,,
2022-02-23,82.0,85.15,81.2,84.15,19847600,,75.75,5.58,35.17,75.81,102.16,100.45,114.2,0,,,75.81,,0,,0,,,,,
2022-02-24,78.65,81.5,78.1,78.5,22035310,,75.75,5.61,31.35,72.14,100.4,99.75,100.45,0,,,72.14,,0,,0,,,,,
2022-02-25,82.0,83.4,78.15,78.8,22876040,,75.75,5.59,31.77,72.35,98.62,99.75,99.75,0,,,72.35,,0,,0,,,,,
2022-02-28,79.0,80.95,76.55,79.95,41975650,129.78,75.75,5.5,33.47,73.15,96.85,99.75,99.75,0,,,73.15,,0,,0,,,,,
2022-03-02,80.0,82.0,79.0,79.85,20353220,129.47,75.75,5.32,33.39,73.2,95.06,99.75,99.75,0,,,73.2,,0,,0,,,,,
2022-03-03,81.5,83.2,81.2,82.2,16067220,129.08,75.75,5.18,37.09,74.81,93.33,99.75,99.75,0,,,74.81,,0,,0,,,,,
2022-03-04,80.5,82.9,79.5,80.2,15145230,128.73,75.75,5.06,35.29,73.61,91.57,98.5,99.75,0,,,73.61,,0,,0,,,,,
2022-03-07,79.0,79.65,78.0,79.0,9764606,128.38,75.75,4.85,34.22,72.97,89.9,97.85,98.5,0,,,72.97,,0,,0,,,,,
2022-03-08,79.25,80.6,77.6,78.15,12381950,127.96,75.75,4.72,33.45,72.51,88.33,95.5,97.85,0,,,72.51,,0,,0,,,,,
2022-03-09,79.45,80.65,78.9,80.35,11887750,127.6,76.55,4.56,37.4,74.3,87.22,95.45,95.5,0,,,74.3,,0,,0,,,,,
2022-03-10,82.55,83.95,81.7,82.2,13476200,127.22,76.55,4.49,40.59,75.54,86.91,95.45,95.45,0,,,75.54,,0,,0,,,,,
2022-03-11,82.4,82.4,79.5,79.9,18964700,126.82,76.55,4.38,37.99,74.13,86.23,95.4,95.45,0,,,74.13,,0,,0,,,,,
2022-03-14,80.7,80.7,79.0,79.3,7261387,126.43,76.55,4.19,37.32,73.87,85.85,92.75,95.4,0,,,73.87,,0,,0,,,,,
2022-03-15,79.3,79.6,76.0,76.55,18900800,126.04,76.0,4.14,34.34,71.94,85.42,90.1,92.75,0,,,71.94,,0,,0,,,,,
2022-03-16,80.0,80.0,75.5,75.95,42383300,125.67,75.5,4.17,33.7,71.37,84.94,90.1,90.1,0,,,71.37,,0,,0,,,,,
2022-03-17,77.2,82.0,76.8,80.85,34440230,125.34,75.5,4.3,42.96,74.45,84.48,90.1,90.1,0,,,74.45,,0,,0,,,,,
2022-03-21,82.0,83.3,79.25,80.4,28669860,125.04,75.5,4.29,42.38,74.17,83.87,88.4,90.1,0,,,74.17,,0,,0,,,,,
2022-03-22,80.95,81.9,79.3,81.15,23798590,124.68,75.5,4.17,43.75,74.73,83.34,85.15,88.4,0,,,74.73,,0,,0,,,,,
2022-03-23,82.0,82.0,80.2,80.75,12522850,124.31,75.5,4.0,43.16,74.59,82.89,85.15,85.15,0,,,74.59,,0,,0,,,,,
2022-03-24,80.7,82.35,80.05,80.35,12996470,123.93,75.5,3.88,42.54,74.41,82.45,85.15,85.15,0,,,74.41,,0,,0,,,,,
2022-03-25,81.0,81.85,80.25,80.6,13585980,123.57,75.5,3.71,43.09,74.68,82.02,83.95,85.15,0,,,74.68,,0,,0,,,,,
2022-03-28,80.6,81.0,79.15,79.65,10034660,123.22,75.5,3.58,41.47,74.15,81.53,83.95,83.95,0,,,74.15,,0,,0,,,,,
2022-03-29,80.05,80.5,78.05,78.2,13466520,122.84,75.5,3.5,39.05,73.27,80.99,83.95,83.95,0,,,73.27,,0,,0,,,,,
2022-03-30,79.0,86.0,78.5,85.05,41305970,122.48,75.5,3.81,53.0,77.49,80.87,86.0,83.95,0,,,77.49,,0,,0,,,,,
2022-03-31,88.7,88.7,81.75,82.3,34672910,122.18,75.5,4.03,48.23,75.56,80.85,88.7,86.0,0,,,75.56,,0,,0,,,,,
2022-04-01,82.1,85.6,82.05,84.3,15586810,121.91,75.5,4.0,51.64,76.88,80.83,88.7,88.7,0,,,76.88,,0,,0,,,,,
2022-04-04,84.4,87.7,84.4,86.25,18040880,121.66,75.5,3.95,54.77,78.16,80.74,88.7,88.7,0,,,78.16,,0,,0,,,,,
2022-04-05,83.0,85.15,82.35,83.9,28433440,121.38,75.5,3.95,50.53,76.65,80.67,88.7,88.7,0,,,76.65,,0,,0,,,,,
2022-04-06,83.75,85.3,83.15,84.55,10697010,121.11,75.5,3.82,51.64,77.15,80.77,88.7,88.7,0,,,77.15,,0,,0,,,,,
2022-04-07,84.8,85.25,82.25,82.5,9709022,120.77,76.8,3.76,47.97,76.3,80.86,88.7,88.7,0,,,76.3,,0,,0,,,,,
2022-04-08,83.5,85.5,82.75,83.4,14851730,120.43,78.05,3.71,49.66,77.34,80.84,88.7,88.7,0,,,77.34,,0,,0,,,,,
2022-04-11,83.15,85.85,83.0,84.45,17609800,120.11,78.05,3.65,51.64,78.06,81.04,88.7,88.7,0,,,78.06,,0,,0,,,,,
2022-04-12,84.3,84.3,81.0,81.5,12913670,119.73,78.05,3.63,46.15,76.16,81.12,88.7,88.7,0,,,76.16,,0,,0,,,,,
2022-04-13,82.5,88.3,82.15,83.9,52988180,119.29,78.05,3.86,50.74,77.56,81.26,88.7,88.7,0,,,77.56,,0,,0,,,,,
2022-04-18,83.7,84.4,82.55,82.9,14209900,118.88,78.05,3.72,48.87,77.01,81.36,88.7,88.7,0,,,77.01,,0,,0,,,,,
2022-04-19,83.1,83.9,79.45,80.45,13439870,118.49,78.05,3.77,44.54,75.39,81.3,88.7,88.7,0,,,75.39,,0,,0,,,,,
2022-04-20,81.6,82.3,80.0,80.3,12797460,118.08,78.05,3.66,44.29,75.37,81.3,88.7,88.7,0,,,75.37,,0,,0,,,,,
2022-04-21,81.1,81.85,80.65,80.8,6780602,117.68,78.5,3.51,45.42,75.94,81.36,88.7,88.7,0,,,75.94,,0,,0,,,,,
2022-04-22,80.7,81.8,80.2,81.2,7211263,117.26,79.45,3.38,46.37,76.61,81.46,88.7,88.7,0,,,76.61,,0,,0,,,,,
2022-04-25,80.5,81.6,78.6,78.75,16717050,116.83,78.6,3.35,41.62,74.76,81.41,88.7,88.7,0,,,74.76,,0,,0,,,,,
2022-04-26,80.6,80.9,78.6,79.6,9548939,116.41,78.6,3.27,43.77,75.36,81.32,88.7,88.7,0,,,75.36,,0,,0,,,,,
2022-04-27,79.4,79.6,75.5,75.85,23626620,115.97,75.5,3.33,37.26,71.87,81.19,88.7,88.7,0,,,71.87,,0,,0,,,,,
2022-04-28,77.35,77.6,73.5,73.85,21338830,115.54,73.5,3.39,34.32,69.87,81.01,88.7,88.7,0,,,69.87,,0,,0,,,,,
2022-04-29,74.7,74.85,71.1,71.75,24873680,115.12,71.1,3.41,31.51,67.7,80.85,88.7,88.7,0,,,67.7,,0,,0,,,,,
2022-05-04,69.75,70.0,63.9,64.45,43049540,114.66,63.9,3.73,24.13,60.38,80.46,88.3,88.7,0,,,60.38,,0,,0,,,,,
2022-05-05,65.75,66.65,60.5,61.15,40296390,114.19,60.5,3.9,21.66,57.01,79.81,88.3,88.3,0,,,57.01,,0,,0,,,,,
2022-05-06,59.3,62.3,57.65,60.5,47189320,113.68,57.65,3.96,21.2,55.6,79.15,88.3,88.3,0,,,55.6,,0,,0,,,,,
2022-05-09,59.6,60.4,55.65,56.75,38279090,113.14,55.65,4.02,18.72,52.47,78.33,88.3,88.3,0,,,52.47,,0,,0,,,,,
2022-05-10,55.75,56.75,50.05,52.45,45135580,112.54,50.05,4.21,16.36,47.71,77.39,88.3,88.3,0,,,47.71,,0,,0,,,,,
2022-05-11,52.0,56.45,50.3,54.2,99812770,111.97,50.05,4.35,20.74,48.74,76.52,88.3,88.3,0,,,48.74,,0,,0,,,,,
2022-05-12,53.8,53.9,51.05,51.95,37338260,111.39,50.05,4.26,19.34,47.35,75.56,88.3,88.3,0,,,47.35,,0,,0,,,,,
2022-05-13,53.3,59.2,52.25,56.85,79292210,110.86,50.05,4.48,30.37,50.37,74.8,88.3,88.3,0,,,50.37,,0,,0,,,,,
2022-05-16,56.85,57.7,54.75,56.4,37036100,110.32,50.05,4.37,29.96,50.15,74.08,88.3,88.3,0,,,50.15,,0,,0,,,,,
2022-05-17,56.1,56.7,55.15,56.15,21460380,109.76,50.05,4.17,29.73,50.12,73.11,84.4,88.3,0,,,50.12,,0,,0,,,,,
2022-05-18,56.1,59.6,55.85,58.75,57728110,109.24,50.05,4.14,35.45,51.82,72.33,83.9,84.4,0,,,51.82,,0,,0,,,,,
2022-05-19,56.5,56.85,54.8,55.35,31970090,108.71,50.05,4.12,31.8,49.63,71.36,82.3,83.9,0,,,49.63,,0,,0,,,,,
2022-05-20,56.5,58.75,56.4,58.05,32411620,108.18,50.05,4.07,37.32,51.41,70.42,81.85,82.3,0,,,51.41,,0,,0,,,,,
2022-05-23,58.7,60.5,56.6,57.05,36830590,107.65,50.05,4.06,36.15,50.77,69.53,81.8,81.85,0,,,50.77,,0,,0,,,,,
2022-05-24,57.95,67.6,57.9,64.95,193577700,107.17,50.05,4.52,49.57,55.56,68.87,81.6,81.8,0,,,55.56,,0,,0,,,,,
2022-05-25,65.7,66.9,60.65,62.3,104446900,106.68,50.05,4.65,46.07,53.77,68.2,80.9,81.6,0,,,53.77,,0,,0,,,,,
2022-05-26,61.0,62.5,59.6,60.45,46556390,106.18,50.05,4.52,43.75,52.66,67.44,79.6,80.9,0,,,52.66,,0,,0,,,,,
2022-05-27,63.0,63.0,61.5,62.05,32064280,105.69,50.05,4.38,46.27,53.78,66.69,77.6,79.6,0,,,53.78,,0,,0,,,,,
2022-05-30,63.25,72.1,62.6,71.05,124103600,105.2,50.05,4.79,57.74,59.32,66.34,74.85,77.6,0,,,59.32,,0,,0,,,,,
2022-05-31,68.5,77.7,67.4,74.65,184333900,104.78,50.3,5.18,61.3,61.46,66.03,77.7,74.85,0,,,61.46,,0,,0,,,,,
2022-06-01,75.4,79.8,73.1,74.7,127949700,104.36,51.05,5.29,61.35,61.67,65.76,79.8,77.7,0,,,61.67,,0,,0,,,,,
2022-06-02,74.4,74.4,71.4,71.95,47866800,103.92,52.25,5.15,57.09,60.39,65.47,79.8,79.8,0,,,60.39,,0,,0,,,,,
2022-06-03,73.9,74.85,71.2,72.15,35779760,103.48,54.75,5.04,57.33,61.43,65.2,79.8,79.8,0,,,61.43,,0,,0,,,,,
2022-06-06,70.0,71.2,69.2,69.9,30078460,103.06,54.8,4.89,53.8,60.09,64.84,79.8,79.8,0,,,60.09,,0,,0,,,,,
2022-06-07,69.7,69.7,64.75,65.4,41755330,102.59,54.8,4.91,47.52,57.18,64.31,79.8,79.8,0,,,57.18,,0,,0,,,,,
2022-06-08,66.0,68.6,64.1,67.15,46697870,102.14,54.8,4.88,49.97,58.33,63.93,79.8,79.8,0,,,58.33,,0,,0,,,,,
2022-06-09,66.2,69.7,65.0,68.7,47653870,101.7,56.4,4.87,52.1,59.87,63.56,79.8,79.8,0,,,59.87,,0,,0,,,,,
2022-06-10,67.3,69.7,66.5,69.0,42040370,101.28,56.6,4.75,52.52,60.21,63.34,79.8,79.8,0,,,60.21,,0,,0,,,,,
2022-06-13,67.5,68.3,65.4,67.5,34863270,100.84,57.9,4.67,50.14,59.73,63.12,79.8,79.8,0,,,59.73,,0,,0,,,,,
2022-06-14,64.2,70.75,64.0,70.0,66677000,100.43,59.6,4.81,53.89,61.81,63.07,79.8,79.8,0,,,61.81,,0,,0,,,,,
2022-06-15,70.65,71.9,68.95,70.2,33246360,100.04,59.6,4.68,54.18,62.02,63.26,79.8,79.8,0,,,62.02,,0,,0,,,,,
2022-06-16,72.0,72.0,66.1,67.2,41879880,99.61,61.5,4.77,49.09,60.66,63.46,79.8,79.8,0,,,60.66,,0,,0,,,,,
2022-06-17,65.65,69.4,65.3,67.05,33597220,99.18,62.6,4.72,48.84,60.97,63.68,79.8,79.8,0,,,60.97,,0,,0,,,,,
2022-06-20,68.0,68.0,64.05,65.0,27409010,98.7,64.0,4.67,45.47,60.15,63.95,79.8,79.8,0,,,60.15,,0,,0,,,,,
2022-06-21,65.5,67.25,65.35,66.05,22905670,98.23,64.0,4.49,47.47,60.94,64.4,79.8,79.8,0,,,60.94,,0,,0,,,,,
2022-06-22,65.95,68.6,65.0,67.6,35026600,97.74,64.0,4.43,50.36,61.98,64.85,79.8,79.8,0,,,61.98,,0,,0,,,,,
2022-06-23,67.05,70.0,66.5,69.55,33785880,97.19,64.0,4.36,53.81,63.28,65.44,79.8,79.8,0,,,63.28,,0,,0,,,,,
2022-06-24,71.0,71.85,69.55,70.5,23948410,96.59,64.0,4.22,55.44,64.0,65.89,79.8,79.8,0,,,64.0,,0,,0,,,,,
2022-06-27,72.65,72.7,65.0,65.85,110751300,95.98,64.0,4.46,46.77,60.83,66.21,79.8,79.8,0,,,60.83,,0,,0,,,,,
2022-06-28,65.7,65.7,59.65,60.3,120959400,95.34,59.65,4.59,38.94,55.72,66.35,79.8,79.8,0,,,55.72,,0,,0,,,,,
2022-06-29,58.75,61.45,56.85,57.3,96955320,94.69,56.85,4.59,35.48,52.85,66.3,74.85,79.8,0,,,52.85,,0,,0,,,,,
2022-06-30,57.8,59.0,53.35,53.85,106893600,94.05,53.35,4.67,31.96,49.41,66.25,74.85,74.85,0,,,49.41,,0,,0,,,,,
2022-07-01,54.15,56.7,52.55,56.15,112078600,93.43,52.55,4.63,36.48,50.65,66.18,72.7,74.85,0,,,50.65,,0,,0,,,,,
2022-07-04,54.5,55.8,53.3,54.3,56902450,92.76,52.55,4.5,34.5,49.54,66.09,72.7,72.7,0,,,49.54,,0,,0,,,,,
2022-07-05,55.4,55.9,54.35,55.45,51276620,92.06,52.55,4.29,36.8,50.42,65.78,72.7,72.7,0,,,50.42,,0,,0,,,,,
2022-07-06,55.8,55.8,53.9,54.35,32403440,91.44,52.55,4.12,35.51,49.82,65.51,72.7,72.7,0,,,49.82,,0,,0,,,,,
2022-07-07,54.65,55.15,53.75,54.45,35759420,90.8,52.55,3.93,35.73,50.02,65.31,72.7,72.7,0,,,50.02,,0,,0,,,,,
2022-07-08,55.0,55.3,54.3,54.8,21413550,90.15,52.55,3.72,36.55,50.38,65.07,72.7,72.7,0,,,50.38,,0,,0,,,,,
2022-07-11,54.7,56.5,54.2,56.1,21739000,89.52,52.55,3.62,39.61,51.29,64.57,72.7,72.7,0,,,51.29,,0,,0,,,,,
2022-07-12,55.9,59.65,55.5,59.0,57986560,88.91,52.55,3.66,45.89,53.13,64.05,72.7,72.7,0,,,53.13,,0,,0,,,,,
2022-07-13,59.0,61.5,58.0,58.35,73383000,88.33,52.55,3.64,44.76,52.72,63.5,72.7,72.7,0,,,52.72,,0,,0,,,,,
2022-07-14,58.4,59.0,55.3,55.65,43024080,87.78,52.55,3.65,40.35,50.98,62.96,72.7,72.7,0,,,50.98,,0,,0,,,,,
2022-07-15,56.2,56.2,53.35,53.9,47995060,87.2,52.55,3.59,37.75,49.89,62.35,72.7,72.7,0,,,49.89,,0,,0,,,,,
2022-07-18,54.7,55.1,52.85,53.6,47689460,86.58,52.55,3.5,37.3,49.76,61.81,72.7,72.7,0,,,49.76,,0,,0,,,,,
2022-07-19,53.65,54.4,53.3,53.95,35427090,85.96,52.55,3.32,38.22,50.1,61.43,72.7,72.7,0,,,50.1,,0,,0,,,,,
2022-07-20,54.5,54.5,53.2,53.4,37683090,85.38,52.55,3.18,37.3,49.84,60.97,72.7,72.7,0,,,49.84,,0,,0,,,,,
2022-07-21,53.35,54.45,52.7,53.5,29402440,84.79,52.55,3.08,37.59,49.97,60.46,72.7,72.7,0,,,49.97,,0,,0,,,,,
2022-07-22,53.75,54.0,52.9,53.65,27302080,84.21,52.7,2.94,38.06,50.21,59.95,72.7,72.7,0,,,50.21,,0,,0,,,,,
2022-07-25,52.5,52.5,46.0,47.6,232841100,83.59,46.0,3.27,28.7,43.85,59.29,65.7,72.7,0,,,43.85,,0,,0,,,,,
2022-07-26,46.6,46.65,41.2,41.65,412304700,82.94,41.2,3.5,22.77,38.27,58.34,61.5,65.7,0,,,38.27,,0,,0,,,,,
2022-07-27,40.85,44.4,40.6,43.95,411205100,82.33,40.6,3.52,28.88,39.54,57.47,61.5,61.5,0,,,39.54,,0,,0,,,,,
2022-07-28,44.9,46.3,43.05,45.7,267544500,81.79,40.6,3.5,33.22,40.68,56.75,61.5,61.5,0,,,40.68,,0,,0,,,,,
2022-07-29,45.6,47.2,44.55,46.8,177187900,81.23,40.6,3.44,35.87,41.43,56.08,61.5,61.5,0,,,41.43,,0,,0,,,,,
2022-08-01,46.8,47.25,45.05,46.3,135944000,80.61,40.6,3.35,35.18,41.16,55.45,61.5,61.5,0,,,41.16,,0,,0,,,,,
2022-08-02,50.0,55.55,48.4,55.55,528899700,80.1,40.6,3.77,53.0,46.85,55.1,61.5,61.5,0,,,46.85,,0,,0,,,,,
2022-08-03,52.5,56.9,51.75,55.45,599688300,79.59,40.6,3.87,52.83,46.72,54.7,61.5,61.5,0,,,46.72,,0,,0,,,,,
2022-08-04,55.75,58.65,54.5,57.85,420183400,79.09,40.6,3.89,56.43,48.25,54.31,61.5,61.5,0,,,48.25,,0,,0,,,,,
2022-08-05,57.9,59.15,53.25,54.6,315019000,78.57,40.6,4.03,50.79,46.06,53.78,61.5,61.5,0,,,46.06,,0,,0,,,,,
2022-08-08,54.7,56.2,54.2,55.45,178185000,78.02,40.6,3.89,52.13,46.71,53.43,61.5,61.5,0,,,46.71,,0,,0,,,,,
2022-08-10,56.2,56.55,54.5,55.95,200699900,77.5,40.6,3.76,52.95,47.12,53.29,61.5,61.5,0,,,47.12,,0,,0,,,,,
2022-08-11,56.9,58.15,56.35,57.9,130942700,76.97,40.6,3.65,56.09,48.45,53.31,59.15,61.5,0,,,48.45,,0,,0,,,,,
2022-08-12,58.1,63.1,57.9,61.75,351208900,76.44,40.6,3.76,61.56,50.86,53.57,63.1,59.15,0,,,50.86,,0,,0,,,,,
2022-08-16,62.65,67.45,62.5,64.25,250686900,75.95,40.6,3.9,64.64,52.38,53.84,67.45,63.1,0,,,52.38,,0,,0,,,,,
2022-08-17,64.8,65.6,61.8,65.25,258066500,75.49,40.6,3.89,65.81,53.03,54.21,67.45,67.45,0,,,53.03,,0,,0,,,,,
2022-08-18,65.6,69.25,65.0,67.1,303566800,75.07,40.6,3.91,67.94,54.2,54.59,69.25,67.45,0,,,54.2,,0,,0,,,,,
2022-08-19,67.4,68.25,60.15,61.45,295737700,74.62,43.05,4.21,56.39,51.18,54.83,69.25,69.25,0,,,51.18,,0,,0,,,,,
2022-08-22,61.0,62.85,59.25,62.0,226773000,74.17,44.55,4.17,57.16,52.06,55.08,69.25,69.25,0,,,52.06,,0,,0,,,,,
2022-08-23,62.3,65.25,62.15,64.45,218585100,73.72,45.05,4.1,60.48,53.85,55.4,69.25,69.25,0,,,53.85,,0,,0,,,,,
2022-08-24,64.1,64.2,61.7,62.2,116401000,73.25,48.4,4.01,56.17,53.58,55.61,69.25,69.25,0,,,53.58,,0,,0,,,,,
2022-08-25,62.8,63.2,61.65,62.1,81137100,72.78,51.75,3.83,55.98,54.75,55.71,69.25,69.25,0,,,54.75,,0,,0,,,,,
2022-08-26,62.4,62.7,60.55,61.85,87939030,72.3,53.25,3.71,55.47,55.17,55.83,69.25,69.25,0,,,55.17,,0,,0,,,,,
2022-08-29,59.7,60.55,58.35,59.2,98493340,71.8,53.25,3.7,50.27,53.47,55.94,69.25,69.25,0,,,53.47,,0,,0,,,,,
2022-08-30,60.2,61.25,57.3,57.95,162054000,71.3,54.2,3.71,47.99,52.97,56.08,69.25,69.25,0,,,52.97,,0,,0,,,,,
2022-09-01,58.7,63.15,58.25,62.45,192477800,70.86,54.5,3.82,55.78,55.9,56.38,69.25,69.25,0,,,55.9,,0,,0,,,,,
2022-09-02,63.4,63.4,59.4,59.75,137946700,70.42,56.35,3.83,50.86,54.77,56.57,69.25,69.25,0,,,54.77,,0,,0,,,,,
2022-09-05,60.45,60.8,59.3,59.65,84539040,70.06,57.3,3.67,50.68,55.13,56.78,69.25,69.25,0,,,55.13,,0,,0,,,,,
2022-09-06,60.3,60.8,59.4,59.7,70186630,69.85,57.3,3.5,50.77,55.27,56.98,69.25,69.25,0,,,55.27,,0,,0,,,,,
2022-09-07,59.65,60.4,59.2,59.5,59843730,69.58,57.3,3.34,50.36,55.25,57.18,69.25,69.25,0,,,55.25,,0,,0,,,,,
2022-09-08,60.35,62.5,59.8,61.35,128430000,69.38,57.3,3.32,54.05,56.46,57.64,69.25,69.25,0,,,56.46,,0,,0,,,,,
2022-09-09,62.0,63.65,62.0,62.8,139369400,69.2,57.3,3.24,56.76,57.44,58.34,69.25,69.25,0,,,57.44,,0,,0,,,,,
2022-09-12,63.0,63.2,62.25,62.55,64044340,69.02,57.3,3.08,56.15,57.39,58.96,69.25,69.25,0,,,57.39,,0,,0,,,,,
2022-09-13,63.0,66.6,62.8,65.45,199032700,68.82,57.3,3.15,61.38,59.22,59.62,69.25,69.25,0,,,59.22,,0,,0,,,,,
2022-09-14,64.05,65.15,62.75,63.3,119824300,68.59,57.3,3.12,56.04,57.85,60.17,69.25,69.25,0,,,57.85,,0,,0,,,,,
2022-09-15,64.0,64.9,63.3,64.6,88185940,68.37,57.3,3.01,58.4,58.76,60.78,69.25,69.25,0,,,58.76,,0,,0,,,,,
2022-09-16,64.4,65.0,61.1,63.2,196537400,68.16,57.3,3.07,54.98,57.82,61.04,68.25,69.25,0,,,57.82,,0,,0,,,,,
2022-09-19,64.2,65.45,63.45,63.95,70453100,67.97,57.3,3.01,56.45,58.34,61.32,66.6,68.25,0,,,58.34,,0,,0,,,,,
2022-09-20,64.9,65.7,62.4,62.85,77904810,67.76,57.3,3.03,53.68,57.62,61.49,66.6,66.6,0,,,57.62,,0,,0,,,,,
2022-09-21,63.3,63.95,62.4,63.45,59131990,67.56,58.25,2.93,54.98,58.39,61.78,66.6,66.6,0,,,58.39,,0,,0,,,,,
2022-09-22,62.9,63.75,62.6,63.3,34716570,67.35,59.2,2.8,54.57,58.69,62.04,66.6,66.6,0,,,58.69,,0,,0,,,,,
2022-09-23,63.0,63.35,60.4,60.8,56730280,67.16,59.2,2.81,48.11,57.07,62.2,66.6,66.6,0,,,57.07,,0,,0,,,,,
2022-09-26,60.0,60.65,57.4,57.8,65832870,67.0,57.4,2.85,41.72,54.51,62.2,66.6,66.6,0,,,54.51,,0,,0,,,,,
2022-09-27,58.15,59.75,56.95,58.85,79641870,66.82,56.95,2.85,44.5,55.04,62.1,66.6,66.6,0,,,55.04,,0,,0,,,,,
2022-09-28,57.8,59.25,57.5,58.05,64334020,66.62,56.95,2.77,42.83,54.58,61.9,66.6,66.6,0,,,54.58,,0,,0,,,,,
2022-09-29,59.2,62.0,58.9,61.2,76969690,66.45,56.95,2.86,50.69,56.55,61.76,66.6,66.6,0,,,56.55,,0,,0,,,,,
2022-09-30,61.5,62.85,59.75,62.35,71494890,66.32,56.95,2.87,53.22,57.28,61.6,66.6,66.6,0,,,57.28,,0,,0,,,,,
2022-10-03,62.0,63.1,61.2,61.9,44528870,66.2,56.95,2.8,52.09,57.04,61.62,66.6,66.6,0,,,57.04,,0,,0,,,,,
2022-10-04,63.1,64.45,63.0,64.05,47077000,66.07,56.95,2.79,56.8,58.44,61.69,66.6,66.6,0,,,58.44,,0,,0,,,,,
2022-10-06,64.4,66.15,64.25,65.55,59866070,65.98,56.95,2.74,59.77,59.44,61.72,66.6,66.6,0,,,59.44,,0,,0,,,,,
2022-10-07,65.15,70.2,64.6,69.55,170879500,65.92,56.95,2.94,66.4,61.88,61.97,70.2,66.6,1,69.55,61.88,61.88,61.88,1,2022-10-07,0,,,1,,
2022-10-10,68.4,69.7,67.5,68.7,87158480,65.85,56.95,2.89,63.98,61.37,62.19,70.2,70.2,0,,,61.37,61.88,1,2022-10-07,0,,,1,,
2022-10-11,68.4,69.2,65.0,65.55,70171060,65.75,56.95,2.98,55.88,59.28,62.31,70.2,70.2,0,,,59.28,61.88,1,2022-10-07,1,65.75,SMA150_BREAK,1,3,-5.46
2022-10-12,65.65,66.45,63.05,63.75,67799710,65.63,56.95,3.01,51.84,58.09,62.46,70.2,70.2,0,,,58.09,,0,,0,,,,,
2022-10-13,64.1,64.65,61.0,61.25,73750800,65.5,56.95,3.06,46.78,56.45,62.57,70.2,70.2,0,,,56.45,,0,,0,,,,,
2022-10-14,63.0,64.15,61.6,61.9,85139330,65.39,56.95,3.05,48.19,56.88,62.56,70.2,70.2,0,,,56.88,,0,,0,,,,,
2022-10-17,61.9,63.25,61.15,62.65,56007730,65.29,56.95,2.98,49.85,57.41,62.65,70.2,70.2,0,,,57.41,,0,,0,,,,,
2022-10-18,63.65,64.4,62.75,63.0,49431270,65.17,56.95,2.89,50.65,57.69,62.76,70.2,70.2,0,,,57.69,,0,,0,,,,,
2022-10-19,63.4,63.7,61.5,62.05,52638790,65.04,57.5,2.84,48.41,57.29,62.84,70.2,70.2,0,,,57.29,,0,,0,,,,,
2022-10-20,61.7,62.0,60.85,61.3,57513130,64.91,58.9,2.72,46.65,57.36,62.9,70.2,70.2,0,,,57.36,,0,,0,,,,,
2022-10-21,61.8,63.2,61.3,61.8,65825880,64.79,59.75,2.67,48.0,58.0,62.92,70.2,70.2,0,,,58.0,,0,,0,,,,,
2022-10-24,62.9,62.95,62.05,62.35,7775480,64.7,60.85,2.56,49.52,58.79,62.9,70.2,70.2,0,,,58.79,,0,,0,,,,,
2022-10-25,62.7,64.9,62.4,64.6,81043490,64.62,60.85,2.56,55.27,60.25,62.97,70.2,70.2,0,,,60.25,,0,,0,,,,,
2022-10-27,64.1,65.65,63.5,65.1,64853360,64.52,60.85,2.53,56.45,60.59,62.96,70.2,70.2,0,,,60.59,,0,,0,,,,,
2022-10-28,65.25,65.7,62.3,62.6,56787300,64.4,60.85,2.59,49.4,58.93,62.93,70.2,70.2,0,,,58.93,,0,,0,,,,,
2022-10-31,63.6,63.85,62.1,63.1,45949860,64.28,60.85,2.53,50.73,59.3,62.88,70.2,70.2,0,,,59.3,,0,,0,,,,,
2022-11-01,63.5,63.75,62.7,63.5,50425920,64.17,60.85,2.42,51.81,59.62,62.9,70.2,70.2,0,,,59.62,,0,,0,,,,,
2022-11-02,63.75,64.7,62.7,63.0,52915030,64.05,60.85,2.39,50.32,59.32,62.86,70.2,70.2,0,,,59.32,,0,,0,,,,,
2022-11-03,62.8,62.8,62.0,62.2,31729450,63.93,60.85,2.29,47.93,58.87,62.84,70.2,70.2,0,,,58.87,,0,,0,,,,,
2022-11-04,62.75,63.65,62.45,63.0,35296900,63.82,60.85,2.23,50.46,59.43,62.83,70.2,70.2,0,,,59.43,,0,,0,,,,,
2022-11-07,63.85,65.45,63.25,65.1,56815390,63.73,60.85,2.25,56.44,60.77,62.89,69.7,70.2,0,,,60.77,,0,,0,,,,,
2022-11-09,65.45,67.5,65.0,65.3,87424590,63.6,60.85,2.27,56.97,60.89,63.04,69.2,69.7,0,,,60.89,,0,,0,,,,,
2022-11-10,65.5,65.95,63.15,63.95,44332610,63.47,60.85,2.31,52.32,59.99,63.24,67.5,69.2,0,,,59.99,,0,,0,,,,,
2022-11-11,66.0,73.55,65.5,72.8,397758800,63.4,60.85,2.83,69.75,65.36,63.71,73.55,67.5,1,72.8,65.36,65.36,65.36,1,2022-11-11,0,,,2,,
2022-11-14,74.3,75.45,69.05,69.6,186727000,63.29,61.3,3.08,61.06,63.27,64.09,75.45,73.55,0,,,63.27,65.36,1,2022-11-11,0,,,2,,
2022-11-15,69.6,71.15,69.1,69.95,68397100,63.19,62.0,3.01,61.62,63.78,64.38,75.45,75.45,0,,,63.78,65.36,1,2022-11-11,0,,,2,,
2022-11-16,69.95,70.5,67.7,68.7,75425520,63.09,62.0,2.99,58.38,62.98,64.6,75.45,75.45,0,,,62.98,65.36,1,2022-11-11,0,,,2,,
2022-11-17,68.4,69.8,67.5,67.7,60115700,62.99,62.0,2.94,55.84,62.37,64.79,75.45,75.45,0,,,62.37,65.36,1,2022-11-11,0,,,2,,
2022-11-18,68.15,69.35,66.9,67.15,62855690,62.88,62.0,2.91,54.44,62.04,64.89,75.45,75.45,0,,,62.04,65.36,1,2022-11-11,0,,,2,,
2022-11-21,66.4,66.4,63.8,64.3,85998310,62.75,62.0,2.94,47.76,60.18,64.85,75.45,75.45,0,,,60.18,65.36,1,2022-11-11,1,65.36,TRAILING_STOP,2,7,-10.23
2022-11-22,64.9,64.9,63.3,63.95,50715390,62.63,62.0,2.84,46.99,60.02,64.66,75.45,75.45,0,,,60.02,,0,,0,,,,,
2022-11-23,63.5,64.3,61.4,61.75,69815600,62.48,61.4,2.85,42.41,58.4,64.43,75.45,75.45,0,,,58.4,,0,,0,,,,,
2022-11-24,62.3,64.1,62.05,63.2,90679980,62.35,61.4,2.81,46.14,59.36,64.35,75.45,75.45,0,,,59.36,,0,,0,,,,,
2022-11-25,64.0,64.9,63.05,64.0,74237520,62.24,61.4,2.74,48.13,59.92,64.36,75.45,75.45,0,,,59.92,,0,,0,,,,,
2022-11-28,64.25,65.3,63.8,64.4,53453540,62.14,61.4,2.65,49.15,60.23,64.47,75.45,75.45,0,,,60.23,,0,,0,,,,,
2022-11-29,64.4,64.9,63.0,63.55,32230340,62.02,61.4,2.6,47.04,59.72,64.52,75.45,75.45,0,,,59.72,,0,,0,,,,,
2022-11-30,63.0,66.8,61.9,65.25,549718600,61.91,61.4,2.77,51.52,60.71,64.61,75.45,75.45,0,,,60.71,,0,,0,,,,,
2022-12-01,66.5,67.15,65.4,66.65,83610560,61.83,61.4,2.7,54.9,61.65,64.73,75.45,75.45,0,,,61.65,,0,,0,,,,,
2022-12-02,66.75,68.9,66.5,68.55,96262540,61.76,61.4,2.68,59.07,62.89,64.95,75.45,75.45,0,,,62.89,,0,,0,,,,,
2022-12-05,68.85,69.0,65.0,65.45,85107180,61.69,61.4,2.78,50.81,60.83,65.08,75.45,75.45,0,,,60.83,,0,,0,,,,,
2022-12-06,64.75,65.45,64.45,64.8,40042680,61.63,61.4,2.65,49.26,60.5,65.18,75.45,75.45,0,,,60.5,,0,,0,,,,,
2022-12-07,65.1,65.4,64.1,64.45,29775690,61.58,61.4,2.55,48.4,60.34,65.26,75.45,75.45,0,,,60.34,,0,,0,,,,,
2022-12-08,64.8,64.8,63.65,63.8,35341240,61.58,61.4,2.45,46.77,59.98,65.23,75.45,75.45,0,,,59.98,,0,,0,,,,,
2022-12-09,64.2,64.85,63.9,64.15,36490400,61.6,61.4,2.35,47.79,60.28,65.2,75.45,75.45,0,,,60.28,,0,,0,,,,,
2022-12-12,64.15,64.75,63.6,64.4,20602390,61.62,61.4,2.27,48.55,60.49,65.26,71.15,75.45,0,,,60.49,,0,,0,,,,,
2022-12-13,64.8,65.2,64.35,64.6,21917720,61.68,61.4,2.17,49.18,60.69,65.31,70.5,71.15,0,,,60.69,,0,,0,,,,,
2022-12-14,64.85,65.45,64.6,65.0,24599680,61.76,61.9,2.07,50.5,61.18,65.36,69.8,70.5,0,,,61.18,,0,,0,,,,,
2022-12-15,64.95,65.25,63.8,64.15,19011710,61.83,61.9,2.03,47.67,60.66,65.4,69.35,69.8,0,,,60.66,,0,,0,,,,,
2022-12-16,63.75,64.0,61.85,62.15,48220910,61.89,61.85,2.05,41.74,59.34,65.39,69.0,69.35,0,,,59.34,,0,,0,,,,,
2022-12-19,62.4,62.8,62.0,62.15,21470290,61.93,61.85,1.96,41.74,59.4,65.36,69.0,69.0,0,,,59.4,,0,,0,,,,,
2022-12-20,62.1,63.2,61.9,62.85,32487660,61.97,61.85,1.91,44.54,59.88,65.29,69.0,69.0,0,,,59.88,,0,,0,,,,,
2022-12-21,63.2,63.5,60.85,61.35,39979210,62.01,60.85,1.96,40.1,58.55,65.16,69.0,69.0,0,,,58.55,,0,,0,,,,,
2022-12-22,61.8,62.05,58.55,58.95,53936110,62.01,58.55,2.07,34.21,56.16,64.99,69.0,69.0,0,,,56.16,,0,,0,,,,,
2022-12-23,58.3,58.35,53.2,53.65,93022110,62.0,53.2,2.34,25.36,50.78,64.35,69.0,69.0,0,,,50.78,,0,,0,,,,,
2022-12-26,53.95,59.75,53.45,58.15,83571450,62.0,53.2,2.62,39.64,53.49,63.97,69.0,69.0,0,,,53.49,,0,,0,,,,,
2022-12-27,59.4,60.6,58.5,58.95,54205000,62.01,53.2,2.61,41.77,54.02,63.6,69.0,69.0,0,,,54.02,,0,,0,,,,,
2022-12-28,58.5,60.8,57.85,60.15,70502420,61.98,53.2,2.63,44.92,54.78,63.32,69.0,69.0,0,,,54.78,,0,,0,,,,,
2022-12-29,59.5,61.55,59.0,60.85,24973800,61.97,53.2,2.63,46.72,55.23,63.09,69.0,69.0,0,,,55.23,,0,,0,,,,,
2022-12-30,61.0,61.45,59.0,59.3,33251260,61.96,53.2,2.61,43.33,54.24,62.83,69.0,69.0,0,,,54.24,,0,,0,,,,,
2023-01-02,60.65,60.7,59.8,60.3,18759530,61.95,53.2,2.53,46.05,54.94,62.7,65.45,69.0,0,,,54.94,,0,,0,,,,,
2023-01-03,58.85,59.55,57.3,58.95,49702760,61.87,53.2,2.56,43.05,54.05,62.53,65.45,65.45,0,,,54.05,,0,,0,,,,,
2023-01-04,58.4,58.7,56.0,56.35,48975780,61.75,53.2,2.59,37.92,52.35,62.35,65.45,65.45,0,,,52.35,,0,,0,,,,,
2023-01-05,56.95,57.1,55.6,56.2,34448670,61.62,53.2,2.51,37.64,52.31,62.12,65.45,65.45,0,,,52.31,,0,,0,,,,,
2023-01-06,56.2,56.4,54.95,55.25,30272410,61.51,53.2,2.43,35.85,51.75,61.82,65.45,65.45,0,,,51.75,,0,,0,,,,,
2023-01-09,56.0,57.25,55.75,56.0,35490330,61.4,53.2,2.4,38.35,52.25,61.54,65.45,65.45,0,,,52.25,,0,,0,,,,,
2023-01-10,56.0,56.15,53.8,54.7,45966330,61.3,53.2,2.4,35.75,51.42,61.25,65.45,65.45,0,,,51.42,,0,,0,,,,,
2023-01-11,55.0,56.15,54.1,54.35,32626660,61.23,53.2,2.37,35.06,51.21,60.89,65.25,65.45,0,,,51.21,,0,,0,,,,,
2023-01-12,54.7,55.0,52.95,53.75,38856260,61.14,52.95,2.35,33.85,50.75,60.46,64.0,65.25,0,,,50.75,,0,,0,,,,,
2023-01-13,54.1,54.5,53.05,53.25,38735350,61.04,52.95,2.29,32.84,50.47,59.95,63.5,64.0,0,,,50.47,,0,,0,,,,,
2023-01-16,54.0,54.3,52.5,52.7,35892300,60.93,52.5,2.25,31.71,49.99,59.52,63.5,63.5,0,,,49.99,,0,,0,,,,,
2023-01-17,53.0,53.1,50.0,50.15,77122980,60.81,50.0,2.31,27.08,47.47,59.03,63.5,63.5,0,,,47.47,,0,,0,,,,,
2023-01-18,50.4,51.45,48.85,51.0,84541850,60.69,48.85,2.33,30.71,47.62,58.58,62.05,63.5,0,,,47.62,,0,,0,,,,,
2023-01-19,50.3,51.9,50.05,51.1,54523340,60.56,48.85,2.3,31.15,47.71,58.16,61.55,62.05,0,,,47.71,,0,,0,,,,,
2023-01-20,51.4,52.25,50.55,51.45,47355750,60.45,48.85,2.26,32.74,47.96,57.74,61.55,61.55,0,,,47.96,,0,,0,,,,,
2023-01-23,51.9,51.9,50.65,51.0,24658880,60.35,48.85,2.18,31.72,47.72,57.29,61.55,61.55,0,,,47.72,,0,,0,,,,,
2023-01-24,51.0,52.3,50.65,52.1,47720350,60.26,48.85,2.15,36.87,48.46,56.88,61.55,61.55,0,,,48.46,,0,,0,,,,,
2023-01-25,52.0,52.05,44.35,47.75,237764100,60.14,44.35,2.55,27.91,43.88,56.3,61.55,61.55,0,,,43.88,,0,,0,,,,,
2023-01-27,49.0,51.8,46.7,46.95,169788400,60.0,44.35,2.73,26.63,43.25,55.73,61.45,61.55,0,,,43.25,,0,,0,,,,,
2023-01-30,47.9,48.55,46.7,47.4,54376630,59.85,44.35,2.67,28.61,43.58,55.24,60.7,61.45,0,,,43.58,,0,,0,,,,,
2023-01-31,48.0,50.7,46.45,49.75,95398490,59.71,44.35,2.78,38.05,45.02,54.82,59.55,60.7,0,,,45.02,,0,,0,,,,,
2023-02-01,50.0,51.05,47.05,48.15,68752680,59.6,44.35,2.87,34.69,43.93,54.33,58.7,59.55,0,,,43.93,,0,,0,,,,,
2023-02-02,48.4,48.9,47.15,47.5,40751680,59.51,44.35,2.79,33.39,43.56,53.87,57.25,58.7,0,,,43.56,,0,,0,,,,,
2023-02-03,48.15,49.25,47.7,48.75,42497840,59.45,44.35,2.71,38.16,44.42,53.53,57.25,57.25,0,,,44.42,,0,,0,,,,,
2023-02-06,48.7,49.1,47.55,47.75,35956950,59.41,44.35,2.63,35.94,43.83,53.33,57.25,57.25,0,,,43.83,,0,,0,,,,,
2023-02-07,48.0,51.0,47.6,49.35,61077390,59.37,44.35,2.68,41.77,44.82,53.04,56.15,57.25,0,,,44.82,,0,,0,,,,,
2023-02-08,51.2,55.3,51.1,54.3,265595800,59.37,44.35,2.92,55.31,47.86,52.88,56.15,56.15,0,,,47.86,,0,,0,,,,,
2023-02-09,54.7,56.8,53.4,54.4,216398600,59.36,44.35,2.95,55.54,47.9,52.69,56.8,56.15,0,,,47.9,,0,,0,,,,,
2023-02-10,52.7,54.15,50.7,53.3,176950200,59.35,44.35,3.01,52.41,47.16,52.44,56.8,56.8,0,,,47.16,,0,,0,,,,,
2023-02-13,53.0,53.7,51.25,51.8,86162270,59.34,44.35,2.97,48.41,46.22,52.19,56.8,56.8,0,,,46.22,,0,,0,,,,,
2023-02-14,51.8,52.5,49.9,50.35,79395200,59.31,44.35,2.94,44.85,45.3,51.86,56.8,56.8,0,,,45.3,,0,,0,,,,,
2023-02-15,50.55,50.9,49.8,50.25,49655880,59.27,44.35,2.81,44.6,45.32,51.57,56.8,56.8,0,,,45.32,,0,,0,,,,,
2023-02-16,50.8,51.8,50.45,51.4,48841960,59.22,46.45,2.72,48.1,46.82,51.4,56.8,56.8,0,,,46.82,,0,,0,,,,,
2023-02-17,51.25,52.2,50.7,51.8,52862406,59.17,46.45,2.63,49.3,47.14,51.26,56.8,56.8,0,,,47.14,,0,,0,,,,,
2023-02-20,51.9,55.05,51.75,54.6,93315250,59.17,46.45,2.68,56.81,48.91,51.24,56.8,56.8,0,,,48.91,,0,,0,,,,,
2023-02-21,54.6,56.15,54.4,55.35,100106000,59.18,47.05,2.61,58.58,49.64,51.22,56.8,56.8,0,,,49.64,,0,,0,,,,,
2023-02-22,54.85,55.4,52.6,52.95,75802020,59.17,47.15,2.63,51.33,48.12,51.16,56.8,56.8,0,,,48.12,,0,,0,,,,,
2023-02-23,53.0,56.0,52.8,54.95,118058900,59.18,47.55,2.67,56.2,49.51,51.18,56.8,56.8,0,,,49.51,,0,,0,,,,,
2023-02-24,55.5,56.75,54.0,54.45,73440690,59.19,47.55,2.67,54.72,49.19,51.2,56.8,56.8,0,,,49.19,,0,,0,,,,,
2023-02-27,54.7,54.75,53.2,53.6,38735550,59.19,47.6,2.59,52.22,48.71,51.21,56.8,56.8,0,,,48.71,,0,,0,,,,,
2023-02-28,53.7,54.4,53.0,53.5,45414860,59.18,49.8,2.51,51.92,49.44,51.24,56.8,56.8,0,,,49.44,,0,,0,,,,,
2023-03-01,53.5,55.35,53.35,54.95,42854820,59.23,49.8,2.47,55.89,50.4,51.4,56.8,56.8,0,,,50.4,,0,,0,,,,,
2023-03-02,54.75,55.2,54.35,54.55,36256140,59.32,49.8,2.36,54.55,50.21,51.52,56.8,56.8,0,,,50.21,,0,,0,,,,,
2023-03-03,54.9,55.4,53.2,53.65,36943820,59.38,49.8,2.34,51.56,49.64,51.6,56.8,56.8,0,,,49.64,,0,,0,,,,,
2023-03-06,54.0,54.95,53.7,53.95,33492580,59.44,49.8,2.27,52.49,49.88,51.68,56.8,56.8,0,,,49.88,,0,,0,,,,,
2023-03-08,53.45,55.3,52.65,54.8,44159720,59.49,49.8,2.3,55.14,50.41,51.81,56.8,56.8,0,,,50.41,,0,,0,,,,,
2023-03-09,55.1,56.35,53.9,54.05,56021940,59.54,50.45,2.31,52.37,50.14,51.88,56.8,56.8,0,,,50.14,,0,,0,,,,,
2023-03-10,53.8,54.5,53.3,53.85,39226930,59.53,50.7,2.23,51.62,50.15,52.08,56.75,56.8,0,,,50.15,,0,,0,,,,,
2023-03-13,53.95,54.7,51.6,51.9,52374650,59.51,51.6,2.29,44.91,49.15,52.24,56.75,56.75,0,,,49.15,,0,,0,,,,,
2023-03-14,52.0,52.5,50.2,50.75,52247900,59.46,50.2,2.29,41.49,47.94,52.36,56.75,56.75,0,,,47.94,,0,,0,,,,,
2023-03-15,51.5,52.2,50.55,50.75,38763140,59.44,50.2,2.25,41.49,47.97,52.39,56.75,56.75,0,,,47.97,,0,,0,,,,,
2023-03-16,50.9,53.7,49.85,53.05,61237050,59.42,49.85,2.36,50.28,49.26,52.55,56.75,56.75,0,,,49.26,,0,,0,,,,,
2023-03-17,53.45,55.75,53.05,54.9,112918800,59.41,49.85,2.38,56.01,50.44,52.8,56.75,56.75,0,,,50.44,,0,,0,,,,,
2023-03-20,53.6,54.75,52.2,53.55,65578910,59.38,49.85,2.41,51.36,49.55,52.96,56.75,56.75,0,,,49.55,,0,,0,,,,,
2023-03-21,53.85,54.15,52.65,53.0,31632950,59.33,49.85,2.34,49.56,49.24,53.14,56.75,56.75,0,,,49.24,,0,,0,,,,,
2023-03-22,53.4,53.9,52.7,53.1,38444990,59.25,49.85,2.26,49.9,49.36,53.26,56.75,56.75,0,,,49.36,,0,,0,,,,,
2023-03-23,52.9,53.2,52.1,52.65,32816290,59.17,49.85,2.18,48.3,49.12,53.21,56.75,56.75,0,,,49.12,,0,,0,,,,,
2023-03-24,52.5,52.85,50.15,50.65,67243080,59.06,49.85,2.22,41.88,47.81,53.08,56.75,56.75,0,,,47.81,,0,,0,,,,,
2023-03-27,50.7,51.3,49.25,50.1,49618130,58.98,49.25,2.2,40.29,47.26,52.97,56.35,56.75,0,,,47.26,,0,,0,,,,,
2023-03-28,50.2,50.55,49.0,50.25,50426170,58.9,49.0,2.16,40.95,47.31,52.92,56.35,56.35,0,,,47.31,,0,,0,,,,,
2023-03-29,50.25,51.75,49.6,51.25,41464380,58.82,49.0,2.16,45.27,47.95,52.95,56.35,56.35,0,,,47.95,,0,,0,,,,,
2023-03-31,51.25,51.7,50.65,51.0,56566130,58.74,49.0,2.08,44.4,47.84,52.98,56.35,56.35,0,,,47.84,,0,,0,,,,,
2023-04-03,51.5,52.15,50.9,51.95,29241510,58.67,49.0,2.02,48.47,48.5,53.0,56.35,56.35,0,,,48.5,,0,,0,,,,,
2023-04-05,52.1,52.9,51.55,51.7,25497110,58.61,49.0,1.97,47.49,48.37,52.99,56.35,56.35,0,,,48.37,,0,,0,,,,,
2023-04-06,51.75,52.45,51.3,52.15,19695670,58.56,49.0,1.91,49.48,48.7,52.91,56.35,56.35,0,,,48.7,,0,,0,,,,,
2023-04-10,52.15,54.2,51.8,53.95,60655410,58.53,49.0,1.95,56.58,49.83,52.86,56.35,56.35,0,,,49.83,,0,,0,,,,,
2023-04-11,54.65,55.25,53.25,53.95,41101410,58.48,49.0,1.95,56.58,49.83,52.9,55.75,56.35,0,,,49.83,,0,,0,,,,,
2023-04-12,54.25,54.25,52.9,53.2,30848060,58.43,49.0,1.91,52.98,49.38,52.84,55.75,55.75,0,,,49.38,,0,,0,,,,,
2023-04-13,53.2,54.15,52.85,53.85,26646270,58.39,49.0,1.86,55.62,49.82,52.82,55.75,55.75,0,,,49.82,,0,,0,,,,,
2023-04-17,54.2,54.25,53.0,53.95,24787910,58.36,49.0,1.82,56.03,49.92,52.83,55.75,55.75,0,,,49.92,,0,,0,,,,,
2023-04-18,54.05,54.2,53.05,53.3,27617600,58.31,49.0,1.77,52.64,49.53,52.82,55.75,55.75,0,,,49.53,,0,,0,,,,,
2023-04-19,53.6,55.95,53.2,54.15,62022920,58.27,49.0,1.84,56.36,50.03,52.8,55.95,55.75,0,,,50.03,,0,,0,,,,,
2023-04-20,54.15,54.4,53.65,54.2,23096040,58.21,49.0,1.76,56.57,50.12,52.78,55.95,55.95,0,,,50.12,,0,,0,,,,,
2023-04-21,54.3,56.75,54.1,56.05,106707900,58.17,49.0,1.83,63.72,51.27,52.86,56.75,55.95,0,,,51.27,,0,,0,,,,,
2023-04-24,55.5,56.4,54.7,56.0,43287480,58.1,49.6,1.82,63.42,51.44,52.93,56.75,56.75,0,,,51.44,,0,,0,,,,,
2023-04-25,56.4,60.6,56.2,57.75,199056100,58.07,50.65,2.02,69.0,52.79,53.03,60.6,56.75,0,,,52.79,,0,,0,,,,,
2023-04-26,58.1,59.0,57.1,58.2,59765910,58.02,50.9,2.01,70.25,53.17,53.17,60.6,60.6,0,,,53.17,,0,,0,,,,,
2023-04-27,58.6,61.15,58.35,60.7,82969100,58.01,51.3,2.08,76.05,54.87,53.4,61.15,60.6,1,60.7,54.87,54.87,54.87,1,2023-04-27,0,,,3,,
2023-04-28,60.8,66.0,59.55,64.9,190938200,58.01,51.3,2.39,82.3,57.37,53.83,66.0,61.15,0,,,57.37,57.37,1,2023-04-27,0,,,3,,
2023-05-02,64.5,65.65,63.05,63.45,112758200,58.02,51.8,2.4,75.02,56.59,54.26,66.0,66.0,0,,,56.59,57.37,1,2023-04-27,0,,,3,,
2023-05-03,63.45,64.95,63.15,63.55,65082310,58.02,52.85,2.36,75.19,57.03,54.68,66.0,66.0,0,,,57.03,57.37,1,2023-04-27,0,,,3,,
2023-05-04,63.5,66.6,63.35,65.7,123042300,58.03,52.85,2.42,78.44,58.38,55.1,66.6,66.0,0,,,58.38,58.38,1,2023-04-27,0,,,3,,
2023-05-05,65.5,66.7,64.25,65.4,94016130,58.06,52.85,2.43,76.93,58.18,55.45,66.7,66.6,0,,,58.18,58.38,1,2023-04-27,0,,,3,,
2023-05-08,64.6,66.2,63.5,64.9,104940600,58.11,53.0,2.45,74.35,57.9,55.83,66.7,66.7,0,,,57.9,58.38,1,2023-04-27,0,,,3,,
2023-05-09,64.7,64.7,60.3,60.95,127854800,58.12,53.05,2.6,57.84,55.26,56.1,66.7,66.7,0,,,55.26,58.38,1,2023-04-27,0,,,3,,
2023-05-10,61.0,62.9,60.95,61.8,70220890,58.15,53.2,2.55,59.9,55.89,56.39,66.7,66.7,0,,,55.89,58.38,1,2023-04-27,0,,,3,,
2023-05-11,62.6,63.5,62.0,62.4,75062850,58.16,53.65,2.49,61.34,56.47,56.71,66.7,66.7,0,,,56.47,58.38,1,2023-04-27,0,,,3,,
2023-05-12,62.5,63.65,61.6,62.6,73164520,58.16,54.1,2.46,61.83,56.77,57.11,66.7,66.7,0,,,56.77,58.38,1,2023-04-27,0,,,3,,
2023-05-15,62.1,64.1,61.95,63.7,55886000,58.17,54.7,2.44,64.5,57.69,57.56,66.7,66.7,0,,,57.69,58.38,1,2023-04-27,0,,,3,,
2023-05-16,64.0,65.0,62.4,63.0,59311530,58.16,56.2,2.45,61.55,57.74,57.99,66.7,66.7,0,,,57.74,58.38,1,2023-04-27,0,,,3,,
2023-05-17,63.0,64.05,62.25,63.35,47444520,58.15,57.1,2.4,62.48,58.29,58.39,66.7,66.7,0,,,58.29,58.38,1,2023-04-27,0,,,3,,
2023-05-19,63.95,65.0,63.2,64.5,73620030,58.12,58.35,2.36,65.42,59.48,58.84,66.7,66.7,0,,,59.48,59.48,1,2023-04-27,0,,,3,,
2023-05-22,64.7,66.85,61.8,63.5,147006600,58.08,59.55,2.55,60.94,59.11,59.23,66.85,66.7,0,,,59.11,59.48,1,2023-04-27,0,,,3,,
2023-05-23,63.05,64.0,62.55,63.2,50797750,58.07,60.3,2.47,59.62,59.21,59.61,66.85,66.85,0,,,59.21,59.48,1,2023-04-27,0,,,3,,
2023-05-24,63.0,64.7,62.75,64.45,60476720,58.07,60.3,2.44,63.2,60.05,60.02,66.85,66.85,0,,,60.05,60.05,1,2023-04-27,0,,,3,,
2023-05-25,64.8,68.2,64.5,67.3,139721300,58.11,60.3,2.53,69.77,61.82,60.46,68.2,66.85,1,67.3,61.82,61.82,61.82,1,2023-04-27,0,,,3,,
2023-05-26,67.3,68.25,65.75,67.25,86466130,58.15,60.3,2.53,69.53,61.79,60.91,68.25,68.2,0,,,61.79,61.82,1,2023-04-27,0,,,3,,
2023-05-30,67.5,68.3,66.45,66.85,60699580,58.17,60.3,2.48,67.57,61.57,61.36,68.3,68.25,0,,,61.57,61.82,1,2023-04-27,0,,,3,,
2023-05-31,67.3,70.0,66.3,69.05,251813300,58.22,60.3,2.57,72.21,62.93,61.87,70.0,68.3,1,69.05,62.93,62.93,62.93,1,2023-04-27,0,,,3,,
2023-06-01,68.7,68.8,67.6,67.95,57846080,58.25,60.95,2.49,67.05,62.49,62.34,70.0,70.0,0,,,62.49,62.93,1,2023-04-27,0,,,3,,
2023-06-02,70.0,73.2,69.5,71.15,170769100,58.32,61.6,2.68,73.07,64.64,62.93,73.2,70.0,1,71.15,64.64,64.64,64.64,1,2023-04-27,0,,,3,,
2023-06-05,71.3,72.15,69.6,71.25,84075160,58.38,61.6,2.67,73.24,64.71,63.5,73.2,73.2,0,,,64.71,64.71,1,2023-04-27,0,,,3,,
2023-06-06,71.55,73.15,71.35,72.35,64762950,58.45,61.8,2.62,75.05,65.52,64.11,73.2,73.2,0,,,65.52,65.52,1,2023-04-27,0,,,3,,
2023-06-07,72.5,75.0,72.4,74.5,67871840,58.52,61.8,2.62,78.15,66.9,64.72,75.0,73.2,1,74.5,66.9,66.9,66.9,1,2023-04-27,0,,,3,,
2023-06-08,74.8,76.35,73.7,75.8,88006840,58.59,61.8,2.62,79.79,67.74,65.38,76.35,75.0,0,,,67.74,67.74,1,2023-04-27,0,,,3,,
2023-06-09,77.05,78.0,75.85,77.6,77276800,58.69,61.8,2.59,81.82,68.92,66.04,78.0,76.35,0,,,68.92,68.92,1,2023-04-27,0,,,3,,
2023-06-12,78.3,80.3,76.5,77.95,105388100,58.79,61.8,2.68,82.2,69.09,66.7,80.3,78.0,0,,,69.09,69.09,1,2023-04-27,0,,,3,,
2023-06-13,77.9,78.8,76.7,78.3,81857150,58.88,62.55,2.64,82.59,69.59,67.29,80.3,80.3,0,,,69.59,69.59,1,2023-04-27,0,,,3,,
2023-06-14,78.3,78.45,73.25,74.1,83186940,58.96,62.75,2.82,64.48,66.83,67.6,80.3,80.3,0,,,66.83,69.59,1,2023-04-27,0,,,3,,
2023-06-15,74.5,76.1,73.1,75.1,93321130,59.04,64.5,2.83,66.37,68.05,67.98,80.3,80.3,0,,,68.05,69.59,1,2023-04-27,0,,,3,,
2023-06-16,75.55,76.0,73.9,74.45,45783610,59.12,65.75,2.78,63.99,68.08,68.35,80.3,80.3,0,,,68.08,69.59,1,2023-04-27,0,,,3,,
2023-06-19,74.6,77.0,74.1,75.85,62744980,59.19,66.3,2.79,66.76,69.16,68.68,80.3,80.3,0,,,69.16,69.59,1,2023-04-27,0,,,3,,
2023-06-20,76.0,76.4,74.8,75.85,30591590,59.26,66.3,2.7,66.76,69.22,69.03,80.3,80.3,0,,,69.22,69.59,1,2023-04-27,0,,,3,,
2023-06-21,76.1,77.35,74.65,75.1,31896510,59.34,67.6,2.7,63.71,69.17,69.37,80.3,80.3,0,,,69.17,69.59,1,2023-04-27,0,,,3,,
2023-06-22,75.5,75.85,73.65,74.35,40419760,59.35,69.5,2.67,60.73,69.34,69.82,80.3,80.3,0,,,69.34,69.59,1,2023-04-27,0,,,3,,
2023-06-23,73.9,75.3,72.55,74.15,51775720,59.38,69.6,2.67,59.92,69.24,70.23,80.3,80.3,0,,,69.24,69.59,1,2023-04-27,0,,,3,,
2023-06-26,74.15,75.25,73.8,74.85,30411620,59.41,71.35,2.59,61.83,70.34,70.65,80.3,80.3,0,,,70.34,70.34,1,2023-04-27,0,,,3,,
2023-06-27,75.15,76.95,74.85,76.15,59078130,59.46,72.4,2.55,65.15,71.55,71.1,80.3,80.3,0,,,71.55,71.55,1,2023-04-27,0,,,3,,
2023-06-28,77.0,77.0,74.6,74.9,30574520,59.51,72.55,2.54,59.77,70.8,71.47,80.3,80.3,0,,,70.8,71.55,1,2023-04-27,0,,,3,,
2023-06-30,75.0,75.45,74.0,75.05,49245370,59.56,72.55,2.46,60.19,70.95,71.87,80.3,80.3,0,,,70.95,71.55,1,2023-04-27,0,,,3,,
2023-07-07,74.8,74.9,73.0,73.25,26599770,59.62,72.55,2.43,52.96,69.81,72.2,80.3,80.3,0,,,69.81,71.55,1,2023-04-27,0,,,3,,
2023-07-10,73.45,75.55,73.4,74.8,33812200,59.69,72.55,2.42,57.68,70.81,72.55,80.3,80.3,0,,,70.81,71.55,1,2023-04-27,0,,,3,,
2023-07-14,84.0,85.25,81.65,82.55,91571300,59.83,72.55,3.0,72.51,75.43,73.18,85.25,80.3,1,82.55,75.43,75.43,75.43,1,2023-04-27,0,,,3,,
2023-07-17,83.2,83.4,79.5,80.15,43377340,59.94,72.55,3.06,64.92,73.84,73.75,85.25,85.25,0,,,73.84,75.43,1,2023-04-27,0,,,3,,
2023-07-19,79.0,80.35,77.25,77.65,42130920,60.04,72.55,3.06,58.1,72.22,74.19,85.25,85.25,0,,,72.22,75.43,1,2023-04-27,0,,,3,,
2023-07-20,78.05,79.1,77.3,77.6,40495230,60.12,72.55,2.97,57.97,72.25,74.53,85.25,85.25,0,,,72.25,75.43,1,2023-04-27,0,,,3,,
2023-07-21,77.85,80.7,77.4,80.3,74991210,60.24,72.55,3.0,62.85,73.98,74.96,85.25,85.25,0,,,73.98,75.43,1,2023-04-27,0,,,3,,
2023-07-24,80.8,82.45,80.55,81.3,64291280,60.34,72.55,2.94,64.49,74.66,75.45,85.25,85.25,0,,,74.66,75.43,1,2023-04-27,0,,,3,,
2023-07-26,83.1,84.6,82.5,83.35,59291220,60.45,72.55,2.96,67.65,75.97,75.92,85.25,85.25,0,,,75.97,75.97,1,2023-04-27,0,,,3,,
2023-07-28,85.6,87.25,83.85,86.8,74798620,60.58,72.55,3.03,72.14,78.15,76.55,87.25,85.25,1,86.8,78.15,78.15,78.15,1,2023-04-27,0,,,3,,
2023-08-03,81.6,88.4,81.6,86.55,123480800,60.72,73.0,3.3,71.37,77.96,77.07,88.4,87.25,0,,,77.96,78.15,1,2023-04-27,0,,,3,,
2023-08-04,89.0,98.4,88.4,95.4,405751600,60.92,73.0,3.91,79.68,83.26,77.87,98.4,88.4,1,95.4,83.26,83.26,83.26,1,2023-04-27,0,,,3,,
2023-08-07,97.4,102.85,96.35,97.6,249331600,61.14,73.0,4.16,81.14,84.51,78.71,102.85,98.4,0,,,84.51,84.51,1,2023-04-27,0,,,3,,
2023-08-08,98.35,100.3,92.7,93.45,160236100,61.34,73.0,4.41,70.78,81.67,79.34,102.85,102.85,0,,,81.67,84.51,1,2023-04-27,0,,,3,,
2023-08-09,93.9,94.85,91.6,94.1,109240900,61.54,73.0,4.33,71.4,82.14,79.95,102.85,102.85,0,,,82.14,84.51,1,2023-04-27,0,,,3,,
2023-08-10,94.1,96.15,93.25,94.25,87598550,61.74,73.4,4.22,71.54,82.44,80.51,102.85,102.85,0,,,82.44,84.51,1,2023-04-27,0,,,3,,
2023-08-11,94.6,95.2,93.05,93.45,38156800,61.93,77.25,4.08,69.46,83.31,81.03,102.85,102.85,0,,,83.31,84.51,1,2023-04-27,0,,,3,,
2023-08-14,93.4,93.4,91.35,92.75,46668440,62.11,77.25,3.93,67.61,82.95,81.51,102.85,102.85,0,,,82.95,84.51,1,2023-04-27,0,,,3,,
2023-08-16,92.45,95.6,91.5,91.9,76333130,62.3,77.25,3.95,65.33,82.39,82.1,102.85,102.85,0,,,82.39,84.51,1,2023-04-27,0,,,3,,
2023-08-17,92.3,93.25,90.5,91.15,45657090,62.49,77.3,3.86,63.31,81.98,82.64,102.85,102.85,0,,,81.98,84.51,1,2023-04-27,0,,,3,,
2023-08-18,91.0,91.4,89.0,89.35,50513070,62.67,77.4,3.76,58.61,80.93,83.13,102.85,102.85,0,,,80.93,84.51,1,2023-04-27,0,,,3,,
2023-08-21,90.5,90.5,88.3,89.75,36755760,62.85,80.55,3.65,59.33,82.31,83.6,102.85,102.85,0,,,82.31,84.51,1,2023-04-27,0,,,3,,
2023-08-22,90.3,94.3,90.1,91.9,104409200,63.06,81.6,3.71,63.06,84.0,84.13,102.85,102.85,0,,,84.0,84.51,1,2023-04-27,0,,,3,,
2023-08-23,92.95,95.0,92.05,94.3,64768230,63.29,81.6,3.67,66.73,85.58,84.77,102.85,102.85,0,,,85.58,85.58,1,2023-04-27,0,,,3,,
2023-08-24,95.75,95.75,93.2,93.8,47597100,63.56,81.6,3.59,65.28,85.31,85.42,102.85,102.85,0,,,85.31,85.58,1,2023-04-27,0,,,3,,
2023-08-25,93.35,93.35,90.05,91.0,65076320,63.78,88.3,3.6,57.69,85.73,85.98,102.85,102.85,0,,,85.73,85.73,1,2023-04-27,0,,,3,,
2023-08-28,96.0,96.1,91.75,92.35,141118400,64.0,88.3,3.71,60.1,86.53,86.56,102.85,102.85,0,,,86.53,86.53,1,2023-04-27,0,,,3,,
2023-08-29,92.75,95.0,92.6,94.7,86708310,64.23,88.3,3.63,63.94,88.09,87.18,102.85,102.85,0,,,88.09,88.09,1,2023-04-27,0,,,3,,
2023-08-30,99.5,100.5,97.2,99.8,250111700,64.49,88.3,3.79,70.57,91.28,88.01,102.85,102.85,0,,,91.28,91.28,1,2023-04-27,0,,,3,,
2023-08-31,100.05,100.8,96.7,97.6,113063600,64.75,88.3,3.81,65.02,89.85,88.76,102.85,102.85,0,,,89.85,91.28,1,2023-04-27,0,,,3,,
2023-09-01,98.3,98.35,96.85,97.2,47561920,64.99,88.3,3.64,64.03,89.7,89.56,102.85,102.85,0,,,89.7,91.28,1,2023-04-27,0,,,3,,
2023-09-04,97.5,98.6,97.3,98.05,37447910,65.25,88.3,3.48,65.24,90.35,90.34,102.85,102.85,0,,,90.35,91.28,1,2023-04-27,0,,,3,,
2023-09-05,98.15,99.3,97.05,98.2,51133940,65.53,88.3,3.39,65.46,90.51,90.86,100.8,102.85,0,,,90.51,91.28,1,2023-04-27,0,,,3,,
2023-09-06,98.4,98.85,97.65,98.2,28329660,65.81,88.3,3.24,65.46,90.61,91.46,100.8,100.8,0,,,90.61,91.28,1,2023-04-27,0,,,3,,
2023-09-07,98.65,101.6,98.2,100.05,111222700,66.11,88.3,3.25,68.33,91.8,92.21,101.6,100.8,0,,,91.8,91.8,1,2023-04-27,0,,,3,,
2023-09-08,100.75,101.1,99.0,99.6,63482360,66.4,88.3,3.17,66.88,91.56,92.94,101.6,101.6,0,,,91.56,91.8,1,2023-04-27,0,,,3,,
2023-09-11,100.0,102.55,99.2,101.35,83850670,66.71,90.05,3.18,69.59,93.27,93.64,102.55,101.6,0,,,93.27,93.27,1,2023-04-27,0,,,3,,
2023-09-12,102.4,102.5,96.5,98.75,90911790,67.01,90.05,3.38,61.52,91.46,94.22,102.55,102.55,0,,,91.46,93.27,1,2023-04-27,0,,,3,,
2023-09-13,98.75,100.75,97.0,97.9,71661110,67.3,90.05,3.41,59.11,90.89,94.71,102.55,102.55,0,,,90.89,93.27,1,2023-04-27,0,,,3,,
2023-09-14,98.65,100.1,98.2,99.45,45226050,67.61,90.05,3.32,62.04,91.95,95.13,102.55,102.55,0,,,91.95,93.27,1,2023-04-27,0,,,3,,
2023-09-15,100.5,104.45,100.35,102.95,148853100,67.95,91.75,3.44,67.66,94.69,95.68,104.45,102.55,1,102.95,94.69,94.69,94.69,1,2023-04-27,0,,,3,,
2023-09-18,103.6,105.0,101.65,102.15,69476640,68.29,92.6,3.44,65.28,94.46,95.9,105.0,104.45,0,,,94.46,94.69,1,2023-04-27,0,,,3,,
2023-09-20,101.3,104.9,99.3,100.0,104115500,68.62,96.5,3.59,59.25,94.27,95.98,105.0,105.0,0,,,94.27,94.69,1,2023-04-27,0,,,3,,
2023-09-21,100.0,100.95,98.25,99.15,40591610,68.94,96.5,3.53,57.0,93.77,96.17,105.0,105.0,0,,,93.77,94.69,1,2023-04-27,0,,,3,,
2023-09-22,99.5,101.4,98.7,99.9,39492720,69.26,96.5,3.47,58.5,94.29,96.36,105.0,105.0,0,,,94.29,94.69,1,2023-04-27,0,,,3,,
2023-09-25,100.3,100.5,97.75,98.45,34410970,69.58,96.5,3.42,54.55,93.39,96.51,105.0,105.0,0,,,93.39,94.69,1,2023-04-27,0,,,3,,
2023-09-26,98.6,100.4,97.9,99.9,36822520,69.9,96.5,3.35,57.63,94.37,96.72,105.0,105.0,0,,,94.37,94.69,1,2023-04-27,0,,,3,,
2023-09-27,99.9,101.2,98.5,100.1,34894250,70.25,96.5,3.3,58.05,94.53,96.96,105.0,105.0,0,,,94.53,94.69,1,2023-04-27,0,,,3,,
2023-09-28,100.35,100.6,99.3,99.95,25885380,70.6,96.5,3.16,57.59,94.53,97.23,105.0,105.0,0,,,94.53,94.69,1,2023-04-27,0,,,3,,
2023-09-29,100.05,102.75,99.6,101.5,49524810,70.96,96.5,3.16,61.05,95.53,97.58,105.0,105.0,0,,,95.53,95.53,1,2023-04-27,0,,,3,,
2023-10-03,101.0,105.9,100.0,105.3,82983680,71.33,96.5,3.36,67.94,97.85,98.11,105.9,105.0,1,105.3,97.85,97.85,97.85,1,2023-04-27,0,,,3,,
2023-10-04,104.4,104.4,100.35,100.75,68727960,71.68,96.5,3.47,55.31,94.84,98.48,105.9,105.9,0,,,94.84,97.85,1,2023-04-27,0,,,3,,
2023-10-05,102.6,107.7,102.35,105.4,140096800,72.07,97.0,3.72,62.9,97.84,98.93,107.7,105.9,0,,,97.84,97.85,1,2023-04-27,0,,,3,,
2023-10-06,106.4,107.2,104.0,104.45,65041430,72.44,97.75,3.68,60.64,97.5,99.26,107.7,107.7,0,,,97.5,97.85,1,2023-04-27,0,,,3,,
2023-10-09,103.8,105.25,101.0,103.9,53811650,72.81,97.75,3.72,59.31,97.12,99.6,107.7,107.7,0,,,97.12,97.85,1,2023-04-27,0,,,3,,
2023-10-10,104.9,107.95,104.65,106.05,67712320,73.19,97.75,3.75,62.75,98.49,100.1,107.95,107.7,0,,,98.49,98.49,1,2023-04-27,0,,,3,,
2023-10-11,106.8,109.8,106.55,109.0,93838780,73.56,97.75,3.75,66.89,100.39,100.66,109.8,107.95,1,109.0,100.39,100.39,100.39,1,2023-04-27,0,,,3,,
2023-10-12,110.2,113.25,109.5,109.85,117710800,73.93,97.75,3.78,68.0,100.92,101.16,113.25,109.8,0,,,100.92,100.92,1,2023-04-27,0,,,3,,
2023-10-13,109.85,111.8,109.1,111.0,55786060,74.31,97.75,3.7,69.48,101.71,101.54,113.25,113.25,0,,,101.71,101.71,1,2023-04-27,0,,,3,,
2023-10-16,111.9,112.75,110.85,111.5,47455520,74.71,97.75,3.58,70.13,102.12,102.0,113.25,113.25,0,,,102.12,102.12,1,2023-04-27,0,,,3,,
2023-10-17,112.5,114.2,111.5,113.85,55351890,75.13,97.9,3.51,73.03,103.72,102.56,114.2,113.25,1,113.85,103.72,103.72,103.72,1,2023-04-27,0,,,3,,
2023-10-18,114.5,115.1,109.5,113.2,100553800,75.55,98.5,3.66,70.97,103.41,103.06,115.1,114.2,0,,,103.41,103.72,1,2023-04-27,0,,,3,,
2023-10-19,112.0,113.15,110.65,111.65,43517010,75.95,99.3,3.58,66.2,102.73,103.51,115.1,115.1,0,,,102.73,103.72,1,2023-04-27,0,,,3,,
2023-10-20,114.0,114.5,112.15,113.35,64427430,76.36,99.6,3.53,68.69,103.96,104.01,115.1,115.1,0,,,103.96,103.96,1,2023-04-27,0,,,3,,
2023-10-23,113.8,113.9,106.8,108.9,70944550,76.73,100.0,3.79,56.88,101.05,104.31,115.1,115.1,0,,,101.05,103.96,1,2023-04-27,0,,,3,,
2023-10-25,105.65,109.5,105.55,108.25,59685080,77.08,100.35,3.8,55.38,100.74,104.6,115.1,115.1,0,,,100.74,103.96,1,2023-04-27,0,,,3,,
2023-10-26,107.5,108.0,101.25,106.45,108605500,77.44,101.0,4.03,51.35,99.64,104.77,115.1,115.1,0,,,99.64,103.96,1,2023-04-27,1,103.96,TRAILING_STOP,3,110,71.26
2023-10-27,107.35,109.25,105.05,105.65,43738540,77.77,101.0,4.04,49.62,99.12,105.0,115.1,115.1,0,,,99.12,,0,,0,,,,,
2023-10-30,106.2,108.6,105.7,107.7,48282250,78.13,101.0,3.96,53.9,100.49,105.32,115.1,115.1,0,,,100.49,,0,,0,,,,,
2023-10-31,107.85,108.15,104.25,105.1,49382530,78.47,101.25,3.96,48.3,98.9,105.51,115.1,115.1,0,,,98.9,,0,,0,,,,,
2023-11-01,105.6,107.15,103.25,103.7,47911250,78.81,101.25,3.95,45.55,98.0,105.54,115.1,115.1,0,,,98.0,,0,,0,,,,,
2023-11-02,105.0,108.0,104.9,107.55,47086200,79.16,101.25,3.98,53.4,100.47,105.72,115.1,115.1,0,,,100.47,,0,,0,,,,,
2023-11-03,108.8,119.9,108.7,116.5,238833300,79.57,101.25,4.58,65.76,105.84,106.27,119.9,115.1,1,116.5,105.84,105.84,105.84,1,2023-11-03,0,,,4,,
2023-11-06,119.6,123.9,118.25,123.3,186288900,80.03,101.25,4.78,71.87,110.09,107.07,123.9,119.9,0,,,110.09,110.09,1,2023-11-03,0,,,4,,
2023-11-07,123.55,126.35,120.5,121.3,120886000,80.48,101.25,4.85,68.03,108.75,107.78,126.35,123.9,0,,,108.75,110.09,1,2023-11-03,0,,,4,,
2023-11-08,122.0,125.7,121.3,125.15,75041680,80.95,101.25,4.82,71.22,111.26,108.68,126.35,126.35,0,,,111.26,111.26,1,2023-11-03,0,,,4,,
2023-11-09,125.25,125.55,121.35,121.85,50307830,81.4,101.25,4.78,65.21,109.16,109.41,126.35,126.35,0,,,109.16,111.26,1,2023-11-03,0,,,4,,
2023-11-10,122.0,123.3,120.7,121.3,43388160,81.85,101.25,4.62,64.24,108.91,110.11,126.35,126.35,0,,,108.91,111.26,1,2023-11-03,0,,,4,,
2023-11-13,122.65,123.1,121.5,122.2,28348140,82.32,101.25,4.42,65.15,109.62,110.85,126.35,126.35,0,,,109.62,111.26,1,2023-11-03,0,,,4,,
2023-11-15,123.3,125.2,119.75,120.25,60088810,82.79,101.25,4.49,61.48,108.32,111.48,126.35,126.35,0,,,108.32,111.26,1,2023-11-03,0,,,4,,
2023-11-16,120.9,122.55,120.7,121.85,36895080,83.26,101.25,4.34,63.31,109.45,112.03,126.35,126.35,0,,,109.45,111.26,1,2023-11-03,0,,,4,,
2023-11-17,122.0,125.0,121.5,122.2,43882210,83.72,103.25,4.28,63.71,110.38,112.75,126.35,126.35,0,,,110.38,111.26,1,2023-11-03,0,,,4,,
2023-11-20,122.85,123.4,117.35,118.15,52784470,84.14,103.25,4.4,56.0,107.69,113.17,126.35,126.35,0,,,107.69,111.26,1,2023-11-03,0,,,4,,
2023-11-21,118.55,119.0,116.05,116.5,45193550,84.56,103.25,4.3,53.17,106.69,113.57,126.35,126.35,0,,,106.69,111.26,1,2023-11-03,0,,,4,,
2023-11-22,116.0,117.8,114.35,115.3,52799860,84.98,103.25,4.24,51.15,105.96,113.95,126.35,126.35,0,,,105.96,111.26,1,2023-11-03,0,,,4,,
2023-11-23,113.6,115.75,112.5,112.95,56329090,85.38,104.9,4.17,47.36,105.04,114.18,126.35,126.35,0,,,105.04,111.26,1,2023-11-03,0,,,4,,
2023-11-24,114.15,116.0,112.9,113.25,49980080,85.78,108.7,4.09,47.89,106.55,114.32,126.35,126.35,0,,,106.55,111.26,1,2023-11-03,0,,,4,,
2023-11-28,114.9,116.9,113.5,113.8,61963720,86.2,112.5,4.06,48.91,108.19,114.46,126.35,126.35,0,,,108.19,111.26,1,2023-11-03,0,,,4,,
2023-11-29,117.0,119.2,114.0,116.6,115274000,86.65,112.5,4.16,53.85,109.94,114.64,126.35,126.35,0,,,109.94,111.26,1,2023-11-03,0,,,4,,
2023-11-30,118.8,120.7,116.15,118.55,225208100,87.1,112.5,4.18,56.98,111.18,114.88,126.35,126.35,0,,,111.18,111.26,1,2023-11-03,0,,,4,,
2023-12-01,118.0,118.35,115.1,116.3,57261070,87.53,112.5,4.13,52.56,109.76,114.96,126.35,126.35,0,,,109.76,111.26,1,2023-11-03,0,,,4,,
2023-12-04,118.75,119.0,116.25,117.4,66057180,87.98,112.5,4.03,54.42,110.53,115.1,126.35,126.35,0,,,110.53,111.26,1,2023-11-03,0,,,4,,
2023-12-05,117.9,118.25,116.25,116.75,57483300,88.41,112.5,3.89,53.09,110.21,115.27,126.35,126.35,0,,,110.21,111.26,1,2023-11-03,0,,,4,,
2023-12-06,117.15,119.7,116.6,118.9,48171750,88.86,112.5,3.83,56.84,111.64,115.45,126.35,126.35,0,,,111.64,111.64,1,2023-11-03,0,,,4,,
2023-12-07,119.6,122.2,118.4,121.7,52483560,89.32,112.5,3.83,61.19,113.44,115.88,125.7,126.35,0,,,113.44,113.44,1,2023-11-03,0,,,4,,
2023-12-08,123.0,123.9,119.3,119.95,44213190,89.76,112.5,3.88,57.3,112.28,116.27,125.55,125.7,0,,,112.28,113.44,1,2023-11-03,0,,,4,,
2023-12-11,119.95,120.5,117.55,118.45,32372280,90.19,112.5,3.82,54.13,111.36,116.67,125.2,125.55,0,,,111.36,113.44,1,2023-11-03,0,,,4,,
2023-12-12,119.0,119.3,114.15,116.75,40800530,90.61,112.5,3.91,50.7,110.2,117.04,125.2,125.2,0,,,110.2,113.44,1,2023-11-03,0,,,4,,
2023-12-13,116.9,120.5,116.15,120.0,48092320,91.06,112.5,3.94,56.39,112.27,117.45,125.2,125.2,0,,,112.27,113.44,1,2023-11-03,0,,,4,,
2023-12-14,121.0,124.95,120.5,124.15,74178490,91.52,112.5,4.02,62.35,114.9,118.09,125.0,125.2,0,,,114.9,114.9,1,2023-11-03,0,,,4,,
2023-12-15,124.5,125.0,122.4,123.6,39542770,91.99,112.9,3.91,61.16,114.75,118.75,125.0,125.0,0,,,114.75,114.9,1,2023-11-03,0,,,4,,
2023-12-18,123.4,129.2,121.55,128.55,89553150,92.49,113.5,4.18,67.24,117.96,119.45,129.2,125.0,1,128.55,117.96,117.96,117.96,1,2023-11-03,0,,,4,,
2023-12-19,129.0,131.75,127.4,130.25,64117310,93.0,114.0,4.19,69.04,119.22,119.91,131.75,129.2,0,,,119.22,119.22,1,2023-11-03,0,,,4,,
2023-12-20,130.35,131.0,123.15,124.75,49006050,93.45,114.15,4.45,57.98,115.54,119.96,131.75,131.75,0,,,115.54,119.22,1,2023-11-03,0,,,4,,
2023-12-21,122.15,128.7,120.2,127.35,52326120,93.93,114.15,4.74,61.15,117.03,120.16,131.75,131.75,0,,,117.03,119.22,1,2023-11-03,0,,,4,,
2023-12-22,130.55,131.0,125.3,128.5,63113800,94.4,114.15,4.81,62.49,117.72,120.27,131.75,131.75,0,,,117.72,119.22,1,2023-11-03,0,,,4,,
2023-12-26,128.5,128.7,124.3,125.0,25499780,94.85,114.15,4.78,56.12,115.49,120.38,131.75,131.75,0,,,115.49,119.22,1,2023-11-03,0,,,4,,
2023-12-27,125.7,127.6,125.55,127.05,21757560,95.29,114.15,4.63,58.77,116.91,120.57,131.75,131.75,0,,,116.91,119.22,1,2023-11-03,0,,,4,,
2023-12-28,124.9,125.5,120.6,123.2,72865470,95.68,114.15,4.76,52.36,114.34,120.6,131.75,131.75,0,,,114.34,119.22,1,2023-11-03,0,,,4,,
2023-12-29,124.0,125.55,123.25,123.7,27512600,96.08,114.15,4.59,53.08,114.78,120.72,131.75,131.75,0,,,114.78,119.22,1,2023-11-03,0,,,4,,
2024-01-01,124.45,125.6,122.85,124.5,24228680,96.48,114.15,4.45,54.26,115.38,120.8,131.75,131.75,0,,,115.38,119.22,1,2023-11-03,0,,,4,,
2024-01-02,127.0,129.45,125.5,128.7,69395950,96.9,114.15,4.49,59.97,118.07,121.02,131.75,131.75,0,,,118.07,119.22,1,2023-11-03,0,,,4,,
2024-01-03,128.8,130.25,127.1,127.55,39101170,97.32,116.15,4.39,57.84,118.06,121.33,131.75,131.75,0,,,118.06,119.22,1,2023-11-03,0,,,4,,
2024-01-04,128.4,130.9,126.45,129.75,45285620,97.75,120.2,4.4,60.71,120.82,121.78,131.75,131.75,0,,,120.82,120.82,1,2023-11-03,0,,,4,,
2024-01-05,130.9,134.35,128.95,133.3,55608920,98.23,120.2,4.47,64.87,123.07,122.38,134.35,131.75,1,133.3,123.07,123.07,123.07,1,2023-11-03,0,,,4,,
2024-01-08,133.65,133.65,130.0,132.85,38912420,98.71,120.2,4.41,63.95,122.81,123.04,134.35,134.35,0,,,122.81,123.07,1,2023-11-03,0,,,4,,
2024-01-09,133.2,135.0,132.6,134.3,33803260,99.19,120.2,4.27,65.65,123.85,123.74,135.0,134.35,0,,,123.85,123.85,1,2023-11-03,0,,,4,,
2024-01-10,134.25,136.15,132.25,134.65,29917880,99.67,120.2,4.24,66.06,124.09,124.44,136.15,135.0,0,,,124.09,124.09,1,2023-11-03,0,,,4,,
2024-01-11,135.3,139.0,135.05,138.35,41809410,100.16,120.2,4.25,70.17,126.47,125.16,139.0,136.15,1,138.35,126.47,126.47,126.47,1,2023-11-03,0,,,4,,
2024-01-12,140.0,141.5,136.8,139.55,45508270,100.68,120.6,4.28,71.38,127.36,125.86,141.5,139.0,0,,,127.36,127.36,1,2023-11-03,0,,,4,,
2024-01-15,139.55,139.85,132.85,133.4,53570260,101.14,120.6,4.48,58.32,123.26,126.43,141.5,141.5,0,,,123.26,127.36,1,2023-11-03,0,,,4,,
2024-01-16,135.0,135.3,131.0,133.55,47043420,101.6,120.6,4.46,58.52,123.36,126.97,141.5,141.5,0,,,123.36,127.36,1,2023-11-03,0,,,4,,
2024-01-17,132.4,132.4,126.75,127.4,76780520,102.03,120.6,4.63,48.32,119.29,127.32,141.5,141.5,0,,,119.29,127.36,1,2023-11-03,1,127.36,TRAILING_STOP,4,51,9.32
2024-01-19,130.5,135.5,128.0,135.05,81155010,102.51,122.85,4.88,58.1,124.81,127.86,141.5,141.5,0,,,124.81,,0,,0,,,,,
2024-01-23,136.3,137.3,127.0,130.1,72520620,102.94,122.85,5.26,51.33,121.35,128.14,141.5,141.5,0,,,121.35,,0,,0,,,,,
2024-01-24,131.45,136.9,129.8,136.2,54612760,103.4,125.5,5.4,57.85,126.09,128.68,141.5,141.5,0,,,126.09,,0,,0,,,,,
2024-01-25,135.9,138.2,132.8,136.15,60682540,103.86,126.45,5.4,57.78,126.37,129.27,141.5,141.5,0,,,126.37,,0,,0,,,,,
2024-01-29,136.9,137.7,132.35,135.55,55871010,104.32,126.45,5.39,56.91,125.98,129.9,141.5,141.5,0,,,125.98,,0,,0,,,,,
2024-01-30,135.85,138.8,134.65,137.2,57612020,104.78,126.75,5.3,58.75,127.21,130.47,141.5,141.5,0,,,127.21,,0,,0,,,,,
2024-01-31,140.0,142.0,138.0,139.55,89833020,105.25,126.75,5.27,61.28,128.75,130.99,142.0,141.5,0,,,128.75,,0,,0,,,,,
2024-02-01,141.0,143.5,138.55,140.55,70252440,105.72,126.75,5.25,62.34,129.41,131.55,143.5,142.0,0,,,129.41,,0,,0,,,,,
2024-02-02,141.8,145.0,141.45,143.8,78666450,106.2,126.75,5.19,65.63,131.54,132.06,145.0,143.5,1,143.8,131.54,131.54,131.54,1,2024-02-02,0,,,5,,
2024-02-05,145.0,145.4,138.25,140.25,54189680,106.65,126.75,5.33,59.51,129.16,132.39,145.4,145.0,0,,,129.16,131.54,1,2024-02-02,0,,,5,,
2024-02-06,140.4,141.8,138.05,139.95,46782950,107.09,126.75,5.22,59.01,129.04,132.9,145.4,145.4,0,,,129.04,131.54,1,2024-02-02,0,,,5,,
2024-02-07,141.0,142.9,139.65,140.4,75083250,107.52,126.75,5.08,59.56,129.42,133.34,145.4,145.4,0,,,129.42,131.54,1,2024-02-02,0,,,5,,
2024-02-08,142.5,147.5,139.0,144.1,184839600,107.96,126.75,5.32,63.85,131.65,133.85,147.5,145.4,0,,,131.65,131.65,1,2024-02-02,0,,,5,,
2024-02-09,146.9,151.4,142.25,149.45,257918900,108.44,126.75,5.59,68.98,134.92,134.67,151.4,147.5,1,149.45,134.92,134.92,134.92,1,2024-02-02,0,,,5,,
2024-02-12,151.0,158.8,149.5,153.8,155848100,108.94,127.0,5.86,72.4,137.63,135.56,158.8,151.4,0,,,137.63,137.63,1,2024-02-02,0,,,5,,
2024-02-13,154.35,157.9,149.0,154.75,79935680,109.48,127.0,6.08,73.1,138.09,136.61,158.8,158.8,0,,,138.09,138.09,1,2024-02-02,0,,,5,,
2024-02-14,152.95,153.75,150.1,152.25,38221080,109.99,129.8,5.98,68.21,137.48,137.56,158.8,158.8,0,,,137.48,138.09,1,2024-02-02,0,,,5,,
2024-02-15,157.0,159.2,154.0,154.85,77367580,110.53,132.35,6.05,70.43,139.96,138.58,159.2,158.8,0,,,139.96,139.96,1,2024-02-02,0,,,5,,
2024-02-16,156.9,160.0,155.35,156.7,61209330,111.07,132.35,5.98,71.93,141.2,139.51,160.0,159.2,0,,,141.2,141.2,1,2024-02-02,0,,,5,,
2024-02-19,157.45,160.45,155.6,157.5,60218200,111.61,134.65,5.9,72.58,142.54,140.51,160.45,160.0,0,,,142.54,142.54,1,2024-02-02,0,,,5,,
2024-02-20,159.7,163.8,158.7,161.05,85356670,112.19,138.0,5.93,75.3,145.92,141.55,163.8,160.45,1,161.05,145.92,145.92,145.92,1,2024-02-02,0,,,5,,
2024-02-21,162.3,167.8,157.6,158.65,91140940,112.75,138.05,6.23,70.22,144.19,142.4,167.8,163.8,0,,,144.19,145.92,1,2024-02-02,0,,,5,,
2024-02-22,159.55,163.0,156.6,162.1,67614840,113.34,138.05,6.25,73.04,146.41,143.37,167.8,167.8,0,,,146.41,146.41,1,2024-02-02,0,,,5,,
2024-02-23,162.4,164.8,160.8,164.05,37200710,113.93,138.05,6.09,74.5,147.77,144.36,167.8,167.8,0,,,147.77,147.77,1,2024-02-02,0,,,5,,
2024-02-26,165.2,168.5,163.15,164.2,33433560,114.52,138.05,6.03,74.62,147.9,145.35,168.5,167.8,0,,,147.9,147.9,1,2024-02-02,0,,,5,,
2024-02-27,163.75,163.85,158.0,161.3,29921490,115.09,139.0,6.05,68.24,146.34,146.11,168.5,168.5,0,,,146.34,147.9,1,2024-02-02,0,,,5,,
2024-02-28,161.9,161.95,155.35,159.35,41883110,115.66,139.0,6.09,64.26,145.06,146.77,168.5,168.5,0,,,145.06,147.9,1,2024-02-02,0,,,5,,
2024-02-29,156.45,168.85,155.45,165.45,175785400,116.27,142.25,6.61,70.13,149.73,147.84,168.85,168.5,0,,,149.73,149.73,1,2024-02-02,0,,,5,,
2024-03-01,168.0,173.5,165.6,166.5,42587330,116.88,149.0,6.71,71.01,152.59,148.94,173.5,168.85,0,,,152.59,152.59,1,2024-02-02,0,,,5,,
2024-03-04,168.0,175.6,168.0,169.8,55751420,117.46,149.0,6.88,73.64,154.6,150.35,175.6,173.5,0,,,154.6,154.6,1,2024-02-02,0,,,5,,
2024-03-05,170.75,171.5,164.05,165.85,29313860,118.03,150.1,6.92,65.92,152.39,151.38,175.6,175.6,0,,,152.39,154.6,1,2024-02-02,0,,,5,,
2024-03-06,164.4,164.4,157.5,161.55,95621540,118.59,154.0,7.02,58.71,150.85,152.43,175.6,175.6,0,,,150.85,154.6,1,2024-02-02,0,,,5,,
2024-03-07,161.75,163.45,158.65,160.0,43685230,119.14,155.35,6.87,56.32,150.41,153.22,175.6,175.6,0,,,150.41,154.6,1,2024-02-02,0,,,5,,
2024-03-11,161.0,163.2,149.0,154.85,51519590,119.64,149.0,7.39,49.15,144.62,153.84,175.6,175.6,0,,,144.62,154.6,1,2024-02-02,1,154.6,TRAILING_STOP,5,26,7.51
2024-03-12,156.6,157.9,152.15,156.9,31159760,120.14,149.0,7.27,51.78,146.02,154.56,175.6,175.6,0,,,146.02,,0,,0,,,,,
2024-03-13,157.45,158.25,147.5,148.65,53202090,120.58,147.5,7.52,42.3,140.03,154.94,175.6,175.6,0,,,140.03,,0,,0,,,,,
2024-03-14,147.1,157.3,144.3,152.75,45708360,121.02,144.3,7.91,47.45,141.35,155.38,175.6,175.6,0,,,141.35,,0,,0,,,,,
2024-03-15,152.85,161.7,152.45,160.05,95085420,121.51,144.3,8.01,55.13,145.99,156.03,175.6,175.6,0,,,145.99,,0,,0,,,,,
2024-03-18,162.5,164.45,157.25,158.25,35382750,121.93,144.3,7.95,53.07,144.87,156.51,175.6,175.6,0,,,144.87,,0,,0,,,,,
2024-03-19,158.6,161.45,156.5,157.95,24847680,122.33,144.3,7.74,52.72,144.82,157.1,175.6,175.6,0,,,144.82,,0,,0,,,,,
2024-03-20,159.45,166.7,159.0,165.6,45544050,122.81,144.3,7.81,60.03,149.71,157.96,175.6,175.6,0,,,149.71,,0,,0,,,,,
2024-03-21,168.0,171.0,166.4,169.65,42227960,123.31,144.3,7.64,63.27,152.43,158.93,175.6,175.6,0,,,152.43,,0,,0,,,,,
2024-03-22,170.45,174.9,169.05,174.2,41776490,123.85,144.3,7.51,66.55,155.45,159.93,175.6,175.6,0,,,155.45,,0,,0,,,,,
2024-03-26,173.4,183.65,172.2,182.6,64590290,124.44,144.3,7.79,71.59,160.68,161.04,183.65,175.6,1,182.6,160.68,160.68,160.68,1,2024-03-26,0,,,6,,
2024-03-27,183.6,189.0,177.2,179.45,50528760,125.02,144.3,8.08,67.48,158.46,161.89,189.0,183.65,0,,,158.46,160.68,1,2024-03-26,0,,,6,,
2024-03-28,179.8,184.7,176.0,182.1,42567440,125.62,144.3,8.12,69.09,160.14,162.8,189.0,189.0,0,,,160.14,160.68,1,2024-03-26,0,,,6,,
2024-04-01,183.9,188.2,182.75,184.5,20789200,126.24,144.3,7.98,70.51,161.78,163.88,189.0,189.0,0,,,161.78,161.78,1,2024-03-26,0,,,6,,
2024-04-02,185.0,185.0,180.75,183.1,36346390,126.87,144.3,7.71,68.53,161.06,164.82,189.0,189.0,0,,,161.06,161.78,1,2024-03-26,0,,,6,,
2024-04-03,181.95,182.0,177.85,178.3,24268720,127.46,144.3,7.53,62.09,158.08,165.54,189.0,189.0,0,,,158.08,161.78,1,2024-03-26,0,,,6,,
2024-04-04,180.5,188.15,180.25,187.0,52772050,128.09,144.3,7.7,67.97,163.58,166.52,189.0,189.0,0,,,163.58,163.58,1,2024-03-26,0,,,6,,
2024-04-05,188.25,191.8,187.25,190.5,35235130,128.73,144.3,7.49,69.98,165.98,167.51,191.8,189.0,1,190.5,165.98,165.98,165.98,1,2024-03-26,0,,,6,,
2024-04-08,191.6,194.0,190.55,191.8,23092880,129.39,152.45,7.21,70.72,169.72,168.61,194.0,191.8,0,,,169.72,169.72,1,2024-03-26,0,,,6,,
2024-04-09,192.55,195.5,188.75,193.7,30824710,130.07,156.5,7.17,71.81,172.32,169.66,195.5,194.0,0,,,172.32,172.32,1,2024-03-26,0,,,6,,
2024-04-10,195.0,199.6,194.05,196.9,35141520,130.77,156.5,7.08,73.59,174.44,170.76,199.6,195.5,1,196.9,174.44,174.44,174.44,1,2024-03-26,0,,,6,,
2024-04-12,195.85,199.7,190.5,192.1,56543860,131.42,159.0,7.24,66.77,172.08,171.69,199.7,199.6,0,,,172.08,174.44,1,2024-03-26,0,,,6,,
2024-04-15,188.0,192.4,184.5,188.3,48456560,132.01,166.4,7.28,61.88,172.07,172.59,199.7,199.7,0,,,172.07,174.44,1,2024-03-26,0,,,6,,
2024-04-16,187.0,189.3,183.9,186.45,43273460,132.6,169.05,7.15,59.6,171.84,173.49,199.7,199.7,0,,,171.84,174.44,1,2024-03-26,0,,,6,,
2024-04-18,188.5,189.25,183.0,185.2,35346370,133.19,172.2,7.08,58.04,172.13,174.15,199.7,199.7,0,,,172.13,174.44,1,2024-03-26,0,,,6,,
2024-04-19,182.3,191.0,181.4,189.2,34112200,133.8,176.0,7.26,61.51,175.86,174.91,199.7,199.7,0,,,175.86,175.86,1,2024-03-26,0,,,6,,
2024-04-22,193.0,197.7,190.8,193.35,28792290,134.43,176.0,7.35,64.77,178.48,175.69,199.7,199.7,0,,,178.48,178.48,1,2024-03-26,0,,,6,,
2024-04-23,194.4,194.5,186.6,187.45,35740730,135.02,177.85,7.39,57.34,175.26,176.41,199.7,199.7,0,,,175.26,178.48,1,2024-03-26,0,,,6,,
2024-04-24,189.0,189.1,183.15,184.4,32622310,135.59,177.85,7.29,53.89,173.36,177.18,199.7,199.7,0,,,173.36,178.48,1,2024-03-26,0,,,6,,
2024-04-25,184.0,188.9,182.5,184.7,38839520,136.15,177.85,7.22,54.19,173.6,178.0,199.7,199.7,0,,,173.6,178.48,1,2024-03-26,0,,,6,,
2024-04-26,189.0,190.45,186.35,188.1,33778140,136.73,180.25,7.12,57.47,176.66,179.11,199.7,199.7,0,,,176.66,178.48,1,2024-03-26,0,,,6,,
2024-04-29,189.4,194.3,186.45,193.6,33415230,137.36,181.4,7.17,62.18,180.56,180.33,199.7,199.7,0,,,180.56,180.56,1,2024-03-26,0,,,6,,
2024-04-30,195.0,196.95,192.2,193.15,39383260,138.0,181.4,7.0,61.58,180.38,181.81,199.7,199.7,0,,,180.38,180.56,1,2024-03-26,0,,,6,,
2024-05-02,193.6,195.95,192.75,195.45,27391440,138.64,181.4,6.73,63.53,182.05,183.24,199.7,199.7,0,,,182.05,182.05,1,2024-03-26,0,,,6,,
2024-05-03,196.8,200.35,193.1,197.25,37882270,139.27,181.4,6.76,65.02,183.18,184.48,200.35,199.7,0,,,183.18,183.18,1,2024-03-26,0,,,6,,
2024-05-06,199.0,202.0,194.5,195.7,26394230,139.89,181.4,6.82,62.64,182.15,185.72,202.0,200.35,0,,,182.15,183.18,1,2024-03-26,0,,,6,,
2024-05-07,196.15,196.35,182.35,191.45,48161260,140.5,181.4,7.33,56.54,179.07,186.84,202.0,202.0,0,,,179.07,183.18,1,2024-03-26,1,183.18,TRAILING_STOP,6,27,0.32
2024-05-08,190.65,196.0,187.3,195.45,47941400,141.14,181.4,7.43,60.45,181.58,187.84,202.0,202.0,0,,,181.58,,0,,0,,,,,
2024-05-09,195.0,199.7,193.1,195.25,47274760,141.78,181.4,7.37,60.16,181.49,188.69,202.0,202.0,0,,,181.49,,0,,0,,,,,
2024-05-10,196.35,205.0,189.9,201.3,52717900,142.47,181.4,7.92,65.56,185.02,189.59,205.0,202.0,0,,,185.02,,0,,0,,,,,
2024-05-13,205.8,207.2,186.75,194.3,114135900,143.09,182.35,8.82,56.08,180.23,189.98,207.2,205.0,0,,,180.23,,0,,0,,,,,
2024-05-14,191.7,193.45,182.1,187.3,110070700,143.68,182.1,9.06,48.53,175.47,190.24,207.2,207.2,0,,,175.47,,0,,0,,,,,
2024-05-15,188.8,193.4,183.15,192.0,44772990,144.29,182.1,9.14,53.1,178.44,190.57,207.2,207.2,0,,,178.44,,0,,0,,,,,
2024-05-16,192.9,195.85,189.0,195.2,35478590,144.91,182.1,8.98,55.96,180.62,190.93,207.2,207.2,0,,,180.62,,0,,0,,,,,
2024-05-17,195.15,196.0,193.1,194.85,20841350,145.51,182.1,8.54,55.56,180.68,191.32,207.2,207.2,0,,,180.68,,0,,0,,,,,
2024-05-21,194.4,196.5,188.75,189.1,33453170,146.1,182.1,8.49,49.33,177.01,191.68,207.2,207.2,0,,,177.01,,0,,0,,,,,
2024-05-22,190.0,190.0,183.35,185.5,40374410,146.63,182.1,8.36,45.86,174.78,191.63,207.2,207.2,0,,,174.78,,0,,0,,,,,
2024-05-23,186.5,189.4,184.5,186.8,20931130,147.18,182.1,8.11,47.3,175.78,191.51,207.2,207.2,0,,,175.78,,0,,0,,,,,
2024-05-24,188.0,188.0,179.1,182.9,37064090,147.71,179.1,8.17,43.55,172.23,191.21,207.2,207.2,0,,,172.23,,0,,0,,,,,
2024-05-27,183.9,185.45,178.4,183.65,47652250,148.23,178.4,8.09,44.47,172.53,190.88,207.2,207.2,0,,,172.53,,0,,0,,,,,
2024-05-28,184.35,184.8,180.4,181.6,34444520,148.71,178.4,7.82,42.45,171.38,190.37,207.2,207.2,0,,,171.38,,0,,0,,,,,
2024-05-29,180.55,185.4,180.0,183.35,30888200,149.2,178.4,7.65,44.75,172.63,190.08,207.2,207.2,0,,,172.63,,0,,0,,,,,
2024-05-30,183.0,185.0,179.0,180.6,33684170,149.67,178.4,7.53,41.91,170.93,189.82,207.2,207.2,0,,,170.93,,0,,0,,,,,
2024-05-31,178.8,183.15,171.25,179.15,149283400,150.12,171.25,7.84,40.46,167.41,189.58,207.2,207.2,0,,,167.41,,0,,0,,,,,
2024-06-03,184.5,185.5,175.0,175.45,53437120,150.53,171.25,8.03,36.93,164.89,189.25,207.2,207.2,0,,,164.89,,0,,0,,,,,
2024-06-04,176.5,176.5,146.3,172.0,75272850,150.92,146.3,9.62,33.95,153.3,188.68,207.2,207.2,0,,,153.3,,0,,0,,,,,
2024-06-05,175.0,185.3,166.75,183.8,57213530,151.4,146.3,10.26,49.06,160.48,188.36,207.2,207.2,0,,,160.48,,0,,0,,,,,
2024-06-06,185.0,185.8,182.5,183.65,20887550,151.87,146.3,9.76,48.91,160.72,188.23,207.2,207.2,0,,,160.72,,0,,0,,,,,
2024-06-07,182.5,187.0,180.7,184.0,33175400,152.37,146.3,9.51,49.31,161.11,188.22,207.2,207.2,0,,,161.11,,0,,0,,,,,
2024-06-10,184.0,186.5,181.56,182.16,33163470,152.86,146.3,9.18,47.23,160.14,188.14,207.2,207.2,0,,,160.14,,0,,0,,,,,
2024-06-11,182.6,186.0,180.1,184.02,41803810,153.38,146.3,8.95,49.54,161.49,188.0,196.5,207.2,0,,,161.49,,0,,0,,,,,
2024-06-12,184.39,184.88,179.33,179.65,42830410,153.87,146.3,8.71,44.59,158.84,187.53,196.5,196.5,0,,,158.84,,0,,0,,,,,
2024-06-13,183.8,185.8,180.15,184.94,47891480,154.39,146.3,8.52,50.98,162.37,187.26,196.5,196.5,0,,,162.37,,0,,0,,,,,
2024-06-14,185.7,186.6,184.05,186.24,29823710,154.93,146.3,8.1,52.43,163.49,186.95,196.5,196.5,0,,,163.49,,0,,0,,,,,
2024-06-18,187.5,189.1,184.8,188.61,40633370,155.49,146.3,7.83,55.05,165.2,186.67,196.5,196.5,0,,,165.2,,0,,0,,,,,
2024-06-19,190.0,201.0,189.56,198.49,112274800,156.1,146.3,8.15,63.94,171.36,186.76,201.0,196.5,1,198.49,171.36,171.36,171.36,1,2024-06-19,0,,,7,,
2024-06-20,199.99,201.8,195.0,197.05,44395210,156.64,146.3,8.06,62.02,170.49,186.95,201.8,201.0,0,,,170.49,171.36,1,2024-06-19,0,,,7,,
2024-06-21,197.9,199.95,193.05,193.95,37841130,157.11,146.3,7.97,57.97,168.55,186.9,201.8,201.8,0,,,168.55,171.36,1,2024-06-19,0,,,7,,
2024-06-24,193.9,199.8,191.95,198.92,34201370,157.63,146.3,7.96,62.23,171.76,187.02,201.8,201.8,0,,,171.76,171.76,1,2024-06-19,0,,,7,,
2024-06-25,201.75,204.7,200.0,202.27,60670560,158.14,146.3,7.81,64.81,174.03,187.05,204.7,201.8,1,202.27,174.03,174.03,174.03,1,2024-06-19,0,,,7,,
2024-06-26,202.56,203.48,196.0,197.25,38934430,158.64,166.75,7.79,58.36,177.62,187.15,204.7,204.7,0,,,177.62,177.62,1,2024-06-19,0,,,7,,
2024-06-27,198.2,201.5,196.0,200.15,32535930,159.17,179.33,7.62,60.79,183.79,187.58,204.7,204.7,0,,,183.79,183.79,1,2024-06-19,0,,,7,,
2024-06-28,201.3,203.92,199.1,200.56,37287390,159.69,179.33,7.42,61.14,184.19,187.86,204.7,204.7,0,,,184.19,184.19,1,2024-06-19,0,,,7,,
2024-07-01,199.71,204.5,194.56,203.97,53536850,160.25,179.33,7.6,63.98,186.27,188.15,204.7,204.7,0,,,186.27,186.27,1,2024-06-19,0,,,7,,
2024-07-02,204.0,209.84,202.25,209.09,65698260,160.83,179.33,7.6,67.78,189.57,188.63,209.84,204.7,1,209.09,189.57,189.57,189.57,1,2024-06-19,0,,,7,,
2024-07-03,209.45,213.95,205.33,208.44,61479240,161.41,179.33,7.67,66.82,189.1,189.27,213.95,209.84,0,,,189.1,189.57,1,2024-06-19,0,,,7,,
2024-07-04,208.39,210.29,206.7,207.44,30004300,162.0,180.15,7.38,65.28,188.93,190.0,213.95,213.95,0,,,188.93,189.57,1,2024-06-19,0,,,7,,
2024-07-05,207.0,208.4,204.77,207.57,29681220,162.61,184.05,7.11,65.39,190.49,190.7,213.95,213.95,0,,,190.49,190.49,1,2024-06-19,0,,,7,,
2024-07-08,208.25,210.0,206.0,207.93,18260120,163.23,184.8,6.89,65.72,191.12,191.53,213.95,213.95,0,,,191.12,191.12,1,2024-06-19,0,,,7,,
2024-07-09,207.8,214.0,206.61,212.56,39312570,163.89,189.56,6.93,69.7,195.67,192.5,214.0,213.95,0,,,195.67,195.67,1,2024-06-19,0,,,7,,
2024-07-10,213.0,213.39,205.74,211.37,29852040,164.54,191.95,6.98,67.53,195.66,193.49,214.0,214.0,0,,,195.66,195.67,1,2024-06-19,0,,,7,,
2024-07-11,211.47,218.95,211.37,217.14,45769090,165.23,191.95,7.02,72.08,199.36,194.61,218.95,214.0,1,217.14,199.36,199.36,199.36,1,2024-06-19,0,,,7,,
2024-07-12,219.0,223.25,217.05,222.47,45580860,165.94,191.95,6.96,75.49,202.83,196.01,223.25,218.95,0,,,202.83,202.83,1,2024-06-19,0,,,7,,
2024-07-15,225.0,232.0,225.0,229.15,51203050,166.68,194.56,7.15,78.96,207.89,197.68,232.0,223.25,0,,,207.89,207.89,1,2024-06-19,0,,,7,,
2024-07-16,230.0,230.35,215.3,217.49,44681030,167.35,194.56,7.71,62.36,199.99,199.08,232.0,232.0,0,,,199.99,207.89,1,2024-06-19,0,,,7,,
2024-07-18,217.75,221.4,210.25,220.62,58537670,168.04,194.56,7.96,64.52,201.85,200.7,232.0,232.0,0,,,201.85,207.89,1,2024-06-19,0,,,7,,
2024-07-19,217.99,220.49,213.67,218.89,39257870,168.72,194.56,7.88,62.39,200.78,201.87,232.0,232.0,0,,,200.78,207.89,1,2024-06-19,0,,,7,,
2024-07-22,214.0,222.19,214.0,221.66,33701480,169.4,194.56,7.91,64.41,202.55,203.14,232.0,232.0,0,,,202.55,207.89,1,2024-06-19,0,,,7,,
2024-07-23,222.5,223.72,207.0,217.91,36589820,170.05,202.25,8.54,59.73,202.28,204.27,232.0,232.0,0,,,202.28,207.89,1,2024-06-19,1,207.89,TRAILING_STOP,7,24,4.74
2024-07-24,217.85,225.5,215.6,223.49,32358780,170.74,204.77,8.63,63.93,206.65,205.64,232.0,232.0,0,,,206.65,,0,,0,,,,,
2024-07-25,221.0,223.97,216.95,219.31,26124430,171.41,204.77,8.52,58.96,204.03,206.82,232.0,232.0,0,,,204.03,,0,,0,,,,,
2024-07-26,219.0,226.62,216.85,224.62,35693960,172.13,204.77,8.61,62.91,207.4,208.32,232.0,232.0,0,,,207.4,,0,,0,,,,,
2024-07-29,226.62,229.46,224.1,226.89,40644420,172.84,205.74,8.38,64.48,209.34,209.72,232.0,232.0,0,,,209.34,,0,,0,,,,,
2024-07-30,226.95,231.2,225.11,227.13,39378460,173.53,205.74,8.21,64.65,209.6,211.08,232.0,232.0,0,,,209.6,,0,,0,,,,,
2024-07-31,227.61,230.14,226.05,229.45,25009960,174.23,205.74,7.92,66.33,211.3,212.44,232.0,232.0,0,,,211.3,,0,,0,,,,,
2024-08-01,231.0,238.0,228.0,234.09,87888740,174.94,207.0,8.07,69.46,214.61,213.63,238.0,232.0,1,234.09,214.61,214.61,214.61,1,2024-08-01,0,,,8,,
2024-08-02,244.5,278.7,243.0,262.34,389060600,175.82,207.0,10.68,81.03,231.09,215.8,278.7,238.0,0,,,231.09,231.09,1,2024-08-01,0,,,8,,
2024-08-05,254.0,265.55,249.0,256.29,156106200,176.69,207.0,11.1,74.52,226.91,217.88,278.7,278.7,0,,,226.91,231.09,1,2024-08-01,0,,,8,,
2024-08-06,265.9,275.0,247.2,249.08,143459600,177.51,207.0,12.29,67.55,221.46,219.55,278.7,278.7,0,,,221.46,231.09,1,2024-08-01,0,,,8,,
2024-08-07,261.53,267.6,251.81,265.67,127379200,178.42,207.0,12.73,73.65,231.87,221.67,278.7,278.7,0,,,231.87,231.87,1,2024-08-01,0,,,8,,
2024-08-08,265.0,267.5,260.0,265.59,57917050,179.36,207.0,12.36,73.58,232.07,223.95,278.7,278.7,0,,,232.07,232.07,1,2024-08-01,0,,,8,,
2024-08-09,267.73,272.9,265.55,267.09,52601950,180.29,207.0,12.0,74.09,233.27,226.18,278.7,278.7,0,,,233.27,233.27,1,2024-08-01,0,,,8,,
2024-08-12,263.5,266.49,261.35,263.43,33514960,181.23,207.0,11.56,70.51,231.21,228.27,278.7,278.7,0,,,231.21,233.27,1,2024-08-01,0,,,8,,
2024-08-13,265.0,265.4,256.0,257.08,26127100,182.11,215.6,11.4,64.68,230.08,230.04,278.7,278.7,0,,,230.08,233.27,1,2024-08-01,0,,,8,,
2024-08-14,260.3,264.5,255.5,260.14,41735060,183.02,216.85,11.23,66.13,232.59,231.74,278.7,278.7,0,,,232.59,233.27,1,2024-08-01,0,,,8,,
2024-08-16,260.7,266.2,257.01,264.43,42932760,183.92,216.85,11.08,68.11,235.45,233.61,278.7,278.7,0,,,235.45,235.45,1,2024-08-01,0,,,8,,
2024-08-19,278.0,280.9,261.0,262.17,80435890,184.82,224.1,11.71,65.92,235.99,235.44,280.9,278.7,0,,,235.99,235.99,1,2024-08-01,0,,,8,,
2024-08-20,262.0,264.45,258.25,263.12,132396500,185.71,225.11,11.32,66.41,237.2,237.29,280.9,280.9,0,,,237.2,237.2,1,2024-08-01,0,,,8,,
2024-08-21,263.12,264.45,259.0,260.03,38605740,186.56,226.05,10.9,63.24,235.8,239.02,280.9,280.9,0,,,235.8,237.2,1,2024-08-01,0,,,8,,
2024-08-22,264.0,267.0,256.01,257.96,73893280,187.39,228.0,10.91,61.13,235.11,240.54,280.9,280.9,0,,,235.11,237.2,1,2024-08-01,0,,,8,,
2024-08-23,260.41,269.9,258.31,262.65,102220700,188.25,243.0,10.98,64.05,243.09,242.25,280.9,280.9,0,,,243.09,243.09,1,2024-08-01,0,,,8,,
2024-08-26,263.8,264.42,258.1,259.39,36184860,189.08,247.2,10.65,60.63,242.61,243.65,280.9,280.9,0,,,242.61,243.09,1,2024-08-01,0,,,8,,
2024-08-28,257.0,257.74,252.15,253.04,28603250,189.84,247.2,10.4,54.53,238.67,244.67,280.9,280.9,0,,,238.67,243.09,1,2024-08-01,0,,,8,,
2024-08-29,254.78,256.35,248.51,252.34,37767470,190.59,248.51,10.22,53.89,238.78,245.45,280.9,280.9,0,,,238.78,243.09,1,2024-08-01,0,,,8,,
2024-08-30,253.5,255.45,248.81,250.53,50157280,191.37,248.51,9.97,52.17,237.78,246.55,280.9,280.9,0,,,237.78,243.09,1,2024-08-01,0,,,8,,
2024-09-02,252.0,252.3,241.85,244.45,55833050,192.11,241.85,10.0,46.79,231.62,247.34,280.9,280.9,0,,,231.62,243.09,1,2024-08-01,1,243.09,TRAILING_STOP,8,21,3.84
2024-09-03,246.75,252.95,245.4,247.7,66538680,192.92,241.85,9.89,49.77,233.79,248.3,280.9,280.9,0,,,233.79,,0,,0,,,,,
2024-09-04,244.45,245.0,240.4,242.85,58762230,193.63,240.4,9.71,45.65,230.3,249.01,280.9,280.9,0,,,230.3,,0,,0,,,,,
2024-09-05,248.05,261.6,246.0,254.85,115627500,194.47,240.4,10.35,55.47,237.61,250.24,280.9,280.9,0,,,237.61,,0,,0,,,,,
2024-09-06,255.0,262.15,254.25,259.95,75700800,195.29,240.4,10.18,58.87,241.02,251.46,280.9,280.9,0,,,241.02,,0,,0,,,,,
2024-09-09,260.0,265.0,256.3,263.2,58534610,196.14,240.4,10.07,60.92,243.18,252.92,280.9,280.9,0,,,243.18,,0,,0,,,,,
2024-09-10,265.85,270.3,259.55,267.7,68658960,197.02,240.4,10.12,63.62,246.05,254.35,280.9,280.9,0,,,246.05,,0,,0,,,,,
2024-09-11,268.25,281.5,268.1,271.75,121883700,197.92,240.4,10.38,65.9,248.49,255.85,281.5,280.9,0,,,248.49,,0,,0,,,,,
2024-09-12,276.3,286.0,274.3,283.9,101691800,198.88,240.4,10.66,71.65,256.14,257.74,286.0,281.5,1,283.9,256.14,256.14,256.14,1,2024-09-12,0,,,9,,
2024-09-13,285.4,286.45,271.1,272.9,82150750,199.76,240.4,11.0,61.53,248.82,259.19,286.45,286.0,0,,,248.82,256.14,1,2024-09-12,0,,,9,,
2024-09-16,274.5,282.0,269.2,277.7,47792140,200.65,240.4,11.12,63.93,251.83,260.64,286.45,286.45,0,,,251.83,256.14,1,2024-09-12,0,,,9,,
2024-09-17,277.65,278.0,270.0,270.75,33515460,201.52,240.4,10.9,58.27,247.5,260.92,286.45,286.45,0,,,247.5,256.14,1,2024-09-12,0,,,9,,
2024-09-18,270.65,277.85,269.9,275.85,30225920,202.43,240.4,10.69,61.0,250.93,261.58,286.45,286.45,0,,,250.93,256.14,1,2024-09-12,0,,,9,,
2024-09-19,276.5,280.95,272.25,278.85,48225290,203.35,240.4,10.55,62.55,252.96,262.57,286.45,286.45,0,,,252.96,256.14,1,2024-09-12,0,,,9,,
2024-09-20,279.0,293.0,278.95,290.5,84416060,204.33,240.4,10.81,67.89,260.3,263.4,293.0,286.45,1,290.5,260.3,260.3,260.3,1,2024-09-12,0,,,9,,
2024-09-23,292.0,298.25,290.55,297.0,48761820,205.31,240.4,10.59,70.42,264.64,264.44,298.25,293.0,0,,,264.64,264.64,1,2024-09-12,0,,,9,,
2024-09-24,298.0,298.0,290.25,291.7,40844800,206.23,240.4,10.38,65.86,261.36,265.26,298.25,298.25,0,,,261.36,264.64,1,2024-09-12,0,,,9,,
2024-09-25,291.8,291.85,283.05,285.4,47685740,207.1,246.0,10.27,60.82,259.24,266.0,298.25,298.25,0,,,259.24,264.64,1,2024-09-12,0,,,9,,
2024-09-26,285.4,285.9,278.5,283.9,39057810,207.98,254.25,10.07,59.64,261.15,266.89,298.25,298.25,0,,,261.15,264.64,1,2024-09-12,0,,,9,,
2024-09-27,275.4,286.9,273.5,278.15,58812630,208.8,256.3,10.3,55.25,257.97,267.49,298.25,298.25,0,,,257.97,264.64,1,2024-09-12,0,,,9,,
2024-09-30,277.9,277.9,272.45,273.3,40976910,209.58,259.55,9.98,51.79,256.14,267.79,298.25,298.25,0,,,256.14,264.64,1,2024-09-12,0,,,9,,
2024-10-01,272.55,276.45,271.3,274.15,32110540,210.36,268.1,9.63,52.35,259.77,268.19,298.25,298.25,0,,,259.77,264.64,1,2024-09-12,0,,,9,,
2024-10-03,269.7,272.45,268.0,269.0,40791490,211.08,268.0,9.38,48.64,256.58,268.38,298.25,298.25,0,,,256.58,264.64,1,2024-09-12,0,,,9,,
2024-10-04,267.0,277.85,264.1,275.3,59102820,211.85,264.1,9.69,53.03,259.14,268.89,298.25,298.25,0,,,259.14,264.64,1,2024-09-12,1,264.64,TRAILING_STOP,9,16,-6.78
2024-10-07,278.55,279.0,261.6,266.1,51381670,212.55,261.6,10.24,46.75,252.0,269.16,298.25,298.25,0,,,252.0,,0,,0,,,,,
2024-10-08,266.0,280.9,262.6,278.7,68958710,213.31,261.6,10.82,54.67,259.75,269.7,298.25,298.25,0,,,259.75,,0,,0,,,,,
2024-10-09,279.0,290.0,275.35,279.95,62967860,214.08,261.6,11.09,55.38,260.37,270.38,298.25,298.25,0,,,260.37,,0,,0,,,,,
2024-10-10,280.5,282.45,274.1,275.35,38904810,214.84,261.6,10.9,52.14,257.54,271.13,298.25,298.25,0,,,257.54,,0,,0,,,,,
2024-10-11,276.4,279.0,275.5,277.55,17126330,215.63,261.6,10.38,53.54,259.3,271.97,298.25,298.25,0,,,259.3,,0,,0,,,,,
2024-10-14,280.9,285.25,278.0,280.05,45217360,216.4,261.6,10.19,55.14,261.04,272.95,298.25,298.25,0,,,261.04,,0,,0,,,,,
2024-10-15,283.0,283.0,276.1,279.55,23988720,217.15,261.6,9.95,54.74,260.87,274.12,298.25,298.25,0,,,260.87,,0,,0,,,,,
2024-10-16,279.0,279.4,273.0,274.25,20872030,217.85,261.6,9.71,50.49,257.62,275.0,298.25,298.25,0,,,257.62,,0,,0,,,,,
2024-10-17,275.0,275.15,268.6,270.55,25228600,218.54,261.6,9.48,47.7,255.38,275.93,298.25,298.25,0,,,255.38,,0,,0,,,,,
2024-10-18,256.9,270.3,255.25,257.45,108015900,219.18,255.25,9.9,39.42,244.54,276.02,298.25,298.25,0,,,244.54,,0,,0,,,,,
2024-10-21,258.0,267.0,254.5,265.7,88316110,219.89,254.5,10.09,45.8,249.49,276.21,298.25,298.25,0,,,249.49,,0,,0,,,,,
2024-10-22,267.0,270.9,252.75,256.35,69963410,220.56,252.75,10.66,40.58,242.49,275.98,298.0,298.25,0,,,242.49,,0,,0,,,,,
2024-10-23,256.35,268.0,242.1,264.05,161602900,221.28,242.1,11.75,46.04,243.18,275.86,291.85,298.0,0,,,243.18,,0,,0,,,,,
2024-10-24,267.2,268.4,252.55,254.3,60352250,221.98,242.1,12.04,40.91,236.69,275.27,290.0,291.85,0,,,236.69,,0,,0,,,,,
2024-10-25,256.0,257.95,246.5,253.8,66829140,222.66,242.1,12.0,40.67,236.4,274.27,290.0,290.0,0,,,236.4,,0,,0,,,,,
2024-10-28,252.0,259.25,247.1,253.95,41028380,223.28,242.1,12.01,40.78,236.49,273.64,290.0,290.0,0,,,236.49,,0,,0,,,,,
2024-10-29,254.95,255.9,248.45,252.25,30238680,223.91,242.1,11.69,39.82,235.61,272.79,290.0,290.0,0,,,235.61,,0,,0,,,,,
2024-10-31,248.0,248.8,240.4,241.75,36737360,224.47,240.4,11.7,34.45,228.26,271.82,290.0,290.0,0,,,228.26,,0,,0,,,,,
2024-11-01,244.4,250.0,244.15,248.99,13009910,225.02,240.4,11.45,40.42,233.1,270.93,290.0,290.0,0,,,233.1,,0,,0,,,,,
2024-11-04,242.93,246.99,240.0,245.08,49186560,225.53,240.0,11.28,38.39,230.56,269.8,290.0,290.0,0,,,230.56,,0,,0,,,,,
2024-11-06,243.3,256.14,243.3,254.94,61727650,226.07,240.0,11.39,45.8,236.84,268.62,290.0,290.0,0,,,236.84,,0,,0,,,,,
2024-11-07,257.0,262.45,254.0,255.22,56967820,226.55,240.0,11.18,45.99,237.17,267.23,290.0,290.0,0,,,237.17,,0,,0,,,,,
2024-11-08,256.2,258.12,245.9,248.73,48676270,227.01,240.0,11.25,42.14,232.93,265.79,285.25,290.0,0,,,232.93,,0,,0,,,,,
2024-11-11,244.75,259.5,244.0,258.62,43972580,227.52,240.0,11.56,49.14,239.11,264.9,285.25,285.25,0,,,239.11,,0,,0,,,,,
2024-11-12,259.95,264.9,255.3,260.99,50975030,228.03,240.0,11.42,50.67,240.73,264.14,285.25,285.25,0,,,240.73,,0,,0,,,,,
2024-11-13,258.08,263.43,254.53,258.4,61475320,228.53,240.0,11.24,48.93,239.18,263.48,283.0,285.25,0,,,239.18,,0,,0,,,,,
2024-11-14,261.5,271.0,260.7,269.66,84971090,229.14,240.0,11.33,56.01,246.38,263.36,279.4,283.0,0,,,246.38,,0,,0,,,,,
2024-11-18,274.3,274.4,269.36,270.79,59799050,229.7,240.0,10.88,56.66,247.4,263.25,275.15,279.4,0,,,247.4,,0,,0,,,,,
2024-11-19,271.94,272.7,267.66,271.36,42992790,230.24,240.0,10.47,57.01,248.05,263.32,274.4,275.15,0,,,248.05,,0,,0,,,,,
2024-11-21,273.7,275.49,262.11,266.81,57742960,230.74,240.0,10.67,53.36,244.98,263.04,275.49,274.4,0,,,244.98,,0,,0,,,,,
2024-11-22,266.8,268.99,262.55,264.2,26626290,231.21,240.0,10.37,51.33,243.49,262.98,275.49,275.49,0,,,243.49,,0,,0,,,,,
2024-11-25,273.25,284.34,271.17,273.31,119525800,231.72,240.0,11.07,57.42,248.91,262.8,284.34,275.49,0,,,248.91,,0,,0,,,,,
2024-11-26,273.8,281.14,272.61,280.11,48373360,232.31,240.0,10.89,61.31,253.41,262.8,284.34,284.34,0,,,253.41,,0,,0,,,,,
2024-11-27,281.0,289.7,278.76,284.72,66635980,232.95,240.0,10.89,63.73,256.38,263.12,289.7,284.34,1,284.72,256.38,256.38,256.38,1,2024-11-27,0,,,10,,
2024-11-28,285.6,288.25,281.43,286.13,49584020,233.61,243.3,10.6,64.46,258.59,263.4,289.7,289.7,0,,,258.59,258.59,1,2024-11-27,0,,,10,,
2024-11-29,285.0,287.49,273.62,279.76,73433190,234.24,244.0,10.83,58.7,254.56,263.39,289.7,289.7,0,,,254.56,258.59,1,2024-11-27,0,,,10,,
2024-12-02,281.9,285.7,280.45,282.5,35170680,234.87,244.0,10.49,60.34,256.56,263.49,289.7,289.7,0,,,256.56,258.59,1,2024-11-27,0,,,10,,
2024-12-03,279.7,282.35,279.0,279.85,30078640,235.44,244.0,9.99,57.94,255.18,263.68,289.7,289.7,0,,,255.18,258.59,1,2024-11-27,0,,,10,,
2024-12-04,283.0,288.0,283.0,286.25,45520590,236.1,254.53,9.85,61.88,262.9,264.2,289.7,289.7,0,,,262.9,262.9,1,2024-11-27,0,,,10,,
2024-12-05,288.25,304.65,286.85,299.35,102148500,236.87,254.53,10.47,68.41,270.95,265.6,304.65,289.7,1,299.35,270.95,270.95,270.95,1,2024-11-27,0,,,10,,
2024-12-06,300.0,303.9,296.25,302.95,49309060,237.66,260.7,10.26,69.94,275.46,266.84,304.65,304.65,0,,,275.46,275.46,1,2024-11-27,0,,,10,,
2024-12-09,304.7,304.7,291.8,295.3,51131890,238.37,262.11,10.45,62.98,270.87,268.14,304.7,304.65,0,,,270.87,275.46,1,2024-11-27,0,,,10,,
2024-12-10,296.75,299.45,295.0,295.85,31333030,239.05,262.11,10.02,63.26,271.51,269.2,304.7,304.7,0,,,271.51,275.46,1,2024-11-27,0,,,10,,
2024-12-11,290.0,294.3,288.6,291.8,39053920,239.71,262.11,9.83,59.65,269.03,270.45,304.7,304.7,0,,,269.03,275.46,1,2024-11-27,0,,,10,,
2024-12-12,291.8,295.0,284.1,284.9,38405300,240.31,262.55,9.9,53.99,264.68,271.48,304.7,304.7,0,,,264.68,275.46,1,2024-11-27,0,,,10,,
2024-12-13,279.0,288.95,278.2,288.25,47302700,240.91,271.17,9.96,56.17,269.67,272.63,304.7,304.7,0,,,269.67,275.46,1,2024-11-27,0,,,10,,
2024-12-16,289.0,295.9,286.55,294.15,31320670,241.57,272.61,9.92,59.77,273.98,274.02,304.7,304.7,0,,,273.98,275.46,1,2024-11-27,0,,,10,,
2024-12-17,295.5,303.45,292.3,296.8,72724920,242.27,273.62,10.01,61.31,275.97,275.86,304.7,304.7,0,,,275.97,275.97,1,2024-11-27,0,,,10,,
2024-12-18,297.7,297.7,290.0,291.9,28348120,242.91,273.62,9.84,56.97,272.92,277.29,304.7,304.7,0,,,272.92,275.97,1,2024-11-27,0,,,10,,
2024-12-19,288.05,290.2,284.7,288.5,31350630,243.54,273.62,9.65,54.11,270.85,278.74,304.7,304.7,0,,,270.85,275.97,1,2024-11-27,0,,,10,,
2024-12-20,290.0,290.5,274.2,282.1,271472900,244.07,274.2,10.13,49.11,266.6,279.64,304.7,304.7,0,,,266.6,275.97,1,2024-11-27,1,275.97,TRAILING_STOP,10,18,-3.07
2024-12-23,273.9,282.9,272.0,273.95,74588000,244.61,272.0,10.18,43.58,260.58,280.27,304.7,304.7,0,,,260.58,,0,,0,,,,,
2024-12-24,274.5,277.0,269.1,274.85,37011990,245.19,269.1,10.02,44.33,260.3,281.14,304.7,304.7,0,,,260.3,,0,,0,,,,,
2024-12-26,276.6,276.8,271.25,273.2,26031760,245.73,269.1,9.7,43.2,259.45,281.62,304.7,304.7,0,,,259.45,,0,,0,,,,,
2024-12-27,274.9,275.9,269.75,271.25,18997840,246.24,269.1,9.45,41.85,258.36,281.97,304.7,304.7,0,,,258.36,,0,,0,,,,,
2024-12-30,271.25,291.6,269.8,282.1,143568500,246.82,269.1,10.33,51.04,264.77,282.76,304.7,304.7,0,,,264.77,,0,,0,,,,,
2024-12-31,278.0,281.6,275.0,278.05,31925770,247.41,269.1,10.1,47.99,262.31,283.03,304.7,304.7,0,,,262.31,,0,,0,,,,,
2025-01-01,279.0,279.1,276.0,276.5,14417580,248.02,269.1,9.6,46.83,261.64,283.23,304.7,304.7,0,,,261.64,,0,,0,,,,,
2025-01-02,277.9,286.0,276.0,284.6,27949420,248.67,269.1,9.63,53.17,266.85,283.67,304.7,304.7,0,,,266.85,,0,,0,,,,,
2025-01-03,285.0,285.0,271.5,272.85,48244930,249.27,269.1,9.9,44.83,259.09,283.87,304.7,304.7,0,,,259.09,,0,,0,,,,,
2025-01-06,274.5,274.8,262.2,264.85,52254610,249.81,262.2,10.1,40.2,251.5,283.89,304.7,304.7,0,,,251.5,,0,,0,,,,,
2025-01-07,256.95,259.2,251.0,252.45,115216900,250.28,251.0,10.36,34.3,239.59,283.19,303.45,304.7,0,,,239.59,,0,,0,,,,,
2025-01-08,251.7,252.75,244.35,250.05,57146620,250.73,244.35,10.22,33.28,235.92,282.19,303.45,303.45,0,,,235.92,,0,,0,,,,,
2025-01-09,251.6,252.55,244.55,245.35,49569410,251.16,244.35,10.07,31.31,232.99,280.88,303.45,303.45,0,,,232.99,,0,,0,,,,,
2025-01-10,244.9,246.4,237.45,242.95,53817880,251.59,237.45,9.99,30.33,229.2,279.44,303.45,303.45,0,,,229.2,,0,,0,,,,,
2025-01-13,240.0,240.4,226.2,227.15,69081900,251.93,226.2,10.47,24.81,214.93,277.69,303.45,303.45,0,,,214.93,,0,,0,,,,,
2025-01-14,233.95,237.6,230.0,233.6,85363260,252.34,226.2,10.47,30.38,219.09,276.06,303.45,303.45,0,,,219.09,,0,,0,,,,,
2025-01-15,235.0,246.0,235.0,243.9,65921340,252.74,226.2,10.61,38.25,225.64,274.86,297.7,303.45,0,,,225.64,,0,,0,,,,,
2025-01-16,250.0,262.0,241.0,241.9,69621310,253.13,226.2,11.35,37.37,223.86,273.38,291.6,297.7,0,,,223.86,,0,,0,,,,,
2025-01-17,244.7,250.8,240.5,248.8,40007800,253.56,226.2,11.27,42.32,228.36,271.7,291.6,291.6,0,,,228.36,,0,,0,,,,,
2025-01-20,251.0,254.35,228.25,239.75,102666300,253.95,226.2,12.33,38.07,221.82,269.59,291.6,291.6,0,,,221.82,,0,,0,,,,,
2025-01-21,223.0,227.0,207.8,214.55,308217700,254.15,207.8,13.73,29.26,198.5,266.9,291.6,291.6,0,,,198.5,,0,,0,,,,,
2025-01-22,207.15,218.2,203.85,216.45,178256100,254.4,203.85,13.78,30.56,198.38,264.25,291.6,291.6,0,,,198.38,,0,,0,,,,,
2025-01-23,219.65,223.45,216.45,221.95,75649870,254.64,203.85,13.29,34.34,202.25,261.92,291.6,291.6,0,,,202.25,,0,,0,,,,,
2025-01-24,221.0,221.0,214.6,215.6,43901540,254.84,203.85,12.87,32.16,198.43,259.61,291.6,291.6,0,,,198.43,,0,,0,,,,,
2025-01-27,213.0,213.0,205.5,206.2,55203990,254.96,203.85,12.67,29.21,192.5,256.88,286.0,291.6,0,,,192.5,,0,,0,,,,,
2025-01-28,206.25,211.75,205.6,208.2,54426150,255.02,203.85,12.21,30.67,194.1,254.01,286.0,286.0,0,,,194.1,,0,,0,,,,,
2025-01-29,211.0,223.75,210.2,222.5,53638580,255.19,203.85,12.44,40.15,203.17,251.54,286.0,286.0,0,,,203.17,,0,,0,,,,,
2025-01-30,223.0,224.8,217.0,218.8,44730680,255.36,203.85,12.11,38.68,201.0,249.1,285.0,286.0,0,,,201.0,,0,,0,,,,,
2025-01-31,219.0,223.0,217.0,220.35,33200040,255.5,203.85,11.68,39.68,202.29,246.83,274.8,285.0,0,,,202.29,,0,,0,,,,,
2025-02-01,220.35,240.4,215.6,236.32,85297840,255.72,203.85,12.61,48.92,211.97,245.3,262.0,274.8,0,,,211.97,,0,,0,,,,,
2025-02-03,233.99,240.19,230.0,238.2,70249170,256.0,203.85,12.44,49.89,213.3,244.11,262.0,262.0,0,,,213.3,,0,,0,,,,,
2025-02-04,242.0,242.0,229.34,234.54,64341160,256.23,203.85,12.46,47.97,210.92,242.77,262.0,262.0,0,,,210.92,,0,,0,,,,,
2025-02-05,234.0,239.39,230.5,231.12,36437500,256.43,203.85,12.2,46.19,208.89,241.36,262.0,262.0,0,,,208.89,,0,,0,,,,,
2025-02-06,233.47,234.65,226.66,229.05,41606910,256.6,203.85,11.9,45.1,207.75,239.96,262.0,262.0,0,,,207.75,,0,,0,,,,,
2025-02-07,230.7,234.7,229.4,233.9,39271450,256.76,203.85,11.45,48.19,211.18,238.35,262.0,262.0,0,,,211.18,,0,,0,,,,,
2025-02-10,233.35,234.89,224.75,227.25,38606970,256.89,203.85,11.36,44.49,206.95,236.66,262.0,262.0,0,,,206.95,,0,,0,,,,,
2025-02-11,227.0,227.24,213.37,215.45,71258330,256.94,205.5,11.54,38.79,199.77,234.62,262.0,262.0,0,,,199.77,,0,,0,,,,,
2025-02-12,213.01,219.35,206.75,214.7,86778150,256.99,205.5,11.62,38.46,199.24,232.29,254.35,262.0,0,,,199.24,,0,,0,,,,,
2025-02-13,218.01,220.44,216.47,217.87,25633800,257.06,205.5,11.2,40.8,201.56,230.46,254.35,254.35,0,,,201.56,,0,,0,,,,,
2025-02-14,218.54,219.72,213.44,215.99,32738150,257.08,205.6,10.84,39.83,200.62,228.83,242.0,254.35,0,,,200.62,,0,,0,,,,,
2025-02-17,213.19,219.13,210.51,218.53,23560410,257.13,206.75,10.69,41.84,202.74,227.7,242.0,242.0,0,,,202.74,,0,,0,,,,,
2025-02-18,220.0,224.6,216.52,223.31,35519890,257.17,206.75,10.5,45.52,205.95,226.81,242.0,242.0,0,,,205.95,,0,,0,,,,,
2025-02-19,220.6,234.6,220.0,234.1,47896910,257.25,206.75,10.79,52.79,212.72,226.43,242.0,242.0,0,,,212.72,,0,,0,,,,,
2025-02-20,231.5,236.65,230.11,233.93,27119310,257.28,206.75,10.49,52.67,212.81,226.13,242.0,242.0,0,,,212.81,,0,,0,,,,,
2025-02-21,233.0,238.73,228.87,230.36,36768250,257.36,206.75,10.44,50.11,210.54,226.24,242.0,242.0,0,,,210.54,,0,,0,,,,,
2025-02-24,219.98,227.8,219.98,222.69,43335470,257.38,206.75,10.44,45.04,205.59,225.88,242.0,242.0,0,,,205.59,,0,,0,,,,,
2025-02-25,224.2,230.18,223.05,225.63,48478360,257.42,206.75,10.23,47.24,207.63,225.27,242.0,242.0,0,,,207.63,,0,,0,,,,,
2025-02-27,226.0,229.74,225.05,229.04,33845020,257.47,206.75,9.83,49.76,210.09,224.84,242.0,242.0,0,,,210.09,,0,,0,,,,,
2025-02-28,226.0,228.46,217.82,222.1,115467100,257.5,206.75,9.93,45.05,205.55,223.95,242.0,242.0,0,,,205.55,,0,,0,,,,,
2025-03-03,222.05,225.58,215.25,222.14,33262920,257.49,206.75,9.96,45.09,205.56,223.36,242.0,242.0,0,,,205.56,,0,,0,,,,,
2025-03-04,220.6,229.66,218.7,227.61,40794120,257.55,206.75,10.03,49.45,209.04,223.8,242.0,242.0,0,,,209.04,,0,,0,,,,,
2025-03-05,229.0,231.75,225.36,227.02,33095220,257.56,206.75,9.77,49.0,208.83,224.15,239.39,242.0,0,,,208.83,,0,,0,,,,,
2025-03-06,231.44,231.44,224.5,225.43,31864110,257.55,210.51,9.57,47.73,209.19,224.26,238.73,239.39,0,,,209.19,,0,,0,,,,,
2025-03-07,223.89,224.65,216.0,216.83,43864780,257.48,210.51,9.56,41.48,203.65,224.31,238.73,238.73,0,,,203.65,,0,,0,,,,,
2025-03-10,217.41,219.09,210.55,211.28,62786820,257.36,210.51,9.49,38.02,200.12,224.47,238.73,238.73,0,,,200.12,,0,,0,,,,,
2025-03-11,205.01,210.42,199.8,208.07,122391000,257.19,199.8,9.63,36.14,194.39,224.47,238.73,238.73,0,,,194.39,,0,,0,,,,,
2025-03-12,209.09,212.5,201.2,205.46,80010760,256.81,199.8,9.75,34.64,192.62,223.9,238.73,238.73,0,,,192.62,,0,,0,,,,,
2025-03-13,208.2,208.6,200.2,201.43,60780850,256.44,199.8,9.65,32.41,190.09,223.32,238.73,238.73,0,,,190.09,,0,,0,,,,,
2025-03-17,200.0,207.2,199.17,203.69,48729400,256.14,199.17,9.54,34.94,191.41,222.77,238.73,238.73,0,,,191.41,,0,,0,,,,,
2025-03-18,204.28,219.1,204.28,218.19,79201900,255.82,199.17,9.96,48.33,200.49,222.16,238.73,238.73,0,,,200.49,,0,,0,,,,,
2025-03-19,218.5,227.5,218.5,223.53,65519150,255.54,199.17,9.91,52.23,203.96,221.67,238.73,238.73,0,,,203.96,,0,,0,,,,,
2025-03-20,226.0,228.0,221.87,224.47,61376770,255.26,199.17,9.64,52.9,204.75,221.34,238.73,238.73,0,,,204.75,,0,,0,,,,,
2025-03-21,220.0,228.85,220.0,227.52,113328500,255.02,199.17,9.58,55.11,206.75,221.22,238.73,238.73,0,,,206.75,,0,,0,,,,,
2025-03-24,228.8,230.2,222.2,222.8,41920670,254.79,199.17,9.47,51.11,203.78,221.01,238.73,238.73,0,,,203.78,,0,,0,,,,,
2025-03-25,223.8,225.1,209.0,209.81,84184990,254.46,199.17,9.94,42.06,195.09,220.21,231.75,238.73,0,,,195.09,,0,,0,,,,,
2025-03-26,202.35,206.9,199.92,203.29,114342100,254.05,199.17,9.94,38.39,190.89,219.41,231.75,231.75,0,,,190.89,,0,,0,,,,,
2025-03-27,204.47,208.75,200.37,206.28,400414700,253.68,199.17,9.83,40.94,192.89,219.1,231.75,231.75,0,,,192.89,,0,,0,,,,,
2025-03-28,204.24,209.9,200.5,201.7,74842760,253.27,199.17,9.8,38.32,189.95,218.67,231.75,231.75,0,,,189.95,,0,,0,,,,,
2025-04-01,201.7,205.0,198.85,202.01,63369460,252.88,198.85,9.54,38.61,190.22,218.14,231.75,231.75,0,,,190.22,,0,,0,,,,,
2025-04-02,203.5,212.6,202.0,212.03,59441440,252.57,198.85,9.61,47.13,196.63,218.01,231.75,231.75,0,,,196.63,,0,,0,,,,,
2025-04-03,208.15,214.0,208.0,210.9,44447470,252.23,198.85,9.36,46.35,196.08,217.76,231.75,231.75,0,,,196.08,,0,,0,,,,,
2025-04-04,211.84,212.58,205.67,210.53,48296670,251.9,198.85,9.18,46.08,195.95,217.33,231.44,231.75,0,,,195.95,,0,,0,,,,,
2025-04-07,196.0,211.0,194.8,209.63,64932920,251.61,194.8,9.68,45.39,193.69,216.51,230.2,231.44,0,,,193.69,,0,,0,,,,,
2025-04-08,213.19,219.19,210.81,215.19,62002510,251.37,194.8,9.67,50.35,197.28,215.89,230.2,230.2,0,,,197.28,,0,,0,,,,,
2025-04-09,216.0,216.0,209.86,211.39,253599310,251.1,194.8,9.42,47.2,195.0,215.26,230.2,230.2,0,,,195.0,,0,,0,,,,,
2025-04-11,216.0,218.31,214.1,217.2,28917540,250.92,194.8,9.24,52.13,198.87,215.07,230.2,230.2,0,,,198.87,,0,,0,,,,,
2025-04-15,224.25,224.25,220.1,222.23,45034490,250.75,194.8,9.09,55.97,202.21,214.96,230.2,230.2,0,,,202.21,,0,,0,,,,,
2025-04-16,220.51,222.64,218.4,222.08,26155870,250.61,194.8,8.74,55.82,202.35,214.73,230.2,230.2,0,,,202.35,,0,,0,,,,,
2025-04-17,220.6,236.14,220.38,231.6,70125930,250.46,194.8,9.24,62.42,208.15,215.04,236.14,230.2,0,,,208.15,,0,,0,,,,,
2025-04-21,229.0,235.3,227.1,234.24,66028530,250.29,194.8,9.17,64.02,209.91,215.45,236.14,236.14,0,,,209.91,,0,,0,,,,,
2025-04-22,236.0,243.45,235.0,237.47,59667380,250.12,194.8,9.17,65.94,211.99,215.78,243.45,236.14,0,,,211.99,,0,,0,,,,,
2025-04-23,237.48,240.25,233.05,239.24,42294680,249.93,194.8,9.03,66.98,213.22,216.18,243.45,243.45,0,,,213.22,,0,,0,,,,,
2025-04-24,237.0,241.37,235.0,236.38,46103360,249.69,194.8,8.84,63.6,211.51,216.55,243.45,243.45,0,,,211.51,,0,,0,,,,,
2025-04-25,235.9,239.0,227.31,228.81,32437650,249.32,194.8,9.04,55.62,206.49,216.95,243.45,243.45,0,,,206.49,,0,,0,,,,,
2025-04-28,226.0,231.99,225.06,227.21,29327020,249.02,194.8,8.89,54.08,205.56,217.48,243.45,243.45,0,,,205.56,,0,,0,,,,,
2025-04-29,228.37,234.24,226.6,231.11,32761970,248.71,194.8,8.8,57.2,208.13,218.25,243.45,243.45,0,,,208.13,,0,,0,,,,,
2025-04-30,232.0,234.75,226.1,232.52,45831740,248.45,194.8,8.79,58.3,209.05,219.15,243.45,243.45,0,,,209.05,,0,,0,,,,,
2025-05-02,220.05,239.5,220.05,234.29,104910300,248.18,209.86,9.55,59.71,214.7,220.24,243.45,243.45,0,,,214.7,,0,,0,,,,,
2025-05-05,234.5,240.97,232.93,239.9,37948110,247.92,209.86,9.44,63.86,218.39,221.45,243.45,243.45,0,,,218.39,,0,,0,,,,,
2025-05-06,240.0,241.5,231.85,232.64,25327710,247.53,214.1,9.46,55.84,215.11,221.93,243.45,243.45,0,,,215.11,,0,,0,,,,,
2025-05-07,228.6,237.67,228.6,236.9,31614850,247.13,218.4,9.43,59.08,219.31,222.38,243.45,243.45,0,,,219.31,,0,,0,,,,,
2025-05-08,235.25,236.45,226.6,229.81,49888440,246.72,218.4,9.49,52.2,214.7,222.56,243.45,243.45,0,,,214.7,,0,,0,,,,,
2025-05-09,222.0,229.0,222.0,227.14,24415320,246.33,220.05,9.37,49.85,213.61,222.54,243.45,243.45,0,,,213.61,,0,,0,,,,,
2025-05-12,232.0,240.0,232.0,239.5,31757000,246.03,220.05,9.62,59.06,221.41,223.1,243.45,243.45,0,,,221.41,,0,,0,,,,,
2025-05-13,238.0,239.47,231.05,231.65,44837480,245.72,220.05,9.54,52.47,216.41,223.83,243.45,243.45,0,,,216.41,,0,,0,,,,,
2025-05-14,232.0,237.44,232.0,236.86,23158210,245.48,220.05,9.27,55.98,219.94,224.95,243.45,243.45,0,,,219.94,,0,,0,,,,,
2025-05-15,236.2,245.3,233.75,242.59,40335990,245.27,220.05,9.43,59.52,223.53,226.16,245.3,243.45,0,,,223.53,,0,,0,,,,,
2025-05-16,242.6,246.94,242.0,245.76,30854380,245.12,220.05,9.11,61.37,225.79,227.63,246.94,245.3,1,245.76,225.79,225.79,225.79,1,2025-05-16,0,,,11,,
2025-05-19,245.84,246.59,237.43,238.03,21817610,244.87,220.05,9.12,54.79,220.8,228.83,246.94,246.94,0,,,220.8,225.79,1,2025-05-16,1,244.87,SMA150_BREAK,11,2,-0.36
2025-05-20,240.0,240.0,227.88,228.28,45891390,244.62,220.05,9.33,47.83,214.37,229.37,246.94,246.94,0,,,214.37,,0,,0,,,,,
2025-05-21,227.0,230.3,224.18,229.97,47166130,244.29,220.05,9.1,49.04,215.61,230.0,246.94,246.94,0,,,215.61,,0,,0,,,,,
2025-05-22,228.97,230.88,227.03,229.02,28795940,243.95,220.05,8.73,48.36,215.25,230.62,246.94,246.94,0,,,215.25,,0,,0,,,,,
2025-05-23,229.12,240.7,228.87,237.55,42180090,243.7,222.0,8.95,54.45,221.25,231.55,246.94,246.94,0,,,221.25,,0,,0,,,,,
2025-05-26,232.8,232.8,225.65,226.8,89147290,243.36,222.0,9.16,46.93,214.18,231.94,246.94,246.94,0,,,214.18,,0,,0,,,,,
2025-05-27,226.4,227.47,221.1,224.79,224659100,242.99,221.1,8.96,45.66,212.72,232.39,246.94,246.94,0,,,212.72,,0,,0,,,,,
2025-05-28,225.9,225.9,223.2,224.18,43525020,242.62,221.1,8.51,45.26,212.62,232.62,246.94,246.94,0,,,212.62,,0,,0,,,,,
2025-05-29,224.5,229.35,224.03,228.37,54574820,242.32,221.1,8.28,48.6,215.48,232.82,246.94,246.94,0,,,215.48,,0,,0,,,,,
2025-05-30,226.56,243.0,226.56,238.31,467574000,242.1,221.1,8.87,55.51,221.5,233.36,246.94,246.94,0,,,221.5,,0,,0,,,,,
2025-06-02,237.31,243.0,236.11,241.2,55690200,241.99,221.1,8.73,57.31,223.46,233.68,246.94,246.94,0,,,223.46,,0,,0,,,,,
2025-06-03,245.0,245.83,236.75,237.7,91875210,241.81,221.1,8.75,54.44,221.18,233.8,246.94,246.94,0,,,221.18,,0,,0,,,,,
2025-06-04,237.1,248.0,237.1,245.68,70626620,241.74,221.1,8.9,59.43,226.23,234.07,248.0,246.94,0,,,226.23,,0,,0,,,,,
2025-06-05,248.0,260.22,247.99,256.56,127795200,241.69,221.1,9.31,65.05,232.98,234.65,260.22,248.0,1,256.56,232.98,232.98,232.98,1,2025-06-05,0,,,12,,
2025-06-06,256.56,264.0,256.01,261.86,66234450,241.74,221.1,9.21,67.42,236.46,235.5,264.0,260.22,0,,,236.46,236.46,1,2025-06-05,0,,,12,,
2025-06-09,261.9,262.98,255.35,256.84,33660850,241.76,221.1,9.1,63.06,233.3,236.43,264.0,264.0,0,,,233.3,236.46,1,2025-06-05,0,,,12,,
2025-06-10,256.8,256.8,252.35,255.68,36662940,241.77,221.1,8.77,62.06,232.77,237.38,264.0,264.0,0,,,232.77,236.46,1,2025-06-05,0,,,12,,
2025-06-11,255.68,260.19,255.3,257.07,40554760,241.8,221.1,8.49,62.82,233.85,238.25,264.0,264.0,0,,,233.85,236.46,1,2025-06-05,0,,,12,,
2025-06-12,257.07,257.1,250.35,251.56,24298790,241.87,221.1,8.37,57.88,230.38,238.88,264.0,264.0,0,,,230.38,236.46,1,2025-06-05,0,,,12,,
2025-06-13,243.26,250.24,243.26,249.08,30512910,241.87,221.1,8.36,55.75,228.78,239.38,264.0,264.0,0,,,228.78,236.46,1,2025-06-05,0,,,12,,
2025-06-16,249.0,253.52,248.71,252.15,26481950,241.91,221.1,8.11,57.82,230.93,239.78,264.0,264.0,0,,,230.93,236.46,1,2025-06-05,0,,,12,,
2025-06-17,251.3,252.0,246.85,247.25,20651960,241.86,223.2,7.91,53.52,228.6,240.27,264.0,264.0,0,,,228.6,236.46,1,2025-06-05,0,,,12,,
2025-06-18,247.3,250.21,247.16,248.41,17297190,241.82,224.03,7.56,54.38,229.86,240.66,264.0,264.0,0,,,229.86,236.46,1,2025-06-05,0,,,12,,
2025-06-19,247.99,254.8,247.21,249.42,32347920,241.82,226.56,7.56,55.16,231.35,241.31,264.0,264.0,0,,,231.35,236.46,1,2025-06-05,0,,,12,,
2025-06-20,249.01,254.15,249.01,253.33,50201710,241.79,236.11,7.39,58.15,237.17,242.18,264.0,264.0,0,,,237.17,237.17,1,2025-06-05,0,,,12,,
2025-06-23,250.15,255.8,250.05,254.64,21523140,241.74,236.75,7.27,59.14,238.31,242.69,264.0,264.0,0,,,238.31,238.31,1,2025-06-05,0,,,12,,
2025-06-24,257.0,260.0,254.22,255.07,35638620,241.72,237.1,7.17,59.47,238.78,243.47,264.0,264.0,0,,,238.78,238.78,1,2025-06-05,0,,,12,,
2025-06-25,256.11,259.42,255.1,258.86,26412590,241.65,243.26,6.97,62.41,243.41,244.2,264.0,264.0,0,,,243.41,243.41,1,2025-06-05,0,,,12,,
2025-06-26,259.42,266.25,258.95,265.18,47100080,241.61,243.26,7.0,66.75,247.46,244.95,266.25,264.0,1,265.18,247.46,247.46,247.46,1,2025-06-05,0,,,12,,
2025-06-27,266.49,266.49,261.0,261.86,61545450,241.55,243.26,6.89,62.66,245.39,245.49,266.49,266.25,0,,,245.39,247.46,1,2025-06-05,0,,,12,,
2025-06-30,262.0,265.19,262.0,264.15,21588940,241.53,243.26,6.63,64.28,247.04,246.36,266.49,266.49,0,,,247.04,247.46,1,2025-06-05,0,,,12,,
2025-07-01,264.75,264.85,259.6,261.0,17220730,241.51,243.26,6.54,60.39,245.07,247.45,266.49,266.49,0,,,245.07,247.46,1,2025-06-05,0,,,12,,
2025-07-02,260.5,261.85,257.6,259.75,14940240,241.42,243.26,6.37,58.87,244.38,248.44,266.49,266.49,0,,,244.38,247.46,1,2025-06-05,0,,,12,,
2025-07-03,260.1,264.3,260.0,260.85,19402940,241.29,243.26,6.24,59.83,245.17,249.5,266.49,266.49,0,,,245.17,247.46,1,2025-06-05,0,,,12,,
2025-07-04,262.1,263.7,259.65,261.4,13076740,241.14,246.85,6.09,60.33,246.83,250.3,266.49,266.49,0,,,246.83,247.46,1,2025-06-05,0,,,12,,
2025-07-07,261.4,261.55,256.2,258.55,25446180,240.95,246.85,6.03,56.42,245.03,251.36,266.49,266.49,0,,,245.03,247.46,1,2025-06-05,0,,,12,,
2025-07-08,259.65,264.2,259.5,263.5,18312890,240.84,247.16,6.01,61.13,248.34,252.65,266.49,266.49,0,,,248.34,248.34,1,2025-06-05,0,,,12,,
2025-07-09,263.65,265.45,261.8,264.55,18477580,240.72,247.21,5.84,62.07,249.15,253.99,266.49,266.49,0,,,249.15,249.15,1,2025-06-05,0,,,12,,
2025-07-10,265.1,267.25,262.25,262.85,17136740,240.61,249.01,5.78,59.57,248.69,255.14,267.25,266.49,0,,,248.69,249.15,1,2025-06-05,0,,,12,,
2025-07-11,260.0,264.95,260.0,263.35,16528100,240.46,250.05,5.72,60.07,249.4,255.98,267.25,267.25,0,,,249.4,249.4,1,2025-06-05,0,,,12,,
2025-07-14,264.95,277.75,262.3,270.6,50184660,240.27,254.22,6.41,66.64,255.0,256.96,277.75,267.25,1,270.6,255.0,255.0,255.0,1,2025-06-05,0,,,12,,
2025-07-15,271.9,272.4,265.15,266.45,35090520,240.02,255.1,6.47,60.51,252.58,257.92,277.75,277.75,0,,,252.58,255.0,1,2025-06-05,0,,,12,,
2025-07-16,263.15,266.95,261.25,262.35,17828900,239.8,256.2,6.42,55.11,250.34,258.47,277.75,277.75,0,,,250.34,255.0,1,2025-06-05,0,,,12,,
2025-07-17,263.0,263.7,258.6,259.65,17544850,239.56,256.2,6.32,51.83,248.66,258.58,277.75,277.75,0,,,248.66,255.0,1,2025-06-05,0,,,12,,
2025-07-18,259.95,260.2,256.75,257.2,13584890,239.33,256.2,6.12,48.98,247.21,258.42,277.75,277.75,0,,,247.21,255.0,1,2025-06-05,0,,,12,,
2025-07-21,257.0,277.0,256.65,271.7,67508530,239.24,256.2,7.14,62.22,255.89,258.92,277.75,277.75,0,,,255.89,255.89,1,2025-06-05,0,,,12,,
2025-07-22,293.0,311.25,289.65,299.8,269332700,239.32,256.2,9.45,75.49,272.47,260.39,311.25,277.75,1,299.8,272.47,272.47,272.47,1,2025-06-05,0,,,12,,
2025-07-23,298.0,303.55,296.3,302.05,68915200,239.37,256.2,9.29,76.21,274.03,261.89,311.25,311.25,0,,,274.03,274.03,1,2025-06-05,0,,,12,,
2025-07-24,302.25,314.45,302.0,313.15,120603700,239.48,256.2,9.52,79.42,281.04,263.94,314.45,311.25,1,313.15,281.04,281.04,281.04,1,2025-06-05,0,,,12,,
2025-07-25,309.95,314.15,306.3,310.55,50941170,239.61,256.2,9.4,76.8,279.44,265.99,314.45,314.45,0,,,279.44,281.04,1,2025-06-05,0,,,12,,
2025-07-28,310.0,312.25,306.6,307.3,24882870,239.73,256.65,9.13,73.54,277.67,267.83,314.45,314.45,0,,,277.67,281.04,1,2025-06-05,0,,,12,,
2025-07-29,305.0,307.2,300.0,306.55,23521230,239.89,256.65,9.0,72.77,277.27,269.8,314.45,314.45,0,,,277.27,281.04,1,2025-06-05,0,,,12,,
2025-07-30,306.55,308.15,301.8,303.45,21677380,240.09,256.65,8.81,69.54,275.4,271.64,314.45,314.45,0,,,275.4,281.04,1,2025-06-05,0,,,12,,
2025-07-31,300.0,311.15,299.3,307.8,32474670,240.31,256.65,9.03,71.46,278.06,273.58,314.45,314.45,0,,,278.06,281.04,1,2025-06-05,0,,,12,,
2025-08-01,309.8,310.45,303.95,304.75,16415900,240.52,256.65,8.85,68.22,276.22,275.3,314.45,314.45,0,,,276.22,281.04,1,2025-06-05,0,,,12,,
2025-08-04,303.0,307.0,300.45,305.25,21862120,240.75,256.65,8.68,68.47,276.65,276.98,314.45,314.45,0,,,276.65,281.04,1,2025-06-05,0,,,12,,
2025-08-05,306.9,307.6,301.7,302.15,14820250,240.88,256.65,8.49,65.02,274.78,278.55,314.45,314.45,0,,,274.78,281.04,1,2025-06-05,0,,,12,,
2025-08-06,302.0,302.5,295.45,298.85,22012280,241.02,256.65,8.38,61.47,272.72,279.89,314.45,314.45,0,,,272.72,281.04,1,2025-06-05,0,,,12,,
2025-08-07,291.55,303.2,288.4,301.75,391548800,241.19,256.65,8.84,63.36,274.28,281.11,314.45,314.45,0,,,274.28,281.04,1,2025-06-05,0,,,12,,
2025-08-08,300.35,302.4,298.1,300.9,28458170,241.3,256.65,8.52,62.4,273.95,282.41,314.45,314.45,0,,,273.95,281.04,1,2025-06-05,0,,,12,,
2025-08-11,300.9,310.4,299.5,309.4,44948310,241.54,288.4,8.69,67.71,289.91,283.92,314.45,314.45,0,,,289.91,289.91,1,2025-06-05,0,,,12,,
2025-08-12,309.4,310.0,304.55,305.9,20834370,241.81,288.4,8.46,63.72,287.8,285.41,314.45,314.45,0,,,287.8,289.91,1,2025-06-05,0,,,12,,
2025-08-13,305.9,314.0,305.55,312.35,28119110,242.21,288.4,8.46,67.52,291.96,287.17,314.45,314.45,0,,,291.96,291.96,1,2025-06-05,0,,,12,,
2025-08-14,313.0,319.8,310.65,318.4,45892250,242.67,288.4,8.5,70.62,295.83,289.08,319.8,314.45,1,318.4,295.83,295.83,295.83,1,2025-06-05,0,,,12,,
2025-08-18,318.4,323.7,313.65,314.9,42357080,243.13,288.4,8.62,66.65,293.5,290.87,323.7,319.8,0,,,293.5,295.83,1,2025-06-05,0,,,12,,
2025-08-19,316.5,321.9,311.7,321.45,36592940,243.66,288.4,8.73,70.05,297.65,292.96,323.7,323.7,0,,,297.65,297.65,1,2025-06-05,0,,,12,,
2025-08-20,322.4,331.35,320.35,326.55,55734710,244.32,288.4,8.89,72.4,300.83,295.06,331.35,323.7,1,326.55,300.83,300.83,300.83,1,2025-06-05,0,,,12,,
2025-08-21,324.6,325.9,321.0,321.8,22056600,244.91,288.4,8.65,67.11,297.93,296.97,331.35,331.35,0,,,297.93,300.83,1,2025-06-05,0,,,12,,
2025-08-22,321.8,324.0,318.25,319.1,22869850,245.41,288.4,8.44,64.23,296.32,298.85,331.35,331.35,0,,,296.32,300.83,1,2025-06-05,0,,,12,,
2025-08-25,320.0,323.8,316.55,319.25,20880240,245.92,288.4,8.36,64.32,296.48,300.71,331.35,331.35,0,,,296.48,300.83,1,2025-06-05,0,,,12,,
2025-08-26,317.3,321.5,315.05,317.9,438503000,246.38,288.4,8.22,62.77,295.7,302.29,331.35,331.35,0,,,295.7,300.83,1,2025-06-05,0,,,12,,
2025-08-28,321.2,323.1,313.25,315.5,44020760,246.89,288.4,8.34,59.99,294.07,303.92,331.35,331.35,0,,,294.07,300.83,1,2025-06-05,0,,,12,,
2025-08-29,315.55,316.75,307.75,313.95,62441100,247.55,288.4,8.39,58.2,293.04,305.64,331.35,331.35,0,,,293.04,300.83,1,2025-06-05,0,,,12,,
2025-09-01,313.95,322.5,313.95,321.1,47888390,248.25,298.1,8.4,63.6,300.88,307.69,331.35,331.35,0,,,300.88,300.88,1,2025-06-05,0,,,12,,
2025-09-02,322.85,327.4,320.45,322.4,48878430,248.92,299.5,8.29,64.5,302.25,309.86,331.35,331.35,0,,,302.25,302.25,1,2025-06-05,0,,,12,,
2025-09-03,325.1,328.75,322.0,326.1,46674030,249.66,304.55,8.18,66.99,306.39,311.68,331.35,331.35,0,,,306.39,306.39,1,2025-06-05,0,,,12,,
2025-09-04,328.0,329.0,322.8,326.25,43285620,250.46,305.55,8.04,67.09,306.92,312.56,331.35,331.35,0,,,306.92,306.92,1,2025-06-05,0,,,12,,
2025-09-05,327.55,334.4,326.3,329.15,31645030,251.26,307.75,8.05,69.06,309.52,313.46,334.4,331.35,0,,,309.52,309.52,1,2025-06-05,0,,,12,,
2025-09-08,331.0,332.2,328.2,329.65,17188060,251.98,307.75,7.76,69.4,310.03,314.01,334.4,334.4,0,,,310.03,310.03,1,2025-06-05,0,,,12,,
2025-09-09,329.0,329.65,323.75,325.7,19658620,252.69,307.75,7.63,63.47,307.57,314.52,334.4,334.4,0,,,307.57,310.03,1,2025-06-05,0,,,12,,
2025-09-10,328.95,328.95,322.8,324.4,18981930,253.38,307.75,7.52,61.6,306.81,315.09,334.4,334.4,0,,,306.81,310.03,1,2025-06-05,0,,,12,,
2025-09-11,325.0,331.35,324.7,328.1,22336990,254.0,307.75,7.48,64.78,309.22,315.81,334.4,334.4,0,,,309.22,310.03,1,2025-06-05,0,,,12,,
2025-09-12,327.1,327.9,320.7,321.4,19923940,254.55,307.75,7.48,55.78,304.9,316.4,334.4,334.4,0,,,304.9,310.03,1,2025-06-05,0,,,12,,
2025-09-15,322.95,325.6,321.5,323.3,16287170,255.14,307.75,7.24,57.58,306.28,316.92,334.4,334.4,0,,,306.28,310.03,1,2025-06-05,0,,,12,,
2025-09-16,323.0,327.8,322.0,327.3,19198530,255.78,307.75,7.14,61.16,308.93,317.67,334.4,334.4,0,,,308.93,310.03,1,2025-06-05,0,,,12,,
2025-09-17,327.3,330.0,325.3,328.25,14901350,256.44,307.75,6.96,61.98,309.66,318.44,334.4,334.4,0,,,309.66,310.03,1,2025-06-05,0,,,12,,
2025-09-18,328.8,338.5,328.3,337.85,36575250,257.14,307.75,7.2,69.1,315.7,319.63,338.5,334.4,1,337.85,315.7,315.7,315.7,1,2025-06-05,0,,,12,,
2025-09-19,337.0,340.0,334.55,336.55,29146780,257.87,313.95,7.07,67.26,317.01,320.89,340.0,338.5,0,,,317.01,317.01,1,2025-06-05,0,,,12,,
2025-09-22,340.0,343.9,336.7,341.85,28626240,258.71,320.45,7.09,70.68,322.58,322.22,343.9,340.0,1,341.85,322.58,322.58,322.58,1,2025-06-05,0,,,12,,
2025-09-23,340.95,341.3,336.7,338.35,15144820,259.53,320.7,6.96,65.79,320.5,323.47,343.9,343.9,0,,,320.5,322.58,1,2025-06-05,0,,,12,,
2025-09-24,336.2,338.0,335.35,335.8,12073290,260.32,320.7,6.67,62.41,319.04,324.35,343.9,343.9,0,,,319.04,322.58,1,2025-06-05,0,,,12,,
2025-09-25,334.0,335.8,331.2,332.25,16653310,261.09,320.7,6.52,57.94,316.85,325.23,343.9,343.9,0,,,316.85,322.58,1,2025-06-05,0,,,12,,
2025-09-26,331.0,332.9,320.0,321.0,26840530,261.78,320.0,6.98,46.56,309.06,325.52,343.9,343.9,0,,,309.06,322.58,1,2025-06-05,1,322.58,TRAILING_STOP,12,80,25.73
2025-09-29,326.95,328.8,324.25,324.85,21653800,262.45,320.0,7.04,50.16,311.5,325.73,343.9,343.9,0,,,311.5,,0,,0,,,,,
2025-09-30,325.1,328.05,323.5,325.5,18841390,263.06,320.0,6.86,50.77,312.04,326.09,343.9,343.9,0,,,312.04,,0,,0,,,,,
2025-10-01,323.1,330.25,320.8,329.0,18366560,263.7,320.0,7.05,54.0,314.17,326.34,343.9,343.9,0,,,314.17,,0,,0,,,,,
2025-10-03,326.2,334.8,324.0,328.45,25648590,264.35,320.0,7.31,53.41,313.64,326.4,343.9,343.9,0,,,313.64,,0,,0,,,,,
2025-10-06,326.5,336.3,326.5,335.1,13705090,265.1,320.0,7.49,59.24,317.81,326.85,343.9,343.9,0,,,317.81,,0,,0,,,,,
2025-10-07,335.5,341.6,333.2,337.85,19836340,265.85,320.0,7.56,61.4,319.54,327.47,343.9,343.9,0,,,319.54,,0,,0,,,,,
2025-10-08,337.65,342.9,336.05,341.65,16799910,266.6,320.0,7.51,64.21,322.03,328.22,343.9,343.9,0,,,322.03,,0,,0,,,,,
2025-10-09,345.0,347.5,342.9,345.5,23497990,267.42,320.0,7.39,66.85,324.59,329.14,347.5,343.9,1,345.5,324.59,324.59,324.59,1,2025-10-09,0,,,13,,
2025-10-10,342.55,349.9,341.6,348.3,15972100,268.26,320.0,7.45,68.66,326.35,330.23,349.9,347.5,0,,,326.35,326.35,1,2025-10-09,0,,,13,,
2025-10-13,347.5,351.3,345.4,348.35,14458590,269.07,320.0,7.34,68.69,326.46,331.38,351.3,349.9,0,,,326.46,326.46,1,2025-10-09,0,,,13,,
2025-10-14,352.0,352.0,343.0,347.75,25161480,269.87,320.0,7.46,67.77,325.99,332.27,352.0,351.3,0,,,325.99,326.46,1,2025-10-09,0,,,13,,
2025-10-15,347.75,355.9,347.35,354.35,30840490,270.73,320.0,7.54,72.17,330.2,333.33,355.9,352.0,1,354.35,330.2,330.2,330.2,1,2025-10-09,0,,,13,,
2025-10-16,356.0,368.45,338.0,347.85,91194450,271.61,320.0,9.17,63.04,324.91,334.06,368.45,355.9,0,,,324.91,330.2,1,2025-10-09,0,,,13,,
2025-10-17,340.0,347.75,333.75,342.65,77995570,272.48,320.0,9.53,56.84,321.32,334.6,368.45,368.45,0,,,321.32,330.2,1,2025-10-09,0,,,13,,
2025-10-20,345.0,346.5,336.25,338.15,25481970,273.35,320.8,9.58,52.07,318.65,334.9,368.45,368.45,0,,,318.65,330.2,1,2025-10-09,0,,,13,,
2025-10-21,340.1,340.8,337.2,338.1,3818958,274.23,320.8,9.15,52.02,318.91,335.18,368.45,368.45,0,,,318.91,330.2,1,2025-10-09,0,,,13,,
2025-10-23,343.0,343.0,327.0,328.35,54284150,275.08,320.8,9.64,42.96,312.29,335.27,368.45,368.45,0,,,312.29,330.2,1,2025-10-09,1,330.2,TRAILING_STOP,13,10,-4.43
2025-10-24,328.0,329.85,324.35,326.6,35567990,275.9,324.0,9.34,41.56,312.43,335.34,368.45,368.45,0,,,312.43,,0,,0,,,,,
2025-10-27,326.2,334.9,324.6,333.7,27703110,276.67,324.35,9.41,48.84,317.08,335.53,368.45,368.45,0,,,317.08,,0,,0,,,,,
2025-10-28,332.75,336.2,332.15,334.6,28723420,277.41,324.35,9.03,49.69,317.91,335.97,368.45,368.45,0,,,317.91,,0,,0,,,,,
2025-10-29,333.55,335.5,328.75,330.45,19679000,278.12,324.35,8.87,45.89,315.35,336.21,368.45,368.45,0,,,315.35,,0,,0,,,,,
2025-10-30,328.0,332.25,325.5,329.35,19800310,278.79,324.35,8.72,44.9,314.74,336.28,368.45,368.45,0,,,314.74,,0,,0,,,,,
2025-10-31,329.95,330.3,316.65,317.75,34241750,279.43,316.65,9.07,36.12,304.45,335.93,368.45,368.45,0,,,304.45,,0,,0,,,,,
2025-11-03,316.45,323.6,313.25,322.6,33549130,280.18,313.25,9.16,41.29,306.39,335.42,368.45,368.45,0,,,306.39,,0,,0,,,,,
2025-11-04,321.05,321.95,312.3,313.5,35402200,280.91,312.3,9.24,35.49,300.15,334.65,368.45,368.45,0,,,300.15,,0,,0,,,,,
2025-11-06,308.5,311.65,303.55,305.65,44725330,281.58,303.55,9.29,31.39,292.13,333.44,368.45,368.45,0,,,292.13,,0,,0,,,,,
2025-11-07,305.95,309.1,301.45,306.1,26911850,282.27,301.45,9.17,31.88,291.8,332.37,368.45,368.45,0,,,291.8,,0,,0,,,,,
2025-11-10,304.25,308.55,300.8,301.45,33919170,282.94,300.8,9.07,29.55,288.65,331.23,368.45,368.45,0,,,288.65,,0,,0,,,,,
2025-11-11,302.95,307.75,300.15,305.8,35824470,283.56,300.15,8.97,34.38,291.31,330.34,368.45,368.45,0,,,291.31,,0,,0,,,,,
2025-11-12,308.0,312.95,307.35,308.8,43774440,284.21,300.15,8.84,37.55,293.33,329.94,368.45,368.45,0,,,293.33,,0,,0,,,,,
2025-11-13,308.65,309.35,296.6,297.75,63585980,284.8,296.6,9.12,31.5,284.84,329.03,368.45,368.45,0,,,284.84,,0,,0,,,,,
2025-11-14,295.0,305.25,294.75,303.75,37378730,285.42,294.75,9.22,37.4,288.02,328.31,368.45,368.45,0,,,288.02,,0,,0,,,,,
2025-11-17,303.1,309.85,300.55,309.55,26632680,286.05,294.75,9.22,42.55,291.76,327.66,347.75,368.45,0,,,291.76,,0,,0,,,,,
2025-11-18,312.0,313.0,304.5,306.15,24986340,286.68,294.75,9.17,40.45,289.6,326.92,346.5,347.75,0,,,289.6,,0,,0,,,,,
2025-11-19,305.0,308.1,302.6,306.6,15532630,287.28,294.75,8.91,40.87,290.07,325.97,343.0,346.5,0,,,290.07,,0,,0,,,,,
2025-11-20,308.5,308.65,304.6,306.9,13522450,287.84,294.75,8.56,41.16,290.49,324.94,343.0,343.0,0,,,290.49,,0,,0,,,,,
2025-11-21,304.95,305.95,301.0,301.95,13729180,288.38,294.75,8.37,37.81,287.43,323.61,336.2,343.0,0,,,287.43,,0,,0,,,,,
2025-11-24,296.5,304.25,295.6,301.0,42517970,288.84,294.75,8.39,37.18,286.8,322.13,336.2,336.2,0,,,286.8,,0,,0,,,,,
2025-11-25,303.0,305.95,300.5,302.3,19304120,289.29,294.75,8.18,38.68,287.78,320.6,336.2,336.2,0,,,287.78,,0,,0,,,,,
2025-11-26,300.3,307.15,300.3,306.85,14488700,289.76,294.75,8.09,43.73,290.78,319.21,335.5,336.2,0,,,290.78,,0,,0,,,,,
2025-11-27,308.0,308.7,300.55,302.75,22604910,290.18,294.75,8.09,40.49,288.13,317.71,332.25,335.5,0,,,288.13,,0,,0,,,,,
2025-11-28,303.0,304.8,299.65,300.1,17678700,290.6,294.75,7.88,38.51,286.56,315.9,330.3,332.25,0,,,286.56,,0,,0,,,,,
2025-12-01,302.3,305.45,300.25,301.5,17929620,291.09,294.75,7.7,40.18,287.58,314.36,323.6,330.3,0,,,287.58,,0,,0,,,,,
2025-12-02,300.6,301.8,297.0,300.55,23517460,291.58,294.75,7.49,39.4,287.11,312.96,321.95,323.6,0,,,287.11,,0,,0,,,,,
2025-12-03,300.6,302.95,296.0,297.75,18546980,292.02,294.75,7.45,37.11,285.33,311.61,313.0,321.95,0,,,285.33,,0,,0,,,,,
2025-12-04,297.6,298.75,292.55,295.75,31947990,292.44,292.55,7.36,35.52,283.37,310.2,313.0,313.0,0,,,283.37,,0,,0,,,,,
2025-12-05,295.0,299.7,291.15,292.4,17762370,292.83,291.15,7.45,32.97,280.68,309.0,313.0,313.0,0,,,280.68,,0,,0,,,,,
2025-12-08,290.9,297.4,284.15,285.25,85127960,293.13,284.15,7.86,28.31,273.46,307.62,313.0,313.0,0,,,273.46,,0,,0,,,,,
2025-12-09,284.55,292.3,280.3,291.7,27053860,293.53,280.3,8.16,36.97,276.14,306.22,313.0,313.0,0,,,276.14,,0,,0,,,,,
2025-12-10,289.0,293.0,282.0,283.25,20644410,293.84,280.3,8.36,31.59,270.56,304.51,313.0,313.0,0,,,270.56,,0,,0,,,,,
2025-12-11,284.0,291.9,283.05,290.95,21043740,294.24,280.3,8.4,40.14,275.5,303.19,313.0,313.0,0,,,275.5,,0,,0,,,,,
2025-12-12,290.1,299.0,288.6,298.05,27289530,294.72,280.3,8.54,46.75,279.98,302.15,313.0,313.0,0,,,279.98,,0,,0,,,,,
2025-12-15,295.0,299.55,295.0,298.45,14755890,295.11,280.3,8.25,47.11,280.43,301.5,313.0,313.0,0,,,280.43,,0,,0,,,,,
2025-12-16,298.2,298.2,282.65,284.45,58633740,295.46,280.3,8.79,37.66,271.04,300.23,308.7,313.0,0,,,271.04,,0,,0,,,,,
2025-12-17,286.25,290.5,283.55,284.45,27154430,295.78,280.3,8.66,37.66,271.13,299.27,308.7,308.7,0,,,271.13,,0,,0,,,,,
2025-12-18,284.05,285.5,281.7,284.75,14159700,296.06,280.3,8.31,37.97,271.55,298.57,308.7,308.7,0,,,271.55,,0,,0,,,,,
2025-12-19,286.9,288.35,285.25,286.05,17783840,296.33,280.3,7.98,39.37,272.62,297.9,308.7,308.7,0,,,272.62,,0,,0,,,,,
2025-12-22,286.0,287.9,285.2,286.7,14987450,296.65,280.3,7.6,40.1,273.29,297.41,308.7,308.7,0,,,273.29,,0,,0,,,,,
2025-12-23,287.05,288.0,284.0,284.35,12762620,297.03,280.3,7.34,38.31,271.94,296.69,308.7,308.7,0,,,271.94,,0,,0,,,,,
2025-12-24,283.5,286.0,283.1,284.85,12973810,297.39,280.3,7.03,38.93,272.48,295.9,308.7,308.7,0,,,272.48,,0,,0,,,,,
2025-12-26,281.8,284.65,279.7,281.75,15744490,297.74,279.7,6.89,36.46,270.37,295.36,305.45,308.7,0,,,270.37,,0,,0,,,,,
2025-12-29,281.5,286.05,281.5,282.85,13175250,298.05,279.7,6.72,37.96,271.19,294.67,305.45,305.45,0,,,271.19,,0,,0,,,,,
2025-12-30,282.5,282.5,275.35,277.1,37816380,298.38,275.35,6.78,33.5,265.99,293.58,302.95,305.45,0,,,265.99,,0,,0,,,,,
2025-12-31,276.0,280.35,275.5,278.05,21964080,298.74,275.35,6.64,34.86,266.7,292.65,302.95,302.95,0,,,266.7,,0,,0,,,,,
2026-01-01,278.6,285.0,278.55,283.8,13427850,299.13,275.35,6.66,42.54,270.39,291.89,299.7,302.95,0,,,270.39,,0,,0,,,,,
2026-01-02,283.8,287.75,283.25,284.15,13624790,299.51,275.35,6.51,42.98,270.72,291.13,299.7,299.7,0,,,270.72,,0,,0,,,,,
2026-01-05,280.5,284.0,279.6,281.8,19328130,299.8,275.35,6.37,40.72,269.3,290.46,299.55,299.7,0,,,269.3,,0,,0,,,,,
2026-01-06,281.8,283.55,276.25,279.05,29577750,300.05,275.35,6.44,38.19,267.48,289.73,299.55,299.55,0,,,267.48,,0,,0,,,,,
2026-01-07,277.0,286.3,276.55,280.95,38184310,300.34,275.35,6.67,40.92,268.55,289.01,299.55,299.55,0,,,268.55,,0,,0,,,,,
2026-01-08,280.55,287.4,279.0,283.55,38191590,300.59,275.35,6.8,44.53,270.14,288.24,299.55,299.55,0,,,270.14,,0,,0,,,,,
2026-01-09,283.4,292.9,281.65,284.35,55851760,300.77,275.35,7.11,45.63,270.45,287.62,299.55,299.55,0,,,270.45,,0,,0,,,,,
2026-01-12,284.35,286.25,276.8,285.25,28605320,300.93,275.35,7.28,46.91,270.92,287.13,299.55,299.55,0,,,270.92,,0,,0,,,,,
2026-01-13,289.5,297.3,289.15,294.55,50350170,301.18,275.35,7.62,57.91,276.69,286.9,298.2,299.55,0,,,276.69,,0,,0,,,,,
2026-01-14,292.5,299.9,291.0,299.25,48489260,301.47,275.35,7.71,62.17,279.66,286.85,299.9,298.2,0,,,279.66,,0,,0,,,,,
2026-01-16,294.05,296.8,286.8,287.7,62836260,301.68,275.35,8.05,49.03,271.98,286.52,299.9,299.9,0,,,271.98,,0,,0,,,,,
2026-01-19,288.5,290.0,276.65,281.35,83664840,301.87,275.35,8.43,43.57,267.63,286.04,299.9,299.9,0,,,267.63,,0,,0,,,,,
2026-01-20,282.0,282.4,267.85,269.6,83681190,302.01,267.85,8.87,35.66,257.26,285.28,299.9,299.9,0,,,257.26,,0,,0,,,,,
2026-01-21,269.25,287.2,268.8,283.5,71728250,302.22,267.85,9.55,47.75,265.78,285.22,299.9,299.9,0,,,265.78,,0,,0,,,,,
2026-01-22,300.0,305.0,275.05,275.9,154979800,302.41,267.85,11.01,42.99,259.9,284.69,305.0,299.9,0,,,259.9,,0,,0,,,,,
2026-01-23,276.95,277.0,257.7,258.7,85765420,302.48,257.7,11.6,34.6,245.03,283.88,305.0,305.0,0,,,245.03,,0,,0,,,,,
2026-01-27,258.05,261.15,250.5,253.85,106172000,302.51,250.5,11.53,32.66,239.55,282.64,305.0,305.0,0,,,239.55,,0,,0,,,,,
2026-01-28,256.0,267.2,252.8,266.3,82531460,302.6,250.5,11.74,41.68,247.44,281.58,305.0,305.0,0,,,247.44,,0,,0,,,,,
2026-01-29,266.2,277.1,263.05,275.35,74338760,302.73,250.5,11.9,47.22,253.17,280.81,305.0,305.0,0,,,253.17,,0,,0,,,,,
2026-01-30,272.65,275.85,267.65,273.6,43752140,302.86,250.5,11.64,46.31,252.21,280.45,305.0,305.0,0,,,252.21,,0,,0,,,,,
2026-02-02,266.0,276.3,266.0,272.65,34208460,302.95,250.5,11.54,45.79,251.67,280.06,305.0,305.0,0,,,251.67,,0,,0,,,,,
2026-02-03,294.0,299.9,278.1,279.8,75311760,303.05,250.5,12.66,50.3,255.53,279.89,305.0,305.0,0,,,255.53,,0,,0,,,,,
2026-02-04,279.75,294.95,273.05,294.15,64894680,303.26,250.5,13.32,57.88,264.35,280.16,305.0,305.0,0,,,264.35,,0,,0,,,,,
2026-02-05,291.1,294.85,284.7,286.85,30383250,303.41,250.5,13.1,53.42,259.79,280.17,305.0,305.0,0,,,259.79,,0,,0,,,,,
2026-02-06,286.9,288.7,281.65,283.55,29937530,303.56,250.5,12.66,51.49,257.95,280.14,305.0,305.0,0,,,257.95,,0,,0,,,,,
2026-02-09,286.0,289.4,283.0,288.85,18816040,303.76,250.5,12.22,54.34,261.66,280.27,305.0,305.0,0,,,261.66,,0,,0,,,,,
2026-02-10,291.0,308.55,289.05,303.8,102621600,304.04,250.5,12.75,61.27,270.95,281.01,308.55,305.0,0,,,270.95,,0,,0,,,,,
2026-02-11,304.0,306.85,299.75,300.7,32084580,304.31,250.5,12.35,59.26,269.22,281.6,308.55,308.55,0,,,269.22,,0,,0,,,,,
2026-02-12,296.2,300.0,291.4,298.0,34873810,304.57,250.5,12.13,57.5,267.62,282.3,308.55,308.55,0,,,267.62,,0,,0,,,,,
2026-02-13,298.0,300.0,284.75,286.3,38485517,304.72,250.5,12.35,50.47,259.93,282.57,308.55,308.55,0,,,259.93,,0,,0,,,,,
