Date,Open,High,Low,Close,Volume,SMA150,DonchianLow15,ATR14,StopLoss,MA30,DonchianHigh20,DonchianHigh20_prev,BuyCall,EntryPrice,StopLoss_Entry
2016-01-25,311.62,333.25,305.14,324.6,427034,,,,,,,,0,,
2016-01-27,320.47,333.25,319.59,328.29,376817,,,,,,,,0,,
2016-01-28,326.17,330.94,322.14,324.99,146200,,,,,,,,0,,
2016-01-29,322.98,332.27,322.98,327.99,218252,,,,,,,,0,,
2016-02-01,328.34,330.79,322.63,325.09,405909,,,,,,,,0,,
2016-02-02,324.36,329.32,323.03,326.12,700751,,,,,,,,0,,
2016-02-03,324.4,324.5,313.59,315.26,205863,,,,,,,,0,,
2016-02-04,316.24,319.44,312.61,316.44,349485,,,,,,,,0,,
2016-02-05,316.54,319.0,312.61,315.31,63123,,,,,,,,0,,
2016-02-08,318.51,346.03,316.49,322.83,1156009,,,,,,,,0,,
2016-02-09,326.91,333.05,320.47,327.6,715021,,,,,,,,0,,
2016-02-10,321.46,328.34,314.57,315.66,415901,,,,,,,,0,,
2016-02-11,316.54,316.54,277.61,289.51,700722,,,,,,,,0,,
2016-02-12,290.0,294.72,278.84,281.64,396915,,,20.35,,,,,0,,
2016-02-15,286.75,293.44,285.28,289.75,290784,,277.61,19.73,266.27,,,,0,,
2016-02-16,293.93,294.77,283.17,285.57,119220,,277.61,19.15,263.96,,,,0,,
2016-02-17,289.7,289.7,281.74,285.18,127189,,277.61,18.35,264.24,,,,0,,
2016-02-18,289.9,292.95,285.03,285.52,52218,,277.61,17.61,264.96,,,,0,,
2016-02-19,287.64,288.03,285.03,285.28,36470,,277.61,16.57,265.5,,,,0,,
2016-02-22,289.01,289.01,282.13,284.84,334572,,277.61,15.87,265.68,,346.03,,0,,
2016-02-23,284.59,287.34,281.25,283.41,63567,,277.61,15.17,265.22,,346.03,346.03,0,,
2016-02-24,281.35,282.43,279.68,280.41,105402,,277.61,14.36,263.83,,346.03,346.03,0,,
2016-02-25,284.05,284.35,278.69,283.21,36604,,277.61,13.74,266.05,,346.03,346.03,0,,
2016-02-26,282.18,283.95,269.99,279.63,1067007,,269.99,13.75,261.19,,346.03,346.03,0,,
2016-02-29,279.18,281.0,272.3,275.15,50969,,269.99,13.39,258.54,,346.03,346.03,0,,
2016-03-01,272.35,296.88,269.99,290.39,114425,,269.99,14.36,267.73,,346.03,346.03,0,,
2016-03-02,292.95,304.69,291.42,293.68,128958,,269.99,14.35,269.85,,346.03,346.03,0,,
2016-03-03,294.57,301.25,290.0,294.67,104961,,269.99,14.13,270.64,,346.03,346.03,0,,
2016-03-04,294.86,299.83,290.0,291.82,64527,,269.99,13.82,269.01,,346.03,346.03,0,,
2016-03-08,293.93,296.83,292.95,293.78,42958,,269.99,13.19,270.69,300.79,333.05,346.03,0,,
2016-03-09,294.86,300.81,289.01,292.06,56295,,269.99,13.09,269.65,299.7,328.34,333.05,0,,
2016-03-10,292.21,294.32,287.05,288.62,55978,,269.99,12.68,267.7,298.38,316.54,328.34,0,,
2016-03-11,290.0,290.88,281.15,284.05,530108,,269.99,12.47,264.9,297.02,304.69,316.54,0,,
2016-03-14,284.35,290.0,284.35,288.87,34325,,269.99,12.0,268.32,295.71,304.69,304.69,0,,
2016-03-15,289.51,290.78,285.87,288.77,25950,,269.99,11.5,268.59,294.5,304.69,304.69,0,,
2016-03-16,292.95,294.52,286.11,290.44,45187,,269.99,11.27,269.81,293.31,304.69,304.69,0,,
2016-03-17,289.01,298.26,287.05,290.83,68949,,269.99,11.27,270.07,292.5,304.69,304.69,0,,
2016-03-18,287.29,293.63,287.29,288.67,24859,,269.99,10.92,268.91,291.57,304.69,304.69,0,,
2016-03-21,289.56,295.75,287.74,292.65,38722,,269.99,10.71,271.62,290.82,304.69,304.69,0,,
2016-03-22,293.88,293.93,287.25,289.21,16841,,269.99,10.42,269.59,289.7,304.69,304.69,0,,
2016-03-23,289.01,290.73,286.16,287.98,24221,,281.15,10.0,272.79,288.38,304.69,304.69,0,,
2016-03-28,291.96,291.96,278.69,280.17,19278,,278.69,10.24,266.78,287.19,304.69,304.69,0,,
2016-03-29,280.22,285.57,264.24,279.18,89423,,264.24,11.03,260.8,286.85,304.69,304.69,0,,
2016-03-30,280.07,285.08,280.07,282.18,31030,,264.24,10.66,262.98,286.87,304.69,304.69,0,,
2016-03-31,282.23,283.12,278.1,281.45,32904,,264.24,10.26,262.77,286.59,304.69,304.69,0,,
2016-04-01,281.49,290.98,280.17,285.18,39530,,264.24,10.3,265.15,286.58,304.69,304.69,0,,
2016-04-04,289.01,289.01,281.15,284.74,26662,,264.24,10.13,264.99,286.56,301.25,304.69,0,,
2016-04-05,283.26,295.06,283.12,291.18,187188,,264.24,10.26,269.05,286.75,300.81,301.25,0,,
2016-04-06,291.37,298.85,287.98,296.49,86156,,264.24,10.3,272.45,287.12,300.81,300.81,0,,
2016-04-07,288.03,297.52,288.03,294.37,29351,,264.24,10.24,271.12,287.44,300.81,300.81,0,,
2016-04-08,289.56,298.85,289.01,290.73,25793,,264.24,10.21,268.79,287.69,298.85,300.81,0,,
2016-04-11,294.67,296.93,291.23,294.77,24156,,264.24,9.93,271.59,288.16,298.85,298.85,0,,
2016-04-12,294.72,297.86,292.95,294.47,17870,,264.24,9.57,271.63,288.54,298.85,298.85,0,,
2016-04-13,294.91,296.83,289.01,290.49,28858,,264.24,9.44,269.15,288.9,298.85,298.85,0,,
2016-04-18,294.91,294.91,289.51,291.13,19989,,264.24,9.15,269.76,289.43,298.85,298.85,0,,
2016-04-20,288.13,294.08,288.13,291.03,61063,,264.24,8.93,269.84,289.46,298.85,298.85,0,,
2016-04-21,294.91,298.85,290.98,297.22,750118,,264.24,8.85,273.89,289.57,298.85,298.85,0,,
2016-04-22,295.85,297.86,292.6,295.01,27241,,278.1,8.59,277.25,289.58,298.85,298.85,0,,
2016-04-25,298.21,302.73,290.0,294.22,35626,,278.1,8.89,276.55,289.66,302.73,298.85,0,,
2016-04-26,290.98,295.9,290.98,294.91,16944,,280.17,8.61,277.87,289.7,302.73,302.73,0,,
2016-04-27,293.44,296.78,293.34,295.01,13939,,281.15,8.24,278.51,289.8,302.73,302.73,0,,
2016-04-28,293.49,294.91,290.1,292.75,27225,,283.12,8.0,277.86,289.94,302.73,302.73,0,,
2016-04-29,290.05,293.63,289.11,291.91,41260,,287.98,7.75,279.11,290.2,302.73,302.73,0,,
2016-05-02,296.88,296.88,288.03,289.26,8620,,288.03,7.83,277.36,290.21,302.73,302.73,0,,
2016-05-03,288.13,293.39,288.08,291.52,16259,,288.03,7.65,278.94,290.3,302.73,302.73,0,,
2016-05-04,293.93,293.93,283.31,284.54,16714,,283.31,7.86,272.72,290.11,302.73,302.73,0,,
2016-05-05,282.13,288.82,282.13,283.9,10483,,282.13,7.78,271.97,289.88,302.73,302.73,0,,
2016-05-06,284.1,288.92,284.05,285.18,11778,,282.13,7.58,272.93,289.76,302.73,302.73,0,,
2016-05-09,286.11,292.41,286.11,290.0,24294,,282.13,7.56,276.06,289.67,302.73,302.73,0,,
2016-05-10,288.03,299.53,288.03,293.73,48915,,282.13,7.84,278.27,289.82,302.73,302.73,0,,
2016-05-11,291.96,299.04,291.18,295.65,33223,,282.13,7.84,279.51,290.08,302.73,302.73,0,,
2016-05-12,293.0,303.27,292.95,301.84,72926,,282.13,8.02,283.39,290.8,303.27,302.73,0,,
2016-05-13,301.75,315.36,301.01,312.36,101056,,282.13,8.47,289.87,291.91,315.36,303.27,1,312.36,289.87
2016-05-16,315.56,318.9,311.82,313.89,40236,,282.13,8.37,290.92,292.96,318.9,315.36,0,,
2016-05-17,307.94,318.51,307.94,313.54,30496,,282.13,8.53,290.59,294.03,318.9,318.9,0,,
2016-05-18,313.59,321.46,306.32,319.54,40467,,282.13,9.0,294.15,295.18,321.46,318.9,1,319.54,294.15
2016-05-19,321.36,326.37,317.42,323.32,61708,,282.13,9.0,296.59,296.47,326.37,321.46,0,,
2016-05-20,326.17,326.17,315.56,318.8,28988,,282.13,9.11,293.6,297.39,326.37,326.37,0,,
2016-05-23,322.73,322.73,314.57,318.41,45792,,282.13,9.04,293.39,298.12,326.37,326.37,0,,
2016-05-24,322.24,322.24,311.67,316.83,24801,,282.13,9.15,292.3,298.87,326.37,326.37,0,,
2016-05-25,316.59,320.37,312.71,318.46,27935,,282.13,9.05,293.42,299.79,326.37,326.37,0,,
2016-05-26,319.49,319.49,314.57,316.88,34503,,284.05,8.75,293.24,300.53,326.37,326.37,0,,
2016-05-27,316.49,316.49,295.9,300.37,43540,,286.11,9.62,282.69,300.72,326.37,326.37,0,,
2016-05-30,298.85,305.73,296.83,301.55,14433,,288.03,9.57,284.13,301.09,326.37,326.37,0,,
2016-05-31,305.82,312.66,297.86,309.81,636255,,291.18,9.95,290.26,301.71,326.37,326.37,0,,
2016-06-01,304.84,311.97,303.76,305.43,14321,,292.95,9.82,288.1,302.19,326.37,326.37,0,,
2016-06-02,303.86,309.61,302.78,307.55,19836,,295.9,9.61,290.6,302.54,326.37,326.37,0,,
2016-06-03,304.55,324.8,302.04,304.84,67928,,295.9,10.55,288.22,302.87,326.37,326.37,0,,
2016-06-06,304.99,312.12,304.99,307.3,18832,,295.9,10.31,289.97,303.3,326.37,326.37,0,,
2016-06-07,307.59,309.66,304.94,306.41,12957,,295.9,9.91,289.66,303.69,326.37,326.37,0,,
2016-06-08,306.71,313.34,305.73,309.66,97431,,295.9,9.75,291.86,304.17,326.37,326.37,0,,
2016-06-09,314.43,314.43,305.82,307.2,12816,,295.9,9.67,290.33,304.66,326.37,326.37,0,,
2016-06-10,307.74,313.59,307.74,311.72,84036,,295.9,9.43,293.4,305.32,326.37,326.37,0,,
2016-06-13,300.32,314.48,300.32,311.53,16009,,295.9,9.77,293.06,306.06,326.37,326.37,0,,
2016-06-14,307.84,319.49,307.79,313.15,24518,,295.9,9.91,294.01,306.78,326.37,326.37,0,,
2016-06-15,309.66,316.54,309.66,313.34,17871,,295.9,9.69,294.28,307.74,326.37,326.37,0,,
2016-06-16,313.34,316.49,309.66,312.71,16681,,295.9,9.49,294.01,308.7,326.17,326.37,0,,
2016-06-17,312.71,316.05,310.64,313.34,18554,,296.83,9.2,294.92,309.64,324.8,326.17,0,,
2016-06-20,313.0,317.52,305.04,316.74,31628,,297.86,9.43,297.3,310.53,324.8,324.8,0,,
2016-06-21,315.9,318.9,312.85,316.69,14464,,300.32,9.19,298.24,311.3,324.8,324.8,0,,
2016-06-22,314.13,317.23,311.97,314.03,14841,,300.32,8.91,296.72,311.91,324.8,324.8,0,,
2016-06-23,313.44,316.54,313.15,315.21,60700,,300.32,8.52,297.74,312.35,324.8,324.8,0,,
2016-06-24,312.61,323.91,297.08,308.53,30717,,297.08,9.82,291.48,312.23,324.8,324.8,0,,
2016-06-27,307.69,312.61,306.46,308.28,7861,,297.08,9.56,291.49,312.04,324.8,324.8,0,,
2016-06-28,309.66,314.57,308.72,309.66,12271,,297.08,9.33,292.54,311.91,324.8,324.8,0,,
2016-06-29,310.94,316.0,309.66,310.69,10011,,297.08,9.11,293.35,311.61,324.8,324.8,0,,
2016-06-30,314.57,314.57,305.82,308.28,14854,,297.08,9.09,291.81,311.11,324.8,324.8,0,,
2016-07-01,309.71,312.36,306.71,307.89,385899,,297.08,8.84,291.72,310.75,323.91,324.8,0,,
2016-07-04,308.72,310.59,306.71,308.58,11201,,297.08,8.49,292.4,310.42,323.91,323.91,0,,
2016-07-05,309.71,310.4,304.89,307.2,9639,,297.08,8.28,291.65,310.1,323.91,323.91,0,,
2016-07-07,310.99,311.08,304.25,305.28,18976,,297.08,8.17,290.48,309.66,323.91,323.91,0,,
2016-07-08,305.82,307.2,298.8,301.16,13517,,297.08,8.19,287.82,309.14,323.91,323.91,0,,
2016-07-11,301.2,306.71,301.2,305.14,15937,,297.08,8.0,290.51,309.3,323.91,323.91,0,,
2016-07-12,303.81,307.4,301.94,304.94,26739,,297.08,7.82,290.5,309.41,323.91,323.91,0,,
2016-07-13,304.74,308.13,290.1,294.62,38761,,290.1,8.55,281.03,308.9,323.91,323.91,0,,
2016-07-14,294.52,294.52,285.77,286.95,59005,,285.77,8.57,274.63,308.29,323.91,323.91,0,,
2016-07-15,286.95,293.93,283.12,285.52,151885,,283.12,8.73,272.71,307.55,323.91,323.91,0,,
2016-07-18,287.88,293.83,285.57,292.16,161960,,283.12,8.7,277.02,307.13,323.91,323.91,0,,
2016-07-19,288.57,292.55,287.05,288.67,295012,,283.12,8.47,274.92,306.51,323.91,323.91,0,,
2016-07-20,288.67,289.46,286.07,287.15,150576,,283.12,8.11,274.18,305.87,323.91,323.91,0,,
2016-07-21,287.39,289.01,280.27,281.3,62490,,280.27,8.15,269.43,304.92,323.91,323.91,0,,
2016-07-22,282.23,285.08,282.13,284.74,18902,,280.27,7.84,271.85,304.17,323.91,323.91,0,,
2016-07-25,285.08,287.88,285.08,286.31,13070,,280.27,7.51,273.09,303.33,316.0,323.91,0,,
2016-07-26,287.2,288.47,283.36,284.2,19329,,280.27,7.33,271.84,302.42,316.0,316.0,0,,
2016-07-27,286.07,287.05,281.79,282.53,22730,,280.27,7.19,270.86,301.39,316.0,316.0,0,,
2016-07-28,283.21,289.9,282.82,284.89,88517,,280.27,7.2,272.38,300.45,314.57,316.0,0,,
2016-07-29,288.47,295.9,283.21,286.11,136431,,280.27,7.59,272.9,299.56,312.36,314.57,0,,
2016-08-01,294.91,323.81,294.72,313.2,797637,,280.27,9.74,288.94,299.56,323.81,312.36,1,313.2,288.94
2016-08-02,314.57,332.47,310.74,328.43,390149,,280.27,10.6,298.2,299.94,332.47,323.81,0,,
2016-08-03,331.29,334.14,310.05,318.31,92706,,280.27,11.56,291.03,300.0,334.14,332.47,0,,
2016-08-04,322.29,322.29,312.66,314.03,27813,,280.27,11.42,288.36,300.0,334.14,334.14,0,,
2016-08-05,316.34,319.39,311.62,313.49,26374,,280.27,11.16,288.18,299.94,334.14,334.14,0,,
2016-08-08,314.67,321.85,311.77,313.3,30094,,280.27,11.09,288.11,300.1,334.14,334.14,0,,
2016-08-09,311.53,318.9,311.53,314.97,27192,,280.27,10.82,289.37,300.32,334.14,334.14,0,,
2016-08-10,313.98,315.66,309.66,313.44,14549,,280.27,10.48,288.61,300.45,334.14,334.14,0,,
2016-08-11,314.57,314.57,302.29,304.74,35050,,281.79,10.6,283.42,300.25,334.14,334.14,0,,
2016-08-12,304.74,307.1,298.85,300.71,74629,,281.79,10.44,280.93,300.0,334.14,334.14,0,,
2016-08-16,296.68,301.35,296.68,298.75,34188,,281.79,10.02,279.94,299.69,334.14,334.14,0,,
2016-08-17,297.57,305.87,295.4,299.48,99768,,281.79,10.06,280.39,299.39,334.14,334.14,0,,
2016-08-18,300.17,304.25,298.5,299.43,27875,,282.82,9.75,280.91,299.13,334.14,334.14,0,,
2016-08-19,301.7,304.4,299.09,302.53,29799,,283.21,9.43,283.25,299.04,334.14,334.14,0,,
2016-08-22,301.4,310.54,300.12,308.92,91545,,294.72,9.5,291.16,299.3,334.14,334.14,0,,
2016-08-23,309.76,315.46,309.66,313.79,60299,,295.4,9.29,294.67,299.59,334.14,334.14,0,,
2016-08-24,314.52,318.85,310.94,315.36,28808,,295.4,9.19,295.75,299.93,334.14,334.14,0,,
2016-08-25,315.26,316.49,306.27,308.92,24265,,295.4,9.27,291.54,300.41,334.14,334.14,0,,
2016-08-26,308.68,314.52,304.74,306.22,15956,,295.4,9.3,289.78,301.05,334.14,334.14,0,,
2016-08-29,300.22,319.44,300.22,310.4,21559,,295.4,10.01,292.0,301.88,334.14,334.14,0,,
2016-08-30,311.62,313.0,304.94,305.63,32760,,295.4,9.87,289.02,302.33,334.14,334.14,0,,
2016-08-31,306.76,310.64,300.02,304.5,37567,,295.4,9.92,288.25,302.86,334.14,334.14,0,,
2016-09-01,304.79,308.04,302.14,303.76,11560,300.69,295.4,9.64,287.97,303.41,322.29,334.14,0,,
2016-09-02,304.74,313.59,301.84,306.41,39250,300.57,295.4,9.79,289.58,304.25,321.85,322.29,0,,
2016-09-06,306.46,309.51,303.76,306.56,14254,300.43,295.4,9.5,289.86,304.98,321.85,321.85,0,,
2016-09-07,306.76,310.3,303.27,305.28,24714,300.29,295.4,9.32,289.16,305.61,319.44,321.85,0,,
2016-09-08,306.71,306.71,303.76,304.99,21150,300.14,298.5,8.87,290.31,306.3,319.44,319.44,0,,
2016-09-09,304.01,309.17,301.3,306.96,160301,300.02,299.09,8.8,291.82,307.12,319.44,319.44,0,,
2016-09-12,300.91,307.0,300.81,306.22,19917,299.89,300.02,8.61,291.78,307.83,319.44,319.44,0,,
2016-09-14,302.38,323.77,302.38,319.14,45403,299.91,300.02,9.52,299.5,308.93,323.77,319.44,0,,
2016-09-15,324.11,324.11,310.64,314.72,24934,299.9,300.02,9.81,296.46,308.98,324.11,323.77,0,,
2016-09-16,313.64,319.34,310.59,314.87,28025,299.9,300.02,9.73,296.61,308.53,324.11,324.11,0,,
2016-09-19,310.64,319.64,310.64,314.62,20140,299.84,300.02,9.68,296.48,308.4,324.11,324.11,0,,
2016-09-20,314.57,317.03,312.07,314.23,11468,299.75,300.02,9.34,296.46,308.41,324.11,324.11,0,,
2016-09-21,314.62,318.01,312.8,314.13,10058,299.74,300.02,9.05,296.59,308.43,324.11,324.11,0,,
2016-09-22,321.95,321.95,303.76,305.14,32936,299.85,300.02,9.7,290.36,308.16,324.11,324.11,0,,
2016-09-23,307.59,313.0,304.45,308.04,17017,300.02,300.81,9.62,292.54,307.93,324.11,324.11,0,,
2016-09-26,315.41,323.32,311.38,319.78,107692,300.22,300.81,10.02,299.85,308.14,324.11,324.11,0,,
2016-09-27,322.88,367.66,319.49,327.8,3316438,300.51,300.81,12.75,303.2,308.91,367.66,324.11,1,327.8,303.2
2016-09-28,329.22,334.23,326.37,330.35,229891,300.81,300.81,12.4,305.08,309.9,367.66,367.66,0,,
2016-09-29,330.3,332.22,305.14,318.01,230089,301.02,300.81,13.45,296.42,310.54,367.66,367.66,0,,
2016-09-30,311.62,330.99,311.62,327.89,92914,301.31,300.81,13.87,302.51,311.49,367.66,367.66,0,,
2016-10-03,327.84,341.95,327.84,337.77,88155,301.66,300.81,13.89,308.87,312.76,367.66,367.66,0,,
2016-10-04,341.07,342.1,329.57,332.02,59143,301.98,302.38,13.79,305.75,313.75,367.66,367.66,0,,
2016-10-05,334.58,339.05,328.34,334.28,43548,302.34,303.76,13.57,307.82,314.59,367.66,367.66,0,,
2016-10-06,337.18,337.18,330.3,332.12,33220,302.67,303.76,13.09,306.74,315.2,367.66,367.66,0,,
2016-10-07,333.45,333.45,325.63,329.86,16781,303.0,303.76,12.72,305.54,315.69,367.66,367.66,0,,
2016-10-10,332.22,332.22,325.09,329.96,23292,303.37,303.76,12.32,305.87,316.39,367.66,367.66,0,,
2016-10-13,328.58,350.01,326.37,333.15,89297,303.66,303.76,13.13,307.39,317.29,367.66,367.66,0,,
2016-10-14,334.04,340.13,331.33,338.9,59030,303.96,303.76,12.82,311.3,318.24,367.66,367.66,0,,
2016-10-17,339.15,342.1,329.32,333.99,63460,304.22,304.45,12.81,308.36,319.18,367.66,367.66,0,,
2016-10-18,333.25,352.42,333.2,349.82,173297,304.61,305.14,13.27,318.5,320.69,367.66,367.66,0,,
2016-10-19,351.93,351.93,342.3,346.82,40489,304.96,305.14,13.01,316.74,322.13,367.66,367.66,0,,
2016-10-20,348.19,351.93,346.13,347.8,38114,305.33,305.14,12.5,317.71,323.51,367.66,367.66,0,,
2016-10-21,347.8,349.03,338.17,344.26,49798,305.7,305.14,12.38,315.51,324.76,367.66,367.66,0,,
2016-10-24,341.71,350.95,340.33,349.91,30603,306.14,311.62,12.25,321.4,326.25,367.66,367.66,0,,
2016-10-25,345.29,357.83,344.75,355.86,58412,306.59,325.09,12.31,329.68,327.95,367.66,367.66,0,,
2016-10-26,355.86,355.91,345.05,350.75,32749,307.0,325.09,12.21,326.46,329.41,367.66,367.66,0,,
2016-10-27,352.67,352.67,337.68,338.9,21023,307.32,325.09,12.41,318.68,330.5,357.83,367.66,0,,
2016-10-28,342.1,345.83,335.22,339.15,24901,307.65,325.09,12.28,318.93,331.16,357.83,357.83,0,,
2016-11-01,347.36,348.93,337.18,339.1,48436,307.98,325.09,12.24,318.92,331.98,357.83,357.83,0,,
2016-11-02,339.1,342.1,334.23,336.4,14215,308.27,325.09,11.93,317.39,332.69,357.83,357.83,0,,
2016-11-03,338.07,339.0,332.27,335.27,14182,308.58,326.37,11.56,317.33,333.38,357.83,357.83,0,,
2016-11-04,332.27,339.15,325.88,332.37,21091,308.88,325.88,11.68,315.22,333.99,357.83,357.83,0,,
2016-11-07,334.23,337.18,332.27,335.91,11174,309.25,325.88,11.2,317.82,334.71,357.83,357.83,0,,
2016-11-08,336.2,339.05,333.4,335.86,6756,309.63,325.88,10.8,318.06,335.74,357.83,357.83,0,,
2016-11-09,276.24,353.9,276.24,337.09,55262,309.99,276.24,15.58,299.12,336.7,357.83,357.83,0,,
2016-11-10,372.57,372.57,337.18,348.1,157828,310.44,276.24,17.0,305.27,337.65,372.57,357.83,0,,
2016-11-11,335.51,348.44,333.25,336.3,43036,310.78,276.24,16.87,297.75,337.93,372.57,372.57,0,,
2016-11-15,341.12,341.12,318.51,324.11,38171,311.04,276.24,17.28,289.61,337.72,372.57,372.57,0,,
2016-11-16,329.32,332.96,324.4,327.35,18067,311.28,276.24,16.68,292.1,338.04,372.57,372.57,0,,
2016-11-17,316.74,327.35,314.57,316.64,26293,311.42,276.24,16.4,285.38,337.66,372.57,372.57,0,,
2016-11-18,323.42,331.29,317.03,325.39,26676,311.62,276.24,16.27,291.11,337.25,372.57,372.57,0,,
2016-11-21,329.32,331.29,305.97,325.24,37006,311.85,276.24,16.92,290.58,337.02,372.57,372.57,0,,
2016-11-22,326.12,336.0,319.98,335.12,20241,312.12,276.24,16.86,297.0,337.05,372.57,372.57,0,,
2016-11-23,334.82,353.9,328.34,345.44,35720,312.46,276.24,17.48,303.24,337.49,372.57,372.57,0,,
2016-11-24,339.15,345.05,330.4,339.59,35786,312.79,276.24,17.3,299.58,337.82,372.57,372.57,0,,
2016-11-25,344.11,348.98,341.46,343.18,22159,313.14,276.24,16.74,302.27,338.26,372.57,372.57,0,,
2016-11-28,348.98,348.98,335.86,337.18,22745,313.44,276.24,16.48,298.57,338.39,372.57,372.57,0,,
2016-11-29,341.07,342.1,335.51,338.56,16245,313.72,276.24,15.77,299.94,338.38,372.57,372.57,0,,
2016-11-30,338.22,343.87,328.83,339.35,37781,314.01,276.24,15.72,300.48,338.56,372.57,372.57,0,,
2016-12-01,344.02,344.02,335.22,338.46,12190,314.31,305.97,15.23,310.15,338.18,372.57,372.57,0,,
2016-12-02,339.1,340.13,328.43,333.79,520147,314.57,305.97,14.97,307.3,337.75,372.57,372.57,0,,
2016-12-05,330.3,337.63,330.3,334.38,12836,314.83,305.97,14.43,308.05,337.3,372.57,372.57,0,,
2016-12-06,337.18,337.18,327.65,329.61,533651,315.08,305.97,14.08,305.2,336.81,372.57,372.57,0,,
2016-12-07,332.22,334.73,325.88,334.14,39567,315.36,305.97,13.71,308.37,336.29,372.57,372.57,0,,
2016-12-08,333.74,336.15,330.4,333.35,26919,315.65,305.97,13.14,308.24,335.54,372.57,372.57,0,,
2016-12-09,337.18,337.18,331.38,332.91,16408,315.93,305.97,12.61,308.31,334.94,353.9,372.57,0,,
2016-12-12,329.61,335.12,329.61,332.81,10353,316.25,319.98,12.11,313.25,334.74,353.9,353.9,0,,
2016-12-13,332.27,334.23,329.32,331.33,9323,316.57,325.88,11.59,314.61,334.48,353.9,353.9,0,,
2016-12-14,333.2,337.13,329.57,332.12,26743,316.88,325.88,11.3,315.31,334.24,353.9,353.9,0,,
2016-12-15,334.19,335.22,326.37,332.32,16497,317.16,325.88,11.13,315.55,334.11,353.9,353.9,0,,
2016-12-16,328.43,334.23,328.43,332.27,33156,317.42,325.88,10.75,315.78,334.01,353.9,353.9,0,,
2016-12-19,329.47,335.22,329.37,331.53,922982,317.66,325.88,10.4,315.53,333.98,353.9,353.9,0,,
2016-12-20,329.86,333.25,326.37,327.6,39296,317.83,325.88,10.15,313.16,333.7,353.9,353.9,0,,
2016-12-21,331.73,333.3,324.4,327.55,14338,317.93,324.4,10.06,312.7,333.43,348.98,353.9,0,,
2016-12-22,329.96,333.25,323.72,329.57,12742,318.03,323.72,10.02,313.8,333.18,348.98,348.98,0,,
2016-12-23,327.99,335.12,326.57,333.89,9762,318.17,323.72,9.91,316.66,332.7,348.98,348.98,0,,
2016-12-26,328.34,341.61,325.98,338.36,16751,318.3,323.72,10.32,319.27,332.77,344.02,348.98,0,,
2016-12-27,341.12,341.12,332.27,333.1,154131,318.36,323.72,10.22,315.94,333.07,344.02,344.02,0,,
2016-12-28,337.13,337.13,326.57,328.14,17173,318.42,323.72,10.24,312.73,333.1,344.02,344.02,0,,
2016-12-29,328.83,333.25,328.14,329.37,12251,318.5,323.72,9.88,313.77,333.52,341.61,344.02,0,,
2016-12-30,331.09,338.17,329.61,337.09,26602,318.63,323.72,9.8,318.8,333.91,341.61,341.61,0,,
2017-01-02,338.66,339.15,333.99,338.51,14985,318.77,323.72,9.47,319.93,334.35,341.61,341.61,0,,
2017-01-03,335.61,335.95,332.27,333.69,25917,318.88,323.72,9.24,316.98,334.31,341.61,341.61,0,,
2017-01-04,332.32,336.2,328.43,329.22,33502,319.07,323.72,9.13,314.17,333.77,341.61,341.61,0,,
2017-01-05,332.27,335.02,329.81,333.89,83406,319.29,323.72,8.89,317.34,333.58,341.61,341.61,0,,
2017-01-06,331.78,336.1,330.94,333.89,27507,319.45,323.72,8.63,317.51,333.27,341.61,341.61,0,,
2017-01-09,334.23,336.69,332.27,334.04,11911,319.64,323.72,8.33,317.81,333.16,341.61,341.61,0,,
2017-01-10,334.73,334.73,331.38,334.19,18805,319.81,323.72,7.97,318.14,333.02,341.61,341.61,0,,
2017-01-11,338.95,338.95,331.43,334.23,62715,320.01,323.72,7.94,318.19,332.84,341.61,341.61,0,,
2017-01-12,336.99,336.99,332.42,333.55,18119,320.18,325.98,7.7,318.67,332.68,341.61,341.61,0,,
2017-01-13,335.71,335.71,332.56,333.35,12091,320.36,325.98,7.37,318.75,332.67,341.61,341.61,0,,
2017-01-16,336.2,336.2,331.83,334.04,14438,320.53,326.57,7.16,319.54,332.66,341.61,341.61,0,,
2017-01-17,334.48,336.0,327.45,328.73,23474,320.67,326.57,7.26,316.05,332.63,341.61,341.61,0,,
2017-01-18,334.04,334.23,330.3,333.5,29171,320.82,327.45,7.13,319.5,332.6,341.61,341.61,0,,
2017-01-19,335.02,335.02,332.22,332.81,4628,320.96,327.45,6.82,319.26,332.59,341.61,341.61,0,,
2017-01-20,336.2,336.2,331.33,331.97,79625,321.08,327.45,6.68,318.81,332.56,341.61,341.61,0,,
2017-01-23,327.5,336.15,327.5,334.28,11002,321.22,327.45,6.82,320.21,332.6,341.12,341.61,0,,
2017-01-24,332.27,335.07,331.73,333.25,7103,321.36,327.45,6.58,319.71,332.67,339.15,341.12,0,,
2017-01-25,329.32,336.2,329.32,333.64,19027,321.49,327.45,6.6,319.95,332.72,339.15,339.15,0,,
2017-01-27,334.23,336.2,329.32,331.78,221677,321.6,327.45,6.62,318.74,332.7,339.15,339.15,0,,
2017-01-30,327.55,335.22,327.55,331.33,42662,321.69,327.45,6.69,318.4,332.67,339.15,339.15,0,,
2017-01-31,329.42,335.37,329.42,333.99,47739,321.83,327.45,6.64,320.15,332.75,338.95,339.15,0,,
2017-02-01,339.64,344.07,326.52,329.12,96682,321.92,326.52,7.42,316.18,332.8,344.07,338.95,0,,
2017-02-02,330.65,335.12,319.49,328.93,159807,322.05,319.49,8.01,313.32,332.85,344.07,344.07,0,,
2017-02-03,329.02,332.71,324.4,328.39,216719,322.19,319.49,8.03,312.96,332.81,344.07,344.07,0,,
2017-02-06,328.39,331.29,321.75,323.08,241279,322.28,319.49,8.14,309.46,332.45,344.07,344.07,0,,
2017-02-07,323.08,324.21,319.0,319.69,26183,322.34,319.0,7.93,307.25,331.83,344.07,344.07,0,,
2017-02-08,317.82,328.83,317.82,323.37,38171,322.44,317.82,8.15,309.08,331.5,344.07,344.07,0,,
2017-02-09,324.65,327.35,322.44,324.85,11763,322.55,317.82,7.92,310.19,331.39,344.07,344.07,0,,
2017-02-10,322.54,327.35,322.54,325.98,22616,322.67,317.82,7.69,311.07,331.28,344.07,344.07,0,,
2017-02-13,325.68,329.66,321.95,323.77,75552,322.78,317.82,7.69,309.64,330.84,344.07,344.07,0,,
2017-02-14,322.59,326.37,320.52,321.75,20153,322.89,317.82,7.56,308.43,330.28,344.07,344.07,0,,
2017-02-15,323.37,324.21,315.56,316.49,15005,322.99,315.56,7.64,304.23,329.7,344.07,344.07,0,,
2017-02-16,317.57,322.34,316.54,318.11,7958,323.08,315.56,7.51,305.36,329.33,344.07,344.07,0,,
2017-02-17,318.65,324.4,318.65,323.77,16205,323.2,315.56,7.43,309.07,329.0,344.07,344.07,0,,
2017-02-20,319.49,326.22,318.7,319.78,17780,323.37,315.56,7.43,306.49,328.53,344.07,344.07,0,,
2017-02-21,319.59,322.93,319.59,321.6,11147,323.6,315.56,7.14,307.86,328.11,344.07,344.07,0,,
2017-02-22,320.03,321.9,316.24,317.87,9533,323.82,315.56,7.03,305.52,327.57,344.07,344.07,0,,
2017-02-23,317.03,319.39,314.72,315.75,14392,323.97,314.72,6.87,303.99,326.95,344.07,344.07,0,,
2017-02-27,315.66,321.85,311.77,316.0,55154,324.16,311.77,7.09,303.01,326.37,344.07,344.07,0,,
2017-02-28,319.44,323.91,314.87,319.49,49220,324.37,311.77,7.23,305.17,325.9,344.07,344.07,0,,
2017-03-01,316.1,321.36,312.71,314.62,56391,324.59,311.77,7.33,301.96,325.26,344.07,344.07,0,,
2017-03-02,316.59,321.85,315.61,320.03,34140,324.83,311.77,7.33,305.46,324.97,335.12,344.07,0,,
2017-03-03,317.77,324.31,314.82,318.51,61895,325.04,311.77,7.48,304.37,324.47,332.71,335.12,0,,
2017-03-06,319.59,323.77,314.23,315.16,18339,325.25,311.77,7.63,302.12,323.88,331.29,332.71,0,,
2017-03-07,315.21,319.39,314.72,317.87,8330,325.49,311.77,7.42,304.0,323.41,329.66,331.29,0,,
2017-03-08,317.42,317.52,311.58,312.36,43999,325.67,311.58,7.34,300.44,322.68,329.66,329.66,0,,
2017-03-09,312.85,315.56,309.22,309.9,16115,325.83,309.22,7.27,298.11,321.9,329.66,329.66,0,,
2017-03-10,309.46,313.0,304.74,306.07,23713,325.78,304.74,7.34,294.1,320.98,329.66,329.66,0,,
2017-03-14,309.66,312.31,305.73,308.92,42498,325.65,304.74,7.28,295.98,320.22,329.66,329.66,0,,
2017-03-15,309.81,310.69,299.73,304.25,39751,325.56,299.73,7.55,291.12,319.32,326.37,329.66,0,,
2017-03-16,302.29,313.49,302.29,309.9,25449,325.53,299.73,7.81,294.59,318.51,326.22,326.37,0,,
2017-03-17,310.69,313.05,306.81,308.87,31789,325.5,299.73,7.69,294.0,317.84,326.22,326.22,0,,
2017-03-20,309.71,309.71,304.99,306.22,144379,325.45,299.73,7.48,292.43,317.08,326.22,326.22,0,,
2017-03-21,305.78,310.35,305.58,309.61,26603,325.41,299.73,7.29,294.75,316.45,326.22,326.22,0,,
2017-03-22,307.59,311.62,306.22,310.44,14986,325.39,299.73,7.15,295.37,316.03,324.31,326.22,0,,
2017-03-23,312.56,312.56,307.89,311.23,17540,325.44,299.73,6.98,296.0,315.75,324.31,324.31,0,,
2017-03-24,312.02,318.51,309.17,315.66,34383,325.54,299.73,7.14,298.75,315.49,324.31,324.31,0,,
2017-03-27,315.11,315.11,301.75,303.91,71140,325.57,299.73,7.63,290.85,314.8,324.31,324.31,0,,
2017-03-28,305.23,305.63,299.83,301.75,53090,325.59,299.73,7.5,289.54,313.99,324.31,324.31,0,,
2017-03-29,301.79,301.79,298.85,300.42,18353,325.59,298.85,7.17,288.61,313.21,324.31,324.31,0,,
2017-03-30,300.81,312.61,299.78,310.44,41637,325.65,298.85,7.58,294.8,312.83,324.31,324.31,0,,
2017-03-31,307.4,314.48,305.82,308.53,28089,325.64,298.85,7.65,293.52,312.57,324.31,324.31,0,,
2017-04-03,309.61,317.52,307.94,310.54,246023,325.62,298.85,7.79,294.72,312.32,323.77,324.31,0,,
2017-04-05,309.81,330.01,305.82,316.0,149655,325.63,298.85,8.96,297.46,312.06,330.01,323.77,0,,
2017-04-06,311.82,318.95,311.82,314.43,18388,325.66,298.85,8.83,296.54,311.88,330.01,330.01,0,,
2017-04-07,313.25,321.06,313.25,318.56,65941,325.75,298.85,8.76,299.25,311.78,330.01,330.01,0,,
2017-04-10,315.7,322.44,315.7,318.16,29429,325.8,298.85,8.61,299.09,311.79,330.01,330.01,0,,
2017-04-11,318.51,321.26,312.21,316.69,29397,325.87,298.85,8.65,298.12,311.82,330.01,330.01,0,,
2017-04-12,318.41,318.51,313.69,316.34,29573,325.95,298.85,8.37,298.07,311.83,330.01,330.01,0,,
2017-04-13,317.38,319.54,315.66,317.97,85327,326.04,298.85,8.05,299.34,311.78,330.01,330.01,0,,
2017-04-17,315.36,319.0,314.52,316.49,17306,326.11,298.85,7.8,298.56,311.84,330.01,330.01,0,,
2017-04-18,316.49,318.11,312.71,313.79,21713,326.16,298.85,7.63,296.93,311.63,330.01,330.01,0,,
2017-04-19,313.79,317.33,310.89,314.43,19693,326.22,298.85,7.54,297.4,311.5,330.01,330.01,0,,
2017-04-20,315.61,316.49,312.66,313.84,14884,326.28,298.85,7.28,297.19,311.45,330.01,330.01,0,,
2017-04-21,314.57,316.59,310.59,311.43,23895,326.31,299.78,7.18,296.01,311.24,330.01,330.01,0,,
2017-04-24,314.43,318.41,311.43,312.95,156643,326.35,305.82,7.17,299.01,311.26,330.01,330.01,0,,
2017-04-25,313.34,317.57,310.74,311.58,131923,326.3,305.82,7.15,298.15,311.31,330.01,330.01,0,,
2017-04-26,314.48,316.0,309.76,311.92,91538,326.29,305.82,7.08,298.41,311.51,330.01,330.01,0,,
2017-04-27,319.44,321.5,314.67,317.18,88296,326.3,309.76,7.26,302.99,311.78,330.01,330.01,0,,
2017-04-28,318.51,318.65,313.59,316.54,29068,326.31,309.76,7.1,302.69,312.19,330.01,330.01,0,,
2017-05-02,317.52,317.97,311.72,312.61,24747,326.3,309.76,7.04,300.19,312.28,330.01,330.01,0,,
2017-05-03,312.95,315.11,309.66,310.64,44085,326.28,309.66,6.93,298.96,312.34,330.01,330.01,0,,
2017-05-04,311.62,316.79,305.97,308.48,34801,326.3,305.97,7.21,296.16,312.42,330.01,330.01,0,,
2017-05-05,308.23,312.12,302.78,305.04,61877,326.28,302.78,7.36,292.77,312.27,322.44,330.01,0,,
2017-05-08,303.81,308.92,287.54,291.91,110529,326.1,287.54,8.36,278.56,311.65,322.44,322.44,0,,
2017-05-09,297.67,304.55,294.91,302.33,52848,325.93,287.54,8.67,285.07,311.35,322.44,322.44,0,,
2017-05-10,302.38,308.18,300.57,306.76,32914,325.77,287.54,8.59,287.98,311.06,321.5,322.44,0,,
2017-05-11,309.66,309.66,299.93,304.35,29249,325.68,287.54,8.67,286.37,311.07,321.5,321.5,0,,
2017-05-12,307.69,311.03,298.01,299.63,99102,325.49,287.54,8.98,283.12,311.0,321.5,321.5,0,,
2017-05-15,299.83,308.92,297.91,298.85,407882,325.23,287.54,9.13,282.52,310.95,321.5,321.5,0,,
2017-05-16,302.63,302.63,295.9,296.68,48327,324.99,287.54,8.96,281.23,310.49,321.5,321.5,0,,
2017-05-17,297.86,299.53,294.03,294.57,35635,324.73,287.54,8.71,280.04,310.02,321.5,321.5,0,,
2017-05-18,293.88,303.76,293.68,294.67,44593,324.48,287.54,8.81,280.04,309.49,321.5,321.5,0,,
2017-05-19,301.79,301.79,290.0,295.06,129390,324.25,287.54,9.02,280.15,308.8,321.5,321.5,0,,
2017-05-22,299.29,299.29,291.96,292.36,147022,324.0,287.54,8.9,278.49,308.06,321.5,321.5,0,,
2017-05-23,291.03,292.95,285.23,286.11,29849,323.68,285.23,8.81,273.74,306.98,321.5,321.5,0,,
2017-05-24,289.9,298.85,287.34,290.49,34070,323.36,285.23,9.1,276.38,306.06,321.5,321.5,0,,
2017-05-25,291.47,296.88,288.18,289.41,38903,323.06,285.23,9.07,275.7,305.15,321.5,321.5,0,,
2017-05-26,289.6,291.96,288.52,289.8,178534,322.66,285.23,8.67,276.22,304.26,318.65,321.5,0,,
2017-05-29,288.03,294.42,285.28,290.73,174121,322.29,285.23,8.7,276.8,303.35,317.97,318.65,0,,
2017-05-30,296.88,314.28,292.01,312.26,359435,322.05,285.23,9.76,289.98,303.21,316.79,317.97,0,,
2017-05-31,314.57,330.3,311.18,325.24,197276,321.93,285.23,10.43,297.9,303.6,330.3,316.79,1,325.24,297.9
2017-06-01,325.24,339.15,323.62,334.19,766517,321.82,285.23,10.79,303.43,304.25,339.15,330.3,0,,
2017-06-02,334.23,337.58,325.39,327.94,36686,321.64,285.23,10.89,299.34,304.72,339.15,339.15,0,,
2017-06-05,330.89,331.29,322.44,329.57,41017,321.49,285.23,10.75,300.48,305.33,339.15,339.15,0,,
2017-06-06,331.97,331.97,316.2,319.05,23537,321.36,285.23,11.11,293.46,305.53,339.15,339.15,0,,
2017-06-07,317.82,327.16,308.23,310.4,51253,321.17,285.23,11.66,287.51,305.49,339.15,339.15,0,,
2017-06-08,312.61,318.95,310.1,317.33,37362,321.03,285.23,11.46,292.11,305.67,339.15,339.15,0,,
2017-06-09,315.9,328.68,315.02,327.35,82978,320.96,285.23,11.62,298.47,306.01,339.15,339.15,0,,
2017-06-12,330.11,334.58,329.57,331.73,238916,320.94,285.23,11.31,301.5,306.52,339.15,339.15,0,,
2017-06-13,334.73,336.2,327.35,329.12,105003,320.92,285.28,11.13,299.95,307.07,339.15,339.15,0,,
2017-06-14,333.2,333.69,319.59,322.93,108616,320.83,285.28,11.34,295.82,307.48,339.15,339.15,0,,
2017-06-15,323.42,326.37,310.64,314.72,174654,320.69,285.28,11.66,290.32,307.69,339.15,339.15,0,,
2017-06-16,316.54,316.59,313.1,314.67,218717,320.54,285.28,11.07,290.67,308.01,339.15,339.15,0,,
2017-06-19,323.42,324.11,312.61,313.2,86661,320.31,292.01,11.1,291.95,308.72,339.15,339.15,0,,
2017-06-20,316.29,316.39,309.86,312.46,50230,320.15,308.23,10.78,297.1,309.05,339.15,339.15,0,,
2017-06-21,313.1,313.44,307.69,309.17,47654,320.05,307.69,10.42,295.03,309.13,339.15,339.15,0,,
2017-06-22,310.74,317.03,294.47,303.07,938256,319.89,294.47,11.29,286.11,309.09,339.15,339.15,0,,
2017-06-23,303.17,307.05,300.32,302.33,49639,319.79,294.47,10.96,285.85,309.18,339.15,339.15,0,,
2017-06-27,304.65,314.57,302.29,308.53,132665,319.68,294.47,11.05,289.79,309.5,339.15,339.15,0,,
2017-06-28,311.38,312.56,307.1,307.59,77229,319.56,294.47,10.65,289.45,309.87,339.15,339.15,0,,
2017-06-29,307.74,311.97,307.1,309.36,26705,319.39,294.47,10.24,290.87,310.36,339.15,339.15,0,,
2017-06-30,308.09,310.4,306.76,308.92,45708,319.15,294.47,9.77,290.9,310.84,337.58,339.15,0,,
2017-07-03,313.39,313.39,308.68,309.76,46819,318.95,294.47,9.41,291.68,311.33,336.2,337.58,0,,
2017-07-04,307.4,314.72,307.4,310.05,70148,318.73,294.47,9.26,291.97,311.92,336.2,336.2,0,,
2017-07-05,312.21,313.15,305.38,310.99,58935,318.55,294.47,9.15,292.64,312.75,336.2,336.2,0,,
2017-07-06,312.21,312.41,281.25,293.44,4192238,318.25,281.25,10.72,275.87,312.84,336.2,336.2,0,,
2017-07-07,294.32,303.61,292.26,299.78,339613,317.99,281.25,10.77,279.93,313.19,336.2,336.2,0,,
2017-07-10,302.73,304.74,299.14,301.4,28779,317.74,281.25,10.4,281.22,313.58,336.2,336.2,0,,
2017-07-11,301.94,304.74,299.34,299.93,70403,317.52,281.25,10.04,280.51,313.88,336.2,336.2,0,,
2017-07-12,301.01,303.71,297.17,299.29,69085,317.28,281.25,9.79,280.26,313.45,333.69,336.2,0,,
2017-07-13,299.04,301.79,297.81,299.68,76532,317.08,281.25,9.38,280.79,312.6,326.37,333.69,0,,
2017-07-14,300.81,300.81,295.4,298.85,66728,316.85,281.25,9.09,280.45,311.42,324.11,326.37,0,,
2017-07-17,296.88,302.38,296.88,301.2,48180,316.63,281.25,8.84,282.13,310.53,324.11,324.11,0,,
2017-07-18,301.01,303.76,299.98,301.45,55310,316.42,281.25,8.48,282.53,309.59,317.03,324.11,0,,
2017-07-19,301.84,303.81,297.86,298.6,54598,316.2,281.25,8.3,280.82,308.91,317.03,317.03,0,,
2017-07-20,297.52,300.91,296.39,296.88,63447,315.97,281.25,8.03,279.89,308.46,317.03,317.03,0,,
2017-07-21,297.62,300.81,293.73,294.96,95167,315.72,281.25,7.96,278.69,307.71,314.72,317.03,0,,
2017-07-24,295.9,298.4,293.14,294.52,44191,315.47,281.25,7.77,278.54,306.62,314.72,314.72,0,,
2017-07-25,296.88,296.93,292.95,293.49,94102,315.21,281.25,7.5,278.05,305.34,314.72,314.72,0,,
2017-07-26,294.03,296.88,292.8,293.34,90706,314.95,281.25,7.25,278.12,304.15,314.72,314.72,0,,
2017-07-27,295.01,295.4,291.42,293.78,35818,314.73,291.42,7.02,281.95,303.18,314.72,314.72,0,,
2017-07-28,291.47,299.83,291.08,298.99,254449,314.54,291.08,7.14,285.11,302.66,314.72,314.72,0,,
2017-07-31,299.58,303.27,285.08,301.79,76525,314.35,285.08,7.93,284.39,302.23,314.72,314.72,0,,
2017-08-01,302.78,303.27,298.89,300.47,34511,314.13,285.08,7.68,283.71,301.8,313.15,314.72,0,,
2017-08-02,299.34,305.73,299.34,303.91,54653,313.9,285.08,7.59,285.99,301.52,312.41,313.15,0,,
2017-08-03,298.35,298.55,293.05,293.98,63216,313.64,285.08,7.82,279.43,301.01,305.73,312.41,0,,
2017-08-04,292.11,299.53,292.11,294.77,32239,313.42,285.08,7.79,279.96,300.73,305.73,305.73,0,,
2017-08-07,296.29,299.73,294.91,298.5,127033,313.21,285.08,7.59,282.5,300.61,305.73,305.73,0,,
2017-08-08,298.85,300.17,294.03,294.96,189461,312.93,285.08,7.48,280.29,300.15,305.73,305.73,0,,
2017-08-09,297.57,297.57,292.95,294.42,46963,312.64,285.08,7.28,280.07,299.72,305.73,305.73,0,,
2017-08-10,292.8,294.86,289.51,290.88,24884,312.35,285.08,7.14,277.88,299.1,305.73,305.73,0,,
2017-08-11,287.79,299.78,281.25,295.36,82668,312.13,281.25,7.96,278.95,298.65,305.73,305.73,0,,
2017-08-14,294.86,296.88,291.13,294.86,10856,311.87,281.25,7.8,278.74,298.15,305.73,305.73,0,,
2017-08-16,298.75,298.75,292.36,293.88,28762,311.6,281.25,7.7,278.17,297.61,305.73,305.73,0,,
2017-08-17,292.06,293.93,290.0,292.65,66806,311.32,281.25,7.43,277.56,297.0,305.73,305.73,0,,
2017-08-18,294.62,294.62,289.51,290.1,61871,311.03,281.25,7.26,276.02,296.89,305.73,305.73,0,,
2017-08-21,290.1,293.93,285.18,286.51,74037,310.71,281.25,7.37,273.64,296.45,305.73,305.73,0,,
2017-08-22,286.51,303.12,286.51,298.3,73896,310.48,281.25,8.03,280.8,296.34,305.73,305.73,0,,
2017-08-23,298.3,303.12,296.19,299.34,22091,310.25,281.25,7.95,281.52,296.32,305.73,305.73,0,,
2017-08-24,299.83,302.29,297.37,300.12,18739,310.02,281.25,7.73,282.17,296.35,305.73,305.73,0,,
2017-08-28,299.83,301.79,296.24,300.91,36173,309.84,281.25,7.58,282.78,296.39,305.73,305.73,0,,
2017-08-29,297.91,303.76,296.88,300.07,41756,309.61,281.25,7.53,282.28,296.43,305.73,305.73,0,,
2017-08-30,299.83,303.76,296.83,299.53,40879,309.39,281.25,7.49,281.96,296.38,305.73,305.73,0,,
2017-08-31,297.96,301.79,289.7,292.8,1000937,309.13,281.25,7.81,277.4,296.09,305.73,305.73,0,,
2017-09-01,293.0,295.7,290.24,292.55,34678,308.85,281.25,7.65,277.35,295.89,303.76,305.73,0,,
2017-09-04,292.46,292.46,287.64,288.57,77923,308.56,281.25,7.45,274.91,295.61,303.76,303.76,0,,
2017-09-05,287.2,297.27,287.2,295.06,41737,308.3,285.18,7.64,280.28,295.61,303.76,303.76,0,,
2017-09-06,294.91,296.63,292.01,295.4,19082,308.06,285.18,7.42,280.64,295.64,303.76,303.76,0,,
2017-09-07,294.91,296.88,292.21,293.44,41847,307.8,285.18,7.23,279.51,295.64,303.76,303.76,0,,
2017-09-08,294.81,295.4,286.26,291.96,29907,307.52,285.18,7.36,278.47,295.6,303.76,303.76,0,,
2017-09-11,297.86,297.86,291.67,293.98,345874,307.29,285.18,7.28,279.82,295.6,303.76,303.76,0,,
2017-09-12,295.9,297.81,293.98,295.9,18541,307.07,286.26,7.03,281.59,295.5,303.76,303.76,0,,
2017-09-13,294.91,296.88,292.95,294.91,702164,306.84,286.26,6.81,281.1,295.27,303.76,303.76,0,,
2017-09-14,293.14,297.86,292.46,296.83,24423,306.67,286.26,6.71,282.4,295.15,303.76,303.76,0,,
2017-09-15,295.26,296.83,292.06,294.03,17306,306.5,286.26,6.57,280.69,294.82,303.76,303.76,0,,
2017-09-18,293.05,296.78,293.05,294.91,293174,306.31,286.26,6.37,281.39,294.85,303.76,303.76,0,,
2017-09-19,295.45,299.09,293.05,298.06,418795,306.13,286.26,6.35,283.44,294.96,303.76,303.76,0,,
2017-09-20,295.06,299.73,294.42,296.39,15302,305.93,286.26,6.27,282.41,294.89,303.76,303.76,0,,
2017-09-21,298.7,298.7,294.57,295.7,15274,305.75,286.26,6.12,282.07,294.91,303.76,303.76,0,,
2017-09-22,295.06,297.37,292.95,294.08,32744,305.56,286.26,6.0,281.1,294.9,303.76,303.76,0,,
2017-09-25,294.03,299.34,289.01,295.26,37155,305.42,286.26,6.31,281.66,295.05,303.76,303.76,0,,
2017-09-26,294.91,297.67,291.96,295.11,37446,305.27,286.26,6.26,281.59,295.04,303.76,303.76,0,,
2017-09-27,293.98,296.58,291.08,292.21,22593,305.06,286.26,6.21,279.76,294.95,301.79,303.76,0,,
2017-09-28,294.67,295.7,290.1,293.29,30653,304.88,286.26,6.17,280.48,294.93,299.73,301.79,0,,
2017-09-29,293.0,299.73,292.01,297.96,32610,304.72,289.01,6.28,284.34,295.11,299.73,299.73,0,,
2017-10-03,297.96,297.96,293.19,296.83,23907,304.58,289.01,6.17,283.68,295.33,299.73,299.73,0,,
2017-10-04,293.93,296.58,293.44,293.78,11117,304.44,289.01,5.97,281.84,295.58,299.73,299.73,0,,
2017-10-05,293.05,295.9,292.06,295.36,18091,304.3,289.01,5.82,282.96,295.48,299.73,299.73,0,,
2017-10-06,295.95,297.86,293.98,296.53,15150,304.14,289.01,5.68,283.81,295.38,299.73,299.73,0,,
2017-10-09,295.16,296.39,295.16,295.8,16691,304.02,289.01,5.37,283.55,295.24,299.73,299.73,0,,
2017-10-10,297.86,297.86,294.86,296.09,20793,303.86,289.01,5.2,283.85,295.08,299.73,299.73,0,,
2017-10-11,295.99,298.35,295.99,297.27,30267,303.72,289.01,5.0,284.74,294.99,299.73,299.73,0,,
2017-10-12,296.39,299.73,294.08,296.98,43746,303.6,289.01,5.05,284.52,294.9,299.73,299.73,0,,
2017-10-13,296.98,297.86,294.08,295.99,23101,303.45,289.01,4.96,283.95,295.01,299.73,299.73,0,,
2017-10-16,297.03,302.29,296.34,300.81,23035,303.37,289.01,5.05,286.99,295.28,302.29,299.73,1,300.81,286.99
2017-10-17,299.78,301.65,296.88,298.3,18804,303.3,290.1,5.03,285.75,295.61,302.29,302.29,0,,
2017-10-18,300.76,304.5,297.86,301.65,23893,303.27,290.1,5.15,287.83,295.83,304.5,302.29,0,,
2017-10-19,302.78,305.23,298.35,301.3,15619,303.22,290.1,5.27,287.52,296.02,305.23,304.5,0,,
2017-10-23,298.85,304.6,298.85,301.06,11360,303.2,292.01,5.3,287.98,296.28,305.23,305.23,0,,
2017-10-24,301.25,303.71,297.22,297.71,6392,303.11,292.06,5.39,285.78,296.47,305.23,305.23,0,,
2017-10-25,298.85,303.66,298.35,302.29,143396,303.07,292.06,5.43,288.71,296.75,305.23,305.23,0,,
2017-10-26,304.74,304.74,298.89,300.17,49819,303.03,292.06,5.46,287.32,296.89,305.23,305.23,0,,
2017-10-27,299.83,300.81,293.19,295.11,22188,302.93,293.19,5.61,284.33,296.9,305.23,305.23,0,,
2017-10-30,295.11,303.86,295.11,297.81,57886,302.85,293.19,5.84,285.93,296.93,305.23,305.23,0,,
2017-10-31,298.85,303.27,297.86,301.79,71262,302.79,293.19,5.81,288.51,297.19,305.23,305.23,0,,
2017-11-01,304.64,304.64,297.96,301.25,16645,302.69,293.19,5.87,288.12,297.4,305.23,305.23,0,,
2017-11-02,301.79,301.79,297.86,299.73,35286,302.66,293.19,5.73,287.23,297.45,305.23,305.23,0,,
2017-11-03,299.73,302.29,293.93,294.86,91008,302.62,293.19,5.92,283.97,297.4,305.23,305.23,0,,
2017-11-06,295.9,299.73,294.72,298.85,64074,302.61,293.19,5.86,286.58,297.51,305.23,305.23,0,,
2017-11-07,298.65,298.65,290.19,290.83,64505,302.47,290.19,6.06,280.28,297.4,305.23,305.23,0,,
2017-11-08,291.96,293.73,288.92,289.41,20216,302.35,288.92,5.97,279.0,297.2,305.23,305.23,0,,
2017-11-09,292.75,294.42,290.59,293.29,17984,302.23,288.92,5.9,281.55,297.14,305.23,305.23,0,,
2017-11-10,294.72,294.91,291.37,294.57,34229,302.09,288.92,5.73,282.48,297.22,305.23,305.23,0,,
2017-11-13,291.96,292.55,288.03,289.56,16543,301.92,288.03,5.79,278.92,297.1,305.23,305.23,0,,
2017-11-14,287.2,292.7,287.2,290.29,15872,301.74,287.2,5.77,279.13,296.84,305.23,305.23,0,,
2017-11-15,290.0,291.72,285.08,286.9,14806,301.53,285.08,5.83,276.19,296.51,305.23,305.23,0,,
2017-11-16,290.0,294.96,286.07,294.57,35487,301.38,285.08,6.05,280.99,296.54,305.23,305.23,0,,
2017-11-17,292.95,295.9,290.05,292.26,29539,301.22,285.08,6.03,279.51,296.43,304.74,305.23,0,,
2017-11-20,294.91,295.85,287.39,288.87,17103,301.02,285.08,6.21,277.21,296.18,304.74,304.74,0,,
2017-11-21,290.49,292.85,288.72,291.91,10662,300.86,285.08,6.06,279.27,296.05,304.74,304.74,0,,
2017-11-22,292.21,295.9,288.92,289.8,43972,300.7,285.08,6.13,277.86,295.84,304.74,304.74,0,,
2017-11-23,292.46,294.96,285.57,292.16,45514,300.55,285.08,6.36,279.23,295.67,304.64,304.74,0,,
2017-11-24,291.96,292.01,289.11,290.15,23441,300.39,285.08,6.12,278.09,295.44,304.64,304.64,0,,
2017-11-27,291.72,293.93,287.29,288.92,21197,300.24,285.08,6.16,277.27,295.21,304.64,304.64,0,,
2017-11-28,293.44,294.42,288.18,291.13,36618,300.1,285.08,6.16,278.7,294.88,304.64,304.64,0,,
2017-11-29,292.95,296.88,292.01,296.24,240253,300.0,285.08,6.14,282.01,294.81,302.29,304.64,0,,
2017-11-30,297.81,298.21,289.21,293.88,136759,299.88,285.08,6.34,280.35,294.56,302.29,302.29,0,,
2017-12-01,293.14,294.91,289.51,290.19,34984,299.7,285.08,6.27,278.02,294.19,299.73,302.29,0,,
2017-12-04,290.0,292.6,288.18,291.13,10569,299.53,285.08,6.14,278.71,293.85,298.65,299.73,0,,
2017-12-05,294.57,294.57,289.41,289.9,17560,299.38,285.08,6.07,277.97,293.59,298.21,298.65,0,,
2017-12-06,289.21,291.96,281.69,283.12,46470,299.19,281.69,6.37,272.26,292.96,298.21,298.21,0,,
2017-12-07,284.1,286.07,278.2,281.0,41918,299.01,278.2,6.48,269.66,292.32,298.21,298.21,0,,
2017-12-08,285.03,289.95,280.51,283.41,196288,298.86,278.2,6.69,271.07,291.93,298.21,298.21,0,,
2017-12-11,293.93,294.91,289.06,290.1,74017,298.85,278.2,7.03,275.16,291.67,298.21,298.21,0,,
2017-12-12,292.75,292.75,286.07,287.1,28671,298.75,278.2,7.01,273.24,291.18,298.21,298.21,0,,
2017-12-13,288.03,290.78,283.61,284.15,32593,298.6,278.2,7.02,271.33,290.61,298.21,298.21,0,,
2017-12-14,283.85,287.05,280.17,283.66,68437,298.46,278.2,7.01,271.02,290.07,298.21,298.21,0,,
2017-12-15,289.01,289.36,278.79,280.61,98691,298.34,278.2,7.26,268.88,289.6,298.21,298.21,0,,
2017-12-18,284.05,285.57,278.79,280.36,35593,298.21,278.2,7.23,268.75,288.98,298.21,298.21,0,,
2017-12-19,282.13,283.71,276.68,278.2,56335,298.09,276.68,7.21,266.86,288.56,298.21,298.21,0,,
2017-12-20,278.2,280.71,277.22,278.35,53083,297.98,276.68,6.95,267.13,288.19,298.21,298.21,0,,
2017-12-21,281.35,286.07,278.74,284.3,843584,297.91,276.68,7.0,270.93,287.89,298.21,298.21,0,,
2017-12-22,285.33,293.44,285.33,292.16,86627,297.89,276.68,7.16,275.9,287.81,298.21,298.21,0,,
2017-12-26,294.91,294.91,291.96,293.68,37762,297.9,276.68,6.86,277.08,287.95,298.21,298.21,0,,
2017-12-27,293.83,296.88,291.96,293.39,57777,297.95,276.68,6.72,276.98,288.05,298.21,298.21,0,,
2017-12-28,293.39,295.9,292.6,293.88,31440,297.97,276.68,6.47,277.46,288.29,298.21,298.21,0,,
2017-12-29,296.68,296.68,291.18,293.19,15959,298.0,276.68,6.4,277.06,288.24,296.88,298.21,0,,
2018-01-01,293.93,295.9,290.98,293.0,18796,298.02,276.68,6.3,277.01,288.26,296.88,296.88,0,,
2018-01-02,294.86,295.4,292.11,293.49,55896,298.04,276.68,6.08,277.47,288.42,296.88,296.88,0,,
2018-01-03,294.91,294.91,291.96,292.75,67705,297.91,276.68,5.86,277.14,288.45,296.88,296.88,0,,
2018-01-04,295.5,295.5,289.01,289.85,220240,297.67,276.68,5.9,275.24,288.45,296.88,296.88,0,,
2018-01-05,293.83,293.83,290.0,291.82,35475,297.39,276.68,5.77,276.61,288.44,296.88,296.88,0,,
2018-01-08,293.93,294.91,290.0,291.67,90241,297.15,276.68,5.71,276.55,288.49,296.88,296.88,0,,
2018-01-09,293.73,293.73,289.01,289.65,50174,296.88,276.68,5.64,275.29,288.51,296.88,296.88,0,,
2018-01-10,292.75,292.75,286.31,287.79,57225,296.67,277.22,5.69,274.24,288.4,296.88,296.88,0,,
2018-01-11,287.79,290.88,287.15,287.74,71818,296.52,278.74,5.55,274.8,288.12,296.88,296.88,0,,
2018-01-12,287.74,290.0,287.29,287.88,50404,296.33,285.33,5.35,277.23,287.92,296.88,296.88,0,,
2018-01-15,290.78,290.78,284.59,286.7,150045,296.05,284.59,5.41,276.18,287.8,296.88,296.88,0,,
2018-01-16,287.54,287.54,283.12,284.3,33162,295.74,283.12,5.34,274.19,287.57,296.88,296.88,0,,
2018-01-17,287.74,287.74,284.05,285.03,169150,295.44,283.12,5.22,274.74,287.41,296.88,296.88,0,,
2018-01-18,285.23,286.16,283.12,284.44,57744,295.19,283.12,5.07,274.46,287.46,296.88,296.88,0,,
2018-01-19,285.48,285.97,282.18,284.69,38963,294.99,282.18,4.97,274.37,287.58,296.88,296.88,0,,
2018-01-22,285.08,285.28,283.41,284.1,21651,294.78,282.18,4.75,274.14,287.6,296.88,296.88,0,,
2018-01-23,285.08,291.96,282.87,283.76,43631,294.59,282.18,5.06,273.71,287.39,296.88,296.88,0,,
2018-01-24,283.76,285.08,282.13,282.43,20901,294.39,282.13,4.91,272.94,287.23,296.68,296.88,0,,
2018-01-25,284.1,285.08,281.64,284.69,21624,294.22,281.64,4.81,274.3,287.25,296.68,296.68,0,,
2018-01-29,285.87,285.87,282.13,283.51,26889,294.09,281.64,4.73,273.59,287.25,295.9,296.68,0,,
2018-01-30,282.13,284.54,280.46,281.25,56529,293.95,280.46,4.68,271.77,287.27,295.5,295.9,0,,
2018-01-31,280.71,283.12,280.17,280.56,19753,293.77,280.17,4.56,271.31,287.27,295.5,295.5,0,,
2018-02-01,280.17,294.91,279.28,287.98,1014805,293.64,279.28,5.35,275.27,287.6,295.5,295.5,0,,
2018-02-02,289.36,295.7,286.16,291.32,298186,293.52,279.28,5.65,277.23,288.03,295.7,295.5,0,,
2018-02-05,291.32,295.85,282.13,287.83,378896,293.38,279.28,6.23,274.59,288.15,295.85,295.7,0,,
2018-02-06,279.18,290.98,279.18,288.57,144509,293.23,279.18,6.62,274.77,288.03,295.85,295.85,0,,
2018-02-07,290.0,302.14,285.13,296.93,215033,293.15,279.18,7.37,279.67,288.14,302.14,295.85,1,296.93,279.67
2018-02-08,299.83,301.79,292.95,296.34,88405,293.05,279.18,7.47,279.22,288.24,302.14,302.14,0,,
2018-02-09,296.88,299.34,292.6,298.3,32197,293.08,279.18,7.42,280.52,288.39,302.14,302.14,0,,
2018-02-12,298.85,315.46,294.91,309.51,267228,293.15,279.18,8.36,287.12,288.93,315.46,302.14,1,309.51,287.12
2018-02-14,304.74,308.68,300.17,300.86,73957,293.14,279.18,8.43,281.5,289.19,315.46,315.46,0,,
2018-02-15,307.69,309.66,299.98,301.65,70399,293.15,279.18,8.52,281.95,289.46,315.46,315.46,0,,
2018-02-16,306.71,306.71,296.73,301.5,48328,293.17,279.18,8.62,281.78,289.76,315.46,315.46,0,,
2018-02-19,300.81,303.76,295.9,301.25,38588,293.18,279.18,8.57,281.65,290.14,315.46,315.46,0,,
2018-02-20,301.25,309.46,299.48,306.86,79042,293.23,279.18,8.67,285.21,290.64,315.46,315.46,0,,
2018-02-21,304.79,306.71,299.88,302.88,31656,293.24,279.18,8.55,282.72,291.01,315.46,315.46,0,,
2018-02-22,302.88,308.48,299.83,302.29,29548,293.25,279.18,8.55,282.33,291.43,315.46,315.46,0,,
2018-02-23,302.83,307.69,300.12,306.46,27264,293.3,279.18,8.48,285.07,292.05,315.46,315.46,0,,
2018-02-26,301.99,307.79,293.05,304.55,170316,293.35,279.18,8.93,283.54,292.61,315.46,315.46,0,,
2018-02-27,304.74,308.13,293.24,294.91,1171501,293.35,279.18,9.36,277.04,292.85,315.46,315.46,0,,
2018-02-28,294.81,299.83,291.96,295.16,90446,293.36,285.13,9.25,279.25,293.13,315.46,315.46,0,,
2018-03-01,294.91,298.55,292.95,294.52,204685,293.36,291.96,8.99,281.29,293.47,315.46,315.46,0,,
2018-03-05,293.93,296.83,292.95,294.81,35994,293.37,291.96,8.62,281.72,293.8,315.46,315.46,0,,
2018-03-06,296.68,296.68,288.33,290.49,40297,293.35,288.33,8.61,277.74,294.0,315.46,315.46,0,,
2018-03-07,289.01,290.78,280.17,289.56,41117,293.29,280.17,8.75,274.32,294.16,315.46,315.46,0,,
2018-03-08,288.57,291.96,282.77,290.1,32468,293.21,280.17,8.78,274.65,294.36,315.46,315.46,0,,
2018-03-09,287.05,292.16,287.05,290.15,324960,293.14,280.17,8.52,274.86,294.57,315.46,315.46,0,,
2018-03-12,291.96,292.95,287.05,288.57,38136,293.04,280.17,8.33,273.96,294.78,315.46,315.46,0,,
2018-03-13,292.46,293.98,287.98,293.63,46106,293.04,280.17,8.16,277.34,295.08,315.46,315.46,0,,
2018-03-14,294.42,294.42,289.11,292.75,14305,293.02,280.17,7.96,276.91,295.38,309.66,315.46,0,,
2018-03-15,290.0,292.75,289.9,290.98,207185,292.97,280.17,7.6,276.01,295.71,309.66,309.66,0,,
2018-03-16,290.1,293.0,287.29,290.59,20053,292.94,280.17,7.46,275.85,296.04,309.46,309.66,0,,
2018-03-19,288.03,290.59,286.61,288.08,12309,292.9,280.17,7.21,274.39,296.05,309.46,309.46,0,,
2018-03-20,285.18,290.0,284.2,287.05,641456,292.88,280.17,7.11,273.8,295.9,309.46,309.46,0,,
2018-03-21,287.05,291.96,287.05,290.73,68718,292.85,280.17,6.95,276.27,296.0,308.48,309.46,0,,
2018-03-22,290.1,291.91,286.07,287.0,37723,292.79,280.17,6.87,273.92,295.95,308.48,308.48,0,,
2018-03-23,284.1,289.01,280.12,280.56,85381,292.7,280.12,7.02,269.66,295.4,308.13,308.48,0,,
2018-03-26,284.98,284.98,277.22,278.1,56553,292.61,277.22,7.07,267.07,294.8,308.13,308.13,0,,
2018-03-27,278.4,282.13,277.32,279.28,60476,292.54,277.22,6.91,267.94,294.16,308.13,308.13,0,,
2018-03-28,279.18,280.17,272.4,274.51,54433,292.46,272.4,6.97,263.21,292.99,299.83,308.13,0,,
2018-04-02,279.18,279.18,274.32,276.24,37758,292.31,272.4,6.82,264.43,292.17,298.55,299.83,0,,
2018-04-03,275.25,286.85,275.1,285.52,93068,292.22,272.4,7.17,270.18,291.64,296.83,298.55,0,,
2018-04-04,289.01,289.01,281.4,284.49,66486,292.11,272.4,7.2,269.49,291.07,296.68,296.83,0,,
2018-04-05,289.41,289.41,282.62,283.85,26142,292.0,272.4,7.17,269.1,290.49,294.42,296.68,0,,
2018-04-06,286.66,286.66,278.84,280.46,46361,291.87,272.4,7.22,266.88,289.61,294.42,294.42,0,,
2018-04-09,282.72,283.12,278.45,279.53,43105,291.73,272.4,7.04,266.4,288.83,294.42,294.42,0,,
2018-04-10,278.4,281.2,273.58,273.97,55208,291.61,272.4,7.08,262.79,287.89,294.42,294.42,0,,
2018-04-11,278.1,280.02,273.29,274.91,37751,291.49,272.4,7.05,263.41,286.84,294.42,294.42,0,,
2018-04-12,276.28,277.66,269.85,270.34,51198,291.37,269.85,7.11,259.58,285.69,294.42,294.42,0,,
2018-04-13,270.34,271.07,268.37,269.5,31681,291.2,268.37,6.79,258.75,284.85,293.0,294.42,0,,
2018-04-16,271.32,271.32,265.91,267.68,45776,291.01,265.91,6.69,256.83,283.93,293.0,293.0,0,,
2018-04-17,269.45,270.73,267.78,268.81,22247,290.85,265.91,6.43,257.73,283.07,291.96,293.0,0,,
2018-04-18,270.29,270.34,265.91,266.75,76569,290.68,265.91,6.29,256.5,282.14,291.96,291.96,0,,
2018-04-19,269.26,270.58,266.36,267.68,56727,290.51,265.91,6.14,257.19,281.38,291.96,291.96,0,,
2018-04-20,267.49,270.39,267.49,270.19,16971,290.34,265.91,5.91,258.97,280.73,291.91,291.96,0,,
2018-04-23,270.34,270.39,267.39,268.22,30840,290.16,265.91,5.7,257.84,280.0,289.41,291.91,0,,
2018-04-24,270.29,272.11,267.39,268.17,47871,289.97,265.91,5.63,257.85,279.27,289.41,289.41,0,,
2018-04-25,270.04,270.04,264.44,265.08,65204,289.77,264.44,5.63,255.37,278.49,289.41,289.41,0,,
2018-04-26,265.47,270.39,265.47,268.91,35510,289.6,264.44,5.61,257.85,277.66,289.41,289.41,0,,
2018-04-27,270.29,270.48,269.26,269.85,15951,289.41,264.44,5.32,258.65,276.9,289.41,289.41,0,,
2018-04-30,271.27,273.29,269.65,270.53,31774,289.24,264.44,5.2,259.17,276.22,289.41,289.41,0,,
2018-05-02,273.09,273.09,256.13,265.96,119299,289.04,256.13,6.04,252.89,275.4,289.41,289.41,0,,
2018-05-03,266.55,266.55,259.82,265.03,17958,288.85,256.13,6.09,252.26,274.63,289.41,289.41,0,,
2018-05-04,265.57,265.57,262.47,263.21,65639,288.63,256.13,5.88,251.23,273.84,286.66,289.41,0,,
2018-05-07,263.6,270.44,261.59,269.11,43118,288.46,256.13,6.09,254.89,273.11,283.12,286.66,0,,
2018-05-08,269.35,271.91,263.6,270.04,21811,288.31,256.13,6.25,255.39,272.55,281.2,283.12,0,,
2018-05-09,271.81,272.3,263.95,266.11,28803,288.13,256.13,6.4,252.75,272.07,280.02,281.2,0,,
2018-05-10,266.4,268.22,261.0,263.01,1019157,287.9,256.13,6.46,250.71,271.56,277.66,280.02,0,,
2018-05-11,263.55,264.39,258.29,260.41,58064,287.66,256.13,6.43,249.05,270.94,273.29,277.66,0,,
2018-05-14,260.7,261.98,251.86,255.25,89816,287.4,251.86,6.69,244.13,270.29,273.29,273.29,0,,
2018-05-15,255.59,256.57,253.13,253.63,67678,287.12,251.86,6.46,243.24,269.54,273.29,273.29,0,,
2018-05-16,253.58,262.23,248.81,252.94,63130,286.83,248.81,6.96,241.44,268.45,273.29,273.29,0,,
2018-05-17,255.15,255.15,245.76,246.55,50864,286.5,245.76,7.13,236.19,267.19,273.29,273.29,0,,
2018-05-18,249.0,252.64,242.52,247.28,225458,286.18,242.52,7.35,235.44,265.97,273.29,273.29,0,,
2018-05-21,245.76,247.19,230.57,235.19,111139,285.76,230.57,8.01,223.21,264.46,273.29,273.29,0,,
2018-05-22,238.14,238.14,228.07,229.39,60369,285.31,228.07,8.16,218.54,262.79,273.29,273.29,0,,
2018-05-23,230.03,231.06,225.36,226.44,98849,284.85,225.36,7.99,215.85,261.21,273.29,273.29,0,,
2018-05-24,228.85,235.93,226.54,229.39,644501,284.37,225.36,8.09,217.68,259.69,273.29,273.29,0,,
2018-05-25,230.18,232.78,228.9,230.72,268659,283.92,225.36,7.79,218.74,258.37,273.29,273.29,0,,
2018-05-28,235.29,235.29,223.2,230.33,85772,283.45,223.2,8.1,217.56,257.06,273.29,273.29,0,,
2018-05-29,231.02,244.09,231.02,238.98,184489,283.03,223.2,8.5,222.87,256.11,273.09,273.29,0,,
2018-05-30,235.93,240.85,211.65,235.44,80964,282.59,211.65,9.98,215.75,254.99,272.3,273.09,0,,
2018-05-31,235.39,235.98,221.18,229.0,491430,282.14,211.65,10.33,211.37,253.73,272.3,272.3,0,,
2018-06-01,232.98,232.98,226.3,229.93,35882,281.65,211.65,10.07,212.14,252.48,272.3,272.3,0,,
2018-06-04,232.78,234.6,220.45,224.13,18919,281.15,211.65,10.36,208.21,250.94,272.3,272.3,0,,
2018-06-05,224.13,231.02,216.61,224.33,74537,280.67,211.65,10.65,208.15,249.48,272.3,272.3,0,,
2018-06-06,221.18,231.51,221.18,230.77,176803,280.23,211.65,10.62,212.31,248.23,268.22,272.3,0,,
2018-06-07,230.03,236.77,228.02,229.39,36281,279.74,211.65,10.49,211.51,247.04,264.39,268.22,0,,
2018-06-08,229.39,233.42,227.62,229.59,36363,279.27,211.65,10.16,211.87,245.73,262.23,264.39,0,,
2018-06-11,231.46,232.98,229.05,230.08,12893,278.8,211.65,9.71,212.48,244.41,262.23,262.23,0,,
2018-06-12,228.12,231.46,224.13,226.1,168647,278.34,211.65,9.54,210.02,242.92,262.23,262.23,0,,
2018-06-13,224.48,226.1,221.23,222.27,13202,277.83,211.65,9.21,207.78,241.47,255.15,262.23,0,,
2018-06-14,221.97,226.15,221.92,224.23,28572,277.39,211.65,8.85,209.28,240.11,252.64,255.15,0,,
2018-06-15,223.15,227.77,221.97,226.84,32445,276.97,211.65,8.63,211.11,238.9,247.19,252.64,0,,
2018-06-18,227.08,235.88,226.84,228.21,17542,276.54,211.65,8.66,211.97,237.53,244.09,247.19,0,,
2018-06-19,228.21,230.67,222.17,223.45,25546,276.06,211.65,8.65,208.91,235.98,244.09,244.09,0,,
2018-06-20,224.43,229.84,223.3,226.25,53674,275.64,216.61,8.5,212.47,234.65,244.09,244.09,0,,
2018-06-21,226.54,229.93,224.23,225.9,8564,275.21,216.61,8.3,212.38,233.41,244.09,244.09,0,,
2018-06-22,226.05,230.03,224.13,228.85,18450,274.83,216.61,8.13,214.39,232.36,244.09,244.09,0,,
2018-06-25,226.1,230.82,226.1,229.2,13309,274.39,216.61,7.89,214.78,231.49,244.09,244.09,0,,
2018-06-26,229.69,229.84,226.15,228.07,18454,273.96,221.18,7.59,215.77,230.64,240.85,244.09,0,,
2018-06-27,226.39,229.39,225.12,227.23,37354,273.55,221.23,7.35,215.41,229.78,236.77,240.85,0,,
2018-06-28,226.2,229.98,225.12,227.92,19158,273.12,221.23,7.17,215.97,229.16,236.77,236.77,0,,
2018-06-29,227.92,231.95,221.33,229.88,11801,272.73,221.23,7.42,217.07,228.58,236.77,236.77,0,,
2018-07-02,229.64,236.91,226.54,228.21,7076,272.3,221.23,7.63,215.85,228.35,236.91,236.77,0,,
2018-07-03,226.15,231.02,225.07,230.47,12023,271.9,221.23,7.51,217.39,228.39,236.91,236.91,0,,
2018-07-04,229.69,231.9,226.54,229.98,12653,271.51,221.33,7.35,217.21,228.5,236.91,236.91,0,,
2018-07-05,226.59,234.95,226.59,231.95,11838,271.11,221.33,7.43,218.43,228.59,236.91,236.91,0,,
2018-07-06,232.0,240.35,230.67,237.6,19810,270.72,221.33,7.59,221.97,228.82,240.35,236.91,1,237.6,221.97
2018-07-09,235.49,244.78,235.49,241.19,11561,270.37,221.33,7.71,224.2,229.18,244.78,240.35,0,,
2018-07-10,240.26,244.78,237.9,242.27,22121,270.05,221.33,7.65,224.94,229.29,244.78,244.78,0,,
2018-07-11,240.26,246.74,236.96,245.07,10545,269.74,221.33,7.8,226.65,229.61,246.74,244.78,1,245.07,226.65
2018-07-12,242.81,245.71,240.85,241.48,14797,269.42,221.33,7.59,224.47,230.03,246.74,246.74,0,,
2018-07-13,239.86,244.38,238.49,240.94,7896,269.14,221.33,7.47,224.2,230.4,246.74,246.74,0,,
2018-07-16,239.86,250.58,239.86,248.02,102420,268.92,221.33,7.7,228.61,231.19,250.58,246.74,1,248.02,228.61
2018-07-17,246.55,249.35,245.81,248.32,9701,268.69,221.33,7.41,229.01,231.99,250.58,250.58,0,,
2018-07-18,248.71,251.07,238.19,245.02,33190,268.39,221.33,7.8,226.62,232.47,251.07,250.58,0,,
2018-07-19,241.04,244.34,240.85,244.09,82279,268.1,221.33,7.54,226.19,232.96,251.07,251.07,0,,
2018-07-20,242.81,248.66,241.53,245.86,7540,267.84,225.07,7.51,228.6,233.5,251.07,251.07,0,,
2018-07-23,245.76,246.74,242.52,245.32,4739,267.59,225.07,7.27,228.41,234.01,251.07,251.07,0,,
2018-07-24,245.76,248.86,242.07,247.19,11307,267.37,226.54,7.24,230.13,234.71,251.07,251.07,0,,
2018-07-25,247.33,251.17,242.22,247.43,11148,267.15,226.59,7.36,230.22,235.55,251.17,251.07,0,,
2018-07-26,244.78,249.69,244.53,247.04,8861,266.94,230.67,7.2,231.43,236.31,251.17,251.17,0,,
2018-07-27,245.76,247.87,245.76,247.58,8208,266.73,235.49,6.84,233.63,237.0,251.17,251.17,0,,
2018-07-30,250.04,254.61,248.76,251.27,220501,266.51,236.96,6.85,236.49,237.77,254.61,251.17,1,251.27,236.49
2018-07-31,250.68,256.57,250.68,255.39,108454,266.27,236.96,6.78,239.19,238.83,256.57,254.61,0,,
2018-08-01,255.35,257.51,251.56,255.39,15976,266.01,238.19,6.73,239.64,239.8,257.51,256.57,0,,
2018-08-02,255.1,257.56,251.17,257.02,20169,265.77,238.19,6.7,240.71,240.84,257.56,257.51,0,,
2018-08-03,246.79,249.69,240.99,248.51,112548,265.47,238.19,7.37,234.77,241.5,257.56,257.56,0,,
2018-08-06,250.68,250.68,243.4,245.81,110484,265.15,238.19,7.36,233.04,242.05,257.56,257.56,0,,
2018-08-07,247.73,251.22,244.83,246.5,49972,264.84,238.19,7.29,233.53,242.67,257.56,257.56,0,,
2018-08-08,246.3,250.73,246.3,247.78,51777,264.54,240.85,7.09,235.38,243.35,257.56,257.56,0,,
2018-08-09,246.84,251.17,243.99,246.45,294476,264.23,240.99,7.09,234.56,243.97,257.56,257.56,0,,
2018-08-10,247.87,250.87,238.34,242.61,175065,263.91,238.34,7.48,230.94,244.39,257.56,257.56,0,,
2018-08-13,242.57,250.68,238.83,246.2,14655,263.61,238.34,7.79,233.05,244.99,257.56,257.56,0,,
2018-08-14,243.79,248.22,240.35,241.63,17158,263.28,238.34,7.8,230.1,245.36,257.56,257.56,0,,
2018-08-16,241.63,245.76,240.16,244.88,8292,262.98,238.34,7.64,232.3,245.86,257.56,257.56,0,,
2018-08-17,242.37,243.01,240.35,241.04,14295,262.67,238.34,7.42,229.97,246.16,257.56,257.56,0,,
2018-08-20,242.81,242.81,236.52,238.39,12198,262.34,236.52,7.34,227.71,246.19,257.56,257.56,0,,
2018-08-21,241.83,245.76,238.93,241.04,13936,262.02,236.52,7.34,229.42,246.18,257.56,257.56,0,,
2018-08-23,241.04,245.96,240.7,241.09,18423,261.72,236.52,7.19,229.55,246.15,257.56,257.56,0,,
2018-08-24,241.83,250.43,241.63,245.07,20271,261.46,236.52,7.35,232.01,246.15,257.56,257.56,0,,
2018-08-27,260.41,260.41,247.28,248.17,35014,261.21,236.52,7.92,233.63,246.37,260.41,257.56,0,,
2018-08-28,250.18,250.28,245.12,247.33,11753,260.97,236.52,7.72,233.22,246.58,260.41,260.41,0,,
2018-08-29,244.48,248.96,244.48,248.12,10289,260.72,236.52,7.49,233.88,246.58,260.41,260.41,0,,
2018-08-30,246.79,251.66,246.25,247.48,8498,260.48,236.52,7.34,233.57,246.56,260.41,260.41,0,,
2018-08-31,248.07,249.69,245.86,248.02,9855,260.24,236.52,7.09,234.09,246.66,260.41,260.41,0,,
2018-09-03,246.4,254.17,245.86,250.77,15697,260.03,236.52,7.18,235.8,246.88,260.41,260.41,0,,
2018-09-04,247.19,251.9,247.19,250.77,20087,259.8,236.52,7.0,235.92,247.04,260.41,260.41,0,,
2018-09-05,253.53,253.53,245.86,247.04,6634,259.56,236.52,7.05,233.48,247.1,260.41,260.41,0,,
2018-09-06,251.95,251.95,246.4,247.14,21396,259.33,236.52,6.94,233.62,247.1,260.41,260.41,0,,
2018-09-07,248.41,250.97,246.74,249.99,27154,259.13,236.52,6.75,235.59,247.18,260.41,260.41,0,,
2018-09-10,252.64,252.64,248.17,249.64,31382,258.87,236.52,6.59,235.47,247.27,260.41,260.41,0,,
2018-09-11,249.69,251.66,244.83,246.25,85731,258.57,238.93,6.6,234.07,247.23,260.41,260.41,0,,
2018-09-12,250.63,253.53,247.87,251.56,34780,258.33,240.7,6.65,238.06,247.24,260.41,260.41,0,,
2018-09-14,251.66,252.49,246.84,247.48,32312,258.06,241.63,6.58,235.78,246.97,260.41,260.41,0,,
2018-09-17,249.5,251.12,247.73,249.15,21899,257.74,244.48,6.37,237.95,246.76,260.41,260.41,0,,
2018-09-18,247.48,251.56,247.48,247.78,21726,257.41,244.48,6.21,237.17,246.46,260.41,260.41,0,,
2018-09-19,246.89,250.68,245.71,246.15,99054,257.07,244.48,6.12,236.18,246.38,260.41,260.41,0,,
2018-09-21,247.48,250.68,234.95,244.09,109922,256.63,234.95,6.8,231.22,246.32,260.41,260.41,0,,
2018-09-24,237.9,243.75,235.44,236.91,23774,256.2,234.95,6.94,226.5,246.0,260.41,260.41,0,,
2018-09-25,238.88,245.17,236.91,238.98,74202,255.79,234.95,7.03,227.77,245.71,260.41,260.41,0,,
2018-09-26,238.88,246.99,238.88,242.61,69513,255.39,234.95,7.11,230.06,245.58,254.17,260.41,0,,
2018-09-27,238.68,248.56,238.49,243.79,70236,255.01,234.95,7.32,230.68,245.62,254.17,254.17,0,,
2018-09-28,238.93,245.86,233.08,240.8,273880,254.57,233.08,7.71,227.87,245.44,254.17,254.17,0,,
2018-10-01,244.09,244.09,226.89,229.29,13303,254.08,226.89,8.39,217.93,245.03,254.17,254.17,0,,
2018-10-03,227.13,235.78,225.71,231.7,12062,253.61,225.71,8.51,219.01,244.59,254.17,254.17,0,,
2018-10-04,226.15,238.04,224.63,227.57,28839,253.08,224.63,8.86,215.75,244.14,253.53,254.17,0,,
2018-10-05,236.72,236.72,224.82,229.05,10464,252.58,224.63,9.07,216.56,243.83,253.53,253.53,0,,
2018-10-08,224.63,230.92,224.63,226.1,14513,252.12,224.63,8.88,214.79,243.33,253.53,253.53,0,,
2018-10-09,225.17,231.9,220.35,230.28,217606,251.69,220.35,9.07,215.94,242.97,253.53,253.53,0,,
2018-10-10,226.89,238.19,223.89,233.87,25850,251.28,220.35,9.44,218.0,242.6,253.53,253.53,0,,
2018-10-11,235.73,235.73,226.54,228.36,11590,250.84,220.35,9.42,214.46,241.94,253.53,253.53,0,,
2018-10-12,230.47,232.0,216.52,220.4,40528,250.37,216.52,9.86,207.76,241.04,253.53,253.53,0,,
2018-10-15,217.25,229.98,216.56,218.19,297751,249.9,216.52,10.11,206.17,240.04,252.49,253.53,0,,
2018-10-16,219.22,223.15,217.25,219.61,7492,249.43,216.52,9.81,207.28,239.11,251.56,252.49,0,,
2018-10-17,221.04,221.04,210.37,212.53,14644,248.91,210.37,9.87,200.62,237.93,251.56,251.56,0,,
2018-10-19,211.35,217.3,204.37,205.31,20867,248.36,204.37,10.09,193.82,236.41,250.68,251.56,0,,
2018-10-22,210.37,211.35,202.51,204.57,8961,247.76,202.51,10.0,192.78,234.87,250.68,250.68,0,,
2018-10-23,205.46,209.19,204.47,206.59,11054,247.19,202.51,9.62,194.34,233.52,248.56,250.68,0,,
2018-10-24,206.29,214.01,204.87,210.27,7310,246.65,202.51,9.59,196.74,232.3,248.56,248.56,0,,
2018-10-25,209.04,215.29,207.42,213.47,132178,246.14,202.51,9.47,198.88,231.08,248.56,248.56,0,,
2018-10-26,214.55,217.89,210.57,216.52,5520,245.66,202.51,9.31,200.95,229.97,248.56,248.56,0,,
2018-10-29,218.92,219.37,216.07,218.58,7689,245.2,202.51,8.88,202.57,229.05,245.86,248.56,0,,
2018-10-30,218.24,221.33,217.5,220.45,11744,244.73,202.51,8.52,204.01,228.02,244.09,245.86,0,,
2018-10-31,224.13,224.13,220.94,223.49,8535,244.31,202.51,8.18,206.2,227.22,238.19,244.09,0,,
2018-11-01,222.17,258.98,222.12,235.93,39373,244.01,202.51,10.23,212.86,226.77,258.98,238.19,0,,
2018-11-02,235.83,242.52,235.83,240.01,32405,243.76,202.51,9.97,215.66,226.52,258.98,258.98,0,,
2018-11-05,235.93,245.76,235.05,244.24,17163,243.52,202.51,10.03,218.35,226.45,258.98,258.98,0,,
2018-11-06,244.29,246.5,240.85,242.91,13898,243.31,202.51,9.71,217.71,226.41,258.98,258.98,0,,
2018-11-07,245.61,245.61,237.99,240.16,2268,243.07,202.51,9.56,216.03,226.52,258.98,258.98,0,,
2018-11-09,241.68,242.81,235.09,238.34,18375,242.76,202.51,9.43,214.94,226.5,258.98,258.98,0,,
2018-11-12,238.88,242.81,237.06,241.63,8585,242.47,202.51,9.17,217.24,226.47,258.98,258.98,0,,
2018-11-13,240.85,242.66,238.68,240.01,8221,242.18,204.47,8.8,217.1,226.34,258.98,258.98,0,,
2018-11-14,239.37,249.69,239.37,245.66,16766,241.95,204.87,8.91,220.8,226.5,258.98,258.98,0,,
2018-11-15,245.07,245.71,237.01,237.85,5523,241.67,207.42,8.89,216.63,226.79,258.98,258.98,0,,
2018-11-16,234.11,239.27,229.15,232.64,7389,241.4,210.57,8.98,214.26,226.82,258.98,258.98,0,,
2018-11-19,237.85,237.85,226.2,228.41,13562,241.09,216.07,9.17,213.23,226.85,258.98,258.98,0,,
2018-11-20,226.1,228.07,224.08,224.48,6278,240.78,217.5,8.82,211.41,226.7,258.98,258.98,0,,
2018-11-21,226.64,233.96,224.38,228.31,10927,240.51,220.94,8.88,214.99,226.77,258.98,258.98,0,,
2018-11-22,229.1,233.96,229.05,232.78,5586,240.27,222.12,8.65,218.42,226.85,258.98,258.98,0,,
2018-11-26,230.43,235.09,223.25,225.46,44096,239.98,223.25,8.88,213.92,226.57,258.98,258.98,0,,
2018-11-27,224.38,228.8,221.23,224.82,4997,239.7,221.23,8.78,212.9,226.45,258.98,258.98,0,,
2018-11-28,224.43,226.1,217.89,219.32,3509,239.38,217.89,8.74,208.26,226.42,258.98,258.98,0,,
2018-11-29,218.58,250.58,214.79,223.99,33623,239.07,214.79,10.67,208.95,226.61,258.98,258.98,0,,
2018-11-30,225.8,225.8,215.97,218.09,21914,238.74,214.79,10.61,205.19,226.56,258.98,258.98,0,,
2018-12-03,218.14,220.2,213.32,214.94,12332,238.38,213.32,10.35,202.85,226.64,250.58,258.98,0,,
2018-12-04,214.45,215.04,210.57,210.86,24261,238.02,210.57,9.93,199.58,226.83,250.58,250.58,0,,
2018-12-05,210.86,212.63,204.47,206.34,25108,237.61,204.47,9.8,194.71,226.89,250.58,250.58,0,,
2018-12-06,206.44,229.74,202.51,204.57,36434,237.17,202.51,11.05,192.09,226.82,250.58,250.58,0,,
2018-12-07,206.39,206.44,203.0,204.57,6302,236.73,202.51,10.5,192.45,226.63,250.58,250.58,0,,
2018-12-10,204.47,229.15,200.59,203.15,54715,236.31,200.59,11.79,190.03,226.28,250.58,250.58,0,,
2018-12-11,203.0,208.45,200.98,206.93,10063,235.93,200.59,11.48,192.68,225.96,250.58,250.58,0,,
2018-12-12,204.96,207.42,201.03,203.83,655174,235.53,200.59,11.12,190.92,225.47,250.58,250.58,0,,
2018-12-13,204.47,206.29,201.47,201.77,600649,235.08,200.59,10.67,189.89,224.85,250.58,250.58,0,,
2018-12-14,200.54,202.26,195.48,195.77,55862,234.59,195.48,10.39,184.5,223.93,250.58,250.58,0,,
2018-12-17,197.44,203.83,196.66,202.26,25177,234.16,195.48,10.23,188.8,222.8,250.58,250.58,0,,
2018-12-18,202.51,202.51,195.63,196.07,27444,233.71,195.48,9.99,184.97,221.34,250.58,250.58,0,,
2018-12-19,196.61,200.44,196.41,198.18,16472,233.3,195.48,9.59,186.6,219.8,250.58,250.58,0,,
2018-12-20,197.59,199.36,196.71,198.62,15835,232.92,195.48,9.09,187.21,218.33,250.58,250.58,0,,
2018-12-21,199.41,201.38,197.35,200.44,40382,232.57,195.48,8.73,188.62,217.0,250.58,250.58,0,,
2018-12-24,202.31,202.31,195.82,198.08,7831,232.2,195.48,8.57,187.21,215.66,250.58,250.58,0,,
2018-12-26,198.67,199.02,195.13,197.69,11214,231.87,195.13,8.23,187.06,214.2,250.58,250.58,0,,
2018-12-27,199.61,199.61,193.71,194.69,23223,231.52,193.71,8.07,184.77,212.69,250.58,250.58,0,,
2018-12-28,194.35,195.77,191.74,192.14,20188,231.24,191.74,7.78,182.66,210.9,229.74,250.58,0,,
2018-12-31,194.64,194.64,189.73,191.79,14386,230.99,189.73,7.57,181.9,209.37,229.74,229.74,0,,
2019-01-01,191.79,193.86,186.93,187.91,28432,230.73,186.93,7.53,178.49,207.88,229.74,229.74,0,,
2019-01-02,190.12,191.15,188.11,190.12,41484,230.47,186.93,7.22,180.12,206.6,229.74,229.74,0,,
2019-01-03,190.71,190.91,187.61,188.11,10965,230.18,186.93,6.94,179.01,205.39,229.74,229.74,0,,
2019-01-04,188.2,188.25,183.34,184.12,15735,229.88,183.34,6.8,175.34,203.91,229.15,229.74,0,,
2019-01-07,184.81,206.34,184.81,192.97,33043,229.57,183.34,7.9,180.31,202.59,229.15,229.15,0,,
2019-01-08,194.54,201.47,193.32,196.76,32602,229.31,183.34,7.94,182.73,201.63,208.45,229.15,0,,
2019-01-09,200.1,207.37,196.81,205.46,56842,229.15,183.34,8.13,188.21,200.98,207.42,208.45,0,,
2019-01-10,204.47,204.52,197.3,202.65,17937,228.97,183.34,8.13,186.4,200.43,207.37,207.42,0,,
2019-01-11,200.54,203.49,198.08,200.2,16574,228.81,183.34,7.94,184.95,199.64,207.37,207.37,0,,
2019-01-14,200.54,203.24,191.94,196.85,32901,228.63,183.34,8.18,182.63,198.93,207.37,207.37,0,,
2019-01-15,198.57,202.21,197.79,200.39,18973,228.43,183.34,7.98,185.05,198.44,207.37,207.37,0,,
2019-01-16,200.1,200.34,195.28,196.41,19153,228.21,183.34,7.77,182.62,197.96,207.37,207.37,0,,
2019-01-17,198.13,200.29,193.71,194.64,18792,227.97,183.34,7.69,181.53,197.57,207.37,207.37,0,,
2019-01-18,195.53,196.56,192.14,194.25,9857,227.74,183.34,7.45,181.43,197.23,207.37,207.37,0,,
2019-01-21,197.59,197.59,181.03,183.88,105860,227.45,181.03,8.1,173.54,196.54,207.37,207.37,0,,
2019-01-22,184.81,185.65,182.85,183.88,44824,227.2,181.03,7.73,173.8,195.9,207.37,207.37,0,,
2019-01-23,182.85,184.32,181.03,182.85,24340,226.92,181.03,7.41,173.34,195.09,207.37,207.37,0,,
2019-01-24,181.13,187.71,181.13,186.78,8791,226.65,181.03,7.35,175.92,194.52,207.37,207.37,0,,
2019-01-25,186.83,189.53,185.84,187.61,6601,226.38,181.03,7.09,176.63,194.05,207.37,207.37,0,,
2019-01-28,184.86,188.65,183.83,186.83,9069,226.14,181.03,6.93,176.23,193.75,207.37,207.37,0,,
2019-01-29,186.78,186.78,183.88,184.71,4873,225.86,181.03,6.64,175.05,193.17,207.37,207.37,0,,
2019-01-30,186.68,188.11,179.7,182.8,11941,225.58,179.7,6.77,173.29,192.73,207.37,207.37,0,,
2019-01-31,181.91,188.74,181.91,186.24,11688,225.29,179.7,6.77,175.51,192.33,207.37,207.37,0,,
2019-02-01,195.63,202.11,185.8,187.52,35897,225.01,179.7,7.45,175.88,191.96,207.37,207.37,0,,
2019-02-04,187.52,193.61,186.43,188.94,14124,224.75,179.7,7.43,176.81,191.58,207.37,207.37,0,,
2019-02-05,191.64,196.41,190.17,193.61,25385,224.53,179.7,7.44,179.82,191.43,207.37,207.37,0,,
2019-02-06,194.54,201.52,192.68,195.08,18399,224.31,179.7,7.54,180.7,191.34,204.52,207.37,0,,
2019-02-07,196.95,196.95,189.63,190.81,21722,224.05,179.7,7.52,177.96,191.21,203.49,204.52,0,,
2019-02-08,190.71,192.58,188.55,190.76,7803,223.8,179.7,7.27,178.09,191.16,203.24,203.49,0,,
2019-02-11,189.63,192.68,187.76,190.46,13856,223.53,179.7,7.1,178.01,191.12,202.21,203.24,0,,
2019-02-12,190.56,195.63,189.73,193.91,10991,223.29,179.7,7.02,180.29,191.32,202.11,202.21,0,,
2019-02-14,193.86,196.56,188.94,190.46,18959,223.02,179.7,7.06,178.04,191.33,202.11,202.11,0,,
2019-02-15,188.74,198.28,187.37,194.35,42241,222.73,179.7,7.34,180.36,191.54,202.11,202.11,0,,
2019-02-18,188.15,201.23,188.15,192.14,36991,222.4,179.7,7.75,178.67,191.81,202.11,202.11,0,,
2019-02-19,192.14,197.44,192.04,195.82,449641,222.09,179.7,7.58,181.15,191.9,202.11,202.11,0,,
2019-02-20,197.79,201.38,194.1,195.97,5560,221.76,179.7,7.56,181.26,191.88,202.11,202.11,0,,
2019-02-21,196.41,203.49,194.45,199.36,7932,221.48,181.91,7.66,184.11,191.67,203.49,202.11,0,,
2019-02-22,196.61,199.61,195.58,196.66,3966,221.19,185.8,7.4,183.84,191.47,203.49,203.49,0,,
2019-02-25,196.56,201.03,190.81,197.98,10769,220.85,186.43,7.61,184.77,191.4,203.49,203.49,0,,
2019-02-26,196.66,205.46,196.41,201.72,853023,220.54,187.37,7.71,187.43,191.56,205.46,203.49,0,,
2019-02-27,201.03,207.86,193.66,204.42,24945,220.27,187.37,8.17,188.86,191.7,207.86,205.46,0,,
2019-02-28,202.75,203.49,197.94,202.46,6425,220.0,187.37,8.05,187.68,191.9,207.86,207.86,0,,
2019-03-01,204.42,217.25,203.64,216.47,72932,219.8,187.37,8.53,196.39,192.62,217.25,207.86,1,216.47,196.39
2019-03-05,220.59,224.04,213.27,221.04,24670,219.64,187.37,8.69,199.23,193.52,224.04,217.25,0,,
2019-03-06,225.12,226.1,217.25,222.95,25978,219.48,187.37,8.7,200.46,194.82,226.1,224.04,0,,
2019-03-07,225.22,225.56,216.81,219.07,10407,219.29,187.37,8.71,197.95,195.99,226.1,226.1,0,,
2019-03-08,221.28,221.43,213.32,215.34,27332,219.08,187.37,8.66,195.57,197.08,226.1,226.1,0,,
2019-03-11,221.58,224.53,216.27,218.68,24067,218.88,188.15,8.7,197.96,198.14,226.1,226.1,0,,
2019-03-12,220.89,224.13,215.29,217.25,379133,218.66,190.81,8.71,197.92,199.13,226.1,226.1,0,,
2019-03-13,220.2,221.04,215.29,217.94,19114,218.41,190.81,8.5,198.51,200.16,226.1,226.1,0,,
2019-03-14,222.02,228.07,216.27,219.91,44302,218.17,190.81,8.74,199.62,201.34,228.07,226.1,0,,
2019-03-15,218.28,221.43,215.63,220.05,95477,217.92,190.81,8.53,199.85,202.58,228.07,228.07,0,,
2019-03-18,222.27,222.32,216.52,217.25,9365,217.71,190.81,8.33,198.18,203.61,228.07,228.07,0,,
2019-03-19,211.35,215.78,211.35,214.99,33836,217.51,193.66,8.16,197.78,204.53,228.07,228.07,0,,
2019-03-20,214.3,214.3,209.39,211.01,6939,217.27,193.66,7.98,195.34,205.26,228.07,228.07,0,,
2019-03-22,206.44,216.22,206.44,214.06,13664,217.05,197.94,8.1,198.65,205.95,228.07,228.07,0,,
2019-03-25,211.35,219.96,211.35,213.96,342329,216.83,203.64,8.14,200.46,206.58,228.07,228.07,0,,
2019-03-26,210.81,213.96,205.46,209.29,21722,216.61,205.46,8.17,198.03,207.19,228.07,228.07,0,,
2019-03-27,213.22,218.24,207.52,209.98,55382,216.37,205.46,8.35,198.36,207.83,228.07,228.07,0,,
2019-03-28,211.31,213.12,210.17,211.6,37862,216.17,205.46,7.98,199.65,208.54,228.07,228.07,0,,
2019-04-01,213.81,215.29,209.68,212.88,12029,215.95,205.46,7.81,200.59,209.17,228.07,228.07,0,,
2019-04-02,212.93,215.68,209.73,212.68,26584,215.77,205.46,7.67,200.55,209.91,228.07,228.07,0,,
2019-04-03,213.32,215.29,210.37,213.91,13886,215.6,205.46,7.48,201.47,210.56,228.07,228.07,0,,
2019-04-04,216.07,216.07,211.06,214.35,9846,215.42,205.46,7.3,201.87,211.3,228.07,228.07,0,,
2019-04-05,212.14,214.79,212.09,214.4,4210,215.25,205.46,6.97,202.13,211.92,228.07,228.07,0,,
2019-04-08,214.4,214.4,211.8,212.14,4088,215.03,205.46,6.66,200.88,212.46,228.07,228.07,0,,
2019-04-09,210.91,216.22,209.49,214.94,6622,214.81,205.46,6.67,202.68,212.98,228.07,228.07,0,,
2019-04-10,216.27,216.27,211.35,213.32,3870,214.58,205.46,6.54,201.72,213.53,228.07,228.07,0,,
2019-04-11,213.37,215.78,211.35,212.68,9796,214.34,205.46,6.39,201.41,214.02,228.07,228.07,0,,
2019-04-12,214.79,218.28,211.4,213.12,9257,214.11,205.46,6.43,201.67,214.4,228.07,228.07,0,,
2019-04-15,215.04,215.04,210.37,210.81,9674,213.86,205.46,6.3,200.26,214.62,222.32,228.07,0,,
2019-04-16,212.68,213.32,210.22,211.55,8875,213.6,205.46,6.07,200.89,214.92,222.32,222.32,0,,
2019-04-18,216.76,216.76,206.44,210.91,12957,213.34,206.44,6.37,200.6,214.74,219.96,222.32,0,,
2019-04-22,211.35,211.35,206.44,207.27,10329,213.07,206.44,6.27,198.32,214.28,219.96,219.96,0,,
2019-04-23,209.39,209.39,203.69,205.9,26967,212.8,203.69,6.23,196.55,213.71,219.96,219.96,0,,
2019-04-24,204.47,206.34,203.49,205.01,5261,212.5,203.49,5.99,196.07,213.24,219.96,219.96,0,,
2019-04-25,205.01,206.44,201.72,204.03,8848,212.19,201.72,5.9,194.91,212.86,218.28,219.96,0,,
2019-04-26,203.49,206.44,202.61,204.47,579169,211.92,201.72,5.75,195.29,212.39,218.28,218.28,0,,
2019-04-30,205.36,206.54,196.71,198.97,486580,211.56,196.71,6.04,189.88,211.78,218.28,218.28,0,,
2019-05-02,201.52,205.01,197.35,199.31,11835,211.24,196.71,6.16,190.02,211.16,218.28,218.28,0,,
2019-05-03,196.61,196.61,194.64,194.74,68969,210.88,194.64,6.05,186.45,210.32,218.28,218.28,0,,
2019-05-06,196.51,196.61,191.69,192.04,9987,210.51,191.69,5.97,183.78,209.39,218.28,218.28,0,,
2019-05-07,191.69,196.26,186.78,191.2,941619,210.14,186.78,6.22,181.44,208.52,218.28,218.28,0,,
2019-05-08,187.56,191.69,185.5,191.35,8319,209.79,185.5,6.22,181.11,207.73,218.28,218.28,0,,
2019-05-09,191.69,191.69,183.73,191.69,22405,209.49,183.73,6.34,180.65,207.09,218.28,218.28,0,,
2019-05-10,189.78,191.69,187.81,191.4,15000,209.17,183.73,6.17,180.59,206.33,218.28,218.28,0,,
2019-05-13,189.78,191.6,186.88,187.91,5690,208.81,183.73,6.06,178.4,205.46,218.28,218.28,0,,
2019-05-14,189.83,189.83,181.86,184.32,12365,208.41,181.86,6.2,175.37,204.63,218.28,218.28,0,,
2019-05-15,184.81,189.43,183.29,185.65,7094,208.04,181.86,6.2,176.23,203.82,218.28,218.28,0,,
2019-05-16,183.83,185.5,181.86,183.04,4910,207.74,181.86,6.02,174.67,202.87,216.76,218.28,0,,
2019-05-17,182.45,186.78,181.17,183.29,11627,207.41,181.17,5.99,174.62,201.88,216.76,216.76,0,,
2019-05-20,191.69,191.69,184.86,188.6,18038,207.15,181.17,6.17,177.93,201.08,216.76,216.76,0,,
2019-05-21,188.6,191.69,182.85,184.91,16026,206.86,181.17,6.36,175.42,200.11,211.35,216.76,0,,
2019-05-22,183.34,190.71,183.24,187.27,11216,206.6,181.17,6.44,176.89,199.21,209.39,211.35,0,,
2019-05-23,191.64,191.64,183.19,184.57,6498,206.3,181.17,6.58,175.05,198.21,206.54,209.39,0,,
2019-05-24,184.57,198.57,184.57,195.67,56658,206.04,181.17,7.11,181.86,197.66,206.54,206.54,0,,
2019-05-27,218.24,234.8,208.75,223.3,791888,206.01,181.17,9.4,198.15,197.94,234.8,206.54,1,223.3,198.15
2019-05-28,223.15,233.37,220.79,230.18,175255,206.07,181.17,9.62,202.44,198.51,234.8,234.8,0,,
2019-05-29,229.05,229.88,225.61,227.13,37236,206.13,181.17,9.26,200.71,198.99,234.8,234.8,0,,
2019-05-30,221.73,227.08,221.73,226.35,40658,206.18,181.17,8.99,200.39,199.43,234.8,234.8,0,,
2019-05-31,229.05,235.93,225.12,233.82,1101542,206.32,181.17,9.12,205.13,200.2,235.93,234.8,0,,
2019-06-03,235.78,235.78,228.85,231.02,178768,206.49,181.17,8.96,203.42,200.84,235.93,235.93,0,,
2019-06-04,231.02,231.9,226.1,226.89,15481,206.64,181.17,8.74,200.91,201.38,235.93,235.93,0,,
2019-06-06,228.07,228.07,221.68,224.92,11317,206.76,181.17,8.57,199.75,201.96,235.93,235.93,0,,
2019-06-07,226.1,231.02,220.4,221.48,14339,206.84,181.17,8.71,197.43,202.48,235.93,235.93,0,,
2019-06-10,226.1,226.1,220.2,222.41,6393,206.9,182.85,8.51,198.73,203.06,235.93,235.93,0,,
2019-06-11,219.27,224.67,216.42,220.55,14200,206.92,182.85,8.49,197.54,203.61,235.93,235.93,0,,
2019-06-12,222.17,224.13,217.5,218.63,11492,206.92,183.19,8.36,196.51,204.09,235.93,235.93,0,,
2019-06-13,211.45,230.92,211.45,227.57,31953,206.97,183.19,9.16,201.74,205.04,235.93,235.93,0,,
2019-06-14,228.56,228.56,220.25,222.61,11249,206.96,184.57,9.09,199.04,205.82,235.93,235.93,0,,
2019-06-17,221.97,226.1,221.18,222.46,18035,206.87,208.75,8.8,207.21,206.74,235.93,235.93,0,,
2019-06-18,226.1,226.1,220.4,225.22,20787,206.78,211.45,8.58,210.03,207.85,235.93,235.93,0,,
2019-06-19,225.02,228.07,219.56,223.25,361607,206.64,211.45,8.57,208.77,208.92,235.93,235.93,0,,
2019-06-20,224.53,226.59,222.17,225.07,34491,206.52,211.45,8.27,210.14,210.04,235.93,235.93,0,,
2019-06-21,224.63,232.0,221.92,229.84,25433,206.45,211.45,8.4,213.13,211.31,235.93,235.93,0,,
2019-06-24,229.84,234.46,228.07,233.28,20122,206.41,211.45,8.26,215.44,212.71,235.93,235.93,0,,
2019-06-25,233.96,247.53,232.0,243.11,44624,206.42,211.45,8.78,221.44,214.55,247.53,235.93,1,243.11,221.44
2019-06-26,241.93,245.76,236.91,241.09,177160,206.43,211.45,8.78,220.13,216.44,247.53,247.53,0,,
2019-06-27,240.65,246.5,238.49,240.85,24548,206.4,211.45,8.73,220.01,218.28,247.53,247.53,0,,
2019-06-28,240.26,247.73,235.98,238.63,25234,206.4,211.45,8.94,218.44,220.13,247.73,247.53,0,,
2019-07-01,237.4,239.91,234.46,236.03,13857,206.43,211.45,8.69,216.93,221.89,247.73,247.73,0,,
2019-07-02,238.88,239.62,232.19,236.47,14867,206.48,211.45,8.6,217.27,223.49,247.73,247.73,0,,
2019-07-03,234.41,240.4,228.07,228.85,51563,206.51,211.45,8.87,212.18,224.95,247.73,247.73,0,,
2019-07-04,230.67,238.88,229.1,234.26,23149,206.55,219.56,8.95,218.32,226.52,247.73,247.73,0,,
2019-07-05,233.96,235.09,225.12,227.13,14151,206.51,219.56,9.03,213.67,227.94,247.73,247.73,0,,
2019-07-08,226.1,231.65,223.89,226.84,31408,206.52,219.56,8.94,213.54,228.97,247.73,247.73,0,,
2019-07-09,226.1,227.97,221.28,223.3,8427,206.51,219.56,8.78,211.37,228.97,247.73,247.73,0,,
2019-07-10,224.13,226.1,221.18,221.23,243137,206.52,221.18,8.5,210.75,228.68,247.73,247.73,0,,
2019-07-11,221.18,230.92,220.2,228.9,1068474,206.56,220.2,8.66,215.27,228.74,247.73,247.73,0,,
2019-07-12,227.53,238.83,226.2,227.57,56990,206.62,220.2,8.94,214.22,228.78,247.73,247.73,0,,
2019-07-15,227.13,227.13,217.79,219.32,77864,206.65,217.79,9.0,208.06,228.29,247.73,247.73,0,,
2019-07-16,221.23,226.0,217.3,221.38,13789,206.72,217.3,8.98,209.24,227.97,247.73,247.73,0,,
2019-07-17,223.59,228.9,220.2,222.02,27881,206.82,217.3,8.96,209.66,227.81,247.73,247.73,0,,
2019-07-18,225.61,225.61,219.22,220.59,8870,206.93,217.3,8.78,208.86,227.66,247.73,247.73,0,,
2019-07-19,219.22,221.28,206.68,211.94,14438,206.98,206.68,9.19,199.47,227.35,247.73,247.73,0,,
2019-07-22,214.4,219.22,211.35,214.11,19492,207.05,206.68,9.1,200.93,227.07,247.73,247.73,0,,
2019-07-23,212.34,220.2,212.34,217.99,81269,207.13,206.68,9.01,203.49,226.98,247.73,247.73,0,,
2019-07-24,219.27,220.01,217.11,218.63,10088,207.22,206.68,8.57,204.19,226.98,247.73,247.73,0,,
2019-07-25,218.63,221.04,217.25,217.35,34926,207.33,206.68,8.23,203.6,226.64,247.73,247.73,0,,
2019-07-26,216.86,221.58,216.86,220.1,10647,207.49,206.68,7.98,205.54,226.56,240.4,247.73,0,,
2019-07-29,216.56,223.05,216.56,220.89,27384,207.62,206.68,7.87,206.12,226.51,240.4,240.4,0,,
2019-07-30,219.81,223.0,217.25,218.04,10677,207.76,206.68,7.72,204.38,226.27,240.4,240.4,0,,
2019-07-31,217.25,219.37,216.42,218.53,8621,207.9,206.68,7.38,204.92,226.11,238.88,240.4,0,,
2019-08-01,218.73,223.17,218.73,220.6,6931,208.04,206.68,7.19,206.39,225.96,238.83,238.88,0,,
2019-08-02,219.86,222.18,212.61,215.17,24968,208.14,206.68,7.36,202.77,225.47,238.83,238.83,0,,
2019-08-05,216.75,218.73,199.67,202.09,71093,208.17,199.67,8.19,191.44,224.43,238.83,238.83,0,,
2019-08-06,197.55,212.06,197.55,205.35,229731,208.22,197.55,8.64,192.54,223.18,238.83,238.83,0,,
2019-08-07,204.41,210.88,204.41,208.66,9823,208.31,197.55,8.49,194.78,222.09,238.83,238.83,0,,
2019-08-08,208.95,214.28,207.72,210.63,81429,208.44,197.55,8.35,196.14,221.09,238.83,238.83,0,,
2019-08-09,211.52,216.51,207.37,212.01,43816,208.57,197.55,8.41,196.99,220.2,228.9,238.83,0,,
2019-08-13,226.13,235.61,223.57,228.41,802555,208.84,197.55,9.49,206.85,219.95,235.61,228.9,0,,
2019-08-14,230.08,233.0,224.21,230.63,53746,209.11,197.55,9.44,208.31,219.75,235.61,235.61,0,,
2019-08-16,229.1,243.71,226.08,237.1,686915,209.44,197.55,10.03,212.09,220.03,243.71,235.61,1,237.1,212.09
2019-08-19,237.1,245.88,235.71,240.95,349798,209.82,197.55,10.04,214.57,220.25,245.88,243.71,0,,
2019-08-20,239.96,245.79,235.02,238.82,654399,210.12,197.55,10.09,213.16,220.64,245.88,245.88,0,,
2019-08-21,237.89,241.54,223.42,226.83,21860,210.32,197.55,10.66,205.05,220.64,245.88,245.88,0,,
2019-08-22,222.38,227.47,220.01,225.74,26101,210.46,197.55,10.43,204.5,220.72,245.88,245.88,0,,
2019-08-23,225.34,229.54,221.2,225.89,30297,210.61,197.55,10.28,204.69,220.87,245.88,245.88,0,,
2019-08-26,224.21,231.07,222.58,224.8,422719,210.78,197.55,10.16,204.08,220.74,245.88,245.88,0,,
2019-08-27,227.12,236.65,225.15,230.97,329737,211.0,197.55,10.28,207.97,220.85,245.88,245.88,0,,
2019-08-28,232.06,234.92,228.21,231.02,15694,211.21,197.55,10.02,208.18,221.24,245.88,245.88,0,,
2019-08-29,227.66,232.06,227.66,230.48,7210,211.44,204.41,9.62,210.38,221.54,245.88,245.88,0,,
2019-08-30,228.11,233.34,228.11,232.8,8359,211.69,207.37,9.31,213.07,221.9,245.88,245.88,0,,
2019-09-03,232.85,237.93,227.12,233.44,11734,211.95,207.37,9.41,213.42,222.33,245.88,245.88,0,,
2019-09-04,236.95,236.95,230.08,232.4,6098,212.27,220.01,9.23,217.08,223.01,245.88,245.88,0,,
2019-09-05,229.59,238.92,229.59,236.8,16669,212.63,220.01,9.24,219.91,223.77,245.88,245.88,0,,
2019-09-06,230.08,245.88,230.08,243.22,17791,213.03,220.01,9.71,223.74,224.61,245.88,245.88,0,,
2019-09-09,241.69,245.88,237.19,243.66,8564,213.41,220.01,9.64,224.07,225.45,245.88,245.88,0,,
2019-09-11,243.91,243.91,240.6,241.74,118355,213.77,220.01,9.18,223.14,226.26,245.88,245.88,0,,
2019-09-12,243.56,249.83,240.01,245.59,146827,214.16,220.01,9.23,225.59,227.11,249.83,245.88,0,,
2019-09-13,246.43,246.43,238.97,239.66,16351,214.53,220.01,9.1,221.85,227.73,249.83,249.83,0,,
2019-09-16,237.98,239.42,234.13,236.31,10023,214.88,221.2,8.85,220.25,228.34,249.83,249.83,0,,
2019-09-17,236.01,237.39,229.2,231.02,11865,215.18,222.58,8.8,217.33,228.76,249.83,249.83,0,,
2019-09-18,231.02,236.95,229.1,234.28,11586,215.5,225.15,8.73,220.34,229.22,249.83,249.83,0,,
2019-09-19,236.45,236.45,229.1,229.99,109811,215.77,227.12,8.63,218.29,229.71,249.83,249.83,0,,
2019-09-20,229.74,237.0,224.36,231.71,97251,216.02,224.36,8.92,218.29,230.7,249.83,249.83,0,,
2019-09-23,232.16,241.44,229.05,232.65,65677,216.27,224.36,9.17,218.73,231.61,249.83,249.83,0,,
2019-09-24,230.08,240.95,229.2,235.66,31976,216.57,224.36,9.35,220.55,232.51,249.83,249.83,0,,
2019-09-25,236.95,236.95,231.12,232.65,126543,216.85,224.36,9.1,218.78,233.24,249.83,249.83,0,,
2019-09-26,235.37,236.9,232.16,232.5,11199,217.13,224.36,8.79,218.89,233.92,249.83,249.83,0,,
2019-09-27,231.32,238.43,231.32,233.54,9548,217.4,224.36,8.67,219.64,234.1,249.83,249.83,0,,
2019-09-30,233.54,233.54,217.39,221.3,154215,217.6,217.39,9.2,209.07,233.78,249.83,249.83,0,,
2019-10-01,221.3,235.71,218.48,231.96,60551,217.85,217.39,9.78,215.56,233.61,249.83,249.83,0,,
2019-10-03,230.48,237.0,228.16,232.85,17017,218.12,217.39,9.71,216.18,233.34,249.83,249.83,0,,
2019-10-04,232.06,233.94,228.9,230.58,104131,218.36,217.39,9.38,214.94,233.07,249.83,249.83,0,,
2019-10-07,232.06,235.91,230.38,232.06,7824,218.6,217.39,9.1,216.07,233.24,249.83,249.83,0,,
2019-10-09,234.97,240.95,231.07,232.21,14533,218.81,217.39,9.16,216.13,233.46,249.83,249.83,0,,
2019-10-10,231.91,235.61,231.07,232.06,4686,219.05,217.39,8.83,216.26,233.66,249.83,249.83,0,,
2019-10-11,232.5,235.02,229.1,232.26,107515,219.28,217.39,8.62,216.52,233.91,249.83,249.83,0,,
2019-10-14,233.49,237.0,231.96,235.07,6890,219.5,217.39,8.36,218.51,234.05,246.43,249.83,0,,
2019-10-15,233.39,234.58,229.44,232.21,8757,219.69,217.39,8.17,216.79,234.09,241.44,246.43,0,,
2019-10-16,235.91,235.91,223.07,226.68,19238,219.85,217.39,8.5,213.0,233.96,241.44,241.44,0,,
2019-10-17,225.74,231.07,225.69,229.0,9460,219.93,217.39,8.28,214.65,233.84,241.44,241.44,0,,
2019-10-18,226.38,235.02,226.38,231.96,111143,220.0,217.39,8.31,216.54,233.79,241.44,241.44,0,,
2019-10-22,232.06,240.8,232.06,237.74,22066,220.1,217.39,8.34,220.24,233.96,241.44,241.44,0,,
2019-10-23,238.58,240.95,235.07,238.97,57603,220.24,217.39,8.17,221.15,234.04,241.44,241.44,0,,
2019-10-24,238.92,243.76,235.66,241.69,185870,220.41,218.48,8.16,223.27,233.99,243.76,241.44,1,241.69,223.27
2019-10-25,241.69,270.42,241.69,251.12,186458,220.63,223.07,9.63,229.91,234.23,270.42,243.76,0,,
2019-10-27,253.88,266.52,253.83,261.14,25537,220.92,223.07,10.04,236.1,234.88,270.42,270.42,0,,
2019-10-29,255.86,269.58,255.71,263.56,75509,221.22,223.07,10.32,237.47,235.48,270.42,270.42,0,,
2019-10-30,268.69,276.84,263.07,270.37,168689,221.56,223.07,10.56,241.7,236.5,276.84,270.42,0,,
2019-10-31,271.56,275.46,259.66,262.52,44084,221.84,223.07,10.94,236.39,237.38,276.84,276.84,0,,
2019-11-01,262.28,268.99,256.75,260.84,22761,222.13,223.07,11.03,235.24,238.37,276.84,276.84,0,,
2019-11-04,258.87,274.52,258.72,272.25,448739,222.52,223.07,11.37,242.38,239.64,276.84,276.84,0,,
2019-11-05,274.72,285.19,272.79,282.57,141484,222.99,223.07,11.48,248.96,241.39,285.19,276.84,1,282.57,248.96
2019-11-06,285.09,286.32,274.18,276.69,71453,223.41,223.07,11.53,245.13,242.89,286.32,285.19,0,,
2019-11-07,277.48,281.38,261.68,269.24,284776,223.78,225.69,12.11,240.81,244.11,286.32,286.32,0,,
2019-11-08,271.41,286.37,265.58,271.56,121192,224.19,226.38,12.73,242.13,245.3,286.37,286.32,0,,
2019-11-11,283.61,302.12,277.48,285.43,1093564,224.7,232.06,14.01,252.12,247.06,302.12,286.37,0,,
2019-11-13,287.75,312.93,286.37,299.9,630708,225.29,235.07,14.97,261.81,249.31,312.93,302.12,0,,
2019-11-14,301.97,305.13,276.5,301.28,1994553,225.88,235.66,15.95,262.25,251.57,312.93,312.93,0,,
2019-11-15,303.16,303.7,286.37,289.53,325390,226.39,241.69,16.05,256.61,253.84,312.93,312.93,0,,
2019-11-18,291.21,296.25,290.37,292.74,241055,226.91,253.83,15.38,263.17,255.87,312.93,312.93,0,,
2019-11-19,291.55,303.16,289.33,296.49,256960,227.46,255.71,15.27,266.29,257.99,312.93,312.93,0,,
2019-11-20,296.25,299.5,289.33,292.39,72495,227.98,256.75,14.9,264.24,260.05,312.93,312.93,0,,
2019-11-21,291.31,300.64,291.31,296.29,87071,228.54,256.75,14.51,267.02,262.19,312.93,312.93,0,,
2019-11-22,299.16,304.1,293.43,295.41,109347,229.08,256.75,14.23,266.63,264.3,312.93,312.93,0,,
2019-11-25,297.18,299.85,293.13,294.57,54523,229.62,258.72,13.7,267.11,266.38,312.93,312.93,0,,
2019-11-26,293.33,299.21,293.33,298.22,87669,230.19,261.68,13.14,270.82,268.58,312.93,312.93,0,,
2019-11-27,299.11,299.16,292.44,293.28,85218,230.73,261.68,12.68,267.94,270.52,312.93,312.93,0,,
2019-11-28,294.67,297.13,287.51,290.81,60111,231.26,261.68,12.46,266.49,272.47,312.93,312.93,0,,
2019-11-29,291.7,295.8,290.72,292.49,40596,231.8,265.58,11.93,269.23,274.67,312.93,312.93,0,,
2019-12-02,292.49,301.18,292.49,295.46,159477,232.36,276.5,11.7,274.94,276.88,312.93,312.93,0,,
2019-12-03,297.08,297.13,289.33,293.43,44672,232.94,276.5,11.42,273.81,278.93,312.93,312.93,0,,
2019-12-04,295.21,297.28,290.81,294.47,42148,233.53,276.5,11.07,274.72,280.82,312.93,312.93,0,,
2019-12-05,296.15,297.63,291.36,293.13,43030,234.11,286.37,10.73,277.37,282.63,312.93,312.93,0,,
2019-12-06,295.75,314.81,295.01,301.68,759358,234.77,287.51,11.51,282.75,284.63,314.81,312.93,0,,
2019-12-09,302.57,302.57,295.26,296.64,112305,235.38,287.51,11.21,279.7,286.15,314.81,314.81,0,,
2019-12-10,295.31,314.71,294.52,304.34,346150,236.08,287.51,11.85,284.24,287.59,314.81,314.81,0,,
2019-12-11,307.4,307.4,298.07,300.1,243706,236.75,287.51,11.67,281.62,288.8,314.81,314.81,0,,
2019-12-12,298.22,305.63,298.22,302.37,85290,237.47,287.51,11.37,283.29,289.87,314.81,314.81,0,,
2019-12-13,300.44,310.71,300.44,306.22,155166,238.23,287.51,11.29,285.82,291.33,314.81,314.81,0,,
2019-12-16,307.11,315.5,304.29,305.97,142317,239.0,287.51,11.28,285.67,292.83,315.5,314.81,0,,
2019-12-17,304.69,307.8,301.18,302.57,591186,239.74,287.51,10.95,283.69,293.84,315.5,315.5,0,,
2019-12-18,304.05,311.01,296.49,301.97,144213,240.47,287.51,11.2,283.14,294.49,315.5,315.5,0,,
2019-12-19,299.75,305.23,298.66,303.95,497067,241.22,289.33,10.87,285.24,295.4,315.5,315.5,0,,
2019-12-20,303.95,304.49,299.01,301.13,41690,241.98,289.33,10.49,283.68,296.46,315.5,315.5,0,,
2019-12-23,301.13,305.13,300.69,302.27,51907,242.77,289.33,10.06,284.7,297.48,315.5,315.5,0,,
2019-12-24,303.7,304.64,298.32,301.43,49334,243.54,290.81,9.79,284.83,298.02,315.5,315.5,0,,
2019-12-26,302.17,306.12,298.22,300.05,56173,244.32,291.36,9.65,284.22,298.02,315.5,315.5,0,,
2019-12-27,301.03,304.44,295.31,296.89,57145,245.08,294.52,9.62,283.26,297.88,315.5,315.5,0,,
2019-12-30,298.66,304.69,296.94,303.16,105095,245.84,294.52,9.49,287.39,298.33,315.5,315.5,0,,
2019-12-31,303.16,307.06,302.81,303.45,491617,246.63,294.52,9.11,287.82,298.69,315.5,315.5,0,,
2020-01-01,305.73,327.65,302.47,321.92,775112,247.53,295.31,10.26,299.23,299.54,327.65,315.5,1,321.92,299.23
2020-01-02,324.88,328.83,317.28,325.62,226542,248.47,295.31,10.35,301.56,300.64,328.83,327.65,0,,
2020-01-03,328.83,335.99,321.18,324.24,418178,249.32,295.31,10.67,300.46,301.57,335.99,328.83,0,,
2020-01-06,320.93,337.72,316.04,333.42,253734,250.06,295.31,11.46,305.85,302.84,337.72,335.99,0,,
2020-01-07,338.71,341.47,327.1,335.4,291647,250.76,295.31,11.67,306.99,304.2,341.47,337.72,0,,
2020-01-08,332.78,347.59,327.94,341.13,168545,251.52,295.31,12.24,310.31,305.63,347.59,341.47,0,,
2020-01-09,353.03,357.32,339.69,342.02,476077,252.29,295.31,12.62,310.63,307.26,357.32,347.59,0,,
2020-01-10,340.88,343.84,335.99,339.0,133984,252.99,295.31,12.28,308.9,308.86,357.32,357.32,0,,
2020-01-13,340.58,344.48,331.35,337.62,66222,253.7,295.31,12.34,307.97,310.37,357.32,357.32,0,,
2020-01-14,339.1,340.68,332.88,337.57,67993,254.44,295.31,12.02,308.16,311.77,357.32,357.32,0,,
2020-01-15,338.81,347.59,335.7,339.94,343768,255.21,295.31,12.01,309.69,313.32,357.32,357.32,0,,
2020-01-16,339.35,349.03,339.35,344.83,730546,256.03,295.31,11.84,312.96,315.0,357.32,357.32,0,,
2020-01-17,345.27,357.37,345.27,354.9,515872,256.91,296.94,11.89,319.96,317.06,357.37,357.32,0,,
2020-01-20,356.98,366.9,355.49,359.64,388408,257.84,302.47,11.9,324.86,318.99,366.9,357.37,1,359.64,324.86
2020-01-21,358.36,363.1,350.56,352.68,107497,258.73,302.47,11.94,320.34,320.86,366.9,366.9,0,,
2020-01-22,356.38,358.21,347.79,350.85,65780,259.56,316.04,11.84,323.75,322.41,366.9,366.9,0,,
2020-01-23,351.54,357.72,344.73,350.11,224047,260.41,316.04,11.92,323.22,324.08,366.9,366.9,0,,
2020-01-24,355.4,357.32,348.73,352.19,186507,261.27,316.04,11.68,324.72,325.74,366.9,366.9,0,,
2020-01-27,352.24,356.48,349.03,350.01,170798,262.1,327.1,11.38,327.2,327.2,366.9,366.9,0,,
2020-01-28,352.14,362.41,335.99,355.49,249415,262.98,327.94,12.45,330.3,328.85,366.9,366.9,0,,
2020-01-29,362.8,384.13,362.21,372.23,1146294,263.97,331.35,13.61,341.47,331.17,384.13,366.9,1,372.23,341.47
2020-01-30,374.75,375.19,360.43,371.34,216932,264.91,331.35,13.69,340.84,333.48,384.13,384.13,0,,
2020-01-31,373.71,381.17,370.31,373.12,488376,265.84,331.35,13.49,342.12,335.79,384.13,384.13,0,,
2020-02-03,349.62,366.6,337.92,356.24,458739,266.6,332.88,15.04,330.71,337.63,384.13,384.13,0,,
2020-02-04,364.09,368.13,349.77,357.47,571663,267.37,335.7,15.28,332.28,339.47,384.13,384.13,0,,
2020-02-05,355.49,366.11,350.66,356.14,271139,268.14,335.99,15.29,331.51,341.29,384.13,384.13,0,,
2020-02-06,352.53,356.83,348.58,351.5,564068,268.89,335.99,14.79,328.86,343.0,384.13,384.13,0,,
2020-02-07,351.74,354.06,342.66,344.78,431691,269.62,335.99,14.54,324.68,344.6,384.13,384.13,0,,
2020-02-10,344.63,353.32,338.61,349.92,117130,270.37,335.99,14.56,327.99,346.16,384.13,384.13,0,,
2020-02-11,349.57,360.43,345.82,349.13,440855,271.18,335.99,14.56,327.48,347.68,384.13,384.13,0,,
2020-02-12,353.03,354.9,345.72,347.69,118025,271.93,335.99,14.18,326.81,348.54,384.13,384.13,0,,
2020-02-13,349.57,350.56,341.77,343.69,238174,272.71,335.99,13.79,324.48,349.14,384.13,384.13,0,,
2020-02-14,345.13,350.56,339.4,341.52,409237,273.47,335.99,13.6,323.21,349.72,384.13,384.13,0,,
2020-02-17,340.29,345.08,330.81,335.84,82376,274.22,330.81,13.65,317.79,349.8,384.13,384.13,0,,
2020-02-18,335.55,347.59,330.81,343.05,113129,275.04,330.81,13.87,322.29,350.05,384.13,384.13,0,,
2020-02-19,347.45,353.47,340.73,346.16,308427,275.82,330.81,13.79,324.35,350.22,384.13,384.13,0,,
2020-02-20,345.37,349.57,336.04,343.2,112945,276.59,330.81,13.77,322.45,350.26,384.13,384.13,0,,
2020-02-24,340.88,346.61,332.78,335.3,71209,277.36,330.81,13.78,317.35,350.14,384.13,384.13,0,,
2020-02-25,335.3,337.72,321.03,326.02,72112,278.06,321.03,13.99,307.97,349.75,384.13,384.13,0,,
2020-02-26,321.92,339.69,317.77,334.02,339825,278.81,317.77,14.55,311.66,349.63,384.13,384.13,0,,
2020-02-27,331.79,340.73,327.25,340.04,208039,279.6,317.77,14.48,315.6,349.64,381.17,384.13,0,,
2020-02-28,327.85,336.04,324.73,329.52,231773,280.39,317.77,14.54,308.77,349.13,381.17,381.17,0,,
2020-03-02,336.19,340.39,320.93,325.82,220975,281.13,317.77,14.89,306.15,348.16,368.13,381.17,0,,
2020-03-03,333.67,334.76,312.09,316.24,11209626,281.79,312.09,15.44,297.71,346.71,368.13,368.13,0,,
2020-03-04,316.14,318.86,300.79,315.9,1936111,282.43,300.79,15.63,293.6,345.48,366.11,368.13,0,,
2020-03-05,316.98,320.83,312.05,317.67,238156,283.1,300.79,15.14,295.07,344.38,360.43,366.11,0,,
2020-03-06,307.01,318.86,301.48,315.95,404813,283.74,300.79,15.3,293.85,343.24,360.43,360.43,0,,
2020-03-09,314.32,314.46,300.2,310.96,550192,284.34,300.2,15.33,290.41,341.87,360.43,360.43,0,,
2020-03-11,311.85,315.91,303.63,304.67,194390,284.92,300.2,15.12,286.5,340.35,360.43,360.43,0,,
2020-03-12,298.08,306.8,261.63,300.9,519503,285.47,261.63,17.26,269.78,338.53,354.9,360.43,0,,
2020-03-13,264.5,302.89,252.61,292.09,159065,285.95,252.61,19.62,259.52,335.86,353.47,354.9,0,,
2020-03-16,290.9,294.96,274.5,287.04,305242,286.42,252.61,19.68,256.22,333.05,353.47,353.47,0,,
2020-03-17,287.08,293.72,268.46,274.01,1142761,286.9,252.61,20.08,247.55,329.75,353.47,353.47,0,,
2020-03-18,277.53,284.31,219.23,230.02,539008,287.07,219.23,23.29,205.91,325.54,353.47,353.47,0,,
2020-03-19,213.98,275.4,212.99,263.11,369572,287.43,212.99,26.09,223.31,322.4,353.47,353.47,0,,
2020-03-20,264.75,281.04,238.84,244.04,484691,287.65,212.99,27.24,210.24,318.66,349.57,353.47,0,,
2020-03-23,222.89,229.83,202.09,223.54,313870,287.73,202.09,28.29,192.69,314.39,346.61,349.57,0,,
2020-03-24,224.87,234.73,221.6,232.9,227991,287.76,202.09,27.21,199.45,310.67,340.73,346.61,0,,
2020-03-25,225.86,243.65,214.27,225.42,334023,287.73,202.09,27.36,194.52,306.52,340.73,340.73,0,,
2020-03-26,225.96,239.53,225.96,233.34,162259,287.7,202.09,26.42,200.26,302.66,340.73,340.73,0,,
2020-03-27,234.78,241.27,222.89,235.37,857463,287.66,202.09,25.84,201.95,298.91,340.39,340.73,0,,
2020-03-30,235.37,236.76,219.92,223.49,112931,287.56,202.09,25.2,194.72,294.91,340.39,340.39,0,,
2020-03-31,232.75,252.61,225.22,245.18,193261,287.68,202.09,25.48,208.52,291.69,334.76,340.39,0,,
2020-04-01,245.18,252.02,235.97,247.46,76590,287.83,202.09,24.8,210.44,288.75,320.83,334.76,0,,
2020-04-03,247.46,273.36,238.15,261.77,136330,288.07,202.09,25.55,219.17,286.04,320.83,320.83,0,,
2020-04-07,277.38,278.37,265.49,272.72,148373,288.39,202.09,24.91,226.66,283.59,318.86,320.83,0,,
2020-04-08,268.56,287.28,267.92,274.45,200995,288.68,202.09,24.51,228.04,281.3,315.91,318.86,0,,
2020-04-09,279.36,297.09,276.83,282.97,156688,289.02,202.09,24.38,233.63,279.55,315.91,315.91,0,,
2020-04-13,284.31,289.12,269.6,287.23,460604,289.4,202.09,24.03,236.61,278.26,306.8,315.91,0,,
2020-04-15,296.05,296.05,275.94,277.53,177885,289.7,202.09,23.75,230.54,276.38,302.89,306.8,0,,
2020-04-16,272.97,281.88,269.65,272.37,73626,289.96,202.09,22.93,227.76,274.12,297.09,302.89,0,,
2020-04-17,274.95,287.78,271.73,281.64,571909,290.29,214.27,22.44,238.12,272.53,297.09,297.09,0,,
2020-04-20,287.08,293.13,267.47,287.23,247788,290.62,214.27,22.67,241.57,271.24,297.09,297.09,0,,
2020-04-21,283.32,286.0,275.4,281.59,96569,290.88,219.92,21.89,240.34,270.09,297.09,297.09,0,,
2020-04-22,281.59,295.21,276.19,283.32,198584,291.14,219.92,21.69,241.59,269.0,297.09,297.09,0,,
2020-04-23,288.47,291.69,276.58,278.32,155572,291.39,219.92,21.22,238.68,267.69,297.09,297.09,0,,
2020-04-24,278.37,283.27,266.48,270.15,83937,291.55,225.22,20.9,235.39,266.16,297.09,297.09,0,,
2020-04-27,272.42,276.29,263.41,267.22,260653,291.74,235.97,20.33,237.46,264.7,297.09,297.09,0,,
2020-04-28,267.22,274.4,265.89,271.93,123938,291.97,238.15,19.48,241.79,263.61,297.09,297.09,0,,
2020-04-29,274.4,277.38,268.56,274.8,76801,292.27,263.41,18.72,252.57,262.74,297.09,297.09,0,,
2020-04-30,276.39,281.29,269.1,276.98,208489,292.55,263.41,18.26,254.28,262.24,297.09,297.09,0,,
2020-05-04,276.39,276.39,262.52,267.77,96153,292.8,262.52,17.99,248.23,261.6,297.09,297.09,0,,
2020-05-05,267.47,272.42,257.81,260.98,116986,293.0,257.81,17.74,242.44,261.16,297.09,297.09,0,,
2020-05-06,262.91,269.25,258.9,267.92,119319,293.23,257.81,17.22,247.27,262.42,297.09,297.09,0,,
2020-05-07,262.52,281.09,262.52,275.0,172689,293.49,257.81,17.31,251.77,262.82,297.09,297.09,0,,
2020-05-08,276.09,277.18,267.47,273.66,52208,293.77,257.81,16.77,251.27,263.81,297.09,297.09,0,,
2020-05-11,277.28,277.28,263.51,267.37,176792,294.0,257.81,16.56,247.35,265.27,297.09,297.09,0,,
2020-05-12,269.45,270.34,260.59,263.61,30749,294.2,257.81,16.07,245.25,266.29,296.05,297.09,0,,
2020-05-13,268.76,270.44,258.55,263.11,164607,294.48,257.81,15.77,245.13,267.55,296.05,296.05,0,,
2020-05-14,261.82,265.93,256.57,260.34,94180,294.67,256.57,15.31,243.23,268.45,295.21,296.05,0,,
2020-05-15,258.55,264.5,258.55,262.76,48136,294.87,256.57,14.64,245.24,269.36,295.21,295.21,0,,
2020-05-18,262.76,265.54,258.6,262.72,86844,295.08,256.57,14.09,245.58,270.67,295.21,295.21,0,,
2020-05-19,265.49,265.49,245.92,256.33,139958,295.24,245.92,14.48,237.65,271.04,295.21,295.21,0,,
2020-05-20,255.24,265.29,255.24,262.86,44043,295.45,245.92,14.17,242.07,271.56,295.21,295.21,0,,
2020-05-21,263.56,267.37,261.33,265.09,17632,295.67,245.92,13.59,243.9,271.67,291.69,295.21,0,,
2020-05-22,267.37,267.37,258.16,262.76,28688,295.87,245.92,13.27,242.6,271.33,283.27,291.69,0,,
2020-05-26,262.76,262.76,256.03,258.06,48451,296.03,245.92,12.81,239.88,270.79,281.29,283.27,0,,
2020-05-27,261.92,261.92,250.63,257.51,272863,296.19,245.92,12.7,239.6,269.94,281.29,281.29,0,,
2020-05-28,258.16,266.48,257.42,261.97,71412,296.43,245.92,12.44,242.65,269.1,281.29,281.29,0,,
2020-05-29,257.56,274.4,257.56,270.24,66919,296.7,245.92,12.75,247.78,268.85,281.29,281.29,0,,
2020-06-01,273.81,301.2,269.95,292.78,243123,297.11,245.92,14.07,261.43,269.53,301.2,281.29,1,292.78,261.43
2020-06-02,309.42,313.83,290.95,292.78,1124440,297.48,245.92,14.7,261.01,269.91,313.83,301.2,0,,
2020-06-03,294.22,301.05,278.27,284.11,155316,297.78,245.92,15.28,255.04,269.8,313.83,313.83,0,,
2020-06-04,282.33,289.12,278.37,281.98,270661,298.05,245.92,14.96,253.88,269.81,313.83,313.83,0,,
2020-06-05,281.98,285.2,280.0,283.37,88159,298.26,245.92,14.26,255.24,269.82,313.83,313.83,0,,
2020-06-08,287.28,289.21,281.34,286.74,134076,298.43,245.92,13.8,257.72,270.1,313.83,313.83,0,,
2020-06-09,289.26,305.11,283.52,297.83,279534,298.66,245.92,14.36,264.5,271.02,313.83,313.83,0,,
2020-06-10,296.1,296.1,290.01,292.38,77411,298.81,250.63,13.89,262.87,271.86,313.83,313.83,0,,
2020-06-11,292.38,298.18,287.48,290.55,139018,298.99,250.63,13.66,261.84,272.48,313.83,313.83,0,,
2020-06-12,282.33,285.3,279.85,283.67,56613,299.15,250.63,13.45,257.54,272.77,313.83,313.83,0,,
2020-06-15,283.72,296.1,282.33,287.33,102825,299.25,250.63,13.48,259.89,273.12,313.83,313.83,0,,
2020-06-16,285.8,285.8,273.46,280.25,278724,299.23,250.63,13.5,255.3,273.54,313.83,313.83,0,,
2020-06-17,285.3,285.3,274.06,276.14,411805,299.23,257.42,13.34,255.02,274.04,313.83,313.83,0,,
2020-06-18,275.2,275.2,262.62,272.42,339490,299.25,257.56,13.35,252.66,274.19,313.83,313.83,0,,
2020-06-19,270.94,276.34,267.47,269.95,639705,299.24,262.62,13.03,252.97,274.02,313.83,313.83,0,,
2020-06-22,272.37,274.55,267.47,270.69,133305,299.14,262.62,12.61,253.73,273.92,313.83,313.83,0,,
2020-06-23,271.93,273.36,265.49,267.57,159544,298.92,262.62,12.27,251.94,273.93,313.83,313.83,0,,
2020-06-24,271.43,274.4,267.47,268.36,103217,298.7,262.62,11.89,252.71,274.09,313.83,313.83,0,,
2020-06-25,262.72,268.11,262.72,265.69,74747,298.55,262.62,11.44,251.28,274.17,313.83,313.83,0,,
2020-06-26,270.39,276.29,268.26,271.93,217448,298.41,262.62,11.38,255.35,274.56,313.83,313.83,0,,
2020-06-29,273.91,273.91,261.53,262.07,213448,298.18,261.53,11.45,248.58,274.54,313.83,313.83,0,,
2020-06-30,262.52,267.32,262.52,265.49,255386,298.0,261.53,11.01,251.08,274.63,305.11,313.83,0,,
2020-07-01,267.47,267.47,260.24,261.38,270819,297.77,260.24,10.74,248.18,274.8,305.11,305.11,0,,
2020-07-02,262.52,266.43,262.52,265.89,57701,297.57,260.24,10.33,251.36,274.9,305.11,305.11,0,,
2020-07-03,265.39,274.4,262.32,273.17,712750,297.43,260.24,10.46,255.97,275.17,305.11,305.11,0,,
2020-07-06,272.52,279.11,265.19,274.65,104695,297.27,260.24,10.71,256.76,275.56,305.11,305.11,0,,
2020-07-07,276.34,280.35,271.48,278.61,161340,297.17,260.24,10.57,259.4,276.25,298.18,305.11,0,,
2020-07-08,282.33,282.33,275.49,278.86,91606,297.09,260.24,10.31,259.74,276.96,298.18,298.18,0,,
2020-07-09,278.57,279.85,274.95,279.41,104227,297.0,260.24,9.92,260.35,277.54,296.1,298.18,0,,
2020-07-10,277.57,291.3,277.57,285.25,156139,296.94,260.24,10.19,263.94,278.04,296.1,296.1,0,,
2020-07-13,287.28,289.41,277.97,279.8,85397,296.85,260.24,10.28,260.36,277.61,291.3,296.1,0,,
2020-07-14,277.38,281.34,267.47,279.95,80734,296.75,260.24,10.54,260.29,277.18,291.3,291.3,0,,
2020-07-15,279.95,281.69,275.49,279.41,73633,296.66,260.24,10.23,260.15,277.03,291.3,291.3,0,,
2020-07-16,278.37,281.34,269.95,272.27,507471,296.46,260.24,10.31,255.49,276.7,291.3,291.3,0,,
2020-07-17,272.42,277.38,270.49,276.39,60684,296.33,260.24,10.07,258.31,276.47,291.3,291.3,0,,
2020-07-20,277.38,286.29,271.19,278.42,846098,296.15,260.24,10.43,259.38,276.19,291.3,291.3,0,,
2020-07-21,279.46,282.97,277.53,279.31,192785,296.01,260.24,10.07,260.19,275.58,291.3,291.3,0,,
2020-07-22,282.13,282.13,274.95,278.91,82495,295.86,262.32,9.86,260.76,275.13,291.3,291.3,0,,
2020-07-23,279.36,297.19,275.54,293.92,257574,295.78,262.32,10.71,269.88,275.24,297.19,291.3,1,293.92,269.88
2020-07-24,292.73,297.19,287.28,290.11,184097,295.67,265.19,10.65,268.42,275.45,297.19,297.19,0,,
2020-07-27,289.26,300.71,280.2,299.37,322317,295.65,267.47,11.35,274.68,275.85,300.71,297.19,1,299.37,274.68
2020-07-28,298.08,313.88,291.05,295.16,437791,295.6,267.47,12.17,271.42,276.35,313.88,300.71,0,,
2020-07-29,293.18,296.69,288.17,290.45,101562,295.51,267.47,11.91,268.56,276.83,313.88,313.88,0,,
2020-07-30,282.58,296.2,282.38,291.74,193541,295.45,267.47,12.05,269.3,277.47,313.88,313.88,0,,
2020-07-31,292.24,294.22,285.45,287.23,167764,295.35,267.47,11.81,266.54,278.05,313.88,313.88,0,,
2020-08-03,287.13,295.21,282.73,292.24,198183,295.29,267.47,11.86,269.74,278.77,313.88,313.88,0,,
2020-08-04,293.23,295.16,286.34,287.28,58677,295.2,269.95,11.64,267.52,279.42,313.88,313.88,0,,
2020-08-05,282.33,290.7,263.11,287.53,399300,295.14,263.11,12.78,264.64,280.06,313.88,313.88,0,,
2020-08-06,290.25,307.1,287.28,300.41,503309,295.12,263.11,13.29,272.61,281.22,313.88,313.88,0,,
2020-08-07,301.45,306.01,295.51,301.35,309042,295.11,263.11,13.09,273.35,282.2,313.88,313.88,0,,
2020-08-10,303.63,330.18,299.86,320.27,1102192,295.1,263.11,14.32,284.73,284.14,330.18,313.88,1,320.27,284.73
2020-08-11,326.66,328.89,321.46,325.37,317686,295.1,263.11,13.91,288.29,286.14,330.18,330.18,0,,
2020-08-12,326.71,332.75,320.96,327.16,156316,295.12,263.11,13.76,289.55,288.33,332.75,330.18,0,,
2020-08-13,330.13,344.1,327.9,338.35,323774,295.15,263.11,13.99,296.61,290.74,344.1,332.75,1,338.35,296.61
2020-08-14,341.97,350.24,319.78,329.43,280995,295.11,263.11,15.16,290.08,292.62,350.24,344.1,0,,
2020-08-17,335.82,346.47,324.33,342.76,253148,295.12,263.11,15.66,298.34,294.89,350.24,350.24,0,,
2020-08-18,342.76,346.52,334.29,340.83,236889,295.11,263.11,15.42,297.26,296.96,350.24,350.24,0,,
2020-08-19,342.26,346.62,339.49,344.49,424313,295.15,263.11,14.82,300.02,299.15,350.24,350.24,0,,
2020-08-20,344.74,346.47,337.85,342.86,262457,295.18,263.11,14.38,299.26,301.27,350.24,350.24,0,,
2020-08-21,346.62,347.71,333.5,335.53,289416,295.17,263.11,14.37,294.54,302.94,350.24,350.24,0,,
2020-08-24,339.39,355.74,331.86,343.25,673491,295.19,263.11,15.05,299.07,305.06,355.74,350.24,0,,
2020-08-25,348.5,352.76,339.79,340.83,243337,295.17,263.11,14.9,297.61,307.09,355.74,355.74,0,,
2020-08-26,343.75,344.74,331.86,334.59,115849,295.03,287.28,14.76,301.73,308.93,355.74,355.74,0,,
2020-08-27,337.71,337.71,324.93,326.56,128838,294.81,295.51,14.61,299.39,310.74,355.74,355.74,0,,
2020-08-28,327.4,334.34,326.56,330.47,112406,294.66,299.86,14.13,303.69,312.54,355.74,355.74,0,,
2020-08-31,332.16,333.79,317.0,320.47,294390,294.46,317.0,14.32,302.83,313.94,355.74,355.74,0,,
2020-09-01,322.1,323.94,305.51,309.03,153405,294.19,305.51,14.61,291.42,314.93,355.74,355.74,0,,
2020-09-02,315.02,325.32,311.6,320.32,70862,293.97,305.51,14.73,298.62,316.31,355.74,355.74,0,,
2020-09-03,317.2,330.77,312.4,317.55,66942,293.76,305.51,14.99,296.66,317.1,355.74,355.74,0,,
2020-09-04,315.52,321.96,309.57,316.66,49048,293.5,305.51,14.8,296.21,317.98,355.74,355.74,0,,
2020-09-07,316.11,318.93,312.05,314.03,51402,293.11,305.51,14.24,294.89,318.47,355.74,355.74,0,,
2020-09-08,310.12,316.01,301.15,304.22,106125,292.66,301.15,14.28,287.08,318.78,355.74,355.74,0,,
2020-09-09,301.25,307.0,289.71,305.26,67141,292.21,289.71,14.5,283.8,319.27,355.74,355.74,0,,
2020-09-10,306.8,313.04,304.27,310.07,55882,291.9,289.71,14.09,287.17,319.88,355.74,355.74,0,,
2020-09-11,311.65,322.25,306.1,317.3,72260,291.63,289.71,14.24,291.74,320.88,355.74,355.74,0,,
2020-09-14,319.97,354.65,319.97,342.86,701069,291.55,289.71,15.89,307.12,322.57,355.74,355.74,0,,
2020-09-15,340.83,346.67,332.01,341.87,154830,291.48,289.71,15.8,306.54,324.39,355.74,355.74,0,,
2020-09-16,342.76,344.94,333.45,336.76,45972,291.43,289.71,15.49,303.45,326.03,355.74,355.74,0,,
2020-09-17,336.81,346.52,335.68,337.81,303466,291.35,289.71,15.16,304.35,327.28,355.74,355.74,0,,
2020-09-18,334.83,346.08,331.86,333.2,290047,291.24,289.71,15.09,301.42,328.34,355.74,355.74,0,,
2020-09-21,337.81,337.81,325.08,328.89,61616,291.12,289.71,14.92,298.76,328.63,354.65,355.74,0,,
2020-09-22,330.92,332.8,309.72,323.59,53397,290.98,289.71,15.51,294.95,328.57,354.65,354.65,0,,
2020-09-23,326.91,332.01,317.0,324.18,232086,290.87,289.71,15.47,295.35,328.47,354.65,354.65,0,,
2020-09-24,322.2,331.27,300.46,306.35,102892,290.67,289.71,16.57,283.12,327.4,354.65,354.65,0,,
2020-09-25,310.36,316.9,295.01,313.83,114325,290.47,289.71,16.95,287.69,326.88,354.65,354.65,0,,
2020-09-28,321.76,329.88,309.82,325.08,312873,290.33,289.71,17.17,294.8,326.29,354.65,354.65,0,,
2020-09-29,326.71,347.71,318.29,343.06,162603,290.33,289.71,18.04,305.81,326.37,354.65,354.65,0,,
2020-09-30,340.03,359.35,334.54,354.65,270750,290.46,295.01,18.53,314.73,326.7,359.35,354.65,0,,
2020-10-01,358.61,359.8,342.76,344.34,106200,290.58,295.01,18.42,308.16,326.75,359.8,359.35,0,,
2020-10-05,346.08,366.53,338.1,352.52,203686,290.71,295.01,19.14,312.95,327.32,366.53,359.8,0,,
2020-10-06,356.63,359.6,339.79,341.72,255674,290.72,295.01,19.18,305.96,327.27,366.53,366.53,0,,
2020-10-07,341.72,370.84,330.03,361.83,468983,290.93,295.01,20.73,317.9,327.97,370.84,366.53,0,,
2020-10-08,351.43,364.16,349.35,356.48,215079,291.14,295.01,20.31,314.73,328.7,370.84,370.84,0,,
2020-10-09,356.48,360.89,339.93,344.44,232991,291.33,295.01,20.35,306.93,329.29,370.84,370.84,0,,
2020-10-12,343.7,365.54,341.97,351.43,138241,291.56,295.01,20.58,311.29,329.99,370.84,370.84,0,,
2020-10-13,354.25,364.55,353.9,360.59,260292,291.85,295.01,20.05,317.55,331.33,370.84,370.84,0,,
2020-10-14,356.63,361.93,346.72,352.02,67195,292.09,295.01,19.7,312.25,332.76,370.84,370.84,0,,
2020-10-15,355.64,355.64,342.76,345.09,34588,292.32,295.01,19.22,308.11,333.59,370.84,370.84,0,,
2020-10-16,345.09,351.57,328.89,335.23,101578,292.52,295.01,19.46,301.58,334.18,370.84,370.84,0,,
2020-10-19,336.37,340.28,331.42,333.69,46610,292.74,309.82,18.71,306.03,334.75,370.84,370.84,0,,
2020-10-20,329.93,336.07,327.11,329.19,34880,292.99,318.29,18.01,306.42,335.25,370.84,370.84,0,,
2020-10-21,331.86,335.13,324.93,331.66,97008,293.28,324.93,17.45,310.6,336.17,370.84,370.84,0,,
2020-10-22,331.61,332.7,327.7,328.74,23293,293.65,324.93,16.56,309.31,336.95,370.84,370.84,0,,
2020-10-23,330.42,333.99,325.72,330.62,295003,294.32,324.93,15.97,310.91,337.63,370.84,370.84,0,,
2020-10-26,331.86,341.47,329.93,333.55,93562,294.79,324.93,15.65,313.01,338.18,370.84,370.84,0,,
2020-10-27,334.34,334.34,327.16,329.43,51926,295.36,324.93,15.05,310.76,337.73,370.84,370.84,0,,
2020-10-28,331.07,341.72,327.55,335.43,341350,296.11,324.93,14.99,314.67,337.51,370.84,370.84,0,,
2020-10-29,333.84,333.84,327.01,328.05,31131,296.74,324.93,14.52,310.22,337.22,370.84,370.84,0,,
2020-10-30,328.05,340.63,325.17,338.75,58541,297.5,324.93,14.58,317.08,337.25,370.84,370.84,0,,
2020-11-02,338.75,340.48,308.28,326.12,97790,298.11,308.28,15.84,302.55,337.02,370.84,370.84,0,,
2020-11-03,317.25,330.87,312.54,329.14,295446,298.74,308.28,16.02,304.38,337.03,370.84,370.84,0,,
2020-11-04,326.91,334.83,325.47,332.8,131723,299.47,308.28,15.54,307.05,337.33,365.54,370.84,0,,
2020-11-05,334.49,345.28,331.27,342.16,533179,300.11,308.28,15.43,313.16,337.93,365.54,365.54,0,,
2020-11-06,343.85,343.85,331.86,338.75,93789,300.72,308.28,15.19,311.13,339.01,365.54,365.54,0,,
2020-11-09,339.79,341.77,334.14,338.7,78267,301.24,308.28,14.65,311.46,339.84,364.55,365.54,0,,
2020-11-10,338.7,340.23,325.77,328.1,105070,301.6,308.28,14.64,304.63,339.94,361.93,364.55,0,,
2020-11-11,329.68,343.45,327.3,338.75,642136,302.03,308.28,14.74,311.42,339.8,355.64,361.93,0,,
2020-11-12,335.82,357.37,335.82,353.61,230263,302.5,308.28,15.23,320.69,339.76,357.37,355.64,0,,
2020-11-13,351.67,360.59,349.2,358.76,374893,302.98,308.28,14.96,324.19,340.24,360.59,357.37,1,358.76,324.19
2020-11-14,357.02,359.6,354.4,357.37,22535,303.51,308.28,14.26,323.76,340.41,360.59,360.59,0,,
2020-11-17,357.17,367.52,349.69,360.64,288856,304.1,308.28,14.51,325.7,341.04,367.52,360.59,1,360.64,325.7
2020-11-18,360.49,366.53,355.29,358.26,151660,304.61,308.28,14.28,324.32,340.92,367.52,367.52,0,,
2020-11-19,356.63,361.58,350.68,355.69,169724,305.07,308.28,14.04,322.82,340.89,367.52,367.52,0,,
2020-11-20,351.67,388.33,351.67,364.21,754925,305.62,308.28,15.65,327.24,341.55,388.33,367.52,0,,
2020-11-23,364.6,374.71,361.33,366.29,182392,306.17,312.54,15.49,330.11,342.05,388.33,388.33,0,,
2020-11-24,366.29,381.19,366.29,379.36,284404,306.85,325.47,15.45,342.88,342.67,388.33,388.33,0,,
2020-11-25,381.29,381.29,371.98,373.47,201211,307.54,325.77,15.01,339.47,343.39,388.33,388.33,0,,
2020-11-26,373.47,376.44,366.53,371.04,38916,308.23,325.77,14.65,338.15,344.25,388.33,388.33,0,,
2020-11-27,374.46,395.76,366.43,382.83,1473086,308.97,325.77,15.7,345.05,345.84,395.76,388.33,0,,
2020-12-01,388.82,388.82,364.26,380.11,370169,309.67,325.77,16.33,342.88,347.39,395.76,395.76,0,,
2020-12-02,378.22,387.34,376.54,377.73,59420,310.34,327.3,15.93,342.11,349.0,395.76,395.76,0,,
2020-12-03,381.39,387.19,379.41,380.8,573986,311.09,335.82,15.47,347.24,350.64,395.76,395.76,0,,
2020-12-04,382.68,382.68,371.29,372.43,98361,311.84,349.2,15.18,346.5,352.1,395.76,395.76,0,,
2020-12-07,373.27,380.75,367.47,378.02,120649,312.57,349.69,15.04,350.36,353.68,395.76,395.76,0,,
2020-12-08,381.1,381.1,372.13,376.29,225067,313.25,349.69,14.61,349.53,355.1,395.76,395.76,0,,
2020-12-09,380.4,380.4,369.06,376.94,95059,313.93,350.68,14.38,350.44,356.69,395.76,395.76,0,,
2020-12-10,380.35,385.55,374.26,382.48,100871,314.7,350.68,14.16,354.16,358.26,395.76,395.76,0,,
2020-12-11,384.36,390.01,378.17,382.48,124907,315.49,351.67,13.99,354.6,360.07,395.76,395.76,0,,
2020-12-14,387.98,393.03,381.89,391.2,84926,316.35,361.33,13.79,363.58,361.82,395.76,395.76,0,,
2020-12-15,390.8,415.57,384.61,401.11,673018,317.29,364.26,15.01,370.13,364.32,415.57,395.76,1,401.11,370.13
2020-12-16,403.19,411.76,401.95,408.73,206407,318.26,364.26,14.7,375.25,366.97,415.57,415.57,0,,
2020-12-17,406.41,416.07,403.24,410.62,352054,319.25,364.26,14.57,376.56,369.56,416.07,415.57,0,,
2020-12-18,416.07,421.96,405.86,414.28,168013,320.3,364.26,14.68,378.85,371.97,421.96,416.07,0,,
2020-12-21,409.77,445.68,395.56,410.91,491761,321.29,364.26,17.21,374.98,374.37,445.68,421.96,0,,
2020-12-22,409.18,419.28,391.1,410.96,197911,322.26,367.47,17.99,375.56,376.78,445.68,445.68,0,,
2020-12-23,410.96,425.87,408.59,423.05,100378,323.33,367.47,17.94,383.4,379.95,445.68,445.68,0,,
2020-12-24,425.08,429.93,417.25,427.11,217503,324.45,367.47,17.57,386.27,382.89,445.68,445.68,0,,
2020-12-28,445.29,445.29,428.7,441.38,467110,325.68,367.47,17.61,395.44,385.82,445.68,445.68,0,,
2020-12-29,443.51,445.24,430.58,436.82,158278,326.85,369.06,17.4,393.17,388.42,445.68,445.68,0,,
2020-12-30,440.73,449.25,419.98,444.74,463222,328.01,369.06,18.25,397.71,391.33,449.25,445.68,0,,
2020-12-31,446.28,447.57,433.3,443.95,140324,329.02,374.26,17.96,399.13,394.11,449.25,449.25,0,,
2021-01-01,444.3,452.72,436.13,445.34,118292,330.03,378.17,17.87,401.39,397.01,452.72,449.25,0,,
2021-01-04,450.54,450.74,433.9,441.43,194964,331.08,381.89,17.79,400.16,399.87,452.72,452.72,0,,
2021-01-05,441.43,447.77,437.51,445.78,266238,332.17,384.61,17.25,404.23,402.59,452.72,452.72,0,,
2021-01-06,447.77,450.74,441.62,448.11,121080,333.27,391.1,16.67,408.28,405.32,452.72,452.72,0,,
2021-01-07,453.71,454.7,438.65,442.86,254405,334.31,391.1,16.63,404.93,407.43,454.7,452.72,0,,
2021-01-08,442.86,450.74,439.64,446.97,187663,335.31,391.1,16.23,407.84,409.88,454.7,454.7,0,,
2021-01-11,438.65,472.23,438.65,465.84,890891,336.46,391.1,17.47,419.19,413.04,472.23,454.7,1,465.84,419.19
2021-01-12,470.45,474.51,462.87,469.41,642970,337.66,391.1,17.06,421.77,415.93,474.51,472.23,0,,
2021-01-13,473.42,473.42,461.93,470.35,388308,338.9,408.59,16.66,428.47,418.94,474.51,474.51,0,,
2021-01-14,474.51,475.5,464.06,469.51,359652,340.12,417.25,16.29,431.06,422.0,475.5,474.51,0,,
2021-01-15,465.6,470.55,460.45,463.07,32254,341.33,419.98,15.84,428.11,424.74,475.5,475.5,0,,
2021-01-18,460.64,462.87,437.61,446.58,1086393,342.47,419.98,16.53,417.02,427.21,475.5,475.5,0,,
2021-01-19,448.85,484.42,448.85,475.26,391492,343.82,419.98,18.05,434.5,430.45,484.42,475.5,0,,
2021-01-20,470.4,478.77,467.53,471.09,123408,345.16,433.3,17.57,436.58,433.61,484.42,484.42,0,,
2021-01-21,471.54,475.16,456.68,463.12,49200,346.45,433.9,17.63,431.59,436.48,484.42,484.42,0,,
2021-01-22,458.61,472.53,445.78,454.95,91374,347.7,433.9,18.28,425.89,438.9,484.42,484.42,0,,
2021-01-25,454.95,463.96,446.38,455.79,161036,348.95,437.51,18.23,427.67,441.34,484.42,484.42,0,,
2021-01-27,452.72,460.64,445.88,449.85,210519,350.17,437.61,17.98,424.03,443.3,484.42,484.42,0,,
2021-01-28,445.78,450.19,430.83,433.45,254374,351.25,430.83,18.08,411.13,444.38,484.42,484.42,0,,
2021-01-29,435.78,444.84,421.66,441.43,73548,352.45,421.66,18.45,412.98,445.47,484.42,484.42,0,,
2021-02-01,441.82,479.96,441.82,463.66,385096,353.77,421.66,19.88,426.36,447.23,484.42,484.42,0,,
2021-02-02,473.42,473.42,447.96,452.97,280092,355.04,421.66,20.28,419.2,448.52,484.42,484.42,0,,
2021-02-03,452.97,471.0,448.76,465.5,1068933,356.38,421.66,20.42,427.19,450.34,484.42,484.42,0,,
2021-02-04,465.4,492.34,462.58,482.93,327500,357.77,421.66,21.09,437.99,452.74,492.34,484.42,0,,
2021-02-05,495.32,513.15,487.84,500.66,301919,359.28,421.66,21.74,448.99,455.33,513.15,492.34,1,500.66,448.99
2021-02-08,515.13,519.73,480.46,485.16,329256,360.66,421.66,22.99,438.15,457.27,519.73,513.15,0,,
2021-02-09,499.28,499.28,478.28,482.09,130158,362.01,421.66,22.85,436.27,458.62,519.73,519.73,0,,
2021-02-10,483.43,485.31,456.68,464.31,982991,363.24,421.66,23.26,424.53,459.54,519.73,519.73,0,,
2021-02-11,462.33,468.07,451.73,455.29,150262,364.38,421.66,22.77,419.04,459.89,519.73,519.73,0,,
2021-02-12,459.55,470.1,454.5,455.59,115568,365.55,421.66,22.26,419.57,460.28,519.73,519.73,0,,
2021-02-15,457.87,471.29,457.87,460.99,150930,366.76,421.66,21.79,423.37,460.8,519.73,519.73,0,,
2021-02-16,465.45,471.54,457.13,460.54,199358,367.96,421.66,21.26,423.43,461.44,519.73,519.73,0,,
2021-02-17,460.54,466.04,457.13,458.02,62535,369.2,421.66,20.38,422.39,461.84,519.73,519.73,0,,
2021-02-18,462.62,462.62,452.87,457.32,44652,370.41,421.66,19.62,422.45,462.15,519.73,519.73,0,,
2021-02-19,457.08,464.8,452.72,453.96,131363,371.58,441.82,19.08,427.36,462.52,519.73,519.73,0,,
2021-02-22,469.56,469.56,451.28,456.58,912134,372.76,447.96,19.02,431.13,462.84,519.73,519.73,0,,
2021-02-23,460.54,464.51,439.64,441.08,323676,373.84,439.64,19.44,418.08,462.02,519.73,519.73,0,,
2021-02-24,447.37,460.1,421.02,445.93,153019,374.86,421.02,20.84,414.07,461.23,519.73,519.73,0,,
2021-02-25,452.72,459.36,430.92,435.18,373161,375.82,421.02,21.39,406.77,460.06,519.73,519.73,0,,
2021-02-26,431.92,442.37,421.27,427.31,294560,376.68,421.02,21.37,401.71,458.66,519.73,519.73,0,,
2021-03-01,433.9,437.02,426.07,429.88,384388,377.57,421.02,20.62,403.86,457.55,519.73,519.73,0,,
2021-03-02,434.39,434.84,424.98,426.71,150453,378.48,421.02,19.85,402.33,456.89,519.73,519.73,0,,
2021-03-03,430.58,432.31,420.28,422.7,177247,379.36,420.28,19.29,399.87,455.13,519.73,519.73,0,,
2021-03-04,424.98,429.19,422.85,427.75,351669,380.29,420.28,18.38,403.74,453.69,519.73,519.73,0,,
2021-03-05,427.75,427.75,411.66,415.97,417099,381.12,411.66,18.22,393.38,452.12,519.73,519.73,0,,
2021-03-08,418.05,423.25,406.16,410.22,256050,381.94,406.16,18.14,387.89,450.63,499.28,519.73,0,,
2021-03-09,414.68,415.97,404.97,406.26,163902,382.73,404.97,17.63,385.28,448.98,485.31,499.28,0,,
2021-03-10,410.12,422.9,407.35,414.88,438764,383.49,404.97,17.56,390.88,447.81,471.54,485.31,0,,
2021-03-12,418.05,429.93,414.33,420.87,215088,384.29,404.97,17.42,394.84,447.39,471.54,471.54,0,,
2021-03-15,415.27,421.61,415.27,417.9,109629,384.94,404.97,16.62,393.45,446.61,471.54,471.54,0,,
2021-03-16,420.72,430.92,418.44,425.92,203494,385.61,404.97,16.37,398.8,445.35,471.54,471.54,0,,
2021-03-17,431.92,434.69,406.41,410.32,163966,386.16,404.97,17.22,388.17,443.93,469.56,471.54,0,,
2021-03-18,411.11,414.28,392.24,396.0,277960,386.55,392.24,17.56,374.46,441.61,469.56,469.56,0,,
2021-03-19,392.39,393.68,376.49,381.64,1811114,386.9,376.49,17.7,359.85,438.23,469.56,469.56,0,,
2021-03-22,383.18,399.03,380.01,387.49,440082,387.19,376.49,17.8,363.56,434.46,469.56,469.56,0,,
2021-03-23,390.16,401.21,382.38,396.05,231111,387.56,376.49,17.87,369.04,431.49,464.51,469.56,0,,
2021-03-24,395.11,404.52,392.93,395.46,1144605,387.9,376.49,17.42,368.95,428.6,460.1,464.51,0,,
2021-03-25,395.66,399.97,376.44,379.61,123922,388.15,376.44,17.86,358.42,425.78,459.36,460.1,0,,
2021-03-26,381.59,391.79,378.42,381.89,275676,388.46,376.44,17.54,360.11,423.33,442.37,459.36,0,,
2021-03-30,383.37,403.68,381.59,399.92,222574,388.83,376.44,17.86,371.52,421.48,437.02,442.37,0,,
2021-03-31,400.21,409.18,391.15,402.05,669298,389.24,376.44,17.87,372.89,419.51,434.84,437.02,0,,
2021-04-01,407.15,417.85,407.15,414.13,196432,389.77,376.44,17.73,380.78,417.97,434.69,434.84,0,,
2021-04-05,416.06,420.92,406.16,408.68,165003,390.32,376.44,17.51,377.4,416.32,434.69,434.69,0,,
2021-04-06,413.49,421.02,411.56,419.24,114418,390.91,376.44,17.14,384.46,415.05,434.69,434.69,0,,
2021-04-07,421.02,427.16,418.54,420.82,112021,391.58,376.44,16.54,385.89,413.95,434.69,434.69,0,,
2021-04-08,423.89,429.44,420.13,426.37,239105,392.36,376.44,16.02,389.81,412.94,434.69,434.69,0,,
2021-04-09,428.35,430.87,424.24,425.48,69403,393.06,376.44,15.35,389.68,412.42,434.69,434.69,0,,
2021-04-12,425.48,427.61,406.16,408.09,115252,393.67,376.44,15.78,378.17,411.16,434.69,434.69,0,,
2021-04-13,414.78,414.78,403.78,406.41,61048,394.27,376.44,15.44,377.32,410.2,434.69,434.69,0,,
2021-04-15,406.16,422.01,403.68,419.93,198048,394.97,376.44,15.65,385.9,409.95,434.69,434.69,0,,
2021-04-16,419.58,419.58,395.06,397.74,323084,395.6,376.44,16.31,371.15,408.88,434.69,434.69,0,,
2021-04-19,395.96,397.19,384.36,386.89,307046,396.14,376.44,16.1,364.29,407.56,430.87,434.69,0,,
2021-04-20,387.34,396.85,382.98,386.94,204019,396.65,378.42,15.94,365.09,406.36,430.87,430.87,0,,
2021-04-22,388.92,404.57,387.83,396.95,218659,397.18,381.59,16.06,372.52,405.34,430.87,430.87,0,,
2021-04-23,389.62,399.82,389.62,394.96,66160,397.53,382.98,15.64,371.98,404.64,430.87,430.87,0,,
2021-04-26,395.26,401.21,391.3,392.69,64620,397.87,382.98,15.23,370.79,404.05,430.87,430.87,0,,
2021-04-27,394.47,397.89,389.37,394.42,67926,398.25,382.98,14.75,372.23,403.66,430.87,430.87,0,,
2021-04-28,396.45,414.48,394.27,412.75,248447,398.75,382.98,15.14,383.79,403.59,430.87,430.87,0,,
2021-04-29,414.48,421.02,396.25,413.49,420174,399.29,382.98,15.83,383.81,403.34,430.87,430.87,0,,
2021-04-30,403.98,423.0,401.21,403.14,109261,399.78,382.98,16.26,376.85,402.85,430.87,430.87,0,,
2021-05-03,405.12,410.07,402.2,406.41,55281,400.34,382.98,15.66,379.36,402.2,430.87,430.87,0,,
2021-05-04,408.54,411.41,391.79,393.92,102724,400.8,382.98,15.94,371.11,401.65,430.87,430.87,0,,
2021-05-05,393.33,417.06,391.45,405.27,434279,401.46,382.98,16.63,377.97,401.96,430.87,430.87,0,,
2021-05-06,407.3,410.07,394.27,401.3,266783,402.04,382.98,16.57,375.45,402.62,430.87,430.87,0,,
2021-05-07,403.34,410.12,401.3,408.14,118634,402.6,382.98,16.02,380.23,403.3,430.87,430.87,0,,
2021-05-10,413.09,413.09,399.77,401.65,134055,402.99,382.98,15.83,376.17,403.49,430.87,430.87,0,,
2021-05-11,400.21,408.44,400.21,403.43,161512,403.31,382.98,15.28,377.68,403.76,427.61,430.87,0,,
2021-05-12,405.47,411.56,403.48,407.69,167986,403.74,387.83,14.77,382.39,404.69,423.0,427.61,0,,
2021-05-14,409.13,444.79,406.31,429.69,1101454,404.25,389.37,16.47,395.96,406.29,444.79,423.0,1,429.69,395.96
2021-05-17,435.83,460.64,435.73,442.22,564258,404.92,389.37,17.5,403.36,407.7,460.64,444.79,0,,
2021-05-18,446.28,446.28,420.08,423.74,299319,405.33,389.37,18.12,391.02,408.42,460.64,460.64,0,,
2021-05-19,425.77,438.85,423.54,435.13,182088,405.86,391.45,17.92,399.2,409.12,460.64,460.64,0,,
2021-05-20,435.13,457.87,422.16,435.98,416281,406.47,391.45,19.19,398.9,410.03,460.64,460.64,0,,
2021-05-21,440.34,440.34,430.97,432.31,193096,407.01,391.45,18.49,397.0,410.46,460.64,460.64,0,,
2021-05-24,428.45,434.79,424.98,431.12,360808,407.48,391.45,17.87,396.64,410.81,460.64,460.64,0,,
2021-05-25,433.4,434.89,426.47,427.66,602626,407.98,391.45,17.19,394.86,410.85,460.64,460.64,0,,
2021-05-26,432.91,433.85,426.02,426.71,66790,408.53,391.45,16.53,394.69,410.89,460.64,460.64,0,,
2021-05-27,427.95,430.78,422.21,425.67,247177,409.13,394.27,15.96,395.34,411.48,460.64,460.64,0,,
2021-05-28,426.47,431.57,424.68,426.37,691718,409.75,399.77,15.31,398.06,412.14,460.64,460.64,0,,
2021-05-31,430.83,446.18,430.83,434.29,790277,410.45,399.77,15.63,402.95,412.62,460.64,460.64,0,,
2021-06-01,465.6,518.74,448.76,488.28,8746451,411.49,400.21,20.55,434.65,415.64,518.74,460.64,1,488.28,434.65
2021-06-02,485.41,561.39,469.41,500.17,8131155,412.63,403.48,25.65,440.0,419.42,561.39,518.74,0,,
2021-06-03,506.21,509.18,480.46,483.28,1414747,413.65,406.31,25.87,429.91,422.63,561.39,561.39,0,,
2021-06-04,485.41,504.23,485.41,490.16,856286,414.7,420.08,25.52,439.17,425.73,561.39,561.39,0,,
2021-06-07,485.41,493.28,475.5,476.64,469806,415.68,420.08,24.96,430.82,428.46,561.39,561.39,0,,
2021-06-08,479.07,491.25,472.23,477.73,700932,416.63,422.16,24.54,432.5,431.29,561.39,561.39,0,,
2021-06-09,480.16,483.33,463.32,472.83,365752,417.59,422.16,24.22,429.55,433.91,561.39,561.39,0,,
2021-06-10,475.21,479.17,465.99,466.88,259500,418.44,422.21,23.43,426.26,435.71,561.39,561.39,0,,
2021-06-11,469.51,489.37,461.88,486.05,897937,419.51,422.21,23.72,438.43,438.13,561.39,561.39,0,,
2021-06-14,488.13,488.13,475.5,480.65,320800,420.52,422.21,22.93,435.47,440.71,561.39,561.39,0,,
2021-06-15,483.23,486.4,476.49,478.23,113986,421.49,422.21,22.0,434.53,443.11,561.39,561.39,0,,
2021-06-16,479.07,480.01,465.6,469.96,268785,422.34,422.21,21.45,429.56,445.64,561.39,561.39,0,,
2021-06-17,464.61,469.91,455.24,460.25,553939,423.15,424.68,20.97,424.44,447.47,561.39,561.39,0,,
2021-06-18,464.75,464.75,440.04,454.4,280825,423.92,430.83,21.24,422.54,449.24,561.39,561.39,0,,
2021-06-21,450.74,465.3,445.78,455.79,173625,424.78,440.04,21.12,426.59,450.83,561.39,561.39,0,,
2021-06-22,461.98,484.91,461.63,480.6,651259,425.72,440.04,21.69,442.21,453.46,561.39,561.39,0,,
2021-06-23,483.43,484.17,468.57,473.52,345781,426.52,440.04,21.25,437.93,455.8,561.39,561.39,0,,
2021-06-24,476.0,481.1,467.83,472.83,110488,427.28,440.04,20.68,437.87,457.97,561.39,561.39,0,,
2021-06-25,477.29,481.64,470.55,471.74,366009,428.04,440.04,20.0,437.62,459.37,561.39,561.39,0,,
2021-06-28,477.19,482.44,472.04,479.96,374325,428.84,440.04,19.33,443.36,460.63,561.39,561.39,0,,
2021-06-29,480.46,494.32,468.82,477.63,560007,429.63,440.04,19.77,441.57,462.43,561.39,561.39,0,,
2021-06-30,480.26,490.36,474.07,487.64,248169,430.51,440.04,19.53,448.19,464.18,509.18,561.39,0,,
2021-07-01,488.38,489.37,470.6,472.43,163585,431.24,440.04,19.47,438.42,465.39,504.23,509.18,0,,
2021-07-02,476.39,478.43,470.65,472.78,83182,431.95,440.04,18.64,439.2,466.74,494.32,504.23,0,,
2021-07-05,475.5,477.83,467.03,468.67,223644,432.54,440.04,18.08,436.92,467.99,494.32,494.32,0,,
2021-07-06,469.86,477.88,469.06,475.16,86431,433.22,440.04,17.44,441.53,469.58,494.32,494.32,0,,
2021-07-07,478.47,479.96,471.54,474.81,71387,433.91,440.04,16.8,441.73,471.18,494.32,494.32,0,,
2021-07-08,471.54,478.28,471.44,473.22,373626,434.51,440.04,16.09,441.18,472.77,494.32,494.32,0,,
2021-07-09,477.48,493.33,472.13,478.92,420727,435.17,445.78,16.45,446.53,474.52,494.32,494.32,0,,
2021-07-12,483.43,503.34,482.44,499.77,529678,435.99,461.63,17.02,464.88,476.7,503.34,494.32,1,499.77,464.88
2021-07-13,502.25,527.21,499.92,518.05,1242952,436.9,467.03,17.77,477.97,477.69,527.21,503.34,0,,
2021-07-14,517.11,527.02,513.25,523.3,526917,437.91,467.03,17.48,481.55,478.46,527.21,527.21,0,,
2021-07-15,522.06,525.03,507.2,510.87,496246,438.79,467.03,17.51,473.52,479.38,527.21,527.21,0,,
2021-07-16,512.6,514.63,496.31,499.58,263500,439.61,467.03,17.56,466.2,479.7,527.21,527.21,0,,
2021-07-19,499.28,499.28,485.41,486.4,209520,440.34,467.03,17.32,457.86,480.02,527.21,527.21,0,,
2021-07-20,488.38,502.05,480.46,491.55,472975,441.07,467.03,17.63,460.98,480.48,527.21,527.21,0,,
2021-07-22,495.02,498.29,485.61,490.26,280976,441.79,467.03,17.27,460.38,481.06,527.21,527.21,0,,
2021-07-23,492.74,502.25,487.49,495.51,432938,442.48,467.03,17.09,463.88,482.02,527.21,527.21,0,,
2021-07-26,491.35,499.53,485.46,487.59,176779,443.06,467.03,16.88,458.92,482.07,527.21,527.21,0,,
2021-07-27,489.47,496.41,486.4,488.73,845131,443.59,469.06,16.39,460.66,482.34,527.21,527.21,0,,
2021-07-28,492.89,507.2,481.79,503.98,608238,444.22,471.44,17.03,470.86,483.2,527.21,527.21,0,,
2021-07-29,506.11,508.84,496.31,499.77,109444,444.79,471.44,16.71,468.36,484.19,527.21,527.21,0,,
2021-07-30,502.15,503.04,482.44,485.26,192230,445.28,472.13,16.99,459.04,485.02,527.21,527.21,0,,
2021-08-02,493.24,495.22,488.58,492.99,86915,445.83,480.46,16.49,467.14,486.31,527.21,527.21,0,,
2021-08-03,494.82,501.75,488.38,496.06,122842,446.32,480.46,16.26,469.27,487.65,527.21,527.21,0,,
2021-08-04,498.29,506.21,490.41,493.43,115349,446.76,480.46,16.23,467.6,488.08,527.21,527.21,0,,
2021-08-05,499.23,504.23,491.35,498.54,177955,447.14,480.46,15.99,471.05,488.91,527.21,527.21,0,,
2021-08-06,519.09,543.66,500.71,535.24,3203037,447.8,480.46,18.07,493.34,490.99,543.66,527.21,1,535.24,493.34
2021-08-09,538.21,541.88,517.31,523.7,429203,448.32,480.46,18.54,485.58,492.73,543.66,543.66,0,,
2021-08-10,528.85,529.0,507.7,510.17,347199,448.76,480.46,18.73,476.72,493.73,543.66,543.66,0,,
2021-08-11,510.17,513.79,491.55,505.52,490796,449.16,481.79,18.98,474.0,494.66,543.66,543.66,0,,
2021-08-12,506.21,515.03,497.3,499.03,285286,449.55,481.79,18.89,469.87,495.04,543.66,543.66,0,,
2021-08-13,503.24,505.12,490.36,493.78,235552,449.87,481.79,18.6,466.69,495.75,543.66,543.66,0,,
2021-08-16,495.32,502.6,487.89,491.01,171975,450.15,481.79,18.32,465.08,496.36,543.66,543.66,0,,
2021-08-17,490.36,512.4,489.37,503.19,674540,450.56,481.79,18.66,472.72,497.51,543.66,543.66,0,,
2021-08-18,505.02,505.02,492.24,494.62,422118,450.87,482.44,18.24,467.68,498.16,543.66,543.66,0,,
2021-08-20,494.23,500.32,486.5,499.13,141480,451.1,482.44,17.92,470.8,498.97,543.66,543.66,0,,
2021-08-23,500.27,506.21,463.91,471.49,159367,451.11,463.91,19.66,445.64,498.91,543.66,543.66,0,,
2021-08-24,471.49,483.43,464.01,469.56,361488,451.11,463.91,19.65,444.41,498.6,543.66,543.66,0,,
2021-08-25,475.4,494.72,475.4,491.3,161001,451.25,463.91,20.04,458.17,498.32,543.66,543.66,0,,
2021-08-26,489.87,496.8,480.51,493.43,93089,451.45,463.91,19.77,459.72,497.5,543.66,543.66,0,,
2021-08-27,495.32,510.27,490.91,506.96,202296,451.86,463.91,19.74,468.46,496.96,543.66,543.66,0,,
2021-08-30,515.13,527.51,507.25,525.18,226639,452.19,463.91,19.8,480.18,497.43,543.66,543.66,0,,
2021-08-31,524.04,549.8,518.55,535.49,297885,452.62,463.91,20.62,486.28,498.63,549.8,543.66,0,,
2021-09-01,539.79,539.79,512.4,515.92,116298,452.97,463.91,21.1,473.34,499.61,549.8,549.8,0,,
2021-09-02,511.17,532.51,506.21,514.34,223935,453.37,463.91,21.47,472.07,500.37,549.8,549.8,0,,
2021-09-03,516.61,523.05,507.5,509.93,69021,453.73,463.91,21.05,469.51,501.03,549.8,549.8,0,,
2021-09-06,512.5,527.71,512.5,521.47,102770,454.2,463.91,20.82,477.11,501.89,549.8,549.8,0,,
2021-09-07,521.47,521.47,509.88,513.89,30147,454.74,463.91,20.16,472.66,502.77,549.8,549.8,0,,
2021-09-08,519.09,525.03,511.41,520.92,53582,455.27,463.91,19.69,477.5,503.84,549.8,549.8,0,,
2021-09-09,522.56,538.26,517.41,533.65,226714,455.74,463.91,19.77,485.66,504.83,549.8,549.8,0,,
2021-09-13,536.92,538.16,520.08,521.57,90091,456.19,463.91,19.65,477.95,505.56,549.8,549.8,0,,
2021-09-14,528.9,556.73,527.02,539.94,1475861,456.69,464.01,20.76,489.09,507.38,556.73,549.8,0,,
2021-09-15,543.86,543.86,534.45,540.04,117489,457.07,475.4,19.95,493.49,508.95,556.73,556.73,0,,
2021-09-16,540.04,552.77,530.14,533.9,295868,457.29,480.51,20.14,491.11,510.21,556.73,556.73,0,,
2021-09-17,530.04,538.21,525.58,527.81,143573,457.58,490.91,19.6,491.0,511.36,556.73,556.73,0,,
2021-09-20,523.05,549.55,515.62,522.01,270746,457.84,506.21,20.63,491.68,512.14,556.73,556.73,0,,
2021-09-21,517.26,532.27,512.9,526.22,85488,458.26,506.21,20.54,494.46,511.84,556.73,556.73,0,,
2021-09-22,528.01,537.86,521.42,525.83,70351,458.73,506.21,20.25,494.4,511.91,556.73,556.73,0,,
2021-09-23,522.66,554.46,522.66,548.12,670016,459.34,506.21,21.07,508.23,513.17,556.73,556.73,0,,
2021-09-24,549.8,551.78,509.68,515.92,283760,459.71,507.5,22.57,486.89,513.52,556.73,556.73,0,,
2021-09-27,523.05,523.5,505.42,507.95,110345,460.03,505.42,22.25,481.27,513.82,556.73,556.73,0,,
2021-09-28,510.52,511.17,500.76,502.75,79145,460.32,500.76,21.41,476.92,514.12,556.73,556.73,0,,
2021-09-29,497.79,504.23,493.38,500.42,133114,460.61,493.38,20.65,473.46,514.43,556.73,556.73,0,,
2021-09-30,503.24,509.68,495.32,497.59,184081,460.9,493.38,20.2,471.94,514.24,556.73,556.73,0,,
2021-10-01,503.24,507.55,495.81,503.09,83328,461.21,493.38,19.6,475.89,514.53,556.73,556.73,0,,
2021-10-04,505.22,512.65,500.42,505.67,110123,461.64,493.38,19.07,477.9,514.75,556.73,556.73,0,,
2021-10-05,508.19,512.06,505.72,507.05,34559,462.05,493.38,18.17,479.4,515.93,556.73,556.73,0,,
2021-10-06,510.17,514.53,502.25,506.51,61845,462.53,493.38,17.75,479.33,517.16,556.73,556.73,0,,
2021-10-07,507.3,511.17,497.4,499.97,69899,463.01,493.38,17.46,475.3,517.45,556.73,556.73,0,,
2021-10-08,497.79,504.43,496.8,500.17,50350,463.48,493.38,16.76,475.9,517.68,556.73,556.73,0,,
2021-10-11,504.23,505.07,487.39,490.71,84449,463.9,487.39,16.82,467.75,517.13,556.73,556.73,0,,
2021-10-12,494.28,504.23,492.39,497.1,52151,464.4,487.39,16.59,472.03,516.2,554.46,556.73,0,,
2021-10-13,496.8,507.7,496.31,502.89,92315,464.9,487.39,16.22,476.02,515.11,554.46,554.46,0,,
2021-10-14,507.9,513.15,503.49,509.98,102533,465.53,487.39,15.79,480.87,514.91,554.46,554.46,0,,
2021-10-18,512.55,522.95,508.34,520.28,140325,466.26,487.39,15.71,487.57,515.11,554.46,554.46,0,,
2021-10-19,524.94,529.0,518.4,520.38,110426,467.02,487.39,15.34,487.88,515.46,554.46,554.46,0,,
2021-10-20,522.9,524.74,499.67,516.47,227480,467.7,487.39,16.04,484.89,515.29,554.46,554.46,0,,
2021-10-21,519.59,519.59,487.29,495.51,433309,468.2,487.29,17.2,470.57,514.68,554.46,554.46,0,,
2021-10-22,502.2,507.9,495.32,503.64,79547,468.77,487.29,16.87,476.03,514.1,551.78,554.46,0,,
2021-10-25,509.18,509.18,497.1,506.41,50713,469.31,487.29,16.53,478.05,513.2,529.0,551.78,0,,
2021-10-26,510.17,540.88,498.78,523.9,236042,470.06,487.29,18.35,488.11,513.27,540.88,529.0,0,,
2021-10-27,527.81,529.64,508.29,513.99,53379,470.85,487.29,18.57,481.58,512.41,540.88,540.88,0,,
2021-10-28,514.09,521.57,508.24,514.53,136381,471.74,487.29,18.19,482.17,511.56,540.88,540.88,0,,
2021-10-29,524.04,524.04,509.73,516.47,96760,472.6,487.29,17.92,483.61,510.98,540.88,540.88,0,,
2021-11-01,520.68,523.99,505.07,509.63,64411,473.35,487.29,17.99,479.15,510.37,540.88,540.88,0,,
2021-11-02,517.26,551.24,512.35,545.24,765343,474.35,487.29,19.68,500.99,511.15,551.24,540.88,1,545.24,500.99
2021-11-03,547.82,548.81,531.18,544.45,244703,475.45,487.29,19.53,500.58,511.75,551.24,551.24,0,,
2021-11-04,547.42,549.7,535.14,539.0,18563,476.5,487.29,19.17,497.3,512.19,551.24,551.24,0,,
2021-11-08,538.75,542.87,530.33,539.6,238439,477.43,487.29,18.7,498.01,511.91,551.24,551.24,0,,
2021-11-09,538.9,547.67,535.63,544.75,305179,478.38,487.29,18.22,501.64,512.87,551.24,551.24,0,,
2021-11-10,542.87,572.54,536.13,542.07,553338,479.23,487.29,19.52,499.05,514.01,572.54,551.24,0,,
2021-11-11,569.61,617.31,556.73,566.1,5969919,480.28,487.29,23.5,511.9,516.12,617.31,572.54,0,,
2021-11-12,563.57,564.66,536.33,542.47,524060,481.1,495.32,23.95,499.03,517.52,617.31,617.31,0,,
2021-11-15,546.43,590.56,544.05,556.69,1725571,482.01,497.1,25.68,507.65,519.49,617.31,617.31,0,,
2021-11-16,558.17,579.32,553.66,564.07,908968,482.93,498.78,25.67,512.97,521.52,617.31,617.31,0,,
2021-11-17,563.67,603.05,553.17,579.96,924039,483.96,505.07,27.4,524.16,524.0,617.31,617.31,0,,
2021-11-18,588.19,620.83,574.57,584.42,2092346,485.13,505.07,28.75,526.14,526.58,620.83,617.31,0,,
2021-11-22,584.47,594.38,539.0,586.95,671259,486.34,505.07,30.65,526.5,529.26,620.83,620.83,0,,
2021-11-23,585.07,585.07,545.84,565.95,274511,487.31,505.07,31.4,512.46,531.46,620.83,620.83,0,,
2021-11-24,565.6,579.32,565.55,570.16,184376,488.46,512.35,30.14,518.44,533.79,620.83,620.83,0,,
2021-11-25,568.62,573.53,551.48,563.82,166551,489.64,530.33,29.56,520.73,536.23,620.83,620.83,0,,
2021-11-26,561.69,582.49,538.9,544.45,435784,490.69,530.33,30.56,507.57,537.81,620.83,620.83,0,,
2021-11-29,543.96,577.34,525.03,562.23,703954,491.79,525.03,32.12,516.24,539.79,620.83,620.83,0,,
2021-11-30,556.93,606.27,547.92,590.71,1036156,493.1,525.03,33.99,533.36,542.48,620.83,620.83,0,,
2021-12-01,604.09,604.09,576.55,579.92,280422,494.34,525.03,33.53,526.7,544.46,620.83,620.83,0,,
2021-12-02,584.47,584.47,570.01,574.32,110476,495.54,525.03,32.17,524.0,546.26,620.83,620.83,0,,
2021-12-03,578.03,580.56,560.7,565.15,225948,496.56,525.03,31.29,518.67,547.89,620.83,620.83,0,,
2021-12-06,567.09,573.08,552.72,555.3,125379,497.51,525.03,30.51,512.84,549.88,620.83,620.83,0,,
2021-12-07,561.24,568.62,556.04,564.91,88932,498.58,525.03,29.28,519.86,551.92,620.83,620.83,0,,
2021-12-08,570.6,579.52,565.65,570.9,187662,499.68,525.03,28.23,524.42,554.07,620.83,620.83,0,,
2021-12-09,568.62,574.57,565.15,568.28,162378,500.84,525.03,26.89,523.62,555.55,620.83,620.83,0,,
2021-12-10,568.62,584.47,566.84,570.75,175997,501.95,525.03,26.23,525.66,557.44,620.83,620.83,0,,
2021-12-13,572.49,581.15,564.61,566.89,112271,503.05,525.03,25.54,523.63,559.19,620.83,620.83,0,,
2021-12-14,566.89,602.3,563.27,596.11,631693,504.3,525.03,26.5,541.83,561.84,620.83,620.83,0,,
2021-12-15,601.31,613.2,578.23,596.21,513952,505.6,525.03,27.1,541.5,564.73,620.83,620.83,0,,
2021-12-16,596.21,600.27,575.75,589.97,119303,506.84,525.03,26.92,537.59,566.22,620.83,620.83,0,,
2021-12-17,589.33,589.33,558.47,562.68,402126,507.88,525.03,27.25,519.77,566.83,613.2,620.83,0,,
2021-12-20,555.74,559.51,539.84,551.88,164555,508.69,539.84,26.93,517.95,567.26,613.2,613.2,0,,
2021-12-21,552.77,572.29,549.5,568.08,120484,509.53,539.84,26.64,528.6,568.21,613.2,613.2,0,,
2021-12-22,569.51,579.92,557.23,559.16,102310,510.43,539.84,26.35,523.04,568.69,613.2,613.2,0,,
2021-12-23,564.56,572.39,557.58,567.24,107965,511.31,539.84,25.53,528.8,569.52,613.2,613.2,0,,
2021-12-24,570.45,571.25,559.95,566.59,45707,512.18,539.84,24.51,529.05,569.54,613.2,613.2,0,,
2021-12-27,578.92,604.28,569.12,595.62,499410,513.27,539.84,25.45,547.15,571.31,613.2,613.2,0,,
2021-12-28,604.28,604.28,586.45,588.34,205912,514.32,539.84,24.91,542.82,572.37,613.2,613.2,0,,
2021-12-29,593.88,608.25,579.77,583.83,234397,515.36,539.84,25.17,539.74,573.03,613.2,613.2,0,,
2021-12-30,586.45,610.62,585.12,603.89,935405,516.54,539.84,25.28,552.6,573.82,613.2,613.2,0,,
2021-12-31,600.03,645.89,596.86,633.51,952872,517.93,539.84,26.98,570.58,575.46,645.89,613.2,1,633.51,570.58
2022-01-03,641.93,668.68,626.13,634.75,915189,519.32,539.84,28.09,570.63,577.05,668.68,645.89,0,,
2022-01-04,639.5,648.57,627.07,629.55,340625,520.62,539.84,27.62,567.59,579.17,668.68,668.68,0,,
2022-01-05,627.07,655.8,624.99,647.58,356455,521.68,539.84,27.85,579.07,581.75,668.68,668.68,0,,
2022-01-06,642.62,643.41,623.45,630.54,258768,522.55,539.84,27.58,568.26,583.98,668.68,668.68,0,,
2022-01-07,628.06,650.84,628.06,640.94,464808,523.6,539.84,27.24,575.19,587.19,668.68,668.68,0,,
2022-01-10,646.09,656.29,638.02,649.11,281159,524.66,549.5,26.6,584.11,590.09,668.68,668.68,0,,
2022-01-11,647.87,660.7,640.64,649.8,239613,525.82,557.23,26.13,587.44,592.06,668.68,668.68,0,,
2022-01-12,653.67,668.68,619.14,626.18,683215,526.81,557.58,27.8,571.21,593.6,668.68,668.68,0,,
2022-01-13,628.26,635.04,607.36,622.31,536619,527.8,559.95,27.79,569.51,595.2,668.68,668.68,0,,
2022-01-14,625.09,631.58,608.59,619.44,306797,528.82,569.12,27.45,570.94,597.01,668.68,668.68,0,,
2022-01-17,624.99,632.02,617.41,626.38,200484,529.76,579.77,26.53,579.58,599.38,668.68,668.68,0,,
2022-01-18,631.97,640.94,624.99,626.18,214518,530.73,579.77,25.78,579.96,601.42,668.68,668.68,0,,
2022-01-19,629.79,637.42,621.82,632.72,190039,531.76,585.12,25.05,586.44,603.48,668.68,668.68,0,,
2022-01-20,635.99,638.96,629.15,636.28,162186,532.86,596.86,23.96,593.38,605.75,668.68,668.68,0,,
2022-01-21,636.53,636.53,626.62,631.48,89067,534.01,607.36,22.96,594.45,607.77,668.68,668.68,0,,
2022-01-24,631.03,635.09,617.06,623.45,202292,535.13,607.36,22.61,589.51,609.66,668.68,668.68,0,,
2022-01-25,624.0,647.87,602.01,644.01,244341,536.39,602.01,24.27,599.88,611.26,668.68,668.68,0,,
2022-01-27,627.07,638.51,625.09,630.44,96753,537.39,602.01,23.89,591.38,612.4,668.68,668.68,0,,
2022-01-28,635.99,648.81,629.05,635.19,174972,538.46,602.01,23.59,594.64,613.91,668.68,668.68,0,,
2022-01-31,637.22,646.83,630.19,639.35,121151,539.57,602.01,23.09,597.65,616.46,668.68,668.68,0,,
2022-02-01,645.89,656.69,636.98,639.3,266522,540.69,602.01,22.85,597.78,619.37,668.68,668.68,0,,
2022-02-02,646.34,646.58,624.1,627.96,313902,541.68,602.01,22.83,590.49,621.37,668.68,668.68,0,,
2022-02-03,634.0,643.91,628.8,636.63,125507,542.74,602.01,22.33,596.41,623.95,668.68,668.68,0,,
2022-02-04,636.63,653.72,629.05,639.45,123614,543.75,602.01,22.5,598.11,626.36,668.68,668.68,0,,
2022-02-07,652.83,672.64,637.97,654.66,360183,544.97,602.01,23.37,607.35,629.3,672.64,668.68,0,,
2022-02-08,667.59,668.68,634.99,650.8,165725,546.15,602.01,24.11,604.36,631.14,672.64,672.64,0,,
2022-02-09,659.71,660.65,631.58,634.75,99086,547.26,602.01,24.46,593.78,632.68,672.64,672.64,0,,
2022-02-10,639.4,646.78,634.99,643.12,78899,548.38,602.01,23.57,599.77,634.66,672.64,672.64,0,,
2022-02-11,638.96,655.8,632.02,640.79,232853,549.49,602.01,23.59,598.25,635.89,672.64,672.64,0,,
2022-02-14,652.68,652.68,624.1,638.46,245173,550.59,602.01,23.95,596.51,636.05,672.64,672.64,0,,
2022-02-15,638.46,651.04,638.07,643.86,183243,551.69,602.01,23.16,600.52,636.36,672.64,672.64,0,,
2022-02-16,650.84,658.77,646.09,649.26,112361,552.68,624.1,22.57,611.76,637.01,672.64,672.64,0,,
2022-02-17,655.8,657.58,640.24,648.07,112972,553.55,624.1,22.2,611.24,637.03,672.64,672.64,0,,
2022-02-18,653.82,658.72,645.45,650.45,122009,554.4,624.1,21.56,613.2,637.69,672.64,672.64,0,,
2022-02-21,653.72,653.82,627.12,631.87,284970,555.2,624.1,21.93,600.97,637.39,672.64,672.64,0,,
2022-02-22,594.38,643.51,594.38,632.32,186751,556.09,594.38,23.87,590.06,636.83,672.64,672.64,0,,
2022-02-23,635.49,647.87,632.02,641.28,69277,557.12,594.38,23.3,596.22,636.55,672.64,672.64,0,,
2022-02-24,632.02,634.0,619.14,625.43,130359,558.01,594.38,23.22,586.05,636.52,672.64,672.64,0,,
2022-02-25,626.08,650.84,626.08,648.22,132254,559.07,594.38,23.37,600.65,637.39,672.64,672.64,0,,
2022-02-28,649.85,692.35,638.02,678.98,254009,560.29,594.38,25.58,619.01,639.37,692.35,672.64,1,678.98,619.01
2022-03-02,678.88,678.88,659.86,665.46,345719,561.48,594.38,25.12,610.6,640.67,692.35,692.35,0,,
2022-03-03,678.53,678.53,659.81,667.64,172998,562.67,594.38,24.66,612.31,642.06,692.35,692.35,0,,
2022-03-04,653.82,671.0,643.91,648.76,211035,563.63,594.38,24.84,600.02,642.59,692.35,692.35,0,,
2022-03-07,633.01,656.84,626.18,639.55,124369,564.57,594.38,25.25,593.8,642.7,692.35,692.35,0,,
2022-03-08,648.86,652.88,631.03,634.8,81844,565.56,594.38,25.01,590.9,642.81,692.35,692.35,0,,
2022-03-09,641.93,653.82,635.69,649.31,330364,566.61,594.38,24.58,600.54,643.67,692.35,692.35,0,,
2022-03-10,654.81,675.71,649.16,665.31,158175,567.73,594.38,24.72,610.77,644.38,692.35,692.35,0,,
2022-03-11,673.63,718.21,668.08,695.77,347319,569.08,594.38,26.74,629.07,646.56,718.21,692.35,1,695.77,629.07
2022-03-14,696.26,714.2,687.5,691.96,157369,570.37,594.38,26.73,626.62,648.45,718.21,718.21,0,,
2022-03-15,689.48,703.4,669.67,679.18,86115,571.33,594.38,27.23,618.04,649.78,718.21,718.21,0,,
2022-03-16,683.83,692.45,671.15,684.28,102096,572.4,619.14,26.81,629.87,651.28,718.21,718.21,0,,
2022-03-17,684.72,695.82,670.66,679.92,447394,573.53,619.14,26.69,627.13,653.01,718.21,718.21,0,,
2022-03-21,681.55,693.44,676.7,681.46,252989,574.71,626.08,25.98,630.91,654.51,718.21,718.21,0,,
2022-03-22,679.57,689.38,667.69,675.46,79802,575.88,626.18,25.67,627.28,655.71,718.21,718.21,0,,
2022-03-23,678.48,701.37,667.69,683.88,486515,577.15,626.18,26.25,632.33,656.68,718.21,718.21,0,,
2022-03-24,683.54,707.86,679.97,699.29,234539,578.54,626.18,26.36,642.19,658.3,718.21,718.21,0,,
2022-03-25,699.29,731.09,694.98,698.79,263238,579.84,626.18,27.06,641.41,660.43,731.09,718.21,0,,
2022-03-28,703.35,720.34,685.67,716.62,149309,581.32,626.18,27.6,652.54,662.88,731.09,731.09,0,,
2022-03-29,718.46,748.72,718.46,742.13,209529,582.94,631.03,27.92,670.4,666.26,748.72,731.09,1,742.13,670.4
2022-03-30,745.85,769.72,697.9,723.11,226630,584.62,635.69,31.06,657.6,669.08,769.72,748.72,0,,
2022-03-31,723.11,742.97,712.56,738.37,247264,586.41,649.16,31.01,671.96,672.23,769.72,769.72,0,,
2022-04-01,744.21,754.81,731.28,743.07,102910,588.09,667.69,30.48,681.52,675.36,769.72,769.72,0,,
2022-04-04,745.45,760.95,744.95,752.38,107909,589.82,667.69,29.58,688.13,678.83,769.72,769.72,0,,
2022-04-05,759.81,760.8,731.53,739.7,86504,591.37,667.69,29.56,679.97,681.81,769.72,769.72,0,,
2022-04-06,739.01,747.33,727.47,731.58,218218,592.75,667.69,28.86,675.19,685.13,769.72,769.72,0,,
2022-04-07,732.87,748.92,719.1,726.23,141830,594.02,667.69,28.93,671.69,688.26,769.72,769.72,0,,
2022-04-08,734.06,740.99,728.11,732.97,619194,595.46,667.69,27.92,676.72,691.32,769.72,769.72,0,,
2022-04-11,739.01,747.08,735.59,742.13,91876,596.98,667.69,26.93,683.28,695.21,769.72,769.72,0,,
2022-04-12,745.85,750.9,724.15,732.37,113344,598.47,667.69,26.92,676.99,698.02,769.72,769.72,0,,
2022-04-13,737.82,741.98,720.54,724.3,243984,599.82,679.97,26.53,676.14,699.53,769.72,769.72,0,,
2022-04-18,729.1,737.97,715.98,719.45,106463,601.19,685.67,26.2,675.13,701.33,769.72,769.72,0,,
2022-04-19,720.09,736.48,708.55,721.38,113382,602.52,685.67,26.33,676.29,703.12,769.72,769.72,0,,
2022-04-20,724.84,731.68,703.35,707.56,109481,603.68,697.9,26.47,671.36,705.08,769.72,769.72,0,,
2022-04-21,713.9,721.03,698.3,701.47,127567,604.88,697.9,26.2,667.61,707.14,769.72,769.72,0,,
2022-04-22,701.47,710.23,689.63,699.63,169000,605.95,689.63,25.8,663.94,709.3,769.72,769.72,0,,
2022-04-25,698.39,698.39,680.66,692.1,111309,606.96,680.66,25.32,656.41,710.73,769.72,769.72,0,,
2022-04-26,701.37,706.57,692.35,697.35,119444,608.05,680.66,24.54,660.32,711.8,769.72,769.72,0,,
2022-04-27,701.32,709.79,693.54,703.4,398093,609.22,680.66,23.95,664.61,712.05,769.72,769.72,0,,
2022-04-28,709.29,719.45,693.44,695.82,221564,610.38,680.66,24.1,659.63,712.18,769.72,769.72,0,,
2022-04-29,695.92,714.24,687.89,693.59,120426,611.5,680.66,24.26,658.08,712.66,760.95,769.72,0,,
2022-05-02,692.4,709.24,682.59,687.99,167105,612.58,680.66,24.43,654.36,712.78,760.95,760.95,0,,
2022-05-04,689.58,696.71,665.01,676.16,249331,613.43,665.01,24.95,641.16,712.66,760.95,760.95,0,,
2022-05-05,678.58,711.27,678.58,703.3,135760,614.68,665.01,25.67,658.18,713.39,760.8,760.95,0,,
2022-05-06,697.4,697.4,678.58,688.39,155156,615.88,665.01,25.61,648.61,713.82,750.9,760.8,0,,
2022-05-09,684.53,686.75,668.68,671.25,197148,617.01,665.01,25.18,637.84,713.4,750.9,750.9,0,,
2022-05-10,672.44,689.18,661.59,673.58,126887,618.16,661.59,25.36,638.09,712.54,750.9,750.9,0,,
2022-05-11,671.65,676.11,655.35,661.74,91926,619.26,655.35,25.03,628.59,711.3,750.9,750.9,0,,
2022-05-12,663.43,665.7,644.21,651.09,115425,620.24,644.21,24.77,618.17,709.12,750.9,750.9,0,,
2022-05-13,654.36,677.59,650.84,669.96,94988,621.34,644.21,24.92,630.25,706.71,741.98,750.9,0,,
2022-05-16,668.68,693.0,665.7,670.16,88694,622.42,644.21,25.09,630.27,704.95,737.97,741.98,0,,
2022-05-17,670.11,676.5,663.72,670.26,58687,623.52,644.21,24.21,630.92,702.68,736.48,737.97,0,,
2022-05-18,673.63,673.63,659.76,661.89,120950,624.6,644.21,23.47,626.01,699.97,731.68,736.48,0,,
2022-05-19,657.58,679.77,650.55,653.62,120491,625.62,644.21,23.88,620.4,696.68,721.03,731.68,0,,
2022-05-20,658.87,681.55,650.05,656.64,110105,626.72,644.21,24.42,621.99,693.91,719.45,721.03,0,,
2022-05-23,668.68,673.63,624.1,627.66,139381,627.6,624.1,26.22,595.4,690.45,719.45,719.45,0,,
2022-05-24,626.08,627.47,605.28,611.47,165149,628.32,605.28,25.94,578.86,686.62,719.45,719.45,0,,
2022-05-25,622.02,638.31,613.2,630.34,231710,629.12,605.28,26.01,590.99,683.2,719.45,719.45,0,,
2022-05-26,633.81,662.73,629.05,649.85,106136,629.99,605.28,26.56,603.21,680.13,719.45,719.45,0,,
2022-05-27,655.5,658.77,640.94,648.32,108547,630.84,605.28,25.93,602.64,677.32,714.24,719.45,0,,
2022-05-30,653.62,667.19,647.63,663.28,69283,631.82,605.28,25.48,612.59,675.29,711.27,714.24,0,,
2022-05-31,658.32,666.94,635.09,648.57,153372,632.84,605.28,25.93,602.8,672.93,711.27,711.27,0,,
2022-06-01,641.73,648.47,632.72,636.23,65869,633.72,605.28,25.21,595.32,670.09,711.27,711.27,0,,
2022-06-02,639.85,655.75,634.5,641.14,221255,634.62,605.28,24.93,598.68,667.88,697.4,711.27,0,,
2022-06-03,644.36,650.3,636.83,640.99,90610,635.4,605.28,24.11,599.12,665.86,693.0,697.4,0,,
2022-06-06,643.86,658.77,637.07,645.45,120111,636.28,605.28,23.94,602.12,664.05,693.0,693.0,0,,
2022-06-07,648.37,658.77,640.99,650.89,110394,637.19,605.28,23.5,605.92,662.68,693.0,693.0,0,,
2022-06-08,653.82,662.73,644.8,647.87,146087,638.06,605.28,23.1,604.24,661.03,693.0,693.0,0,,
2022-06-09,651.14,651.14,627.47,633.66,192139,638.89,605.28,23.14,595.04,658.71,693.0,693.0,0,,
2022-06-10,629.05,639.6,624.69,632.27,151197,639.47,605.28,22.55,594.54,656.59,693.0,693.0,0,,
2022-06-13,624.1,632.96,622.56,629.3,115840,640.03,605.28,21.69,593.2,654.44,681.55,693.0,0,,
2022-06-14,626.33,637.17,625.83,633.76,84233,640.67,613.2,20.95,599.21,652.64,681.55,681.55,0,,
2022-06-15,628.56,634.99,619.49,625.53,114917,641.24,619.49,20.56,596.26,650.95,681.55,681.55,0,,
2022-06-16,628.7,634.5,619.74,627.86,126318,641.79,619.49,20.14,598.04,648.43,681.55,681.55,0,,
2022-06-17,619.14,634.65,619.14,628.65,95511,642.37,619.14,19.81,598.65,646.44,673.63,681.55,0,,
2022-06-20,628.06,634.99,624.54,631.53,124989,642.81,619.14,19.14,600.95,645.12,667.19,673.63,0,,
2022-06-21,643.86,643.86,626.08,629.84,105674,643.39,619.14,19.05,599.93,643.66,667.19,667.19,0,,
2022-06-22,632.82,635.59,624.54,628.51,92810,643.87,619.14,18.47,599.45,642.55,667.19,667.19,0,,
2022-06-23,627.52,632.82,619.14,622.17,269916,644.25,619.14,18.13,595.59,641.59,667.19,667.19,0,,
2022-06-24,627.07,640.64,622.51,630.54,91553,644.59,619.14,18.16,600.97,640.28,667.19,667.19,0,,
2022-06-27,631.03,640.0,626.08,628.8,83943,644.89,619.14,17.85,600.05,638.9,666.94,667.19,0,,
2022-06-28,631.97,637.07,624.59,634.15,66684,645.2,619.14,17.47,603.76,637.69,662.73,666.94,0,,
2022-06-29,626.08,641.88,622.51,626.87,73191,645.61,619.14,17.61,598.97,636.53,662.73,662.73,0,,
2022-06-30,628.46,632.57,624.1,626.62,78793,645.99,619.14,16.95,599.25,635.63,662.73,662.73,0,,
2022-07-01,628.16,638.31,625.58,632.86,50400,646.45,619.14,16.65,603.47,634.83,662.73,662.73,0,,
2022-07-04,632.02,637.17,630.39,634.7,34017,647.05,619.14,15.95,605.13,635.07,662.73,662.73,0,,
2022-07-05,637.07,637.07,629.05,634.05,46970,647.53,619.14,15.38,605.09,635.82,662.73,662.73,0,,
2022-07-06,634.0,636.53,630.09,633.81,68853,647.81,619.14,14.74,605.36,635.94,651.14,662.73,0,,
2022-07-07,635.84,636.93,629.4,634.2,52507,648.17,619.14,14.23,605.95,635.41,643.86,651.14,0,,
2022-07-08,638.96,646.39,632.22,635.69,120759,648.58,619.14,14.22,606.92,634.99,646.39,643.86,0,,
2022-07-11,635.44,639.9,629.0,631.97,83654,649.03,619.14,13.99,604.68,633.95,646.39,646.39,0,,
2022-07-12,629.05,638.07,627.07,630.98,114198,649.53,619.14,13.77,604.18,633.36,646.39,646.39,0,,
2022-07-13,630.98,633.81,628.06,632.07,54044,649.98,619.14,13.2,605.27,633.22,646.39,646.39,0,,
2022-07-14,626.08,633.95,622.17,624.15,123852,650.34,622.17,13.1,601.23,632.66,646.39,646.39,0,,
2022-07-15,624.69,679.97,624.54,660.65,567652,650.95,622.17,16.15,622.74,633.31,679.97,646.39,1,660.65,622.74
2022-07-18,670.66,704.24,657.23,669.47,305858,651.61,622.17,18.35,626.96,634.11,704.24,679.97,0,,
2022-07-19,673.58,692.7,660.75,668.33,241809,652.29,622.17,19.32,625.58,634.7,704.24,704.24,0,,
2022-07-20,678.09,678.58,659.66,676.2,126719,652.82,622.17,19.3,630.68,635.64,704.24,704.24,0,,
2022-07-21,677.1,685.52,664.96,667.59,76881,653.3,622.17,19.39,625.06,636.77,704.24,704.24,0,,
2022-07-22,671.4,673.53,654.41,662.58,90338,653.78,622.17,19.37,621.84,637.78,704.24,704.24,0,,
2022-07-25,653.82,662.73,643.41,646.88,76839,654.34,622.17,19.36,611.72,638.37,704.24,704.24,0,,
2022-07-26,649.9,650.15,620.14,622.71,217316,654.81,620.14,20.12,594.95,638.0,704.24,704.24,0,,
2022-07-27,609.24,631.13,582.94,622.36,296580,655.18,582.94,22.13,580.98,637.89,704.24,704.24,0,,
2022-07-28,622.31,653.82,615.83,652.58,210627,655.8,582.94,23.26,599.72,638.72,704.24,704.24,0,,
2022-07-29,652.33,660.35,640.15,652.78,194248,656.37,582.94,23.04,599.99,639.52,704.24,704.24,0,,
2022-08-01,652.73,661.74,639.3,657.73,353539,656.98,582.94,23.0,603.22,640.39,704.24,704.24,0,,
2022-08-02,658.77,660.6,647.77,656.69,327162,657.38,582.94,22.27,603.03,641.29,704.24,704.24,0,,
2022-08-03,656.74,656.74,630.14,633.61,261793,657.69,582.94,22.58,587.94,641.46,704.24,704.24,0,,
2022-08-04,634.6,650.84,627.17,633.9,246828,658.02,582.94,22.66,588.07,641.85,704.24,704.24,0,,
2022-08-05,639.45,646.24,624.1,628.26,249055,658.18,582.94,22.62,584.46,641.77,704.24,704.24,0,,
2022-08-08,628.26,661.54,600.97,653.47,254334,658.32,582.94,25.33,598.91,642.6,704.24,704.24,0,,
2022-08-10,668.68,687.94,651.19,674.72,1834115,658.58,582.94,26.15,612.08,643.95,704.24,704.24,0,,
2022-08-11,674.72,686.51,673.63,679.72,363025,658.92,582.94,25.2,615.93,645.71,704.24,704.24,0,,
2022-08-12,680.81,683.24,673.23,675.61,363256,659.1,582.94,24.12,614.0,647.34,704.24,704.24,0,,
2022-08-16,680.76,702.36,675.61,684.53,428965,659.46,582.94,24.3,619.63,649.07,704.24,704.24,0,,
2022-08-17,688.49,700.82,682.4,689.43,292300,659.79,582.94,23.88,623.07,650.89,702.36,704.24,0,,
2022-08-18,693.44,728.06,691.61,713.4,580023,660.21,582.94,24.94,637.83,653.54,728.06,702.36,1,713.4,637.83
2022-08-19,719.05,724.15,706.72,712.31,299113,660.63,600.97,24.4,643.5,656.15,728.06,728.06,0,,
2022-08-22,713.26,714.94,694.41,699.32,86063,661.12,600.97,24.12,635.3,658.32,728.06,728.06,0,,
2022-08-23,699.67,714.64,698.43,707.85,95422,661.69,600.97,23.56,641.18,660.73,728.06,728.06,0,,
2022-08-24,711.27,725.16,709.29,712.07,182496,662.31,600.97,23.11,644.2,663.4,728.06,728.06,0,,
2022-08-25,723.18,723.18,704.33,708.74,91135,662.86,600.97,22.81,642.26,665.99,728.06,728.06,0,,
2022-08-26,712.31,721.19,677.84,680.82,358347,663.22,600.97,24.28,623.27,667.62,728.06,728.06,0,,
2022-08-29,669.61,703.14,669.61,694.85,233690,663.63,600.97,24.94,631.88,669.97,728.06,728.06,0,,
2022-08-30,694.95,703.29,686.22,693.96,242351,664.02,600.97,24.37,631.68,671.08,728.06,728.06,0,,
2022-09-01,697.43,722.18,692.42,715.49,194852,664.58,651.19,24.76,662.05,672.62,728.06,728.06,0,,
2022-09-02,720.94,723.18,704.43,708.0,132458,665.14,669.61,24.33,663.64,673.94,728.06,728.06,0,,
2022-09-05,717.22,717.22,695.9,701.1,98560,665.52,669.61,24.12,659.34,674.77,728.06,728.06,0,,
2022-09-06,721.19,738.06,695.94,709.19,749404,666.05,669.61,25.4,663.7,676.16,738.06,728.06,0,,
2022-09-07,713.35,716.13,701.4,706.86,128655,666.53,669.61,24.64,662.7,677.63,738.06,738.06,0,,
2022-09-08,712.26,712.81,695.5,699.86,200616,666.93,669.61,24.12,658.54,679.4,738.06,738.06,0,,
2022-09-09,705.32,705.32,695.65,699.96,167116,667.33,669.61,23.08,659.29,681.97,738.06,738.06,0,,
2022-09-12,703.34,709.88,692.47,703.04,133113,667.83,669.61,22.68,661.55,684.66,738.06,738.06,0,,
2022-09-13,708.39,708.39,692.52,698.57,289487,668.25,669.61,22.19,658.99,686.19,738.06,738.06,0,,
2022-09-14,693.42,701.35,688.65,699.47,189610,668.65,669.61,21.51,660.02,687.75,738.06,738.06,0,,
2022-09-15,701.35,705.32,689.45,702.15,379452,668.96,669.61,21.11,662.02,689.23,738.06,738.06,0,,
2022-09-16,699.57,707.85,690.44,692.87,546235,669.24,669.61,20.85,656.21,690.44,738.06,738.06,0,,
2022-09-19,695.1,702.89,685.03,689.7,323204,669.61,669.61,20.63,654.3,692.31,738.06,738.06,0,,
2022-09-20,693.17,706.16,693.12,699.81,358767,669.99,685.03,20.34,666.16,694.5,738.06,738.06,0,,
2022-09-21,704.28,711.07,694.31,699.96,181103,670.38,685.03,20.08,666.43,696.89,738.06,738.06,0,,
2022-09-22,697.68,703.93,684.04,688.9,584027,670.72,684.04,20.07,658.98,698.08,738.06,738.06,0,,
2022-09-23,688.46,699.37,687.17,695.2,104488,671.06,684.04,19.5,663.41,698.76,738.06,738.06,0,,
2022-09-26,695.2,704.33,677.89,690.74,212315,671.34,677.89,20.0,658.16,699.13,738.06,738.06,0,,
2022-09-27,689.45,709.29,684.69,703.53,306968,671.71,677.89,20.33,666.19,700.06,738.06,738.06,0,,
2022-09-28,704.08,720.75,701.35,707.45,460747,672.09,677.89,20.26,668.76,700.82,738.06,738.06,0,,
2022-09-29,710.13,724.17,705.32,711.77,298975,672.62,677.89,20.16,671.61,701.56,738.06,738.06,0,,
2022-09-30,712.51,719.21,706.31,714.2,98960,673.17,677.89,19.64,673.53,701.59,738.06,738.06,0,,
2022-10-03,718.22,730.57,706.71,716.58,150025,673.67,677.89,19.94,674.86,701.73,738.06,738.06,0,,
2022-10-04,723.18,727.29,704.48,706.76,124715,674.21,677.89,20.15,668.39,701.98,730.57,738.06,0,,
2022-10-06,713.26,720.84,693.56,697.68,462180,674.54,677.89,20.66,662.19,701.64,730.57,730.57,0,,
2022-10-07,701.65,722.83,695.4,703.93,626940,674.71,677.89,21.14,665.9,701.37,730.57,730.57,0,,
2022-10-10,703.34,709.59,699.37,705.96,194511,674.98,677.89,20.36,667.73,701.28,730.57,730.57,0,,
2022-10-11,704.33,711.97,699.91,704.28,175626,675.22,677.89,19.77,667.04,702.06,730.57,730.57,0,,
2022-10-12,703.34,703.88,687.17,690.69,453683,675.5,677.89,19.58,658.41,701.92,730.57,730.57,0,,
2022-10-13,690.49,713.26,685.53,708.69,630382,675.96,677.89,20.16,669.63,702.41,730.57,730.57,0,,
2022-10-14,711.27,743.02,705.37,723.87,881826,676.56,677.89,21.41,678.59,702.69,743.02,730.57,0,,
2022-10-17,726.85,730.12,710.28,715.83,121452,677.0,677.89,21.3,673.48,702.95,743.02,743.02,0,,
2022-10-18,719.46,733.99,712.86,725.06,125610,677.4,684.69,21.29,681.7,703.75,743.02,743.02,0,,
2022-10-19,728.73,728.73,709.59,716.08,139117,677.53,685.53,21.13,676.29,703.98,743.02,743.02,0,,
2022-10-20,713.95,721.19,711.62,716.63,167244,677.7,685.53,20.31,677.2,704.31,743.02,743.02,0,,
2022-10-21,719.51,729.62,709.29,720.35,106009,677.97,685.53,20.31,679.6,704.99,743.02,743.02,0,,
2022-10-24,724.17,728.19,720.55,725.11,18134,678.24,685.53,19.42,683.26,705.83,743.02,743.02,0,,
2022-10-25,722.03,722.93,693.71,702.69,75682,678.4,685.53,20.27,668.23,705.82,743.02,743.02,0,,
2022-10-27,704.13,728.93,699.37,725.31,173952,678.69,685.53,20.94,682.38,706.71,743.02,743.02,0,,
2022-10-28,728.98,791.62,728.19,756.71,2304063,679.23,685.53,24.18,700.47,708.62,791.62,743.02,1,756.71,700.47
2022-10-31,761.86,788.65,760.77,785.13,425624,679.9,685.53,24.73,718.43,711.38,791.62,791.62,0,,
2022-11-01,788.55,788.55,763.35,764.79,195774,680.34,685.53,24.77,705.29,713.78,791.62,791.62,0,,
2022-11-02,764.84,773.77,755.12,763.85,142545,680.78,685.53,24.33,704.97,716.25,791.62,791.62,0,,
2022-11-03,758.89,767.47,734.09,741.08,130558,680.94,685.53,24.98,689.86,717.63,791.62,791.62,0,,
2022-11-04,744.06,756.9,726.7,732.8,464522,680.88,693.71,25.35,686.99,718.72,791.62,791.62,0,,
2022-11-07,736.47,748.42,725.16,732.05,214009,680.94,693.71,25.2,686.61,720.16,791.62,791.62,0,,
2022-11-09,736.07,759.83,732.1,733.89,199830,680.91,693.71,25.38,687.67,721.45,791.62,791.62,0,,
2022-11-10,788.65,813.45,751.8,761.27,1978294,681.03,693.71,29.25,702.75,723.8,813.45,791.62,0,,
2022-11-11,767.97,767.97,730.37,733.89,359005,680.9,693.71,29.85,684.7,724.81,813.45,813.45,0,,
2022-11-14,737.06,759.88,734.53,757.3,261556,681.02,693.71,29.57,699.98,726.47,813.45,813.45,0,,
2022-11-15,762.46,763.55,748.97,752.14,140451,681.16,693.71,28.5,697.36,727.82,813.45,813.45,0,,
2022-11-16,746.84,750.85,739.15,743.56,86842,681.27,693.71,27.39,692.57,728.8,813.45,813.45,0,,
2022-11-17,746.98,750.75,740.24,743.21,93575,681.34,699.37,26.19,695.03,729.69,813.45,813.45,0,,
2022-11-18,743.02,753.93,738.11,746.54,129245,681.37,725.16,25.45,706.27,731.01,813.45,813.45,0,,
2022-11-21,773.77,782.7,749.96,758.54,272947,681.55,725.16,26.21,713.5,733.04,813.45,813.45,0,,
2022-11-22,762.36,762.36,739.05,744.06,135047,681.68,725.16,26.01,704.3,734.38,813.45,813.45,0,,
2022-11-23,747.83,753.13,740.24,748.87,171947,681.87,725.16,25.07,708.03,735.81,813.45,813.45,0,,
2022-11-24,751.94,761.86,745.05,757.2,135309,682.11,725.16,24.48,713.79,737.57,813.45,813.45,0,,
2022-11-25,757.75,757.8,746.88,747.73,147409,682.38,725.16,23.51,708.33,739.47,813.45,813.45,0,,
2022-11-28,751.5,753.73,735.63,740.44,145720,682.64,725.16,23.12,703.89,740.53,813.45,813.45,0,,
2022-11-29,745.0,753.93,742.52,752.04,85988,682.99,730.37,22.44,713.57,741.47,813.45,813.45,0,,
2022-11-30,753.93,757.65,731.01,736.77,299665,683.29,730.37,22.74,703.52,742.17,813.45,813.45,0,,
2022-12-01,744.01,752.74,741.03,747.08,100621,683.62,730.37,22.25,710.49,742.9,813.45,813.45,0,,
2022-12-02,747.08,752.94,739.05,751.55,111087,683.94,731.01,21.66,713.98,744.09,813.45,813.45,0,,
2022-12-05,763.8,763.8,745.45,749.36,130093,684.3,731.01,21.42,712.73,745.18,813.45,813.45,0,,
2022-12-06,745.99,757.9,742.62,746.04,888694,684.65,731.01,20.98,710.88,746.03,813.45,813.45,0,,
2022-12-07,749.66,754.57,745.79,747.43,129332,685.04,731.01,20.11,712.36,746.78,813.45,813.45,0,,
2022-12-08,747.43,754.57,736.62,752.29,487422,685.55,731.01,19.96,715.59,748.43,782.7,813.45,0,,
2022-12-09,754.32,754.32,743.02,751.0,377609,685.87,731.01,19.34,715.17,749.29,782.7,782.7,0,,
2022-12-12,752.94,757.9,741.03,751.35,198496,686.29,731.01,19.16,715.52,749.11,782.7,782.7,0,,
2022-12-13,752.44,754.18,744.4,749.07,327901,686.81,731.01,18.49,714.49,747.91,782.7,782.7,0,,
2022-12-14,753.88,770.79,742.07,762.51,330308,687.4,731.01,19.22,722.67,747.83,782.7,782.7,0,,
2022-12-15,763.0,763.0,742.32,746.39,503608,687.96,731.01,19.33,712.21,747.25,782.7,782.7,0,,
2022-12-16,746.04,768.81,740.04,746.64,454142,688.6,731.01,20.0,711.92,747.43,782.7,782.7,0,,
2022-12-19,749.86,753.33,743.21,750.26,73700,689.14,731.01,19.29,714.72,748.02,770.79,782.7,0,,
2022-12-20,744.01,753.28,738.45,743.91,252503,689.63,731.01,18.98,710.84,748.41,770.79,770.79,0,,
2022-12-21,747.63,760.62,744.21,756.26,190826,690.2,736.62,18.81,720.79,749.16,770.79,770.79,0,,
2022-12-22,760.87,765.24,745.99,747.73,352630,690.77,736.62,18.84,715.26,748.71,770.79,770.79,0,,
2022-12-23,741.03,753.28,726.65,733.69,402577,691.31,726.65,19.4,702.51,748.7,770.79,770.79,0,,
2022-12-26,737.36,752.94,728.58,751.25,53803,691.94,726.65,19.76,713.6,748.5,770.79,770.79,0,,
2022-12-27,751.25,771.68,744.11,753.88,512952,692.78,726.65,20.31,714.93,748.56,771.68,770.79,0,,
2022-12-28,755.42,759.38,745.55,750.31,65026,693.71,726.65,19.85,712.93,748.78,771.68,771.68,0,,
2022-12-29,750.9,756.9,745.99,753.73,86361,694.53,726.65,19.21,715.56,749.13,771.68,771.68,0,,
2022-12-30,753.73,762.96,749.96,754.37,56098,695.22,726.65,18.77,716.27,749.39,771.68,771.68,0,,
2023-01-02,758.59,761.47,741.08,742.87,126976,695.85,726.65,18.88,708.78,748.87,771.68,771.68,0,,
2023-01-03,746.59,751.35,741.03,743.66,64813,696.39,726.65,18.27,709.7,748.86,771.68,771.68,0,,
2023-01-04,743.76,747.33,720.79,723.97,121470,696.89,720.79,18.86,694.65,748.03,771.68,771.68,0,,
2023-01-05,725.31,731.11,710.83,718.51,158561,697.44,710.83,18.96,687.74,746.74,771.68,771.68,0,,
2023-01-06,720.3,723.87,699.47,707.01,88602,697.88,699.47,19.35,676.28,745.38,771.68,771.68,0,,
2023-01-09,707.01,717.22,702.44,714.1,157951,698.37,699.47,19.03,681.07,744.5,771.68,771.68,0,,
2023-01-10,717.22,738.45,712.07,728.43,73607,698.92,699.47,19.55,689.96,743.71,771.68,771.68,0,,
2023-01-11,725.11,730.91,714.89,718.61,88193,699.37,699.47,19.3,683.79,743.11,771.68,771.68,0,,
2023-01-12,719.85,736.07,717.72,728.04,82750,699.91,699.47,19.23,689.92,742.47,771.68,771.68,0,,
2023-01-13,729.13,745.84,725.01,731.95,57724,700.56,699.47,19.35,692.37,741.82,771.68,771.68,0,,
2023-01-16,734.09,734.73,705.32,721.79,145826,701.16,699.47,20.06,685.34,740.9,771.68,771.68,0,,
2023-01-17,722.03,733.49,716.28,721.64,52023,701.78,699.47,19.86,685.37,740.09,771.68,771.68,0,,
2023-01-18,722.33,752.54,722.33,742.52,184123,702.5,699.47,20.65,698.32,739.92,771.68,771.68,0,,
2023-01-19,746.98,753.08,734.48,738.8,92744,703.26,699.47,20.5,696.01,739.48,771.68,771.68,0,,
2023-01-20,740.64,742.12,719.7,722.48,97262,703.89,699.47,20.64,685.4,738.52,771.68,771.68,0,,
2023-01-23,724.71,733.84,719.21,723.87,41523,704.52,699.47,20.21,686.58,737.61,771.68,771.68,0,,
2023-01-24,723.08,727.14,717.22,721.14,40570,705.12,699.47,19.48,685.31,736.68,762.96,771.68,0,,
2023-01-25,721.14,723.18,711.27,718.36,25378,705.71,699.47,18.93,683.88,735.21,762.96,762.96,0,,
2023-01-27,716.23,727.79,711.27,716.03,99785,706.29,699.47,18.76,682.49,734.19,762.96,762.96,0,,
2023-01-30,718.12,730.02,710.13,717.52,76164,706.93,702.44,18.84,684.39,733.22,761.47,762.96,0,,
2023-01-31,719.51,729.13,715.49,720.6,75140,707.53,705.32,18.47,687.58,732.23,753.08,761.47,0,,
2023-02-01,727.24,737.06,704.53,706.46,102922,708.05,704.53,19.48,677.53,730.99,753.08,753.08,0,,
2023-02-02,706.46,738.65,704.63,715.83,152540,708.59,704.53,20.51,682.88,729.64,753.08,753.08,0,,
2023-02-03,715.83,723.72,706.76,709.09,92576,709.14,704.53,20.26,678.7,728.35,753.08,753.08,0,,
2023-02-06,706.76,723.03,706.16,718.51,61558,709.75,704.53,20.02,684.94,727.84,753.08,753.08,0,,
2023-02-07,719.8,727.49,718.96,725.31,138711,710.37,704.53,19.23,689.85,726.98,753.08,753.08,0,,
2023-02-08,725.66,727.54,714.74,721.04,95526,710.94,704.53,18.77,687.4,725.88,753.08,753.08,0,,
2023-02-09,728.28,733.1,714.4,718.27,432463,711.5,704.53,18.77,685.62,724.82,753.08,753.08,0,,
2023-02-10,725.46,725.46,706.31,713.35,81400,712.03,704.53,18.79,682.43,723.47,753.08,753.08,0,,
2023-02-13,715.59,723.67,705.57,714.15,88484,712.57,704.53,18.74,682.97,722.13,753.08,753.08,0,,
2023-02-14,709.39,723.18,709.39,719.16,84451,713.12,704.53,18.39,686.44,721.34,753.08,753.08,0,,
2023-02-15,718.91,720.89,709.54,713.01,57594,713.66,704.53,17.89,682.81,720.32,753.08,753.08,0,,
2023-02-16,717.82,726.15,714.1,723.67,174269,714.28,704.53,17.55,689.91,720.31,753.08,753.08,0,,
2023-02-17,721.19,731.46,719.36,722.18,101202,714.88,704.53,17.16,689.21,720.43,742.12,753.08,0,,
2023-02-20,724.91,731.36,719.21,724.12,194167,715.55,704.53,16.8,690.7,721.0,738.65,742.12,0,,
2023-02-21,726.15,734.48,723.92,732.95,382930,716.03,704.53,16.36,696.69,721.63,738.65,738.65,0,,
2023-02-22,732.1,740.98,715.64,735.53,613221,716.47,704.63,17.0,697.96,721.87,740.98,738.65,0,,
2023-02-23,735.53,738.7,730.32,735.72,350403,716.92,705.57,16.38,698.81,722.44,740.98,740.98,0,,
2023-02-24,739.05,752.94,735.97,744.16,114292,717.37,705.57,16.44,704.21,722.97,752.94,740.98,1,744.16,704.21
2023-02-27,744.16,751.1,739.0,743.71,119183,717.88,705.57,16.13,704.13,723.37,752.94,752.94,0,,
2023-02-28,743.71,760.03,727.09,743.12,419268,718.42,705.57,17.33,702.95,724.08,760.03,752.94,0,,
2023-03-01,742.97,742.97,731.11,736.96,92443,719.02,705.57,16.95,699.23,724.59,760.03,760.03,0,,
2023-03-02,737.06,765.34,734.14,762.56,166315,719.95,705.57,17.97,715.06,725.26,765.34,760.03,1,762.56,715.06
2023-03-03,763.75,777.24,755.02,770.89,240784,720.94,705.57,18.27,720.23,726.32,777.24,765.34,0,,
2023-03-06,781.7,789.74,777.44,783.29,420572,721.81,709.39,18.31,729.48,728.35,789.74,777.24,0,,
2023-03-08,783.29,803.53,765.83,775.11,250809,722.63,709.54,19.7,723.33,730.06,803.53,789.74,0,,
2023-03-09,779.03,786.76,765.19,779.92,102871,723.44,714.1,19.83,727.86,732.02,803.53,803.53,0,,
2023-03-10,776.74,793.56,763.25,783.54,129044,724.29,715.64,20.58,730.21,734.19,803.53,803.53,0,,
2023-03-13,783.19,783.54,765.83,775.65,89687,725.24,715.64,20.38,725.26,736.18,803.53,803.53,0,,
2023-03-14,792.62,793.61,777.98,786.37,345758,726.25,715.64,20.2,732.29,738.47,803.53,803.53,0,,
2023-03-15,793.76,801.49,787.66,795.34,141609,727.37,715.64,19.84,738.31,740.97,803.53,803.53,0,,
2023-03-16,802.54,803.53,788.65,799.46,253085,728.34,727.09,19.49,745.02,744.07,803.53,803.53,0,,
2023-03-17,805.41,809.68,799.56,800.85,128172,729.18,727.09,18.82,746.36,746.9,809.68,803.53,0,,
2023-03-20,780.71,815.04,780.71,789.59,123809,729.91,727.09,19.93,738.36,749.58,815.04,809.68,0,,
2023-03-21,793.51,793.61,763.9,767.62,217178,730.53,727.09,20.63,723.72,751.22,815.04,815.04,0,,
2023-03-22,775.95,781.85,761.37,771.98,158888,731.11,731.11,20.62,727.88,752.78,815.04,815.04,0,,
2023-03-23,767.82,769.25,758.14,765.09,56549,731.61,734.14,20.14,724.77,754.24,815.04,815.04,0,,
2023-03-24,768.71,768.71,737.06,739.59,177366,731.79,737.06,20.96,708.75,754.95,815.04,815.04,0,,
2023-03-27,739.59,746.29,717.32,738.35,107577,731.96,717.32,21.53,700.99,755.79,815.04,815.04,0,,
2023-03-28,738.01,759.48,731.76,757.8,212724,732.35,717.32,21.97,713.24,757.24,815.04,815.04,0,,
2023-03-29,757.8,770.4,745.45,762.51,69652,732.72,717.32,22.18,716.14,758.69,815.04,815.04,0,,
2023-03-31,761.81,771.78,751.25,767.96,84136,733.09,717.32,22.07,719.73,760.52,815.04,815.04,0,,
2023-04-03,773.72,779.72,758.84,763.15,113424,733.45,717.32,21.98,716.68,761.84,815.04,815.04,0,,
2023-04-05,766.87,768.81,751.2,753.63,135083,733.94,717.32,21.67,710.75,762.88,815.04,815.04,0,,
2023-04-06,751.05,758.89,746.29,752.89,253760,734.32,717.32,21.02,710.71,763.84,815.04,815.04,0,,
2023-04-10,759.88,793.61,755.91,765.93,169330,734.8,717.32,22.43,718.18,764.94,815.04,815.04,0,,
2023-04-11,765.83,793.51,760.23,788.2,152793,735.29,717.32,23.2,732.03,766.7,815.04,815.04,0,,
2023-04-12,787.95,794.6,774.71,787.56,121402,735.82,717.32,22.97,731.77,768.43,815.04,815.04,0,,
2023-04-13,787.56,789.05,764.49,768.56,139173,736.27,717.32,23.08,719.44,769.24,815.04,815.04,0,,
2023-04-17,767.82,769.9,745.0,748.12,293885,736.53,717.32,23.21,706.17,769.39,815.04,815.04,0,,
2023-04-18,751.5,767.82,740.34,753.88,365052,736.84,717.32,23.52,709.68,769.74,815.04,815.04,0,,
2023-04-19,759.48,761.76,748.97,754.08,188327,737.2,717.32,22.75,710.32,770.32,815.04,815.04,0,,
2023-04-20,753.93,760.33,746.93,748.52,374618,737.53,717.32,22.08,707.18,769.85,815.04,815.04,0,,
2023-04-21,750.01,766.82,750.01,764.69,138346,737.94,731.76,21.81,722.6,769.64,794.6,815.04,0,,
2023-04-24,768.61,771.24,757.9,766.63,63726,738.39,740.34,21.21,727.12,769.09,794.6,794.6,0,,
2023-04-25,766.63,770.45,751.94,755.32,86187,738.76,740.34,21.01,719.95,768.43,794.6,794.6,0,,
2023-04-26,759.14,767.72,745.99,747.18,139079,739.06,740.34,21.07,714.67,767.33,794.6,794.6,0,,
2023-04-27,747.18,757.55,745.1,753.73,95671,739.47,740.34,20.45,719.3,766.34,794.6,794.6,0,,
2023-04-28,754.87,757.2,746.09,755.76,421295,739.91,740.34,19.78,721.06,765.68,794.6,794.6,0,,
2023-05-02,759.78,761.86,745.89,748.87,313241,740.24,740.34,19.51,716.79,764.43,794.6,794.6,0,,
2023-05-03,750.41,757.65,745.99,751.8,125408,740.58,740.34,18.95,719.06,762.98,794.6,794.6,0,,
2023-05-04,751.94,764.79,751.94,759.48,64294,741.05,740.34,18.52,724.3,761.64,794.6,794.6,0,,
2023-05-05,760.97,760.97,752.49,754.57,96288,741.45,740.34,17.81,721.61,760.1,794.6,794.6,0,,
2023-05-08,756.06,768.81,754.67,761.76,80170,741.92,740.34,17.55,726.41,759.17,794.6,794.6,0,,
2023-05-09,763.25,770.25,746.19,750.11,265862,742.23,740.34,18.02,718.59,758.59,794.6,794.6,0,,
2023-05-10,751.6,760.43,745.99,747.18,243212,742.5,745.1,17.76,718.46,757.76,794.6,794.6,0,,
2023-05-11,747.23,769.8,747.23,757.35,254206,742.8,745.1,18.11,724.79,757.51,794.6,794.6,0,,
2023-05-12,751.99,763.1,748.97,754.87,249608,743.07,745.1,17.82,723.38,758.01,789.05,794.6,0,,
2023-05-15,756.56,765.83,753.93,763.05,102335,743.38,745.1,17.4,728.93,758.84,771.24,789.05,0,,
2023-05-16,764.54,765.83,746.98,748.72,227854,743.66,745.1,17.5,719.62,758.54,771.24,771.24,0,,
2023-05-17,751.75,757.85,742.92,746.69,188212,743.99,742.92,17.32,717.71,758.01,771.24,771.24,0,,
2023-05-18,750.46,773.52,748.57,761.72,121603,744.37,742.92,18.0,726.95,757.8,773.52,771.24,0,,
2023-05-19,762.56,771.04,754.92,766.97,93283,744.78,742.92,17.87,730.43,757.93,773.52,773.52,0,,
2023-05-22,793.61,849.16,791.67,824.71,2563198,745.58,742.92,22.46,764.6,760.3,849.16,773.52,1,824.71,764.6
2023-05-23,824.36,849.06,808.49,813.9,748932,746.41,742.92,23.75,756.77,762.33,849.16,849.16,0,,
2023-05-24,818.41,873.76,812.51,833.19,1766095,747.24,742.92,26.43,767.43,764.57,873.76,849.16,0,,
2023-05-25,841.52,860.22,836.61,852.53,468530,748.09,742.92,26.47,779.87,766.72,873.76,873.76,0,,
2023-05-26,857.15,872.37,829.92,837.31,394293,748.9,742.92,27.62,769.29,768.38,873.76,873.76,0,,
2023-05-29,846.18,855.86,839.84,852.63,231845,749.75,742.92,26.97,779.61,771.18,873.76,873.76,0,,
2023-05-30,853.13,867.86,845.29,857.05,285434,750.69,742.92,26.65,782.67,774.81,873.76,873.76,0,,
2023-05-31,858.09,892.81,853.67,886.31,463829,751.82,742.92,27.55,800.95,779.22,892.81,873.76,1,886.31,800.95
2023-06-01,886.36,920.54,884.33,903.32,551169,753.04,742.92,28.16,811.5,784.2,920.54,892.81,0,,
2023-06-02,908.73,939.78,903.57,925.35,607535,754.38,742.92,28.76,825.32,790.09,939.78,920.54,0,,
2023-06-05,938.44,938.44,899.6,902.63,259430,755.71,742.92,29.48,810.18,794.69,939.78,939.78,0,,
2023-06-06,902.63,902.63,887.85,893.26,197716,756.83,742.92,28.43,804.84,798.91,939.78,939.78,0,,
2023-06-07,900.6,935.47,895.59,916.92,423508,757.9,748.57,29.41,821.33,804.3,939.78,939.78,0,,
2023-06-08,918.11,940.43,917.61,920.19,249819,758.8,754.92,28.99,825.84,810.06,940.43,939.78,0,,
2023-06-09,922.92,930.36,911.26,919.64,153286,759.83,791.67,28.28,838.2,815.59,940.43,940.43,0,,
2023-06-12,920.54,952.33,920.54,927.23,351918,760.92,808.49,28.6,848.49,821.31,952.33,940.43,0,,
2023-06-13,922.57,952.23,922.57,947.97,583348,762.3,812.51,28.67,863.16,827.95,952.33,952.33,0,,
2023-06-14,947.37,988.74,929.07,978.37,807888,763.94,829.92,30.89,887.1,835.5,988.74,952.33,1,978.37,887.1
2023-06-15,982.09,1049.45,980.11,1028.27,703207,765.91,829.92,33.76,917.37,844.46,1049.45,988.74,0,,
2023-06-16,1051.53,1055.85,1010.46,1026.93,508159,767.87,839.84,34.59,919.26,853.54,1055.85,1049.45,0,,
2023-06-19,1028.32,1030.7,991.17,998.06,270427,769.45,845.29,34.94,902.22,861.41,1055.85,1055.85,0,,
2023-06-20,999.95,1028.71,987.1,1017.65,235851,771.34,853.67,35.42,917.33,870.33,1055.85,1055.85,0,,
2023-06-21,1017.65,1068.35,1017.65,1041.16,564499,773.23,884.33,36.51,941.98,880.13,1068.35,1055.85,0,,
2023-06-22,1043.6,1046.22,1003.91,1006.64,228238,774.93,887.85,36.92,920.62,888.44,1068.35,1068.35,0,,
2023-06-23,1007.59,1008.92,960.27,969.89,605029,776.44,887.85,37.76,896.35,895.61,1068.35,1068.35,0,,
2023-06-26,973.71,1011.85,972.17,1002.63,677229,778.16,887.85,38.06,917.27,903.59,1068.35,1068.35,0,,
2023-06-27,1006.64,1039.63,1002.97,1014.28,500847,779.95,895.59,37.99,927.42,912.45,1068.35,1068.35,0,,
2023-06-28,1014.48,1017.8,975.15,976.68,537667,781.4,911.26,38.32,908.17,920.11,1068.35,1068.35,0,,
2023-06-30,983.63,999.95,978.97,985.31,297113,783.01,911.26,37.24,914.45,927.57,1068.35,1068.35,0,,
2023-07-03,986.06,996.97,973.36,976.54,180720,784.53,920.54,36.27,912.53,934.55,1068.35,1068.35,0,,
2023-07-04,982.59,993.7,978.62,982.49,146155,786.03,922.57,34.91,917.96,939.81,1068.35,1068.35,0,,
2023-07-05,984.02,989.88,976.19,981.89,95466,787.59,929.07,33.39,920.75,945.41,1068.35,1068.35,0,,
2023-07-06,988.04,1011.85,982.09,1004.86,264542,789.36,960.27,33.15,946.13,951.13,1068.35,1068.35,0,,
2023-07-07,1009.33,1019.33,995.16,1003.32,190178,791.03,960.27,32.5,945.56,956.16,1068.35,1068.35,0,,
2023-07-10,1009.38,1016.54,990.59,1012.12,215824,792.87,960.27,32.04,951.55,961.99,1068.35,1068.35,0,,
2023-07-11,1014.35,1032.75,1011.52,1020.52,143586,794.69,960.27,31.26,957.48,967.58,1068.35,1068.35,0,,
2023-07-12,1029.42,1038.42,1016.34,1023.11,97762,796.5,960.27,30.61,959.59,973.12,1068.35,1068.35,0,,
2023-07-13,1025.44,1025.44,1011.27,1013.76,91387,798.26,960.27,29.43,954.34,977.37,1068.35,1068.35,0,,
2023-07-14,1023.9,1047.87,1014.35,1034.34,313697,800.18,960.27,29.77,967.39,981.73,1068.35,1068.35,0,,
2023-07-17,1042.0,1056.02,1028.97,1030.17,207273,802.07,972.17,29.57,968.8,985.23,1068.35,1068.35,0,,
2023-07-18,1039.71,1050.15,1024.25,1030.02,86450,803.92,973.36,29.31,969.28,989.47,1068.35,1068.35,0,,
2023-07-19,1038.42,1053.93,1028.43,1032.4,142743,805.8,973.36,29.04,970.99,994.11,1068.35,1068.35,0,,
2023-07-20,1037.57,1044.19,1019.33,1023.75,170928,807.61,973.36,28.74,965.61,997.67,1056.02,1068.35,0,,
2023-07-21,1030.76,1031.31,1015.65,1024.35,93783,809.45,973.36,27.81,966.62,1001.14,1056.02,1056.02,0,,
2023-07-24,1029.52,1038.22,1010.38,1030.56,109389,811.24,976.19,27.81,971.57,1004.84,1056.02,1056.02,0,,
2023-07-25,1040.46,1062.59,1034.64,1044.44,383742,813.22,976.19,28.11,980.32,1008.75,1062.59,1056.02,0,,
2023-07-26,1060.3,1061.84,1028.48,1032.4,116924,815.13,982.09,28.49,974.27,1011.56,1062.59,1062.59,0,,
2023-07-27,1024.35,1047.07,1024.35,1043.59,76798,817.08,990.59,28.07,984.6,1013.74,1062.59,1062.59,0,,
2023-07-28,1048.81,1055.57,1034.24,1041.3,129358,819.07,990.59,27.59,983.44,1014.17,1062.59,1062.59,0,,
2023-07-31,1049.16,1054.13,1001.43,1004.91,516566,820.72,1001.43,29.39,962.39,1013.44,1062.59,1062.59,0,,
2023-08-01,1004.91,1026.93,996.8,1009.28,159523,822.47,996.8,29.44,963.63,1013.81,1062.59,1062.59,0,,
2023-08-02,1018.33,1023.01,1000.43,1008.64,157828,824.3,996.8,28.95,963.54,1013.51,1062.59,1062.59,0,,
2023-08-03,1044.19,1044.19,1008.64,1015.3,450301,826.06,996.8,29.42,967.52,1012.65,1062.59,1062.59,0,,
2023-08-04,1024.3,1029.17,1007.84,1018.48,208295,827.82,996.8,28.84,969.96,1013.04,1062.59,1062.59,0,,
2023-08-07,1027.98,1029.27,998.44,1004.11,168182,829.52,996.8,28.98,960.59,1014.18,1062.59,1062.59,0,,
2023-08-08,1008.44,1013.11,991.38,995.31,174767,831.13,991.38,28.47,953.46,1013.94,1062.59,1062.59,0,,
2023-08-09,995.56,1003.22,977.36,980.99,186168,832.64,977.36,28.28,939.67,1012.83,1062.59,1062.59,0,,
2023-08-10,985.51,993.07,979.85,983.63,518723,834.24,977.36,27.2,942.09,1013.06,1062.59,1062.59,0,,
2023-08-11,990.29,991.73,978.11,980.44,134973,835.82,977.36,26.23,940.68,1012.9,1062.59,1062.59,0,,
2023-08-14,984.37,990.39,968.01,984.47,117713,837.56,968.01,25.96,940.35,1013.16,1062.59,1062.59,0,,
2023-08-16,989.74,1002.42,981.54,983.67,192030,839.33,968.01,25.6,940.07,1013.2,1062.59,1062.59,0,,
2023-08-17,980.54,989.49,980.54,985.42,70660,841.18,968.01,24.41,941.99,1013.32,1062.59,1062.59,0,,
2023-08-18,989.49,996.4,981.39,984.47,185639,842.98,968.01,23.74,941.83,1012.64,1062.59,1062.59,0,,
2023-08-21,994.46,994.46,979.6,988.8,120949,844.72,968.01,23.1,945.04,1012.16,1062.59,1062.59,0,,
2023-08-22,992.13,996.75,980.54,985.66,169527,846.5,968.01,22.61,943.35,1011.28,1062.59,1062.59,0,,
2023-08-23,991.18,1001.53,985.02,993.02,108138,848.27,968.01,22.17,948.39,1010.36,1061.84,1062.59,0,,
2023-08-24,994.46,1030.07,993.57,1012.32,425594,850.14,968.01,23.24,960.13,1010.0,1055.57,1061.84,0,,
2023-08-25,1017.59,1039.22,1004.76,1031.96,458191,852.2,968.01,24.04,972.26,1010.61,1055.57,1055.57,0,,
2023-08-28,1043.44,1044.19,1018.73,1021.56,195533,854.2,968.01,24.14,965.48,1010.18,1054.13,1055.57,0,,
2023-08-29,1030.22,1039.46,1020.97,1024.45,119095,856.08,968.01,23.74,967.62,1009.99,1044.19,1054.13,0,,
2023-08-30,1025.29,1034.49,1012.42,1018.28,129521,857.95,968.01,23.62,963.72,1009.6,1044.19,1044.19,0,,
2023-08-31,1019.38,1040.61,1009.48,1033.75,227183,860.02,968.01,24.15,973.34,1009.64,1044.19,1044.19,0,,
2023-09-01,1044.09,1044.09,1010.38,1018.58,195628,861.99,968.01,24.84,963.1,1009.47,1044.19,1044.19,0,,
2023-09-04,1024.25,1037.97,1016.34,1020.97,189814,863.98,968.01,24.61,964.79,1009.36,1044.19,1044.19,0,,
2023-09-05,1025.29,1033.25,1012.37,1016.74,184463,865.97,979.6,24.34,966.1,1008.9,1044.19,1044.19,0,,
2023-09-06,1016.84,1023.01,1001.23,1007.34,171712,867.92,979.6,24.16,960.16,1007.66,1044.19,1044.19,0,,
2023-09-07,1002.37,1019.33,993.72,1006.25,304821,869.84,979.6,24.26,959.39,1006.79,1044.19,1044.19,0,,
2023-09-08,1008.39,1011.57,996.45,1002.57,199150,871.72,979.6,23.61,957.45,1005.42,1044.19,1044.19,0,,
2023-09-11,1007.59,1026.29,1007.59,1022.61,198319,873.83,980.54,23.62,970.69,1004.8,1044.19,1044.19,0,,
2023-09-12,1026.29,1042.2,1012.12,1034.04,289547,875.95,985.02,24.08,979.24,1005.77,1044.19,1044.19,0,,
2023-09-13,1042.85,1043.19,1012.56,1029.47,359503,878.09,993.57,24.55,978.83,1006.44,1044.19,1044.19,0,,
2023-09-14,1032.25,1099.63,1029.82,1085.96,1779419,880.53,993.72,27.8,1013.15,1009.02,1099.63,1044.19,1,1085.96,1013.15
2023-09-15,1107.83,1114.8,1087.35,1105.1,820808,883.07,993.72,27.88,1025.44,1012.01,1114.8,1099.63,0,,
2023-09-18,1112.81,1112.81,1084.02,1093.17,557876,885.55,993.72,27.94,1017.71,1014.5,1114.8,1114.8,0,,
2023-09-20,1093.17,1093.17,1045.48,1068.45,381728,887.88,993.72,29.35,1000.82,1016.65,1114.8,1114.8,0,,
2023-09-21,1073.82,1091.92,1048.76,1064.53,339014,890.22,993.72,30.34,997.64,1018.96,1114.8,1114.8,0,,
2023-09-22,1065.07,1090.18,1048.91,1055.57,262744,892.5,993.72,31.12,991.34,1021.44,1114.8,1114.8,0,,
2023-09-25,1060.99,1068.9,1053.93,1056.17,322326,894.75,993.72,29.97,992.49,1023.86,1114.8,1114.8,0,,
2023-09-26,1056.17,1079.69,1052.79,1061.89,198471,897.07,993.72,29.75,996.33,1026.57,1114.8,1114.8,0,,
2023-09-27,1067.21,1080.93,1051.6,1075.91,360905,899.42,993.72,29.72,1005.39,1029.62,1114.8,1114.8,0,,
2023-09-28,1085.51,1088.49,1069.85,1072.43,158242,901.76,993.72,28.93,1003.67,1032.58,1114.8,1114.8,0,,
2023-09-29,1080.98,1096.89,1060.3,1079.49,314021,904.12,996.45,29.47,1008.77,1035.72,1114.8,1114.8,0,,
2023-10-03,1084.91,1109.77,1078.0,1095.6,296182,906.54,1007.59,29.64,1022.77,1039.42,1114.8,1114.8,0,,
2023-10-04,1098.88,1126.53,1074.02,1079.49,377750,908.84,1012.12,31.27,1012.8,1042.44,1126.53,1114.8,0,,
2023-10-05,1091.92,1098.09,1073.18,1081.78,185285,911.14,1012.56,30.82,1014.72,1045.65,1126.53,1126.53,0,,
2023-10-06,1083.97,1095.01,1078.99,1086.2,76707,913.42,1029.82,29.76,1024.03,1048.75,1126.53,1126.53,0,,
2023-10-09,1074.02,1077.01,1045.18,1047.82,210595,915.45,1045.18,30.56,1003.86,1049.94,1126.53,1126.53,0,,
2023-10-10,1049.91,1062.64,1038.22,1056.32,198202,917.54,1038.22,30.13,1007.32,1050.75,1126.53,1126.53,0,,
2023-10-11,1059.06,1061.64,1045.33,1048.86,368453,919.62,1038.22,29.14,1003.16,1051.66,1126.53,1126.53,0,,
2023-10-12,1054.13,1070.94,1048.91,1060.8,153195,921.61,1038.22,28.63,1011.2,1052.87,1126.53,1126.53,0,,
2023-10-13,1060.8,1093.71,1060.8,1077.95,296029,923.65,1038.22,28.94,1022.06,1054.86,1126.53,1126.53,0,,
2023-10-16,1083.67,1099.28,1071.04,1081.38,137993,925.64,1038.22,28.89,1024.3,1056.45,1126.53,1126.53,0,,
2023-10-17,1083.97,1086.6,1066.07,1069.5,206117,927.6,1038.22,28.29,1017.04,1058.15,1126.53,1126.53,0,,
2023-10-18,1069.5,1082.38,1066.07,1076.16,186748,929.58,1038.22,27.44,1021.91,1059.99,1126.53,1126.53,0,,
2023-10-19,1069.05,1069.05,1050.01,1053.93,170574,931.38,1038.22,27.35,1007.63,1061.22,1126.53,1126.53,0,,
2023-10-20,1060.35,1061.04,1040.21,1047.72,117205,933.19,1038.22,26.88,1003.93,1062.57,1126.53,1126.53,0,,
2023-10-23,1051.05,1051.05,994.46,1011.37,213433,934.69,994.46,29.0,964.49,1062.74,1126.53,1126.53,0,,
2023-10-25,1026.34,1028.28,984.52,1003.66,207714,936.08,984.52,30.06,955.5,1062.78,1126.53,1126.53,0,,
2023-10-26,994.51,1003.56,974.53,980.84,373776,937.29,974.53,29.99,937.49,1061.39,1126.53,1126.53,0,,
2023-10-27,990.59,1029.22,986.46,1012.46,173655,938.7,974.53,31.3,957.01,1060.67,1126.53,1126.53,0,,
2023-10-30,1004.51,1012.46,986.51,1006.75,172046,940.15,974.53,30.92,953.58,1059.91,1126.53,1126.53,0,,
2023-10-31,1011.22,1014.8,987.8,990.49,109357,941.64,974.53,30.64,943.28,1056.73,1126.53,1126.53,0,,
2023-11-01,998.74,998.74,983.53,992.13,181885,943.1,974.53,29.54,945.07,1052.96,1126.53,1126.53,0,,
2023-11-02,997.35,1007.34,987.75,996.8,109913,944.65,974.53,28.83,948.56,1049.75,1099.28,1126.53,0,,
2023-11-03,1004.91,1036.03,1004.91,1028.67,241705,946.58,974.53,29.57,968.62,1048.42,1099.28,1099.28,0,,
2023-11-06,1044.19,1049.01,1020.82,1031.56,345326,948.53,974.53,29.47,970.55,1047.32,1099.28,1099.28,0,,
2023-11-07,1034.24,1081.98,1030.51,1073.33,330084,950.63,974.53,31.04,996.45,1047.92,1099.28,1099.28,0,,
2023-11-08,1070.14,1077.75,1051.25,1054.23,128278,952.58,974.53,30.72,984.34,1047.85,1099.28,1099.28,0,,
2023-11-09,1059.75,1090.53,1049.16,1054.18,219281,954.49,974.53,31.48,983.8,1047.59,1099.28,1099.28,0,,
2023-11-10,1059.6,1080.19,1038.22,1066.41,184729,956.51,974.53,32.23,991.19,1047.28,1099.28,1099.28,0,,
2023-11-13,1083.07,1093.02,1070.04,1078.65,236658,958.68,974.53,31.83,999.35,1047.48,1099.28,1099.28,0,,
2023-11-15,1153.58,1175.46,1120.46,1127.18,1431974,961.17,974.53,36.47,1027.56,1049.07,1175.46,1099.28,1,1127.18,1027.56
2023-11-16,1134.49,1182.52,1127.72,1138.36,706292,963.65,974.53,37.82,1033.87,1050.5,1182.52,1175.46,0,,
2023-11-17,1143.63,1236.67,1140.65,1219.11,1550152,966.53,983.53,42.14,1086.08,1055.15,1236.67,1182.52,1,1219.11,1086.08
2023-11-20,1213.3,1251.04,1208.32,1213.69,506470,969.37,983.53,42.18,1082.55,1059.55,1251.04,1236.67,0,,
2023-11-21,1217.62,1306.83,1214.29,1253.32,1644643,972.6,983.53,45.82,1105.69,1065.12,1306.83,1251.04,1,1253.32,1105.69
2023-11-22,1253.32,1262.77,1199.32,1238.01,862376,975.86,983.53,47.08,1094.97,1071.46,1306.83,1306.83,0,,
2023-11-23,1257.0,1276.79,1225.18,1231.89,430993,979.05,987.75,47.4,1092.22,1077.31,1306.83,1306.83,0,,
2023-11-24,1238.06,1259.99,1216.33,1231.45,307628,982.23,1004.91,47.14,1097.83,1083.4,1306.83,1306.83,0,,
2023-11-28,1243.53,1276.94,1225.13,1242.83,521668,985.53,1020.82,47.47,1110.25,1089.47,1306.83,1306.83,0,,
2023-11-29,1252.83,1261.98,1235.22,1246.11,264776,988.74,1030.51,45.99,1116.58,1095.07,1306.83,1306.83,0,,
2023-11-30,1249.5,1252.03,1213.25,1218.82,354430,991.75,1038.22,45.48,1101.9,1099.65,1306.83,1306.83,0,,
2023-12-01,1223.69,1241.09,1204.3,1218.52,392970,994.84,1038.22,44.85,1102.12,1104.62,1306.83,1306.83,0,,
2023-12-04,1237.96,1241.04,1197.04,1210.11,433835,997.93,1038.22,44.79,1096.73,1109.09,1306.83,1306.83,0,,
2023-12-05,1220.21,1228.61,1197.39,1202.86,467546,1000.92,1070.04,43.82,1103.31,1114.05,1306.83,1306.83,0,,
2023-12-06,1208.18,1213.4,1175.46,1181.62,305755,1003.76,1120.46,43.4,1106.7,1118.51,1306.83,1306.83,0,,
2023-12-07,1190.47,1203.25,1178.74,1196.94,222517,1006.75,1127.72,42.05,1119.9,1124.7,1306.83,1306.83,0,,
2023-12-08,1198.33,1202.86,1160.54,1166.01,222991,1009.51,1140.65,42.07,1104.24,1130.11,1306.83,1306.83,0,,
2023-12-11,1177.45,1178.44,1148.61,1163.77,658164,1012.2,1148.61,41.2,1106.04,1136.21,1306.83,1306.83,0,,
2023-12-12,1172.37,1183.66,1145.92,1159.6,623963,1014.91,1145.92,40.95,1102.61,1141.11,1306.83,1306.83,0,,
2023-12-13,1169.69,1169.69,1151.64,1161.83,221245,1017.57,1145.92,39.32,1105.14,1146.28,1306.83,1306.83,0,,
2023-12-14,1167.8,1190.37,1166.16,1177.74,408360,1020.42,1145.92,38.55,1115.92,1152.52,1306.83,1306.83,0,,
2023-12-15,1190.28,1197.34,1179.73,1186.3,227498,1023.35,1145.92,37.19,1122.34,1159.0,1306.83,1306.83,0,,
2023-12-18,1186.3,1190.32,1167.5,1170.68,210191,1026.11,1145.92,36.17,1112.95,1164.79,1306.83,1306.83,0,,
2023-12-19,1175.81,1189.83,1174.02,1186.65,178453,1028.98,1145.92,34.95,1124.06,1170.06,1306.83,1306.83,0,,
2023-12-20,1191.37,1195.35,1153.58,1162.18,198212,1031.65,1145.92,35.44,1107.95,1174.41,1276.94,1306.83,0,,
2023-12-21,1164.47,1176.35,1145.82,1149.45,335295,1034.32,1145.82,35.09,1099.94,1176.95,1276.94,1276.94,0,,
2023-12-22,1159.45,1173.97,1154.28,1168.99,139471,1037.13,1145.82,34.33,1113.05,1180.78,1276.94,1276.94,0,,
2023-12-26,1177.45,1181.42,1161.04,1178.29,107996,1039.91,1145.82,33.34,1119.71,1184.91,1276.94,1276.94,0,,
2023-12-27,1190.28,1190.37,1177.25,1180.03,115977,1042.66,1145.82,31.89,1121.8,1188.7,1261.98,1276.94,0,,
2023-12-28,1182.92,1206.68,1180.03,1191.52,428029,1045.11,1145.82,31.52,1129.46,1192.46,1252.03,1261.98,0,,
2023-12-29,1197.49,1202.26,1185.35,1195.3,233307,1047.65,1145.82,30.47,1132.59,1194.73,1241.09,1252.03,0,,
2024-01-01,1198.33,1208.27,1192.36,1196.74,160775,1050.07,1145.82,29.43,1134.21,1196.68,1241.04,1241.09,0,,
2024-01-02,1206.14,1206.19,1183.41,1186.2,153930,1052.3,1145.82,28.96,1127.73,1195.58,1228.61,1241.04,0,,
2024-01-03,1193.21,1193.21,1140.7,1163.72,251566,1054.48,1140.7,30.64,1110.41,1193.92,1213.4,1228.61,0,,
2024-01-04,1172.37,1182.12,1156.21,1173.37,785274,1056.61,1140.7,30.3,1116.86,1191.25,1208.27,1213.4,0,,
2024-01-05,1183.31,1218.12,1177.2,1210.71,492949,1058.97,1140.7,31.33,1140.25,1190.34,1218.12,1208.27,1,1210.71,1140.25
2024-01-08,1244.92,1258.79,1214.64,1226.82,779509,1061.24,1140.7,32.53,1149.84,1190.17,1258.79,1218.12,0,,
2024-01-09,1237.11,1252.03,1230.2,1241.89,353764,1063.5,1140.7,32.01,1159.91,1190.52,1258.79,1258.79,0,,
2024-01-10,1244.18,1248.05,1220.36,1233.04,497198,1065.55,1140.7,31.7,1154.41,1190.19,1258.79,1258.79,0,,
2024-01-11,1243.08,1270.43,1234.28,1264.01,414766,1067.96,1140.7,32.11,1174.12,1190.79,1270.43,1258.79,1,1264.01,1174.12
2024-01-12,1281.87,1292.01,1265.71,1273.01,315337,1070.49,1140.7,31.81,1180.12,1192.6,1292.01,1270.43,0,,
2024-01-15,1290.27,1290.27,1258.1,1281.22,228483,1072.92,1140.7,31.84,1185.39,1194.69,1292.01,1292.01,0,,
2024-01-16,1290.22,1306.68,1244.08,1253.32,303181,1075.14,1140.7,34.04,1165.93,1196.13,1306.68,1292.01,0,,
2024-01-17,1253.03,1259.99,1240.69,1251.78,180267,1077.35,1140.7,32.98,1165.64,1197.76,1306.68,1306.68,0,,
2024-01-18,1243.28,1253.87,1201.36,1245.37,268408,1079.48,1140.7,34.38,1160.58,1199.88,1306.68,1306.68,0,,
2024-01-19,1251.34,1258.64,1238.11,1247.21,168776,1081.47,1140.7,33.39,1162.42,1201.56,1306.68,1306.68,0,,
2024-01-23,1241.09,1262.97,1213.74,1224.29,313867,1083.11,1140.7,34.52,1146.89,1203.5,1306.68,1306.68,0,,
2024-01-24,1224.29,1252.28,1216.03,1233.68,229517,1084.48,1140.7,34.64,1152.86,1205.83,1306.68,1306.68,0,,
2024-01-25,1236.97,1262.87,1235.18,1254.72,186905,1086.0,1156.21,34.25,1171.86,1209.0,1306.68,1306.68,0,,
2024-01-29,1260.98,1262.97,1225.28,1240.0,141533,1087.61,1177.2,34.5,1169.2,1211.61,1306.68,1306.68,0,,
2024-01-30,1243.08,1278.48,1224.09,1243.58,639277,1089.12,1201.36,35.92,1178.62,1213.8,1306.68,1306.68,0,,
2024-01-31,1245.27,1330.59,1245.27,1309.56,1170894,1090.91,1201.36,39.57,1218.74,1217.91,1330.59,1306.68,1,1309.56,1218.74
2024-02-01,1322.64,1367.69,1305.24,1355.7,348377,1093.23,1201.36,41.2,1247.41,1224.08,1367.69,1330.59,0,,
2024-02-02,1372.36,1372.36,1319.65,1334.67,331116,1095.67,1201.36,42.03,1233.3,1229.01,1372.36,1367.69,0,,
2024-02-05,1337.36,1389.27,1316.27,1368.93,352743,1098.11,1201.36,44.24,1253.92,1235.9,1389.27,1372.36,0,,
2024-02-06,1368.93,1397.17,1353.47,1358.14,321201,1100.4,1201.36,44.2,1246.99,1242.86,1397.17,1389.27,0,,
2024-02-07,1367.34,1379.87,1350.48,1356.95,138320,1102.93,1201.36,43.14,1246.92,1249.13,1397.17,1397.17,0,,
2024-02-08,1363.76,1382.01,1345.36,1358.69,411064,1105.42,1201.36,42.68,1248.36,1255.14,1397.17,1397.17,0,,
2024-02-09,1365.5,1379.77,1335.17,1367.24,321695,1108.03,1201.36,42.82,1253.78,1261.38,1397.17,1397.17,0,,
2024-02-12,1377.33,1387.28,1359.53,1369.28,268170,1110.61,1213.74,41.74,1259.94,1267.3,1397.17,1397.17,0,,
2024-02-13,1370.37,1377.09,1324.63,1365.1,291083,1113.16,1213.74,42.51,1256.73,1272.96,1397.17,1397.17,0,,
2024-02-14,1357.74,1436.9,1344.77,1409.11,561542,1115.86,1216.03,46.05,1283.52,1280.04,1436.9,1397.17,1,1409.11,1283.52
2024-02-15,1402.1,1402.1,1332.38,1345.31,1044150,1118.14,1224.09,48.24,1243.59,1285.35,1436.9,1436.9,0,,
2024-02-16,1345.46,1376.34,1341.88,1357.54,817045,1120.44,1224.09,47.26,1252.14,1291.81,1436.9,1436.9,0,,
2024-02-19,1378.33,1378.33,1334.12,1343.22,265058,1122.59,1224.09,47.04,1243.05,1297.47,1436.9,1436.9,0,,
2024-02-20,1339.84,1359.43,1337.01,1351.48,219181,1124.78,1245.27,45.28,1256.61,1302.16,1436.9,1436.9,0,,
2024-02-21,1351.43,1361.22,1337.56,1344.86,231839,1126.99,1305.24,43.74,1273.36,1306.1,1436.9,1436.9,0,,
2024-02-22,1344.86,1370.87,1326.57,1362.77,334354,1129.18,1316.27,43.78,1288.56,1310.13,1436.9,1436.9,0,,
2024-02-23,1370.17,1387.18,1356.5,1375.69,858820,1131.48,1316.27,42.84,1297.52,1314.88,1436.9,1436.9,0,,
2024-02-26,1387.08,1402.59,1368.43,1393.39,500110,1133.9,1324.63,42.22,1312.13,1319.19,1436.9,1436.9,0,,
2024-02-27,1392.75,1401.15,1357.99,1374.0,387209,1136.18,1324.63,42.29,1299.58,1322.56,1436.9,1436.9,0,,
2024-02-28,1368.63,1380.91,1339.54,1356.75,411040,1138.4,1324.63,42.22,1288.5,1325.08,1436.9,1436.9,0,,
2024-02-29,1359.48,1371.47,1296.63,1334.52,508715,1140.47,1296.63,44.55,1263.27,1327.78,1436.9,1436.9,0,,
2024-03-01,1331.64,1332.78,1283.36,1289.08,731073,1142.19,1283.36,45.02,1229.23,1329.03,1436.9,1436.9,0,,
2024-03-04,1315.68,1320.6,1282.86,1300.41,393367,1143.9,1282.86,44.5,1236.72,1330.86,1436.9,1436.9,0,,
2024-03-05,1300.71,1306.68,1231.69,1239.5,502130,1145.28,1231.69,46.68,1178.92,1330.61,1436.9,1436.9,0,,
2024-03-06,1238.11,1241.54,1178.44,1198.03,690468,1146.31,1178.44,47.85,1133.64,1329.73,1436.9,1436.9,0,,
2024-03-07,1203.9,1210.11,1169.49,1173.22,526411,1147.19,1169.49,47.34,1115.0,1327.71,1436.9,1436.9,0,,
2024-03-11,1183.46,1279.88,1177.15,1269.04,1671629,1148.95,1169.49,51.57,1173.98,1328.19,1436.9,1436.9,0,,
2024-03-12,1261.08,1277.89,1235.72,1238.46,566134,1150.48,1169.49,50.9,1154.7,1328.14,1436.9,1436.9,0,,
2024-03-13,1239.1,1242.04,1173.47,1181.08,458484,1151.63,1169.49,52.17,1116.85,1326.06,1436.9,1436.9,0,,
2024-03-14,1181.03,1237.96,1168.5,1228.41,314262,1153.05,1168.5,53.4,1146.22,1323.35,1402.59,1436.9,0,,
2024-03-15,1234.58,1255.56,1215.68,1235.42,371880,1154.49,1168.5,52.43,1151.39,1319.34,1402.59,1402.59,0,,
2024-03-18,1246.21,1258.3,1233.24,1253.67,200756,1156.16,1168.5,50.48,1164.46,1316.64,1402.59,1402.59,0,,
2024-03-19,1261.98,1261.98,1211.11,1216.53,285083,1157.63,1168.5,50.51,1140.49,1311.56,1402.59,1402.59,0,,
2024-03-20,1205.04,1224.09,1181.77,1190.97,341872,1159.03,1168.5,49.92,1124.39,1305.99,1402.59,1402.59,0,,
2024-03-21,1205.24,1227.17,1201.71,1219.41,122608,1160.6,1168.5,48.94,1143.39,1301.41,1402.59,1402.59,0,,
2024-03-22,1223.14,1233.39,1218.02,1225.68,103177,1162.24,1168.5,46.54,1149.03,1296.97,1402.59,1402.59,0,,
2024-03-26,1225.68,1260.98,1210.06,1244.72,205914,1163.97,1168.5,46.86,1161.11,1292.89,1402.59,1402.59,0,,
2024-03-27,1253.22,1272.82,1235.13,1263.07,225955,1165.84,1168.5,46.2,1173.38,1289.35,1401.15,1402.59,0,,
2024-03-28,1263.17,1286.84,1239.1,1276.69,248425,1167.78,1168.5,46.31,1182.09,1286.4,1380.91,1401.15,0,,
2024-04-01,1285.35,1312.59,1272.96,1289.12,158508,1169.81,1168.5,45.83,1190.43,1282.4,1371.47,1380.91,0,,
2024-04-02,1299.82,1305.78,1276.25,1285.3,329431,1171.79,1168.5,44.67,1188.74,1280.4,1332.78,1371.47,0,,
2024-04-03,1294.59,1305.73,1277.34,1283.36,222076,1173.77,1168.5,43.51,1188.26,1277.93,1320.6,1332.78,0,,
2024-04-04,1285.35,1296.09,1272.92,1282.16,421308,1175.7,1168.5,42.05,1188.46,1275.89,1312.59,1320.6,0,,
2024-04-05,1285.84,1299.67,1269.43,1279.13,223415,1177.48,1168.5,41.21,1187.07,1273.48,1312.59,1312.59,0,,
2024-04-08,1279.88,1367.39,1279.88,1317.91,764616,1179.38,1181.77,44.57,1214.26,1272.58,1367.39,1312.59,1,1317.91,1214.26
2024-04-09,1333.58,1337.56,1299.77,1310.41,548353,1181.31,1181.77,44.09,1209.75,1270.84,1367.39,1367.39,0,,
2024-04-10,1309.71,1322.09,1301.21,1305.78,139550,1183.18,1181.77,42.43,1207.87,1268.51,1367.39,1367.39,0,,
2024-04-12,1313.79,1328.36,1272.96,1281.27,211032,1184.94,1181.77,43.36,1191.44,1264.77,1367.39,1367.39,0,,
2024-04-15,1272.87,1292.7,1246.06,1262.13,339068,1186.46,1201.71,43.59,1185.58,1261.04,1367.39,1367.39,0,,
2024-04-16,1256.01,1289.82,1256.01,1270.43,269772,1188.14,1210.06,42.89,1194.19,1258.16,1367.39,1367.39,0,,
2024-04-18,1275.85,1281.02,1228.21,1231.64,340999,1189.54,1210.06,43.6,1168.69,1254.73,1367.39,1367.39,0,,
2024-04-19,1231.6,1254.02,1204.65,1235.57,174736,1191.0,1204.65,44.01,1169.15,1252.95,1367.39,1367.39,0,,
2024-04-22,1237.41,1255.71,1235.62,1248.6,242623,1192.61,1204.65,42.31,1178.69,1251.22,1367.39,1367.39,0,,
2024-04-23,1248.6,1254.82,1235.32,1244.37,273737,1194.2,1204.65,40.68,1177.05,1251.39,1367.39,1367.39,0,,
2024-04-24,1254.97,1273.91,1249.45,1255.61,176087,1195.88,1204.65,39.88,1184.83,1253.31,1367.39,1367.39,0,,
2024-04-25,1266.05,1278.73,1250.09,1259.54,166628,1197.46,1204.65,39.08,1187.9,1256.18,1367.39,1367.39,0,,
2024-04-26,1262.97,1280.87,1256.61,1268.44,138631,1199.03,1204.65,38.02,1194.35,1256.16,1367.39,1367.39,0,,
2024-04-29,1273.91,1277.89,1248.65,1259.39,373170,1200.56,1204.65,37.39,1188.93,1256.86,1367.39,1367.39,0,,
2024-04-30,1267.84,1291.11,1267.84,1279.98,232626,1201.85,1204.65,36.99,1202.48,1260.16,1367.39,1367.39,0,,
2024-05-02,1282.86,1284.85,1247.51,1251.78,184282,1202.83,1204.65,37.01,1184.27,1260.94,1367.39,1367.39,0,,
2024-05-03,1256.95,1257.35,1229.26,1242.68,152117,1203.83,1204.65,36.38,1178.83,1261.18,1367.39,1367.39,0,,
2024-05-06,1250.64,1276.89,1223.19,1258.69,663821,1205.1,1204.65,37.61,1188.33,1261.35,1367.39,1367.39,0,,
2024-05-07,1258.99,1274.85,1243.98,1271.72,320330,1206.48,1204.65,37.13,1197.05,1263.19,1367.39,1367.39,0,,
2024-05-08,1271.82,1294.79,1245.07,1264.11,296327,1207.87,1204.65,38.03,1191.55,1265.62,1367.39,1367.39,0,,
2024-05-09,1253.08,1277.09,1228.51,1235.72,142929,1209.06,1204.65,38.78,1172.73,1266.17,1337.56,1367.39,0,,
2024-05-10,1238.11,1262.97,1235.77,1255.21,187194,1210.35,1204.65,37.96,1185.85,1267.15,1328.36,1337.56,0,,
2024-05-13,1258.0,1265.71,1245.77,1250.19,97114,1211.52,1223.19,36.67,1189.65,1267.33,1328.36,1328.36,0,,
2024-05-14,1256.06,1259.84,1239.5,1242.19,105747,1212.65,1223.19,35.51,1185.27,1266.64,1294.79,1328.36,0,,
2024-05-15,1252.38,1262.22,1241.09,1245.32,118174,1213.75,1223.19,34.48,1187.97,1265.59,1294.79,1294.79,0,,
2024-05-16,1251.98,1264.96,1234.43,1254.37,122960,1214.81,1223.19,34.2,1194.0,1264.43,1294.79,1294.79,0,,
2024-05-17,1265.16,1302.75,1260.19,1285.94,275119,1216.19,1223.19,35.21,1213.69,1264.45,1302.75,1294.79,0,,
2024-05-21,1287.78,1303.74,1263.47,1276.74,541543,1217.49,1223.19,35.57,1207.51,1264.23,1303.74,1302.75,0,,
2024-05-22,1271.47,1280.72,1255.06,1260.19,179332,1218.65,1223.19,34.86,1197.31,1263.5,1303.74,1303.74,0,,
2024-05-23,1270.43,1270.43,1245.07,1248.15,135978,1219.98,1223.19,34.19,1190.0,1262.47,1303.74,1303.74,0,,
2024-05-24,1251.38,1261.78,1234.13,1245.82,302079,1221.25,1223.19,33.72,1188.8,1260.07,1303.74,1303.74,0,,
2024-05-27,1243.08,1263.72,1226.42,1229.85,251835,1222.45,1223.19,33.97,1178.33,1257.38,1303.74,1303.74,0,,
2024-05-28,1230.15,1234.58,1179.53,1184.26,478623,1223.28,1179.53,35.48,1133.37,1253.33,1303.74,1303.74,0,,
2024-05-29,1178.64,1183.51,1139.71,1141.75,539822,1223.7,1139.71,36.13,1092.25,1248.68,1303.74,1303.74,0,,
2024-05-30,1147.61,1174.71,1114.8,1161.04,718991,1224.23,1114.8,37.83,1095.25,1245.31,1303.74,1303.74,0,,
2024-05-31,1160.74,1191.32,1140.0,1182.67,636124,1224.99,1114.8,38.79,1108.56,1242.38,1303.74,1303.74,0,,
2024-06-03,1213.25,1213.25,1168.5,1176.0,889815,1225.65,1114.8,39.22,1103.98,1240.53,1303.74,1303.74,0,,
2024-06-04,1181.77,1182.77,1074.02,1159.05,506380,1226.35,1074.02,44.18,1076.14,1237.98,1303.74,1303.74,0,,
2024-06-05,1176.4,1198.33,1116.19,1178.14,551976,1227.22,1074.02,46.89,1086.64,1235.63,1303.74,1303.74,0,,
2024-06-06,1243.08,1274.9,1228.16,1236.57,823335,1228.72,1074.02,50.46,1121.96,1235.37,1303.74,1303.74,0,,
2024-06-07,1249.45,1305.73,1241.39,1256.66,494184,1230.41,1074.02,51.79,1134.02,1235.41,1305.73,1303.74,0,,
2024-06-10,1276.74,1312.49,1267.94,1297.73,491609,1232.52,1074.02,52.08,1160.32,1236.68,1312.49,1305.73,0,,
2024-06-11,1292.85,1297.73,1243.08,1247.51,717578,1234.09,1074.02,52.26,1127.81,1235.98,1312.49,1312.49,0,,
2024-06-12,1257.8,1263.96,1240.1,1242.48,514883,1235.66,1074.02,50.23,1125.92,1235.42,1312.49,1312.49,0,,
2024-06-13,1242.48,1246.66,1217.32,1219.76,442363,1237.19,1074.02,48.74,1112.26,1233.41,1312.49,1312.49,0,,
2024-06-14,1227.67,1245.72,1220.41,1230.45,309375,1238.78,1074.02,47.12,1120.24,1232.7,1312.49,1312.49,0,,
2024-06-18,1243.08,1252.03,1222.74,1230.7,422492,1240.34,1074.02,45.84,1121.25,1232.3,1312.49,1312.49,0,,
2024-06-19,1234.13,1235.87,1208.27,1228.56,428951,1241.67,1074.02,44.54,1120.74,1231.29,1312.49,1312.49,0,,
2024-06-20,1233.04,1239.3,1217.23,1226.08,230423,1242.97,1074.02,42.93,1120.21,1229.77,1312.49,1312.49,0,,
2024-06-21,1223.19,1229.16,1190.37,1193.66,772149,1243.77,1074.02,42.64,1099.49,1227.43,1312.49,1312.49,0,,
2024-06-24,1193.66,1199.67,1174.61,1180.73,387600,1244.61,1074.02,41.38,1091.99,1225.59,1312.49,1312.49,0,,
2024-06-25,1191.37,1196.29,1178.44,1182.57,197028,1245.47,1074.02,39.7,1094.3,1223.17,1312.49,1312.49,0,,
2024-06-26,1178.44,1193.36,1178.44,1189.38,226485,1246.29,1116.19,37.93,1113.93,1221.14,1312.49,1312.49,0,,
2024-06-27,1202.31,1228.71,1189.93,1194.6,485433,1247.06,1174.61,38.03,1136.7,1219.56,1312.49,1312.49,0,,
2024-06-28,1211.66,1215.88,1183.61,1198.08,1393980,1247.53,1174.61,37.62,1139.22,1217.98,1312.49,1312.49,0,,
2024-07-01,1207.68,1219.21,1195.74,1209.37,398155,1248.01,1174.61,36.61,1147.17,1216.48,1312.49,1312.49,0,,
2024-07-02,1221.85,1223.19,1202.56,1215.93,1327745,1247.99,1174.61,35.47,1152.17,1214.15,1312.49,1312.49,0,,
2024-07-03,1230.7,1230.7,1211.26,1217.23,267882,1248.01,1174.61,34.32,1153.77,1212.17,1312.49,1312.49,0,,
2024-07-04,1228.86,1244.03,1221.2,1234.83,345625,1247.89,1174.61,33.79,1165.48,1211.32,1312.49,1312.49,0,,
2024-07-05,1238.01,1248.15,1226.57,1242.73,310533,1247.92,1174.61,32.91,1171.16,1211.14,1312.49,1312.49,0,,
2024-07-08,1249.4,1250.99,1213.25,1234.93,282776,1247.94,1174.61,33.26,1165.89,1210.78,1312.49,1312.49,0,,
2024-07-09,1242.09,1242.09,1211.26,1222.05,284266,1247.88,1174.61,33.08,1157.7,1210.52,1297.73,1312.49,0,,
2024-07-10,1222.2,1242.63,1212.25,1218.37,273548,1247.71,1174.61,32.89,1155.46,1211.65,1263.96,1297.73,0,,
2024-07-11,1233.73,1240.84,1221.2,1227.87,928998,1247.59,1174.61,32.15,1162.08,1214.52,1252.03,1263.96,0,,
2024-07-12,1237.02,1237.11,1206.29,1208.92,337909,1247.53,1174.61,32.05,1149.92,1216.12,1252.03,1252.03,0,,
2024-07-15,1203.6,1251.38,1197.83,1240.15,1607736,1247.67,1178.44,33.59,1170.32,1218.04,1252.03,1252.03,0,,
2024-07-16,1233.19,1244.22,1230.15,1237.26,192602,1247.85,1178.44,32.19,1169.38,1220.08,1251.38,1252.03,0,,
2024-07-18,1238.11,1257.0,1231.74,1235.52,352833,1248.07,1183.61,31.7,1170.31,1222.63,1257.0,1251.38,0,,
2024-07-19,1237.31,1262.47,1230.15,1235.57,568202,1248.43,1183.61,31.74,1170.32,1224.54,1262.47,1257.0,0,,
2024-07-22,1233.14,1257.0,1216.23,1247.16,252363,1248.76,1195.74,32.39,1181.41,1224.89,1262.47,1262.47,0,,
2024-07-23,1248.4,1263.57,1223.19,1248.55,364007,1249.31,1197.83,32.96,1182.62,1224.62,1263.57,1262.47,0,,
2024-07-24,1248.55,1261.98,1244.77,1248.25,168360,1249.88,1197.83,31.83,1183.18,1222.97,1263.57,1263.57,0,,
2024-07-25,1241.09,1247.06,1227.07,1235.92,214356,1250.39,1197.83,31.07,1175.73,1222.59,1263.57,1263.57,0,,
2024-07-26,1233.29,1252.63,1228.66,1239.85,259064,1250.91,1197.83,30.57,1178.6,1222.5,1263.57,1263.57,0,,
2024-07-29,1244.87,1278.88,1240.1,1270.98,343375,1251.53,1197.83,31.17,1198.28,1224.21,1278.88,1263.57,1,1270.98,1198.28
2024-07-30,1278.33,1287.33,1260.88,1266.65,154762,1252.06,1197.83,30.83,1195.71,1225.42,1287.33,1278.88,0,,
2024-07-31,1273.01,1276.64,1240.35,1249.3,192254,1252.59,1197.83,31.22,1184.26,1226.04,1287.33,1287.33,0,,
2024-08-01,1257.8,1266.9,1233.19,1245.82,169893,1252.98,1197.83,31.4,1181.9,1226.61,1287.33,1287.33,0,,
2024-08-02,1249.81,1249.81,1224.32,1227.91,222713,1253.42,1197.83,30.98,1170.63,1226.67,1287.33,1287.33,0,,
2024-08-05,1220.13,1244.97,1203.91,1219.13,468478,1253.88,1197.83,31.7,1164.48,1227.52,1287.33,1287.33,0,,
2024-08-06,1236.24,1251.05,1209.2,1215.59,248463,1254.19,1203.91,32.42,1163.74,1228.68,1287.33,1287.33,0,,
2024-08-07,1227.86,1237.04,1208.15,1222.07,211849,1254.49,1203.91,32.17,1168.09,1230.0,1287.33,1287.33,0,,
2024-08-08,1221.62,1234.29,1215.14,1223.97,134795,1254.78,1203.91,31.24,1169.94,1231.15,1287.33,1287.33,0,,
2024-08-09,1230.1,1246.07,1222.17,1229.01,196980,1255.03,1203.91,30.72,1173.54,1232.3,1287.33,1287.33,0,,
2024-08-12,1205.26,1224.92,1202.57,1207.16,243249,1255.11,1202.57,30.41,1159.2,1232.6,1287.33,1287.33,0,,
2024-08-13,1207.16,1215.09,1186.21,1196.53,222819,1255.11,1186.21,30.3,1146.96,1232.17,1287.33,1287.33,0,,
2024-08-14,1197.23,1200.92,1173.24,1175.38,275293,1255.03,1173.24,30.11,1129.12,1230.82,1287.33,1287.33,0,,
2024-08-16,1194.19,1194.19,1174.33,1180.62,194335,1255.15,1173.24,29.38,1132.99,1229.6,1287.33,1287.33,0,,
2024-08-19,1194.94,1194.99,1168.25,1184.61,354726,1255.22,1168.25,29.19,1134.03,1227.93,1287.33,1287.33,0,,
2024-08-20,1191.99,1191.99,1174.58,1177.63,213373,1255.0,1168.25,28.35,1130.09,1225.76,1287.33,1287.33,0,,
2024-08-21,1187.2,1267.02,1184.41,1253.65,782820,1255.18,1168.25,32.71,1176.21,1226.38,1287.33,1287.33,0,,
2024-08-22,1262.03,1277.04,1235.14,1265.97,593482,1255.34,1168.25,33.37,1183.72,1227.85,1287.33,1287.33,0,,
2024-08-23,1267.81,1275.85,1257.04,1261.43,218702,1255.53,1168.25,32.33,1181.49,1229.28,1287.33,1287.33,0,,
2024-08-26,1271.8,1285.97,1258.29,1277.24,384779,1255.62,1168.25,32.0,1191.91,1230.93,1287.33,1287.33,0,,
2024-08-27,1278.04,1284.92,1261.03,1264.97,240527,1255.57,1168.25,31.42,1184.38,1232.79,1287.33,1287.33,0,,
2024-08-28,1270.81,1291.96,1267.46,1271.11,332938,1255.5,1168.25,31.1,1188.55,1233.83,1291.96,1287.33,0,,
2024-08-29,1280.28,1286.72,1257.09,1263.52,185827,1255.57,1168.25,31.0,1183.72,1234.7,1291.96,1291.96,0,,
2024-08-30,1268.31,1307.92,1262.08,1265.97,635369,1255.66,1168.25,32.06,1184.6,1235.72,1307.92,1291.96,0,,
2024-09-02,1275.99,1283.68,1263.42,1269.46,149455,1255.82,1168.25,31.21,1187.41,1236.85,1307.92,1307.92,0,,
2024-09-03,1271.01,1280.09,1260.88,1271.51,149350,1255.98,1168.25,30.36,1189.3,1237.66,1307.92,1307.92,0,,
2024-09-04,1249.11,1286.47,1249.11,1282.08,218490,1256.37,1168.25,30.86,1195.79,1238.78,1307.92,1307.92,0,,
2024-09-05,1284.97,1318.15,1282.28,1294.45,379609,1256.77,1168.25,31.23,1203.52,1240.32,1318.15,1307.92,0,,
2024-09-06,1294.95,1348.32,1292.11,1342.64,1063273,1257.36,1168.25,33.01,1233.41,1243.87,1348.32,1318.15,1,1342.64,1233.41
2024-09-09,1354.71,1389.68,1329.37,1373.76,1229198,1258.25,1174.58,34.96,1254.29,1248.34,1389.68,1348.32,0,,
2024-09-10,1369.37,1382.14,1339.84,1342.84,400049,1258.91,1184.41,35.49,1237.28,1250.73,1389.68,1389.68,0,,
2024-09-11,1351.62,1359.85,1319.39,1324.48,276293,1259.01,1235.14,35.84,1242.11,1252.66,1389.68,1389.68,0,,
2024-09-12,1329.87,1376.76,1329.87,1367.23,381371,1259.09,1249.11,37.02,1273.56,1256.59,1389.68,1389.68,0,,
2024-09-13,1363.79,1364.04,1300.94,1304.13,846957,1258.89,1249.11,39.11,1231.46,1258.53,1389.68,1389.68,0,,
2024-09-16,1311.06,1314.01,1287.22,1290.61,242342,1258.36,1249.11,38.23,1223.33,1260.62,1389.68,1389.68,0,,
2024-09-17,1295.95,1295.95,1272.0,1280.83,188732,1257.85,1249.11,37.21,1217.7,1262.68,1389.68,1389.68,0,,
2024-09-18,1286.87,1291.31,1260.53,1270.86,186275,1257.27,1249.11,36.75,1211.58,1264.52,1389.68,1389.68,0,,
2024-09-19,1267.02,1272.0,1227.21,1247.26,335418,1256.53,1227.21,37.32,1188.67,1265.36,1389.68,1389.68,0,,
2024-09-20,1255.84,1267.02,1236.64,1241.97,329435,1255.7,1227.21,36.83,1185.59,1265.96,1389.68,1389.68,0,,
2024-09-23,1259.58,1259.63,1216.68,1226.61,350677,1254.75,1216.68,37.26,1171.88,1265.88,1389.68,1389.68,0,,
2024-09-24,1238.78,1245.42,1211.55,1222.72,277446,1253.8,1211.55,37.02,1167.82,1266.4,1389.68,1389.68,0,,
2024-09-25,1226.36,1267.02,1223.12,1251.5,402868,1252.75,1211.55,37.54,1186.04,1268.23,1389.68,1389.68,0,,
2024-09-26,1251.95,1262.03,1217.23,1231.65,395840,1251.99,1211.55,38.06,1172.89,1270.11,1389.68,1389.68,0,,
2024-09-27,1238.08,1238.08,1198.63,1201.42,606121,1250.95,1198.63,38.16,1149.02,1270.8,1389.68,1389.68,0,,
2024-09-30,1222.12,1254.05,1205.16,1248.11,1222660,1250.31,1198.63,39.19,1178.45,1272.92,1389.68,1389.68,0,,
2024-10-01,1248.11,1253.25,1225.81,1233.99,210944,1249.53,1198.63,38.35,1169.9,1274.8,1389.68,1389.68,0,,
2024-10-03,1228.11,1236.74,1214.04,1228.16,230650,1248.75,1198.63,37.24,1166.88,1273.95,1389.68,1389.68,0,,
2024-10-04,1228.16,1229.11,1197.98,1215.84,210698,1247.77,1197.98,36.8,1159.01,1272.28,1389.68,1389.68,0,,
2024-10-07,1225.91,1241.08,1186.51,1228.26,395811,1246.79,1186.51,38.07,1162.35,1271.17,1389.68,1389.68,0,,
2024-10-08,1217.23,1231.1,1208.55,1225.31,231127,1245.67,1186.51,36.96,1161.19,1269.44,1382.14,1389.68,0,,
2024-10-09,1231.65,1235.89,1212.15,1219.38,141846,1244.64,1186.51,36.02,1157.99,1267.92,1376.76,1382.14,0,,
2024-10-10,1220.58,1234.09,1217.13,1220.87,91767,1243.73,1186.51,34.65,1159.86,1266.25,1376.76,1376.76,0,,
2024-10-11,1230.3,1233.1,1215.54,1218.33,107973,1242.96,1186.51,33.43,1159.04,1264.74,1364.04,1376.76,0,,
2024-10-14,1234.29,1273.0,1227.31,1265.82,499894,1242.8,1186.51,34.95,1188.66,1264.74,1314.01,1364.04,0,,
2024-10-15,1270.76,1274.95,1250.06,1266.82,161671,1242.58,1186.51,34.23,1189.78,1264.65,1295.95,1314.01,0,,
2024-10-16,1267.02,1294.45,1258.04,1285.32,331853,1242.88,1186.51,34.39,1201.61,1265.11,1294.45,1295.95,0,,
2024-10-17,1288.27,1292.51,1268.01,1279.99,160391,1243.43,1186.51,33.68,1198.64,1265.04,1294.45,1294.45,0,,
2024-10-18,1272.0,1287.92,1247.06,1273.9,178772,1244.1,1186.51,34.19,1194.37,1264.35,1294.45,1294.45,0,,
2024-10-21,1262.03,1283.18,1259.23,1271.9,180301,1244.12,1186.51,33.46,1193.57,1262.0,1294.45,1294.45,0,,
2024-10-22,1281.98,1286.82,1247.26,1256.79,433648,1244.24,1186.51,33.9,1183.53,1258.1,1294.45,1294.45,0,,
2024-10-23,1261.93,1263.32,1219.08,1232.95,164095,1244.59,1186.51,34.64,1167.67,1254.43,1294.45,1294.45,0,,
2024-10-24,1244.67,1250.41,1229.4,1232.55,127857,1244.62,1186.51,33.66,1168.06,1251.37,1294.45,1294.45,0,,
2024-10-25,1233.1,1243.02,1217.13,1233.79,194209,1244.6,1186.51,33.11,1169.23,1246.92,1294.45,1294.45,0,,
2024-10-28,1241.93,1257.04,1225.11,1239.13,216712,1244.51,1208.55,33.02,1180.07,1244.75,1294.45,1294.45,0,,
2024-10-29,1246.81,1251.0,1210.55,1228.71,116147,1244.59,1210.55,33.55,1173.67,1242.69,1294.45,1294.45,0,,
2024-10-30,1233.0,1251.05,1216.88,1219.68,168456,1244.78,1210.55,33.6,1167.81,1240.65,1294.45,1294.45,0,,
2024-10-31,1228.11,1281.53,1222.12,1269.81,353155,1245.12,1210.55,35.62,1198.8,1240.62,1294.45,1294.45,0,,
2024-11-01,1257.04,1257.04,1217.23,1245.27,252624,1245.25,1210.55,36.83,1182.16,1240.55,1294.45,1294.45,0,,
2024-11-04,1224.12,1232.15,1198.33,1208.35,352562,1245.0,1198.33,37.55,1153.8,1239.43,1294.45,1294.45,0,,
2024-11-05,1208.2,1208.2,1182.22,1192.69,276560,1244.54,1182.22,36.73,1138.87,1238.3,1294.45,1294.45,0,,
2024-11-06,1192.69,1250.01,1185.31,1246.66,400947,1244.34,1182.22,38.73,1172.35,1239.1,1294.45,1294.45,0,,
2024-11-07,1246.66,1273.95,1242.52,1268.06,188175,1244.2,1182.22,38.21,1186.5,1239.65,1294.45,1294.45,0,,
2024-11-08,1268.06,1294.95,1255.04,1287.92,281386,1244.21,1182.22,38.33,1199.23,1241.53,1294.95,1294.45,0,,
2024-11-11,1296.95,1315.9,1281.38,1290.51,575716,1244.26,1182.22,38.06,1201.08,1244.5,1315.9,1294.95,0,,
2024-11-12,1291.96,1316.6,1268.81,1279.84,291351,1244.24,1182.22,38.75,1193.73,1245.55,1316.6,1315.9,0,,
2024-11-13,1269.26,1273.8,1246.76,1255.84,234460,1244.09,1182.22,38.35,1178.52,1246.28,1316.6,1316.6,0,,
2024-11-14,1260.68,1282.78,1257.04,1273.45,559369,1243.79,1182.22,37.53,1190.43,1247.79,1316.6,1316.6,0,,
2024-11-18,1273.45,1294.95,1252.05,1258.19,231041,1243.44,1182.22,37.92,1180.33,1249.2,1316.6,1316.6,0,,
2024-11-19,1262.03,1272.6,1253.05,1259.03,406237,1243.13,1182.22,36.61,1181.74,1250.23,1316.6,1316.6,0,,
2024-11-21,1259.03,1263.57,1244.32,1255.99,261224,1242.96,1182.22,35.37,1180.61,1251.25,1316.6,1316.6,0,,
2024-11-22,1253.05,1286.47,1253.05,1269.21,168064,1243.01,1182.22,35.23,1189.23,1252.91,1316.6,1316.6,0,,
2024-11-25,1291.96,1291.96,1245.07,1252.75,340905,1242.89,1182.22,36.06,1178.06,1253.97,1316.6,1316.6,0,,
2024-11-26,1256.79,1273.9,1247.61,1261.13,173172,1243.09,1182.22,35.36,1183.93,1255.4,1316.6,1316.6,0,,
2024-11-27,1261.03,1266.22,1251.1,1259.68,125175,1243.25,1182.22,33.92,1183.96,1255.2,1316.6,1316.6,0,,
2024-11-28,1266.92,1268.91,1235.19,1247.51,120426,1243.24,1185.31,33.9,1177.15,1254.55,1316.6,1316.6,0,,
2024-11-29,1252.05,1271.8,1238.48,1263.72,291556,1243.37,1235.19,33.86,1204.26,1253.83,1316.6,1316.6,0,,
2024-12-02,1267.02,1271.21,1245.07,1252.75,211637,1243.35,1235.19,33.31,1197.55,1252.93,1316.6,1316.6,0,,
2024-12-03,1256.99,1279.89,1252.15,1268.31,681394,1243.41,1235.19,32.91,1207.85,1252.74,1316.6,1316.6,0,,
2024-12-04,1271.51,1321.79,1266.82,1313.41,1122731,1243.71,1235.19,34.49,1235.89,1254.12,1321.79,1316.6,0,,
2024-12-05,1313.41,1326.78,1296.95,1307.52,253820,1244.03,1235.19,34.15,1232.31,1255.81,1326.78,1321.79,0,,
2024-12-06,1311.91,1341.79,1302.03,1336.65,318417,1244.41,1235.19,34.55,1250.83,1259.27,1341.79,1326.78,1,1336.65,1250.83
2024-12-09,1340.84,1343.98,1317.7,1323.58,254611,1244.89,1235.19,33.96,1242.8,1262.3,1343.98,1341.79,0,,
2024-12-10,1326.38,1331.86,1278.19,1284.72,527959,1245.17,1235.19,35.37,1216.79,1264.0,1343.98,1343.98,0,,
2024-12-11,1284.47,1298.34,1268.01,1277.04,244916,1245.29,1235.19,35.01,1212.08,1265.27,1343.98,1343.98,0,,
2024-12-12,1272.1,1295.95,1272.1,1291.66,226574,1245.43,1235.19,34.21,1222.04,1267.36,1343.98,1343.98,0,,
2024-12-13,1291.66,1291.86,1268.36,1284.57,265707,1245.56,1235.19,33.45,1217.98,1269.53,1343.98,1343.98,0,,
2024-12-16,1292.51,1301.19,1284.97,1291.51,207302,1245.93,1235.19,32.25,1223.26,1270.25,1343.98,1343.98,0,,
2024-12-17,1296.95,1309.96,1282.08,1292.46,405438,1246.18,1235.19,31.93,1224.08,1271.82,1343.98,1343.98,0,,
2024-12-18,1286.17,1296.95,1273.4,1277.49,228436,1246.36,1235.19,31.34,1214.82,1274.13,1343.98,1343.98,0,,
2024-12-19,1259.23,1289.01,1259.23,1284.67,105076,1246.65,1238.48,31.22,1220.62,1277.19,1343.98,1343.98,0,,
2024-12-20,1286.97,1298.94,1272.5,1285.07,327093,1246.91,1245.07,30.88,1223.3,1278.47,1343.98,1343.98,0,,
2024-12-23,1296.95,1316.7,1265.87,1306.57,466760,1247.26,1252.15,32.31,1238.58,1279.76,1343.98,1343.98,0,,
2024-12-24,1311.76,1312.41,1288.17,1301.24,128312,1247.36,1259.23,31.73,1237.89,1280.2,1343.98,1343.98,0,,
2024-12-26,1310.91,1314.6,1295.95,1308.17,201685,1247.57,1259.23,30.8,1242.98,1280.79,1343.98,1343.98,0,,
2024-12-27,1311.91,1313.76,1283.73,1294.45,165791,1247.8,1259.23,30.74,1234.17,1281.28,1343.98,1343.98,0,,
2024-12-30,1303.93,1304.93,1262.03,1270.91,209844,1247.95,1259.23,31.61,1218.41,1281.78,1343.98,1343.98,0,,
2024-12-31,1271.95,1279.39,1260.03,1269.81,174868,1248.11,1259.23,30.74,1218.28,1281.66,1343.98,1343.98,0,,
2025-01-01,1267.02,1317.35,1264.12,1309.42,195346,1248.64,1259.23,32.34,1242.76,1283.37,1343.98,1343.98,0,,
2025-01-02,1314.85,1314.9,1294.95,1297.19,144659,1249.39,1259.23,31.46,1235.46,1284.64,1343.98,1343.98,0,,
2025-01-03,1305.92,1309.86,1295.15,1307.32,140283,1250.5,1259.23,30.26,1242.79,1286.35,1343.98,1343.98,0,,
2025-01-06,1311.91,1351.82,1301.48,1308.47,778395,1251.48,1259.23,31.7,1242.58,1287.66,1351.82,1343.98,0,,
2025-01-07,1314.9,1364.34,1305.92,1348.12,703099,1252.58,1259.23,33.6,1266.88,1290.84,1364.34,1351.82,0,,
2025-01-08,1376.76,1394.72,1331.91,1362.19,860204,1253.83,1259.23,35.69,1274.56,1294.21,1394.72,1364.34,0,,
2025-01-09,1346.83,1362.99,1322.68,1327.17,245833,1254.95,1259.23,36.02,1251.75,1296.46,1394.72,1394.72,0,,
2025-01-10,1336.35,1340.74,1298.34,1309.07,266928,1255.82,1260.03,36.48,1240.04,1298.51,1394.72,1394.72,0,,
2025-01-13,1294.0,1299.29,1253.6,1268.41,327624,1256.03,1253.6,37.83,1210.77,1298.66,1394.72,1394.72,0,,
2025-01-14,1272.0,1298.24,1260.88,1289.01,184526,1256.25,1253.6,37.8,1224.08,1299.87,1394.72,1394.72,0,,
2025-01-15,1301.93,1302.48,1272.0,1284.97,121005,1256.16,1253.6,37.28,1221.82,1300.43,1394.72,1394.72,0,,
2025-01-16,1286.97,1320.89,1281.98,1307.07,152949,1256.56,1253.6,37.39,1236.0,1300.22,1394.72,1394.72,0,,
2025-01-17,1307.07,1307.07,1286.42,1296.6,140473,1256.92,1253.6,36.2,1230.04,1299.85,1394.72,1394.72,0,,
2025-01-20,1306.82,1341.84,1289.61,1326.43,186833,1257.63,1253.6,37.34,1248.52,1299.51,1394.72,1394.72,0,,
2025-01-21,1327.42,1335.65,1302.58,1316.2,167742,1258.2,1253.6,37.04,1242.12,1299.27,1394.72,1394.72,0,,
2025-01-22,1321.84,1331.02,1290.51,1322.59,168365,1258.82,1253.6,37.29,1246.08,1300.53,1394.72,1394.72,0,,
2025-01-23,1321.94,1335.01,1301.98,1324.03,146338,1259.45,1253.6,36.98,1247.21,1302.09,1394.72,1394.72,0,,
2025-01-24,1327.82,1327.82,1293.2,1302.28,226782,1259.96,1253.6,36.81,1233.3,1302.45,1394.72,1394.72,0,,
2025-01-27,1302.93,1304.93,1257.54,1289.46,219595,1260.6,1253.6,37.57,1224.52,1302.61,1394.72,1394.72,0,,
2025-01-28,1294.3,1298.39,1257.04,1266.12,317282,1261.17,1253.6,37.84,1209.29,1301.77,1394.72,1394.72,0,,
2025-01-29,1272.0,1315.65,1262.23,1300.14,109382,1261.95,1253.6,38.95,1230.49,1302.02,1394.72,1394.72,0,,
2025-01-30,1311.91,1323.33,1287.77,1301.14,173124,1262.7,1253.6,38.71,1231.3,1302.81,1394.72,1394.72,0,,
2025-01-31,1299.94,1398.56,1297.0,1383.89,422712,1263.96,1253.6,43.2,1281.68,1306.12,1398.56,1394.72,0,,
2025-02-01,1375.76,1387.18,1337.85,1349.02,245968,1264.97,1257.04,43.64,1260.04,1308.25,1398.56,1398.56,0,,
2025-02-03,1352.22,1371.37,1339.05,1351.77,500896,1265.91,1257.04,42.83,1262.35,1309.76,1398.56,1398.56,0,,
2025-02-04,1356.85,1373.76,1327.92,1343.64,184487,1266.77,1257.04,43.04,1256.97,1311.17,1398.56,1398.56,0,,
2025-02-05,1331.86,1362.64,1331.86,1352.91,98827,1267.67,1257.04,42.17,1263.53,1312.66,1398.56,1398.56,0,,
2025-02-06,1361.79,1406.64,1354.61,1370.47,409065,1268.57,1257.04,42.99,1274.3,1315.19,1406.64,1398.56,0,,
2025-02-07,1392.72,1405.69,1359.35,1401.7,414783,1269.63,1257.04,43.23,1294.29,1319.55,1406.64,1406.64,0,,
2025-02-10,1412.37,1414.17,1386.73,1390.87,288828,1270.67,1257.04,42.1,1288.06,1323.59,1414.17,1406.64,0,,
2025-02-11,1366.78,1380.4,1318.05,1347.43,238658,1271.51,1257.04,44.3,1258.57,1324.86,1414.17,1414.17,0,,
2025-02-12,1358.3,1384.34,1309.12,1377.9,229812,1272.57,1257.04,46.51,1276.75,1327.55,1414.17,1414.17,0,,
2025-02-13,1390.72,1390.72,1319.89,1325.88,182193,1273.23,1257.04,48.24,1242.04,1328.16,1414.17,1414.17,0,,
2025-02-14,1325.88,1359.75,1297.89,1325.13,451066,1274.0,1257.04,49.22,1240.91,1328.72,1414.17,1414.17,0,,
2025-02-17,1331.86,1340.04,1301.68,1323.63,281704,1274.56,1262.23,48.44,1242.19,1327.9,1414.17,1414.17,0,,
2025-02-18,1316.9,1370.77,1311.91,1364.59,487048,1275.41,1287.77,49.19,1276.63,1327.98,1414.17,1414.17,0,,
2025-02-19,1364.59,1373.96,1349.22,1371.12,173327,1276.31,1297.0,47.44,1285.08,1329.45,1414.17,1414.17,0,,
2025-02-20,1376.76,1416.56,1366.78,1401.25,499339,1277.42,1297.89,47.61,1304.7,1332.52,1416.56,1414.17,0,,
2025-02-21,1414.67,1426.64,1352.22,1393.52,416914,1278.39,1297.89,49.52,1298.44,1336.69,1426.64,1416.56,0,,
2025-02-24,1392.72,1406.59,1368.78,1389.98,280014,1279.33,1297.89,48.69,1296.71,1340.06,1426.64,1426.64,0,,
2025-02-25,1389.98,1511.14,1384.24,1462.11,5068157,1280.76,1297.89,54.27,1339.51,1345.96,1511.14,1426.64,1,1462.11,1339.51
2025-02-27,1459.56,1500.47,1441.6,1487.5,1171245,1282.44,1297.89,54.6,1355.67,1351.98,1511.14,1511.14,0,,
2025-02-28,1476.52,1501.46,1421.7,1441.11,575304,1283.78,1297.89,56.4,1324.55,1356.79,1511.14,1511.14,0,,
2025-03-03,1446.59,1655.1,1446.59,1611.8,11891291,1286.05,1297.89,67.65,1427.14,1366.31,1655.1,1511.14,1,1611.8,1427.14
2025-03-04,1536.38,1688.52,1532.14,1556.18,11510013,1287.98,1297.89,73.99,1387.04,1374.31,1688.52,1655.1,0,,
2025-03-05,1550.4,1625.17,1509.05,1600.78,4514283,1290.32,1297.89,77.0,1413.8,1383.58,1688.52,1688.52,0,,
2025-03-06,1606.37,1616.14,1562.32,1575.49,1447626,1292.52,1297.89,75.35,1398.59,1391.96,1688.52,1688.52,0,,
2025-03-07,1570.3,1599.23,1552.89,1562.52,923681,1294.75,1297.89,73.27,1391.61,1400.63,1688.52,1688.52,0,,
2025-03-10,1571.4,1625.07,1569.15,1579.38,1591042,1297.15,1301.68,72.51,1404.26,1410.3,1688.52,1688.52,0,,
2025-03-11,1577.29,1591.95,1541.52,1578.88,853047,1299.58,1311.91,70.93,1408.39,1420.72,1688.52,1688.52,0,,
2025-03-12,1591.25,1613.2,1535.93,1569.5,952942,1301.89,1349.22,71.38,1414.48,1429.7,1688.52,1688.52,0,,
2025-03-13,1588.46,1589.86,1529.4,1538.53,444105,1303.99,1352.22,70.6,1396.02,1437.62,1688.52,1688.52,0,,
2025-03-17,1517.43,1593.1,1517.43,1574.44,634761,1306.29,1352.22,70.96,1418.94,1443.97,1688.52,1688.52,0,,
2025-03-18,1574.44,1574.44,1574.44,1574.44,0,1308.74,1368.78,65.9,1427.84,1451.48,1688.52,1688.52,0,,
2025-03-19,1613.25,1650.11,1609.66,1641.08,609382,1311.7,1384.24,66.59,1475.51,1461.13,1688.52,1688.52,0,,
2025-03-20,1651.11,1714.96,1636.7,1681.79,1022717,1315.08,1421.7,67.43,1513.7,1472.4,1714.96,1688.52,0,,
2025-03-21,1680.84,1690.52,1649.42,1659.89,558062,1318.28,1421.7,65.55,1500.83,1482.63,1714.96,1714.96,0,,
2025-03-24,1661.09,1720.3,1658.29,1668.12,733198,1321.5,1446.59,65.29,1514.6,1492.55,1720.3,1714.96,0,,
2025-03-25,1675.06,1687.92,1631.16,1643.33,452221,1324.6,1509.05,64.68,1519.84,1500.61,1720.3,1720.3,0,,
2025-03-26,1641.38,1663.53,1620.58,1626.02,252881,1327.09,1509.05,63.13,1509.71,1508.44,1720.3,1720.3,0,,
2025-03-27,1633.95,1705.98,1623.83,1669.47,1290413,1329.78,1517.43,64.49,1539.62,1519.18,1720.3,1720.3,0,,
2025-03-28,1669.62,1696.01,1655.25,1688.07,402440,1332.62,1517.43,62.8,1552.75,1529.52,1720.3,1720.3,0,,
2025-04-01,1689.87,1710.97,1667.17,1672.86,372462,1335.26,1517.43,61.44,1543.85,1541.08,1720.3,1720.3,0,,
2025-04-02,1673.06,1693.01,1648.92,1683.29,264558,1338.05,1517.43,60.2,1551.4,1553.02,1720.3,1720.3,0,,
2025-04-03,1663.83,1688.32,1634.15,1659.54,356561,1340.64,1517.43,59.77,1536.37,1564.22,1720.3,1720.3,0,,
2025-04-04,1667.62,1682.49,1637.14,1673.51,616718,1343.37,1517.43,58.74,1546.06,1574.52,1720.3,1720.3,0,,
2025-04-07,1476.52,1651.11,1447.64,1639.64,872344,1345.86,1447.64,70.68,1493.0,1583.47,1720.3,1720.3,0,,
2025-04-08,1655.2,1705.98,1644.38,1677.5,625789,1348.58,1447.64,70.37,1517.62,1592.68,1720.3,1720.3,0,,
2025-04-09,1671.06,1753.87,1654.25,1685.53,1709318,1351.34,1447.64,72.46,1521.41,1602.41,1753.87,1720.3,0,,
2025-04-11,1725.94,1734.32,1662.09,1695.96,650989,1354.1,1447.64,72.44,1528.15,1612.61,1753.87,1753.87,0,,
2025-04-15,1714.26,1780.21,1703.99,1731.52,914908,1357.01,1447.64,73.28,1550.52,1621.59,1780.21,1753.87,0,,
2025-04-16,1737.11,1828.69,1732.02,1789.09,1471435,1359.99,1447.64,74.99,1586.52,1631.64,1828.69,1780.21,1,1789.09,1586.52
2025-04-17,1805.75,1856.63,1795.77,1850.04,1248178,1363.17,1447.64,74.46,1626.18,1645.27,1856.63,1828.69,0,,
2025-04-21,1858.22,1867.2,1808.04,1819.32,582098,1366.34,1447.64,73.37,1607.1,1652.19,1867.2,1856.63,0,,
2025-04-22,1825.7,1848.45,1807.44,1831.09,430369,1369.72,1447.64,71.05,1616.23,1661.35,1867.2,1867.2,0,,
2025-04-23,1835.88,1846.65,1788.59,1796.37,367621,1372.58,1447.64,70.13,1594.45,1667.87,1867.2,1867.2,0,,
2025-04-24,1804.75,1810.74,1779.81,1792.58,264170,1375.84,1447.64,67.33,1593.88,1675.11,1867.2,1867.2,0,,
2025-04-25,1792.68,1801.36,1745.89,1783.8,344206,1379.13,1447.64,66.48,1588.78,1682.49,1867.2,1867.2,0,,
2025-04-28,1775.82,1829.89,1775.22,1793.97,372475,1382.55,1447.64,65.64,1595.9,1689.64,1867.2,1867.2,0,,
2025-04-29,1807.74,1810.84,1766.44,1771.63,294111,1385.88,1447.64,64.12,1582.5,1696.06,1867.2,1867.2,0,,
2025-04-30,1761.65,1795.77,1740.5,1756.36,314492,1389.28,1447.64,63.49,1573.07,1702.29,1867.2,1867.2,0,,
2025-05-02,1765.84,1789.29,1724.04,1755.07,211867,1392.7,1644.38,63.61,1637.74,1709.51,1867.2,1867.2,0,,
2025-05-05,1765.84,1793.38,1756.76,1775.22,252388,1396.36,1654.25,61.81,1655.23,1716.2,1867.2,1867.2,0,,
2025-05-06,1780.81,1853.63,1772.63,1791.28,1541634,1400.15,1662.09,63.18,1667.29,1723.43,1867.2,1867.2,0,,
2025-05-07,1771.83,1830.49,1760.85,1817.52,355712,1403.92,1703.99,63.64,1697.87,1729.31,1867.2,1867.2,0,,
2025-05-08,1820.71,1843.36,1766.84,1785.49,355571,1407.61,1724.04,64.56,1683.28,1732.77,1867.2,1867.2,0,,
2025-05-09,1748.08,1784.7,1735.91,1774.92,238345,1411.44,1724.04,63.49,1677.18,1736.6,1867.2,1867.2,0,,
2025-05-12,1824.7,1830.99,1768.93,1776.72,315516,1414.96,1724.04,63.39,1678.41,1740.22,1867.2,1867.2,0,,
2025-05-13,1785.79,1790.78,1748.88,1771.03,195295,1418.54,1724.04,61.85,1675.76,1744.48,1867.2,1867.2,0,,
2025-05-14,1789.59,1806.35,1771.93,1775.12,225082,1422.19,1724.04,59.96,1679.66,1749.45,1867.2,1867.2,0,,
2025-05-15,1775.82,1800.76,1760.95,1786.49,184775,1425.99,1724.04,58.52,1687.95,1753.35,1867.2,1867.2,0,,
2025-05-16,1800.76,1819.02,1758.86,1770.43,258767,1429.61,1724.04,58.63,1677.52,1756.1,1867.2,1867.2,0,,
2025-05-19,1767.14,1770.13,1713.96,1748.28,377578,1433.09,1713.96,58.48,1659.97,1758.61,1867.2,1867.2,0,,
2025-05-20,1755.86,1765.74,1717.06,1723.44,183126,1436.45,1713.96,57.78,1644.42,1759.95,1853.63,1867.2,0,,
2025-05-21,1728.13,1755.86,1726.03,1737.61,246070,1439.9,1713.96,55.97,1654.77,1762.55,1853.63,1853.63,0,,
2025-05-22,1738.41,1756.26,1698.0,1718.65,246130,1443.23,1698.0,56.13,1637.11,1764.06,1853.63,1853.63,0,,
2025-05-23,1707.98,1745.19,1704.98,1720.35,196219,1446.26,1698.0,55.0,1638.96,1766.75,1853.63,1853.63,0,,
2025-05-26,1735.91,1865.51,1735.91,1772.72,3025773,1449.64,1698.0,61.44,1668.45,1769.92,1865.51,1853.63,0,,
2025-05-27,1777.41,1791.18,1730.92,1738.51,554284,1452.66,1698.0,61.35,1646.44,1771.69,1865.51,1865.51,0,,
2025-05-28,1740.9,1745.29,1706.98,1720.25,303976,1455.59,1698.0,59.71,1635.76,1772.5,1865.51,1865.51,0,,
2025-05-29,1720.25,1783.8,1711.57,1760.65,516501,1458.84,1698.0,60.6,1661.22,1773.47,1865.51,1865.51,0,,
2025-05-30,1760.55,1770.63,1730.82,1739.8,276768,1461.96,1698.0,59.12,1648.76,1771.82,1865.51,1865.51,0,,
2025-06-02,1740.9,1755.37,1726.73,1742.0,195596,1465.19,1698.0,56.94,1651.63,1768.22,1865.51,1865.51,0,,
2025-06-03,1752.37,1795.77,1739.5,1748.68,440134,1468.63,1698.0,56.89,1655.97,1765.87,1865.51,1865.51,0,,
2025-06-04,1751.87,1771.83,1718.25,1735.81,180287,1471.98,1698.0,56.65,1647.83,1762.69,1865.51,1865.51,0,,
2025-06-05,1739.8,1750.88,1729.93,1739.3,174083,1475.35,1698.0,54.1,1651.78,1760.79,1865.51,1865.51,0,,
2025-06-06,1745.69,1754.77,1726.33,1746.59,187771,1478.74,1698.0,52.27,1657.7,1759.26,1865.51,1865.51,0,,
2025-06-09,1762.85,1790.78,1748.78,1787.29,245607,1482.46,1698.0,51.69,1684.34,1759.37,1865.51,1865.51,0,,
2025-06-10,1796.17,1817.72,1787.29,1809.64,268613,1486.39,1698.0,50.17,1699.77,1759.9,1865.51,1865.51,0,,
2025-06-11,1822.21,1840.66,1809.74,1830.99,246027,1490.14,1698.0,48.81,1714.45,1761.87,1865.51,1865.51,0,,
2025-06-12,1831.19,1862.21,1799.76,1820.11,254600,1493.97,1704.98,49.78,1709.11,1764.0,1865.51,1865.51,0,,
2025-06-13,1791.98,1926.46,1784.1,1908.51,1673692,1498.64,1706.98,56.39,1762.39,1769.11,1926.46,1865.51,1,1908.51,1762.39
2025-06-16,1919.48,1952.4,1869.7,1929.56,807616,1503.55,1706.98,58.27,1774.71,1774.26,1952.4,1926.46,0,,
2025-06-17,1935.34,1946.52,1890.55,1898.63,442302,1507.89,1706.98,58.11,1754.87,1777.84,1952.4,1952.4,0,,
2025-06-18,1892.64,1941.43,1877.58,1899.43,315843,1512.1,1711.57,58.52,1756.64,1780.57,1952.4,1952.4,0,,
2025-06-19,1900.22,1923.47,1858.72,1869.4,254987,1515.98,1718.25,58.96,1739.2,1783.36,1952.4,1952.4,0,,
2025-06-20,1877.58,1920.48,1852.34,1898.93,422945,1520.04,1718.25,59.62,1757.81,1787.5,1952.4,1952.4,0,,
2025-06-23,1900.42,1992.01,1897.63,1980.64,914330,1524.71,1718.25,62.1,1808.86,1794.29,1992.01,1952.4,1,1980.64,1808.86
2025-06-24,1983.33,1991.81,1944.82,1984.43,372184,1529.57,1718.25,61.02,1812.03,1801.41,1992.01,1992.01,0,,
2025-06-25,1985.32,2093.77,1980.54,2053.86,666043,1534.77,1726.33,64.75,1857.02,1810.7,2093.77,1992.01,1,2053.86,1857.02
2025-06-26,2083.59,2140.86,2040.59,2068.43,1143820,1540.17,1726.33,67.29,1864.72,1820.1,2140.86,2093.77,0,,
2025-06-27,2074.12,2364.63,2017.45,2257.88,1922178,1546.83,1748.78,87.28,1981.07,1836.35,2364.63,2140.86,1,2257.88,1981.07
2025-06-30,2219.77,2219.77,2107.84,2165.3,1210580,1552.89,1784.1,91.76,1930.14,1850.25,2364.63,2364.63,0,,
2025-07-01,2174.88,2196.13,2071.32,2089.08,766832,1558.36,1784.1,94.12,1879.41,1862.43,2364.63,2364.63,0,,
2025-07-02,2089.98,2091.08,1968.76,1976.74,895485,1563.18,1784.1,96.14,1805.61,1870.41,2364.63,2364.63,0,,
2025-07-03,1984.53,2079.1,1984.53,2001.19,2212509,1568.12,1784.1,96.58,1821.08,1879.82,2364.63,2364.63,0,,
2025-07-04,2012.56,2015.25,1978.34,2006.67,427579,1573.1,1852.34,92.32,1850.2,1889.37,2364.63,2364.63,0,,
2025-07-07,2007.87,2013.16,1978.44,1985.62,212180,1578.02,1852.34,88.21,1839.37,1896.46,2364.63,2364.63,0,,
2025-07-08,1985.32,1990.31,1956.39,1960.28,243075,1582.66,1852.34,84.33,1825.61,1903.86,2364.63,2364.63,0,,
2025-07-09,1970.36,1989.22,1952.4,1964.57,300295,1587.41,1852.34,80.93,1830.64,1912.0,2364.63,2364.63,0,,
2025-07-10,1977.34,1980.24,1952.3,1965.47,209535,1592.05,1852.34,77.15,1833.74,1918.83,2364.63,2364.63,0,,
2025-07-11,1974.95,2023.23,1965.47,2002.28,462829,1596.65,1897.63,75.76,1873.5,1927.58,2364.63,2364.63,0,,
2025-07-14,2015.75,2040.2,1997.3,2015.05,406980,1601.36,1944.82,73.42,1899.04,1936.68,2364.63,2364.63,0,,
2025-07-15,2022.14,2027.23,1967.87,1979.84,315268,1605.65,1952.3,72.41,1879.49,1944.38,2364.63,2364.63,0,,
2025-07-16,1980.34,1986.12,1940.43,1946.72,309312,1609.81,1940.43,70.5,1855.44,1951.41,2364.63,2364.63,0,,
2025-07-17,1946.72,1984.33,1946.72,1956.69,272551,1614.29,1940.43,68.15,1863.44,1958.66,2364.63,2364.63,0,,
2025-07-18,1960.58,1965.17,1925.76,1947.21,231671,1618.75,1925.76,66.1,1853.8,1965.35,2364.63,2364.63,0,,
2025-07-21,1947.21,1964.07,1905.81,1911.3,367874,1622.88,1905.81,65.54,1824.36,1969.48,2364.63,2364.63,0,,
2025-07-22,1920.38,1987.32,1919.88,1980.83,567165,1627.53,1905.81,66.29,1868.71,1975.19,2364.63,2364.63,0,,
2025-07-23,1990.51,2000.29,1979.24,1989.22,223181,1632.18,1905.81,63.06,1876.28,1980.46,2364.63,2364.63,0,,
2025-07-24,1993.31,2010.07,1965.97,1975.95,296144,1636.73,1905.81,61.7,1868.62,1985.66,2364.63,2364.63,0,,
2025-07-25,1965.57,1996.8,1958.09,1986.92,220427,1641.46,1905.81,60.06,1876.79,1988.27,2219.77,2364.63,0,,
2025-07-28,1970.36,2009.07,1967.07,1986.62,282263,1646.14,1905.81,58.77,1877.46,1990.17,2196.13,2219.77,0,,
2025-07-29,1971.76,1996.3,1960.48,1977.94,208843,1650.76,1905.81,57.13,1872.95,1992.82,2091.08,2196.13,0,,
2025-07-30,1979.74,1990.31,1930.45,1933.25,180947,1654.94,1905.81,57.33,1844.0,1993.94,2079.1,2091.08,0,,
2025-07-31,1919.48,1978.34,1905.31,1910.7,408346,1659.0,1905.31,58.45,1828.54,1995.32,2040.2,2079.1,0,,
2025-08-01,1915.2,1963.7,1911.2,1945.5,272815,1663.25,1905.31,58.06,1851.24,1996.87,2040.2,2040.2,0,,
2025-08-04,1915.5,1924.5,1790.1,1829.7,1255491,1666.82,1790.1,65.01,1733.51,1991.84,2040.2,2040.2,0,,
2025-08-05,1842.9,1850.3,1801.5,1807.5,339817,1670.4,1790.1,63.85,1719.97,1985.94,2040.2,2040.2,0,,
2025-08-06,1808.4,1830.0,1762.3,1768.6,490147,1673.72,1762.3,64.13,1685.43,1976.44,2040.2,2040.2,0,,
2025-08-07,1750.0,1788.1,1736.6,1777.8,559734,1676.85,1736.6,63.23,1683.4,1966.75,2040.2,2040.2,0,,
2025-08-08,1779.0,1779.4,1726.0,1737.2,390580,1679.78,1726.0,62.53,1654.14,1949.39,2040.2,2040.2,0,,
2025-08-11,1727.0,1773.0,1700.0,1765.6,461022,1682.83,1700.0,63.27,1663.3,1936.07,2027.23,2040.2,0,,
2025-08-12,1774.3,1832.5,1773.8,1811.8,316793,1686.19,1700.0,63.53,1692.92,1926.83,2010.07,2027.23,0,,
2025-08-13,1820.0,1840.0,1799.4,1830.9,273295,1689.41,1700.0,61.89,1706.33,1921.96,2010.07,2010.07,0,,
2025-08-14,1839.0,1840.0,1801.4,1812.0,202572,1692.41,1700.0,60.23,1695.25,1915.66,2010.07,2010.07,0,,
2025-08-18,1812.0,1847.1,1803.1,1834.1,288049,1695.79,1700.0,59.07,1710.28,1909.91,2010.07,2010.07,0,,
2025-08-19,1843.0,1854.0,1822.5,1847.1,242090,1699.37,1700.0,57.1,1719.98,1905.29,2010.07,2010.07,0,,
2025-08-20,1847.0,1853.0,1830.0,1839.1,172817,1703.18,1700.0,54.67,1716.44,1901.25,2010.07,2010.07,0,,
2025-08-21,1848.0,1855.0,1824.0,1847.9,153041,1706.9,1700.0,52.98,1723.25,1897.36,2010.07,2010.07,0,,
2025-08-22,1847.9,1848.9,1810.0,1813.7,137698,1710.43,1700.0,51.97,1701.86,1892.3,2009.07,2010.07,0,,
2025-08-25,1822.7,1853.0,1821.0,1845.8,194397,1714.02,1700.0,51.07,1723.16,1887.08,2009.07,2009.07,0,,
2025-08-26,1845.0,1849.0,1772.0,1777.2,312063,1717.22,1700.0,52.92,1677.68,1879.16,1996.3,2009.07,0,,
2025-08-28,1784.9,1787.7,1748.3,1754.0,216906,1720.08,1700.0,51.95,1663.36,1871.63,1990.31,1996.3,0,,
2025-08-29,1749.0,1779.1,1741.2,1753.8,185646,1722.99,1700.0,50.95,1663.9,1865.2,1978.34,1990.31,0,,
2025-09-01,1754.0,1795.2,1740.6,1785.2,202102,1726.08,1700.0,51.21,1683.98,1859.48,1963.7,1978.34,0,,
2025-09-02,1785.4,1793.9,1762.8,1766.3,153094,1729.03,1700.0,49.77,1672.75,1853.45,1924.5,1963.7,0,,
2025-09-03,1774.8,1820.0,1757.0,1809.2,284953,1732.4,1740.6,50.72,1713.32,1850.05,1855.0,1924.5,0,,
2025-09-04,1819.6,1844.0,1790.3,1837.5,274481,1736.06,1740.6,50.93,1731.43,1845.27,1855.0,1855.0,0,,
2025-09-05,1829.0,1837.1,1781.1,1785.6,353412,1739.52,1740.6,51.32,1697.7,1838.48,1855.0,1855.0,0,,
2025-09-08,1795.2,1798.9,1757.0,1784.7,282442,1742.75,1740.6,50.65,1697.57,1832.11,1855.0,1855.0,0,,
2025-09-09,1784.7,1792.1,1739.0,1745.3,259623,1745.71,1739.0,50.82,1671.5,1824.05,1855.0,1855.0,0,,
2025-09-10,1760.0,1789.2,1754.0,1782.4,223887,1748.37,1739.0,50.33,1695.76,1817.25,1855.0,1855.0,0,,
2025-09-11,1780.0,1784.1,1726.1,1738.4,415354,1750.97,1726.1,50.88,1662.72,1809.26,1855.0,1855.0,0,,
2025-09-12,1749.9,1775.7,1741.0,1764.3,219410,1753.72,1726.1,49.91,1680.07,1803.63,1855.0,1855.0,0,,
2025-09-15,1755.5,1786.8,1752.1,1772.8,180914,1756.58,1726.1,48.82,1686.28,1799.03,1855.0,1855.0,0,,
2025-09-16,1772.8,1798.9,1771.2,1785.5,208138,1759.46,1726.1,47.31,1695.47,1793.7,1855.0,1855.0,0,,
2025-09-17,1793.0,1834.8,1783.4,1807.1,352317,1762.37,1726.1,47.6,1709.21,1792.95,1855.0,1855.0,0,,
2025-09-18,1810.0,1814.0,1779.7,1787.8,141857,1764.95,1726.1,46.65,1697.4,1792.29,1855.0,1855.0,0,,
2025-09-19,1794.5,1798.2,1752.0,1772.8,1192184,1767.49,1726.1,46.62,1687.74,1792.43,1853.0,1855.0,0,,
2025-09-22,1777.9,1778.0,1731.0,1739.3,220456,1770.1,1726.1,46.65,1666.12,1791.15,1853.0,1853.0,0,,
2025-09-23,1747.5,1758.8,1726.1,1733.2,181344,1772.47,1726.1,45.65,1662.85,1791.01,1849.0,1853.0,0,,
2025-09-24,1741.8,1742.5,1714.9,1721.2,241402,1775.11,1714.9,44.36,1652.23,1789.53,1844.0,1849.0,0,,
2025-09-25,1729.5,1736.0,1715.0,1720.4,156942,1777.74,1714.9,42.69,1652.83,1786.49,1844.0,1844.0,0,,
2025-09-26,1727.8,1730.9,1692.5,1725.0,234625,1780.42,1692.5,42.39,1648.53,1782.96,1844.0,1844.0,0,,
2025-09-29,1740.0,1785.0,1721.3,1772.8,401359,1783.14,1692.5,43.91,1678.35,1781.65,1844.0,1844.0,0,,
2025-09-30,1780.0,1789.9,1732.8,1737.6,246775,1785.58,1692.5,44.85,1655.02,1778.43,1844.0,1844.0,0,,
2025-10-01,1730.0,1760.7,1715.0,1731.5,271139,1787.79,1692.5,44.91,1651.04,1774.58,1844.0,1844.0,0,,
2025-10-03,1741.9,1803.0,1737.9,1753.0,477609,1790.18,1692.5,46.81,1663.64,1771.71,1837.1,1844.0,0,,
2025-10-06,1759.2,1852.0,1731.0,1789.4,1659235,1792.84,1692.5,52.11,1683.59,1769.76,1852.0,1837.1,0,,
2025-10-07,1790.3,1825.0,1765.0,1781.4,492281,1794.97,1692.5,52.67,1678.05,1768.68,1852.0,1852.0,0,,
2025-10-08,1790.3,1793.0,1765.2,1779.9,422084,1796.92,1692.5,50.9,1678.27,1766.49,1852.0,1852.0,0,,
2025-10-09,1793.0,1793.0,1751.1,1774.4,242113,1799.14,1692.5,50.25,1675.15,1766.39,1852.0,1852.0,0,,
2025-10-10,1782.9,1790.0,1762.3,1769.9,209660,1800.2,1692.5,48.64,1673.32,1766.92,1852.0,1852.0,0,,
2025-10-13,1769.8,1778.0,1745.1,1759.0,196429,1801.55,1692.5,47.52,1667.04,1767.1,1852.0,1852.0,0,,
2025-10-14,1755.2,1764.0,1732.8,1743.8,275902,1802.5,1692.5,46.35,1658.02,1765.72,1852.0,1852.0,0,,
2025-10-15,1752.5,1767.9,1743.0,1748.6,209890,1803.66,1692.5,44.82,1662.13,1765.13,1852.0,1852.0,0,,
2025-10-16,1755.0,1775.0,1751.1,1764.7,173114,1805.01,1692.5,43.51,1673.39,1763.64,1852.0,1852.0,0,,
2025-10-17,1772.0,1787.1,1750.2,1755.4,296678,1806.18,1692.5,43.03,1667.71,1760.91,1852.0,1852.0,0,,
2025-10-20,1764.1,1780.0,1756.0,1761.9,218113,1807.4,1715.0,41.72,1680.28,1760.12,1852.0,1852.0,0,,
2025-10-21,1775.0,1786.0,1774.1,1780.2,42705,1808.8,1715.0,40.46,1692.92,1759.97,1852.0,1852.0,0,,
2025-10-23,1781.0,1786.0,1750.1,1759.8,210665,1810.28,1715.0,40.13,1679.98,1760.45,1852.0,1852.0,0,,
2025-10-24,1768.0,1768.0,1727.1,1734.9,212763,1811.35,1727.1,40.19,1667.92,1758.87,1852.0,1852.0,0,,
2025-10-27,1734.8,1755.0,1725.4,1749.3,203819,1812.52,1725.4,39.43,1677.14,1759.23,1852.0,1852.0,0,,
2025-10-28,1750.1,1783.0,1750.1,1776.0,202256,1813.41,1725.4,39.02,1694.64,1759.62,1852.0,1852.0,0,,
2025-10-29,1775.2,1807.7,1771.2,1799.9,193285,1814.2,1725.4,38.84,1710.17,1760.52,1852.0,1852.0,0,,
2025-10-30,1799.9,1805.4,1778.4,1794.9,148237,1815.1,1725.4,38.0,1707.51,1760.84,1852.0,1852.0,0,,
2025-10-31,1809.0,1816.1,1732.0,1757.4,621379,1815.7,1725.4,41.29,1681.13,1759.18,1852.0,1852.0,0,,
2025-11-03,1768.0,1797.0,1746.4,1785.0,301933,1816.64,1725.4,41.95,1698.49,1759.09,1852.0,1852.0,0,,
2025-11-04,1792.0,1862.9,1783.0,1830.3,925703,1818.0,1725.4,44.66,1725.9,1761.0,1862.9,1852.0,0,,
2025-11-06,1843.7,1843.7,1809.6,1819.9,318645,1819.01,1725.4,43.91,1719.7,1763.69,1862.9,1862.9,0,,
2025-11-07,1820.0,1823.4,1777.8,1810.4,190620,1819.82,1725.4,44.03,1713.49,1766.26,1862.9,1862.9,0,,
2025-11-10,1817.9,1834.0,1794.6,1812.3,206573,1820.75,1725.4,43.7,1714.93,1769.3,1862.9,1862.9,0,,
2025-11-11,1816.0,1816.0,1746.6,1758.8,441446,1821.26,1725.4,45.54,1679.2,1770.58,1862.9,1862.9,0,,
2025-11-12,1768.0,1787.3,1735.0,1759.2,539086,1821.92,1725.4,46.02,1679.14,1771.72,1862.9,1862.9,0,,
2025-11-13,1763.9,1799.0,1756.9,1777.1,329567,1822.61,1725.4,45.74,1690.87,1771.86,1862.9,1862.9,0,,
2025-11-14,1779.0,1783.0,1745.2,1753.5,172634,1823.37,1725.4,45.17,1676.03,1772.39,1862.9,1862.9,0,,
2025-11-17,1835.0,2093.3,1829.3,2008.2,13331752,1825.57,1725.4,66.22,1826.28,1781.62,2093.3,1862.9,1,2008.2,1826.28
2025-11-18,2008.0,2048.7,1935.8,1951.7,4611999,1827.35,1732.0,69.55,1789.81,1788.24,2093.3,2093.3,0,,
2025-11-19,1950.0,2030.0,1922.7,1991.2,2948398,1829.32,1732.0,72.25,1813.49,1794.97,2093.3,2093.3,0,,
2025-11-20,1995.0,2044.0,1995.0,2017.0,1192447,1831.22,1732.0,70.86,1831.06,1802.82,2093.3,2093.3,0,,
2025-11-21,2007.0,2068.0,1982.7,2043.2,1140449,1832.91,1732.0,71.89,1847.27,1811.6,2093.3,2093.3,0,,
2025-11-24,2043.5,2061.9,1967.0,1975.8,846322,1833.75,1735.0,73.53,1803.7,1818.31,2093.3,2093.3,0,,
2025-11-25,1980.8,1995.0,1934.6,1957.3,1897297,1834.67,1735.0,72.6,1792.39,1824.56,2093.3,2093.3,0,,
2025-11-26,1961.1,1987.5,1946.3,1967.1,372667,1835.58,1735.0,70.35,1800.21,1831.49,2093.3,2093.3,0,,
2025-11-27,1986.5,2006.0,1943.0,1951.2,394214,1836.61,1735.0,69.83,1790.31,1838.41,2093.3,2093.3,0,,
2025-11-28,1958.2,1966.3,1931.8,1945.5,292348,1837.63,1735.0,67.3,1788.31,1844.97,2093.3,2093.3,0,,
2025-12-01,1965.7,1975.0,1905.0,1910.6,421845,1838.48,1735.0,67.5,1765.67,1849.83,2093.3,2093.3,0,,
2025-12-02,1920.0,1935.0,1898.1,1910.3,340189,1839.25,1735.0,65.31,1766.94,1855.0,2093.3,2093.3,0,,
2025-12-03,1916.0,1965.4,1893.0,1955.2,766632,1840.48,1745.2,65.82,1798.96,1861.44,2093.3,2093.3,0,,
2025-12-04,1955.2,1960.2,1927.1,1937.6,347289,1841.68,1745.2,63.48,1789.16,1866.69,2093.3,2093.3,0,,
2025-12-05,1937.6,1961.0,1910.0,1916.9,270066,1842.76,1829.3,62.59,1804.44,1871.92,2093.3,2093.3,0,,
2025-12-08,1915.0,1948.2,1880.0,1924.6,424265,1843.76,1880.0,62.99,1826.04,1878.25,2093.3,2093.3,0,,
2025-12-09,1925.0,1929.0,1875.3,1889.3,458431,1844.41,1875.3,62.33,1802.15,1882.91,2093.3,2093.3,0,,
2025-12-10,1890.0,1897.6,1850.0,1857.6,243536,1844.68,1850.0,61.27,1773.97,1885.63,2093.3,2093.3,0,,
2025-12-11,1866.7,1904.8,1853.5,1884.9,246976,1845.34,1850.0,60.56,1792.05,1888.47,2093.3,2093.3,0,,
2025-12-12,1894.9,1894.9,1865.8,1870.2,168262,1845.98,1850.0,58.31,1784.07,1890.98,2093.3,2093.3,0,,
2025-12-15,1863.0,1908.0,1845.4,1900.2,253852,1846.8,1845.4,58.62,1801.68,1895.74,2068.0,2093.3,0,,
2025-12-16,1898.4,1932.0,1880.8,1892.9,311367,1847.61,1845.4,58.09,1797.33,1899.33,2068.0,2068.0,0,,
2025-12-17,1892.2,1893.9,1854.1,1874.6,203584,1848.28,1845.4,56.78,1786.39,1900.81,2068.0,2068.0,0,,
2025-12-18,1875.5,1882.9,1823.7,1837.0,260271,1848.61,1823.7,56.96,1754.79,1901.38,2068.0,2068.0,0,,
2025-12-19,1846.1,1946.0,1839.7,1898.6,646192,1849.47,1823.7,60.67,1792.05,1904.32,2061.9,2068.0,0,,
2025-12-22,1900.2,1914.8,1882.5,1896.6,150198,1850.46,1823.7,58.65,1792.11,1907.13,2006.0,2061.9,0,,
2025-12-23,1888.0,1899.9,1868.8,1876.6,113243,1851.48,1823.7,56.68,1780.52,1911.06,2006.0,2006.0,0,,
2025-12-24,1870.0,1884.7,1865.6,1876.2,118927,1852.4,1823.7,54.0,1782.05,1914.96,2006.0,2006.0,0,,
2025-12-26,1885.0,1886.8,1855.1,1859.5,130093,1853.34,1823.7,52.4,1772.34,1917.7,1975.0,2006.0,0,,
2025-12-29,1859.5,1876.5,1847.2,1858.7,116005,1854.26,1823.7,50.75,1772.93,1921.21,1975.0,1975.0,0,,
2025-12-30,1866.0,1874.9,1803.0,1829.9,692196,1854.64,1803.0,52.26,1746.44,1915.27,1965.4,1975.0,0,,
2025-12-31,1839.7,1902.0,1825.4,1892.0,404432,1855.67,1803.0,54.0,1785.34,1913.28,1965.4,1965.4,0,,
2026-01-01,1880.0,1940.0,1855.0,1934.4,555904,1857.09,1803.0,56.22,1811.21,1911.38,1961.0,1965.4,0,,
2026-01-02,1934.8,1938.3,1910.6,1921.1,257083,1858.16,1803.0,54.18,1803.99,1908.19,1961.0,1961.0,0,,
2026-01-05,1930.0,1938.7,1888.1,1901.2,975191,1859.24,1803.0,53.92,1791.33,1903.45,1948.2,1961.0,0,,
2026-01-06,1915.0,1944.8,1902.0,1936.4,584369,1860.54,1803.0,53.19,1814.52,1902.14,1946.0,1948.2,0,,
2026-01-07,1941.0,1953.2,1914.0,1920.5,192372,1861.68,1803.0,52.19,1804.93,1900.91,1953.2,1946.0,0,,
2026-01-08,1920.5,1941.4,1890.1,1910.9,291028,1862.85,1803.0,52.12,1798.78,1899.04,1953.2,1953.2,0,,
2026-01-09,1919.0,1930.7,1882.8,1897.1,255446,1863.9,1803.0,51.82,1790.08,1897.24,1953.2,1953.2,0,,
2026-01-12,1895.0,1897.1,1850.3,1872.7,276975,1864.74,1803.0,51.46,1774.58,1894.81,1953.2,1953.2,0,,
2026-01-13,1876.9,1902.0,1866.7,1887.7,146804,1865.41,1803.0,50.31,1785.03,1894.05,1953.2,1953.2,0,,
2026-01-14,1875.0,1950.0,1872.9,1946.1,417229,1866.32,1803.0,52.22,1821.42,1895.24,1953.2,1953.2,0,,
2026-01-15,1946.1,1946.1,1946.1,1946.1,0,1867.09,1803.0,48.49,1823.91,1894.94,1953.2,1953.2,0,,
2026-01-16,1946.0,1948.5,1908.3,1916.8,170366,1867.73,1803.0,47.9,1805.4,1894.24,1953.2,1953.2,0,,
2026-01-19,1902.3,1913.5,1855.0,1862.1,201529,1867.42,1803.0,48.89,1769.46,1892.42,1953.2,1953.2,0,,
2026-01-20,1860.0,1862.0,1807.0,1819.4,231650,1866.69,1807.0,49.34,1742.96,1888.91,1953.2,1953.2,0,,
2026-01-21,1810.3,1822.3,1757.0,1814.0,287311,1866.12,1757.0,50.48,1722.05,1886.4,1953.2,1953.2,0,,
2026-01-22,1829.9,1833.6,1757.0,1775.3,313984,1865.3,1757.0,52.34,1695.84,1883.66,1953.2,1953.2,0,,
2026-01-23,1783.4,1817.0,1736.6,1746.7,342904,1864.48,1736.6,54.35,1669.26,1879.05,1953.2,1953.2,0,,
2026-01-27,1755.3,1777.5,1705.1,1725.9,267296,1863.33,1705.1,55.64,1644.48,1874.24,1953.2,1953.2,0,,
2026-01-28,1733.7,1779.4,1724.0,1761.6,222376,1861.86,1705.1,55.62,1667.52,1869.62,1953.2,1953.2,0,,
2026-01-29,1760.0,1760.0,1719.1,1742.2,349754,1860.25,1705.1,54.68,1655.63,1864.6,1953.2,1953.2,0,,
2026-01-30,1739.4,1777.7,1730.0,1767.9,217003,1858.34,1705.1,54.18,1672.54,1861.04,1953.2,1953.2,0,,
