Date,Open,High,Low,Close,Volume,SMA150,DonchianLow15,ATR14,RSI14,StopLoss,MA30,DonchianHigh20,DonchianHigh20_prev,BuyCall,EntryPrice,StopLoss_Entry,CandidateStop,TrailingStop,InPosition,EntryDate,ExitSignal,ExitPrice,ExitReason,TradeId,HoldingDays,PnL_pct
2006-01-02,83.83,87.0,83.83,85.16,56324939,,,,,,,,,0,,,,,0,,0,,,,,
2006-01-03,85.16,86.8,81.96,86.51,25631985,,,,,,,,,0,,,,,0,,0,,,,,
2006-01-04,87.16,88.58,86.73,87.54,28841323,,,,,,,,,0,,,,,0,,0,,,,,
2006-01-05,88.14,88.14,84.8,86.24,12662963,,,,,,,,,0,,,,,0,,0,,,,,
2006-01-06,86.41,86.98,84.82,85.61,3684637,,,,,,,,,0,,,,,0,,0,,,,,
2006-01-09,85.73,86.11,83.74,84.33,6832584,,,,,,,,,0,,,,,0,,0,,,,,
2006-01-10,84.72,84.87,83.03,83.48,5573777,,,,,,,,,0,,,,,0,,0,,,,,
2006-01-12,83.45,83.73,82.16,82.42,4564934,,,,,,,,,0,,,,,0,,0,,,,,
2006-01-13,82.59,84.43,82.45,83.3,4631814,,,,,,,,,0,,,,,0,,0,,,,,
2006-01-16,83.45,83.45,80.59,81.78,3915494,,,,,,,,,0,,,,,0,,0,,,,,
2006-01-17,81.99,83.29,80.04,80.51,4780369,,,,,,,,,0,,,,,0,,0,,,,,
2006-01-18,79.88,80.88,77.74,79.76,10644320,,,,,,,,,0,,,,,0,,0,,,,,
2006-01-19,80.31,81.93,80.31,81.24,8697727,,,,,,,,,0,,,,,0,,0,,,,,
2006-01-20,83.45,83.45,81.32,82.66,11771523,,,2.79,,,,,,0,,,,,0,,0,,,,,
2006-01-23,82.16,82.58,80.59,81.41,5793199,,77.74,2.73,62.5,76.6,,,,0,,,76.6,,0,,0,,,,,
2006-01-24,81.92,82.45,81.32,81.75,9388269,,77.74,2.62,63.28,76.9,,,,0,,,76.9,,0,,0,,,,,
2006-01-25,81.88,86.42,81.77,85.17,33462792,,77.74,2.77,70.02,79.0,,,,0,,,79.0,,0,,0,,,,,
2006-01-27,86.34,88.64,85.73,88.37,15378374,,77.74,2.82,74.7,81.03,,,,0,,,81.03,,0,,0,,,,,
2006-01-30,85.73,88.44,75.61,87.68,6409738,,75.61,3.53,72.09,79.4,,,,0,,,79.4,,0,,0,,,,,
2006-01-31,88.41,88.41,86.73,86.91,3051284,,75.61,3.4,69.18,78.99,,88.64,,0,,,78.99,,0,,0,,,,,
2006-02-01,88.42,88.42,83.96,84.19,4793129,,75.61,3.48,59.97,77.19,,88.64,88.64,0,,,77.19,,0,,0,,,,,
2006-02-02,86.73,86.73,82.18,82.73,7019892,,75.61,3.55,55.69,76.2,,88.64,88.64,0,,,76.2,,0,,0,,,,,
2006-02-03,82.73,82.73,80.75,81.44,3851045,,75.61,3.44,52.14,75.44,,88.64,88.64,0,,,75.44,,0,,0,,,,,
2006-02-06,82.73,87.35,82.73,86.76,31145774,,75.61,3.62,62.69,78.75,,88.64,88.64,0,,,78.75,,0,,0,,,,,
2006-02-07,86.5,90.58,85.87,89.69,26305323,,75.61,3.69,67.0,80.59,,90.58,88.64,0,,,80.59,,0,,0,,,,,
2006-02-08,88.6,89.87,86.58,88.31,15208583,,75.61,3.67,63.29,79.72,,90.58,90.58,0,,,79.72,,0,,0,,,,,
2006-02-10,88.87,88.87,85.19,86.13,6663134,,75.61,3.67,57.84,78.31,,90.58,90.58,0,,,78.31,,0,,0,,,,,
2006-02-13,86.37,87.58,86.31,86.94,2404468,,75.61,3.51,59.25,78.94,,90.58,90.58,0,,,78.94,,0,,0,,,,,
2006-02-14,86.94,87.16,84.67,85.09,3471842,,75.61,3.44,54.76,77.8,,90.58,90.58,0,,,77.8,,0,,0,,,,,
2006-02-15,73.01,86.44,73.01,85.34,2762991,,73.01,4.15,55.25,76.61,84.62,90.58,90.58,0,,,76.61,,0,,0,,,,,
2006-02-16,82.16,85.86,82.16,85.27,1714861,,73.01,4.12,55.07,76.59,84.62,90.58,90.58,0,,,76.59,,0,,0,,,,,
2006-02-17,85.73,86.19,83.45,83.72,5439241,,73.01,4.02,51.08,75.66,84.53,90.58,90.58,0,,,75.66,,0,,0,,,,,
2006-02-20,84.45,84.86,81.53,84.41,3399918,,73.01,3.97,52.72,76.13,84.42,90.58,90.58,0,,,76.13,,0,,0,,,,,
2006-02-21,84.86,85.46,84.16,84.64,2612780,,73.01,3.78,53.29,76.41,84.37,90.58,90.58,0,,,76.41,,0,,0,,,,,
2006-02-22,84.59,85.16,83.6,84.77,3175155,,73.01,3.62,53.62,76.6,84.34,90.58,90.58,0,,,76.6,,0,,0,,,,,
2006-02-23,85.16,85.87,83.18,83.93,4755921,,73.01,3.55,51.07,76.1,84.33,90.58,90.58,0,,,76.1,,0,,0,,,,,
2006-02-24,83.87,85.02,83.19,84.7,3429019,,73.01,3.43,53.27,76.68,84.37,90.58,90.58,0,,,76.68,,0,,0,,,,,
2006-02-27,84.7,85.34,84.54,85.1,1474269,,73.01,3.24,54.41,77.06,84.46,90.58,90.58,0,,,77.06,,0,,0,,,,,
2006-02-28,85.1,88.3,85.1,87.76,8610684,,73.01,3.24,61.23,78.78,84.61,90.58,90.58,0,,,78.78,,0,,0,,,,,
2006-03-01,85.59,88.44,79.88,87.95,6383509,,73.01,3.62,61.67,78.65,84.81,90.58,90.58,0,,,78.65,,0,,0,,,,,
2006-03-02,88.44,89.7,86.77,88.5,10600375,,73.01,3.57,62.98,79.04,85.08,90.58,90.58,0,,,79.04,,0,,0,,,,,
2006-03-03,88.44,89.0,86.88,87.27,2557016,,73.01,3.47,58.18,78.31,85.33,90.58,90.58,0,,,78.31,,0,,0,,,,,
2006-03-06,87.73,88.28,87.05,87.49,2491681,,73.01,3.31,58.79,78.56,85.54,90.58,90.58,0,,,78.56,,0,,0,,,,,
2006-03-07,87.3,87.54,85.19,85.71,5499109,,73.01,3.24,52.21,77.46,85.64,90.58,90.58,0,,,77.46,,0,,0,,,,,
2006-03-08,84.87,86.01,84.16,84.38,3338764,,79.88,3.14,47.9,78.96,85.74,89.87,90.58,0,,,78.96,,0,,0,,,,,
2006-03-09,85.02,86.23,82.73,85.84,4149381,,79.88,3.17,52.53,79.88,85.87,89.7,89.87,0,,,79.88,,0,,0,,,,,
2006-03-10,86.11,87.87,84.87,87.63,5792638,,79.88,3.15,57.52,81.05,85.96,89.7,89.7,0,,,81.05,,0,,0,,,,,
2006-03-13,87.73,88.15,85.76,86.33,2788115,,79.88,3.1,53.15,80.24,85.89,89.7,89.7,0,,,80.24,,0,,0,,,,,
2006-03-14,86.3,91.29,85.87,86.57,5572149,,79.88,3.26,53.85,80.29,85.85,91.29,89.7,0,,,80.29,,0,,0,,,,,
2006-03-16,87.48,87.48,86.11,87.13,3476638,,79.88,3.13,55.51,80.74,85.86,91.29,91.29,0,,,80.74,,0,,0,,,,,
2006-03-17,86.44,87.37,86.3,86.46,1955629,,79.88,2.98,53.05,80.41,85.93,91.29,91.29,0,,,80.41,,0,,0,,,,,
2006-03-20,86.46,86.87,86.03,86.48,1416112,,79.88,2.83,53.12,80.52,86.06,91.29,91.29,0,,,80.52,,0,,0,,,,,
2006-03-21,86.87,86.87,84.87,85.33,4343823,,79.88,2.77,48.81,79.82,86.19,91.29,91.29,0,,,79.82,,0,,0,,,,,
2006-03-22,85.02,85.3,83.89,84.55,2467459,,79.88,2.68,46.08,79.38,86.11,91.29,91.29,0,,,79.38,,0,,0,,,,,
2006-03-23,85.29,86.14,84.23,84.52,2460348,,82.73,2.62,45.98,80.35,85.94,91.29,91.29,0,,,80.35,,0,,0,,,,,
2006-03-24,84.16,85.59,83.87,85.39,2191150,,82.73,2.56,49.61,80.95,85.84,91.29,91.29,0,,,80.95,,0,,0,,,,,
2006-03-27,85.59,87.01,85.3,85.44,2584329,,82.73,2.5,49.82,81.02,85.82,91.29,91.29,0,,,81.02,,0,,0,,,,,
2006-03-28,85.87,86.16,84.16,84.53,2302861,,82.73,2.46,46.08,80.46,85.74,91.29,91.29,0,,,80.46,,0,,0,,,,,
2006-03-29,84.73,85.77,84.16,85.37,2020623,,82.73,2.4,49.83,81.04,85.75,91.29,91.29,0,,,81.04,,0,,0,,,,,
2006-03-30,85.77,86.27,83.32,83.97,3223192,,82.73,2.44,44.3,80.11,85.7,91.29,91.29,0,,,80.11,,0,,0,,,,,
2006-03-31,84.87,85.44,83.87,84.02,2313729,,83.32,2.38,44.53,80.38,85.66,91.29,91.29,0,,,80.38,,0,,0,,,,,
2006-04-03,85.44,87.29,84.45,86.16,4453779,,83.32,2.44,53.62,81.72,85.74,91.29,91.29,0,,,81.72,,0,,0,,,,,
2006-04-04,87.29,89.58,87.29,87.55,6043884,,83.32,2.51,58.39,82.57,85.85,91.29,91.29,0,,,82.57,,0,,0,,,,,
2006-04-05,87.73,89.15,87.01,88.71,5787578,,83.32,2.48,61.9,83.34,85.98,91.29,91.29,0,,,83.34,,0,,0,,,,,
2006-04-07,88.43,88.87,85.19,85.54,4346633,,83.32,2.57,49.57,81.23,86.01,91.29,91.29,0,,,81.23,,0,,0,,,,,
2006-04-10,85.3,86.87,83.89,85.22,2637255,,83.32,2.6,48.52,81.01,86.05,91.29,91.29,0,,,81.01,,0,,0,,,,,
2006-04-12,84.47,85.44,82.73,83.1,3715563,,82.73,2.61,42.14,79.44,86.0,91.29,91.29,0,,,79.44,,0,,0,,,,,
2006-04-13,83.36,83.36,79.92,80.36,5578006,,79.92,2.67,35.63,76.69,85.84,91.29,91.29,0,,,76.69,,0,,0,,,,,
2006-04-17,81.31,83.43,80.74,82.83,2368751,,79.92,2.7,44.03,78.27,85.68,89.58,91.29,0,,,78.27,,0,,0,,,,,
2006-04-18,83.43,84.87,83.16,83.66,3976390,,79.92,2.65,46.55,78.84,85.53,89.58,89.58,0,,,78.84,,0,,0,,,,,
2006-04-19,84.83,84.83,83.32,83.88,3323903,,79.92,2.57,47.23,79.03,85.38,89.58,89.58,0,,,79.03,,0,,0,,,,,
2006-04-20,83.59,84.16,83.02,83.97,1504860,,79.92,2.47,47.53,79.16,85.27,89.58,89.58,0,,,79.16,,0,,0,,,,,
2006-04-21,84.45,85.3,83.45,84.39,2596473,,79.92,2.42,48.95,79.46,85.17,89.58,89.58,0,,,79.46,,0,,0,,,,,
2006-04-24,84.59,84.59,68.47,81.17,5397584,,68.47,3.4,39.97,72.91,85.02,89.58,89.58,0,,,72.91,,0,,0,,,,,
2006-04-25,81.45,82.18,79.45,79.85,7109971,,68.47,3.35,36.97,72.09,84.86,89.58,89.58,0,,,72.09,,0,,0,,,,,
2006-04-26,79.88,81.29,79.88,80.95,2768062,,68.47,3.22,40.95,72.89,84.7,89.58,89.58,0,,,72.89,,0,,0,,,,,
2006-04-27,81.02,82.43,80.07,80.76,3150796,,68.47,3.15,40.47,72.81,84.47,89.58,89.58,0,,,72.81,,0,,0,,,,,
2006-04-28,78.6,82.59,74.32,82.28,2842856,,68.47,3.52,45.87,73.55,84.34,89.58,89.58,0,,,73.55,,0,,0,,,,,
2006-05-02,85.6,89.27,85.6,88.72,8920813,,68.47,3.77,61.73,77.54,84.41,89.58,89.58,0,,,77.54,,0,,0,,,,,
2006-05-03,89.27,93.06,87.74,92.59,11488642,,68.47,3.88,67.82,79.96,84.59,93.06,89.58,0,,,79.96,,0,,0,,,,,
2006-05-04,87.74,94.83,85.59,94.13,12653646,,68.47,4.26,69.88,80.7,84.85,94.83,93.06,0,,,80.7,,0,,0,,,,,
2006-05-05,94.16,94.84,90.66,91.04,6129673,,68.47,4.26,61.4,78.71,85.0,94.84,94.83,0,,,78.71,,0,,0,,,,,
2006-05-08,92.57,93.22,90.1,90.51,3909999,,68.47,4.17,60.05,78.42,85.17,94.84,94.84,0,,,78.42,,0,,0,,,,,
2006-05-09,91.58,91.58,89.79,91.17,4833625,,68.47,4.0,61.2,78.96,85.39,94.84,94.84,0,,,78.96,,0,,0,,,,,
2006-05-10,91.29,95.57,90.73,94.25,13780811,,68.47,4.06,66.07,80.91,85.72,95.57,94.84,0,,,80.91,,0,,0,,,,,
2006-05-11,93.86,96.28,92.58,94.51,5255305,,68.47,4.04,66.45,81.09,86.02,96.28,95.57,0,,,81.09,,0,,0,,,,,
2006-05-12,93.45,93.45,90.17,90.73,4299960,,68.47,4.06,56.47,78.64,86.2,96.28,96.28,0,,,78.64,,0,,0,,,,,
2006-05-15,91.29,91.29,87.16,88.34,2900359,,68.47,4.06,51.24,77.09,86.32,96.28,96.28,0,,,77.09,,0,,0,,,,,
2006-05-16,87.73,89.16,85.16,88.24,3132288,,74.32,4.06,51.02,78.98,86.42,96.28,96.28,0,,,78.98,,0,,0,,,,,
2006-05-17,89.15,90.68,88.45,89.3,5821035,,74.32,3.94,53.24,79.74,86.6,96.28,96.28,0,,,79.74,,0,,0,,,,,
2006-05-18,89.3,89.3,82.88,84.69,5036185,,74.32,4.12,43.92,76.65,86.62,96.28,96.28,0,,,76.65,,0,,0,,,,,
2006-05-19,85.59,88.23,78.45,79.23,4054176,,74.32,4.53,35.89,72.86,86.39,96.28,96.28,0,,,72.86,,0,,0,,,,,
2006-05-22,83.45,84.45,70.18,78.9,6576795,,70.18,5.22,35.47,70.8,86.1,96.28,96.28,0,,,70.8,,0,,0,,,,,
2006-05-23,79.87,84.16,74.89,82.36,4294323,,70.18,5.51,43.03,72.84,85.89,96.28,96.28,0,,,72.84,,0,,0,,,,,
2006-05-24,82.36,87.42,78.78,81.15,8891932,,70.18,5.73,41.21,71.91,85.74,96.28,96.28,0,,,71.91,,0,,0,,,,,
2006-05-25,79.61,81.59,77.88,79.73,14364663,,70.18,5.59,39.12,71.09,85.56,96.28,96.28,0,,,71.09,,0,,0,,,,,
2006-05-26,81.59,82.7,80.03,80.42,3508323,,70.18,5.4,40.7,71.66,85.47,96.28,96.28,0,,,71.66,,0,,0,,,,,
2006-05-29,80.88,81.93,80.04,81.21,1697663,,70.18,5.15,42.53,72.34,85.5,96.28,96.28,0,,,72.34,,0,,0,,,,,
2006-05-30,81.93,82.01,79.91,81.29,2842136,,70.18,4.93,42.72,72.54,85.45,96.28,96.28,0,,,72.54,,0,,0,,,,,
2006-05-31,81.12,81.12,75.6,76.67,7296789,,70.18,4.99,35.34,69.52,85.21,96.28,96.28,0,,,69.52,,0,,0,,,,,
2006-06-01,77.31,78.6,75.77,76.21,4351248,,70.18,4.83,34.7,69.33,84.96,96.28,96.28,0,,,69.33,,0,,0,,,,,
2006-06-02,75.89,79.02,75.6,78.73,3278225,,70.18,4.73,41.03,71.02,84.78,96.28,96.28,0,,,71.02,,0,,0,,,,,
2006-06-05,78.88,79.45,75.6,76.76,3347795,,70.18,4.67,37.93,69.79,84.53,96.28,96.28,0,,,69.79,,0,,0,,,,,
2006-06-06,75.89,79.0,72.98,77.41,3471418,,70.18,4.77,39.55,70.15,84.4,96.28,96.28,0,,,70.15,,0,,0,,,,,
2006-06-07,74.76,77.56,74.75,76.06,2481330,,70.18,4.63,37.37,69.37,84.28,96.28,96.28,0,,,69.37,,0,,0,,,,,
2006-06-08,75.82,75.82,69.93,71.16,6604609,,69.93,4.73,30.75,66.05,83.95,93.45,96.28,0,,,66.05,,0,,0,,,,,
2006-06-09,70.75,72.89,68.33,71.37,9293328,,68.33,4.72,31.31,65.66,83.64,91.29,93.45,0,,,65.66,,0,,0,,,,,
2006-06-12,71.61,72.04,66.33,67.64,5718999,,66.33,4.79,27.1,62.54,83.15,90.68,91.29,0,,,62.54,,0,,0,,,,,
2006-06-13,66.33,66.46,62.05,65.57,3489068,,62.05,4.85,25.08,59.74,82.38,90.68,90.68,0,,,59.74,,0,,0,,,,,
2006-06-14,66.33,68.47,62.92,64.36,5132039,,62.05,4.9,23.96,58.93,81.44,89.3,90.68,0,,,58.93,,0,,0,,,,,
2006-06-15,66.19,69.42,65.74,68.83,4313083,,62.05,4.91,35.45,61.81,80.59,88.23,89.3,0,,,61.81,,0,,0,,,,,
2006-06-16,69.9,74.87,69.9,72.28,4637831,,62.05,4.99,42.65,63.98,79.97,87.42,88.23,0,,,63.98,,0,,0,,,,,
2006-06-19,71.04,72.71,70.32,71.46,2675838,,62.05,4.81,41.46,63.57,79.33,87.42,87.42,0,,,63.57,,0,,0,,,,,
2006-06-20,70.32,70.57,68.63,69.96,2640302,,62.05,4.66,39.31,62.7,78.63,87.42,87.42,0,,,62.7,,0,,0,,,,,
2006-06-21,70.57,71.31,69.65,70.52,2101368,,62.05,4.45,40.55,63.2,77.84,82.7,87.42,0,,,63.2,,0,,0,,,,,
2006-06-22,71.31,74.39,71.31,73.07,3860010,,62.05,4.41,45.96,64.87,77.12,82.7,82.7,0,,,64.87,,0,,0,,,,,
2006-06-23,72.61,72.72,69.61,72.47,4443021,,62.05,4.34,44.93,64.53,76.51,82.01,82.7,0,,,64.53,,0,,0,,,,,
2006-06-26,72.32,73.18,69.4,70.0,3908701,,62.05,4.3,40.84,62.97,75.9,82.01,82.01,0,,,62.97,,0,,0,,,,,
2006-06-27,71.32,72.16,68.61,71.12,5083622,,62.05,4.25,43.36,63.72,75.33,81.12,82.01,0,,,63.72,,0,,0,,,,,
2006-06-28,70.89,72.18,69.18,69.74,7386923,,62.05,4.16,41.04,62.89,74.68,79.45,81.12,0,,,62.89,,0,,0,,,,,
2006-06-29,70.32,71.61,66.43,68.33,35283220,,62.05,4.23,38.77,61.94,74.13,79.45,79.45,0,,,61.94,,0,,0,,,,,
2006-06-30,70.52,72.04,67.76,69.6,6215121,,62.05,4.23,41.89,62.75,73.81,79.45,79.45,0,,,62.75,,0,,0,,,,,
2006-07-03,71.18,73.94,69.18,69.77,2698173,,62.05,4.27,42.32,62.84,73.51,79.0,79.45,0,,,62.84,,0,,0,,,,,
2006-07-04,70.67,71.18,69.62,69.95,2212468,,62.92,4.08,42.79,63.37,73.09,77.56,79.0,0,,,63.37,,0,,0,,,,,
2006-07-05,70.18,71.85,69.61,71.31,3133883,,65.74,3.95,46.4,65.28,72.77,75.82,77.56,0,,,65.28,,0,,0,,,,,
2006-07-06,71.68,71.83,69.94,70.46,3979981,,66.43,3.8,44.51,65.06,72.46,74.87,75.82,0,,,65.06,,0,,0,,,,,
2006-07-07,71.28,73.14,69.22,72.4,36123329,,66.43,3.81,49.55,66.3,72.19,74.87,74.87,0,,,66.3,,0,,0,,,,,
2006-07-10,71.98,72.27,70.67,71.54,2956860,,66.43,3.66,47.49,65.85,71.87,74.87,74.87,0,,,65.85,,0,,0,,,,,
2006-07-11,71.18,71.83,70.38,70.81,1666175,,66.43,3.5,45.75,65.48,71.52,74.87,74.87,0,,,65.48,,0,,0,,,,,
2006-07-12,70.38,71.98,67.47,70.86,2535753,,66.43,3.57,45.9,65.47,71.32,74.87,74.87,0,,,65.47,,0,,0,,,,,
2006-07-13,70.81,72.27,69.97,71.94,4197754,,66.43,3.48,49.09,66.22,71.18,74.87,74.87,0,,,66.22,,0,,0,,,,,
2006-07-14,69.97,71.39,68.57,70.51,1766127,,66.43,3.48,45.28,65.31,70.91,74.39,74.87,0,,,65.31,,0,,0,,,,,
2006-07-17,72.56,72.56,68.96,69.25,1676587,,66.43,3.48,42.18,64.49,70.66,74.39,74.39,0,,,64.49,,0,,0,,,,,
2006-07-18,69.22,69.36,67.83,68.58,1755897,,66.43,3.34,40.58,64.15,70.36,74.39,74.39,0,,,64.15,,0,,0,,,,,
2006-07-19,69.09,69.93,67.49,67.88,2275185,,66.43,3.28,38.93,63.74,70.09,74.39,74.39,0,,,63.74,,0,,0,,,,,
2006-07-20,69.25,71.82,69.25,71.4,3411996,,67.47,3.33,49.97,66.33,70.1,73.94,74.39,0,,,66.33,,0,,0,,,,,
2006-07-21,71.31,71.31,69.38,70.34,1651039,,67.47,3.23,47.21,65.7,70.07,73.94,73.94,0,,,65.7,,0,,0,,,,,
2006-07-24,70.52,75.17,69.8,74.71,11686092,,67.47,3.39,57.63,68.42,70.3,75.17,73.94,0,,,68.42,,0,,0,,,,,
2006-07-25,75.45,79.09,75.45,78.71,16150211,,67.47,3.46,64.53,70.95,70.74,79.09,75.17,0,,,70.95,,0,,0,,,,,
2006-07-26,79.09,79.65,76.96,78.43,8596362,,67.47,3.4,63.75,70.81,71.21,79.65,79.09,0,,,70.81,,0,,0,,,,,
2006-07-27,78.51,80.1,77.79,78.88,13933392,,67.47,3.32,64.49,71.15,71.54,80.1,79.65,0,,,71.15,,0,,0,,,,,
2006-07-28,77.24,79.22,77.24,78.73,5693831,,67.47,3.23,64.02,71.12,71.76,80.1,80.1,0,,,71.12,,0,,0,,,,,
2006-07-31,79.07,82.42,79.02,80.37,7875329,,67.47,3.26,66.88,72.15,72.05,82.42,80.1,0,,,72.15,,0,,0,,,,,
2006-08-01,80.39,80.39,78.64,79.76,3499545,,67.47,3.15,64.82,71.83,72.38,82.42,82.42,0,,,71.83,,0,,0,,,,,
2006-08-02,79.81,80.16,78.51,79.52,2697601,,67.49,3.05,63.98,71.76,72.68,82.42,82.42,0,,,71.76,,0,,0,,,,,
2006-08-03,80.1,82.11,79.85,80.91,5078667,,67.49,3.01,66.66,72.67,72.94,82.42,82.42,0,,,72.67,,0,,0,,,,,
2006-08-04,80.91,81.52,78.65,79.38,3687887,,67.49,3.0,61.26,71.69,73.17,82.42,82.42,0,,,71.69,,0,,0,,,,,
2006-08-07,80.1,82.86,77.63,82.4,9098556,,67.49,3.16,66.95,73.54,73.59,82.86,82.42,0,,,73.54,,0,,0,,,,,
2006-08-08,82.71,86.99,82.7,86.42,27269462,,67.49,3.26,72.71,76.06,74.1,86.99,82.86,0,,,76.06,,0,,0,,,,,
2006-08-09,85.83,87.88,85.04,85.66,22971404,81.24,69.25,3.23,70.22,76.18,74.63,87.88,86.99,0,,,76.18,,0,,0,,,,,
2006-08-10,85.91,87.79,84.74,86.96,18868982,81.26,69.38,3.22,71.98,77.07,75.25,87.88,87.88,0,,,77.07,,0,,0,,,,,
2006-08-11,87.07,87.36,84.45,84.82,2737784,81.25,69.8,3.2,65.13,75.84,75.76,87.88,87.88,0,,,75.84,,0,,0,,,,,
2006-08-14,84.82,85.67,83.44,83.69,2402438,81.22,75.45,3.13,61.79,77.04,76.22,87.88,87.88,0,,,77.04,,0,,0,,,,,
2006-08-16,84.89,86.47,84.16,85.72,3475763,81.22,76.96,3.1,65.24,78.87,76.74,87.88,87.88,0,,,78.87,,0,,0,,,,,
2006-08-17,86.05,87.07,85.47,85.83,3639988,81.22,77.24,3.0,65.42,79.11,77.23,87.88,87.88,0,,,79.11,,0,,0,,,,,
2006-08-18,85.91,86.34,83.91,85.38,2659954,81.22,77.24,2.96,63.95,78.85,77.73,87.88,87.88,0,,,78.85,,0,,0,,,,,
2006-08-21,85.91,86.63,84.51,86.29,2504865,81.24,77.63,2.9,65.64,79.6,78.19,87.88,87.88,0,,,79.6,,0,,0,,,,,
2006-08-22,86.78,87.76,85.98,86.36,10093451,81.27,77.63,2.82,65.77,79.7,78.68,87.88,87.88,0,,,79.7,,0,,0,,,,,
2006-08-23,86.05,86.78,85.06,85.7,2452884,81.29,77.63,2.74,63.28,79.33,79.18,87.88,87.88,0,,,79.33,,0,,0,,,,,
2006-08-24,85.62,85.9,84.16,85.49,3681562,81.31,77.63,2.67,62.48,79.24,79.67,87.88,87.88,0,,,79.24,,0,,0,,,,,
2006-08-25,88.81,94.03,85.05,85.46,2970583,81.34,77.63,3.12,62.35,78.92,80.12,94.03,87.88,0,,,78.92,,0,,0,,,,,
2006-08-28,85.91,85.91,84.9,85.29,1591029,81.38,77.63,2.97,61.62,78.91,80.61,94.03,94.03,0,,,78.91,,0,,0,,,,,
2006-08-29,85.91,86.65,85.59,86.38,3442532,81.41,82.7,2.85,64.52,81.38,81.18,94.03,94.03,0,,,81.38,,0,,0,,,,,
2006-08-30,86.49,86.92,85.75,86.18,1836774,81.44,83.44,2.73,63.57,81.58,81.77,94.03,94.03,0,,,81.58,,0,,0,,,,,
2006-08-31,86.49,87.45,86.2,86.7,19990437,81.47,83.44,2.63,65.01,81.98,82.4,94.03,94.03,0,,,81.98,,0,,0,,,,,
2006-09-01,86.33,88.79,85.4,88.46,9413695,81.52,83.44,2.68,69.42,83.08,82.96,94.03,94.03,0,,,83.08,,0,,0,,,,,
2006-09-04,89.68,90.69,89.26,90.37,6017148,81.55,83.44,2.65,73.34,84.34,83.63,94.03,94.03,0,,,84.34,,0,,0,,,,,
2006-09-05,90.67,90.67,88.66,88.97,1484835,81.56,83.91,2.6,66.59,83.62,84.11,94.03,94.03,0,,,83.62,,0,,0,,,,,
2006-09-06,89.75,89.95,87.97,88.58,3578580,81.56,83.91,2.56,64.81,83.4,84.44,94.03,94.03,0,,,83.4,,0,,0,,,,,
2006-09-07,88.59,88.59,87.36,88.1,2158926,81.57,83.91,2.46,62.58,83.15,84.76,94.03,94.03,0,,,83.15,,0,,0,,,,,
2006-09-08,88.23,89.81,87.23,88.0,2612945,81.6,84.16,2.47,62.1,83.16,85.06,94.03,94.03,0,,,83.16,,0,,0,,,,,
2006-09-11,88.13,88.33,86.06,86.6,3521853,81.62,84.16,2.46,55.67,82.27,85.32,94.03,94.03,0,,,82.27,,0,,0,,,,,
2006-09-12,86.06,88.16,84.9,87.76,7810198,81.66,84.16,2.52,59.42,82.98,85.57,94.03,94.03,0,,,82.98,,0,,0,,,,,
2006-09-13,87.81,92.07,87.81,91.67,10547366,81.7,84.16,2.64,68.95,85.42,85.97,94.03,94.03,0,,,85.42,,0,,0,,,,,
2006-09-14,92.15,95.05,91.67,94.37,8227593,81.73,84.9,2.7,73.56,87.37,86.46,95.05,94.03,1,94.37,87.37,87.37,87.37,1,2006-09-14,0,,,1,,
2006-09-15,93.61,94.31,93.02,93.83,3872346,81.76,84.9,2.6,71.28,87.09,86.89,95.05,95.05,0,,,87.09,87.37,1,2006-09-14,0,,,1,,
2006-09-18,93.61,94.69,92.49,93.4,4446684,81.81,84.9,2.57,69.43,86.83,87.36,95.05,95.05,0,,,86.83,87.37,1,2006-09-14,0,,,1,,
2006-09-19,93.18,94.9,93.03,93.85,3611426,81.86,84.9,2.52,70.3,87.15,87.74,95.05,95.05,0,,,87.15,87.37,1,2006-09-14,0,,,1,,
2006-09-20,92.29,95.19,92.07,94.5,3338824,81.92,84.9,2.56,71.56,87.54,88.01,95.19,95.05,0,,,87.54,87.54,1,2006-09-14,0,,,1,,
2006-09-21,96.5,97.19,94.85,96.27,4742067,81.99,84.9,2.57,74.69,88.68,88.37,97.19,95.19,1,96.27,88.68,88.68,88.68,1,2006-09-14,0,,,1,,
2006-09-22,96.21,96.21,92.94,95.03,2230189,82.06,84.9,2.63,68.96,87.84,88.64,97.19,97.19,0,,,87.84,88.68,1,2006-09-14,0,,,1,,
2006-09-25,83.68,105.12,83.68,95.58,5763840,82.14,83.68,3.97,70.05,86.89,88.99,105.12,97.19,0,,,86.89,88.68,1,2006-09-14,1,88.68,TRAILING_STOP,1,8,-6.03
2006-09-26,92.29,98.68,92.29,98.42,6092229,82.23,83.68,4.14,74.98,88.61,89.48,105.12,105.12,0,,,88.61,,0,,0,,,,,
2006-09-27,95.95,100.71,95.95,99.87,5421861,82.33,83.68,4.19,77.05,89.52,89.96,105.12,105.12,0,,,89.52,,0,,0,,,,,
2006-09-28,100.14,103.45,98.73,102.85,14413206,82.45,83.68,4.23,80.61,91.41,90.52,105.12,105.12,0,,,91.41,,0,,0,,,,,
2006-09-29,115.39,115.39,100.75,101.52,4789752,82.57,83.68,4.97,75.02,90.06,91.06,115.39,105.12,0,,,90.06,,0,,0,,,,,
2006-10-03,101.58,102.74,100.34,101.25,4182777,82.68,83.68,4.79,73.9,90.01,91.56,115.39,115.39,0,,,90.01,,0,,0,,,,,
2006-10-04,98.04,101.29,98.04,100.86,3915950,82.79,83.68,4.68,72.22,89.83,92.04,115.39,115.39,0,,,89.83,,0,,0,,,,,
2006-10-05,101.0,103.0,101.0,102.43,5169428,82.88,83.68,4.5,74.71,90.96,92.6,115.39,115.39,0,,,90.96,,0,,0,,,,,
2006-10-06,101.58,102.87,101.58,101.93,4521654,82.98,83.68,4.27,72.48,90.79,93.15,115.39,115.39,0,,,90.79,,0,,0,,,,,
2006-10-09,101.16,102.16,100.9,101.37,2125854,83.06,83.68,4.05,69.97,90.58,93.68,115.39,115.39,0,,,90.58,,0,,0,,,,,
2006-10-10,101.45,101.86,100.47,100.92,2170201,83.15,83.68,3.86,67.93,90.41,94.2,115.39,115.39,0,,,90.41,,0,,0,,,,,
2006-10-11,102.01,102.01,99.04,99.69,3273600,83.24,83.68,3.8,62.55,89.66,94.64,115.39,115.39,0,,,89.66,,0,,0,,,,,
2006-10-12,99.98,100.62,97.56,100.18,3099123,83.33,83.68,3.75,63.78,90.01,95.11,115.39,115.39,0,,,90.01,,0,,0,,,,,
2006-10-13,102.16,102.19,100.42,100.84,3173835,83.44,83.68,3.62,65.43,90.52,95.58,115.39,115.39,0,,,90.52,,0,,0,,,,,
2006-10-16,102.09,104.87,100.75,104.52,8957861,83.57,83.68,3.66,72.84,92.87,96.12,115.39,115.39,0,,,92.87,,0,,0,,,,,
2006-10-17,105.13,105.85,103.46,105.39,7381533,83.69,92.29,3.57,74.24,96.36,96.62,115.39,115.39,0,,,96.36,,0,,0,,,,,
2006-10-18,104.48,108.38,104.48,108.04,8141787,83.83,95.95,3.59,77.98,99.28,97.25,115.39,115.39,0,,,99.28,,0,,0,,,,,
2006-10-19,108.4,108.4,106.68,107.64,3038629,83.97,97.56,3.46,76.18,99.64,97.89,115.39,115.39,0,,,99.64,,0,,0,,,,,
2006-10-20,108.11,108.25,105.39,107.6,3453538,84.11,97.56,3.41,76.0,99.65,98.54,115.39,115.39,0,,,99.65,,0,,0,,,,,
2006-10-23,107.38,107.63,104.33,104.56,2707012,84.23,97.56,3.41,63.19,97.69,99.09,115.39,115.39,0,,,97.69,,0,,0,,,,,
2006-10-26,105.29,111.3,105.29,110.19,13473883,84.39,97.56,3.64,72.45,101.16,99.88,115.39,115.39,0,,,101.16,,0,,0,,,,,
2006-10-27,110.28,111.01,109.02,110.07,7277193,84.55,97.56,3.53,72.03,101.16,100.62,115.39,115.39,0,,,101.16,,0,,0,,,,,
2006-10-30,109.99,114.91,108.7,114.33,9588073,84.75,97.56,3.72,77.07,103.78,101.38,115.39,115.39,0,,,103.78,,0,,0,,,,,
2006-10-31,115.34,115.34,110.28,112.77,8830783,84.94,97.56,3.81,71.96,102.71,101.99,115.39,115.39,0,,,102.71,,0,,0,,,,,
2006-11-01,113.9,113.9,111.9,112.92,5150524,85.12,97.56,3.68,72.15,102.9,102.63,115.34,115.39,0,,,102.9,,0,,0,,,,,
2006-11-02,110.28,113.88,110.28,113.13,4346848,85.31,97.56,3.68,72.43,103.04,103.28,115.34,115.34,0,,,103.04,,0,,0,,,,,
2006-11-03,113.77,113.77,111.5,112.13,4111712,85.49,97.56,3.58,68.84,102.46,103.89,115.34,115.34,0,,,102.46,,0,,0,,,,,
2006-11-06,112.9,112.9,111.02,111.39,2018571,85.66,100.42,3.46,66.23,103.02,104.46,115.34,115.34,0,,,103.02,,0,,0,,,,,
2006-11-07,112.03,112.74,111.01,111.84,3431241,85.85,100.75,3.33,67.05,103.5,104.98,115.34,115.34,0,,,103.5,,0,,0,,,,,
2006-11-08,111.84,115.36,110.05,113.92,6316942,86.05,103.46,3.47,70.6,105.65,105.6,115.36,115.34,0,,,105.65,,0,,0,,,,,
2006-11-09,115.19,116.79,114.23,116.14,7309329,86.25,104.33,3.43,73.84,107.4,106.29,116.79,115.36,1,116.14,107.4,107.4,107.4,1,2006-11-09,0,,,2,,
2006-11-10,116.81,121.67,115.65,120.58,13156599,86.47,104.33,3.62,78.86,110.14,107.03,121.67,116.79,0,,,110.14,110.14,1,2006-11-09,0,,,2,,
2006-11-13,121.86,123.34,120.01,122.04,7310611,86.69,104.33,3.6,80.21,111.1,107.77,123.34,121.67,0,,,111.1,111.1,1,2006-11-09,0,,,2,,
2006-11-14,122.6,124.8,121.75,124.35,10896765,86.95,104.33,3.56,82.15,112.61,108.48,124.8,123.34,0,,,112.61,112.61,1,2006-11-09,0,,,2,,
2006-11-15,124.06,128.7,123.5,127.77,18135012,87.23,105.29,3.67,84.55,115.06,109.36,128.7,124.8,0,,,115.06,115.06,1,2006-11-09,0,,,2,,
2006-11-16,128.57,134.23,127.15,128.76,33209275,87.54,108.7,3.92,85.18,116.67,110.28,134.23,128.7,0,,,116.67,116.67,1,2006-11-09,0,,,2,,
2006-11-17,129.15,130.59,126.25,127.2,19836063,87.85,108.7,3.95,79.72,115.65,111.15,134.23,134.23,0,,,115.65,116.67,1,2006-11-09,0,,,2,,
2006-11-20,124.94,127.7,121.18,124.68,21477918,88.13,110.05,4.13,71.72,114.35,111.9,134.23,134.23,0,,,114.35,116.67,1,2006-11-09,0,,,2,,
2006-11-21,127.37,127.37,125.1,126.59,7457230,88.41,110.05,4.03,73.86,115.65,112.72,134.23,134.23,0,,,115.65,116.67,1,2006-11-09,0,,,2,,
2006-11-22,127.68,129.13,126.59,127.71,8328138,88.71,110.05,3.92,75.05,116.44,113.6,134.23,134.23,0,,,116.44,116.67,1,2006-11-09,0,,,2,,
2006-11-23,128.79,128.79,126.3,127.12,8899544,88.99,110.05,3.82,73.16,116.13,114.47,134.23,134.23,0,,,116.13,116.67,1,2006-11-09,0,,,2,,
2006-11-24,126.97,127.7,126.1,126.66,5665951,89.28,110.05,3.66,71.64,115.94,115.37,134.23,134.23,0,,,115.94,116.67,1,2006-11-09,0,,,2,,
2006-11-27,127.19,128.82,126.7,128.14,6174784,89.59,110.05,3.55,73.54,116.96,116.3,134.23,134.23,0,,,116.96,116.96,1,2006-11-09,0,,,2,,
2006-11-28,127.26,127.26,124.14,124.98,9270409,89.89,110.05,3.59,63.72,114.9,117.11,134.23,134.23,0,,,114.9,116.96,1,2006-11-09,0,,,2,,
2006-11-29,127.66,127.66,123.73,124.6,6765214,90.18,114.23,3.61,62.63,116.04,117.77,134.23,134.23,0,,,116.04,116.96,1,2006-11-09,0,,,2,,
2006-11-30,124.8,127.45,124.11,126.6,7728704,90.49,115.65,3.59,65.92,117.81,118.48,134.23,134.23,0,,,117.81,117.81,1,2006-11-09,0,,,2,,
2006-12-01,128.13,128.35,125.62,127.43,6799039,90.79,120.01,3.53,67.21,119.84,119.13,134.23,134.23,0,,,119.84,119.84,1,2006-11-09,0,,,2,,
2006-12-04,126.54,128.39,124.98,126.35,2605933,91.04,121.18,3.52,63.83,119.54,119.75,134.23,134.23,0,,,119.54,119.84,1,2006-11-09,0,,,2,,
2006-12-05,127.54,127.54,124.65,125.31,3839627,91.26,121.18,3.48,60.66,118.9,120.34,134.23,134.23,0,,,118.9,119.84,1,2006-11-09,0,,,2,,
2006-12-06,125.23,127.47,124.99,126.02,3293867,91.47,121.18,3.4,62.05,119.41,121.06,134.23,134.23,0,,,119.41,119.84,1,2006-11-09,0,,,2,,
2006-12-07,126.68,128.31,125.01,127.57,4107620,91.71,121.18,3.4,64.94,120.41,121.64,134.23,134.23,0,,,120.41,120.41,1,2006-11-09,0,,,2,,
2006-12-08,127.84,129.37,126.32,127.75,5603856,91.96,121.18,3.37,65.28,120.54,122.23,134.23,134.23,0,,,120.54,120.54,1,2006-11-09,0,,,2,,
2006-12-11,125.52,126.97,117.43,119.11,10370239,92.15,117.43,3.87,43.84,113.39,122.39,134.23,134.23,0,,,113.39,120.54,1,2006-11-09,1,120.54,TRAILING_STOP,2,23,3.79
2006-12-12,118.97,120.73,112.04,116.66,8983557,92.3,112.04,4.21,39.84,109.78,122.52,134.23,134.23,0,,,109.78,,0,,0,,,,,
2006-12-13,117.69,121.85,116.81,120.57,5592785,92.47,112.04,4.28,47.99,112.26,122.77,134.23,134.23,0,,,112.26,,0,,0,,,,,
2006-12-14,121.89,127.19,121.6,126.3,8982847,92.71,112.04,4.45,57.15,115.84,123.21,130.59,134.23,0,,,115.84,,0,,0,,,,,
2006-12-15,127.76,128.42,125.68,126.36,4618317,92.96,112.04,4.33,57.23,115.96,123.68,129.37,130.59,0,,,115.96,,0,,0,,,,,
2006-12-18,127.68,129.15,124.52,128.74,6825692,93.23,112.04,4.35,60.57,117.48,124.26,129.37,129.37,0,,,117.48,,0,,0,,,,,
2006-12-19,128.42,129.13,123.91,125.99,5410922,93.48,112.04,4.41,55.21,115.67,124.73,129.37,129.37,0,,,115.67,,0,,0,,,,,
2006-12-20,126.25,127.66,122.79,123.98,6924621,93.74,112.04,4.44,51.61,114.35,125.07,129.37,129.37,0,,,114.35,,0,,0,,,,,
2006-12-21,123.35,124.69,121.18,123.96,6145573,94.04,112.04,4.38,51.58,114.38,125.33,129.37,129.37,0,,,114.38,,0,,0,,,,,
2006-12-22,124.22,125.5,122.76,124.36,4264155,94.34,112.04,4.26,52.29,114.72,125.46,129.37,129.37,0,,,114.72,,0,,0,,,,,
2006-12-26,124.48,127.54,123.34,126.68,5037378,94.63,112.04,4.26,56.33,116.22,125.61,129.37,129.37,0,,,116.22,,0,,0,,,,,
2006-12-27,128.26,131.85,127.55,129.77,8818518,94.96,112.04,4.32,61.06,118.17,125.79,131.85,129.37,1,129.77,118.17,118.17,118.17,1,2006-12-27,0,,,3,,
2006-12-28,130.6,132.63,130.02,131.06,9961127,95.3,112.04,4.22,62.87,119.07,125.9,132.63,131.85,0,,,119.07,119.07,1,2006-12-27,0,,,3,,
2006-12-29,131.06,131.91,128.57,129.37,2570062,95.63,112.04,4.15,59.0,118.02,125.92,132.63,132.63,0,,,118.02,119.07,1,2006-12-27,0,,,3,,
2007-01-02,129.44,131.54,128.86,130.23,1900998,95.95,112.04,4.05,60.34,118.65,126.02,132.63,132.63,0,,,118.65,119.07,1,2006-12-27,0,,,3,,
2007-01-03,132.01,132.01,128.62,129.81,2606840,96.28,112.04,4.0,59.32,118.41,126.19,132.63,132.63,0,,,118.41,119.07,1,2006-12-27,0,,,3,,
2007-01-04,129.87,131.91,128.57,129.22,6012413,96.63,116.81,3.95,57.85,119.65,126.28,132.63,132.63,0,,,119.65,119.65,1,2006-12-27,0,,,3,,
2007-01-05,129.15,133.36,129.15,132.07,10876547,97.0,121.18,3.97,62.67,122.93,126.43,133.36,132.63,0,,,122.93,122.93,1,2006-12-27,0,,,3,,
2007-01-08,133.07,133.07,130.24,131.51,6287116,97.35,121.18,3.89,61.19,122.62,126.57,133.36,133.36,0,,,122.62,122.93,1,2006-12-27,0,,,3,,
2007-01-09,131.35,133.21,131.06,132.39,10874688,97.72,121.18,3.77,62.68,123.27,126.76,133.36,133.36,0,,,123.27,123.27,1,2006-12-27,0,,,3,,
2007-01-10,132.04,132.78,126.57,128.26,7784364,98.06,121.18,3.94,52.48,120.49,126.77,133.36,133.36,0,,,120.49,123.27,1,2006-12-27,0,,,3,,
2007-01-11,129.15,132.04,126.57,129.49,12348913,98.42,121.18,4.05,54.84,121.21,126.92,133.36,133.36,0,,,121.21,123.27,1,2006-12-27,0,,,3,,
2007-01-12,132.78,142.18,132.2,141.09,12076322,98.88,121.18,4.67,69.97,128.28,127.47,142.18,133.36,1,141.09,128.28,128.28,128.28,1,2006-12-27,0,,,3,,
2007-01-15,141.89,142.79,138.58,138.99,3630418,99.34,122.76,4.64,65.68,127.48,127.88,142.79,142.18,0,,,127.48,128.28,1,2006-12-27,0,,,3,,
2007-01-16,140.01,140.75,137.73,139.31,7657237,99.81,123.34,4.52,66.02,127.96,128.28,142.79,142.79,0,,,127.96,128.28,1,2006-12-27,0,,,3,,
2007-01-17,139.31,144.23,138.29,143.2,5444538,100.33,126.57,4.62,69.94,131.47,128.84,144.23,142.79,1,143.2,131.47,131.47,131.47,1,2006-12-27,0,,,3,,
2007-01-18,143.2,144.39,139.35,140.94,6572808,100.84,126.57,4.65,65.23,130.0,129.36,144.39,144.23,0,,,130.0,131.47,1,2006-12-27,0,,,3,,
2007-01-19,140.94,143.95,138.46,142.99,5570653,101.34,126.57,4.71,67.38,131.28,129.92,144.39,144.39,0,,,131.28,131.47,1,2006-12-27,0,,,3,,
2007-01-22,144.3,144.95,140.03,141.8,5470146,101.8,126.57,4.73,64.88,130.5,130.4,144.95,144.39,0,,,130.5,131.47,1,2006-12-27,0,,,3,,
2007-01-23,141.48,142.19,138.6,139.93,8061328,102.26,126.57,4.64,61.04,129.35,130.8,144.95,144.95,0,,,129.35,131.47,1,2006-12-27,0,,,3,,
2007-01-24,144.97,144.97,140.51,141.42,4239680,102.73,126.57,4.67,62.92,130.29,131.55,144.97,144.95,0,,,130.29,131.47,1,2006-12-27,0,,,3,,
2007-01-25,143.37,145.11,140.53,143.87,5615687,103.22,126.57,4.67,65.84,131.88,132.46,145.11,144.97,0,,,131.88,131.88,1,2006-12-27,0,,,3,,
2007-01-29,143.87,143.87,137.9,138.72,3289594,103.66,126.57,4.76,55.88,128.49,133.06,145.11,145.11,0,,,128.49,131.88,1,2006-12-27,0,,,3,,
2007-01-31,140.76,141.77,135.13,136.56,11605544,104.09,126.57,4.89,52.3,127.01,133.4,145.11,145.11,0,,,127.01,131.88,1,2006-12-27,0,,,3,,
2007-02-01,138.0,138.87,136.75,138.23,4463508,104.54,126.57,4.71,54.71,128.21,133.8,145.11,145.11,0,,,128.21,131.88,1,2006-12-27,0,,,3,,
2007-02-02,139.29,139.81,136.56,137.12,9175600,104.98,126.57,4.61,52.8,127.56,134.08,145.11,145.11,0,,,127.56,131.88,1,2006-12-27,0,,,3,,
2007-02-05,139.26,139.26,136.14,137.39,3791012,105.43,132.2,4.5,53.23,129.68,134.46,145.11,145.11,0,,,129.68,131.88,1,2006-12-27,0,,,3,,
2007-02-06,137.83,141.7,137.35,139.0,6486381,105.9,135.13,4.49,55.8,131.71,134.96,145.11,145.11,0,,,131.71,131.88,1,2006-12-27,0,,,3,,
2007-02-07,139.45,143.65,139.31,142.67,10552954,106.39,135.13,4.5,61.07,134.07,135.58,145.11,145.11,0,,,134.07,134.07,1,2006-12-27,0,,,3,,
2007-02-08,143.37,145.84,142.22,145.07,9670144,106.89,135.13,4.44,64.08,135.66,136.27,145.84,145.11,0,,,135.66,135.66,1,2006-12-27,0,,,3,,
2007-02-09,144.97,146.56,142.48,144.55,6356273,107.39,135.13,4.41,62.94,135.34,136.87,146.56,145.84,0,,,135.34,135.66,1,2006-12-27,0,,,3,,
2007-02-12,143.67,143.67,135.9,140.2,7995729,107.85,135.13,4.71,54.27,132.33,137.22,146.56,146.56,0,,,132.33,135.66,1,2006-12-27,0,,,3,,
2007-02-13,139.31,143.5,137.28,138.71,8392224,108.3,135.13,4.82,51.65,131.3,137.47,146.56,146.56,0,,,131.3,135.66,1,2006-12-27,0,,,3,,
2007-02-14,135.29,137.13,129.33,132.69,17280609,108.71,129.33,5.15,42.67,125.26,137.58,146.56,146.56,0,,,125.26,135.66,1,2006-12-27,1,135.66,TRAILING_STOP,3,33,4.54
2007-02-15,133.5,138.54,133.18,137.8,8029477,109.15,129.33,5.2,50.53,128.53,137.83,146.56,146.56,0,,,128.53,,0,,0,,,,,
2007-02-19,138.2,143.07,137.03,142.24,9868732,109.62,129.33,5.26,56.16,131.35,138.25,146.56,146.56,0,,,131.35,,0,,0,,,,,
2007-02-20,142.93,143.34,140.05,140.68,5139178,110.09,129.33,5.12,53.84,130.44,138.63,146.56,146.56,0,,,130.44,,0,,0,,,,,
2007-02-21,143.22,143.22,139.64,140.66,4545046,110.55,129.33,5.01,53.81,130.5,138.92,146.56,146.56,0,,,130.5,,0,,0,,,,,
2007-02-22,141.34,142.5,136.14,137.3,11029672,110.99,129.33,5.1,48.79,128.27,139.11,146.56,146.56,0,,,128.27,,0,,0,,,,,
2007-02-23,138.55,138.55,129.52,131.62,9874238,111.41,129.33,5.38,41.7,124.42,139.08,146.56,146.56,0,,,124.42,,0,,0,,,,,
2007-02-26,132.6,134.0,127.12,131.18,8755928,111.83,127.12,5.49,41.2,123.32,139.18,146.56,146.56,0,,,123.32,,0,,0,,,,,
2007-02-27,131.18,131.18,124.16,127.09,13939706,112.22,124.16,5.6,36.79,119.63,139.1,146.56,146.56,0,,,119.63,,0,,0,,,,,
2007-02-28,123.32,124.65,116.31,120.37,16790884,112.55,116.31,5.97,30.93,112.43,138.41,146.56,146.56,0,,,112.43,,0,,0,,,,,
2007-03-01,121.89,124.58,119.57,124.12,5950268,112.91,116.31,5.9,36.96,114.89,137.91,146.56,146.56,0,,,114.89,,0,,0,,,,,
2007-03-02,123.34,124.65,121.2,122.31,9798750,113.22,116.31,5.73,35.36,113.84,137.35,146.56,146.56,0,,,113.84,,0,,0,,,,,
2007-03-05,124.14,124.14,115.11,119.22,11465025,113.49,115.11,5.96,32.74,111.29,136.55,146.56,146.56,0,,,111.29,,0,,0,,,,,
2007-03-06,122.62,124.64,120.44,123.04,8302492,113.79,115.11,5.92,38.77,113.78,135.95,146.56,146.56,0,,,113.78,,0,,0,,,,,
2007-03-07,128.06,128.06,118.7,120.25,9563603,114.07,115.11,6.17,36.22,111.82,135.19,146.56,146.56,0,,,111.82,,0,,0,,,,,
2007-03-08,120.59,126.08,119.57,125.23,8394276,114.38,115.11,6.19,43.38,115.01,134.64,146.56,146.56,0,,,115.01,,0,,0,,,,,
2007-03-09,126.49,127.51,122.76,124.59,8524791,114.67,115.11,6.09,42.72,114.67,134.13,146.56,146.56,0,,,114.67,,0,,0,,,,,
2007-03-12,125.52,127.65,124.16,126.06,9244818,114.98,115.11,5.9,44.81,115.74,133.62,143.67,146.56,0,,,115.74,,0,,0,,,,,
2007-03-13,126.43,127.84,125.72,127.35,6116357,115.3,115.11,5.63,46.65,116.75,133.07,143.5,143.67,0,,,116.75,,0,,0,,,,,
2007-03-14,123.32,123.32,118.56,120.36,5674245,115.56,115.11,5.86,39.05,112.1,132.46,143.34,143.5,0,,,112.1,,0,,0,,,,,
2007-03-15,121.17,123.69,118.28,119.56,9352101,115.83,115.11,5.83,38.28,111.6,131.89,143.34,143.34,0,,,111.6,,0,,0,,,,,
2007-03-16,119.38,120.44,116.25,117.54,6848446,116.06,115.11,5.71,36.34,110.38,131.2,143.34,143.34,0,,,110.38,,0,,0,,,,,
2007-03-19,120.15,120.15,115.87,119.36,5132853,116.28,115.11,5.61,39.33,111.62,130.61,143.34,143.34,0,,,111.62,,0,,0,,,,,
2007-03-20,120.99,121.31,119.01,119.57,5085140,116.51,115.11,5.37,39.68,111.91,130.01,143.22,143.34,0,,,111.91,,0,,0,,,,,
2007-03-21,120.15,126.93,119.86,126.33,12066664,116.77,115.11,5.51,49.78,116.18,129.59,142.5,143.22,0,,,116.18,,0,,0,,,,,
2007-03-22,140.81,143.66,127.41,130.54,12518187,117.08,115.11,6.36,54.85,118.33,129.19,143.66,142.5,0,,,118.33,,0,,0,,,,,
2007-03-23,126.25,133.07,126.25,129.38,12402808,117.38,115.11,6.39,53.26,117.56,128.66,143.66,143.66,0,,,117.56,,0,,0,,,,,
2007-03-26,130.45,131.64,126.25,127.07,8343780,117.66,115.87,6.32,50.13,116.37,128.08,143.66,143.66,0,,,116.37,,0,,0,,,,,
2007-03-28,125.68,126.25,123.56,124.48,5831386,117.91,115.87,6.12,46.81,114.83,127.56,143.66,143.66,0,,,114.83,,0,,0,,,,,
2007-03-29,124.72,126.06,121.46,124.11,13905226,118.17,115.87,6.01,46.34,114.67,127.07,143.66,143.66,0,,,114.67,,0,,0,,,,,
2007-03-30,116.62,125.31,116.62,123.83,6693731,118.42,115.87,6.2,45.96,114.36,126.77,143.66,143.66,0,,,114.36,,0,,0,,,,,
2007-04-02,119.08,120.4,116.1,116.66,10064664,118.62,115.87,6.31,37.53,109.66,126.07,143.66,143.66,0,,,109.66,,0,,0,,,,,
2007-04-03,117.25,118.21,114.78,117.24,9205817,118.83,114.78,6.11,38.51,109.81,125.24,143.66,143.66,0,,,109.81,,0,,0,,,,,
2007-04-04,118.56,120.71,118.41,119.13,4702060,119.06,114.78,5.92,41.73,111.15,124.52,143.66,143.66,0,,,111.15,,0,,0,,,,,
2007-04-05,119.43,122.46,117.69,121.7,4127128,119.3,114.78,5.84,45.88,112.87,123.89,143.66,143.66,0,,,112.87,,0,,0,,,,,
2007-04-09,128.06,128.06,119.72,124.54,3719144,119.56,114.78,6.01,50.1,114.58,123.46,143.66,143.66,0,,,114.58,,0,,0,,,,,
2007-04-10,124.54,125.38,121.68,124.47,5542872,119.82,114.78,5.85,50.0,114.64,123.22,143.66,143.66,0,,,114.64,,0,,0,,,,,
2007-04-11,124.51,126.52,123.67,124.72,3734764,120.07,114.78,5.63,50.39,114.95,123.01,143.66,143.66,0,,,114.95,,0,,0,,,,,
2007-04-12,121.89,124.05,121.11,123.24,4180379,120.32,114.78,5.49,47.98,114.09,122.88,143.66,143.66,0,,,114.09,,0,,0,,,,,
2007-04-13,125.38,127.55,123.49,126.75,5022996,120.57,114.78,5.41,53.65,116.41,123.09,143.66,143.66,0,,,116.41,,0,,0,,,,,
2007-04-16,127.84,129.7,127.41,128.9,3730963,120.83,114.78,5.23,56.76,117.91,123.25,143.66,143.66,0,,,117.91,,0,,0,,,,,
2007-04-17,130.45,130.45,128.0,129.73,5133309,121.1,114.78,5.03,57.93,118.58,123.5,143.66,143.66,0,,,118.58,,0,,0,,,,,
2007-04-18,129.87,132.2,129.29,130.45,4467380,121.38,114.78,4.88,58.97,119.15,123.87,143.66,143.66,0,,,119.15,,0,,0,,,,,
2007-04-19,129.87,132.34,126.99,131.35,5605633,121.67,114.78,4.91,60.3,119.7,124.15,143.66,143.66,0,,,119.7,,0,,0,,,,,
2007-04-20,131.47,133.65,131.04,133.02,5456390,121.97,114.78,4.75,62.7,120.89,124.58,143.66,143.66,0,,,120.89,,0,,0,,,,,
2007-04-23,132.78,134.16,130.94,133.15,3498363,122.28,114.78,4.64,62.88,121.05,124.84,134.16,143.66,0,,,121.05,,0,,0,,,,,
2007-04-24,131.33,139.16,131.33,137.87,12207998,122.61,114.78,4.87,69.0,123.94,125.28,139.16,134.16,1,137.87,123.94,123.94,123.94,1,2007-04-24,0,,,4,,
2007-04-25,138.58,140.89,135.68,139.73,11063739,122.93,117.69,4.89,71.02,126.09,125.74,140.89,139.16,0,,,126.09,126.09,1,2007-04-24,0,,,4,,
2007-04-26,140.06,144.34,138.59,139.52,11903221,123.23,117.69,4.95,70.46,125.92,126.14,144.34,140.89,0,,,125.92,126.09,1,2007-04-24,0,,,4,,
2007-04-27,139.99,139.99,134.95,135.7,6855590,123.51,119.72,4.96,61.04,124.13,126.65,144.34,144.34,0,,,124.13,126.09,1,2007-04-24,0,,,4,,
2007-04-30,129.15,129.15,122.2,125.64,22083963,123.73,121.11,5.57,44.25,117.69,126.86,144.34,144.34,0,,,117.69,126.09,1,2007-04-24,1,126.09,TRAILING_STOP|SMA150_BREAK,4,5,-8.54
2007-05-03,130.31,130.31,125.47,126.23,12229816,123.94,121.11,5.52,45.2,118.11,127.15,144.34,144.34,0,,,118.11,,0,,0,,,,,
2007-05-04,127.53,127.53,123.63,124.19,12527520,124.14,121.11,5.4,42.5,116.87,127.31,144.34,144.34,0,,,116.87,,0,,0,,,,,
2007-05-07,126.89,126.89,122.04,122.44,8966732,124.32,122.04,5.36,40.28,116.08,127.4,144.34,144.34,0,,,116.08,,0,,0,,,,,
2007-05-08,122.62,124.8,121.46,121.86,8150774,124.5,121.46,5.22,39.54,115.61,127.25,144.34,144.34,0,,,115.61,,0,,0,,,,,
2007-05-09,122.62,123.7,119.91,123.25,8968773,124.68,119.91,5.12,42.27,116.06,127.01,144.34,144.34,0,,,116.06,,0,,0,,,,,
2007-05-10,124.65,124.8,122.05,122.32,6196745,124.84,119.91,4.95,40.94,115.57,126.78,144.34,144.34,0,,,115.57,,0,,0,,,,,
2007-05-11,121.17,124.8,119.3,123.12,9460143,124.99,119.3,4.99,42.61,115.85,126.64,144.34,144.34,0,,,115.85,,0,,0,,,,,
2007-05-14,124.08,126.78,123.63,126.3,5834378,125.15,119.3,4.89,48.83,117.97,126.71,144.34,144.34,0,,,117.97,,0,,0,,,,,
2007-05-15,126.25,129.13,126.25,128.69,9449599,125.33,119.3,4.75,52.96,119.61,126.86,144.34,144.34,0,,,119.61,,0,,0,,,,,
2007-05-16,128.69,134.05,128.69,133.3,11380539,125.55,119.3,4.79,59.7,122.55,127.17,144.34,144.34,0,,,122.55,,0,,0,,,,,
2007-05-17,135.68,138.51,135.16,136.12,12869813,125.78,119.3,4.82,63.18,124.35,127.82,144.34,144.34,0,,,124.35,,0,,0,,,,,
2007-05-18,134.95,138.57,134.95,138.02,9256445,126.02,119.3,4.74,65.35,125.63,128.51,144.34,144.34,0,,,125.63,,0,,0,,,,,
2007-05-21,138.58,139.89,135.72,136.84,10562799,126.25,119.3,4.7,62.87,124.9,129.11,144.34,144.34,0,,,124.9,,0,,0,,,,,
2007-05-22,136.96,137.28,134.1,134.74,8586699,126.47,119.3,4.59,58.61,123.62,129.54,144.34,144.34,0,,,123.62,,0,,0,,,,,
2007-05-23,137.13,137.13,132.49,133.19,5731957,126.69,119.3,4.59,55.62,122.61,129.83,144.34,144.34,0,,,122.61,,0,,0,,,,,
2007-05-24,132.05,134.95,131.34,132.24,5603114,126.9,119.3,4.52,53.8,122.05,130.09,144.34,144.34,0,,,122.05,,0,,0,,,,,
2007-05-25,130.6,133.1,127.88,132.44,5705348,127.12,119.3,4.57,54.14,122.14,130.34,144.34,144.34,0,,,122.14,,0,,0,,,,,
2007-05-28,133.34,135.69,132.92,133.91,5430370,127.34,119.3,4.48,56.66,123.15,130.7,139.99,144.34,0,,,123.15,,0,,0,,,,,
2007-05-29,133.94,135.1,133.07,133.59,4301231,127.53,119.3,4.3,55.94,123.06,130.93,139.89,139.99,0,,,123.06,,0,,0,,,,,
2007-05-30,133.33,133.79,131.78,132.58,3620303,127.72,119.3,4.14,53.62,122.52,131.05,139.89,139.89,0,,,122.52,,0,,0,,,,,
2007-05-31,134.65,134.65,132.05,133.38,6080646,127.88,119.3,4.03,55.21,123.11,131.17,139.89,139.89,0,,,123.11,,0,,0,,,,,
2007-06-01,134.23,136.23,133.81,135.02,6785971,128.07,123.63,3.94,58.35,125.67,131.33,139.89,139.89,0,,,125.67,,0,,0,,,,,
2007-06-04,135.02,136.55,133.81,135.44,4030059,128.25,126.25,3.86,59.13,126.87,131.46,139.89,139.89,0,,,126.87,,0,,0,,,,,
2007-06-05,135.5,137.96,134.55,136.27,8797184,128.46,127.88,3.83,60.72,127.97,131.57,139.89,139.89,0,,,127.97,,0,,0,,,,,
2007-06-06,136.55,136.55,132.05,132.23,4585625,128.61,127.88,3.87,50.46,125.33,131.54,139.89,139.89,0,,,125.33,,0,,0,,,,,
2007-06-07,132.05,134.07,130.6,131.92,3529416,128.76,127.88,3.85,49.76,125.15,131.34,139.89,139.89,0,,,125.15,,0,,0,,,,,
2007-06-08,130.6,132.69,128.86,131.1,4199002,128.87,127.88,3.84,47.89,124.62,131.05,139.89,139.89,0,,,124.62,,0,,0,,,,,
2007-06-11,133.5,133.79,130.6,130.88,2286124,128.99,127.88,3.8,47.37,124.51,130.76,139.89,139.89,0,,,124.51,,0,,0,,,,,
2007-06-12,131.04,133.98,130.02,133.41,3703485,129.13,127.88,3.81,53.57,126.14,130.69,139.89,139.89,0,,,126.14,,0,,0,,,,,
2007-06-13,133.66,135.87,132.05,132.62,6956130,129.26,127.88,3.81,51.53,125.63,130.92,139.89,139.89,0,,,125.63,,0,,0,,,,,
2007-06-14,134.25,135.71,132.27,132.9,5188738,129.39,127.88,3.78,52.23,125.82,131.14,139.89,139.89,0,,,125.82,,0,,0,,,,,
2007-06-15,134.19,135.38,132.48,133.32,8945095,129.54,128.86,3.72,53.31,126.46,131.45,139.89,139.89,0,,,126.46,,0,,0,,,,,
2007-06-18,135.87,135.87,134.25,134.8,4568426,129.69,128.86,3.64,57.0,127.47,131.86,137.96,139.89,0,,,127.47,,0,,0,,,,,
2007-06-19,135.27,139.37,135.01,138.67,10285154,129.86,128.86,3.7,64.84,129.93,132.42,139.37,137.96,1,138.67,129.93,129.93,129.93,1,2007-06-19,0,,,5,,
2007-06-20,139.38,141.1,138.79,139.11,8112236,130.01,128.86,3.61,65.61,130.27,132.95,141.1,139.37,0,,,130.27,130.27,1,2007-06-19,0,,,5,,
2007-06-21,139.97,139.97,137.73,139.37,7307657,130.14,128.86,3.51,66.08,130.5,133.52,141.1,141.1,0,,,130.5,130.5,1,2007-06-19,0,,,5,,
2007-06-22,139.37,141.84,138.98,140.05,11634111,130.26,128.86,3.47,67.34,130.97,134.08,141.84,141.1,0,,,130.97,130.97,1,2007-06-19,0,,,5,,
2007-06-25,140.11,140.11,136.45,139.76,6185190,130.36,128.86,3.48,66.21,130.78,134.53,141.84,141.84,0,,,130.78,130.97,1,2007-06-19,0,,,5,,
2007-06-26,141.58,141.58,136.45,138.78,4327708,130.43,128.86,3.6,62.4,130.07,134.87,141.84,141.84,0,,,130.07,130.97,1,2007-06-19,0,,,5,,
2007-06-27,138.57,139.09,137.22,137.63,2839446,130.49,128.86,3.48,58.17,129.41,135.01,141.84,141.84,0,,,129.41,130.97,1,2007-06-19,0,,,5,,
2007-06-28,138.21,139.09,137.22,138.33,5482988,130.57,128.86,3.36,59.95,129.94,135.08,141.84,141.84,0,,,129.94,130.97,1,2007-06-19,0,,,5,,
2007-06-29,138.52,140.71,138.52,140.18,8751396,130.67,130.02,3.29,64.27,131.56,135.16,141.84,141.84,0,,,131.56,131.56,1,2007-06-19,0,,,5,,
2007-07-02,144.0,144.0,138.65,139.41,3542055,130.76,130.02,3.44,61.31,130.97,135.24,144.0,141.84,0,,,130.97,131.56,1,2007-06-19,0,,,5,,
2007-07-03,139.82,143.04,138.74,141.83,8102682,130.85,132.05,3.5,66.54,133.16,135.48,144.0,144.0,0,,,133.16,133.16,1,2007-06-19,0,,,5,,
2007-07-04,143.05,145.84,140.64,144.66,8392994,130.97,132.27,3.62,71.4,134.98,135.86,145.84,144.0,1,144.66,134.98,134.98,134.98,1,2007-06-19,0,,,5,,
2007-07-05,145.4,148.04,142.33,147.25,18789859,131.1,132.48,3.77,74.99,136.62,136.36,148.04,145.84,0,,,136.62,136.62,1,2007-06-19,0,,,5,,
2007-07-06,146.72,148.18,143.36,144.0,28157486,131.21,134.25,3.85,64.12,135.07,136.75,148.18,148.04,0,,,135.07,136.62,1,2007-06-19,0,,,5,,
2007-07-09,143.77,144.33,139.77,142.42,12936533,131.33,135.01,3.9,59.6,134.27,137.03,148.18,148.18,0,,,134.27,136.62,1,2007-06-19,0,,,5,,
2007-07-10,142.42,143.19,140.88,141.43,6319021,131.44,136.45,3.78,56.9,134.18,137.29,148.18,148.18,0,,,134.18,136.62,1,2007-06-19,0,,,5,,
2007-07-11,140.85,141.9,139.45,139.9,5894850,131.53,136.45,3.69,52.9,133.26,137.54,148.18,148.18,0,,,133.26,136.62,1,2007-06-19,0,,,5,,
2007-07-12,141.43,143.36,140.43,141.97,6348562,131.62,136.45,3.67,57.27,134.61,137.82,148.18,148.18,0,,,134.61,136.62,1,2007-06-19,0,,,5,,
2007-07-13,143.2,145.43,141.97,142.68,12951504,131.73,136.45,3.66,58.69,135.07,138.08,148.18,148.18,0,,,135.07,136.62,1,2007-06-19,0,,,5,,
2007-07-16,142.68,143.62,141.78,142.45,5022682,131.85,136.45,3.53,58.02,135.01,138.31,148.18,148.18,0,,,135.01,136.62,1,2007-06-19,0,,,5,,
2007-07-17,139.09,145.06,139.09,142.86,9871235,131.96,137.22,3.7,58.92,135.42,138.53,148.18,148.18,0,,,135.42,136.62,1,2007-06-19,0,,,5,,
2007-07-18,143.05,144.81,141.6,144.27,5572512,132.07,137.22,3.67,61.95,136.35,138.93,148.18,148.18,0,,,136.35,136.62,1,2007-06-19,0,,,5,,
2007-07-19,145.25,146.7,144.01,145.19,10105909,132.19,138.52,3.6,63.82,137.42,139.37,148.18,148.18,0,,,137.42,137.42,1,2007-06-19,0,,,5,,
2007-07-20,145.89,147.23,144.09,144.64,9280810,132.36,138.65,3.56,61.86,137.13,139.83,148.18,148.18,0,,,137.13,137.42,1,2007-06-19,0,,,5,,
2007-07-23,144.22,144.22,140.31,142.33,7860440,132.53,138.74,3.62,54.31,135.64,140.21,148.18,148.18,0,,,135.64,137.42,1,2007-06-19,0,,,5,,
2007-07-24,142.32,145.42,141.75,142.26,7359896,132.67,139.09,3.62,54.1,135.71,140.5,148.18,148.18,0,,,135.71,137.42,1,2007-06-19,0,,,5,,
2007-07-25,142.06,142.12,139.67,140.61,6353171,132.77,139.09,3.55,49.15,134.69,140.77,148.18,148.18,0,,,134.69,137.42,1,2007-06-19,0,,,5,,
2007-07-26,140.99,141.93,138.08,138.58,8569929,132.85,138.08,3.57,43.83,133.03,140.96,148.18,148.18,0,,,133.03,137.42,1,2007-06-19,0,,,5,,
2007-07-27,136.45,137.17,132.19,134.16,17124558,132.89,132.19,3.77,34.97,128.08,140.99,148.18,148.18,0,,,128.08,137.42,1,2007-06-19,1,137.42,TRAILING_STOP|SMA150_BREAK,5,29,-0.9
2007-07-30,133.51,137.91,132.23,135.42,10306378,132.95,132.19,3.91,38.77,128.8,141.01,148.18,148.18,0,,,128.8,,0,,0,,,,,
2007-07-31,136.56,137.62,132.78,136.07,10873538,133.03,132.19,3.97,40.7,129.18,140.92,148.18,148.18,0,,,129.18,,0,,0,,,,,
2007-08-01,134.98,134.98,129.86,130.72,25683757,133.07,129.86,4.13,31.82,124.85,140.64,148.18,148.18,0,,,124.85,,0,,0,,,,,
2007-08-02,132.04,132.85,129.34,132.25,9492191,133.13,129.34,4.09,36.11,125.69,140.4,148.18,148.18,0,,,125.69,,0,,0,,,,,
2007-08-03,134.25,134.98,132.93,134.32,6650649,133.18,129.34,3.99,41.48,127.09,140.21,147.23,148.18,0,,,127.09,,0,,0,,,,,
2007-08-06,134.32,134.32,128.58,130.12,10480184,133.18,128.58,4.12,35.05,124.04,139.89,147.23,147.23,0,,,124.04,,0,,0,,,,,
2007-08-07,132.78,134.67,126.95,127.63,19244560,133.16,126.95,4.37,31.89,121.72,139.52,147.23,147.23,0,,,121.72,,0,,0,,,,,
2007-08-08,129.11,131.16,128.08,129.7,24706594,133.16,126.95,4.31,36.97,123.1,139.25,147.23,147.23,0,,,123.1,,0,,0,,,,,
2007-08-09,130.58,134.98,129.7,130.53,18507296,133.16,126.95,4.38,38.94,123.59,138.99,147.23,147.23,0,,,123.59,,0,,0,,,,,
2007-08-10,127.64,127.64,123.26,126.78,16018172,133.14,123.26,4.59,33.81,119.8,138.55,147.23,147.23,0,,,119.8,,0,,0,,,,,
2007-08-13,129.11,129.11,126.91,128.21,12814901,133.13,123.26,4.43,37.21,120.83,138.17,147.23,147.23,0,,,120.83,,0,,0,,,,,
2007-08-14,130.4,130.4,128.26,128.91,5403227,133.11,123.26,4.27,38.86,121.39,137.74,147.23,147.23,0,,,121.39,,0,,0,,,,,
2007-08-16,123.55,123.55,119.8,122.09,20469410,133.05,119.8,4.61,30.44,115.61,136.99,147.23,147.23,0,,,115.61,,0,,0,,,,,
2007-08-17,121.48,126.43,118.11,121.0,31415428,132.97,118.11,4.88,29.35,114.16,136.12,147.23,147.23,0,,,114.16,,0,,0,,,,,
2007-08-20,127.61,130.4,125.6,127.99,15571094,132.97,118.11,5.2,43.4,118.46,135.58,145.42,147.23,0,,,118.46,,0,,0,,,,,
2007-08-21,127.64,127.94,120.65,121.64,13393759,132.92,118.11,5.35,36.33,114.26,134.89,145.42,145.42,0,,,114.26,,0,,0,,,,,
2007-08-22,123.24,125.14,118.99,124.14,16662409,132.81,118.11,5.41,40.44,115.83,134.31,142.12,145.42,0,,,115.83,,0,,0,,,,,
2007-08-23,125.88,127.5,120.62,121.03,13447049,132.69,118.11,5.52,37.22,113.76,133.68,141.93,142.12,0,,,113.76,,0,,0,,,,,
2007-08-24,122.59,123.1,120.63,122.33,11255838,132.57,118.11,5.3,39.4,114.74,133.03,137.91,141.93,0,,,114.74,,0,,0,,,,,
2007-08-27,126.16,130.27,125.02,129.63,34622373,132.48,118.11,5.49,49.89,119.32,132.6,137.91,137.91,0,,,119.32,,0,,0,,,,,
2007-08-28,129.63,129.63,125.88,126.6,24395607,132.39,118.11,5.36,46.3,117.45,132.07,137.62,137.91,0,,,117.45,,0,,0,,,,,
2007-08-29,125.44,126.6,123.43,125.75,24976088,132.27,118.11,5.21,45.32,117.01,131.5,134.98,137.62,0,,,117.01,,0,,0,,,,,
2007-08-30,127.64,128.76,126.18,128.09,20523464,132.18,118.11,5.05,48.56,118.62,130.96,134.98,134.98,0,,,118.62,,0,,0,,,,,
2007-08-31,128.09,131.25,127.5,130.34,13023824,132.12,118.11,4.96,51.53,120.13,130.46,134.98,134.98,0,,,120.13,,0,,0,,,,,
2007-09-03,130.59,133.66,130.59,133.2,16110303,132.06,118.11,4.84,55.09,122.06,130.08,134.98,134.98,0,,,122.06,,0,,0,,,,,
2007-09-04,134.56,135.92,132.19,133.31,10265084,131.99,118.11,4.76,55.22,122.18,129.78,135.92,134.98,0,,,122.18,,0,,0,,,,,
2007-09-05,133.59,135.71,132.78,134.3,16918280,131.96,118.11,4.63,56.5,122.91,129.52,135.92,135.92,0,,,122.91,,0,,0,,,,,
2007-09-06,133.07,135.4,132.5,135.11,5454031,131.95,118.11,4.51,57.56,123.51,129.33,135.92,135.92,0,,,123.51,,0,,0,,,,,
2007-09-07,135.71,136.54,134.25,134.99,15637484,131.93,118.99,4.35,57.34,123.83,129.21,136.54,135.92,0,,,123.83,,0,,0,,,,,
2007-09-10,133.51,134.39,132.53,133.64,6993596,131.91,118.99,4.21,54.76,123.05,129.19,136.54,136.54,0,,,123.05,,0,,0,,,,,
2007-09-11,134.39,134.83,131.88,132.27,6845729,131.87,118.99,4.12,52.19,122.23,129.09,136.54,136.54,0,,,122.23,,0,,0,,,,,
2007-09-12,133.66,133.66,129.4,129.9,9566381,131.81,120.62,4.13,47.99,121.24,128.88,136.54,136.54,0,,,121.24,,0,,0,,,,,
2007-09-13,130.14,132.06,129.46,129.7,14842063,131.73,120.63,4.02,47.64,121.18,128.85,136.54,136.54,0,,,121.18,,0,,0,,,,,
2007-09-14,130.43,135.57,130.43,132.97,23959496,131.65,123.43,4.16,53.57,124.14,128.87,136.54,136.54,0,,,124.14,,0,,0,,,,,
2007-09-17,133.22,133.95,130.71,131.33,6581168,131.56,123.43,4.09,50.48,123.12,128.77,136.54,136.54,0,,,123.12,,0,,0,,,,,
2007-09-18,131.31,136.59,130.87,135.65,14328611,131.53,123.43,4.21,57.44,125.83,128.96,136.59,136.54,0,,,125.83,,0,,0,,,,,
2007-09-19,137.91,143.64,137.91,142.84,35467580,131.56,126.18,4.48,66.01,131.21,129.47,143.64,136.59,1,142.84,131.21,131.21,131.21,1,2007-09-19,0,,,6,,
2007-09-20,142.31,143.78,140.62,141.89,18685216,131.62,127.5,4.38,64.17,131.1,129.87,143.78,143.64,0,,,131.1,131.21,1,2007-09-19,0,,,6,,
2007-09-21,141.89,143.61,140.73,141.74,10728487,131.64,129.4,4.28,63.87,131.71,130.25,143.78,143.78,0,,,131.71,131.71,1,2007-09-19,0,,,6,,
2007-09-24,143.05,146.57,143.05,146.17,20870426,131.67,129.4,4.31,68.57,134.54,130.89,146.57,143.78,1,146.17,134.54,134.54,134.54,1,2007-09-19,0,,,6,,
2007-09-25,146.68,147.9,142.12,145.7,15888323,131.7,129.4,4.42,67.57,134.16,131.48,147.9,146.57,0,,,134.16,134.54,1,2007-09-19,0,,,6,,
2007-09-26,146.32,151.54,145.85,149.65,21556595,131.76,129.4,4.52,71.37,136.64,132.17,151.54,147.9,1,149.65,136.64,136.64,136.64,1,2007-09-19,0,,,6,,
2007-09-27,152.59,152.59,148.23,150.86,22832656,131.85,129.4,4.51,72.44,137.43,133.13,152.59,151.54,0,,,137.43,137.43,1,2007-09-19,0,,,6,,
2007-09-28,152.59,156.97,150.68,155.87,23746734,132.02,129.4,4.64,76.36,140.58,134.29,156.97,152.59,1,155.87,140.58,140.58,140.58,1,2007-09-19,0,,,6,,
2007-10-01,156.69,156.69,151.85,155.2,17555378,132.18,129.4,4.65,74.83,140.14,135.19,156.97,156.97,0,,,140.14,140.58,1,2007-09-19,0,,,6,,
2007-10-03,155.81,165.11,154.05,159.41,27840818,132.39,129.4,5.11,77.84,142.55,136.45,165.11,156.97,1,159.41,142.55,142.55,142.55,1,2007-09-19,0,,,6,,
2007-10-04,158.44,158.45,149.36,156.69,18966882,132.63,129.46,5.46,71.85,140.58,137.54,165.11,165.11,0,,,140.58,142.55,1,2007-09-19,0,,,6,,
2007-10-05,156.84,158.31,150.38,152.06,14728851,132.82,130.43,5.64,62.98,137.8,138.57,165.11,165.11,0,,,137.8,142.55,1,2007-09-19,0,,,6,,
2007-10-08,152.59,153.71,146.86,149.83,12155764,133.0,130.71,5.72,59.19,136.39,139.49,165.11,165.11,0,,,136.39,142.55,1,2007-09-19,0,,,6,,
2007-10-09,147.02,154.79,143.05,153.41,23197344,133.23,130.87,6.15,63.04,138.47,140.28,165.11,165.11,0,,,138.47,142.55,1,2007-09-19,0,,,6,,
2007-10-10,154.49,158.16,154.49,157.07,13133923,133.46,137.91,6.05,66.51,143.24,141.3,165.11,165.11,0,,,143.24,143.24,1,2007-09-19,0,,,6,,
2007-10-11,152.09,161.23,152.09,160.1,12899755,133.72,140.62,6.27,69.1,145.95,142.44,165.11,165.11,0,,,145.95,145.95,1,2007-09-19,0,,,6,,
2007-10-12,155.96,158.88,153.17,154.79,12388541,133.92,140.73,6.32,60.3,142.54,143.33,165.11,165.11,0,,,142.54,145.95,1,2007-09-19,0,,,6,,
2007-10-15,155.52,161.86,155.52,161.01,13437506,134.16,142.12,6.37,65.8,146.97,144.36,165.11,165.11,0,,,146.97,146.97,1,2007-09-19,0,,,6,,
2007-10-16,161.39,173.55,159.05,170.14,33566995,134.46,142.12,6.96,71.94,152.48,145.59,173.55,165.11,1,170.14,152.48,152.48,152.48,1,2007-09-19,0,,,6,,
2007-10-17,155.52,169.02,149.65,163.9,19915863,134.7,143.05,7.92,63.54,148.12,146.61,173.55,173.55,0,,,148.12,152.48,1,2007-09-19,1,152.48,TRAILING_STOP,6,20,6.75
2007-10-18,164.03,168.72,148.62,152.07,37261845,134.91,143.05,8.79,51.31,139.91,147.2,173.55,173.55,0,,,139.91,,0,,0,,,,,
2007-10-19,152.54,156.17,143.94,150.06,37034063,135.12,143.05,9.04,49.57,138.45,147.7,173.55,173.55,0,,,138.45,,0,,0,,,,,
2007-10-22,146.73,159.33,146.73,155.72,28803115,135.37,143.05,9.29,54.28,141.93,148.39,173.55,173.55,0,,,141.93,,0,,0,,,,,
2007-10-23,157.72,162.86,157.72,161.68,18589890,135.65,143.05,9.14,58.67,145.87,149.32,173.55,173.55,0,,,145.87,,0,,0,,,,,
2007-10-24,163.59,166.67,159.95,161.37,17611033,135.93,143.05,8.97,58.35,145.79,150.29,173.55,173.55,0,,,145.79,,0,,0,,,,,
2007-10-25,160.51,172.39,159.92,167.94,35422145,136.21,143.05,9.22,62.88,149.86,151.56,173.55,173.55,0,,,149.86,,0,,0,,,,,
2007-10-26,161.42,176.06,161.42,174.23,15132095,136.5,143.05,9.6,66.62,153.66,153.04,176.06,173.55,1,174.23,153.66,153.66,153.66,1,2007-10-26,0,,,7,,
2007-10-29,177.54,186.62,175.4,182.02,27834911,136.85,143.05,9.8,70.57,158.55,154.68,186.62,176.06,0,,,158.55,158.55,1,2007-10-26,0,,,7,,
2007-10-30,183.58,189.84,176.45,181.96,27964673,137.22,143.94,10.06,70.5,158.64,156.37,189.84,186.62,0,,,158.64,158.64,1,2007-10-26,0,,,7,,
2007-10-31,182.08,186.48,178.06,183.99,11675427,137.61,143.94,9.94,71.52,160.03,157.98,189.84,189.84,0,,,160.03,160.03,1,2007-10-26,0,,,7,,
2007-11-01,186.33,193.37,181.93,190.48,27922845,138.06,143.94,10.05,74.55,164.14,159.57,193.37,189.84,1,190.48,164.14,164.14,164.14,1,2007-10-26,0,,,7,,
2007-11-02,182.31,197.92,181.34,195.63,10804777,138.53,143.94,10.52,76.67,167.15,161.36,197.92,193.37,0,,,167.15,167.15,1,2007-10-26,0,,,7,,
2007-11-05,195.11,195.13,183.42,186.31,23547826,139.0,143.94,10.64,65.96,161.06,162.84,197.92,197.92,0,,,161.06,167.15,1,2007-10-26,0,,,7,,
2007-11-06,190.64,190.64,178.59,182.19,15129570,139.43,143.94,10.74,61.85,158.33,164.04,197.92,197.92,0,,,158.33,167.15,1,2007-10-26,0,,,7,,
2007-11-07,185.99,187.8,175.18,176.18,18780784,139.81,143.94,10.87,56.34,154.37,165.06,197.92,197.92,0,,,154.37,167.15,1,2007-10-26,0,,,7,,
2007-11-08,171.22,175.03,169.9,171.52,13766175,140.14,143.94,10.54,52.44,151.58,165.79,197.92,197.92,0,,,151.58,167.15,1,2007-10-26,0,,,7,,
2007-11-12,161.4,170.48,159.04,168.04,17412956,140.43,146.73,10.68,49.67,150.17,166.36,197.92,197.92,0,,,150.17,167.15,1,2007-10-26,1,167.15,TRAILING_STOP,7,11,-4.06
2007-11-13,167.99,175.97,162.86,172.2,17420128,140.75,157.72,10.86,52.87,156.41,166.91,197.92,197.92,0,,,156.41,,0,,0,,,,,
2007-11-14,180.95,191.17,177.0,187.58,15734240,141.17,159.04,11.43,62.4,166.38,167.99,197.92,197.92,0,,,166.38,,0,,0,,,,,
2007-11-15,187.8,189.98,179.38,182.17,10182821,141.56,159.04,11.38,57.96,162.93,168.74,197.92,197.92,0,,,162.93,,0,,0,,,,,
2007-11-16,177.53,182.54,176.79,179.0,11563205,141.91,159.04,10.97,55.47,161.15,169.49,197.92,197.92,0,,,161.15,,0,,0,,,,,
2007-11-19,179.73,181.93,172.83,174.26,16436227,142.21,159.04,10.84,51.88,158.18,170.23,197.92,197.92,0,,,158.18,,0,,0,,,,,
2007-11-20,171.8,177.53,167.99,170.26,13602094,142.48,159.04,10.75,49.0,155.67,170.91,197.92,197.92,0,,,155.67,,0,,0,,,,,
2007-11-21,172.39,172.39,158.45,162.33,21321360,142.7,158.45,10.97,43.81,150.2,171.21,197.92,197.92,0,,,150.2,,0,,0,,,,,
2007-11-22,162.86,170.26,159.22,168.04,14613747,142.94,158.45,10.98,48.07,153.88,171.57,197.92,197.92,0,,,153.88,,0,,0,,,,,
2007-11-23,165.78,170.16,162.86,167.17,10814479,143.17,158.45,10.72,47.48,153.5,171.81,197.92,197.92,0,,,153.5,,0,,0,,,,,
2007-11-26,170.91,172.83,168.55,169.72,10700959,143.41,158.45,10.36,49.45,155.38,172.31,197.92,197.92,0,,,155.38,,0,,0,,,,,
2007-11-27,167.97,167.97,162.12,166.13,15683420,143.6,158.45,10.16,46.79,153.2,172.48,197.92,197.92,0,,,153.2,,0,,0,,,,,
2007-11-28,171.64,171.64,163.79,164.75,17303594,143.77,158.45,9.99,45.78,152.42,172.3,197.92,197.92,0,,,152.42,,0,,0,,,,,
2007-11-29,168.43,173.86,167.26,170.45,16314149,143.97,158.45,9.93,50.56,156.14,172.52,197.92,197.92,0,,,156.14,,0,,0,,,,,
2007-11-30,171.66,175.11,168.23,172.89,11007799,144.22,158.45,9.71,52.49,157.86,173.21,197.92,197.92,0,,,157.86,,0,,0,,,,,
2007-12-03,173.13,174.3,169.64,170.48,19461491,144.52,158.45,9.35,50.39,156.54,173.89,195.13,197.92,0,,,156.54,,0,,0,,,,,
2007-12-04,170.92,170.92,166.26,167.21,14058313,144.79,158.45,9.02,47.62,154.66,174.27,191.17,195.13,0,,,154.66,,0,,0,,,,,
2007-12-05,167.99,172.69,165.94,170.79,23374835,145.11,158.45,8.85,50.81,157.07,174.58,191.17,191.17,0,,,157.07,,0,,0,,,,,
2007-12-06,175.88,178.95,173.13,176.16,16549208,145.46,158.45,8.81,55.22,160.57,175.07,191.17,191.17,0,,,160.57,,0,,0,,,,,
2007-12-07,177.97,183.4,176.39,183.04,17958550,145.87,158.45,8.69,60.15,165.08,175.57,191.17,191.17,0,,,165.08,,0,,0,,,,,
2007-12-10,183.41,188.5,181.49,186.54,14356430,146.29,158.45,8.57,62.42,167.42,175.98,191.17,191.17,0,,,167.42,,0,,0,,,,,
2007-12-11,186.54,194.63,186.32,192.83,15404339,146.76,158.45,8.55,66.14,171.49,176.34,194.63,191.17,1,192.83,171.49,171.49,171.49,1,2007-12-11,0,,,8,,
2007-12-12,187.06,192.62,186.33,189.25,13529422,147.2,159.22,8.41,62.35,169.53,176.59,194.63,194.63,0,,,169.53,171.49,1,2007-12-11,0,,,8,,
2007-12-13,189.26,190.66,180.62,182.35,13176014,147.58,162.12,8.52,55.73,165.97,176.53,194.63,194.63,0,,,165.97,171.49,1,2007-12-11,0,,,8,,
2007-12-14,177.56,183.75,176.5,177.08,11536921,147.9,162.12,8.43,51.25,162.63,176.08,194.63,194.63,0,,,162.63,171.49,1,2007-12-11,0,,,8,,
2007-12-17,181.75,181.75,169.46,171.11,10195174,148.15,162.12,8.71,46.67,158.6,175.27,194.63,194.63,0,,,158.6,171.49,1,2007-12-11,1,171.49,TRAILING_STOP,8,5,-11.07
2007-12-18,171.66,173.39,165.83,167.0,17114284,148.36,163.79,8.63,43.77,156.56,174.62,194.63,194.63,0,,,156.56,,0,,0,,,,,
2007-12-19,171.56,172.34,168.45,170.69,14197265,148.58,165.83,8.39,46.96,159.78,174.24,194.63,194.63,0,,,159.78,,0,,0,,,,,
2007-12-20,172.39,173.13,168.01,169.82,7737653,148.8,165.83,8.16,46.29,159.37,174.03,194.63,194.63,0,,,159.37,,0,,0,,,,,
2007-12-24,170.19,178.11,169.9,176.93,14081831,149.08,165.83,8.17,52.25,163.95,174.21,194.63,194.63,0,,,163.95,,0,,0,,,,,
2007-12-26,181.93,183.01,173.9,178.83,5289344,149.38,165.83,8.23,53.73,165.13,174.57,194.63,194.63,0,,,165.13,,0,,0,,,,,
2007-12-27,180.75,184.86,179.76,182.99,12073963,149.72,165.83,8.08,56.87,167.92,174.93,194.63,194.63,0,,,167.92,,0,,0,,,,,
2007-12-28,180.61,182.22,176.65,179.98,5722497,150.04,165.83,7.95,54.01,166.06,174.68,194.63,194.63,0,,,166.06,,0,,0,,,,,
2007-12-31,181.64,183.26,176.06,181.74,9345996,150.36,165.83,7.9,55.42,167.23,174.66,194.63,194.63,0,,,167.23,,0,,0,,,,,
2008-01-01,181.93,181.93,179.16,180.28,4022843,150.67,165.83,7.53,53.94,166.54,174.7,194.63,194.63,0,,,166.54,,0,,0,,,,,
2008-01-02,183.1,190.69,176.83,185.93,13343407,151.02,165.83,7.99,58.56,169.88,175.09,194.63,194.63,0,,,169.88,,0,,0,,,,,
2008-01-03,183.7,185.58,179.74,180.31,13949831,151.34,165.83,7.86,52.88,166.34,175.43,194.63,194.63,0,,,166.34,,0,,0,,,,,
2008-01-04,180.7,190.73,180.7,188.72,14119715,151.69,165.83,8.04,59.25,171.64,176.31,194.63,194.63,0,,,171.64,,0,,0,,,,,
2008-01-07,187.8,202.46,181.05,199.91,40102892,152.12,165.83,8.99,65.85,178.22,177.37,202.46,194.63,1,199.91,178.22,178.22,178.22,1,2008-01-07,0,,,9,,
2008-01-08,201.0,203.94,192.41,196.59,26430316,152.53,165.83,9.18,62.61,175.96,178.35,203.94,202.46,0,,,175.96,178.22,1,2008-01-07,0,,,9,,
2008-01-09,194.4,198.78,187.67,191.9,22604290,152.92,165.83,9.31,58.25,172.84,179.09,203.94,203.94,0,,,172.84,178.22,1,2008-01-07,0,,,9,,
2008-01-10,196.6,205.4,193.67,198.97,41364471,153.37,168.01,9.61,62.49,177.93,180.18,205.4,203.94,0,,,177.93,178.22,1,2008-01-07,0,,,9,,
2008-01-11,201.74,212.74,201.74,210.54,28759835,153.9,168.01,9.91,68.19,185.19,181.71,212.74,205.4,1,210.54,185.19,185.19,185.19,1,2008-01-07,0,,,9,,
2008-01-14,212.74,213.55,202.56,206.87,28473571,154.41,169.9,9.99,64.82,183.41,182.92,213.55,212.74,0,,,183.41,185.19,1,2008-01-07,0,,,9,,
2008-01-15,205.4,206.87,195.44,198.39,31972539,154.84,173.9,10.09,57.74,179.2,183.77,213.55,213.55,0,,,179.2,185.19,1,2008-01-07,0,,,9,,
2008-01-16,188.12,202.38,188.12,200.75,36556102,155.29,176.06,10.39,59.08,181.25,184.78,213.55,213.55,0,,,181.25,185.19,1,2008-01-07,0,,,9,,
2008-01-17,201.03,203.35,187.29,193.97,29717809,155.7,176.06,10.79,53.8,176.6,185.68,213.55,213.55,0,,,176.6,185.19,1,2008-01-07,0,,,9,,
2008-01-18,193.37,196.6,179.18,181.93,36842470,156.03,176.06,11.27,45.94,168.52,186.05,213.55,213.55,0,,,168.52,185.19,1,2008-01-07,1,185.19,TRAILING_STOP,9,10,-7.36
2008-01-21,183.4,183.4,158.48,172.13,50338651,156.27,158.48,12.24,40.73,155.69,185.91,213.55,213.55,0,,,155.69,,0,,0,,,,,
2008-01-22,161.42,174.59,146.96,165.05,39483543,156.45,146.96,13.34,37.42,146.55,185.31,213.55,213.55,0,,,146.55,,0,,0,,,,,
2008-01-23,172.39,183.4,165.05,168.94,35117483,156.65,146.96,13.7,40.29,148.82,184.73,213.55,213.55,0,,,148.82,,0,,0,,,,,
2008-01-24,175.77,182.81,160.66,166.06,32316619,156.83,146.96,14.3,38.87,146.56,183.83,213.55,213.55,0,,,146.56,,0,,0,,,,,
2008-01-25,166.52,187.36,166.52,185.05,21482956,157.13,146.96,14.8,51.1,158.48,183.69,213.55,213.55,0,,,158.48,,0,,0,,,,,
2008-01-28,181.93,188.49,176.06,186.91,12339860,157.44,146.96,14.63,52.11,159.79,183.85,213.55,213.55,0,,,159.79,,0,,0,,,,,
2008-01-29,187.06,192.76,173.57,179.06,20482088,157.71,146.96,14.96,47.64,154.51,183.91,213.55,213.55,0,,,154.51,,0,,0,,,,,
2008-01-30,180.46,180.46,171.07,174.21,11260326,157.95,146.96,14.56,45.06,151.65,184.02,213.55,213.55,0,,,151.65,,0,,0,,,,,
2008-01-31,174.59,177.82,165.95,168.28,30391927,158.15,146.96,14.37,42.07,147.95,184.06,213.55,213.55,0,,,147.95,,0,,0,,,,,
2008-02-01,169.75,177.96,166.37,175.79,19225739,158.39,146.96,14.17,46.88,152.92,184.23,213.55,213.55,0,,,152.92,,0,,0,,,,,
2008-02-04,179.14,182.65,174.89,177.86,11877591,158.65,146.96,13.71,48.16,154.56,184.5,213.55,213.55,0,,,154.56,,0,,0,,,,,
2008-02-05,177.23,177.48,173.18,174.78,9926158,158.87,146.96,13.07,46.37,153.01,184.42,213.55,213.55,0,,,153.01,,0,,0,,,,,
2008-02-06,164.03,172.14,163.8,169.02,9402492,159.03,146.96,12.92,43.15,149.39,184.1,213.55,213.55,0,,,149.39,,0,,0,,,,,
2008-02-07,169.75,175.18,160.36,162.28,11755513,159.13,146.96,13.05,39.67,144.95,183.41,213.55,213.55,0,,,144.95,,0,,0,,,,,
2008-02-08,162.28,165.01,150.53,157.56,24610333,159.22,146.96,13.16,37.39,141.84,182.66,213.55,213.55,0,,,141.84,,0,,0,,,,,
2008-02-11,156.94,161.07,146.57,151.68,25763133,159.28,146.57,13.25,34.72,137.86,181.66,206.87,213.55,0,,,137.86,,0,,0,,,,,
2008-02-12,154.79,158.98,152.16,156.58,14967678,159.38,146.57,12.83,38.65,141.3,180.87,203.35,206.87,0,,,141.3,,0,,0,,,,,
2008-02-13,157.13,163.0,155.23,161.65,18390817,159.53,146.57,12.47,42.51,144.81,180.06,203.35,203.35,0,,,144.81,,0,,0,,,,,
2008-02-14,163.59,172.25,163.59,170.46,22663069,159.72,146.57,12.33,48.57,150.58,179.73,196.6,203.35,0,,,150.58,,0,,0,,,,,
2008-02-15,168.72,175.96,167.32,174.72,21387432,159.93,146.57,12.07,51.24,153.51,179.26,192.76,196.6,0,,,153.51,,0,,0,,,,,
2008-02-18,178.99,181.93,172.92,177.5,13052803,160.16,146.57,11.85,52.96,155.44,178.52,192.76,192.76,0,,,155.44,,0,,0,,,,,
2008-02-19,177.53,182.34,176.96,179.02,17213537,160.41,146.57,11.39,53.91,156.73,177.93,192.76,192.76,0,,,156.73,,0,,0,,,,,
2008-02-20,175.33,175.33,170.19,171.41,15954658,160.59,146.57,11.21,48.59,151.95,177.25,192.76,192.76,0,,,151.95,,0,,0,,,,,
2008-02-21,174.3,174.3,163.59,167.45,10634602,160.73,146.57,11.17,46.04,149.42,176.2,192.76,192.76,0,,,149.42,,0,,0,,,,,
2008-02-22,165.79,165.79,159.92,161.36,10754546,160.85,146.57,10.91,42.36,145.66,174.56,192.76,192.76,0,,,145.66,,0,,0,,,,,
2008-02-25,162.86,163.59,154.21,162.43,16372048,160.98,146.57,10.8,43.22,146.42,173.08,192.76,192.76,0,,,146.42,,0,,0,,,,,
2008-02-26,164.76,166.23,162.42,164.01,8903251,161.13,146.57,10.3,44.53,147.78,171.93,182.65,192.76,0,,,147.78,,0,,0,,,,,
2008-02-27,174.69,174.69,161.73,163.88,11516532,161.28,146.57,10.49,44.44,147.57,170.7,182.65,182.65,0,,,147.57,,0,,0,,,,,
2008-02-28,164.32,164.91,159.35,162.25,14067256,161.44,146.57,10.14,43.25,146.75,169.64,182.65,182.65,0,,,146.75,,0,,0,,,,,
2008-02-29,161.39,163.28,153.38,159.7,20162472,161.61,146.57,10.12,41.37,145.12,168.9,182.65,182.65,0,,,145.12,,0,,0,,,,,
2008-03-03,155.52,155.52,148.33,150.33,26615451,161.71,148.33,10.21,35.31,139.6,168.18,182.34,182.65,0,,,139.6,,0,,0,,,,,
2008-03-04,149.8,151.85,136.45,142.48,50665043,161.75,136.45,10.58,31.19,130.33,167.42,182.34,182.34,0,,,130.33,,0,,0,,,,,
2008-03-05,139.38,144.96,135.57,140.87,48352084,161.82,135.57,10.5,30.41,129.05,166.49,182.34,182.34,0,,,129.05,,0,,0,,,,,
2008-03-07,138.5,138.5,125.48,131.08,44711727,161.81,125.48,10.85,26.11,119.14,165.32,182.34,182.34,0,,,119.14,,0,,0,,,,,
2008-03-10,128.67,133.66,122.71,127.91,28818344,161.77,122.71,10.85,24.89,116.17,163.42,182.34,182.34,0,,,116.17,,0,,0,,,,,
2008-03-11,126.9,130.14,123.3,125.68,37511188,161.74,122.71,10.57,24.03,114.92,161.38,182.34,182.34,0,,,114.92,,0,,0,,,,,
2008-03-12,132.04,135.57,128.38,129.15,29271489,161.75,122.71,10.52,28.17,117.19,159.71,182.34,182.34,0,,,117.19,,0,,0,,,,,
2008-03-13,126.16,127.06,119.87,122.88,19071849,161.7,119.87,10.43,25.47,112.26,158.0,182.34,182.34,0,,,112.26,,0,,0,,,,,
2008-03-14,123.24,129.84,121.09,128.66,24648371,161.69,119.87,10.31,31.94,116.07,156.68,182.34,182.34,0,,,116.07,,0,,0,,,,,
2008-03-17,124.71,125.41,109.16,111.5,35297707,161.59,109.16,10.97,25.0,100.99,154.54,182.34,182.34,0,,,100.99,,0,,0,,,,,
2008-03-18,112.78,117.23,105.64,112.71,46237785,161.49,105.64,11.01,26.22,100.57,152.37,182.34,182.34,0,,,100.57,,0,,0,,,,,
2008-03-19,131.9,131.9,110.07,112.71,42189279,161.38,105.64,11.78,26.22,100.06,150.3,175.33,182.34,0,,,100.06,,0,,0,,,,,
2008-03-24,117.14,120.73,111.09,117.7,41032700,161.35,105.64,11.63,31.53,103.38,148.59,174.69,175.33,0,,,103.38,,0,,0,,,,,
2008-03-25,123.22,130.87,119.9,128.94,26852947,161.4,105.64,11.74,41.72,110.55,147.48,174.69,174.69,0,,,110.55,,0,,0,,,,,
2008-03-26,131.02,131.02,122.82,123.82,23253026,161.37,105.64,11.49,38.88,107.42,146.35,174.69,174.69,0,,,107.42,,0,,0,,,,,
2008-03-27,122.8,124.71,120.46,122.44,30636710,161.38,105.64,10.97,38.13,106.87,145.38,174.69,174.69,0,,,106.87,,0,,0,,,,,
2008-03-28,130.55,130.55,110.41,122.58,32462243,161.37,105.64,11.63,38.26,106.53,144.24,174.69,174.69,0,,,106.53,,0,,0,,,,,
2008-03-31,124.54,124.54,112.24,112.88,27765193,161.31,105.64,11.67,33.05,100.24,142.62,164.91,174.69,0,,,100.24,,0,,0,,,,,
2008-04-01,116.48,116.48,107.4,111.17,25861473,161.24,105.64,11.49,32.22,99.26,140.64,163.28,164.91,0,,,99.26,,0,,0,,,,,
2008-04-02,115.91,119.57,114.44,115.11,25546543,161.14,105.64,11.27,36.21,101.95,138.65,155.52,163.28,0,,,101.95,,0,,0,,,,,
2008-04-03,116.53,116.9,113.73,115.43,14783928,161.07,105.64,10.69,36.53,102.54,136.58,151.85,155.52,0,,,102.54,,0,,0,,,,,
2008-04-04,115.92,116.96,109.74,112.17,19083889,160.98,105.64,10.44,34.59,100.6,134.36,144.96,151.85,0,,,100.6,,0,,0,,,,,
2008-04-07,117.37,119.57,107.87,119.03,23672319,160.92,105.64,10.53,41.62,104.97,132.61,138.5,144.96,0,,,104.97,,0,,0,,,,,
2008-04-08,106.6,121.6,106.6,119.43,25682085,160.84,105.64,10.85,42.01,105.01,131.01,135.57,138.5,0,,,105.01,,0,,0,,,,,
2008-04-09,117.37,123.54,117.37,122.74,17494988,160.77,105.64,10.52,45.28,107.37,129.72,135.57,135.57,0,,,107.37,,0,,0,,,,,
2008-04-10,122.51,122.51,116.98,117.51,22517280,160.67,106.6,10.18,41.32,104.54,128.22,135.57,135.57,0,,,104.54,,0,,0,,,,,
2008-04-11,118.84,120.31,115.18,115.62,21946353,160.54,106.6,9.82,39.96,103.56,126.61,131.9,135.57,0,,,103.56,,0,,0,,,,,
2008-04-15,111.67,121.04,110.36,118.51,29977794,160.43,106.6,9.88,43.05,105.39,125.1,131.9,131.9,0,,,105.39,,0,,0,,,,,
2008-04-16,120.29,121.92,118.4,119.74,23878305,160.33,106.6,9.42,44.36,106.48,123.68,131.9,131.9,0,,,106.48,,0,,0,,,,,
2008-04-17,120.31,124.86,120.31,122.77,23457874,160.26,106.6,9.12,47.57,108.64,122.45,131.9,131.9,0,,,108.64,,0,,0,,,,,
2008-04-21,123.39,128.35,121.08,126.8,18197916,160.22,106.6,8.98,51.56,111.33,121.67,131.9,131.9,0,,,111.33,,0,,0,,,,,
2008-04-22,126.91,130.58,125.46,129.45,22462649,160.22,106.6,8.71,54.04,113.22,121.23,131.02,131.9,0,,,113.22,,0,,0,,,,,
2008-04-23,125.5,131.27,123.98,126.87,17630585,160.2,106.6,8.61,51.29,111.63,120.77,131.27,131.02,0,,,111.63,,0,,0,,,,,
2008-04-24,130.43,130.43,125.59,128.93,21350505,160.17,106.6,8.34,53.34,113.13,120.69,131.27,131.27,0,,,113.13,,0,,0,,,,,
2008-04-25,128.38,136.42,127.64,134.34,33175252,160.19,106.6,8.37,58.29,116.6,120.91,136.42,131.27,0,,,116.6,,0,,0,,,,,
2008-04-28,136.71,140.85,130.58,131.44,32783118,160.17,106.6,8.51,54.92,114.64,121.1,140.85,136.42,0,,,114.64,,0,,0,,,,,
2008-04-29,129.11,135.71,129.11,132.41,34043839,160.1,106.6,8.37,55.84,115.36,121.21,140.85,140.85,0,,,115.36,,0,,0,,,,,
2008-04-30,134.69,134.97,127.94,129.05,24455145,160.01,106.6,8.27,51.9,113.25,121.42,140.85,140.85,0,,,113.25,,0,,0,,,,,
2008-05-02,139.19,139.19,131.02,137.5,28232842,159.98,110.36,8.41,59.62,119.87,121.71,140.85,140.85,0,,,119.87,,0,,0,,,,,
2008-05-05,139.38,140.98,135.71,137.01,27896825,159.92,110.36,8.18,59.03,119.7,122.56,140.98,140.85,0,,,119.7,,0,,0,,,,,
2008-05-06,137.18,138.21,134.74,136.27,21490155,159.86,110.36,7.85,58.09,119.45,123.35,140.98,140.98,0,,,119.45,,0,,0,,,,,
2008-05-07,136.15,136.15,132.76,134.83,17518677,159.76,110.36,7.54,56.22,118.73,124.08,140.98,140.98,0,,,118.73,,0,,0,,,,,
2008-05-08,138.56,138.56,129.55,131.0,22295454,159.63,118.4,7.64,51.47,118.87,124.53,140.98,140.98,0,,,118.87,,0,,0,,,,,
2008-05-09,130.43,132.69,126.66,128.21,25227108,159.44,120.31,7.53,48.27,117.78,124.5,140.98,140.98,0,,,117.78,,0,,0,,,,,
2008-05-12,126.91,130.39,126.47,129.19,26410763,159.27,121.08,7.27,49.46,118.84,124.68,140.98,140.98,0,,,118.84,,0,,0,,,,,
2008-05-13,130.24,132.78,127.64,130.37,22894338,159.08,123.98,7.12,50.92,120.67,124.95,140.98,140.98,0,,,120.67,,0,,0,,,,,
2008-05-14,131.14,132.04,126.52,131.52,9348108,158.91,123.98,7.0,52.37,121.49,125.24,140.98,140.98,0,,,121.49,,0,,0,,,,,
2008-05-15,131.9,137.09,131.46,136.2,18421716,158.8,125.59,6.9,57.81,125.11,126.02,140.98,140.98,0,,,125.11,,0,,0,,,,,
2008-05-16,137.91,138.65,135.71,138.33,17594560,158.73,126.47,6.62,60.05,126.97,126.93,140.98,140.98,0,,,126.97,,0,,0,,,,,
2008-05-20,140.41,142.46,134.69,136.04,28874862,158.61,126.47,6.7,56.58,125.43,127.62,142.46,140.98,0,,,125.43,,0,,0,,,,,
2008-05-21,133.51,134.98,131.63,133.74,13776625,158.46,126.47,6.54,53.24,124.06,128.23,142.46,142.46,0,,,124.06,,0,,0,,,,,
2008-05-22,131.31,132.04,128.52,129.19,23924274,158.25,126.47,6.45,47.3,121.19,128.8,142.46,142.46,0,,,121.19,,0,,0,,,,,
2008-05-23,128.52,130.11,125.79,126.48,22138143,158.06,125.79,6.29,44.14,119.31,129.05,142.46,142.46,0,,,119.31,,0,,0,,,,,
2008-05-26,122.54,126.62,119.1,120.35,24573428,157.79,119.1,6.38,37.97,113.07,129.08,142.46,142.46,0,,,113.07,,0,,0,,,,,
2008-05-27,122.46,122.46,117.68,118.89,20868732,157.45,117.68,6.27,36.65,111.73,128.95,142.46,142.46,0,,,111.73,,0,,0,,,,,
2008-05-28,123.07,123.07,116.95,120.37,40316864,157.16,116.95,6.26,38.96,112.45,129.05,142.46,142.46,0,,,112.45,,0,,0,,,,,
2008-05-29,121.77,122.51,115.08,116.82,34754577,156.92,115.08,6.34,35.61,109.48,129.09,142.46,142.46,0,,,109.48,,0,,0,,,,,
2008-05-30,116.68,118.11,114.17,115.7,37687072,156.69,114.17,6.17,34.6,108.57,128.99,142.46,142.46,0,,,108.57,,0,,0,,,,,
2008-06-02,121.77,121.77,111.65,112.25,21290989,156.4,111.65,6.45,31.62,105.32,128.74,142.46,142.46,0,,,105.32,,0,,0,,,,,
2008-06-03,106.57,112.83,106.57,111.59,27875210,156.07,106.57,6.44,31.07,103.21,128.37,142.46,142.46,0,,,103.21,,0,,0,,,,,
2008-06-04,108.63,115.61,108.63,111.15,28266738,155.73,106.57,6.48,30.68,102.9,127.85,142.46,142.46,0,,,102.9,,0,,0,,,,,
2008-06-05,111.15,115.55,109.3,114.17,33248831,155.38,106.57,6.46,36.48,104.86,127.34,142.46,142.46,0,,,104.86,,0,,0,,,,,
2008-06-06,117.05,117.37,111.7,112.88,17968483,154.97,106.57,6.4,35.13,104.06,126.87,142.46,142.46,0,,,104.06,,0,,0,,,,,
2008-06-09,108.57,111.92,107.49,110.08,26898129,154.49,106.57,6.33,32.33,102.3,126.25,142.46,142.46,0,,,102.3,,0,,0,,,,,
2008-06-10,109.45,110.04,104.41,107.24,26540074,153.99,104.41,6.28,29.74,99.78,125.34,142.46,142.46,0,,,99.78,,0,,0,,,,,
2008-06-11,108.28,110.69,107.26,108.75,18695083,153.49,104.41,6.08,32.82,100.89,124.59,142.46,142.46,0,,,100.89,,0,,0,,,,,
2008-06-12,109.4,110.18,103.0,109.05,23581860,152.95,103.0,6.16,33.45,100.56,123.81,142.46,142.46,0,,,100.56,,0,,0,,,,,
2008-06-13,110.0,113.27,109.6,112.28,19635088,152.39,103.0,6.02,39.92,102.74,123.25,142.46,142.46,0,,,102.74,,0,,0,,,,,
2008-06-16,114.44,117.9,113.71,117.0,17293985,151.93,103.0,5.99,47.9,105.8,122.57,142.46,142.46,0,,,105.8,,0,,0,,,,,
2008-06-17,117.0,120.96,115.17,120.4,22116061,151.52,103.0,5.98,52.77,108.01,122.01,134.98,142.46,0,,,108.01,,0,,0,,,,,
2008-06-18,122.51,122.51,113.29,115.46,20349620,151.11,103.0,6.21,46.04,104.67,121.32,132.04,134.98,0,,,104.67,,0,,0,,,,,
2008-06-19,114.44,114.44,109.63,110.57,15241787,150.7,103.0,6.18,40.53,101.53,120.51,130.11,132.04,0,,,101.53,,0,,0,,,,,
2008-06-20,107.42,111.48,105.34,107.54,28178733,150.3,103.0,6.18,37.53,99.58,119.73,126.62,130.11,0,,,99.58,,0,,0,,,,,
2008-06-23,107.79,108.06,104.16,105.74,16418688,149.86,103.0,6.02,35.84,98.52,118.98,123.07,126.62,0,,,98.52,,0,,0,,,,,
2008-06-24,104.21,108.26,102.12,103.16,19041704,149.3,102.12,6.03,33.5,96.56,118.11,123.07,123.07,0,,,96.56,,0,,0,,,,,
2008-06-25,100.21,103.99,99.05,102.44,29674375,148.76,99.05,5.95,32.86,95.13,117.18,122.51,123.07,0,,,95.13,,0,,0,,,,,
2008-06-26,103.29,104.87,100.13,102.34,25249515,148.25,99.05,5.86,32.76,95.12,116.21,122.51,122.51,0,,,95.12,,0,,0,,,,,
2008-06-27,100.35,100.35,94.27,95.68,27448338,147.73,94.27,6.02,27.18,89.12,114.86,122.51,122.51,0,,,89.12,,0,,0,,,,,
2008-06-30,97.54,97.54,89.7,92.46,36988787,147.21,89.7,6.15,24.96,85.44,113.33,122.51,122.51,0,,,85.44,,0,,0,,,,,
2008-07-01,92.43,94.19,85.1,86.43,40836119,146.7,85.1,6.36,21.44,79.87,111.67,122.51,122.51,0,,,79.87,,0,,0,,,,,
2008-07-02,86.42,92.26,81.28,91.12,55162393,146.19,81.28,6.69,29.75,81.41,110.25,122.51,122.51,0,,,81.41,,0,,0,,,,,
2008-07-03,89.5,90.23,81.79,83.91,46330570,145.64,81.28,6.88,25.31,76.63,108.74,122.51,122.51,0,,,76.63,,0,,0,,,,,
2008-07-04,82.43,90.22,82.28,88.56,35864174,145.1,81.28,6.95,32.32,79.58,107.48,122.51,122.51,0,,,79.58,,0,,0,,,,,
2008-07-07,94.63,94.63,87.48,88.79,29965688,144.58,81.28,6.97,32.66,79.72,106.43,122.51,122.51,0,,,79.72,,0,,0,,,,,
2008-07-08,83.65,88.62,83.65,87.2,25780705,144.06,81.28,6.84,31.49,78.78,105.37,122.51,122.51,0,,,78.78,,0,,0,,,,,
2008-07-09,93.08,94.62,89.5,91.21,32325804,143.53,81.28,6.88,37.54,81.34,104.4,122.51,122.51,0,,,81.34,,0,,0,,,,,
2008-07-10,89.65,93.01,88.57,92.14,34038862,143.0,81.28,6.7,38.89,82.05,103.58,122.51,122.51,0,,,82.05,,0,,0,,,,,
2008-07-11,92.6,92.9,87.54,88.36,29670982,142.45,81.28,6.61,35.53,79.68,102.66,122.51,122.51,0,,,79.68,,0,,0,,,,,
2008-07-14,86.78,89.47,85.62,86.46,22013337,141.91,81.28,6.41,33.95,78.59,101.81,122.51,122.51,0,,,78.59,,0,,0,,,,,
2008-07-15,85.12,85.12,78.41,79.03,41504815,141.3,78.41,6.53,28.57,72.76,100.72,122.51,122.51,0,,,72.76,,0,,0,,,,,
2008-07-16,79.18,81.03,76.77,77.63,36465836,140.64,76.77,6.37,27.68,71.42,99.6,114.44,122.51,0,,,71.42,,0,,0,,,,,
2008-07-17,82.87,83.78,79.93,82.42,49161832,139.97,76.77,6.35,35.12,74.52,98.54,111.48,114.44,0,,,74.52,,0,,0,,,,,
2008-07-18,84.84,93.2,83.64,92.22,68112528,139.34,76.77,6.67,47.11,80.63,97.86,108.26,111.48,0,,,80.63,,0,,0,,,,,
2008-07-21,96.25,97.08,93.22,96.03,41089279,138.7,76.77,6.54,50.91,83.17,97.39,108.26,108.26,0,,,83.17,,0,,0,,,,,
2008-07-22,95.72,101.15,94.14,98.83,42528700,138.09,76.77,6.57,53.55,84.95,97.11,104.87,108.26,0,,,84.95,,0,,0,,,,,
2008-07-23,104.55,111.72,103.39,110.33,47091401,137.61,76.77,7.02,62.48,92.07,97.16,111.72,104.87,0,,,92.07,,0,,0,,,,,
2008-07-24,112.06,114.24,104.7,109.06,58180666,137.16,76.77,7.2,61.08,91.13,97.16,114.24,111.72,0,,,91.13,,0,,0,,,,,
2008-07-25,104.55,105.3,96.81,98.09,64879083,136.67,76.77,7.56,50.57,83.82,96.69,114.24,114.24,0,,,83.82,,0,,0,,,,,
2008-07-28,95.07,99.92,93.19,99.08,57380675,136.22,76.77,7.5,51.38,84.49,96.09,114.24,114.24,0,,,84.49,,0,,0,,,,,
2008-07-29,96.74,96.74,90.1,90.77,65071765,135.69,76.77,7.61,44.73,79.06,95.1,114.24,114.24,0,,,79.06,,0,,0,,,,,
2008-07-30,92.9,96.78,92.17,95.01,38701850,135.19,76.77,7.5,48.4,81.87,94.42,114.24,114.24,0,,,81.87,,0,,0,,,,,
2008-07-31,95.29,99.19,92.77,95.19,29331648,134.64,76.77,7.42,48.56,82.04,93.91,114.24,114.24,0,,,82.04,,0,,0,,,,,
2008-08-01,91.86,97.08,91.11,95.95,36930641,134.09,76.77,7.32,49.26,82.6,93.52,114.24,114.24,0,,,82.6,,0,,0,,,,,
2008-08-04,94.84,98.5,94.1,95.66,29466750,133.51,76.77,7.11,48.98,82.55,93.19,114.24,114.24,0,,,82.55,,0,,0,,,,,
2008-08-05,96.09,105.25,93.5,103.67,79113677,133.0,76.77,7.44,56.21,87.5,93.2,114.24,114.24,0,,,87.5,,0,,0,,,,,
2008-08-06,108.68,111.65,104.34,105.54,66375600,132.49,79.93,7.48,57.71,89.73,93.31,114.24,114.24,0,,,89.73,,0,,0,,,,,
2008-08-07,105.3,107.84,103.55,105.74,37666304,132.0,83.64,7.25,57.88,91.25,93.42,114.24,114.24,0,,,91.25,,0,,0,,,,,
2008-08-08,103.6,111.2,102.01,109.27,49556210,131.48,90.1,7.39,60.82,95.59,93.87,114.24,114.24,0,,,95.59,,0,,0,,,,,
2008-08-11,117.1,117.1,111.27,115.18,55024876,131.05,90.1,7.42,65.2,99.38,94.63,117.1,114.24,0,,,99.38,,0,,0,,,,,
2008-08-12,117.84,117.84,108.75,110.62,46972843,130.53,90.1,7.54,59.66,96.36,95.44,117.84,117.1,0,,,96.36,,0,,0,,,,,
2008-08-13,107.03,108.79,105.18,106.15,48642770,129.9,90.1,7.39,54.75,93.57,95.94,117.84,117.84,0,,,93.57,,0,,0,,,,,
2008-08-14,105.3,105.96,99.65,100.59,40863856,129.26,90.1,7.33,49.31,90.03,96.49,117.84,117.84,0,,,90.03,,0,,0,,,,,
2008-08-18,100.82,103.01,98.69,99.32,37707450,128.65,90.1,7.11,48.14,89.35,96.85,117.84,117.84,0,,,89.35,,0,,0,,,,,
2008-08-19,97.12,102.07,97.1,101.22,28641255,128.0,90.1,6.96,50.06,90.68,97.27,117.84,117.84,0,,,90.68,,0,,0,,,,,
2008-08-20,98.94,103.06,98.94,101.39,27487190,127.27,91.11,6.76,50.23,91.26,97.74,117.84,117.84,0,,,91.26,,0,,0,,,,,
2008-08-21,101.75,101.75,95.74,96.14,25182861,126.53,91.11,6.7,44.93,87.91,97.9,117.84,117.84,0,,,87.91,,0,,0,,,,,
2008-08-22,96.49,97.35,94.54,96.27,36970103,125.85,91.11,6.42,45.08,88.18,98.04,117.84,117.84,0,,,88.18,,0,,0,,,,,
2008-08-25,99.4,101.41,97.61,98.15,25323826,125.17,93.5,6.33,47.38,90.25,98.37,117.84,117.84,0,,,90.25,,0,,0,,,,,
2008-08-26,94.85,100.28,92.1,99.56,32749689,124.54,92.1,6.46,49.11,90.61,98.8,117.84,117.84,0,,,90.61,,0,,0,,,,,
2008-08-27,102.25,102.25,96.68,97.08,22479534,123.97,92.1,6.4,46.24,89.05,99.41,117.84,117.84,0,,,89.05,,0,,0,,,,,
2008-08-28,97.54,98.56,93.79,94.48,30455480,123.45,92.1,6.28,43.38,87.45,99.97,117.84,117.84,0,,,87.45,,0,,0,,,,,
2008-08-29,96.26,101.94,95.99,100.35,47483584,123.02,92.1,6.37,50.78,91.18,100.56,117.84,117.84,0,,,91.18,,0,,0,,,,,
2008-09-01,98.13,100.07,96.02,99.32,33873702,122.56,92.1,6.22,49.56,90.61,100.8,117.84,117.84,0,,,90.61,,0,,0,,,,,
2008-09-02,99.48,108.43,99.48,106.65,58728626,122.16,92.1,6.43,57.42,95.2,101.16,117.84,117.84,0,,,95.2,,0,,0,,,,,
2008-09-04,106.65,109.03,103.68,107.04,65100293,121.64,92.1,6.35,57.8,95.51,101.43,117.84,117.84,0,,,95.51,,0,,0,,,,,
2008-09-05,104.55,105.22,101.56,102.57,51083428,121.08,92.1,6.29,52.1,92.66,101.17,117.84,117.84,0,,,92.66,,0,,0,,,,,
2008-09-08,107.7,112.02,106.79,107.61,53429519,120.6,92.1,6.52,57.22,95.77,101.12,117.84,117.84,0,,,95.77,,0,,0,,,,,
2008-09-09,105.3,107.22,104.55,106.36,41953362,120.15,92.1,6.27,55.64,95.12,101.4,117.84,117.84,0,,,95.12,,0,,0,,,,,
2008-09-10,103.21,105.15,102.51,104.7,51296751,119.73,92.1,6.1,53.51,94.17,101.58,117.84,117.84,0,,,94.17,,0,,0,,,,,
2008-09-11,105.15,105.15,100.3,102.55,41285299,119.24,92.1,6.01,50.81,92.84,101.98,112.02,117.84,0,,,92.84,,0,,0,,,,,
2008-09-12,103.6,104.55,96.82,97.5,61415255,118.7,92.1,6.13,45.05,89.5,102.06,112.02,112.02,0,,,89.5,,0,,0,,,,,
2008-09-15,94.99,94.99,88.92,93.62,44416751,118.16,88.92,6.3,41.18,85.82,102.01,112.02,112.02,0,,,85.82,,0,,0,,,,,
2008-09-16,88.29,90.96,84.28,89.02,109628497,117.63,84.28,6.52,37.12,81.16,101.78,112.02,112.02,0,,,81.16,,0,,0,,,,,
2008-09-17,89.47,91.07,79.16,83.65,139525716,117.1,79.16,6.91,33.02,75.74,101.38,112.02,112.02,0,,,75.74,,0,,0,,,,,
2008-09-18,79.87,86.93,76.64,86.2,73821187,116.63,76.64,7.15,36.6,76.38,100.79,112.02,112.02,0,,,76.38,,0,,0,,,,,
2008-09-19,91.12,94.84,87.08,93.72,76484061,116.24,76.64,7.25,45.8,81.16,100.4,112.02,112.02,0,,,81.16,,0,,0,,,,,
2008-09-22,95.11,96.14,92.08,94.96,61333310,115.83,76.64,7.03,47.16,82.11,100.04,112.02,112.02,0,,,82.11,,0,,0,,,,,
2008-09-23,91.99,93.57,88.8,89.49,40896091,115.35,76.64,6.96,42.13,78.62,99.38,112.02,112.02,0,,,78.62,,0,,0,,,,,
2008-09-24,89.47,92.87,88.35,89.63,49665429,114.81,76.64,6.79,42.3,78.83,98.53,112.02,112.02,0,,,78.83,,0,,0,,,,,
2008-09-25,90.36,91.08,85.45,89.05,66567550,114.24,76.64,6.71,41.76,78.51,97.81,112.02,112.02,0,,,78.51,,0,,0,,,,,
2008-09-26,88.12,89.59,82.76,83.7,65126363,113.61,76.64,6.72,37.01,75.06,97.06,112.02,112.02,0,,,75.06,,0,,0,,,,,
2008-09-29,83.83,84.39,72.14,73.68,118235810,112.91,72.14,7.11,30.11,66.83,96.17,112.02,112.02,0,,,66.83,,0,,0,,,,,
2008-09-30,72.57,82.98,68.71,79.99,117990499,112.3,68.71,7.62,37.96,69.42,95.52,112.02,112.02,0,,,69.42,,0,,0,,,,,
2008-10-01,78.58,84.37,77.84,82.28,74593145,111.73,68.71,7.54,40.56,70.94,94.89,112.02,112.02,0,,,70.94,,0,,0,,,,,
2008-10-03,81.85,82.89,74.4,75.33,76184201,111.16,68.71,7.61,35.66,66.42,94.02,112.02,112.02,0,,,66.42,,0,,0,,,,,
2008-10-06,73.19,74.67,70.95,73.19,53182382,110.57,68.71,7.38,34.29,65.19,93.26,112.02,112.02,0,,,65.19,,0,,0,,,,,
2008-10-07,74.86,77.88,69.15,72.45,68411937,109.96,68.71,7.48,33.81,64.65,92.46,107.22,112.02,0,,,64.65,,0,,0,,,,,
2008-10-08,71.69,71.69,62.54,67.77,80275651,109.32,62.54,7.65,30.84,59.46,91.45,105.15,107.22,0,,,59.46,,0,,0,,,,,
2008-10-10,62.73,64.22,48.84,54.31,196556492,108.6,48.84,8.46,24.24,45.67,89.94,105.15,105.15,0,,,45.67,,0,,0,,,,,
2008-10-13,58.25,67.88,56.76,63.5,167420044,107.95,48.84,8.82,34.54,51.36,88.82,104.55,105.15,0,,,51.36,,0,,0,,,,,
2008-10-14,74.65,74.65,65.42,67.14,113756060,107.4,48.84,8.99,38.12,53.59,87.91,96.14,104.55,0,,,53.59,,0,,0,,,,,
2008-10-15,65.37,65.37,60.54,61.86,56444030,106.86,48.84,8.82,35.12,50.3,86.63,96.14,96.14,0,,,50.3,,0,,0,,,,,
2008-10-16,59.65,64.37,56.01,62.16,116881787,106.34,48.84,8.79,35.43,50.52,85.39,96.14,96.14,0,,,50.52,,0,,0,,,,,
2008-10-17,62.88,64.05,56.17,58.44,107876032,105.85,48.84,8.72,33.29,48.16,83.78,96.14,96.14,0,,,48.16,,0,,0,,,,,
2008-10-20,59.19,62.98,59.19,61.44,55530216,105.41,48.84,8.42,36.61,50.29,82.26,96.14,96.14,0,,,50.29,,0,,0,,,,,
2008-10-21,69.97,69.97,61.99,64.38,76212251,105.0,48.84,8.43,39.77,52.19,80.99,96.14,96.14,0,,,52.19,,0,,0,,,,,
2008-10-22,63.39,64.45,59.01,59.25,63583074,104.54,48.84,8.22,36.36,49.02,79.38,93.57,96.14,0,,,49.02,,0,,0,,,,,
2008-10-23,57.71,62.01,53.77,54.64,85201099,104.08,48.84,8.22,33.58,46.04,77.65,92.87,93.57,0,,,46.04,,0,,0,,,,,
2008-10-24,52.35,55.65,45.33,46.78,92378528,103.53,45.33,8.37,29.44,39.7,75.72,91.08,92.87,0,,,39.7,,0,,0,,,,,
2008-10-27,44.99,48.51,42.28,47.21,77597311,103.11,42.28,8.22,29.95,39.07,73.88,89.59,91.08,0,,,39.07,,0,,0,,,,,
2008-10-29,51.53,53.16,49.9,51.58,69339616,102.7,42.28,8.05,35.07,41.99,72.35,84.39,89.59,0,,,41.99,,0,,0,,,,,
2008-10-31,55.35,61.67,54.22,59.56,77742401,102.34,42.28,8.2,43.24,47.04,71.21,84.37,84.39,0,,,47.04,,0,,0,,,,,
2008-11-03,61.98,66.02,61.98,64.33,65479524,101.99,42.28,8.07,47.49,50.2,70.39,84.37,84.37,0,,,50.2,,0,,0,,,,,
2008-11-04,64.52,70.2,62.43,68.38,61794810,101.58,42.28,8.05,50.85,52.83,69.88,82.89,84.37,0,,,52.83,,0,,0,,,,,
2008-11-05,72.84,73.5,65.88,67.34,101137894,101.21,42.28,8.02,49.97,52.18,69.25,77.88,82.89,0,,,52.18,,0,,0,,,,,
2008-11-06,64.67,68.38,62.24,64.73,71920112,100.82,42.28,7.89,47.72,50.59,68.29,77.88,77.88,0,,,50.59,,0,,0,,,,,
2008-11-07,64.21,66.02,60.64,64.57,62080106,100.44,42.28,7.71,47.58,50.6,67.27,74.65,77.88,0,,,50.6,,0,,0,,,,,
2008-11-10,65.72,71.06,65.57,70.48,50603927,100.15,42.28,7.62,53.1,54.47,66.64,74.65,74.65,0,,,54.47,,0,,0,,,,,
2008-11-11,69.44,69.77,64.0,64.87,34479225,99.85,42.28,7.54,47.94,50.91,65.81,74.65,74.65,0,,,50.91,,0,,0,,,,,
2008-11-12,63.48,63.93,58.58,59.34,81795285,99.47,42.28,7.45,43.46,47.4,64.82,74.65,74.65,0,,,47.4,,0,,0,,,,,
2008-11-14,59.95,62.69,57.52,59.13,72993932,99.1,42.28,7.29,43.29,47.37,64.0,73.5,74.65,0,,,47.37,,0,,0,,,,,
2008-11-17,59.0,59.74,53.87,57.72,79432776,98.74,42.28,7.19,42.13,46.53,63.47,73.5,73.5,0,,,46.53,,0,,0,,,,,
2008-11-18,55.26,56.76,53.02,53.8,58491433,98.3,42.28,7.01,39.0,44.12,62.6,73.5,73.5,0,,,44.12,,0,,0,,,,,
2008-11-19,54.43,56.01,51.16,52.01,64734345,97.85,42.28,6.85,37.63,43.07,61.59,73.5,73.5,0,,,43.07,,0,,0,,,,,
2008-11-20,50.57,50.57,46.16,48.28,68140935,97.35,46.16,6.78,34.87,42.01,60.69,73.5,73.5,0,,,42.01,,0,,0,,,,,
2008-11-21,47.41,52.23,45.72,49.89,100129700,96.9,45.72,6.76,37.01,42.91,59.91,73.5,73.5,0,,,42.91,,0,,0,,,,,
2008-11-24,50.78,51.2,47.09,48.18,60943993,96.45,45.72,6.57,35.67,41.93,59.1,73.5,73.5,0,,,41.93,,0,,0,,,,,
2008-11-25,50.33,51.08,47.5,47.96,58297976,95.98,45.72,6.36,35.49,41.93,58.44,73.5,73.5,0,,,41.93,,0,,0,,,,,
2008-11-26,48.54,52.99,48.54,52.4,63911369,95.53,45.72,6.27,41.82,44.86,58.38,73.5,73.5,0,,,44.86,,0,,0,,,,,
2008-11-27,52.4,52.4,52.4,52.4,0,95.07,45.72,5.82,41.82,45.16,58.01,73.5,73.5,0,,,45.16,,0,,0,,,,,
2008-11-28,50.78,53.02,47.25,52.52,67813091,94.57,45.72,5.81,42.0,45.24,57.52,73.5,73.5,0,,,45.24,,0,,0,,,,,
2008-12-01,53.47,54.49,48.09,48.62,66583577,94.03,45.72,5.86,37.93,42.7,57.08,73.5,73.5,0,,,42.7,,0,,0,,,,,
2008-12-02,46.75,48.99,46.04,48.3,57963994,93.51,45.72,5.65,37.61,42.63,56.62,73.5,73.5,0,,,42.63,,0,,0,,,,,
2008-12-03,50.78,51.08,48.09,50.01,52204982,92.98,45.72,5.46,40.51,43.86,56.34,73.5,73.5,0,,,43.86,,0,,0,,,,,
2008-12-04,50.04,54.7,49.83,54.37,59618608,92.45,45.72,5.42,47.26,46.7,56.1,71.06,73.5,0,,,46.7,,0,,0,,,,,
2008-12-05,54.67,58.4,52.51,53.53,120218351,91.93,45.72,5.45,46.17,46.13,55.74,71.06,71.06,0,,,46.13,,0,,0,,,,,
2008-12-08,56.76,57.92,54.53,55.26,66294448,91.41,45.72,5.37,48.79,47.3,55.61,71.06,71.06,0,,,47.3,,0,,0,,,,,
2008-12-10,56.08,60.45,56.01,59.75,73782753,90.95,45.72,5.36,54.9,50.2,55.78,69.77,71.06,0,,,50.2,,0,,0,,,,,
2008-12-11,60.34,62.58,58.71,60.65,67149164,90.44,45.72,5.25,56.04,50.86,56.24,63.93,69.77,0,,,50.86,,0,,0,,,,,
2008-12-12,58.7,62.13,57.24,61.39,55750117,89.94,45.72,5.23,56.99,51.35,56.71,62.69,63.93,0,,,51.35,,0,,0,,,,,
2008-12-15,63.48,64.82,61.57,62.54,50119305,89.44,46.04,5.1,58.51,52.28,57.08,64.82,62.69,0,,,52.28,,0,,0,,,,,
2008-12-16,62.22,63.92,61.66,62.88,49358380,88.96,46.04,4.9,58.96,52.64,57.19,64.82,64.82,0,,,52.64,,0,,0,,,,,
2008-12-17,64.08,66.76,63.92,64.49,66715159,88.52,46.04,4.82,61.16,53.73,57.19,66.76,64.82,0,,,53.73,,0,,0,,,,,
2008-12-18,64.22,71.92,63.37,70.5,66160666,88.14,46.04,5.09,68.02,57.43,57.26,71.92,66.76,0,,,57.43,,0,,0,,,,,
2008-12-19,69.03,71.3,68.07,70.62,63667131,87.75,46.04,4.96,68.15,57.59,57.37,71.92,71.92,0,,,57.59,,0,,0,,,,,
2008-12-22,70.5,70.61,66.06,66.57,35982001,87.32,46.04,4.93,59.9,55.0,57.43,71.92,71.92,0,,,55.0,,0,,0,,,,,
2008-12-23,66.17,66.6,62.46,63.75,41867754,86.87,46.04,4.87,54.92,53.22,57.41,71.92,71.92,0,,,53.22,,0,,0,,,,,
2008-12-24,63.48,66.67,62.28,65.86,35193048,86.4,48.09,4.84,57.75,55.28,57.25,71.92,71.92,0,,,55.28,,0,,0,,,,,
2008-12-26,65.01,67.71,61.74,62.34,35806705,85.89,49.83,4.92,51.89,53.54,57.17,71.92,71.92,0,,,53.54,,0,,0,,,,,
2008-12-29,62.88,67.02,60.37,66.46,41860131,85.43,52.51,5.04,57.35,57.01,57.41,71.92,71.92,0,,,57.01,,0,,0,,,,,
2008-12-30,67.21,69.43,66.07,68.5,45724261,84.99,54.53,4.92,59.78,59.08,57.72,71.92,71.92,0,,,59.08,,0,,0,,,,,
2008-12-31,70.62,70.62,66.32,66.93,42871070,84.58,56.01,4.88,57.08,58.59,58.03,71.92,71.92,0,,,58.59,,0,,0,,,,,
2009-01-02,69.45,71.66,69.04,70.39,35547693,84.21,57.24,4.87,61.23,61.24,58.58,71.92,71.92,0,,,61.24,,0,,0,,,,,
2009-01-05,71.02,75.28,70.82,74.66,47221850,83.9,57.24,4.87,65.65,63.99,59.33,75.28,71.92,0,,,63.99,,0,,0,,,,,
2009-01-06,71.69,79.26,71.69,78.18,77633649,83.63,60.37,5.06,68.8,67.17,60.33,79.26,75.28,0,,,67.17,,0,,0,,,,,
2009-01-07,78.86,80.44,67.82,69.88,105540446,83.29,60.37,5.6,55.79,61.46,61.0,80.44,79.26,0,,,61.46,,0,,0,,,,,
2009-01-09,68.51,72.14,65.87,68.2,69633965,82.97,60.37,5.65,53.58,60.35,61.66,80.44,80.44,0,,,60.35,,0,,0,,,,,
2009-01-12,65.72,69.2,63.96,65.42,44924852,82.63,60.37,5.62,50.05,58.57,62.25,80.44,80.44,0,,,58.57,,0,,0,,,,,
2009-01-13,64.97,66.97,62.44,63.54,54667167,82.31,60.37,5.54,47.76,57.41,62.62,80.44,80.44,0,,,57.41,,0,,0,,,,,
2009-01-14,64.02,67.36,64.02,65.88,34610862,82.0,60.37,5.42,50.78,59.0,63.07,80.44,80.44,0,,,59.0,,0,,0,,,,,
2009-01-15,64.08,64.08,59.49,61.04,53331811,81.67,59.49,5.49,44.99,55.54,63.35,80.44,80.44,0,,,55.54,,0,,0,,,,,
2009-01-16,61.98,63.88,61.04,63.29,27522192,81.33,59.49,5.3,47.96,57.12,63.84,80.44,80.44,0,,,57.12,,0,,0,,,,,
2009-01-19,63.48,66.38,61.01,61.63,33113448,80.99,59.49,5.3,45.99,56.04,64.28,80.44,80.44,0,,,56.04,,0,,0,,,,,
2009-01-20,60.19,60.91,58.29,59.19,38247627,80.65,58.29,5.16,43.17,54.16,64.59,80.44,80.44,0,,,54.16,,0,,0,,,,,
2009-01-21,58.21,58.21,53.77,55.17,65552135,80.3,53.77,5.18,38.94,50.05,64.62,80.44,80.44,0,,,50.05,,0,,0,,,,,
2009-01-22,57.05,57.64,53.58,56.47,52442098,79.95,53.58,5.1,40.96,50.88,64.71,80.44,80.44,0,,,50.88,,0,,0,,,,,
2009-01-23,49.52,58.4,49.52,54.34,59087578,79.59,49.52,5.37,38.71,47.97,64.68,80.44,80.44,0,,,47.97,,0,,0,,,,,
2009-01-27,55.7,58.1,53.63,56.92,54170220,79.22,49.52,5.31,42.81,49.68,64.59,80.44,80.44,0,,,49.68,,0,,0,,,,,
2009-01-28,57.79,61.61,57.12,60.95,64874133,78.85,49.52,5.26,48.6,52.31,64.6,80.44,80.44,0,,,52.31,,0,,0,,,,,
2009-01-29,64.22,64.78,60.13,61.25,50054675,78.45,49.52,5.22,49.01,52.53,64.59,80.44,80.44,0,,,52.53,,0,,0,,,,,
2009-01-30,60.04,62.57,59.0,62.17,49557788,78.1,49.52,5.1,50.33,53.2,64.58,80.44,80.44,0,,,53.2,,0,,0,,,,,
2009-02-02,60.12,61.55,57.2,57.52,37213555,77.74,49.52,5.09,44.11,50.21,64.4,80.44,80.44,0,,,50.21,,0,,0,,,,,
2009-02-03,58.25,60.45,57.22,58.55,39336797,77.42,49.52,4.96,45.71,50.97,64.21,80.44,80.44,0,,,50.97,,0,,0,,,,,
2009-02-04,59.0,60.53,57.7,58.21,34417658,77.1,49.52,4.81,45.25,50.85,63.8,80.44,80.44,0,,,50.85,,0,,0,,,,,
2009-02-05,58.27,59.23,57.51,58.33,27861163,76.8,49.52,4.59,45.46,51.07,63.39,80.44,80.44,0,,,51.07,,0,,0,,,,,
2009-02-06,59.59,61.07,59.15,60.8,31579878,76.52,49.52,4.45,49.71,52.75,63.19,72.14,80.44,0,,,52.75,,0,,0,,,,,
2009-02-09,60.69,64.19,60.69,63.98,37356082,76.27,49.52,4.39,54.62,54.85,63.2,69.2,72.14,0,,,54.85,,0,,0,,,,,
2009-02-10,63.93,66.02,62.76,64.03,42544012,76.06,49.52,4.31,54.69,54.94,63.14,67.36,69.2,0,,,54.94,,0,,0,,,,,
2009-02-11,62.75,65.4,59.83,65.0,42223995,75.87,49.52,4.4,56.2,55.5,63.23,67.36,67.36,0,,,55.5,,0,,0,,,,,
2009-02-12,64.78,64.88,62.24,62.94,37600090,75.72,49.52,4.28,52.22,54.25,63.11,66.38,67.36,0,,,54.25,,0,,0,,,,,
2009-02-13,63.19,65.48,63.19,64.88,35459479,75.54,49.52,4.16,55.42,55.58,62.99,66.38,66.38,0,,,55.58,,0,,0,,,,,
2009-02-16,64.75,65.7,60.63,61.09,37995474,75.39,53.63,4.22,48.58,54.47,62.8,66.38,66.38,0,,,54.47,,0,,0,,,,,
2009-02-17,65.54,65.54,56.79,57.61,61759934,75.18,56.79,4.54,43.29,53.06,62.37,66.02,66.38,0,,,53.06,,0,,0,,,,,
2009-02-18,57.2,57.47,54.52,55.19,72897044,74.96,54.52,4.44,40.03,50.81,61.72,66.02,66.02,0,,,50.81,,0,,0,,,,,
2009-02-19,54.81,56.71,53.66,53.99,64103545,74.74,53.66,4.34,38.48,49.82,60.92,66.02,66.02,0,,,49.82,,0,,0,,,,,
2009-02-20,53.17,53.57,49.44,50.16,69459280,74.47,49.44,4.36,33.97,45.93,60.26,66.02,66.02,0,,,45.93,,0,,0,,,,,
2009-02-24,48.54,51.07,47.56,50.18,85533811,74.19,47.56,4.3,34.01,45.36,59.66,66.02,66.02,0,,,45.36,,0,,0,,,,,
2009-02-25,50.93,52.26,50.54,50.87,59641318,73.94,47.56,4.14,35.59,45.91,59.17,66.02,66.02,0,,,45.91,,0,,0,,,,,
2009-02-26,49.63,51.29,47.59,48.52,94804248,73.68,47.56,4.11,32.72,44.41,58.67,66.02,66.02,0,,,44.41,,0,,0,,,,,
2009-02-27,48.39,49.89,46.46,48.92,98277729,73.48,46.46,4.06,33.7,44.33,58.11,66.02,66.02,0,,,44.33,,0,,0,,,,,
2009-03-02,48.5,48.5,44.81,45.46,66244871,73.27,44.81,4.06,29.67,41.55,57.59,66.02,66.02,0,,,41.55,,0,,0,,,,,
2009-03-03,44.06,46.78,43.81,44.15,134327787,73.01,43.81,3.98,28.29,40.42,56.95,66.02,66.02,0,,,40.42,,0,,0,,,,,
2009-03-04,44.51,45.23,41.84,42.55,139103426,72.68,41.84,3.94,26.66,38.76,56.31,66.02,66.02,0,,,38.76,,0,,0,,,,,
2009-03-05,42.87,44.02,39.74,40.33,143672595,72.31,39.74,3.97,24.55,36.62,55.68,66.02,66.02,0,,,36.62,,0,,0,,,,,
2009-03-06,39.39,42.55,37.68,40.2,277252228,71.92,37.68,4.03,24.43,35.8,55.19,66.02,66.02,0,,,35.8,,0,,0,,,,,
2009-03-09,40.16,40.69,38.53,39.27,107028086,71.45,37.68,3.9,23.53,35.29,54.61,66.02,66.02,0,,,35.29,,0,,0,,,,,
2009-03-12,40.98,43.08,40.36,42.44,150544240,71.0,37.68,3.89,32.65,37.34,54.22,66.02,66.02,0,,,37.34,,0,,0,,,,,
2009-03-13,44.21,46.71,43.61,46.1,143489280,70.65,37.68,3.92,41.35,39.68,53.85,65.7,66.02,0,,,39.68,,0,,0,,,,,
2009-03-16,46.52,48.54,45.86,48.21,122101166,70.32,37.68,3.83,45.7,41.1,53.43,65.7,65.7,0,,,41.1,,0,,0,,,,,
2009-03-17,48.47,50.38,46.91,48.3,175129680,70.03,37.68,3.8,45.88,41.18,53.0,65.7,65.7,0,,,41.18,,0,,0,,,,,
2009-03-18,49.13,51.08,48.84,49.98,90873145,69.73,37.68,3.73,49.34,42.31,52.59,65.7,65.7,0,,,42.31,,0,,0,,,,,
2009-03-19,50.09,51.75,48.73,50.47,118935839,69.43,37.68,3.68,50.34,42.66,52.36,65.54,65.7,0,,,42.66,,0,,0,,,,,
2009-03-20,49.62,50.26,47.95,48.25,81416263,69.12,37.68,3.6,45.93,41.28,52.01,57.47,65.54,0,,,41.28,,0,,0,,,,,
2009-03-23,49.14,52.26,48.75,51.8,95384740,68.82,37.68,3.63,53.02,43.55,51.8,56.71,57.47,0,,,43.55,,0,,0,,,,,
2009-03-24,52.86,55.83,52.46,53.09,125109600,68.49,37.68,3.66,55.31,44.37,51.63,55.83,56.71,0,,,44.37,,0,,0,,,,,
2009-03-25,53.77,55.25,52.15,54.6,116137670,68.15,37.68,3.62,57.9,45.37,51.42,55.83,55.83,0,,,45.37,,0,,0,,,,,
2009-03-26,55.86,56.31,54.47,56.02,102413245,67.82,37.68,3.49,60.24,46.37,51.15,56.31,55.83,0,,,46.37,,0,,0,,,,,
2009-03-27,56.32,57.92,55.91,57.53,81750779,67.47,37.68,3.38,62.61,47.41,50.94,57.92,56.31,0,,,47.41,,0,,0,,,,,
2009-03-30,56.29,56.31,49.98,50.5,121516285,67.04,37.68,3.68,48.19,42.68,50.45,57.92,57.92,0,,,42.68,,0,,0,,,,,
2009-03-31,50.86,51.72,46.94,49.71,188785256,66.63,38.53,3.76,46.88,42.4,50.01,57.92,57.92,0,,,42.4,,0,,0,,,,,
2009-04-01,52.23,52.86,48.34,52.18,123020590,66.27,40.36,3.81,51.33,44.57,49.59,57.92,57.92,0,,,44.57,,0,,0,,,,,
2009-04-02,53.77,56.56,53.21,53.87,129391559,65.96,43.61,3.85,54.15,46.71,49.35,57.92,57.92,0,,,46.71,,0,,0,,,,,
2009-04-06,55.71,56.86,54.19,55.98,120940699,65.67,45.86,3.79,57.47,48.87,49.29,57.92,57.92,0,,,48.87,,0,,0,,,,,
2009-04-08,53.84,56.7,51.78,56.22,102261280,65.37,46.91,3.87,57.85,49.32,49.33,57.92,57.92,0,,,49.32,,0,,0,,,,,
2009-04-09,57.35,60.04,55.44,59.42,139573351,65.09,46.94,3.92,62.57,51.36,49.51,60.04,57.92,0,,,51.36,,0,,0,,,,,
2009-04-13,60.49,62.95,60.49,62.22,64942707,64.87,46.94,3.9,66.15,53.18,49.91,62.95,60.04,0,,,53.18,,0,,0,,,,,
2009-04-15,61.24,68.26,55.49,66.15,103480718,64.67,46.94,4.53,70.42,55.29,50.44,68.26,62.95,0,,,55.29,,0,,0,,,,,
2009-04-16,70.14,70.14,63.05,63.86,117059822,64.44,46.94,4.71,65.26,53.69,50.88,70.14,68.26,0,,,53.69,,0,,0,,,,,
2009-04-17,64.97,68.26,64.52,65.85,91703238,64.21,46.94,4.69,67.49,54.99,51.45,70.14,70.14,0,,,54.99,,0,,0,,,,,
2009-04-20,65.61,68.11,63.26,63.72,90841806,63.99,46.94,4.7,62.83,53.61,51.95,70.14,70.14,0,,,53.61,,0,,0,,,,,
2009-04-21,61.47,62.19,58.44,59.56,111925363,63.76,46.94,4.74,54.87,50.9,52.42,70.14,70.14,0,,,50.9,,0,,0,,,,,
2009-04-22,59.59,61.69,58.34,59.75,73165554,63.49,46.94,4.64,55.15,51.09,52.94,70.14,70.14,0,,,51.09,,0,,0,,,,,
2009-04-23,59.44,64.46,59.01,63.39,75504885,63.25,46.94,4.7,60.23,53.4,53.63,70.14,70.14,0,,,53.4,,0,,0,,,,,
2009-04-24,62.73,65.63,62.0,64.84,79774992,62.97,46.94,4.62,62.08,54.39,54.45,70.14,70.14,0,,,54.39,,0,,0,,,,,
2009-04-27,63.48,71.39,61.4,69.83,147298052,62.72,48.34,5.01,67.64,57.81,55.44,71.39,70.14,0,,,57.81,,0,,0,,,,,
2009-04-28,69.9,70.2,64.68,65.6,95548860,62.47,51.78,5.04,59.65,56.21,56.31,71.39,71.39,0,,,56.21,,0,,0,,,,,
2009-04-29,66.32,72.36,66.32,71.57,102612356,62.23,51.78,5.17,65.79,59.98,57.29,72.36,71.39,1,71.57,59.98,59.98,59.98,1,2009-04-29,0,,,10,,
2009-04-30,71.84,71.84,71.84,71.84,0,62.0,51.78,4.82,66.04,60.39,58.14,72.36,72.36,0,,,60.39,60.39,1,2009-04-29,0,,,10,,
2009-05-04,73.2,79.73,73.19,79.15,102284831,61.83,55.44,5.04,72.04,66.17,59.18,79.73,72.36,1,79.15,66.17,66.17,66.17,1,2009-04-29,0,,,10,,
2009-05-05,79.16,85.73,79.16,85.0,127386138,61.72,55.49,5.15,75.73,69.89,60.4,85.73,79.73,0,,,69.89,69.89,1,2009-04-29,0,,,10,,
2009-05-06,85.13,85.88,79.53,80.59,136625368,61.6,55.49,5.23,68.4,66.99,61.42,85.88,85.73,0,,,66.99,69.89,1,2009-04-29,0,,,10,,
2009-05-07,81.4,83.25,80.39,82.04,70676771,61.53,58.34,5.06,69.44,68.99,62.47,85.88,85.88,0,,,68.99,69.89,1,2009-04-29,0,,,10,,
2009-05-08,82.15,82.28,76.94,77.78,79670404,61.45,58.34,5.08,62.85,66.23,63.46,85.88,85.88,0,,,66.23,69.89,1,2009-04-29,0,,,10,,
2009-05-11,79.5,81.81,76.62,78.17,79689175,61.41,58.34,5.09,63.2,66.47,64.33,85.88,85.88,0,,,66.47,69.89,1,2009-04-29,0,,,10,,
2009-05-12,77.52,84.17,77.23,83.36,79992352,61.4,58.34,5.22,67.51,69.73,65.34,85.88,85.88,0,,,69.73,69.89,1,2009-04-29,0,,,10,,
2009-05-13,84.84,85.84,80.89,82.32,89698537,61.32,58.34,5.2,65.85,69.07,66.27,85.88,85.88,0,,,69.07,69.89,1,2009-04-29,0,,,10,,
2009-05-14,80.65,80.65,77.52,80.09,69120243,61.22,59.01,5.17,62.3,67.88,67.07,85.88,85.88,0,,,67.88,69.89,1,2009-04-29,0,,,10,,
2009-05-15,81.52,86.48,80.95,85.84,73343033,61.2,61.4,5.26,67.21,72.33,68.01,86.48,85.88,0,,,72.33,72.33,1,2009-04-29,0,,,10,,
2009-05-18,101.53,110.53,98.73,105.61,354381,61.3,61.4,6.65,77.88,84.15,69.85,110.53,86.48,1,105.61,84.15,84.15,84.15,1,2009-04-29,0,,,10,,
2009-05-19,109.33,119.49,101.41,112.94,164921339,61.46,64.68,7.47,80.42,89.43,71.96,119.49,110.53,0,,,89.43,89.43,1,2009-04-29,0,,,10,,
2009-05-20,111.42,111.42,104.04,105.88,78260072,61.61,66.32,7.57,71.85,85.35,73.75,119.49,119.49,0,,,85.35,89.43,1,2009-04-29,0,,,10,,
2009-05-21,104.1,105.99,99.67,100.53,72714499,61.79,71.84,7.48,66.1,83.8,75.3,119.49,119.49,0,,,83.8,89.43,1,2009-04-29,0,,,10,,
2009-05-22,99.32,106.58,97.23,104.95,82922944,61.96,73.19,7.61,68.36,87.01,76.94,119.49,119.49,0,,,87.01,89.43,1,2009-04-29,0,,,10,,
2009-05-25,106.0,107.17,103.9,105.25,44956307,62.11,76.62,7.3,68.51,88.56,78.57,119.49,119.49,0,,,88.56,89.43,1,2009-04-29,0,,,10,,
2009-05-26,105.29,106.05,98.31,99.47,51311067,62.27,76.62,7.33,62.26,84.81,79.9,119.49,119.49,0,,,84.81,89.43,1,2009-04-29,0,,,10,,
2009-05-27,101.71,106.7,101.71,106.08,43286221,62.49,76.62,7.33,66.07,89.08,81.37,119.49,119.49,0,,,89.08,89.43,1,2009-04-29,0,,,10,,
2009-05-28,106.78,110.51,104.58,109.08,75588678,62.73,76.62,7.23,67.67,91.08,82.8,119.49,119.49,0,,,91.08,91.08,1,2009-04-29,0,,,10,,
2009-05-29,109.61,112.75,109.18,110.55,44991226,63.02,76.62,6.97,68.45,92.2,84.35,119.49,119.49,0,,,92.2,92.2,1,2009-04-29,0,,,10,,
2009-06-01,113.32,113.62,105.84,107.92,53351573,63.38,77.23,7.03,65.4,90.66,85.76,119.49,119.49,0,,,90.66,92.2,1,2009-04-29,0,,,10,,
2009-06-02,109.03,112.01,105.12,109.38,62033158,63.68,77.52,7.02,66.3,91.71,87.28,119.49,119.49,0,,,91.71,92.2,1,2009-04-29,0,,,10,,
2009-06-03,111.27,111.67,105.82,107.46,47039806,63.95,77.52,6.94,63.95,90.53,88.88,119.49,119.49,0,,,90.53,92.2,1,2009-04-29,0,,,10,,
2009-06-04,106.66,110.33,103.58,109.55,60590090,64.27,80.95,6.92,65.39,93.03,90.54,119.49,119.49,0,,,93.03,93.03,1,2009-04-29,0,,,10,,
2009-06-05,110.6,114.18,110.6,112.73,55471955,64.61,97.23,6.76,67.51,100.61,92.18,119.49,119.49,0,,,100.61,100.61,1,2009-04-29,0,,,10,,
2009-06-08,115.6,115.6,107.25,108.23,31803530,64.94,97.23,6.87,61.74,97.64,93.63,119.49,119.49,0,,,97.64,100.61,1,2009-04-29,0,,,10,,
2009-06-09,107.54,111.83,105.33,110.2,56353099,65.26,97.23,6.85,63.22,98.92,94.97,119.49,119.49,0,,,98.92,100.61,1,2009-04-29,0,,,10,,
2009-06-10,111.57,113.78,109.93,111.68,67722666,65.58,97.23,6.63,64.34,100.02,96.51,119.49,119.49,0,,,100.02,100.61,1,2009-04-29,0,,,10,,
2009-06-11,113.64,115.19,111.07,113.74,35067549,65.94,97.23,6.45,65.89,101.47,97.91,119.49,119.49,0,,,101.47,101.47,1,2009-04-29,0,,,10,,
2009-06-12,116.72,118.18,111.87,112.55,40021316,66.33,98.31,6.44,64.15,101.07,99.27,119.49,119.49,0,,,101.07,101.47,1,2009-04-29,0,,,10,,
2009-06-15,110.66,114.0,109.52,111.38,27235472,66.76,98.31,6.3,62.41,100.41,100.34,119.49,119.49,0,,,100.41,101.47,1,2009-04-29,0,,,10,,
2009-06-16,107.99,112.1,107.99,111.33,45355986,67.19,101.71,6.15,62.33,101.61,101.22,118.18,119.49,0,,,101.61,101.61,1,2009-04-29,0,,,10,,
2009-06-17,110.66,113.62,108.39,109.52,41301766,67.57,103.58,6.08,59.43,101.11,102.19,118.18,118.18,0,,,101.11,101.61,1,2009-04-29,0,,,10,,
2009-06-18,107.72,111.33,105.1,106.61,45576388,67.89,103.58,6.09,55.01,99.23,103.01,118.18,118.18,0,,,99.23,101.61,1,2009-04-29,0,,,10,,
2009-06-19,106.36,109.75,103.38,108.24,59281596,68.18,103.38,6.11,56.94,100.2,104.02,118.18,118.18,0,,,100.2,101.61,1,2009-04-29,0,,,10,,
2009-06-22,109.19,113.69,108.69,110.81,44850899,68.46,103.38,6.06,59.87,101.89,105.11,118.18,118.18,0,,,101.89,101.89,1,2009-04-29,0,,,10,,
2009-06-23,106.57,108.23,103.46,105.69,68331136,68.72,103.38,6.16,52.25,98.53,105.85,118.18,118.18,0,,,98.53,101.89,1,2009-04-29,0,,,10,,
2009-06-24,106.42,106.84,102.33,104.51,53093562,68.98,102.33,6.04,50.65,97.49,106.59,118.18,118.18,0,,,97.49,101.89,1,2009-04-29,0,,,10,,
2009-06-25,105.31,108.33,104.82,106.11,56122005,69.26,102.33,5.88,52.76,98.63,107.46,118.18,118.18,0,,,98.63,101.89,1,2009-04-29,0,,,10,,
2009-06-26,107.9,115.21,107.25,114.62,57797212,69.55,102.33,6.11,62.07,103.97,108.42,118.18,118.18,0,,,103.97,103.97,1,2009-04-29,0,,,10,,
2009-06-29,115.92,117.13,112.29,113.49,45488448,69.88,102.33,6.02,60.36,103.3,108.68,118.18,118.18,0,,,103.3,103.97,1,2009-04-29,0,,,10,,
2009-06-30,113.69,114.28,108.46,109.48,38125527,70.21,102.33,6.0,54.64,100.72,108.57,118.18,118.18,0,,,100.72,103.97,1,2009-04-29,0,,,10,,
2009-07-01,109.14,112.01,106.61,110.64,45810022,70.55,102.33,5.96,55.94,101.5,108.73,118.18,118.18,0,,,101.5,103.97,1,2009-04-29,0,,,10,,
2009-07-02,111.71,112.91,108.99,111.19,36291354,70.91,102.33,5.82,56.58,101.95,109.08,118.18,118.18,0,,,101.95,103.97,1,2009-04-29,0,,,10,,
2009-07-03,109.22,115.21,108.58,114.44,37752957,71.32,102.33,5.87,60.23,104.01,109.4,118.18,118.18,0,,,104.01,104.01,1,2009-04-29,0,,,10,,
2009-07-06,115.21,117.78,100.81,103.04,79021800,71.66,100.81,6.67,45.71,95.62,109.32,118.18,118.18,0,,,95.62,104.01,1,2009-04-29,1,104.01,TRAILING_STOP,10,48,45.32
2009-07-07,104.6,108.08,103.84,105.33,64419965,72.04,100.81,6.55,48.4,97.17,109.52,118.18,118.18,0,,,97.17,,0,,0,,,,,
2009-07-08,104.29,104.41,97.36,99.0,57444557,72.36,97.36,6.65,42.18,91.87,109.28,118.18,118.18,0,,,91.87,,0,,0,,,,,
2009-07-09,101.56,101.56,94.0,96.32,62494630,72.68,94.0,6.72,39.84,88.98,108.86,118.18,118.18,0,,,88.98,,0,,0,,,,,
2009-07-10,96.41,99.65,93.89,95.33,44425249,73.0,93.89,6.65,38.98,88.35,108.35,117.78,118.18,0,,,88.35,,0,,0,,,,,
2009-07-13,93.99,97.62,91.89,95.95,41115525,73.29,91.89,6.58,39.86,88.13,107.95,117.78,117.78,0,,,88.13,,0,,0,,,,,
2009-07-14,97.8,103.84,97.8,103.0,41587496,73.63,91.89,6.68,48.84,92.61,107.74,117.78,117.78,0,,,92.61,,0,,0,,,,,
2009-07-15,104.6,107.31,101.43,105.57,52595702,73.98,91.89,6.62,51.67,94.31,107.68,117.78,117.78,0,,,94.31,,0,,0,,,,,
2009-07-16,107.8,109.13,104.32,105.18,38862076,74.36,91.89,6.49,51.2,94.14,107.53,117.78,117.78,0,,,94.14,,0,,0,,,,,
2009-07-17,106.28,113.46,106.28,112.61,55316552,74.79,91.89,6.62,58.79,98.85,107.53,117.78,117.78,0,,,98.85,,0,,0,,,,,
2009-07-20,114.3,120.44,112.03,118.96,55446550,75.25,91.89,6.75,63.94,102.86,107.88,120.44,117.78,1,118.96,102.86,102.86,102.86,1,2009-07-20,0,,,11,,
2009-07-21,120.5,120.51,116.3,117.13,47118582,75.67,91.89,6.56,61.55,101.8,108.12,120.51,120.44,0,,,101.8,102.86,1,2009-07-20,0,,,11,,
2009-07-22,117.03,122.44,114.04,115.14,63070518,76.08,91.89,6.7,58.97,100.43,108.23,122.44,120.51,0,,,100.43,102.86,1,2009-07-20,0,,,11,,
2009-07-23,116.81,119.6,114.98,117.6,55353540,76.49,91.89,6.55,61.14,102.12,108.36,122.44,122.44,0,,,102.12,102.86,1,2009-07-20,0,,,11,,
2009-07-24,118.66,120.47,115.21,116.35,57609409,76.87,91.89,6.46,59.42,101.37,108.49,122.44,122.44,0,,,101.37,102.86,1,2009-07-20,0,,,11,,
2009-07-27,117.13,118.54,113.16,114.89,61956823,77.23,91.89,6.38,57.39,100.48,108.6,122.44,122.44,0,,,100.48,102.86,1,2009-07-20,0,,,11,,
2009-07-28,115.16,115.21,110.96,112.23,57014320,77.57,91.89,6.23,53.79,98.87,108.63,122.44,122.44,0,,,98.87,102.86,1,2009-07-20,0,,,11,,
2009-07-29,112.18,112.89,108.77,111.08,44168679,77.89,91.89,6.08,52.26,98.23,108.68,122.44,122.44,0,,,98.23,102.86,1,2009-07-20,0,,,11,,
2009-07-30,110.22,115.77,109.45,114.78,46910286,78.24,91.89,6.09,56.54,100.6,108.96,122.44,122.44,0,,,100.6,102.86,1,2009-07-20,0,,,11,,
2009-07-31,117.33,117.77,113.84,114.98,35803333,78.58,91.89,5.94,56.76,100.83,109.18,122.44,122.44,0,,,100.83,102.86,1,2009-07-20,0,,,11,,
2009-08-03,115.81,117.49,113.42,117.29,27991018,78.89,97.8,5.81,59.39,104.38,109.4,122.44,122.44,0,,,104.38,104.38,1,2009-07-20,0,,,11,,
2009-08-04,117.03,119.07,114.22,115.75,48726870,79.19,101.43,5.74,56.91,104.64,109.73,122.44,122.44,0,,,104.64,104.64,1,2009-07-20,0,,,11,,
2009-08-05,116.72,117.94,114.9,117.24,36683872,79.53,104.32,5.54,58.7,106.7,110.16,122.44,122.44,0,,,106.7,106.7,1,2009-07-20,0,,,11,,
2009-08-06,116.72,121.86,114.45,116.14,76527225,79.88,106.28,5.68,56.82,106.55,110.49,122.44,122.44,0,,,106.55,106.7,1,2009-07-20,0,,,11,,
2009-08-07,115.66,115.94,111.11,111.89,39098488,80.18,108.77,5.63,50.13,104.67,110.4,122.44,122.44,0,,,104.67,106.7,1,2009-07-20,0,,,11,,
2009-08-10,113.03,114.97,108.08,108.95,51778628,80.49,108.08,5.72,46.09,102.49,110.25,122.44,122.44,0,,,102.49,106.7,1,2009-07-20,0,,,11,,
2009-08-11,111.33,111.33,106.51,108.7,38187187,80.77,106.51,5.66,45.75,101.84,110.22,122.44,122.44,0,,,101.84,106.7,1,2009-07-20,1,106.7,TRAILING_STOP,11,17,-10.31
2009-08-12,107.63,108.23,104.63,107.65,38127226,81.04,104.63,5.54,44.28,100.62,110.12,122.44,122.44,0,,,100.62,,0,,0,,,,,
2009-08-13,109.75,115.19,109.75,114.78,35109976,81.35,104.63,5.69,54.87,105.12,110.24,122.44,122.44,0,,,105.12,,0,,0,,,,,
2009-08-14,115.97,115.97,111.9,112.91,24985482,81.64,104.63,5.57,52.08,103.99,110.19,122.44,122.44,0,,,103.99,,0,,0,,,,,
2009-08-17,111.22,111.57,106.43,106.86,30469626,81.85,104.63,5.64,44.23,100.04,110.32,122.44,122.44,0,,,100.04,,0,,0,,,,,
2009-08-18,107.65,110.36,105.71,109.15,34215423,82.06,104.63,5.57,47.46,101.57,110.45,122.44,122.44,0,,,101.57,,0,,0,,,,,
2009-08-19,109.6,109.9,106.17,108.62,37529607,82.32,104.63,5.43,46.78,101.31,110.77,121.86,122.44,0,,,101.31,,0,,0,,,,,
2009-08-20,109.89,111.39,108.26,109.08,20595839,82.59,104.63,5.27,47.48,101.72,111.19,121.86,121.86,0,,,101.72,,0,,0,,,,,
2009-08-21,109.13,113.58,107.17,112.99,47251066,82.91,104.63,5.35,53.11,104.19,111.78,121.86,121.86,0,,,104.19,,0,,0,,,,,
2009-08-24,113.69,117.32,113.69,116.41,30539030,83.26,104.63,5.28,57.41,106.44,112.46,121.86,121.86,0,,,106.44,,0,,0,,,,,
2009-08-25,115.38,116.27,113.75,115.09,28630492,83.59,104.63,5.09,55.3,105.72,112.87,121.86,121.86,0,,,105.72,,0,,0,,,,,
2009-08-26,115.21,116.48,114.07,115.5,23269433,83.95,104.63,4.9,55.85,106.11,113.2,121.86,121.86,0,,,106.11,,0,,0,,,,,
2009-08-27,114.45,115.21,113.21,113.78,28304897,84.29,104.63,4.71,52.94,105.12,113.48,121.86,121.86,0,,,105.12,,0,,0,,,,,
2009-08-28,113.67,116.84,113.67,115.75,26284412,84.65,104.63,4.6,55.78,106.47,113.59,121.86,121.86,0,,,106.47,,0,,0,,,,,
2009-08-31,114.37,115.65,112.63,113.87,26119588,85.01,104.63,4.5,52.53,105.32,113.42,121.86,121.86,0,,,105.32,,0,,0,,,,,
2009-09-01,114.03,117.57,112.18,112.9,28549279,85.4,104.63,4.56,50.88,104.66,113.28,121.86,121.86,0,,,104.66,,0,,0,,,,,
2009-09-02,111.42,112.93,109.6,111.58,21361164,85.76,105.71,4.47,48.64,104.22,113.16,121.86,121.86,0,,,104.22,,0,,0,,,,,
2009-09-03,112.33,113.98,110.68,111.56,29277231,86.15,105.71,4.39,48.6,104.27,112.96,117.57,121.86,0,,,104.27,,0,,0,,,,,
2009-09-04,112.02,114.07,110.81,112.77,23908632,86.52,105.71,4.31,50.9,105.1,112.84,117.57,117.57,0,,,105.1,,0,,0,,,,,
2009-09-07,113.51,120.8,113.48,119.58,36697584,86.91,105.71,4.57,61.35,109.32,113.0,120.8,117.57,1,119.58,109.32,109.32,109.32,1,2009-09-07,0,,,12,,
2009-09-08,120.51,122.26,118.5,119.75,50940241,87.3,106.17,4.52,61.57,109.62,113.25,122.26,120.8,0,,,109.62,109.62,1,2009-09-07,0,,,12,,
2009-09-09,119.3,121.12,118.79,120.2,25875965,87.69,107.17,4.36,62.19,110.35,113.55,122.26,122.26,0,,,110.35,110.35,1,2009-09-07,0,,,12,,
2009-09-10,122.03,125.58,121.8,123.79,37852116,88.13,107.17,4.43,66.75,112.61,113.85,125.58,122.26,1,123.79,112.61,112.61,112.61,1,2009-09-07,0,,,12,,
2009-09-11,125.82,128.04,124.04,126.6,35905380,88.58,109.6,4.42,69.82,115.24,114.24,128.04,125.58,0,,,115.24,115.24,1,2009-09-07,0,,,12,,
2009-09-14,124.3,126.57,124.02,125.0,21326349,89.03,109.6,4.29,66.08,114.3,114.49,128.04,128.04,0,,,114.3,115.24,1,2009-09-07,0,,,12,,
2009-09-15,125.82,128.4,125.67,128.0,19170783,89.49,109.6,4.22,69.39,116.28,114.9,128.4,128.04,0,,,116.28,116.28,1,2009-09-07,0,,,12,,
2009-09-16,128.86,131.88,128.86,131.05,28691140,89.96,109.6,4.2,72.34,118.26,115.36,131.88,128.4,1,131.05,118.26,118.26,118.26,1,2009-09-07,0,,,12,,
2009-09-17,133.22,134.02,130.84,132.03,35923750,90.41,109.6,4.13,73.24,118.94,115.89,134.02,131.88,0,,,118.94,118.94,1,2009-09-07,0,,,12,,
2009-09-18,131.88,131.88,127.1,127.71,33598790,90.84,109.6,4.18,63.49,116.12,116.42,134.02,134.02,0,,,116.12,118.94,1,2009-09-07,0,,,12,,
2009-09-22,127.64,130.13,126.88,129.15,16267317,91.27,109.6,4.12,65.16,117.09,117.09,134.02,134.02,0,,,117.09,118.94,1,2009-09-07,0,,,12,,
2009-09-23,129.61,130.5,127.34,128.12,17965029,91.7,109.6,4.05,62.95,116.47,117.74,134.02,134.02,0,,,116.47,118.94,1,2009-09-07,0,,,12,,
2009-09-24,126.58,140.61,125.87,130.44,35010222,92.14,110.68,4.81,65.76,117.82,118.5,140.61,134.02,0,,,117.82,118.94,1,2009-09-07,0,,,12,,
2009-09-25,128.85,129.53,126.74,127.18,17814461,92.58,110.81,4.73,58.98,115.81,118.91,140.61,140.61,0,,,115.81,118.94,1,2009-09-07,0,,,12,,
2009-09-29,135.48,135.48,128.85,131.33,22462187,93.07,113.48,4.99,64.06,119.21,119.53,140.61,140.61,0,,,119.21,119.21,1,2009-09-07,0,,,12,,
2009-09-30,130.4,137.94,130.4,137.58,45465095,93.62,118.5,5.17,70.08,124.79,120.55,140.61,140.61,0,,,124.79,124.79,1,2009-09-07,0,,,12,,
2009-10-01,124.0,141.57,124.0,140.46,46686249,94.2,118.79,6.06,72.37,126.16,121.6,141.57,140.61,0,,,126.16,124.79,1,2009-09-07,1,124.79,TRAILING_STOP,12,17,4.36
2009-10-05,136.43,139.6,135.96,138.31,32277498,94.78,121.8,5.95,68.17,125.85,122.59,141.57,141.57,0,,,125.85,,0,,0,,,,,
2009-10-06,139.03,143.21,135.38,142.22,40974895,95.4,124.0,6.08,71.42,129.01,123.69,143.21,141.57,1,142.22,129.01,129.01,129.01,1,2009-10-06,0,,,13,,
2009-10-07,143.25,144.63,138.54,139.22,30668115,95.99,124.0,6.08,65.86,127.08,124.56,144.63,143.21,0,,,127.08,129.01,1,2009-10-06,0,,,13,,
2009-10-08,139.86,141.72,138.39,139.91,34944371,96.59,124.0,5.88,66.51,127.65,125.35,144.63,144.63,0,,,127.65,129.01,1,2009-10-06,0,,,13,,
2009-10-09,140.07,140.17,135.7,136.7,23061555,97.18,124.0,5.78,60.75,125.65,126.07,144.63,144.63,0,,,125.65,129.01,1,2009-10-06,0,,,13,,
2009-10-12,135.6,140.22,135.11,139.49,26540228,97.81,124.0,5.73,63.69,127.48,126.87,144.63,144.63,0,,,127.48,129.01,1,2009-10-06,0,,,13,,
2009-10-13,139.61,139.61,139.61,139.61,0,98.44,124.0,5.33,63.82,127.83,127.73,144.63,144.63,0,,,127.83,129.01,1,2009-10-06,0,,,13,,
2009-10-14,140.17,141.57,138.98,139.61,18482937,99.09,124.0,5.14,63.82,127.96,128.52,144.63,144.63,0,,,127.96,129.01,1,2009-10-06,0,,,13,,
2009-10-15,140.59,142.91,138.58,141.88,31891024,99.77,124.0,5.08,66.37,129.46,129.46,144.63,144.63,0,,,129.46,129.46,1,2009-10-06,0,,,13,,
2009-10-16,140.39,147.01,140.39,145.39,33702691,100.47,124.0,5.19,69.9,131.65,130.54,147.01,144.63,1,145.39,131.65,131.65,131.65,1,2009-10-06,0,,,13,,
2009-10-20,143.82,146.44,142.5,143.17,22193319,101.16,124.0,5.1,65.23,130.28,131.59,147.01,147.01,0,,,130.28,131.65,1,2009-10-06,0,,,13,,
2009-10-21,142.04,142.69,139.8,140.84,21112014,101.82,124.0,4.98,60.66,128.86,132.57,147.01,147.01,0,,,128.86,131.65,1,2009-10-06,0,,,13,,
2009-10-22,139.16,139.61,134.31,135.13,27866652,102.41,124.0,5.09,51.17,125.1,133.32,147.01,147.01,0,,,125.1,131.65,1,2009-10-06,0,,,13,,
2009-10-23,137.04,138.23,135.69,136.99,19342763,103.0,124.0,4.95,53.71,126.39,133.9,147.01,147.01,0,,,126.39,131.65,1,2009-10-06,0,,,13,,
2009-10-26,137.79,139.46,134.47,135.04,19795264,103.58,134.31,4.95,50.73,128.57,134.4,147.01,147.01,0,,,128.57,131.65,1,2009-10-06,0,,,13,,
2009-10-27,134.16,136.35,125.24,126.49,57013891,104.09,125.24,5.39,40.21,119.74,134.61,147.01,147.01,0,,,119.74,131.65,1,2009-10-06,1,131.65,TRAILING_STOP,13,15,-7.43
2009-10-28,125.36,125.82,119.3,122.7,56320363,104.57,119.3,5.52,36.59,115.23,134.58,147.01,147.01,0,,,115.23,,0,,0,,,,,
2009-10-29,119.91,122.04,114.7,116.99,57676899,105.03,114.7,5.7,31.92,109.9,134.26,147.01,147.01,0,,,109.9,,0,,0,,,,,
2009-10-30,119.0,122.83,115.8,119.88,65643886,105.48,114.7,5.79,36.34,111.7,134.09,147.01,147.01,0,,,111.7,,0,,0,,,,,
2009-11-03,119.19,124.86,117.34,119.19,51784782,105.93,114.7,5.91,35.75,111.17,133.79,147.01,147.01,0,,,111.17,,0,,0,,,,,
2009-11-04,120.67,126.09,120.5,125.48,36119803,106.4,114.7,5.98,44.68,115.18,133.61,147.01,147.01,0,,,115.18,,0,,0,,,,,
2009-11-05,126.12,128.54,122.55,128.04,31882928,106.88,114.7,5.98,47.85,116.83,133.48,147.01,147.01,0,,,116.83,,0,,0,,,,,
2009-11-06,129.9,130.78,127.41,128.63,29357278,107.35,114.7,5.8,48.58,117.33,133.51,147.01,147.01,0,,,117.33,,0,,0,,,,,
2009-11-09,128.7,135.29,128.03,134.69,37202297,107.91,114.7,5.9,55.5,121.17,133.69,147.01,147.01,0,,,121.17,,0,,0,,,,,
2009-11-10,136.42,137.76,134.95,135.91,33055286,108.49,114.7,5.7,56.76,122.1,133.95,147.01,147.01,0,,,122.1,,0,,0,,,,,
2009-11-11,135.98,140.83,134.31,140.14,22744386,109.07,114.7,5.76,60.9,124.78,134.27,147.01,147.01,0,,,124.78,,0,,0,,,,,
2009-11-12,140.52,140.75,133.85,135.31,28706227,109.62,114.7,5.84,54.49,121.61,134.54,147.01,147.01,0,,,121.61,,0,,0,,,,,
2009-11-13,136.31,138.69,135.14,137.79,21123833,110.16,114.7,5.68,56.99,123.32,134.76,147.01,147.01,0,,,123.32,,0,,0,,,,,
2009-11-16,138.11,141.28,138.11,139.36,19300605,110.72,114.7,5.52,58.55,124.44,134.82,147.01,147.01,0,,,124.44,,0,,0,,,,,
2009-11-17,139.77,140.2,136.44,139.55,19681051,111.25,114.7,5.39,58.74,124.65,134.79,146.44,147.01,0,,,124.65,,0,,0,,,,,
2009-11-18,138.7,139.16,136.58,137.26,17739876,111.75,114.7,5.22,55.37,123.28,134.75,142.69,146.44,0,,,123.28,,0,,0,,,,,
2009-11-19,137.09,137.17,133.1,134.38,19304213,112.21,114.7,5.15,51.38,121.48,134.49,141.28,142.69,0,,,121.48,,0,,0,,,,,
2009-11-20,133.4,136.58,130.06,135.98,27084640,112.69,115.8,5.24,53.39,122.81,134.38,141.28,141.28,0,,,122.81,,0,,0,,,,,
2009-11-23,136.43,140.03,135.7,139.05,19699955,113.18,117.34,5.18,57.06,125.35,134.36,141.28,141.28,0,,,125.35,,0,,0,,,,,
2009-11-24,138.73,138.86,135.86,137.85,26675170,113.67,120.5,5.04,55.23,125.72,134.39,141.28,141.28,0,,,125.72,,0,,0,,,,,
2009-11-25,137.05,137.79,134.49,136.71,24813921,114.18,122.55,4.92,53.47,125.75,134.3,141.28,141.28,0,,,125.75,,0,,0,,,,,
2009-11-26,135.9,135.95,130.37,131.2,34519276,114.66,127.41,5.02,45.89,123.75,134.02,141.28,141.28,0,,,123.75,,0,,0,,,,,
2009-11-27,128.85,129.9,122.94,128.99,42162917,115.1,122.94,5.25,43.24,120.68,133.67,141.28,141.28,0,,,120.68,,0,,0,,,,,
2009-11-30,136.43,136.43,130.37,131.56,28313087,115.54,122.94,5.41,47.06,122.23,133.32,141.28,141.28,0,,,122.23,,0,,0,,,,,
2009-12-01,132.79,134.9,131.13,134.49,22969435,115.97,122.94,5.29,51.11,124.2,132.96,141.28,141.28,0,,,124.2,,0,,0,,,,,
2009-12-02,135.65,139.08,134.61,135.45,36092732,116.44,122.94,5.24,52.4,124.85,132.7,141.28,141.28,0,,,124.85,,0,,0,,,,,
2009-12-03,135.22,137.18,132.97,134.04,27686252,116.86,122.94,5.17,50.31,123.99,132.48,141.28,141.28,0,,,123.99,,0,,0,,,,,
2009-12-04,132.64,133.6,131.12,132.1,23213157,117.26,122.94,5.01,47.5,122.85,132.37,141.28,141.28,0,,,122.85,,0,,0,,,,,
2009-12-07,132.49,133.6,129.78,130.47,23868311,117.6,122.94,4.92,45.21,121.85,132.16,141.28,141.28,0,,,121.85,,0,,0,,,,,
2009-12-08,130.37,133.06,129.09,132.25,32729114,117.91,122.94,4.85,48.15,123.05,132.06,141.28,141.28,0,,,123.05,,0,,0,,,,,
2009-12-09,131.38,132.16,129.31,129.65,19975054,118.24,122.94,4.72,44.41,121.46,132.17,141.28,141.28,0,,,121.46,,0,,0,,,,,
2009-12-10,129.65,133.1,127.99,132.78,32892728,118.58,122.94,4.74,49.49,123.46,132.51,141.28,141.28,0,,,123.46,,0,,0,,,,,
2009-12-11,134.57,134.57,129.36,131.05,22930633,118.93,122.94,4.78,46.94,122.32,132.97,141.28,141.28,0,,,122.32,,0,,0,,,,,
2009-12-14,130.14,131.68,128.47,128.96,22606556,119.27,122.94,4.67,43.98,121.05,133.28,140.2,141.28,0,,,121.05,,0,,0,,,,,
2009-12-15,128.0,129.9,124.91,125.16,32478297,119.55,122.94,4.69,39.16,118.58,133.48,140.03,140.2,0,,,118.58,,0,,0,,,,,
2009-12-16,123.85,126.68,123.45,124.7,29591991,119.83,122.94,4.58,38.6,118.36,133.45,140.03,140.03,0,,,118.36,,0,,0,,,,,
2009-12-17,124.45,126.11,123.24,125.18,25527507,120.14,122.94,4.46,39.56,118.75,133.35,140.03,140.03,0,,,118.75,,0,,0,,,,,
2009-12-18,123.83,124.97,121.89,122.69,25751418,120.38,121.89,4.38,36.39,116.85,133.16,140.03,140.03,0,,,116.85,,0,,0,,,,,
2009-12-21,122.64,124.14,121.35,122.92,25986174,120.5,121.35,4.27,36.89,116.89,132.76,139.08,140.03,0,,,116.89,,0,,0,,,,,
2009-12-22,123.98,125.67,123.7,125.17,16477901,120.58,121.35,4.16,41.75,118.41,132.41,139.08,139.08,0,,,118.41,,0,,0,,,,,
2009-12-23,125.82,131.12,125.52,130.76,22437387,120.74,121.35,4.28,51.69,121.93,132.09,139.08,139.08,0,,,121.93,,0,,0,,,,,
2009-12-24,131.12,132.17,129.61,131.11,17756678,120.95,121.35,4.16,52.24,122.24,131.95,139.08,139.08,0,,,122.24,,0,,0,,,,,
2009-12-29,131.11,134.0,131.11,133.43,19094790,121.14,121.35,4.07,55.83,123.8,131.81,139.08,139.08,0,,,123.8,,0,,0,,,,,
2009-12-30,133.4,134.71,132.31,133.37,18374152,121.32,121.35,3.95,55.71,123.84,131.61,139.08,139.08,0,,,123.84,,0,,0,,,,,
2009-12-31,134.14,134.87,131.63,132.94,17544912,121.55,121.35,3.9,54.83,123.6,131.39,139.08,139.08,0,,,123.6,,0,,0,,,,,
2010-01-04,132.94,134.16,132.64,133.35,9162186,121.73,121.35,3.73,55.55,123.97,131.26,137.18,139.08,0,,,123.97,,0,,0,,,,,
2010-01-05,134.61,136.39,133.63,134.62,14659997,121.9,121.35,3.68,57.81,124.83,131.27,136.39,137.18,0,,,124.83,,0,,0,,,,,
2010-01-06,135.67,137.54,134.93,135.65,20410054,122.07,121.35,3.63,59.6,125.53,131.26,137.54,136.39,0,,,125.53,,0,,0,,,,,
2010-01-07,135.94,135.94,132.87,134.37,10852286,122.24,121.35,3.59,56.4,124.73,131.1,137.54,137.54,0,,,124.73,,0,,0,,,,,
2010-01-08,134.78,134.91,132.03,132.48,20580934,122.4,121.35,3.54,51.96,123.54,130.92,137.54,137.54,0,,,123.54,,0,,0,,,,,
2010-01-11,133.1,133.67,131.27,131.79,18184672,122.56,121.35,3.46,50.4,123.15,130.76,137.54,137.54,0,,,123.15,,0,,0,,,,,
2010-01-12,131.79,132.19,127.34,127.75,22781935,122.68,121.35,3.56,42.37,120.48,130.64,137.54,137.54,0,,,120.48,,0,,0,,,,,
2010-01-13,124.55,127.97,124.55,127.43,31684856,122.78,121.35,3.55,41.81,120.28,130.59,137.54,137.54,0,,,120.28,,0,,0,,,,,
2010-01-14,128.4,130.52,126.0,126.62,33858143,122.9,123.7,3.62,40.33,120.49,130.42,137.54,137.54,0,,,120.49,,0,,0,,,,,
2010-01-15,127.37,128.64,125.89,127.71,19521925,123.02,124.55,3.55,43.23,121.52,130.2,137.54,137.54,0,,,121.52,,0,,0,,,,,
2010-01-18,126.43,131.7,125.86,130.87,22909535,123.15,124.55,3.72,50.71,123.45,130.05,137.54,137.54,0,,,123.45,,0,,0,,,,,
2010-01-19,130.97,132.79,130.22,131.2,20804140,123.26,124.55,3.63,51.43,123.72,129.95,137.54,137.54,0,,,123.72,,0,,0,,,,,
2010-01-20,131.85,134.1,131.72,133.09,27480893,123.4,124.55,3.58,55.44,124.97,129.98,137.54,137.54,0,,,124.97,,0,,0,,,,,
2010-01-21,131.86,132.34,127.68,129.26,33727122,123.52,124.55,3.71,46.97,122.41,129.94,137.54,137.54,0,,,122.41,,0,,0,,,,,
2010-01-22,125.67,128.4,124.43,127.44,32621154,123.63,124.43,3.79,43.57,121.15,129.78,137.54,137.54,0,,,121.15,,0,,0,,,,,
2010-01-25,126.06,127.21,125.1,125.94,15865157,123.74,124.43,3.69,40.93,120.25,129.66,137.54,137.54,0,,,120.25,,0,,0,,,,,
2010-01-27,124.3,125.42,118.24,119.35,38013514,123.82,118.24,3.98,31.83,113.74,129.21,137.54,137.54,0,,,113.74,,0,,0,,,,,
2010-01-28,121.27,122.45,118.13,119.46,56519067,123.9,118.13,4.0,32.1,113.76,128.83,137.54,137.54,0,,,113.76,,0,,0,,,,,
2010-01-29,117.48,127.18,117.48,125.87,59256560,124.0,117.48,4.41,45.68,117.41,128.72,137.54,137.54,0,,,117.41,,0,,0,,,,,
2010-02-01,124.32,128.61,123.55,126.7,28587542,124.14,117.48,4.45,47.15,117.91,128.77,137.54,137.54,0,,,117.91,,0,,0,,,,,
2010-02-02,127.49,127.71,123.67,124.15,29159537,124.27,117.48,4.42,43.27,116.29,128.76,137.54,137.54,0,,,116.29,,0,,0,,,,,
2010-02-03,125.08,128.09,124.8,127.25,18166148,124.41,117.48,4.39,48.79,118.31,128.82,137.54,137.54,0,,,118.31,,0,,0,,,,,
2010-02-04,126.55,128.7,125.14,125.64,18276049,124.48,117.48,4.33,46.27,117.31,128.92,135.94,137.54,0,,,117.31,,0,,0,,,,,
2010-02-05,122.76,122.76,119.76,120.99,27352501,124.53,117.48,4.44,39.87,114.24,128.86,134.91,135.94,0,,,114.24,,0,,0,,,,,
2010-02-08,128.85,128.85,119.15,122.08,22972361,124.62,117.48,4.82,41.9,114.69,128.76,134.1,134.91,0,,,114.69,,0,,0,,,,,
2010-02-09,122.18,124.0,119.97,123.15,20874557,124.7,117.48,4.76,43.9,115.42,128.5,134.1,134.1,0,,,115.42,,0,,0,,,,,
2010-02-10,124.0,124.54,120.79,121.24,19253811,124.77,117.48,4.69,41.17,114.23,128.17,134.1,134.1,0,,,114.23,,0,,0,,,,,
2010-02-11,119.77,125.79,119.77,125.22,19596379,124.84,117.48,4.78,48.37,116.74,127.9,134.1,134.1,0,,,116.74,,0,,0,,,,,
2010-02-15,126.12,126.12,123.17,123.9,10649243,124.98,117.48,4.65,46.34,115.97,127.58,134.1,134.1,0,,,115.97,,0,,0,,,,,
2010-02-16,123.85,127.0,123.85,126.19,11282936,125.12,117.48,4.55,50.24,117.52,127.36,134.1,134.1,0,,,117.52,,0,,0,,,,,
2010-02-17,127.34,128.5,125.91,127.48,28238435,125.31,117.48,4.41,52.33,118.45,127.16,134.1,134.1,0,,,118.45,,0,,0,,,,,
2010-02-18,127.34,129.31,126.48,127.34,25365791,125.51,117.48,4.29,52.08,118.43,126.92,134.1,134.1,0,,,118.43,,0,,0,,,,,
2010-02-19,126.12,126.88,123.86,126.36,18276038,125.72,117.48,4.23,50.22,117.84,126.61,132.34,134.1,0,,,117.84,,0,,0,,,,,
2010-02-22,128.12,128.85,125.63,126.06,12621301,125.92,119.15,4.16,49.64,118.25,126.33,129.31,132.34,0,,,118.25,,0,,0,,,,,
2010-02-23,125.8,129.15,125.15,128.51,20701076,126.09,119.15,4.15,54.3,119.84,126.2,129.31,129.31,0,,,119.84,,0,,0,,,,,
2010-02-24,127.35,128.23,126.27,127.51,17102217,126.24,119.15,4.01,52.18,119.28,126.06,129.31,129.31,0,,,119.28,,0,,0,,,,,
2010-02-25,127.52,130.03,126.23,129.09,23944123,126.4,119.15,4.0,55.16,120.31,126.1,130.03,129.31,0,,,120.31,,0,,0,,,,,
2010-02-26,128.14,134.46,127.64,132.21,35508192,126.53,119.15,4.2,60.42,122.19,126.26,134.46,130.03,1,132.21,122.19,122.19,122.19,1,2010-02-26,0,,,14,,
2010-03-02,134.17,136.89,134.17,136.0,28273393,126.64,119.15,4.23,65.68,124.61,126.58,136.89,134.46,0,,,124.61,124.61,1,2010-02-26,0,,,14,,
2010-03-03,136.42,138.33,135.73,137.7,25091231,126.78,119.77,4.12,67.75,125.99,126.91,138.33,136.89,0,,,125.99,125.99,1,2010-02-26,0,,,14,,
2010-03-04,137.34,138.64,134.79,136.19,17625426,126.92,119.77,4.1,64.06,125.03,127.09,138.64,138.33,0,,,125.03,125.99,1,2010-02-26,0,,,14,,
2010-03-05,136.14,137.79,135.16,136.7,14922803,127.04,119.77,3.99,64.75,125.43,127.27,138.64,138.64,0,,,125.43,125.99,1,2010-02-26,0,,,14,,
2010-03-08,137.95,140.49,137.95,140.03,32294977,127.2,123.17,3.98,69.0,128.72,127.5,140.49,138.64,1,140.03,128.72,128.72,128.72,1,2010-02-26,0,,,14,,
2010-03-09,139.77,141.68,137.8,140.24,34059690,127.37,123.85,3.97,69.25,129.09,127.87,141.68,140.49,0,,,129.09,129.09,1,2010-02-26,0,,,14,,
2010-03-10,140.22,140.9,137.7,139.13,22191510,127.55,123.86,3.92,66.19,128.41,128.26,141.68,141.68,0,,,128.41,129.09,1,2010-02-26,0,,,14,,
2010-03-11,138.7,141.99,138.42,141.11,21146158,127.75,123.86,3.89,68.84,129.71,128.76,141.99,141.68,0,,,129.71,129.71,1,2010-02-26,0,,,14,,
2010-03-12,141.74,142.78,141.16,141.99,20491075,127.93,123.86,3.73,69.96,130.38,129.52,142.78,141.99,0,,,130.38,130.38,1,2010-02-26,0,,,14,,
2010-03-15,140.98,141.74,129.76,140.03,16240301,128.1,125.15,4.34,64.39,129.14,130.2,142.78,142.78,0,,,129.14,130.38,1,2010-02-26,1,130.38,TRAILING_STOP,14,11,-1.38
2010-03-16,139.61,141.72,138.28,141.05,14485526,128.26,125.15,4.28,65.91,129.84,130.71,142.78,142.78,0,,,129.84,,0,,0,,,,,
2010-03-17,141.74,144.56,141.28,143.79,23114982,128.44,126.23,4.22,69.66,132.01,131.28,144.56,142.78,1,143.79,132.01,132.01,132.01,1,2010-03-17,0,,,15,,
2010-03-18,144.02,146.97,143.86,146.08,25947581,128.64,126.23,4.15,72.39,133.53,132.01,146.97,144.56,0,,,133.53,133.53,1,2010-03-17,0,,,15,,
2010-03-19,145.98,146.87,143.77,145.0,17969248,128.83,127.64,4.07,69.23,133.36,132.6,146.97,146.97,0,,,133.36,133.53,1,2010-03-17,0,,,15,,
2010-03-22,143.86,143.86,139.61,141.77,20087584,129.03,129.76,4.17,60.68,131.92,133.14,146.97,146.97,0,,,131.92,133.53,1,2010-03-17,0,,,15,,
2010-03-23,142.34,143.4,139.77,140.3,20200125,129.24,129.76,4.13,57.22,130.99,133.78,146.97,146.97,0,,,130.99,133.53,1,2010-03-17,0,,,15,,
2010-03-25,139.46,142.49,138.34,141.56,26513751,129.46,129.76,4.13,59.36,131.81,134.43,146.97,146.97,0,,,131.81,133.53,1,2010-03-17,0,,,15,,
2010-03-26,142.34,144.3,141.77,143.63,21544611,129.7,129.76,4.03,62.66,133.21,135.11,146.97,146.97,0,,,133.21,133.53,1,2010-03-17,0,,,15,,
2010-03-29,143.25,145.37,142.42,144.4,21909514,129.89,129.76,3.95,63.84,133.76,135.89,146.97,146.97,0,,,133.76,133.76,1,2010-03-17,0,,,15,,
2010-03-30,144.93,146.8,144.75,145.5,18572757,130.11,129.76,3.84,65.51,134.54,136.56,146.97,146.97,0,,,134.54,134.54,1,2010-03-17,0,,,15,,
2010-03-31,146.25,147.16,143.81,144.39,28237176,130.36,129.76,3.81,62.38,133.85,137.24,147.16,146.97,0,,,133.85,134.54,1,2010-03-17,0,,,15,,
2010-04-01,145.07,145.81,143.15,144.41,19839534,130.6,129.76,3.73,62.41,133.91,137.85,147.16,147.16,0,,,133.91,134.54,1,2010-03-17,0,,,15,,
2010-04-05,144.77,150.18,144.77,149.37,28263136,130.87,129.76,3.87,69.88,137.02,138.58,150.18,147.16,1,149.37,137.02,137.02,137.02,1,2010-03-17,0,,,15,,
2010-04-06,150.36,153.06,149.37,151.26,30864163,131.15,129.76,3.86,72.15,138.24,139.38,153.06,150.18,0,,,138.24,138.24,1,2010-03-17,0,,,15,,
2010-04-07,152.0,152.95,148.57,149.67,19863459,131.39,138.28,3.9,67.54,140.03,140.16,153.06,153.06,0,,,140.03,140.03,1,2010-03-17,0,,,15,,
2010-04-08,148.89,149.77,145.18,145.69,23439388,131.59,138.34,3.95,57.61,137.45,140.81,153.06,153.06,0,,,137.45,140.03,1,2010-03-17,0,,,15,,
2010-04-09,145.87,148.85,145.83,148.3,12637042,131.81,138.34,3.89,61.6,139.17,141.47,153.06,153.06,0,,,139.17,140.03,1,2010-03-17,0,,,15,,
2010-04-12,148.56,149.3,145.72,146.23,20644701,132.02,138.34,3.87,57.02,137.85,142.09,153.06,153.06,0,,,137.85,140.03,1,2010-03-17,0,,,15,,
2010-04-13,146.23,146.51,142.55,142.83,21935727,132.21,138.34,3.87,50.39,135.66,142.55,153.06,153.06,0,,,135.66,140.03,1,2010-03-17,0,,,15,,
2010-04-15,143.68,145.21,138.75,139.16,29869411,132.37,138.34,4.06,44.39,133.17,142.78,153.06,153.06,0,,,133.17,140.03,1,2010-03-17,1,140.03,TRAILING_STOP,15,19,-2.61
2010-04-16,139.01,142.02,138.75,139.83,24517465,132.54,138.34,4.0,45.66,133.64,142.91,153.06,153.06,0,,,133.64,,0,,0,,,,,
2010-04-19,138.52,140.46,136.82,139.43,23085573,132.72,136.82,3.98,45.0,132.89,142.97,153.06,153.06,0,,,132.89,,0,,0,,,,,
2010-04-20,139.77,143.25,139.46,141.43,24374751,132.91,136.82,3.97,48.98,134.19,143.14,153.06,153.06,0,,,134.19,,0,,0,,,,,
2010-04-21,142.49,144.69,142.34,144.3,20722333,133.13,136.82,3.91,54.11,136.07,143.4,153.06,153.06,0,,,136.07,,0,,0,,,,,
2010-04-22,143.33,146.23,141.76,143.08,23026162,133.33,136.82,3.95,51.73,135.26,143.5,153.06,153.06,0,,,135.26,,0,,0,,,,,
2010-04-23,143.86,148.53,143.25,148.21,26901132,133.53,136.82,4.06,59.75,138.49,143.76,153.06,153.06,0,,,138.49,,0,,0,,,,,
2010-04-26,148.57,151.31,145.28,145.55,31212868,133.7,136.82,4.2,54.68,136.69,143.98,153.06,153.06,0,,,136.69,,0,,0,,,,,
2010-04-27,145.22,145.53,141.76,143.55,15461006,133.85,136.82,4.17,51.16,135.41,144.06,153.06,153.06,0,,,135.41,,0,,0,,,,,
2010-04-28,141.18,142.64,138.46,139.38,21680010,133.96,136.82,4.24,44.7,132.68,143.97,153.06,153.06,0,,,132.68,,0,,0,,,,,
2010-04-29,139.92,144.16,139.92,143.56,25572305,134.07,136.82,4.28,51.33,135.35,144.09,153.06,153.06,0,,,135.35,,0,,0,,,,,
2010-04-30,144.45,146.19,143.58,144.31,18736987,134.2,136.82,4.16,52.44,135.91,144.2,153.06,153.06,0,,,135.91,,0,,0,,,,,
2010-05-03,143.42,145.22,141.43,142.02,16415217,134.29,136.82,4.13,48.8,134.45,144.14,153.06,153.06,0,,,134.45,,0,,0,,,,,
2010-05-04,142.78,143.49,137.79,138.73,19283099,134.34,136.82,4.24,44.07,132.26,143.89,153.06,153.06,0,,,132.26,,0,,0,,,,,
2010-05-05,137.95,137.95,134.5,136.98,29067978,134.38,134.5,4.24,41.76,130.36,143.63,152.95,153.06,0,,,130.36,,0,,0,,,,,
2010-05-06,136.2,138.33,135.07,136.86,17990027,134.44,134.5,4.17,41.6,130.33,143.46,151.31,152.95,0,,,130.33,,0,,0,,,,,
2010-05-07,134.14,135.22,131.73,132.88,28132593,134.46,131.73,4.24,36.55,126.79,143.22,151.31,151.31,0,,,126.79,,0,,0,,,,,
2010-05-10,134.9,140.67,134.7,139.78,24365786,134.54,131.73,4.5,48.27,131.07,143.16,151.31,151.31,0,,,131.07,,0,,0,,,,,
2010-05-11,139.77,141.58,137.64,138.95,22917191,134.6,131.73,4.46,47.14,130.56,143.0,151.31,151.31,0,,,130.56,,0,,0,,,,,
2010-05-12,139.77,139.98,137.36,138.67,19398219,134.67,131.73,4.32,46.74,130.47,142.81,151.31,151.31,0,,,130.47,,0,,0,,,,,
2010-05-13,139.77,141.58,139.62,140.52,16082291,134.73,131.73,4.22,49.75,131.73,142.64,151.31,151.31,0,,,131.73,,0,,0,,,,,
2010-05-14,140.23,140.23,137.19,138.11,14222945,134.74,131.73,4.16,46.1,130.22,142.44,151.31,151.31,0,,,130.22,,0,,0,,,,,
2010-05-17,136.13,137.17,133.86,136.6,18725272,134.71,131.73,4.17,43.92,129.24,142.17,151.31,151.31,0,,,129.24,,0,,0,,,,,
2010-05-18,136.77,136.77,133.78,134.79,20063351,134.69,131.73,4.08,41.4,128.13,141.69,151.31,151.31,0,,,128.13,,0,,0,,,,,
2010-05-19,133.4,134.0,124.0,124.98,67251569,134.57,124.0,4.56,31.0,118.9,140.81,151.31,151.31,0,,,118.9,,0,,0,,,,,
2010-05-20,125.97,128.4,123.62,126.07,35100450,134.49,123.62,4.58,33.01,119.47,140.03,151.31,151.31,0,,,119.47,,0,,0,,,,,
2010-05-21,123.23,127.19,122.38,126.55,24783665,134.4,122.38,4.59,33.93,119.36,139.39,151.31,151.31,0,,,119.36,,0,,0,,,,,
2010-05-24,127.26,143.95,125.06,126.14,23350662,134.33,122.38,5.61,33.51,118.41,138.65,146.19,151.31,0,,,118.41,,0,,0,,,,,
2010-05-25,124.47,124.47,121.63,122.69,24955590,134.21,121.63,5.54,30.12,115.99,137.86,146.19,146.19,0,,,115.99,,0,,0,,,,,
2010-05-26,125.07,128.96,124.49,128.51,23904468,134.14,121.63,5.59,40.96,119.71,137.39,146.19,146.19,0,,,119.71,,0,,0,,,,,
2010-05-27,128.09,131.12,126.31,129.88,32111810,134.08,121.63,5.53,43.19,120.63,137.08,146.19,146.19,0,,,120.63,,0,,0,,,,,
2010-05-28,130.69,132.94,128.65,131.09,22395593,134.0,121.63,5.44,45.16,121.47,136.79,145.22,146.19,0,,,121.47,,0,,0,,,,,
2010-05-31,131.09,132.56,129.97,131.63,20342899,133.91,121.63,5.24,46.06,121.95,136.53,143.95,145.22,0,,,121.95,,0,,0,,,,,
2010-06-01,129.1,131.09,126.29,127.02,21329060,133.8,121.63,5.25,40.02,118.97,136.05,143.95,143.95,0,,,118.97,,0,,0,,,,,
2010-06-02,128.05,128.84,124.76,127.68,18265478,133.72,121.63,5.16,41.21,119.45,135.49,143.95,143.95,0,,,119.45,,0,,0,,,,,
2010-06-03,129.06,130.22,128.58,129.47,13719871,133.68,121.63,4.98,44.43,120.73,135.04,143.95,143.95,0,,,120.73,,0,,0,,,,,
2010-06-04,129.47,131.67,129.47,131.25,16301560,133.64,121.63,4.78,47.5,122.01,134.47,143.95,143.95,0,,,122.01,,0,,0,,,,,
2010-06-07,107.93,128.85,107.93,127.63,19093156,133.59,107.93,6.1,42.37,114.23,133.88,143.95,143.95,0,,,114.23,,0,,0,,,,,
2010-06-08,127.18,128.05,123.26,123.92,25602786,133.57,107.93,6.01,37.85,111.9,133.22,143.95,143.95,0,,,111.9,,0,,0,,,,,
2010-06-09,123.85,127.32,123.85,124.99,19901849,133.59,107.93,5.83,39.84,112.71,132.74,143.95,143.95,0,,,112.71,,0,,0,,,,,
2010-06-10,126.57,128.32,125.22,127.53,19786860,133.66,107.93,5.65,44.4,114.47,132.21,143.95,143.95,0,,,114.47,,0,,0,,,,,
2010-06-11,129.98,130.75,127.95,130.14,20875123,133.73,107.93,5.48,48.7,116.27,131.74,143.95,143.95,0,,,116.27,,0,,0,,,,,
2010-06-14,131.52,132.14,129.74,131.32,15172569,133.81,107.93,5.26,50.56,117.17,131.38,143.95,143.95,0,,,117.17,,0,,0,,,,,
2010-06-15,131.32,133.04,129.11,132.31,14494936,133.85,107.93,5.16,52.13,117.88,131.16,143.95,143.95,0,,,117.88,,0,,0,,,,,
2010-06-16,133.68,135.35,132.3,134.87,20689289,133.9,107.93,5.01,56.02,119.63,131.09,143.95,143.95,0,,,119.63,,0,,0,,,,,
2010-06-17,135.06,137.2,130.14,135.96,64208595,133.95,107.93,5.16,57.59,120.23,131.06,143.95,143.95,0,,,120.23,,0,,0,,,,,
2010-06-18,134.77,136.14,132.92,133.72,17517863,133.94,107.93,5.02,53.36,118.88,131.09,143.95,143.95,0,,,118.88,,0,,0,,,,,
2010-06-21,135.2,139.98,134.69,138.41,28587960,133.96,107.93,5.11,60.0,121.85,131.05,139.98,143.95,0,,,121.85,,0,,0,,,,,
2010-06-22,137.98,139.34,136.66,137.15,18128176,133.94,107.93,4.93,57.62,121.15,130.99,139.98,139.98,0,,,121.15,,0,,0,,,,,
2010-06-23,136.31,139.17,135.61,138.51,17704599,133.96,107.93,4.84,59.48,122.09,130.98,139.98,139.98,0,,,122.09,,0,,0,,,,,
2010-06-24,138.17,138.75,135.08,136.25,19182339,133.95,107.93,4.75,55.15,120.69,130.84,139.98,139.98,0,,,120.69,,0,,0,,,,,
2010-06-25,135.37,135.67,130.99,131.76,20190291,133.9,107.93,4.79,47.7,117.77,130.63,139.98,139.98,0,,,117.77,,0,,0,,,,,
2010-06-28,131.06,134.13,131.06,133.85,13951817,133.86,123.26,4.67,51.02,124.31,130.54,139.98,139.98,0,,,124.31,,0,,0,,,,,
2010-06-29,133.85,133.85,129.47,130.49,18167385,133.82,123.85,4.65,45.97,122.35,130.39,139.98,139.98,0,,,122.35,,0,,0,,,,,
2010-06-30,128.62,132.96,128.33,132.55,22055880,133.8,125.22,4.64,49.28,124.14,130.64,139.98,139.98,0,,,124.14,,0,,0,,,,,
2010-07-01,131.44,131.83,128.68,129.44,18383568,133.76,127.95,4.59,44.82,123.08,130.76,139.98,139.98,0,,,123.08,,0,,0,,,,,
2010-07-02,129.6,130.41,128.17,129.22,17940307,133.7,128.17,4.42,44.51,123.12,130.85,139.98,139.98,0,,,123.12,,0,,0,,,,,
2010-07-05,128.91,130.09,128.29,129.31,8028047,133.64,128.17,4.23,44.68,123.31,130.95,139.98,139.98,0,,,123.31,,0,,0,,,,,
2010-07-06,129.14,132.55,128.98,132.11,12755105,133.61,128.17,4.19,49.75,125.14,131.27,139.98,139.98,0,,,125.14,,0,,0,,,,,
2010-07-07,131.83,132.0,129.87,130.17,11463655,133.6,128.17,4.05,46.56,123.98,131.32,139.98,139.98,0,,,123.98,,0,,0,,,,,
2010-07-08,131.98,133.18,131.53,132.65,9200433,133.63,128.17,3.97,50.89,125.63,131.41,139.98,139.98,0,,,125.63,,0,,0,,,,,
2010-07-09,133.29,135.21,133.22,134.74,17697773,133.65,128.17,3.87,54.25,127.05,131.54,139.98,139.98,0,,,127.05,,0,,0,,,,,
2010-07-12,136.12,137.68,134.76,137.44,22222106,133.67,128.17,3.81,58.23,128.83,131.73,139.98,139.98,0,,,128.83,,0,,0,,,,,
2010-07-13,132.33,138.6,132.33,138.36,13894930,133.69,128.17,3.98,59.52,129.31,132.11,139.98,139.98,0,,,129.31,,0,,0,,,,,
2010-07-14,138.91,140.67,136.31,137.1,14287663,133.71,128.17,4.01,56.93,128.48,132.42,140.67,139.98,0,,,128.48,,0,,0,,,,,
2010-07-15,136.76,138.58,135.11,135.65,15469250,133.73,128.17,3.97,54.01,127.57,132.63,140.67,140.67,0,,,127.57,,0,,0,,,,,
2010-07-16,136.29,139.21,136.29,138.81,16519811,133.79,128.17,3.94,58.95,129.63,132.88,140.67,140.67,0,,,129.63,,0,,0,,,,,
2010-07-19,137.69,139.11,136.45,138.45,17190327,133.83,128.17,3.85,58.18,129.46,133.24,140.67,140.67,0,,,129.46,,0,,0,,,,,
2010-07-20,138.45,139.38,135.83,136.42,8007180,133.87,128.17,3.83,53.92,128.16,133.66,140.67,140.67,0,,,128.16,,0,,0,,,,,
2010-07-21,137.52,139.2,137.01,138.85,16133474,133.91,128.17,3.75,57.9,129.78,134.12,140.67,140.67,0,,,129.78,,0,,0,,,,,
2010-07-22,138.29,139.98,136.32,139.78,15511622,133.97,128.17,3.75,59.34,130.38,134.53,140.67,140.67,0,,,130.38,,0,,0,,,,,
2010-07-23,140.75,141.64,139.28,140.42,26262956,134.05,128.29,3.65,60.35,130.9,134.87,141.64,140.67,0,,,130.9,,0,,0,,,,,
2010-07-26,141.34,142.51,140.17,141.01,11298100,134.15,128.98,3.55,61.3,131.58,135.19,142.51,141.64,0,,,131.58,,0,,0,,,,,
2010-07-27,140.8,142.68,138.18,142.17,22837809,134.27,129.87,3.62,63.18,132.58,135.52,142.68,142.51,0,,,132.58,,0,,0,,,,,
2010-07-28,142.29,142.37,138.83,139.81,11353760,134.37,131.53,3.62,57.12,131.61,135.69,142.68,142.68,0,,,131.61,,0,,0,,,,,
2010-07-29,138.75,143.37,138.49,142.86,27850388,134.5,132.33,3.71,62.17,133.78,135.92,143.37,142.68,1,142.86,133.78,133.78,133.78,1,2010-07-29,0,,,16,,
2010-07-30,142.6,143.29,138.45,139.2,13123495,134.61,132.33,3.79,53.95,131.37,136.1,143.37,143.37,0,,,131.37,133.78,1,2010-07-29,0,,,16,,
2010-08-02,140.29,144.89,140.14,144.53,35178759,134.74,132.33,3.92,61.86,134.72,136.3,144.89,143.37,1,144.53,134.72,134.72,134.72,1,2010-07-29,0,,,16,,
2010-08-03,145.28,148.6,145.06,147.98,36030291,134.85,135.11,3.93,65.93,137.86,136.66,148.6,144.89,0,,,137.86,137.86,1,2010-07-29,0,,,16,,
2010-08-04,148.14,149.67,147.22,149.1,24579956,134.97,135.11,3.83,67.16,138.65,137.02,149.67,148.6,0,,,138.65,138.65,1,2010-07-29,0,,,16,,
2010-08-05,149.67,149.67,146.54,146.97,16833531,135.06,135.83,3.78,62.55,137.55,137.37,149.67,149.67,0,,,137.55,138.65,1,2010-07-29,0,,,16,,
2010-08-06,146.91,148.14,144.99,146.11,19349913,135.15,135.83,3.73,60.73,137.03,137.85,149.67,149.67,0,,,137.03,138.65,1,2010-07-29,0,,,16,,
2010-08-09,145.98,151.06,145.98,150.77,26036059,135.27,135.83,3.83,66.42,139.97,138.42,151.06,149.67,1,150.77,139.97,139.97,139.97,1,2010-07-29,0,,,16,,
2010-08-10,150.31,153.06,148.7,152.12,32136478,135.39,136.32,3.87,67.87,140.98,139.14,153.06,151.06,0,,,140.98,140.98,1,2010-07-29,0,,,16,,
2010-08-11,150.77,153.67,148.09,149.5,24126129,135.49,136.32,3.99,62.25,139.21,139.7,153.67,153.06,0,,,139.21,140.98,1,2010-07-29,0,,,16,,
2010-08-12,148.29,151.98,147.21,148.18,27957517,135.58,138.18,4.05,59.57,138.94,140.33,153.67,153.67,0,,,138.94,140.98,1,2010-07-29,0,,,16,,
2010-08-13,149.2,151.49,148.18,150.2,18807717,135.68,138.18,3.99,62.25,140.28,141.03,153.67,153.67,0,,,140.28,140.98,1,2010-07-29,0,,,16,,
2010-08-16,150.29,150.91,146.61,147.23,17307295,135.78,138.18,4.01,56.34,138.35,141.62,153.67,153.67,0,,,138.35,140.98,1,2010-07-29,0,,,16,,
2010-08-17,147.29,149.18,146.52,147.51,17407340,135.88,138.45,3.92,56.76,138.68,142.14,153.67,153.67,0,,,138.68,140.98,1,2010-07-29,0,,,16,,
2010-08-18,147.98,150.29,146.31,148.89,18024050,136.02,138.45,3.92,58.84,139.57,142.76,153.67,153.67,0,,,139.57,140.98,1,2010-07-29,0,,,16,,
2010-08-19,149.53,156.27,149.53,155.83,31322681,136.21,138.45,4.17,67.36,143.88,143.53,156.27,153.67,1,155.83,143.88,143.88,143.88,1,2010-07-29,0,,,16,,
2010-08-20,154.68,155.36,152.54,152.91,13829926,136.39,140.14,4.11,61.58,142.6,144.14,156.27,156.27,0,,,142.6,143.88,1,2010-07-29,0,,,16,,
2010-08-23,152.83,156.4,151.52,155.6,21478556,136.58,144.99,4.16,64.6,145.92,144.74,156.4,156.27,0,,,145.92,145.92,1,2010-07-29,0,,,16,,
2010-08-24,154.75,157.52,153.52,154.09,20445177,136.73,144.99,4.15,61.67,144.95,145.27,157.52,156.4,0,,,144.95,145.92,1,2010-07-29,0,,,16,,
2010-08-25,152.79,154.42,151.01,151.41,21110166,136.86,144.99,4.1,56.76,143.26,145.75,157.52,157.52,0,,,143.26,145.92,1,2010-07-29,0,,,16,,
2010-08-26,151.52,153.06,150.15,151.3,23825681,136.99,144.99,4.01,56.57,143.24,146.27,157.52,157.52,0,,,143.24,145.92,1,2010-07-29,0,,,16,,
2010-08-27,152.29,152.29,146.64,147.28,15228587,137.11,145.98,4.13,49.71,140.9,146.55,157.52,157.52,0,,,140.9,145.92,1,2010-07-29,0,,,16,,
2010-08-30,148.74,150.9,147.39,148.89,9860900,137.25,146.31,4.09,52.21,142.08,146.9,157.52,157.52,0,,,142.08,145.92,1,2010-07-29,0,,,16,,
2010-08-31,147.98,150.98,147.67,150.4,16651382,137.41,146.31,4.04,54.49,143.09,147.36,157.52,157.52,0,,,143.09,145.92,1,2010-07-29,0,,,16,,
2010-09-01,150.81,154.24,150.81,153.06,23069332,137.64,146.31,4.02,58.27,144.81,147.84,157.52,157.52,0,,,144.81,145.92,1,2010-07-29,0,,,16,,
2010-09-02,154.32,155.1,153.14,154.43,13626541,137.87,146.31,3.88,60.11,145.79,148.33,157.52,157.52,0,,,145.79,145.92,1,2010-07-29,0,,,16,,
2010-09-03,154.44,155.36,152.94,153.98,10505940,138.06,146.31,3.78,59.19,145.57,148.78,157.52,157.52,0,,,145.57,145.92,1,2010-07-29,0,,,16,,
2010-09-06,153.98,161.21,153.98,159.9,26211993,138.28,146.31,4.02,66.48,149.22,149.41,161.21,157.52,1,159.9,149.22,149.22,149.22,1,2010-07-29,0,,,16,,
2010-09-07,159.98,161.39,158.93,159.77,20394539,138.52,146.31,3.91,66.2,149.21,149.99,161.39,161.21,0,,,149.21,149.22,1,2010-07-29,0,,,16,,
2010-09-08,158.45,160.17,157.49,158.07,14453131,138.72,146.64,3.82,62.5,148.29,150.6,161.39,161.39,0,,,148.29,149.22,1,2010-07-29,0,,,16,,
2010-09-09,159.22,162.13,158.77,161.55,19452207,138.96,146.64,3.84,66.62,150.52,151.23,162.13,161.39,1,161.55,150.52,150.52,150.52,1,2010-07-29,0,,,16,,
2010-09-13,162.9,169.77,162.3,168.9,27495979,139.28,146.64,4.15,73.29,155.05,152.22,169.77,162.13,0,,,155.05,155.05,1,2010-07-29,0,,,16,,
2010-09-14,169.52,171.79,167.98,169.23,21616595,139.6,146.64,4.13,73.54,155.28,153.04,171.79,169.77,0,,,155.28,155.28,1,2010-07-29,0,,,16,,
2010-09-15,169.29,170.73,168.46,169.81,18293869,139.91,146.64,4.0,74.01,155.74,153.77,171.79,171.79,0,,,155.74,155.74,1,2010-07-29,0,,,16,,
2010-09-16,169.21,172.9,168.75,169.76,24753080,140.23,146.64,4.01,73.89,155.7,154.45,172.9,171.79,0,,,155.7,155.74,1,2010-07-29,0,,,16,,
2010-09-17,169.98,172.6,169.98,171.4,17280802,140.54,146.64,3.92,75.33,156.82,155.27,172.9,172.9,0,,,156.82,156.82,1,2010-07-29,0,,,16,,
2010-09-20,171.52,174.4,169.98,173.48,17251201,140.87,147.39,3.96,77.05,158.39,156.18,174.4,172.9,1,173.48,158.39,158.39,158.39,1,2010-07-29,0,,,16,,
2010-09-21,173.52,174.26,169.99,173.39,26808430,141.18,147.67,3.98,76.8,158.41,156.94,174.4,174.4,0,,,158.41,158.41,1,2010-07-29,0,,,16,,
2010-09-22,172.97,174.89,171.36,173.23,24402427,141.49,150.81,3.95,76.33,159.37,157.64,174.89,174.4,0,,,159.37,159.37,1,2010-07-29,0,,,16,,
2010-09-23,172.9,176.59,166.19,169.25,11279944,141.77,152.94,4.41,65.49,157.21,158.3,176.59,174.89,0,,,157.21,159.37,1,2010-07-29,0,,,16,,
2010-09-24,169.21,172.06,167.43,171.38,16652922,142.07,152.94,4.43,68.1,158.57,159.07,176.59,176.59,0,,,158.57,159.37,1,2010-07-29,0,,,16,,
2010-09-27,171.91,173.96,170.75,171.53,16681098,142.37,153.98,4.34,68.28,159.07,159.78,176.59,176.59,0,,,159.07,159.37,1,2010-07-29,0,,,16,,
2010-09-28,171.06,171.53,168.9,170.86,19714788,142.65,157.49,4.22,66.46,159.89,160.57,176.59,176.59,0,,,159.89,159.89,1,2010-07-29,0,,,16,,
2010-09-29,171.53,171.83,168.54,169.51,13729534,142.93,157.49,4.15,62.82,159.06,161.3,176.59,176.59,0,,,159.06,159.89,1,2010-07-29,0,,,16,,
2010-09-30,169.21,172.44,168.8,171.2,21504956,143.21,158.77,4.11,65.37,160.6,162.05,176.59,176.59,0,,,160.6,160.6,1,2010-07-29,0,,,16,,
2010-10-01,171.83,175.03,171.67,174.63,17485077,143.5,162.3,4.09,69.9,164.01,162.67,176.59,176.59,0,,,164.01,164.01,1,2010-07-29,0,,,16,,
2010-10-04,175.52,179.98,175.52,177.85,17268410,143.78,166.19,4.18,73.41,167.32,163.5,179.98,176.59,1,177.85,167.32,167.32,167.32,1,2010-07-29,0,,,16,,
2010-10-05,176.6,178.26,175.63,176.55,13780156,144.03,166.19,4.07,69.87,166.56,164.2,179.98,179.98,0,,,166.56,167.32,1,2010-07-29,0,,,16,,
2010-10-06,178.59,178.93,175.13,176.77,13735144,144.3,166.19,4.05,70.13,166.71,164.96,179.98,179.98,0,,,166.71,167.32,1,2010-07-29,0,,,16,,
2010-10-07,176.75,177.06,174.12,174.99,12894359,144.56,166.19,3.97,65.18,165.62,165.74,179.98,179.98,0,,,165.62,167.32,1,2010-07-29,0,,,16,,
2010-10-08,175.52,175.66,172.02,173.24,15274957,144.78,166.19,3.95,60.64,164.5,166.48,179.98,179.98,0,,,164.5,167.32,1,2010-07-29,0,,,16,,
2010-10-11,173.83,176.28,172.85,174.23,12662463,145.01,166.19,3.91,62.24,165.17,167.37,179.98,179.98,0,,,165.17,167.32,1,2010-07-29,0,,,16,,
2010-10-12,174.75,176.09,173.73,175.16,13894050,145.25,166.19,3.8,63.73,165.84,168.25,179.98,179.98,0,,,165.84,167.32,1,2010-07-29,0,,,16,,
2010-10-13,175.16,179.18,174.78,178.24,23386759,145.5,166.19,3.84,68.21,167.8,169.18,179.98,179.98,0,,,167.8,167.8,1,2010-07-29,0,,,16,,
2010-10-14,179.2,179.86,172.94,175.32,15209738,145.72,167.43,4.06,60.57,166.18,169.92,179.98,179.98,0,,,166.18,167.8,1,2010-07-29,0,,,16,,
2010-10-15,175.52,175.83,172.0,173.0,12092877,145.94,168.54,4.05,55.28,165.07,170.54,179.98,179.98,0,,,165.07,167.8,1,2010-07-29,0,,,16,,
2010-10-18,172.29,172.9,168.3,171.7,31960313,146.14,168.3,4.09,52.51,164.12,171.13,179.98,179.98,0,,,164.12,167.8,1,2010-07-29,0,,,16,,
2010-10-19,173.06,177.58,171.29,172.22,21956495,146.33,168.3,4.25,53.51,164.35,171.54,179.98,179.98,0,,,164.35,167.8,1,2010-07-29,0,,,16,,
2010-10-20,171.36,173.53,170.4,171.35,12450344,146.5,168.3,4.17,51.55,163.84,171.93,179.98,179.98,0,,,163.84,167.8,1,2010-07-29,0,,,16,,
2010-10-21,172.44,174.11,169.69,173.76,20931966,146.69,168.3,4.19,56.33,165.38,172.45,179.98,179.98,0,,,165.38,167.8,1,2010-07-29,0,,,16,,
2010-10-22,174.59,175.21,171.84,174.11,11809754,146.91,168.3,4.13,56.99,165.65,172.87,179.98,179.98,0,,,165.65,167.8,1,2010-07-29,0,,,16,,
2010-10-25,175.06,178.12,174.59,175.69,13466711,147.14,168.3,4.12,59.95,166.67,173.09,179.98,179.98,0,,,166.67,167.8,1,2010-07-29,0,,,16,,
2010-10-26,175.67,175.83,173.36,174.0,12090254,147.36,168.3,4.0,55.55,165.66,173.25,179.98,179.98,0,,,165.66,167.8,1,2010-07-29,0,,,16,,
2010-10-27,173.42,173.72,167.46,170.25,19789264,147.54,167.46,4.18,47.26,162.84,173.27,179.98,179.98,0,,,162.84,167.8,1,2010-07-29,1,167.8,TRAILING_STOP,16,64,17.46
2010-10-28,171.44,172.0,165.83,167.53,50115582,147.69,165.83,4.33,42.32,160.45,173.19,179.98,179.98,0,,,160.45,,0,,0,,,,,
2010-10-29,168.95,181.06,165.21,178.9,53175655,147.91,165.21,5.15,60.76,167.03,173.44,181.06,179.98,0,,,167.03,,0,,0,,,,,
2010-11-01,182.48,191.36,182.44,189.52,52388754,148.21,165.21,5.67,70.31,173.53,173.98,191.36,181.06,1,189.52,173.53,173.53,173.53,1,2010-11-01,0,,,17,,
2010-11-02,188.9,191.78,186.02,189.42,25181574,148.51,165.21,5.68,70.14,173.46,174.51,191.78,191.36,0,,,173.46,173.53,1,2010-11-01,0,,,17,,
2010-11-03,191.52,193.02,189.67,190.54,17747581,148.79,165.21,5.53,71.0,174.28,175.09,193.02,191.78,0,,,174.28,174.28,1,2010-11-01,0,,,17,,
2010-11-04,192.12,195.45,190.9,194.75,16242809,149.08,165.21,5.49,74.03,177.03,175.94,195.45,193.02,1,194.75,177.03,177.03,177.03,1,2010-11-01,0,,,17,,
2010-11-08,195.82,196.59,191.35,193.1,29505399,149.37,165.21,5.47,70.9,175.97,176.66,196.59,195.45,0,,,175.97,177.03,1,2010-11-01,0,,,17,,
2010-11-09,192.44,196.56,192.0,195.23,19700472,149.7,165.21,5.4,72.52,177.39,177.45,196.59,196.59,0,,,177.39,177.39,1,2010-11-01,0,,,17,,
2010-11-10,193.82,194.58,192.08,193.08,12210517,150.0,165.21,5.24,68.39,176.11,178.19,196.59,196.59,0,,,176.11,177.39,1,2010-11-01,0,,,17,,
2010-11-11,193.52,194.58,189.53,190.3,12496528,150.29,165.21,5.23,63.37,174.33,178.89,196.59,196.59,0,,,174.33,177.39,1,2010-11-01,0,,,17,,
2010-11-12,189.67,189.96,183.65,184.66,15188365,150.57,165.21,5.33,54.62,170.62,179.34,196.59,196.59,0,,,170.62,177.39,1,2010-11-01,0,,,17,,
2010-11-15,184.66,190.27,184.19,188.16,23387001,150.9,165.21,5.38,58.45,172.84,179.79,196.59,196.59,0,,,172.84,177.39,1,2010-11-01,0,,,17,,
2010-11-16,189.52,190.82,183.61,184.95,21744272,151.2,165.21,5.51,53.95,170.69,180.02,196.59,196.59,0,,,170.69,177.39,1,2010-11-01,0,,,17,,
2010-11-18,185.67,185.74,175.18,179.12,39112364,151.46,165.21,5.87,46.88,166.69,180.11,196.59,196.59,0,,,166.69,177.39,1,2010-11-01,1,177.39,TRAILING_STOP,17,12,-6.4
2010-11-19,179.5,179.98,175.45,176.7,17577142,151.7,165.21,5.78,44.29,165.19,180.11,196.59,196.59,0,,,165.19,,0,,0,,,,,
2010-11-22,177.35,183.54,176.16,181.52,17846708,151.95,165.21,5.89,50.2,168.22,180.32,196.59,196.59,0,,,168.22,,0,,0,,,,,
2010-11-23,180.29,180.81,173.52,177.97,20635851,152.18,173.52,6.04,46.3,168.6,180.48,196.59,196.59,0,,,168.6,,0,,0,,,,,
2010-11-24,178.44,180.73,171.4,173.07,27031867,152.34,171.4,6.28,41.51,164.58,180.44,196.59,196.59,0,,,164.58,,0,,0,,,,,
2010-11-25,174.75,178.03,169.61,171.71,41819998,152.52,169.61,6.43,40.27,163.0,180.33,196.59,196.59,0,,,163.0,,0,,0,,,,,
2010-11-26,173.67,177.3,167.86,172.93,30729622,152.71,167.86,6.65,41.95,163.06,180.15,196.59,196.59,0,,,163.06,,0,,0,,,,,
2010-11-29,174.75,178.94,174.34,177.56,20550194,152.97,167.86,6.6,47.94,166.08,180.23,196.59,196.59,0,,,166.08,,0,,0,,,,,
2010-11-30,176.92,177.93,173.46,175.69,32235126,153.18,167.86,6.45,45.88,164.97,180.32,196.59,196.59,0,,,164.97,,0,,0,,,,,
2010-12-01,176.9,181.21,176.1,179.59,23061665,153.42,167.86,6.38,50.64,167.53,180.58,196.59,196.59,0,,,167.53,,0,,0,,,,,
2010-12-02,181.82,184.9,181.52,183.23,21933323,153.69,167.86,6.31,54.65,169.93,180.95,196.59,196.59,0,,,169.93,,0,,0,,,,,
2010-12-03,182.44,183.16,179.52,181.74,14783175,153.98,167.86,6.12,52.76,169.1,181.29,196.59,196.59,0,,,169.1,,0,,0,,,,,
2010-12-06,182.98,183.86,175.86,177.09,21383741,154.25,167.86,6.25,47.27,166.01,181.4,196.59,196.59,0,,,166.01,,0,,0,,,,,
2010-12-07,176.7,176.7,169.21,170.83,34666654,154.47,167.86,6.37,41.07,161.89,181.29,196.56,196.59,0,,,161.89,,0,,0,,,,,
2010-12-08,169.98,171.29,166.94,169.89,23239832,154.72,166.94,6.23,40.22,161.07,181.1,194.58,196.56,0,,,161.07,,0,,0,,,,,
2010-12-09,169.83,172.4,160.77,162.8,46268178,154.87,160.77,6.61,34.41,154.19,180.73,194.58,194.58,0,,,154.19,,0,,0,,,,,
2010-12-10,162.6,173.06,160.15,171.84,37551387,155.09,160.15,7.06,45.26,159.51,180.78,190.82,194.58,0,,,159.51,,0,,0,,,,,
2010-12-13,173.21,173.3,167.08,172.35,20001096,155.32,160.15,7.0,45.81,159.88,180.94,190.82,190.82,0,,,159.88,,0,,0,,,,,
2010-12-14,173.04,174.29,169.73,172.21,15565874,155.53,160.15,6.83,45.67,159.91,180.72,190.82,190.82,0,,,159.91,,0,,0,,,,,
2010-12-15,169.52,170.55,164.77,165.93,26295830,155.71,160.15,6.87,40.0,155.83,179.93,185.74,190.82,0,,,155.83,,0,,0,,,,,
2010-12-16,166.75,171.08,164.3,170.1,22559251,155.94,160.15,6.86,44.89,158.52,179.29,184.9,185.74,0,,,158.52,,0,,0,,,,,
2010-12-20,169.16,172.12,167.37,169.22,17667639,156.17,160.15,6.71,44.08,158.05,178.58,184.9,184.9,0,,,158.05,,0,,0,,,,,
2010-12-21,169.63,175.83,169.52,175.11,22757977,156.5,160.15,6.71,50.56,161.86,177.92,184.9,184.9,0,,,161.86,,0,,0,,,,,
2010-12-22,176.13,176.13,172.3,174.09,14806913,156.82,160.15,6.5,49.49,161.34,177.29,184.9,184.9,0,,,161.34,,0,,0,,,,,
2010-12-23,175.21,175.36,172.72,173.77,10596553,157.14,160.15,6.23,49.14,161.31,176.57,184.9,184.9,0,,,161.31,,0,,0,,,,,
2010-12-24,171.83,173.5,171.06,172.0,11189920,157.44,160.15,5.97,47.14,160.34,175.87,184.9,184.9,0,,,160.34,,0,,0,,,,,
2010-12-27,172.02,174.75,172.02,173.14,8825591,157.78,160.15,5.74,48.59,161.23,175.3,184.9,184.9,0,,,161.23,,0,,0,,,,,
2010-12-28,173.21,173.21,170.55,171.03,8497280,158.06,160.15,5.52,46.08,160.02,174.84,184.9,184.9,0,,,160.02,,0,,0,,,,,
2010-12-29,171.52,174.13,170.61,173.74,12598855,158.35,160.15,5.38,49.68,161.86,174.36,184.9,184.9,0,,,161.86,,0,,0,,,,,
2010-12-30,172.76,175.92,172.76,174.88,20579317,158.65,160.15,5.22,51.16,162.7,174.03,184.9,184.9,0,,,162.7,,0,,0,,,,,
2010-12-31,174.85,176.63,174.59,176.15,10779400,158.94,160.15,4.99,52.82,163.67,173.93,183.86,184.9,0,,,163.67,,0,,0,,,,,
2011-01-03,177.52,178.19,175.2,176.11,7588053,159.27,164.3,4.85,52.76,165.12,173.91,183.86,183.86,0,,,165.12,,0,,0,,,,,
2011-01-04,176.24,176.78,168.92,169.83,22965195,159.55,164.3,5.07,44.15,160.93,173.52,178.19,183.86,0,,,160.93,,0,,0,,,,,
2011-01-05,168.78,169.06,163.83,164.5,29191800,159.78,163.83,5.13,38.42,157.29,173.07,178.19,178.19,0,,,157.29,,0,,0,,,,,
2011-01-06,165.25,165.9,161.1,162.05,26233795,159.99,161.1,5.11,36.1,154.82,172.7,178.19,178.19,0,,,154.82,,0,,0,,,,,
2011-01-07,160.75,165.81,160.14,161.4,33983851,160.22,160.14,5.15,35.49,154.05,172.36,178.19,178.19,0,,,154.05,,0,,0,,,,,
2011-01-10,160.63,162.88,154.61,155.98,35807255,160.43,154.61,5.37,30.8,148.56,171.8,178.19,178.19,0,,,148.56,,0,,0,,,,,
2011-01-11,156.29,160.39,154.25,157.36,34005752,160.64,154.25,5.43,33.22,149.3,171.12,178.19,178.19,0,,,149.3,,0,,0,,,,,
2011-01-12,158.57,165.25,157.57,164.51,37752814,160.89,154.25,5.6,44.12,153.79,170.75,178.19,178.19,0,,,153.79,,0,,0,,,,,
2011-01-13,164.29,164.29,156.29,157.83,28324004,161.08,154.25,5.79,37.9,149.36,170.02,178.19,178.19,0,,,149.36,,0,,0,,,,,
2011-01-14,158.44,162.1,154.6,155.24,24588250,161.24,154.25,5.91,35.79,147.61,169.09,178.19,178.19,0,,,147.61,,0,,0,,,,,
2011-01-17,155.38,156.89,152.75,154.0,18208866,161.38,152.75,5.79,34.79,146.39,168.17,178.19,178.19,0,,,146.39,,0,,0,,,,,
2011-01-18,155.37,157.52,153.84,155.59,19144675,161.52,152.75,5.64,37.21,147.52,167.45,178.19,178.19,0,,,147.52,,0,,0,,,,,
2011-01-19,156.27,159.21,156.27,157.4,18071174,161.66,152.75,5.49,39.94,148.78,167.0,178.19,178.19,0,,,148.78,,0,,0,,,,,
2011-01-20,156.7,164.06,154.82,161.6,19835882,161.85,152.75,5.76,45.82,151.31,166.73,178.19,178.19,0,,,151.31,,0,,0,,,,,
2011-01-21,160.47,164.46,159.13,163.91,23706760,162.02,152.75,5.73,48.8,152.82,166.76,178.19,178.19,0,,,152.82,,0,,0,,,,,
2011-01-24,163.83,167.96,163.06,166.73,47351716,162.21,152.75,5.67,52.24,154.68,166.59,178.19,178.19,0,,,154.68,,0,,0,,,,,
2011-01-25,167.36,167.83,158.9,159.66,38448415,162.36,152.75,5.9,44.21,149.96,166.17,178.19,178.19,0,,,149.96,,0,,0,,,,,
2011-01-27,161.06,161.52,154.83,156.04,33297764,162.49,152.75,5.96,40.76,147.59,165.63,178.19,178.19,0,,,147.59,,0,,0,,,,,
2011-01-28,156.6,158.47,152.79,156.67,26788206,162.65,152.75,5.94,41.61,148.01,165.32,178.19,178.19,0,,,148.01,,0,,0,,,,,
2011-01-31,153.66,158.44,152.53,157.15,21694667,162.81,152.53,5.94,42.3,148.25,164.89,178.19,178.19,0,,,148.25,,0,,0,,,,,
2011-02-01,156.77,156.9,152.29,153.03,25132965,162.96,152.29,5.86,38.17,145.56,164.35,176.78,178.19,0,,,145.56,,0,,0,,,,,
2011-02-02,156.14,157.5,154.16,155.58,17083781,163.11,152.29,5.76,41.94,147.27,163.7,169.06,176.78,0,,,147.27,,0,,0,,,,,
2011-02-03,155.37,159.63,154.33,157.98,16068459,163.3,152.29,5.73,45.33,148.84,163.16,167.96,169.06,0,,,148.84,,0,,0,,,,,
2011-02-04,156.9,159.17,152.32,153.21,19283671,163.46,152.29,5.81,40.3,145.71,162.48,167.96,167.96,0,,,145.71,,0,,0,,,,,
2011-02-07,151.52,153.06,149.88,150.56,18498540,163.6,149.88,5.63,37.79,143.32,161.76,167.96,167.96,0,,,143.32,,0,,0,,,,,
2011-02-08,151.66,151.67,145.64,146.38,38561842,163.7,145.64,5.66,34.18,139.19,160.87,167.96,167.96,0,,,139.19,,0,,0,,,,,
2011-02-09,146.29,151.66,144.57,147.22,36993066,163.81,144.57,5.76,35.51,139.31,160.08,167.96,167.96,0,,,139.31,,0,,0,,,,,
2011-02-10,147.26,149.94,146.91,147.65,18715125,163.91,144.57,5.57,36.22,139.71,159.21,167.96,167.96,0,,,139.71,,0,,0,,,,,
2011-02-11,147.85,155.06,147.85,153.91,22211942,164.04,144.57,5.7,45.64,143.66,158.51,167.96,167.96,0,,,143.66,,0,,0,,,,,
2011-02-14,155.38,159.73,155.38,159.1,19183411,164.19,144.57,5.71,51.98,147.01,157.94,167.96,167.96,0,,,147.01,,0,,0,,,,,
2011-02-15,159.06,164.0,159.06,162.17,26982532,164.34,144.57,5.65,55.3,149.02,157.47,167.96,167.96,0,,,149.02,,0,,0,,,,,
2011-02-16,160.98,163.0,160.63,161.61,9236227,164.51,144.57,5.42,54.56,148.82,157.2,167.96,167.96,0,,,148.82,,0,,0,,,,,
2011-02-17,161.19,164.6,159.39,162.6,21857841,164.69,144.57,5.4,55.69,149.47,157.14,167.96,167.96,0,,,149.47,,0,,0,,,,,
2011-02-18,163.37,165.06,157.3,157.86,35232444,164.81,144.57,5.57,49.36,146.3,157.0,167.96,167.96,0,,,146.3,,0,,0,,,,,
2011-02-21,157.86,160.26,154.77,159.62,15063350,164.96,144.57,5.57,51.56,147.43,156.94,167.96,167.96,0,,,147.43,,0,,0,,,,,
2011-02-22,157.94,158.9,156.16,158.0,14653699,165.1,144.57,5.41,49.43,146.49,157.01,167.83,167.96,0,,,146.49,,0,,0,,,,,
2011-02-23,156.75,158.41,154.3,154.77,14496949,165.2,144.57,5.32,45.4,144.47,156.92,165.06,167.83,0,,,144.47,,0,,0,,,,,
2011-02-24,154.32,154.44,145.17,146.34,43431096,165.25,144.57,5.63,36.94,138.83,156.31,165.06,165.06,0,,,138.83,,0,,0,,,,,
2011-02-25,149.12,153.3,148.63,151.71,26761487,165.32,144.57,5.72,44.09,142.23,156.11,165.06,165.06,0,,,142.23,,0,,0,,,,,
2011-02-28,153.49,154.82,148.0,149.34,36869228,165.38,144.57,5.8,41.84,140.65,155.91,165.06,165.06,0,,,140.65,,0,,0,,,,,
2011-03-01,151.35,158.44,150.49,157.86,26361698,165.48,144.57,6.04,51.44,145.99,156.04,165.06,165.06,0,,,145.99,,0,,0,,,,,
2011-03-03,155.21,159.32,153.22,156.84,34432750,165.6,145.17,6.04,50.37,145.52,156.08,165.06,165.06,0,,,145.52,,0,,0,,,,,
2011-03-04,158.44,160.97,155.58,156.34,18568319,165.69,145.17,5.99,49.82,145.23,156.05,165.06,165.06,0,,,145.23,,0,,0,,,,,
2011-03-07,155.02,155.98,152.6,155.39,17101144,165.8,145.17,5.83,48.74,144.73,155.84,165.06,165.06,0,,,144.73,,0,,0,,,,,
2011-03-08,156.14,157.6,154.61,157.0,15472270,165.88,145.17,5.63,50.7,145.9,155.61,165.06,165.06,0,,,145.9,,0,,0,,,,,
2011-03-09,158.4,159.98,157.1,159.25,17054807,165.95,145.17,5.44,53.38,147.48,155.36,165.06,165.06,0,,,147.48,,0,,0,,,,,
2011-03-10,158.14,158.14,155.07,156.07,10533066,166.0,145.17,5.35,49.3,145.49,155.24,165.06,165.06,0,,,145.49,,0,,0,,,,,
2011-03-11,154.9,157.67,153.85,154.89,14535279,166.05,145.17,5.24,47.83,144.8,155.2,165.06,165.06,0,,,144.8,,0,,0,,,,,
2011-03-14,154.89,157.15,154.74,156.77,10378098,166.12,145.17,5.04,50.36,146.15,155.21,165.06,165.06,0,,,146.15,,0,,0,,,,,
2011-03-15,152.29,154.36,151.64,153.31,21340874,166.14,145.17,5.05,45.95,143.91,155.08,165.06,165.06,0,,,143.91,,0,,0,,,,,
2011-03-16,154.14,159.04,154.14,158.05,22552920,166.18,145.17,5.09,52.14,146.94,155.25,165.06,165.06,0,,,146.94,,0,,0,,,,,
2011-03-17,156.9,158.04,154.47,155.65,31400270,166.22,145.17,4.99,49.07,145.46,155.25,165.06,165.06,0,,,145.46,,0,,0,,,,,
2011-03-18,155.91,157.21,153.84,154.22,11674993,166.26,148.0,4.87,47.29,145.56,155.12,165.06,165.06,0,,,145.56,,0,,0,,,,,
2011-03-21,155.35,155.8,153.37,154.38,10459223,166.29,148.0,4.7,47.52,145.78,155.16,160.97,165.06,0,,,145.78,,0,,0,,,,,
2011-03-22,155.05,155.89,153.41,154.47,18005289,166.34,150.49,4.54,47.66,146.77,155.29,160.97,160.97,0,,,146.77,,0,,0,,,,,
2011-03-23,154.09,160.54,153.71,160.12,28313109,166.42,151.64,4.7,55.57,150.69,155.75,160.97,160.97,0,,,150.69,,0,,0,,,,,
2011-03-24,160.97,163.82,160.97,162.0,16644864,166.51,151.64,4.63,57.85,151.95,156.24,163.82,160.97,0,,,151.95,,0,,0,,,,,
2011-03-25,164.72,168.75,162.93,167.84,21900758,166.59,151.64,4.78,64.03,155.62,156.92,168.75,163.82,0,,,155.62,,0,,0,,,,,
2011-03-28,165.98,171.6,165.83,169.33,31802133,166.7,151.64,4.85,65.42,156.53,157.43,171.6,168.75,0,,,156.53,,0,,0,,,,,
2011-03-29,169.21,170.75,168.13,169.13,19421473,166.79,151.64,4.69,65.06,156.51,157.76,171.6,171.6,0,,,156.51,,0,,0,,,,,
2011-03-30,169.98,171.59,169.3,170.61,14285155,166.9,151.64,4.53,66.54,157.57,158.05,171.6,171.6,0,,,157.57,,0,,0,,,,,
2011-03-31,171.09,173.52,168.84,171.7,39723216,167.03,151.64,4.54,67.63,158.26,158.38,173.52,171.6,1,171.7,158.26,158.26,158.26,1,2011-03-31,0,,,18,,
2011-04-01,171.49,172.13,168.44,169.66,17402236,167.16,151.64,4.48,63.46,156.99,158.62,173.52,173.52,0,,,156.99,158.26,1,2011-03-31,0,,,18,,
2011-04-04,170.02,173.36,170.02,172.16,16912005,167.32,151.64,4.43,66.21,158.64,159.09,173.52,173.52,0,,,158.64,158.64,1,2011-03-31,0,,,18,,
2011-04-05,173.02,173.5,169.84,170.94,14686804,167.47,153.37,4.37,63.69,158.46,159.47,173.52,173.52,0,,,158.46,158.64,1,2011-03-31,0,,,18,,
2011-04-06,170.56,172.21,168.6,169.29,17832133,167.6,153.37,4.32,60.35,157.44,159.85,173.52,173.52,0,,,157.44,158.64,1,2011-03-31,0,,,18,,
2011-04-07,169.21,171.43,168.24,169.83,15195235,167.71,153.37,4.24,61.07,157.84,160.35,173.52,173.52,0,,,157.84,158.64,1,2011-03-31,0,,,18,,
2011-04-08,169.9,172.12,167.88,168.95,18281763,167.8,153.37,4.24,59.18,157.27,161.1,173.52,173.52,0,,,157.27,158.64,1,2011-03-31,0,,,18,,
2011-04-11,166.9,170.5,166.9,169.3,17869494,167.91,153.41,4.19,59.72,157.54,161.69,173.52,173.52,0,,,157.54,158.64,1,2011-03-31,1,167.91,SMA150_BREAK,18,8,-2.21
2011-04-13,168.26,173.83,167.09,173.34,27268070,168.0,153.71,4.37,65.34,160.13,162.49,173.83,173.52,0,,,160.13,,0,,0,,,,,
2011-04-15,172.28,175.21,168.94,169.47,32808215,168.06,160.97,4.51,57.11,159.96,162.88,175.21,173.83,0,,,159.96,,0,,0,,,,,
2011-04-18,169.53,171.88,166.37,166.76,32784537,168.12,162.93,4.58,52.16,158.82,163.21,175.21,175.21,0,,,158.82,,0,,0,,,,,
2011-04-19,166.75,168.21,164.9,167.68,19193520,168.16,164.9,4.49,53.63,160.13,163.59,175.21,175.21,0,,,160.13,,0,,0,,,,,
2011-04-20,169.78,171.35,168.44,171.11,13743636,168.17,164.9,4.43,58.72,162.38,164.11,175.21,175.21,0,,,162.38,,0,,0,,,,,
2011-04-21,172.55,172.9,170.98,172.06,13116108,168.19,164.9,4.25,60.03,163.11,164.61,175.21,175.21,0,,,163.11,,0,,0,,,,,
2011-04-25,171.44,173.26,170.61,171.16,15140691,168.2,164.9,4.14,58.15,162.61,165.01,175.21,175.21,0,,,162.61,,0,,0,,,,,
2011-04-26,172.06,173.12,168.93,172.51,22127270,168.22,164.9,4.14,60.17,163.47,165.56,175.21,175.21,0,,,163.47,,0,,0,,,,,
2011-04-27,173.51,173.59,169.52,170.26,24888902,168.21,164.9,4.14,55.38,162.03,166.07,175.21,175.21,0,,,162.03,,0,,0,,,,,
2011-04-28,171.98,173.51,166.9,171.9,63212490,168.2,164.9,4.31,58.0,162.97,166.57,175.21,175.21,0,,,162.97,,0,,0,,,,,
2011-04-29,171.67,173.52,169.69,171.43,26534112,168.19,164.9,4.28,56.97,162.69,167.18,175.21,175.21,0,,,162.69,,0,,0,,,,,
2011-05-02,171.33,172.03,168.35,168.95,12139336,168.16,164.9,4.24,51.73,161.12,167.54,175.21,175.21,0,,,161.12,,0,,0,,,,,
2011-05-03,168.6,170.43,162.5,164.26,34744754,168.13,162.5,4.5,43.56,157.11,167.83,175.21,175.21,0,,,157.11,,0,,0,,,,,
2011-05-04,163.02,164.9,160.41,162.7,23253048,168.07,160.41,4.5,41.23,155.41,168.11,175.21,175.21,0,,,155.41,,0,,0,,,,,
2011-05-05,162.6,164.18,157.06,158.44,26183866,167.98,157.06,4.69,35.63,151.42,168.25,175.21,175.21,0,,,151.42,,0,,0,,,,,
2011-05-06,158.9,167.47,158.84,166.72,31367308,167.95,157.06,5.0,49.89,156.56,168.65,175.21,175.21,0,,,156.56,,0,,0,,,,,
2011-05-09,168.2,168.2,164.02,166.6,11077110,167.94,157.06,4.94,49.72,156.52,168.87,175.21,175.21,0,,,156.52,,0,,0,,,,,
2011-05-10,166.29,166.9,164.02,165.55,11888525,167.9,157.06,4.79,48.15,155.94,168.99,175.21,175.21,0,,,155.94,,0,,0,,,,,
2011-05-11,165.83,166.4,163.21,165.63,11803324,167.84,157.06,4.68,48.29,156.07,168.91,175.21,175.21,0,,,156.07,,0,,0,,,,,
2011-05-12,164.6,165.97,161.52,161.85,12828887,167.73,157.06,4.66,42.69,153.64,168.67,175.21,175.21,0,,,153.64,,0,,0,,,,,
2011-05-13,162.29,168.66,160.8,165.07,23128644,167.65,157.06,4.89,48.2,155.56,168.53,175.21,175.21,0,,,155.56,,0,,0,,,,,
2011-05-16,163.6,164.1,162.29,162.71,10263132,167.56,157.06,4.74,44.8,154.14,168.27,173.59,175.21,0,,,154.14,,0,,0,,,,,
2011-05-17,162.75,163.48,157.37,159.94,19981456,167.46,157.06,4.84,41.14,152.29,167.87,173.59,173.59,0,,,152.29,,0,,0,,,,,
2011-05-18,160.75,161.79,157.68,158.79,17008519,167.36,157.06,4.78,39.69,151.58,167.51,173.59,173.59,0,,,151.58,,0,,0,,,,,
2011-05-19,160.6,160.6,157.48,158.46,9594981,167.26,157.06,4.67,39.26,151.45,167.06,173.59,173.59,0,,,151.45,,0,,0,,,,,
2011-05-20,159.67,162.15,157.67,160.47,14523778,167.16,157.06,4.65,43.27,152.75,166.71,173.59,173.59,0,,,152.75,,0,,0,,,,,
2011-05-23,159.5,159.5,154.29,154.89,20182530,167.01,154.29,4.76,36.14,148.16,166.23,173.59,173.59,0,,,148.16,,0,,0,,,,,
2011-05-24,155.07,158.59,155.07,156.72,14121596,166.88,154.29,4.69,39.65,149.39,165.79,173.59,173.59,0,,,149.39,,0,,0,,,,,
2011-05-25,157.06,157.06,154.35,155.17,22213400,166.76,154.29,4.54,37.75,148.48,165.33,173.52,173.59,0,,,148.48,,0,,0,,,,,
2011-05-26,156.69,158.75,155.97,157.87,24824552,166.67,154.29,4.48,42.88,150.27,164.95,173.52,173.52,0,,,150.27,,0,,0,,,,,
2011-05-27,158.48,165.17,158.47,164.31,21147302,166.62,154.29,4.68,52.85,154.29,164.65,172.03,173.52,0,,,154.29,,0,,0,,,,,
2011-05-30,164.9,166.65,164.61,165.78,12552633,166.58,154.29,4.51,54.79,155.35,164.52,170.43,172.03,0,,,155.35,,0,,0,,,,,
2011-05-31,166.26,168.41,165.07,167.07,12853775,166.54,154.29,4.43,56.48,156.24,164.54,168.66,170.43,0,,,156.24,,0,,0,,,,,
2011-06-01,166.72,167.44,164.45,166.86,14988578,166.49,154.29,4.32,56.11,156.17,164.51,168.66,168.66,0,,,156.17,,0,,0,,,,,
2011-06-02,165.45,165.5,162.45,163.46,16240906,166.41,154.29,4.33,50.38,153.97,164.25,168.66,168.66,0,,,153.97,,0,,0,,,,,
2011-06-03,164.41,166.44,162.24,163.23,12010872,166.33,154.29,4.32,50.01,153.83,163.96,168.66,168.66,0,,,153.83,,0,,0,,,,,
2011-06-06,162.07,165.81,161.37,164.89,8044250,166.3,154.29,4.33,52.72,154.9,163.75,168.66,168.66,0,,,154.9,,0,,0,,,,,
2011-06-07,163.68,165.77,163.64,164.59,7526590,166.28,154.29,4.17,52.17,154.81,163.49,168.66,168.66,0,,,154.81,,0,,0,,,,,
2011-06-08,163.65,165.56,162.07,163.48,7484163,166.18,154.29,4.12,50.09,154.13,163.26,168.66,168.66,0,,,154.13,,0,,0,,,,,
2011-06-09,162.85,164.71,162.46,163.32,11750871,166.0,154.29,3.99,49.78,154.11,162.97,168.66,168.66,0,,,154.11,,0,,0,,,,,
2011-06-10,163.63,163.63,159.98,161.43,11831715,165.81,154.29,3.97,46.16,152.91,162.64,168.41,168.66,0,,,152.91,,0,,0,,,,,
2011-06-13,160.55,163.01,160.2,162.01,10309585,165.62,154.35,3.88,47.42,153.36,162.41,168.41,168.41,0,,,153.36,,0,,0,,,,,
2011-06-14,162.23,164.79,162.23,164.5,13611840,165.42,154.35,3.8,52.57,155.02,162.42,168.41,168.41,0,,,155.02,,0,,0,,,,,
2011-06-15,163.79,164.22,160.08,160.69,10068916,165.21,155.97,3.85,45.27,153.07,162.35,168.41,168.41,0,,,153.07,,0,,0,,,,,
2011-06-16,158.96,162.68,158.66,160.28,17063546,164.97,158.47,3.86,44.55,153.63,162.41,168.41,168.41,0,,,153.63,,0,,0,,,,,
2011-06-17,162.06,162.06,159.59,160.86,8868018,164.76,158.66,3.76,45.86,154.13,162.22,168.41,168.41,0,,,154.13,,0,,0,,,,,
2011-06-20,160.65,162.35,157.4,159.71,17278728,164.56,157.4,3.85,43.66,152.92,161.99,168.41,168.41,0,,,152.92,,0,,0,,,,,
2011-06-21,160.0,161.76,156.37,158.02,25492472,164.38,156.37,3.96,40.58,151.41,161.74,168.41,168.41,0,,,151.41,,0,,0,,,,,
2011-06-22,159.63,160.11,157.4,158.78,15268286,164.18,156.37,3.87,42.54,151.96,161.51,168.41,168.41,0,,,151.96,,0,,0,,,,,
2011-06-23,158.33,161.44,158.08,160.55,16378895,164.02,156.37,3.83,46.94,153.12,161.46,168.41,168.41,0,,,153.12,,0,,0,,,,,
2011-06-24,161.31,166.58,161.29,165.83,30416006,163.93,156.37,3.99,57.4,156.42,161.49,168.41,168.41,0,,,156.42,,0,,0,,,,,
2011-06-27,164.32,169.05,163.2,168.21,31891365,163.87,156.37,4.12,61.12,157.87,161.67,169.05,168.41,0,,,157.87,,0,,0,,,,,
2011-06-28,168.31,170.18,167.27,168.82,18590737,163.79,156.37,4.03,62.04,158.32,161.97,170.18,169.05,0,,,158.32,,0,,0,,,,,
2011-06-29,169.85,170.6,168.85,169.44,23534104,163.73,156.37,3.87,62.99,158.83,162.32,170.6,170.18,0,,,158.83,,0,,0,,,,,
2011-06-30,170.02,171.35,167.84,170.59,30256534,163.72,156.37,3.85,64.76,159.59,162.73,171.35,170.6,0,,,159.59,,0,,0,,,,,
2011-07-01,173.19,173.19,169.57,170.62,15351198,163.71,156.37,3.83,64.81,159.62,163.07,173.19,171.35,0,,,159.62,,0,,0,,,,,
2011-07-04,172.98,173.26,170.68,171.38,9907144,163.7,156.37,3.75,66.05,160.17,163.62,173.26,173.19,0,,,160.17,,0,,0,,,,,
2011-07-05,171.71,171.71,169.56,171.0,11382959,163.65,156.37,3.63,64.82,160.0,164.09,173.26,173.26,0,,,160.0,,0,,0,,,,,
2011-07-06,170.22,171.42,167.0,167.6,13279783,163.6,156.37,3.69,54.94,157.77,164.51,173.26,173.26,0,,,157.77,,0,,0,,,,,
2011-07-07,168.21,170.52,165.68,169.84,21552668,163.54,156.37,3.77,59.34,159.16,164.91,173.26,173.26,0,,,159.16,,0,,0,,,,,
2011-07-08,170.04,170.62,164.68,165.22,22574838,163.42,156.37,3.93,48.77,156.07,164.94,173.26,173.26,0,,,156.07,,0,,0,,,,,
2011-07-11,165.19,165.19,163.08,164.25,11887007,163.3,156.37,3.8,46.89,155.53,164.88,173.26,173.26,0,,,155.53,,0,,0,,,,,
2011-07-12,162.38,166.04,161.62,163.11,14191237,163.21,157.4,3.84,44.7,155.11,164.75,173.26,173.26,0,,,155.11,,0,,0,,,,,
2011-07-13,163.63,165.24,163.06,164.25,7449898,163.16,158.08,3.72,47.34,156.15,164.67,173.26,173.26,0,,,156.15,,0,,0,,,,,
2011-07-14,163.62,168.93,163.04,166.6,13062016,163.14,161.29,3.88,52.4,158.63,164.77,173.26,173.26,0,,,158.63,,0,,0,,,,,
2011-07-15,165.97,167.37,164.8,165.29,8569632,163.16,161.62,3.79,49.55,157.96,164.84,173.26,173.26,0,,,157.96,,0,,0,,,,,
2011-07-18,164.72,165.11,162.37,163.26,8912761,163.1,161.62,3.72,45.41,156.69,164.78,173.26,173.26,0,,,156.69,,0,,0,,,,,
2011-07-19,163.0,166.73,162.24,165.47,9965032,163.05,161.62,3.78,50.28,158.08,164.81,173.26,173.26,0,,,158.08,,0,,0,,,,,
2011-07-20,166.12,166.59,162.43,162.91,9530686,162.99,161.62,3.81,45.25,156.41,164.79,173.26,173.26,0,,,156.41,,0,,0,,,,,
2011-07-21,162.38,164.28,161.64,162.23,7679364,162.97,161.62,3.72,43.99,156.03,164.76,173.26,173.26,0,,,156.03,,0,,0,,,,,
2011-07-22,163.32,166.75,163.08,166.44,14966286,162.94,161.62,3.78,52.75,158.71,164.93,173.26,173.26,0,,,158.71,,0,,0,,,,,
2011-07-25,166.42,168.93,164.64,167.5,11831814,162.93,161.62,3.82,54.67,159.37,165.11,173.26,173.26,0,,,159.37,,0,,0,,,,,
2011-07-26,167.68,168.26,160.94,162.0,23305628,162.84,160.94,4.07,44.55,155.43,165.02,173.26,173.26,0,,,155.43,,0,,0,,,,,
2011-07-27,162.3,163.04,158.75,159.72,14696011,162.75,158.75,4.08,41.14,153.21,164.99,173.26,173.26,0,,,153.21,,0,,0,,,,,
2011-07-28,157.73,161.37,157.4,158.56,21029090,162.65,157.4,4.07,39.49,152.02,164.94,173.26,173.26,0,,,152.02,,0,,0,,,,,
2011-07-29,157.55,163.79,156.4,161.57,35954077,162.58,156.4,4.31,45.6,153.47,164.96,173.26,173.26,0,,,153.47,,0,,0,,,,,
2011-08-01,164.07,165.14,161.87,162.91,11485974,162.51,156.4,4.26,48.11,154.37,165.07,171.71,173.26,0,,,154.37,,0,,0,,,,,
2011-08-02,162.06,162.28,158.66,159.22,16090563,162.43,156.4,4.26,42.32,151.99,165.11,171.42,171.71,0,,,151.99,,0,,0,,,,,
2011-08-03,157.78,157.78,154.34,156.14,21226898,162.31,154.34,4.3,38.18,149.29,165.02,170.62,171.42,0,,,149.29,,0,,0,,,,,
2011-08-04,157.16,158.18,154.28,154.77,14940392,162.18,154.28,4.27,36.48,148.4,164.82,170.62,170.62,0,,,148.4,,0,,0,,,,,
2011-08-05,151.16,152.68,148.05,150.62,25544739,162.01,148.05,4.45,31.84,143.53,164.32,168.93,170.62,0,,,143.53,,0,,0,,,,,
2011-08-08,146.5,151.94,145.46,148.19,18978404,161.82,145.46,4.59,29.47,141.01,163.65,168.93,168.93,0,,,141.01,,0,,0,,,,,
2011-08-09,142.59,150.79,141.88,146.51,29403467,161.67,141.88,4.9,27.93,138.52,162.91,168.93,168.93,0,,,138.52,,0,,0,,,,,
2011-08-10,150.22,151.35,149.25,150.18,18588124,161.57,141.88,4.9,35.84,140.89,162.26,168.93,168.93,0,,,140.89,,0,,0,,,,,
2011-08-11,149.37,151.14,146.49,146.89,21163912,161.47,141.88,4.88,32.4,138.78,161.48,168.93,168.93,0,,,138.78,,0,,0,,,,,
2011-08-12,149.5,150.39,145.25,146.48,26148012,161.37,141.88,4.9,31.99,138.51,160.67,168.93,168.93,0,,,138.51,,0,,0,,,,,
2011-08-16,149.93,150.49,145.34,145.8,16205882,161.3,141.88,4.92,31.28,138.06,159.82,168.93,168.93,0,,,138.06,,0,,0,,,,,
2011-08-17,145.4,146.8,141.29,141.78,32595326,161.2,141.29,4.96,27.41,135.24,158.84,168.93,168.93,0,,,135.24,,0,,0,,,,,
2011-08-18,142.59,142.59,134.22,134.61,43620357,161.0,134.22,5.2,22.15,128.1,157.74,168.93,168.93,0,,,128.1,,0,,0,,,,,
2011-08-19,131.68,133.0,128.31,129.68,47374162,160.81,128.31,5.28,19.39,122.89,156.41,168.93,168.93,0,,,122.89,,0,,0,,,,,
2011-08-22,130.13,133.64,128.64,132.62,20057889,160.66,128.31,5.26,25.36,124.8,155.32,168.93,168.93,0,,,124.8,,0,,0,,,,,
2011-08-23,133.55,134.54,129.61,132.8,25564489,160.52,128.31,5.24,25.72,124.93,154.27,168.26,168.93,0,,,124.93,,0,,0,,,,,
2011-08-24,131.68,133.86,129.95,131.25,16749628,160.36,128.31,5.14,24.61,124.0,153.21,165.14,168.26,0,,,124.0,,0,,0,,,,,
2011-08-25,132.45,133.09,128.96,129.95,31804679,160.17,128.31,5.07,23.69,123.21,152.06,165.14,165.14,0,,,123.21,,0,,0,,,,,
2011-08-26,129.74,130.41,126.84,127.83,19450365,159.95,126.84,4.96,22.23,121.42,150.77,165.14,165.14,0,,,121.42,,0,,0,,,,,
2011-08-29,130.13,134.6,130.13,133.72,16352996,159.75,126.84,5.09,34.36,125.13,149.72,165.14,165.14,0,,,125.13,,0,,0,,,,,
2011-08-30,135.58,138.2,134.02,136.09,19674077,159.54,126.84,5.05,38.51,126.69,148.81,162.28,165.14,0,,,126.69,,0,,0,,,,,
2011-09-02,138.93,140.21,136.54,138.25,38295103,159.4,126.84,4.98,42.11,128.13,147.91,158.18,162.28,0,,,128.13,,0,,0,,,,,
2011-09-05,136.67,138.57,134.86,137.64,18440438,159.28,126.84,4.89,41.37,127.8,147.06,158.18,158.18,0,,,127.8,,0,,0,,,,,
2011-09-06,136.36,139.67,133.29,138.58,28641646,159.16,126.84,5.0,43.02,128.33,146.28,152.68,158.18,0,,,128.33,,0,,0,,,,,
2011-09-07,139.32,141.28,138.71,139.84,18460090,159.04,126.84,4.83,45.25,129.25,145.39,151.94,152.68,0,,,129.25,,0,,0,,,,,
2011-09-08,140.55,144.62,137.76,143.21,23734656,158.98,126.84,4.98,50.79,131.33,144.58,151.35,151.94,0,,,131.33,,0,,0,,,,,
2011-09-09,144.27,144.27,139.27,139.76,17818630,158.87,126.84,4.98,45.69,129.11,143.84,151.35,151.35,0,,,129.11,,0,,0,,,,,
2011-09-12,137.19,137.76,132.99,134.39,20189950,158.71,126.84,5.11,39.11,125.56,142.99,151.14,151.35,0,,,125.56,,0,,0,,,,,
2011-09-13,135.97,137.19,131.22,132.84,14670975,158.58,126.84,5.17,37.44,124.52,142.14,150.49,151.14,0,,,124.52,,0,,0,,,,,
2011-09-14,133.53,135.37,130.91,134.65,22201311,158.47,126.84,5.12,40.63,125.72,141.24,150.49,150.49,0,,,125.72,,0,,0,,,,,
2011-09-15,136.36,137.51,132.6,136.55,15777349,158.41,126.84,5.1,43.88,126.95,140.36,146.8,150.49,0,,,126.95,,0,,0,,,,,
2011-09-16,138.85,139.47,135.74,137.75,34330356,158.34,126.84,5.01,45.89,127.79,139.65,144.62,146.8,0,,,127.79,,0,,0,,,,,
2011-09-19,136.78,136.78,133.4,133.94,11492277,158.25,126.84,4.96,40.88,125.37,138.91,144.62,144.62,0,,,125.37,,0,,0,,,,,
2011-09-20,134.37,138.35,134.04,137.5,14962002,158.14,130.13,4.92,46.73,128.78,138.33,144.62,144.62,0,,,128.78,,0,,0,,,,,
2011-09-21,138.21,141.0,136.69,140.44,17767211,158.02,130.91,4.88,51.04,130.97,137.99,144.62,144.62,0,,,130.97,,0,,0,,,,,
2011-09-22,137.15,137.7,133.05,134.39,16171727,157.83,130.91,5.06,43.28,126.95,137.53,144.62,144.62,0,,,126.95,,0,,0,,,,,
2011-09-23,132.2,134.94,130.65,131.49,16569982,157.63,130.65,5.0,40.13,125.03,137.03,144.62,144.62,0,,,125.03,,0,,0,,,,,
2011-09-26,131.53,136.29,129.81,133.72,22269373,157.44,129.81,5.11,43.53,126.12,136.48,144.62,144.62,0,,,126.12,,0,,0,,,,,
2011-09-27,136.28,139.84,136.15,138.08,16565763,157.31,129.81,5.18,49.57,128.88,136.19,144.62,144.62,0,,,128.88,,0,,0,,,,,
2011-09-28,138.78,139.01,133.65,135.39,17561780,157.15,129.81,5.19,46.28,127.14,135.82,144.62,144.62,0,,,127.14,,0,,0,,,,,
2011-09-29,134.36,139.59,133.73,138.81,25041192,157.02,129.81,5.24,50.75,129.31,135.58,144.62,144.62,0,,,129.31,,0,,0,,,,,
2011-09-30,138.57,138.57,134.96,136.42,20190109,156.9,129.81,5.14,47.76,127.83,135.41,144.62,144.62,0,,,127.83,,0,,0,,,,,
2011-10-03,134.02,134.02,130.29,130.76,14760988,156.79,129.81,5.21,41.52,124.14,135.28,144.62,144.62,0,,,124.14,,0,,0,,,,,
2011-10-04,129.97,131.61,123.29,124.82,32054121,156.61,123.29,5.43,36.18,117.98,135.12,144.62,144.62,0,,,117.98,,0,,0,,,,,
2011-10-05,124.83,125.29,118.66,121.44,46823914,156.43,118.66,5.52,33.53,114.2,134.74,144.62,144.62,0,,,114.2,,0,,0,,,,,
2011-10-07,127.34,129.6,127.01,128.48,34183363,156.23,118.66,5.71,42.9,118.62,134.6,144.27,144.62,0,,,118.62,,0,,0,,,,,
2011-10-10,128.55,132.12,127.19,131.32,17562314,156.06,118.66,5.65,46.19,120.49,134.6,141.0,144.27,0,,,120.49,,0,,0,,,,,
2011-10-11,132.78,134.18,129.21,129.74,16706844,155.88,118.66,5.6,44.65,119.5,134.59,141.0,141.0,0,,,119.5,,0,,0,,,,,
2011-10-12,130.91,134.54,129.93,133.98,22795839,155.74,118.66,5.55,49.52,122.27,134.8,141.0,141.0,0,,,122.27,,0,,0,,,,,
2011-10-13,136.44,138.51,134.96,137.12,32000985,155.61,118.66,5.47,52.83,124.35,134.91,141.0,141.0,0,,,124.35,,0,,0,,,,,
2011-10-14,136.67,140.26,135.91,138.76,18327496,155.47,118.66,5.39,54.51,125.46,135.0,141.0,141.0,0,,,125.46,,0,,0,,,,,
2011-10-17,139.48,140.74,138.25,140.08,14377132,155.37,118.66,5.19,55.87,126.45,135.06,141.0,141.0,0,,,126.45,,0,,0,,,,,
2011-10-18,138.39,138.39,134.96,136.59,14456079,155.24,118.66,5.18,51.48,124.2,135.03,141.0,141.0,0,,,124.2,,0,,0,,,,,
2011-10-19,138.39,141.49,138.39,140.9,14040647,155.14,118.66,5.16,56.07,126.99,135.11,141.49,141.0,0,,,126.99,,0,,0,,,,,
2011-10-20,137.97,138.22,135.6,136.83,14801732,155.03,118.66,5.17,51.15,124.36,135.0,141.49,141.49,0,,,124.36,,0,,0,,,,,
2011-10-21,137.14,137.65,135.04,135.67,10742424,154.88,118.66,4.99,49.81,123.74,134.75,141.49,141.49,0,,,123.74,,0,,0,,,,,
2011-10-24,137.89,139.87,134.19,135.34,17946791,154.74,118.66,5.04,49.41,123.49,134.61,141.49,141.49,0,,,123.49,,0,,0,,,,,
2011-10-25,136.98,138.99,132.88,136.89,41863701,154.63,118.66,5.11,51.37,124.44,134.69,141.49,141.49,0,,,124.44,,0,,0,,,,,
2011-10-28,142.07,145.71,142.05,145.45,37484238,154.57,118.66,5.38,60.48,129.78,135.11,145.71,141.49,0,,,129.78,,0,,0,,,,,
2011-10-31,145.71,148.62,143.61,145.11,29742339,154.51,127.01,5.35,60.0,132.36,135.46,148.62,145.71,0,,,132.36,,0,,0,,,,,
2011-11-01,143.05,143.92,139.09,139.48,29988117,154.37,127.19,5.4,52.55,128.76,135.56,148.62,148.62,0,,,128.76,,0,,0,,,,,
2011-11-02,138.03,140.87,133.9,137.92,24366930,154.21,129.21,5.51,50.68,128.35,135.56,148.62,148.62,0,,,128.35,,0,,0,,,,,
2011-11-03,137.14,138.95,135.43,136.83,26032380,154.0,129.93,5.37,49.35,127.99,135.66,148.62,148.62,0,,,127.99,,0,,0,,,,,
2011-11-04,138.63,139.01,137.02,137.81,17798830,153.79,132.88,5.14,50.6,129.75,135.67,148.62,148.62,0,,,129.75,,0,,0,,,,,
2011-11-08,137.84,138.23,135.68,137.34,14542528,153.58,132.88,4.96,49.96,129.57,135.57,148.62,148.62,0,,,129.57,,0,,0,,,,,
2011-11-09,138.19,138.6,133.6,134.36,30353092,153.34,132.88,4.96,46.0,127.65,135.56,148.62,148.62,0,,,127.65,,0,,0,,,,,
2011-11-11,133.44,133.55,127.27,127.94,45793786,153.05,127.27,5.11,38.86,121.54,135.45,148.62,148.62,0,,,121.54,,0,,0,,,,,
2011-11-14,130.58,130.82,126.81,127.94,29633483,152.77,126.81,5.03,38.86,121.44,135.25,148.62,148.62,0,,,121.44,,0,,0,,,,,
2011-11-15,127.63,128.25,121.98,123.09,24873563,152.44,121.98,5.12,34.21,116.64,134.75,148.62,148.62,0,,,116.64,,0,,0,,,,,
2011-11-16,122.65,124.83,120.56,122.93,28535793,152.12,120.56,5.06,34.06,116.1,134.34,148.62,148.62,0,,,116.1,,0,,0,,,,,
2011-11-17,123.19,124.49,120.65,121.27,23036904,151.8,120.56,4.97,32.52,115.09,133.75,148.62,148.62,0,,,115.09,,0,,0,,,,,
2011-11-18,120.0,120.5,116.57,120.01,28100193,151.47,116.57,4.95,31.36,112.96,133.21,148.62,148.62,0,,,112.96,,0,,0,,,,,
2011-11-21,118.89,119.37,113.12,114.01,26758259,151.1,113.12,5.09,26.52,107.85,132.65,148.62,148.62,0,,,107.85,,0,,0,,,,,
2011-11-22,115.33,117.19,114.42,116.17,38140432,150.75,113.12,4.96,30.67,109.33,132.36,148.62,148.62,0,,,109.33,,0,,0,,,,,
2011-11-23,115.31,115.32,110.65,113.25,35767616,150.35,110.65,5.0,28.34,106.6,132.09,148.62,148.62,0,,,106.6,,0,,0,,,,,
2011-11-24,113.14,114.7,112.05,113.78,29724508,149.98,110.65,4.83,29.39,107.05,131.6,148.62,148.62,0,,,107.05,,0,,0,,,,,
2011-11-25,113.03,114.49,111.06,111.92,27487955,149.61,110.65,4.73,27.85,105.92,130.95,148.62,148.62,0,,,105.92,,0,,0,,,,,
2011-11-28,113.76,117.46,113.46,116.86,31005744,149.27,110.65,4.79,37.26,109.07,130.52,148.62,148.62,0,,,109.07,,0,,0,,,,,
2011-11-29,116.96,117.81,112.62,114.38,47558362,148.89,110.65,4.82,34.8,107.45,129.87,148.62,148.62,0,,,107.45,,0,,0,,,,,
2011-11-30,112.83,114.43,109.85,111.03,175381222,148.49,109.85,4.8,31.76,105.03,129.0,143.92,148.62,0,,,105.03,,0,,0,,,,,
2011-12-01,117.5,120.93,117.36,118.77,56778700,148.14,109.85,5.16,43.95,109.78,128.33,140.87,143.92,0,,,109.78,,0,,0,,,,,
2011-12-02,119.26,123.42,118.14,122.75,38640305,147.8,109.85,5.17,49.0,112.34,127.75,139.01,140.87,0,,,112.34,,0,,0,,,,,
2011-12-05,122.49,123.16,120.26,121.48,25876042,147.48,109.85,5.01,47.53,111.63,127.25,139.01,139.01,0,,,111.63,,0,,0,,,,,
2011-12-07,122.18,122.47,119.15,119.66,35551543,147.13,109.85,4.89,45.42,110.54,126.54,138.6,139.01,0,,,110.54,,0,,0,,,,,
2011-12-08,118.2,119.32,115.17,115.99,39494048,146.76,109.85,4.86,41.44,108.19,125.85,138.6,138.6,0,,,108.19,,0,,0,,,,,
2011-12-09,113.92,115.63,112.53,113.94,41202469,146.39,109.85,4.76,39.36,106.93,125.12,133.55,138.6,0,,,106.93,,0,,0,,,,,
2011-12-12,115.94,115.94,109.73,110.19,31186853,146.03,109.73,4.86,35.83,104.41,124.28,130.82,133.55,0,,,104.41,,0,,0,,,,,
2011-12-13,109.09,111.04,107.55,110.09,32788915,145.68,107.55,4.77,35.74,103.68,123.39,128.25,130.82,0,,,103.68,,0,,0,,,,,
2011-12-14,109.09,111.74,108.06,109.77,45207921,145.36,107.55,4.69,35.42,103.53,122.2,124.83,128.25,0,,,103.53,,0,,0,,,,,
2011-12-15,108.78,110.01,107.38,108.87,27702009,144.97,107.38,4.54,34.5,102.99,120.99,124.49,124.83,0,,,102.99,,0,,0,,,,,
2011-12-16,108.96,111.43,103.61,105.35,42420169,144.57,103.61,4.78,31.1,99.3,119.86,123.42,124.49,0,,,99.3,,0,,0,,,,,
2011-12-19,104.72,104.72,99.89,102.42,34087234,144.14,99.89,4.82,28.58,96.14,118.67,123.42,123.42,0,,,96.14,,0,,0,,,,,
2011-12-20,103.17,104.57,101.01,101.83,25864234,143.72,99.89,4.73,28.09,95.82,117.51,123.42,123.42,0,,,95.82,,0,,0,,,,,
2011-12-21,105.33,110.49,104.67,109.45,43980706,143.37,99.89,5.01,42.03,100.55,116.56,123.42,123.42,0,,,100.55,,0,,0,,,,,
2011-12-22,107.53,115.48,106.53,113.47,48452464,143.03,99.89,5.3,47.78,102.95,115.77,123.42,123.42,0,,,102.95,,0,,0,,,,,
2011-12-23,113.51,114.45,111.32,112.48,30488474,142.69,99.89,5.14,46.55,102.42,115.04,123.42,123.42,0,,,102.42,,0,,0,,,,,
2011-12-26,112.36,114.5,112.06,113.7,14152754,142.38,99.89,4.95,48.31,103.33,114.56,123.42,123.42,0,,,103.33,,0,,0,,,,,
2011-12-27,113.31,114.39,112.41,113.16,18044147,142.08,99.89,4.74,47.57,103.13,114.07,123.42,123.42,0,,,103.13,,0,,0,,,,,
2011-12-28,112.31,112.33,108.21,108.67,20522848,141.75,99.89,4.75,41.79,100.22,113.59,123.42,123.42,0,,,100.22,,0,,0,,,,,
2011-12-29,107.75,109.24,105.53,106.9,26730649,141.39,99.89,4.68,39.74,99.13,113.05,123.42,123.42,0,,,99.13,,0,,0,,,,,
2011-12-30,107.58,109.06,106.06,106.7,14003913,141.07,99.89,4.56,39.5,99.08,112.57,123.42,123.42,0,,,99.08,,0,,0,,,,,
2012-01-02,107.55,109.01,106.77,108.55,14927627,140.75,99.89,4.4,42.88,100.38,112.19,123.16,123.42,0,,,100.38,,0,,0,,,,,
2012-01-03,109.87,113.61,109.87,113.11,18500311,140.47,99.89,4.44,50.25,103.29,112.16,122.47,123.16,0,,,103.29,,0,,0,,,,,
2012-01-04,114.29,116.72,113.83,115.8,32952243,140.19,99.89,4.38,54.02,105.06,112.14,119.32,122.47,0,,,105.06,,0,,0,,,,,
2012-01-05,116.1,117.94,115.17,116.58,23203350,139.87,99.89,4.27,55.08,105.64,112.26,117.94,119.32,0,,,105.64,,0,,0,,,,,
2012-01-06,115.63,118.91,113.45,117.14,22273933,139.54,99.89,4.35,55.87,105.95,112.37,118.91,117.94,0,,,105.95,,0,,0,,,,,
2012-01-09,116.26,117.66,113.92,116.54,18357806,139.21,101.01,4.31,54.76,105.96,112.52,118.91,118.91,0,,,105.96,,0,,0,,,,,
2012-01-10,116.99,121.4,116.89,120.7,22240036,138.9,104.67,4.35,60.6,109.84,112.65,121.4,118.91,0,,,109.84,,0,,0,,,,,
2012-01-11,121.26,123.11,120.49,121.58,27287084,138.62,105.53,4.23,61.72,110.78,112.89,123.11,121.4,0,,,110.78,,0,,0,,,,,
2012-01-12,121.54,124.17,120.64,121.77,27573436,138.34,105.53,4.18,61.98,110.93,113.25,124.17,123.11,0,,,110.93,,0,,0,,,,,
2012-01-13,122.77,126.18,121.68,123.03,32983258,138.06,105.53,4.2,63.69,111.73,113.39,126.18,124.17,0,,,111.73,,0,,0,,,,,
2012-01-16,121.87,124.11,121.13,123.36,27942612,137.79,105.53,4.11,64.14,112.0,113.41,126.18,126.18,0,,,112.0,,0,,0,,,,,
2012-01-17,124.67,125.36,122.08,122.42,23766616,137.52,105.53,4.05,61.77,111.44,113.44,126.18,126.18,0,,,111.44,,0,,0,,,,,
2012-01-18,121.52,121.86,118.75,119.94,24342285,137.23,105.53,4.03,55.89,109.85,113.45,126.18,126.18,0,,,109.85,,0,,0,,,,,
2012-01-19,121.63,124.97,121.63,124.24,24162462,136.98,106.06,4.1,62.54,112.76,113.72,126.18,126.18,0,,,112.76,,0,,0,,,,,
2012-01-20,126.85,132.71,126.85,131.29,53063989,136.77,106.77,4.41,70.43,117.33,114.3,132.71,126.18,0,,,117.33,,0,,0,,,,,
2012-01-23,131.37,135.83,131.37,133.52,25234418,136.57,109.87,4.42,72.4,119.8,115.08,135.83,132.71,0,,,119.8,,0,,0,,,,,
2012-01-24,134.02,139.48,132.0,138.39,46604728,136.42,113.45,4.64,76.15,123.99,116.02,139.48,135.83,0,,,123.99,,0,,0,,,,,
2012-01-25,138.98,139.48,135.47,137.15,31109006,136.26,113.45,4.59,73.42,123.22,116.94,139.48,139.48,0,,,123.22,,0,,0,,,,,
2012-01-27,138.39,138.78,134.67,138.38,25271570,136.11,113.45,4.56,74.4,124.03,117.92,139.48,139.48,0,,,124.03,,0,,0,,,,,
2012-01-30,136.67,137.33,132.15,132.81,24137976,135.94,113.92,4.68,63.04,120.52,118.84,139.48,139.48,0,,,120.52,,0,,0,,,,,
2012-01-31,133.98,141.32,133.86,140.59,56490241,135.82,116.89,4.95,69.94,126.34,120.11,141.32,139.48,1,140.59,126.34,126.34,126.34,1,2012-01-31,0,,,19,,
2012-02-01,141.5,141.87,136.83,138.68,43818566,135.68,118.75,4.96,66.65,125.73,121.34,141.87,141.32,0,,,125.73,126.34,1,2012-01-31,0,,,19,,
2012-02-02,140.1,142.09,137.02,140.62,46734902,135.55,118.75,4.97,68.28,126.97,122.38,142.09,141.87,0,,,126.97,126.97,1,2012-01-31,0,,,19,,
2012-02-03,140.88,143.18,139.02,142.8,27169367,135.4,118.75,4.91,70.06,128.42,123.35,143.18,142.09,1,142.8,128.42,128.42,128.42,1,2012-01-31,0,,,19,,
2012-02-06,144.15,146.0,143.26,144.63,32126297,135.24,118.75,4.79,71.5,129.68,124.42,146.0,143.18,0,,,129.68,129.68,1,2012-01-31,0,,,19,,
2012-02-07,146.44,147.46,144.31,146.14,21908854,135.09,118.75,4.67,72.67,130.73,125.51,147.46,146.0,0,,,130.73,130.73,1,2012-01-31,0,,,19,,
2012-02-08,144.6,144.91,141.99,143.44,123255759,134.92,118.75,4.63,67.35,129.01,126.52,147.46,147.46,0,,,129.01,130.73,1,2012-01-31,0,,,19,,
2012-02-09,142.76,147.23,142.3,146.46,31702544,134.76,121.63,4.65,69.99,131.91,127.78,147.46,147.46,0,,,131.91,131.91,1,2012-01-31,0,,,19,,
2012-02-10,145.4,146.33,142.8,145.0,21887888,134.59,126.85,4.58,67.16,132.75,129.05,147.46,147.46,0,,,132.75,132.75,1,2012-01-31,0,,,19,,
2012-02-13,144.77,147.39,143.22,145.66,26742848,134.41,131.37,4.55,67.8,134.71,130.34,147.46,147.46,0,,,134.71,134.71,1,2012-01-31,0,,,19,,
2012-02-14,144.46,148.05,144.42,147.07,21797572,134.25,132.0,4.49,69.17,135.87,131.63,148.05,147.46,0,,,135.87,135.87,1,2012-01-31,0,,,19,,
2012-02-15,148.37,153.81,148.37,152.9,30846134,134.16,132.15,4.65,74.08,139.57,132.95,153.81,148.05,1,152.9,139.57,139.57,139.57,1,2012-01-31,0,,,19,,
2012-02-16,152.88,153.02,149.76,150.98,17470497,134.03,132.15,4.55,70.12,138.4,134.13,153.81,153.81,0,,,138.4,139.57,1,2012-01-31,0,,,19,,
2012-02-17,153.47,155.42,152.02,152.97,23888958,133.95,132.15,4.54,71.8,139.69,135.34,155.42,153.81,0,,,139.69,139.69,1,2012-01-31,0,,,19,,
2012-02-21,152.26,155.65,152.1,154.48,17884201,133.88,133.86,4.47,73.04,141.28,136.58,155.65,155.42,0,,,141.28,141.28,1,2012-01-31,0,,,19,,
2012-02-22,154.28,154.28,148.24,149.25,26260360,133.79,136.83,4.6,62.74,138.81,137.68,155.65,155.65,0,,,138.81,141.28,1,2012-01-31,0,,,19,,
2012-02-23,148.36,149.47,145.26,147.1,31112955,133.68,137.02,4.57,59.05,137.51,138.55,155.65,155.65,0,,,137.51,141.28,1,2012-01-31,0,,,19,,
2012-02-24,146.68,147.1,143.08,145.19,24143553,133.53,139.02,4.53,55.91,136.97,139.34,155.65,155.65,0,,,136.97,141.28,1,2012-01-31,0,,,19,,
2012-02-27,145.3,145.3,137.4,138.3,27078117,133.35,137.4,4.77,46.33,131.82,139.89,155.65,155.65,0,,,131.82,141.28,1,2012-01-31,1,141.28,TRAILING_STOP,19,19,0.49
2012-02-28,139.63,143.34,139.51,141.94,27126286,133.21,137.4,4.79,51.1,134.16,140.52,155.65,155.65,0,,,134.16,,0,,0,,,,,
2012-02-29,142.59,143.68,139.84,141.24,27450786,133.05,137.4,4.72,50.17,133.75,141.12,155.65,155.65,0,,,133.75,,0,,0,,,,,
2012-03-01,140.65,140.65,135.6,137.68,22889075,132.88,135.6,4.79,45.66,130.81,141.63,155.65,155.65,0,,,130.81,,0,,0,,,,,
2012-03-02,138.85,142.55,136.36,140.68,23122115,132.74,135.6,4.89,49.76,132.68,142.32,155.65,155.65,0,,,132.68,,0,,0,,,,,
2012-03-05,139.76,139.76,135.35,135.63,22522533,132.53,135.35,4.92,43.77,129.32,142.7,155.65,155.65,0,,,129.32,,0,,0,,,,,
2012-03-06,135.58,138.85,132.46,132.97,43440551,132.3,132.46,5.02,40.97,126.57,142.76,155.65,155.65,0,,,126.57,,0,,0,,,,,
2012-03-07,132.62,135.25,131.44,134.05,33588164,132.12,131.44,4.94,42.58,126.98,142.77,155.65,155.65,0,,,126.98,,0,,0,,,,,
2012-03-09,136.66,142.92,136.51,142.47,33285477,132.0,131.44,5.22,53.25,132.23,142.91,155.65,155.65,0,,,132.23,,0,,0,,,,,
2012-03-12,147.11,147.11,143.22,144.77,30684005,131.91,131.44,5.18,55.68,133.74,143.16,155.65,155.65,0,,,133.74,,0,,0,,,,,
2012-03-13,145.76,146.99,144.56,144.91,15392685,131.8,131.44,4.98,55.83,133.96,143.38,155.65,155.65,0,,,133.96,,0,,0,,,,,
2012-03-14,147.55,149.23,147.21,148.66,28866101,131.7,131.44,4.93,59.76,136.41,143.91,155.65,155.65,0,,,136.41,,0,,0,,,,,
2012-03-15,148.83,149.08,143.93,144.96,17542272,131.61,131.44,4.95,54.59,134.01,144.05,155.65,155.65,0,,,134.01,,0,,0,,,,,
2012-03-16,145.87,148.66,141.88,143.01,26255856,131.52,131.44,5.08,52.04,132.67,144.2,155.65,155.65,0,,,132.67,,0,,0,,,,,
2012-03-19,144.46,145.02,139.49,141.49,17366497,131.43,131.44,5.11,50.08,131.67,144.23,155.65,155.65,0,,,131.67,,0,,0,,,,,
2012-03-20,141.77,143.68,140.26,141.6,15039469,131.37,131.44,4.99,50.22,131.82,144.19,155.65,155.65,0,,,131.82,,0,,0,,,,,
2012-03-21,140.58,146.46,139.83,145.56,19473910,131.35,131.44,5.11,55.31,134.29,144.22,154.28,155.65,0,,,134.29,,0,,0,,,,,
2012-03-22,145.87,146.46,139.18,140.2,20007922,131.31,131.44,5.26,48.14,130.73,144.02,149.47,154.28,0,,,130.73,,0,,0,,,,,
2012-03-23,141.32,143.9,139.8,141.9,18745826,131.26,131.44,5.18,50.34,131.89,143.97,149.23,149.47,0,,,131.89,,0,,0,,,,,
2012-03-26,140.83,141.03,134.97,135.97,21647994,131.18,131.44,5.31,43.42,127.98,143.62,149.23,149.23,0,,,127.98,,0,,0,,,,,
2012-03-27,138.23,138.44,132.78,136.81,45526915,131.12,131.44,5.33,44.58,128.5,143.35,149.23,149.23,0,,,128.5,,0,,0,,,,,
2012-03-28,136.32,136.32,132.88,133.92,37140526,131.04,131.44,5.23,41.43,126.7,142.96,149.23,149.23,0,,,126.7,,0,,0,,,,,
2012-03-29,132.62,135.63,132.02,133.36,46255594,130.99,132.02,5.11,40.83,126.61,142.5,149.23,149.23,0,,,126.61,,0,,0,,,,,
2012-03-30,134.65,139.35,134.5,138.73,32431927,131.01,132.02,5.18,48.55,130.04,142.03,149.23,149.23,0,,,130.04,,0,,0,,,,,
2012-04-02,138.35,139.2,137.3,138.77,11001446,131.07,132.02,4.94,48.61,130.22,141.62,149.23,149.23,0,,,130.22,,0,,0,,,,,
2012-04-03,140.41,143.19,139.94,141.53,17691256,131.13,132.02,4.91,52.31,132.02,141.24,149.23,149.23,0,,,132.02,,0,,0,,,,,
2012-04-04,140.1,140.39,137.2,138.74,14909625,131.17,132.02,4.86,48.51,130.25,140.71,149.23,149.23,0,,,130.25,,0,,0,,,,,
2012-04-09,136.73,136.87,134.61,135.12,11466477,131.2,132.02,4.81,44.03,127.95,140.24,149.23,149.23,0,,,127.95,,0,,0,,,,,
2012-04-10,135.71,136.3,133.25,134.61,20557586,131.23,132.02,4.69,43.42,127.71,139.83,149.23,149.23,0,,,127.71,,0,,0,,,,,
2012-04-11,133.26,136.36,132.62,134.75,32322361,131.28,132.02,4.62,43.65,127.84,139.48,149.23,149.23,0,,,127.84,,0,,0,,,,,
2012-04-12,135.76,137.9,135.6,137.04,17417158,131.3,132.02,4.51,47.42,129.39,139.44,149.23,149.23,0,,,129.39,,0,,0,,,,,
2012-04-13,137.92,140.38,132.54,134.8,24283341,131.29,132.02,4.75,44.3,127.79,139.2,149.08,149.23,0,,,127.79,,0,,0,,,,,
2012-04-16,133.73,136.59,133.73,136.14,20013075,131.27,132.02,4.62,46.56,128.74,139.03,148.66,149.08,0,,,128.74,,0,,0,,,,,
2012-04-17,137.29,139.16,132.85,137.99,39678342,131.28,132.02,4.74,49.61,129.85,139.04,146.46,148.66,0,,,129.85,,0,,0,,,,,
2012-04-18,139.17,140.08,136.64,137.33,19053287,131.27,132.02,4.64,48.54,129.49,138.93,146.46,146.46,0,,,129.49,,0,,0,,,,,
2012-04-19,137.45,137.71,134.99,136.8,16033732,131.25,132.02,4.51,47.66,129.24,138.97,146.46,146.46,0,,,129.24,,0,,0,,,,,
2012-04-20,136.05,136.98,133.32,134.19,16000858,131.19,132.02,4.45,43.47,127.59,139.01,146.46,146.46,0,,,127.59,,0,,0,,,,,
2012-04-23,132.46,135.35,130.3,131.51,17939993,131.13,130.3,4.49,39.61,125.26,138.92,143.9,146.46,0,,,125.26,,0,,0,,,,,
2012-04-24,132.46,133.0,130.64,132.12,17862146,131.12,130.3,4.34,40.9,125.76,138.58,143.19,143.9,0,,,125.76,,0,,0,,,,,
2012-04-25,131.69,133.32,128.92,130.66,29238880,131.1,128.92,4.34,38.77,124.35,138.11,143.19,143.19,0,,,124.35,,0,,0,,,,,
2012-04-26,130.93,131.79,130.2,131.13,24080837,131.08,128.92,4.15,39.85,124.79,137.65,143.19,143.19,0,,,124.79,,0,,0,,,,,
2012-04-27,131.76,136.36,131.07,134.15,80624329,131.06,128.92,4.23,46.42,126.68,137.16,143.19,143.19,0,,,126.68,,0,,0,,,,,
2012-04-30,135.66,138.54,135.66,137.5,28953732,131.06,128.92,4.24,52.6,128.83,136.91,143.19,143.19,0,,,128.83,,0,,0,,,,,
2012-05-02,138.04,139.48,136.64,137.46,21254607,131.09,128.92,4.14,52.52,128.88,136.73,143.19,143.19,0,,,128.88,,0,,0,,,,,
2012-05-03,136.38,137.09,132.63,133.64,25787019,131.06,128.92,4.19,45.58,126.38,136.47,143.19,143.19,0,,,126.38,,0,,0,,,,,
2012-05-04,132.5,132.95,127.05,129.87,30391718,130.99,127.05,4.36,39.96,123.21,136.08,140.39,143.19,0,,,123.21,,0,,0,,,,,
2012-05-07,127.75,133.09,124.2,132.19,36282735,130.98,124.2,4.68,44.5,123.54,135.63,140.38,140.39,0,,,123.54,,0,,0,,,,,
2012-05-08,132.7,133.09,128.72,129.37,21579195,130.96,124.2,4.66,40.49,121.74,135.27,140.38,140.38,0,,,121.74,,0,,0,,,,,
2012-05-09,128.1,129.04,126.24,128.09,28400064,130.92,124.2,4.55,38.79,120.98,134.81,140.38,140.38,0,,,120.98,,0,,0,,,,,
2012-05-10,128.41,130.36,125.69,126.88,20493286,130.85,124.2,4.56,37.2,120.2,134.51,140.38,140.38,0,,,120.2,,0,,0,,,,,
2012-05-11,126.07,128.26,125.23,126.73,15680747,130.79,124.2,4.45,36.99,120.17,134.17,140.38,140.38,0,,,120.17,,0,,0,,,,,
2012-05-14,127.01,129.33,124.06,124.78,25823094,130.7,124.06,4.51,34.37,118.83,133.87,140.08,140.38,0,,,118.83,,0,,0,,,,,
2012-05-15,123.77,128.02,123.27,127.3,19189131,130.64,123.27,4.53,40.27,120.18,133.66,140.08,140.08,0,,,120.18,,0,,0,,,,,
2012-05-16,124.52,125.01,121.55,123.8,25680253,130.59,121.55,4.61,35.49,117.29,133.17,140.08,140.08,0,,,117.29,,0,,0,,,,,
2012-05-17,124.34,125.73,121.65,122.72,17934966,130.58,121.55,4.58,34.15,116.62,132.63,139.48,140.08,0,,,116.62,,0,,0,,,,,
2012-05-18,120.02,126.23,119.74,125.48,24381560,130.6,119.74,4.71,40.37,117.71,132.1,139.48,139.48,0,,,117.71,,0,,0,,,,,
2012-05-21,124.22,127.6,124.22,126.4,17162794,130.59,119.74,4.62,42.32,118.36,131.68,139.48,139.48,0,,,118.36,,0,,0,,,,,
2012-05-22,127.8,128.54,124.42,124.8,22998915,130.55,119.74,4.58,39.88,117.35,131.34,139.48,139.48,0,,,117.35,,0,,0,,,,,
2012-05-23,123.58,125.43,123.14,123.63,14613428,130.51,119.74,4.42,38.14,116.71,130.98,139.48,139.48,0,,,116.71,,0,,0,,,,,
2012-05-24,124.83,128.72,123.39,127.88,16923032,130.46,119.74,4.48,47.15,119.41,130.75,139.48,139.48,0,,,119.41,,0,,0,,,,,
2012-05-25,127.48,128.47,125.49,126.95,19192052,130.4,119.74,4.38,45.58,118.88,130.41,139.48,139.48,0,,,118.88,,0,,0,,,,,
2012-05-28,127.34,130.38,127.32,130.03,15097219,130.34,119.74,4.31,51.34,120.91,130.25,139.48,139.48,0,,,120.91,,0,,0,,,,,
2012-05-29,130.52,131.52,129.97,130.7,14274419,130.28,119.74,4.11,52.52,121.47,130.07,139.48,139.48,0,,,121.47,,0,,0,,,,,
2012-05-30,129.95,130.51,126.71,127.36,18202316,130.21,119.74,4.1,46.48,119.33,129.72,137.09,139.48,0,,,119.33,,0,,0,,,,,
2012-05-31,127.04,127.04,124.22,124.58,39922690,130.11,119.74,4.03,42.14,117.58,129.29,133.09,137.09,0,,,117.58,,0,,0,,,,,
2012-06-01,124.7,126.57,123.88,124.33,22170296,130.02,119.74,3.94,41.76,117.48,128.87,133.09,133.09,0,,,117.48,,0,,0,,,,,
2012-06-04,122.46,126.43,122.06,125.47,19790419,129.95,119.74,3.97,44.22,118.2,128.58,133.09,133.09,0,,,118.2,,0,,0,,,,,
2012-06-05,126.72,127.8,125.2,125.98,20350445,129.89,119.74,3.87,45.33,118.59,128.4,131.52,133.09,0,,,118.59,,0,,0,,,,,
2012-06-06,126.76,128.95,126.67,128.58,28167216,129.84,119.74,3.81,50.72,120.31,128.28,131.52,131.52,0,,,120.31,,0,,0,,,,,
2012-06-07,130.1,133.2,129.63,132.02,25033805,129.75,119.74,3.86,56.78,122.49,128.33,133.2,131.52,0,,,122.49,,0,,0,,,,,
2012-06-08,132.92,132.92,129.31,131.88,18841009,129.66,122.06,3.85,56.48,123.18,128.35,133.2,133.2,0,,,123.18,,0,,0,,,,,
2012-06-11,133.38,134.95,130.9,131.5,18055312,129.61,122.06,3.86,55.61,122.93,128.26,134.95,133.2,0,,,122.93,,0,,0,,,,,
2012-06-12,129.9,133.84,129.63,133.45,17886242,129.58,122.06,3.89,59.1,124.17,128.13,134.95,134.95,0,,,124.17,,0,,0,,,,,
2012-06-13,133.4,136.42,132.83,135.09,25697248,129.56,122.06,3.86,61.82,125.24,128.05,136.42,134.95,1,135.09,125.24,125.24,125.24,1,2012-06-13,0,,,20,,
2012-06-14,134.72,135.03,129.79,130.24,19523289,129.51,122.06,3.97,51.01,122.05,127.94,136.42,136.42,0,,,122.05,125.24,1,2012-06-13,0,,,20,,
2012-06-15,130.99,136.08,130.92,134.51,21824440,129.49,122.06,4.1,57.98,124.71,128.09,136.42,136.42,0,,,124.71,125.24,1,2012-06-13,0,,,20,,
2012-06-18,136.47,137.45,128.86,129.87,26764353,129.46,122.06,4.42,49.71,121.5,128.01,137.45,136.42,0,,,121.5,125.24,1,2012-06-13,1,129.46,SMA150_BREAK,20,4,-4.16
2012-06-19,129.31,131.9,128.51,131.5,16859507,129.49,122.06,4.35,52.28,122.61,128.08,137.45,137.45,0,,,122.61,,0,,0,,,,,
2012-06-20,131.89,133.51,131.5,132.49,12698994,129.52,122.06,4.18,53.83,123.36,128.23,137.45,137.45,0,,,123.36,,0,,0,,,,,
2012-06-21,132.33,135.83,131.66,135.14,19538656,129.6,122.06,4.18,57.77,125.07,128.51,137.45,137.45,0,,,125.07,,0,,0,,,,,
2012-06-22,133.44,135.83,132.49,135.46,16548279,129.68,122.06,4.12,58.24,125.31,128.8,137.45,137.45,0,,,125.31,,0,,0,,,,,
2012-06-25,136.13,138.49,134.08,134.7,17258890,129.77,125.2,4.14,56.65,125.85,129.13,138.49,137.45,0,,,125.85,,0,,0,,,,,
2012-06-26,134.0,135.3,133.34,134.25,12241757,129.87,126.67,3.99,55.68,126.16,129.36,138.49,138.49,0,,,126.16,,0,,0,,,,,
2012-06-27,135.2,137.16,135.08,135.59,16390385,130.01,128.51,3.91,57.98,127.69,129.75,138.49,138.49,0,,,127.69,,0,,0,,,,,
2012-06-28,136.8,138.37,135.59,136.3,21821090,130.15,128.51,3.83,59.2,128.2,130.21,138.49,138.49,0,,,128.2,,0,,0,,,,,
2012-06-29,138.37,143.93,138.37,143.07,26272482,130.34,128.51,4.1,68.52,132.38,130.79,143.93,138.49,1,143.07,132.38,132.38,132.38,1,2012-06-29,0,,,21,,
2012-07-02,143.3,143.78,140.62,142.25,25763358,130.53,128.51,4.03,66.54,131.9,131.32,143.93,143.93,0,,,131.9,132.38,1,2012-06-29,0,,,21,,
2012-07-03,143.13,144.87,142.83,143.4,17527620,130.74,128.51,3.93,67.94,132.71,131.94,144.87,143.93,0,,,132.71,132.71,1,2012-06-29,0,,,21,,
2012-07-04,144.58,145.1,142.58,143.59,19609062,130.92,128.51,3.83,68.18,132.9,132.61,145.1,144.87,0,,,132.9,132.9,1,2012-06-29,0,,,21,,
2012-07-05,143.44,146.95,142.19,146.46,20610463,131.14,128.51,3.9,71.6,134.71,133.22,146.95,145.1,1,146.46,134.71,134.71,134.71,1,2012-06-29,0,,,21,,
2012-07-06,146.46,149.19,144.96,148.73,27997271,131.39,128.51,3.92,73.98,136.15,133.95,149.19,146.95,0,,,136.15,136.15,1,2012-06-29,0,,,21,,
2012-07-09,147.84,149.95,146.98,147.92,26408041,131.58,128.51,3.85,71.67,135.68,134.55,149.95,149.19,0,,,135.68,136.15,1,2012-06-29,0,,,21,,
2012-07-10,148.71,150.3,148.14,149.97,25745714,131.76,131.5,3.75,73.89,138.07,135.19,150.3,149.95,1,149.97,138.07,138.07,138.07,1,2012-06-29,0,,,21,,
2012-07-11,148.87,149.51,148.0,148.96,20032639,131.95,131.66,3.62,70.94,137.55,135.91,150.3,150.3,0,,,137.55,138.07,1,2012-06-29,0,,,21,,
2012-07-12,147.68,148.71,146.66,147.58,17641354,132.13,132.49,3.53,67.0,137.0,136.68,150.3,150.3,0,,,137.0,138.07,1,2012-06-29,0,,,21,,
2012-07-13,147.9,148.95,146.84,147.29,11895856,132.34,133.34,3.43,66.17,137.17,137.44,150.3,150.3,0,,,137.17,138.07,1,2012-06-29,0,,,21,,
2012-07-16,147.92,148.71,145.84,146.34,11950724,132.56,133.34,3.39,63.4,136.58,138.14,150.3,150.3,0,,,136.58,138.07,1,2012-06-29,0,,,21,,
2012-07-17,147.73,148.24,146.07,146.79,12351042,132.8,135.08,3.3,64.16,137.51,138.83,150.3,150.3,0,,,137.51,138.07,1,2012-06-29,0,,,21,,
2012-07-18,146.83,149.83,146.83,149.38,19347801,133.06,135.59,3.28,68.28,139.36,139.52,150.3,150.3,0,,,139.36,139.36,1,2012-06-29,0,,,21,,
2012-07-19,150.62,152.2,150.39,151.23,17223024,133.34,138.37,3.25,70.86,141.5,140.16,152.2,150.3,1,151.23,141.5,141.5,141.5,1,2012-06-29,0,,,21,,
2012-07-20,151.97,152.21,148.27,148.74,19528844,133.61,140.62,3.3,63.39,140.61,140.73,152.21,152.2,0,,,140.61,141.5,1,2012-06-29,0,,,21,,
2012-07-23,147.76,147.87,144.67,145.21,17632895,133.87,142.19,3.35,54.61,138.82,141.18,152.21,152.21,0,,,138.82,141.5,1,2012-06-29,0,,,21,,
2012-07-24,145.37,146.6,144.74,145.75,11203478,134.16,142.19,3.25,55.63,139.24,141.59,152.21,152.21,0,,,139.24,141.5,1,2012-06-29,0,,,21,,
2012-07-25,145.67,146.71,144.31,146.0,11564822,134.45,142.19,3.19,56.12,139.44,141.96,152.21,152.21,0,,,139.44,141.5,1,2012-06-29,0,,,21,,
2012-07-26,146.95,147.12,143.3,144.22,34698053,134.69,143.3,3.23,51.75,138.63,142.42,152.21,152.21,0,,,138.63,141.5,1,2012-06-29,0,,,21,,
2012-07-27,148.24,150.92,146.65,147.64,38883861,134.91,143.3,3.48,58.44,140.68,142.86,152.21,152.21,0,,,140.68,141.5,1,2012-06-29,0,,,21,,
2012-07-30,149.98,154.22,149.98,153.4,40639208,135.19,143.3,3.7,66.79,144.24,143.65,154.22,152.21,1,153.4,144.24,144.24,144.24,1,2012-06-29,0,,,21,,
2012-07-31,154.52,154.8,151.18,152.91,32326305,135.45,143.3,3.69,65.58,143.93,144.36,154.8,154.22,0,,,143.93,144.24,1,2012-06-29,0,,,21,,
2012-08-01,151.42,153.48,151.42,152.62,16975645,135.71,143.3,3.58,64.84,143.82,145.03,154.8,154.8,0,,,143.82,144.24,1,2012-06-29,0,,,21,,
2012-08-02,152.35,153.25,151.74,152.51,13503539,136.0,143.3,3.43,64.54,143.85,145.61,154.8,154.8,0,,,143.85,144.24,1,2012-06-29,0,,,21,,
2012-08-03,151.1,151.42,148.31,149.5,20106465,136.29,143.3,3.48,56.79,141.87,146.08,154.8,154.8,0,,,141.87,144.24,1,2012-06-29,0,,,21,,
2012-08-06,151.49,152.69,151.13,151.73,18837725,136.59,143.3,3.46,60.56,143.32,146.64,154.8,154.8,0,,,143.32,144.24,1,2012-06-29,0,,,21,,
2012-08-07,152.69,155.38,151.82,154.96,21468397,136.9,143.3,3.48,65.3,145.4,147.33,155.38,154.8,1,154.96,145.4,145.4,145.4,1,2012-06-29,0,,,21,,
2012-08-08,155.55,155.87,152.06,152.41,18885493,137.16,143.3,3.5,59.25,143.74,147.9,155.87,155.38,0,,,143.74,145.4,1,2012-06-29,0,,,21,,
2012-08-09,153.34,154.92,150.92,151.52,20166140,137.4,143.3,3.54,57.26,143.14,148.4,155.87,155.87,0,,,143.14,145.4,1,2012-06-29,0,,,21,,
2012-08-10,152.21,152.96,148.71,151.85,24225063,137.63,143.3,3.59,57.83,143.32,148.7,155.87,155.87,0,,,143.32,145.4,1,2012-06-29,0,,,21,,
2012-08-13,151.26,151.81,148.9,150.93,19828479,137.86,143.3,3.54,55.61,142.76,148.98,155.87,155.87,0,,,142.76,145.4,1,2012-06-29,0,,,21,,
2012-08-14,151.45,154.83,151.11,154.25,12958462,138.11,143.3,3.57,61.36,144.88,149.35,155.87,155.87,0,,,144.88,145.4,1,2012-06-29,0,,,21,,
2012-08-16,154.5,155.2,151.58,152.12,14593001,138.32,143.3,3.57,56.32,143.5,149.63,155.87,155.87,0,,,143.5,145.4,1,2012-06-29,0,,,21,,
2012-08-17,152.32,154.12,151.46,153.03,16247143,138.53,146.65,3.51,57.91,145.25,149.85,155.87,155.87,0,,,145.25,145.4,1,2012-06-29,0,,,21,,
2012-08-21,153.64,155.71,152.47,155.11,11457798,138.75,148.31,3.49,61.37,147.16,150.06,155.87,155.87,0,,,147.16,147.16,1,2012-06-29,0,,,21,,
2012-08-22,153.99,156.3,153.77,154.89,11877387,138.96,148.31,3.42,60.8,147.06,150.29,156.3,155.87,0,,,147.06,147.16,1,2012-06-29,0,,,21,,
2012-08-23,155.45,157.29,154.13,154.89,22625014,139.17,148.31,3.4,60.8,147.07,150.46,157.29,156.3,0,,,147.07,147.16,1,2012-06-29,0,,,21,,
2012-08-24,154.1,154.52,151.45,151.79,14489772,139.37,148.31,3.4,52.8,145.07,150.55,157.29,157.29,0,,,145.07,147.16,1,2012-06-29,0,,,21,,
2012-08-27,152.34,152.34,148.31,148.75,13891509,139.56,148.31,3.45,46.35,143.08,150.59,157.29,157.29,0,,,143.08,147.16,1,2012-06-29,0,,,21,,
2012-08-28,149.03,149.46,146.1,146.7,19070854,139.71,146.1,3.44,42.58,141.03,150.57,157.29,157.29,0,,,141.03,147.16,1,2012-06-29,1,147.16,TRAILING_STOP,21,41,2.86
2012-08-29,147.16,148.21,145.42,145.75,13951624,139.81,145.42,3.4,40.91,140.22,150.55,157.29,157.29,0,,,140.22,,0,,0,,,,,
2012-08-30,145.17,149.94,143.94,146.32,30491835,139.89,143.94,3.58,42.37,139.97,150.54,157.29,157.29,0,,,139.97,,0,,0,,,,,
2012-08-31,145.62,146.74,142.36,143.49,19478376,139.93,142.36,3.64,37.44,137.58,150.34,157.29,157.29,0,,,137.58,,0,,0,,,,,
2012-09-03,143.97,145.66,142.45,143.59,13718111,139.97,142.36,3.61,37.72,137.66,150.09,157.29,157.29,0,,,137.66,,0,,0,,,,,
2012-09-04,143.59,145.5,141.95,145.16,14125210,140.01,141.95,3.6,42.03,138.54,149.97,157.29,157.29,0,,,138.54,,0,,0,,,,,
2012-09-05,144.2,144.62,139.43,139.91,33446655,140.06,139.43,3.76,33.64,134.22,149.79,157.29,157.29,0,,,134.22,,0,,0,,,,,
2012-09-06,141.71,143.53,140.93,142.58,15364459,140.07,139.43,3.75,40.18,135.94,149.68,157.29,157.29,0,,,135.94,,0,,0,,,,,
2012-09-07,145.98,149.67,145.85,149.17,25978452,140.14,139.43,3.98,52.61,140.03,149.79,157.29,157.29,0,,,140.03,,0,,0,,,,,
2012-09-10,149.93,150.45,147.19,148.6,13318657,140.2,139.43,3.93,51.61,139.7,149.94,157.29,157.29,0,,,139.7,,0,,0,,,,,
2012-09-11,148.01,151.08,147.6,150.43,13007412,140.25,139.43,3.9,54.59,140.9,150.03,157.29,157.29,0,,,140.9,,0,,0,,,,,
2012-09-12,151.24,152.66,149.75,150.95,17858472,140.29,139.43,3.83,55.43,141.29,149.95,157.29,157.29,0,,,141.29,,0,,0,,,,,
2012-09-13,152.02,153.48,151.89,152.6,20175160,140.33,139.43,3.74,58.08,142.41,149.94,157.29,157.29,0,,,142.41,,0,,0,,,,,
2012-09-14,157.1,167.86,156.68,160.32,45380571,140.45,139.43,4.56,67.74,146.84,150.19,167.86,157.29,1,160.32,146.84,146.84,146.84,1,2012-09-14,0,,,22,,
2012-09-17,163.82,170.14,163.82,168.7,42722014,140.59,139.43,4.94,74.59,152.0,150.73,170.14,167.86,0,,,152.0,152.0,1,2012-09-14,0,,,22,,
2012-09-18,167.0,167.96,165.63,166.85,15733366,140.74,139.43,4.8,71.01,150.89,151.31,170.14,170.14,0,,,150.89,152.0,1,2012-09-14,0,,,22,,
2012-09-20,163.98,165.71,162.13,162.64,16886831,140.85,139.43,4.8,63.53,148.18,151.68,170.14,170.14,0,,,148.18,152.0,1,2012-09-14,0,,,22,,
2012-09-21,163.82,172.77,163.76,169.47,32631197,141.0,139.43,5.18,69.2,152.33,152.16,172.77,170.14,0,,,152.33,152.33,1,2012-09-14,0,,,22,,
2012-09-24,169.47,172.87,168.36,170.34,26437147,141.12,139.43,5.13,69.84,152.93,152.76,172.87,172.77,0,,,152.93,152.93,1,2012-09-14,0,,,22,,
2012-09-25,170.93,171.97,169.21,169.69,20529877,141.24,139.43,4.96,68.68,152.62,153.36,172.87,172.87,0,,,152.62,152.93,1,2012-09-14,0,,,22,,
2012-09-26,169.02,170.36,167.59,169.47,16583418,141.35,139.43,4.8,68.27,152.58,153.95,172.87,172.87,0,,,152.58,152.93,1,2012-09-14,0,,,22,,
2012-09-27,170.03,170.5,167.27,167.85,25812880,141.44,140.93,4.69,65.18,152.11,154.51,172.87,172.87,0,,,152.11,152.93,1,2012-09-14,0,,,22,,
2012-09-28,169.07,170.76,167.62,168.4,22840686,141.57,145.85,4.58,65.75,154.18,154.99,172.87,172.87,0,,,154.18,154.18,1,2012-09-14,0,,,22,,
2012-10-01,168.59,168.74,166.37,167.11,11890164,141.7,147.19,4.42,63.15,153.9,155.49,172.87,172.87,0,,,153.9,154.18,1,2012-09-14,0,,,22,,
2012-10-03,167.35,169.07,166.41,167.48,14719534,141.85,147.6,4.3,63.59,154.36,155.97,172.87,172.87,0,,,154.36,154.36,1,2012-09-14,0,,,22,,
2012-10-04,168.16,173.99,168.16,172.32,26381146,142.08,149.75,4.46,68.88,158.09,156.54,173.99,172.87,0,,,158.09,158.09,1,2012-09-14,0,,,22,,
2012-10-05,174.96,174.96,137.86,169.66,24384492,142.26,137.86,6.79,63.43,150.86,157.03,174.96,173.99,0,,,150.86,158.09,1,2012-09-14,1,158.09,TRAILING_STOP|SMA150_BREAK,22,14,-1.39
2012-10-08,170.18,170.18,166.88,167.35,12172028,142.44,137.86,6.54,59.06,149.54,157.45,174.96,174.96,0,,,149.54,,0,,0,,,,,
2012-10-09,168.59,170.76,168.28,169.25,11088011,142.65,137.86,6.31,61.41,150.91,158.03,174.96,174.96,0,,,150.91,,0,,0,,,,,
2012-10-10,168.0,168.55,166.79,167.67,10838525,142.83,137.86,6.04,58.4,150.07,158.66,174.96,174.96,0,,,150.07,,0,,0,,,,,
2012-10-11,168.59,169.83,166.72,168.27,23597805,143.05,137.86,5.83,59.22,150.6,159.38,174.96,174.96,0,,,150.6,,0,,0,,,,,
2012-10-12,168.74,169.05,165.91,166.17,11267652,143.27,137.86,5.64,55.14,149.37,160.06,174.96,174.96,0,,,149.37,,0,,0,,,,,
2012-10-15,166.22,167.89,164.14,167.54,9156532,143.49,137.86,5.5,57.21,150.35,160.77,174.96,174.96,0,,,150.35,,0,,0,,,,,
2012-10-16,168.75,169.06,165.43,165.93,10115490,143.65,137.86,5.37,54.05,149.4,161.52,174.96,174.96,0,,,149.4,,0,,0,,,,,
2012-10-17,167.52,167.75,165.75,166.93,8096214,143.8,137.86,5.13,55.69,150.2,162.29,174.96,174.96,0,,,150.2,,0,,0,,,,,
2012-10-18,167.84,169.68,167.34,169.38,24908741,143.96,137.86,4.96,59.49,151.9,163.1,174.96,174.96,0,,,151.9,,0,,0,,,,,
2012-10-19,168.75,171.14,167.02,168.16,14180017,144.09,137.86,4.9,56.87,151.15,164.04,174.96,174.96,0,,,151.15,,0,,0,,,,,
2012-10-22,167.45,171.93,167.0,171.07,25355198,144.26,137.86,4.9,61.26,153.03,164.99,174.96,174.96,0,,,153.03,,0,,0,,,,,
2012-10-23,171.58,173.02,170.47,171.69,12511774,144.45,137.86,4.73,62.14,153.54,165.74,174.96,174.96,0,,,153.54,,0,,0,,,,,
2012-10-25,170.2,173.67,170.2,172.91,22144919,144.66,137.86,4.64,63.89,154.39,166.55,174.96,174.96,0,,,154.39,,0,,0,,,,,
2012-10-29,171.3,172.47,169.12,169.94,12828508,144.85,137.86,4.58,57.0,152.51,167.2,174.96,174.96,0,,,152.51,,0,,0,,,,,
2012-10-30,170.5,172.94,164.24,166.23,22333806,144.99,164.14,4.88,49.78,158.68,167.71,174.96,174.96,0,,,158.68,,0,,0,,,,,
2012-10-31,166.37,167.78,164.74,167.03,11476465,145.17,164.14,4.74,51.22,159.28,168.19,174.96,174.96,0,,,159.28,,0,,0,,,,,
2012-11-01,167.32,168.75,166.26,168.17,7583587,145.34,164.14,4.58,53.26,160.13,168.46,174.96,174.96,0,,,160.13,,0,,0,,,,,
2012-11-02,170.5,172.15,169.48,171.72,11431942,145.58,164.14,4.54,59.03,162.45,168.56,174.96,174.96,0,,,162.45,,0,,0,,,,,
2012-11-05,171.14,171.92,169.78,171.4,6995868,145.81,164.14,4.37,58.34,162.35,168.71,174.96,174.96,0,,,162.35,,0,,0,,,,,
2012-11-06,170.42,172.97,169.9,171.89,9482401,146.07,164.14,4.28,59.13,162.73,169.02,173.67,174.96,0,,,162.73,,0,,0,,,,,
2012-11-07,172.74,174.92,171.78,173.83,14058995,146.34,164.24,4.2,62.22,164.07,169.16,174.92,173.67,1,173.83,164.07,164.07,164.07,1,2012-11-07,0,,,23,,
2012-11-08,171.77,172.24,170.38,171.14,8693828,146.55,164.24,4.14,55.91,162.37,169.19,174.92,174.92,0,,,162.37,164.07,1,2012-11-07,0,,,23,,
2012-11-09,171.19,171.46,167.72,168.47,8468267,146.75,164.24,4.11,50.45,160.67,169.15,174.92,174.92,0,,,160.67,164.07,1,2012-11-07,0,,,23,,
2012-11-12,168.83,170.33,167.5,168.34,11718536,146.93,164.24,4.02,50.19,160.64,169.11,174.92,174.92,0,,,160.64,164.07,1,2012-11-07,0,,,23,,
2012-11-15,167.77,168.17,165.96,167.74,9099585,147.12,164.24,3.9,48.95,160.34,169.11,174.92,174.92,0,,,160.34,164.07,1,2012-11-07,0,,,23,,
2012-11-16,166.62,167.33,162.55,163.39,13092530,147.31,162.55,4.0,41.03,156.91,168.94,174.92,174.92,0,,,156.91,164.07,1,2012-11-07,1,164.07,TRAILING_STOP,23,6,-5.61
2012-11-19,163.52,164.36,161.63,162.41,9793987,147.5,161.63,3.91,39.49,156.03,168.78,174.92,174.92,0,,,156.03,,0,,0,,,,,
2012-11-20,163.95,164.48,161.44,162.88,8967777,147.68,161.44,3.84,40.64,156.31,168.63,174.92,174.92,0,,,156.31,,0,,0,,,,,
2012-11-21,163.82,166.53,163.27,166.12,9800725,147.88,161.44,3.83,48.02,158.41,168.42,174.92,174.92,0,,,158.41,,0,,0,,,,,
2012-11-22,166.29,167.64,163.82,164.24,15855147,148.07,161.44,3.83,44.56,157.2,168.24,174.92,174.92,0,,,157.2,,0,,0,,,,,
2012-11-23,165.03,165.25,162.26,163.04,12372706,148.25,161.44,3.77,42.46,156.46,168.1,174.92,174.92,0,,,156.46,,0,,0,,,,,
2012-11-26,164.62,164.62,161.44,161.96,11108696,148.41,161.44,3.73,40.6,155.79,167.86,174.92,174.92,0,,,155.79,,0,,0,,,,,
2012-11-27,163.89,164.98,163.07,164.47,30901959,148.59,161.44,3.68,46.46,157.45,167.75,174.92,174.92,0,,,157.45,,0,,0,,,,,
2012-11-29,167.0,172.73,166.31,172.05,50446946,148.83,161.44,4.0,59.48,162.12,167.87,174.92,174.92,0,,,162.12,,0,,0,,,,,
2012-11-30,174.96,175.74,173.48,174.93,22979440,149.1,161.44,3.98,63.14,163.99,168.17,175.74,174.92,1,174.93,163.99,163.99,163.99,1,2012-11-30,0,,,24,,
2012-12-03,174.16,177.13,173.87,175.32,17887342,149.39,161.44,3.93,63.62,164.27,168.43,177.13,175.74,0,,,164.27,164.27,1,2012-11-30,0,,,24,,
2012-12-04,175.27,178.55,174.25,178.03,16095821,149.7,161.44,3.96,66.85,166.0,168.83,178.55,177.13,1,178.03,166.0,166.0,166.0,1,2012-11-30,0,,,24,,
2012-12-05,178.44,179.41,176.25,178.1,11804232,150.01,161.44,3.9,66.93,166.09,169.2,179.41,178.55,0,,,166.09,166.09,1,2012-11-30,0,,,24,,
2012-12-06,180.05,181.79,175.27,180.63,15910317,150.34,161.44,4.09,69.83,167.6,169.58,181.79,179.41,1,180.63,167.6,167.6,167.6,1,2012-11-30,0,,,24,,
2012-12-07,181.37,182.03,178.48,180.0,16483456,150.65,161.44,4.05,68.22,167.21,169.97,182.03,181.79,0,,,167.21,167.6,1,2012-11-30,0,,,24,,
2012-12-10,181.32,181.37,177.85,178.37,11639776,150.92,161.44,4.01,64.13,166.19,170.21,182.03,182.03,0,,,166.19,167.6,1,2012-11-30,0,,,24,,
2012-12-11,178.92,182.83,176.29,178.56,19806627,151.2,161.44,4.19,64.4,166.19,170.44,182.83,182.03,0,,,166.19,167.6,1,2012-11-30,0,,,24,,
2012-12-12,179.46,180.17,175.97,177.06,16439901,151.49,161.44,4.19,60.55,165.22,170.58,182.83,182.83,0,,,165.22,167.6,1,2012-11-30,0,,,24,,
2012-12-13,178.14,180.28,177.42,178.34,15190774,151.81,161.44,4.12,62.6,166.09,170.86,182.83,182.83,0,,,166.09,167.6,1,2012-11-30,0,,,24,,
2012-12-14,177.5,181.23,177.09,180.69,15357897,152.13,161.44,4.12,66.09,167.61,171.34,182.83,182.83,0,,,167.61,167.61,1,2012-11-30,0,,,24,,
2012-12-17,179.77,182.75,179.77,181.97,9314893,152.48,161.44,4.04,67.85,168.49,171.84,182.83,182.83,0,,,168.49,168.49,1,2012-11-30,0,,,24,,
2012-12-18,182.43,183.45,177.95,182.74,15076039,152.85,163.07,4.15,68.9,169.46,172.33,183.45,182.83,0,,,169.46,169.46,1,2012-11-30,0,,,24,,
2012-12-19,183.72,184.28,180.21,181.12,9690604,153.21,166.31,4.14,64.17,169.5,172.64,184.28,183.45,0,,,169.5,169.5,1,2012-11-30,0,,,24,,
2012-12-20,182.08,182.11,179.74,181.26,12803494,153.57,173.48,4.01,64.4,172.06,172.97,184.28,184.28,0,,,172.06,172.06,1,2012-11-30,0,,,24,,
2012-12-21,180.35,181.16,177.69,178.76,11991144,153.93,173.87,3.98,57.39,170.6,173.2,184.28,184.28,0,,,170.6,172.06,1,2012-11-30,0,,,24,,
2012-12-24,179.68,179.73,177.21,178.38,7691233,154.27,174.25,3.88,56.38,170.55,173.35,184.28,184.28,0,,,170.55,172.06,1,2012-11-30,0,,,24,,
2012-12-26,179.09,182.91,178.3,182.69,7557676,154.67,175.27,3.93,64.07,173.64,173.74,184.28,184.28,0,,,173.64,173.64,1,2012-11-30,0,,,24,,
2012-12-27,183.27,183.51,180.12,180.75,16870650,155.05,175.27,3.89,59.03,172.41,174.14,184.28,184.28,0,,,172.41,173.64,1,2012-11-30,0,,,24,,
2012-12-28,181.73,182.35,179.7,181.56,7501631,155.43,175.97,3.8,60.43,173.23,174.59,184.28,184.28,0,,,173.23,173.64,1,2012-11-30,0,,,24,,
2012-12-31,181.56,181.94,180.4,181.04,5533500,155.79,175.97,3.64,59.03,173.0,175.03,184.28,184.28,0,,,173.0,173.64,1,2012-11-30,0,,,24,,
2013-01-01,182.34,184.81,181.81,184.25,7229216,156.19,175.97,3.65,64.48,175.06,175.72,184.81,184.28,0,,,175.06,175.06,1,2012-11-30,0,,,24,,
2013-01-02,186.09,187.2,185.29,186.73,10345197,156.61,175.97,3.6,68.02,176.7,176.53,187.2,184.81,1,186.73,176.7,176.7,176.7,1,2012-11-30,0,,,24,,
2013-01-03,187.21,187.36,185.34,186.42,9034338,157.0,177.09,3.49,67.12,176.95,177.32,187.36,187.2,0,,,176.95,176.95,1,2012-11-30,0,,,24,,
2013-01-04,186.55,188.46,185.3,188.06,12765126,157.41,177.09,3.46,69.42,178.02,178.05,188.46,187.36,1,188.06,178.02,178.02,178.02,1,2012-11-30,0,,,24,,
2013-01-07,188.95,188.95,187.2,188.02,9683993,157.79,177.21,3.34,69.3,178.12,178.84,188.95,188.46,0,,,178.12,178.12,1,2012-11-30,0,,,24,,
2013-01-08,187.54,188.0,186.13,187.61,8639152,158.17,177.21,3.24,67.92,177.92,179.66,188.95,188.95,0,,,177.92,178.12,1,2012-11-30,0,,,24,,
2013-01-09,187.4,188.94,186.68,187.75,19800115,158.57,177.21,3.17,68.15,178.06,180.52,188.95,188.95,0,,,178.06,178.12,1,2012-11-30,0,,,24,,
2013-01-10,188.67,188.95,184.7,187.6,12068754,158.99,177.21,3.25,67.59,177.91,181.29,188.95,188.95,0,,,177.91,178.12,1,2012-11-30,0,,,24,,
2013-01-11,188.32,188.38,184.36,185.06,9227372,159.4,177.21,3.3,58.69,176.23,181.73,188.95,188.95,0,,,176.23,178.12,1,2012-11-30,0,,,24,,
2013-01-14,185.29,189.59,185.29,188.5,14894011,159.82,177.21,3.39,65.34,178.39,182.18,189.59,188.95,0,,,178.39,178.39,1,2012-11-30,0,,,24,,
2013-01-15,188.19,192.63,186.74,191.55,17996797,160.26,178.3,3.57,69.96,180.6,182.72,192.63,189.59,1,191.55,180.6,180.6,180.6,1,2012-11-30,0,,,24,,
2013-01-16,191.55,191.97,187.11,187.66,18080590,160.65,179.7,3.66,59.14,178.5,183.04,192.63,192.63,0,,,178.5,180.6,1,2012-11-30,0,,,24,,
2013-01-17,187.24,188.82,184.21,184.9,13615173,161.0,179.7,3.73,52.89,176.68,183.27,192.63,192.63,0,,,176.68,180.6,1,2012-11-30,0,,,24,,
2013-01-18,185.37,188.67,185.37,187.08,18630606,161.37,180.4,3.73,56.77,178.31,183.48,192.63,192.63,0,,,178.31,180.6,1,2012-11-30,0,,,24,,
2013-01-21,187.68,188.07,185.29,187.29,9208034,161.74,181.81,3.66,57.14,178.96,183.73,192.63,192.63,0,,,178.96,180.6,1,2012-11-30,0,,,24,,
2013-01-22,187.08,190.04,185.13,186.11,10433076,162.09,184.21,3.75,54.35,178.94,183.98,192.63,192.63,0,,,178.94,180.6,1,2012-11-30,0,,,24,,
2013-01-23,186.88,189.59,184.75,187.84,7832247,162.45,184.21,3.83,57.62,180.01,184.29,192.63,192.63,0,,,180.01,180.6,1,2012-11-30,0,,,24,,
2013-01-24,187.66,188.74,184.12,185.21,12884718,162.81,184.12,3.89,51.57,178.24,184.56,192.63,192.63,0,,,178.24,180.6,1,2012-11-30,0,,,24,,
2013-01-25,186.12,187.68,185.07,186.56,8369614,163.16,184.12,3.79,54.23,179.17,184.84,192.63,192.63,0,,,179.17,180.6,1,2012-11-30,0,,,24,,
2013-01-28,186.66,189.97,186.43,189.31,15775364,163.56,184.12,3.78,59.14,180.96,185.13,192.63,192.63,0,,,180.96,180.96,1,2012-11-30,0,,,24,,
2013-01-29,190.2,195.31,188.0,191.05,27676544,163.95,184.12,4.03,61.93,181.91,185.43,195.31,192.63,0,,,181.91,181.91,1,2012-11-30,0,,,24,,
2013-01-30,191.66,194.45,191.47,192.88,16929517,164.35,184.12,3.98,64.65,183.12,185.77,195.31,195.31,0,,,183.12,183.12,1,2012-11-30,0,,,24,,
2013-01-31,191.97,195.95,188.68,189.45,38534611,164.72,184.12,4.22,56.48,180.76,186.04,195.95,195.31,0,,,180.76,183.12,1,2012-11-30,0,,,24,,
2013-02-01,189.91,191.39,185.72,186.27,13833055,165.06,184.12,4.32,50.16,178.64,186.21,195.95,195.95,0,,,178.64,183.12,1,2012-11-30,0,,,24,,
2013-02-04,188.32,191.31,187.36,187.96,21575075,165.41,184.12,4.37,53.16,179.69,186.52,195.95,195.95,0,,,179.69,183.12,1,2012-11-30,0,,,24,,
2013-02-05,185.45,187.57,184.82,185.46,12408572,165.75,184.12,4.29,48.5,178.14,186.75,195.95,195.95,0,,,178.14,183.12,1,2012-11-30,0,,,24,,
2013-02-06,186.57,186.57,183.04,183.74,10558658,166.07,183.04,4.23,45.55,176.7,186.79,195.95,195.95,0,,,176.7,183.12,1,2012-11-30,1,183.12,TRAILING_STOP,24,48,4.68
2013-02-07,183.28,185.6,180.77,182.09,16021500,166.38,180.77,4.27,42.85,174.86,186.83,195.95,195.95,0,,,174.86,,0,,0,,,,,
2013-02-08,182.28,182.87,178.9,179.75,13064034,166.62,178.9,4.25,39.29,172.74,186.77,195.95,195.95,0,,,172.74,,0,,0,,,,,
2013-02-11,180.09,180.42,177.67,178.57,12921150,166.86,177.67,4.15,37.6,171.64,186.69,195.95,195.95,0,,,171.64,,0,,0,,,,,
2013-02-12,178.38,180.36,177.2,179.54,14740935,167.11,177.2,4.07,39.89,172.15,186.53,195.95,195.95,0,,,172.15,,0,,0,,,,,
2013-02-13,180.84,182.34,179.95,181.73,18682229,167.36,177.2,3.98,44.83,173.63,186.37,195.95,195.95,0,,,173.63,,0,,0,,,,,
2013-02-14,182.59,182.88,178.23,179.12,11742126,167.58,177.2,4.03,40.56,171.91,186.12,195.95,195.95,0,,,171.91,,0,,0,,,,,
2013-02-15,179.09,179.89,176.72,178.43,10179257,167.78,176.72,3.97,39.48,171.35,185.8,195.95,195.95,0,,,171.35,,0,,0,,,,,
2013-02-18,178.84,179.73,178.06,178.45,8438243,167.98,176.72,3.81,39.53,171.47,185.48,195.95,195.95,0,,,171.47,,0,,0,,,,,
2013-02-19,178.65,180.36,177.28,179.95,9649772,168.18,176.72,3.75,43.31,172.47,185.23,195.95,195.95,0,,,172.47,,0,,0,,,,,
2013-02-20,180.68,180.98,177.93,178.38,8424042,168.38,176.72,3.7,40.46,171.49,184.92,195.95,195.95,0,,,171.49,,0,,0,,,,,
2013-02-21,176.9,177.24,171.14,171.71,18339766,168.54,171.14,3.96,31.11,165.16,184.39,195.95,195.95,0,,,165.16,,0,,0,,,,,
2013-02-22,171.31,174.8,171.31,173.77,12275747,168.71,171.14,3.92,36.03,166.51,184.01,195.95,195.95,0,,,166.51,,0,,0,,,,,
2013-02-25,174.8,175.25,171.97,173.99,13709701,168.9,171.14,3.88,36.55,166.69,183.53,195.95,195.95,0,,,166.69,,0,,0,,,,,
2013-02-26,173.05,173.18,167.41,169.23,11043499,169.05,167.41,4.07,30.72,162.24,182.78,195.95,195.95,0,,,162.24,,0,,0,,,,,
2013-02-27,170.11,173.2,170.03,172.28,14729671,169.2,167.41,4.06,37.59,164.22,182.27,195.95,195.95,0,,,164.22,,0,,0,,,,,
2013-02-28,173.68,174.13,163.82,165.48,37422676,169.29,163.82,4.51,30.36,158.34,181.62,191.39,195.95,0,,,158.34,,0,,0,,,,,
2013-03-01,167.88,169.71,166.61,168.01,19070529,169.42,163.82,4.49,35.34,159.98,180.99,191.31,191.39,0,,,159.98,,0,,0,,,,,
2013-03-04,167.72,170.16,166.48,168.38,16475178,169.58,163.82,4.43,36.06,160.26,180.36,187.57,191.31,0,,,160.26,,0,,0,,,,,
2013-03-05,170.18,174.73,169.6,173.94,21050260,169.77,163.82,4.57,45.83,163.75,179.95,186.57,187.57,0,,,163.75,,0,,0,,,,,
2013-03-06,176.35,176.55,174.32,176.28,19993539,169.97,163.82,4.43,49.33,165.35,179.57,185.6,186.57,0,,,165.35,,0,,0,,,,,
2013-03-07,175.29,178.49,174.64,177.68,13692519,170.19,163.82,4.39,51.36,166.29,179.31,182.88,185.6,0,,,166.29,,0,,0,,,,,
2013-03-08,178.01,181.76,178.01,181.21,15786001,170.41,163.82,4.37,56.13,168.58,179.14,182.88,182.88,0,,,168.58,,0,,0,,,,,
2013-03-11,182.22,183.13,179.25,180.04,16292661,170.59,163.82,4.33,54.23,167.85,178.83,183.13,182.88,0,,,167.85,,0,,0,,,,,
2013-03-12,179.73,180.97,177.34,178.63,13388914,170.76,163.82,4.28,51.95,166.97,178.41,183.13,183.13,0,,,166.97,,0,,0,,,,,
2013-03-13,177.17,177.29,172.2,172.68,14724347,170.9,163.82,4.43,43.62,163.03,177.74,183.13,183.13,0,,,163.03,,0,,0,,,,,
2013-03-14,172.89,177.5,168.59,176.65,32873681,171.06,163.82,4.75,49.45,165.38,177.31,183.13,183.13,0,,,165.38,,0,,0,,,,,
2013-03-15,175.13,175.42,167.96,169.79,39011340,171.19,163.82,5.03,41.47,160.76,176.76,183.13,183.13,0,,,160.76,,0,,0,,,,,
2013-03-18,167.16,167.91,164.69,167.23,23564761,171.3,163.82,5.04,38.95,159.11,176.07,183.13,183.13,0,,,159.11,,0,,0,,,,,
2013-03-19,169.55,170.49,162.41,164.24,34783644,171.36,162.41,5.26,36.18,156.57,175.37,183.13,183.13,0,,,156.57,,0,,0,,,,,
2013-03-20,163.98,164.58,158.5,159.3,18850507,171.4,158.5,5.32,32.11,152.04,174.55,183.13,183.13,0,,,152.04,,0,,0,,,,,
2013-03-21,161.21,168.47,160.82,164.67,36062972,171.49,158.5,5.59,40.0,155.32,173.97,183.13,183.13,0,,,155.32,,0,,0,,,,,
2013-03-22,165.89,166.84,161.83,163.56,20358745,171.57,158.5,5.55,38.99,154.63,173.43,183.13,183.13,0,,,154.63,,0,,0,,,,,
2013-03-25,165.47,166.79,160.46,161.05,15002658,171.64,158.5,5.61,36.74,152.97,172.85,183.13,183.13,0,,,152.97,,0,,0,,,,,
2013-03-26,159.58,163.34,159.39,162.37,14911814,171.69,158.5,5.49,38.74,153.9,172.27,183.13,183.13,0,,,153.9,,0,,0,,,,,
2013-03-28,163.03,168.01,160.02,166.24,30690621,171.79,158.5,5.67,44.32,156.28,171.76,183.13,183.13,0,,,156.28,,0,,0,,,,,
2013-04-01,168.12,168.59,165.17,167.25,11418841,171.88,158.5,5.51,45.71,157.04,171.36,183.13,183.13,0,,,157.04,,0,,0,,,,,
2013-04-02,167.43,167.65,165.28,166.51,8498853,171.96,158.5,5.28,44.83,156.71,170.96,183.13,183.13,0,,,156.71,,0,,0,,,,,
2013-04-03,166.85,169.03,163.07,164.04,14162923,172.02,158.5,5.33,41.92,155.09,170.48,183.13,183.13,0,,,155.09,,0,,0,,,,,
2013-04-04,162.03,162.71,159.46,160.45,18866171,172.05,158.5,5.28,38.05,152.81,169.83,183.13,183.13,0,,,152.81,,0,,0,,,,,
2013-04-05,160.45,160.45,156.66,158.76,28818724,172.1,156.66,5.17,36.35,151.17,169.18,183.13,183.13,0,,,151.17,,0,,0,,,,,
2013-04-08,158.21,159.86,157.03,157.32,12105428,172.16,156.66,5.0,34.92,150.36,168.7,183.13,183.13,0,,,150.36,,0,,0,,,,,
2013-04-09,158.5,162.19,156.38,157.47,20901188,172.23,156.38,5.06,35.21,150.32,168.16,183.13,183.13,0,,,150.32,,0,,0,,,,,
2013-04-10,158.66,160.21,156.14,159.73,22694012,172.32,156.14,4.99,39.52,151.75,167.68,180.97,183.13,0,,,151.75,,0,,0,,,,,
2013-04-11,163.01,166.84,162.91,165.44,30178714,172.45,156.14,5.14,48.8,155.33,167.56,177.5,180.97,0,,,155.33,,0,,0,,,,,
2013-04-12,164.0,167.15,163.23,166.26,11153571,172.6,156.14,5.05,49.99,155.91,167.36,177.5,177.5,0,,,155.91,,0,,0,,,,,
2013-04-15,165.02,170.01,164.06,166.54,20935975,172.76,156.14,5.12,50.41,156.05,167.39,175.42,177.5,0,,,156.05,,0,,0,,,,,
2013-04-16,166.21,172.57,166.11,171.6,31681606,172.93,156.14,5.21,57.41,159.25,167.51,172.57,175.42,0,,,159.25,,0,,0,,,,,
2013-04-17,171.95,176.79,171.95,174.58,26780105,173.16,156.14,5.21,60.92,161.18,167.72,176.79,172.57,1,174.58,161.18,161.18,161.18,1,2013-04-17,0,,,25,,
2013-04-18,172.09,179.28,172.09,178.56,20986465,173.4,156.14,5.35,65.05,163.65,167.87,179.28,176.79,0,,,163.65,161.18,1,2013-04-17,1,173.4,SMA150_BREAK,25,2,-0.67
2013-04-22,178.96,184.45,177.57,182.66,19837163,173.63,156.14,5.46,68.72,166.22,168.08,184.45,179.28,0,,,166.22,,0,,0,,,,,
2013-04-23,182.91,185.28,178.88,184.71,22457715,173.87,156.14,5.53,70.39,167.5,168.32,185.28,184.45,0,,,167.5,,0,,0,,,,,
2013-04-25,186.11,188.95,184.82,187.26,34175350,174.11,156.14,5.44,72.37,169.2,168.52,188.95,185.28,0,,,169.2,,0,,0,,,,,
2013-04-26,186.49,189.08,178.93,182.03,38868885,174.32,156.14,5.77,63.06,165.61,168.59,189.08,188.95,0,,,165.61,,0,,0,,,,,
2013-04-29,182.92,184.5,180.28,183.42,12108723,174.52,156.14,5.66,64.37,166.58,168.75,189.08,189.08,0,,,166.58,,0,,0,,,,,
2013-04-30,184.1,186.41,181.65,185.08,16337541,174.69,156.14,5.6,65.93,167.69,169.16,189.08,189.08,0,,,167.69,,0,,0,,,,,
2013-05-02,184.53,188.79,184.5,186.36,15253199,174.81,156.14,5.51,67.12,168.58,169.48,189.08,189.08,0,,,168.58,,0,,0,,,,,
2013-05-03,185.72,186.09,178.44,179.72,21828449,174.89,156.14,5.68,56.14,164.18,169.81,189.08,189.08,0,,,164.18,,0,,0,,,,,
2013-05-06,179.33,182.75,176.43,181.74,13608061,175.02,162.91,5.72,58.37,167.71,170.3,189.08,189.08,0,,,167.71,,0,,0,,,,,
2013-05-07,181.79,186.41,181.64,185.13,16100205,175.13,163.23,5.66,61.87,170.05,170.99,189.08,189.08,0,,,170.05,,0,,0,,,,,
2013-05-08,186.09,187.01,182.21,184.17,13112506,175.22,164.06,5.59,60.33,169.75,171.82,189.08,189.08,0,,,169.75,,0,,0,,,,,
2013-05-09,184.5,185.32,181.92,183.33,8672928,175.31,166.11,5.44,58.93,169.99,172.44,189.08,189.08,0,,,169.99,,0,,0,,,,,
2013-05-10,183.39,186.07,182.96,185.35,10691846,175.41,171.95,5.27,61.25,173.35,173.17,189.08,189.08,0,,,173.35,,0,,0,,,,,
2013-05-13,184.66,187.12,182.15,182.72,10484056,175.51,172.09,5.25,56.76,171.72,173.89,189.08,189.08,0,,,171.72,,0,,0,,,,,
2013-05-14,183.39,185.54,181.62,182.5,11398414,175.61,176.43,5.15,56.39,173.09,174.56,189.08,189.08,0,,,173.09,,0,,0,,,,,
2013-05-15,183.38,190.67,183.23,189.47,19773429,175.76,176.43,5.37,64.36,177.44,175.34,190.67,189.08,1,189.47,177.44,177.44,177.44,1,2013-05-15,0,,,26,,
2013-05-16,188.47,193.88,188.44,192.05,16552888,175.92,176.43,5.38,66.78,179.1,176.17,193.88,190.67,0,,,179.1,179.1,1,2013-05-15,0,,,26,,
2013-05-17,191.67,196.73,191.35,195.7,15429496,176.08,176.43,5.38,69.89,181.45,177.14,196.73,193.88,0,,,181.45,181.45,1,2013-05-15,0,,,26,,
2013-05-20,195.47,196.33,191.43,192.42,15072865,176.23,176.43,5.34,64.08,179.36,178.08,196.73,196.73,0,,,179.36,181.45,1,2013-05-15,0,,,26,,
2013-05-21,192.42,196.62,191.21,192.61,13731074,176.4,176.43,5.35,64.27,179.48,179.16,196.73,196.73,0,,,179.48,181.45,1,2013-05-15,0,,,26,,
2013-05-22,193.25,195.16,191.57,192.47,14560749,176.55,176.43,5.22,64.0,179.47,180.28,196.73,196.73,0,,,179.47,181.45,1,2013-05-15,0,,,26,,
2013-05-23,190.86,191.88,184.86,186.46,18462532,176.68,176.43,5.39,53.85,175.48,181.25,196.73,196.73,0,,,175.48,181.45,1,2013-05-15,0,,,26,,
2013-05-24,188.7,192.56,187.31,191.52,14106999,176.83,176.43,5.44,59.65,178.71,182.39,196.73,196.73,0,,,178.71,181.45,1,2013-05-15,0,,,26,,
2013-05-27,191.5,194.84,190.03,193.95,13687630,177.02,181.62,5.4,62.12,182.04,183.53,196.73,196.73,0,,,182.04,182.04,1,2013-05-15,0,,,26,,
2013-05-28,194.6,196.97,194.03,195.94,14966160,177.21,181.62,5.23,64.05,183.44,184.54,196.97,196.73,0,,,183.44,183.44,1,2013-05-15,0,,,26,,
2013-05-29,195.63,196.03,192.15,193.23,11424242,177.39,181.62,5.13,59.59,181.75,185.44,196.97,196.97,0,,,181.75,183.44,1,2013-05-15,0,,,26,,
2013-05-30,193.25,193.64,189.57,191.27,23897703,177.55,181.62,5.06,56.52,180.54,186.27,196.97,196.97,0,,,180.54,183.44,1,2013-05-15,0,,,26,,
2013-05-31,190.98,192.24,185.65,186.69,18191398,177.67,181.62,5.16,50.03,177.51,186.77,196.97,196.97,0,,,177.51,183.44,1,2013-05-15,0,,,26,,
2013-06-03,185.97,187.26,183.49,185.19,13596192,177.78,181.62,5.07,48.09,176.61,187.12,196.97,196.97,0,,,176.61,183.44,1,2013-05-15,0,,,26,,
2013-06-04,185.97,188.58,183.5,184.06,12805567,177.87,183.23,5.07,46.62,176.42,187.31,196.97,196.97,0,,,176.42,183.44,1,2013-05-15,0,,,26,,
2013-06-05,184.34,185.12,181.12,183.45,14967551,177.94,181.12,4.99,45.8,175.37,187.33,196.97,196.97,0,,,175.37,183.44,1,2013-05-15,1,183.44,TRAILING_STOP,26,16,-3.18
2013-06-06,182.41,188.04,181.61,186.71,10282987,178.04,181.12,5.09,50.75,177.41,187.4,196.97,196.97,0,,,177.41,,0,,0,,,,,
2013-06-07,185.48,187.23,184.14,184.63,13126982,178.13,181.12,4.95,47.76,176.16,187.31,196.97,196.97,0,,,176.16,,0,,0,,,,,
2013-06-10,185.32,187.23,179.36,180.76,16822921,178.23,179.36,5.16,42.7,172.94,187.27,196.97,196.97,0,,,172.94,,0,,0,,,,,
2013-06-11,179.02,179.98,173.57,174.08,31926708,178.28,173.57,5.3,35.68,166.6,186.96,196.97,196.97,0,,,166.6,,0,,0,,,,,
2013-06-12,173.07,176.11,172.84,174.85,17971541,178.32,172.84,5.16,36.97,166.95,186.62,196.97,196.97,0,,,166.95,,0,,0,,,,,
2013-06-13,173.03,175.2,172.39,172.85,14672218,178.33,172.39,4.99,35.01,165.62,186.17,196.97,196.97,0,,,165.62,,0,,0,,,,,
2013-06-14,175.77,178.6,173.84,178.23,19640098,178.38,172.39,5.04,43.66,169.06,186.12,196.97,196.97,0,,,169.06,,0,,0,,,,,
2013-06-17,177.88,178.83,174.67,178.12,14558142,178.42,172.39,4.98,43.53,169.03,186.0,196.97,196.97,0,,,169.03,,0,,0,,,,,
2013-06-18,177.38,177.8,175.47,176.42,10463062,178.43,172.39,4.82,41.51,168.04,185.71,196.97,196.97,0,,,168.04,,0,,0,,,,,
2013-06-19,175.75,176.43,174.33,175.73,7688026,178.46,172.39,4.62,40.69,167.73,185.43,196.97,196.97,0,,,167.73,,0,,0,,,,,
2013-06-20,172.71,172.71,167.65,169.18,26143441,178.47,167.65,4.87,33.82,161.76,184.95,196.97,196.97,0,,,161.76,,0,,0,,,,,
2013-06-21,167.57,169.8,165.94,168.97,22564300,178.47,165.94,4.8,33.62,161.1,184.41,196.97,196.97,0,,,161.1,,0,,0,,,,,
2013-06-24,167.62,170.45,166.44,169.66,22071538,178.49,165.94,4.74,34.96,161.58,183.97,196.97,196.97,0,,,161.58,,0,,0,,,,,
2013-06-25,170.61,170.85,166.26,167.03,28836703,178.51,165.94,4.73,32.29,159.89,183.46,196.03,196.97,0,,,159.89,,0,,0,,,,,
2013-06-26,168.15,169.28,165.16,165.94,22165990,178.53,165.16,4.69,31.23,158.96,182.67,193.64,196.03,0,,,158.96,,0,,0,,,,,
2013-06-27,168.34,168.83,165.79,166.65,34649395,178.56,165.16,4.57,32.78,159.5,181.83,192.24,193.64,0,,,159.5,,0,,0,,,,,
2013-06-28,169.47,174.03,168.83,173.15,26626495,178.61,165.16,4.77,45.01,163.56,181.07,188.58,192.24,0,,,163.56,,0,,0,,,,,
2013-07-01,171.84,173.66,171.25,172.69,11799568,178.66,165.16,4.6,44.39,163.37,180.42,188.58,188.58,0,,,163.37,,0,,0,,,,,
2013-07-02,173.13,175.3,172.81,174.5,15842376,178.74,165.16,4.46,47.44,164.63,179.81,188.04,188.58,0,,,164.63,,0,,0,,,,,
2013-07-03,171.67,173.31,170.8,172.06,18527223,178.81,165.16,4.4,43.94,163.1,179.13,188.04,188.04,0,,,163.1,,0,,0,,,,,
2013-07-04,172.06,173.0,169.18,172.01,16176704,178.86,165.16,4.36,43.87,163.09,178.65,187.23,188.04,0,,,163.09,,0,,0,,,,,
2013-07-05,173.68,174.16,169.64,170.05,15904383,178.84,165.16,4.37,41.06,161.82,177.93,187.23,187.23,0,,,161.82,,0,,0,,,,,
2013-07-08,167.29,168.0,165.12,166.23,19362282,178.79,165.12,4.41,36.19,159.32,177.01,179.98,187.23,0,,,159.32,,0,,0,,,,,
2013-07-09,168.02,168.5,165.85,167.27,21259342,178.73,165.12,4.29,38.33,160.07,176.06,178.83,179.98,0,,,160.07,,0,,0,,,,,
2013-07-10,167.69,169.8,167.37,167.95,11910833,178.66,165.12,4.16,39.76,160.59,175.21,178.83,178.83,0,,,160.59,,0,,0,,,,,
2013-07-11,170.97,173.62,169.79,171.08,11951973,178.62,165.12,4.27,45.95,162.54,174.54,178.83,178.83,0,,,162.54,,0,,0,,,,,
2013-07-12,172.73,172.79,170.04,171.48,10987867,178.56,165.12,4.16,46.71,162.87,174.03,178.83,178.83,0,,,162.87,,0,,0,,,,,
2013-07-15,170.77,172.13,169.9,171.59,10010192,178.5,165.12,4.02,46.93,163.03,173.58,177.8,178.83,0,,,163.03,,0,,0,,,,,
2013-07-16,167.37,167.53,161.24,162.27,35235590,178.39,161.24,4.48,34.12,155.43,172.85,176.43,177.8,0,,,155.43,,0,,0,,,,,
2013-07-17,163.15,163.6,156.56,158.52,33010593,178.26,156.56,4.66,30.51,151.33,172.02,175.3,176.43,0,,,151.33,,0,,0,,,,,
2013-07-18,158.48,160.35,154.18,159.2,40802025,178.14,154.18,4.77,31.91,150.9,171.1,175.3,175.3,0,,,150.9,,0,,0,,,,,
2013-07-19,159.13,159.89,154.32,155.13,29801794,177.99,154.18,4.82,28.23,148.24,170.12,175.3,175.3,0,,,148.24,,0,,0,,,,,
2013-07-22,155.24,158.07,154.66,157.58,14668846,177.83,154.18,4.72,33.23,149.88,169.35,175.3,175.3,0,,,149.88,,0,,0,,,,,
2013-07-23,160.1,160.77,158.92,160.04,19862078,177.69,154.18,4.61,37.9,151.54,168.88,175.3,175.3,0,,,151.54,,0,,0,,,,,
2013-07-24,157.18,157.18,152.45,153.92,25522145,177.49,152.45,4.83,31.92,146.88,168.18,175.3,175.3,0,,,146.88,,0,,0,,,,,
2013-07-25,152.17,153.94,150.05,151.18,29546368,177.29,150.05,4.76,29.66,144.36,167.46,175.3,175.3,0,,,144.36,,0,,0,,,,,
2013-07-26,152.66,153.9,148.67,150.64,24788945,177.09,148.67,4.79,29.22,143.52,166.54,175.3,175.3,0,,,143.52,,0,,0,,,,,
2013-07-29,150.51,152.16,149.28,150.17,17053421,176.9,148.67,4.66,28.82,143.31,165.61,175.3,175.3,0,,,143.31,,0,,0,,,,,
2013-07-30,150.6,152.71,149.26,149.75,23377365,176.71,148.67,4.57,28.45,143.1,164.72,174.16,175.3,0,,,143.1,,0,,0,,,,,
2013-07-31,149.58,149.58,144.26,147.01,42761911,176.47,144.26,4.64,26.07,139.82,163.76,174.16,174.16,0,,,139.82,,0,,0,,,,,
2013-08-01,149.91,149.91,144.25,147.84,29563572,176.25,144.25,4.71,28.03,140.3,163.05,174.16,174.16,0,,,140.3,,0,,0,,,,,
2013-08-02,148.45,148.75,142.99,143.46,32469283,176.0,142.99,4.78,24.35,137.01,162.2,173.62,174.16,0,,,137.01,,0,,0,,,,,
2013-08-05,144.08,147.08,140.34,145.94,13765306,175.76,140.34,4.92,29.96,137.63,161.41,173.62,173.62,0,,,137.63,,0,,0,,,,,
2013-08-06,144.89,144.89,139.49,140.1,24008127,175.47,139.49,5.03,25.22,133.51,160.51,173.62,173.62,0,,,133.51,,0,,0,,,,,
2013-08-07,140.37,142.26,139.15,140.41,24653909,175.16,139.15,4.9,25.89,133.68,159.66,173.62,173.62,0,,,133.68,,0,,0,,,,,
2013-08-08,140.69,142.99,139.44,141.51,23881990,174.86,139.15,4.8,28.34,134.46,158.82,172.79,173.62,0,,,134.46,,0,,0,,,,,
2013-08-12,143.03,144.14,139.33,140.21,31439567,174.54,139.15,4.8,27.2,133.62,157.73,172.13,172.79,0,,,133.62,,0,,0,,,,,
2013-08-13,138.77,145.16,137.63,144.34,22996369,174.25,137.63,4.99,36.04,135.65,156.78,167.53,172.13,0,,,135.65,,0,,0,,,,,
2013-08-14,144.73,147.8,143.37,146.5,24325284,173.98,137.63,4.95,40.14,137.07,155.85,163.6,167.53,0,,,137.07,,0,,0,,,,,
2013-08-16,144.57,144.96,138.43,138.85,34698262,173.65,137.63,5.18,32.26,131.98,154.74,160.77,163.6,0,,,131.98,,0,,0,,,,,
2013-08-19,139.33,139.33,130.99,131.85,32644062,173.28,130.99,5.4,27.03,125.1,153.4,160.77,160.77,0,,,125.1,,0,,0,,,,,
2013-08-20,128.88,135.01,127.58,134.29,36937593,172.94,127.58,5.55,31.21,125.45,152.21,160.77,160.77,0,,,125.45,,0,,0,,,,,
2013-08-21,140.42,142.32,129.98,134.15,63672988,172.58,127.58,6.03,31.1,125.03,151.14,160.77,160.77,0,,,125.03,,0,,0,,,,,
2013-08-22,133.74,135.12,129.69,134.4,41854169,172.2,127.58,5.99,31.57,125.22,150.05,157.18,160.77,0,,,125.22,,0,,0,,,,,
2013-08-23,135.19,140.04,132.83,137.95,43210046,171.87,127.58,6.08,37.97,127.45,149.05,153.94,157.18,0,,,127.45,,0,,0,,,,,
2013-08-26,137.87,138.79,132.78,134.29,36175271,171.53,127.58,6.07,34.4,125.1,147.82,153.9,153.94,0,,,125.1,,0,,0,,,,,
2013-08-27,132.43,133.25,129.37,129.79,39921134,171.15,127.58,5.99,30.59,122.25,146.43,152.71,153.9,0,,,122.25,,0,,0,,,,,
2013-08-28,128.08,130.77,122.4,128.78,43588979,170.76,122.4,6.16,29.79,119.76,145.0,152.71,152.71,0,,,119.76,,0,,0,,,,,
2013-08-29,131.7,132.28,128.17,130.53,30345694,170.39,122.4,6.01,33.05,120.98,143.94,149.91,152.71,0,,,120.98,,0,,0,,,,,
2013-08-30,131.12,133.8,128.8,129.98,81385683,170.0,122.4,5.94,32.54,120.68,142.99,149.91,149.91,0,,,120.68,,0,,0,,,,,
2013-09-02,131.65,134.66,130.84,133.67,25276520,169.66,122.4,5.85,39.31,123.12,142.14,148.75,149.91,0,,,123.12,,0,,0,,,,,
2013-09-03,134.87,134.87,125.58,126.71,31504698,169.26,122.4,6.1,32.65,118.46,141.19,147.8,148.75,0,,,118.46,,0,,0,,,,,
2013-09-04,126.72,132.98,126.14,132.24,31392993,168.88,122.4,6.15,41.18,121.99,140.35,147.8,147.8,0,,,121.99,,0,,0,,,,,
2013-09-05,140.2,146.76,139.78,144.52,48903976,168.57,122.4,6.75,54.85,129.52,139.83,147.8,147.8,0,,,129.52,,0,,0,,,,,
2013-09-06,145.82,155.86,145.82,154.99,57729875,168.31,122.4,7.08,62.8,136.05,139.87,155.86,147.8,0,,,136.05,,0,,0,,,,,
2013-09-10,155.73,158.8,155.41,156.8,38762086,168.1,122.4,6.84,63.98,137.37,140.06,158.8,155.86,0,,,137.37,,0,,0,,,,,
2013-09-11,156.05,158.14,153.34,156.82,20022057,167.9,122.4,6.7,63.99,137.48,140.26,158.8,158.8,0,,,137.48,,0,,0,,,,,
2013-09-12,155.07,155.08,152.05,153.82,25472507,167.67,122.4,6.56,60.31,135.64,140.38,158.8,158.8,0,,,135.64,,0,,0,,,,,
2013-09-13,152.01,155.23,150.76,152.33,21111519,167.45,122.4,6.41,58.52,134.78,140.47,158.8,158.8,0,,,134.78,,0,,0,,,,,
2013-09-16,156.86,159.93,153.79,156.85,28962010,167.27,122.4,6.49,62.2,137.64,140.8,159.93,158.8,0,,,137.64,,0,,0,,,,,
2013-09-17,156.05,157.64,154.32,155.64,17370347,167.1,122.4,6.27,60.65,137.01,141.06,159.93,159.93,0,,,137.01,,0,,0,,,,,
2013-09-18,156.52,157.8,155.62,157.36,16914892,166.95,122.4,5.98,62.09,138.31,141.52,159.93,159.93,0,,,138.31,,0,,0,,,,,
2013-09-19,165.92,172.12,165.92,167.57,49554114,166.87,125.58,6.6,69.31,145.54,142.24,172.12,159.93,1,167.57,145.54,145.54,145.54,1,2013-09-19,0,,,27,,
2013-09-20,166.97,167.53,155.28,159.65,30961557,166.74,125.58,7.01,59.8,140.16,142.89,172.12,172.12,0,,,140.16,145.54,1,2013-09-19,1,166.74,SMA150_BREAK,27,2,-0.5
2013-09-23,155.41,157.58,150.81,152.54,21412435,166.55,125.58,7.14,52.8,135.49,143.3,172.12,172.12,0,,,135.49,,0,,0,,,,,
2013-09-24,150.75,155.02,150.75,152.79,13807678,166.37,125.58,6.94,53.01,135.79,143.67,172.12,172.12,0,,,135.79,,0,,0,,,,,
2013-09-25,153.14,154.44,148.47,151.23,16844844,166.19,126.14,6.87,51.48,135.01,144.04,172.12,172.12,0,,,135.01,,0,,0,,,,,
2013-09-26,151.51,154.73,151.06,153.0,17722391,166.02,139.78,6.64,53.13,140.85,144.33,172.12,172.12,0,,,140.85,,0,,0,,,,,
2013-09-27,153.37,153.38,148.02,149.31,16665368,165.82,145.82,6.55,49.36,140.55,144.42,172.12,172.12,0,,,140.55,,0,,0,,,,,
2013-09-30,146.64,148.21,142.18,142.9,18900326,165.58,142.18,6.59,43.58,135.17,144.56,172.12,172.12,0,,,135.17,,0,,0,,,,,
2013-10-01,143.92,147.97,142.95,147.28,21525163,165.42,142.18,6.48,48.05,138.07,145.07,172.12,172.12,0,,,138.07,,0,,0,,,,,
2013-10-03,148.61,152.05,146.38,151.66,23232891,165.27,142.18,6.42,52.15,140.93,145.65,172.12,172.12,0,,,140.93,,0,,0,,,,,
2013-10-04,150.72,152.69,148.79,150.49,13725492,165.11,142.18,6.24,50.99,140.3,146.2,172.12,172.12,0,,,140.3,,0,,0,,,,,
2013-10-07,148.66,148.78,144.41,148.16,17777111,164.97,142.18,6.23,48.68,138.8,146.66,172.12,172.12,0,,,138.8,,0,,0,,,,,
2013-10-08,153.16,154.02,150.77,151.54,16082632,164.83,142.18,6.2,52.07,141.0,147.11,172.12,172.12,0,,,141.0,,0,,0,,,,,
2013-10-09,148.94,154.44,146.84,153.69,24777016,164.75,142.18,6.3,54.15,142.32,147.75,172.12,172.12,0,,,142.32,,0,,0,,,,,
2013-10-10,152.66,154.77,151.08,153.31,15558823,164.66,142.18,6.12,53.71,142.2,148.54,172.12,172.12,0,,,142.2,,0,,0,,,,,
2013-10-11,155.41,162.0,153.79,161.24,28277942,164.61,142.18,6.3,60.9,147.19,149.62,172.12,172.12,0,,,147.19,,0,,0,,,,,
2013-10-14,160.44,162.51,159.54,161.25,15013905,164.52,142.18,6.06,60.91,147.36,150.64,172.12,172.12,0,,,147.36,,0,,0,,,,,
2013-10-15,162.07,162.51,157.04,157.6,10947931,164.4,142.18,6.02,56.24,145.03,151.57,172.12,172.12,0,,,145.03,,0,,0,,,,,
2013-10-17,157.79,159.39,154.9,156.04,23994982,164.26,142.18,5.91,54.33,144.1,152.31,172.12,172.12,0,,,144.1,,0,,0,,,,,
2013-10-18,157.18,163.88,157.18,163.14,24448578,164.13,142.18,6.05,60.86,148.59,153.53,172.12,172.12,0,,,148.59,,0,,0,,,,,
2013-10-21,163.33,165.86,162.28,163.37,14406821,164.02,142.18,5.87,61.06,148.85,154.56,167.53,172.12,0,,,148.85,,0,,0,,,,,
2013-10-22,161.39,166.08,161.39,163.35,17948997,163.92,142.18,5.79,61.03,148.9,155.19,166.08,167.53,0,,,148.9,,0,,0,,,,,
2013-10-23,163.65,166.24,162.56,165.88,16787435,163.88,142.95,5.64,63.35,150.88,155.55,166.24,166.08,0,,,150.88,,0,,0,,,,,
2013-10-24,165.11,169.44,163.71,165.09,17110005,163.8,144.41,5.64,62.1,150.86,155.83,169.44,166.24,0,,,150.86,,0,,0,,,,,
2013-10-25,165.82,167.86,162.72,165.3,35171977,163.77,144.41,5.61,62.32,151.02,156.11,169.44,169.44,0,,,151.02,,0,,0,,,,,
2013-10-28,165.59,168.33,163.17,164.14,18652799,163.75,144.41,5.58,60.31,150.29,156.46,169.44,169.44,0,,,150.29,,0,,0,,,,,
2013-10-29,165.1,174.55,162.22,173.78,29328299,163.81,146.84,6.06,69.18,157.0,157.17,174.55,169.44,1,173.78,157.0,157.0,157.0,1,2013-10-29,0,,,28,,
2013-10-30,174.97,179.0,174.55,177.72,28588340,163.94,146.84,6.0,71.94,159.58,157.87,179.0,174.55,0,,,159.58,159.58,1,2013-10-29,0,,,28,,
2013-10-31,176.77,182.74,175.89,181.27,31071430,164.05,151.08,6.06,74.19,163.24,158.72,182.74,179.0,0,,,163.24,163.24,1,2013-10-29,0,,,28,,
2013-11-01,181.09,184.35,179.04,183.29,18527624,164.18,153.79,6.01,75.39,165.48,159.59,184.35,182.74,0,,,165.48,165.48,1,2013-10-29,0,,,28,,
2013-11-05,180.53,183.67,176.58,177.24,21797308,164.29,154.9,6.08,65.52,161.9,159.91,184.35,184.35,0,,,161.9,165.48,1,2013-10-29,0,,,28,,
2013-11-06,177.88,177.88,174.09,174.71,15238751,164.37,154.9,5.92,61.87,160.37,160.41,184.35,184.35,0,,,160.37,165.48,1,2013-10-29,0,,,28,,
2013-11-07,175.54,176.59,169.64,170.03,20711839,164.39,154.9,5.99,55.69,157.31,160.99,184.35,184.35,0,,,157.31,165.48,1,2013-10-29,0,,,28,,
2013-11-08,169.46,171.03,168.34,169.78,14738262,164.41,157.18,5.76,55.38,158.06,161.56,184.35,184.35,0,,,158.06,165.48,1,2013-10-29,0,,,28,,
2013-11-11,167.87,170.25,165.8,167.73,14205246,164.42,161.39,5.66,52.72,158.21,162.11,184.35,184.35,0,,,158.21,165.48,1,2013-10-29,0,,,28,,
2013-11-12,167.86,168.67,163.02,163.77,17580420,164.42,161.39,5.66,47.93,155.65,162.47,184.35,184.35,0,,,155.65,165.48,1,2013-10-29,1,165.48,TRAILING_STOP|SMA150_BREAK,28,10,-4.78
2013-11-13,161.62,165.42,161.02,164.12,19424333,164.44,161.02,5.57,48.38,155.82,162.96,184.35,184.35,0,,,155.82,,0,,0,,,,,
2013-11-14,166.07,172.68,166.07,170.14,18201832,164.52,161.02,5.79,55.45,159.56,163.87,184.35,184.35,0,,,159.56,,0,,0,,,,,
2013-11-18,171.9,175.91,171.27,173.62,18228419,164.63,161.02,5.78,58.95,161.8,164.75,184.35,184.35,0,,,161.8,,0,,0,,,,,
2013-11-19,174.28,176.22,173.03,175.46,17385560,164.74,161.02,5.6,60.71,163.11,165.54,184.35,184.35,0,,,163.11,,0,,0,,,,,
2013-11-20,174.16,174.16,168.36,169.66,12389960,164.81,161.02,5.71,53.0,159.3,166.18,184.35,184.35,0,,,159.3,,0,,0,,,,,
2013-11-21,168.17,168.37,165.27,166.6,13863921,164.82,161.02,5.61,49.44,157.39,166.8,184.35,184.35,0,,,157.39,,0,,0,,,,,
2013-11-22,168.18,168.78,163.63,165.04,17010537,164.81,161.02,5.58,47.68,156.4,167.25,184.35,184.35,0,,,156.4,,0,,0,,,,,
2013-11-25,167.45,174.48,166.94,173.78,20881300,164.86,161.02,5.86,56.93,161.86,167.92,184.35,184.35,0,,,161.86,,0,,0,,,,,
2013-11-26,172.39,175.38,168.0,168.79,20095630,164.84,161.02,5.96,51.35,158.57,168.43,184.35,184.35,0,,,158.57,,0,,0,,,,,
2013-11-27,170.93,171.01,167.67,168.61,14816301,164.8,161.02,5.78,51.15,158.58,168.68,184.35,184.35,0,,,158.58,,0,,0,,,,,
2013-11-28,170.98,172.16,166.64,167.87,21809337,164.73,161.02,5.76,50.31,158.11,168.9,184.35,184.35,0,,,158.11,,0,,0,,,,,
2013-11-29,168.99,173.51,168.83,172.81,12891444,164.66,161.02,5.75,55.58,161.3,169.4,184.35,184.35,0,,,161.3,,0,,0,,,,,
2013-12-02,173.1,177.88,173.1,175.99,15862258,164.61,161.02,5.7,58.63,163.39,170.07,184.35,184.35,0,,,163.39,,0,,0,,,,,
2013-12-03,175.6,177.84,174.5,175.52,13775069,164.53,161.02,5.53,58.0,163.2,170.48,183.67,184.35,0,,,163.2,,0,,0,,,,,
2013-12-04,174.39,174.39,171.46,172.43,16082533,164.46,161.02,5.43,53.88,161.27,170.78,177.88,183.67,0,,,161.27,,0,,0,,,,,
2013-12-05,179.26,184.43,179.26,183.68,43417099,164.46,163.63,5.9,63.92,169.09,171.46,184.43,177.88,1,183.68,169.09,169.09,169.09,1,2013-12-05,0,,,29,,
2013-12-06,183.61,185.58,181.59,184.98,18361233,164.46,163.63,5.76,64.88,170.01,172.1,185.58,184.43,0,,,170.01,170.01,1,2013-12-05,0,,,29,,
2013-12-09,194.06,195.12,192.62,194.33,33902616,164.52,163.63,6.07,70.84,175.84,173.07,195.12,185.58,0,,,175.84,175.84,1,2013-12-05,0,,,29,,
2013-12-10,194.06,194.56,186.58,187.32,27365360,164.57,163.63,6.21,62.3,171.22,173.81,195.12,195.12,0,,,171.22,175.84,1,2013-12-05,0,,,29,,
2013-12-11,185.65,189.66,184.52,187.32,16227854,164.61,163.63,6.13,62.3,171.28,174.58,195.12,195.12,0,,,171.28,175.84,1,2013-12-05,0,,,29,,
2013-12-12,186.79,186.94,182.46,183.16,14555046,164.59,163.63,6.04,57.53,168.65,174.89,195.12,195.12,0,,,168.65,175.84,1,2013-12-05,0,,,29,,
2013-12-13,180.31,180.31,174.65,175.46,25356595,164.53,166.64,6.22,49.91,164.57,174.82,195.12,195.12,0,,,164.57,175.84,1,2013-12-05,1,175.84,TRAILING_STOP,29,7,-4.27
2013-12-16,176.11,178.52,175.46,177.49,11417488,164.5,166.64,5.99,51.72,166.03,174.69,195.12,195.12,0,,,166.03,,0,,0,,,,,
2013-12-17,179.5,181.36,176.29,177.61,13249758,164.44,166.64,5.93,51.84,166.15,174.5,195.12,195.12,0,,,166.15,,0,,0,,,,,
2013-12-18,176.01,183.17,174.9,177.2,40179903,164.41,166.64,6.09,51.4,165.78,174.5,195.12,195.12,0,,,165.78,,0,,0,,,,,
2013-12-19,179.5,179.81,171.15,171.98,21106184,164.34,168.83,6.28,46.09,163.02,174.41,195.12,195.12,0,,,163.02,,0,,0,,,,,
2013-12-20,173.03,176.36,172.37,175.89,15528089,164.25,171.15,6.14,50.24,166.4,174.6,195.12,195.12,0,,,166.4,,0,,0,,,,,
2013-12-23,175.78,179.0,175.78,177.57,11206459,164.15,171.15,5.93,51.95,167.63,174.86,195.12,195.12,0,,,167.63,,0,,0,,,,,
2013-12-24,177.88,179.49,175.99,177.7,9597725,164.03,171.15,5.76,52.08,167.83,175.2,195.12,195.12,0,,,167.83,,0,,0,,,,,
2013-12-26,177.08,178.81,176.65,177.83,14374063,163.93,171.15,5.5,52.23,168.08,175.67,195.12,195.12,0,,,168.08,,0,,0,,,,,
2013-12-27,179.18,180.12,178.27,179.54,7796519,163.85,171.15,5.27,54.22,169.34,176.18,195.12,195.12,0,,,169.34,,0,,0,,,,,
2013-12-30,180.31,181.91,176.78,177.35,7419764,163.74,171.15,5.26,51.28,167.93,176.42,195.12,195.12,0,,,167.93,,0,,0,,,,,
2013-12-31,178.06,179.31,176.92,177.68,4356632,163.69,171.15,5.06,51.7,168.28,176.55,195.12,195.12,0,,,168.28,,0,,0,,,,,
2014-01-01,178.03,178.86,176.59,177.51,3102869,163.59,171.15,4.86,51.45,168.3,176.62,195.12,195.12,0,,,168.3,,0,,0,,,,,
2014-01-02,177.26,180.79,173.05,173.94,11321513,163.46,171.15,5.06,46.39,165.87,176.77,195.12,195.12,0,,,165.87,,0,,0,,,,,
2014-01-03,172.71,173.84,168.99,172.52,15567502,163.3,168.99,5.06,44.52,164.23,176.96,195.12,195.12,0,,,164.23,,0,,0,,,,,
2014-01-06,172.39,172.87,167.38,168.31,14802265,163.14,167.38,5.09,39.43,160.96,177.07,195.12,195.12,0,,,160.96,,0,,0,,,,,
2014-01-07,169.0,171.29,165.57,169.8,18566515,162.99,165.57,5.13,41.96,161.29,176.94,194.56,195.12,0,,,161.29,,0,,0,,,,,
2014-01-08,170.45,172.04,168.71,170.49,18955475,162.89,165.57,5.0,43.14,161.82,177.0,189.66,194.56,0,,,161.82,,0,,0,,,,,
2014-01-09,172.19,172.32,168.55,169.94,19238686,162.78,165.57,4.92,42.4,161.52,177.04,186.94,189.66,0,,,161.52,,0,,0,,,,,
2014-01-10,169.37,170.54,164.73,165.67,21835286,162.66,164.73,4.98,37.07,158.45,176.97,183.17,186.94,0,,,158.45,,0,,0,,,,,
2014-01-13,166.58,171.59,166.58,170.59,17981914,162.58,164.73,5.05,45.56,161.58,176.89,183.17,183.17,0,,,161.58,,0,,0,,,,,
2014-01-14,170.12,171.58,167.05,167.61,16934159,162.45,164.73,5.01,41.88,159.68,176.61,183.17,183.17,0,,,159.68,,0,,0,,,,,
2014-01-15,168.99,172.84,168.65,171.15,18898968,162.36,164.73,5.03,47.33,161.95,176.47,183.17,183.17,0,,,161.95,,0,,0,,,,,
2014-01-16,172.47,172.47,169.64,171.24,8986741,162.29,164.73,4.87,47.46,162.11,176.43,181.91,183.17,0,,,162.11,,0,,0,,,,,
2014-01-17,170.35,171.72,166.73,167.3,9672228,162.25,164.73,4.88,42.35,159.57,175.88,181.91,181.91,0,,,159.57,,0,,0,,,,,
2014-01-20,167.29,169.47,166.24,168.83,10617040,162.21,164.73,4.76,44.84,160.63,175.34,181.91,181.91,0,,,160.63,,0,,0,,,,,
2014-01-21,170.28,174.65,169.6,174.33,14897789,162.22,164.73,4.84,52.73,164.13,174.68,181.91,181.91,0,,,164.13,,0,,0,,,,,
2014-01-22,174.68,176.43,172.9,175.94,12788578,162.2,164.73,4.74,54.77,165.23,174.3,181.91,181.91,0,,,165.23,,0,,0,,,,,
2014-01-23,176.43,176.43,173.37,174.56,10274170,162.18,164.73,4.62,52.67,164.42,173.87,181.91,181.91,0,,,164.42,,0,,0,,,,,
2014-01-24,172.08,173.68,170.22,171.12,10283619,162.15,164.73,4.6,47.76,162.21,173.47,181.91,181.91,0,,,162.21,,0,,0,,,,,
2014-01-27,167.99,168.06,162.89,163.3,27904404,162.06,162.89,4.86,38.88,156.38,173.07,180.79,181.91,0,,,156.38,,0,,0,,,,,
2014-01-28,163.44,166.39,158.28,164.73,26612800,162.03,158.28,5.09,41.04,155.62,172.64,180.79,180.79,0,,,155.62,,0,,0,,,,,
2014-01-29,166.86,167.91,161.0,161.94,26522925,161.99,158.28,5.22,38.21,153.73,172.12,180.79,180.79,0,,,153.73,,0,,0,,,,,
2014-01-30,159.59,160.47,155.81,157.6,27447838,161.91,155.81,5.29,34.24,150.06,171.47,176.43,180.79,0,,,150.06,,0,,0,,,,,
2014-01-31,159.21,160.65,157.1,159.72,14484481,161.86,155.81,5.16,37.65,151.51,171.06,176.43,176.43,0,,,151.51,,0,,0,,,,,
2014-02-03,158.64,158.8,154.5,155.81,19562653,161.79,154.5,5.17,34.14,148.55,170.39,176.43,176.43,0,,,148.55,,0,,0,,,,,
2014-02-04,153.6,157.35,152.59,156.64,16988900,161.72,152.59,5.14,35.51,148.47,169.69,176.43,176.43,0,,,148.47,,0,,0,,,,,
2014-02-05,157.66,158.26,154.48,156.25,16441700,161.61,152.59,5.04,35.14,148.28,168.97,176.43,176.43,0,,,148.28,,0,,0,,,,,
2014-02-06,156.86,157.57,152.99,154.93,22979121,161.49,152.59,5.01,33.85,147.45,168.21,176.43,176.43,0,,,147.45,,0,,0,,,,,
2014-02-07,156.86,157.18,153.71,155.32,15640619,161.36,152.59,4.9,34.62,147.78,167.4,176.43,176.43,0,,,147.78,,0,,0,,,,,
2014-02-10,155.75,156.51,154.64,155.33,8923442,161.25,152.59,4.68,34.64,147.93,166.67,176.43,176.43,0,,,147.93,,0,,0,,,,,
2014-02-11,156.04,157.43,155.57,156.68,11240361,161.15,152.59,4.5,37.53,148.92,165.97,176.43,176.43,0,,,148.92,,0,,0,,,,,
2014-02-12,158.03,162.0,158.03,161.58,21465790,161.09,152.59,4.56,46.74,152.04,165.44,176.43,176.43,0,,,152.04,,0,,0,,,,,
2014-02-13,161.79,163.17,158.48,159.06,24636953,161.05,152.59,4.57,43.21,150.41,164.94,176.43,176.43,0,,,150.41,,0,,0,,,,,
2014-02-14,159.45,160.31,156.89,159.84,15133266,161.0,152.59,4.48,44.6,150.97,164.52,176.43,176.43,0,,,150.97,,0,,0,,,,,
2014-02-17,160.26,163.95,159.93,163.19,14271416,160.96,152.59,4.46,50.25,153.15,164.35,176.43,176.43,0,,,153.15,,0,,0,,,,,
2014-02-18,163.65,168.8,162.41,167.83,19122130,160.94,152.59,4.6,56.82,156.05,164.28,176.43,176.43,0,,,156.05,,0,,0,,,,,
2014-02-19,167.52,168.63,166.17,166.71,11779856,160.91,152.59,4.44,54.93,155.43,164.16,176.43,176.43,0,,,155.43,,0,,0,,,,,
2014-02-20,164.61,164.95,162.68,162.98,10389857,160.85,152.59,4.41,49.09,153.04,163.93,173.68,176.43,0,,,153.04,,0,,0,,,,,
2014-02-21,163.5,167.03,163.5,165.8,8404451,160.88,152.59,4.39,53.15,154.88,163.93,168.8,173.68,0,,,154.88,,0,,0,,,,,
2014-02-24,164.96,168.59,164.66,167.57,10661106,160.94,152.59,4.35,55.54,156.04,163.83,168.8,168.8,0,,,156.04,,0,,0,,,,,
2014-02-25,168.8,169.47,165.76,166.74,15457821,160.99,152.99,4.31,54.14,155.67,163.8,169.47,168.8,0,,,155.67,,0,,0,,,,,
2014-02-26,166.74,168.16,166.26,167.61,10073030,161.07,152.99,4.14,55.41,156.35,163.68,169.47,169.47,0,,,156.35,,0,,0,,,,,
2014-02-28,168.99,169.61,166.73,168.8,15521473,161.15,153.71,4.05,57.15,157.41,163.6,169.61,169.47,0,,,157.41,,0,,0,,,,,
2014-03-03,167.73,169.96,165.17,166.53,18154565,161.19,154.64,4.1,52.91,156.23,163.58,169.96,169.61,0,,,156.23,,0,,0,,,,,
2014-03-04,166.89,173.36,166.89,172.89,15723317,161.32,155.57,4.3,61.53,160.51,163.71,173.36,169.96,1,172.89,160.51,160.51,160.51,1,2014-03-04,0,,,30,,
2014-03-05,173.84,178.29,172.34,177.79,21977021,161.49,156.89,4.41,66.61,164.03,163.83,178.29,173.36,0,,,164.03,164.03,1,2014-03-04,0,,,30,,
2014-03-06,178.64,184.49,178.43,183.37,23331583,161.71,156.89,4.58,71.26,167.52,164.07,184.49,178.29,0,,,167.52,167.52,1,2014-03-04,0,,,30,,
2014-03-07,185.17,198.91,184.22,194.36,45170196,162.01,156.89,5.36,77.81,174.09,164.73,198.91,184.49,0,,,174.09,174.09,1,2014-03-04,0,,,30,,
2014-03-10,191.47,196.39,191.18,193.02,42221157,162.29,159.93,5.35,75.55,174.24,165.46,198.91,198.91,0,,,174.24,174.24,1,2014-03-04,0,,,30,,
2014-03-11,193.85,199.29,192.5,193.76,44639886,162.61,162.41,5.45,75.97,175.48,166.48,199.29,198.91,0,,,175.48,175.48,1,2014-03-04,0,,,30,,
2014-03-12,193.09,197.77,192.11,195.94,21739498,162.93,162.68,5.47,77.2,176.96,167.52,199.29,199.29,0,,,176.96,176.96,1,2014-03-04,0,,,30,,
2014-03-13,196.32,200.77,196.32,197.29,17975842,163.28,162.68,5.42,77.95,177.86,168.7,200.77,199.29,0,,,177.86,177.86,1,2014-03-04,0,,,30,,
2014-03-14,193.46,197.22,192.11,196.48,24014875,163.62,163.5,5.4,76.32,177.63,169.99,200.77,200.77,0,,,177.63,177.86,1,2014-03-04,0,,,30,,
2014-03-18,196.48,199.07,193.85,194.78,19604816,163.99,164.66,5.39,72.88,176.93,171.16,200.77,200.77,0,,,176.93,177.86,1,2014-03-04,0,,,30,,
2014-03-19,195.83,197.87,194.54,195.66,18888683,164.35,165.17,5.24,73.55,177.76,172.49,200.77,200.77,0,,,177.76,177.86,1,2014-03-04,0,,,30,,
2014-03-20,195.43,197.26,193.59,194.18,16807334,164.71,165.17,5.13,70.42,176.88,173.74,200.77,200.77,0,,,176.88,177.86,1,2014-03-04,0,,,30,,
2014-03-21,195.67,196.32,192.65,193.98,19290540,165.06,165.17,5.03,69.99,176.82,175.0,200.77,200.77,0,,,176.82,177.86,1,2014-03-04,0,,,30,,
2014-03-24,194.7,201.96,194.7,200.88,20422748,165.44,165.17,5.24,75.57,181.13,176.53,201.96,200.77,1,200.88,181.13,181.13,181.13,1,2014-03-04,0,,,30,,
2014-03-25,200.2,203.59,199.55,202.55,16143154,165.82,166.89,5.15,76.7,182.84,178.11,203.59,201.96,0,,,182.84,182.84,1,2014-03-04,0,,,30,,
2014-03-26,204.29,205.17,202.4,203.19,13291063,166.24,172.34,4.98,77.13,185.18,179.7,205.17,203.59,0,,,185.18,185.18,1,2014-03-04,0,,,30,,
2014-03-27,203.77,206.35,201.51,203.6,35664090,166.72,178.43,4.97,77.42,187.48,181.27,206.35,205.17,0,,,187.48,187.48,1,2014-03-04,0,,,30,,
2014-03-28,205.21,205.54,201.82,203.63,11252411,167.18,184.22,4.88,77.45,189.49,182.67,206.35,206.35,0,,,189.49,189.49,1,2014-03-04,0,,,30,,
2014-03-31,205.86,205.86,200.6,201.34,13578647,167.63,191.18,4.91,71.55,190.32,184.08,206.35,206.35,0,,,190.32,190.32,1,2014-03-04,0,,,30,,
2014-04-01,202.51,203.48,197.06,197.93,23417124,168.06,192.11,5.02,63.75,188.36,185.35,206.35,206.35,0,,,188.36,190.32,1,2014-03-04,0,,,30,,
2014-04-02,198.93,202.51,198.93,201.02,21486437,168.48,192.11,4.99,67.24,190.37,186.61,206.35,206.35,0,,,190.37,190.37,1,2014-03-04,0,,,30,,
2014-04-03,201.32,201.45,198.11,199.51,27446622,168.91,192.11,4.87,64.0,189.47,187.66,206.35,206.35,0,,,189.47,190.37,1,2014-03-04,0,,,30,,
2014-04-04,198.91,201.32,196.52,198.98,13921022,169.37,192.11,4.86,62.86,189.14,188.74,206.35,206.35,0,,,189.14,190.37,1,2014-03-04,0,,,30,,
2014-04-07,199.28,199.82,194.44,195.54,21844784,169.82,192.65,4.9,55.88,187.07,189.82,206.35,206.35,0,,,187.07,190.37,1,2014-03-04,0,,,30,,
2014-04-09,197.86,204.32,196.0,203.73,25150895,170.31,192.65,5.18,65.65,192.17,191.09,206.35,206.35,0,,,192.17,192.17,1,2014-03-04,0,,,30,,
2014-04-10,202.3,205.35,200.04,201.71,21686857,170.78,192.65,5.19,62.01,190.86,192.23,206.35,206.35,0,,,190.86,192.17,1,2014-03-04,0,,,30,,
2014-04-11,199.72,200.81,198.37,199.89,16585882,171.23,192.65,5.06,58.83,189.78,193.33,206.35,206.35,0,,,189.78,192.17,1,2014-03-04,0,,,30,,
2014-04-15,200.28,200.74,196.55,197.2,12426375,171.7,194.44,4.99,54.4,188.68,194.32,206.35,206.35,0,,,188.68,192.17,1,2014-03-04,0,,,30,,
2014-04-16,196.09,200.04,196.09,197.7,10880776,172.13,194.44,4.92,55.08,189.05,195.28,206.35,206.35,0,,,189.05,192.17,1,2014-03-04,0,,,30,,
2014-04-17,198.92,205.9,198.48,204.22,15660562,172.53,194.44,5.15,62.83,193.1,196.54,206.35,206.35,0,,,193.1,193.1,1,2014-03-04,0,,,30,,
2014-04-21,205.21,208.92,203.33,207.32,17192499,172.88,194.44,5.18,65.85,195.08,197.68,208.92,206.35,1,207.32,195.08,195.08,195.08,1,2014-03-04,0,,,30,,
2014-04-22,206.92,210.0,205.38,208.59,10952617,173.22,194.44,5.14,67.03,195.92,198.71,210.0,208.92,0,,,195.92,195.92,1,2014-03-04,0,,,30,,
2014-04-23,208.47,211.04,207.22,210.15,28399723,173.58,194.44,5.05,68.47,196.99,199.6,211.04,210.0,1,210.15,196.99,196.99,196.99,1,2014-03-04,0,,,30,,
2014-04-24,210.15,210.15,210.15,210.15,0,173.95,194.44,4.69,68.47,197.23,200.13,211.04,211.04,0,,,197.23,197.23,1,2014-03-04,0,,,30,,
2014-04-25,210.95,213.22,203.17,205.46,26271410,174.31,194.44,5.07,59.41,193.95,200.55,213.22,211.04,0,,,193.95,197.23,1,2014-03-04,0,,,30,,
2014-04-28,206.18,207.64,202.33,206.26,19357426,174.64,194.44,5.09,60.37,194.46,200.96,213.22,213.22,0,,,194.46,197.23,1,2014-03-04,0,,,30,,
2014-04-29,206.35,206.91,202.24,204.21,12507649,174.96,194.44,5.06,56.66,193.16,201.24,213.22,213.22,0,,,193.16,197.23,1,2014-03-04,0,,,30,,
2014-04-30,205.13,206.82,199.72,201.07,19888929,175.25,194.44,5.2,51.45,191.03,201.36,213.22,213.22,0,,,191.03,197.23,1,2014-03-04,0,,,30,,
2014-05-02,202.14,204.44,201.66,202.53,9145994,175.49,196.0,5.07,53.59,192.58,201.57,213.22,213.22,0,,,192.58,197.23,1,2014-03-04,0,,,30,,
2014-05-05,201.53,206.51,200.2,202.54,14052241,175.77,196.09,5.16,53.6,192.56,201.82,213.22,213.22,0,,,192.56,197.23,1,2014-03-04,0,,,30,,
2014-05-06,204.44,206.99,204.44,206.28,7045379,176.13,196.09,5.11,58.97,195.01,202.18,213.22,213.22,0,,,195.01,197.23,1,2014-03-04,0,,,30,,
2014-05-07,206.35,206.51,203.22,205.48,28329075,176.48,196.09,4.98,57.44,194.58,202.55,213.22,213.22,0,,,194.58,197.23,1,2014-03-04,0,,,30,,
2014-05-08,206.17,209.71,204.77,208.45,16439945,176.86,196.09,4.98,61.44,196.49,203.04,213.22,213.22,0,,,196.49,197.23,1,2014-03-04,0,,,30,,
2014-05-09,207.83,224.93,207.32,222.94,34424511,177.33,198.48,5.88,74.19,206.04,203.77,224.93,213.22,1,222.94,206.04,206.04,206.04,1,2014-03-04,0,,,30,,
2014-05-12,223.5,228.71,219.95,226.19,28438118,177.84,199.72,6.09,76.1,208.41,204.56,228.71,224.93,0,,,208.41,208.41,1,2014-03-04,0,,,30,,
2014-05-13,229.31,230.93,225.35,226.53,22394201,178.4,199.72,6.05,76.3,208.65,205.34,230.93,228.71,0,,,208.65,208.65,1,2014-03-04,0,,,30,,
2014-05-14,224.3,228.6,222.71,227.92,20961468,178.94,199.72,6.04,77.13,209.56,206.15,230.93,230.93,0,,,209.56,209.56,1,2014-03-04,0,,,30,,
2014-05-15,227.92,228.0,224.0,225.61,22401164,179.43,199.72,5.89,72.57,208.16,206.88,230.93,230.93,0,,,208.16,209.56,1,2014-03-04,0,,,30,,
2014-05-16,234.48,257.64,229.26,236.96,64509505,180.01,199.72,7.76,79.11,214.24,208.07,257.64,230.93,1,236.96,214.24,214.24,214.24,1,2014-03-04,0,,,30,,
2014-05-19,239.5,241.53,233.72,237.46,42620820,180.6,199.72,7.76,79.34,214.56,209.39,257.64,257.64,0,,,214.56,214.56,1,2014-03-04,0,,,30,,
2014-05-20,239.33,240.14,232.95,234.47,22394427,181.16,199.72,7.72,74.01,212.66,210.5,257.64,257.64,0,,,212.66,214.56,1,2014-03-04,0,,,30,,
2014-05-21,235.29,235.61,229.81,232.96,19602885,181.68,199.72,7.59,71.41,211.78,211.62,257.64,257.64,0,,,211.78,214.56,1,2014-03-04,0,,,30,,
2014-05-22,233.21,240.14,233.21,234.73,17050280,182.23,200.2,7.56,72.62,213.1,212.81,257.64,257.64,0,,,213.1,214.56,1,2014-03-04,0,,,30,,
2014-05-23,236.12,237.68,233.67,236.23,18774596,182.73,200.2,7.3,73.65,214.23,214.16,257.64,257.64,0,,,214.23,214.56,1,2014-03-04,0,,,30,,
2014-05-26,235.78,242.26,233.67,235.22,22024612,183.22,203.22,7.39,71.7,214.53,215.21,257.64,257.64,0,,,214.53,214.56,1,2014-03-04,0,,,30,,
2014-05-27,233.67,235.39,230.85,234.01,10500330,183.73,203.22,7.19,69.34,213.88,216.29,257.64,257.64,0,,,213.88,214.56,1,2014-03-04,0,,,30,,
2014-05-28,234.49,237.52,233.08,235.49,13082932,184.26,204.77,6.99,70.61,215.48,217.48,257.64,257.64,0,,,215.48,215.48,1,2014-03-04,0,,,30,,
2014-05-29,235.78,237.64,230.73,232.37,24559144,184.72,207.32,6.99,64.52,214.33,218.65,257.64,257.64,0,,,214.33,215.48,1,2014-03-04,0,,,30,,
2014-05-30,232.95,234.22,227.17,229.32,17143027,185.16,219.95,6.99,59.15,216.57,219.7,257.64,257.64,0,,,216.57,216.57,1,2014-03-04,0,,,30,,
2014-06-02,228.22,237.72,228.03,236.78,15135730,185.65,222.71,7.19,66.5,222.17,220.79,257.64,257.64,0,,,222.17,222.17,1,2014-03-04,0,,,30,,
2014-06-03,236.46,238.96,232.87,235.83,19736579,186.12,222.71,7.11,64.9,221.61,221.74,257.64,257.64,0,,,221.61,222.17,1,2014-03-04,0,,,30,,
2014-06-04,239.87,244.25,237.26,241.43,12880208,186.62,224.0,7.2,69.55,225.59,222.83,257.64,257.64,0,,,225.59,225.59,1,2014-03-04,0,,,30,,
2014-06-05,241.53,245.53,239.92,244.22,21069081,187.15,227.17,7.09,71.57,228.52,223.97,257.64,257.64,0,,,228.52,228.52,1,2014-03-04,0,,,30,,
2014-06-06,245.8,250.93,243.7,248.09,21390919,187.71,227.17,7.1,74.14,231.01,225.23,257.64,257.64,0,,,231.01,231.01,1,2014-03-04,0,,,30,,
2014-06-09,248.06,252.33,247.62,249.07,21202940,188.21,227.17,6.93,74.76,231.76,226.69,257.64,257.64,0,,,231.76,231.76,1,2014-03-04,0,,,30,,
2014-06-10,249.12,249.12,246.04,247.25,10364431,188.68,227.17,6.65,71.33,230.76,228.05,257.64,257.64,0,,,230.76,231.76,1,2014-03-04,0,,,30,,
2014-06-11,246.7,250.73,243.7,245.35,12749231,189.1,227.17,6.68,67.84,229.52,229.43,257.64,257.64,0,,,229.52,231.76,1,2014-03-04,0,,,30,,
2014-06-12,245.37,246.04,241.72,243.6,11788678,189.51,227.17,6.51,64.69,228.5,230.84,257.64,257.64,0,,,228.5,231.76,1,2014-03-04,0,,,30,,
2014-06-13,244.08,246.87,237.29,238.42,16782672,189.91,227.17,6.73,56.36,225.02,232.04,252.33,257.64,0,,,225.02,231.76,1,2014-03-04,0,,,30,,
2014-06-16,237.62,238.52,233.85,236.01,13089175,190.32,227.17,6.58,52.95,223.56,233.16,252.33,252.33,0,,,223.56,231.76,1,2014-03-04,0,,,30,,
2014-06-17,236.02,242.34,234.85,241.95,15687243,190.8,227.17,6.65,59.47,227.35,234.34,252.33,252.33,0,,,227.35,231.76,1,2014-03-04,0,,,30,,
2014-06-18,241.34,243.32,235.73,237.27,13210807,191.25,227.17,6.71,53.21,224.29,235.4,252.33,252.33,0,,,224.29,231.76,1,2014-03-04,0,,,30,,
2014-06-19,239.09,239.62,233.22,235.64,16235054,191.7,227.17,6.69,51.19,223.25,236.31,252.33,252.33,0,,,223.25,231.76,1,2014-03-04,0,,,30,,
2014-06-20,236.19,237.86,232.43,233.16,16995341,192.17,228.03,6.6,48.19,222.0,236.65,252.33,252.33,0,,,222.0,231.76,1,2014-03-04,0,,,30,,
2014-06-23,233.68,236.94,233.26,236.05,11711777,192.65,232.43,6.4,51.74,225.46,236.98,252.33,252.33,0,,,225.46,231.76,1,2014-03-04,0,,,30,,
2014-06-24,238.02,241.34,236.47,240.24,12547546,193.11,232.43,6.32,56.4,228.22,237.44,252.33,252.33,0,,,228.22,231.76,1,2014-03-04,0,,,30,,
2014-06-25,239.36,239.36,236.57,237.11,6914721,193.54,232.43,6.13,52.33,226.32,237.74,252.33,252.33,0,,,226.32,231.76,1,2014-03-04,0,,,30,,
2014-06-26,238.02,238.87,233.68,234.13,14728395,193.93,232.43,6.06,48.73,224.45,238.03,252.33,252.33,0,,,224.45,231.76,1,2014-03-04,0,,,30,,
2014-06-27,234.52,235.39,229.76,231.12,14970114,194.34,229.76,6.03,45.34,221.64,237.83,252.33,252.33,0,,,221.64,231.76,1,2014-03-04,1,231.76,TRAILING_STOP,30,79,34.05
2014-06-30,232.35,238.81,232.35,236.71,13310649,194.8,229.76,6.15,52.02,225.16,237.81,252.33,252.33,0,,,225.16,,0,,0,,,,,
2014-07-01,237.11,242.29,237.11,240.03,15801005,195.3,229.76,6.11,55.5,227.33,237.99,252.33,252.33,0,,,227.33,,0,,0,,,,,
2014-07-02,242.86,243.87,241.78,242.36,13500459,195.76,229.76,5.95,57.81,228.94,238.31,252.33,252.33,0,,,228.94,,0,,0,,,,,
2014-07-03,242.48,244.53,242.03,242.71,13249676,196.25,229.76,5.7,58.17,229.33,238.57,252.33,252.33,0,,,229.33,,0,,0,,,,,
2014-07-04,242.9,244.87,239.53,244.17,7890861,196.76,229.76,5.68,59.68,230.29,238.84,252.33,252.33,0,,,230.29,,0,,0,,,,,
2014-07-07,245.18,245.18,240.74,242.25,10595145,197.25,229.76,5.59,56.77,229.11,239.07,250.73,252.33,0,,,229.11,,0,,0,,,,,
2014-07-08,244.67,244.67,233.45,235.55,11441408,197.67,229.76,5.99,48.0,224.52,239.12,250.73,250.73,0,,,224.52,,0,,0,,,,,
2014-07-09,235.54,237.76,232.87,234.19,15815585,198.06,229.76,5.91,46.43,223.7,239.08,246.87,250.73,0,,,223.7,,0,,0,,,,,
2014-07-10,234.55,243.16,228.95,231.85,21087066,198.44,228.95,6.5,43.78,221.52,239.06,246.87,246.87,0,,,221.52,,0,,0,,,,,
2014-07-11,231.35,234.58,225.5,226.44,12540753,198.8,225.5,6.69,38.33,216.76,238.97,245.18,246.87,0,,,216.76,,0,,0,,,,,
2014-07-14,229.49,229.49,222.55,224.38,17222782,199.07,222.55,6.71,36.47,214.44,238.55,245.18,245.18,0,,,214.44,,0,,0,,,,,
2014-07-15,226.84,233.98,226.25,232.78,20701505,199.39,222.55,6.91,47.64,219.72,238.45,245.18,245.18,0,,,219.72,,0,,0,,,,,
2014-07-16,235.79,245.08,235.75,243.84,34666637,199.72,222.55,7.3,58.08,226.59,238.53,245.18,245.18,0,,,226.59,,0,,0,,,,,
2014-07-17,243.6,243.6,240.56,242.13,13358004,200.08,222.55,7.01,56.22,225.68,238.46,245.18,245.18,0,,,225.68,,0,,0,,,,,
2014-07-18,239.53,248.27,239.53,247.11,22105369,200.48,222.55,7.13,60.23,228.81,238.43,248.27,245.18,1,247.11,228.81,228.81,228.81,1,2014-07-18,0,,,31,,
2014-07-21,248.37,249.82,246.38,247.47,10873830,200.91,222.55,6.87,60.51,229.22,238.38,249.82,248.27,0,,,229.22,229.22,1,2014-07-18,0,,,31,,
2014-07-22,248.3,248.69,244.83,247.58,9693398,201.39,222.55,6.66,60.6,229.44,238.39,249.82,249.82,0,,,229.44,229.44,1,2014-07-18,0,,,31,,
2014-07-23,249.82,252.44,248.91,251.38,22595353,201.88,222.55,6.53,63.73,231.97,238.59,252.44,249.82,1,251.38,231.97,231.97,231.97,1,2014-07-18,0,,,31,,
2014-07-24,251.19,251.84,248.71,251.44,18655884,202.37,222.55,6.28,63.78,232.17,238.85,252.44,252.44,0,,,232.17,232.17,1,2014-07-18,0,,,31,,
2014-07-25,250.59,251.27,245.28,246.31,11547481,202.84,222.55,6.28,56.72,228.87,239.11,252.44,252.44,0,,,228.87,232.17,1,2014-07-18,0,,,31,,
2014-07-28,247.7,247.77,240.79,242.2,7511350,203.3,222.55,6.33,51.78,226.18,239.32,252.44,252.44,0,,,226.18,232.17,1,2014-07-18,0,,,31,,
2014-07-30,242.85,249.87,241.19,248.45,16305135,203.79,222.55,6.49,57.8,230.1,239.54,252.44,252.44,0,,,230.1,232.17,1,2014-07-18,0,,,31,,
2014-07-31,249.5,251.21,244.73,245.58,21827960,204.24,222.55,6.49,54.44,228.25,239.81,252.44,252.44,0,,,228.25,232.17,1,2014-07-18,0,,,31,,
2014-08-01,244.08,251.13,243.41,246.31,25283104,204.7,222.55,6.58,55.16,228.67,240.17,252.44,252.44,0,,,228.67,232.17,1,2014-07-18,0,,,31,,
2014-08-04,249.06,250.54,247.14,248.94,11518006,205.17,222.55,6.41,57.73,230.47,240.69,252.44,252.44,0,,,230.47,232.17,1,2014-07-18,0,,,31,,
2014-08-05,248.72,250.17,244.72,248.13,10886089,205.63,226.25,6.34,56.65,231.23,241.1,252.44,252.44,0,,,231.23,232.17,1,2014-07-18,0,,,31,,
2014-08-06,247.02,248.0,240.78,241.55,11961031,206.06,235.75,6.42,48.7,230.11,241.14,252.44,252.44,0,,,230.11,232.17,1,2014-07-18,0,,,31,,
2014-08-07,242.7,245.0,240.53,241.17,10130070,206.48,239.53,6.28,48.27,231.21,241.28,252.44,252.44,0,,,231.21,232.17,1,2014-07-18,0,,,31,,
2014-08-08,238.69,240.59,235.65,239.88,14898592,206.9,235.65,6.22,46.79,229.12,241.47,252.44,252.44,0,,,229.12,232.17,1,2014-07-18,0,,,31,,
2014-08-11,241.35,242.51,239.38,240.51,7812183,207.34,235.65,6.0,47.64,229.68,241.78,252.44,252.44,0,,,229.68,232.17,1,2014-07-18,0,,,31,,
2014-08-12,242.96,244.85,240.38,244.25,7573830,207.82,235.65,5.89,52.46,232.16,242.03,252.44,252.44,0,,,232.16,232.17,1,2014-07-18,0,,,31,,
2014-08-13,242.9,244.53,241.03,242.4,9495711,208.31,235.65,5.72,50.01,231.08,242.11,252.44,252.44,0,,,231.08,232.17,1,2014-07-18,0,,,31,,
2014-08-14,243.4,248.64,243.4,246.98,13636485,208.83,235.65,5.76,55.55,234.01,242.26,252.44,252.44,0,,,234.01,234.01,1,2014-07-18,0,,,31,,
2014-08-18,248.12,256.55,247.35,255.5,21247732,209.39,235.65,6.03,63.64,239.33,242.69,256.55,252.44,1,255.5,239.33,239.33,239.33,1,2014-07-18,0,,,31,,
2014-08-19,257.05,260.26,254.77,257.54,18915512,209.98,235.65,5.99,65.26,240.67,243.14,260.26,256.55,0,,,240.67,240.67,1,2014-07-18,0,,,31,,
2014-08-20,257.89,258.81,255.72,257.51,9462876,210.59,235.65,5.78,65.22,240.79,243.64,260.26,260.26,0,,,240.79,240.79,1,2014-07-18,0,,,31,,
2014-08-21,257.05,261.02,255.81,257.88,15249839,211.17,235.65,5.74,65.54,241.05,244.39,261.02,260.26,0,,,241.05,241.05,1,2014-07-18,0,,,31,,
2014-08-22,257.9,259.68,256.49,256.98,13225470,211.77,235.65,5.56,63.98,240.59,245.15,261.02,261.02,0,,,240.59,241.05,1,2014-07-18,0,,,31,,
2014-08-25,257.47,259.05,251.74,252.76,6260974,212.31,235.65,5.69,57.1,237.79,245.85,261.02,261.02,0,,,237.79,241.05,1,2014-07-18,0,,,31,,
2014-08-26,247.87,253.29,247.39,251.72,9349499,212.85,235.65,5.7,55.52,237.11,246.69,261.02,261.02,0,,,237.11,241.05,1,2014-07-18,0,,,31,,
2014-08-27,255.88,258.55,254.1,257.1,12302625,213.45,235.65,5.78,61.47,240.52,247.78,261.02,261.02,0,,,240.52,241.05,1,2014-07-18,0,,,31,,
2014-08-28,257.55,261.06,257.55,259.86,22862356,214.05,235.65,5.65,64.12,242.39,248.68,261.06,261.02,0,,,242.39,242.39,1,2014-07-18,0,,,31,,
2014-09-01,260.06,267.53,260.06,266.78,14692249,214.67,235.65,5.8,69.75,246.76,249.45,267.53,261.06,1,266.78,246.76,246.76,246.76,1,2014-07-18,0,,,31,,
2014-09-02,267.05,270.21,265.06,265.58,12260539,215.27,239.38,5.75,67.76,247.26,250.23,270.21,267.53,0,,,247.26,247.26,1,2014-07-18,0,,,31,,
2014-09-03,266.9,267.29,262.64,263.86,9697814,215.86,240.38,5.67,64.91,246.54,250.79,270.21,270.21,0,,,246.54,247.26,1,2014-07-18,0,,,31,,
2014-09-04,264.18,264.57,257.44,262.33,15945864,216.47,241.03,5.78,62.4,245.7,251.28,270.21,270.21,0,,,245.7,247.26,1,2014-07-18,0,,,31,,
2014-09-05,262.33,263.82,256.54,258.23,12019744,217.1,243.4,5.88,56.13,243.77,251.64,270.21,270.21,0,,,243.77,247.26,1,2014-07-18,0,,,31,,
2014-09-08,260.81,262.38,258.54,261.69,8527112,217.75,247.35,5.76,59.8,247.4,251.98,270.21,270.21,0,,,247.4,247.4,1,2014-07-18,0,,,31,,
2014-09-09,260.86,260.86,256.97,258.01,8552346,218.39,247.39,5.69,54.57,245.09,252.2,270.21,270.21,0,,,245.09,247.4,1,2014-07-18,0,,,31,,
2014-09-10,261.06,263.36,258.24,262.08,14187943,219.09,247.39,5.66,58.86,247.73,252.73,270.21,270.21,0,,,247.73,247.73,1,2014-07-18,0,,,31,,
2014-09-11,263.23,264.56,260.66,261.37,9666635,219.76,247.39,5.54,57.83,247.36,253.36,270.21,270.21,0,,,247.36,247.73,1,2014-07-18,0,,,31,,
2014-09-12,262.73,262.73,259.91,261.12,6356713,220.47,247.39,5.34,57.45,247.32,253.79,270.21,270.21,0,,,247.32,247.73,1,2014-07-18,0,,,31,,
2014-09-15,259.81,260.63,256.82,259.28,7465540,221.15,247.39,5.27,54.61,246.19,254.24,270.21,270.21,0,,,246.19,247.73,1,2014-07-18,0,,,31,,
2014-09-16,258.89,259.91,253.99,254.67,7520914,221.81,247.39,5.31,48.18,243.18,254.52,270.21,270.21,0,,,243.18,247.73,1,2014-07-18,0,,,31,,
2014-09-17,255.75,257.67,254.55,255.34,10495633,222.48,253.99,5.16,49.12,245.92,254.74,270.21,270.21,0,,,245.92,247.73,1,2014-07-18,0,,,31,,
2014-09-18,254.55,261.56,254.13,261.22,6706084,223.18,253.99,5.32,56.55,249.6,255.17,270.21,270.21,0,,,249.6,249.6,1,2014-07-18,0,,,31,,
2014-09-19,262.04,263.14,259.81,262.43,10378769,223.9,253.99,5.18,57.91,250.48,255.87,270.21,270.21,0,,,250.48,250.48,1,2014-07-18,0,,,31,,
2014-09-22,260.39,266.09,259.78,263.54,10506210,224.61,253.99,5.26,59.17,251.14,256.61,270.21,270.21,0,,,251.14,251.14,1,2014-07-18,0,,,31,,
2014-09-23,263.56,265.7,255.97,256.8,21190009,225.24,253.99,5.58,49.46,246.58,257.18,270.21,270.21,0,,,246.58,251.14,1,2014-07-18,0,,,31,,
2014-09-24,256.88,258.72,250.07,253.11,17279366,225.87,250.07,5.8,45.1,242.75,257.6,270.21,270.21,0,,,242.75,251.14,1,2014-07-18,1,251.14,TRAILING_STOP,31,46,1.63
2014-09-25,252.21,253.66,242.45,244.58,30332934,226.44,242.45,6.18,36.97,234.45,257.61,270.21,270.21,0,,,234.45,,0,,0,,,,,
2014-09-26,244.7,247.42,239.53,246.69,18873354,226.99,239.53,6.31,39.86,234.75,257.75,270.21,270.21,0,,,234.75,,0,,0,,,,,
2014-09-29,246.92,247.04,242.52,243.45,7073148,227.5,239.53,6.18,37.05,232.75,257.63,270.21,270.21,0,,,232.75,,0,,0,,,,,
2014-09-30,242.86,245.02,238.27,239.28,13333391,227.98,238.27,6.22,33.76,229.61,257.09,267.29,270.21,0,,,229.61,,0,,0,,,,,
2014-10-01,240.86,240.86,236.85,238.5,10776667,228.48,236.85,6.06,33.17,228.74,256.46,266.09,267.29,0,,,228.74,,0,,0,,,,,
2014-10-07,236.19,243.11,236.19,238.63,18449612,228.97,236.19,6.12,33.38,228.56,255.83,266.09,266.09,0,,,228.56,,0,,0,,,,,
2014-10-08,238.29,242.81,238.19,241.79,10532802,229.46,236.19,6.02,38.45,230.67,255.29,266.09,266.09,0,,,230.67,,0,,0,,,,,
2014-10-09,242.86,249.51,242.86,248.44,12238358,230.01,236.19,6.14,47.5,234.88,255.01,266.09,266.09,0,,,234.88,,0,,0,,,,,
2014-10-10,245.53,247.45,242.6,243.52,9018405,230.52,236.19,6.12,42.52,231.72,254.7,266.09,266.09,0,,,231.72,,0,,0,,,,,
2014-10-13,241.53,247.25,239.83,246.69,9459494,231.03,236.19,6.21,46.42,233.71,254.53,266.09,266.09,0,,,233.71,,0,,0,,,,,
2014-10-14,247.85,248.25,242.25,246.71,11288403,231.57,236.19,6.19,46.44,233.73,254.19,266.09,266.09,0,,,233.73,,0,,0,,,,,
2014-10-15,246.71,246.71,246.71,246.71,0,232.06,236.19,5.75,46.44,234.02,253.75,266.09,266.09,0,,,234.02,,0,,0,,,,,
2014-10-16,245.7,249.39,242.3,243.79,15670605,232.5,236.19,5.85,43.08,232.08,252.98,266.09,266.09,0,,,232.08,,0,,0,,,,,
2014-10-17,245.66,252.27,245.37,251.24,14839423,232.95,236.19,6.04,52.53,236.76,252.5,266.09,266.09,0,,,236.76,,0,,0,,,,,
2014-10-20,258.53,258.53,254.68,256.53,13952152,233.37,236.19,6.12,57.87,240.11,252.26,266.09,266.09,0,,,240.11,,0,,0,,,,,
2014-10-21,257.05,264.8,257.05,264.08,15513168,233.84,236.19,6.28,64.08,244.88,252.32,266.09,266.09,0,,,244.88,,0,,0,,,,,
2014-10-22,265.73,266.05,260.78,262.23,8615480,234.3,236.19,6.21,61.68,243.73,252.45,266.09,266.09,0,,,243.73,,0,,0,,,,,
2014-10-27,264.12,265.06,261.68,262.57,11126714,234.74,236.19,6.0,61.97,244.08,252.48,266.05,266.09,0,,,244.08,,0,,0,,,,,
2014-10-28,263.73,268.39,263.73,267.28,10254244,235.21,236.19,5.99,65.73,247.13,252.79,268.39,266.05,1,267.28,247.13,247.13,247.13,1,2014-10-28,0,,,32,,
2014-10-29,269.23,269.23,266.35,268.04,10474618,235.69,236.19,5.77,66.31,247.77,252.99,269.23,268.39,0,,,247.77,247.77,1,2014-10-28,0,,,32,,
2014-10-30,267.08,271.37,264.4,269.41,26322631,236.18,238.19,5.85,67.38,249.26,253.26,271.37,269.23,1,269.41,249.26,249.26,249.26,1,2014-10-28,0,,,32,,
2014-10-31,268.95,272.61,266.98,271.52,21065660,236.69,239.83,5.84,69.01,251.18,253.6,272.61,271.37,0,,,251.18,251.18,1,2014-10-28,0,,,32,,
2014-11-03,271.41,275.41,269.13,274.69,13022333,237.23,239.83,5.87,71.33,253.2,254.12,275.41,272.61,0,,,253.2,253.2,1,2014-10-28,0,,,32,,
2014-11-05,276.33,280.42,274.79,278.98,16438026,237.79,239.83,5.86,74.16,255.98,254.93,280.42,275.41,0,,,255.98,255.98,1,2014-10-28,0,,,32,,
2014-11-07,280.17,282.38,277.35,281.2,9347464,238.33,242.25,5.8,75.5,258.26,255.79,282.38,280.42,0,,,258.26,258.26,1,2014-10-28,0,,,32,,
2014-11-10,280.54,280.66,277.66,278.25,8030726,238.83,242.3,5.64,70.27,256.48,256.36,282.38,282.38,0,,,256.48,258.26,1,2014-10-28,0,,,32,,
2014-11-11,277.25,282.26,276.62,281.35,11662277,239.35,242.3,5.64,72.43,258.48,256.99,282.38,282.38,0,,,258.48,258.48,1,2014-10-28,0,,,32,,
2014-11-12,282.62,286.25,282.62,285.09,10523271,239.9,245.37,5.59,74.81,261.95,257.71,286.25,282.38,1,285.09,261.95,261.95,261.95,1,2014-10-28,0,,,32,,
2014-11-13,285.13,286.43,281.51,282.51,15610947,240.42,254.68,5.54,70.3,263.42,258.56,286.43,286.25,0,,,263.42,263.42,1,2014-10-28,0,,,32,,
2014-11-14,281.42,283.59,281.29,282.47,10524866,240.96,257.05,5.31,70.23,264.34,259.54,286.43,286.43,0,,,264.34,264.34,1,2014-10-28,0,,,32,,
2014-11-17,281.59,281.59,277.42,279.39,13396053,241.51,260.78,5.29,64.83,263.61,260.7,286.43,286.43,0,,,263.61,264.34,1,2014-10-28,0,,,32,,
2014-11-18,279.75,281.67,279.02,280.62,11248880,242.04,261.68,5.1,65.96,264.83,261.83,286.43,286.43,0,,,264.83,264.83,1,2014-10-28,0,,,32,,
2014-11-19,281.01,284.43,279.08,280.9,14558984,242.58,263.73,5.12,66.22,265.68,263.08,286.43,286.43,0,,,265.68,265.68,1,2014-10-28,0,,,32,,
2014-11-20,281.34,282.73,279.5,281.75,8960451,243.13,264.4,4.98,67.06,266.54,264.5,286.43,286.43,0,,,266.54,266.54,1,2014-10-28,0,,,32,,
2014-11-21,282.26,290.23,279.92,288.88,17794084,243.75,264.4,5.36,73.1,270.88,266.18,290.23,286.43,1,288.88,270.88,270.88,270.88,1,2014-10-28,0,,,32,,
2014-11-24,290.44,296.94,290.44,295.99,13578185,244.37,266.98,5.56,77.52,276.2,268.09,296.94,290.23,0,,,276.2,276.2,1,2014-10-28,0,,,32,,
2014-11-25,294.95,295.1,287.64,289.98,17101408,244.96,269.13,5.76,67.43,272.91,269.69,296.94,296.94,0,,,272.91,276.2,1,2014-10-28,0,,,32,,
2014-11-26,287.01,289.45,284.76,285.49,15505330,245.53,274.79,5.72,61.03,271.93,270.93,296.94,296.94,0,,,271.93,276.2,1,2014-10-28,0,,,32,,
2014-11-27,286.16,289.57,284.59,287.63,15438511,246.13,276.62,5.67,62.84,273.95,272.4,296.94,296.94,0,,,273.95,276.2,1,2014-10-28,0,,,32,,
2014-11-28,287.93,296.61,287.93,292.84,16467154,246.77,276.62,5.9,66.87,277.15,273.94,296.94,296.94,0,,,277.15,277.15,1,2014-10-28,0,,,32,,
2014-12-01,294.78,296.41,292.27,293.46,17857713,247.36,276.62,5.78,67.33,277.64,275.5,296.94,296.94,0,,,277.64,277.64,1,2014-10-28,0,,,32,,
2014-12-02,292.72,296.31,289.61,295.53,14228054,247.95,277.42,5.84,68.86,279.2,277.12,296.94,296.94,0,,,279.2,279.2,1,2014-10-28,0,,,32,,
2014-12-03,294.62,300.14,293.8,299.47,12067709,248.55,277.42,5.88,71.6,281.71,278.98,300.14,296.94,1,299.47,281.71,281.71,281.71,1,2014-10-28,0,,,32,,
2014-12-04,302.54,305.5,299.07,302.29,13537613,249.17,277.42,5.92,73.4,283.51,280.68,305.5,300.14,0,,,283.51,283.51,1,2014-10-28,0,,,32,,
2014-12-05,303.62,304.58,299.11,300.28,8548679,249.77,277.42,5.89,69.99,282.23,282.14,305.5,305.5,0,,,282.23,283.51,1,2014-10-28,0,,,32,,
2014-12-08,301.2,302.12,294.27,295.28,6475662,250.37,279.02,6.03,62.25,279.45,283.18,305.5,305.5,0,,,279.45,283.51,1,2014-10-28,0,,,32,,
2014-12-09,296.28,298.74,291.44,292.44,8119718,250.94,279.08,6.12,58.31,277.57,284.19,305.5,305.5,0,,,277.57,283.51,1,2014-10-28,0,,,32,,
2014-12-10,288.43,296.11,288.43,293.82,11679797,251.54,279.5,6.23,59.64,278.53,285.23,305.5,305.5,0,,,278.53,283.51,1,2014-10-28,0,,,32,,
2014-12-11,293.52,294.73,287.31,290.39,8902775,252.14,279.92,6.31,54.93,276.4,286.0,305.5,305.5,0,,,276.4,283.51,1,2014-10-28,0,,,32,,
2014-12-12,290.02,292.9,287.6,289.02,7508487,252.71,284.59,6.24,53.12,277.12,286.7,305.5,305.5,0,,,277.12,283.51,1,2014-10-28,0,,,32,,
2014-12-15,286.1,291.27,285.55,288.14,7925545,253.28,284.59,6.2,51.94,276.58,287.32,305.5,305.5,0,,,276.58,283.51,1,2014-10-28,0,,,32,,
2014-12-16,285.3,285.84,274.79,276.0,16369716,253.75,274.79,6.71,39.03,265.14,287.47,305.5,305.5,0,,,265.14,283.51,1,2014-10-28,1,283.51,TRAILING_STOP,32,34,6.07
2014-12-17,275.0,282.38,266.4,277.37,25141233,254.23,266.4,7.38,40.82,262.79,287.56,305.5,305.5,0,,,262.79,,0,,0,,,,,
2014-12-18,285.39,289.6,283.22,288.56,10631579,254.76,266.4,7.72,52.95,269.77,287.88,305.5,305.5,0,,,269.77,,0,,0,,,,,
2014-12-19,291.27,298.36,289.39,297.11,25004771,255.26,266.4,7.87,59.74,275.19,288.41,305.5,305.5,0,,,275.19,,0,,0,,,,,
2014-12-22,296.69,300.99,292.98,299.78,9977669,255.75,266.4,7.88,61.6,276.9,289.13,305.5,305.5,0,,,276.9,,0,,0,,,,,
2014-12-23,298.61,302.04,293.15,294.61,8114147,256.2,266.4,7.95,56.18,273.52,289.57,305.5,305.5,0,,,273.52,,0,,0,,,,,
2014-12-24,294.07,297.86,292.86,294.69,13035476,256.65,266.4,7.74,56.25,273.71,289.89,305.5,305.5,0,,,273.71,,0,,0,,,,,
2014-12-26,295.57,297.7,290.52,292.9,3566406,257.09,266.4,7.7,54.33,272.59,290.24,305.5,305.5,0,,,272.59,,0,,0,,,,,
2014-12-29,292.1,296.03,290.77,291.39,4125797,257.46,266.4,7.53,52.7,271.73,290.53,305.5,305.5,0,,,271.73,,0,,0,,,,,
2014-12-30,293.77,293.77,289.81,292.31,6246150,257.82,266.4,7.27,53.61,272.49,290.96,305.5,305.5,0,,,272.49,,0,,0,,,,,
2014-12-31,292.19,296.11,292.19,294.69,5069990,258.22,266.4,7.03,55.98,274.19,291.43,305.5,305.5,0,,,274.19,,0,,0,,,,,
2015-01-01,294.36,294.98,292.27,294.02,2583280,258.63,266.4,6.72,55.13,273.96,291.87,305.5,305.5,0,,,273.96,,0,,0,,,,,
2015-01-02,293.77,303.37,293.77,302.37,8272990,259.08,266.4,6.93,62.75,279.21,292.56,304.58,305.5,0,,,279.21,,0,,0,,,,,
2015-01-05,304.87,306.63,301.7,303.0,10316090,259.53,266.4,6.79,63.26,279.71,293.03,306.63,304.58,0,,,279.71,,0,,0,,,,,
2015-01-06,299.95,300.37,288.93,290.14,13282427,259.89,266.4,7.31,48.68,271.07,292.83,306.63,306.63,0,,,271.07,,0,,0,,,,,
2015-01-07,288.43,288.97,279.96,282.3,21254332,260.22,266.4,7.51,42.29,265.88,292.58,306.63,306.63,0,,,265.88,,0,,0,,,,,
2015-01-08,287.93,290.85,284.76,289.98,12558144,260.58,279.96,7.59,49.31,275.3,292.73,306.63,306.63,0,,,275.3,,0,,0,,,,,
2015-01-09,292.06,292.44,281.34,285.3,15701030,260.93,279.96,7.84,45.66,272.11,292.65,306.63,306.63,0,,,272.11,,0,,0,,,,,
2015-01-12,286.05,290.1,282.67,289.22,8304115,261.33,279.96,7.81,49.06,274.66,292.53,306.63,306.63,0,,,274.66,,0,,0,,,,,
2015-01-13,291.27,291.27,283.55,284.51,13100848,261.65,279.96,7.8,45.39,271.63,292.23,306.63,306.63,0,,,271.63,,0,,0,,,,,
2015-01-14,283.13,285.26,277.92,281.17,13127934,261.95,277.92,7.77,42.93,268.82,291.75,306.63,306.63,0,,,268.82,,0,,0,,,,,
2015-01-15,293.9,297.11,290.06,294.48,16662989,262.3,277.92,8.35,53.69,277.01,291.59,306.63,306.63,0,,,277.01,,0,,0,,,,,
2015-01-16,294.48,295.94,289.98,295.32,14726646,262.65,277.92,8.18,54.27,277.67,291.35,306.63,306.63,0,,,277.67,,0,,0,,,,,
2015-01-19,296.69,301.95,295.03,301.12,10277015,263.0,277.92,8.09,58.2,281.47,291.38,306.63,306.63,0,,,281.47,,0,,0,,,,,
2015-01-20,300.2,308.17,300.2,306.92,11477610,263.38,277.92,8.08,61.74,285.21,291.77,308.17,306.63,1,306.92,285.21,285.21,285.21,1,2015-01-20,0,,,33,,
2015-01-21,305.87,309.59,304.75,307.5,12457852,263.79,277.92,7.85,62.09,285.74,292.27,309.59,308.17,0,,,285.74,285.74,1,2015-01-20,0,,,33,,
2015-01-22,307.88,310.72,304.29,308.63,9320935,264.21,277.92,7.75,62.79,286.54,292.76,310.72,309.59,0,,,286.54,286.54,1,2015-01-20,0,,,33,,
2015-01-23,312.89,313.39,307.71,309.38,13525550,264.65,277.92,7.6,63.28,287.12,293.4,313.39,310.72,0,,,287.12,287.12,1,2015-01-20,0,,,33,,
2015-01-27,312.55,321.15,311.05,320.06,13932787,265.19,277.92,7.9,69.44,293.81,294.43,321.15,313.39,1,320.06,293.81,293.81,293.81,1,2015-01-20,0,,,33,,
2015-01-28,319.6,328.33,318.48,320.52,14787690,265.75,277.92,8.04,69.67,294.02,295.51,328.33,321.15,0,,,294.02,294.02,1,2015-01-20,0,,,33,,
2015-01-29,317.23,320.31,313.43,317.39,22085259,266.26,277.92,7.97,65.94,292.04,296.89,328.33,328.33,0,,,292.04,294.02,1,2015-01-20,0,,,33,,
2015-01-30,318.35,318.81,295.99,301.03,31372235,266.68,277.92,9.03,50.68,280.78,297.68,328.33,328.33,0,,,280.78,294.02,1,2015-01-20,0,,,33,,
2015-02-02,300.7,301.03,292.1,293.65,37165959,267.07,277.92,9.02,45.56,276.03,297.85,328.33,328.33,0,,,276.03,294.02,1,2015-01-20,1,294.02,TRAILING_STOP,33,9,-4.2
2015-02-03,293.77,297.78,288.01,289.27,25975650,267.44,277.92,9.08,42.79,273.17,297.59,328.33,328.33,0,,,273.17,,0,,0,,,,,
2015-02-04,288.81,289.81,283.97,287.64,15639435,267.79,277.92,8.85,41.78,272.27,297.18,328.33,328.33,0,,,272.27,,0,,0,,,,,
2015-02-05,284.51,288.18,277.71,280.09,18771838,268.05,277.71,8.96,37.35,267.25,296.7,328.33,328.33,0,,,267.25,,0,,0,,,,,
2015-02-06,280.42,283.76,273.49,274.87,17811770,268.3,273.49,9.06,34.62,262.42,296.04,328.33,328.33,0,,,262.42,,0,,0,,,,,
2015-02-09,273.33,273.33,265.81,267.11,15330887,268.52,265.81,9.06,31.0,254.85,295.18,328.33,328.33,0,,,254.85,,0,,0,,,,,
2015-02-10,265.81,279.59,264.06,276.29,31301276,268.83,264.06,9.52,39.12,259.88,294.68,328.33,328.33,0,,,259.88,,0,,0,,,,,
2015-02-11,278.83,283.72,278.71,279.34,13732188,269.11,264.06,9.37,41.58,261.95,294.24,328.33,328.33,0,,,261.95,,0,,0,,,,,
2015-02-12,282.26,284.89,275.41,283.05,14372362,269.4,264.06,9.38,44.52,264.34,293.86,328.33,328.33,0,,,264.34,,0,,0,,,,,
2015-02-13,287.1,288.68,283.93,286.97,9926537,269.69,264.06,9.11,47.52,267.04,293.62,328.33,328.33,0,,,267.04,,0,,0,,,,,
2015-02-16,289.56,289.56,280.75,282.13,11084024,269.96,264.06,9.09,44.33,263.94,292.95,328.33,328.33,0,,,263.94,,0,,0,,,,,
2015-02-18,283.51,287.1,283.51,285.76,8830098,270.23,264.06,8.79,47.2,266.47,292.37,328.33,328.33,0,,,266.47,,0,,0,,,,,
2015-02-19,283.84,286.97,277.29,282.55,10326464,270.5,264.06,8.86,44.99,264.36,292.12,328.33,328.33,0,,,264.36,,0,,0,,,,,
2015-02-20,279.59,280.25,274.16,276.21,17197010,270.77,264.06,8.82,40.93,260.29,291.92,328.33,328.33,0,,,260.29,,0,,0,,,,,
2015-02-23,277.92,279.17,272.91,274.58,12236793,271.04,264.06,8.64,39.93,259.36,291.4,328.33,328.33,0,,,259.36,,0,,0,,,,,
2015-02-24,275.0,276.58,270.82,272.12,12177664,271.31,264.06,8.44,38.4,257.91,290.96,328.33,328.33,0,,,257.91,,0,,0,,,,,
2015-02-25,273.41,276.25,268.11,269.15,18029910,271.6,264.06,8.41,36.59,256.01,290.29,328.33,328.33,0,,,256.01,,0,,0,,,,,
2015-02-26,270.99,271.62,267.19,268.15,18356309,271.89,264.06,8.13,35.97,255.56,289.75,320.31,328.33,0,,,255.56,,0,,0,,,,,
2015-02-27,270.91,281.3,269.57,279.79,17157486,272.2,264.06,8.49,47.14,262.83,289.7,318.81,320.31,0,,,262.83,,0,,0,,,,,
2015-03-02,292.81,293.73,284.22,291.31,16237130,272.52,264.06,8.88,55.42,270.0,289.6,301.03,318.81,0,,,270.0,,0,,0,,,,,
2015-03-03,290.44,291.69,287.18,290.98,16309976,272.84,264.06,8.57,55.16,269.99,289.45,297.78,301.03,0,,,269.99,,0,,0,,,,,
2015-03-04,300.45,302.12,288.81,291.56,27007377,273.14,267.19,8.9,55.56,271.18,289.13,302.12,297.78,0,,,271.18,,0,,0,,,,,
2015-03-05,289.1,292.02,283.84,290.23,12677758,273.42,267.19,8.85,54.35,270.36,288.58,302.12,302.12,0,,,270.36,,0,,0,,,,,
2015-03-09,285.43,286.22,276.87,277.75,13711772,273.63,267.19,9.17,44.54,262.1,287.59,302.12,302.12,0,,,262.1,,0,,0,,,,,
2015-03-10,277.67,281.92,275.7,278.46,15690129,273.81,267.19,8.96,45.14,262.69,286.58,302.12,302.12,0,,,262.69,,0,,0,,,,,
2015-03-11,278.42,281.21,274.58,277.62,11762499,273.98,267.19,8.8,44.52,262.26,285.52,302.12,302.12,0,,,262.26,,0,,0,,,,,
2015-03-12,281.71,283.51,279.29,282.26,12265104,274.22,267.19,8.59,48.72,265.39,284.26,302.12,302.12,0,,,265.39,,0,,0,,,,,
2015-03-13,287.93,288.77,274.58,275.58,14368069,274.44,267.19,8.99,43.61,260.82,282.76,302.12,302.12,0,,,260.82,,0,,0,,,,,
2015-03-16,275.0,277.92,271.78,276.62,12496540,274.63,267.19,8.79,44.58,261.63,281.4,302.12,302.12,0,,,261.63,,0,,0,,,,,
2015-03-17,277.08,280.84,275.54,279.46,11214858,274.86,267.19,8.54,47.26,263.62,280.68,302.12,302.12,0,,,263.62,,0,,0,,,,,
2015-03-18,278.0,280.88,276.29,279.42,9603665,275.08,267.19,8.25,47.23,263.79,280.21,302.12,302.12,0,,,263.79,,0,,0,,,,,
2015-03-19,283.34,284.93,274.04,275.58,15488184,275.26,267.19,8.44,43.9,261.18,279.75,302.12,302.12,0,,,261.18,,0,,0,,,,,
2015-03-20,274.49,274.79,264.31,265.9,23389273,275.37,264.31,8.65,36.85,253.85,279.03,302.12,302.12,0,,,253.85,,0,,0,,,,,
2015-03-23,268.78,269.07,260.77,261.89,11517028,275.51,260.77,8.62,34.39,250.1,278.42,302.12,302.12,0,,,250.1,,0,,0,,,,,
2015-03-24,259.14,264.27,258.26,260.31,18209548,275.64,258.26,8.43,33.44,248.36,277.94,302.12,302.12,0,,,248.36,,0,,0,,,,,
2015-03-25,260.39,266.23,259.64,264.48,15109255,275.8,258.26,8.3,38.28,251.14,277.85,302.12,302.12,0,,,251.14,,0,,0,,,,,
2015-03-26,259.56,261.81,252.55,257.01,34971712,275.91,252.55,8.56,33.57,244.25,277.21,302.12,302.12,0,,,244.25,,0,,0,,,,,
2015-03-27,261.22,263.9,257.26,262.52,17383920,276.03,252.55,8.44,39.48,247.88,276.65,302.12,302.12,0,,,247.88,,0,,0,,,,,
2015-03-30,263.98,266.65,261.52,265.98,14140124,276.19,252.55,8.21,42.92,250.27,276.08,302.12,302.12,0,,,250.27,,0,,0,,,,,
2015-03-31,266.15,269.36,261.89,263.31,14317689,276.3,252.55,8.15,40.98,248.58,275.29,302.12,302.12,0,,,248.58,,0,,0,,,,,
2015-04-01,262.89,270.74,262.1,269.7,9190830,276.39,252.55,8.19,47.12,252.68,274.87,302.12,302.12,0,,,252.68,,0,,0,,,,,
2015-04-06,271.62,271.62,266.52,268.11,10512775,276.46,252.55,7.97,45.85,251.8,274.29,292.02,302.12,0,,,251.8,,0,,0,,,,,
2015-04-07,269.53,269.95,262.89,264.9,9849292,276.51,252.55,7.9,43.29,249.78,273.7,288.77,292.02,0,,,249.78,,0,,0,,,,,
2015-04-08,266.15,266.82,262.52,262.98,9158573,276.55,252.55,7.65,41.79,248.71,273.26,288.77,288.77,0,,,248.71,,0,,0,,,,,
2015-04-09,265.4,268.65,264.48,267.57,13516230,276.62,252.55,7.5,46.56,251.76,273.02,288.77,288.77,0,,,251.76,,0,,0,,,,,
2015-04-10,266.65,268.44,264.73,265.65,9053218,276.7,252.55,7.23,44.9,250.71,272.81,288.77,288.77,0,,,250.71,,0,,0,,,,,
2015-04-13,266.98,266.98,263.73,264.48,8810668,276.79,252.55,6.95,43.88,250.14,272.65,288.77,288.77,0,,,250.14,,0,,0,,,,,
2015-04-15,265.69,268.99,261.27,262.89,11297754,276.83,252.55,7.0,42.46,249.08,272.48,284.93,288.77,0,,,249.08,,0,,0,,,,,
2015-04-16,263.65,263.73,258.85,260.81,9682703,276.83,252.55,6.85,40.61,247.84,271.84,284.93,284.93,0,,,247.84,,0,,0,,,,,
2015-04-17,262.1,262.85,257.26,258.8,11639567,276.78,252.55,6.76,38.85,246.6,270.76,284.93,284.93,0,,,246.6,,0,,0,,,,,
2015-04-20,261.14,265.06,257.3,259.68,11663690,276.74,252.55,6.83,40.08,247.12,269.72,284.93,284.93,0,,,247.12,,0,,0,,,,,
2015-04-21,259.56,264.23,258.68,259.43,9953639,276.71,257.26,6.74,39.83,248.59,268.65,274.79,284.93,0,,,248.59,,0,,0,,,,,
2015-04-22,261.43,262.89,253.21,261.18,12256206,276.7,253.21,6.95,42.47,248.23,267.68,271.62,274.79,0,,,248.23,,0,,0,,,,,
2015-04-23,262.27,263.65,258.51,260.26,10352840,276.72,253.21,6.82,41.44,247.72,267.09,271.62,271.62,0,,,247.72,,0,,0,,,,,
2015-04-24,260.77,260.85,256.3,257.26,13482295,276.69,253.21,6.66,38.19,245.9,266.39,271.62,271.62,0,,,245.9,,0,,0,,,,,
2015-04-27,259.31,260.77,247.62,252.29,24819034,276.65,247.62,7.12,33.5,240.52,265.54,271.62,271.62,0,,,240.52,,0,,0,,,,,
2015-04-28,255.05,274.24,255.05,272.78,37447522,276.72,247.62,8.18,56.96,253.03,265.23,274.24,271.62,0,,,253.03,,0,,0,,,,,
2015-04-29,273.58,279.42,271.32,275.54,24501414,276.82,247.62,8.18,59.06,254.81,265.23,279.42,274.24,0,,,254.81,,0,,0,,,,,
2015-04-30,276.25,278.42,271.41,276.37,20787994,276.92,247.62,8.09,59.69,255.4,265.22,279.42,279.42,0,,,255.4,,0,,0,,,,,
2015-05-04,277.71,281.17,272.24,274.83,11308400,277.02,247.62,8.15,57.9,254.37,265.06,281.17,279.42,0,,,254.37,,0,,0,,,,,
2015-05-05,274.83,276.16,272.99,274.12,10109107,277.15,247.62,7.8,57.05,254.15,264.89,281.17,281.17,0,,,254.15,,0,,0,,,,,
2015-05-06,272.83,282.09,258.85,260.52,19967506,277.19,247.62,8.9,43.76,244.64,264.38,282.09,281.17,0,,,244.64,,0,,0,,,,,
2015-05-07,260.56,261.22,250.88,254.21,16086181,277.14,247.62,9.0,39.2,240.5,264.0,282.09,282.09,0,,,240.5,,0,,0,,,,,
2015-05-08,258.72,266.15,258.72,264.56,15672276,277.15,247.62,9.21,48.65,247.04,264.08,282.09,282.09,0,,,247.04,,0,,0,,,,,
2015-05-11,267.11,271.91,266.32,269.99,9605442,277.2,247.62,9.08,52.8,250.63,264.41,282.09,282.09,0,,,250.63,,0,,0,,,,,
2015-05-12,270.03,270.41,256.22,257.22,13692241,277.2,247.62,9.44,43.83,242.15,264.17,282.09,282.09,0,,,242.15,,0,,0,,,,,
2015-05-13,261.35,266.36,255.8,265.11,15431501,277.28,247.62,9.52,49.54,247.19,264.44,282.09,282.09,0,,,247.19,,0,,0,,,,,
2015-05-14,265.15,265.36,259.76,262.85,11672149,277.4,247.62,9.24,48.03,245.92,264.45,282.09,282.09,0,,,245.92,,0,,0,,,,,
2015-05-15,263.14,264.1,259.18,260.68,12014773,277.49,247.62,8.94,46.57,244.72,264.27,282.09,282.09,0,,,244.72,,0,,0,,,,,
2015-05-18,262.89,264.48,261.14,263.94,7629436,277.63,247.62,8.57,49.08,247.07,264.29,282.09,282.09,0,,,247.07,,0,,0,,,,,
2015-05-19,262.02,266.15,260.39,263.19,9064851,277.79,250.88,8.37,48.51,247.81,264.07,282.09,282.09,0,,,247.81,,0,,0,,,,,
2015-05-20,263.94,267.9,263.94,266.02,7555070,277.97,250.88,8.11,50.81,249.81,264.0,282.09,282.09,0,,,249.81,,0,,0,,,,,
2015-05-21,267.23,267.73,260.97,261.68,11132704,278.13,250.88,8.01,47.32,247.07,263.9,282.09,282.09,0,,,247.07,,0,,0,,,,,
2015-05-22,262.89,265.52,260.18,261.73,8944914,278.26,250.88,7.82,47.37,247.23,263.85,282.09,282.09,0,,,247.23,,0,,0,,,,,
2015-05-25,260.39,262.14,259.51,260.52,5481212,278.34,250.88,7.45,46.34,246.7,263.62,282.09,282.09,0,,,246.7,,0,,0,,,,,
2015-05-26,260.39,261.22,257.59,258.47,5505501,278.44,250.88,7.18,44.58,245.56,263.38,282.09,282.09,0,,,245.56,,0,,0,,,,,
2015-05-27,260.22,262.73,256.63,261.35,12557150,278.54,250.88,7.1,47.6,247.46,263.28,282.09,282.09,0,,,247.46,,0,,0,,,,,
2015-05-28,262.27,263.73,259.97,262.48,11520281,278.64,255.8,6.86,48.77,249.99,263.26,282.09,282.09,0,,,249.99,,0,,0,,,,,
2015-05-29,264.65,266.15,262.73,264.77,22664703,278.76,255.8,6.63,51.17,251.62,263.39,282.09,282.09,0,,,251.62,,0,,0,,,,,
2015-06-01,264.56,266.23,263.73,264.1,7621775,278.9,255.8,6.34,50.43,251.39,263.57,282.09,282.09,0,,,251.39,,0,,0,,,,,
2015-06-02,264.56,264.98,252.88,254.13,13982208,278.92,252.88,6.75,40.9,243.71,263.39,282.09,282.09,0,,,243.71,,0,,0,,,,,
2015-06-03,253.92,253.92,242.7,246.83,22831293,278.85,242.7,7.08,35.6,235.38,262.97,271.91,282.09,0,,,235.38,,0,,0,,,,,
2015-06-04,247.72,248.57,242.33,246.28,20759124,278.73,242.33,7.02,35.23,234.95,262.47,271.91,271.91,0,,,234.95,,0,,0,,,,,
2015-06-05,247.21,248.23,240.25,241.18,23735127,278.59,240.25,7.09,31.91,230.92,261.83,271.91,271.91,0,,,230.92,,0,,0,,,,,
2015-06-08,242.5,242.5,238.0,240.38,21145729,278.45,238.0,6.91,31.41,229.77,261.27,270.41,271.91,0,,,229.77,,0,,0,,,,,
2015-06-09,240.16,244.32,239.44,243.73,19411474,278.29,238.0,6.76,35.94,232.03,260.99,267.9,270.41,0,,,232.03,,0,,0,,,,,
2015-06-10,243.64,249.88,243.39,248.31,17487792,278.16,238.0,6.74,41.61,235.0,260.17,267.9,267.9,0,,,235.0,,0,,0,,,,,
2015-06-11,251.29,252.3,243.22,244.92,21760535,277.99,238.0,6.91,38.86,232.7,259.15,267.9,267.9,0,,,232.7,,0,,0,,,,,
2015-06-12,245.77,252.13,243.77,251.24,20748570,277.86,238.0,7.01,46.01,236.71,258.31,267.9,267.9,0,,,236.71,,0,,0,,,,,
2015-06-15,250.44,254.98,248.91,254.0,17020704,277.72,238.0,6.95,48.82,238.53,257.62,267.9,267.9,0,,,238.53,,0,,0,,,,,
2015-06-16,252.18,257.23,249.5,256.42,15828124,277.57,238.0,7.0,51.22,240.06,257.03,267.9,267.9,0,,,240.06,,0,,0,,,,,
2015-06-17,258.29,258.33,254.72,255.83,16849471,277.4,238.0,6.76,50.6,239.84,256.87,267.73,267.9,0,,,239.84,,0,,0,,,,,
2015-06-18,258.54,259.52,256.68,257.52,15455462,277.26,238.0,6.54,52.38,241.07,256.98,266.23,267.73,0,,,241.07,,0,,0,,,,,
2015-06-19,255.02,259.77,255.02,258.54,9060393,277.11,238.0,6.41,53.48,241.82,256.78,266.23,266.23,0,,,241.82,,0,,0,,,,,
2015-06-22,260.11,268.18,259.82,267.46,17123638,276.99,238.0,6.64,61.75,247.42,256.7,268.18,266.23,0,,,247.42,,0,,0,,,,,
2015-06-23,267.37,268.94,264.87,266.14,13093667,276.88,238.0,6.46,60.05,246.69,256.99,268.94,268.18,0,,,246.69,,0,,0,,,,,
2015-06-24,266.31,272.0,265.42,269.75,14984900,276.8,238.0,6.47,63.04,249.01,257.15,272.0,268.94,0,,,249.01,,0,,0,,,,,
2015-06-25,268.56,271.36,265.89,267.25,18385230,276.72,238.0,6.4,59.7,247.45,257.29,272.0,272.0,0,,,247.45,,0,,0,,,,,
2015-06-26,267.41,267.46,261.94,264.61,11342004,276.61,238.0,6.33,56.31,245.78,257.43,272.0,272.0,0,,,245.78,,0,,0,,,,,
2015-06-29,256.38,265.72,254.81,264.19,11605396,276.5,239.44,6.66,55.77,245.78,257.43,272.0,272.0,0,,,245.78,,0,,0,,,,,
2015-06-30,263.21,266.23,258.12,261.47,15125139,276.37,243.22,6.76,52.25,245.21,257.38,272.0,272.0,0,,,245.21,,0,,0,,,,,
2015-07-01,262.07,266.14,262.07,265.04,15481941,276.21,243.22,6.61,56.16,247.61,257.34,272.0,272.0,0,,,247.61,,0,,0,,,,,
2015-07-02,266.82,267.8,264.1,265.72,9252723,276.0,243.77,6.41,56.88,248.38,257.48,272.0,272.0,0,,,248.38,,0,,0,,,,,
2015-07-03,264.66,267.84,263.93,267.03,5716323,275.85,248.91,6.23,58.31,251.05,257.66,272.0,272.0,0,,,251.05,,0,,0,,,,,
2015-07-06,262.41,268.9,259.14,267.54,8562220,275.73,249.5,6.48,58.88,251.41,257.89,272.0,272.0,0,,,251.41,,0,,0,,,,,
2015-07-07,266.57,269.96,264.49,265.38,10617091,275.58,254.72,6.41,55.42,251.8,258.12,272.0,272.0,0,,,251.8,,0,,0,,,,,
2015-07-08,261.81,264.53,260.03,261.09,13252578,275.37,254.81,6.33,49.23,249.12,258.11,272.0,272.0,0,,,249.12,,0,,0,,,,,
2015-07-09,260.62,263.98,259.52,262.75,6959346,275.17,254.81,6.2,51.49,250.28,258.12,272.0,272.0,0,,,250.28,,0,,0,,,,,
2015-07-10,265.29,267.33,263.38,265.84,10664155,274.97,254.81,6.08,55.46,252.35,258.16,272.0,272.0,0,,,252.35,,0,,0,,,,,
2015-07-13,266.99,269.28,265.55,268.6,8964077,274.76,254.81,5.92,58.71,254.24,258.31,272.0,272.0,0,,,254.24,,0,,0,,,,,
2015-07-14,269.11,269.2,264.91,266.1,8304877,274.52,254.81,5.8,54.81,252.71,258.7,272.0,272.0,0,,,252.71,,0,,0,,,,,
2015-07-15,266.48,268.26,266.01,267.12,7378092,274.3,254.81,5.55,56.09,253.53,259.38,272.0,272.0,0,,,253.53,,0,,0,,,,,
2015-07-16,267.2,270.17,266.91,269.2,13466904,274.13,254.81,5.38,58.66,254.98,260.15,272.0,272.0,0,,,254.98,,0,,0,,,,,
2015-07-17,269.96,272.51,268.73,269.49,9339699,273.97,254.81,5.27,59.03,255.25,261.09,272.51,272.0,0,,,255.25,,0,,0,,,,,
2015-07-20,270.77,271.49,264.95,268.09,9420104,273.8,258.12,5.36,56.46,255.39,262.01,272.51,272.51,0,,,255.39,,0,,0,,,,,
2015-07-21,269.54,269.54,263.51,264.4,10702263,273.63,259.14,5.41,50.27,253.31,262.7,272.51,272.51,0,,,253.31,,0,,0,,,,,
2015-07-22,263.85,269.71,263.0,268.94,11141670,273.5,259.14,5.5,56.58,256.18,263.39,272.51,272.51,0,,,256.18,,0,,0,,,,,
2015-07-23,268.99,269.71,265.08,265.63,15214876,273.35,259.14,5.44,51.45,254.09,264.08,272.51,272.51,0,,,254.09,,0,,0,,,,,
2015-07-24,264.7,264.7,254.09,255.19,21177605,273.21,254.09,5.87,39.34,245.38,264.21,272.51,272.51,0,,,245.38,,0,,0,,,,,
2015-07-27,254.55,254.55,246.28,247.13,11212545,273.01,246.28,6.09,32.9,237.43,263.98,272.51,272.51,0,,,237.43,,0,,0,,,,,
2015-07-28,247.63,250.73,239.99,241.95,25395273,272.69,239.99,6.42,29.56,231.77,263.5,272.51,272.51,0,,,231.77,,0,,0,,,,,
2015-07-29,244.07,246.11,241.14,245.55,13165836,272.35,239.99,6.32,34.54,234.16,263.16,272.51,272.51,0,,,234.16,,0,,0,,,,,
2015-07-30,246.19,249.29,244.07,247.04,13705803,272.0,239.99,6.24,36.54,235.18,262.81,272.51,272.51,0,,,235.18,,0,,0,,,,,
2015-07-31,249.97,262.24,249.67,256.72,38967790,271.75,239.99,6.88,47.72,240.99,262.75,272.51,272.51,0,,,240.99,,0,,0,,,,,
2015-08-03,258.46,266.57,258.25,265.63,28709585,271.55,239.99,7.09,55.5,246.6,262.69,272.51,272.51,0,,,246.6,,0,,0,,,,,
2015-08-04,266.14,267.63,260.67,266.61,16797983,271.38,239.99,7.08,56.27,247.24,262.7,272.51,272.51,0,,,247.24,,0,,0,,,,,
2015-08-05,267.2,271.49,262.32,264.32,13798462,271.2,239.99,7.23,53.92,245.66,262.52,272.51,272.51,0,,,245.66,,0,,0,,,,,
2015-08-06,265.5,265.59,261.01,264.06,12210084,271.01,239.99,7.04,53.65,245.62,262.41,272.51,272.51,0,,,245.62,,0,,0,,,,,
2015-08-07,263.09,265.33,261.85,263.3,6215341,270.8,239.99,6.79,52.8,245.3,262.37,272.51,272.51,0,,,245.3,,0,,0,,,,,
2015-08-10,263.17,266.57,260.75,262.83,7698226,270.59,239.99,6.72,52.25,245.04,262.33,272.51,272.51,0,,,245.04,,0,,0,,,,,
2015-08-11,263.09,263.09,255.32,256.59,10431195,270.29,239.99,6.79,45.51,240.97,262.16,272.51,272.51,0,,,240.97,,0,,0,,,,,
2015-08-12,254.68,254.81,246.28,247.59,10292540,269.92,239.99,7.05,37.91,235.0,261.58,272.51,272.51,0,,,235.0,,0,,0,,,,,
2015-08-13,250.65,253.58,246.91,247.8,13754705,269.64,239.99,7.02,38.17,235.15,260.98,272.51,272.51,0,,,235.15,,0,,0,,,,,
2015-08-14,249.8,257.91,247.93,256.89,9669851,269.47,239.99,7.24,48.25,240.86,260.65,271.49,272.51,0,,,240.86,,0,,0,,,,,
2015-08-17,256.34,258.67,252.01,257.14,8331141,269.25,239.99,7.2,48.5,241.05,260.3,271.49,271.49,0,,,241.05,,0,,0,,,,,
2015-08-18,257.23,258.25,252.73,255.61,5936462,269.05,241.14,7.08,47.01,240.53,259.97,271.49,271.49,0,,,240.53,,0,,0,,,,,
2015-08-19,255.57,259.27,255.11,258.5,8754270,268.84,244.07,6.87,50.12,243.51,259.89,271.49,271.49,0,,,243.51,,0,,0,,,,,
2015-08-20,254.89,260.41,251.16,253.2,15936951,268.64,246.28,7.04,44.91,240.71,259.57,271.49,271.49,0,,,240.71,,0,,0,,,,,
2015-08-21,249.37,252.9,245.0,251.71,13769807,268.44,245.0,7.12,43.54,239.27,259.1,271.49,271.49,0,,,239.27,,0,,0,,,,,
2015-08-24,239.74,241.82,227.09,229.17,33312582,268.0,227.09,8.37,29.07,217.93,257.78,271.49,271.49,0,,,217.93,,0,,0,,,,,
2015-08-25,234.77,241.44,226.79,240.67,26553623,267.64,226.79,8.82,40.02,224.95,256.94,271.49,271.49,0,,,224.95,,0,,0,,,,,
2015-08-26,237.66,239.61,234.05,236.05,16189880,267.21,226.79,8.66,37.52,222.07,255.9,271.49,271.49,0,,,222.07,,0,,0,,,,,
2015-08-27,240.04,241.52,237.87,239.78,27884874,266.76,226.79,8.44,40.74,224.63,254.92,271.49,271.49,0,,,224.63,,0,,0,,,,,
2015-08-28,241.99,245.6,239.1,240.84,14365759,266.31,226.79,8.3,41.66,225.41,253.96,271.49,271.49,0,,,225.41,,0,,0,,,,,
2015-08-31,240.16,241.39,234.6,235.92,15079961,265.83,226.79,8.19,38.66,222.31,252.89,271.49,271.49,0,,,222.31,,0,,0,,,,,
2015-09-01,233.46,236.39,227.77,230.02,17342438,265.3,226.79,8.22,35.36,218.48,251.75,271.49,271.49,0,,,218.48,,0,,0,,,,,
2015-09-02,234.31,234.94,223.36,224.84,18825908,264.66,223.36,8.46,32.73,213.83,250.28,266.57,271.49,0,,,213.83,,0,,0,,,,,
2015-09-03,228.07,229.04,222.17,226.54,16509187,264.04,222.17,8.35,34.45,214.61,248.97,266.57,266.57,0,,,214.61,,0,,0,,,,,
2015-09-04,224.88,225.05,216.18,218.81,21605844,263.38,216.18,8.49,30.61,207.53,247.76,266.57,266.57,0,,,207.53,,0,,0,,,,,
2015-09-07,220.77,221.78,210.28,211.47,21698736,262.78,210.28,8.71,27.47,200.69,246.57,263.09,266.57,0,,,200.69,,0,,0,,,,,
2015-09-08,213.76,222.68,211.55,221.4,18300349,262.3,210.28,8.88,36.89,206.97,245.89,260.41,263.09,0,,,206.97,,0,,0,,,,,
2015-09-09,227.47,228.36,222.97,224.59,24478703,261.87,210.28,8.75,39.61,209.12,245.19,260.41,260.41,0,,,209.12,,0,,0,,,,,
2015-09-10,220.72,229.21,217.54,227.01,13718266,261.47,210.28,8.96,41.66,210.54,244.52,260.41,260.41,0,,,210.54,,0,,0,,,,,
2015-09-11,226.96,229.13,224.46,227.13,14872838,261.11,210.28,8.65,41.76,210.83,243.53,260.41,260.41,0,,,210.83,,0,,0,,,,,
2015-09-14,226.03,232.01,223.36,231.25,13300446,260.82,210.28,8.65,45.42,213.48,242.39,260.41,260.41,0,,,213.48,,0,,0,,,,,
2015-09-15,231.76,231.76,226.5,227.94,14825729,260.56,210.28,8.41,43.08,211.51,241.1,260.41,260.41,0,,,211.51,,0,,0,,,,,
2015-09-16,231.34,232.57,228.41,231.63,13377086,260.26,210.28,8.14,46.39,214.07,240.01,260.41,260.41,0,,,214.07,,0,,0,,,,,
2015-09-18,236.22,242.24,233.29,235.88,21286324,259.97,210.28,8.31,50.0,216.69,239.07,252.9,260.41,0,,,216.69,,0,,0,,,,,
2015-09-21,230.83,238.0,230.06,237.11,11510079,259.67,210.28,8.29,51.03,217.5,238.2,245.6,252.9,0,,,217.5,,0,,0,,,,,
2015-09-22,236.0,238.0,228.45,229.68,14741229,259.29,210.28,8.38,45.01,212.65,237.09,245.6,245.6,0,,,212.65,,0,,0,,,,,
2015-09-23,226.62,233.46,224.25,232.06,12489166,258.95,210.28,8.44,47.16,214.15,236.27,245.6,245.6,0,,,214.15,,0,,0,,,,,
2015-09-24,230.4,232.27,226.67,227.77,10557228,258.57,210.28,8.23,43.83,211.52,235.61,245.6,245.6,0,,,211.52,,0,,0,,,,,
2015-09-28,230.91,231.5,226.2,227.6,8561999,258.2,210.28,8.02,43.7,211.55,234.94,245.6,245.6,0,,,211.55,,0,,0,,,,,
2015-09-29,223.86,231.46,217.62,228.36,29415623,257.88,210.28,8.44,44.5,211.76,233.99,242.24,245.6,0,,,211.76,,0,,0,,,,,
2015-09-30,230.32,231.17,225.56,229.51,13700514,257.58,211.55,8.24,45.76,213.06,233.07,242.24,242.24,0,,,213.06,,0,,0,,,,,
2015-10-01,232.14,232.14,225.86,226.75,7677876,257.28,217.54,8.1,43.23,213.37,232.11,242.24,242.24,0,,,213.37,,0,,0,,,,,
2015-10-05,231.25,239.4,231.25,238.51,13756761,257.07,217.54,8.42,54.73,220.74,231.44,242.24,242.24,0,,,220.74,,0,,0,,,,,
2015-10-06,241.1,241.82,237.7,240.04,10497246,256.89,217.62,8.12,55.98,221.96,231.0,242.24,242.24,0,,,221.96,,0,,0,,,,,
2015-10-07,238.47,240.93,235.33,240.25,7765703,256.62,217.62,7.94,56.16,222.21,230.62,242.24,242.24,0,,,222.21,,0,,0,,,,,
2015-10-08,239.74,239.74,235.28,236.39,6649535,256.26,217.62,7.72,51.98,219.86,230.86,242.24,242.24,0,,,219.86,,0,,0,,,,,
2015-10-09,238.98,244.41,238.17,242.88,11102562,255.94,217.62,7.75,57.68,224.03,230.93,244.41,242.24,0,,,224.03,,0,,0,,,,,
2015-10-12,244.24,247.46,242.16,244.15,7892259,255.62,217.62,7.57,58.72,224.97,231.2,247.46,244.41,0,,,224.97,,0,,0,,,,,
2015-10-13,242.71,245.94,241.52,244.03,6102034,255.31,217.62,7.35,58.57,225.04,231.35,247.46,247.46,0,,,225.04,,0,,0,,,,,
2015-10-14,240.63,242.12,239.36,240.16,5325426,255.06,217.62,7.15,53.93,222.67,231.32,247.46,247.46,0,,,222.67,,0,,0,,,,,
2015-10-15,241.1,243.64,240.8,243.09,6759388,254.82,217.62,6.89,56.73,224.74,231.56,247.46,247.46,0,,,224.74,,0,,0,,,,,
2015-10-16,243.22,248.48,239.87,245.72,8890588,254.61,217.62,7.01,59.12,226.35,232.08,248.48,247.46,0,,,226.35,,0,,0,,,,,
2015-10-19,245.68,246.11,242.46,243.81,5806930,254.36,217.62,6.77,56.67,225.28,232.72,248.48,248.48,0,,,225.28,,0,,0,,,,,
2015-10-20,243.22,245.77,241.35,242.97,8710318,254.14,217.62,6.61,55.57,224.85,233.26,248.48,248.48,0,,,224.85,,0,,0,,,,,
2015-10-21,242.41,244.37,236.68,239.99,5616168,253.89,225.56,6.68,51.76,225.52,233.97,248.48,248.48,0,,,225.52,,0,,0,,,,,
2015-10-23,242.75,245.34,241.65,243.01,8208290,253.65,225.86,6.59,55.12,227.64,235.02,248.48,248.48,0,,,227.64,,0,,0,,,,,
2015-10-26,244.28,245.98,240.89,242.24,6085533,253.4,231.25,6.48,54.09,229.01,235.72,248.48,248.48,0,,,229.01,,0,,0,,,,,
2015-10-27,241.1,242.71,239.48,240.84,6090339,253.17,235.28,6.25,52.17,229.6,236.26,248.48,248.48,0,,,229.6,,0,,0,,,,,
2015-10-28,237.7,238.3,228.45,230.23,15503186,252.93,228.45,6.69,40.45,220.19,236.37,248.48,248.48,0,,,220.19,,0,,0,,,,,
2015-10-29,231.17,232.86,229.51,230.44,9035266,252.72,228.45,6.45,40.74,220.48,236.48,248.48,248.48,0,,,220.48,,0,,0,,,,,
2015-10-30,231.12,237.4,229.64,235.16,27623495,252.56,228.45,6.54,46.86,223.47,236.61,248.48,248.48,0,,,223.47,,0,,0,,,,,
2015-11-02,235.16,238.81,234.05,237.32,11398428,252.38,228.45,6.42,49.44,224.94,236.92,248.48,248.48,0,,,224.94,,0,,0,,,,,
2015-11-03,238.04,239.99,236.17,237.24,9079788,252.24,228.45,6.23,49.34,225.02,237.11,248.48,248.48,0,,,225.02,,0,,0,,,,,
2015-11-04,238.51,238.51,231.34,232.06,7389933,252.04,228.45,6.3,43.49,221.63,236.98,248.48,248.48,0,,,221.63,,0,,0,,,,,
2015-11-05,230.91,232.18,228.15,229.26,11422504,251.8,228.15,6.14,40.68,219.83,236.72,248.48,248.48,0,,,219.83,,0,,0,,,,,
2015-11-06,229.13,229.13,224.76,226.75,12121540,251.55,224.76,6.02,38.29,217.16,236.62,248.48,248.48,0,,,217.16,,0,,0,,,,,
2015-11-09,220.13,224.97,217.33,223.4,13448248,251.24,217.33,6.26,35.32,212.36,236.33,248.48,248.48,0,,,212.36,,0,,0,,,,,
2015-11-10,222.0,226.16,221.11,223.1,8652695,250.94,217.33,6.18,35.05,212.23,236.18,248.48,248.48,0,,,212.23,,0,,0,,,,,
2015-11-13,221.02,223.27,219.87,222.21,10160904,250.66,217.33,5.98,34.24,211.78,236.0,248.48,248.48,0,,,211.78,,0,,0,,,,,
2015-11-16,221.57,227.81,220.38,226.88,8992376,250.42,217.33,6.08,41.87,214.73,235.95,248.48,248.48,0,,,214.73,,0,,0,,,,,
2015-11-17,230.66,231.21,225.01,227.39,17959700,250.15,217.33,6.09,42.65,215.05,235.88,248.48,248.48,0,,,215.05,,0,,0,,,,,
2015-11-18,226.67,227.73,220.3,221.11,9500657,249.85,217.33,6.18,36.19,210.94,235.69,246.11,248.48,0,,,210.94,,0,,0,,,,,
2015-11-19,223.27,227.51,222.93,226.16,9618626,249.6,217.33,6.2,43.59,214.18,235.28,245.98,246.11,0,,,214.18,,0,,0,,,,,
2015-11-20,224.63,229.42,223.69,224.93,9819811,249.34,217.33,6.17,42.31,213.41,234.77,245.98,245.98,0,,,213.41,,0,,0,,,,,
2015-11-23,225.82,227.3,218.43,225.77,12735592,249.11,217.33,6.36,43.53,213.83,234.29,245.98,245.98,0,,,213.83,,0,,0,,,,,
2015-11-24,223.57,225.31,220.43,223.57,11775700,248.88,217.33,6.29,41.07,212.45,233.86,245.98,245.98,0,,,212.45,,0,,0,,,,,
2015-11-26,223.48,227.26,223.48,224.12,13255344,248.64,217.33,6.11,41.95,212.93,233.24,242.71,245.98,0,,,212.93,,0,,0,,,,,
2015-11-27,225.6,230.06,224.46,229.26,11608418,248.44,217.33,6.1,49.57,216.25,232.74,239.99,242.71,0,,,216.25,,0,,0,,,,,
2015-11-30,227.68,235.58,227.68,232.23,16528998,248.25,217.33,6.22,53.37,218.08,232.35,239.99,239.99,0,,,218.08,,0,,0,,,,,
2015-12-01,233.5,234.94,232.01,232.52,6603705,248.06,217.33,5.99,53.74,218.43,232.09,239.99,239.99,0,,,218.43,,0,,0,,,,,
2015-12-02,233.08,233.8,227.98,229.55,7161062,247.88,217.33,5.98,49.45,216.52,231.64,239.99,239.99,0,,,216.52,,0,,0,,,,,
2015-12-03,228.07,229.26,225.05,225.65,8549273,247.7,218.43,5.87,44.43,214.44,230.97,239.99,239.99,0,,,214.44,,0,,0,,,,,
2015-12-04,223.31,224.12,221.4,221.95,9085607,247.36,218.43,5.76,40.25,212.13,230.24,238.51,239.99,0,,,212.13,,0,,0,,,,,
2015-12-07,224.37,224.59,222.08,223.31,5522740,247.01,218.43,5.53,42.4,213.16,229.59,235.58,238.51,0,,,213.16,,0,,0,,,,,
2015-12-08,222.21,222.85,220.43,221.95,11624224,246.65,218.43,5.34,40.82,212.41,228.99,235.58,235.58,0,,,212.41,,0,,0,,,,,
2015-12-09,221.4,222.38,219.37,220.26,8129762,246.28,218.43,5.18,38.88,211.43,228.23,235.58,235.58,0,,,211.43,,0,,0,,,,,
2015-12-10,221.44,222.34,217.33,219.83,11053207,245.92,217.33,5.17,38.39,210.79,227.48,235.58,235.58,0,,,210.79,,0,,0,,,,,
2015-12-11,221.19,221.66,209.81,211.64,18851171,245.6,209.81,5.64,30.39,202.68,226.51,235.58,235.58,0,,,202.68,,0,,0,,,,,
2015-12-14,209.94,213.89,207.99,211.39,13279719,245.31,207.99,5.66,30.19,201.9,225.88,235.58,235.58,0,,,201.9,,0,,0,,,,,
2015-12-15,210.45,210.45,206.33,209.18,13675557,244.94,206.33,5.62,28.35,199.95,225.17,235.58,235.58,0,,,199.95,,0,,0,,,,,
2015-12-16,209.9,215.21,206.84,213.97,18885293,244.57,206.33,5.81,37.25,202.91,224.47,235.58,235.58,0,,,202.91,,0,,0,,,,,
2015-12-17,215.59,216.73,212.32,214.91,17692297,244.29,206.33,5.71,38.86,203.58,223.72,235.58,235.58,0,,,203.58,,0,,0,,,,,
2015-12-18,214.02,214.78,212.11,212.32,14450734,243.93,206.33,5.51,36.12,202.05,222.89,235.58,235.58,0,,,202.05,,0,,0,,,,,
2015-12-21,212.32,220.3,212.23,219.2,14307700,243.64,206.33,5.69,46.85,206.37,222.46,235.58,235.58,0,,,206.37,,0,,0,,,,,
2015-12-22,217.75,223.69,217.71,220.34,21342967,243.37,206.33,5.71,48.39,207.09,222.16,235.58,235.58,0,,,207.09,,0,,0,,,,,
2015-12-23,220.38,223.23,219.96,222.29,11533960,243.1,206.33,5.54,51.02,208.46,222.01,235.58,235.58,0,,,208.46,,0,,0,,,,,
2015-12-24,223.27,223.78,218.43,218.98,6097366,242.8,206.33,5.52,46.68,206.34,221.87,235.58,235.58,0,,,206.34,,0,,0,,,,,
2015-12-28,220.77,224.97,220.72,224.16,12041784,242.52,206.33,5.56,53.37,209.66,221.9,235.58,235.58,0,,,209.66,,0,,0,,,,,
2015-12-29,224.12,226.24,222.0,224.76,9054719,242.28,206.33,5.46,54.08,210.11,221.99,234.94,235.58,0,,,210.11,,0,,0,,,,,
2015-12-30,223.48,224.5,222.21,222.72,10025565,242.02,206.33,5.25,51.2,208.93,221.85,233.8,234.94,0,,,208.93,,0,,0,,,,,
2015-12-31,222.51,223.99,220.85,221.87,8546444,241.76,206.33,5.1,50.0,208.48,221.66,229.26,233.8,0,,,208.48,,0,,0,,,,,
2016-01-01,221.83,223.78,219.03,223.27,5998096,241.52,206.33,5.08,51.99,209.4,221.74,226.24,229.26,0,,,209.4,,0,,0,,,,,
2016-01-04,221.57,221.87,216.18,216.95,9435792,241.23,206.33,5.22,43.55,205.23,221.43,226.24,226.24,0,,,205.23,,0,,0,,,,,
2016-01-05,217.54,218.6,213.68,217.92,8966977,240.93,206.33,5.2,45.03,205.87,221.19,226.24,226.24,0,,,205.87,,0,,0,,,,,
2016-01-06,216.82,217.96,211.55,212.32,17416181,240.58,206.84,5.29,38.74,202.37,220.75,226.24,226.24,0,,,202.37,,0,,0,,,,,
2016-01-07,209.18,210.28,206.38,209.47,18240712,240.22,206.38,5.33,35.98,200.35,220.28,226.24,226.24,0,,,200.35,,0,,0,,,,,
2016-01-08,207.56,210.37,206.67,208.03,14404391,239.91,206.38,5.22,34.64,199.5,219.74,226.24,226.24,0,,,199.5,,0,,0,,,,,
2016-01-11,205.36,207.06,202.09,203.28,14208668,239.62,202.09,5.27,30.59,194.97,218.87,226.24,226.24,0,,,194.97,,0,,0,,,,,
2016-01-12,204.59,205.32,200.01,200.99,11895899,239.32,200.01,5.27,28.84,192.79,217.83,226.24,226.24,0,,,192.79,,0,,0,,,,,
2016-01-13,201.88,206.21,196.19,203.32,18215710,239.07,196.19,5.61,33.04,192.8,216.86,226.24,226.24,0,,,192.8,,0,,0,,,,,
2016-01-14,198.82,203.57,196.78,200.14,14600781,238.8,196.19,5.69,30.4,190.69,215.88,226.24,226.24,0,,,190.69,,0,,0,,,,,
2016-01-15,200.01,200.6,188.25,190.54,22333902,238.44,188.25,6.17,24.14,181.54,214.71,226.24,226.24,0,,,181.54,,0,,0,,,,,
2016-01-18,190.33,194.15,184.9,189.4,30239009,238.05,184.9,6.39,23.52,179.54,213.62,226.24,226.24,0,,,179.54,,0,,0,,,,,
2016-01-19,190.71,196.32,190.71,194.19,16222439,237.71,184.9,6.43,31.48,182.6,212.65,226.24,226.24,0,,,182.6,,0,,0,,,,,
2016-01-20,190.93,193.47,186.85,190.5,14353478,237.31,184.9,6.49,28.98,180.18,211.6,226.24,226.24,0,,,180.18,,0,,0,,,,,
2016-01-21,193.98,198.23,190.33,192.11,15665863,236.89,184.9,6.59,31.53,181.15,210.67,226.24,226.24,0,,,181.15,,0,,0,,,,,
2016-01-22,197.46,199.42,195.09,197.59,15148522,236.5,184.9,6.64,39.51,184.65,209.92,226.24,226.24,0,,,184.65,,0,,0,,,,,
2016-01-25,200.31,202.47,198.82,200.39,17137268,236.13,184.9,6.52,43.16,186.54,209.55,226.24,226.24,0,,,186.54,,0,,0,,,,,
2016-01-27,202.05,203.15,199.25,201.45,12155561,235.76,184.9,6.33,44.52,187.35,209.22,224.5,226.24,0,,,187.35,,0,,0,,,,,
2016-01-28,202.51,203.36,196.32,197.97,24258166,235.35,184.9,6.38,41.04,185.07,208.84,223.99,224.5,0,,,185.07,,0,,0,,,,,
2016-01-29,185.92,198.91,185.92,195.38,47755494,234.87,184.9,6.85,38.62,183.08,208.23,223.78,223.99,0,,,183.08,,0,,0,,,,,
2016-02-01,192.71,193.01,183.29,184.39,40395715,234.33,183.29,7.23,30.43,175.21,207.21,221.87,223.78,0,,,175.21,,0,,0,,,,,
2016-02-02,185.07,186.51,178.02,178.62,31821419,233.72,178.02,7.32,27.17,169.67,206.08,218.6,221.87,0,,,169.67,,0,,0,,,,,
2016-02-03,175.73,177.26,171.95,173.23,23592288,233.09,171.95,7.27,24.52,164.2,204.55,217.96,218.6,0,,,164.2,,0,,0,,,,,
2016-02-04,175.22,175.22,170.21,173.14,30869158,232.49,170.21,7.11,24.48,163.67,202.98,210.37,217.96,0,,,163.67,,0,,0,,,,,
2016-02-05,174.46,179.13,172.84,177.77,36189377,231.91,170.21,7.05,31.14,166.7,201.5,210.37,210.37,0,,,166.7,,0,,0,,,,,
2016-02-08,179.13,182.95,175.01,177.05,19366081,231.35,170.21,7.12,30.69,166.19,200.1,207.06,210.37,0,,,166.19,,0,,0,,,,,
2016-02-09,173.18,179.55,170.42,177.77,20906682,230.76,170.21,7.26,31.76,166.56,198.55,206.21,207.06,0,,,166.56,,0,,0,,,,,
2016-02-10,172.42,177.85,171.49,175.94,22742128,230.17,170.21,7.19,30.47,165.42,196.92,206.21,206.21,0,,,165.42,,0,,0,,,,,
2016-02-11,172.97,175.69,168.09,169.15,31817116,229.51,168.09,7.24,26.22,160.3,195.14,203.57,206.21,0,,,160.3,,0,,0,,,,,
2016-02-12,166.9,168.43,161.72,164.31,41775526,228.83,161.72,7.26,23.69,155.05,193.22,203.36,203.57,0,,,155.05,,0,,0,,,,,
2016-02-15,164.61,175.98,164.61,172.76,34130349,228.21,161.72,7.57,35.43,160.29,191.54,203.36,203.36,0,,,160.29,,0,,0,,,,,
2016-02-16,175.73,175.73,165.97,166.9,20895952,227.58,161.72,7.73,31.78,156.41,189.87,203.36,203.36,0,,,156.41,,0,,0,,,,,
2016-02-17,166.82,167.37,160.32,161.93,28792115,226.91,160.32,7.68,29.04,152.77,188.0,203.36,203.36,0,,,152.77,,0,,0,,,,,
2016-02-18,164.27,168.94,164.01,166.52,32260277,226.25,160.32,7.63,34.63,155.76,186.47,203.36,203.36,0,,,155.76,,0,,0,,,,,
2016-02-19,166.22,171.02,165.75,168.77,17617480,225.58,160.32,7.46,37.25,157.32,185.12,203.36,203.36,0,,,157.32,,0,,0,,,,,
2016-02-22,167.66,170.89,166.77,168.47,17567788,224.93,160.32,7.22,37.03,157.29,183.8,203.36,203.36,0,,,157.29,,0,,0,,,,,
2016-02-23,169.28,169.28,161.51,163.0,20001984,224.23,160.32,7.26,33.3,153.73,182.46,203.36,203.36,0,,,153.73,,0,,0,,,,,
2016-02-24,160.45,162.32,157.77,158.75,20654961,223.5,157.77,7.12,30.72,150.24,181.05,203.36,203.36,0,,,150.24,,0,,0,,,,,
2016-02-25,159.35,160.45,154.12,155.36,38340699,222.74,154.12,7.06,28.79,146.87,179.45,198.91,203.36,0,,,146.87,,0,,0,,,,,
2016-02-26,156.46,157.86,153.45,156.88,24687792,222.0,153.45,6.87,30.88,147.76,178.01,193.01,198.91,0,,,147.76,,0,,0,,,,,
2016-02-29,156.88,166.31,154.25,161.34,43510436,221.31,153.45,7.24,36.74,150.39,177.03,186.51,193.01,0,,,150.39,,0,,0,,,,,
2016-03-01,165.75,175.26,165.75,173.99,27223692,220.68,153.45,7.72,49.76,158.23,176.52,182.95,186.51,0,,,158.23,,0,,0,,,,,
2016-03-02,179.72,187.95,179.21,186.77,40766551,220.15,153.45,8.17,58.95,166.17,176.27,187.95,182.95,0,,,166.17,,0,,0,,,,,
2016-03-03,185.58,187.02,181.84,185.07,22903720,219.68,153.45,7.95,57.44,165.22,176.09,187.95,187.95,0,,,165.22,,0,,0,,,,,
2016-03-04,188.25,190.5,185.96,187.19,24493722,219.28,153.45,7.77,58.86,166.71,175.93,190.5,187.95,0,,,166.71,,0,,0,,,,,
2016-03-08,186.72,186.72,181.93,184.09,18883002,218.9,153.45,7.59,55.94,164.83,175.48,190.5,190.5,0,,,164.83,,0,,0,,,,,
2016-03-09,180.65,184.98,178.32,183.67,17300650,218.49,153.45,7.53,55.53,164.6,174.92,190.5,190.5,0,,,164.6,,0,,0,,,,,
2016-03-10,185.07,185.79,182.18,182.95,13551255,218.06,153.45,7.25,54.81,164.32,174.3,190.5,190.5,0,,,164.32,,0,,0,,,,,
2016-03-11,181.12,185.53,180.48,181.54,14879621,217.56,153.45,7.09,53.33,163.52,173.76,190.5,190.5,0,,,163.52,,0,,0,,,,,
2016-03-14,185.92,189.14,185.62,188.17,16726756,217.04,153.45,7.13,58.92,167.77,173.52,190.5,190.5,0,,,167.77,,0,,0,,,,,
2016-03-15,189.14,190.88,187.19,187.91,13475557,216.52,153.45,6.88,58.63,167.77,173.63,190.88,190.5,0,,,167.77,,0,,0,,,,,
2016-03-16,186.68,193.05,185.53,192.2,17144832,216.03,153.45,6.93,62.02,170.5,174.09,193.05,190.88,0,,,170.5,,0,,0,,,,,
2016-03-17,195.26,200.56,190.97,193.35,32391146,215.56,153.45,7.12,62.9,171.12,174.76,200.56,193.05,0,,,171.12,,0,,0,,,,,
2016-03-18,193.73,196.49,191.99,195.43,18370981,215.11,153.45,6.93,64.5,172.58,175.5,200.56,200.56,0,,,172.58,,0,,0,,,,,
2016-03-21,196.57,200.01,196.49,199.37,14818419,214.69,154.25,6.76,67.38,175.5,176.22,200.56,200.56,0,,,175.5,,0,,0,,,,,
2016-03-22,199.16,199.16,195.76,198.31,12269251,214.3,165.75,6.54,65.83,178.8,176.93,200.56,200.56,0,,,178.8,,0,,0,,,,,
2016-03-23,196.49,199.5,195.93,198.82,16987529,213.97,178.32,6.32,66.23,183.46,177.63,200.56,200.56,0,,,183.46,,0,,0,,,,,
2016-03-28,198.65,198.65,190.08,191.39,20214214,213.6,178.32,6.5,55.94,178.56,178.15,200.56,200.56,0,,,178.56,,0,,0,,,,,
2016-03-29,189.57,192.67,188.8,189.65,20447782,213.15,178.32,6.31,53.83,177.56,178.83,200.56,200.56,0,,,177.56,,0,,0,,,,,
2016-03-30,193.98,202.9,192.54,201.62,23016348,212.78,178.32,6.81,63.91,184.95,180.07,202.9,200.56,0,,,184.95,,0,,0,,,,,
2016-03-31,202.22,204.89,198.4,200.9,30614104,212.42,178.32,6.78,63.02,184.5,181.01,204.89,202.9,0,,,184.5,,0,,0,,,,,
2016-04-01,200.35,203.28,197.55,202.3,15677352,212.04,180.48,6.71,64.07,186.17,182.19,204.89,204.89,0,,,186.17,,0,,0,,,,,
2016-04-04,203.96,204.64,199.2,202.68,16716587,211.7,180.48,6.62,64.37,186.48,183.55,204.89,204.89,0,,,186.48,,0,,0,,,,,
2016-04-05,200.69,201.62,191.01,191.52,26547328,211.3,185.53,6.98,51.08,180.72,184.38,204.89,204.89,0,,,180.72,,0,,0,,,,,
2016-04-06,192.96,193.56,186.85,188.93,19185947,211.03,185.53,6.96,48.57,179.06,185.05,204.89,204.89,0,,,179.06,,0,,0,,,,,
2016-04-07,189.14,190.37,186.04,187.02,17724531,210.68,185.53,6.77,46.75,177.96,185.67,204.89,204.89,0,,,177.96,,0,,0,,,,,
2016-04-08,187.23,189.99,186.38,187.83,9986871,210.35,186.04,6.55,47.64,178.8,186.5,204.89,204.89,0,,,178.8,,0,,0,,,,,
2016-04-11,188.63,191.18,186.0,190.76,19813955,210.03,186.0,6.45,50.87,180.74,187.57,204.89,204.89,0,,,180.74,,0,,0,,,,,
2016-04-12,190.42,196.02,189.99,194.19,20594261,209.72,186.0,6.42,54.41,182.97,188.86,204.89,204.89,0,,,182.97,,0,,0,,,,,
2016-04-13,197.89,207.31,197.84,204.3,26283492,209.51,186.0,6.9,62.89,189.18,190.44,207.31,204.89,0,,,189.18,,0,,0,,,,,
2016-04-18,206.72,207.1,199.16,201.33,17531597,209.32,186.0,6.97,59.4,187.21,191.78,207.31,207.31,0,,,187.21,,0,,0,,,,,
2016-04-20,202.98,203.41,198.74,202.09,18650423,209.16,186.0,6.81,60.01,187.81,192.71,207.31,207.31,0,,,187.81,,0,,0,,,,,
2016-04-21,209.05,218.86,209.05,214.82,36699098,209.09,186.0,7.52,68.57,195.55,193.65,218.86,207.31,1,214.82,195.55,195.55,195.55,1,2016-04-21,0,,,34,,
2016-04-22,217.54,218.18,212.4,213.93,25884500,209.05,186.0,7.39,67.48,195.06,194.61,218.86,218.86,0,,,195.06,195.55,1,2016-04-21,0,,,34,,
2016-04-25,214.87,216.78,213.21,214.74,18121694,209.07,186.0,7.12,67.98,195.76,195.53,218.86,218.86,0,,,195.76,195.76,1,2016-04-21,0,,,34,,
2016-04-26,212.96,216.22,209.26,215.67,30185498,209.04,186.0,7.11,68.57,196.37,196.58,218.86,218.86,0,,,196.37,196.37,1,2016-04-21,0,,,34,,
2016-04-27,213.0,213.08,206.5,207.65,36932788,208.92,186.0,7.26,58.48,191.1,197.38,218.86,218.86,0,,,191.1,196.37,1,2016-04-21,1,208.92,SMA150_BREAK,34,5,-2.74
2016-04-28,208.33,210.54,202.9,203.83,41386507,208.77,186.0,7.28,54.38,188.61,198.08,218.86,218.86,0,,,188.61,,0,,0,,,,,
2016-04-29,204.38,207.48,196.36,201.16,71191415,208.6,186.0,7.56,51.65,186.71,198.73,218.86,218.86,0,,,186.71,,0,,0,,,,,
2016-05-02,192.96,195.68,191.35,192.5,36440547,208.34,186.0,7.72,43.95,181.02,198.87,218.86,218.86,0,,,181.02,,0,,0,,,,,
2016-05-03,191.65,195.26,186.77,187.7,29305611,208.07,186.0,7.77,40.36,177.88,198.87,218.86,218.86,0,,,177.88,,0,,0,,,,,
2016-05-04,185.45,187.45,181.21,182.05,36781786,207.74,181.21,7.68,36.57,172.7,198.53,218.86,218.86,0,,,172.7,,0,,0,,,,,
2016-05-05,181.93,186.68,181.46,182.22,27512684,207.38,181.21,7.51,36.77,172.93,198.16,218.86,218.86,0,,,172.93,,0,,0,,,,,
2016-05-06,181.67,186.98,180.99,185.58,22266141,207.04,180.99,7.4,40.6,175.1,197.83,218.86,218.86,0,,,175.1,,0,,0,,,,,
2016-05-09,186.43,191.86,186.0,191.27,19006901,206.78,180.99,7.32,46.51,178.82,197.56,218.86,218.86,0,,,178.82,,0,,0,,,,,
2016-05-10,191.35,193.13,188.97,191.44,22357177,206.51,180.99,7.09,46.68,179.08,197.33,218.86,218.86,0,,,179.08,,0,,0,,,,,
2016-05-11,186.77,192.33,185.66,190.12,32481385,206.26,180.99,7.06,45.47,178.25,197.04,218.86,218.86,0,,,178.25,,0,,0,,,,,
2016-05-12,193.98,197.72,193.77,196.78,23932051,206.05,180.99,7.1,52.22,182.52,197.22,218.86,218.86,0,,,182.52,,0,,0,,,,,
2016-05-13,195.64,195.64,189.65,192.28,23963285,205.81,180.99,7.1,47.91,179.62,197.31,218.86,218.86,0,,,179.62,,0,,0,,,,,
2016-05-16,193.3,193.3,184.81,189.95,21535308,205.55,180.99,7.2,45.79,178.05,196.92,218.86,218.86,0,,,178.05,,0,,0,,,,,
2016-05-17,191.31,193.13,188.68,191.82,18859442,205.32,180.99,7.01,47.78,179.38,196.62,218.86,218.86,0,,,179.38,,0,,0,,,,,
2016-05-18,189.31,193.09,188.29,192.24,17541869,205.01,180.99,6.85,48.24,179.76,196.28,218.86,218.86,0,,,179.76,,0,,0,,,,,
2016-05-19,192.24,193.98,190.33,191.48,16422069,204.68,180.99,6.62,47.43,179.42,195.91,218.18,218.86,0,,,179.42,,0,,0,,,,,
2016-05-20,191.44,192.11,186.43,186.85,14666521,204.33,180.99,6.55,42.71,176.48,195.75,216.78,218.18,0,,,176.48,,0,,0,,,,,
2016-05-23,188.55,190.08,187.06,187.7,14239474,204.0,180.99,6.32,43.81,177.19,195.71,216.22,216.78,0,,,177.19,,0,,0,,,,,
2016-05-24,188.97,191.18,188.12,190.63,10907585,203.66,180.99,6.11,47.57,179.21,195.83,213.08,216.22,0,,,179.21,,0,,0,,,,,
2016-05-25,192.67,200.01,192.37,199.5,20767970,203.36,180.99,6.35,56.95,184.78,196.22,210.54,213.08,0,,,184.78,,0,,0,,,,,
2016-05-26,200.26,206.29,197.8,204.72,33650773,203.1,180.99,6.5,61.34,188.04,196.68,207.48,210.54,0,,,188.04,,0,,0,,,,,
2016-05-27,202.9,210.71,202.13,206.42,26582685,202.87,184.81,6.65,62.67,190.31,197.09,210.71,207.48,0,,,190.31,,0,,0,,,,,
2016-05-30,206.5,209.35,202.73,207.56,15860236,202.63,184.81,6.65,63.58,191.05,197.2,210.71,210.71,0,,,191.05,,0,,0,,,,,
2016-05-31,210.92,211.39,204.85,207.69,18249239,202.38,184.81,6.64,63.69,191.14,197.41,211.39,210.71,0,,,191.14,,0,,0,,,,,
2016-06-01,207.06,208.37,202.98,203.79,11862710,202.11,184.81,6.55,58.1,188.68,197.47,211.39,211.39,0,,,188.68,,0,,0,,,,,
2016-06-02,202.98,205.78,201.71,204.89,15349530,201.86,184.81,6.37,59.19,189.51,197.14,211.39,211.39,0,,,189.51,,0,,0,,,,,
2016-06-03,206.21,209.18,205.44,206.93,16566716,201.64,184.81,6.22,61.2,190.92,196.91,211.39,211.39,0,,,190.92,,0,,0,,,,,
2016-06-06,206.63,208.84,205.44,206.72,11592082,201.4,186.43,6.02,60.87,191.46,196.64,211.39,211.39,0,,,191.46,,0,,0,,,,,
2016-06-07,208.41,216.35,207.73,215.71,25311345,201.22,186.43,6.28,68.7,197.09,196.64,216.35,211.39,1,215.71,197.09,197.09,197.09,1,2016-06-07,0,,,35,,
2016-06-08,216.65,221.74,214.61,218.73,25139392,201.07,186.43,6.34,70.82,199.0,197.01,221.74,216.35,0,,,199.0,199.0,1,2016-06-07,0,,,35,,
2016-06-09,218.18,220.09,214.95,216.1,13787240,200.98,186.43,6.25,66.6,197.36,197.42,221.74,221.74,0,,,197.36,199.0,1,2016-06-07,0,,,35,,
2016-06-10,214.78,218.73,213.51,214.44,13236448,200.87,187.06,6.18,64.01,196.55,197.86,221.74,221.74,0,,,196.55,199.0,1,2016-06-07,0,,,35,,
2016-06-13,210.88,210.88,205.82,206.93,14297870,200.68,188.12,6.35,53.8,191.94,198.34,221.74,221.74,0,,,191.94,199.0,1,2016-06-07,0,,,35,,
2016-06-14,209.69,210.07,207.4,207.95,11988708,200.49,192.37,6.13,54.85,194.17,199.02,221.74,221.74,0,,,194.17,199.0,1,2016-06-07,0,,,35,,
2016-06-15,208.41,211.55,205.1,210.49,15761615,200.31,197.8,6.15,57.45,197.6,199.96,221.74,221.74,0,,,197.6,199.0,1,2016-06-07,0,,,35,,
2016-06-16,211.14,211.14,206.25,207.11,17042021,200.14,201.71,6.06,53.07,196.78,200.79,221.74,221.74,0,,,196.78,199.0,1,2016-06-07,0,,,35,,
2016-06-17,209.19,209.84,203.74,206.59,15150943,199.99,201.71,6.06,52.41,196.45,201.49,221.74,221.74,0,,,196.45,199.0,1,2016-06-07,0,,,35,,
2016-06-20,202.44,207.46,202.44,206.29,17780316,199.86,201.71,5.99,52.01,196.3,202.0,221.74,221.74,0,,,196.3,199.0,1,2016-06-07,0,,,35,,
2016-06-21,208.15,208.8,204.69,206.07,12191664,199.74,201.71,5.85,51.7,196.25,202.48,221.74,221.74,0,,,196.25,199.0,1,2016-06-07,0,,,35,,
2016-06-22,205.43,209.97,204.3,207.07,13478056,199.63,201.71,5.84,53.08,196.9,203.05,221.74,221.74,0,,,196.9,199.0,1,2016-06-07,0,,,35,,
2016-06-23,207.11,209.19,204.52,208.72,7979235,199.54,202.44,5.76,55.36,198.27,203.45,221.74,221.74,0,,,198.27,199.0,1,2016-06-07,0,,,35,,
2016-06-24,198.41,201.79,191.56,200.1,33755632,199.37,191.56,6.57,43.49,188.54,203.71,221.74,221.74,0,,,188.54,199.0,1,2016-06-07,1,199.37,TRAILING_STOP|SMA150_BREAK,35,14,-7.58
2016-06-27,198.67,203.09,198.67,201.61,13172968,199.19,191.56,6.42,45.68,189.61,204.1,221.74,221.74,0,,,189.61,,0,,0,,,,,
2016-06-28,199.79,202.91,199.27,202.0,11302737,199.07,191.56,6.22,46.26,190.0,204.43,221.74,221.74,0,,,190.0,,0,,0,,,,,
2016-06-29,204.39,206.46,202.96,205.04,7959976,198.93,191.56,6.09,50.69,192.04,204.86,221.74,221.74,0,,,192.04,,0,,0,,,,,
2016-06-30,207.5,210.36,207.33,208.41,16851065,198.82,191.56,6.04,55.11,194.25,205.43,221.74,221.74,0,,,194.25,,0,,0,,,,,
2016-07-01,209.41,210.23,207.55,208.24,9108853,198.7,191.56,5.8,54.84,194.3,206.14,221.74,221.74,0,,,194.3,,0,,0,,,,,
2016-07-04,210.62,215.69,209.58,215.0,10389222,198.64,191.56,5.92,62.6,198.58,207.05,221.74,221.74,0,,,198.58,,0,,0,,,,,
2016-07-05,217.29,217.55,211.88,212.36,10375132,198.56,191.56,5.9,58.38,196.89,207.77,221.74,221.74,0,,,196.89,,0,,0,,,,,
2016-07-07,212.27,214.05,211.4,212.14,8365966,198.45,191.56,5.67,58.03,196.91,208.19,220.09,221.74,0,,,196.91,,0,,0,,,,,
2016-07-08,211.84,211.84,207.55,209.63,7658211,198.3,191.56,5.59,54.04,195.34,208.36,218.73,220.09,0,,,195.34,,0,,0,,,,,
2016-07-11,213.66,217.21,213.66,216.47,9682385,198.19,191.56,5.73,61.76,199.66,208.69,217.55,218.73,0,,,199.66,,0,,0,,,,,
2016-07-12,217.99,227.17,217.25,226.74,28558549,198.17,191.56,6.09,69.92,206.04,209.33,227.17,217.55,1,226.74,206.04,206.04,206.04,1,2016-07-12,0,,,36,,
2016-07-13,228.95,231.94,224.49,226.26,28248930,198.18,191.56,6.18,69.18,205.67,209.95,231.94,227.17,0,,,205.67,206.04,1,2016-07-12,0,,,36,,
2016-07-14,226.13,233.58,224.96,232.72,14269365,198.25,191.56,6.36,73.3,209.72,210.92,233.58,231.94,1,232.72,209.72,209.72,209.72,1,2016-07-12,0,,,36,,
2016-07-15,233.5,233.8,228.21,230.25,11510449,198.29,191.56,6.3,69.48,208.16,211.76,233.8,233.58,0,,,208.16,209.72,1,2016-07-12,0,,,36,,
2016-07-18,230.29,235.01,227.48,228.21,14310274,198.34,198.67,6.39,66.4,209.16,212.47,235.01,233.8,0,,,209.16,209.72,1,2016-07-12,0,,,36,,
2016-07-19,229.6,234.36,228.08,233.19,14880049,198.42,199.27,6.38,69.9,212.58,213.35,235.01,235.01,0,,,212.58,212.58,1,2016-07-12,0,,,36,,
2016-07-20,231.33,232.37,229.99,231.76,7892214,198.5,202.96,6.16,67.72,213.03,213.89,235.01,235.01,0,,,213.03,213.03,1,2016-07-12,0,,,36,,
2016-07-21,231.24,233.06,226.39,226.91,12060367,198.6,207.33,6.19,60.78,211.34,214.16,235.01,235.01,0,,,211.34,213.03,1,2016-07-12,0,,,36,,
2016-07-22,227.3,229.08,224.27,228.26,8537587,198.72,207.55,6.09,61.95,212.35,214.57,235.01,235.01,0,,,212.35,213.03,1,2016-07-12,0,,,36,,
2016-07-25,226.91,234.75,225.92,232.76,11311554,198.87,207.55,6.29,65.63,215.12,215.18,235.01,235.01,0,,,215.12,215.12,1,2016-07-12,0,,,36,,
2016-07-26,232.59,233.5,225.35,226.7,11896758,198.96,207.55,6.42,57.56,211.12,215.84,235.01,235.01,0,,,211.12,215.12,1,2016-07-12,0,,,36,,
2016-07-27,227.69,237.22,227.69,234.45,26003949,199.09,207.55,6.71,63.7,215.93,216.72,237.22,235.01,0,,,215.93,215.93,1,2016-07-12,0,,,36,,
2016-07-28,234.71,237.4,234.32,235.66,9781546,199.24,207.55,6.46,64.57,216.88,217.56,237.4,237.22,0,,,216.88,216.88,1,2016-07-12,0,,,36,,
2016-07-29,233.97,235.1,227.04,227.78,21115025,199.3,213.66,6.61,55.34,213.73,218.25,237.4,237.4,0,,,213.73,216.88,1,2016-07-12,0,,,36,,
2016-08-01,221.71,226.39,215.04,216.17,42583051,199.27,215.04,7.05,45.12,206.41,218.57,237.4,237.4,0,,,206.41,216.88,1,2016-07-12,1,216.88,TRAILING_STOP,36,15,-4.35
2016-08-02,216.13,216.13,212.27,212.53,20758831,199.21,212.27,6.82,42.47,203.29,218.77,237.4,237.4,0,,,203.29,,0,,0,,,,,
2016-08-03,212.01,214.22,208.41,209.76,17910406,199.15,208.41,6.75,40.52,200.26,218.9,237.4,237.4,0,,,200.26,,0,,0,,,,,
2016-08-04,212.14,212.31,205.04,208.24,29931529,199.04,205.04,6.79,39.45,198.14,218.94,237.4,237.4,0,,,198.14,,0,,0,,,,,
2016-08-05,211.49,215.43,211.49,213.09,16307350,198.96,205.04,6.82,44.49,201.25,219.08,237.4,237.4,0,,,201.25,,0,,0,,,,,
2016-08-08,213.22,214.61,211.88,212.49,11906856,198.89,205.04,6.52,44.0,201.05,219.49,237.4,237.4,0,,,201.05,,0,,0,,,,,
2016-08-09,212.62,215.3,211.84,212.57,12642014,198.83,205.04,6.31,44.09,201.25,219.86,237.4,237.4,0,,,201.25,,0,,0,,,,,
2016-08-10,213.14,213.61,206.33,207.37,12527824,198.73,205.04,6.38,39.72,197.85,220.04,237.4,237.4,0,,,197.85,,0,,0,,,,,
2016-08-11,207.94,210.84,205.82,210.28,9477854,198.68,205.04,6.28,43.11,199.79,220.21,237.4,237.4,0,,,199.79,,0,,0,,,,,
2016-08-12,210.97,214.52,208.98,213.09,11727486,198.65,205.04,6.23,46.26,201.64,220.37,237.4,237.4,0,,,201.64,,0,,0,,,,,
2016-08-16,213.14,216.13,211.27,215.35,13111524,198.67,205.04,6.13,48.72,203.16,220.61,237.4,237.4,0,,,203.16,,0,,0,,,,,
2016-08-17,214.96,217.99,212.44,214.52,12875115,198.7,205.04,6.09,47.86,202.65,220.59,237.4,237.4,0,,,202.65,,0,,0,,,,,
2016-08-18,214.74,219.89,214.65,219.11,20725328,198.78,205.04,6.04,52.85,205.65,220.82,237.4,237.4,0,,,205.65,,0,,0,,,,,
2016-08-19,219.2,221.54,217.94,219.98,14519513,198.89,205.04,5.86,53.76,206.33,221.08,237.4,237.4,0,,,206.33,,0,,0,,,,,
2016-08-22,220.28,220.89,215.48,218.55,9076842,199.01,205.04,5.83,51.99,205.43,221.37,237.4,237.4,0,,,205.43,,0,,0,,,,,
2016-08-23,216.99,218.33,215.52,216.78,10995821,199.1,205.04,5.63,49.81,204.42,221.38,237.4,237.4,0,,,204.42,,0,,0,,,,,
2016-08-24,216.78,218.07,214.74,215.26,9228359,199.2,205.04,5.47,47.95,203.55,221.0,237.4,237.4,0,,,203.55,,0,,0,,,,,
2016-08-25,214.83,216.78,213.22,213.96,14901359,199.35,205.04,5.33,46.36,202.8,220.59,237.4,237.4,0,,,202.8,,0,,0,,,,,
2016-08-26,215.04,215.56,210.71,212.53,11490424,199.51,205.82,5.29,44.6,202.16,219.92,235.1,237.4,0,,,202.16,,0,,0,,,,,
2016-08-29,212.27,218.9,211.92,217.04,9206563,199.66,205.82,5.42,50.92,204.99,219.48,226.39,235.1,0,,,204.99,,0,,0,,,,,
2016-08-30,218.33,222.58,218.33,222.02,15251016,199.87,205.82,5.42,56.78,208.19,219.27,222.58,226.39,0,,,208.19,,0,,0,,,,,
2016-08-31,222.75,226.0,222.67,223.53,16906022,200.08,205.82,5.32,58.4,209.24,218.95,226.0,222.58,0,,,209.24,,0,,0,,,,,
2016-09-01,224.18,228.73,224.18,226.09,18098850,200.27,205.82,5.31,61.06,210.89,218.76,228.73,226.0,0,,,210.89,,0,,0,,,,,
2016-09-02,227.43,228.99,225.48,226.39,8034006,200.44,208.98,5.18,61.38,212.23,218.74,228.99,228.73,0,,,212.23,,0,,0,,,,,
2016-09-06,227.61,237.31,227.61,236.27,23274042,200.67,210.71,5.59,69.93,218.9,219.01,237.31,228.99,1,236.27,218.9,218.9,218.9,1,2016-09-06,0,,,37,,
2016-09-07,237.4,245.84,235.79,240.99,35379184,200.96,210.71,5.91,73.01,221.73,219.28,245.84,237.31,0,,,221.73,221.73,1,2016-09-06,0,,,37,,
2016-09-08,241.38,243.2,238.74,239.43,13116475,201.26,210.71,5.81,70.44,220.8,219.71,245.84,245.84,0,,,220.8,221.73,1,2016-09-06,0,,,37,,
2016-09-09,237.87,239.13,234.02,237.48,16649877,201.61,210.71,5.78,67.26,219.56,219.81,245.84,245.84,0,,,219.56,221.73,1,2016-09-06,0,,,37,,
2016-09-12,231.33,233.45,227.61,232.37,20617372,201.97,210.71,6.07,59.66,216.07,219.7,245.84,245.84,0,,,216.07,221.73,1,2016-09-06,0,,,37,,
2016-09-14,231.07,237.22,230.77,235.19,16807794,202.38,210.71,6.1,62.2,217.87,219.95,245.84,245.84,0,,,217.87,221.73,1,2016-09-06,0,,,37,,
2016-09-15,235.4,237.18,232.37,234.45,12135372,202.79,210.71,6.01,61.11,217.45,220.56,245.84,245.84,0,,,217.45,221.73,1,2016-09-06,0,,,37,,
2016-09-16,235.45,238.78,230.72,231.63,32955498,203.15,210.71,6.15,57.02,215.54,221.19,245.84,245.84,0,,,215.54,221.73,1,2016-09-06,0,,,37,,
2016-09-19,232.2,236.01,232.02,235.32,15144399,203.54,210.71,6.03,60.72,218.0,222.05,245.84,245.84,0,,,218.0,221.73,1,2016-09-06,0,,,37,,
2016-09-20,235.58,237.57,233.37,235.75,11030397,203.92,211.92,5.9,61.15,218.77,222.96,245.84,245.84,0,,,218.77,221.73,1,2016-09-06,0,,,37,,
2016-09-21,236.36,236.53,231.29,233.84,12736748,204.31,218.33,5.85,58.17,219.7,223.65,245.84,245.84,0,,,219.7,221.73,1,2016-09-06,0,,,37,,
2016-09-22,239.13,240.77,235.92,238.7,14886284,204.77,222.67,5.93,63.09,224.23,224.53,245.84,245.84,0,,,224.23,224.23,1,2016-09-06,0,,,37,,
2016-09-23,238.96,239.0,233.84,235.01,17977571,205.24,224.18,5.87,57.55,222.39,225.28,245.84,245.84,0,,,222.39,224.23,1,2016-09-06,0,,,37,,
2016-09-26,232.63,232.8,226.83,227.48,15868805,205.61,225.48,6.04,48.24,217.86,225.95,245.84,245.84,0,,,217.86,224.23,1,2016-09-06,0,,,37,,
2016-09-27,228.34,228.99,224.4,225.27,17356843,206.0,224.4,5.93,45.9,216.14,226.45,245.84,245.84,0,,,216.14,224.23,1,2016-09-06,0,,,37,,
2016-09-28,225.61,227.39,224.44,225.92,17881785,206.42,224.4,5.72,46.72,216.7,226.87,245.84,245.84,0,,,216.7,224.23,1,2016-09-06,0,,,37,,
2016-09-29,227.87,228.3,210.8,216.91,48140661,206.76,210.8,6.56,38.09,205.8,226.93,245.84,245.84,0,,,205.8,224.23,1,2016-09-06,1,224.23,TRAILING_STOP,37,17,-5.09
2016-09-30,214.91,219.46,213.96,218.46,15104920,207.09,210.8,6.49,40.14,206.85,227.06,245.84,245.84,0,,,206.85,,0,,0,,,,,
2016-10-03,217.47,222.58,216.69,221.93,18062317,207.45,210.8,6.44,44.56,209.12,227.15,245.84,245.84,0,,,209.12,,0,,0,,,,,
2016-10-04,222.54,225.22,220.85,223.71,16201324,207.85,210.8,6.3,46.73,210.36,227.28,245.84,245.84,0,,,210.36,,0,,0,,,,,
2016-10-05,225.22,225.79,220.59,221.32,16039581,208.27,210.8,6.22,44.23,208.87,227.37,245.84,245.84,0,,,208.87,,0,,0,,,,,
2016-10-06,222.67,222.71,215.91,217.68,13854468,208.69,210.8,6.26,40.65,206.5,227.4,243.2,245.84,0,,,206.5,,0,,0,,,,,
2016-10-07,217.38,219.98,215.04,217.12,10506728,209.09,210.8,6.16,40.11,206.2,227.46,240.77,243.2,0,,,206.2,,0,,0,,,,,
2016-10-10,218.25,219.37,215.87,216.69,6611211,209.46,210.8,5.97,39.68,206.05,227.55,240.77,240.77,0,,,206.05,,0,,0,,,,,
2016-10-13,214.7,215.22,207.16,208.93,20736801,209.69,207.16,6.23,32.79,199.66,227.43,240.77,240.77,0,,,199.66,,0,,0,,,,,
2016-10-14,208.98,210.54,207.68,209.45,10761830,209.84,207.16,5.99,33.62,200.16,227.18,240.77,240.77,0,,,200.16,,0,,0,,,,,
2016-10-17,213.14,225.18,212.75,224.18,69082439,210.1,207.16,6.68,51.81,209.19,227.25,240.77,240.77,0,,,209.19,,0,,0,,,,,
2016-10-18,224.88,235.14,224.83,234.23,41861705,210.41,207.16,6.99,59.89,215.47,227.61,240.77,240.77,0,,,215.47,,0,,0,,,,,
2016-10-19,235.1,235.4,228.08,229.64,19968759,210.72,207.16,7.01,55.33,212.5,227.72,240.77,240.77,0,,,212.5,,0,,0,,,,,
2016-10-20,231.46,241.64,231.46,240.51,36280178,211.1,207.16,7.37,62.6,219.27,228.2,241.64,240.77,0,,,219.27,,0,,0,,,,,
2016-10-21,239.35,242.64,237.48,240.34,26362877,211.48,207.16,7.21,62.43,219.27,228.33,242.64,241.64,0,,,219.27,,0,,0,,,,,
2016-10-24,241.86,248.18,241.86,246.54,22219428,211.91,207.16,7.26,66.07,223.23,228.52,248.18,242.64,1,246.54,223.23,223.23,223.23,1,2016-10-24,0,,,38,,
2016-10-25,250.57,252.64,246.58,250.61,25090671,212.33,207.16,7.17,68.24,225.91,228.89,252.64,248.18,0,,,225.91,225.91,1,2016-10-24,0,,,38,,
2016-10-26,246.45,246.45,239.99,241.21,30017739,212.68,207.16,7.42,58.86,219.69,229.01,252.64,252.64,0,,,219.69,225.91,1,2016-10-24,0,,,38,,
2016-10-27,240.34,246.93,238.26,246.32,19868027,213.05,207.16,7.51,61.92,222.92,229.48,252.64,252.64,0,,,222.92,225.91,1,2016-10-24,0,,,38,,
2016-10-28,244.33,244.76,238.74,239.86,18314125,213.36,207.16,7.51,56.22,218.75,229.63,252.64,252.64,0,,,218.75,225.91,1,2016-10-24,0,,,38,,
2016-11-01,242.12,242.38,237.83,238.57,11675305,213.64,207.16,7.3,55.13,218.06,229.77,252.64,252.64,0,,,218.06,225.91,1,2016-10-24,0,,,38,,
2016-11-02,233.93,236.75,232.85,235.58,15140657,213.88,207.16,7.19,52.58,216.21,229.9,252.64,252.64,0,,,216.21,225.91,1,2016-10-24,0,,,38,,
2016-11-03,235.66,239.48,232.54,233.71,12484687,214.12,207.16,7.17,50.99,215.02,229.85,252.64,252.64,0,,,215.02,225.91,1,2016-10-24,0,,,38,,
2016-11-04,235.58,236.1,229.9,233.76,16361493,214.35,207.68,7.1,51.03,215.27,229.78,252.64,252.64,0,,,215.27,225.91,1,2016-10-24,0,,,38,,
2016-11-07,238.96,243.63,236.1,241.47,18741014,214.69,212.75,7.3,57.21,221.8,230.04,252.64,252.64,0,,,221.8,225.91,1,2016-10-24,0,,,38,,
2016-11-08,247.62,249.05,241.08,245.37,35153751,215.06,224.83,7.35,59.96,228.31,230.26,252.64,252.64,0,,,228.31,228.31,1,2016-10-24,0,,,38,,
2016-11-09,220.85,246.71,212.27,243.85,51055067,215.34,212.27,9.28,58.38,221.85,230.55,252.64,252.64,0,,,221.85,228.31,1,2016-10-24,1,228.31,TRAILING_STOP|SMA150_BREAK,38,12,-7.39
2016-11-10,249.96,258.54,248.4,253.51,29137485,215.69,212.27,9.67,64.73,227.82,231.42,258.54,252.64,1,253.51,227.82,227.82,227.82,1,2016-11-10,0,,,39,,
2016-11-11,248.88,254.94,237.83,239.47,33036653,215.94,212.27,10.2,52.26,218.41,231.9,258.54,258.54,0,,,218.41,227.82,1,2016-11-10,0,,,39,,
2016-11-15,239.99,243.29,230.59,233.71,37961485,216.15,212.27,10.38,48.16,214.58,232.15,258.54,258.54,0,,,214.58,227.82,1,2016-11-10,0,,,39,,
2016-11-16,239.65,241.03,228.9,230.64,26473183,216.41,212.27,10.5,46.09,212.52,232.61,258.54,258.54,0,,,212.52,227.82,1,2016-11-10,0,,,39,,
2016-11-17,232.15,234.49,228.73,231.89,14654093,216.69,212.27,10.17,47.09,213.55,233.06,258.54,258.54,0,,,213.55,227.82,1,2016-11-10,0,,,39,,
2016-11-18,232.59,233.06,227.26,229.25,9983933,216.97,212.27,9.85,45.18,212.05,233.3,258.54,258.54,0,,,212.05,227.82,1,2016-11-10,1,227.82,TRAILING_STOP,39,6,-10.13
2016-11-21,230.64,231.33,220.8,226.31,21625818,217.23,212.27,9.9,43.09,210.13,233.39,258.54,258.54,0,,,210.13,,0,,0,,,,,
2016-11-22,229.6,230.98,224.66,227.61,23906788,217.48,212.27,9.65,44.32,211.13,233.6,258.54,258.54,0,,,211.13,,0,,0,,,,,
2016-11-23,228.82,230.33,225.7,229.55,17154845,217.71,212.27,9.29,46.18,212.62,234.0,258.54,258.54,0,,,212.62,,0,,0,,,,,
2016-11-24,228.56,228.56,223.53,224.66,22563160,217.85,212.27,9.05,42.33,209.63,234.25,258.54,258.54,0,,,209.63,,0,,0,,,,,
2016-11-25,227.35,227.35,222.71,225.35,16611698,218.01,212.27,8.74,43.05,210.28,234.54,258.54,258.54,0,,,210.28,,0,,0,,,,,
2016-11-28,222.36,222.36,219.63,221.19,32939718,218.14,212.27,8.52,39.82,207.74,234.94,258.54,258.54,0,,,207.74,,0,,0,,,,,
2016-11-29,221.37,224.75,220.33,221.32,32329662,218.18,212.27,8.23,39.97,208.02,235.34,258.54,258.54,0,,,208.02,,0,,0,,,,,
2016-11-30,223.06,230.9,221.76,230.07,20731093,218.29,212.27,8.33,49.25,213.6,235.54,258.54,258.54,0,,,213.6,,0,,0,,,,,
2016-12-01,230.68,232.2,223.32,224.53,15792045,218.35,219.63,8.37,44.55,212.45,235.21,258.54,258.54,0,,,212.45,,0,,0,,,,,
2016-12-02,223.53,229.25,221.67,224.83,12275345,218.41,219.63,8.31,44.86,212.69,235.05,258.54,258.54,0,,,212.69,,0,,0,,,,,
2016-12-05,224.92,226.48,223.36,226.0,8305074,218.54,219.63,7.94,46.11,213.69,234.57,258.54,258.54,0,,,213.69,,0,,0,,,,,
2016-12-06,227.22,227.56,224.88,226.13,8335181,218.68,219.63,7.56,46.26,214.02,234.1,258.54,258.54,0,,,214.02,,0,,0,,,,,
2016-12-07,227.69,229.08,217.47,224.14,13635680,218.84,217.47,7.85,44.28,211.83,233.35,258.54,258.54,0,,,211.83,,0,,0,,,,,
2016-12-08,225.74,228.21,223.88,227.65,11336250,219.07,217.47,7.6,48.46,214.26,232.58,258.54,258.54,0,,,214.26,,0,,0,,,,,
2016-12-09,228.69,233.76,227.87,232.59,17533272,219.37,217.47,7.49,53.73,217.51,232.3,254.94,258.54,0,,,217.51,,0,,0,,,,,
2016-12-12,231.76,232.46,228.6,229.47,7515935,219.69,217.47,7.24,50.24,215.67,231.73,243.29,254.94,0,,,215.67,,0,,0,,,,,
2016-12-13,228.21,229.9,227.43,229.08,10265621,220.0,217.47,6.9,49.8,215.64,231.38,241.03,243.29,0,,,215.64,,0,,0,,,,,
2016-12-14,229.16,229.34,225.27,225.74,14369017,220.27,217.47,6.7,46.11,213.63,230.95,234.49,241.03,0,,,213.63,,0,,0,,,,,
2016-12-15,224.14,226.74,223.32,225.53,24089601,220.5,217.47,6.47,45.88,213.65,230.61,233.76,234.49,0,,,213.65,,0,,0,,,,,
2016-12-16,225.27,225.27,220.8,221.45,24984316,220.7,217.47,6.34,41.55,211.1,230.2,233.76,233.76,0,,,211.1,,0,,0,,,,,
2016-12-19,221.28,224.36,220.72,222.75,7417692,220.91,217.47,6.15,43.38,212.06,229.84,233.76,233.76,0,,,212.06,,0,,0,,,,,
2016-12-20,222.41,222.41,216.82,217.99,11590031,221.05,216.82,6.13,38.6,208.79,229.05,233.76,233.76,0,,,208.79,,0,,0,,,,,
2016-12-21,219.2,221.24,217.64,219.42,7685724,221.24,216.82,5.95,40.72,209.83,228.19,233.76,233.76,0,,,209.83,,0,,0,,,,,
2016-12-22,218.94,220.76,217.17,219.16,8951470,221.43,216.82,5.78,40.44,209.78,227.37,233.76,233.76,0,,,209.78,,0,,0,,,,,
2016-12-23,219.16,220.72,216.73,218.2,6932571,221.61,216.73,5.66,39.4,209.21,226.19,233.76,233.76,0,,,209.21,,0,,0,,,,,
2016-12-26,218.55,218.72,214.09,215.0,6767153,221.76,214.09,5.58,36.04,206.32,225.37,233.76,233.76,0,,,206.32,,0,,0,,,,,
2016-12-27,215.74,220.37,213.74,219.68,9094498,221.95,213.74,5.66,43.6,209.17,224.91,233.76,233.76,0,,,209.17,,0,,0,,,,,
2016-12-28,220.07,220.76,217.51,218.12,9176829,222.15,213.74,5.49,41.83,208.28,224.49,233.76,233.76,0,,,208.28,,0,,0,,,,,
2016-12-29,218.42,219.2,216.65,217.55,6379633,222.35,213.74,5.28,41.17,208.05,224.01,233.76,233.76,0,,,208.05,,0,,0,,,,,
2016-12-30,218.33,223.1,217.77,221.19,11565801,222.56,213.74,5.3,46.93,210.38,223.74,233.76,233.76,0,,,210.38,,0,,0,,,,,
2017-01-02,222.06,222.06,214.96,218.29,10404350,222.68,213.74,5.42,43.29,208.43,223.47,233.76,233.76,0,,,208.43,,0,,0,,,,,
2017-01-03,218.42,221.28,216.0,220.41,10236706,222.79,213.74,5.41,46.55,209.8,223.23,233.76,233.76,0,,,209.8,,0,,0,,,,,
2017-01-04,220.28,221.58,216.95,217.55,6901181,222.86,213.74,5.36,42.96,207.99,222.83,233.76,233.76,0,,,207.99,,0,,0,,,,,
2017-01-05,219.37,223.97,218.51,222.88,13830668,222.96,213.74,5.43,50.6,211.38,222.78,233.76,233.76,0,,,211.38,,0,,0,,,,,
2017-01-06,223.75,226.48,222.84,223.66,9055143,223.07,213.74,5.31,51.62,211.97,222.72,232.46,233.76,0,,,211.97,,0,,0,,,,,
2017-01-09,223.45,225.14,221.8,224.14,7875294,223.21,213.74,5.17,52.28,212.37,222.82,229.9,232.46,0,,,212.37,,0,,0,,,,,
2017-01-10,225.27,226.91,223.79,225.44,14784040,223.34,213.74,5.02,54.09,213.31,222.95,229.34,229.9,0,,,213.31,,0,,0,,,,,
2017-01-11,227.43,232.28,226.65,229.34,19565679,223.49,213.74,5.15,59.1,215.74,222.93,232.28,229.34,0,,,215.74,,0,,0,,,,,
2017-01-12,230.98,233.5,229.99,232.5,11711279,223.66,213.74,5.08,62.66,217.82,223.2,233.5,232.28,1,232.5,217.82,217.82,217.82,1,2017-01-12,0,,,40,,
2017-01-13,233.93,233.93,229.42,232.24,7810375,223.77,213.74,5.04,62.18,217.68,223.44,233.93,233.5,0,,,217.68,217.82,1,2017-01-12,0,,,40,,
2017-01-16,231.68,234.67,229.42,233.32,8863676,223.87,213.74,5.05,63.43,218.37,223.69,234.67,233.93,0,,,218.37,218.37,1,2017-01-12,0,,,40,,
2017-01-17,233.5,235.23,230.03,232.54,6968061,223.98,214.96,5.06,61.84,218.27,223.9,235.23,234.67,0,,,218.27,218.37,1,2017-01-12,0,,,40,,
2017-01-18,231.68,235.75,231.11,232.59,10085606,224.1,214.96,5.03,61.9,218.32,224.18,235.75,235.23,0,,,218.32,218.37,1,2017-01-12,0,,,40,,
2017-01-19,232.89,234.54,230.64,233.67,8605687,224.28,214.96,4.95,63.38,219.07,224.38,235.75,235.75,0,,,219.07,219.07,1,2017-01-12,0,,,40,,
2017-01-20,231.33,232.15,227.48,228.26,12207059,224.42,214.96,5.04,52.44,215.52,224.24,235.75,235.75,0,,,215.52,219.07,1,2017-01-12,0,,,40,,
2017-01-23,226.83,226.83,221.06,223.14,43793368,224.5,216.0,5.2,44.6,212.46,224.03,235.75,235.75,0,,,212.46,219.07,1,2017-01-12,1,224.5,SMA150_BREAK,40,8,-3.44
2017-01-24,224.01,224.01,221.5,222.8,26520047,224.6,216.95,5.0,44.13,212.69,223.82,235.75,235.75,0,,,212.69,,0,,0,,,,,
2017-01-25,224.4,225.96,221.45,225.22,41078083,224.73,218.51,4.97,48.32,214.79,223.8,235.75,235.75,0,,,214.79,,0,,0,,,,,
2017-01-27,227.91,237.4,225.87,235.66,89433645,224.92,221.06,5.48,61.68,222.03,224.14,237.4,235.75,0,,,222.03,,0,,0,,,,,
2017-01-30,236.53,238.78,233.67,234.62,17037472,225.11,221.06,5.46,60.01,221.38,224.58,238.78,237.4,0,,,221.38,,0,,0,,,,,
2017-01-31,232.89,237.4,230.85,233.02,20535165,225.29,221.06,5.53,57.45,220.29,224.92,238.78,238.78,0,,,220.29,,0,,0,,,,,
2017-02-01,230.33,245.63,227.69,243.46,44647342,225.52,221.06,6.42,67.28,226.44,225.77,245.63,238.78,1,243.46,226.44,226.44,226.44,1,2017-02-01,0,,,41,,
2017-02-02,244.33,249.09,243.07,247.62,28910922,225.84,221.06,6.39,70.24,229.14,226.71,249.09,245.63,0,,,229.14,229.14,1,2017-02-01,0,,,41,,
2017-02-03,246.88,246.88,241.55,243.94,20058936,226.12,221.06,6.37,64.67,226.78,227.54,249.09,249.09,0,,,226.78,229.14,1,2017-02-01,0,,,41,,
2017-02-06,245.67,253.21,245.67,251.52,22521926,226.45,221.06,6.58,69.95,231.53,228.65,253.21,249.09,1,251.52,231.53,231.53,231.53,1,2017-02-01,0,,,41,,
2017-02-07,249.53,253.6,247.19,249.61,12829302,226.75,221.06,6.56,67.23,230.31,229.8,253.6,253.21,0,,,230.31,231.53,1,2017-02-01,0,,,41,,
2017-02-08,249.53,249.96,244.93,247.62,16662978,227.01,221.06,6.45,64.41,229.1,230.73,253.6,253.6,0,,,229.1,231.53,1,2017-02-01,0,,,41,,
2017-02-09,248.31,250.18,241.38,246.93,16631183,227.26,221.06,6.62,63.42,228.54,231.69,253.6,253.6,0,,,228.54,231.53,1,2017-02-01,0,,,41,,
2017-02-10,247.45,247.92,242.68,243.98,16771421,227.46,221.06,6.52,59.22,226.7,232.57,253.6,253.6,0,,,226.7,231.53,1,2017-02-01,0,,,41,,
2017-02-13,244.76,246.15,242.2,244.02,13144434,227.67,221.06,6.34,59.26,226.85,233.33,253.6,253.6,0,,,226.85,231.53,1,2017-02-01,0,,,41,,
2017-02-14,245.19,247.71,243.72,246.62,12889195,227.9,221.45,6.17,61.84,228.77,234.28,253.6,253.6,0,,,228.77,231.53,1,2017-02-01,0,,,41,,
2017-02-15,247.1,248.14,241.38,243.24,14420745,228.12,221.45,6.21,56.8,226.56,235.04,253.6,253.6,0,,,226.56,231.53,1,2017-02-01,0,,,41,,
2017-02-16,243.72,243.85,236.4,241.55,20257845,228.29,225.87,6.3,54.42,226.89,235.84,253.6,253.6,0,,,226.89,231.53,1,2017-02-01,0,,,41,,
2017-02-17,242.33,247.88,239.0,245.19,28496342,228.41,227.69,6.49,58.47,229.72,236.58,253.6,253.6,0,,,229.72,231.53,1,2017-02-01,0,,,41,,
2017-02-20,245.24,247.92,243.55,244.63,9947581,228.54,227.69,6.34,57.62,229.46,237.28,253.6,253.6,0,,,229.46,231.53,1,2017-02-01,0,,,41,,
2017-02-21,245.19,247.62,243.63,246.75,11288626,228.63,227.69,6.17,59.98,230.94,238.03,253.6,253.6,0,,,230.94,231.53,1,2017-02-01,0,,,41,,
2017-02-22,249.44,249.44,243.59,247.92,30787289,228.75,236.4,6.14,61.27,234.61,238.78,253.6,253.6,0,,,234.61,234.61,1,2017-02-01,0,,,41,,
2017-02-23,246.67,250.18,244.37,246.49,25499159,228.87,236.4,6.12,58.78,233.71,239.36,253.6,253.6,0,,,233.71,234.61,1,2017-02-01,0,,,41,,
2017-02-27,246.93,247.4,240.08,241.6,15037984,228.92,236.4,6.21,51.15,230.49,239.66,253.6,253.6,0,,,230.49,234.61,1,2017-02-01,0,,,41,,
2017-02-28,241.68,242.68,238.87,239.43,18179839,228.98,236.4,6.04,48.16,229.21,239.9,253.6,253.6,0,,,229.21,234.61,1,2017-02-01,0,,,41,,
2017-03-01,240.51,243.42,240.21,241.81,19983162,229.08,236.4,5.89,51.51,230.84,240.18,253.6,253.6,0,,,230.84,234.61,1,2017-02-01,0,,,41,,
2017-03-02,244.37,246.49,239.99,241.42,20040929,229.16,236.4,5.93,50.93,230.56,240.48,253.6,253.6,0,,,230.56,234.61,1,2017-02-01,0,,,41,,
2017-03-03,241.38,241.64,238.31,239.09,9256168,229.21,236.4,5.75,47.48,229.18,240.69,253.6,253.6,0,,,229.18,234.61,1,2017-02-01,0,,,41,,
2017-03-06,239.09,242.03,238.7,239.78,12565060,229.29,236.4,5.57,48.59,229.74,240.9,253.6,253.6,0,,,229.74,234.61,1,2017-02-01,0,,,41,,
2017-03-07,239.99,241.94,238.26,239.13,9116307,229.32,236.4,5.44,47.57,229.41,241.26,253.6,253.6,0,,,229.41,234.61,1,2017-02-01,0,,,41,,
2017-03-08,239.3,239.6,235.75,237.74,12969749,229.34,235.75,5.33,45.38,228.38,241.75,250.18,253.6,0,,,228.38,234.61,1,2017-02-01,0,,,41,,
2017-03-09,237.4,239.09,236.18,236.96,11647809,229.4,235.75,5.15,44.15,227.99,242.22,250.18,250.18,0,,,227.99,234.61,1,2017-02-01,0,,,41,,
2017-03-10,238.39,239.56,233.41,234.41,15749231,229.52,233.41,5.22,40.31,225.51,242.53,250.18,250.18,0,,,225.51,234.61,1,2017-02-01,1,234.61,TRAILING_STOP,41,27,-3.63
2017-03-14,243.55,249.7,243.55,248.88,43486006,229.76,233.41,5.94,61.03,234.37,242.97,250.18,250.18,0,,,234.37,,0,,0,,,,,
2017-03-15,247.71,248.66,246.15,247.06,13414846,230.01,233.41,5.71,58.29,233.35,243.38,250.18,250.18,0,,,233.35,,0,,0,,,,,
2017-03-16,248.27,249.05,244.72,246.49,10712223,230.27,233.41,5.61,57.42,233.05,243.83,250.18,250.18,0,,,233.05,,0,,0,,,,,
2017-03-17,247.88,248.4,242.29,243.11,25016303,230.47,233.41,5.65,52.43,230.84,243.82,250.18,250.18,0,,,230.84,,0,,0,,,,,
2017-03-20,242.33,242.33,237.4,238.31,12153226,230.64,233.41,5.65,46.27,227.74,243.51,250.18,250.18,0,,,227.74,,0,,0,,,,,
2017-03-21,239.13,239.82,234.88,235.71,16304076,230.79,233.41,5.6,43.3,226.1,243.23,250.18,250.18,0,,,226.1,,0,,0,,,,,
2017-03-22,232.11,232.85,229.16,229.6,24534011,230.94,229.16,5.67,37.26,220.7,242.5,250.18,250.18,0,,,220.7,,0,,0,,,,,
2017-03-23,230.9,232.41,229.42,231.29,13209523,231.08,229.16,5.48,39.76,221.92,241.89,250.18,250.18,0,,,221.92,,0,,0,,,,,
2017-03-24,233.63,239.86,233.63,238.05,19227304,231.25,229.16,5.7,48.6,226.13,241.57,250.18,250.18,0,,,226.13,,0,,0,,,,,
2017-03-27,242.59,242.59,235.84,236.66,12341637,231.39,229.16,5.78,47.07,225.18,241.23,249.7,250.18,0,,,225.18,,0,,0,,,,,
2017-03-28,239.99,240.47,238.35,239.99,13884032,231.56,229.16,5.63,51.05,227.42,241.1,249.7,249.7,0,,,227.42,,0,,0,,,,,
2017-03-29,241.68,245.02,239.69,244.5,18910842,231.73,229.16,5.61,55.88,230.35,241.11,249.7,249.7,0,,,230.35,,0,,0,,,,,
2017-03-30,243.68,245.41,242.38,243.76,16543030,231.89,229.16,5.43,54.92,229.99,241.02,249.7,249.7,0,,,229.99,,0,,0,,,,,
2017-03-31,242.9,245.11,238.87,239.86,19741901,232.03,229.16,5.49,50.05,227.44,240.91,249.7,249.7,0,,,227.44,,0,,0,,,,,
2017-04-03,241.55,249.01,239.86,248.4,20449617,232.24,229.16,5.75,58.69,232.77,241.13,249.7,249.7,0,,,232.77,,0,,0,,,,,
2017-04-05,248.23,248.23,245.11,246.8,10569529,232.45,229.16,5.57,56.71,231.86,241.19,249.7,249.7,0,,,231.86,,0,,0,,,,,
2017-04-06,244.24,245.8,241.94,243.33,17014957,232.65,229.16,5.52,52.57,229.65,241.14,249.7,249.7,0,,,229.65,,0,,0,,,,,
2017-04-07,242.68,245.19,238.91,240.3,18994042,232.83,229.16,5.58,49.19,227.66,240.93,249.7,249.7,0,,,227.66,,0,,0,,,,,
2017-04-10,241.21,241.73,239.22,240.56,10395338,232.99,229.16,5.36,49.49,227.98,240.68,249.7,249.7,0,,,227.98,,0,,0,,,,,
2017-04-11,241.12,246.28,239.78,245.76,13734771,233.15,229.16,5.44,55.19,231.28,240.66,249.7,249.7,0,,,231.28,,0,,0,,,,,
2017-04-12,245.89,247.75,240.99,243.29,18252914,233.28,229.16,5.53,52.18,229.62,240.72,249.05,249.7,0,,,229.62,,0,,0,,,,,
2017-04-13,242.85,247.62,242.07,245.02,15178825,233.4,229.42,5.53,54.07,230.82,240.9,249.05,249.05,0,,,230.82,,0,,0,,,,,
2017-04-17,245.19,247.53,243.03,244.67,8250861,233.53,233.63,5.46,53.61,232.05,241.0,249.01,249.05,0,,,232.05,,0,,0,,,,,
2017-04-18,245.54,252.64,244.8,245.54,19072022,233.59,235.84,5.64,54.64,233.23,241.14,252.64,249.01,0,,,233.23,,0,,0,,,,,
2017-04-19,245.54,246.93,241.6,243.07,15189575,233.6,238.35,5.62,51.15,232.49,241.27,252.64,252.64,0,,,232.49,,0,,0,,,,,
2017-04-20,238.22,239.35,235.49,236.31,31912290,233.58,235.49,5.76,43.04,227.08,241.15,252.64,252.64,0,,,227.08,,0,,0,,,,,
2017-04-21,236.23,237.22,231.33,233.19,18165879,233.55,231.33,5.77,39.9,223.67,240.95,252.64,252.64,0,,,223.67,,0,,0,,,,,
2017-04-24,233.76,235.1,229.77,232.76,24418208,233.56,229.77,5.74,39.47,222.9,240.79,252.64,252.64,0,,,222.9,,0,,0,,,,,
2017-04-25,235.66,236.79,233.93,236.1,13685114,233.56,229.77,5.61,44.45,225.13,240.76,252.64,252.64,0,,,225.13,,0,,0,,,,,
2017-04-26,237.4,240.82,236.53,239.91,15205419,233.6,229.77,5.55,49.55,227.63,240.94,252.64,252.64,0,,,227.63,,0,,0,,,,,
2017-04-27,239.95,240.04,236.83,237.53,14909618,233.64,229.77,5.38,46.67,226.21,240.56,252.64,252.64,0,,,226.21,,0,,0,,,,,
2017-04-28,236.96,242.07,236.44,241.29,9367499,233.68,229.77,5.4,51.48,228.62,240.37,252.64,252.64,0,,,228.62,,0,,0,,,,,
2017-05-02,242.77,243.33,238.26,238.78,16780204,233.7,229.77,5.38,48.34,227.02,240.12,252.64,252.64,0,,,227.02,,0,,0,,,,,
2017-05-03,239.04,240.04,235.01,236.31,24205196,233.71,229.77,5.35,45.42,225.44,239.89,252.64,252.64,0,,,225.44,,0,,0,,,,,
2017-05-04,252.64,259.71,245.93,258.02,122120948,233.84,229.77,6.64,65.3,238.59,240.55,259.71,252.64,1,258.02,238.59,238.59,238.59,1,2017-05-04,0,,,42,,
2017-05-05,259.92,261.44,255.11,258.67,48189321,234.0,229.77,6.62,65.71,239.02,241.31,261.44,259.71,0,,,239.02,239.02,1,2017-05-04,0,,,42,,
2017-05-08,259.92,266.98,259.92,262.48,30347849,234.23,229.77,6.74,68.05,241.4,242.41,266.98,261.44,1,262.48,241.4,241.4,241.4,1,2017-05-04,0,,,42,,
2017-05-09,263.65,264.56,258.54,260.44,15194182,234.47,229.77,6.69,65.47,240.11,243.38,266.98,266.98,0,,,240.11,241.4,1,2017-05-04,0,,,42,,
2017-05-10,260.88,262.22,257.63,258.75,15054831,234.69,229.77,6.54,63.33,239.12,244.07,266.98,266.98,0,,,239.12,241.4,1,2017-05-04,0,,,42,,
2017-05-11,261.4,262.09,259.53,260.1,10261128,234.97,229.77,6.31,64.33,240.15,244.85,266.98,266.98,0,,,240.15,241.4,1,2017-05-04,0,,,42,,
2017-05-12,259.92,260.4,254.12,256.93,16605029,235.23,229.77,6.31,60.17,238.1,245.41,266.98,266.98,0,,,238.1,241.4,1,2017-05-04,0,,,42,,
2017-05-15,259.49,262.95,258.36,261.48,17095696,235.49,229.77,6.29,63.79,241.05,245.98,266.98,266.98,0,,,241.05,241.4,1,2017-05-04,0,,,42,,
2017-05-16,262.39,265.03,260.83,262.22,19569431,235.75,233.93,6.14,64.36,243.02,246.6,266.98,266.98,0,,,243.02,243.02,1,2017-05-04,0,,,42,,
2017-05-17,264.77,268.76,263.82,268.37,23363685,236.06,235.01,6.17,68.75,247.32,247.55,268.76,266.98,1,268.37,247.32,247.32,247.32,1,2017-05-04,0,,,42,,
2017-05-18,263.99,271.06,263.99,266.81,27753950,236.39,235.01,6.23,66.51,246.27,248.16,271.06,268.76,0,,,246.27,247.32,1,2017-05-04,0,,,42,,
2017-05-19,266.77,270.67,263.13,266.03,16728969,236.72,235.01,6.32,65.37,245.71,248.8,271.06,271.06,0,,,245.71,247.32,1,2017-05-04,0,,,42,,
2017-05-22,268.2,269.93,261.83,263.26,14850717,237.03,235.01,6.45,61.33,243.84,249.46,271.06,271.06,0,,,243.84,247.32,1,2017-05-04,0,,,42,,
2017-05-23,262.65,268.37,262.35,265.16,29771017,237.4,235.01,6.42,63.02,245.08,250.29,271.06,271.06,0,,,245.08,247.32,1,2017-05-04,0,,,42,,
2017-05-24,265.81,268.28,262.78,265.73,20506719,237.78,245.93,6.36,63.53,249.14,251.13,271.06,271.06,0,,,249.14,249.14,1,2017-05-04,0,,,42,,
2017-05-25,265.42,277.12,265.12,275.26,41775676,238.12,254.12,6.76,70.83,257.74,252.12,277.12,271.06,1,275.26,257.74,257.74,257.74,1,2017-05-04,0,,,42,,
2017-05-26,274.65,279.85,273.39,278.59,21336089,238.42,254.12,6.74,72.87,259.91,253.29,279.85,277.12,0,,,259.91,259.91,1,2017-05-04,0,,,42,,
2017-05-29,276.6,277.6,271.88,272.83,11266657,238.7,254.12,6.74,64.46,256.19,254.22,279.85,279.85,0,,,256.19,259.91,1,2017-05-04,0,,,42,,
2017-05-30,272.79,281.15,272.44,278.46,15573191,238.96,254.12,6.88,68.31,259.73,255.35,281.15,279.85,0,,,259.73,259.91,1,2017-05-04,0,,,42,,
2017-05-31,279.85,283.66,276.08,282.84,128437479,239.24,254.12,6.93,70.95,262.52,256.59,283.66,281.15,1,282.84,262.52,262.52,262.52,1,2017-05-04,0,,,42,,
2017-06-01,282.02,282.15,274.43,277.34,19883562,239.44,254.12,7.03,63.77,258.9,257.73,283.66,283.66,0,,,258.9,262.52,1,2017-05-04,0,,,42,,
2017-06-02,278.98,279.81,273.48,275.65,13469524,239.61,258.36,6.98,61.71,259.26,259.04,283.66,283.66,0,,,259.26,262.52,1,2017-05-04,0,,,42,,
2017-06-05,275.95,278.68,275.65,277.03,9831353,239.85,260.83,6.7,62.77,261.16,260.5,283.66,283.66,0,,,261.16,262.52,1,2017-05-04,0,,,42,,
2017-06-06,277.73,278.16,275.26,276.34,10757211,240.05,261.83,6.43,61.85,261.23,261.96,283.66,283.66,0,,,261.23,262.52,1,2017-05-04,0,,,42,,
2017-06-07,278.16,282.41,277.9,281.32,15076040,240.33,261.83,6.4,65.76,264.46,263.46,283.66,283.66,0,,,264.46,264.46,1,2017-05-04,0,,,42,,
2017-06-08,282.36,283.32,276.82,277.42,20130322,240.59,261.83,6.41,60.52,261.94,264.71,283.66,283.66,0,,,261.94,264.46,1,2017-05-04,0,,,42,,
2017-06-09,276.34,279.94,273.87,279.11,10190305,240.88,261.83,6.39,61.94,263.05,266.1,283.66,283.66,0,,,263.05,264.46,1,2017-05-04,0,,,42,,
2017-06-12,277.25,277.86,272.79,273.57,10376913,241.14,262.35,6.38,54.99,259.65,267.18,283.66,283.66,0,,,259.65,264.46,1,2017-05-04,0,,,42,,
2017-06-13,272.96,276.12,271.97,272.79,9305516,241.4,262.78,6.22,54.07,259.4,268.31,283.66,283.66,0,,,259.4,264.46,1,2017-05-04,0,,,42,,
2017-06-14,276.47,279.33,273.26,276.43,22264301,241.64,265.12,6.24,57.63,262.51,269.65,283.66,283.66,0,,,262.51,264.46,1,2017-05-04,0,,,42,,
2017-06-15,276.38,276.73,273.52,274.43,11206355,241.83,271.88,6.03,55.1,263.62,270.19,283.66,283.66,0,,,263.62,264.46,1,2017-05-04,0,,,42,,
2017-06-16,275.91,276.6,273.48,274.22,23228635,242.03,271.88,5.82,54.83,263.62,270.71,283.66,283.66,0,,,263.62,264.46,1,2017-05-04,0,,,42,,
2017-06-19,275.52,278.72,274.69,277.77,10719809,242.19,271.97,5.73,58.55,266.0,271.22,283.66,283.66,0,,,266.0,266.0,1,2017-05-04,0,,,42,,
2017-06-20,279.28,283.74,276.64,280.91,16849368,242.47,271.97,5.82,61.57,267.96,271.9,283.74,283.66,0,,,267.96,267.96,1,2017-05-04,0,,,42,,
2017-06-21,280.48,281.1,278.12,279.61,7142413,242.78,271.97,5.62,59.64,267.26,272.6,283.74,283.74,0,,,267.26,267.96,1,2017-05-04,0,,,42,,
2017-06-22,280.0,281.77,276.88,278.17,9180870,243.09,271.97,5.57,57.48,266.36,273.2,283.74,283.74,0,,,266.36,267.96,1,2017-05-04,0,,,42,,
2017-06-23,278.12,281.97,273.37,280.33,14937649,243.42,271.97,5.78,59.83,267.61,273.98,283.74,283.74,0,,,267.61,267.96,1,2017-05-04,0,,,42,,
2017-06-27,281.44,281.53,272.26,276.54,18053262,243.73,271.97,6.03,54.18,265.0,274.48,283.74,283.74,0,,,265.0,267.96,1,2017-05-04,0,,,42,,
2017-06-28,277.36,281.73,277.36,278.89,17157094,244.08,271.97,5.97,56.9,266.56,275.04,283.74,283.74,0,,,266.56,267.96,1,2017-05-04,0,,,42,,
2017-06-29,280.0,285.18,278.65,281.68,34774280,244.44,271.97,6.01,59.93,268.33,275.48,285.18,283.74,0,,,268.33,268.33,1,2017-05-04,0,,,42,,
2017-06-30,280.48,280.48,276.15,278.7,12435467,244.77,271.97,5.98,55.44,266.43,275.88,285.18,285.18,0,,,266.43,268.33,1,2017-05-04,0,,,42,,
2017-07-03,279.9,280.72,277.36,278.6,6106230,245.13,271.97,5.79,55.29,266.49,276.3,285.18,285.18,0,,,266.49,268.33,1,2017-05-04,0,,,42,,
2017-07-04,280.86,281.25,277.21,278.08,8335899,245.48,271.97,5.67,54.46,266.24,276.79,285.18,285.18,0,,,266.24,268.33,1,2017-05-04,0,,,42,,
2017-07-05,278.56,282.16,277.12,281.29,6958589,245.88,272.26,5.62,58.57,268.44,277.33,285.18,285.18,0,,,268.44,268.44,1,2017-05-04,0,,,42,,
2017-07-06,282.4,283.45,280.81,282.16,9967582,246.29,272.26,5.41,59.63,269.14,277.88,285.18,285.18,0,,,269.14,269.14,1,2017-05-04,0,,,42,,
2017-07-07,281.92,281.92,277.79,278.27,8477468,246.61,272.26,5.33,53.08,266.68,277.98,285.18,285.18,0,,,266.68,269.14,1,2017-05-04,0,,,42,,
2017-07-10,279.52,281.68,278.56,279.95,1114874,246.98,272.26,5.2,55.36,267.86,278.02,285.18,285.18,0,,,267.86,269.14,1,2017-05-04,0,,,42,,
2017-07-11,281.01,281.39,277.31,278.22,10893055,247.33,272.26,5.12,52.53,266.79,278.2,285.18,285.18,0,,,266.79,269.14,1,2017-05-04,0,,,42,,
2017-07-12,278.27,282.97,277.21,280.81,8091465,247.7,272.26,5.16,56.15,268.43,278.28,285.18,285.18,0,,,268.43,269.14,1,2017-05-04,0,,,42,,
2017-07-13,283.94,287.68,283.41,286.14,13747313,248.1,272.26,5.29,62.48,271.79,278.39,287.68,285.18,1,286.14,271.79,271.79,271.79,1,2017-05-04,0,,,42,,
2017-07-14,287.59,287.59,282.88,286.48,6196683,248.51,272.26,5.24,62.85,272.04,278.7,287.68,287.68,0,,,272.04,272.04,1,2017-05-04,0,,,42,,
2017-07-17,288.16,292.53,287.01,291.52,12506474,248.94,272.26,5.3,67.89,275.25,279.23,292.53,287.68,1,291.52,275.25,275.25,275.25,1,2017-05-04,0,,,42,,
2017-07-18,289.84,293.92,289.6,291.91,11772154,249.34,276.15,5.23,68.25,276.84,279.72,293.92,292.53,0,,,276.84,276.84,1,2017-05-04,0,,,42,,
2017-07-19,291.04,292.87,289.51,290.32,10780451,249.74,276.15,5.1,65.06,275.91,280.19,293.92,293.92,0,,,275.91,276.84,1,2017-05-04,0,,,42,,
2017-07-20,290.08,291.86,287.92,288.74,8458004,250.14,276.15,5.02,61.96,274.94,280.44,293.92,293.92,0,,,274.94,276.84,1,2017-05-04,0,,,42,,
2017-07-21,287.68,291.91,284.51,290.13,9705981,250.57,277.12,5.19,63.6,276.05,280.86,293.92,293.92,0,,,276.05,276.84,1,2017-05-04,0,,,42,,
2017-07-24,290.27,294.5,289.7,291.09,15604131,251.01,277.12,5.16,64.73,276.69,281.26,294.5,293.92,0,,,276.69,276.84,1,2017-05-04,0,,,42,,
2017-07-25,294.69,294.69,289.89,292.15,18129742,251.48,277.12,5.13,65.99,277.39,281.88,294.69,294.5,0,,,277.39,277.39,1,2017-05-04,0,,,42,,
2017-07-26,294.69,298.73,292.53,298.1,26050717,251.98,277.21,5.24,72.03,281.19,282.72,298.73,294.69,1,298.1,281.19,281.19,281.19,1,2017-05-04,0,,,42,,
2017-07-27,302.04,302.04,293.3,295.08,28535869,252.49,277.21,5.49,65.66,279.07,283.34,302.04,298.73,0,,,279.07,281.19,1,2017-05-04,0,,,42,,
2017-07-28,292.0,292.0,282.25,284.46,30571846,252.93,277.21,6.01,49.18,271.87,283.68,302.04,302.04,0,,,271.87,281.19,1,2017-05-04,0,,,42,,
2017-07-31,287.06,294.36,284.56,290.66,21526493,253.4,277.21,6.29,56.11,275.69,284.23,302.04,302.04,0,,,275.69,281.19,1,2017-05-04,0,,,42,,
2017-08-01,291.91,293.16,289.51,290.66,10722862,253.89,277.21,6.1,56.11,275.81,284.65,302.04,302.04,0,,,275.81,281.19,1,2017-05-04,0,,,42,,
2017-08-02,290.27,292.44,287.87,289.94,8348096,254.39,282.25,5.99,55.1,277.1,284.96,302.04,302.04,0,,,277.1,281.19,1,2017-05-04,0,,,42,,
2017-08-03,289.46,289.6,282.93,284.03,14389817,254.82,282.25,6.06,47.53,273.24,285.1,302.04,302.04,0,,,273.24,281.19,1,2017-05-04,0,,,42,,
2017-08-04,283.36,285.76,282.3,284.56,10099985,255.26,282.25,5.88,48.21,273.71,285.32,302.04,302.04,0,,,273.71,281.19,1,2017-05-04,0,,,42,,
2017-08-07,285.52,291.04,284.99,288.31,11870705,255.73,282.25,5.92,52.91,276.1,285.58,302.04,302.04,0,,,276.1,281.19,1,2017-05-04,0,,,42,,
2017-08-08,287.97,289.65,282.25,283.84,10288608,256.15,282.25,6.03,47.39,273.14,285.83,302.04,302.04,0,,,273.14,281.19,1,2017-05-04,0,,,42,,
2017-08-09,282.78,282.78,278.41,279.13,12959158,256.55,278.41,5.98,42.37,268.85,285.83,302.04,302.04,0,,,268.85,281.19,1,2017-05-04,1,281.19,TRAILING_STOP,42,69,8.98
2017-08-10,277.6,281.82,251.23,277.36,17225844,256.93,251.23,7.74,40.63,257.48,285.69,302.04,302.04,0,,,257.48,,0,,0,,,,,
2017-08-11,272.74,278.22,269.24,275.63,17211539,257.32,251.23,7.83,38.95,256.3,285.59,302.04,302.04,0,,,256.3,,0,,0,,,,,
2017-08-14,276.2,281.29,276.2,280.29,8428420,257.7,251.23,7.67,45.5,259.41,285.64,302.04,302.04,0,,,259.41,,0,,0,,,,,
2017-08-16,280.19,284.13,275.96,283.31,8605873,258.1,251.23,7.71,49.3,261.34,285.82,302.04,302.04,0,,,261.34,,0,,0,,,,,
2017-08-17,286.1,286.1,279.8,281.58,8168684,258.48,251.23,7.61,47.27,260.29,285.83,302.04,302.04,0,,,260.29,,0,,0,,,,,
2017-08-18,280.48,282.73,279.32,281.58,6700778,258.86,251.23,7.31,47.27,260.49,285.81,302.04,302.04,0,,,260.49,,0,,0,,,,,
2017-08-21,283.6,287.92,280.72,281.92,10623264,259.21,251.23,7.3,47.76,260.71,285.93,302.04,302.04,0,,,260.71,,0,,0,,,,,
2017-08-22,285.28,285.62,280.62,282.35,7549155,259.54,251.23,7.14,48.41,261.1,286.01,302.04,302.04,0,,,261.1,,0,,0,,,,,
2017-08-23,284.32,287.39,283.65,286.82,9142592,259.9,251.23,6.99,54.75,264.08,286.3,302.04,302.04,0,,,264.08,,0,,0,,,,,
2017-08-24,288.16,288.31,284.94,285.95,12766567,260.26,251.23,6.73,53.38,263.7,286.47,302.04,302.04,0,,,263.7,,0,,0,,,,,
2017-08-28,287.87,290.32,286.34,289.03,8827300,260.63,251.23,6.56,57.45,265.79,286.56,294.36,302.04,0,,,265.79,,0,,0,,,,,
2017-08-29,288.16,290.85,286.34,287.68,12737088,261.0,251.23,6.41,55.18,265.02,286.6,294.36,294.36,0,,,265.02,,0,,0,,,,,
2017-08-30,289.89,290.37,287.59,288.45,8552010,261.36,251.23,6.15,56.24,265.69,286.5,293.16,294.36,0,,,265.69,,0,,0,,,,,
2017-08-31,289.03,289.03,285.28,286.29,14865124,261.75,251.23,5.98,52.48,264.41,286.31,292.44,293.16,0,,,264.41,,0,,0,,,,,
2017-09-01,287.87,287.87,285.42,286.53,7472688,262.17,251.23,5.73,52.85,264.73,286.19,291.04,292.44,0,,,264.73,,0,,0,,,,,
2017-09-04,288.07,288.16,282.88,285.38,6244661,262.59,269.24,5.7,50.77,270.02,286.08,291.04,291.04,0,,,270.02,,0,,0,,,,,
2017-09-05,284.99,287.2,284.99,285.86,7683590,263.0,275.96,5.45,51.63,272.73,285.93,291.04,291.04,0,,,272.73,,0,,0,,,,,
2017-09-06,283.26,284.32,282.69,283.7,4854030,263.32,275.96,5.29,47.61,271.45,285.69,290.85,291.04,0,,,271.45,,0,,0,,,,,
2017-09-07,283.89,286.72,280.57,281.1,15630577,263.63,279.32,5.35,43.25,270.85,285.32,290.85,290.85,0,,,270.85,,0,,0,,,,,
2017-09-08,283.17,283.17,278.6,280.48,8077662,263.94,278.6,5.29,42.26,270.25,284.73,290.85,290.85,0,,,270.25,,0,,0,,,,,
2017-09-11,281.44,282.11,277.64,279.32,7639794,264.18,277.64,5.23,40.39,269.22,284.21,290.85,290.85,0,,,269.22,,0,,0,,,,,
2017-09-12,281.1,281.82,279.04,279.71,8497603,264.39,277.64,5.06,41.33,269.59,284.05,290.85,290.85,0,,,269.59,,0,,0,,,,,
2017-09-13,280.57,281.68,279.71,280.48,8297426,264.64,277.64,4.84,43.23,270.23,283.71,290.85,290.85,0,,,270.23,,0,,0,,,,,
2017-09-14,280.19,283.94,280.19,282.11,12267908,264.84,277.64,4.76,47.14,271.33,283.42,290.85,290.85,0,,,271.33,,0,,0,,,,,
2017-09-15,282.83,283.89,279.47,280.09,22632513,265.05,277.64,4.74,43.17,270.05,283.1,290.85,290.85,0,,,270.05,,0,,0,,,,,
2017-09-18,282.3,282.78,280.62,281.44,11181986,265.27,277.64,4.59,46.42,271.02,283.01,290.85,290.85,0,,,271.02,,0,,0,,,,,
2017-09-19,280.38,283.84,278.17,283.02,7558625,265.51,277.64,4.67,50.02,271.98,282.96,290.85,290.85,0,,,271.98,,0,,0,,,,,
2017-09-20,280.48,281.29,278.17,279.08,14617079,265.75,277.64,4.68,42.37,269.43,282.65,290.85,290.85,0,,,269.43,,0,,0,,,,,
2017-09-21,278.03,278.94,272.46,273.71,14496834,265.94,272.46,4.82,34.61,264.15,282.31,290.85,290.85,0,,,264.15,,0,,0,,,,,
2017-09-22,272.41,272.74,264.87,266.17,23451953,266.07,264.87,5.11,27.1,256.57,281.88,290.85,290.85,0,,,256.57,,0,,0,,,,,
2017-09-25,267.94,269.62,264.68,268.47,13358067,266.24,264.68,5.09,31.95,257.99,281.58,290.85,290.85,0,,,257.99,,0,,0,,,,,
2017-09-26,268.47,272.79,265.83,271.59,11325047,266.44,264.68,5.23,37.98,259.92,281.45,290.37,290.85,0,,,259.92,,0,,0,,,,,
2017-09-27,273.51,273.51,264.53,265.49,17853590,266.58,264.53,5.5,32.01,255.75,280.96,289.03,290.37,0,,,255.75,,0,,0,,,,,
2017-09-28,265.06,266.84,258.53,265.06,32223724,266.71,258.53,5.7,31.63,253.34,280.35,288.16,289.03,0,,,253.34,,0,,0,,,,,
2017-09-29,266.5,270.54,264.87,265.68,9980756,266.84,258.53,5.69,32.86,253.74,279.82,288.16,288.16,0,,,253.74,,0,,0,,,,,
2017-10-03,268.47,269.62,264.29,267.41,6752832,266.97,258.53,5.67,36.3,254.88,279.35,287.2,288.16,0,,,254.88,,0,,0,,,,,
2017-10-04,268.23,268.37,264.24,265.2,7417758,267.09,258.53,5.56,33.91,253.52,278.79,286.72,287.2,0,,,253.52,,0,,0,,,,,
2017-10-05,265.11,266.45,260.4,261.07,10975305,267.22,258.53,5.59,29.94,250.84,278.08,286.72,286.72,0,,,250.84,,0,,0,,,,,
2017-10-06,261.41,263.62,259.87,261.22,25447787,267.37,258.53,5.46,30.26,251.02,277.23,283.94,286.72,0,,,251.02,,0,,0,,,,,
2017-10-09,262.56,265.4,260.55,261.03,20478222,267.5,258.53,5.42,30.07,250.93,276.4,283.94,283.94,0,,,250.93,,0,,0,,,,,
2017-10-10,261.12,262.23,258.53,259.15,18594444,267.62,258.53,5.3,28.22,249.8,275.4,283.94,283.94,0,,,249.8,,0,,0,,,,,
2017-10-11,260.4,261.27,255.7,257.04,12687990,267.74,255.7,5.32,26.26,247.48,274.38,283.94,283.94,0,,,247.48,,0,,0,,,,,
2017-10-12,257.04,257.38,253.63,256.99,11831125,267.85,253.63,5.2,26.21,246.83,273.33,283.94,283.94,0,,,246.83,,0,,0,,,,,
2017-10-13,257.04,263.81,257.04,260.59,14402254,267.99,253.63,5.32,35.11,249.08,272.47,283.89,283.94,0,,,249.08,,0,,0,,,,,
2017-10-16,263.76,265.11,259.68,263.43,12848154,268.16,253.63,5.33,41.15,250.9,271.7,283.84,283.89,0,,,250.9,,0,,0,,,,,
2017-10-17,263.91,265.64,262.42,263.09,9183764,268.34,253.63,5.18,40.66,250.79,270.96,283.84,283.84,0,,,250.79,,0,,0,,,,,
2017-10-18,257.81,257.81,251.9,252.77,30669948,268.46,251.9,5.61,29.31,243.27,269.86,281.29,283.84,0,,,243.27,,0,,0,,,,,
2017-10-19,249.36,250.7,246.47,247.67,3822821,268.45,246.47,5.66,25.52,238.13,268.66,278.94,281.29,0,,,238.13,,0,,0,,,,,
2017-10-23,248.16,254.01,246.38,252.19,22939775,268.49,246.38,5.8,33.7,240.92,267.69,273.51,278.94,0,,,240.92,,0,,0,,,,,
2017-10-24,252.86,257.57,244.94,256.03,15126641,268.55,244.94,6.28,39.76,242.6,266.88,273.51,273.51,0,,,242.6,,0,,0,,,,,
2017-10-25,281.63,298.54,273.13,293.64,123615362,268.89,244.94,8.87,69.32,265.13,267.35,298.54,273.51,1,293.64,265.13,265.13,265.13,1,2017-10-25,0,,,43,,
2017-10-26,287.97,302.23,283.36,287.44,43256025,269.22,244.94,9.59,63.77,260.65,267.61,302.23,298.54,0,,,260.65,265.13,1,2017-10-25,0,,,43,,
2017-10-27,280.38,293.4,274.23,289.27,36889009,269.57,244.94,10.27,64.67,261.38,267.9,302.23,302.23,0,,,261.38,265.13,1,2017-10-25,0,,,43,,
2017-10-30,286.82,296.28,283.6,288.69,38047961,269.97,244.94,10.44,64.12,260.89,268.12,302.23,302.23,0,,,260.89,265.13,1,2017-10-25,0,,,43,,
2017-10-31,288.4,291.28,286.53,288.26,19050731,270.35,244.94,10.04,63.69,260.88,268.4,302.23,302.23,0,,,260.88,265.13,1,2017-10-25,0,,,43,,
2017-11-01,291.04,306.36,290.47,301.03,38829935,270.77,244.94,10.61,70.08,268.74,269.05,306.36,302.23,0,,,268.74,268.74,1,2017-10-25,0,,,43,,
2017-11-02,301.08,307.76,299.11,304.15,27736221,271.22,244.94,10.47,71.4,270.84,269.75,307.76,306.36,0,,,270.84,270.84,1,2017-10-25,0,,,43,,
2017-11-03,305.26,306.08,301.66,303.43,14258432,271.64,244.94,10.04,70.62,270.67,270.57,307.76,307.76,0,,,270.67,270.84,1,2017-10-25,0,,,43,,
2017-11-06,302.38,307.61,299.35,303.63,16349376,272.03,244.94,9.91,70.72,270.88,271.56,307.76,307.76,0,,,270.88,270.88,1,2017-10-25,0,,,43,,
2017-11-07,304.59,305.4,297.14,300.12,12752869,272.41,244.94,9.79,66.64,268.69,272.69,307.76,307.76,0,,,268.69,270.88,1,2017-10-25,0,,,43,,
2017-11-08,299.69,301.61,291.91,293.44,11942186,272.77,244.94,9.79,59.59,264.39,273.53,307.76,307.76,0,,,264.39,270.88,1,2017-10-25,0,,,43,,
2017-11-09,294.69,302.38,294.69,299.02,12716330,273.1,244.94,9.73,63.1,268.03,274.44,307.76,307.76,0,,,268.03,270.88,1,2017-10-25,0,,,43,,
2017-11-10,300.17,311.41,298.78,305.93,21000915,273.5,244.94,9.93,66.93,272.35,275.79,311.41,307.76,0,,,272.35,272.35,1,2017-10-25,0,,,43,,
2017-11-13,304.49,309.1,300.65,301.85,13679015,273.89,244.94,9.83,62.79,269.79,277.02,311.41,311.41,0,,,269.79,272.35,1,2017-10-25,0,,,43,,
2017-11-14,300.94,304.59,297.57,301.71,12362405,274.3,273.13,9.63,62.64,279.23,278.22,311.41,311.41,0,,,279.23,279.23,1,2017-10-25,0,,,43,,
2017-11-15,300.6,306.99,300.31,303.05,14408468,274.71,274.23,9.42,63.5,280.6,279.4,311.41,311.41,0,,,280.6,280.6,1,2017-10-25,0,,,43,,
2017-11-16,303.67,307.37,303.53,306.36,8983382,275.12,274.23,9.05,65.61,282.98,280.78,311.41,311.41,0,,,282.98,282.98,1,2017-10-25,0,,,43,,
2017-11-17,311.21,319.23,311.02,312.27,20440466,275.58,283.6,9.33,69.04,289.73,282.48,319.23,311.41,1,312.27,289.73,289.73,289.73,1,2017-10-25,0,,,43,,
2017-11-20,310.59,311.12,304.68,305.98,13606336,275.98,286.53,9.2,61.95,286.73,283.98,319.23,319.23,0,,,286.73,289.73,1,2017-10-25,0,,,43,,
2017-11-21,306.17,309.49,305.02,307.28,13102056,276.4,290.47,8.86,62.8,289.11,285.52,319.23,319.23,0,,,289.11,289.73,1,2017-10-25,0,,,43,,
2017-11-22,306.8,309.39,305.5,306.32,9342622,276.81,291.91,8.51,61.71,289.21,287.09,319.23,319.23,0,,,289.21,289.73,1,2017-10-25,0,,,43,,
2017-11-23,307.13,307.85,302.76,306.84,9998609,277.23,291.91,8.26,62.09,289.71,288.75,319.23,319.23,0,,,289.71,289.73,1,2017-10-25,0,,,43,,
2017-11-24,307.28,308.38,303.48,304.68,7867381,277.69,291.91,8.02,59.41,288.47,290.34,319.23,319.23,0,,,288.47,289.73,1,2017-10-25,0,,,43,,
2017-11-27,302.62,306.03,301.13,304.49,9334428,278.16,291.91,7.8,59.17,288.5,291.8,319.23,319.23,0,,,288.5,289.73,1,2017-10-25,0,,,43,,
2017-11-28,300.74,302.91,299.45,300.84,13929413,278.62,291.91,7.6,54.58,286.28,293.05,319.23,319.23,0,,,286.28,289.73,1,2017-10-25,0,,,43,,
2017-11-29,300.26,303.82,299.98,302.43,12384876,279.06,294.69,7.33,56.17,288.41,294.36,319.23,319.23,0,,,288.41,289.73,1,2017-10-25,0,,,43,,
2017-11-30,302.52,303.34,294.16,295.41,23832543,279.43,294.16,7.47,48.13,283.61,295.78,319.23,319.23,0,,,283.61,289.73,1,2017-10-25,0,,,43,,
2017-12-01,297.48,297.72,292.39,293.2,6602231,279.8,292.39,7.31,45.9,281.7,297.3,319.23,319.23,0,,,281.7,289.73,1,2017-10-25,0,,,43,,
2017-12-04,295.13,295.37,290.37,292.24,8763567,280.14,290.37,7.15,44.93,280.52,298.63,319.23,319.23,0,,,280.52,289.73,1,2017-10-25,0,,,43,,
2017-12-05,292.77,295.46,291.72,293.2,8219441,280.5,290.37,6.91,46.16,281.3,299.87,319.23,319.23,0,,,281.3,289.73,1,2017-10-25,0,,,43,,
2017-12-06,291.81,292.96,286.38,287.68,6751957,280.85,286.38,6.9,40.55,276.41,299.67,319.23,319.23,0,,,276.41,289.73,1,2017-10-25,1,289.73,TRAILING_STOP,43,31,-1.33
2017-12-07,289.6,294.65,288.35,293.73,7414305,281.08,286.38,6.9,48.01,280.31,299.88,319.23,319.23,0,,,280.31,,0,,0,,,,,
2017-12-08,295.13,299.59,294.89,298.49,10732806,281.35,286.38,6.83,53.0,283.43,300.19,319.23,319.23,0,,,283.43,,0,,0,,,,,
2017-12-11,298.73,299.93,296.09,299.16,6829121,281.59,286.38,6.62,53.67,284.01,300.54,319.23,319.23,0,,,284.01,,0,,0,,,,,
2017-12-12,299.74,300.02,294.21,295.46,11995276,281.83,286.38,6.56,49.45,281.66,300.78,319.23,319.23,0,,,281.66,,0,,0,,,,,
2017-12-13,295.85,296.23,288.35,291.0,14805881,282.04,286.38,6.65,44.87,278.72,300.45,319.23,319.23,0,,,278.72,,0,,0,,,,,
2017-12-14,291.86,293.92,289.46,292.34,11140346,282.26,286.38,6.5,46.48,279.69,300.05,319.23,319.23,0,,,279.69,,0,,0,,,,,
2017-12-15,298.15,298.44,290.61,291.19,23227021,282.49,286.38,6.59,45.26,278.88,299.64,311.12,319.23,0,,,278.88,,0,,0,,,,,
2017-12-18,286.24,299.98,275.67,296.71,16300443,282.72,275.67,7.86,51.79,278.03,299.41,309.49,311.12,0,,,278.03,,0,,0,,,,,
2017-12-19,297.0,302.38,296.33,301.32,13135113,282.98,275.67,7.73,56.45,281.09,299.45,309.39,309.49,0,,,281.09,,0,,0,,,,,
2017-12-20,301.71,305.31,299.21,303.34,14003657,283.21,275.67,7.61,58.36,282.47,299.78,308.38,309.39,0,,,282.47,,0,,0,,,,,
2017-12-21,302.95,304.06,299.78,303.0,9705688,283.46,275.67,7.37,57.9,282.41,299.92,308.38,308.38,0,,,282.41,,0,,0,,,,,
2017-12-22,302.57,306.6,301.42,304.11,7628532,283.71,275.67,7.22,59.03,283.23,299.86,306.6,308.38,0,,,283.23,,0,,0,,,,,
2017-12-26,303.77,306.41,300.84,305.6,7632721,283.99,275.67,7.1,60.56,284.27,299.98,306.6,306.6,0,,,284.27,,0,,0,,,,,
2017-12-27,303.48,305.36,299.78,300.46,6354635,284.23,275.67,7.01,53.17,281.01,299.94,306.6,306.6,0,,,281.01,,0,,0,,,,,
2017-12-28,300.46,306.6,298.25,302.86,22689602,284.47,275.67,7.1,55.88,282.5,299.93,306.6,306.6,0,,,282.5,,0,,0,,,,,
2017-12-29,301.51,303.29,300.17,301.61,9637881,284.65,275.67,6.82,54.13,281.88,299.77,306.6,306.6,0,,,281.88,,0,,0,,,,,
2018-01-01,301.61,301.61,296.9,298.06,7739502,284.78,275.67,6.67,49.38,279.69,299.3,306.6,306.6,0,,,279.69,,0,,0,,,,,
2018-01-02,298.68,299.4,295.37,297.48,7046560,284.94,275.67,6.48,48.63,279.44,299.02,306.6,306.6,0,,,279.44,,0,,0,,,,,
2018-01-03,300.17,303.87,300.17,302.57,8898342,285.1,275.67,6.47,55.08,282.73,298.86,306.6,306.6,0,,,282.73,,0,,0,,,,,
2018-01-04,302.52,303.19,299.21,302.28,6385367,285.23,275.67,6.3,54.66,282.66,298.73,306.6,306.6,0,,,282.66,,0,,0,,,,,
2018-01-05,302.04,302.71,299.3,300.55,6366054,285.39,275.67,6.09,52.1,281.69,298.52,306.6,306.6,0,,,281.69,,0,,0,,,,,
2018-01-08,301.13,305.64,300.26,301.75,7329648,285.56,275.67,6.04,53.72,282.49,298.42,306.6,306.6,0,,,282.49,,0,,0,,,,,
2018-01-09,302.38,303.34,298.49,300.26,9190909,285.72,295.37,5.95,51.4,288.16,298.28,306.6,306.6,0,,,288.16,,0,,0,,,,,
2018-01-10,300.22,300.6,298.3,299.69,6736971,285.87,295.37,5.69,50.5,287.96,298.24,306.6,306.6,0,,,287.96,,0,,0,,,,,
2018-01-11,300.17,300.17,296.37,297.29,8366713,285.98,295.37,5.56,46.79,286.5,298.07,306.6,306.6,0,,,286.5,,0,,0,,,,,
2018-01-12,297.38,306.22,297.38,305.16,11699345,286.16,295.37,5.8,57.75,291.42,298.39,306.6,306.6,0,,,291.42,,0,,0,,,,,
2018-01-15,308.14,317.65,307.61,316.31,30242005,286.41,295.37,6.28,67.86,298.29,299.16,317.65,306.6,1,316.31,298.29,298.29,298.29,1,2018-01-15,0,,,44,,
2018-01-16,316.74,327.3,313.66,320.92,26707100,286.73,295.37,6.8,70.95,300.92,300.12,327.3,317.65,0,,,300.92,300.92,1,2018-01-15,0,,,44,,
2018-01-17,320.87,330.62,320.87,329.7,43305353,287.11,295.37,7.01,75.74,306.44,301.34,330.62,327.3,0,,,306.44,306.44,1,2018-01-15,0,,,44,,
2018-01-18,336.19,339.26,329.46,332.49,31504669,287.48,295.37,7.21,77.03,308.1,302.83,339.26,330.62,0,,,308.1,308.1,1,2018-01-15,0,,,44,,
2018-01-19,333.74,340.99,327.35,339.65,18812611,287.92,295.37,7.67,79.99,312.42,304.36,340.99,339.26,0,,,312.42,312.42,1,2018-01-15,0,,,44,,
2018-01-22,338.49,338.97,331.19,337.63,15269782,288.34,295.37,7.73,76.98,311.08,305.66,340.99,340.99,0,,,311.08,312.42,1,2018-01-15,0,,,44,,
2018-01-23,336.62,350.07,336.62,348.0,22485663,288.81,296.37,8.14,80.94,317.83,307.29,350.07,340.99,1,348.0,317.83,317.83,317.83,1,2018-01-15,0,,,44,,
2018-01-24,343.63,345.03,337.92,338.83,12815095,289.19,296.37,8.28,69.54,311.82,308.74,350.07,350.07,0,,,311.82,317.83,1,2018-01-15,0,,,44,,
2018-01-25,338.59,350.4,336.86,346.56,30183655,289.64,296.37,8.65,73.0,316.55,310.59,350.4,350.07,0,,,316.55,317.83,1,2018-01-15,0,,,44,,
2018-01-29,345.79,351.27,341.57,343.54,17855095,290.08,296.37,8.73,69.67,314.56,312.3,351.27,350.4,0,,,314.56,317.83,1,2018-01-15,0,,,44,,
2018-01-30,342.72,342.72,336.67,339.31,13358981,290.47,296.37,8.59,65.2,311.92,313.9,351.27,351.27,0,,,311.92,317.83,1,2018-01-15,0,,,44,,
2018-01-31,335.08,339.98,330.04,339.02,22638319,290.89,296.37,8.69,64.89,311.66,315.31,351.27,351.27,0,,,311.66,317.83,1,2018-01-15,0,,,44,,
2018-02-01,333.84,341.86,330.23,332.54,29472295,291.24,296.37,8.9,58.27,307.35,316.35,351.27,351.27,0,,,307.35,317.83,1,2018-01-15,0,,,44,,
2018-02-02,329.03,330.14,320.53,321.88,16957983,291.51,297.38,9.12,49.35,300.66,316.97,351.27,351.27,0,,,300.66,317.83,1,2018-01-15,0,,,44,,
2018-02-05,314.67,321.06,314.14,316.69,17339547,291.76,307.61,9.02,45.68,300.79,317.43,351.27,351.27,0,,,300.79,317.83,1,2018-01-15,1,317.83,TRAILING_STOP,44,15,0.48
2018-02-06,302.81,324.61,300.65,317.65,18491736,292.02,300.65,10.09,46.47,298.37,317.88,351.27,351.27,0,,,298.37,,0,,0,,,,,
2018-02-07,322.12,323.13,316.88,319.43,11819190,292.3,300.65,9.82,47.99,299.71,318.34,351.27,351.27,0,,,299.71,,0,,0,,,,,
2018-02-08,319.43,325.05,316.5,320.68,10294899,292.56,300.65,9.73,49.08,300.57,319.01,351.27,351.27,0,,,300.57,,0,,0,,,,,
2018-02-09,312.17,315.68,309.92,313.86,9493398,292.77,300.65,9.8,43.7,296.12,319.38,351.27,351.27,0,,,296.12,,0,,0,,,,,
2018-02-12,315.87,316.21,310.49,313.38,8356351,293.01,300.65,9.51,43.34,296.01,319.77,351.27,351.27,0,,,296.01,,0,,0,,,,,
2018-02-14,314.1,314.1,304.06,306.36,15189066,293.18,300.65,9.55,38.36,291.45,320.05,351.27,351.27,0,,,291.45,,0,,0,,,,,
2018-02-15,309.44,318.71,309.44,315.68,23779772,293.43,300.65,9.75,47.06,297.33,320.66,351.27,351.27,0,,,297.33,,0,,0,,,,,
2018-02-16,317.31,320.82,306.22,308.38,17585994,293.62,300.65,10.09,42.05,292.39,320.85,351.27,351.27,0,,,292.39,,0,,0,,,,,
2018-02-19,316.5,316.59,302.76,307.13,19044107,293.76,300.65,10.36,41.24,291.41,321.01,351.27,351.27,0,,,291.41,,0,,0,,,,,
2018-02-20,307.85,311.41,303.82,304.73,16030558,293.88,300.65,10.16,39.67,289.99,321.15,351.27,351.27,0,,,289.99,,0,,0,,,,,
2018-02-21,306.41,308.04,303.24,306.6,9974873,293.98,300.65,9.78,41.54,291.45,321.31,351.27,351.27,0,,,291.45,,0,,0,,,,,
2018-02-22,304.49,306.7,301.56,305.79,25530698,294.07,300.65,9.45,40.95,291.15,321.5,351.27,351.27,0,,,291.15,,0,,0,,,,,
2018-02-23,306.46,311.26,305.79,310.01,7949765,294.2,300.65,9.16,45.33,294.06,321.84,351.27,351.27,0,,,294.06,,0,,0,,,,,
2018-02-26,312.17,314.86,310.4,314.14,7133735,294.37,300.65,8.86,49.3,296.93,322.4,351.27,351.27,0,,,296.93,,0,,0,,,,,
2018-02-27,314.1,314.14,307.04,309.44,9623651,294.5,300.65,8.73,45.27,293.99,322.54,342.72,351.27,0,,,293.99,,0,,0,,,,,
2018-02-28,302.71,304.49,298.82,300.89,17481687,294.57,298.82,8.87,39.03,287.77,322.03,341.86,342.72,0,,,287.77,,0,,0,,,,,
2018-03-01,300.31,301.61,292.24,292.92,18986889,294.57,292.24,8.9,34.28,280.41,321.1,341.86,341.86,0,,,280.41,,0,,0,,,,,
2018-03-05,292.44,294.4,287.49,291.38,14456193,294.53,287.49,8.76,33.43,277.93,319.82,330.14,341.86,0,,,277.93,,0,,0,,,,,
2018-03-06,295.27,295.56,282.59,283.41,18951451,294.45,282.59,9.06,29.39,270.96,318.18,325.05,330.14,0,,,270.96,,0,,0,,,,,
2018-03-07,281.73,282.21,274.09,275.39,31472773,294.39,274.09,9.08,25.98,262.94,316.04,325.05,325.05,0,,,262.94,,0,,0,,,,,
2018-03-08,278.8,286.24,277.84,285.23,21413552,294.35,274.09,9.2,35.81,269.2,314.3,325.05,325.05,0,,,269.2,,0,,0,,,,,
2018-03-09,287.2,287.68,279.23,281.15,12489587,294.29,274.09,9.15,33.81,266.6,312.07,325.05,325.05,0,,,266.6,,0,,0,,,,,
2018-03-12,283.94,289.99,282.16,288.79,12163952,294.28,274.09,9.13,40.52,271.55,310.4,320.82,325.05,0,,,271.55,,0,,0,,,,,
2018-03-13,288.26,294.89,287.78,292.34,15966647,294.34,274.09,8.98,43.39,273.93,308.59,320.82,320.82,0,,,273.93,,0,,0,,,,,
2018-03-14,291.19,295.32,286.05,293.97,12964285,294.4,274.09,9.0,44.72,274.97,306.94,320.82,320.82,0,,,274.97,,0,,0,,,,,
2018-03-15,293.68,293.68,288.55,289.55,13282019,294.41,274.09,8.75,41.86,272.29,305.28,320.82,320.82,0,,,272.29,,0,,0,,,,,
2018-03-16,289.36,289.94,285.66,286.34,28835112,294.43,274.09,8.43,39.87,270.43,303.52,320.82,320.82,0,,,270.43,,0,,0,,,,,
2018-03-19,286.34,288.16,279.76,282.93,13601784,294.45,274.09,8.43,37.82,268.23,301.87,316.59,320.82,0,,,268.23,,0,,0,,,,,
2018-03-20,281.44,285.47,278.8,280.48,10880002,294.47,274.09,8.3,36.37,266.74,300.49,314.86,316.59,0,,,266.74,,0,,0,,,,,
2018-03-21,283.36,283.41,276.01,277.79,13618228,294.49,274.09,8.24,34.79,265.05,299.19,314.86,314.86,0,,,265.05,,0,,0,,,,,
2018-03-22,278.08,278.22,269.82,272.07,24593489,294.43,269.82,8.25,31.65,259.93,297.67,314.86,314.86,0,,,259.93,,0,,0,,,,,
2018-03-23,266.17,266.89,262.76,264.68,31922568,294.31,262.76,8.32,28.11,252.76,295.85,314.86,314.86,0,,,252.76,,0,,0,,,,,
2018-03-26,265.2,271.98,265.06,270.54,24618534,294.23,262.76,8.25,34.37,256.58,294.18,314.86,314.86,0,,,256.58,,0,,0,,,,,
2018-03-27,273.27,275.96,270.3,272.7,22377328,294.17,262.76,8.07,36.56,258.1,292.81,314.14,314.86,0,,,258.1,,0,,0,,,,,
2018-03-28,271.83,272.12,266.17,267.37,27172599,294.08,262.76,7.96,33.58,254.74,291.27,304.49,314.14,0,,,254.74,,0,,0,,,,,
2018-04-02,262.23,263.04,248.59,251.52,73359584,293.87,248.59,8.73,26.63,239.27,289.44,301.61,304.49,0,,,239.27,,0,,0,,,,,
2018-04-03,251.08,260.79,251.08,259.39,40773239,293.69,248.59,8.8,33.94,244.3,287.57,295.56,301.61,0,,,244.3,,0,,0,,,,,
2018-04-04,256.7,262.52,255.02,258.05,33486876,293.5,248.59,8.71,33.33,243.5,285.89,295.56,295.56,0,,,243.5,,0,,0,,,,,
2018-04-05,257.23,268.95,257.14,267.65,26759108,293.36,248.59,8.93,41.44,249.55,284.57,295.32,295.56,0,,,249.55,,0,,0,,,,,
2018-04-06,267.41,271.78,266.07,269.58,31577015,293.24,248.59,8.7,42.95,250.94,283.4,295.32,295.32,0,,,250.94,,0,,0,,,,,
2018-04-09,266.79,272.26,263.52,269.77,31712527,293.11,248.59,8.7,43.1,251.06,282.18,295.32,295.32,0,,,251.06,,0,,0,,,,,
2018-04-10,268.42,282.83,268.04,277.4,44741783,293.06,248.59,9.14,49.08,255.7,281.23,295.32,295.32,0,,,255.7,,0,,0,,,,,
2018-04-11,276.39,276.54,271.21,273.32,16811454,292.97,248.59,8.93,46.28,253.2,280.01,295.32,295.32,0,,,253.2,,0,,0,,,,,
2018-04-12,274.04,278.46,272.36,275.43,22954325,292.9,248.59,8.72,47.93,254.7,278.72,295.32,295.32,0,,,254.7,,0,,0,,,,,
2018-04-13,276.64,279.61,274.52,276.88,17497198,292.84,248.59,8.46,49.09,255.81,277.63,293.68,295.32,0,,,255.81,,0,,0,,,,,
2018-04-16,273.75,277.55,272.89,276.25,16874313,292.79,248.59,8.19,48.58,255.58,276.81,289.94,293.68,0,,,255.58,,0,,0,,,,,
2018-04-17,276.25,281.68,275.48,280.24,15406113,292.79,248.59,8.05,51.96,258.25,276.39,288.16,289.94,0,,,258.25,,0,,0,,,,,
2018-04-18,282.11,283.26,277.6,278.6,20755245,292.77,248.59,7.88,50.5,257.31,275.96,285.47,288.16,0,,,257.31,,0,,0,,,,,
2018-04-19,279.52,279.52,275.96,278.17,17282341,292.77,248.59,7.57,50.1,257.24,275.79,283.41,285.47,0,,,257.24,,0,,0,,,,,
2018-04-20,277.84,278.7,268.66,271.02,19745690,292.71,248.59,7.75,43.87,252.51,275.64,283.26,283.41,0,,,252.51,,0,,0,,,,,
2018-04-23,268.95,271.64,264.39,268.37,11620499,292.63,251.08,7.71,41.8,251.65,275.08,283.26,283.26,0,,,251.65,,0,,0,,,,,
2018-04-24,268.33,275.29,268.33,272.89,15412234,292.57,255.02,7.66,46.45,255.92,274.8,283.26,283.26,0,,,255.92,,0,,0,,,,,
2018-04-25,272.84,274.38,265.93,267.89,7961352,292.48,257.14,7.71,42.41,253.36,274.11,283.26,283.26,0,,,253.36,,0,,0,,,,,
2018-04-26,268.76,269.33,264.48,267.85,14112673,292.39,263.52,7.51,42.38,255.6,273.29,283.26,283.26,0,,,255.6,,0,,0,,,,,
2018-04-27,266.45,280.19,265.11,276.54,16488361,292.35,263.52,8.05,50.96,260.84,272.71,283.26,283.26,0,,,260.84,,0,,0,,,,,
2018-04-30,277.55,279.52,271.16,272.99,9737559,292.31,264.39,8.07,47.83,258.83,272.16,283.26,283.26,0,,,258.83,,0,,0,,,,,
2018-05-02,272.46,272.55,264.68,265.97,14211445,292.26,264.39,8.09,42.29,254.29,271.48,283.26,283.26,0,,,254.29,,0,,0,,,,,
2018-05-03,266.36,272.46,266.36,270.78,14724116,292.29,264.39,7.98,46.83,257.47,271.07,283.26,283.26,0,,,257.47,,0,,0,,,,,
2018-05-04,269.38,274.33,267.37,271.69,11861951,292.31,264.39,7.9,47.67,258.1,270.78,283.26,283.26,0,,,258.1,,0,,0,,,,,
2018-05-07,272.79,281.44,271.69,278.36,19673100,292.36,264.39,8.04,53.47,262.32,270.8,283.26,283.26,0,,,262.32,,0,,0,,,,,
2018-05-08,290.08,302.09,288.16,297.09,87176185,292.57,264.39,9.16,65.14,273.65,271.63,302.09,283.26,1,297.09,273.65,273.65,273.65,1,2018-05-08,0,,,45,,
2018-05-09,292.96,297.57,292.24,294.69,20140490,292.76,264.39,8.88,62.96,272.28,272.63,302.09,302.09,0,,,272.28,273.65,1,2018-05-08,1,292.76,SMA150_BREAK,45,2,-1.46
2018-05-10,296.28,300.55,293.64,294.74,16239386,292.96,264.39,8.74,62.99,272.41,273.44,302.09,302.09,0,,,272.41,,0,,0,,,,,
2018-05-11,295.8,299.54,295.41,298.68,16671145,293.17,264.39,8.46,65.21,275.14,274.31,302.09,302.09,0,,,275.14,,0,,0,,,,,
2018-05-14,297.77,298.73,293.11,297.86,10425585,293.38,264.39,8.26,64.34,274.74,275.32,302.09,302.09,0,,,274.74,,0,,0,,,,,
2018-05-15,298.44,304.97,293.01,296.09,16400700,293.62,264.48,8.52,62.42,273.46,276.81,304.97,302.09,0,,,273.46,,0,,0,,,,,
2018-05-16,291.91,292.87,283.65,285.52,25515791,293.78,264.48,8.8,52.37,266.45,277.68,304.97,304.97,0,,,266.45,,0,,0,,,,,
2018-05-17,287.2,288.11,282.45,284.32,10668400,293.93,264.48,8.58,51.36,265.83,278.55,304.97,304.97,0,,,265.83,,0,,0,,,,,
2018-05-18,282.54,283.65,273.37,274.81,17469524,294.04,264.68,8.75,44.09,259.65,278.79,304.97,304.97,0,,,259.65,,0,,0,,,,,
2018-05-21,278.08,281.44,276.39,277.88,23155638,294.18,264.68,8.6,46.71,261.73,279.07,304.97,304.97,0,,,261.73,,0,,0,,,,,
2018-05-22,278.08,282.25,275.53,278.84,11284988,294.32,264.68,8.46,47.54,262.44,279.37,304.97,304.97,0,,,262.44,,0,,0,,,,,
2018-05-23,277.45,286.62,277.4,280.53,15887229,294.46,266.36,8.52,49.04,264.05,279.48,304.97,304.97,0,,,264.05,,0,,0,,,,,
2018-05-24,282.11,287.2,279.71,285.95,11489424,294.61,267.37,8.44,53.63,267.93,279.9,304.97,304.97,0,,,267.93,,0,,0,,,,,
2018-05-25,286.62,289.07,282.97,283.98,13541580,294.75,271.69,8.28,51.8,268.21,280.18,304.97,304.97,0,,,268.21,,0,,0,,,,,
2018-05-28,282.16,290.37,281.77,287.44,19063427,294.98,273.37,8.3,54.72,270.99,280.53,304.97,304.97,0,,,270.99,,0,,0,,,,,
2018-05-29,286.96,286.96,276.92,278.46,12969969,295.18,273.37,8.46,46.81,265.09,280.61,304.97,304.97,0,,,265.09,,0,,0,,,,,
2018-05-30,274.62,276.78,271.59,273.66,25142319,295.33,271.59,8.34,43.21,261.48,280.39,304.97,304.97,0,,,261.48,,0,,0,,,,,
2018-05-31,273.75,277.55,268.28,274.52,23698686,295.45,268.28,8.41,44.04,260.89,280.25,304.97,304.97,0,,,260.89,,0,,0,,,,,
2018-06-01,283.36,288.11,275.53,277.88,29675949,295.34,268.28,8.78,47.28,262.81,280.24,304.97,304.97,0,,,262.81,,0,,0,,,,,
2018-06-04,281.73,281.73,274.28,275.43,17188567,295.26,268.28,8.68,45.22,261.29,280.39,304.97,304.97,0,,,261.29,,0,,0,,,,,
2018-06-05,276.64,276.64,271.93,272.89,12376050,295.15,268.28,8.4,43.13,259.84,280.54,304.97,304.97,0,,,259.84,,0,,0,,,,,
2018-06-06,274.43,275.58,270.01,272.7,16873633,295.05,268.28,8.2,42.97,259.85,280.53,304.97,304.97,0,,,259.85,,0,,0,,,,,
2018-06-07,276.15,281.49,275.82,279.42,20297969,294.99,268.28,8.24,50.04,264.16,280.92,304.97,304.97,0,,,264.16,,0,,0,,,,,
2018-06-08,278.65,279.42,274.23,276.88,11340014,294.83,268.28,8.02,47.64,262.67,281.22,304.97,304.97,0,,,262.67,,0,,0,,,,,
2018-06-11,274.14,278.89,272.02,275.1,16876061,294.63,268.28,7.94,45.97,261.57,281.17,304.97,304.97,0,,,261.57,,0,,0,,,,,
2018-06-12,277.16,277.74,273.99,276.06,14257648,294.45,268.28,7.64,47.05,262.39,281.27,292.87,304.97,0,,,262.39,,0,,0,,,,,
2018-06-13,277.6,281.34,275.1,279.28,10927770,294.29,268.28,7.54,50.6,264.53,281.72,290.37,292.87,0,,,264.53,,0,,0,,,,,
2018-06-14,279.37,279.37,272.89,273.51,11400592,294.11,268.28,7.47,44.8,260.86,281.81,290.37,290.37,0,,,260.86,,0,,0,,,,,
2018-06-15,275.87,277.12,268.95,271.35,47186222,293.96,268.28,7.52,42.82,259.44,281.8,290.37,290.37,0,,,259.44,,0,,0,,,,,
2018-06-18,272.79,282.59,272.22,281.44,27792317,293.85,268.28,7.78,53.22,265.77,281.9,290.37,290.37,0,,,265.77,,0,,0,,,,,
2018-06-19,283.84,283.84,276.97,281.25,27176748,293.68,268.28,7.72,53.02,265.69,281.37,290.37,290.37,0,,,265.69,,0,,0,,,,,
2018-06-20,281.05,282.97,279.52,281.63,20364143,293.55,268.28,7.41,53.39,266.14,280.94,290.37,290.37,0,,,266.14,,0,,0,,,,,
2018-06-21,283.17,288.5,282.93,286.19,30192796,293.44,268.95,7.37,57.68,269.33,280.65,290.37,290.37,0,,,269.33,,0,,0,,,,,
2018-06-22,286.43,290.75,283.98,288.79,17490606,293.35,268.95,7.33,59.95,271.03,280.32,290.75,290.37,0,,,271.03,,0,,0,,,,,
2018-06-25,287.97,288.64,277.4,278.27,15461874,293.16,268.95,7.62,48.61,264.05,279.67,290.75,290.75,0,,,264.05,,0,,0,,,,,
2018-06-26,276.2,277.69,273.47,276.73,11614686,292.93,268.95,7.42,47.2,263.2,279.02,290.75,290.75,0,,,263.2,,0,,0,,,,,
2018-06-27,276.54,276.54,263.19,268.04,25318055,292.67,263.19,7.86,40.14,255.38,278.44,290.75,290.75,0,,,255.38,,0,,0,,,,,
2018-06-28,267.03,267.41,259.15,260.69,34197884,292.36,259.15,7.93,35.32,249.24,277.65,290.75,290.75,0,,,249.24,,0,,0,,,,,
2018-06-29,261.27,265.11,258.96,264.53,20930477,292.08,258.96,7.8,39.41,251.74,277.31,290.75,290.75,0,,,251.74,,0,,0,,,,,
2018-07-02,263.19,268.85,260.31,266.45,69733139,291.81,258.96,7.86,41.41,252.94,276.93,290.75,290.75,0,,,252.94,,0,,0,,,,,
2018-07-03,265.01,265.88,261.46,262.13,14020388,291.53,258.96,7.65,38.35,250.29,276.37,290.75,290.75,0,,,250.29,,0,,0,,,,,
2018-07-04,263.38,264.0,260.31,262.47,8233522,291.25,258.96,7.37,38.73,250.7,275.77,290.75,290.75,0,,,250.7,,0,,0,,,,,
2018-07-05,262.23,264.63,260.07,260.83,7505990,290.98,258.96,7.17,37.52,249.78,274.93,290.75,290.75,0,,,249.78,,0,,0,,,,,
2018-07-06,260.4,261.22,256.51,259.39,26025797,290.7,256.51,6.99,36.44,248.15,274.11,290.75,290.75,0,,,248.15,,0,,0,,,,,
2018-07-09,263.09,263.86,259.35,260.5,18374471,290.46,256.51,6.81,37.92,248.98,273.22,290.75,290.75,0,,,248.98,,0,,0,,,,,
2018-07-10,261.27,265.06,261.17,262.61,14450561,290.26,256.51,6.65,40.75,250.45,272.69,290.75,290.75,0,,,250.45,,0,,0,,,,,
2018-07-11,263.72,264.05,256.94,258.14,12717543,290.03,256.51,6.69,36.91,247.55,272.17,290.75,290.75,0,,,247.55,,0,,0,,,,,
2018-07-12,259.73,262.9,258.43,261.55,15837704,289.82,256.51,6.55,41.44,249.84,271.74,290.75,290.75,0,,,249.84,,0,,0,,,,,
2018-07-13,262.23,262.52,255.55,257.18,19159840,289.62,255.55,6.58,37.71,246.68,271.05,290.75,290.75,0,,,246.68,,0,,0,,,,,
2018-07-16,254.83,256.08,246.38,249.02,29794402,289.32,246.38,6.88,31.92,238.16,270.17,290.75,290.75,0,,,238.16,,0,,0,,,,,
2018-07-17,249.98,256.94,249.74,255.94,15128995,289.04,246.38,6.95,40.29,242.57,269.6,290.75,290.75,0,,,242.57,,0,,0,,,,,
2018-07-18,255.5,256.8,250.7,252.33,22908592,288.72,246.38,6.89,37.69,240.28,268.92,290.75,290.75,0,,,240.28,,0,,0,,,,,
2018-07-19,253.53,253.92,249.16,250.89,15145144,288.43,246.38,6.74,36.67,239.46,267.97,290.75,290.75,0,,,239.46,,0,,0,,,,,
2018-07-20,251.47,257.14,251.47,255.31,13794388,288.19,246.38,6.71,41.86,242.33,267.25,288.64,290.75,0,,,242.33,,0,,0,,,,,
2018-07-23,254.88,265.4,254.88,264.68,16917863,288.0,246.38,6.98,51.02,248.19,266.91,277.69,288.64,0,,,248.19,,0,,0,,,,,
2018-07-24,262.85,266.93,262.56,263.52,12012225,287.82,246.38,6.79,49.97,247.57,266.49,276.54,277.69,0,,,247.57,,0,,0,,,,,
2018-07-25,262.23,265.68,261.51,263.81,17947377,287.6,246.38,6.6,50.25,247.88,265.97,268.85,276.54,0,,,247.88,,0,,0,,,,,
2018-07-26,264.15,275.19,262.47,274.38,36630780,287.42,246.38,7.04,59.09,254.41,266.0,275.19,268.85,0,,,254.41,,0,,0,,,,,
2018-07-27,273.66,283.5,271.06,281.63,30926969,287.28,246.38,7.43,63.84,258.83,266.34,283.5,275.19,0,,,258.83,,0,,0,,,,,
2018-07-30,288.16,296.28,282.64,295.22,56119080,287.22,246.38,7.94,70.71,267.25,266.8,296.28,283.5,0,,,267.25,,0,,0,,,,,
2018-07-31,292.29,296.33,290.27,292.24,20824059,287.15,246.38,7.81,67.67,265.42,267.17,296.33,296.28,0,,,265.42,,0,,0,,,,,
2018-08-01,290.66,293.59,285.09,287.49,15581508,287.02,246.38,7.86,63.03,262.32,267.36,296.33,296.33,0,,,262.32,,0,,0,,,,,
2018-08-02,283.36,288.88,282.49,286.77,14089168,286.93,246.38,7.75,62.33,261.92,267.38,296.33,296.33,0,,,261.92,,0,,0,,,,,
2018-08-03,288.16,294.65,285.81,292.96,14478297,286.87,246.38,7.83,65.84,265.87,267.52,296.33,296.33,0,,,265.87,,0,,0,,,,,
2018-08-06,294.84,305.45,294.69,302.67,25849864,286.87,249.16,8.16,70.47,272.83,268.34,305.45,296.33,1,302.67,272.83,272.83,272.83,1,2018-08-06,0,,,46,,
2018-08-07,301.56,305.6,298.15,300.79,20751115,286.89,249.16,8.11,68.53,271.65,269.14,305.6,305.45,0,,,271.65,272.83,1,2018-08-06,0,,,46,,
2018-08-08,300.65,307.37,296.09,306.12,17916047,286.95,249.16,8.34,70.97,274.94,270.41,307.37,305.6,1,306.12,274.94,274.94,274.94,1,2018-08-06,0,,,46,,
2018-08-09,307.61,332.2,307.61,319.86,76423347,287.07,251.47,9.61,76.12,283.73,272.38,332.2,307.37,0,,,283.73,283.73,1,2018-08-06,0,,,46,,
2018-08-10,320.87,326.87,312.51,315.63,36321097,287.15,254.88,9.95,71.89,281.91,274.08,332.2,332.2,0,,,281.91,283.73,1,2018-08-06,0,,,46,,
2018-08-13,311.21,314.53,309.29,312.08,15332907,287.23,261.51,9.69,68.46,282.0,275.6,332.2,332.2,0,,,282.0,283.73,1,2018-08-06,0,,,46,,
2018-08-14,311.89,320.34,311.89,319.33,15314006,287.35,261.51,9.6,71.46,286.74,277.51,332.2,332.2,0,,,286.74,286.74,1,2018-08-06,0,,,46,,
2018-08-16,316.55,325.81,315.78,321.11,37463597,287.49,262.47,9.63,72.16,288.19,279.47,332.2,332.2,0,,,288.19,288.19,1,2018-08-06,0,,,46,,
2018-08-17,323.51,328.7,322.6,326.58,24090696,287.67,271.06,9.48,74.25,294.67,281.66,332.2,332.2,0,,,294.67,294.67,1,2018-08-06,0,,,46,,
2018-08-20,326.58,328.94,323.41,325.09,13032778,287.85,282.49,9.2,72.65,297.71,283.85,332.2,332.2,0,,,297.71,297.71,1,2018-08-06,0,,,46,,
2018-08-21,324.95,328.36,320.87,325.48,16009673,287.99,282.49,9.08,72.81,298.04,286.01,332.2,332.2,0,,,298.04,298.04,1,2018-08-06,0,,,46,,
2018-08-23,323.27,325.33,321.54,323.89,18867868,288.04,282.49,8.71,70.93,297.26,288.06,332.2,332.2,0,,,297.26,298.04,1,2018-08-06,0,,,46,,
2018-08-24,322.64,323.7,315.79,318.54,17805968,288.02,282.49,8.67,64.87,293.84,290.07,332.2,332.2,0,,,293.84,298.04,1,2018-08-06,0,,,46,,
2018-08-27,319.36,330.26,319.31,327.95,28083933,288.01,285.81,8.89,69.77,300.87,292.28,332.2,332.2,0,,,300.87,300.87,1,2018-08-06,0,,,46,,
2018-08-28,329.97,331.42,324.47,326.98,16427306,287.97,294.69,8.75,68.7,303.3,294.61,332.2,332.2,0,,,303.3,303.3,1,2018-08-06,0,,,46,,
2018-08-29,324.52,330.6,323.99,328.67,18868248,287.9,296.09,8.6,69.57,304.96,297.26,332.2,332.2,0,,,304.96,304.96,1,2018-08-06,0,,,46,,
2018-08-30,327.27,333.3,325.82,332.24,22349447,287.86,296.09,8.52,71.38,307.31,299.81,333.3,332.2,1,332.24,307.31,307.31,307.31,1,2018-08-06,0,,,46,,
2018-08-31,330.94,334.6,326.6,330.55,19809916,287.75,307.61,8.48,69.28,310.09,302.42,334.6,333.3,0,,,310.09,310.09,1,2018-08-06,0,,,46,,
2018-09-03,331.52,331.9,320.85,322.4,12859450,287.64,309.29,8.66,60.1,305.27,304.8,334.6,334.6,0,,,305.27,310.09,1,2018-08-06,0,,,46,,
2018-09-04,323.03,324.62,315.74,316.95,15470215,287.44,309.29,8.68,54.86,301.74,306.85,334.6,334.6,0,,,301.74,310.09,1,2018-08-06,0,,,46,,
2018-09-05,315.5,319.7,313.18,318.06,14548867,287.27,311.89,8.52,55.71,303.43,308.63,334.6,334.6,0,,,303.43,310.09,1,2018-08-06,0,,,46,,
2018-09-06,318.39,319.6,314.05,317.09,11322771,287.12,313.18,8.31,54.74,303.38,310.42,334.6,334.6,0,,,303.38,310.09,1,2018-08-06,0,,,46,,
2018-09-07,315.93,324.57,311.11,323.31,16435004,287.02,311.11,8.68,59.58,306.45,312.4,334.6,334.6,0,,,306.45,310.09,1,2018-08-06,0,,,46,,
2018-09-10,320.13,323.94,318.78,321.19,16673909,286.94,311.11,8.43,57.33,305.25,313.96,334.6,334.6,0,,,305.25,310.09,1,2018-08-06,0,,,46,,
2018-09-11,321.96,324.86,313.67,315.07,13005562,286.9,311.11,8.63,51.3,301.17,315.08,334.6,334.6,0,,,301.17,310.09,1,2018-08-06,0,,,46,,
2018-09-12,315.5,315.55,307.3,311.54,15263406,286.86,307.3,8.6,48.16,297.64,315.62,334.6,334.6,0,,,297.64,310.09,1,2018-08-06,1,310.09,TRAILING_STOP,46,26,2.45
2018-09-14,315.69,320.32,312.75,316.8,10736693,286.86,307.3,8.61,52.8,301.03,316.44,334.6,334.6,0,,,301.03,,0,,0,,,,,
2018-09-17,315.79,315.98,310.05,314.25,7227361,286.82,307.3,8.48,50.44,299.47,317.33,334.6,334.6,0,,,299.47,,0,,0,,,,,
2018-09-18,312.85,316.51,306.53,307.64,14825218,286.74,306.53,8.59,44.85,294.88,318.03,334.6,334.6,0,,,294.88,,0,,0,,,,,
2018-09-19,308.75,313.28,305.85,309.66,15942065,286.71,305.85,8.5,46.79,296.01,318.58,334.6,334.6,0,,,296.01,,0,,0,,,,,
2018-09-21,312.07,321.96,297.51,305.95,34169460,286.66,297.51,9.64,43.75,290.08,318.69,334.6,334.6,0,,,290.08,,0,,0,,,,,
2018-09-24,305.66,305.66,294.8,297.89,24382310,286.6,294.8,9.75,37.97,283.91,318.6,334.6,334.6,0,,,283.91,,0,,0,,,,,
2018-09-25,296.2,302.47,289.5,300.16,30472132,286.5,289.5,9.98,40.36,283.45,318.4,334.6,334.6,0,,,283.45,,0,,0,,,,,
2018-09-26,303.92,304.21,294.37,302.09,23224979,286.46,289.5,9.97,42.39,284.7,317.81,334.6,334.6,0,,,284.7,,0,,0,,,,,
2018-09-27,304.55,304.89,294.56,295.87,24888615,286.38,289.5,10.0,37.9,280.67,317.15,334.6,334.6,0,,,280.67,,0,,0,,,,,
2018-09-28,298.23,300.64,291.19,294.8,26289107,286.32,289.5,9.96,37.18,280.01,316.57,334.6,334.6,0,,,280.01,,0,,0,,,,,
2018-10-01,295.53,303.97,289.98,302.96,21104376,286.29,289.5,10.24,45.74,285.08,316.03,334.6,334.6,0,,,285.08,,0,,0,,,,,
2018-10-03,300.16,303.44,291.81,293.02,19105555,286.21,289.5,10.34,38.8,278.6,315.09,331.9,334.6,0,,,278.6,,0,,0,,,,,
2018-10-04,288.48,309.95,284.43,305.37,56268976,286.18,284.43,11.43,49.13,284.16,314.38,324.86,331.9,0,,,284.16,,0,,0,,,,,
2018-10-05,303.58,310.53,288.82,296.49,36131946,286.06,284.43,12.16,43.45,277.94,313.43,324.86,324.86,0,,,277.94,,0,,0,,,,,
2018-10-08,296.49,303.0,288.1,299.92,20488368,285.99,284.43,12.36,46.04,280.02,312.58,324.86,324.86,0,,,280.02,,0,,0,,,,,
2018-10-09,300.5,300.93,292.34,295.48,14852835,285.96,284.43,12.09,43.28,277.34,311.63,324.86,324.86,0,,,277.34,,0,,0,,,,,
2018-10-10,296.3,311.59,293.79,308.6,23972064,286.06,284.43,12.5,52.38,285.53,311.3,324.86,324.86,0,,,285.53,,0,,0,,,,,
2018-10-11,299.1,304.36,293.31,300.74,21691068,286.12,284.43,12.7,47.47,280.32,310.39,324.86,324.86,0,,,280.32,,0,,0,,,,,
2018-10-12,302.81,312.85,302.57,308.17,25930022,286.29,284.43,12.65,52.05,285.14,309.76,321.96,324.86,0,,,285.14,,0,,0,,,,,
2018-10-15,305.75,306.72,298.66,302.33,23756416,286.47,284.43,12.43,48.47,281.53,308.89,321.96,321.96,0,,,281.53,,0,,0,,,,,
2018-10-16,302.72,311.59,302.72,309.37,18042549,286.63,284.43,12.2,52.69,286.22,308.12,321.96,321.96,0,,,286.22,,0,,0,,,,,
2018-10-17,313.67,316.61,300.69,303.73,20203287,286.78,284.43,12.47,49.21,282.4,307.23,321.96,321.96,0,,,282.4,,0,,0,,,,,
2018-10-19,301.85,310.19,299.29,304.36,18322589,286.88,284.43,12.36,49.61,282.88,306.63,321.96,321.96,0,,,282.88,,0,,0,,,,,
2018-10-22,308.94,318.25,304.98,315.6,33593953,287.04,284.43,12.47,56.24,290.06,306.58,321.96,321.96,0,,,290.06,,0,,0,,,,,
2018-10-23,311.64,317.04,307.15,311.5,21509920,287.16,284.43,12.28,53.48,287.54,306.36,318.25,321.96,0,,,287.54,,0,,0,,,,,
2018-10-24,317.19,318.39,305.13,310.68,33104174,287.3,284.43,12.35,52.92,286.96,306.15,318.39,318.25,0,,,286.96,,0,,0,,,,,
2018-10-25,307.3,310.72,300.83,308.7,26920180,287.45,284.43,12.18,51.51,285.8,305.66,318.39,318.39,0,,,285.8,,0,,0,,,,,
2018-10-26,308.55,312.03,301.99,304.55,22952163,287.59,288.1,12.02,48.61,284.45,305.11,318.39,318.39,0,,,284.45,,0,,0,,,,,
2018-10-29,317.43,340.54,316.75,337.11,80069836,287.97,288.1,13.74,65.2,304.31,305.84,340.54,318.39,1,337.11,304.31,304.31,304.31,1,2018-10-29,0,,,47,,
2018-10-30,335.23,341.41,330.84,333.54,34460428,288.34,292.34,13.51,62.81,303.57,306.58,341.41,340.54,0,,,303.57,304.31,1,2018-10-29,0,,,47,,
2018-10-31,333.35,344.01,330.26,342.51,31233009,288.81,293.31,13.53,66.17,309.67,307.43,344.01,341.41,1,342.51,309.67,309.67,309.67,1,2018-10-29,0,,,47,,
2018-11-01,344.44,345.84,338.75,341.26,22157128,289.32,293.31,13.07,65.28,309.17,308.34,345.84,344.01,0,,,309.17,309.67,1,2018-10-29,0,,,47,,
2018-11-02,341.55,345.22,339.33,341.98,26714413,289.8,298.66,12.55,65.57,311.76,309.48,345.84,345.84,0,,,311.76,311.76,1,2018-10-29,0,,,47,,
2018-11-05,338.66,339.48,335.76,337.35,22873951,290.23,298.66,12.1,62.03,309.08,310.4,345.84,345.84,0,,,309.08,311.76,1,2018-10-29,0,,,47,,
2018-11-06,336.44,345.7,335.42,340.68,21349153,290.72,299.29,11.97,63.55,311.52,311.56,345.84,345.84,0,,,311.52,311.76,1,2018-10-29,0,,,47,,
2018-11-07,344.2,344.44,342.08,343.38,2074764,291.33,299.29,11.39,64.79,313.65,313.08,345.84,345.84,0,,,313.65,313.65,1,2018-10-29,0,,,47,,
2018-11-09,344.35,345.51,340.01,344.3,15130936,291.89,299.29,10.96,65.22,314.53,314.55,345.84,345.84,0,,,314.53,314.53,1,2018-10-29,0,,,47,,
2018-11-12,343.48,345.6,339.14,339.96,10642857,292.44,300.83,10.64,61.39,312.46,315.81,345.84,345.84,0,,,312.46,314.53,1,2018-10-29,0,,,47,,
2018-11-13,335.57,349.22,335.57,348.21,17684864,292.98,300.83,10.86,65.53,317.63,317.56,349.22,345.84,1,348.21,317.63,317.63,317.63,1,2018-10-29,0,,,47,,
2018-11-14,352.16,356.89,348.59,353.71,31774158,293.54,300.83,10.7,68.0,321.28,319.52,356.89,349.22,0,,,321.28,321.28,1,2018-10-29,0,,,47,,
2018-11-15,353.22,361.71,349.37,356.99,21967798,294.12,300.83,10.82,69.4,323.32,321.32,361.71,356.89,0,,,323.32,323.32,1,2018-10-29,0,,,47,,
2018-11-16,357.08,362.1,352.69,354.62,29972926,294.64,301.99,10.72,67.11,322.25,323.37,362.1,361.71,0,,,322.25,323.32,1,2018-10-29,0,,,47,,
2018-11-19,355.35,357.66,348.06,349.65,16002154,295.14,316.75,10.64,62.45,324.02,324.85,362.1,362.1,0,,,324.02,324.02,1,2018-10-29,0,,,47,,
2018-11-20,349.27,352.6,342.13,345.31,19591217,295.61,330.26,10.63,58.63,325.73,326.48,362.1,362.1,0,,,325.73,325.73,1,2018-10-29,0,,,47,,
2018-11-21,343.82,347.63,340.63,344.2,29323882,296.06,330.26,10.37,57.65,325.18,327.95,362.1,362.1,0,,,325.18,325.73,1,2018-10-29,0,,,47,,
2018-11-22,345.07,345.89,338.66,339.67,12547369,296.48,335.42,10.14,53.73,324.13,329.43,362.1,362.1,0,,,324.13,325.73,1,2018-10-29,0,,,47,,
2018-11-26,342.27,345.26,338.37,343.82,20673027,296.91,335.42,9.91,56.64,326.96,330.6,362.1,362.1,0,,,326.96,326.96,1,2018-10-29,0,,,47,,
2018-11-27,343.24,343.58,339.23,342.18,17933339,297.33,335.42,9.53,55.17,326.16,331.98,362.1,362.1,0,,,326.16,326.96,1,2018-10-29,0,,,47,,
2018-11-28,344.4,348.83,340.83,346.37,18163000,297.78,335.42,9.42,58.17,328.93,333.25,362.1,362.1,0,,,328.93,328.93,1,2018-10-29,0,,,47,,
2018-11-29,350.23,353.51,347.53,349.46,38692771,298.31,335.57,9.26,60.28,331.09,334.82,362.1,362.1,0,,,331.09,331.09,1,2018-10-29,0,,,47,,
2018-11-30,352.16,352.16,341.36,342.66,21893877,298.8,335.57,9.37,53.84,326.63,335.93,362.1,362.1,0,,,326.63,331.09,1,2018-10-29,0,,,47,,
2018-12-03,346.28,346.28,339.72,343.0,23427270,299.27,335.57,9.17,54.1,326.98,337.24,362.1,362.1,0,,,326.98,331.09,1,2018-10-29,0,,,47,,
2018-12-04,340.87,346.47,340.87,345.36,18651442,299.79,335.57,8.91,55.98,328.67,338.61,362.1,362.1,0,,,328.67,331.09,1,2018-10-29,0,,,47,,
2018-12-05,342.8,343.82,338.12,339.04,12068267,300.26,338.12,8.79,50.07,325.52,339.39,362.1,362.1,0,,,325.52,331.09,1,2018-10-29,0,,,47,,
2018-12-06,335.95,337.64,331.27,335.42,17784829,300.65,331.27,8.72,47.0,320.96,340.19,362.1,362.1,0,,,320.96,331.09,1,2018-10-29,0,,,47,,
2018-12-07,337.3,340.59,333.16,339.81,14979672,301.1,331.27,8.63,50.93,323.85,341.16,362.1,362.1,0,,,323.85,331.09,1,2018-10-29,0,,,47,,
2018-12-10,334.31,337.16,332.14,334.17,14107881,301.55,331.27,8.56,46.2,320.26,342.01,362.1,362.1,0,,,320.26,331.09,1,2018-10-29,0,,,47,,
2018-12-11,325.53,332.87,324.18,330.74,36885929,301.95,324.18,8.66,43.55,315.61,342.88,362.1,362.1,0,,,315.61,331.09,1,2018-10-29,1,331.09,TRAILING_STOP,47,30,-1.79
2018-12-12,330.74,339.33,327.46,337.64,24740214,302.39,324.18,8.89,49.78,319.91,342.9,362.1,362.1,0,,,319.91,,0,,0,,,,,
2018-12-13,340.49,341.74,335.38,337.26,19129928,302.79,324.18,8.71,49.46,319.79,343.02,362.1,362.1,0,,,319.79,,0,,0,,,,,
2018-12-14,336.92,341.6,336.87,339.52,12104234,303.07,324.18,8.43,51.48,321.43,342.92,362.1,362.1,0,,,321.43,,0,,0,,,,,
2018-12-17,339.91,347.82,339.91,345.84,18378122,303.41,324.18,8.42,56.7,325.52,343.08,357.66,362.1,0,,,325.52,,0,,0,,,,,
2018-12-18,344.2,350.14,342.13,349.51,15405953,303.77,324.18,8.39,59.43,327.9,343.33,353.51,357.66,0,,,327.9,,0,,0,,,,,
2018-12-19,350.23,356.26,348.3,353.61,19442031,304.14,324.18,8.36,62.29,330.57,343.87,356.26,353.51,1,353.61,330.57,330.57,330.57,1,2018-12-19,0,,,48,,
2018-12-20,350.28,352.65,348.45,349.41,12109613,304.48,324.18,8.13,57.8,328.01,344.16,356.26,356.26,0,,,328.01,330.57,1,2018-12-19,0,,,48,,
2018-12-21,348.3,350.72,339.62,341.74,13555416,304.79,324.18,8.34,50.61,322.92,344.11,356.26,356.26,0,,,322.92,330.57,1,2018-12-19,0,,,48,,
2018-12-24,340.97,344.54,339.14,340.34,9025217,305.15,324.18,8.13,49.41,322.16,343.97,356.26,356.26,0,,,322.16,330.57,1,2018-12-19,0,,,48,,
2018-12-26,338.32,344.35,335.91,343.33,8695108,305.55,324.18,8.15,52.04,324.07,344.09,356.26,356.26,0,,,324.07,330.57,1,2018-12-19,0,,,48,,
2018-12-27,346.86,348.06,342.42,343.14,10122458,306.0,324.18,7.97,51.85,324.07,343.92,356.26,356.26,0,,,324.07,330.57,1,2018-12-19,0,,,48,,
2018-12-28,345.7,350.04,345.7,348.06,13004606,306.47,324.18,7.9,56.19,327.29,343.73,356.26,356.26,0,,,327.29,330.57,1,2018-12-19,0,,,48,,
2018-12-31,350.04,350.72,346.86,347.48,7314108,306.93,324.18,7.61,55.55,327.11,343.41,356.26,356.26,0,,,327.11,330.57,1,2018-12-19,0,,,48,,
2019-01-01,348.79,351.97,343.87,350.96,7759872,307.4,324.18,7.64,58.58,329.33,343.29,356.26,356.26,0,,,329.33,330.57,1,2018-12-19,0,,,48,,
2019-01-02,348.79,354.96,347.63,351.78,18243156,307.84,327.46,7.62,59.28,330.97,343.36,356.26,356.26,0,,,330.97,330.97,1,2018-12-19,0,,,48,,
2019-01-03,352.16,354.38,349.32,350.47,12884409,308.28,335.38,7.44,57.6,332.89,343.53,356.26,356.26,0,,,332.89,332.89,1,2018-12-19,0,,,48,,
2019-01-04,349.12,355.83,345.46,352.36,22896026,308.71,335.91,7.65,59.39,334.14,343.8,356.26,356.26,0,,,334.14,334.14,1,2018-12-19,0,,,48,,
2019-01-07,354.58,357.95,353.66,354.77,12719847,309.22,335.91,7.5,61.61,335.8,344.31,357.95,356.26,0,,,335.8,335.8,1,2018-12-19,0,,,48,,
2019-01-08,354.86,368.37,353.71,366.78,21501136,309.84,335.91,8.01,70.33,343.2,345.07,368.37,357.95,1,366.78,343.2,343.2,343.2,1,2018-12-19,0,,,48,,
2019-01-09,368.23,370.06,362.39,368.81,21730142,310.47,335.91,7.99,71.51,344.53,345.96,370.06,368.37,0,,,344.53,344.53,1,2018-12-19,0,,,48,,
2019-01-10,367.55,368.71,362.82,366.15,14497154,311.06,335.91,7.85,67.72,342.91,346.62,370.06,370.06,0,,,342.91,344.53,1,2018-12-19,0,,,48,,
2019-01-11,367.21,367.79,362.05,365.24,12537973,311.66,335.91,7.69,66.42,342.42,347.15,370.06,370.06,0,,,342.42,344.53,1,2018-12-19,0,,,48,,
2019-01-14,365.38,365.38,359.59,360.22,14844029,312.24,335.91,7.56,59.63,339.27,347.73,370.06,370.06,0,,,339.27,344.53,1,2018-12-19,0,,,48,,
2019-01-15,360.41,362.2,357.57,359.64,12960779,312.82,335.91,7.35,58.88,339.04,348.29,370.06,370.06,0,,,339.04,344.53,1,2018-12-19,0,,,48,,
2019-01-16,358.97,366.39,358.97,362.1,15106484,313.37,342.42,7.35,61.11,342.79,348.84,370.06,370.06,0,,,342.79,344.53,1,2018-12-19,0,,,48,,
2019-01-17,362.78,364.66,359.69,361.43,13171721,313.93,343.87,7.18,60.15,342.96,349.59,370.06,370.06,0,,,342.96,344.53,1,2018-12-19,0,,,48,,
2019-01-18,361.43,363.16,357.32,358.92,12212121,314.49,343.87,7.09,56.57,341.4,350.37,370.06,370.06,0,,,341.4,344.53,1,2018-12-19,0,,,48,,
2019-01-21,359.88,362.92,357.57,358.63,8908581,315.04,343.87,6.96,56.16,341.3,351.0,370.06,370.06,0,,,341.3,344.53,1,2018-12-19,0,,,48,,
2019-01-22,357.52,359.4,353.22,356.07,14756076,315.56,345.46,6.91,52.49,340.21,351.73,370.06,370.06,0,,,340.21,344.53,1,2018-12-19,0,,,48,,
2019-01-23,355.83,360.56,353.56,354.48,9726450,316.1,345.46,6.91,50.3,339.18,352.52,370.06,370.06,0,,,339.18,344.53,1,2018-12-19,0,,,48,,
2019-01-24,353.71,355.54,349.03,351.97,17521254,316.63,345.46,6.89,46.96,337.58,353.0,370.06,370.06,0,,,337.58,344.53,1,2018-12-19,0,,,48,,
2019-01-25,349.61,351.83,342.08,344.64,22978238,317.05,342.08,7.1,38.85,331.59,353.25,370.06,370.06,0,,,331.59,344.53,1,2018-12-19,1,344.53,TRAILING_STOP,48,27,-2.57
2019-01-28,340.78,342.42,324.81,331.47,34362360,317.39,324.81,8.01,29.12,316.73,352.98,370.06,370.06,0,,,316.73,,0,,0,,,,,
2019-01-29,330.89,337.79,329.34,334.65,20738442,317.74,324.81,8.04,33.45,318.76,352.61,370.06,370.06,0,,,318.76,,0,,0,,,,,
2019-01-30,338.66,355.64,338.66,353.03,39400056,318.19,324.81,8.97,51.8,330.0,352.72,370.06,370.06,0,,,330.0,,0,,0,,,,,
2019-01-31,359.59,363.4,341.65,351.63,85917249,318.61,324.81,9.88,50.65,328.49,352.66,370.06,370.06,0,,,328.49,,0,,0,,,,,
2019-02-01,351.68,352.07,336.48,342.18,25605469,319.03,324.81,10.29,43.64,322.12,352.42,370.06,370.06,0,,,322.12,,0,,0,,,,,
2019-02-04,338.66,344.35,333.83,342.08,17039321,319.47,324.81,10.3,43.57,322.04,352.43,370.06,370.06,0,,,322.04,,0,,0,,,,,
2019-02-05,342.13,343.58,336.58,340.25,12197271,319.95,324.81,10.07,42.26,321.02,352.42,370.06,370.06,0,,,321.02,,0,,0,,,,,
2019-02-06,341.16,349.17,340.78,346.66,15396216,320.52,324.81,9.99,48.15,325.21,352.54,368.71,370.06,0,,,325.21,,0,,0,,,,,
2019-02-07,346.47,349.08,343.96,346.04,10247434,321.07,324.81,9.64,47.64,325.04,352.63,367.79,368.71,0,,,325.04,,0,,0,,,,,
2019-02-08,344.35,345.8,338.41,342.61,9308651,321.57,324.81,9.49,44.83,322.92,352.45,366.39,367.79,0,,,322.92,,0,,0,,,,,
2019-02-11,342.13,342.23,336.77,337.74,9419635,322.08,324.81,9.23,41.13,319.96,352.13,366.39,366.39,0,,,319.96,,0,,0,,,,,
2019-02-12,336.73,339.62,331.18,332.19,14924394,322.54,324.81,9.18,37.34,316.41,351.5,366.39,366.39,0,,,316.41,,0,,0,,,,,
2019-02-14,327.9,334.65,324.33,331.85,15172596,323.02,324.33,9.26,37.11,315.98,350.84,364.66,366.39,0,,,315.98,,0,,0,,,,,
2019-02-15,331.95,335.52,328.62,330.12,20316848,323.49,324.33,9.09,35.92,314.98,350.16,363.4,364.66,0,,,314.98,,0,,0,,,,,
2019-02-18,330.16,330.94,325.68,326.84,10601490,323.93,324.33,8.82,33.72,313.04,349.31,363.4,363.4,0,,,313.04,,0,,0,,,,,
2019-02-19,327.17,338.08,327.17,331.18,14384763,324.39,324.33,8.99,39.05,315.73,348.52,363.4,363.4,0,,,315.73,,0,,0,,,,,
2019-02-20,332.87,335.38,330.31,333.06,9474758,324.89,324.33,8.71,41.25,317.13,347.4,363.4,363.4,0,,,317.13,,0,,0,,,,,
2019-02-21,334.6,342.47,334.07,338.94,18631331,325.4,324.33,8.76,47.64,320.89,346.4,363.4,363.4,0,,,320.89,,0,,0,,,,,
2019-02-22,339.04,341.65,338.94,339.67,10997730,325.95,324.33,8.33,48.39,321.65,345.52,363.4,363.4,0,,,321.65,,0,,0,,,,,
2019-02-25,340.63,344.88,340.63,343.09,10344411,326.58,324.33,8.1,51.86,324.0,344.78,363.4,363.4,0,,,324.0,,0,,0,,,,,
2019-02-26,337.69,340.3,334.41,335.95,18096382,327.11,324.33,8.15,45.04,319.37,343.97,363.4,363.4,0,,,319.37,,0,,0,,,,,
2019-02-27,338.66,342.23,331.23,333.4,17325417,327.65,324.33,8.35,42.87,317.59,343.1,363.4,363.4,0,,,317.59,,0,,0,,,,,
2019-02-28,336.2,339.38,332.87,337.84,18347113,328.23,324.33,8.22,47.6,320.54,342.29,363.4,363.4,0,,,320.54,,0,,0,,,,,
2019-03-01,339.67,342.51,338.32,341.79,14190221,328.81,324.33,7.96,51.45,323.25,341.63,352.07,363.4,0,,,323.25,,0,,0,,,,,
2019-03-05,342.51,351.34,340.39,350.47,17638277,329.38,324.33,8.18,58.65,328.71,341.35,351.34,352.07,0,,,328.71,,0,,0,,,,,
2019-03-06,352.4,359.74,352.4,358.87,31436190,330.02,324.33,8.26,64.18,334.08,341.36,359.74,351.34,1,358.87,334.08,334.08,334.08,1,2019-03-06,0,,,49,,
2019-03-07,358.43,360.85,355.54,357.76,15355303,330.64,324.33,8.05,62.98,333.5,341.42,360.85,359.74,0,,,333.5,334.08,1,2019-03-06,0,,,49,,
2019-03-08,356.79,360.27,354.72,357.57,16143455,331.2,325.68,7.87,62.77,333.95,341.52,360.85,360.85,0,,,333.95,334.08,1,2019-03-06,0,,,49,,
2019-03-11,358.72,365.09,356.99,362.63,11449587,331.74,325.68,7.88,66.1,337.2,341.87,365.09,360.85,1,362.63,337.2,337.2,337.2,1,2019-03-06,0,,,49,,
2019-03-12,364.71,375.32,364.08,374.55,37108265,332.27,327.17,8.23,72.38,345.16,342.87,375.32,365.09,0,,,345.16,345.16,1,2019-03-06,0,,,49,,
2019-03-13,374.26,379.42,370.78,378.12,19574619,332.84,330.31,8.26,73.94,348.49,344.43,379.42,375.32,0,,,348.49,348.49,1,2019-03-06,0,,,49,,
2019-03-14,378.21,379.18,373.2,374.26,13182462,333.42,331.23,8.09,69.38,346.41,345.75,379.42,379.42,0,,,346.41,348.49,1,2019-03-06,0,,,49,,
2019-03-15,375.17,384.24,374.45,381.4,31466545,334.05,331.23,8.23,72.73,350.93,346.69,384.24,379.42,1,381.4,350.93,350.93,350.93,1,2019-03-06,0,,,49,,
2019-03-18,382.31,385.84,379.66,384.05,21220626,334.66,331.23,8.08,73.87,352.73,347.77,385.84,384.24,0,,,352.73,352.73,1,2019-03-06,0,,,49,,
2019-03-19,384.39,386.85,380.05,384.39,11670392,335.2,331.23,7.99,74.02,353.01,349.18,386.85,385.84,0,,,353.01,353.01,1,2019-03-06,0,,,49,,
2019-03-20,383.62,384.15,378.41,379.08,14181408,335.72,331.23,7.85,67.49,349.69,350.41,386.85,386.85,0,,,349.69,353.01,1,2019-03-06,0,,,49,,
2019-03-22,380.58,382.36,376.28,378.02,17409249,336.2,332.87,7.72,66.24,349.63,351.67,386.85,386.85,0,,,349.63,353.01,1,2019-03-06,0,,,49,,
2019-03-25,374.31,374.31,369.05,370.01,12345034,336.54,338.32,7.81,57.53,346.22,352.45,386.85,386.85,0,,,346.22,353.01,1,2019-03-06,0,,,49,,
2019-03-26,371.41,381.59,369.92,380.24,14063632,336.97,340.39,8.09,64.03,353.33,353.59,386.85,386.85,0,,,353.33,353.33,1,2019-03-06,0,,,49,,
2019-03-27,381.49,384.44,376.43,379.37,17950017,337.42,352.4,8.08,63.15,356.77,354.81,386.85,386.85,0,,,356.77,356.77,1,2019-03-06,0,,,49,,
2019-03-28,378.94,387.77,378.94,386.46,23117485,337.86,354.72,8.13,67.14,362.08,356.44,387.77,386.85,0,,,362.08,362.08,1,2019-03-06,0,,,49,,
2019-04-01,387.33,395.15,381.83,384.24,16106604,338.29,354.72,8.5,64.77,360.41,358.17,395.15,387.77,0,,,360.41,362.08,1,2019-03-06,0,,,49,,
2019-04-02,385.93,385.93,379.61,383.18,13010810,338.66,356.99,8.35,63.62,360.58,359.89,395.15,395.15,0,,,360.58,362.08,1,2019-03-06,0,,,49,,
2019-04-03,384.97,388.63,376.91,378.31,12317200,339.02,364.08,8.59,58.47,359.64,361.49,395.15,395.15,0,,,359.64,362.08,1,2019-03-06,0,,,49,,
2019-04-04,380.53,381.78,373.68,375.08,14521564,339.35,369.05,8.55,55.28,359.24,363.1,395.15,395.15,0,,,359.24,362.08,1,2019-03-06,0,,,49,,
2019-04-05,375.56,378.7,372.04,376.81,10853927,339.7,369.05,8.42,56.65,360.45,364.62,395.15,395.15,0,,,360.45,362.08,1,2019-03-06,0,,,49,,
2019-04-08,377.68,377.68,371.46,373.49,6305407,340.07,369.05,8.26,53.28,358.41,365.97,395.15,395.15,0,,,358.41,362.08,1,2019-03-06,0,,,49,,
2019-04-09,373.78,384.34,373.53,383.18,13206348,340.44,369.05,8.45,60.63,364.54,367.44,395.15,395.15,0,,,364.54,364.54,1,2019-03-06,0,,,49,,
2019-04-10,381.64,384.77,378.89,380.34,14000018,340.79,369.05,8.26,57.76,362.83,368.8,395.15,395.15,0,,,362.83,364.54,1,2019-03-06,0,,,49,,
2019-04-11,380.63,380.63,373.92,376.33,8704774,341.11,369.05,8.15,53.89,360.31,369.91,395.15,395.15,0,,,360.31,364.54,1,2019-03-06,0,,,49,,
2019-04-12,376.86,381.64,374.6,380.72,7035256,341.43,369.05,8.07,57.27,363.2,371.4,395.15,395.15,0,,,363.2,364.54,1,2019-03-06,0,,,49,,
2019-04-15,380.34,382.99,378.02,378.94,9770752,341.75,369.05,7.85,55.49,362.2,372.92,395.15,395.15,0,,,362.2,364.54,1,2019-03-06,0,,,49,,
2019-04-16,383.52,394.04,383.52,392.69,24487788,342.22,369.92,8.37,64.62,371.01,374.74,395.15,395.15,0,,,371.01,371.01,1,2019-03-06,0,,,49,,
2019-04-18,396.55,396.55,388.44,390.18,18660434,342.71,371.46,8.35,62.12,369.92,376.36,396.55,395.15,0,,,369.92,371.01,1,2019-03-06,0,,,49,,
2019-04-22,390.03,390.37,379.85,380.63,10493872,343.13,371.46,8.51,53.6,363.66,377.36,396.55,396.55,0,,,363.66,371.01,1,2019-03-06,0,,,49,,
2019-04-23,382.17,385.88,379.76,382.56,10203957,343.56,371.46,8.34,54.95,365.01,378.15,396.55,396.55,0,,,365.01,371.01,1,2019-03-06,0,,,49,,
2019-04-24,383.13,388.49,379.61,386.99,11397163,343.99,371.46,8.37,57.96,367.85,379.13,396.55,396.55,0,,,367.85,371.01,1,2019-03-06,0,,,49,,
2019-04-25,386.8,388.25,380.43,381.49,16524091,344.39,371.46,8.33,53.2,364.32,379.92,396.55,396.55,0,,,364.32,371.01,1,2019-03-06,0,,,49,,
2019-04-26,385.93,393.65,380.38,392.88,14286163,344.91,371.46,8.69,60.44,371.44,380.93,396.55,396.55,0,,,371.44,371.44,1,2019-03-06,0,,,49,,
2019-04-30,393.41,395.39,389.12,393.17,19375553,345.45,371.46,8.51,60.61,371.74,381.55,396.55,396.55,0,,,371.74,371.74,1,2019-03-06,0,,,49,,
2019-05-02,389.5,390.76,380.53,381.64,16572948,345.89,371.46,8.81,51.33,364.11,381.67,396.55,396.55,0,,,364.11,371.74,1,2019-03-06,0,,,49,,
2019-05-03,383.18,390.95,380.82,387.67,24431248,346.38,373.53,8.9,55.19,368.62,382.12,396.55,396.55,0,,,368.62,371.74,1,2019-03-06,0,,,49,,
2019-05-06,382.56,390.66,380.77,387.19,20751521,346.91,373.92,8.97,54.82,368.39,382.31,396.55,396.55,0,,,368.39,371.74,1,2019-03-06,0,,,49,,
2019-05-07,384.0,393.02,370.78,372.91,41519416,347.33,370.78,9.92,45.06,357.51,381.94,396.55,396.55,0,,,357.51,371.74,1,2019-03-06,1,371.74,TRAILING_STOP,49,39,3.59
2019-05-08,372.71,376.28,366.73,368.76,22509400,347.75,366.73,9.89,42.68,353.5,381.42,396.55,396.55,0,,,353.5,,0,,0,,,,,
2019-05-09,367.55,372.14,364.27,367.99,19739885,348.21,364.27,9.75,42.24,352.28,381.05,396.55,396.55,0,,,352.28,,0,,0,,,,,
2019-05-10,370.01,375.51,368.81,371.56,18361701,348.69,364.27,9.59,45.1,354.69,380.83,396.55,396.55,0,,,354.69,,0,,0,,,,,
2019-05-13,371.46,372.18,362.05,363.07,13828080,349.1,362.05,9.63,40.02,348.44,380.6,396.55,396.55,0,,,348.44,,0,,0,,,,,
2019-05-14,364.8,373.15,363.26,367.02,21481226,349.57,362.05,9.66,43.23,350.97,380.16,396.55,396.55,0,,,350.97,,0,,0,,,,,
2019-05-15,368.9,370.98,362.58,363.79,16183425,350.03,362.05,9.57,41.28,348.95,379.64,396.55,396.55,0,,,348.95,,0,,0,,,,,
2019-05-16,365.67,371.46,364.27,369.05,13430281,350.47,362.05,9.44,45.57,352.43,379.06,396.55,396.55,0,,,352.43,,0,,0,,,,,
2019-05-17,367.79,378.21,367.36,375.99,19096980,351.02,362.05,9.54,50.68,356.84,378.79,396.55,396.55,0,,,356.84,,0,,0,,,,,
2019-05-20,391.0,399.44,387.86,393.36,33350816,351.61,362.05,10.53,60.65,367.38,379.13,399.44,396.55,0,,,367.38,,0,,0,,,,,
2019-05-21,394.23,396.35,383.62,386.08,18286421,352.21,362.05,10.69,55.58,362.58,379.39,399.44,399.44,0,,,362.58,,0,,0,,,,,
2019-05-22,388.83,394.04,387.43,391.09,15370847,352.82,362.05,10.49,58.17,365.94,379.92,399.44,399.44,0,,,365.94,,0,,0,,,,,
2019-05-23,399.44,412.9,393.07,396.4,43279956,353.49,362.05,11.3,60.78,368.83,380.57,412.9,399.44,0,,,368.83,,0,,0,,,,,
2019-05-24,400.89,418.3,398.14,416.57,37708344,354.21,362.05,12.06,68.76,381.33,382.01,418.3,412.9,1,416.57,381.33,381.33,381.33,1,2019-05-24,0,,,50,,
2019-05-27,417.05,423.37,414.54,420.18,23397222,355.01,362.05,11.83,69.94,383.81,383.24,423.37,418.3,0,,,383.81,383.81,1,2019-05-24,0,,,50,,
2019-05-28,419.75,423.75,413.04,419.03,23389724,355.74,362.05,11.75,69.05,383.13,384.53,423.75,423.37,0,,,383.13,383.81,1,2019-05-24,0,,,50,,
2019-05-29,413.53,415.31,407.25,408.41,22132254,356.45,362.05,11.75,61.26,376.27,385.6,423.75,423.75,0,,,376.27,383.81,1,2019-05-24,0,,,50,,
2019-05-30,406.05,412.95,404.84,411.21,18281037,357.13,362.05,11.49,62.46,378.25,386.62,423.75,423.75,0,,,378.25,383.81,1,2019-05-24,0,,,50,,
2019-05-31,411.98,415.07,399.73,408.8,24644955,357.83,362.05,11.77,60.72,376.52,387.61,423.75,423.75,0,,,376.52,383.81,1,2019-05-24,0,,,50,,
2019-06-03,411.02,411.4,404.84,408.03,17125380,358.52,362.58,11.39,60.14,376.44,388.12,423.75,423.75,0,,,376.44,383.81,1,2019-05-24,0,,,50,,
2019-06-04,403.01,407.88,402.82,404.36,14514451,359.11,362.58,10.95,57.33,374.37,388.6,423.75,423.75,0,,,374.37,383.81,1,2019-05-24,0,,,50,,
2019-06-06,402.72,403.15,395.92,397.08,17762399,359.68,364.27,10.77,52.14,370.36,389.14,423.75,423.75,0,,,370.36,383.81,1,2019-05-24,0,,,50,,
2019-06-07,398.96,404.22,393.55,401.95,14107696,360.29,367.36,10.76,55.07,374.53,389.79,423.75,423.75,0,,,374.53,383.81,1,2019-05-24,0,,,50,,
2019-06-10,404.17,407.88,398.47,401.47,13074522,360.91,383.62,10.67,54.72,379.71,390.27,423.75,423.75,0,,,379.71,383.81,1,2019-05-24,0,,,50,,
2019-06-11,403.73,408.8,398.52,406.53,10939138,361.59,383.62,10.64,57.81,382.99,391.11,423.75,423.75,0,,,382.99,383.81,1,2019-05-24,0,,,50,,
2019-06-12,407.16,407.16,400.21,403.3,11136959,362.03,387.43,10.38,55.22,382.35,391.46,423.75,423.75,0,,,382.35,383.81,1,2019-05-24,0,,,50,,
2019-06-13,402.04,407.45,400.69,404.84,12164077,362.51,393.07,10.12,56.23,385.4,391.84,423.75,423.75,0,,,385.4,385.4,1,2019-05-24,0,,,50,,
2019-06-14,405.52,407.16,401.47,403.06,8601256,362.91,393.55,9.8,54.69,384.62,392.56,423.75,423.75,0,,,384.62,385.4,1,2019-05-24,0,,,50,,
2019-06-17,404.22,404.94,398.62,399.63,9539802,363.3,393.55,9.55,51.77,382.58,392.96,423.75,423.75,0,,,382.58,385.4,1,2019-05-24,0,,,50,,
2019-06-18,400.84,411.07,400.5,407.3,17761348,363.74,393.55,9.69,57.27,387.43,393.63,423.75,423.75,0,,,387.43,387.43,1,2019-05-24,0,,,50,,
2019-06-19,408.85,411.02,402.67,405.04,17010384,364.19,393.55,9.59,55.27,386.04,394.7,423.75,423.75,0,,,386.04,387.43,1,2019-05-24,0,,,50,,
2019-06-20,404.99,419.36,404.26,418.16,24315929,364.7,393.55,9.99,63.3,394.24,396.34,423.75,423.75,0,,,394.24,394.24,1,2019-05-24,0,,,50,,
2019-06-21,418.93,419.89,413.77,415.65,13909654,365.19,393.55,9.71,61.04,392.8,397.93,423.75,423.75,0,,,392.8,394.24,1,2019-05-24,0,,,50,,
2019-06-24,416.28,418.54,413.14,414.35,8545999,365.65,393.55,9.4,59.85,392.17,399.36,423.75,423.75,0,,,392.17,394.24,1,2019-05-24,0,,,50,,
2019-06-25,412.85,419.51,409.67,418.4,12964387,366.18,393.55,9.43,62.31,394.76,401.2,423.75,423.75,0,,,394.76,394.76,1,2019-05-24,0,,,50,,
2019-06-26,417.29,424.53,417.29,423.22,12261068,366.68,393.55,9.28,65.06,397.98,403.08,424.53,423.75,0,,,397.98,397.98,1,2019-05-24,0,,,50,,
2019-06-27,422.6,428.29,422.21,425.44,18787957,367.15,393.55,9.05,66.28,399.56,405.13,428.29,424.53,1,425.44,399.56,399.56,399.56,1,2019-05-24,0,,,50,,
2019-06-28,424.04,425.01,418.35,421.73,13459208,367.59,398.47,8.91,62.36,398.9,406.89,428.29,428.29,0,,,398.9,399.56,1,2019-05-24,0,,,50,,
2019-07-01,424.04,426.45,422.31,423.56,6871979,368.04,398.52,8.61,63.51,400.3,408.47,428.29,428.29,0,,,400.3,400.3,1,2019-05-24,0,,,50,,
2019-07-02,423.56,424.53,418.35,421.39,7787303,368.52,398.62,8.44,61.13,399.05,409.41,428.29,428.29,0,,,399.05,400.3,1,2019-05-24,0,,,50,,
2019-07-03,422.5,424.53,418.93,420.62,10415896,369.03,398.62,8.23,60.27,398.68,410.56,428.29,428.29,0,,,398.68,400.3,1,2019-05-24,0,,,50,,
2019-07-04,422.6,425.88,418.83,420.86,11810688,369.54,398.62,8.15,60.46,398.9,411.55,428.29,428.29,0,,,398.9,400.3,1,2019-05-24,0,,,50,,
2019-07-05,421.1,424.43,417.96,421.0,12154330,370.08,398.62,8.03,60.57,399.07,412.37,428.29,428.29,0,,,399.07,400.3,1,2019-05-24,0,,,50,,
2019-07-08,418.74,420.04,407.16,410.92,12184946,370.53,400.5,8.44,49.3,392.91,412.18,428.29,428.29,0,,,392.91,400.3,1,2019-05-24,0,,,50,,
2019-07-09,411.02,414.68,409.72,413.43,11679067,371.0,402.67,8.2,51.71,395.42,411.96,428.29,428.29,0,,,395.42,400.3,1,2019-05-24,0,,,50,,
2019-07-10,414.88,417.48,412.18,415.75,16494282,371.46,404.26,7.99,53.89,397.59,411.85,428.29,428.29,0,,,397.59,400.3,1,2019-05-24,0,,,50,,
2019-07-11,417.43,417.68,409.86,411.55,16535185,371.88,407.16,7.98,49.53,395.85,411.95,428.29,428.29,0,,,395.85,400.3,1,2019-05-24,0,,,50,,
2019-07-12,412.27,417.77,409.09,412.03,8824728,372.34,407.16,8.03,50.02,396.13,411.98,428.29,428.29,0,,,396.13,400.3,1,2019-05-24,0,,,50,,
2019-07-15,413.33,413.33,406.77,407.45,7825336,372.77,406.77,7.92,45.42,393.11,411.94,428.29,428.29,0,,,393.11,400.3,1,2019-05-24,0,,,50,,
2019-07-16,406.72,415.41,406.72,409.67,12149205,373.2,406.72,7.98,47.92,394.49,411.99,428.29,428.29,0,,,394.49,400.3,1,2019-05-24,0,,,50,,
2019-07-17,409.67,412.03,407.64,409.76,10961022,373.67,406.72,7.72,48.02,394.72,412.17,428.29,428.29,0,,,394.72,400.3,1,2019-05-24,0,,,50,,
2019-07-18,410.05,410.54,402.82,403.93,10651654,374.13,402.82,7.72,42.15,389.66,412.4,428.29,428.29,0,,,389.66,400.3,1,2019-05-24,0,,,50,,
2019-07-19,405.13,405.57,394.13,395.87,12260757,374.5,394.13,7.99,35.66,381.39,412.2,428.29,428.29,0,,,381.39,400.3,1,2019-05-24,1,400.3,TRAILING_STOP,50,40,-3.91
2019-07-22,396.31,399.4,390.99,398.0,17937246,374.93,390.99,8.02,38.36,381.7,412.08,428.29,428.29,0,,,381.7,,0,,0,,,,,
2019-07-23,399.26,402.35,396.31,398.43,14207080,375.38,390.99,7.88,38.92,382.07,411.81,428.29,428.29,0,,,382.07,,0,,0,,,,,
2019-07-24,398.34,398.34,388.52,395.1,16505930,375.76,388.52,8.02,36.18,379.0,411.54,428.29,428.29,0,,,379.0,,0,,0,,,,,
2019-07-25,395.77,400.27,392.0,395.58,16852479,376.15,388.52,8.04,36.87,379.3,411.23,426.45,428.29,0,,,379.3,,0,,0,,,,,
2019-07-26,396.79,405.64,395.14,402.11,17493739,376.57,388.52,8.21,45.48,383.39,411.2,426.45,426.45,0,,,383.39,,0,,0,,,,,
2019-07-29,418.79,421.07,411.34,415.26,46754670,377.03,388.52,8.98,57.92,391.36,411.72,425.88,426.45,0,,,391.36,,0,,0,,,,,
2019-07-30,418.79,424.31,408.88,411.39,23617273,377.44,388.52,9.44,54.02,388.56,411.86,425.88,425.88,0,,,388.56,,0,,0,,,,,
2019-07-31,409.99,416.08,407.38,410.67,22329888,377.82,388.52,9.39,53.3,388.13,412.04,425.88,425.88,0,,,388.13,,0,,0,,,,,
2019-08-01,409.36,412.36,397.18,403.37,18269866,378.18,388.52,9.8,46.52,383.15,411.55,424.43,425.88,0,,,383.15,,0,,0,,,,,
2019-08-02,400.32,404.14,392.19,397.13,30939803,378.55,388.52,9.96,41.65,379.02,410.93,424.31,424.43,0,,,379.02,,0,,0,,,,,
2019-08-05,390.41,393.31,382.76,389.44,25033370,378.88,382.76,10.27,36.57,371.93,410.1,424.31,424.31,0,,,371.93,,0,,0,,,,,
2019-08-06,387.84,398.0,387.75,396.79,30665326,379.23,382.76,10.27,43.65,376.67,409.38,424.31,424.31,0,,,376.67,,0,,0,,,,,
2019-08-07,395.87,401.38,392.97,395.0,20977349,379.58,382.76,10.14,42.4,375.6,408.44,424.31,424.31,0,,,375.6,,0,,0,,,,,
2019-08-08,397.51,402.93,390.89,400.8,19046657,379.93,382.76,10.27,47.6,379.25,407.62,424.31,424.31,0,,,379.25,,0,,0,,,,,
2019-08-09,402.83,408.54,400.9,406.36,17664017,380.32,382.76,10.09,52.07,382.96,407.11,424.31,424.31,0,,,382.96,,0,,0,,,,,
2019-08-13,403.32,407.86,395.72,396.79,18389104,380.63,382.76,10.24,44.97,376.69,406.22,424.31,424.31,0,,,376.69,,0,,0,,,,,
2019-08-14,398.38,408.35,397.76,403.61,13307755,380.98,382.76,10.33,50.18,381.03,405.62,424.31,424.31,0,,,381.03,,0,,0,,,,,
2019-08-16,404.09,406.22,398.58,405.2,15154141,381.34,382.76,10.14,51.34,382.18,405.11,424.31,424.31,0,,,382.18,,0,,0,,,,,
2019-08-19,406.32,413.86,406.32,409.51,12304262,381.72,382.76,10.03,54.43,385.03,404.73,424.31,424.31,0,,,385.03,,0,,0,,,,,
2019-08-20,406.99,409.31,398.96,403.22,16181488,382.04,382.76,10.07,49.49,380.95,404.14,424.31,424.31,0,,,380.95,,0,,0,,,,,
2019-08-21,402.35,404.96,397.08,398.53,12868183,382.26,382.76,9.91,46.13,378.03,403.72,424.31,424.31,0,,,378.03,,0,,0,,,,,
2019-08-22,397.51,398.96,384.94,386.0,18182520,382.37,382.76,10.21,38.58,369.75,402.81,424.31,424.31,0,,,369.75,,0,,0,,,,,
2019-08-23,376.24,390.26,373.14,382.43,26883695,382.48,373.14,10.7,36.74,363.91,401.7,424.31,424.31,0,,,363.91,,0,,0,,,,,
2019-08-26,393.65,400.42,379.96,398.14,26701988,382.7,373.14,11.4,48.42,373.58,401.25,424.31,424.31,0,,,373.58,,0,,0,,,,,
2019-08-27,399.26,406.7,397.76,404.86,28793372,383.0,373.14,11.22,52.46,378.03,401.01,424.31,424.31,0,,,378.03,,0,,0,,,,,
2019-08-28,404.28,404.53,396.26,399.4,12154347,383.26,373.14,11.04,49.1,374.64,400.74,424.31,424.31,0,,,374.64,,0,,0,,,,,
2019-08-29,396.45,397.32,386.25,391.13,30331105,383.45,373.14,11.19,44.44,369.2,400.13,416.08,424.31,0,,,369.2,,0,,0,,,,,
2019-08-30,393.16,399.3,389.44,396.21,18314194,383.69,373.14,11.09,47.72,372.54,399.68,413.86,416.08,0,,,372.54,,0,,0,,,,,
2019-09-03,391.76,393.07,378.22,379.28,20194305,383.82,373.14,11.58,39.38,361.29,398.85,413.86,413.86,0,,,361.29,,0,,0,,,,,
2019-09-04,378.17,386.54,377.11,384.46,18614965,383.99,373.14,11.43,42.68,364.74,398.47,413.86,413.86,0,,,364.74,,0,,0,,,,,
2019-09-05,376.77,381.07,375.27,376.24,25022673,384.13,373.14,11.27,39.05,359.54,397.75,413.86,413.86,0,,,359.54,,0,,0,,,,,
2019-09-06,378.17,381.56,376.43,378.51,17564286,384.29,373.14,10.85,40.55,361.29,397.08,413.86,413.86,0,,,361.29,,0,,0,,,,,
2019-09-09,380.1,387.26,376.33,382.47,18651819,384.49,373.14,10.85,43.19,363.84,396.66,413.86,413.86,0,,,363.84,,0,,0,,,,,
2019-09-11,381.94,385.91,380.44,381.65,17463978,384.74,373.14,10.47,42.77,363.57,396.2,413.86,413.86,0,,,363.57,,0,,0,,,,,
2019-09-12,386.54,393.84,386.54,389.49,19577114,385.13,373.14,10.59,48.01,368.54,395.78,413.86,413.86,0,,,368.54,,0,,0,,,,,
2019-09-13,393.45,401.29,387.5,399.84,17775449,385.56,373.14,10.82,53.99,375.06,395.26,413.86,413.86,0,,,375.06,,0,,0,,,,,
2019-09-16,395.1,402.01,393.4,398.63,17629622,385.86,373.14,10.66,53.22,374.39,394.84,413.86,413.86,0,,,374.39,,0,,0,,,,,
2019-09-17,392.53,398.38,385.23,387.5,20793363,386.1,375.27,10.86,46.62,367.79,394.07,413.86,413.86,0,,,367.79,,0,,0,,,,,
2019-09-18,392.15,392.15,383.49,386.25,18477377,386.4,375.27,10.7,45.93,367.09,393.5,409.31,413.86,0,,,367.09,,0,,0,,,,,
2019-09-19,382.72,382.72,371.74,373.91,22647508,386.61,371.74,10.97,39.7,357.77,392.72,406.7,409.31,0,,,357.77,,0,,0,,,,,
2019-09-20,376.24,410.09,373.96,403.8,75217723,387.03,371.74,12.77,55.47,375.85,393.2,410.09,406.7,0,,,375.85,,0,,0,,,,,
2019-09-23,421.5,435.23,414.39,431.66,57490445,387.6,371.74,14.11,64.73,392.93,394.36,435.23,410.09,1,431.66,392.93,392.93,392.93,1,2019-09-23,0,,,51,,
2019-09-24,427.01,433.93,419.13,426.43,26639931,388.14,371.74,14.15,62.12,389.52,395.41,435.23,435.23,0,,,389.52,392.93,1,2019-09-23,0,,,51,,
2019-09-25,424.69,426.48,415.5,419.95,19987241,388.65,371.74,13.93,58.94,385.5,396.05,435.23,435.23,0,,,385.5,392.93,1,2019-09-23,0,,,51,,
2019-09-26,424.6,443.6,424.16,437.12,40909369,389.31,371.74,14.62,64.17,396.11,397.07,443.6,435.23,1,437.12,396.11,396.11,396.11,1,2019-09-23,0,,,51,,
2019-09-27,434.75,437.02,428.75,434.46,19432963,390.0,371.74,14.18,62.83,394.69,398.33,443.6,443.6,0,,,394.69,396.11,1,2019-09-23,0,,,51,,
2019-09-30,428.75,430.54,416.86,419.47,27524660,390.58,371.74,14.42,55.8,384.86,398.86,443.6,443.6,0,,,384.86,396.11,1,2019-09-23,0,,,51,,
2019-10-01,422.61,428.66,403.03,410.67,30623906,391.12,371.74,15.22,52.11,378.65,399.04,443.6,443.6,0,,,378.65,396.11,1,2019-09-23,0,,,51,,
2019-10-03,410.09,420.34,408.44,413.28,23275379,391.69,371.74,14.98,53.1,380.49,399.17,443.6,443.6,0,,,380.49,396.11,1,2019-09-23,0,,,51,,
2019-10-04,414.44,415.21,398.53,400.32,17952697,392.15,371.74,15.11,47.81,372.05,399.07,443.6,443.6,0,,,372.05,396.11,1,2019-09-23,0,,,51,,
2019-10-07,401.48,409.6,398.0,402.45,21933703,392.62,371.74,14.85,48.71,373.59,399.2,443.6,443.6,0,,,373.59,396.11,1,2019-09-23,0,,,51,,
2019-10-09,406.46,424.01,403.41,422.37,34533981,393.17,371.74,15.33,56.33,386.12,400.41,443.6,443.6,0,,,386.12,396.11,1,2019-09-23,0,,,51,,
2019-10-10,415.89,417.34,406.7,409.8,19074005,393.64,371.74,15.36,51.17,378.0,401.32,443.6,443.6,0,,,378.0,396.11,1,2019-09-23,0,,,51,,
2019-10-11,413.91,419.03,408.25,414.49,18004922,394.12,371.74,15.03,52.9,381.24,401.87,443.6,443.6,0,,,381.24,396.11,1,2019-09-23,0,,,51,,
2019-10-14,415.89,422.08,412.02,414.78,17211042,394.64,373.96,14.68,53.01,382.4,402.2,443.6,443.6,0,,,382.4,396.11,1,2019-09-23,0,,,51,,
2019-10-15,415.89,421.16,414.15,417.68,14971985,395.2,398.0,14.13,54.18,392.65,402.81,443.6,443.6,0,,,392.65,396.11,1,2019-09-23,0,,,51,,
2019-10-16,420.24,425.08,417.0,421.02,17833051,395.76,398.0,13.7,55.54,395.09,403.81,443.6,443.6,0,,,395.09,396.11,1,2019-09-23,0,,,51,,
2019-10-17,421.69,428.8,419.47,426.14,12452421,396.32,398.0,13.38,57.63,398.6,404.8,443.6,443.6,0,,,398.6,398.6,1,2019-09-23,0,,,51,,
2019-10-18,423.34,429.14,420.97,423.43,15988455,396.81,398.0,13.01,56.13,397.1,406.28,443.6,443.6,0,,,397.1,398.6,1,2019-09-23,0,,,51,,
2019-10-22,426.05,443.65,423.19,436.35,34966169,397.32,398.0,13.54,61.31,405.08,408.01,443.65,443.6,0,,,405.08,405.08,1,2019-09-23,0,,,51,,
2019-10-23,437.17,443.94,433.49,440.17,25196183,397.87,398.0,13.32,62.71,407.69,410.14,443.94,443.65,0,,,407.69,407.69,1,2019-09-23,0,,,51,,
2019-10-24,442.39,443.94,436.2,439.83,23542540,398.42,398.0,12.92,62.49,407.74,412.18,443.94,443.94,0,,,407.74,407.74,1,2019-09-23,0,,,51,,
2019-10-25,442.68,455.21,439.49,453.71,34397573,399.03,398.0,13.12,67.44,416.56,414.56,455.21,443.94,1,453.71,416.56,416.56,416.56,1,2019-09-23,0,,,51,,
2019-10-27,455.55,457.96,449.74,454.14,8206762,399.56,398.0,12.77,67.58,417.07,416.97,457.96,455.21,0,,,417.07,417.07,1,2019-09-23,0,,,51,,
2019-10-29,454.77,466.18,451.53,461.74,33686172,400.12,398.0,12.91,70.08,421.88,419.38,466.18,457.96,1,461.74,421.88,421.88,421.88,1,2019-09-23,0,,,51,,
2019-10-30,463.28,463.28,454.58,455.69,22396012,400.66,403.41,12.61,65.74,419.99,421.24,466.18,466.18,0,,,419.99,421.88,1,2019-09-23,0,,,51,,
2019-10-31,459.41,461.11,446.16,447.86,21198377,401.1,406.7,12.77,60.52,415.92,422.88,466.18,466.18,0,,,415.92,421.88,1,2019-09-23,0,,,51,,
2019-11-01,451.34,451.63,445.39,447.08,13522994,401.52,408.25,12.31,60.0,416.24,424.87,466.18,466.18,0,,,416.24,421.88,1,2019-09-23,0,,,51,,
2019-11-04,447.81,456.8,447.81,455.06,16254715,401.99,412.02,12.12,63.41,422.77,427.16,466.18,466.18,0,,,422.77,422.77,1,2019-09-23,0,,,51,,
2019-11-05,456.61,458.45,451.58,452.98,14952189,402.49,414.15,11.75,61.93,422.39,429.8,466.18,466.18,0,,,422.39,422.77,1,2019-09-23,0,,,51,,
2019-11-06,451.82,468.02,449.5,464.93,24922680,403.07,417.0,12.23,66.74,430.73,431.84,468.02,466.18,0,,,430.73,430.73,1,2019-09-23,0,,,51,,
2019-11-07,467.15,467.15,460.04,462.85,18312032,403.69,419.47,11.87,65.19,430.45,432.88,468.02,468.02,0,,,430.45,430.73,1,2019-09-23,0,,,51,,
2019-11-08,464.98,479.73,464.54,473.39,52207121,404.31,420.97,12.22,69.09,437.51,434.44,479.73,468.02,1,473.39,437.51,437.51,437.51,1,2019-09-23,0,,,51,,
2019-11-11,471.99,482.63,468.7,480.5,24766065,404.98,423.19,12.35,71.42,442.76,436.46,482.63,479.73,0,,,442.76,442.76,1,2019-09-23,0,,,51,,
2019-11-13,480.5,481.18,467.44,469.81,24272664,405.54,433.49,12.45,63.66,439.23,437.55,482.63,482.63,0,,,439.23,442.76,1,2019-09-23,0,,,51,,
2019-11-14,473.68,483.45,467.88,482.29,35396276,406.19,436.2,12.67,68.03,448.03,439.14,483.45,482.63,0,,,448.03,448.03,1,2019-09-23,0,,,51,,
2019-11-15,481.51,492.98,479.73,483.45,42074833,406.86,439.49,12.71,68.41,449.85,441.28,492.98,483.45,0,,,449.85,449.85,1,2019-09-23,0,,,51,,
2019-11-18,482.38,487.9,480.35,482.0,22910109,407.55,445.39,12.34,67.33,451.13,443.65,492.98,492.98,0,,,451.13,451.13,1,2019-09-23,0,,,51,,
2019-11-19,481.61,485.53,473.78,477.31,27939336,408.23,445.39,12.3,63.83,448.13,445.79,492.98,492.98,0,,,448.13,451.13,1,2019-09-23,0,,,51,,
2019-11-20,478.95,481.66,476.34,478.76,22606112,408.91,445.39,11.8,64.45,449.4,448.4,492.98,492.98,0,,,449.4,451.13,1,2019-09-23,0,,,51,,
2019-11-21,481.76,487.27,475.13,481.9,25745594,409.63,445.39,11.82,65.8,451.41,451.05,492.98,492.98,0,,,451.41,451.41,1,2019-09-23,0,,,51,,
2019-11-22,484.66,485.29,476.0,480.5,18462401,410.28,445.39,11.64,64.62,450.62,452.99,492.98,492.98,0,,,450.62,451.41,1,2019-09-23,0,,,51,,
2019-11-25,475.86,483.59,475.42,481.47,25692878,410.96,447.81,11.4,65.09,452.22,455.38,492.98,492.98,0,,,452.22,452.22,1,2019-09-23,0,,,51,,
2019-11-26,485.33,500.57,484.56,493.94,286857658,411.74,449.5,11.95,70.5,460.46,458.03,500.57,492.98,1,493.94,460.46,460.46,460.46,1,2019-09-23,0,,,51,,
2019-11-27,497.04,498.92,487.75,488.91,29866539,412.46,449.5,11.89,66.05,457.25,460.5,500.57,500.57,0,,,457.25,460.46,1,2019-09-23,0,,,51,,
2019-11-28,492.83,502.94,491.33,502.12,35706498,413.28,460.04,12.04,71.19,469.19,463.31,502.94,500.57,1,502.12,469.19,469.19,469.19,1,2019-09-23,0,,,51,,
2019-11-29,499.07,499.55,493.56,495.78,13324549,413.97,464.54,11.79,66.02,466.76,465.8,502.94,502.94,0,,,466.76,469.19,1,2019-09-23,0,,,51,,
2019-12-02,496.6,497.13,490.61,494.14,10130049,414.66,467.44,11.42,64.72,466.92,468.07,502.94,502.94,0,,,466.92,469.19,1,2019-09-23,0,,,51,,
2019-12-03,493.02,494.47,488.09,492.64,12795657,415.41,467.44,11.06,63.48,466.19,470.38,502.94,502.94,0,,,466.19,469.19,1,2019-09-23,0,,,51,,
2019-12-04,493.27,513.92,492.59,511.88,30992538,416.27,467.88,11.79,71.12,478.26,472.89,513.92,502.94,1,511.88,478.26,478.26,478.26,1,2019-09-23,0,,,51,,
2019-12-05,515.08,519.86,508.79,510.77,32354118,417.1,473.78,11.74,70.2,479.55,475.25,519.86,513.92,0,,,479.55,479.55,1,2019-09-23,0,,,51,,
2019-12-06,512.66,515.99,504.53,507.58,24868376,417.94,473.78,11.72,67.52,477.5,477.51,519.86,519.86,0,,,477.5,479.55,1,2019-09-23,0,,,51,,
2019-12-09,506.85,511.93,505.07,509.22,12980877,418.71,473.78,11.37,68.2,478.79,479.36,519.86,519.86,0,,,478.79,479.55,1,2019-09-23,0,,,51,,
2019-12-10,508.79,512.85,507.48,511.35,12021443,419.5,475.13,10.94,69.09,480.9,481.26,519.86,519.86,0,,,480.9,480.9,1,2019-09-23,0,,,51,,
2019-12-11,513.19,517.64,509.9,516.04,13768156,420.4,475.13,10.72,71.02,484.08,483.07,519.86,519.86,0,,,484.08,484.08,1,2019-09-23,0,,,51,,
2019-12-12,517.3,519.48,512.42,517.78,12385216,421.26,475.42,10.45,71.73,485.47,485.14,519.86,519.86,0,,,485.47,485.47,1,2019-09-23,0,,,51,,
2019-12-13,520.25,524.99,518.12,519.43,17884861,422.15,475.42,10.22,72.42,486.69,487.53,524.99,519.86,0,,,486.69,486.69,1,2019-09-23,0,,,51,,
2019-12-16,521.8,523.64,519.09,521.56,13070575,423.14,484.56,9.82,73.32,491.38,490.01,524.99,524.99,0,,,491.38,491.38,1,2019-09-23,0,,,51,,
2019-12-17,523.2,525.18,521.07,523.39,11516163,424.17,487.75,9.41,74.1,493.9,492.29,525.18,524.99,0,,,493.9,493.9,1,2019-09-23,0,,,51,,
2019-12-18,524.26,525.09,518.36,523.64,12906168,425.21,488.09,9.22,74.21,494.3,494.64,525.18,525.18,0,,,494.3,494.3,1,2019-09-23,0,,,51,,
2019-12-19,519.57,523.44,516.19,522.47,12082790,426.21,488.09,9.09,72.64,493.63,496.56,525.18,525.18,0,,,493.63,494.3,1,2019-09-23,0,,,51,,
2019-12-20,523.2,531.47,521.56,528.18,27691592,427.31,488.09,9.15,75.38,497.27,498.74,531.47,525.18,1,528.18,497.27,497.27,497.27,1,2019-09-23,0,,,51,,
2019-12-23,529.05,530.84,519.96,523.54,11521942,428.36,488.09,9.27,69.3,494.2,500.41,531.47,531.47,0,,,494.2,497.27,1,2019-09-23,0,,,51,,
2019-12-24,524.22,526.1,521.6,523.35,6715007,429.42,492.59,8.93,69.06,495.8,501.84,531.47,531.47,0,,,495.8,497.27,1,2019-09-23,0,,,51,,
2019-12-26,523.35,524.6,520.01,521.07,7831074,430.43,504.53,8.62,66.03,498.52,503.55,531.47,531.47,0,,,498.52,498.52,1,2019-09-23,0,,,51,,
2019-12-27,523.25,532.44,520.69,531.37,11247684,431.47,504.53,8.85,72.0,505.01,505.18,532.44,531.47,0,,,505.01,505.01,1,2019-09-23,0,,,51,,
2019-12-30,531.57,534.08,524.8,526.1,13180302,432.35,505.07,8.88,65.64,501.77,506.61,534.08,532.44,0,,,501.77,505.01,1,2019-09-23,0,,,51,,
2019-12-31,525.96,525.96,520.35,521.22,12491978,433.26,507.48,8.65,60.33,499.58,507.91,534.08,534.08,0,,,499.58,505.01,1,2019-09-23,0,,,51,,
2020-01-01,522.18,524.7,518.12,519.14,7642793,434.11,509.9,8.51,58.17,499.14,509.31,534.08,534.08,0,,,499.14,505.01,1,2019-09-23,0,,,51,,
2020-01-02,518.41,524.12,518.27,522.86,10264223,434.95,512.42,8.32,60.87,502.51,510.78,534.08,534.08,0,,,502.51,505.01,1,2019-09-23,0,,,51,,
2020-01-03,520.35,523.06,518.65,521.17,9594690,435.65,516.19,8.04,59.01,502.86,512.09,534.08,534.08,0,,,502.86,505.01,1,2019-09-23,0,,,51,,
2020-01-06,519.62,519.62,506.61,508.45,12534334,436.24,506.61,8.5,47.28,491.15,513.02,534.08,534.08,0,,,491.15,505.01,1,2019-09-23,0,,,51,,
2020-01-07,513.87,518.03,504.53,505.74,16101835,436.82,504.53,8.86,45.22,488.47,513.83,534.08,534.08,0,,,488.47,505.01,1,2019-09-23,1,505.01,TRAILING_STOP,51,72,16.99
2020-01-08,499.07,510.05,498.1,508.69,16094310,437.48,498.1,9.08,47.89,488.08,514.32,534.08,534.08,0,,,488.08,,0,,0,,,,,
2020-01-09,513.29,529.44,512.9,528.37,18934019,438.27,498.1,9.91,61.38,500.22,515.63,534.08,534.08,0,,,500.22,,0,,0,,,,,
2020-01-10,527.02,528.57,520.83,522.52,12335407,439.02,498.1,9.76,56.68,496.55,516.31,534.08,534.08,0,,,496.55,,0,,0,,,,,
2020-01-13,521.7,528.13,520.35,520.93,7901800,439.78,498.1,9.62,55.44,495.62,517.15,534.08,534.08,0,,,495.62,,0,,0,,,,,
2020-01-14,518.61,521.27,516.62,519.96,13939440,440.55,498.1,9.26,54.65,495.23,518.01,534.08,534.08,0,,,495.23,,0,,0,,,,,
2020-01-15,517.54,519.33,513.24,518.03,12353176,441.35,498.1,9.08,53.04,494.11,518.86,534.08,534.08,0,,,494.11,,0,,0,,,,,
2020-01-16,516.38,522.28,515.7,519.52,11249232,442.14,498.1,8.9,54.16,495.19,519.11,534.08,534.08,0,,,495.19,,0,,0,,,,,
2020-01-17,516.96,520.35,513.19,514.59,18312609,442.89,498.1,8.78,49.9,492.09,519.24,534.08,534.08,0,,,492.09,,0,,0,,,,,
2020-01-20,515.51,526.15,513.58,517.3,19159996,443.63,498.1,9.05,52.13,493.66,519.57,534.08,534.08,0,,,493.66,,0,,0,,,,,
2020-01-21,515.46,522.52,512.8,513.62,13477994,444.36,498.1,9.1,48.95,491.25,519.71,534.08,534.08,0,,,491.25,,0,,0,,,,,
2020-01-22,514.06,517.4,503.66,505.69,17527408,445.04,498.1,9.43,42.87,485.92,519.52,534.08,534.08,0,,,485.92,,0,,0,,,,,
2020-01-23,504.29,512.85,500.08,510.38,17061293,445.75,498.1,9.67,47.06,488.78,519.34,534.08,534.08,0,,,488.78,,0,,0,,,,,
2020-01-24,511.88,519.77,509.71,516.33,17851868,446.53,498.1,9.7,51.88,492.6,519.29,534.08,534.08,0,,,492.6,,0,,0,,,,,
2020-01-27,520.83,527.12,514.06,519.62,38149166,447.28,498.1,9.94,54.35,494.56,519.29,529.44,534.08,0,,,494.56,,0,,0,,,,,
2020-01-28,520.44,522.86,507.24,510.87,24009224,447.99,498.1,10.34,47.38,488.65,518.94,529.44,529.44,0,,,488.65,,0,,0,,,,,
2020-01-29,514.11,517.25,508.06,509.32,16400827,448.59,500.08,10.26,46.24,488.37,518.47,529.44,529.44,0,,,488.37,,0,,0,,,,,
2020-01-30,510.34,516.43,506.95,514.74,14319317,449.25,500.08,10.2,50.68,491.9,518.17,529.44,529.44,0,,,491.9,,0,,0,,,,,
2020-01-31,512.61,515.27,505.26,508.4,16292578,449.88,500.08,10.19,45.91,487.82,517.7,529.44,529.44,0,,,487.82,,0,,0,,,,,
2020-02-03,487.46,502.12,485.53,498.63,22531888,450.42,485.53,11.1,39.7,476.06,516.72,529.44,529.44,0,,,476.06,,0,,0,,,,,
2020-02-04,502.94,517.11,499.7,513.38,17781475,451.02,485.53,11.62,50.57,485.22,516.38,529.44,529.44,0,,,485.22,,0,,0,,,,,
2020-02-05,511.69,522.67,508.45,521.41,18782476,451.66,485.53,11.81,55.29,490.28,516.31,529.44,529.44,0,,,490.28,,0,,0,,,,,
2020-02-06,522.62,529.05,518.65,523.83,15296851,452.34,485.53,11.71,56.63,491.91,516.41,529.05,529.44,0,,,491.91,,0,,0,,,,,
2020-02-07,523.2,523.97,517.59,518.85,8297149,452.97,485.53,11.33,53.1,488.95,515.99,529.05,529.05,0,,,488.95,,0,,0,,,,,
2020-02-10,520.98,524.46,513.09,516.43,12536053,453.61,485.53,11.33,51.41,487.39,515.67,529.05,529.05,0,,,487.39,,0,,0,,,,,
2020-02-11,520.06,526.92,519.86,522.04,11243552,454.28,485.53,11.27,54.97,491.05,515.69,529.05,529.05,0,,,491.05,,0,,0,,,,,
2020-02-12,527.89,532.63,524.89,531.28,14026335,455.02,485.53,11.22,60.15,497.04,516.1,532.63,529.05,1,531.28,497.04,497.04,497.04,1,2020-02-12,0,,,52,,
2020-02-13,530.99,530.99,520.35,523.25,9227235,455.7,485.53,11.2,54.31,491.87,516.11,532.63,532.63,0,,,491.87,497.04,1,2020-02-12,0,,,52,,
2020-02-14,523.49,530.65,518.94,527.89,14458649,456.48,485.53,11.24,56.91,494.84,516.34,532.63,532.63,0,,,494.84,497.04,1,2020-02-12,0,,,52,,
2020-02-17,525.18,527.46,520.11,523.83,7793293,457.22,485.53,10.99,54.01,492.39,516.85,532.63,532.63,0,,,492.39,497.04,1,2020-02-12,0,,,52,,
2020-02-18,523.25,526.54,518.41,523.44,15918303,457.93,485.53,10.79,53.73,492.27,517.44,532.63,532.63,0,,,492.27,497.04,1,2020-02-12,0,,,52,,
2020-02-19,525.67,528.57,522.76,526.92,8704234,458.7,485.53,10.43,55.95,494.75,518.05,532.63,532.63,0,,,494.75,497.04,1,2020-02-12,0,,,52,,
2020-02-20,527.6,531.32,524.02,529.05,13588526,459.48,485.53,10.21,57.3,496.28,518.07,532.63,532.63,0,,,496.28,497.04,1,2020-02-12,0,,,52,,
2020-02-24,521.8,524.07,510.24,512.46,16940750,460.18,485.53,10.82,45.57,485.17,517.73,532.63,532.63,0,,,485.17,497.04,1,2020-02-12,0,,,52,,
2020-02-25,514.98,521.12,508.06,513.53,14942960,460.88,499.7,10.98,46.34,490.47,517.49,532.63,532.63,0,,,490.47,497.04,1,2020-02-12,0,,,52,,
2020-02-26,509.56,511.98,505.07,506.52,15743918,461.52,505.07,10.8,42.17,487.86,517.04,532.63,532.63,0,,,487.86,497.04,1,2020-02-12,0,,,52,,
2020-02-27,505.65,506.13,495.83,498.44,26315054,462.15,495.83,10.79,37.93,479.57,516.39,532.63,532.63,0,,,479.57,497.04,1,2020-02-12,1,497.04,TRAILING_STOP,52,11,-6.45
2020-02-28,485.14,490.22,476.05,480.93,32737933,462.72,476.05,11.62,30.73,461.14,515.1,532.63,532.63,0,,,461.14,,0,,0,,,,,
2020-03-02,491.57,503.47,482.09,489.49,28642076,463.33,476.05,12.4,37.02,466.14,514.26,532.63,532.63,0,,,466.14,,0,,0,,,,,
2020-03-03,493.12,502.45,491.81,497.86,19661945,463.99,476.05,12.44,42.53,471.51,513.61,532.63,532.63,0,,,471.51,,0,,0,,,,,
2020-03-04,500.52,500.52,480.74,491.67,21883404,464.63,476.05,12.97,39.76,467.17,512.88,532.63,532.63,0,,,467.17,,0,,0,,,,,
2020-03-05,493.02,494.38,483.59,487.95,16671516,465.25,476.05,12.81,38.15,464.87,512.29,532.63,532.63,0,,,464.87,,0,,0,,,,,
2020-03-06,469.09,480.5,461.64,470.39,31024353,465.7,461.64,13.77,31.65,448.1,510.96,532.63,532.63,0,,,448.1,,0,,0,,,,,
2020-03-09,459.41,459.41,428.42,442.73,42027175,465.89,428.42,15.79,24.56,417.84,508.5,532.63,532.63,0,,,417.84,,0,,0,,,,,
2020-03-11,435.23,456.27,434.85,450.37,31018779,466.15,428.42,16.19,29.27,422.5,506.2,532.63,532.63,0,,,422.5,,0,,0,,,,,
2020-03-12,423.63,431.32,402.35,411.68,50757033,466.15,402.35,18.46,21.83,387.34,502.89,532.63,532.63,0,,,387.34,,0,,0,,,,,
2020-03-13,387.84,449.5,382.23,432.53,67104335,466.35,382.23,21.95,31.88,391.76,500.33,531.32,532.63,0,,,391.76,,0,,0,,,,,
2020-03-16,410.28,410.28,384.41,389.68,34833637,466.3,382.23,23.82,24.82,362.87,496.16,531.32,531.32,0,,,362.87,,0,,0,,,,,
2020-03-17,393.65,395.05,352.06,355.2,47232699,466.07,352.06,25.19,20.82,329.66,491.06,531.32,531.32,0,,,329.66,,0,,0,,,,,
2020-03-18,356.99,363.18,331.07,343.4,61202289,465.72,331.07,25.68,19.65,314.73,485.88,531.32,531.32,0,,,314.73,,0,,0,,,,,
2020-03-19,325.07,357.47,312.4,327.44,57985870,465.26,312.4,27.07,18.17,297.29,479.68,531.32,531.32,0,,,297.29,,0,,0,,,,,
2020-03-20,317.24,347.99,312.4,334.36,88640642,464.82,312.4,27.68,20.96,301.34,473.45,531.32,531.32,0,,,301.34,,0,,0,,,,,
2020-03-23,300.94,303.41,270.81,274.68,56867949,463.94,270.81,30.24,15.92,247.28,465.14,524.07,531.32,0,,,247.28,,0,,0,,,,,
2020-03-24,285.61,294.99,259.5,286.77,67895418,463.21,259.5,30.61,20.11,251.06,457.41,521.12,524.07,0,,,251.06,,0,,0,,,,,
2020-03-25,274.68,323.19,272.36,306.5,66544138,462.56,259.5,32.06,26.54,262.82,450.41,511.98,521.12,0,,,262.82,,0,,0,,,,,
2020-03-26,311.43,352.44,303.94,319.41,76173940,461.99,259.5,33.23,30.48,270.36,443.66,506.13,511.98,0,,,270.36,,0,,0,,,,,
2020-03-27,344.13,347.75,315.3,328.7,72889985,461.45,259.5,33.18,33.25,276.39,436.9,503.47,506.13,0,,,276.39,,0,,0,,,,,
2020-03-30,319.27,322.94,300.89,303.12,36559880,460.79,259.5,32.79,29.73,260.15,429.56,503.47,503.47,0,,,260.15,,0,,0,,,,,
2020-03-31,314.05,323.86,305.63,313.13,46279768,460.22,259.5,31.93,32.74,267.18,422.41,502.45,503.47,0,,,267.18,,0,,0,,,,,
2020-04-01,308.53,313.13,297.99,300.94,33141186,459.65,259.5,30.73,31.0,260.12,414.98,500.52,502.45,0,,,260.12,,0,,0,,,,,
2020-04-03,299.34,299.34,272.26,277.24,57326314,458.95,259.5,30.59,27.9,244.93,406.77,494.38,500.52,0,,,244.93,,0,,0,,,,,
2020-04-07,298.18,318.79,287.11,315.4,57661076,458.4,259.5,31.37,38.55,269.02,399.72,480.5,494.38,0,,,269.02,,0,,0,,,,,
2020-04-08,312.26,341.18,304.76,308.48,73931321,457.75,259.5,31.73,37.47,264.32,392.37,459.41,480.5,0,,,264.32,,0,,0,,,,,
2020-04-09,321.49,333.68,312.06,331.46,52431174,457.3,259.5,31.26,43.17,279.45,386.33,456.27,459.41,0,,,279.45,,0,,0,,,,,
2020-04-13,329.86,334.45,318.45,319.8,30994190,456.82,259.5,30.17,41.12,272.66,379.88,449.5,456.27,0,,,272.66,,0,,0,,,,,
2020-04-15,331.46,340.35,314.34,316.61,49132329,456.29,259.5,29.88,40.55,270.8,373.55,449.5,449.5,0,,,270.8,,0,,0,,,,,
2020-04-16,314.63,336.39,308.87,330.78,56494027,455.97,259.5,29.71,44.23,280.05,367.96,410.28,449.5,0,,,280.05,,0,,0,,,,,
2020-04-17,350.12,372.85,337.6,363.23,69006835,455.83,259.5,30.59,51.61,300.39,364.03,395.05,410.28,0,,,300.39,,0,,0,,,,,
2020-04-20,363.66,366.47,345.29,349.44,55810736,455.65,272.26,29.92,48.66,296.2,359.36,372.85,395.05,0,,,296.2,,0,,0,,,,,
2020-04-21,329.81,334.84,317.24,320.96,50118175,455.27,272.26,30.08,43.18,277.72,353.47,372.85,372.85,0,,,277.72,,0,,0,,,,,
2020-04-22,315.3,326.91,312.45,324.93,49115085,454.88,272.26,28.97,44.12,281.02,347.91,372.85,372.85,0,,,281.02,,0,,0,,,,,
2020-04-23,329.09,343.16,326.91,341.37,45953398,454.61,272.26,28.2,47.98,292.14,343.02,372.85,372.85,0,,,292.14,,0,,0,,,,,
2020-04-24,326.81,331.99,320.62,323.86,38513206,454.18,272.26,27.67,44.46,281.2,338.14,372.85,372.85,0,,,281.2,,0,,0,,,,,
2020-04-27,328.17,341.32,326.91,336.48,38980019,453.75,272.26,26.94,47.46,289.82,334.6,372.85,372.85,0,,,289.82,,0,,0,,,,,
2020-04-28,342.14,350.94,338.76,348.04,32933194,453.42,272.26,26.05,50.11,297.87,331.19,372.85,372.85,0,,,297.87,,0,,0,,,,,
2020-04-29,341.42,364.15,340.11,358.29,39341745,453.22,287.11,25.9,52.4,309.53,329.41,372.85,372.85,0,,,309.53,,0,,0,,,,,
2020-04-30,369.47,380.06,361.87,367.68,45734705,453.1,304.76,25.61,54.47,321.67,327.25,380.06,372.85,0,,,321.67,,0,,0,,,,,
2020-05-04,347.22,347.22,324.98,326.96,38837299,452.79,308.87,26.83,45.29,295.96,325.16,380.06,380.06,0,,,295.96,,0,,0,,,,,
2020-05-05,336.58,336.58,318.74,319.99,45069968,452.23,308.87,26.19,43.92,291.89,323.98,380.06,380.06,0,,,291.89,,0,,0,,,,,
2020-05-06,320.62,334.21,314.58,330.2,49952812,451.55,308.87,25.72,46.47,298.79,323.54,380.06,380.06,0,,,298.79,,0,,0,,,,,
2020-05-07,325.94,331.65,322.75,325.7,27656346,450.88,308.87,24.52,45.49,296.69,323.48,380.06,380.06,0,,,296.69,,0,,0,,,,,
2020-05-08,332.71,340.93,322.75,326.62,42968091,450.26,312.45,24.06,45.74,298.78,323.23,380.06,380.06,0,,,298.78,,0,,0,,,,,
2020-05-11,329.81,332.28,307.76,309.65,83665601,449.41,307.76,24.1,41.89,286.25,324.39,380.06,380.06,0,,,286.25,,0,,0,,,,,
2020-05-12,307.86,313.76,297.89,310.66,69072308,448.58,297.89,23.51,42.21,284.0,325.19,380.06,380.06,0,,,284.0,,0,,0,,,,,
2020-05-13,332.23,336.97,321.4,326.96,72816461,447.97,297.89,23.71,47.13,294.38,325.87,380.06,380.06,0,,,294.38,,0,,0,,,,,
2020-05-14,319.17,323.52,314.96,316.66,33999095,447.34,297.89,22.87,44.55,288.29,325.78,380.06,380.06,0,,,288.29,,0,,0,,,,,
2020-05-15,318.49,319.7,308.34,312.11,31828868,446.66,297.89,22.05,43.42,285.91,325.23,380.06,380.06,0,,,285.91,,0,,0,,,,,
2020-05-18,309.5,309.98,283.63,288.71,74034133,445.92,283.63,22.51,38.06,265.75,324.74,380.06,380.06,0,,,265.75,,0,,0,,,,,
2020-05-19,296.97,301.28,287.35,290.45,61827491,445.17,283.63,21.9,38.66,267.29,323.99,380.06,380.06,0,,,267.29,,0,,0,,,,,
2020-05-20,289.19,298.14,287.74,295.62,42238419,444.33,283.63,21.08,40.53,271.17,323.81,380.06,380.06,0,,,271.17,,0,,0,,,,,
2020-05-21,295.96,302.54,292.09,294.41,43075357,443.56,283.63,20.32,40.22,270.89,324.38,380.06,380.06,0,,,270.89,,0,,0,,,,,
2020-05-22,291.12,297.6,276.18,281.5,80358245,442.67,276.18,20.4,36.99,260.03,323.25,380.06,380.06,0,,,260.03,,0,,0,,,,,
2020-05-26,286.34,288.13,280.48,283.1,46681705,441.79,276.18,19.49,37.66,261.67,322.41,380.06,380.06,0,,,261.67,,0,,0,,,,,
2020-05-27,286.38,311.39,285.18,308.39,80541990,441.07,276.18,20.11,47.19,277.56,321.64,380.06,380.06,0,,,277.56,,0,,0,,,,,
2020-05-28,311.68,318.93,310.23,316.13,66136408,440.37,276.18,19.43,49.72,283.01,321.52,380.06,380.06,0,,,283.01,,0,,0,,,,,
2020-05-29,312.3,323.33,309.5,321.06,60487477,439.67,276.18,19.03,51.32,286.46,321.66,380.06,380.06,0,,,286.46,,0,,0,,,,,
2020-06-01,327.88,336.58,325.17,328.12,44024770,439.03,276.18,18.78,53.6,291.18,321.58,347.22,380.06,0,,,291.18,,0,,0,,,,,
2020-06-02,325.94,338.52,321.59,336.97,47558213,438.37,276.18,18.65,56.36,296.97,320.7,340.93,347.22,0,,,296.97,,0,,0,,,,,
2020-06-03,346.16,360.76,342.19,345.14,69689299,437.73,276.18,19.01,58.79,302.0,320.56,360.76,340.93,0,,,302.0,,0,,0,,,,,
2020-06-04,345.29,351.09,334.16,336.44,57061575,437.05,276.18,18.87,55.26,296.49,321.07,360.76,360.76,0,,,296.49,,0,,0,,,,,
2020-06-05,338.52,348.19,335.61,345.48,37251097,436.32,276.18,18.42,58.08,302.62,321.76,360.76,360.76,0,,,302.62,,0,,0,,,,,
2020-06-08,354.52,361.49,341.56,347.99,46827341,435.62,276.18,18.52,58.85,304.16,321.98,361.49,360.76,0,,,304.16,,0,,0,,,,,
2020-06-09,348.24,357.23,333.92,337.11,47621969,434.79,276.18,18.87,54.17,296.92,322.42,361.49,361.49,0,,,296.92,,0,,0,,,,,
2020-06-10,337.11,345.14,333.97,341.42,36292403,434.02,276.18,18.32,55.68,300.06,322.59,361.49,361.49,0,,,300.06,,0,,0,,,,,
2020-06-11,340.89,342.58,328.94,330.05,36999490,433.24,276.18,17.98,50.93,292.95,321.99,361.49,361.49,0,,,292.95,,0,,0,,,,,
2020-06-12,313.56,334.79,313.47,332.91,47509067,432.48,276.18,18.22,52.04,294.64,321.14,361.49,361.49,0,,,294.64,,0,,0,,,,,
2020-06-15,330.0,331.02,314.82,320.24,43500660,431.58,280.48,18.21,46.98,287.91,319.56,361.49,361.49,0,,,287.91,,0,,0,,,,,
2020-06-16,331.02,336.48,315.35,331.7,57511237,430.77,285.18,18.42,51.57,296.73,319.72,361.49,361.49,0,,,296.73,,0,,0,,,,,
2020-06-17,327.49,339.48,325.07,330.73,37107002,429.88,309.5,18.13,51.16,304.4,320.07,361.49,361.49,0,,,304.4,,0,,0,,,,,
2020-06-18,328.84,343.06,326.14,340.45,39285919,429.06,309.5,18.05,54.96,310.73,320.42,361.49,361.49,0,,,310.73,,0,,0,,,,,
2020-06-19,339.48,353.46,337.74,351.86,51367236,428.25,313.47,17.88,59.0,319.52,321.29,361.49,361.49,0,,,319.52,,0,,0,,,,,
2020-06-22,354.96,362.94,353.17,355.49,40133602,427.42,313.47,17.4,60.22,322.18,322.25,362.94,361.49,0,,,322.18,,0,,0,,,,,
2020-06-23,356.89,365.89,352.25,363.81,32493320,426.71,313.47,17.13,62.95,327.73,324.06,365.89,362.94,0,,,327.73,,0,,0,,,,,
2020-06-24,367.53,367.53,333.68,336.68,57955780,425.74,313.47,18.32,50.74,309.43,324.92,367.53,365.89,0,,,309.43,,0,,0,,,,,
2020-06-25,334.55,343.93,327.39,339.48,69902888,424.78,313.47,18.19,51.78,311.33,325.34,367.53,367.53,0,,,311.33,,0,,0,,,,,
2020-06-26,343.93,346.74,334.74,337.65,34596104,423.82,313.47,17.75,51.02,310.44,326.04,367.53,367.53,0,,,310.44,,0,,0,,,,,
2020-06-29,333.92,334.26,327.39,331.84,27384244,422.85,313.47,17.22,48.59,307.05,326.7,367.53,367.53,0,,,307.05,,0,,0,,,,,
2020-06-30,335.61,342.82,334.94,339.92,47526095,421.92,313.47,16.77,52.02,312.56,328.4,367.53,367.53,0,,,312.56,,0,,0,,,,,
2020-07-01,342.63,353.75,340.06,352.1,36922617,421.06,313.47,16.56,56.7,320.55,330.46,367.53,367.53,0,,,320.55,,0,,0,,,,,
2020-07-02,353.99,358.73,349.49,350.94,50964311,420.19,313.47,16.04,56.14,320.15,332.3,367.53,367.53,0,,,320.15,,0,,0,,,,,
2020-07-03,352.68,355.1,347.99,349.15,28779044,419.31,314.82,15.4,55.23,319.87,334.13,367.53,367.53,0,,,319.87,,0,,0,,,,,
2020-07-06,355.78,355.78,348.67,349.98,33334074,418.35,315.35,14.81,55.59,320.98,336.41,367.53,367.53,0,,,320.98,,0,,0,,,,,
2020-07-07,351.09,365.6,350.22,363.71,46030825,417.52,325.07,14.87,61.14,333.04,339.1,367.53,367.53,0,,,333.04,,0,,0,,,,,
2020-07-08,365.5,366.56,355.49,356.84,46315597,416.55,326.14,14.6,57.28,329.15,340.71,367.53,367.53,0,,,329.15,,0,,0,,,,,
2020-07-09,361.2,363.66,353.31,358.2,35144463,415.63,327.39,14.29,57.85,330.64,342.12,367.53,367.53,0,,,330.64,,0,,0,,,,,
2020-07-10,352.93,356.12,347.22,348.53,27864858,414.66,327.39,14.06,52.51,324.56,343.03,367.53,367.53,0,,,324.56,,0,,0,,,,,
2020-07-13,352.15,354.96,340.93,342.0,32379935,413.65,327.39,14.05,49.2,320.35,343.49,367.53,367.53,0,,,320.35,,0,,0,,,,,
2020-07-14,339.97,340.89,329.42,334.21,34031256,412.47,327.39,13.95,45.53,315.4,343.4,367.53,367.53,0,,,315.4,,0,,0,,,,,
2020-07-15,338.03,345.09,332.47,334.45,30442553,411.29,327.39,13.85,45.66,315.61,343.05,367.53,367.53,0,,,315.61,,0,,0,,,,,
2020-07-16,336.53,337.16,329.81,333.34,35535437,410.13,327.39,13.39,45.1,315.21,342.94,367.53,367.53,0,,,315.21,,0,,0,,,,,
2020-07-17,334.65,344.32,334.11,342.19,27511781,409.02,327.39,13.22,50.3,321.03,342.83,367.53,367.53,0,,,321.03,,0,,0,,,,,
2020-07-20,346.25,354.33,343.59,351.09,36312529,407.95,329.42,13.14,54.92,327.5,342.94,367.53,367.53,0,,,327.5,,0,,0,,,,,
2020-07-21,358.83,367.43,357.91,366.37,45559912,406.95,329.42,13.37,61.53,337.2,343.91,367.53,367.53,0,,,337.2,,0,,0,,,,,
2020-07-22,374.2,376.72,362.99,368.6,45500191,405.96,329.42,13.39,62.4,338.62,344.82,376.72,367.53,0,,,338.62,,0,,0,,,,,
2020-07-23,370.0,382.67,366.42,379.38,37838027,405.02,329.42,13.6,66.35,345.44,346.46,382.67,376.72,0,,,345.44,,0,,0,,,,,
2020-07-24,375.56,375.95,359.94,369.27,52980980,404.01,329.42,14.02,59.99,338.64,347.67,382.67,382.67,0,,,338.64,,0,,0,,,,,
2020-07-27,372.37,373.14,344.9,346.74,73275058,402.83,329.42,15.03,48.77,323.43,348.56,382.67,382.67,0,,,323.43,,0,,0,,,,,
2020-07-28,349.25,350.85,331.94,340.55,125939354,401.61,329.42,15.31,46.21,319.26,348.85,382.67,382.67,0,,,319.26,,0,,0,,,,,
2020-07-29,341.61,345.91,336.77,339.53,50194622,400.39,329.42,14.87,45.78,318.89,349.15,382.67,382.67,0,,,318.89,,0,,0,,,,,
2020-07-30,341.8,342.96,329.23,333.63,40820253,399.09,329.23,14.79,43.3,315.08,348.92,382.67,382.67,0,,,315.08,,0,,0,,,,,
2020-07-31,335.08,341.42,330.83,335.42,37345191,397.84,329.23,14.49,44.28,316.43,348.37,382.67,382.67,0,,,316.43,,0,,0,,,,,
2020-08-03,335.42,337.89,329.33,331.99,32119883,396.56,329.23,14.06,42.75,314.5,347.59,382.67,382.67,0,,,314.5,,0,,0,,,,,
2020-08-04,335.61,341.61,332.91,339.48,30811518,395.35,329.23,13.75,47.07,319.54,346.78,382.67,382.67,0,,,319.54,,0,,0,,,,,
2020-08-05,341.8,348.19,339.24,340.64,37057881,394.08,329.23,13.4,47.73,320.52,346.91,382.67,382.67,0,,,320.52,,0,,0,,,,,
2020-08-06,341.85,351.81,337.16,346.98,48021824,392.89,329.23,13.49,51.29,324.55,347.16,382.67,382.67,0,,,324.55,,0,,0,,,,,
2020-08-07,347.66,347.85,341.56,346.2,28510964,391.72,329.23,12.98,50.83,324.39,347.44,382.67,382.67,0,,,324.39,,0,,0,,,,,
2020-08-10,347.7,352.98,345.62,351.62,22856010,390.6,329.23,12.58,53.92,328.15,348.1,382.67,382.67,0,,,328.15,,0,,0,,,,,
2020-08-11,357.86,362.02,352.1,355.3,45446107,389.49,329.23,12.42,55.95,330.63,348.61,382.67,382.67,0,,,330.63,,0,,0,,,,,
2020-08-12,353.75,356.65,351.81,354.81,25706005,388.38,329.23,11.88,55.6,330.68,348.7,382.67,382.67,0,,,330.68,,0,,0,,,,,
2020-08-13,356.84,360.13,354.23,355.97,26257336,387.36,329.23,11.45,56.29,331.71,348.87,382.67,382.67,0,,,331.71,,0,,0,,,,,
2020-08-14,359.6,359.6,342.58,349.54,28893259,386.32,329.23,11.85,51.47,327.3,348.89,382.67,382.67,0,,,327.3,,0,,0,,,,,
2020-08-17,353.99,354.33,342.72,348.38,24232497,385.25,329.23,11.83,50.63,326.56,348.83,382.67,382.67,0,,,326.56,,0,,0,,,,,
2020-08-18,350.03,357.86,349.74,357.42,26517363,384.11,329.23,11.67,56.59,332.5,348.62,382.67,382.67,0,,,332.5,,0,,0,,,,,
2020-08-19,361.73,363.52,358.25,362.16,35790233,383.04,329.23,11.27,59.37,335.82,348.8,382.67,382.67,0,,,335.82,,0,,0,,,,,
2020-08-20,354.96,357.52,350.7,355.68,68444775,381.94,329.33,11.28,54.26,331.67,348.72,375.95,382.67,0,,,331.67,,0,,0,,,,,
2020-08-21,357.86,360.76,355.01,358.97,34109928,380.87,329.33,10.89,56.32,334.05,349.06,373.14,375.95,0,,,334.05,,0,,0,,,,,
2020-08-24,362.55,368.69,361.58,367.87,32907235,379.87,332.91,10.8,61.37,341.04,349.93,368.69,373.14,0,,,341.04,,0,,0,,,,,
2020-08-25,369.95,377.01,368.89,373.67,53072303,378.9,337.16,10.68,64.27,346.28,351.24,377.01,368.69,0,,,346.28,,0,,0,,,,,
2020-08-26,375.46,378.8,371.59,376.57,37163882,377.98,337.16,10.44,65.66,348.32,352.65,378.8,377.01,0,,,348.32,,0,,0,,,,,
2020-08-27,377.15,384.41,374.88,379.33,36910405,377.06,341.56,10.37,66.97,351.61,354.18,384.41,378.8,1,379.33,351.61,351.61,351.61,1,2020-08-27,0,,,53,,
2020-08-28,380.98,398.38,380.01,396.26,83472297,376.27,342.58,10.99,73.64,362.45,355.98,398.38,384.41,0,,,362.45,362.45,1,2020-08-27,0,,,53,,
2020-08-31,401.24,408.15,374.79,381.65,72744175,375.45,342.58,12.59,62.01,351.96,357.0,408.15,398.38,0,,,351.96,362.45,1,2020-08-27,1,375.45,SMA150_BREAK,53,3,-1.02
2020-09-01,381.75,386.54,372.66,378.12,34872793,374.56,342.58,12.68,59.56,349.63,357.39,408.15,408.15,0,,,349.63,,0,,0,,,,,
2020-09-02,374.54,381.07,368.6,379.52,31295799,373.65,342.58,12.67,60.23,350.54,357.76,408.15,408.15,0,,,350.54,,0,,0,,,,,
2020-09-03,379.52,379.67,368.55,370.19,26135555,372.66,342.58,12.56,53.82,344.6,357.45,408.15,408.15,0,,,344.6,,0,,0,,,,,
2020-09-04,362.7,367.48,356.26,360.33,33118984,371.65,342.72,12.65,48.01,338.22,357.15,408.15,408.15,0,,,338.22,,0,,0,,,,,
2020-09-07,361.82,364.48,356.89,361.15,22323904,370.66,349.74,12.29,48.51,341.33,357.63,408.15,408.15,0,,,341.33,,0,,0,,,,,
2020-09-08,360.18,368.79,357.04,363.37,32052920,369.66,350.7,12.25,49.91,343.1,358.39,408.15,408.15,0,,,343.1,,0,,0,,,,,
2020-09-09,358.63,360.18,350.03,355.54,25285238,368.64,350.03,12.33,45.24,337.78,358.93,408.15,408.15,0,,,337.78,,0,,0,,,,,
2020-09-10,359.5,362.7,353.46,358.54,24852274,367.7,350.03,12.11,47.27,339.86,359.76,408.15,408.15,0,,,339.86,,0,,0,,,,,
2020-09-11,360.76,361.39,353.12,358.34,22678353,366.67,350.03,11.84,47.15,339.92,360.52,408.15,408.15,0,,,339.92,,0,,0,,,,,
2020-09-14,361.24,361.58,347.56,351.77,27140598,365.54,347.56,11.99,43.09,334.75,361.18,408.15,408.15,0,,,334.75,,0,,0,,,,,
2020-09-15,352.1,360.04,351.77,359.36,24967618,364.44,347.56,11.73,48.59,339.82,361.84,408.15,408.15,0,,,339.82,,0,,0,,,,,
2020-09-16,359.17,364.34,353.02,362.41,22068622,363.4,347.56,11.7,50.66,341.81,362.57,408.15,408.15,0,,,341.81,,0,,0,,,,,
2020-09-17,357.86,359.55,355.34,356.89,24084936,362.33,347.56,11.37,46.98,338.47,362.9,408.15,408.15,0,,,338.47,,0,,0,,,,,
2020-09-18,357.86,362.36,352.59,357.42,78166508,361.24,347.56,11.25,47.38,338.89,363.27,408.15,408.15,0,,,338.89,,0,,0,,,,,
2020-09-21,354.62,355.34,337.06,339.19,28932482,359.96,337.06,11.9,37.13,323.2,362.86,408.15,408.15,0,,,323.2,,0,,0,,,,,
2020-09-22,342.38,344.46,338.03,342.77,28593292,358.75,337.06,11.51,39.88,325.77,362.44,408.15,408.15,0,,,325.77,,0,,0,,,,,
2020-09-23,344.9,345.38,331.21,340.3,22740143,357.5,331.21,11.7,38.62,322.1,361.96,408.15,408.15,0,,,322.1,,0,,0,,,,,
2020-09-24,333.63,335.57,322.8,324.68,25840472,356.18,322.8,12.12,31.8,308.94,360.91,408.15,408.15,0,,,308.94,,0,,0,,,,,
2020-09-25,327.92,339.0,325.56,337.21,23231600,354.93,322.8,12.27,40.83,316.92,360.5,408.15,408.15,0,,,316.92,,0,,0,,,,,
2020-09-28,339.97,352.01,337.65,351.09,18495592,353.76,322.8,12.45,48.9,325.75,360.59,386.54,408.15,0,,,325.75,,0,,0,,,,,
2020-09-29,351.81,351.81,342.63,345.33,17080848,352.54,322.8,12.22,46.09,322.19,360.19,381.07,386.54,0,,,322.19,,0,,0,,,,,
2020-09-30,345.24,345.77,337.89,343.11,19565058,351.41,322.8,11.91,45.01,320.97,359.55,379.67,381.07,0,,,320.97,,0,,0,,,,,
2020-10-01,346.49,359.02,346.49,357.09,23237122,350.36,322.8,12.2,52.51,329.79,359.6,368.79,379.67,0,,,329.79,,0,,0,,,,,
2020-10-05,358.58,370.09,358.58,360.86,26530105,349.39,322.8,12.25,54.32,332.19,359.66,370.09,368.79,0,,,332.19,,0,,0,,,,,
2020-10-06,364.73,369.27,362.79,368.11,18093629,348.52,322.8,11.98,57.66,337.05,359.67,370.09,370.09,0,,,337.05,,0,,0,,,,,
2020-10-07,366.85,371.74,361.82,370.09,21845743,347.79,322.8,11.83,58.55,338.42,359.55,371.74,370.09,0,,,338.42,,0,,0,,,,,
2020-10-08,372.37,376.91,370.09,374.79,21085500,347.02,322.8,11.47,60.67,341.69,359.49,376.91,371.74,1,374.79,341.69,341.69,341.69,1,2020-10-08,0,,,54,,
2020-10-09,377.88,390.26,374.2,388.33,41641237,346.29,322.8,11.8,66.05,350.21,359.79,390.26,376.91,0,,,350.21,350.21,1,2020-10-08,0,,,54,,
2020-10-12,390.21,396.55,387.55,390.79,25742564,345.62,322.8,11.6,66.93,351.93,359.61,396.55,390.26,0,,,351.93,351.93,1,2020-10-08,0,,,54,,
2020-10-13,387.84,387.84,380.59,383.25,19922778,344.92,322.8,11.5,61.63,347.13,359.66,396.55,396.55,0,,,347.13,351.93,1,2020-10-08,0,,,54,,
2020-10-14,381.41,395.82,376.24,393.45,23368177,344.41,322.8,12.08,65.6,353.32,360.18,396.55,396.55,0,,,353.32,353.32,1,2020-10-08,0,,,54,,
2020-10-15,393.55,396.45,376.38,378.17,34234586,343.98,322.8,12.65,56.22,343.09,360.13,396.55,396.55,0,,,343.09,353.32,1,2020-10-08,0,,,54,,
2020-10-16,381.07,388.13,377.69,383.1,25339096,343.53,325.56,12.49,58.29,347.29,360.56,396.55,396.55,0,,,347.29,353.32,1,2020-10-08,0,,,54,,
2020-10-19,388.86,405.01,387.99,403.41,41072871,343.47,337.65,13.16,65.53,363.97,362.0,405.01,396.55,1,403.41,363.97,363.97,363.97,1,2020-10-08,0,,,54,,
2020-10-20,399.93,403.22,397.51,401.0,26158669,343.26,337.89,12.65,64.11,362.84,363.33,405.01,405.01,0,,,362.84,363.97,1,2020-10-08,0,,,54,,
2020-10-21,402.35,414.44,396.84,406.51,43124966,343.38,337.89,13.0,65.93,366.16,364.76,414.44,405.01,1,406.51,366.16,366.16,366.16,1,2020-10-08,0,,,54,,
2020-10-22,402.74,405.88,394.27,399.35,33088074,343.67,346.49,12.94,61.56,364.45,366.22,414.44,414.44,0,,,364.45,366.16,1,2020-10-08,0,,,54,,
2020-10-23,403.32,406.7,398.24,403.27,22151463,344.07,358.58,12.62,63.01,371.22,367.71,414.44,414.44,0,,,371.22,371.22,1,2020-10-08,0,,,54,,
2020-10-26,404.33,405.4,388.28,391.18,21712057,344.49,361.82,12.95,56.01,364.29,368.81,414.44,414.44,0,,,364.29,371.22,1,2020-10-08,0,,,54,,
2020-10-27,393.02,398.87,380.35,396.5,33571163,344.91,361.82,13.34,58.21,367.45,370.3,414.44,414.44,0,,,367.45,371.22,1,2020-10-08,0,,,54,,
2020-10-28,396.45,396.45,381.85,383.05,28145103,345.63,370.09,13.44,51.23,361.47,371.09,414.44,414.44,0,,,361.47,371.22,1,2020-10-08,0,,,54,,
2020-10-29,379.38,389.68,376.86,386.78,32615425,346.3,374.2,13.39,52.92,365.28,371.9,414.44,414.44,0,,,365.28,371.22,1,2020-10-08,0,,,54,,
2020-10-30,386.29,389.49,375.32,379.72,27225165,346.79,375.32,13.45,49.44,361.06,372.66,414.44,414.44,0,,,361.06,371.22,1,2020-10-08,0,,,54,,
2020-11-02,403.32,408.93,393.65,403.75,72698777,347.35,375.32,14.57,59.26,375.81,374.21,414.44,414.44,0,,,375.81,375.81,1,2020-10-08,0,,,54,,
2020-11-03,411.05,432.24,410.28,429.29,61813071,348.02,375.32,15.57,66.67,391.62,377.21,432.24,414.44,1,429.29,391.62,391.62,391.62,1,2020-10-08,0,,,54,,
2020-11-04,422.95,427.5,411.34,422.71,43426662,348.82,375.32,15.74,63.47,387.26,379.88,432.24,432.24,0,,,387.26,391.62,1,2020-10-08,0,,,54,,
2020-11-05,430.4,431.61,421.31,424.11,30129938,349.56,375.32,15.35,63.87,388.42,382.67,432.24,432.24,0,,,388.42,391.62,1,2020-10-08,0,,,54,,
2020-11-06,425.42,430.3,421.89,428.27,27831424,350.4,375.32,14.85,65.08,391.44,386.12,432.24,432.24,0,,,391.44,391.62,1,2020-10-08,0,,,54,,
2020-11-09,435.23,449.36,434.27,447.52,40995422,351.54,375.32,15.3,70.1,403.56,389.8,449.36,432.24,1,447.52,403.56,403.56,403.56,1,2020-10-08,0,,,54,,
2020-11-10,469.86,471.07,457.48,467.97,57535138,352.56,375.32,15.89,74.32,416.35,393.7,471.07,449.36,0,,,416.35,416.35,1,2020-10-08,0,,,54,,
2020-11-11,468.84,474.45,456.61,470.59,45609279,353.64,375.32,16.03,74.81,417.95,397.87,474.45,471.07,0,,,417.95,417.95,1,2020-10-08,0,,,54,,
2020-11-12,465.8,467.68,455.88,461.06,31071572,354.5,375.32,15.93,69.6,411.87,401.8,474.45,474.45,0,,,411.87,417.95,1,2020-10-08,0,,,54,,
2020-11-13,457.19,471.12,452.21,469.62,34815091,355.5,375.32,16.15,71.52,417.25,405.55,474.45,474.45,0,,,417.25,417.95,1,2020-10-08,0,,,54,,
2020-11-14,473.78,473.78,468.75,470.92,3636073,356.53,375.32,15.35,71.81,418.61,409.22,474.45,474.45,0,,,418.61,418.61,1,2020-10-08,0,,,54,,
2020-11-17,474.41,476.82,462.46,470.44,36127378,357.46,375.32,15.28,71.52,418.35,412.63,476.82,474.45,0,,,418.35,418.61,1,2020-10-08,0,,,54,,
2020-11-18,471.99,482.63,470.29,481.32,29156543,358.25,375.32,15.07,74.08,425.51,416.34,482.63,476.82,1,481.32,425.51,425.51,425.51,1,2020-10-08,0,,,54,,
2020-11-19,473.92,477.16,460.19,463.04,31896908,359.0,375.32,15.5,63.72,413.43,419.28,482.63,482.63,0,,,413.43,425.51,1,2020-10-08,0,,,54,,
2020-11-20,463.77,467.59,452.74,464.44,30089190,359.96,393.65,15.46,64.13,420.48,421.82,482.63,482.63,0,,,420.48,425.51,1,2020-10-08,0,,,54,,
2020-11-23,465.99,467.49,451.19,452.89,29513544,360.81,410.28,15.52,58.23,418.53,423.89,482.63,482.63,0,,,418.53,425.51,1,2020-10-08,0,,,54,,
2020-11-24,458.45,464.25,455.74,462.51,23135994,361.62,411.34,15.22,61.42,425.29,426.53,482.63,482.63,0,,,425.29,425.51,1,2020-10-08,0,,,54,,
2020-11-25,469.09,473.87,455.64,457.19,34168305,362.51,421.31,15.44,58.75,425.03,428.66,482.63,482.63,0,,,425.03,425.51,1,2020-10-08,0,,,54,,
2020-11-26,459.51,461.54,450.52,459.7,28707911,363.33,421.89,15.12,59.64,427.06,431.37,482.63,482.63,0,,,427.06,427.06,1,2020-10-08,0,,,54,,
2020-11-27,460.77,463.81,455.84,457.82,48390771,364.06,434.27,14.61,58.62,430.31,433.86,482.63,482.63,0,,,430.31,430.31,1,2020-10-08,0,,,54,,
2020-12-01,463.96,472.47,458.74,469.18,20120049,364.8,450.52,14.61,62.77,443.05,436.06,482.63,482.63,0,,,443.05,443.05,1,2020-10-08,0,,,54,,
2020-12-02,470.39,471.02,456.71,464.69,21244707,365.45,450.52,14.59,60.2,440.17,438.18,482.63,482.63,0,,,440.17,443.05,1,2020-10-08,0,,,54,,
2020-12-03,466.28,469.09,463.14,466.04,22701738,366.38,450.52,13.97,60.72,441.45,440.16,482.63,482.63,0,,,441.45,443.05,1,2020-10-08,0,,,54,,
2020-12-04,467.83,487.46,467.15,485.58,39547014,367.48,450.52,14.51,67.37,453.7,443.04,487.46,482.63,1,485.58,453.7,453.7,453.7,1,2020-10-08,0,,,54,,
2020-12-07,488.43,498.68,487.61,493.7,37778332,368.57,450.52,14.41,69.67,459.01,446.05,498.68,487.46,0,,,459.01,459.01,1,2020-10-08,0,,,54,,
2020-12-08,494.72,495.2,488.82,491.72,19339943,369.68,450.52,13.83,68.4,458.11,449.4,498.68,498.68,0,,,458.11,459.01,1,2020-10-08,0,,,54,,
2020-12-09,493.27,498.1,489.45,494.72,21272782,370.8,450.52,13.46,69.31,460.29,452.68,498.68,498.68,0,,,460.29,460.29,1,2020-10-08,0,,,54,,
2020-12-10,491.43,497.52,482.38,490.32,20419020,372.0,450.52,13.58,66.3,457.38,456.25,498.68,498.68,0,,,457.38,460.29,1,2020-10-08,0,,,54,,
2020-12-11,492.54,499.94,489.49,498.54,25335765,373.26,450.52,13.36,69.01,462.83,459.98,499.94,498.68,0,,,462.83,462.83,1,2020-10-08,0,,,54,,
2020-12-14,501.1,510.48,501.1,508.55,26369591,374.47,450.52,13.26,71.97,469.35,464.27,510.48,499.94,1,508.55,469.35,469.35,469.35,1,2020-10-08,0,,,54,,
2020-12-15,506.81,507.05,496.26,501.05,26969145,375.7,450.52,13.19,66.82,464.56,467.52,510.48,510.48,0,,,464.56,469.35,1,2020-10-08,0,,,54,,
2020-12-16,502.99,504.58,494.33,495.64,24263586,376.92,450.52,12.98,63.31,461.21,469.73,510.48,510.48,0,,,461.21,469.35,1,2020-10-08,0,,,54,,
2020-12-17,497.13,499.55,492.4,493.65,23883288,378.29,450.52,12.56,62.01,460.2,472.09,510.48,510.48,0,,,460.2,469.35,1,2020-10-08,0,,,54,,
2020-12-18,497.13,501.24,492.44,500.18,21735833,379.68,455.84,12.29,64.57,466.37,474.63,510.48,510.48,0,,,466.37,469.35,1,2020-10-08,0,,,54,,
2020-12-21,497.71,497.81,472.18,478.27,29157759,380.9,456.71,13.41,51.94,451.78,476.3,510.48,510.48,0,,,451.78,469.35,1,2020-10-08,0,,,54,,
2020-12-22,480.98,485.33,473.05,483.88,32328041,382.16,456.71,13.33,54.4,455.45,477.51,510.48,510.48,0,,,455.45,469.35,1,2020-10-08,0,,,54,,
2020-12-23,482.63,488.91,480.26,487.08,19205951,383.54,463.14,13.0,55.79,459.88,478.14,510.48,510.48,0,,,459.88,469.35,1,2020-10-08,0,,,54,,
2020-12-24,490.12,499.02,488.53,496.7,17576807,384.96,467.15,12.92,59.76,467.47,479.01,510.48,510.48,0,,,467.47,469.35,1,2020-10-08,0,,,54,,
2020-12-28,498.97,504.1,496.75,503.03,14470472,386.26,472.18,12.53,62.17,473.5,480.41,510.48,510.48,0,,,473.5,473.5,1,2020-10-08,0,,,54,,
2020-12-29,505.4,513.38,500.86,511.45,19092649,387.56,472.18,12.53,65.15,478.93,481.81,513.38,510.48,1,511.45,478.93,478.93,478.93,1,2020-10-08,0,,,54,,
2020-12-30,514.21,515.51,507.34,511.4,21365141,388.83,472.18,12.22,65.12,479.1,483.16,515.51,513.38,0,,,479.1,479.1,1,2020-10-08,0,,,54,,
2020-12-31,512.71,520.83,509.22,517.49,27817770,390.09,472.18,12.17,67.29,483.06,484.73,520.83,515.51,1,517.49,483.06,483.06,483.06,1,2020-10-08,0,,,54,,
2021-01-01,517.98,519.38,508.84,510.19,13592625,391.24,472.18,12.06,62.29,478.43,485.69,520.83,520.83,0,,,478.43,483.06,1,2020-10-08,0,,,54,,
2021-01-04,514.83,517.45,507.1,514.25,16549750,392.37,472.18,11.94,63.9,481.13,487.4,520.83,520.83,0,,,481.13,483.06,1,2020-10-08,0,,,54,,
2021-01-05,509.37,522.23,505.84,519.62,23311516,393.59,472.18,12.25,65.96,484.38,489.23,522.23,520.83,0,,,484.38,484.38,1,2020-10-08,0,,,54,,
2021-01-06,521.07,532.53,518.27,528.76,28178838,394.82,472.18,12.4,69.19,490.18,491.76,532.53,522.23,1,528.76,490.18,490.18,490.18,1,2020-10-08,0,,,54,,
2021-01-07,534.03,536.21,522.04,523.35,21138034,395.98,472.18,12.52,65.25,486.61,493.79,536.21,532.53,0,,,486.61,490.18,1,2020-10-08,0,,,54,,
2021-01-08,529.05,529.15,518.75,524.26,21937965,397.23,472.18,12.37,65.6,487.29,496.03,536.21,536.21,0,,,487.29,490.18,1,2020-10-08,0,,,54,,
2021-01-11,527.26,528.08,517.45,526.83,19394393,398.47,472.18,12.25,66.64,489.03,498.26,536.21,536.21,0,,,489.03,490.18,1,2020-10-08,0,,,54,,
2021-01-12,523.25,532.58,519.48,530.02,16388310,399.8,473.05,12.31,67.93,491.34,500.67,536.21,536.21,0,,,491.34,491.34,1,2020-10-08,0,,,54,,
2021-01-13,533.4,542.59,530.26,538.24,21920297,401.17,480.26,12.33,71.04,499.03,502.97,542.59,536.21,1,538.24,499.03,499.03,499.03,1,2020-10-08,0,,,54,,
2021-01-14,535.87,540.13,532.53,535.14,13330898,402.6,488.53,11.99,68.35,500.02,505.32,542.59,542.59,0,,,500.02,500.02,1,2020-10-08,0,,,54,,
2021-01-15,531.95,532.92,523.73,525.18,15708956,403.89,496.75,11.95,60.42,496.36,507.29,542.59,542.59,0,,,496.36,500.02,1,2020-10-08,0,,,54,,
2021-01-18,526.63,530.41,511.55,515.66,21580313,405.13,500.86,12.44,53.98,491.26,508.3,542.59,542.59,0,,,491.26,500.02,1,2020-10-08,0,,,54,,
2021-01-19,521.31,529.78,516.38,528.52,20575358,406.38,505.84,12.56,60.16,501.13,509.46,542.59,542.59,0,,,501.13,501.13,1,2020-10-08,0,,,54,,
2021-01-20,528.52,536.4,528.08,532.92,16097138,407.59,505.84,12.26,62.04,504.17,510.83,542.59,542.59,0,,,504.17,504.17,1,2020-10-08,0,,,54,,
2021-01-21,536.79,542.59,531.66,534.56,18189277,408.78,505.84,12.16,62.74,505.3,512.16,542.59,542.59,0,,,505.3,505.3,1,2020-10-08,0,,,54,,
2021-01-22,534.95,535.34,513.19,516.28,24515997,409.8,505.84,12.88,51.3,493.03,513.02,542.59,542.59,0,,,493.03,505.3,1,2020-10-08,0,,,54,,
2021-01-25,518.94,524.51,513.77,520.4,23415249,411.02,505.84,12.72,53.37,495.79,513.75,542.59,542.59,0,,,495.79,505.3,1,2020-10-08,0,,,54,,
2021-01-27,520.15,521.51,502.07,505.21,28049286,412.13,502.07,13.2,45.68,484.41,513.64,542.59,542.59,0,,,484.41,505.3,1,2020-10-08,1,505.3,TRAILING_STOP,54,77,34.82
2021-01-28,497.71,512.46,495.2,510.92,29836591,413.28,495.2,13.49,48.67,485.61,513.97,542.59,542.59,0,,,485.61,,0,,0,,,,,
2021-01-29,515.85,527.07,512.08,519.38,33172808,414.53,495.2,13.68,52.82,490.94,514.76,542.59,542.59,0,,,490.94,,0,,0,,,,,
2021-02-01,533.89,589.45,532.92,583.99,69354326,416.16,495.2,17.71,71.66,529.93,517.77,589.45,542.59,1,583.99,529.93,529.93,529.93,1,2021-02-01,0,,,55,,
2021-02-02,592.89,603.53,579.06,597.09,42362384,417.79,495.2,18.19,73.93,538.06,521.0,603.53,589.45,0,,,538.06,538.06,1,2021-02-01,0,,,55,,
2021-02-03,602.94,606.91,593.85,601.93,27155908,419.47,495.2,17.83,74.74,541.43,525.12,606.91,603.53,0,,,541.43,541.43,1,2021-02-01,0,,,55,,
2021-02-04,598.5,610.92,589.02,607.68,29982222,421.19,495.2,18.12,75.7,544.94,529.25,610.92,606.91,1,607.68,544.94,544.94,544.94,1,2021-02-01,0,,,55,,
2021-02-05,607.68,614.45,590.95,594.0,32015570,422.82,495.2,18.5,68.97,535.86,532.81,614.45,610.92,0,,,535.86,544.94,1,2021-02-01,0,,,55,,
2021-02-08,601.93,613.15,601.93,608.94,18230551,424.45,495.2,18.55,71.91,545.47,536.56,614.45,614.45,0,,,545.47,545.47,1,2021-02-01,0,,,55,,
2021-02-09,610.63,622.1,607.97,612.57,27155615,426.16,495.2,18.23,72.59,548.02,540.21,622.1,614.45,0,,,548.02,548.02,1,2021-02-01,0,,,55,,
2021-02-10,612.57,617.26,605.85,611.41,23967387,427.84,495.2,17.75,71.99,547.6,543.54,622.1,622.1,0,,,547.6,548.02,1,2021-02-01,0,,,55,,
2021-02-11,606.18,612.81,603.62,609.96,16072702,429.59,495.2,17.13,71.2,547.07,546.83,622.1,622.1,0,,,547.07,548.02,1,2021-02-01,0,,,55,,
2021-02-12,609.23,628.58,608.75,626.35,19049709,431.48,495.2,17.33,74.59,557.51,550.45,628.58,622.1,1,626.35,557.51,557.51,557.51,1,2021-02-01,0,,,55,,
2021-02-15,633.51,654.59,630.61,651.84,27155194,433.6,495.2,18.11,78.78,573.43,555.18,654.59,628.58,0,,,573.43,573.43,1,2021-02-01,0,,,55,,
2021-02-16,651.3,657.11,628.24,636.75,24966739,435.62,495.2,18.88,71.29,563.19,559.26,657.11,654.59,0,,,563.19,573.43,1,2021-02-01,0,,,55,,
2021-02-17,633.31,643.13,628.04,635.78,21684753,437.63,495.2,18.61,70.82,562.74,563.13,657.11,657.11,0,,,562.74,573.43,1,2021-02-01,0,,,55,,
2021-02-18,628.67,630.99,616.68,623.5,27845347,439.51,512.08,18.64,65.02,560.42,566.29,657.11,657.11,0,,,560.42,573.43,1,2021-02-01,0,,,55,,
2021-02-19,614.65,614.65,598.69,603.57,24055811,441.19,532.92,19.08,56.88,554.22,568.96,657.11,657.11,0,,,554.22,573.43,1,2021-02-01,0,,,55,,
2021-02-22,601.59,608.65,587.37,589.84,27092321,442.68,579.06,19.24,52.05,560.64,571.15,657.11,657.11,0,,,560.64,573.43,1,2021-02-01,0,,,55,,
2021-02-23,594.58,602.61,589.07,596.08,23534585,444.2,587.37,18.83,53.96,567.71,573.46,657.11,657.11,0,,,567.71,573.43,1,2021-02-01,0,,,55,,
2021-02-24,594.92,623.84,594.92,620.06,17762047,445.8,587.37,19.55,60.49,582.69,576.46,657.11,657.11,0,,,582.69,582.69,1,2021-02-01,0,,,55,,
2021-02-25,621.61,627.12,605.75,607.39,38571809,447.39,587.37,19.68,55.98,574.44,578.76,657.11,657.11,0,,,574.44,582.69,1,2021-02-01,0,,,55,,
2021-02-26,594.82,594.82,571.51,578.14,57349273,448.93,571.51,20.84,47.21,549.51,580.2,657.11,657.11,0,,,549.51,582.69,1,2021-02-01,1,582.69,TRAILING_STOP,55,20,-0.22
2021-03-01,587.61,591.77,580.51,588.39,21527318,450.58,571.51,20.32,50.16,556.47,582.3,657.11,657.11,0,,,556.47,,0,,0,,,,,
2021-03-02,589.98,596.27,579.35,590.47,24051433,452.26,571.51,20.08,50.76,557.97,584.8,657.11,657.11,0,,,557.97,,0,,0,,,,,
2021-03-03,597.72,612.96,593.71,611.36,21036174,454.11,571.51,20.25,56.43,571.33,587.56,657.11,657.11,0,,,571.33,,0,,0,,,,,
2021-03-04,598.45,610.2,595.59,600.38,25057198,455.87,571.51,19.93,52.98,564.46,589.81,657.11,657.11,0,,,564.46,,0,,0,,,,,
2021-03-05,593.08,594.53,581.76,589.45,26645968,457.59,571.51,19.84,49.71,557.47,591.64,657.11,657.11,0,,,557.47,,0,,0,,,,,
2021-03-08,591.53,595.79,581.42,588.1,19632433,459.25,571.51,19.45,49.31,556.86,594.03,657.11,657.11,0,,,556.86,,0,,0,,,,,
2021-03-09,594.68,607.73,592.21,604.59,23056249,461.01,571.51,19.46,54.21,567.49,596.84,657.11,657.11,0,,,567.49,,0,,0,,,,,
2021-03-10,608.12,609.81,601.4,605.07,15838994,462.73,571.51,18.67,54.34,568.33,600.17,657.11,657.11,0,,,568.33,,0,,0,,,,,
2021-03-12,610.73,617.07,588.39,592.74,21757862,464.37,571.51,19.39,50.15,559.9,602.89,657.11,657.11,0,,,559.9,,0,,0,,,,,
2021-03-15,591.82,592.74,571.22,583.7,24347946,465.92,571.22,19.54,47.28,553.87,605.04,657.11,657.11,0,,,553.87,,0,,0,,,,,
2021-03-16,586.94,587.08,574.17,575.43,17925629,467.39,571.22,19.07,44.75,548.85,604.75,657.11,657.11,0,,,548.85,,0,,0,,,,,
2021-03-17,577.94,583.84,567.74,570.16,20214082,468.82,567.74,18.85,43.16,544.43,603.85,643.13,657.11,0,,,544.43,,0,,0,,,,,
2021-03-18,575.23,581.67,556.62,559.61,22776537,470.18,556.62,19.3,40.1,533.62,602.44,630.99,643.13,0,,,533.62,,0,,0,,,,,
2021-03-19,556.33,569.58,551.3,567.4,29162618,471.63,551.3,19.22,43.3,536.92,601.1,627.12,630.99,0,,,536.92,,0,,0,,,,,
2021-03-22,567.59,567.59,550.81,554.63,21755401,473.01,550.81,19.05,39.57,528.64,599.79,627.12,627.12,0,,,528.64,,0,,0,,,,,
2021-03-23,557.1,569.92,555.46,567.16,29486417,474.41,550.81,18.78,44.61,536.9,598.4,627.12,627.12,0,,,536.9,,0,,0,,,,,
2021-03-24,560.97,561.5,546.46,548.88,24434219,475.65,546.46,18.92,39.44,523.57,596.27,627.12,627.12,0,,,523.57,,0,,0,,,,,
2021-03-25,549.46,560.0,538.82,552.8,27170186,476.96,538.82,19.08,41.02,523.44,594.32,627.12,627.12,0,,,523.44,,0,,0,,,,,
2021-03-26,565.32,565.32,555.46,559.57,20724410,478.3,538.82,18.61,43.75,528.12,592.64,617.07,627.12,0,,,528.12,,0,,0,,,,,
2021-03-30,562.9,573.64,562.9,572.04,28011943,479.66,538.82,18.29,48.47,536.38,590.83,617.07,617.07,0,,,536.38,,0,,0,,,,,
2021-03-31,566.77,570.3,560.0,563.0,20119972,480.92,538.82,17.84,45.49,530.85,587.87,617.07,617.07,0,,,530.85,,0,,0,,,,,
2021-04-01,568.27,576.54,561.16,574.9,15631940,482.25,538.82,17.66,49.86,538.64,585.81,617.07,617.07,0,,,538.64,,0,,0,,,,,
2021-04-05,572.58,572.58,545.01,552.51,23260127,483.4,538.82,18.54,42.89,523.62,583.03,617.07,617.07,0,,,523.62,,0,,0,,,,,
2021-04-06,555.84,559.52,545.88,547.33,23284697,484.41,538.82,18.19,41.45,520.51,580.49,617.07,617.07,0,,,520.51,,0,,0,,,,,
2021-04-07,547.96,560.97,541.04,558.7,23984399,485.59,538.82,18.31,45.76,527.76,579.0,617.07,617.07,0,,,527.76,,0,,0,,,,,
2021-04-08,562.9,566.63,554.49,557.78,19262565,486.79,538.82,17.87,45.47,527.46,577.93,617.07,617.07,0,,,527.46,,0,,0,,,,,
2021-04-09,555.12,560.0,546.46,547.62,23239564,487.91,538.82,17.56,42.26,521.11,576.31,617.07,617.07,0,,,521.11,,0,,0,,,,,
2021-04-12,533.31,533.84,513.72,520.88,26601702,488.91,513.72,18.73,35.22,494.72,573.01,617.07,617.07,0,,,494.72,,0,,0,,,,,
2021-04-13,523.25,545.3,520.2,542.21,25445897,490.12,513.72,19.18,43.33,508.18,570.83,592.74,617.07,0,,,508.18,,0,,0,,,,,
2021-04-15,547.38,557.83,535.97,556.33,37614884,491.43,513.72,19.38,47.98,517.16,570.11,587.08,592.74,0,,,517.16,,0,,0,,,,,
2021-04-16,555.75,558.79,545.59,548.35,24045008,492.66,513.72,18.93,45.7,512.3,568.77,583.84,587.08,0,,,512.3,,0,,0,,,,,
2021-04-19,531.95,543.85,516.87,541.38,28526176,493.9,513.72,19.83,43.74,507.21,567.14,581.67,583.84,0,,,507.21,,0,,0,,,,,
2021-04-20,546.65,553.86,534.47,540.75,24425842,495.11,513.72,19.8,43.56,506.82,564.78,576.54,581.67,0,,,506.82,,0,,0,,,,,
2021-04-22,533.89,561.55,528.95,560.2,34942633,496.46,513.72,20.71,50.4,518.76,563.44,576.54,576.54,0,,,518.76,,0,,0,,,,,
2021-04-23,551.2,561.45,548.44,551.25,33749097,497.79,513.72,20.16,47.54,513.35,562.17,576.54,576.54,0,,,513.35,,0,,0,,,,,
2021-04-26,582.25,585.63,568.71,571.7,62584522,499.2,513.72,21.18,53.96,525.87,561.62,585.63,576.54,0,,,525.87,,0,,0,,,,,
2021-04-27,573.78,582.2,571.7,579.1,24239685,500.65,513.72,20.42,56.06,531.15,560.77,585.63,585.63,0,,,531.15,,0,,0,,,,,
2021-04-28,578.38,602.36,578.38,600.96,33292864,502.28,513.72,20.67,61.61,545.08,560.64,602.36,585.63,1,600.96,545.08,545.08,545.08,1,2021-04-28,0,,,56,,
2021-04-29,602.12,607.83,589.02,601.06,34537860,503.9,513.72,20.54,61.64,545.23,560.91,607.83,602.36,0,,,545.23,545.23,1,2021-04-28,0,,,56,,
2021-04-30,590.08,596.13,578.47,580.8,23653258,505.51,513.72,20.68,54.27,532.07,560.82,607.83,607.83,0,,,532.07,545.23,1,2021-04-28,0,,,56,,
2021-05-03,573.11,579.2,568.22,577.17,18010557,507.07,513.72,20.11,53.04,530.11,560.87,607.83,607.83,0,,,530.11,545.23,1,2021-04-28,0,,,56,,
2021-05-04,577.07,588.05,569.67,572.14,15115127,508.62,513.72,19.98,51.32,526.95,560.94,607.83,607.83,0,,,526.95,545.23,1,2021-04-28,0,,,56,,
2021-05-05,575.77,584.96,565.51,583.02,17253943,510.34,516.87,19.94,54.75,535.04,561.72,607.83,607.83,0,,,535.04,545.23,1,2021-04-28,0,,,56,,
2021-05-06,583.02,590.81,579.59,588.24,16949763,512.01,516.87,19.32,56.34,538.82,562.42,607.83,607.83,0,,,538.82,545.23,1,2021-04-28,0,,,56,,
2021-05-07,591.92,594.63,583.89,587.18,10941083,513.59,516.87,18.71,55.91,538.55,563.5,607.83,607.83,0,,,538.55,545.23,1,2021-04-28,0,,,56,,
2021-05-10,590.95,596.75,590.95,593.13,12060808,515.24,516.87,18.06,57.85,542.82,564.37,607.83,607.83,0,,,542.82,545.23,1,2021-04-28,0,,,56,,
2021-05-11,586.5,592.79,583.46,589.84,13818480,516.89,528.95,17.46,56.37,545.13,565.73,607.83,607.83,0,,,545.13,545.23,1,2021-04-28,0,,,56,,
2021-05-12,583.41,586.74,573.74,575.23,14785569,518.34,528.95,17.36,50.23,535.77,566.48,607.83,607.83,0,,,535.77,545.23,1,2021-04-28,0,,,56,,
2021-05-14,572.58,582.2,571.7,577.7,12675754,519.79,548.44,16.87,51.2,544.18,567.08,607.83,607.83,0,,,544.18,545.23,1,2021-04-28,0,,,56,,
2021-05-17,583.46,604.01,581.47,603.14,20453101,521.35,565.51,17.54,59.86,565.83,568.12,607.83,607.83,0,,,565.83,565.83,1,2021-04-28,0,,,56,,
2021-05-18,607.39,614.65,605.46,612.42,19242627,522.97,565.51,17.11,62.48,572.11,569.77,614.65,607.83,1,612.42,572.11,572.11,572.11,1,2021-04-28,0,,,56,,
2021-05-19,606.52,613.2,602.9,604.93,13911576,524.5,565.51,16.63,59.13,567.6,570.77,614.65,614.65,0,,,567.6,572.11,1,2021-04-28,0,,,56,,
2021-05-20,607.44,612.13,596.42,598.3,13900762,525.9,565.51,16.56,56.25,563.37,572.29,614.65,614.65,0,,,563.37,572.11,1,2021-04-28,0,,,56,,
2021-05-21,601.88,622.82,601.88,621.37,23975898,527.44,565.51,17.13,62.99,577.87,574.76,622.82,614.65,1,621.37,577.87,577.87,577.87,1,2021-04-28,0,,,56,,
2021-05-24,622.14,632.01,617.07,626.11,20323003,529.06,565.51,16.97,64.21,581.03,577.01,632.01,622.82,0,,,581.03,581.03,1,2021-04-28,0,,,56,,
2021-05-25,628.77,630.61,621.42,628.96,14884778,530.63,565.51,16.42,64.96,583.24,579.38,632.01,632.01,0,,,583.24,583.24,1,2021-04-28,0,,,56,,
2021-05-26,628.04,635.1,622.19,631.09,14487031,532.31,565.51,16.17,65.54,584.78,582.16,635.1,632.01,0,,,584.78,584.78,1,2021-04-28,0,,,56,,
2021-05-27,629.74,634.96,626.83,630.85,23349546,533.97,571.7,15.59,65.41,587.07,585.83,635.1,635.1,0,,,587.07,587.07,1,2021-04-28,0,,,56,,
2021-05-28,636.46,638.34,618.27,621.95,14191446,535.42,571.7,15.91,60.56,581.12,588.49,638.34,635.1,0,,,581.12,587.07,1,2021-04-28,0,,,56,,
2021-05-31,622.63,643.18,622.63,641.0,21786138,537.02,571.7,16.29,66.32,593.15,591.31,643.18,638.34,1,641.0,593.15,593.15,593.15,1,2021-04-28,0,,,56,,
2021-06-01,642.74,643.08,627.08,628.77,14123196,538.5,571.7,16.27,60.24,585.28,593.99,643.18,643.18,0,,,585.28,593.15,1,2021-04-28,0,,,56,,
2021-06-02,627.22,628.04,620.06,627.08,16025108,540.02,571.7,15.73,59.43,584.55,596.85,643.18,643.18,0,,,584.55,593.15,1,2021-04-28,0,,,56,,
2021-06-03,632.01,632.2,623.59,628.91,11805702,541.53,571.7,15.22,60.06,586.07,599.79,643.18,643.18,0,,,586.07,593.15,1,2021-04-28,0,,,56,,
2021-06-04,631.57,633.41,618.42,621.61,15111572,543.06,581.47,15.21,56.32,584.62,601.83,643.18,643.18,0,,,584.62,593.15,1,2021-04-28,0,,,56,,
2021-06-07,624.03,628.67,623.11,626.93,7556341,544.6,596.42,14.62,58.35,593.43,604.36,643.18,643.18,0,,,593.43,593.43,1,2021-04-28,0,,,56,,
2021-06-08,626.74,626.74,616.49,621.32,11912935,546.19,596.42,14.33,55.42,590.01,606.01,643.18,643.18,0,,,590.01,593.43,1,2021-04-28,0,,,56,,
2021-06-09,623.26,624.42,608.17,615.23,15823094,547.71,596.42,14.46,52.35,585.99,607.21,643.18,643.18,0,,,585.99,593.43,1,2021-04-28,0,,,56,,
2021-06-10,614.6,621.32,610.3,619.39,10712418,549.31,601.88,14.22,54.22,590.66,607.83,643.18,643.18,0,,,590.66,593.43,1,2021-04-28,0,,,56,,
2021-06-11,622.87,623.4,610.78,614.84,9015059,550.72,608.17,14.1,51.82,589.89,608.29,643.18,643.18,0,,,589.89,593.43,1,2021-04-28,0,,,56,,
2021-06-14,614.84,615.23,602.9,614.31,10170497,551.95,602.9,13.98,51.54,587.88,609.41,643.18,643.18,0,,,587.88,593.43,1,2021-04-28,0,,,56,,
2021-06-15,615.47,625.0,615.13,624.13,11039987,553.29,602.9,13.74,56.34,594.37,610.97,643.18,643.18,0,,,594.37,594.37,1,2021-04-28,0,,,56,,
2021-06-16,623.74,627.9,616.68,619.1,8601339,554.59,602.9,13.56,53.42,591.25,612.54,643.18,643.18,0,,,591.25,594.37,1,2021-04-28,0,,,56,,
2021-06-17,612.28,616.63,606.14,612.23,9720060,555.82,602.9,13.52,49.64,586.84,613.51,643.18,643.18,0,,,586.84,594.37,1,2021-04-28,0,,,56,,
2021-06-18,611.84,615.71,600.33,609.72,13820690,556.9,600.33,13.65,48.29,584.28,614.23,643.18,643.18,0,,,584.28,594.37,1,2021-04-28,0,,,56,,
2021-06-21,602.41,612.33,596.03,610.54,13407446,557.85,596.03,13.84,48.78,583.25,615.0,643.18,643.18,0,,,583.25,594.37,1,2021-04-28,0,,,56,,
2021-06-22,614.16,622.97,608.89,610.15,15270093,558.78,596.03,13.86,48.55,582.99,615.57,643.18,643.18,0,,,582.99,594.37,1,2021-04-28,0,,,56,,
2021-06-23,612.96,614.16,602.99,604.2,10950633,559.74,596.03,13.67,44.99,579.28,616.05,643.18,643.18,0,,,579.28,594.37,1,2021-04-28,0,,,56,,
2021-06-24,606.43,615.42,603.96,613.25,12815724,560.69,596.03,13.51,50.89,585.22,617.32,643.18,643.18,0,,,585.22,594.37,1,2021-04-28,0,,,56,,
2021-06-25,615.23,628.67,615.23,627.7,14785922,561.74,596.03,13.64,58.53,594.45,618.98,643.18,643.18,0,,,594.45,594.45,1,2021-04-28,0,,,56,,
2021-06-28,629.64,631.57,624.95,628.96,12093491,562.79,596.03,13.14,59.12,595.59,619.84,643.08,643.18,0,,,595.59,595.59,1,2021-04-28,0,,,56,,
2021-06-29,625.09,627.46,615.57,619.1,12225470,563.71,596.03,13.16,52.73,589.22,620.07,633.41,643.08,0,,,589.22,595.59,1,2021-04-28,0,,,56,,
2021-06-30,617.36,619.77,609.13,610.2,14276494,564.69,596.03,12.98,47.71,583.6,620.24,633.41,633.41,0,,,583.6,595.59,1,2021-04-28,0,,,56,,
2021-07-01,613.15,616.49,609.38,610.15,10517081,565.67,596.03,12.56,47.68,583.85,620.64,633.41,633.41,0,,,583.85,595.59,1,2021-04-28,0,,,56,,
2021-07-02,611.5,620.31,611.5,619.24,10999396,566.77,596.03,12.39,52.98,589.83,620.57,631.57,633.41,0,,,589.83,595.59,1,2021-04-28,0,,,56,,
2021-07-05,621.66,627.22,620.16,626.59,7358568,567.87,596.03,12.07,56.79,594.78,620.58,631.57,631.57,0,,,594.78,595.59,1,2021-04-28,0,,,56,,
2021-07-06,624.03,633.51,624.03,628.96,9209891,569.01,596.03,11.89,57.97,596.43,620.58,633.51,631.57,0,,,596.43,596.43,1,2021-04-28,0,,,56,,
2021-07-07,629.54,633.27,624.71,632.54,7741559,570.17,596.03,11.65,59.76,598.9,620.63,633.51,633.51,0,,,598.9,598.9,1,2021-04-28,0,,,56,,
2021-07-08,629.16,632.54,617.16,620.84,10782941,571.25,596.03,11.92,51.97,591.17,620.3,633.51,633.51,0,,,591.17,598.9,1,2021-04-28,0,,,56,,
2021-07-09,618.52,620.11,613.0,617.6,7069698,572.24,596.03,11.63,50.02,589.28,620.15,633.51,633.51,0,,,589.28,598.9,1,2021-04-28,0,,,56,,
2021-07-12,624.8,628.91,621.32,625.05,6992783,573.31,602.99,11.6,54.26,596.42,619.62,633.51,633.51,0,,,596.42,598.9,1,2021-04-28,0,,,56,,
2021-07-13,633.65,644.49,631.57,643.13,19825411,574.49,602.99,12.16,62.56,607.71,620.1,644.49,633.51,1,643.13,607.71,607.71,607.71,1,2021-04-28,0,,,56,,
2021-07-14,640.28,646.08,636.6,642.55,11648541,575.54,603.96,11.97,62.17,607.78,620.62,646.08,644.49,0,,,607.78,607.78,1,2021-04-28,0,,,56,,
2021-07-15,643.28,647.63,639.41,645.55,8244429,576.55,609.13,11.7,63.44,611.62,621.17,647.63,646.08,0,,,611.62,611.62,1,2021-04-28,0,,,56,,
2021-07-16,645.55,645.84,636.12,638.63,9212875,577.53,609.13,11.56,58.56,607.25,621.74,647.63,647.63,0,,,607.25,611.62,1,2021-04-28,0,,,56,,
2021-07-19,624.46,635.35,624.37,634.38,9121737,578.46,609.13,11.75,55.73,604.38,621.99,647.63,647.63,0,,,604.38,611.62,1,2021-04-28,0,,,56,,
2021-07-20,627.37,629.88,618.13,620.84,13169127,579.33,609.13,12.08,47.79,595.43,621.97,647.63,647.63,0,,,595.43,611.62,1,2021-04-28,0,,,56,,
2021-07-22,631.09,638.63,627.03,634.43,13123569,580.24,609.38,12.48,54.76,604.01,622.61,647.63,647.63,0,,,604.01,611.62,1,2021-04-28,0,,,56,,
2021-07-23,634.43,655.61,629.4,654.45,19298083,581.21,611.5,13.46,62.66,616.98,623.78,655.61,647.63,1,654.45,616.98,616.98,616.98,1,2021-04-28,0,,,56,,
2021-07-26,657.69,665.18,641.83,654.54,31054759,582.23,613.0,14.17,62.69,617.06,625.1,665.18,655.61,0,,,617.06,617.06,1,2021-04-28,0,,,56,,
2021-07-27,657.83,663.1,651.21,655.22,12598869,583.3,613.0,14.01,62.95,617.61,626.47,665.18,665.18,0,,,617.61,617.61,1,2021-04-28,0,,,56,,
2021-07-28,655.66,664.46,648.06,662.57,18367497,584.42,613.0,14.18,65.68,622.24,627.75,665.18,665.18,0,,,622.24,622.24,1,2021-04-28,0,,,56,,
2021-07-29,671.74,671.74,662.62,666.89,11043138,585.53,613.0,13.82,67.2,625.26,629.34,671.74,665.18,1,666.89,625.26,625.26,625.26,1,2021-04-28,0,,,56,,
2021-07-30,666.4,667.03,657.67,662.04,14536250,586.76,613.0,13.5,63.77,622.35,631.0,671.74,671.74,0,,,622.35,625.26,1,2021-04-28,0,,,56,,
2021-08-02,663.54,667.42,657.38,660.97,9348206,587.94,618.13,13.25,63.01,623.53,632.71,671.74,671.74,0,,,623.53,625.26,1,2021-04-28,0,,,56,,
2021-08-03,662.52,671.16,656.36,669.7,10162609,589.16,618.13,13.37,66.53,629.09,634.68,671.74,671.74,0,,,629.09,629.09,1,2021-04-28,0,,,56,,
2021-08-04,673.19,695.89,672.42,693.22,28730606,590.47,618.13,14.28,73.78,643.65,637.45,695.89,671.74,1,693.22,643.65,643.65,643.65,1,2021-04-28,0,,,56,,
2021-08-05,694.05,695.02,678.09,681.39,17774554,591.66,618.13,14.47,66.03,635.89,640.02,695.89,695.89,0,,,635.89,643.65,1,2021-04-28,0,,,56,,
2021-08-06,683.91,684.83,674.84,676.73,14701949,592.76,618.13,14.15,63.22,633.1,642.14,695.89,695.89,0,,,633.1,643.65,1,2021-04-28,0,,,56,,
2021-08-09,676.49,685.12,673.53,681.78,8602980,593.89,618.13,13.97,64.96,636.48,643.94,695.89,695.89,0,,,636.48,643.65,1,2021-04-28,0,,,56,,
2021-08-10,682.99,687.06,676.39,679.89,10843554,594.98,618.13,13.73,63.74,635.42,645.64,695.89,695.89,0,,,635.42,643.65,1,2021-04-28,0,,,56,,
2021-08-11,685.08,685.95,669.31,672.76,9748084,596.06,627.03,13.94,59.23,633.65,647.43,695.89,695.89,0,,,633.65,643.65,1,2021-04-28,0,,,56,,
2021-08-12,672.71,681.88,672.51,680.32,8840339,597.17,629.4,13.61,62.28,639.53,649.76,695.89,695.89,0,,,639.53,643.65,1,2021-04-28,0,,,56,,
2021-08-13,685.85,688.62,679.98,683.67,12787590,598.26,641.83,13.26,63.58,646.07,652.22,695.89,695.89,0,,,646.07,646.07,1,2021-04-28,0,,,56,,
2021-08-16,681.34,686.19,677.7,681.58,7920846,599.28,648.06,12.92,62.14,647.03,654.29,695.89,695.89,0,,,647.03,647.03,1,2021-04-28,0,,,56,,
2021-08-17,678.82,681.83,670.77,680.18,8669653,600.33,648.06,12.78,61.14,646.21,656.08,695.89,695.89,0,,,646.21,647.03,1,2021-04-28,0,,,56,,
2021-08-18,679.84,679.84,663.11,667.66,11069373,601.28,656.36,13.09,52.95,640.7,657.37,695.89,695.89,0,,,640.7,647.03,1,2021-04-28,0,,,56,,
2021-08-20,663.35,663.88,655.1,660.29,13121808,602.17,655.1,13.05,48.8,635.55,658.3,695.89,695.89,0,,,635.55,647.03,1,2021-04-28,0,,,56,,
2021-08-23,669.26,669.26,653.65,662.23,10917371,603.05,653.65,13.24,49.92,636.2,659.67,695.89,695.89,0,,,636.2,647.03,1,2021-04-28,0,,,56,,
2021-08-24,662.77,676.35,660.0,673.63,9821388,603.96,653.65,13.46,55.97,643.4,661.54,695.89,695.89,0,,,643.4,647.03,1,2021-04-28,0,,,56,,
2021-08-25,678.97,679.45,666.55,670.33,9535359,604.86,653.65,13.42,53.94,641.3,663.05,695.89,695.89,0,,,641.3,647.03,1,2021-04-28,0,,,56,,
2021-08-26,671.3,680.52,669.31,677.85,10756731,605.88,653.65,13.26,57.7,646.26,664.21,695.89,695.89,0,,,646.26,647.03,1,2021-04-28,0,,,56,,
2021-08-27,675.23,679.45,668.39,678.77,9135827,606.96,653.65,13.1,58.15,646.95,665.42,695.89,695.89,0,,,646.95,647.03,1,2021-04-28,0,,,56,,
2021-08-30,683.38,693.56,679.89,692.25,10797869,608.05,653.65,13.22,64.18,655.57,666.97,695.89,695.89,0,,,655.57,655.57,1,2021-04-28,0,,,56,,
2021-08-31,692.59,698.32,688.08,697.49,19760246,609.15,653.65,13.01,66.21,659.09,668.94,698.32,695.89,1,697.49,659.09,659.09,659.09,1,2021-04-28,0,,,56,,
2021-09-01,705.79,712.77,695.7,698.32,13729351,610.24,653.65,13.3,66.54,659.43,671.07,712.77,698.32,0,,,659.43,659.43,1,2021-04-28,0,,,56,,
2021-09-02,700.65,706.22,695.99,703.41,8627956,611.49,653.65,13.08,68.53,662.86,673.82,712.77,712.77,0,,,662.86,662.86,1,2021-04-28,0,,,56,,
2021-09-03,703.02,709.86,699.48,702.59,8993813,612.71,653.65,12.89,67.83,662.46,676.09,712.77,712.77,0,,,662.46,662.86,1,2021-04-28,0,,,56,,
2021-09-06,703.65,706.17,698.41,699.53,5329995,614.0,653.65,12.52,65.15,660.73,677.59,712.77,712.77,0,,,660.73,662.86,1,2021-04-28,0,,,56,,
2021-09-07,699.29,700.79,690.31,695.41,6242711,615.23,653.65,12.38,61.62,658.17,678.96,712.77,712.77,0,,,658.17,662.86,1,2021-04-28,0,,,56,,
2021-09-08,695.02,701.08,693.56,699.34,7118011,616.43,653.65,12.03,63.64,660.94,680.43,712.77,712.77,0,,,660.94,662.86,1,2021-04-28,0,,,56,,
2021-09-09,699.19,702.2,696.09,698.66,6243422,617.19,653.65,11.61,63.02,660.78,681.63,712.77,712.77,0,,,660.78,662.86,1,2021-04-28,0,,,56,,
2021-09-13,696.38,696.38,684.06,686.19,6967906,617.79,653.65,11.82,52.86,652.6,682.27,712.77,712.77,0,,,652.6,662.86,1,2021-04-28,0,,,56,,
2021-09-14,691.87,692.59,685.32,686.24,5241865,618.35,660.0,11.5,52.9,654.96,683.08,712.77,712.77,0,,,654.96,662.86,1,2021-04-28,0,,,56,,
2021-09-15,685.9,694.53,685.12,692.93,5936741,618.92,666.55,11.35,57.19,661.56,684.14,712.77,712.77,0,,,661.56,662.86,1,2021-04-28,0,,,56,,
2021-09-16,698.41,707.53,691.48,705.4,13557169,619.66,668.39,11.68,63.81,669.99,685.33,712.77,712.77,0,,,669.99,669.99,1,2021-04-28,0,,,56,,
2021-09-17,710.93,712.38,692.59,698.56,17075003,620.26,668.39,12.26,58.47,665.19,685.51,712.77,712.77,0,,,665.19,669.99,1,2021-04-28,0,,,56,,
2021-09-20,688.71,698.8,685.32,688.71,7943459,620.77,679.89,12.35,51.75,662.62,685.76,712.77,712.77,0,,,662.62,669.99,1,2021-04-28,0,,,56,,
2021-09-21,689.83,693.08,673.58,690.51,10009615,621.29,673.58,12.86,52.82,661.33,686.22,712.77,712.77,0,,,661.33,669.99,1,2021-04-28,0,,,56,,
2021-09-22,693.56,693.56,681.2,682.26,9740470,621.78,673.58,12.82,47.62,656.04,686.23,712.77,712.77,0,,,656.04,669.99,1,2021-04-28,0,,,56,,
2021-09-23,689.68,698.41,685.95,695.5,10412491,622.24,673.58,13.06,55.23,664.42,686.75,712.77,712.77,0,,,664.42,669.99,1,2021-04-28,0,,,56,,
2021-09-24,700.94,702.88,695.07,701.28,11780868,622.57,673.58,12.69,58.1,668.39,687.7,712.77,712.77,0,,,668.39,669.99,1,2021-04-28,0,,,56,,
2021-09-27,702.78,709.81,700.65,708.11,7712240,623.04,673.58,12.43,61.25,672.97,688.63,712.77,712.77,0,,,672.97,672.97,1,2021-04-28,0,,,56,,
2021-09-28,712.09,713.35,685.42,695.65,13491800,623.44,673.58,13.54,53.36,664.19,689.03,713.35,712.77,0,,,664.19,672.97,1,2021-04-28,0,,,56,,
2021-09-29,686.14,690.61,680.27,688.23,11453404,623.87,673.58,13.67,49.29,659.32,689.25,713.35,713.35,0,,,659.32,672.97,1,2021-04-28,0,,,56,,
2021-09-30,688.33,692.5,677.85,679.84,18487517,624.38,673.58,13.74,45.1,653.86,689.24,713.35,713.35,0,,,653.86,672.97,1,2021-04-28,0,,,56,,
2021-10-01,672.22,674.02,667.28,671.59,10935810,624.93,667.28,13.66,41.37,646.5,689.37,713.35,713.35,0,,,646.5,672.97,1,2021-04-28,1,672.97,TRAILING_STOP,56,109,11.98
2021-10-04,676.15,682.26,673.24,679.21,8976533,625.48,667.28,13.44,45.82,651.55,690.0,713.35,713.35,0,,,651.55,,0,,0,,,,,
2021-10-05,672.22,678.04,671.11,676.2,7497208,625.86,667.28,13.06,44.39,649.87,690.47,713.35,713.35,0,,,649.87,,0,,0,,,,,
2021-10-06,675.72,683.86,667.71,668.83,13200810,626.26,667.28,13.28,41.01,644.97,690.31,713.35,713.35,0,,,644.97,,0,,0,,,,,
2021-10-07,676.64,683.82,672.66,681.15,10041549,626.95,667.28,13.41,48.12,652.83,690.67,713.35,713.35,0,,,652.83,,0,,0,,,,,
2021-10-08,684.83,688.71,677.36,682.31,9383924,627.58,667.28,13.26,48.75,653.68,690.82,713.35,713.35,0,,,653.68,,0,,0,,,,,
2021-10-11,680.95,697.83,679.3,691.91,9337637,628.25,667.28,13.63,53.73,659.62,691.25,713.35,713.35,0,,,659.62,,0,,0,,,,,
2021-10-12,685.32,691.62,683.28,687.36,7376091,628.76,667.28,13.28,51.19,656.92,691.09,713.35,713.35,0,,,656.92,,0,,0,,,,,
2021-10-13,692.45,694.44,686.73,688.67,6357766,629.35,667.28,12.88,51.9,658.03,690.8,713.35,713.35,0,,,658.03,,0,,0,,,,,
2021-10-14,688.96,707.92,687.79,705.5,8950350,630.12,667.28,13.4,59.91,668.54,691.04,713.35,713.35,0,,,668.54,,0,,0,,,,,
2021-10-18,716.84,726.45,710.1,723.1,15345601,631.02,667.28,13.94,66.25,679.53,691.69,726.45,713.35,1,723.1,679.53,679.53,679.53,1,2021-10-18,0,,,57,,
2021-10-19,732.36,732.36,716.6,725.04,11349799,631.83,667.28,14.07,66.87,680.7,692.44,732.36,726.45,0,,,680.7,680.7,1,2021-10-18,0,,,57,,
2021-10-20,724.36,734.74,719.66,723.49,12762996,632.62,667.28,14.14,65.82,679.65,693.24,734.74,732.36,0,,,679.65,680.7,1,2021-10-18,0,,,57,,
2021-10-21,726.45,737.07,715.29,732.85,12166996,633.55,667.28,14.69,68.97,685.32,694.49,737.07,734.74,0,,,685.32,685.32,1,2021-10-18,0,,,57,,
2021-10-22,735.76,742.89,730.76,736.54,13248928,634.57,667.28,14.5,70.14,687.83,695.73,742.89,737.07,0,,,687.83,687.83,1,2021-10-18,0,,,57,,
2021-10-25,776.02,841.01,774.46,816.47,96124084,636.18,667.71,20.93,84.09,735.24,699.65,841.01,742.89,1,816.47,735.24,735.24,735.24,1,2021-10-18,0,,,57,,
2021-10-26,803.86,816.47,797.7,804.53,16925115,637.74,667.71,20.77,78.21,727.64,703.6,841.01,841.01,0,,,727.64,735.24,1,2021-10-18,0,,,57,,
2021-10-27,803.9,823.55,799.49,809.97,22898400,639.41,667.71,21.01,78.94,730.99,707.72,841.01,841.01,0,,,730.99,735.24,1,2021-10-18,0,,,57,,
2021-10-28,805.21,807.01,772.38,774.75,18750423,640.79,672.66,22.19,64.11,709.14,710.45,841.01,841.01,0,,,709.14,735.24,1,2021-10-18,0,,,57,,
2021-10-29,774.08,784.5,760.4,778.0,15701200,642.28,677.36,22.33,64.77,712.71,712.87,841.01,841.01,0,,,712.71,735.24,1,2021-10-18,0,,,57,,
2021-11-01,783.48,785.42,769.23,779.8,11406421,643.7,679.3,21.89,65.15,714.81,715.58,841.01,841.01,0,,,714.81,735.24,1,2021-10-18,0,,,57,,
2021-11-02,784.75,785.72,774.08,776.94,9452457,645.22,683.28,21.16,63.96,714.78,718.52,841.01,841.01,0,,,714.78,735.24,1,2021-10-18,0,,,57,,
2021-11-03,781.84,781.84,757.05,762.39,11839149,646.61,686.73,21.42,58.17,706.37,720.92,841.01,841.01,0,,,706.37,735.24,1,2021-10-18,0,,,57,,
2021-11-04,764.86,765.35,755.65,758.65,3149310,647.94,687.79,20.58,56.75,704.87,723.46,841.01,841.01,0,,,704.87,735.24,1,2021-10-18,0,,,57,,
2021-11-08,769.23,769.23,749.97,756.76,13967995,649.17,710.1,20.49,56.01,711.15,725.5,841.01,841.01,0,,,711.15,735.24,1,2021-10-18,0,,,57,,
2021-11-09,760.5,764.96,755.84,762.97,10084357,650.51,715.29,19.68,57.96,717.43,727.56,841.01,841.01,0,,,717.43,735.24,1,2021-10-18,0,,,57,,
2021-11-10,759.09,760.79,749.92,757.49,9507347,651.72,715.29,19.2,55.61,714.21,729.21,841.01,841.01,0,,,714.21,735.24,1,2021-10-18,0,,,57,,
2021-11-11,753.41,753.71,743.13,748.32,9221059,653.03,715.29,18.86,51.83,708.53,730.96,841.01,841.01,0,,,708.53,735.24,1,2021-10-18,0,,,57,,
2021-11-12,749.53,756.52,748.08,753.32,15380106,654.4,730.76,18.11,53.68,717.4,733.13,841.01,841.01,0,,,717.4,735.24,1,2021-10-18,0,,,57,,
2021-11-15,753.71,761.03,748.42,750.12,10934583,655.68,743.13,17.72,52.3,719.72,735.47,841.01,841.01,0,,,719.72,735.24,1,2021-10-18,0,,,57,,
2021-11-16,750.12,752.49,739.15,741.14,12785837,656.9,739.15,17.41,48.52,712.81,737.79,841.01,841.01,0,,,712.81,735.24,1,2021-10-18,0,,,57,,
2021-11-17,738.09,748.81,733.63,738.48,11657214,658.17,733.63,17.25,47.43,709.36,739.77,841.01,841.01,0,,,709.36,735.24,1,2021-10-18,1,735.24,TRAILING_STOP,57,22,1.68
2021-11-18,741.97,744.49,733.72,740.03,20644385,659.63,733.63,16.78,48.16,710.67,741.9,841.01,841.01,0,,,710.67,,0,,0,,,,,
2021-11-22,745.27,747.35,718.06,729.45,20403786,660.88,718.06,17.68,43.68,698.06,743.92,841.01,841.01,0,,,698.06,,0,,0,,,,,
2021-11-23,718.74,735.23,709.28,729.31,24913042,662.03,709.28,18.27,43.62,694.65,745.52,841.01,841.01,0,,,694.65,,0,,0,,,,,
2021-11-24,727.76,749.1,724.31,737.41,23186419,663.29,709.28,18.73,47.92,699.57,747.36,823.55,841.01,0,,,699.57,,0,,0,,,,,
2021-11-25,732.27,732.32,722.96,728.53,17749726,664.54,709.28,18.43,43.96,694.04,748.58,823.55,823.55,0,,,694.04,,0,,0,,,,,
2021-11-26,716.84,719.8,697.06,700.55,18987552,665.61,697.06,19.36,34.35,671.3,749.02,807.01,823.55,0,,,671.3,,0,,0,,,,,
2021-11-29,704.96,705.93,689.2,696.86,15878074,666.52,689.2,19.17,33.31,666.43,749.29,785.72,807.01,0,,,666.43,,0,,0,,,,,
2021-11-30,695.26,710.35,689.78,692.93,23965914,667.46,689.2,19.27,32.2,663.83,748.87,785.72,785.72,0,,,663.83,,0,,0,,,,,
2021-12-01,694.92,710.78,693.56,705.88,15214913,668.36,689.2,19.17,39.39,672.25,748.3,785.72,785.72,0,,,672.25,,0,,0,,,,,
2021-12-02,702.88,705.3,693.76,700.74,21924640,669.17,689.2,18.67,37.68,669.27,747.49,781.84,785.72,0,,,669.27,,0,,0,,,,,
2021-12-03,698.9,707.63,693.66,694.83,20130259,669.79,689.2,18.33,35.76,665.68,746.53,769.23,781.84,0,,,665.68,,0,,0,,,,,
2021-12-06,697.44,705.01,686.29,688.28,20129080,670.38,686.29,18.36,33.71,660.46,745.05,769.23,769.23,0,,,660.46,,0,,0,,,,,
2021-12-07,695.5,718.74,690.65,712.62,30513303,671.26,686.29,19.22,46.08,675.59,744.25,764.96,769.23,0,,,675.59,,0,,0,,,,,
2021-12-08,725.48,736.05,721.79,730.81,33432411,672.28,686.29,19.52,53.11,687.12,741.4,761.03,764.96,0,,,687.12,,0,,0,,,,,
2021-12-09,736.29,740.12,725.96,732.36,16007459,673.35,686.29,19.14,53.67,688.38,738.99,761.03,761.03,0,,,688.38,,0,,0,,,,,
2021-12-10,733.82,737.02,728.53,735.27,7627774,674.36,686.29,18.38,54.75,690.76,736.5,761.03,761.03,0,,,690.76,,0,,0,,,,,
2021-12-13,740.12,746.62,729.94,731.39,16855546,675.32,686.29,18.26,52.97,688.34,735.05,761.03,761.03,0,,,688.34,,0,,0,,,,,
2021-12-14,728.53,741.43,723.93,735.91,17488089,676.31,686.29,18.2,54.81,691.29,733.65,752.49,761.03,0,,,691.29,,0,,0,,,,,
2021-12-15,734.89,736.73,728.39,729.7,7358740,677.22,686.29,17.5,51.81,687.75,731.98,749.1,752.49,0,,,687.75,,0,,0,,,,,
2021-12-16,735.18,735.18,716.8,718.93,14123215,678.08,686.29,17.56,47.01,680.76,730.05,749.1,749.1,0,,,680.76,,0,,0,,,,,
2021-12-17,719.75,719.75,704.28,706.47,13227787,678.95,686.29,17.41,42.14,672.83,728.18,749.1,749.1,0,,,672.83,,0,,0,,,,,
2021-12-20,696.57,698.61,677.27,688.67,16900016,679.69,677.27,18.26,36.35,657.78,725.85,749.1,749.1,0,,,657.78,,0,,0,,,,,
2021-12-21,698.41,707.1,694.68,698.75,14563335,680.33,677.27,18.27,41.27,664.27,723.92,749.1,749.1,0,,,664.27,,0,,0,,,,,
2021-12-22,704.48,712.92,698.46,710.83,9843359,680.99,677.27,18.0,46.6,672.24,722.18,746.62,749.1,0,,,672.24,,0,,0,,,,,
2021-12-23,716.89,717.33,706.13,709.38,9994049,681.68,677.27,17.51,46.06,671.63,720.58,746.62,746.62,0,,,671.63,,0,,0,,,,,
2021-12-24,711.9,711.9,698.03,705.3,8800690,682.4,677.27,17.25,44.5,669.18,719.14,746.62,746.62,0,,,669.18,,0,,0,,,,,
2021-12-27,702.29,716.6,694.63,713.93,7955163,683.01,677.27,17.59,48.48,674.52,717.83,746.62,746.62,0,,,674.52,,0,,0,,,,,
2021-12-28,718.2,720.19,710.54,713.74,17833655,683.6,677.27,17.02,48.4,674.77,716.62,746.62,746.62,0,,,674.77,,0,,0,,,,,
2021-12-29,715.87,722.62,709.96,713.64,7143073,684.16,677.27,16.71,48.35,674.92,715.7,746.62,746.62,0,,,674.92,,0,,0,,,,,
2021-12-30,711.32,718.3,707.14,713.64,14326182,684.71,677.27,16.31,48.35,675.18,714.87,746.62,746.62,0,,,675.18,,0,,0,,,,,
2021-12-31,714.47,723.88,714.47,717.96,6973055,685.29,677.27,15.88,50.73,678.25,714.14,746.62,746.62,0,,,678.25,,0,,0,,,,,
2022-01-03,720.77,743.04,720.72,741.77,9653095,686.09,677.27,16.54,61.29,693.17,714.55,746.62,746.62,0,,,693.17,,0,,0,,,,,
2022-01-04,744.93,754.68,740.71,749.68,12114437,686.82,677.27,16.35,64.05,698.4,715.23,754.68,746.62,1,749.68,698.4,698.4,698.4,1,2022-01-04,0,,,58,,
2022-01-05,749.83,771.99,748.08,764.42,19741360,687.72,677.27,16.89,68.55,707.55,716.13,771.99,754.68,0,,,707.55,707.55,1,2022-01-04,0,,,58,,
2022-01-06,751.81,768.74,750.8,761.51,13018067,688.62,677.27,16.97,66.77,705.62,717.22,771.99,771.99,0,,,705.62,707.55,1,2022-01-04,0,,,58,,
2022-01-07,768.45,778.25,762.68,769.47,12250210,689.56,677.27,16.95,69.13,710.76,719.52,778.25,771.99,0,,,710.76,710.76,1,2022-01-04,0,,,58,,
2022-01-10,776.26,788.43,775.05,786.44,10905080,690.65,694.63,17.09,73.45,727.4,722.51,788.43,778.25,1,786.44,727.4,727.4,727.4,1,2022-01-04,0,,,58,,
2022-01-11,785.47,790.27,777.86,786.35,9982061,691.72,694.63,16.76,73.39,727.57,725.62,790.27,788.43,0,,,727.57,727.57,1,2022-01-04,0,,,58,,
2022-01-12,794.06,800.7,787.7,799.05,13034848,692.9,694.63,16.59,76.27,735.87,728.73,800.7,790.27,1,799.05,735.87,735.87,735.87,1,2022-01-04,0,,,58,,
2022-01-13,796.39,803.18,792.89,799.98,9372244,694.13,694.63,16.14,76.47,736.77,732.04,803.18,800.7,0,,,736.77,736.77,1,2022-01-04,0,,,58,,
2022-01-14,796.39,797.36,787.27,795.42,7552844,695.31,694.63,15.89,73.2,733.99,735.39,803.18,803.18,0,,,733.99,736.77,1,2022-01-04,0,,,58,,
2022-01-17,795.42,804.05,790.13,794.74,6722700,696.51,707.14,15.75,72.7,737.82,738.94,804.05,803.18,0,,,737.82,737.82,1,2022-01-04,0,,,58,,
2022-01-18,796.39,810.94,793.67,798.42,10835146,697.73,707.14,15.86,73.74,740.12,741.8,810.94,804.05,0,,,740.12,740.12,1,2022-01-04,0,,,58,,
2022-01-19,791.54,796.39,779.17,784.36,16416144,698.8,707.14,16.1,63.72,730.89,743.58,810.94,810.94,0,,,730.89,740.12,1,2022-01-04,0,,,58,,
2022-01-20,778.93,788.58,771.55,785.96,13567654,699.91,714.47,16.17,64.31,734.32,745.37,810.94,810.94,0,,,734.32,740.12,1,2022-01-04,0,,,58,,
2022-01-21,778.93,787.03,771.65,780.38,12078277,701.04,720.72,16.11,60.58,732.84,746.87,810.94,810.94,0,,,732.84,740.12,1,2022-01-04,0,,,58,,
2022-01-24,788.63,792.22,759.82,774.51,29612316,702.13,740.71,17.28,56.85,734.94,748.31,810.94,810.94,0,,,734.94,740.12,1,2022-01-04,0,,,58,,
2022-01-25,765.35,780.19,762.48,777.62,19513184,703.25,748.08,17.31,58.31,739.39,749.7,810.94,810.94,0,,,739.39,740.12,1,2022-01-04,0,,,58,,
2022-01-27,763.31,777.47,757.63,770.83,23984679,704.32,750.8,17.5,54.0,735.79,751.07,810.94,810.94,0,,,735.79,740.12,1,2022-01-04,0,,,58,,
2022-01-28,779.65,781.69,755.16,757.73,14072314,705.34,755.16,18.14,46.8,728.36,752.36,810.94,810.94,0,,,728.36,740.12,1,2022-01-04,0,,,58,,
2022-01-31,765.3,774.75,760.5,765.15,14824509,706.36,755.16,18.06,50.8,733.2,754.32,810.94,810.94,0,,,733.2,740.12,1,2022-01-04,0,,,58,,
2022-02-01,778.0,788.48,765.64,786.01,20031583,707.41,755.16,18.44,59.92,746.4,757.57,810.94,810.94,0,,,746.4,746.4,1,2022-01-04,0,,,58,,
2022-02-02,790.57,794.16,784.6,789.35,11214375,708.48,755.16,17.81,61.16,748.98,760.59,810.94,810.94,0,,,748.98,748.98,1,2022-01-04,0,,,58,,
2022-02-03,789.64,793.86,781.84,784.7,9755335,709.58,755.16,17.39,58.45,746.26,763.05,810.94,810.94,0,,,746.26,748.98,1,2022-01-04,0,,,58,,
2022-02-04,785.52,787.66,771.94,780.91,10314067,710.72,755.16,17.27,56.26,743.89,765.43,810.94,810.94,0,,,743.89,748.98,1,2022-01-04,0,,,58,,
2022-02-07,774.12,780.87,758.02,762.82,14659368,711.74,755.16,17.67,47.17,731.96,767.35,810.94,810.94,0,,,731.96,748.98,1,2022-01-04,0,,,58,,
2022-02-08,766.32,771.84,751.09,768.74,14642455,712.74,751.09,17.89,50.01,734.27,769.18,810.94,810.94,0,,,734.27,748.98,1,2022-01-04,0,,,58,,
2022-02-09,773.35,780.14,770.39,778.73,8855292,713.75,751.09,17.43,54.47,741.02,771.34,810.94,810.94,0,,,741.02,748.98,1,2022-01-04,0,,,58,,
2022-02-10,781.79,784.55,772.43,781.35,13159771,714.77,751.09,17.05,55.59,742.97,773.6,810.94,810.94,0,,,742.97,748.98,1,2022-01-04,0,,,58,,
2022-02-11,772.96,773.49,764.28,767.09,13138408,715.66,751.09,17.05,48.59,733.77,775.38,810.94,810.94,0,,,733.77,748.98,1,2022-01-04,0,,,58,,
2022-02-14,748.86,750.75,728.63,731.1,16170656,716.4,728.63,18.58,36.2,702.05,775.82,810.94,810.94,0,,,702.05,748.98,1,2022-01-04,1,748.98,TRAILING_STOP,58,29,-0.09
2022-02-15,730.38,754.68,720.92,752.78,18880659,717.3,720.92,19.67,45.26,712.74,776.19,810.94,810.94,0,,,712.74,,0,,0,,,,,
2022-02-16,752.44,754.24,737.6,741.14,10549784,718.07,720.92,19.45,41.83,705.38,775.9,796.39,810.94,0,,,705.38,,0,,0,,,,,
2022-02-17,743.52,744.25,723.93,727.85,16683808,718.64,720.92,19.51,38.26,696.76,774.68,794.16,796.39,0,,,696.76,,0,,0,,,,,
2022-02-18,724.46,734.11,723.2,726.45,8945567,719.2,720.92,18.9,37.89,696.27,773.51,794.16,794.16,0,,,696.27,,0,,0,,,,,
2022-02-21,723.88,740.03,717.81,731.83,10967164,719.77,717.81,19.13,40.26,698.54,772.26,794.16,794.16,0,,,698.54,,0,,0,,,,,
2022-02-22,716.26,736.97,715.63,728.78,13156371,720.37,715.63,19.29,39.34,695.75,770.34,794.16,794.16,0,,,695.75,,0,,0,,,,,
2022-02-23,731.98,733.72,720.43,722.28,11624282,720.96,715.63,18.86,37.39,691.84,768.2,794.16,794.16,0,,,691.84,,0,,0,,,,,
2022-02-24,691.53,705.3,681.24,686.19,28023104,721.4,681.24,20.45,28.83,656.04,764.44,794.16,794.16,0,,,656.04,,0,,0,,,,,
2022-02-25,703.22,717.14,698.66,708.16,16935750,721.89,681.24,21.2,38.12,669.71,761.38,794.16,794.16,0,,,669.71,,0,,0,,,,,
2022-02-28,701.28,722.42,693.95,720.43,20547432,722.33,681.24,21.72,42.62,677.28,758.88,794.16,794.16,0,,,677.28,,0,,0,,,,,
2022-03-02,695.5,703.22,686.53,693.42,25252492,722.59,681.24,22.59,36.35,659.28,755.5,794.16,794.16,0,,,659.28,,0,,0,,,,,
2022-03-03,696.09,700.31,672.66,677.36,23190595,722.73,672.66,22.95,33.22,645.82,751.47,793.86,794.16,0,,,645.82,,0,,0,,,,,
2022-03-04,670.28,685.37,664.46,667.42,18697223,722.77,664.46,22.8,31.42,636.77,747.57,787.66,793.86,0,,,636.77,,0,,0,,,,,
2022-03-07,643.61,647.0,622.9,634.15,27799873,722.55,622.9,24.35,26.28,600.42,742.51,784.55,787.66,0,,,600.42,,0,,0,,,,,
2022-03-08,624.01,649.38,623.72,645.06,26716975,722.43,622.9,24.45,30.3,607.4,738.0,784.55,784.55,0,,,607.4,,0,,0,,,,,
2022-03-09,644.77,654.28,638.27,647.44,33728639,722.34,622.9,23.84,31.19,609.34,733.76,784.55,784.55,0,,,609.34,,0,,0,,,,,
2022-03-10,673.15,679.98,653.45,656.32,35959638,722.26,622.9,24.47,34.52,614.65,729.72,784.55,784.55,0,,,614.65,,0,,0,,,,,
2022-03-11,654.42,664.17,650.5,657.58,20546724,722.02,622.9,23.69,35.0,615.98,725.94,773.49,784.55,0,,,615.98,,0,,0,,,,,
2022-03-14,657.77,677.51,656.95,675.28,24648981,721.98,622.9,23.47,41.51,627.54,723.2,754.68,773.49,0,,,627.54,,0,,0,,,,,
2022-03-15,680.47,686.87,667.37,676.44,27714580,721.98,622.9,23.19,41.92,628.48,720.24,754.68,754.68,0,,,628.48,,0,,0,,,,,
2022-03-16,685.71,690.07,680.23,686.77,14621688,722.01,622.9,22.5,45.57,635.6,716.93,754.24,754.68,0,,,635.6,,0,,0,,,,,
2022-03-17,696.28,703.26,694.73,698.51,18329844,722.13,622.9,22.08,49.47,643.46,713.9,744.25,754.24,0,,,643.46,,0,,0,,,,,
2022-03-21,699.38,701.23,684.35,689.44,12866839,722.24,622.9,21.7,46.69,637.85,710.73,740.03,744.25,0,,,637.85,,0,,0,,,,,
2022-03-22,687.4,699.38,678.53,696.67,11761758,722.35,622.9,21.64,49.14,642.56,707.92,740.03,740.03,0,,,642.56,,0,,0,,,,,
2022-03-23,703.26,705.01,692.84,696.77,7140403,722.44,622.9,20.97,49.18,643.07,705.72,736.97,740.03,0,,,643.07,,0,,0,,,,,
2022-03-24,681.39,691.33,677.07,683.09,17727969,722.45,622.9,20.88,44.67,634.31,702.86,733.72,736.97,0,,,634.31,,0,,0,,,,,
2022-03-25,683.86,684.93,675.76,678.29,15263007,722.44,622.9,20.04,43.17,631.77,699.51,722.42,733.72,0,,,631.77,,0,,0,,,,,
2022-03-28,680.95,692.01,674.79,689.05,13806166,722.58,622.9,19.84,47.42,638.85,696.44,722.42,722.42,0,,,638.85,,0,,0,,,,,
2022-03-29,692.88,695.46,684.69,693.85,11489374,722.8,623.72,19.19,49.25,642.65,694.0,722.42,722.42,0,,,642.65,,0,,0,,,,,
2022-03-30,699.43,709.81,697.54,708.99,20154520,723.12,638.27,18.96,54.6,657.42,693.26,709.81,722.42,0,,,657.42,,0,,0,,,,,
2022-03-31,717.72,717.72,705.98,708.41,16046383,723.35,650.5,18.44,54.36,661.46,691.78,717.72,709.81,0,,,661.46,,0,,0,,,,,
2022-04-01,703.26,716.17,701.42,714.18,12658848,723.64,650.5,18.18,56.38,665.36,690.88,717.72,717.72,0,,,665.36,,0,,0,,,,,
2022-04-04,719.75,727.32,703.26,724.22,17192197,723.95,656.95,18.6,59.73,673.71,690.76,727.32,717.72,0,,,673.71,,0,,0,,,,,
2022-04-05,724.41,732.8,715.87,719.56,12290391,724.22,667.37,18.48,57.52,674.25,690.53,732.8,727.32,0,,,674.25,,0,,0,,,,,
2022-04-06,710.35,722.57,710.15,719.37,13518142,724.4,674.79,18.05,57.43,676.89,690.12,732.8,732.8,0,,,676.89,,0,,0,,,,,
2022-04-07,715.0,735.08,715.0,726.11,15087175,724.59,674.79,18.19,59.91,681.14,690.03,735.08,732.8,0,,,681.14,,0,,0,,,,,
2022-04-08,727.37,733.33,721.31,731.69,15480705,724.81,674.79,17.75,61.89,685.04,690.34,735.08,735.08,0,,,685.04,,0,,0,,,,,
2022-04-11,729.75,742.5,729.12,736.83,13216391,725.04,674.79,17.44,63.67,688.56,692.03,742.5,735.08,1,736.83,688.56,688.56,688.56,1,2022-04-11,0,,,59,,
2022-04-12,734.3,745.85,727.76,740.95,14020000,725.29,674.79,17.49,65.08,691.19,693.12,745.85,742.5,0,,,691.19,691.19,1,2022-04-11,0,,,59,,
2022-04-13,746.53,749.39,737.89,739.4,16119956,725.56,674.79,17.06,64.07,690.47,693.75,749.39,745.85,0,,,690.47,691.19,1,2022-04-11,0,,,59,,
2022-04-18,728.48,740.03,726.74,735.08,17651530,725.82,674.79,16.79,61.23,687.86,695.14,749.39,749.39,0,,,687.86,691.19,1,2022-04-11,0,,,59,,
2022-04-19,738.96,754.58,734.3,743.33,31088359,726.12,674.79,17.04,64.47,693.02,697.34,754.58,749.39,0,,,693.02,693.02,1,2022-04-11,0,,,59,,
2022-04-20,743.81,746.92,731.2,732.9,15984202,726.35,684.69,16.94,57.89,689.65,699.52,754.58,754.58,0,,,689.65,693.02,1,2022-04-11,0,,,59,,
2022-04-21,736.29,741.29,728.68,739.49,8953098,726.7,697.54,16.64,60.62,698.39,703.04,754.58,754.58,0,,,698.39,698.39,1,2022-04-11,0,,,59,,
2022-04-22,734.3,736.1,723.54,725.24,14411607,726.96,701.42,16.59,52.66,690.53,705.71,754.58,754.58,0,,,690.53,698.39,1,2022-04-11,1,726.96,SMA150_BREAK,59,8,-1.34
2022-04-25,725.24,739.35,721.69,729.65,35417460,727.21,701.42,16.66,54.64,693.32,708.45,754.58,754.58,0,,,693.32,,0,,0,,,,,
2022-04-26,744.98,745.51,729.12,731.15,18727514,727.38,703.26,16.64,55.33,694.92,710.94,754.58,754.58,0,,,694.92,,0,,0,,,,,
2022-04-27,726.54,727.51,710.59,714.61,21441480,727.48,710.15,16.92,46.9,686.36,712.84,754.58,754.58,0,,,686.36,,0,,0,,,,,
2022-04-28,716.94,729.36,712.62,724.75,18649559,727.72,710.15,16.91,51.75,692.91,714.49,754.58,754.58,0,,,692.91,,0,,0,,,,,
2022-04-29,727.61,737.17,717.91,721.02,19560317,727.93,710.59,17.08,49.94,690.54,715.98,754.58,754.58,0,,,690.54,,0,,0,,,,,
2022-05-02,710.05,721.5,709.18,718.78,10903446,728.17,709.18,16.74,48.84,688.85,717.05,754.58,754.58,0,,,688.85,,0,,0,,,,,
2022-05-04,723.83,724.6,699.53,702.54,12212165,728.22,699.53,17.33,41.65,674.76,717.18,754.58,754.58,0,,,674.76,,0,,0,,,,,
2022-05-05,708.89,720.72,704.72,706.95,9121547,728.26,699.53,17.39,44.06,677.56,717.76,754.58,754.58,0,,,677.56,,0,,0,,,,,
2022-05-06,694.78,701.32,689.0,697.69,12455025,728.19,689.0,17.43,40.3,668.05,717.8,754.58,754.58,0,,,668.05,,0,,0,,,,,
2022-05-09,684.15,698.41,683.33,689.05,13055889,728.14,683.33,17.27,37.12,660.7,717.54,754.58,754.58,0,,,660.7,,0,,0,,,,,
2022-05-10,683.86,698.41,683.86,689.97,12797419,728.15,683.33,17.07,37.68,661.43,717.77,754.58,754.58,0,,,661.43,,0,,0,,,,,
2022-05-11,696.47,698.22,685.95,692.79,13516852,728.24,683.33,16.73,39.48,663.47,718.25,754.58,754.58,0,,,663.47,,0,,0,,,,,
2022-05-12,686.34,689.39,672.51,674.94,16685166,728.26,672.51,16.98,33.0,648.18,717.78,754.58,754.58,0,,,648.18,,0,,0,,,,,
2022-05-13,681.34,681.34,654.76,657.04,15717043,728.11,654.76,17.67,28.04,630.27,716.56,754.58,754.58,0,,,630.27,,0,,0,,,,,
2022-05-16,656.41,670.24,655.49,662.52,9025623,728.02,654.76,17.46,31.44,633.94,715.01,754.58,754.58,0,,,633.94,,0,,0,,,,,
2022-05-17,665.53,690.65,664.61,688.71,12765052,728.16,654.76,18.22,44.85,650.32,714.35,754.58,754.58,0,,,650.32,,0,,0,,,,,
2022-05-18,690.99,695.5,684.93,686.14,11835013,728.19,654.76,17.67,43.94,649.03,713.42,746.92,754.58,0,,,649.03,,0,,0,,,,,
2022-05-19,672.32,677.75,665.05,669.6,16661023,728.1,654.76,17.92,38.53,638.2,711.6,745.51,746.92,0,,,638.2,,0,,0,,,,,
2022-05-20,673.97,690.56,672.9,688.28,11695528,728.08,654.76,18.14,46.54,650.1,710.55,745.51,745.51,0,,,650.1,,0,,0,,,,,
2022-05-23,688.28,704.19,686.24,689.73,17438451,728.1,654.76,18.12,47.11,651.05,709.56,745.51,745.51,0,,,651.05,,0,,0,,,,,
2022-05-24,689.73,695.84,684.88,686.92,13779981,728.08,654.76,17.61,46.08,649.58,708.26,745.51,745.51,0,,,649.58,,0,,0,,,,,
2022-05-25,690.7,699.24,690.27,691.96,10457589,727.99,654.76,17.23,48.27,653.08,706.93,737.17,745.51,0,,,653.08,,0,,0,,,,,
2022-05-26,701.32,711.02,694.0,706.66,14028733,727.88,654.76,17.36,54.14,662.47,705.93,737.17,737.17,0,,,662.47,,0,,0,,,,,
2022-05-27,711.56,718.98,709.33,717.62,8110620,727.84,654.76,17.0,57.97,669.78,705.15,737.17,737.17,0,,,669.78,,0,,0,,,,,
2022-05-30,726.3,729.41,721.99,726.06,7628515,727.85,654.76,16.63,60.69,675.47,704.71,729.41,737.17,0,,,675.47,,0,,0,,,,,
2022-05-31,718.78,734.01,718.3,730.28,20272212,727.84,654.76,16.57,62.01,678.24,704.55,734.01,729.41,1,730.28,678.24,678.24,678.24,1,2022-05-31,0,,,60,,
2022-06-01,725.57,732.95,721.89,730.09,10102092,727.79,654.76,16.17,61.91,678.38,704.1,734.01,734.01,0,,,678.38,678.24,1,2022-05-31,1,727.79,SMA150_BREAK,60,2,-0.34
2022-06-02,728.53,729.21,720.92,727.27,10949759,727.2,654.76,15.67,60.34,676.89,703.92,734.01,734.01,0,,,676.89,,0,,0,,,,,
2022-06-03,733.48,734.3,718.98,721.99,8563791,726.65,655.49,15.65,57.4,673.75,703.33,734.3,734.01,0,,,673.75,,0,,0,,,,,
2022-06-06,718.01,728.44,717.43,724.36,9107831,726.08,664.61,15.32,58.38,678.54,703.3,734.3,734.3,0,,,678.54,,0,,0,,,,,
2022-06-07,718.78,720.68,710.39,713.21,9938912,725.67,665.05,15.22,52.28,671.56,702.76,734.3,734.3,0,,,671.56,,0,,0,,,,,
2022-06-08,714.52,718.78,704.67,707.63,9369224,725.2,665.05,15.14,49.5,668.01,701.97,734.3,734.3,0,,,668.01,,0,,0,,,,,
2022-06-09,703.26,712.09,700.5,710.78,7444368,724.74,672.9,14.89,51.08,672.83,701.84,734.3,734.3,0,,,672.83,,0,,0,,,,,
2022-06-10,703.02,706.47,696.47,698.41,7990818,724.21,684.88,14.85,45.1,668.87,700.97,734.3,734.3,0,,,668.87,,0,,0,,,,,
2022-06-13,681.2,681.24,661.65,667.37,16622521,723.58,661.65,16.41,34.26,640.06,699.18,734.3,734.3,0,,,640.06,,0,,0,,,,,
2022-06-14,661.94,673.82,660.24,664.95,13348598,722.96,660.24,16.21,33.58,638.17,697.38,734.3,734.3,0,,,638.17,,0,,0,,,,,
2022-06-15,666.89,675.47,665.53,666.65,9199591,722.35,660.24,15.8,34.56,639.53,696.19,734.3,734.3,0,,,639.53,,0,,0,,,,,
2022-06-16,679.01,679.06,656.02,658.16,13237239,721.66,656.02,16.32,32.02,632.31,694.56,734.3,734.3,0,,,632.31,,0,,0,,,,,
2022-06-17,651.13,671.88,649.86,666.26,16335613,721.05,649.86,16.73,36.79,635.21,693.51,734.3,734.3,0,,,635.21,,0,,0,,,,,
2022-06-20,665.43,667.18,657.29,665.38,10981042,720.49,649.86,16.24,36.49,634.96,692.72,734.3,734.3,0,,,634.96,,0,,0,,,,,
2022-06-21,669.85,686.77,667.96,675.23,13319648,719.97,649.86,16.61,42.17,641.07,692.23,734.3,734.3,0,,,641.07,,0,,0,,,,,
2022-06-22,673.44,677.95,664.56,666.02,6838249,719.41,649.86,16.38,38.69,635.29,691.34,734.3,734.3,0,,,635.29,,0,,0,,,,,
2022-06-23,669.51,684.83,666.4,678.19,14960412,718.99,649.86,16.55,45.14,643.02,691.45,734.3,734.3,0,,,643.02,,0,,0,,,,,
2022-06-24,689.59,693.81,685.37,692.06,10856736,718.68,649.86,16.48,51.41,652.01,692.62,734.3,734.3,0,,,652.01,,0,,0,,,,,
2022-06-27,707.0,707.0,694.63,695.84,8285225,718.39,649.86,16.37,52.99,654.52,693.73,734.3,734.3,0,,,654.52,,0,,0,,,,,
2022-06-28,689.73,695.8,685.8,689.0,8339931,718.12,649.86,15.92,49.83,650.41,693.74,734.3,734.3,0,,,650.41,,0,,0,,,,,
2022-06-29,683.82,685.51,679.94,681.68,9570557,717.8,649.86,15.43,46.64,646.02,693.59,734.3,734.3,0,,,646.02,,0,,0,,,,,
2022-06-30,681.68,690.56,680.18,686.0,11970404,717.46,649.86,15.07,48.73,649.04,694.13,734.3,734.3,0,,,649.04,,0,,0,,,,,
2022-07-01,682.36,685.56,673.29,682.8,9884899,717.16,649.86,14.9,47.25,647.09,693.95,728.44,734.3,0,,,647.09,,0,,0,,,,,
2022-07-04,683.72,699.48,683.72,698.51,8303732,717.14,649.86,15.03,54.54,657.14,694.24,720.68,728.44,0,,,657.14,,0,,0,,,,,
2022-07-05,701.37,710.2,696.57,697.88,11460367,717.15,649.86,14.93,54.21,656.8,694.61,718.78,720.68,0,,,656.8,,0,,0,,,,,
2022-07-06,701.32,709.96,700.35,704.19,12163533,717.22,649.86,14.73,56.97,661.01,695.02,712.09,718.78,0,,,661.01,,0,,0,,,,,
2022-07-07,713.89,721.69,711.02,719.75,10374018,717.32,649.86,14.92,62.89,670.91,695.45,721.69,712.09,1,719.75,670.91,670.91,670.91,1,2022-07-07,0,,,61,,
2022-07-08,728.78,734.79,722.23,733.04,9797700,717.53,657.29,14.93,67.06,681.95,695.97,734.79,721.69,0,,,681.95,681.95,1,2022-07-07,0,,,61,,
2022-07-11,732.36,748.42,732.36,746.43,12440573,717.88,664.56,15.01,70.64,692.96,696.65,748.42,734.79,0,,,692.96,692.96,1,2022-07-07,0,,,61,,
2022-07-12,742.4,744.44,734.98,737.12,10219829,718.2,664.56,14.76,65.33,687.12,696.88,748.42,748.42,0,,,687.12,692.96,1,2022-07-07,0,,,61,,
2022-07-13,741.82,741.82,727.42,730.62,8674121,718.32,666.4,14.73,61.83,683.56,696.89,748.42,748.42,0,,,683.56,692.96,1,2022-07-07,0,,,61,,
2022-07-14,727.51,736.73,726.35,729.84,7044542,718.31,673.29,14.42,61.4,685.56,696.98,748.42,748.42,0,,,685.56,692.96,1,2022-07-07,0,,,61,,
2022-07-15,730.67,736.24,721.89,728.68,6358018,718.29,673.29,14.42,60.73,684.82,697.2,748.42,748.42,0,,,684.82,692.96,1,2022-07-07,0,,,61,,
2022-07-18,736.49,749.97,735.13,748.86,8045363,718.38,673.29,14.91,67.39,697.51,698.02,749.97,748.42,1,748.86,697.51,697.51,697.51,1,2022-07-07,0,,,61,,
2022-07-19,744.78,758.56,744.15,757.25,12825591,718.55,673.29,14.87,69.69,702.94,699.49,758.56,749.97,0,,,702.94,702.94,1,2022-07-07,0,,,61,,
2022-07-20,765.83,765.88,756.91,759.62,8152179,718.71,673.29,14.45,70.32,704.75,701.22,765.88,758.56,0,,,704.75,704.75,1,2022-07-07,0,,,61,,
2022-07-21,761.37,765.3,756.71,762.44,8312338,718.93,673.29,14.03,71.1,706.85,702.94,765.88,765.88,0,,,706.85,706.85,1,2022-07-07,0,,,61,,
2022-07-22,765.44,779.8,765.44,776.06,12267898,719.31,683.72,14.27,74.57,718.95,705.53,779.8,765.88,1,776.06,718.95,718.95,718.95,1,2022-07-07,0,,,61,,
2022-07-25,778.93,793.28,773.2,776.89,21034148,719.78,696.57,14.68,74.77,723.49,709.18,793.28,779.8,0,,,723.49,723.49,1,2022-07-07,0,,,61,,
2022-07-26,777.57,778.73,767.92,772.43,7374145,720.34,700.35,14.41,71.53,722.06,712.76,793.28,793.28,0,,,722.06,723.49,1,2022-07-07,0,,,61,,
2022-07-27,771.17,779.7,770.83,776.5,9536564,720.86,711.02,14.01,72.69,728.51,716.42,793.28,793.28,0,,,728.51,728.51,1,2022-07-07,0,,,61,,
2022-07-28,782.76,791.05,781.16,790.18,11124518,721.39,721.89,14.05,76.2,740.93,720.82,793.28,793.28,0,,,740.93,740.93,1,2022-07-07,0,,,61,,
2022-07-29,796.05,798.71,783.78,794.06,11095993,721.95,721.89,14.11,77.1,743.39,725.08,798.71,793.28,1,794.06,743.39,743.39,743.39,1,2022-07-07,0,,,61,,
2022-08-01,796.1,800.27,792.8,798.71,7974903,722.57,721.89,13.64,78.17,746.71,729.53,800.27,798.71,0,,,746.71,746.71,1,2022-07-07,0,,,61,,
2022-08-02,795.42,797.36,787.85,793.23,11106772,723.1,721.89,13.44,73.81,743.3,733.46,800.27,800.27,0,,,743.3,746.71,1,2022-07-07,0,,,61,,
2022-08-03,793.23,803.18,787.22,800.07,11073975,723.68,721.89,13.62,75.64,747.59,737.93,803.18,800.27,0,,,747.59,747.59,1,2022-07-07,0,,,61,,
2022-08-04,799.3,805.07,784.12,795.66,11113742,724.22,721.89,14.14,72.15,744.4,741.85,805.07,803.18,0,,,744.4,747.59,1,2022-07-07,0,,,61,,
2022-08-05,798.42,815.69,798.42,813.07,16056522,724.89,735.13,14.56,76.72,759.76,745.88,815.69,805.07,1,813.07,759.76,759.76,759.76,1,2022-07-07,0,,,61,,
2022-08-08,816.39,821.95,811.07,816.73,12142951,725.54,744.15,14.3,77.55,765.31,749.91,821.95,815.69,0,,,765.31,765.31,1,2022-07-07,0,,,61,,
2022-08-10,821.8,832.39,821.8,828.24,23658553,726.12,756.71,14.4,79.98,776.85,754.55,832.39,821.95,0,,,776.85,776.85,1,2022-07-07,0,,,61,,
2022-08-11,839.27,845.57,837.37,838.93,22787391,726.72,756.71,14.61,81.93,783.61,759.79,845.57,832.39,0,,,783.61,783.61,1,2022-07-07,0,,,61,,
2022-08-12,843.08,856.06,837.76,853.28,10792853,727.31,765.44,14.87,84.17,795.6,765.37,856.06,845.57,0,,,795.6,795.6,1,2022-07-07,0,,,61,,
2022-08-16,860.15,863.13,855.23,858.01,13804836,727.95,767.92,14.51,84.83,799.71,771.21,863.13,856.06,0,,,799.71,799.71,1,2022-07-07,0,,,61,,
2022-08-17,860.5,864.11,857.18,861.91,9058040,728.57,767.92,13.97,85.38,802.59,776.66,864.11,863.13,0,,,802.59,802.59,1,2022-07-07,0,,,61,,
2022-08-18,859.28,866.2,853.91,863.72,13137856,729.08,770.83,13.85,85.64,804.81,782.18,866.2,864.11,0,,,804.81,804.81,1,2022-07-07,0,,,61,,
2022-08-19,863.62,865.47,843.42,849.37,10787199,729.5,781.16,14.44,74.41,798.61,787.02,866.2,866.2,0,,,798.61,804.81,1,2022-07-07,0,,,61,,
2022-08-22,844.64,846.44,829.07,831.66,13848023,729.72,783.78,14.86,63.37,787.78,790.75,866.2,866.2,0,,,787.78,804.81,1,2022-07-07,0,,,61,,
2022-08-23,824.93,847.03,822.44,843.03,13254855,730.01,784.12,15.55,66.78,794.76,794.42,866.2,866.2,0,,,794.76,804.81,1,2022-07-07,0,,,61,,
2022-08-24,836.34,854.2,836.34,852.2,10494109,730.39,784.12,15.72,69.26,800.57,797.95,866.2,866.2,0,,,800.57,804.81,1,2022-07-07,0,,,61,,
2022-08-25,852.2,860.15,845.76,851.27,9827829,730.76,784.12,15.62,68.7,800.03,801.75,866.2,866.2,0,,,800.03,804.81,1,2022-07-07,0,,,61,,
2022-08-26,853.03,856.3,846.35,849.81,5976725,731.11,784.12,15.22,67.77,799.36,805.72,866.2,866.2,0,,,799.36,804.81,1,2022-07-07,0,,,61,,
2022-08-29,829.51,840.2,826.54,835.17,7755134,731.44,798.42,15.79,59.14,794.3,809.23,866.2,866.2,0,,,794.3,804.81,1,2022-07-07,0,,,61,,
2022-08-30,839.71,869.23,838.34,865.86,12544701,731.98,811.07,17.1,68.26,817.44,813.81,869.23,866.2,0,,,817.44,817.44,1,2022-07-07,0,,,61,,
2022-09-01,842.15,864.3,842.15,853.23,15877583,732.46,821.8,17.57,62.12,812.55,817.29,869.23,869.23,0,,,812.55,817.44,1,2022-07-07,0,,,61,,
2022-09-02,852.98,860.01,846.05,851.32,8401284,732.98,822.44,17.31,61.22,811.71,820.42,869.23,869.23,0,,,811.71,817.44,1,2022-07-07,0,,,61,,
2022-09-05,850.49,864.5,850.49,861.13,8744999,733.53,822.44,17.08,64.09,818.19,823.81,869.23,869.23,0,,,818.19,818.19,1,2022-07-07,0,,,61,,
2022-09-06,861.18,868.45,856.89,862.3,9879326,734.14,822.44,16.68,64.43,819.21,827.13,869.23,869.23,0,,,819.21,819.21,1,2022-07-07,0,,,61,,
2022-09-07,857.32,861.33,851.42,855.03,8814960,734.79,822.44,16.27,60.61,814.8,829.77,869.23,869.23,0,,,814.8,819.21,1,2022-07-07,0,,,61,,
2022-09-08,864.11,879.04,864.11,877.09,12163106,735.54,822.44,16.82,67.0,828.66,833.11,879.04,869.23,1,877.09,828.66,828.66,828.66,1,2022-07-07,0,,,61,,
2022-09-09,888.16,889.92,876.01,879.48,9936230,736.16,822.44,16.61,67.61,830.34,836.68,889.92,879.04,0,,,830.34,830.34,1,2022-07-07,0,,,61,,
2022-09-12,883.18,886.94,880.99,885.28,6016978,736.8,822.44,15.96,69.11,834.51,840.3,889.92,889.92,0,,,834.51,834.51,1,2022-07-07,0,,,61,,
2022-09-13,891.87,891.87,883.43,888.01,10400475,737.49,822.44,15.42,69.82,836.63,843.56,891.87,889.92,0,,,836.63,836.63,1,2022-07-07,0,,,61,,
2022-09-14,876.55,899.97,876.35,895.92,14712947,738.25,826.54,16.01,71.84,842.71,846.96,899.97,891.87,1,895.92,842.71,842.71,842.71,1,2022-07-07,0,,,61,,
2022-09-15,897.77,914.02,893.63,895.43,16253099,739.14,826.54,16.32,71.52,842.19,850.18,914.02,899.97,0,,,842.19,842.71,1,2022-07-07,0,,,61,,
2022-09-16,892.8,895.43,883.33,887.14,11966860,739.93,826.54,16.02,66.17,837.04,853.31,914.02,914.02,0,,,837.04,842.71,1,2022-07-07,0,,,61,,
2022-09-19,883.09,890.45,873.72,877.48,11235656,740.59,826.54,16.07,60.49,830.78,855.89,914.02,914.02,0,,,830.78,842.71,1,2022-07-07,0,,,61,,
2022-09-20,887.23,900.21,885.43,894.6,12090663,741.34,838.34,16.55,66.05,845.43,859.19,914.02,914.02,0,,,845.43,845.43,1,2022-07-07,0,,,61,,
2022-09-21,889.97,894.85,883.77,893.14,8917640,742.18,842.15,16.15,65.21,846.02,861.86,914.02,914.02,0,,,846.02,846.02,1,2022-07-07,0,,,61,,
2022-09-22,884.11,889.67,873.67,881.57,11125669,743.18,846.05,16.39,58.81,839.7,864.02,914.02,914.02,0,,,839.7,846.02,1,2022-07-07,0,,,61,,
2022-09-23,879.92,883.04,857.52,860.94,15927517,743.91,850.49,17.04,49.48,827.44,865.11,914.02,914.02,0,,,827.44,846.02,1,2022-07-07,0,,,61,,
2022-09-26,848.98,856.69,838.44,840.25,14208640,744.57,838.44,17.43,42.24,809.82,865.15,914.02,914.02,0,,,809.82,846.02,1,2022-07-07,1,846.02,TRAILING_STOP,61,55,17.54
2022-09-27,844.05,853.71,828.1,831.95,12493809,745.26,828.1,18.02,39.73,800.63,864.44,914.02,914.02,0,,,800.63,,0,,0,,,,,
2022-09-28,823.61,842.39,823.61,828.98,11411458,745.94,823.61,18.07,38.84,797.18,863.48,914.02,914.02,0,,,797.18,,0,,0,,,,,
2022-09-29,837.27,840.78,820.78,823.51,13803629,746.56,820.78,18.21,37.19,792.62,862.2,914.02,914.02,0,,,792.62,,0,,0,,,,,
2022-09-30,823.51,846.1,817.27,841.17,13175031,747.3,817.27,18.97,45.28,802.33,861.44,914.02,914.02,0,,,802.33,,0,,0,,,,,
2022-10-03,838.93,840.15,825.27,827.85,8232026,748.01,817.27,18.75,40.99,793.89,860.73,914.02,914.02,0,,,793.89,,0,,0,,,,,
2022-10-04,844.1,851.57,839.32,846.69,8975095,749.08,817.27,19.1,48.43,805.8,861.23,914.02,914.02,0,,,805.8,,0,,0,,,,,
2022-10-06,851.96,870.16,851.96,864.06,12116698,750.12,817.27,19.42,54.17,816.8,861.93,914.02,914.02,0,,,816.8,,0,,0,,,,,
2022-10-07,856.01,863.13,851.71,861.23,9705750,751.06,817.27,18.91,53.13,815.31,862.23,914.02,914.02,0,,,815.31,,0,,0,,,,,
2022-10-10,850.93,868.3,849.66,860.45,7357588,752.17,817.27,18.89,52.83,814.82,862.54,914.02,914.02,0,,,814.82,,0,,0,,,,,
2022-10-11,861.91,861.91,844.54,849.57,11130051,753.32,817.27,18.78,48.7,807.87,862.53,914.02,914.02,0,,,807.87,,0,,0,,,,,
2022-10-12,846.98,850.64,840.69,847.37,14557532,754.52,817.27,18.15,47.88,806.88,862.93,914.02,914.02,0,,,806.88,,0,,0,,,,,
2022-10-13,841.52,844.54,829.95,832.98,11563124,755.84,817.27,18.1,42.83,797.63,861.84,914.02,914.02,0,,,797.63,,0,,0,,,,,
2022-10-14,862.45,862.45,847.57,849.23,8199540,757.2,817.27,18.91,49.33,807.57,861.7,900.21,914.02,0,,,807.57,,0,,0,,,,,
2022-10-17,850.93,866.06,847.57,863.81,8936947,758.65,817.27,18.88,54.35,816.99,862.12,900.21,900.21,0,,,816.99,,0,,0,,,,,
2022-10-18,874.4,878.94,869.62,875.23,8097552,760.11,817.27,18.61,57.87,824.54,862.59,900.21,900.21,0,,,824.54,,0,,0,,,,,
2022-10-19,878.31,878.89,864.16,870.55,5529462,761.53,817.27,18.34,55.96,821.7,862.87,894.85,900.21,0,,,821.7,,0,,0,,,,,
2022-10-20,868.21,871.72,858.84,867.18,8107159,762.81,817.27,17.95,54.57,819.79,863.27,889.67,894.85,0,,,819.79,,0,,0,,,,,
2022-10-21,866.55,888.01,864.3,885.23,17022807,764.2,817.27,18.36,60.27,831.16,863.54,888.01,889.67,0,,,831.16,,0,,0,,,,,
2022-10-24,902.65,910.95,895.43,903.92,4390050,765.64,825.27,18.88,65.15,845.53,864.36,910.95,888.01,1,903.92,845.53,845.53,845.53,1,2022-10-24,0,,,62,,
2022-10-25,919.29,920.46,900.65,902.7,15838120,767.01,829.95,18.95,64.59,846.26,864.94,920.46,910.95,0,,,846.26,846.26,1,2022-10-24,0,,,62,,
2022-10-27,903.68,911.14,898.02,902.07,16080842,768.42,829.95,18.53,64.29,846.13,865.41,920.46,920.46,0,,,846.13,846.26,1,2022-10-24,0,,,62,,
2022-10-28,895.82,905.09,879.23,885.92,9854094,769.69,829.95,19.06,56.85,835.36,865.07,920.46,920.46,0,,,835.36,846.26,1,2022-10-24,0,,,62,,
2022-10-31,890.55,894.89,882.75,886.75,9000840,770.95,829.95,18.56,57.13,836.23,864.78,920.46,920.46,0,,,836.23,846.26,1,2022-10-24,0,,,62,,
2022-11-01,898.75,898.75,877.82,886.65,9823761,772.31,829.95,18.73,57.08,836.05,864.77,920.46,920.46,0,,,836.05,846.26,1,2022-10-24,0,,,62,,
2022-11-02,898.36,898.51,880.55,882.84,7690974,773.67,829.95,18.68,55.21,833.63,864.95,920.46,920.46,0,,,833.63,846.26,1,2022-10-24,0,,,62,,
2022-11-03,879.28,891.77,875.38,886.7,9022366,774.99,829.95,18.51,56.76,836.23,864.68,920.46,920.46,0,,,836.23,846.26,1,2022-10-24,0,,,62,,
2022-11-04,884.4,891.33,878.45,883.43,7099336,776.25,847.57,18.11,55.03,840.26,864.36,920.46,920.46,0,,,840.26,846.26,1,2022-10-24,0,,,62,,
2022-11-07,888.26,897.87,881.62,895.33,11100219,777.5,847.57,17.98,59.83,848.03,864.82,920.46,920.46,0,,,848.03,848.03,1,2022-10-24,0,,,62,,
2022-11-09,897.77,899.63,883.87,888.5,11590409,778.7,858.84,17.82,56.12,847.48,865.74,920.46,920.46,0,,,847.48,848.03,1,2022-10-24,0,,,62,,
2022-11-10,885.62,890.89,882.11,888.7,10009741,779.86,858.84,17.17,56.21,848.04,867.35,920.46,920.46,0,,,848.04,848.04,1,2022-10-24,0,,,62,,
2022-11-11,903.53,905.58,881.67,884.65,17921457,780.93,858.84,17.66,53.92,845.11,869.11,920.46,920.46,0,,,845.11,848.04,1,2022-10-24,0,,,62,,
2022-11-14,883.14,884.65,869.72,873.33,12641308,781.96,864.3,17.46,48.03,839.76,870.59,920.46,920.46,0,,,839.76,848.04,1,2022-10-24,0,,,62,,
2022-11-15,878.79,891.58,877.09,889.67,15176911,783.09,869.72,17.52,55.57,852.07,872.79,920.46,920.46,0,,,852.07,852.07,1,2022-10-24,0,,,62,,
2022-11-16,890.5,895.92,886.16,891.53,13008311,784.19,869.72,16.96,56.35,853.63,874.47,920.46,920.46,0,,,853.63,853.63,1,2022-10-24,0,,,62,,
2022-11-17,890.94,900.02,888.36,897.58,12584194,785.3,869.72,16.58,58.87,857.79,876.8,920.46,920.46,0,,,857.79,857.79,1,2022-10-24,0,,,62,,
2022-11-18,897.58,899.73,888.55,898.11,10874061,786.37,869.72,16.2,59.09,858.39,878.51,920.46,920.46,0,,,858.39,858.39,1,2022-10-24,0,,,62,,
2022-11-21,891.97,902.46,891.97,899.14,9245704,787.43,869.72,15.79,59.55,859.33,879.68,920.46,920.46,0,,,859.33,859.33,1,2022-10-24,0,,,62,,
2022-11-22,901.43,904.12,898.16,901.38,11256509,788.51,869.72,15.09,60.59,861.24,881.02,920.46,920.46,0,,,861.24,861.24,1,2022-10-24,0,,,62,,
2022-11-23,904.6,909.34,901.38,905.04,10959704,789.64,869.72,14.58,62.28,863.94,882.5,920.46,920.46,0,,,863.94,863.94,1,2022-10-24,0,,,62,,
2022-11-24,905.14,917.92,905.14,916.17,10844395,790.79,869.72,14.46,66.94,871.2,884.72,917.92,920.46,0,,,871.2,871.2,1,2022-10-24,0,,,62,,
2022-11-25,917.58,920.12,905.09,907.82,9815055,791.96,869.72,14.5,60.87,865.78,886.74,920.12,917.92,0,,,865.78,871.2,1,2022-10-24,0,,,62,,
2022-11-28,901.68,921.0,901.63,914.75,9381474,793.13,869.72,14.85,63.8,870.02,889.46,921.0,920.12,0,,,870.02,871.2,1,2022-10-24,0,,,62,,
2022-11-29,911.0,926.95,911.0,923.88,13096845,794.45,869.72,14.93,67.29,875.86,891.95,926.95,921.0,1,923.88,875.86,875.86,875.86,1,2022-10-24,0,,,62,,
2022-11-30,925.15,935.05,918.27,929.88,20858573,795.79,869.72,15.06,69.37,879.64,894.15,935.05,926.95,0,,,879.64,879.64,1,2022-10-24,0,,,62,,
2022-12-01,932.9,933.88,913.63,917.49,15920653,797.03,869.72,15.43,60.76,871.4,895.56,935.05,935.05,0,,,871.4,879.64,1,2022-10-24,0,,,62,,
2022-12-02,905.82,911.92,903.73,908.12,14228874,798.32,869.72,15.31,55.18,865.44,896.82,935.05,935.05,0,,,865.44,879.64,1,2022-10-24,0,,,62,,
2022-12-05,914.36,914.36,905.97,911.04,10984608,799.56,877.09,14.82,56.52,870.11,898.28,935.05,935.05,0,,,870.11,879.64,1,2022-10-24,0,,,62,,
2022-12-06,902.65,907.29,897.97,900.36,18220912,800.76,886.16,14.69,50.56,866.33,898.78,935.05,935.05,0,,,866.33,879.64,1,2022-10-24,0,,,62,,
2022-12-07,899.73,910.65,898.41,899.87,15675663,801.97,888.36,14.52,50.3,866.86,898.65,935.05,935.05,0,,,866.86,879.64,1,2022-10-24,0,,,62,,
2022-12-08,902.65,911.0,901.48,909.39,10136870,803.34,888.55,14.27,55.16,873.22,898.87,935.05,935.05,0,,,873.22,879.64,1,2022-10-24,0,,,62,,
2022-12-09,909.48,912.22,902.7,907.43,9575331,804.68,891.97,13.93,53.99,873.33,899.05,935.05,935.05,0,,,873.33,879.64,1,2022-10-24,0,,,62,,
2022-12-12,902.7,911.34,902.7,907.82,8493863,806.08,897.97,13.56,54.2,875.83,899.78,935.05,935.05,0,,,875.83,879.64,1,2022-10-24,0,,,62,,
2022-12-13,907.04,913.29,905.38,910.41,10415140,807.56,897.97,13.15,55.63,877.77,900.57,935.05,935.05,0,,,877.77,879.64,1,2022-10-24,0,,,62,,
2022-12-14,913.39,913.44,897.77,899.48,12319827,808.95,897.77,13.33,48.69,870.53,900.99,935.05,935.05,0,,,870.53,879.64,1,2022-10-24,0,,,62,,
2022-12-15,893.87,897.68,883.14,886.84,8929748,810.25,883.14,13.55,42.15,857.36,901.13,935.05,935.05,0,,,857.36,879.64,1,2022-10-24,0,,,62,,
2022-12-16,883.62,891.63,877.92,880.21,9157260,811.62,877.92,13.56,39.17,851.34,900.91,935.05,935.05,0,,,851.34,879.64,1,2022-10-24,1,879.64,TRAILING_STOP,62,38,-2.69
2022-12-19,886.06,888.6,879.38,884.55,7015083,813.13,877.92,13.25,42.05,854.34,900.95,935.05,935.05,0,,,854.34,,0,,0,,,,,
2022-12-20,884.11,890.41,874.06,887.72,6384331,814.63,874.06,13.47,44.14,854.95,900.7,935.05,935.05,0,,,854.95,,0,,0,,,,,
2022-12-21,888.26,893.72,865.57,870.69,11341147,815.85,865.57,14.52,36.54,840.44,900.1,935.05,935.05,0,,,840.44,,0,,0,,,,,
2022-12-22,878.74,882.01,864.94,869.13,9788367,817.07,864.94,14.7,35.93,839.1,899.45,935.05,935.05,0,,,839.1,,0,,0,,,,,
2022-12-23,861.72,868.16,854.15,857.67,11059215,818.32,854.15,14.72,31.73,828.1,898.55,935.05,935.05,0,,,828.1,,0,,0,,,,,
2022-12-26,859.81,875.33,854.1,871.62,6943159,819.54,854.1,15.19,40.79,836.77,898.49,935.05,935.05,0,,,836.77,,0,,0,,,,,
2022-12-27,876.01,880.94,866.74,878.89,4994381,820.8,854.1,15.12,44.9,841.51,898.13,935.05,935.05,0,,,841.51,,0,,0,,,,,
2022-12-28,874.35,882.11,874.16,877.23,8980300,822.07,854.1,14.6,44.14,840.78,897.66,933.88,935.05,0,,,840.78,,0,,0,,,,,
2022-12-29,876.21,901.04,867.86,886.11,11994220,823.37,854.1,15.93,49.06,845.62,897.27,914.36,933.88,0,,,845.62,,0,,0,,,,,
2022-12-30,886.55,886.55,867.08,869.33,9688527,824.45,854.1,16.18,41.61,834.63,896.32,914.36,914.36,0,,,834.63,,0,,0,,,,,
2023-01-02,872.4,885.09,872.4,880.65,4315403,825.54,854.1,16.15,47.41,841.95,895.7,913.44,914.36,0,,,841.95,,0,,0,,,,,
2023-01-03,876.79,884.06,875.09,879.57,5846855,826.56,854.1,15.64,46.93,841.6,894.97,913.44,913.44,0,,,841.6,,0,,0,,,,,
2023-01-04,877.28,885.97,873.18,877.38,12454582,827.54,854.1,15.44,45.92,840.32,894.05,913.44,913.44,0,,,840.32,,0,,0,,,,,
2023-01-05,879.13,881.18,850.93,857.91,16547196,828.4,850.93,16.49,38.05,826.0,892.11,913.44,913.44,0,,,826.0,,0,,0,,,,,
2023-01-06,857.72,857.72,839.71,849.08,14804613,829.21,839.71,16.62,35.11,816.48,890.15,913.44,913.44,0,,,816.48,,0,,0,,,,,
2023-01-09,853.13,857.52,841.47,852.25,16811853,830.08,839.71,16.58,36.99,818.55,888.07,913.44,913.44,0,,,818.55,,0,,0,,,,,
2023-01-10,854.25,857.18,835.9,840.54,13470142,830.85,835.9,16.91,33.17,809.51,885.29,913.44,913.44,0,,,809.51,,0,,0,,,,,
2023-01-11,842.05,849.81,834.2,845.37,15558460,831.73,834.2,16.82,36.1,812.12,882.47,901.04,913.44,0,,,812.12,,0,,0,,,,,
2023-01-12,844.59,848.35,834.29,839.86,16659001,832.61,834.2,16.62,34.25,808.7,879.88,901.04,901.04,0,,,808.7,,0,,0,,,,,
2023-01-13,843.81,853.76,837.56,852.35,11223103,833.56,834.2,16.59,41.56,816.77,878.02,901.04,901.04,0,,,816.77,,0,,0,,,,,
2023-01-16,856.06,856.25,840.25,844.35,8319812,834.53,834.2,16.55,38.6,811.64,875.8,901.04,901.04,0,,,811.64,,0,,0,,,,,
2023-01-17,846.0,846.98,837.37,844.25,12624859,835.71,834.2,16.05,38.56,811.91,873.93,901.04,901.04,0,,,811.91,,0,,0,,,,,
2023-01-18,843.57,850.93,837.91,848.49,11313898,836.93,834.2,15.84,41.14,814.78,872.22,901.04,901.04,0,,,814.78,,0,,0,,,,,
2023-01-19,847.03,849.52,841.17,845.22,6694679,838.12,834.2,15.3,39.75,813.03,870.08,901.04,901.04,0,,,813.03,,0,,0,,,,,
2023-01-20,852.4,855.32,844.64,849.32,8127162,839.4,834.2,14.97,42.37,815.9,868.14,901.04,901.04,0,,,815.9,,0,,0,,,,,
2023-01-23,860.69,861.96,843.71,850.64,16882379,840.63,834.2,15.21,43.22,816.59,866.24,901.04,901.04,0,,,816.59,,0,,0,,,,,
2023-01-24,857.76,860.4,847.03,849.71,11504090,841.86,834.2,15.08,42.74,816.08,864.21,901.04,901.04,0,,,816.08,,0,,0,,,,,
2023-01-25,852.2,855.62,827.51,834.64,14918485,842.92,827.51,16.01,35.79,803.51,862.05,901.04,901.04,0,,,803.51,,0,,0,,,,,
2023-01-27,818.88,822.63,793.46,797.46,39718683,843.79,793.46,17.8,24.99,766.98,859.07,886.55,901.04,0,,,766.98,,0,,0,,,,,
2023-01-30,780.67,806.29,776.77,803.6,36301441,844.63,776.77,18.64,28.81,764.82,856.52,885.97,886.55,0,,,764.82,,0,,0,,,,,
2023-01-31,806.04,818.05,794.43,811.8,27291226,845.43,776.77,19.0,33.67,769.87,854.09,885.97,885.97,0,,,769.87,,0,,0,,,,,
2023-02-01,823.07,854.06,803.26,827.46,39237711,846.31,776.77,21.27,41.83,778.46,852.09,885.97,885.97,0,,,778.46,,0,,0,,,,,
2023-02-02,808.39,839.81,806.14,837.17,16798190,847.29,776.77,22.15,46.25,784.13,850.97,881.18,885.97,0,,,784.13,,0,,0,,,,,
2023-02-03,843.76,851.57,831.51,842.93,14914366,848.37,776.77,22.0,48.74,787.94,850.1,861.96,881.18,0,,,787.94,,0,,0,,,,,
2023-02-06,840.69,846.83,829.12,833.08,8463833,849.35,776.77,21.7,44.91,781.79,849.28,861.96,861.96,0,,,781.79,,0,,0,,,,,
2023-02-07,834.34,835.32,826.73,832.15,9337066,850.34,776.77,20.76,44.56,781.82,847.96,861.96,861.96,0,,,781.82,,0,,0,,,,,
2023-02-08,831.9,839.91,831.32,838.34,8082983,851.28,776.77,19.89,47.53,786.39,846.61,861.96,861.96,0,,,786.39,,0,,0,,,,,
2023-02-09,837.76,844.0,831.03,840.0,6299265,852.22,776.77,19.4,48.34,787.79,845.37,861.96,861.96,0,,,787.79,,0,,0,,,,,
2023-02-10,834.88,841.08,831.42,833.22,8656405,853.08,776.77,18.7,45.29,783.88,843.6,861.96,861.96,0,,,783.88,,0,,0,,,,,
2023-02-13,832.78,838.54,828.83,830.1,9394365,853.82,776.77,18.06,43.92,782.3,842.3,861.96,861.96,0,,,782.3,,0,,0,,,,,
2023-02-14,833.27,846.35,831.51,844.39,13402934,854.56,776.77,17.93,51.21,791.6,841.09,861.96,861.96,0,,,791.6,,0,,0,,,,,
2023-02-15,845.47,852.15,839.81,849.76,12070288,855.25,776.77,17.53,53.64,795.33,840.09,861.96,861.96,0,,,795.33,,0,,0,,,,,
2023-02-16,854.79,856.59,843.96,848.44,10715685,855.99,776.77,17.18,52.94,794.71,839.13,861.96,861.96,0,,,794.71,,0,,0,,,,,
2023-02-17,846.59,846.59,834.49,841.81,9990618,856.74,776.77,16.95,49.45,790.59,838.59,861.96,861.96,0,,,790.59,,0,,0,,,,,
2023-02-20,841.81,845.61,829.71,831.51,9013430,857.41,794.43,16.88,44.54,789.88,838.01,861.96,861.96,0,,,789.88,,0,,0,,,,,
2023-02-21,833.76,838.69,826.39,833.56,11704445,858.11,803.26,16.55,45.7,794.37,837.38,860.4,861.96,0,,,794.37,,0,,0,,,,,
2023-02-22,830.68,833.47,814.58,818.97,13880984,858.58,806.14,16.72,39.4,785.8,836.67,856.59,860.4,0,,,785.8,,0,,0,,,,,
2023-02-23,816.34,824.05,813.41,819.46,11743574,858.99,813.41,16.29,39.7,788.83,835.8,856.59,856.59,0,,,788.83,,0,,0,,,,,
2023-02-24,823.56,825.17,815.36,819.41,8246139,859.39,813.41,15.83,39.68,789.11,835.12,856.59,856.59,0,,,789.11,,0,,0,,,,,
2023-02-27,813.41,837.56,813.41,835.71,14422574,859.88,813.41,16.42,49.36,799.22,834.56,856.59,856.59,0,,,799.22,,0,,0,,,,,
2023-02-28,834.25,837.27,829.46,834.2,19600146,860.27,813.41,15.8,48.58,798.66,834.23,856.59,856.59,0,,,798.66,,0,,0,,,,,
2023-03-01,843.13,843.13,831.27,835.61,11015843,860.66,813.41,15.52,49.38,799.76,833.94,856.59,856.59,0,,,799.76,,0,,0,,,,,
2023-03-02,832.39,841.03,830.54,833.37,12327141,861.07,813.41,15.16,48.1,798.55,833.43,856.59,856.59,0,,,798.55,,0,,0,,,,,
2023-03-03,836.05,851.91,829.32,847.57,12823098,861.54,813.41,15.69,55.92,807.36,833.51,856.59,856.59,0,,,807.36,,0,,0,,,,,
2023-03-06,850.69,855.67,844.44,846.79,13904231,861.92,813.41,15.38,55.43,807.07,833.43,856.59,856.59,0,,,807.07,,0,,0,,,,,
2023-03-08,845.71,852.54,840.69,851.03,16144568,862.3,813.41,15.12,57.62,809.97,833.44,856.59,856.59,0,,,809.97,,0,,0,,,,,
2023-03-09,846.25,848.79,833.51,835.27,10624440,862.54,813.41,15.29,48.14,799.69,832.96,856.59,856.59,0,,,799.69,,0,,0,,,,,
2023-03-10,824.29,824.93,816.05,822.29,17273189,862.74,813.41,15.57,42.01,791.13,832.55,856.59,856.59,0,,,791.13,,0,,0,,,,,
2023-03-13,821.12,834.64,804.04,808.39,16413159,862.79,804.04,16.65,36.63,778.33,832.91,856.59,856.59,0,,,778.33,,0,,0,,,,,
2023-03-14,807.02,814.29,798.48,810.29,15456802,862.89,798.48,16.59,37.81,777.74,833.14,856.59,856.59,0,,,777.74,,0,,0,,,,,
2023-03-15,816.24,823.56,802.34,805.95,12914488,862.84,798.48,16.92,36.16,774.72,832.94,856.59,856.59,0,,,774.72,,0,,0,,,,,
2023-03-16,809.65,811.22,790.72,804.0,14987868,862.76,790.72,17.17,35.41,770.7,832.16,856.59,856.59,0,,,770.7,,0,,0,,,,,
2023-03-17,811.7,818.14,798.87,816.05,11104490,862.67,790.72,17.32,43.21,778.38,831.46,855.67,856.59,0,,,778.38,,0,,0,,,,,
2023-03-20,816.78,817.56,805.07,816.24,14838651,862.52,790.72,16.98,43.33,778.73,830.57,855.67,855.67,0,,,778.73,,0,,0,,,,,
2023-03-21,822.63,833.86,818.78,831.81,18755854,862.38,790.72,17.02,51.99,788.74,830.52,855.67,855.67,0,,,788.74,,0,,0,,,,,
2023-03-22,836.93,841.71,830.44,839.42,17431520,862.26,790.72,16.61,55.57,793.92,830.77,855.67,855.67,0,,,793.92,,0,,0,,,,,
2023-03-23,836.3,846.49,832.2,834.78,17920621,862.08,790.72,16.45,52.98,791.04,830.65,855.67,855.67,0,,,791.04,,0,,0,,,,,
2023-03-24,831.9,839.22,828.64,831.81,17295696,861.86,790.72,16.03,51.33,789.4,830.37,855.67,855.67,0,,,789.4,,0,,0,,,,,
2023-03-27,834.29,835.71,823.66,828.2,17047675,861.72,790.72,15.74,49.32,787.27,830.21,855.67,855.67,0,,,787.27,,0,,0,,,,,
2023-03-28,834.88,838.15,827.71,834.1,24469018,861.74,790.72,15.37,52.59,791.32,830.34,855.67,855.67,0,,,791.32,,0,,0,,,,,
2023-03-29,836.34,841.27,827.51,830.44,34881515,861.65,790.72,15.25,50.41,789.04,829.87,855.67,855.67,0,,,789.04,,0,,0,,,,,
2023-03-31,841.13,859.72,837.76,856.06,25739021,861.68,790.72,16.25,62.19,804.9,830.08,859.72,855.67,0,,,804.9,,0,,0,,,,,
2023-04-03,858.93,865.67,847.86,862.45,26416933,861.75,790.72,16.36,64.45,808.94,830.55,865.67,859.72,0,,,808.94,,0,,0,,,,,
2023-04-05,865.18,866.3,852.88,863.23,21068934,861.84,790.72,16.15,64.73,809.59,831.27,866.3,865.67,0,,,809.59,,0,,0,,,,,
2023-04-06,860.69,868.6,851.62,853.86,26042745,861.97,790.72,16.21,58.79,803.5,832.01,868.6,866.3,0,,,803.5,,0,,0,,,,,
2023-04-10,858.79,861.47,843.52,847.47,30906205,861.85,790.72,16.34,55.07,799.3,832.47,868.6,868.6,0,,,799.3,,0,,0,,,,,
2023-04-11,852.59,864.2,844.1,860.59,39504022,861.89,798.87,16.61,60.58,810.3,833.86,868.6,868.6,0,,,810.3,,0,,0,,,,,
2023-04-12,862.11,870.45,859.03,868.64,22686032,862.01,805.07,16.24,63.53,817.81,835.5,870.45,868.6,1,868.64,817.81,817.81,817.81,1,2023-04-12,0,,,63,,
2023-04-13,869.57,879.87,865.08,877.28,34439635,862.12,818.78,16.13,66.44,828.02,837.43,879.87,870.45,0,,,828.02,828.02,1,2023-04-12,0,,,63,,
2023-04-17,895.14,895.14,871.57,879.53,29957514,862.23,823.66,16.66,67.17,830.74,838.89,895.14,879.87,0,,,830.74,830.74,1,2023-04-12,0,,,63,,
2023-04-18,886.01,886.01,872.5,875.18,26699379,862.37,823.66,16.44,64.25,828.09,840.26,895.14,895.14,0,,,828.09,830.74,1,2023-04-12,0,,,63,,
2023-04-19,874.26,875.23,865.81,870.35,24377956,862.32,823.66,15.94,61.07,825.3,841.41,895.14,895.14,0,,,825.3,830.74,1,2023-04-12,0,,,63,,
2023-04-20,870.69,877.57,867.72,872.79,16999919,862.28,823.66,15.5,62.09,827.17,842.73,895.14,895.14,0,,,827.17,830.74,1,2023-04-12,0,,,63,,
2023-04-21,872.94,878.94,861.08,864.25,29578071,862.14,827.51,15.67,56.51,822.83,843.28,895.14,895.14,0,,,822.83,830.74,1,2023-04-12,1,862.14,SMA150_BREAK,63,7,-0.75
2023-04-24,883.14,884.6,873.38,882.89,30881665,862.1,827.51,16.0,64.1,834.63,844.49,895.14,895.14,0,,,834.63,,0,,0,,,,,
2023-04-25,884.4,893.87,881.28,891.38,41383839,862.07,837.76,15.76,66.93,843.69,845.83,895.14,895.14,0,,,843.69,,0,,0,,,,,
2023-04-26,889.43,894.8,883.87,892.85,30371555,862.06,843.52,15.42,67.41,846.78,847.75,895.14,895.14,0,,,846.78,,0,,0,,,,,
2023-04-27,887.53,897.68,886.6,896.16,25835108,862.12,843.52,15.11,68.51,849.13,850.21,897.68,895.14,1,896.16,849.13,849.13,849.13,1,2023-04-27,0,,,64,,
2023-04-28,892.99,898.21,888.26,895.48,20381002,862.24,843.52,14.74,68.0,848.93,853.12,898.21,897.68,0,,,848.93,849.13,1,2023-04-27,0,,,64,,
2023-05-02,901.68,903.43,896.5,899.82,17515017,862.27,843.52,14.25,69.56,852.06,856.1,903.43,898.21,1,899.82,852.06,852.06,852.06,1,2023-04-27,0,,,64,,
2023-05-03,897.33,901.53,889.53,900.55,18715142,862.32,844.1,14.09,69.83,852.83,859.26,903.43,903.43,0,,,852.83,852.83,1,2023-04-27,0,,,64,,
2023-05-04,897.77,901.58,889.77,899.43,20485002,862.44,859.03,13.93,68.83,857.19,862.44,903.43,903.43,0,,,857.19,857.19,1,2023-04-27,0,,,64,,
2023-05-05,902.65,919.68,901.14,904.56,19002035,862.73,861.08,14.38,70.88,860.88,865.39,919.68,903.43,1,904.56,860.88,860.88,860.88,1,2023-04-27,0,,,64,,
2023-05-08,904.6,918.95,904.6,915.24,18623913,863.23,861.08,14.38,74.62,867.77,868.69,919.68,919.68,0,,,867.77,867.77,1,2023-04-27,0,,,64,,
2023-05-09,918.27,922.17,909.29,911.83,21507610,863.76,861.08,14.27,71.46,865.64,871.35,922.17,919.68,0,,,865.64,867.77,1,2023-04-27,0,,,64,,
2023-05-10,912.02,918.27,905.82,913.44,25910923,864.33,861.08,14.14,72.06,866.77,873.82,922.17,922.17,0,,,866.77,867.77,1,2023-04-27,0,,,64,,
2023-05-11,917.34,924.12,911.29,916.51,20027372,864.95,861.08,14.05,73.22,868.81,876.55,924.12,922.17,0,,,868.81,868.81,1,2023-04-27,0,,,64,,
2023-05-12,917.05,925.1,912.51,921.1,13873480,865.48,861.08,13.95,74.9,871.84,879.52,925.1,924.12,0,,,871.84,871.84,1,2023-04-27,0,,,64,,
2023-05-15,920.95,926.07,915.53,922.9,10453762,866.11,873.38,13.7,75.54,877.26,882.68,926.07,925.1,0,,,877.26,877.26,1,2023-04-27,0,,,64,,
2023-05-16,927.05,929.2,920.22,923.49,19612293,866.62,881.28,13.37,75.76,880.5,885.66,929.2,926.07,0,,,880.5,880.5,1,2023-04-27,0,,,64,,
2023-05-17,924.41,925.49,913.19,916.66,19273344,866.97,883.87,13.29,68.12,877.01,888.53,929.2,929.2,0,,,877.01,880.5,1,2023-04-27,0,,,64,,
2023-05-18,925.05,929.24,919.34,923.63,21550141,867.39,886.6,13.24,71.3,882.45,890.78,929.24,929.2,0,,,882.45,882.45,1,2023-04-27,0,,,64,,
2023-05-19,928.46,932.9,918.85,931.24,15427412,867.86,888.26,13.3,74.31,887.87,893.08,932.9,929.24,1,931.24,887.87,887.87,887.87,1,2023-04-27,0,,,64,,
2023-05-22,928.07,931.2,923.29,927.39,15509525,868.38,889.53,12.91,70.29,886.07,895.22,932.9,932.9,0,,,886.07,887.87,1,2023-04-27,0,,,64,,
2023-05-23,929.0,935.68,922.17,930.37,16579935,868.93,889.53,12.96,71.58,887.96,897.77,935.68,932.9,0,,,887.96,887.96,1,2023-04-27,0,,,64,,
2023-05-24,923.83,930.81,915.83,917.92,18049620,869.5,889.77,13.1,59.94,879.91,900.11,935.68,935.68,0,,,879.91,887.96,1,2023-04-27,0,,,64,,
2023-05-25,914.36,918.85,910.41,917.14,19328582,869.95,901.14,12.77,59.28,883.42,902.0,935.68,935.68,0,,,883.42,887.96,1,2023-04-27,0,,,64,,
2023-05-26,917.09,929.44,912.95,927.73,10957182,870.38,904.6,13.03,64.86,891.23,903.97,935.68,935.68,0,,,891.23,891.23,1,2023-04-27,0,,,64,,
2023-05-29,930.81,934.46,923.93,925.24,12108079,870.71,905.82,12.86,62.69,890.15,905.57,935.68,935.68,0,,,890.15,891.23,1,2023-04-27,0,,,64,,
2023-05-30,922.51,929.29,921.83,927.0,18483624,871.09,905.82,12.47,63.62,891.54,907.15,935.68,935.68,0,,,891.54,891.54,1,2023-04-27,0,,,64,,
2023-05-31,926.56,929.0,917.78,926.22,27254425,871.48,910.41,12.38,62.87,892.63,908.85,935.68,935.68,0,,,892.63,892.63,1,2023-04-27,0,,,64,,
2023-06-01,931.2,931.2,910.26,913.48,21650700,871.67,910.26,12.99,52.11,883.95,910.29,935.68,935.68,0,,,883.95,892.63,1,2023-04-27,0,,,64,,
2023-06-02,920.22,921.83,912.46,915.48,12494376,871.75,910.26,12.73,53.46,885.42,911.71,935.68,935.68,0,,,885.42,892.63,1,2023-04-27,0,,,64,,
2023-06-05,920.22,928.81,920.22,923.88,10751684,871.89,910.26,12.78,58.71,890.81,913.7,935.68,935.68,0,,,890.81,892.63,1,2023-04-27,0,,,64,,
2023-06-06,923.63,924.9,915.44,919.34,11894330,872.0,910.26,12.54,55.09,888.03,914.92,935.68,935.68,0,,,888.03,892.63,1,2023-04-27,0,,,64,,
2023-06-07,921.54,923.0,911.24,917.49,16486469,872.22,910.26,12.48,53.64,886.88,915.79,935.68,935.68,0,,,886.88,892.63,1,2023-04-27,0,,,64,,
2023-06-08,913.97,927.54,912.61,915.24,17608140,872.41,910.26,12.66,51.85,885.31,916.53,935.68,935.68,0,,,885.31,892.63,1,2023-04-27,0,,,64,,
2023-06-09,918.66,921.19,913.58,915.39,12253128,872.6,910.26,12.3,51.97,885.65,917.17,935.68,935.68,0,,,885.65,892.63,1,2023-04-27,0,,,64,,
2023-06-12,915.34,920.71,910.75,913.34,10520125,872.8,910.26,12.13,50.2,884.44,917.77,935.68,935.68,0,,,884.44,892.63,1,2023-04-27,0,,,64,,
2023-06-13,913.29,923.39,911.53,920.75,13528776,873.03,910.26,12.11,56.02,889.23,918.47,935.68,935.68,0,,,889.23,892.63,1,2023-04-27,0,,,64,,
2023-06-14,923.19,924.07,913.63,917.09,13489262,873.25,910.26,11.99,52.74,886.95,919.02,935.68,935.68,0,,,886.95,892.63,1,2023-04-27,0,,,64,,
2023-06-15,917.97,920.17,902.02,904.21,19366819,873.31,902.02,12.43,43.18,875.6,919.18,935.68,935.68,0,,,875.6,892.63,1,2023-04-27,0,,,64,,
2023-06-16,906.85,915.09,904.6,911.63,11249387,873.46,902.02,12.32,48.92,880.46,919.41,935.68,935.68,0,,,880.46,892.63,1,2023-04-27,0,,,64,,
2023-06-19,910.95,911.39,896.5,900.85,19351375,873.55,896.5,12.52,42.24,871.53,918.93,935.68,935.68,0,,,871.53,892.63,1,2023-04-27,0,,,64,,
2023-06-20,898.7,906.12,892.7,903.19,15212286,873.67,892.7,12.59,44.03,871.73,918.64,934.46,935.68,0,,,871.73,892.63,1,2023-04-27,0,,,64,,
2023-06-21,905.58,905.97,897.77,902.36,9210553,873.86,892.7,12.27,43.51,871.41,918.28,934.46,934.46,0,,,871.41,892.63,1,2023-04-27,0,,,64,,
2023-06-22,902.07,912.95,898.46,903.38,27291569,873.95,892.7,12.43,44.37,871.96,917.84,934.46,934.46,0,,,871.96,892.63,1,2023-04-27,0,,,64,,
2023-06-23,903.68,909.39,896.8,901.19,8767733,874.02,892.7,12.44,42.86,870.54,917.17,934.46,934.46,0,,,870.54,892.63,1,2023-04-27,0,,,64,,
2023-06-26,904.7,909.29,900.9,905.04,11749040,874.07,892.7,12.15,46.32,873.22,916.58,931.2,934.46,0,,,873.22,892.63,1,2023-04-27,0,,,64,,
2023-06-27,907.53,917.24,899.92,913.48,13422726,874.17,892.7,12.52,53.03,878.41,916.25,931.2,931.2,0,,,878.41,892.63,1,2023-04-27,0,,,64,,
2023-06-28,921.19,921.19,911.73,914.8,25708001,874.28,892.7,12.3,54.0,879.41,916.18,931.2,931.2,0,,,879.41,892.63,1,2023-04-27,0,,,64,,
2023-06-30,917.78,919.44,908.17,912.02,13843218,874.35,892.7,12.23,51.59,877.67,915.8,928.81,931.2,0,,,877.67,892.63,1,2023-04-27,0,,,64,,
2023-07-03,914.36,922.9,913.87,919.78,12350359,874.44,892.7,12.13,57.32,882.74,915.41,928.81,928.81,0,,,882.74,892.63,1,2023-04-27,0,,,64,,
2023-07-04,924.37,928.32,919.24,921.88,14041699,874.48,892.7,11.91,58.74,884.24,915.23,928.32,928.81,0,,,884.24,892.63,1,2023-04-27,0,,,64,,
2023-07-05,919.29,941.44,918.27,934.86,13817767,874.66,892.7,12.72,66.24,892.07,915.38,941.44,928.32,1,934.86,892.07,892.07,892.63,1,2023-04-27,0,,,64,,
2023-07-06,931.64,940.61,930.95,936.22,16334427,874.81,892.7,12.5,66.91,893.09,915.99,941.44,941.44,0,,,893.09,893.09,1,2023-04-27,0,,,64,,
2023-07-07,929.98,931.98,921.0,923.54,8593807,874.8,892.7,12.69,55.68,884.79,916.2,941.44,941.44,0,,,884.79,893.09,1,2023-04-27,0,,,64,,
2023-07-10,923.15,929.88,918.61,925.49,12069184,874.77,892.7,12.59,56.88,886.11,916.13,941.44,941.44,0,,,886.11,893.09,1,2023-04-27,0,,,64,,
2023-07-11,925.49,929.68,919.14,922.12,16977595,874.81,892.7,12.45,54.16,884.04,916.02,941.44,941.44,0,,,884.04,893.09,1,2023-04-27,0,,,64,,
2023-07-12,925.49,928.17,918.51,921.58,21511161,874.9,896.8,12.25,53.71,885.19,915.84,941.44,941.44,0,,,885.19,893.09,1,2023-04-27,0,,,64,,
2023-07-13,924.8,936.08,919.44,932.61,23222286,875.04,896.8,12.56,60.79,892.09,916.06,941.44,941.44,0,,,892.09,893.09,1,2023-04-27,0,,,64,,
2023-07-14,936.56,941.69,928.37,936.86,12871569,875.28,896.8,12.62,63.12,894.8,916.84,941.69,941.44,0,,,894.8,894.8,1,2023-04-27,0,,,64,,
2023-07-17,939.64,950.27,929.83,945.3,16290763,875.59,899.92,13.17,67.3,900.91,917.83,950.27,941.69,1,945.3,900.91,900.91,900.91,1,2023-04-27,0,,,64,,
2023-07-18,954.37,964.08,947.69,951.88,29709508,875.87,899.92,13.57,70.13,904.89,918.76,964.08,950.27,0,,,904.89,904.89,1,2023-04-27,0,,,64,,
2023-07-19,956.32,956.32,944.17,949.93,15994261,876.15,908.17,13.47,68.24,906.45,919.78,964.08,964.08,0,,,906.45,906.45,1,2023-04-27,0,,,64,,
2023-07-20,952.47,974.04,948.61,971.55,26487838,876.58,908.17,14.33,75.97,919.82,921.59,974.04,964.08,1,971.55,919.82,919.82,919.82,1,2023-04-27,0,,,64,,
2023-07-21,971.25,977.26,964.91,972.91,16903003,876.99,913.87,14.19,76.36,922.69,923.51,977.26,974.04,0,,,922.69,922.69,1,2023-04-27,0,,,64,,
2023-07-24,980.67,984.33,966.18,968.03,21687719,877.45,918.27,14.47,71.86,920.82,925.26,984.33,977.26,0,,,920.82,922.69,1,2023-04-27,0,,,64,,
2023-07-25,974.86,974.86,964.37,970.67,29325327,878.01,918.27,14.18,72.79,922.72,927.17,984.33,984.33,0,,,922.72,922.72,1,2023-04-27,0,,,64,,
2023-07-26,969.11,973.64,966.08,972.38,12780537,878.62,918.51,13.71,73.41,924.21,928.89,984.33,984.33,0,,,924.21,924.21,1,2023-04-27,0,,,64,,
2023-07-27,978.33,982.18,963.35,966.33,25932395,879.17,918.51,14.08,67.58,920.07,930.54,984.33,984.33,0,,,920.07,924.21,1,2023-04-27,0,,,64,,
2023-07-28,964.13,974.57,953.45,972.13,12584130,879.73,918.51,14.58,70.04,923.47,932.8,984.33,984.33,0,,,923.47,924.21,1,2023-04-27,0,,,64,,
2023-07-31,971.94,975.26,964.72,974.18,14303116,880.42,918.51,14.29,70.88,924.99,934.88,984.33,984.33,0,,,924.99,924.99,1,2023-04-27,0,,,64,,
2023-08-01,977.45,979.45,966.52,970.52,15508569,881.1,918.51,14.19,67.25,922.69,937.21,984.33,984.33,0,,,922.69,924.99,1,2023-04-27,0,,,64,,
2023-08-02,961.45,970.08,953.88,963.11,15787996,881.8,919.44,14.37,60.5,918.11,939.2,984.33,984.33,0,,,918.11,924.99,1,2023-04-27,0,,,64,,
2023-08-03,952.96,959.25,936.86,941.69,30994707,882.27,928.37,15.22,46.1,906.7,940.52,984.33,984.33,0,,,906.7,924.99,1,2023-04-27,0,,,64,,
2023-08-04,945.25,952.42,938.03,947.05,20582882,882.72,929.83,15.16,49.35,910.68,941.97,984.33,984.33,0,,,910.68,924.99,1,2023-04-27,0,,,64,,
2023-08-07,947.49,957.79,944.81,952.08,16686062,883.22,936.86,15.0,52.26,916.38,943.67,984.33,984.33,0,,,916.38,924.99,1,2023-04-27,0,,,64,,
2023-08-08,952.18,962.76,948.81,956.23,23784778,883.69,936.86,14.93,54.58,919.1,945.37,984.33,984.33,0,,,919.1,924.99,1,2023-04-27,0,,,64,,
2023-08-09,959.23,959.57,948.06,957.01,19317331,884.27,936.86,14.68,55.02,919.77,946.82,984.33,984.33,0,,,919.77,924.99,1,2023-04-27,0,,,64,,
2023-08-10,955.88,957.95,943.98,948.55,24858441,884.73,936.86,14.63,49.4,914.35,947.95,984.33,984.33,0,,,914.35,924.99,1,2023-04-27,0,,,64,,
2023-08-11,947.86,947.96,934.68,937.48,17162177,885.11,934.68,14.58,43.19,906.52,948.8,984.33,984.33,0,,,906.52,924.99,1,2023-04-27,0,,,64,,
2023-08-14,933.7,947.37,930.74,944.08,19026691,885.56,930.74,14.72,47.44,909.36,949.61,984.33,984.33,0,,,909.36,924.99,1,2023-04-27,0,,,64,,
2023-08-16,939.06,944.32,931.33,941.07,17930805,886.11,930.74,14.6,45.76,907.5,950.25,984.33,984.33,0,,,907.5,924.99,1,2023-04-27,0,,,64,,
2023-08-17,941.52,942.35,931.19,936.3,27077611,886.69,930.74,14.36,43.15,904.59,950.3,984.33,984.33,0,,,904.59,924.99,1,2023-04-27,0,,,64,,
2023-08-18,932.61,939.6,930.74,935.32,13257508,887.25,930.74,13.96,42.61,904.22,950.27,984.33,984.33,0,,,904.22,924.99,1,2023-04-27,0,,,64,,
2023-08-21,935.37,943.83,933.11,939.8,13358017,887.91,930.74,13.73,45.93,907.26,950.81,984.33,984.33,0,,,907.26,924.99,1,2023-04-27,0,,,64,,
2023-08-22,940.98,941.52,933.99,936.65,16872719,888.52,930.74,13.29,44.0,905.53,951.18,982.18,984.33,0,,,905.53,924.99,1,2023-04-27,0,,,64,,
2023-08-23,938.61,952.44,934.53,951.26,14707331,889.26,930.74,13.62,53.69,914.73,952.15,982.18,982.18,0,,,914.73,924.99,1,2023-04-27,0,,,64,,
2023-08-24,956.82,966.56,951.16,953.32,28389740,889.93,930.74,13.75,54.88,915.97,953.21,982.18,982.18,0,,,915.97,924.99,1,2023-04-27,0,,,64,,
2023-08-25,947.42,956.91,944.71,954.75,10275758,890.67,930.74,13.64,55.72,916.97,953.95,979.45,982.18,0,,,916.97,924.99,1,2023-04-27,0,,,64,,
2023-08-28,954.31,959.28,949.49,954.9,10481574,891.41,930.74,13.36,55.82,917.25,954.55,979.45,979.45,0,,,917.25,924.99,1,2023-04-27,0,,,64,,
2023-08-29,957.6,961.49,950.08,952.14,13209913,892.1,930.74,13.22,53.57,915.56,954.78,979.45,979.45,0,,,915.56,924.99,1,2023-04-27,0,,,64,,
2023-08-30,954.8,960.16,939.99,943.44,13936165,892.75,930.74,13.72,47.13,909.62,954.5,970.08,979.45,0,,,909.62,924.99,1,2023-04-27,0,,,64,,
2023-08-31,944.52,950.62,938.66,943.29,36675400,893.38,930.74,13.59,47.03,909.61,954.27,966.56,970.08,0,,,909.61,924.99,1,2023-04-27,0,,,64,,
2023-09-01,941.47,957.36,937.43,953.08,16268147,894.06,930.74,14.04,54.2,915.62,953.66,966.56,966.56,0,,,915.62,924.99,1,2023-04-27,0,,,64,,
2023-09-04,953.08,953.42,945.06,951.75,9512956,894.74,930.74,13.64,53.14,915.03,952.95,966.56,966.56,0,,,915.03,924.99,1,2023-04-27,0,,,64,,
2023-09-05,948.55,954.36,946.73,952.78,16623486,895.53,930.74,13.21,53.89,915.98,952.44,966.56,966.56,0,,,915.98,924.99,1,2023-04-27,0,,,64,,
2023-09-06,947.03,953.86,935.47,942.06,30802100,896.49,930.74,13.58,45.72,908.82,951.49,966.56,966.56,0,,,908.82,924.99,1,2023-04-27,0,,,64,,
2023-09-07,941.96,953.86,939.3,950.08,13462347,897.47,930.74,13.65,51.63,913.95,950.75,966.56,966.56,0,,,913.95,924.99,1,2023-04-27,0,,,64,,
2023-09-08,951.9,959.28,945.75,954.9,13086915,898.42,933.11,13.64,54.81,917.85,950.37,966.56,966.56,0,,,917.85,924.99,1,2023-04-27,0,,,64,,
2023-09-11,959.23,966.16,953.72,962.47,7894110,899.32,933.99,13.56,59.34,923.09,950.04,966.56,966.56,0,,,923.09,924.99,1,2023-04-27,0,,,64,,
2023-09-12,974.13,979.1,966.8,974.53,20959591,900.24,934.53,13.77,65.3,930.9,950.06,979.1,966.56,1,974.53,930.9,930.9,930.9,1,2023-04-27,0,,,64,,
2023-09-13,973.84,978.81,964.74,973.84,21997553,901.11,935.47,13.8,64.71,930.75,950.17,979.1,979.1,0,,,930.75,930.9,1,2023-04-27,0,,,64,,
2023-09-14,976.3,976.89,966.41,971.77,11464188,902.04,935.47,13.56,62.89,929.58,950.46,979.1,979.1,0,,,929.58,930.9,1,2023-04-27,0,,,64,,
2023-09-15,974.38,981.41,972.66,976.44,13307980,903.0,935.47,13.28,65.27,932.77,951.61,981.41,979.1,0,,,932.77,932.77,1,2023-04-27,0,,,64,,
2023-09-18,974.13,980.18,971.38,974.23,16713222,903.9,935.47,12.96,63.21,931.56,952.52,981.41,981.41,0,,,931.56,932.77,1,2023-04-27,0,,,64,,
2023-09-20,965.72,979.94,964.84,971.23,25741856,904.78,935.47,13.11,60.42,929.53,953.16,981.41,981.41,0,,,929.53,932.77,1,2023-04-27,0,,,64,,
2023-09-21,964.15,966.66,942.01,943.83,19742813,905.52,935.47,14.26,42.14,911.09,952.74,981.41,981.41,0,,,911.09,932.77,1,2023-04-27,0,,,64,,
2023-09-22,941.07,945.4,932.12,934.97,12701888,906.22,932.12,14.19,38.13,904.3,952.01,981.41,981.41,0,,,904.3,932.77,1,2023-04-27,1,932.77,TRAILING_STOP,64,103,4.09
2023-09-25,934.97,945.7,926.32,940.93,8997098,906.86,926.32,14.56,42.12,905.96,951.76,981.41,981.41,0,,,905.96,,0,,0,,,,,
2023-09-26,943.49,943.49,931.83,933.4,10521409,907.42,926.32,14.36,38.72,901.25,951.62,981.41,981.41,0,,,901.25,,0,,0,,,,,
2023-09-27,931.04,931.24,919.33,927.89,15152973,907.95,919.33,14.34,36.4,895.38,951.08,981.41,981.41,0,,,895.38,,0,,0,,,,,
2023-09-28,930.25,931.97,919.68,927.4,25991282,908.52,919.33,14.19,36.2,895.16,950.62,981.41,981.41,0,,,895.16,,0,,0,,,,,
2023-09-29,931.43,940.58,928.48,936.55,10447334,909.22,919.33,14.12,42.76,901.11,950.63,981.41,981.41,0,,,901.11,,0,,0,,,,,
2023-10-03,936.25,936.25,923.86,925.14,11131636,909.83,919.33,14.02,37.57,893.82,950.29,981.41,981.41,0,,,893.82,,0,,0,,,,,
2023-10-04,919.92,920.41,910.08,915.05,17334739,910.47,910.08,14.09,33.68,884.17,949.47,981.41,981.41,0,,,884.17,,0,,0,,,,,
2023-10-05,920.12,928.73,919.48,925.68,10478856,911.18,910.08,14.06,40.65,891.05,949.1,981.41,981.41,0,,,891.05,,0,,0,,,,,
2023-10-06,930.74,931.29,922.87,929.96,6355755,911.91,910.08,13.66,43.24,894.08,948.39,981.41,981.41,0,,,894.08,,0,,0,,,,,
2023-10-09,925.09,926.86,921.2,923.46,6725306,912.5,910.08,13.31,40.36,890.12,947.4,981.41,981.41,0,,,890.12,,0,,0,,,,,
2023-10-10,925.23,942.06,925.18,935.86,11452715,913.18,910.08,13.69,47.54,897.87,946.77,981.41,981.41,0,,,897.87,,0,,0,,,,,
2023-10-11,939.5,946.54,935.42,937.73,12233117,913.86,910.08,13.5,48.54,899.19,946.2,981.41,981.41,0,,,899.19,,0,,0,,,,,
2023-10-12,937.48,944.62,933.11,938.86,7836818,914.56,910.08,13.36,49.18,900.02,945.75,981.41,981.41,0,,,900.02,,0,,0,,,,,
2023-10-13,934.63,941.96,929.32,935.96,6650442,915.15,910.08,13.31,47.56,898.18,945.5,981.41,981.41,0,,,898.18,,0,,0,,,,,
2023-10-16,933.2,939.45,930.89,936.06,5763024,915.74,910.08,12.97,47.62,898.47,945.26,981.41,981.41,0,,,898.47,,0,,0,,,,,
2023-10-17,939.99,945.45,936.16,938.52,7747527,916.33,910.08,12.71,49.26,900.23,944.78,980.18,981.41,0,,,900.23,,0,,0,,,,,
2023-10-18,933.89,935.32,923.96,928.53,12000153,916.95,910.08,12.85,43.32,893.7,944.0,979.94,980.18,0,,,893.7,,0,,0,,,,,
2023-10-19,920.91,929.76,918.94,920.66,8612676,917.61,910.08,12.7,39.31,888.72,942.93,966.66,979.94,0,,,888.72,,0,,0,,,,,
2023-10-20,916.97,924.84,915.0,917.71,6586576,918.33,910.08,12.5,37.89,886.95,942.12,946.54,966.66,0,,,886.95,,0,,0,,,,,
2023-10-23,926.81,929.56,910.48,914.95,11856890,919.03,910.08,12.97,36.56,884.86,940.95,946.54,946.54,0,,,884.86,,0,,0,,,,,
2023-10-25,911.12,918.74,896.7,901.33,12593434,919.67,896.7,13.61,30.81,871.18,939.16,946.54,946.54,0,,,871.18,,0,,0,,,,,
2023-10-26,899.56,901.82,884.5,894.0,21693345,920.27,884.5,13.88,28.24,862.21,936.88,946.54,946.54,0,,,862.21,,0,,0,,,,,
2023-10-27,901.23,903.34,896.6,898.03,8645505,920.81,884.5,13.56,31.62,865.03,934.33,946.54,946.54,0,,,865.03,,0,,0,,,,,
2023-10-30,894.44,911.36,893.55,909.98,7687791,921.44,884.5,13.86,40.56,872.53,932.2,946.54,946.54,0,,,872.53,,0,,0,,,,,
2023-10-31,914.31,915.99,899.36,900.59,17211107,921.9,884.5,14.06,36.52,866.34,929.83,946.54,946.54,0,,,866.34,,0,,0,,,,,
2023-11-01,899.06,902.8,894.64,899.31,12927203,922.3,884.5,13.64,35.99,865.8,927.26,946.54,946.54,0,,,865.8,,0,,0,,,,,
2023-11-02,905.21,909.89,898.08,905.11,9747311,922.77,884.5,13.51,40.2,869.63,924.96,946.54,946.54,0,,,869.63,,0,,0,,,,,
2023-11-03,913.58,919.43,911.85,918.74,7146961,923.35,884.5,13.56,48.73,878.38,923.21,946.54,946.54,0,,,878.38,,0,,0,,,,,
2023-11-06,925.82,932.47,922.28,930.2,10338367,924.03,884.5,13.58,54.59,885.76,922.75,946.54,946.54,0,,,885.76,,0,,0,,,,,
2023-11-07,928.38,935.12,915.44,932.81,15704942,924.68,884.5,14.01,55.83,887.15,922.68,946.54,946.54,0,,,887.15,,0,,0,,,,,
2023-11-08,933.15,933.15,919.04,920.66,17606074,925.29,884.5,14.02,49.11,879.31,922.0,946.54,946.54,0,,,879.31,,0,,0,,,,,
2023-11-09,918.94,927.15,917.95,922.23,9406117,925.73,884.5,13.67,49.95,880.56,921.63,945.45,946.54,0,,,880.56,,0,,0,,,,,
2023-11-10,919.82,926.27,917.36,923.46,9560455,926.13,884.5,13.33,50.64,881.58,921.48,945.45,945.45,0,,,881.58,,0,,0,,,,,
2023-11-13,925.73,925.73,916.97,919.38,11470096,926.51,884.5,13.01,48.27,879.16,921.22,945.45,945.45,0,,,879.16,,0,,0,,,,,
2023-11-15,929.17,929.17,923.61,925.92,19492138,926.99,884.5,12.78,52.13,883.53,920.86,945.45,945.45,0,,,883.53,,0,,0,,,,,
2023-11-16,923.86,930.94,918.94,920.91,19706373,927.48,884.5,12.72,49.11,880.34,920.72,935.32,945.45,0,,,880.34,,0,,0,,,,,
2023-11-17,911.61,923.27,905.31,906.98,10956653,927.79,893.55,13.1,41.85,874.12,920.45,935.12,935.32,0,,,874.12,,0,,0,,,,,
2023-11-20,907.13,911.8,902.7,906.59,10562301,928.04,893.55,12.81,41.66,874.06,919.82,935.12,935.12,0,,,874.06,,0,,0,,,,,
2023-11-21,909.49,913.08,907.13,911.16,8989572,928.27,894.64,12.36,44.76,877.67,919.19,935.12,935.12,0,,,877.67,,0,,0,,,,,
2023-11-22,908.36,910.28,900.0,907.87,12197979,928.45,894.64,12.27,42.99,875.61,918.67,935.12,935.12,0,,,875.61,,0,,0,,,,,
2023-11-23,908.11,910.43,903.69,908.11,5534614,928.67,898.08,11.88,43.17,877.17,917.74,935.12,935.12,0,,,877.17,,0,,0,,,,,
2023-11-24,906.64,915.4,905.36,914.41,7452002,928.97,900.0,11.75,47.73,881.96,916.97,935.12,935.12,0,,,881.96,,0,,0,,,,,
2023-11-28,913.92,916.04,906.84,910.57,14231987,929.22,900.0,11.57,45.34,879.61,916.02,935.12,935.12,0,,,879.61,,0,,0,,,,,
2023-11-29,915.89,925.92,911.07,924.45,11680078,929.62,900.0,11.84,54.27,888.38,915.64,935.12,935.12,0,,,888.38,,0,,0,,,,,
2023-11-30,923.81,925.68,913.23,919.87,23950292,929.87,900.0,11.88,51.29,885.4,915.1,935.12,935.12,0,,,885.4,,0,,0,,,,,
2023-12-01,920.86,936.65,917.95,931.43,16986046,930.13,900.0,12.37,57.61,892.53,914.86,936.65,935.12,0,,,892.53,,0,,0,,,,,
2023-12-04,948.16,978.81,945.9,975.21,33131257,930.68,900.0,14.87,72.28,919.1,916.42,978.81,936.65,1,975.21,919.1,919.1,919.1,1,2023-12-04,0,,,65,,
2023-12-05,986.33,999.37,979.0,997.11,31378461,931.36,900.0,15.53,76.63,932.78,918.97,999.37,978.81,0,,,932.78,932.78,1,2023-12-04,0,,,65,,
2023-12-06,997.65,999.86,984.12,987.07,18786590,931.97,900.0,15.55,71.12,926.3,921.28,999.86,999.37,0,,,926.3,932.78,1,2023-12-04,0,,,65,,
2023-12-07,980.28,986.04,972.21,982.89,11841945,932.52,900.0,15.5,68.89,923.63,923.55,999.86,999.86,0,,,923.63,932.78,1,2023-12-04,0,,,65,,
2023-12-08,978.46,996.52,977.23,994.55,16116363,933.15,900.0,15.77,71.56,930.97,926.65,999.86,999.86,0,,,930.97,932.78,1,2023-12-04,0,,,65,,
2023-12-11,990.86,1003.55,988.45,1000.7,11714606,933.82,900.0,15.72,72.89,934.97,930.21,1003.55,999.86,1,1000.7,934.97,934.97,934.97,1,2023-12-04,0,,,65,,
2023-12-12,1000.7,1004.53,992.33,999.32,12380856,934.45,900.0,15.47,72.08,934.25,933.59,1004.53,1003.55,0,,,934.25,934.97,1,2023-12-04,0,,,65,,
2023-12-13,998.43,1004.24,992.92,997.55,15887040,935.0,900.0,15.17,70.99,933.3,936.51,1004.53,1004.53,0,,,933.3,934.97,1,2023-12-04,0,,,65,,
2023-12-14,1005.76,1023.23,1004.78,1016.98,16317672,935.7,903.69,15.92,75.39,946.57,940.38,1023.23,1004.53,1,1016.98,946.57,946.57,946.57,1,2023-12-04,0,,,65,,
2023-12-15,1026.82,1026.87,1009.16,1020.67,14306067,936.42,905.36,16.05,76.13,949.42,944.43,1026.87,1023.23,0,,,949.42,949.42,1,2023-12-04,0,,,65,,
2023-12-18,1013.34,1013.34,1001.58,1004.98,8592711,937.01,906.84,16.27,66.91,939.65,947.76,1026.87,1026.87,0,,,939.65,949.42,1,2023-12-04,0,,,65,,
2023-12-19,1008.96,1008.96,996.27,999.07,10094256,937.53,911.07,16.01,63.78,937.42,950.44,1026.87,1026.87,0,,,937.42,949.42,1,2023-12-04,0,,,65,,
2023-12-20,1005.52,1005.52,985.84,990.42,16490281,937.98,913.23,16.27,59.4,932.38,952.44,1026.87,1026.87,0,,,932.38,949.42,1,2023-12-04,0,,,65,,
2023-12-21,980.48,994.6,973.25,988.2,18064916,938.41,917.95,16.64,58.29,932.28,954.29,1026.87,1026.87,0,,,932.28,949.42,1,2023-12-04,0,,,65,,
2023-12-22,986.78,993.27,975.61,978.26,20881976,938.82,945.9,16.71,53.48,935.14,956.21,1026.87,1026.87,0,,,935.14,949.42,1,2023-12-04,0,,,65,,
2023-12-26,978.86,981.41,973.94,979.05,14339699,939.19,972.21,16.05,53.81,944.86,958.1,1026.87,1026.87,0,,,944.86,949.42,1,2023-12-04,0,,,65,,
2023-12-27,981.86,988.69,976.0,986.09,12996468,939.56,972.21,15.81,56.72,949.56,960.19,1026.87,1026.87,0,,,949.56,949.56,1,2023-12-04,0,,,65,,
2023-12-28,991.74,995.38,982.99,989.68,24915990,939.97,972.21,15.57,58.17,952.04,962.54,1026.87,1026.87,0,,,952.04,952.04,1,2023-12-04,0,,,65,,
2023-12-29,987.86,992.29,977.67,980.53,12280140,940.31,973.25,15.5,53.28,946.53,964.36,1026.87,1026.87,0,,,946.53,952.04,1,2023-12-04,0,,,65,,
2024-01-01,975.56,988.64,975.02,983.28,7683792,940.74,973.25,15.36,54.51,948.39,966.44,1026.87,1026.87,0,,,948.39,952.04,1,2023-12-04,0,,,65,,
2024-01-02,980.92,981.56,964.44,966.41,16263825,941.07,964.44,15.61,46.39,934.41,968.42,1026.87,1026.87,0,,,934.41,952.04,1,2023-12-04,0,,,65,,
2024-01-03,968.82,972.07,959.37,968.18,16826752,941.34,959.37,15.4,47.28,934.0,970.47,1026.87,1026.87,0,,,934.0,952.04,1,2023-12-04,0,,,65,,
2024-01-04,970.49,973.2,966.06,971.23,22789140,941.65,959.37,14.81,48.85,936.36,972.47,1026.87,1026.87,0,,,936.36,952.04,1,2023-12-04,0,,,65,,
2024-01-05,972.07,982.2,967.93,977.67,14875499,941.98,959.37,14.78,52.1,940.54,974.8,1026.87,1026.87,0,,,940.54,952.04,1,2023-12-04,0,,,65,,
2024-01-08,977.97,982.1,964.49,966.16,8393164,942.25,959.37,14.98,46.43,932.98,976.73,1026.87,1026.87,0,,,932.98,952.04,1,2023-12-04,0,,,65,,
2024-01-09,970.34,978.95,959.67,963.95,14660414,942.59,959.37,15.28,45.41,931.35,978.38,1026.87,1026.87,0,,,931.35,952.04,1,2023-12-04,0,,,65,,
2024-01-10,958.59,978.9,958.59,977.04,9409181,943.0,958.59,15.64,52.13,939.29,980.6,1026.87,1026.87,0,,,939.29,952.04,1,2023-12-04,0,,,65,,
2024-01-11,979.25,982.4,970.94,975.17,6451345,943.34,958.59,15.34,51.16,938.28,982.29,1026.87,1026.87,0,,,938.28,952.04,1,2023-12-04,0,,,65,,
2024-01-12,978.76,992.43,975.76,987.32,12255743,943.79,958.59,15.48,56.78,946.03,984.54,1026.87,1026.87,0,,,946.03,952.04,1,2023-12-04,0,,,65,,
2024-01-15,987.32,995.34,983.14,993.56,12388044,944.3,958.59,15.25,59.37,950.21,986.61,1013.34,1026.87,0,,,950.21,952.04,1,2023-12-04,0,,,65,,
2024-01-16,989.87,999.42,988.4,992.78,11505126,944.82,958.59,14.95,58.89,949.91,987.2,1008.96,1013.34,0,,,949.91,952.04,1,2023-12-04,0,,,65,,
2024-01-17,971.97,991.55,961.0,965.92,41914771,945.15,958.59,16.15,45.43,931.78,986.16,1005.52,1008.96,0,,,931.78,952.04,1,2023-12-04,0,,,65,,
2024-01-18,958.24,978.26,954.5,970.44,17902484,945.53,954.5,16.69,47.6,932.97,985.6,999.42,1005.52,0,,,932.97,952.04,1,2023-12-04,0,,,65,,
2024-01-19,975.31,994.6,971.62,983.09,23271148,945.95,954.5,17.23,53.21,940.78,985.61,999.42,999.42,0,,,940.78,952.04,1,2023-12-04,0,,,65,,
2024-01-23,1042.02,1042.32,1004.73,1012.45,50797448,946.59,954.5,20.23,63.09,957.71,986.2,1042.32,999.42,1,1012.45,957.71,957.71,957.71,1,2023-12-04,0,,,65,,
2024-01-24,1012.85,1019.24,980.58,983.09,34578943,947.11,954.5,21.54,51.4,937.9,985.62,1042.32,1042.32,0,,,937.9,957.71,1,2023-12-04,0,,,65,,
2024-01-25,982.3,998.73,972.21,993.66,28315035,947.66,954.5,21.9,54.66,944.48,985.43,1042.32,1042.32,0,,,944.48,957.71,1,2023-12-04,0,,,65,,
2024-01-29,1003.55,1015.36,993.71,1000.01,14078922,948.32,954.5,21.88,56.54,948.58,985.51,1042.32,1042.32,0,,,948.58,957.71,1,2023-12-04,0,,,65,,
2024-01-30,998.58,1007.34,991.74,1000.5,16085742,948.97,954.5,21.43,56.69,949.2,984.96,1042.32,1042.32,0,,,949.2,957.71,1,2023-12-04,0,,,65,,
2024-01-31,1000.4,1022.24,987.07,1011.57,25627447,949.7,954.5,22.42,60.04,955.69,984.66,1042.32,1042.32,0,,,955.69,957.71,1,2023-12-04,0,,,65,,
2024-02-01,1017.28,1017.28,1000.99,1008.62,13058880,950.4,954.5,21.98,58.74,954.07,984.78,1042.32,1042.32,0,,,954.07,957.71,1,2023-12-04,0,,,65,,
2024-02-02,1020.37,1033.07,1005.17,1007.49,14774650,951.11,954.5,22.4,58.21,953.06,985.06,1042.32,1042.32,0,,,953.06,957.71,1,2023-12-04,0,,,65,,
2024-02-05,1006.01,1009.9,995.78,1006.99,12948430,951.79,954.5,21.81,57.97,953.14,985.61,1042.32,1042.32,0,,,953.14,957.71,1,2023-12-04,0,,,65,,
2024-02-06,1007.04,1018.21,1000.3,1009.85,12886927,952.43,954.5,21.53,59.03,955.17,986.33,1042.32,1042.32,0,,,955.17,957.71,1,2023-12-04,0,,,65,,
2024-02-07,1011.42,1014.91,996.66,1005.67,16410895,953.03,954.5,21.3,56.77,952.63,987.25,1042.32,1042.32,0,,,952.63,957.71,1,2023-12-04,0,,,65,,
2024-02-08,1007.58,1011.67,969.36,973.35,20565502,953.44,954.5,22.8,43.06,930.78,987.06,1042.32,1042.32,0,,,930.78,957.71,1,2023-12-04,0,,,65,,
2024-02-09,972.9,997.4,969.61,994.4,12799837,953.94,954.5,23.15,51.31,944.12,987.34,1042.32,1042.32,0,,,944.12,957.71,1,2023-12-04,0,,,65,,
2024-02-12,994.11,995.88,969.36,980.04,8050066,954.33,969.36,23.39,46.37,939.65,987.01,1042.32,1042.32,0,,,939.65,957.71,1,2023-12-04,0,,,65,,
2024-02-13,989.78,1010.49,984.17,1003.35,18706292,954.78,969.36,23.9,54.09,954.35,987.77,1042.32,1042.32,0,,,954.35,957.71,1,2023-12-04,0,,,65,,
2024-02-14,993.27,1019.0,991.3,1006.21,17878720,955.25,969.36,24.17,54.95,956.01,988.54,1042.32,1042.32,0,,,956.01,957.71,1,2023-12-04,0,,,65,,
2024-02-15,1006.35,1010.09,990.37,1000.25,10069878,955.76,969.36,23.85,52.74,952.38,989.67,1042.32,1042.32,0,,,952.38,957.71,1,2023-12-04,0,,,65,,
2024-02-16,1006.7,1009.65,1000.5,1006.75,7159395,956.3,969.36,22.82,54.87,957.26,990.95,1042.32,1042.32,0,,,957.26,957.71,1,2023-12-04,0,,,65,,
2024-02-19,1006.85,1029.13,1006.85,1026.92,9388255,957.0,969.36,22.79,60.78,970.29,992.81,1042.32,1042.32,0,,,970.29,970.29,1,2023-12-04,0,,,65,,
2024-02-20,1024.26,1035.67,1016.59,1031.84,11293528,957.74,969.36,22.52,62.09,973.64,994.61,1042.32,1042.32,0,,,973.64,973.64,1,2023-12-04,0,,,65,,
2024-02-21,1039.76,1046.84,1031.1,1034.99,15946325,958.42,969.36,22.04,62.94,976.0,996.91,1046.84,1042.32,0,,,976.0,976.0,1,2023-12-04,0,,,65,,
2024-02-22,1038.97,1048.81,1023.52,1045.56,13432573,959.15,969.36,22.27,65.71,982.66,999.63,1048.81,1046.84,0,,,982.66,982.66,1,2023-12-04,0,,,65,,
2024-02-23,1052.74,1052.74,1040.59,1044.18,13142759,959.8,969.36,21.55,65.03,982.25,1001.87,1052.74,1048.81,0,,,982.25,982.66,1,2023-12-04,0,,,65,,
2024-02-26,1036.12,1045.17,1033.56,1037.2,7875941,960.37,969.36,20.84,61.53,978.22,1003.94,1052.74,1052.74,0,,,978.22,982.66,1,2023-12-04,0,,,65,,
2024-02-27,1033.8,1049.01,1029.62,1043.1,10580973,960.99,969.36,20.74,63.33,982.1,1005.79,1052.74,1052.74,0,,,982.1,982.66,1,2023-12-04,0,,,65,,
2024-02-28,1045.86,1047.68,1025.34,1029.33,7730332,961.38,969.36,20.85,56.68,973.14,1006.99,1052.74,1052.74,0,,,973.14,982.66,1,2023-12-04,0,,,65,,
2024-02-29,1026.23,1043.59,1021.75,1035.23,20944844,961.8,969.36,20.92,58.68,976.9,1008.4,1052.74,1052.74,0,,,976.9,982.66,1,2023-12-04,0,,,65,,
2024-03-01,1037.99,1072.37,1037.0,1069.37,14909562,962.47,969.36,22.08,67.92,998.14,1011.85,1072.37,1052.74,1,1069.37,998.14,998.14,998.14,1,2023-12-04,0,,,65,,
2024-03-04,1063.57,1077.34,1062.68,1074.73,11424581,963.16,984.17,21.55,69.08,1006.89,1015.33,1077.34,1072.37,0,,,1006.89,1006.89,1,2023-12-04,0,,,65,,
2024-03-05,1068.68,1081.77,1059.14,1070.5,9222544,963.82,990.37,21.63,67.01,1006.18,1018.24,1081.77,1077.34,0,,,1006.18,1006.89,1,2023-12-04,0,,,65,,
2024-03-06,1062.88,1095.59,1062.88,1079.41,21796484,964.57,990.37,22.42,69.11,1011.4,1020.47,1095.59,1081.77,0,,,1011.4,1011.4,1,2023-12-04,0,,,65,,
2024-03-07,1077.29,1077.34,1065.24,1070.4,9963926,965.23,1000.5,21.83,64.63,1009.36,1023.38,1095.59,1095.59,0,,,1009.36,1011.4,1,2023-12-04,0,,,65,,
2024-03-11,1070.4,1070.4,1059.39,1061.3,13310362,965.81,1006.85,21.06,60.37,1006.12,1025.64,1095.59,1095.59,0,,,1006.12,1011.4,1,2023-12-04,0,,,65,,
2024-03-12,1059.68,1077.14,1038.63,1059.48,21785435,966.4,1016.59,22.3,59.52,1007.36,1027.62,1095.59,1095.59,0,,,1007.36,1011.4,1,2023-12-04,0,,,65,,
2024-03-13,1059.78,1072.08,1055.84,1066.47,24855870,967.09,1021.75,21.87,61.74,1013.88,1029.82,1095.59,1095.59,0,,,1013.88,1013.88,1,2023-12-04,0,,,65,,
2024-03-14,1062.58,1079.41,1057.71,1066.12,14231421,967.92,1021.75,21.86,61.55,1013.66,1031.64,1095.59,1095.59,0,,,1013.66,1013.88,1,2023-12-04,0,,,65,,
2024-03-15,1054.71,1068.73,1052.74,1062.93,66192734,968.69,1021.75,21.44,59.83,1011.88,1033.45,1095.59,1095.59,0,,,1011.88,1013.88,1,2023-12-04,0,,,65,,
2024-03-18,1057.71,1067.31,1042.95,1063.76,8769440,969.44,1021.75,21.65,60.14,1012.28,1035.32,1095.59,1095.59,0,,,1012.28,1013.88,1,2023-12-04,0,,,65,,
2024-03-19,1061.06,1071.19,1057.91,1066.47,16708715,970.17,1021.75,21.05,61.2,1014.42,1037.31,1095.59,1095.59,0,,,1014.42,1014.42,1,2023-12-04,0,,,65,,
2024-03-20,1062.58,1072.42,1050.28,1067.01,18725251,970.91,1021.75,21.13,61.43,1014.72,1039.21,1095.59,1095.59,0,,,1014.72,1014.72,1,2023-12-04,0,,,65,,
2024-03-21,1074.39,1082.26,1061.75,1064.35,19992607,971.68,1021.75,21.08,59.62,1013.03,1041.17,1095.59,1095.59,0,,,1013.03,1014.72,1,2023-12-04,0,,,65,,
2024-03-22,1063.71,1076.06,1061.3,1072.72,17214415,972.58,1037.0,20.63,63.28,1023.82,1044.48,1095.59,1095.59,0,,,1023.82,1023.82,1,2023-12-04,0,,,65,,
2024-03-26,1063.57,1071.59,1059.58,1066.22,13367635,973.39,1038.63,20.1,58.82,1020.52,1046.87,1095.59,1095.59,0,,,1020.52,1023.82,1,2023-12-04,0,,,65,,
2024-03-27,1066.22,1074.88,1062.14,1066.27,26907245,974.23,1038.63,19.57,58.85,1020.91,1049.75,1095.59,1095.59,0,,,1020.91,1023.82,1,2023-12-04,0,,,65,,
2024-03-28,1067.5,1087.23,1067.5,1075.67,22070566,975.16,1038.63,19.67,63.19,1026.9,1052.16,1095.59,1095.59,0,,,1026.9,1026.9,1,2023-12-04,0,,,65,,
2024-04-01,1078.37,1085.16,1076.8,1081.92,10848191,976.13,1038.63,18.94,65.77,1031.42,1054.68,1095.59,1095.59,0,,,1031.42,1031.42,1,2023-12-04,0,,,65,,
2024-04-02,1076.8,1076.8,1061.84,1063.76,14380396,976.96,1038.63,19.02,53.93,1019.65,1056.8,1095.59,1095.59,0,,,1019.65,1031.42,1,2023-12-04,0,,,65,,
2024-04-03,1057.66,1066.17,1054.96,1059.83,15477184,977.78,1038.63,18.47,51.75,1017.49,1058.57,1095.59,1095.59,0,,,1017.49,1031.42,1,2023-12-04,0,,,65,,
2024-04-04,1067.26,1068.29,1046.3,1061.45,21419689,978.52,1042.95,18.72,52.6,1019.81,1059.72,1095.59,1095.59,0,,,1019.81,1031.42,1,2023-12-04,0,,,65,,
2024-04-05,1052.74,1068.49,1050.24,1065.93,15340637,979.27,1042.95,18.68,54.96,1022.72,1060.86,1095.59,1095.59,0,,,1022.72,1031.42,1,2023-12-04,0,,,65,,
2024-04-08,1060.96,1074.14,1058.94,1069.62,8023461,980.03,1042.95,18.44,56.86,1025.26,1062.01,1087.23,1095.59,0,,,1025.26,1031.42,1,2023-12-04,0,,,65,,
2024-04-09,1074.34,1097.26,1070.75,1089.2,12298463,980.93,1042.95,19.09,65.25,1037.46,1063.46,1097.26,1087.23,1,1089.2,1037.46,1037.46,1037.46,1,2023-12-04,0,,,65,,
2024-04-10,1093.03,1098.54,1087.33,1091.51,10598000,981.86,1046.3,18.53,66.09,1040.44,1065.04,1098.54,1097.26,0,,,1040.44,1040.44,1,2023-12-04,0,,,65,,
2024-04-12,1085.7,1093.92,1078.13,1086.59,12216657,982.81,1046.3,18.33,62.62,1037.39,1066.69,1098.54,1098.54,0,,,1037.39,1040.44,1,2023-12-04,0,,,65,,
2024-04-15,1082.46,1088.31,1059.24,1060.96,10526597,983.6,1046.3,19.1,48.4,1020.35,1067.28,1098.54,1098.54,0,,,1020.35,1040.44,1,2023-12-04,0,,,65,,
2024-04-16,1053.29,1057.27,1045.56,1049.84,11278092,984.24,1045.56,18.84,43.75,1013.11,1067.97,1098.54,1098.54,0,,,1013.11,1040.44,1,2023-12-04,0,,,65,,
2024-04-18,1056.68,1060.66,1033.51,1038.43,16564216,984.82,1033.51,19.43,39.56,1001.34,1068.07,1098.54,1098.54,0,,,1001.34,1040.44,1,2023-12-04,1,1040.44,TRAILING_STOP,65,91,6.69
2024-04-19,1035.97,1054.71,1031.2,1050.04,11284433,985.47,1031.2,19.72,45.3,1007.86,1067.43,1098.54,1098.54,0,,,1007.86,,0,,0,,,,,
2024-04-22,1061.4,1071.14,1053.09,1069.13,10346714,986.31,1031.2,19.82,53.18,1020.11,1067.24,1098.54,1098.54,0,,,1020.11,,0,,0,,,,,
2024-04-23,1082.26,1082.26,1065.24,1072.67,9848215,987.13,1031.2,19.62,54.49,1022.53,1067.32,1098.54,1098.54,0,,,1022.53,,0,,0,,,,,
2024-04-24,1074.64,1080.69,1071.44,1079.06,5461309,987.96,1031.2,18.88,56.84,1027.14,1067.3,1098.54,1098.54,0,,,1027.14,,0,,0,,,,,
2024-04-25,1072.42,1107.5,1072.37,1095.79,19905338,988.85,1031.2,20.04,62.32,1037.16,1068.15,1107.5,1098.54,0,,,1037.16,,0,,0,,,,,
2024-04-26,1094.21,1101.94,1084.97,1090.03,14190059,989.62,1031.2,19.82,59.52,1033.59,1069.11,1107.5,1107.5,0,,,1033.59,,0,,0,,,,,
2024-04-29,1090.13,1144.69,1090.03,1141.44,28578063,990.74,1031.2,22.31,71.73,1065.09,1071.84,1144.69,1107.5,1,1141.44,1065.09,1065.09,1065.09,1,2024-04-29,0,,,66,,
2024-04-30,1141.24,1150.69,1128.26,1131.85,29568491,991.8,1031.2,22.32,67.63,1058.9,1074.02,1150.69,1144.69,0,,,1058.9,1065.09,1,2024-04-29,0,,,66,,
2024-05-02,1124.57,1136.87,1114.97,1121.07,25118334,992.77,1031.2,22.29,63.26,1051.96,1075.85,1150.69,1150.69,0,,,1051.96,1065.09,1,2024-04-29,0,,,66,,
2024-05-03,1122.89,1138.73,1117.14,1123.63,19933604,993.76,1031.2,22.24,63.86,1053.65,1077.87,1150.69,1150.69,0,,,1053.65,1065.09,1,2024-04-29,0,,,66,,
2024-05-06,1123.14,1139.77,1119.75,1127.81,14970524,994.81,1031.2,22.08,64.86,1056.45,1080.01,1150.69,1150.69,0,,,1056.45,1065.09,1,2024-04-29,0,,,66,,
2024-05-07,1129.44,1134.16,1108.14,1113.65,15097728,995.94,1031.2,22.36,58.88,1047.13,1081.58,1150.69,1150.69,0,,,1047.13,1065.09,1,2024-04-29,0,,,66,,
2024-05-08,1108.38,1113.74,1098.05,1104.89,19913090,997.07,1031.2,21.88,55.48,1041.8,1082.84,1150.69,1150.69,0,,,1041.8,1065.09,1,2024-04-29,0,,,66,,
2024-05-09,1102.48,1110.65,1092.1,1097.71,12229853,998.12,1031.2,21.65,52.78,1037.33,1083.96,1150.69,1150.69,0,,,1037.33,1065.09,1,2024-04-29,0,,,66,,
2024-05-10,1099.97,1110.69,1094.12,1099.04,8573656,999.22,1031.2,21.28,53.23,1038.42,1084.83,1150.69,1150.69,0,,,1038.42,1065.09,1,2024-04-29,0,,,66,,
2024-05-13,1094.46,1112.42,1088.85,1109.81,9707983,1000.43,1053.09,21.45,56.85,1052.56,1086.29,1150.69,1150.69,0,,,1052.56,1065.09,1,2024-04-29,0,,,66,,
2024-05-14,1107.74,1109.71,1100.51,1102.48,8944262,1001.6,1065.24,20.58,53.8,1052.46,1087.49,1150.69,1150.69,0,,,1052.46,1065.09,1,2024-04-29,0,,,66,,
2024-05-15,1104.0,1109.61,1095.54,1106.22,10743423,1002.73,1071.44,20.11,55.12,1057.25,1088.51,1150.69,1150.69,0,,,1057.25,1065.09,1,2024-04-29,0,,,66,,
2024-05-16,1114.73,1118.22,1094.85,1112.81,14265565,1003.98,1072.37,20.35,57.43,1061.65,1089.54,1150.69,1150.69,0,,,1061.65,1065.09,1,2024-04-29,0,,,66,,
2024-05-17,1112.81,1125.55,1102.53,1112.27,8641784,1005.3,1084.97,20.54,57.17,1065.38,1091.16,1150.69,1150.69,0,,,1065.38,1065.38,1,2024-04-29,0,,,66,,
2024-05-21,1104.1,1115.52,1098.25,1102.87,10452900,1006.48,1088.85,20.3,52.7,1060.76,1092.59,1150.69,1150.69,0,,,1060.76,1065.38,1,2024-04-29,0,,,66,,
2024-05-22,1106.86,1107.74,1080.39,1093.18,17527411,1007.57,1080.39,20.81,48.5,1051.36,1093.65,1150.69,1150.69,0,,,1051.36,1065.38,1,2024-04-29,0,,,66,,
2024-05-23,1097.56,1118.66,1093.48,1116.2,13787687,1008.85,1080.39,21.14,57.23,1065.98,1095.33,1150.69,1150.69,0,,,1065.98,1065.98,1,2024-04-29,0,,,66,,
2024-05-24,1111.78,1116.7,1106.02,1113.69,6312670,1010.04,1080.39,20.39,56.11,1064.86,1096.8,1150.69,1150.69,0,,,1064.86,1065.98,1,2024-04-29,0,,,66,,
2024-05-27,1113.65,1129.29,1103.46,1111.58,11599857,1011.2,1080.39,20.78,55.14,1063.24,1097.54,1150.69,1150.69,0,,,1063.24,1065.98,1,2024-04-29,0,,,66,,
2024-05-28,1114.24,1116.89,1106.86,1108.78,9311718,1012.33,1080.39,20.01,53.8,1061.95,1098.12,1150.69,1150.69,0,,,1061.95,1065.98,1,2024-04-29,0,,,66,,
2024-05-29,1097.07,1105.43,1080.78,1084.23,19268547,1013.32,1080.39,20.58,43.79,1045.74,1098.04,1150.69,1150.69,0,,,1045.74,1065.98,1,2024-04-29,0,,,66,,
2024-05-30,1079.31,1102.92,1079.21,1095.74,15255387,1014.38,1079.21,20.81,48.62,1052.62,1099.2,1139.77,1150.69,0,,,1052.62,1065.98,1,2024-04-29,0,,,66,,
2024-05-31,1099.97,1112.37,1093.33,1102.97,26197718,1015.48,1079.21,20.68,51.44,1057.36,1100.97,1139.77,1139.77,0,,,1057.36,1065.98,1,2024-04-29,0,,,66,,
2024-06-03,1151.13,1154.08,1117.97,1141.29,25699977,1016.9,1079.21,22.86,63.03,1080.63,1104.4,1154.08,1139.77,1,1141.29,1080.63,1080.63,1080.63,1,2024-04-29,0,,,66,,
2024-06-04,1139.23,1140.7,1036.56,1054.17,43476837,1017.79,1036.56,28.7,39.78,1006.32,1104.54,1154.08,1154.08,0,,,1006.32,1080.63,1,2024-04-29,1,1080.63,TRAILING_STOP,66,25,-5.33
2024-06-05,1067.5,1105.14,1034.1,1090.77,42172104,1018.94,1034.1,31.73,48.39,1027.09,1105.26,1154.08,1154.08,0,,,1027.09,,0,,0,,,,,
2024-06-06,1099.97,1099.97,1078.92,1092.49,18574162,1020.13,1034.1,30.96,48.77,1028.71,1105.92,1154.08,1154.08,0,,,1028.71,,0,,0,,,,,
2024-06-07,1092.49,1110.1,1085.8,1103.61,17197635,1021.47,1034.1,30.49,51.21,1036.2,1106.74,1154.08,1154.08,0,,,1036.2,,0,,0,,,,,
2024-06-10,1098.0,1114.92,1097.12,1105.68,10851455,1022.89,1034.1,29.58,51.67,1038.14,1107.07,1154.08,1154.08,0,,,1038.14,,0,,0,,,,,
2024-06-11,1101.69,1110.84,1093.08,1100.17,12250002,1024.23,1034.1,28.74,50.3,1035.15,1107.4,1154.08,1154.08,0,,,1035.15,,0,,0,,,,,
2024-06-12,1102.92,1115.12,1094.07,1101.5,16096514,1025.51,1034.1,28.19,50.64,1036.37,1106.07,1154.08,1154.08,0,,,1036.37,,0,,0,,,,,
2024-06-13,1104.1,1105.09,1087.18,1089.49,12494254,1026.77,1034.1,27.45,47.49,1029.12,1104.66,1154.08,1154.08,0,,,1029.12,,0,,0,,,,,
2024-06-14,1096.03,1096.03,1081.72,1087.82,11377979,1028.03,1034.1,26.52,47.06,1028.67,1103.55,1154.08,1154.08,0,,,1028.67,,0,,0,,,,,
2024-06-18,1095.99,1116.75,1083.44,1104.74,18306176,1029.36,1034.1,27.0,51.9,1039.26,1102.92,1154.08,1154.08,0,,,1039.26,,0,,0,,,,,
2024-06-19,1109.76,1146.75,1107.99,1125.99,34309514,1030.74,1034.1,28.07,57.19,1052.25,1102.86,1154.08,1154.08,0,,,1052.25,,0,,0,,,,,
2024-06-20,1135.44,1141.29,1117.19,1138.14,15475933,1032.12,1034.1,27.79,59.91,1060.27,1103.68,1154.08,1154.08,0,,,1060.27,,0,,0,,,,,
2024-06-21,1144.79,1151.03,1132.09,1139.96,69259425,1033.51,1034.1,27.16,60.31,1061.87,1104.85,1154.08,1154.08,0,,,1061.87,,0,,0,,,,,
2024-06-24,1136.03,1156.69,1134.06,1151.23,12210295,1035.04,1034.1,26.83,62.83,1069.35,1106.63,1156.69,1154.08,0,,,1069.35,,0,,0,,,,,
2024-06-25,1151.38,1186.55,1148.82,1178.63,27309845,1036.75,1034.1,27.61,68.11,1086.51,1109.28,1186.55,1156.69,1,1178.63,1086.51,1086.51,1086.51,1,2024-06-25,0,,,67,,
2024-06-26,1182.62,1203.13,1174.6,1198.36,25403461,1038.58,1034.1,27.68,71.28,1099.19,1112.24,1203.13,1186.55,0,,,1099.19,1099.19,1,2024-06-25,0,,,67,,
2024-06-27,1208.54,1215.08,1189.6,1200.23,20516632,1040.46,1078.92,27.52,71.57,1115.44,1115.49,1215.08,1203.13,0,,,1115.44,1115.44,1,2024-06-25,0,,,67,,
2024-06-28,1207.21,1207.21,1177.06,1180.25,12507092,1042.15,1081.72,27.71,64.16,1103.36,1117.96,1215.08,1215.08,0,,,1103.36,1115.44,1,2024-06-25,0,,,67,,
2024-07-01,1180.25,1195.75,1172.83,1192.31,8636894,1043.96,1081.72,27.37,66.42,1111.37,1120.61,1215.08,1215.08,0,,,1111.37,1115.44,1,2024-06-25,0,,,67,,
2024-07-02,1197.37,1197.37,1166.43,1171.4,16153925,1045.72,1081.72,27.62,59.42,1097.71,1122.58,1215.08,1215.08,0,,,1097.71,1115.44,1,2024-06-25,0,,,67,,
2024-07-03,1177.55,1196.24,1160.43,1182.22,22330897,1047.56,1081.72,28.21,61.67,1104.3,1125.23,1215.08,1215.08,0,,,1104.3,1115.44,1,2024-06-25,0,,,67,,
2024-07-04,1209.18,1215.03,1194.72,1213.12,15275791,1049.58,1081.72,28.54,67.26,1124.01,1129.23,1215.08,1215.08,0,,,1124.01,1124.01,1,2024-06-25,0,,,67,,
2024-07-05,1205.24,1222.56,1201.16,1213.51,9535575,1051.61,1081.72,28.03,67.32,1124.6,1132.47,1222.56,1215.08,0,,,1124.6,1124.6,1,2024-06-25,0,,,67,,
2024-07-08,1209.08,1219.51,1197.28,1215.13,6617190,1053.66,1083.44,27.61,67.61,1126.5,1135.85,1222.56,1222.56,0,,,1126.5,1126.5,1,2024-06-25,0,,,67,,
2024-07-09,1215.03,1230.04,1209.48,1228.12,13366874,1055.75,1107.99,27.11,69.89,1143.4,1139.73,1230.04,1222.56,1,1228.12,1143.4,1143.4,1143.4,1,2024-06-25,0,,,67,,
2024-07-10,1232.55,1232.55,1216.41,1223.15,18226503,1057.83,1117.19,26.32,67.92,1143.78,1143.55,1232.55,1230.04,0,,,1143.78,1143.78,1,2024-06-25,0,,,67,,
2024-07-11,1226.25,1237.52,1205.29,1218.48,11307116,1059.8,1132.09,26.75,66.03,1145.45,1148.02,1237.52,1232.55,0,,,1145.45,1145.45,1,2024-06-25,0,,,67,,
2024-07-12,1215.97,1232.69,1210.26,1213.02,12208290,1061.75,1134.06,26.44,63.81,1142.79,1151.93,1237.52,1237.52,0,,,1142.79,1145.45,1,2024-06-25,0,,,67,,
2024-07-15,1213.21,1218.48,1204.31,1210.11,15612671,1063.61,1148.82,25.56,62.6,1146.42,1155.5,1237.52,1237.52,0,,,1146.42,1146.42,1,2024-06-25,0,,,67,,
2024-07-16,1210.16,1224.92,1209.18,1219.9,12320605,1065.24,1160.43,24.86,65.0,1157.07,1158.12,1237.52,1237.52,0,,,1157.07,1157.07,1,2024-06-25,0,,,67,,
2024-07-18,1214.98,1236.19,1211.84,1230.14,10999632,1066.79,1160.43,24.82,67.37,1163.7,1163.99,1237.52,1237.52,0,,,1163.7,1163.7,1,2024-06-25,0,,,67,,
2024-07-19,1223.94,1230.33,1220.25,1228.51,7958817,1068.4,1160.43,23.77,66.6,1163.35,1168.58,1237.52,1237.52,0,,,1163.35,1163.7,1,2024-06-25,0,,,67,,
2024-07-22,1220.0,1225.22,1213.02,1221.13,9958965,1069.99,1160.43,23.18,63.08,1158.99,1172.87,1237.52,1237.52,0,,,1158.99,1163.7,1,2024-06-25,0,,,67,,
2024-07-23,1221.13,1228.51,1192.95,1206.97,19369832,1071.41,1160.43,24.06,56.86,1149.26,1176.31,1237.52,1237.52,0,,,1149.26,1163.7,1,2024-06-25,0,,,67,,
2024-07-24,1205.24,1213.76,1182.66,1203.28,20122521,1072.76,1160.43,24.57,55.33,1146.55,1179.57,1237.52,1237.52,0,,,1146.55,1163.7,1,2024-06-25,0,,,67,,
2024-07-25,1186.06,1198.6,1171.4,1178.58,14154461,1073.95,1171.4,25.09,46.34,1133.93,1182.18,1237.52,1237.52,0,,,1133.93,1163.7,1,2024-06-25,0,,,67,,
2024-07-26,1170.81,1200.33,1166.82,1187.73,19309265,1075.22,1166.82,25.69,49.61,1137.9,1185.05,1237.52,1237.52,0,,,1137.9,1163.7,1,2024-06-25,0,,,67,,
2024-07-29,1195.55,1222.71,1184.73,1193.14,28458261,1076.39,1166.82,26.57,51.49,1140.8,1188.51,1237.52,1237.52,0,,,1140.8,1163.7,1,2024-06-25,0,,,67,,
2024-07-30,1193.44,1211.0,1184.98,1189.95,23972277,1077.52,1166.82,26.53,50.3,1138.77,1191.91,1237.52,1237.52,0,,,1138.77,1163.7,1,2024-06-25,0,,,67,,
2024-07-31,1199.34,1204.9,1191.47,1195.31,22297629,1078.79,1166.82,25.7,52.29,1142.78,1194.93,1237.52,1237.52,0,,,1142.78,1163.7,1,2024-06-25,0,,,67,,
2024-08-01,1192.95,1202.93,1187.44,1190.58,8725046,1080.07,1166.82,24.97,50.37,1140.22,1197.09,1237.52,1237.52,0,,,1140.22,1163.7,1,2024-06-25,0,,,67,,
2024-08-02,1177.7,1182.27,1170.91,1177.25,10735395,1081.31,1166.82,24.59,45.31,1131.87,1198.39,1237.52,1237.52,0,,,1131.87,1163.7,1,2024-06-25,0,,,67,,
2024-08-05,1162.94,1169.73,1148.18,1153.69,14306771,1082.42,1148.18,24.91,38.04,1110.25,1198.85,1237.52,1237.52,0,,,1110.25,1163.7,1,2024-06-25,1,1163.7,TRAILING_STOP,67,29,-1.27
2024-08-06,1156.05,1168.55,1142.77,1148.03,13575619,1083.55,1142.77,24.98,36.52,1104.75,1198.74,1237.52,1237.52,0,,,1104.75,,0,,0,,,,,
2024-08-07,1159.94,1160.77,1142.87,1153.54,15753644,1084.71,1142.77,24.47,39.07,1108.64,1197.9,1237.52,1237.52,0,,,1108.64,,0,,0,,,,,
2024-08-08,1148.13,1155.46,1140.21,1145.82,10806438,1085.78,1140.21,23.81,36.84,1103.25,1196.15,1237.52,1237.52,0,,,1103.25,,0,,0,,,,,
2024-08-09,1157.58,1161.9,1150.15,1152.71,8687307,1086.86,1140.21,23.26,40.12,1108.06,1194.57,1236.19,1237.52,0,,,1108.06,,0,,0,,,,,
2024-08-12,1162.03,1169.23,1147.15,1163.82,10860455,1088.09,1140.21,23.17,45.08,1115.28,1194.02,1236.19,1236.19,0,,,1115.28,,0,,0,,,,,
2024-08-13,1174.14,1180.14,1154.69,1159.4,13117927,1089.26,1140.21,23.34,43.54,1112.32,1192.92,1236.19,1236.19,0,,,1112.32,,0,,0,,,,,
2024-08-14,1158.06,1161.09,1144.17,1152.76,13431801,1090.5,1140.21,22.88,41.25,1108.35,1192.3,1236.19,1236.19,0,,,1108.35,,0,,0,,,,,
2024-08-16,1161.04,1183.87,1156.72,1178.16,10961370,1091.9,1140.21,23.47,51.7,1124.34,1192.17,1230.33,1236.19,0,,,1124.34,,0,,0,,,,,
2024-08-19,1181.88,1186.59,1164.32,1166.9,6686394,1093.21,1140.21,23.38,47.66,1117.13,1190.63,1228.51,1230.33,0,,,1117.13,,0,,0,,,,,
2024-08-20,1165.21,1180.69,1161.04,1170.42,10427061,1094.49,1140.21,23.11,49.0,1119.58,1189.19,1228.51,1228.51,0,,,1119.58,,0,,0,,,,,
2024-08-21,1167.99,1169.63,1156.18,1165.85,17234142,1095.82,1140.21,22.48,47.3,1117.06,1187.55,1222.71,1228.51,0,,,1117.06,,0,,0,,,,,
2024-08-22,1172.95,1183.47,1167.59,1181.98,8564142,1097.28,1140.21,22.13,53.44,1127.69,1186.01,1222.71,1222.71,0,,,1127.69,,0,,0,,,,,
2024-08-23,1183.87,1195.77,1179.45,1194.28,7518309,1098.72,1140.21,21.72,57.5,1135.9,1185.05,1222.71,1222.71,0,,,1135.9,,0,,0,,,,,
2024-08-26,1196.32,1205.65,1191.85,1204.01,10920226,1100.25,1140.21,21.15,60.44,1142.55,1184.57,1222.71,1222.71,0,,,1142.55,,0,,0,,,,,
2024-08-27,1204.01,1223.06,1199.64,1216.96,16295325,1101.78,1140.21,21.31,64.01,1150.8,1184.7,1223.06,1222.71,0,,,1150.8,,0,,0,,,,,
2024-08-28,1213.29,1217.01,1207.98,1214.48,12291305,1103.25,1140.21,20.44,62.84,1149.78,1184.84,1223.06,1223.06,0,,,1149.78,,0,,0,,,,,
2024-08-29,1209.62,1225.54,1207.68,1212.54,10806748,1104.72,1140.21,20.25,61.89,1148.66,1184.6,1225.54,1223.06,0,,,1148.66,,0,,0,,,,,
2024-08-30,1220.58,1226.09,1209.57,1219.79,21211148,1106.41,1144.17,19.99,64.08,1154.83,1184.25,1226.09,1225.54,0,,,1154.83,,0,,0,,,,,
2024-09-02,1229.51,1229.71,1213.14,1220.53,12516759,1108.08,1144.17,19.74,64.3,1155.47,1183.99,1229.71,1226.09,0,,,1155.47,,0,,0,,,,,
2024-09-03,1217.8,1241.37,1211.06,1238.15,19114907,1109.78,1144.17,20.5,69.25,1166.33,1184.55,1241.37,1229.71,1,1238.15,1166.33,1166.33,1166.33,1,2024-09-03,0,,,68,,
2024-09-04,1230.36,1234.18,1223.36,1226.88,13505843,1111.21,1144.17,20.09,63.22,1159.33,1185.22,1241.37,1241.37,0,,,1159.33,1166.33,1,2024-09-03,0,,,68,,
2024-09-05,1228.52,1235.32,1221.87,1226.49,9142811,1112.83,1156.18,19.62,63.01,1163.4,1185.99,1241.37,1241.37,0,,,1163.4,1166.33,1,2024-09-03,0,,,68,,
2024-09-06,1216.56,1224.45,1195.77,1198.9,10170479,1114.2,1156.18,20.41,50.54,1145.08,1186.67,1241.37,1241.37,0,,,1145.08,1166.33,1,2024-09-03,0,,,68,,
2024-09-09,1193.69,1228.82,1191.26,1225.54,13863250,1115.7,1156.18,21.63,58.98,1161.44,1187.93,1241.37,1241.37,0,,,1161.44,1166.33,1,2024-09-03,0,,,68,,
2024-09-10,1227.48,1231.84,1217.6,1227.83,15545130,1117.22,1156.18,21.11,59.62,1163.27,1189.08,1241.37,1241.37,0,,,1163.27,1166.33,1,2024-09-03,0,,,68,,
2024-09-11,1222.07,1229.81,1217.01,1226.88,11993242,1118.65,1167.59,20.51,59.21,1166.86,1190.32,1241.37,1241.37,0,,,1166.86,1166.86,1,2024-09-03,0,,,68,,
2024-09-12,1228.52,1247.38,1216.96,1242.56,15376442,1120.21,1179.45,21.22,63.67,1180.45,1191.89,1247.38,1241.37,1,1242.56,1180.45,1180.45,1180.45,1,2024-09-03,0,,,68,,
2024-09-13,1242.41,1246.33,1232.54,1240.78,9877288,1121.77,1191.26,20.69,62.83,1183.6,1193.56,1247.38,1247.38,0,,,1183.6,1183.6,1,2024-09-03,0,,,68,,
2024-09-16,1241.42,1255.91,1235.17,1253.18,8973335,1123.41,1191.26,20.69,66.17,1191.59,1196.1,1255.91,1247.38,1,1253.18,1191.59,1191.59,1191.59,1,2024-09-03,0,,,68,,
2024-09-17,1250.3,1262.51,1248.76,1258.39,11513121,1125.07,1191.26,20.2,67.5,1195.28,1199.59,1262.51,1255.91,0,,,1195.28,1195.28,1,2024-09-03,0,,,68,,
2024-09-18,1252.34,1285.43,1252.34,1278.49,12466597,1126.89,1191.26,21.12,72.04,1207.63,1203.93,1285.43,1262.51,0,,,1207.63,1207.63,1,2024-09-03,0,,,68,,
2024-09-19,1278.49,1290.05,1275.51,1282.11,13172268,1128.94,1191.26,20.65,72.78,1210.28,1208.22,1290.05,1285.43,0,,,1210.28,1210.28,1,2024-09-03,0,,,68,,
2024-09-20,1285.08,1351.92,1281.66,1328.2,73257767,1131.17,1191.26,24.19,80.01,1237.65,1214.3,1351.92,1290.05,1,1328.2,1237.65,1237.65,1237.65,1,2024-09-03,0,,,68,,
2024-09-23,1320.81,1321.6,1298.48,1311.78,11380409,1133.38,1191.26,24.59,72.61,1226.79,1219.6,1351.92,1351.92,0,,,1226.79,1237.65,1,2024-09-03,0,,,68,,
2024-09-24,1310.89,1321.21,1305.38,1308.5,13886037,1135.42,1191.26,23.96,71.19,1225.1,1224.42,1351.92,1351.92,0,,,1225.1,1237.65,1,2024-09-03,0,,,68,,
2024-09-25,1300.71,1317.58,1300.07,1313.71,8728019,1137.47,1191.26,23.5,72.12,1228.76,1229.57,1351.92,1351.92,0,,,1228.76,1237.65,1,2024-09-03,0,,,68,,
2024-09-26,1309.89,1323.14,1306.82,1318.87,11100869,1139.59,1191.26,22.99,73.05,1232.43,1235.1,1351.92,1351.92,0,,,1232.43,1237.65,1,2024-09-03,0,,,68,,
2024-09-27,1322.79,1322.79,1293.87,1296.6,17117379,1141.52,1191.26,23.41,63.26,1217.79,1239.05,1351.92,1351.92,0,,,1217.79,1237.65,1,2024-09-03,0,,,68,,
2024-09-30,1282.21,1286.87,1261.17,1263.25,12622212,1143.1,1216.96,24.27,52.01,1204.27,1242.26,1351.92,1351.92,0,,,1204.27,1237.65,1,2024-09-03,0,,,68,,
2024-10-01,1260.08,1270.45,1257.89,1264.64,10972413,1144.65,1216.96,23.43,52.39,1205.72,1245.4,1351.92,1351.92,0,,,1205.72,1237.65,1,2024-09-03,0,,,68,,
2024-10-03,1244.0,1256.06,1238.59,1246.73,17648551,1146.06,1216.96,23.62,47.2,1194.05,1248.1,1351.92,1351.92,0,,,1194.05,1237.65,1,2024-09-03,0,,,68,,
2024-10-04,1237.55,1254.72,1226.73,1230.26,13488887,1147.29,1226.73,23.93,42.99,1186.47,1249.71,1351.92,1351.92,0,,,1186.47,1237.65,1,2024-09-03,1,1237.65,TRAILING_STOP,68,23,-0.04
2024-10-07,1232.04,1253.28,1215.62,1224.45,20667247,1148.49,1215.62,24.91,41.58,1178.37,1250.72,1351.92,1351.92,0,,,1178.37,,0,,0,,,,,
2024-10-08,1231.5,1238.25,1220.33,1227.13,12219259,1149.76,1215.62,24.41,42.52,1180.43,1251.49,1351.92,1351.92,0,,,1180.43,,0,,0,,,,,
2024-10-09,1233.53,1255.41,1223.21,1234.62,14765997,1151.04,1215.62,24.97,45.16,1184.89,1252.08,1351.92,1351.92,0,,,1184.89,,0,,0,,,,,
2024-10-10,1237.2,1245.09,1228.52,1233.98,9118195,1152.4,1215.62,24.37,44.97,1184.88,1252.73,1351.92,1351.92,0,,,1184.88,,0,,0,,,,,
2024-10-11,1227.53,1231.3,1212.64,1213.64,8472512,1153.59,1212.64,24.15,39.3,1170.91,1252.76,1351.92,1351.92,0,,,1170.91,,0,,0,,,,,
2024-10-14,1211.65,1228.42,1208.08,1222.32,11833929,1154.61,1208.08,23.88,42.63,1175.17,1252.85,1351.92,1351.92,0,,,1175.17,,0,,0,,,,,
2024-10-15,1229.46,1248.67,1225.94,1245.89,11657338,1155.75,1208.08,24.06,50.55,1190.25,1253.69,1351.92,1351.92,0,,,1190.25,,0,,0,,,,,
2024-10-16,1238.94,1245.34,1232.09,1233.63,7869727,1156.84,1208.08,23.32,46.92,1182.83,1253.54,1351.92,1351.92,0,,,1182.83,,0,,0,,,,,
2024-10-17,1239.88,1247.33,1215.02,1221.82,8459497,1157.79,1208.08,23.97,43.67,1174.79,1253.37,1351.92,1351.92,0,,,1174.79,,0,,0,,,,,
2024-10-18,1218.55,1259.18,1215.87,1254.82,11018126,1159.02,1208.08,25.35,53.39,1195.15,1254.32,1351.92,1351.92,0,,,1195.15,,0,,0,,,,,
2024-10-21,1254.82,1262.61,1240.97,1249.41,7742775,1160.27,1208.08,25.08,51.81,1191.84,1256.0,1323.14,1351.92,0,,,1191.84,,0,,0,,,,,
2024-10-22,1256.9,1275.06,1250.1,1257.79,20090801,1161.59,1208.08,25.12,54.08,1197.22,1257.08,1323.14,1323.14,0,,,1197.22,,0,,0,,,,,
2024-10-23,1251.34,1258.24,1233.53,1242.02,14055447,1162.76,1208.08,25.09,49.37,1187.07,1257.55,1323.14,1323.14,0,,,1187.07,,0,,0,,,,,
2024-10-24,1240.68,1250.8,1231.55,1243.16,12223031,1163.94,1208.08,24.68,49.71,1188.08,1258.09,1323.14,1323.14,0,,,1188.08,,0,,0,,,,,
2024-10-25,1237.7,1259.18,1224.75,1245.84,13546055,1165.16,1208.08,25.37,50.56,1189.34,1258.2,1322.79,1323.14,0,,,1189.34,,0,,0,,,,,
2024-10-28,1275.66,1297.79,1270.79,1282.95,24096412,1166.63,1208.08,27.27,60.44,1212.01,1259.61,1297.79,1322.79,0,,,1212.01,,0,,0,,,,,
2024-10-29,1291.39,1325.13,1289.3,1321.65,20656117,1168.33,1208.08,28.34,67.69,1236.27,1261.89,1325.13,1297.79,1,1321.65,1236.27,1236.27,1236.27,1,2024-10-29,0,,,69,,
2024-10-30,1313.86,1320.71,1295.6,1302.1,15055031,1169.89,1208.08,28.17,61.55,1223.77,1263.35,1325.13,1325.13,0,,,1223.77,1236.27,1,2024-10-29,0,,,69,,
2024-10-31,1297.24,1308.85,1278.68,1282.36,23497314,1171.35,1208.08,28.32,56.03,1210.94,1263.47,1325.13,1325.13,0,,,1210.94,1236.27,1,2024-10-29,0,,,69,,
2024-11-01,1280.07,1286.27,1276.4,1281.91,1007022,1172.74,1208.08,27.0,55.9,1211.53,1263.47,1325.13,1325.13,0,,,1211.53,1236.27,1,2024-10-29,0,,,69,,
2024-11-04,1280.22,1281.91,1260.33,1267.42,14309121,1174.08,1215.02,26.61,51.94,1204.75,1261.44,1325.13,1325.13,0,,,1204.75,1236.27,1,2024-10-29,0,,,69,,
2024-11-05,1263.25,1291.34,1253.43,1286.77,16431920,1175.55,1215.02,27.42,56.39,1216.69,1260.61,1325.13,1325.13,0,,,1216.69,1236.27,1,2024-10-29,0,,,69,,
2024-11-06,1290.29,1304.93,1282.8,1292.38,12037405,1177.0,1215.02,27.04,57.61,1220.56,1260.07,1325.13,1325.13,0,,,1220.56,1236.27,1,2024-10-29,0,,,69,,
2024-11-07,1287.22,1292.82,1265.49,1268.91,9909035,1178.24,1215.87,27.06,51.14,1205.7,1258.58,1325.13,1325.13,0,,,1205.7,1236.27,1,2024-10-29,0,,,69,,
2024-11-08,1260.28,1265.24,1243.11,1249.21,11195808,1179.48,1224.75,26.97,46.43,1196.01,1256.26,1325.13,1325.13,0,,,1196.01,1236.27,1,2024-10-29,0,,,69,,
2024-11-11,1252.34,1266.13,1237.1,1259.58,8387780,1180.81,1224.75,27.12,49.09,1202.6,1255.02,1325.13,1325.13,0,,,1202.6,1236.27,1,2024-10-29,0,,,69,,
2024-11-12,1266.38,1285.08,1254.82,1260.87,13486168,1182.14,1224.75,27.34,49.43,1203.28,1254.94,1325.13,1325.13,0,,,1203.28,1236.27,1,2024-10-29,0,,,69,,
2024-11-13,1260.87,1266.48,1240.43,1244.1,12260404,1183.33,1224.75,27.25,45.25,1192.53,1254.26,1325.13,1325.13,0,,,1192.53,1236.27,1,2024-10-29,0,,,69,,
2024-11-14,1244.15,1257.99,1233.53,1247.33,9506892,1184.51,1224.75,27.05,46.19,1194.74,1254.28,1325.13,1325.13,0,,,1194.74,1236.27,1,2024-10-29,1,1236.27,TRAILING_STOP,69,13,-6.46
2024-11-18,1250.35,1252.93,1239.83,1243.85,6195554,1185.55,1233.53,26.05,45.28,1196.09,1254.73,1325.13,1325.13,0,,,1196.09,,0,,0,,,,,
2024-11-19,1247.42,1251.34,1231.35,1239.54,11537317,1186.53,1231.35,25.62,44.13,1192.87,1255.23,1325.13,1325.13,0,,,1192.87,,0,,0,,,,,
2024-11-21,1238.99,1247.28,1223.11,1240.97,9593870,1187.56,1223.11,25.52,44.63,1191.12,1255.69,1325.13,1325.13,0,,,1191.12,,0,,0,,,,,
2024-11-22,1248.37,1271.59,1246.38,1268.26,11604338,1188.94,1223.11,25.88,53.3,1208.48,1256.82,1325.13,1325.13,0,,,1208.48,,0,,0,,,,,
2024-11-25,1286.08,1301.16,1280.12,1290.99,22717581,1190.55,1223.11,26.38,59.05,1222.8,1258.72,1325.13,1325.13,0,,,1222.8,,0,,0,,,,,
2024-11-26,1300.56,1304.19,1292.48,1294.96,7646955,1192.26,1223.11,25.44,59.98,1225.99,1261.43,1325.13,1325.13,0,,,1225.99,,0,,0,,,,,
2024-11-27,1288.56,1300.81,1287.91,1290.74,21938082,1193.87,1223.11,24.55,58.46,1223.87,1263.71,1325.13,1325.13,0,,,1223.87,,0,,0,,,,,
2024-11-28,1291.09,1300.47,1272.48,1276.5,22803745,1195.25,1223.11,24.79,53.55,1214.52,1264.73,1320.71,1325.13,0,,,1214.52,,0,,0,,,,,
2024-11-29,1273.28,1293.27,1273.28,1290.15,11397228,1196.7,1223.11,24.45,57.26,1223.55,1266.61,1308.85,1320.71,0,,,1223.55,,0,,0,,,,,
2024-12-02,1289.95,1300.52,1279.28,1294.66,9626400,1198.14,1223.11,24.22,58.44,1226.61,1269.04,1304.93,1308.85,0,,,1226.61,,0,,0,,,,,
2024-12-03,1293.97,1302.75,1286.18,1298.38,11509276,1199.49,1223.11,23.67,59.43,1229.38,1270.49,1304.93,1304.93,0,,,1229.38,,0,,0,,,,,
2024-12-04,1292.63,1309.89,1291.73,1305.97,11570281,1200.93,1223.11,23.28,61.46,1234.53,1272.38,1309.89,1304.93,1,1305.97,1234.53,1234.53,1234.53,1,2024-12-04,0,,,70,,
2024-12-05,1306.17,1332.62,1298.58,1326.27,19210697,1202.16,1223.11,24.05,66.31,1247.12,1274.66,1332.62,1309.89,0,,,1247.12,1247.12,1,2024-12-04,0,,,70,,
2024-12-06,1332.22,1336.79,1316.54,1318.58,8942672,1203.4,1223.11,23.78,63.07,1242.34,1277.21,1336.79,1332.62,0,,,1242.34,1247.12,1,2024-12-04,0,,,70,,
2024-12-09,1311.98,1318.87,1310.14,1312.18,8000764,1204.68,1223.11,22.7,60.43,1238.92,1279.51,1336.79,1336.79,0,,,1238.92,1247.12,1,2024-12-04,0,,,70,,
2024-12-10,1308.9,1321.8,1305.18,1320.26,8218214,1205.99,1223.11,22.27,62.56,1244.43,1281.99,1336.79,1336.79,0,,,1244.43,1247.12,1,2024-12-04,0,,,70,,
2024-12-11,1314.56,1321.06,1305.92,1317.34,8138066,1207.25,1223.11,21.76,61.28,1242.88,1283.14,1336.79,1336.79,0,,,1242.88,1247.12,1,2024-12-04,0,,,70,,
2024-12-12,1311.43,1328.5,1311.43,1319.07,9076896,1208.62,1246.38,21.42,61.78,1251.98,1283.05,1336.79,1336.79,0,,,1251.98,1251.98,1,2024-12-04,0,,,70,,
2024-12-13,1315.2,1336.83,1303.44,1334.6,13536684,1210.15,1272.48,22.28,66.03,1270.12,1284.14,1336.83,1336.79,0,,,1270.12,1270.12,1,2024-12-04,0,,,70,,
2024-12-16,1334.6,1340.11,1329.79,1335.79,9071006,1211.74,1272.48,21.42,66.34,1271.46,1285.92,1340.11,1336.83,0,,,1271.46,1271.46,1,2024-12-04,0,,,70,,
2024-12-17,1331.72,1337.78,1315.9,1323.54,9879257,1213.24,1272.48,21.46,60.26,1263.54,1287.31,1340.11,1340.11,0,,,1263.54,1271.46,1,2024-12-04,0,,,70,,
2024-12-18,1315.1,1324.73,1297.44,1304.09,8510595,1214.53,1272.48,21.87,52.1,1250.72,1288.53,1340.11,1340.11,0,,,1250.72,1271.46,1,2024-12-04,0,,,70,,
2024-12-19,1276.15,1293.02,1274.61,1277.05,11517304,1215.7,1273.28,22.42,43.32,1233.18,1288.2,1340.11,1340.11,0,,,1233.18,1271.46,1,2024-12-04,0,,,70,,
2024-12-20,1274.12,1287.81,1262.66,1278.53,58491181,1216.84,1262.66,22.61,43.87,1230.46,1287.74,1340.11,1340.11,0,,,1230.46,1271.46,1,2024-12-04,1,1271.46,TRAILING_STOP,70,13,-2.64
2024-12-23,1284.74,1296.99,1277.2,1286.87,6827512,1218.0,1262.66,22.41,47.04,1235.98,1288.34,1340.11,1340.11,0,,,1235.98,,0,,0,,,,,
2024-12-24,1286.87,1294.51,1280.37,1287.32,7138516,1219.17,1262.66,21.82,47.21,1236.66,1289.61,1340.11,1340.11,0,,,1236.66,,0,,0,,,,,
2024-12-26,1296.99,1302.7,1279.33,1287.42,7338444,1220.4,1262.66,21.93,47.25,1236.65,1290.54,1340.11,1340.11,0,,,1236.65,,0,,0,,,,,
2024-12-27,1288.61,1305.87,1288.61,1297.54,4756066,1221.76,1262.66,21.68,51.39,1243.35,1291.76,1340.11,1340.11,0,,,1243.35,,0,,0,,,,,
2024-12-30,1294.96,1316.34,1279.58,1284.74,14207425,1222.89,1262.66,22.76,46.43,1234.37,1293.12,1340.11,1340.11,0,,,1234.37,,0,,0,,,,,
2024-12-31,1277.05,1280.07,1270.3,1271.84,8449607,1223.94,1262.66,22.16,42.03,1226.45,1293.93,1340.11,1340.11,0,,,1226.45,,0,,0,,,,,
2025-01-01,1271.84,1283.1,1257.4,1273.82,4705399,1225.02,1257.4,22.42,42.92,1225.8,1294.93,1340.11,1340.11,0,,,1225.8,,0,,0,,,,,
2025-01-02,1275.26,1283.5,1268.61,1280.72,7433222,1226.17,1257.4,21.88,46.04,1230.61,1296.3,1340.11,1340.11,0,,,1230.61,,0,,0,,,,,
2025-01-03,1276.35,1278.14,1252.58,1255.36,11194997,1227.31,1252.58,22.33,37.85,1212.35,1296.78,1340.11,1340.11,0,,,1212.35,,0,,0,,,,,
2025-01-06,1258.34,1267.97,1247.38,1254.42,7504047,1228.37,1247.38,22.2,37.58,1210.09,1296.32,1340.11,1340.11,0,,,1210.09,,0,,0,,,,,
2025-01-07,1256.8,1279.08,1256.8,1269.45,7539758,1229.48,1247.38,22.38,44.34,1219.67,1295.61,1340.11,1340.11,0,,,1219.67,,0,,0,,,,,
2025-01-08,1270.74,1275.16,1242.76,1254.07,7566309,1230.23,1242.76,23.09,39.61,1207.73,1294.24,1340.11,1340.11,0,,,1207.73,,0,,0,,,,,
2025-01-09,1248.37,1255.07,1238.54,1252.73,8684920,1231.55,1238.54,22.63,39.22,1205.77,1292.98,1340.11,1340.11,0,,,1205.77,,0,,0,,,,,
2025-01-10,1249.36,1255.26,1233.58,1240.28,7854524,1232.55,1233.58,22.56,35.68,1196.14,1291.77,1340.11,1340.11,0,,,1196.14,,0,,0,,,,,
2025-01-13,1225.44,1234.43,1215.52,1220.33,9669336,1233.4,1215.52,22.71,30.88,1177.14,1289.44,1340.11,1340.11,0,,,1177.14,,0,,0,,,,,
2025-01-14,1223.91,1235.32,1218.05,1230.8,10342698,1234.25,1215.52,22.33,35.77,1184.16,1287.31,1337.78,1340.11,0,,,1184.16,,0,,0,,,,,
2025-01-15,1224.55,1234.87,1220.58,1228.77,5355382,1235.07,1215.52,21.75,35.25,1183.23,1284.99,1324.73,1337.78,0,,,1183.23,,0,,0,,,,,
2025-01-16,1235.57,1245.89,1230.16,1239.54,11895924,1236.0,1215.52,21.42,40.22,1190.4,1282.78,1316.34,1324.73,0,,,1190.4,,0,,0,,,,,
2025-01-17,1233.83,1239.44,1208.67,1216.07,9790533,1236.76,1208.67,22.1,34.08,1172.52,1279.1,1316.34,1316.34,0,,,1172.52,,0,,0,,,,,
2025-01-20,1214.53,1232.24,1205.94,1223.51,7676418,1237.66,1205.94,22.4,37.34,1176.21,1275.94,1316.34,1316.34,0,,,1176.21,,0,,0,,,,,
2025-01-21,1227.48,1229.46,1183.57,1186.99,20520898,1238.32,1183.57,24.07,29.59,1144.08,1271.76,1316.34,1316.34,0,,,1144.08,,0,,0,,,,,
2025-01-22,1191.8,1198.25,1182.67,1191.26,10377123,1238.9,1182.67,23.47,31.39,1146.94,1267.46,1316.34,1316.34,0,,,1146.94,,0,,0,,,,,
2025-01-23,1188.08,1198.65,1176.92,1192.55,8770650,1239.34,1176.92,23.34,31.95,1145.94,1263.3,1316.34,1316.34,0,,,1145.94,,0,,0,,,,,
2025-01-24,1193.89,1208.67,1192.8,1199.94,9216792,1239.75,1176.92,22.83,35.23,1151.05,1259.33,1316.34,1316.34,0,,,1151.05,,0,,0,,,,,
2025-01-27,1185.85,1225.2,1183.96,1218.55,16164687,1240.28,1176.92,24.14,42.73,1162.18,1255.46,1283.5,1316.34,0,,,1162.18,,0,,0,,,,,
2025-01-28,1237.8,1254.32,1226.54,1237.35,18066499,1240.85,1176.92,24.97,49.13,1173.75,1252.18,1283.5,1283.5,0,,,1173.75,,0,,0,,,,,
2025-01-29,1242.41,1246.18,1233.53,1242.07,7666777,1241.27,1176.92,24.09,50.62,1177.38,1249.47,1283.5,1283.5,0,,,1177.38,,0,,0,,,,,
2025-01-30,1240.43,1250.2,1230.01,1245.99,11921041,1241.59,1176.92,23.81,51.89,1180.09,1247.53,1279.08,1283.5,0,,,1180.09,,0,,0,,,,,
2025-01-31,1244.89,1246.38,1229.61,1243.21,10195417,1241.88,1176.92,23.31,50.89,1178.64,1246.4,1279.08,1279.08,0,,,1178.64,,0,,0,,,,,
2025-02-01,1241.57,1251.69,1224.35,1245.94,3011914,1242.31,1176.92,23.6,51.87,1180.21,1245.31,1279.08,1279.08,0,,,1180.21,,0,,0,,,,,
2025-02-03,1237.3,1250.35,1228.32,1243.41,6176831,1242.66,1176.92,23.49,50.86,1178.65,1243.87,1275.16,1279.08,0,,,1178.65,,0,,0,,,,,
2025-02-04,1253.13,1270.7,1250.35,1258.49,14839077,1243.24,1176.92,23.76,56.31,1188.19,1242.91,1270.7,1275.16,0,,,1188.19,,0,,0,,,,,
2025-02-05,1260.47,1267.97,1255.46,1257.99,6840709,1243.74,1176.92,22.96,56.09,1188.41,1241.92,1270.7,1270.7,0,,,1188.41,,0,,0,,,,,
2025-02-06,1265.24,1269.21,1253.53,1262.66,8396554,1244.07,1176.92,22.44,57.76,1191.77,1240.76,1270.7,1270.7,0,,,1191.77,,0,,0,,,,,
2025-02-07,1262.26,1265.24,1239.98,1247.28,7382039,1244.3,1176.92,22.64,50.88,1181.71,1239.51,1270.7,1270.7,0,,,1181.71,,0,,0,,,,,
2025-02-10,1247.57,1255.31,1239.78,1252.93,5740361,1244.55,1176.92,22.13,53.09,1185.69,1238.88,1270.7,1270.7,0,,,1185.69,,0,,0,,,,,
2025-02-11,1246.23,1252.19,1238.84,1243.16,6586627,1244.65,1176.92,21.56,48.98,1179.77,1237.86,1270.7,1270.7,0,,,1179.77,,0,,0,,,,,
2025-02-12,1247.57,1260.03,1235.12,1242.21,8809352,1244.78,1183.96,21.79,48.59,1181.35,1236.58,1270.7,1270.7,0,,,1181.35,,0,,0,,,,,
2025-02-13,1242.96,1256.31,1236.36,1239.34,7263785,1244.91,1183.96,21.66,47.35,1179.59,1236.04,1270.7,1270.7,0,,,1179.59,,0,,0,,,,,
2025-02-14,1242.51,1253.83,1234.92,1250.45,10368438,1245.16,1224.35,21.47,52.41,1200.35,1235.91,1270.7,1270.7,0,,,1200.35,,0,,0,,,,,
2025-02-17,1241.57,1248.52,1223.81,1241.57,8386151,1245.37,1223.81,21.84,48.4,1194.19,1234.98,1270.7,1270.7,0,,,1194.19,,0,,0,,,,,
2025-02-18,1243.31,1247.97,1227.58,1233.53,8135042,1245.47,1223.81,21.73,45.05,1189.08,1234.3,1270.7,1270.7,0,,,1189.08,,0,,0,,,,,
2025-02-19,1225.39,1254.77,1220.83,1251.99,10683412,1245.61,1220.83,22.6,53.09,1199.41,1234.27,1270.7,1270.7,0,,,1199.41,,0,,0,,,,,
2025-02-20,1245.74,1254.32,1237.2,1240.38,8398849,1245.69,1220.83,22.21,48.3,1192.18,1234.28,1270.7,1270.7,0,,,1192.18,,0,,0,,,,,
2025-02-21,1231.6,1235.17,1215.17,1223.51,7786428,1245.71,1215.17,22.43,42.33,1179.27,1234.38,1270.7,1270.7,0,,,1179.27,,0,,0,,,,,
2025-02-24,1217.31,1222.47,1200.98,1209.02,11522480,1245.72,1200.98,22.43,37.99,1165.19,1233.66,1270.7,1270.7,0,,,1165.19,,0,,0,,,,,
2025-02-25,1217.21,1222.22,1211.65,1214.78,11059417,1245.8,1200.98,21.77,40.6,1169.34,1233.19,1270.7,1270.7,0,,,1169.34,,0,,0,,,,,
2025-02-27,1215.77,1225.39,1209.12,1213.09,12008162,1246.03,1200.98,21.38,40.06,1168.52,1232.31,1270.7,1270.7,0,,,1168.52,,0,,0,,,,,
2025-02-28,1206.69,1215.62,1190.91,1194.88,20215075,1246.07,1190.91,21.62,34.77,1153.25,1231.6,1270.7,1270.7,0,,,1153.25,,0,,0,,,,,
2025-03-03,1201.23,1207.68,1194.93,1196.96,8158881,1246.1,1190.91,20.99,35.81,1155.02,1230.72,1270.7,1270.7,0,,,1155.02,,0,,0,,,,,
2025-03-04,1197.91,1207.33,1197.01,1201.13,9574490,1246.17,1190.91,20.23,37.96,1158.21,1231.19,1270.7,1270.7,0,,,1158.21,,0,,0,,,,,
2025-03-05,1207.68,1216.56,1202.03,1206.39,9052846,1246.25,1190.91,19.89,40.65,1161.83,1231.69,1269.21,1270.7,0,,,1161.83,,0,,0,,,,,
2025-03-06,1218.55,1218.55,1199.74,1208.72,11949475,1246.37,1190.91,19.81,41.85,1163.39,1232.23,1269.21,1269.21,0,,,1163.39,,0,,0,,,,,
2025-03-07,1201.83,1208.52,1197.06,1205.25,6620284,1246.56,1190.91,19.23,40.53,1161.54,1232.41,1265.24,1269.21,0,,,1161.54,,0,,0,,,,,
2025-03-10,1198.75,1216.41,1198.75,1205.55,7363437,1246.9,1190.91,19.12,40.71,1161.81,1231.97,1260.03,1265.24,0,,,1161.81,,0,,0,,,,,
2025-03-11,1207.88,1238.44,1207.88,1235.86,10927950,1247.49,1190.91,20.1,55.02,1180.7,1231.92,1260.03,1260.03,0,,,1180.7,,0,,0,,,,,
2025-03-12,1237.4,1242.36,1225.84,1234.43,11548372,1248.03,1190.91,19.84,54.35,1179.95,1231.67,1260.03,1260.03,0,,,1179.95,,0,,0,,,,,
2025-03-13,1241.47,1245.99,1235.76,1240.48,8132940,1248.66,1190.91,19.25,56.74,1184.24,1231.49,1256.31,1260.03,0,,,1184.24,,0,,0,,,,,
2025-03-17,1247.42,1264.2,1245.14,1259.28,11164812,1249.37,1190.91,19.57,63.18,1196.16,1232.02,1264.2,1256.31,1,1259.28,1196.16,1196.16,1196.16,1,2025-03-17,0,,,71,,
2025-03-18,1259.28,1259.28,1259.28,1259.28,0,1250.0,1190.91,18.17,63.18,1197.09,1232.47,1264.2,1264.2,0,,,1197.09,1197.09,1,2025-03-17,0,,,71,,
2025-03-19,1295.6,1308.21,1292.18,1303.05,11278014,1250.96,1190.91,20.37,73.74,1223.86,1234.45,1308.21,1264.2,1,1303.05,1223.86,1223.86,1223.86,1,2025-03-17,0,,,71,,
2025-03-20,1309.89,1314.11,1301.01,1311.58,10886735,1252.02,1190.91,19.85,75.23,1229.7,1236.22,1314.11,1308.21,0,,,1229.7,1229.7,1,2025-03-17,0,,,71,,
2025-03-21,1305.92,1338.67,1301.56,1332.82,60494318,1253.05,1190.91,21.08,78.51,1242.58,1238.72,1338.67,1314.11,0,,,1242.58,1242.58,1,2025-03-17,0,,,71,,
2025-03-24,1345.57,1362.49,1334.75,1347.75,9352280,1254.26,1194.93,21.7,80.46,1253.14,1241.56,1362.49,1338.67,0,,,1253.14,1253.14,1,2025-03-17,0,,,71,,
2025-03-25,1348.59,1353.36,1319.87,1333.41,16419207,1255.34,1197.01,22.54,73.54,1244.03,1244.43,1362.49,1362.49,0,,,1244.03,1253.14,1,2025-03-17,0,,,71,,
2025-03-26,1333.76,1347.6,1321.3,1325.67,10859639,1256.41,1197.06,22.81,70.04,1238.87,1246.85,1362.49,1362.49,0,,,1238.87,1253.14,1,2025-03-17,0,,,71,,
2025-03-27,1322.94,1341.15,1322.94,1326.42,15109614,1257.37,1197.06,22.48,70.19,1239.57,1249.63,1362.49,1362.49,0,,,1239.57,1253.14,1,2025-03-17,0,,,71,,
2025-03-28,1325.77,1347.55,1317.04,1338.03,8266544,1258.33,1197.06,23.05,72.46,1246.68,1252.82,1362.49,1362.49,0,,,1246.68,1253.14,1,2025-03-17,0,,,71,,
2025-04-01,1329.74,1342.0,1305.33,1308.35,14288024,1259.03,1198.75,24.03,59.91,1227.45,1255.12,1362.49,1362.49,0,,,1227.45,1253.14,1,2025-03-17,0,,,71,,
2025-04-02,1312.03,1327.71,1312.03,1321.06,8042214,1259.72,1207.88,23.69,62.87,1238.92,1257.47,1362.49,1362.49,0,,,1238.92,1253.14,1,2025-03-17,0,,,71,,
2025-04-03,1311.83,1322.79,1311.13,1319.37,4591008,1260.42,1225.84,22.83,62.21,1244.38,1260.07,1362.49,1362.49,0,,,1244.38,1253.14,1,2025-03-17,0,,,71,,
2025-04-04,1319.37,1328.3,1311.98,1325.08,8648542,1261.17,1235.76,22.37,63.6,1251.68,1263.12,1362.49,1362.49,0,,,1251.68,1253.14,1,2025-03-17,0,,,71,,
2025-04-07,1285.33,1314.85,1255.31,1277.69,19185012,1261.56,1245.14,25.75,47.88,1221.99,1263.98,1362.49,1362.49,0,,,1221.99,1253.14,1,2025-03-17,1,1261.56,SMA150_BREAK,71,15,0.18
2025-04-08,1289.9,1300.02,1277.49,1289.95,13085762,1262.02,1255.31,25.52,51.24,1233.44,1265.63,1362.49,1362.49,0,,,1233.44,,0,,0,,,,,
2025-04-09,1294.96,1295.11,1274.66,1290.84,13005622,1262.37,1255.31,25.16,51.48,1234.25,1267.87,1362.49,1362.49,0,,,1234.25,,0,,0,,,,,
2025-04-11,1295.11,1314.85,1295.11,1301.61,13064247,1262.87,1255.31,25.08,54.46,1241.26,1270.96,1362.49,1362.49,0,,,1241.26,,0,,0,,,,,
2025-04-15,1340.66,1343.93,1325.97,1339.86,15202603,1263.62,1255.31,26.31,63.11,1265.11,1275.13,1362.49,1362.49,0,,,1265.11,,0,,0,,,,,
2025-04-16,1346.61,1349.29,1332.62,1346.01,14039073,1264.6,1255.31,25.62,64.28,1269.53,1279.56,1362.49,1362.49,0,,,1269.53,,0,,0,,,,,
2025-04-17,1351.57,1398.11,1349.69,1395.93,17490424,1265.74,1255.31,27.51,72.06,1300.47,1286.26,1398.11,1362.49,1,1395.93,1300.47,1300.47,1300.47,1,2025-04-17,0,,,72,,
2025-04-21,1425.0,1425.0,1393.94,1399.01,16882426,1266.88,1255.31,27.77,72.46,1302.29,1293.0,1425.0,1398.11,0,,,1302.29,1302.29,1,2025-04-17,0,,,72,,
2025-04-22,1401.98,1407.94,1388.19,1405.65,16135274,1268.07,1255.31,27.19,73.34,1306.95,1299.81,1425.0,1425.0,0,,,1306.95,1306.95,1,2025-04-17,0,,,72,,
2025-04-23,1418.06,1418.95,1400.49,1413.49,13990764,1269.21,1255.31,26.57,74.39,1312.42,1306.72,1425.0,1425.0,0,,,1312.42,1312.42,1,2025-04-17,0,,,72,,
2025-04-24,1405.46,1410.32,1388.09,1391.96,15678099,1270.22,1255.31,26.49,66.67,1298.59,1312.82,1425.0,1425.0,0,,,1298.59,1312.42,1,2025-04-17,0,,,72,,
2025-04-25,1399.2,1403.97,1377.77,1394.04,11705093,1271.16,1255.31,26.47,67.02,1299.95,1319.12,1425.0,1425.0,0,,,1299.95,1312.42,1,2025-04-17,0,,,72,,
2025-04-28,1394.84,1424.01,1393.05,1417.86,10948561,1272.22,1255.31,26.79,70.86,1315.1,1326.19,1425.0,1425.0,0,,,1315.1,1315.1,1,2025-04-17,0,,,72,,
2025-04-29,1417.86,1427.29,1411.71,1418.85,10786910,1273.16,1255.31,25.99,71.01,1316.27,1332.29,1427.29,1425.0,0,,,1316.27,1316.27,1,2025-04-17,0,,,72,,
2025-04-30,1422.03,1422.72,1389.28,1416.07,14192027,1274.05,1255.31,26.52,69.92,1314.12,1338.35,1427.29,1427.29,0,,,1314.12,1316.27,1,2025-04-17,0,,,72,,
2025-05-02,1415.97,1435.52,1413.69,1419.15,8842434,1274.66,1274.66,26.18,70.46,1322.78,1344.3,1435.52,1427.29,0,,,1322.78,1322.78,1,2025-04-17,0,,,72,,
2025-05-05,1428.97,1435.72,1415.08,1418.46,4565705,1275.37,1274.66,25.79,70.15,1322.6,1349.61,1435.72,1435.52,0,,,1322.6,1322.78,1,2025-04-17,0,,,72,,
2025-05-06,1418.06,1422.72,1409.52,1420.64,6301690,1276.12,1295.11,24.89,70.59,1331.42,1354.99,1435.72,1435.72,0,,,1331.42,1331.42,1,2025-04-17,0,,,72,,
2025-05-07,1414.09,1430.96,1410.12,1424.41,10480453,1276.85,1325.97,24.6,71.36,1344.33,1359.03,1435.72,1435.72,0,,,1344.33,1344.33,1,2025-04-17,0,,,72,,
2025-05-08,1427.58,1437.81,1415.18,1424.51,15306490,1277.56,1332.62,24.46,71.39,1346.71,1362.8,1437.81,1435.72,0,,,1346.71,1346.71,1,2025-04-17,0,,,72,,
2025-05-09,1404.36,1409.03,1376.38,1378.27,13491197,1278.1,1349.69,26.15,51.9,1321.45,1364.31,1437.81,1437.81,0,,,1321.45,1346.71,1,2025-04-17,0,,,72,,
2025-05-12,1398.61,1441.87,1393.25,1437.41,9925445,1279.26,1376.38,28.82,65.04,1366.71,1367.3,1441.87,1437.81,0,,,1366.71,1366.71,1,2025-04-17,0,,,72,,
2025-05-13,1429.07,1436.81,1416.47,1419.65,12475424,1280.3,1376.38,28.26,59.76,1355.63,1370.18,1441.87,1441.87,0,,,1355.63,1366.71,1,2025-04-17,0,,,72,,
2025-05-14,1418.95,1429.67,1406.45,1415.28,8026837,1281.42,1376.38,27.9,58.51,1353.05,1373.16,1441.87,1441.87,0,,,1353.05,1366.71,1,2025-04-17,0,,,72,,
2025-05-15,1414.98,1445.35,1404.66,1439.69,18209264,1282.82,1376.38,28.81,63.17,1368.18,1376.94,1445.35,1441.87,0,,,1368.18,1368.18,1,2025-04-17,0,,,72,,
2025-05-16,1442.17,1447.53,1435.92,1442.87,6439208,1284.27,1376.38,27.59,63.74,1371.05,1380.43,1447.53,1445.35,0,,,1371.05,1371.05,1,2025-04-17,0,,,72,,
2025-05-19,1435.42,1448.52,1432.74,1437.91,6005334,1285.68,1376.38,26.74,62.12,1368.42,1384.75,1448.52,1447.53,0,,,1368.42,1371.05,1,2025-04-17,0,,,72,,
2025-05-20,1439.1,1447.83,1424.51,1427.19,11352383,1286.96,1376.38,26.5,58.65,1361.67,1388.29,1448.52,1448.52,0,,,1361.67,1371.05,1,2025-04-17,0,,,72,,
2025-05-21,1431.85,1440.19,1427.49,1433.64,5510460,1288.29,1376.38,25.53,60.1,1366.47,1392.1,1448.52,1448.52,0,,,1366.47,1371.05,1,2025-04-17,0,,,72,,
2025-05-22,1430.07,1434.23,1416.87,1431.06,7245933,1289.74,1376.38,24.95,59.21,1365.19,1395.63,1448.52,1448.52,0,,,1365.19,1371.05,1,2025-04-17,0,,,72,,
2025-05-23,1431.16,1440.68,1423.42,1438.7,5203706,1291.19,1376.38,24.4,61.05,1370.49,1401.0,1448.52,1448.52,0,,,1370.49,1371.05,1,2025-04-17,0,,,72,,
2025-05-26,1446.84,1460.33,1443.86,1449.42,5608725,1292.54,1376.38,24.2,63.53,1377.53,1406.31,1460.33,1448.52,1,1449.42,1377.53,1377.53,1377.53,1,2025-04-17,0,,,72,,
2025-05-27,1441.38,1451.8,1424.71,1435.32,14842959,1293.89,1376.38,24.41,58.26,1368.3,1411.13,1460.33,1460.33,0,,,1368.3,1377.53,1,2025-04-17,0,,,72,,
2025-05-28,1436.52,1446.84,1431.45,1442.67,8618343,1295.36,1376.38,23.76,60.12,1373.47,1415.83,1460.33,1460.33,0,,,1373.47,1377.53,1,2025-04-17,0,,,72,,
2025-05-29,1445.45,1451.7,1433.94,1445.35,15545514,1296.63,1376.38,23.34,60.81,1375.49,1419.35,1460.33,1460.33,0,,,1375.49,1377.53,1,2025-04-17,0,,,72,,
2025-05-30,1448.72,1449.71,1433.24,1434.73,11803975,1297.87,1393.25,22.85,56.65,1374.59,1422.31,1460.33,1460.33,0,,,1374.59,1377.53,1,2025-04-17,0,,,72,,
2025-06-02,1430.96,1448.82,1421.83,1439.39,9458990,1299.08,1404.66,23.14,58.01,1381.2,1423.76,1460.33,1460.33,0,,,1381.2,1381.2,1,2025-04-17,0,,,72,,
2025-06-03,1443.76,1443.86,1421.04,1426.89,11167345,1300.31,1404.66,23.12,53.21,1373.15,1424.68,1460.33,1460.33,0,,,1373.15,1381.2,1,2025-04-17,0,,,72,,
2025-06-04,1426.39,1429.07,1415.48,1420.04,8025388,1301.49,1404.66,22.44,50.73,1369.19,1425.16,1460.33,1460.33,0,,,1369.19,1381.2,1,2025-04-17,0,,,72,,
2025-06-05,1419.94,1447.83,1416.37,1443.66,11385668,1302.81,1415.48,23.08,57.99,1387.6,1426.17,1460.33,1460.33,0,,,1387.6,1387.6,1,2025-04-17,0,,,72,,
2025-06-06,1437.51,1450.21,1431.06,1448.52,11580994,1303.91,1415.48,22.8,59.32,1390.92,1428.05,1460.33,1460.33,0,,,1390.92,1390.92,1,2025-04-17,0,,,72,,
2025-06-09,1453.78,1455.57,1422.42,1423.81,11022031,1304.59,1415.48,23.54,50.56,1374.49,1429.05,1460.33,1460.33,0,,,1374.49,1390.92,1,2025-04-17,0,,,72,,
2025-06-10,1427.98,1430.66,1405.65,1412.0,12905272,1305.32,1405.65,23.65,46.99,1363.53,1428.85,1460.33,1460.33,0,,,1363.53,1390.92,1,2025-04-17,0,,,72,,
2025-06-11,1410.91,1423.52,1407.74,1420.04,7136877,1306.24,1405.65,23.08,49.6,1369.09,1428.89,1460.33,1460.33,0,,,1369.09,1390.92,1,2025-04-17,0,,,72,,
2025-06-12,1419.55,1425.5,1409.13,1414.29,7953247,1307.12,1405.65,22.6,47.79,1365.7,1428.83,1460.33,1460.33,0,,,1365.7,1390.92,1,2025-04-17,0,,,72,,
2025-06-13,1392.85,1410.62,1392.85,1405.26,7573103,1308.04,1392.85,22.52,45.01,1355.66,1428.37,1460.33,1460.33,0,,,1355.66,1390.92,1,2025-04-17,0,,,72,,
2025-06-16,1405.75,1418.06,1403.37,1415.97,5451137,1308.9,1392.85,21.96,48.81,1362.94,1428.29,1460.33,1460.33,0,,,1362.94,1390.92,1,2025-04-17,0,,,72,,
2025-06-17,1415.97,1418.85,1406.94,1412.3,6970098,1309.7,1392.85,21.24,47.6,1361.05,1428.01,1460.33,1460.33,0,,,1361.05,1390.92,1,2025-04-17,0,,,72,,
2025-06-18,1406.15,1421.04,1399.4,1401.78,6751745,1310.59,1392.85,21.27,44.2,1354.25,1427.25,1460.33,1460.33,0,,,1354.25,1390.92,1,2025-04-17,0,,,72,,
2025-06-19,1397.22,1403.87,1393.94,1400.49,8849883,1311.6,1392.85,20.46,43.79,1353.96,1426.45,1460.33,1460.33,0,,,1353.96,1390.92,1,2025-04-17,0,,,72,,
2025-06-20,1400.49,1422.33,1399.4,1416.17,12408178,1312.64,1392.85,20.64,49.91,1363.95,1427.72,1460.33,1460.33,0,,,1363.95,1390.92,1,2025-04-17,0,,,72,,
2025-06-23,1406.15,1412.3,1401.09,1409.23,5514384,1313.63,1392.85,20.24,47.45,1359.74,1426.78,1455.57,1460.33,0,,,1359.74,1390.92,1,2025-04-17,0,,,72,,
2025-06-24,1416.77,1424.91,1405.65,1413.2,11188438,1314.76,1392.85,20.17,49.0,1362.35,1426.56,1455.57,1455.57,0,,,1362.35,1390.92,1,2025-04-17,0,,,72,,
2025-06-25,1411.11,1417.96,1404.46,1414.88,7527388,1315.88,1392.85,19.69,49.67,1363.75,1426.55,1455.57,1455.57,0,,,1363.75,1390.92,1,2025-04-17,0,,,72,,
2025-06-26,1413.89,1436.42,1410.81,1428.08,13617435,1317.1,1392.85,20.12,54.75,1371.98,1426.16,1455.57,1455.57,0,,,1371.98,1390.92,1,2025-04-17,0,,,72,,
2025-06-27,1427.88,1454.77,1426.1,1451.0,22532899,1318.51,1392.85,20.73,61.94,1386.36,1426.43,1455.57,1455.57,0,,,1386.36,1390.92,1,2025-04-17,0,,,72,,
2025-06-30,1450.61,1450.71,1431.26,1434.73,6325073,1319.81,1392.85,20.66,55.23,1375.91,1426.33,1455.57,1455.57,0,,,1375.91,1390.92,1,2025-04-17,0,,,72,,
2025-07-01,1434.63,1436.52,1418.65,1421.04,7761449,1320.82,1392.85,20.46,50.3,1367.22,1426.12,1455.57,1455.57,0,,,1367.22,1390.92,1,2025-04-17,0,,,72,,
2025-07-02,1421.23,1439.89,1411.71,1416.87,13372280,1321.66,1392.85,21.01,48.87,1364.16,1425.56,1455.57,1455.57,0,,,1364.16,1390.92,1,2025-04-17,0,,,72,,
2025-07-03,1421.13,1435.03,1412.8,1414.98,10177738,1322.46,1392.85,21.1,48.2,1362.88,1425.03,1455.57,1455.57,0,,,1362.88,1390.92,1,2025-04-17,0,,,72,,
2025-07-04,1416.07,1433.34,1410.22,1431.75,5066503,1323.4,1393.94,21.24,54.2,1373.96,1424.8,1455.57,1455.57,0,,,1373.96,1390.92,1,2025-04-17,0,,,72,,
2025-07-07,1426.0,1429.87,1418.65,1424.71,5177477,1324.39,1393.94,20.66,51.5,1369.81,1423.97,1454.77,1455.57,0,,,1369.81,1390.92,1,2025-04-17,0,,,72,,
2025-07-08,1421.04,1433.94,1419.05,1430.96,5315847,1325.33,1393.94,20.25,53.7,1374.12,1423.83,1454.77,1454.77,0,,,1374.12,1390.92,1,2025-04-17,0,,,72,,
2025-07-09,1425.2,1427.68,1415.68,1420.94,8827347,1326.17,1393.94,19.89,49.8,1367.89,1423.1,1454.77,1454.77,0,,,1367.89,1390.92,1,2025-04-17,0,,,72,,
2025-07-10,1425.8,1427.98,1411.21,1413.2,7795964,1326.94,1399.4,19.67,46.96,1364.87,1422.03,1454.77,1454.77,0,,,1364.87,1390.92,1,2025-04-17,0,,,72,,
2025-07-11,1411.11,1417.07,1403.77,1411.01,7158015,1327.64,1401.09,19.21,46.16,1364.32,1421.24,1454.77,1454.77,0,,,1364.32,1390.92,1,2025-04-17,0,,,72,,
2025-07-14,1413.99,1413.99,1405.26,1412.1,5846154,1328.21,1403.77,18.47,46.65,1366.42,1420.33,1454.77,1454.77,0,,,1366.42,1390.92,1,2025-04-17,0,,,72,,
2025-07-15,1410.22,1422.82,1408.13,1419.84,6041457,1328.89,1403.77,18.2,50.11,1371.59,1420.1,1454.77,1454.77,0,,,1371.59,1390.92,1,2025-04-17,0,,,72,,
2025-07-16,1415.08,1418.26,1408.23,1415.48,5649093,1329.57,1403.77,17.73,48.21,1369.09,1419.94,1454.77,1454.77,0,,,1369.09,1390.92,1,2025-04-17,0,,,72,,
2025-07-17,1410.12,1412.3,1398.71,1407.84,12927394,1330.16,1398.71,17.66,44.99,1362.52,1418.75,1454.77,1454.77,0,,,1362.52,1390.92,1,2025-04-17,0,,,72,,
2025-07-18,1404.96,1418.06,1397.72,1414.88,11297246,1330.81,1397.72,17.85,48.41,1366.6,1417.63,1454.77,1454.77,0,,,1366.6,1390.92,1,2025-04-17,0,,,72,,
2025-07-21,1436.91,1456.46,1426.0,1454.58,13867136,1331.71,1397.72,19.54,62.53,1391.08,1418.65,1456.46,1454.77,0,,,1391.08,1391.08,1,2025-04-17,0,,,72,,
2025-07-22,1462.81,1470.65,1458.45,1462.32,8930165,1332.56,1397.72,19.3,64.57,1396.24,1420.33,1470.65,1456.46,1,1462.32,1396.24,1396.24,1396.24,1,2025-04-17,0,,,72,,
2025-07-23,1471.55,1478.59,1461.32,1477.2,11974174,1333.51,1397.72,19.15,68.15,1405.93,1422.24,1478.59,1470.65,0,,,1405.93,1405.93,1,2025-04-17,0,,,72,,
2025-07-24,1476.31,1477.3,1466.78,1472.04,6700578,1334.5,1397.72,18.53,65.67,1403.02,1424.16,1478.59,1478.59,0,,,1403.02,1405.93,1,2025-04-17,0,,,72,,
2025-07-25,1488.51,1488.51,1462.32,1465.79,8696077,1335.57,1397.72,19.08,62.69,1398.62,1426.18,1488.51,1478.59,0,,,1398.62,1405.93,1,2025-04-17,0,,,72,,
2025-07-28,1465.79,1482.36,1465.79,1477.0,7507479,1336.91,1397.72,18.9,65.7,1405.97,1428.21,1488.51,1488.51,0,,,1405.97,1405.97,1,2025-04-17,0,,,72,,
2025-07-29,1468.57,1478.39,1464.1,1474.82,9776027,1338.22,1397.72,18.57,64.61,1404.78,1430.3,1488.51,1488.51,0,,,1404.78,1405.97,1,2025-04-17,0,,,72,,
2025-07-30,1476.31,1477.1,1465.99,1471.05,7238625,1339.44,1397.72,18.04,62.67,1402.71,1432.61,1488.51,1488.51,0,,,1402.71,1405.97,1,2025-04-17,0,,,72,,
2025-07-31,1458.65,1483.06,1452.79,1470.06,12406146,1340.66,1397.72,18.91,62.15,1401.49,1434.92,1488.51,1488.51,0,,,1401.49,1405.97,1,2025-04-17,0,,,72,,
2025-08-01,1469.06,1473.73,1458.55,1460.33,4416771,1341.81,1397.72,18.65,57.07,1395.39,1436.4,1488.51,1488.51,0,,,1395.39,1405.97,1,2025-04-17,0,,,72,,
2025-08-04,1465.49,1467.48,1450.11,1452.0,6140054,1342.84,1397.72,18.56,53.08,1390.08,1437.82,1488.51,1488.51,0,,,1390.08,1405.97,1,2025-04-17,0,,,72,,
2025-08-05,1441.87,1450.31,1429.97,1433.34,14799343,1343.83,1397.72,18.8,45.41,1377.88,1438.49,1488.51,1488.51,0,,,1377.88,1405.97,1,2025-04-17,0,,,72,,
2025-08-06,1431.26,1442.87,1430.56,1432.55,7805252,1344.91,1397.72,18.34,45.11,1377.67,1439.08,1488.51,1488.51,0,,,1377.67,1405.97,1,2025-04-17,0,,,72,,
2025-08-07,1430.07,1436.81,1418.16,1429.27,7432535,1345.94,1397.72,18.36,43.83,1375.54,1439.12,1488.51,1488.51,0,,,1375.54,1405.97,1,2025-04-17,0,,,72,,
2025-08-08,1434.83,1436.52,1421.04,1424.91,5415511,1346.9,1418.16,18.16,42.12,1379.68,1438.25,1488.51,1488.51,0,,,1379.68,1405.97,1,2025-04-17,0,,,72,,
2025-08-11,1416.97,1427.39,1409.52,1425.6,8492484,1348.04,1409.52,18.14,42.5,1377.26,1437.95,1488.51,1488.51,0,,,1377.26,1405.97,1,2025-04-17,0,,,72,,
2025-08-12,1431.0,1433.8,1420.1,1422.0,5913947,1349.16,1409.52,17.82,40.97,1375.15,1437.98,1488.51,1488.51,0,,,1375.15,1405.97,1,2025-04-17,0,,,72,,
2025-08-13,1424.6,1427.7,1415.2,1420.8,9009465,1350.16,1409.52,17.44,40.45,1374.63,1438.11,1488.51,1488.51,0,,,1374.63,1405.97,1,2025-04-17,0,,,72,,
2025-08-14,1412.0,1431.1,1412.0,1427.3,7577793,1351.32,1409.52,17.56,44.56,1378.74,1438.52,1488.51,1488.51,0,,,1378.74,1405.97,1,2025-04-17,0,,,72,,
2025-08-18,1450.0,1452.4,1431.0,1434.6,6908844,1352.53,1409.52,18.1,48.84,1383.09,1438.62,1488.51,1488.51,0,,,1383.09,1405.97,1,2025-04-17,0,,,72,,
2025-08-19,1431.1,1438.5,1426.3,1436.3,6709554,1353.84,1409.52,17.68,49.81,1384.47,1439.0,1488.51,1488.51,0,,,1384.47,1405.97,1,2025-04-17,0,,,72,,
2025-08-20,1432.6,1435.9,1423.0,1430.6,5817858,1355.24,1409.52,17.36,46.61,1381.0,1438.99,1488.51,1488.51,0,,,1381.0,1405.97,1,2025-04-17,0,,,72,,
2025-08-21,1440.1,1447.8,1436.4,1446.0,6238645,1356.68,1409.52,17.35,55.0,1390.94,1439.83,1488.51,1488.51,0,,,1390.94,1405.97,1,2025-04-17,0,,,72,,
2025-08-22,1444.3,1446.0,1429.4,1436.4,6657207,1358.06,1409.52,17.3,49.75,1384.79,1440.6,1488.51,1488.51,0,,,1384.79,1405.97,1,2025-04-17,0,,,72,,
2025-08-25,1435.9,1435.9,1424.0,1433.2,6738427,1359.35,1409.52,16.95,48.11,1382.96,1441.34,1483.06,1488.51,0,,,1382.96,1405.97,1,2025-04-17,0,,,72,,
2025-08-26,1427.9,1427.9,1413.1,1416.6,8720155,1360.69,1409.52,17.17,40.6,1372.1,1441.49,1483.06,1483.06,0,,,1372.1,1405.97,1,2025-04-17,0,,,72,,
2025-08-28,1408.0,1411.8,1396.3,1399.1,12990789,1361.86,1396.3,17.4,34.48,1356.26,1440.8,1483.06,1483.06,0,,,1356.26,1405.97,1,2025-04-17,1,1405.97,TRAILING_STOP,72,92,0.72
2025-08-29,1392.1,1405.0,1392.1,1397.8,8519507,1363.26,1392.1,17.07,34.07,1354.23,1440.21,1483.06,1483.06,0,,,1354.23,,0,,0,,,,,
2025-09-01,1398.1,1412.4,1398.1,1411.0,4927348,1364.73,1392.1,16.9,41.67,1362.86,1440.31,1473.73,1483.06,0,,,1362.86,,0,,0,,,,,
2025-09-02,1413.9,1413.9,1390.0,1394.2,7163073,1366.07,1390.0,17.4,35.99,1350.99,1439.63,1467.48,1473.73,0,,,1350.99,,0,,0,,,,,
2025-09-03,1389.0,1400.0,1384.2,1397.0,9813382,1367.39,1384.2,17.28,37.51,1350.94,1437.71,1452.4,1467.48,0,,,1350.94,,0,,0,,,,,
2025-09-04,1409.9,1415.1,1401.9,1405.5,10564859,1368.63,1384.2,17.34,42.04,1356.39,1435.81,1452.4,1452.4,0,,,1356.39,,0,,0,,,,,
2025-09-05,1411.0,1411.5,1387.7,1402.8,6621077,1369.74,1384.2,17.8,41.02,1354.34,1433.33,1452.4,1452.4,0,,,1354.34,,0,,0,,,,,
2025-09-08,1402.2,1410.6,1397.6,1402.7,5880943,1370.81,1384.2,17.46,40.98,1354.5,1431.02,1452.4,1452.4,0,,,1354.5,,0,,0,,,,,
2025-09-09,1399.0,1407.5,1395.2,1403.7,6470679,1371.86,1384.2,17.09,41.59,1355.39,1428.95,1452.4,1452.4,0,,,1355.39,,0,,0,,,,,
2025-09-10,1410.0,1413.7,1402.1,1403.9,7452347,1372.93,1384.2,16.7,41.72,1355.78,1426.51,1452.4,1452.4,0,,,1355.78,,0,,0,,,,,
2025-09-11,1398.0,1408.0,1396.0,1401.6,10192026,1373.97,1384.2,16.36,40.61,1354.52,1424.07,1452.4,1452.4,0,,,1354.52,,0,,0,,,,,
2025-09-12,1405.1,1419.7,1400.1,1417.7,7770038,1375.13,1384.2,16.6,50.53,1364.75,1422.3,1452.4,1452.4,0,,,1364.75,,0,,0,,,,,
2025-09-15,1422.0,1426.8,1416.3,1419.4,5845637,1376.2,1384.2,16.16,51.45,1366.14,1420.61,1452.4,1452.4,0,,,1366.14,,0,,0,,,,,
2025-09-16,1414.0,1424.9,1413.7,1421.6,8213151,1377.29,1384.2,15.81,52.68,1367.8,1419.32,1447.8,1452.4,0,,,1367.8,,0,,0,,,,,
2025-09-17,1420.1,1426.1,1416.4,1419.2,7484283,1378.34,1384.2,15.37,51.16,1366.54,1418.22,1447.8,1447.8,0,,,1366.54,,0,,0,,,,,
2025-09-18,1431.1,1432.8,1415.3,1421.7,8130537,1379.5,1384.2,15.52,52.69,1368.05,1417.83,1447.8,1447.8,0,,,1368.05,,0,,0,,,,,
2025-09-19,1416.1,1418.0,1400.2,1402.2,13457344,1380.49,1384.2,15.95,41.7,1355.19,1416.82,1446.0,1447.8,0,,,1355.19,,0,,0,,,,,
2025-09-22,1403.9,1409.9,1397.2,1401.5,8847948,1381.55,1384.2,15.72,41.36,1354.89,1415.9,1435.9,1446.0,0,,,1354.89,,0,,0,,,,,
2025-09-23,1391.0,1403.3,1391.0,1394.3,12827524,1382.56,1384.2,15.47,38.0,1350.41,1414.88,1432.8,1435.9,0,,,1350.41,,0,,0,,,,,
2025-09-24,1386.4,1390.9,1376.5,1382.7,9735678,1383.52,1376.5,15.64,33.29,1340.25,1413.45,1432.8,1432.8,0,,,1340.25,,0,,0,,,,,
2025-09-25,1377.0,1391.5,1371.8,1375.8,21613389,1384.35,1371.8,15.93,30.85,1334.04,1411.91,1432.8,1432.8,0,,,1334.04,,0,,0,,,,,
2025-09-26,1368.0,1372.7,1357.0,1359.6,18342280,1385.14,1357.0,16.13,26.01,1318.52,1409.87,1432.8,1432.8,0,,,1318.52,,0,,0,,,,,
2025-09-29,1359.6,1366.5,1346.2,1348.1,20563163,1385.91,1346.2,16.43,23.23,1307.3,1407.23,1432.8,1432.8,0,,,1307.3,,0,,0,,,,,
2025-09-30,1353.7,1356.6,1342.6,1348.0,20166871,1386.55,1342.6,16.26,23.21,1306.15,1404.34,1432.8,1432.8,0,,,1306.15,,0,,0,,,,,
2025-10-01,1348.0,1379.4,1347.1,1372.0,20952632,1387.42,1342.6,17.4,38.99,1320.87,1402.2,1432.8,1432.8,0,,,1320.87,,0,,0,,,,,
2025-10-03,1371.9,1371.9,1361.3,1365.2,12163695,1388.37,1342.6,16.92,36.69,1316.8,1400.02,1432.8,1432.8,0,,,1316.8,,0,,0,,,,,
2025-10-06,1371.0,1372.6,1359.1,1363.4,14314283,1389.4,1342.6,16.68,36.08,1315.81,1397.26,1432.8,1432.8,0,,,1315.81,,0,,0,,,,,
2025-10-07,1363.6,1383.1,1363.6,1375.9,16126464,1390.47,1342.6,16.9,43.12,1323.72,1395.25,1432.8,1432.8,0,,,1323.72,,0,,0,,,,,
2025-10-08,1372.3,1381.6,1364.3,1370.3,8100832,1391.52,1342.6,16.92,40.94,1320.09,1393.15,1432.8,1432.8,0,,,1320.09,,0,,0,,,,,
2025-10-09,1369.8,1378.7,1365.1,1376.2,7909575,1392.73,1342.6,16.69,44.14,1324.06,1391.8,1432.8,1432.8,0,,,1324.06,,0,,0,,,,,
2025-10-10,1370.3,1385.0,1370.3,1380.3,7673816,1393.95,1342.6,16.55,46.31,1326.8,1391.18,1432.8,1432.8,0,,,1326.8,,0,,0,,,,,
2025-10-13,1373.1,1386.4,1373.1,1379.4,8923018,1395.14,1342.6,16.31,45.89,1326.37,1390.56,1432.8,1432.8,0,,,1326.37,,0,,0,,,,,
2025-10-14,1389.0,1389.0,1375.1,1384.1,10610855,1396.32,1342.6,16.14,48.53,1329.52,1389.67,1432.8,1432.8,0,,,1329.52,,0,,0,,,,,
2025-10-15,1386.5,1400.4,1385.5,1398.4,8988550,1397.59,1342.6,16.15,55.62,1338.73,1389.81,1432.8,1432.8,0,,,1338.73,,0,,0,,,,,
2025-10-16,1401.0,1418.9,1399.4,1417.3,12185032,1399.0,1342.6,16.46,62.9,1350.72,1390.48,1432.8,1432.8,0,,,1350.72,,0,,0,,,,,
2025-10-17,1412.0,1439.6,1410.9,1436.6,17037215,1400.54,1342.6,17.34,68.57,1362.58,1391.52,1439.6,1432.8,1,1436.6,1362.58,1362.58,1362.58,1,2025-10-17,0,,,73,,
2025-10-20,1442.0,1445.0,1389.2,1390.3,23330227,1401.57,1342.6,20.08,49.16,1330.89,1391.1,1445.0,1439.6,0,,,1330.89,1362.58,1,2025-10-17,1,1401.57,SMA150_BREAK,73,2,-2.44
2025-10-21,1384.5,1387.6,1375.9,1382.0,3415560,1402.56,1342.6,19.68,46.62,1325.8,1390.41,1445.0,1445.0,0,,,1325.8,,0,,0,,,,,
2025-10-23,1385.0,1389.8,1360.1,1363.7,21124942,1403.38,1347.1,20.39,41.51,1315.02,1389.08,1445.0,1445.0,0,,,1315.02,,0,,0,,,,,
2025-10-24,1368.1,1381.6,1368.1,1377.7,10570263,1404.17,1359.1,20.22,46.35,1328.17,1388.21,1445.0,1445.0,0,,,1328.17,,0,,0,,,,,
2025-10-27,1382.1,1386.8,1374.0,1377.6,11499836,1404.95,1359.1,19.69,46.32,1328.46,1387.41,1445.0,1445.0,0,,,1328.46,,0,,0,,,,,
2025-10-28,1373.0,1375.8,1356.2,1363.1,26477914,1405.36,1356.2,19.81,42.14,1318.06,1385.59,1445.0,1445.0,0,,,1318.06,,0,,0,,,,,
2025-10-29,1364.6,1371.7,1358.4,1370.4,16129382,1405.75,1356.2,19.34,44.84,1323.08,1383.95,1445.0,1445.0,0,,,1323.08,,0,,0,,,,,
2025-10-30,1362.4,1370.2,1361.3,1362.4,9324401,1405.94,1356.2,18.61,42.5,1318.41,1381.98,1445.0,1445.0,0,,,1318.41,,0,,0,,,,,
2025-10-31,1357.0,1362.0,1343.3,1345.3,15926798,1405.93,1343.3,18.65,37.93,1303.05,1379.52,1445.0,1445.0,0,,,1303.05,,0,,0,,,,,
2025-11-03,1340.5,1351.6,1337.9,1346.4,11071450,1406.01,1337.9,18.29,38.39,1302.2,1377.01,1445.0,1445.0,0,,,1302.2,,0,,0,,,,,
2025-11-04,1342.6,1349.8,1333.2,1336.9,15211183,1406.09,1333.2,18.17,35.92,1294.59,1374.83,1445.0,1445.0,0,,,1294.59,,0,,0,,,,,
2025-11-06,1330.0,1342.2,1317.4,1320.4,24221853,1406.05,1317.4,18.65,32.07,1278.36,1372.13,1445.0,1445.0,0,,,1278.36,,0,,0,,,,,
2025-11-07,1320.4,1344.3,1318.6,1343.0,7719245,1406.08,1317.4,19.15,41.35,1292.6,1370.42,1445.0,1445.0,0,,,1292.6,,0,,0,,,,,
2025-11-10,1342.9,1349.6,1341.0,1348.0,8542340,1406.35,1317.4,18.4,43.2,1296.33,1369.26,1445.0,1445.0,0,,,1296.33,,0,,0,,,,,
2025-11-11,1349.0,1360.4,1346.2,1358.3,8305184,1406.6,1317.4,18.1,46.91,1303.17,1368.68,1445.0,1445.0,0,,,1303.17,,0,,0,,,,,
2025-11-12,1370.0,1370.0,1355.4,1358.9,9736761,1406.86,1317.4,17.85,47.13,1303.73,1368.65,1445.0,1445.0,0,,,1303.73,,0,,0,,,,,
2025-11-13,1358.9,1390.4,1358.5,1385.9,18296626,1407.26,1317.4,18.85,55.87,1320.47,1369.91,1445.0,1445.0,0,,,1320.47,,0,,0,,,,,
2025-11-14,1374.0,1381.2,1363.2,1373.0,9694498,1407.9,1317.4,19.13,51.49,1311.97,1370.75,1445.0,1445.0,0,,,1311.97,,0,,0,,,,,
2025-11-17,1375.1,1382.5,1373.6,1379.0,7660717,1408.49,1317.4,18.44,53.32,1316.3,1370.98,1445.0,1445.0,0,,,1316.3,,0,,0,,,,,
2025-11-18,1380.2,1382.8,1369.1,1373.4,9529560,1409.04,1317.4,18.1,51.37,1312.91,1371.25,1445.0,1445.0,0,,,1312.91,,0,,0,,,,,
2025-11-19,1373.5,1384.0,1371.6,1383.1,10393918,1409.59,1317.4,17.69,54.48,1319.44,1371.91,1390.4,1445.0,0,,,1319.44,,0,,0,,,,,
2025-11-20,1380.1,1388.3,1375.4,1383.0,10131863,1409.87,1317.4,17.35,54.44,1319.6,1372.15,1390.4,1390.4,0,,,1319.6,,0,,0,,,,,
2025-11-21,1373.0,1376.0,1364.6,1369.5,11483595,1410.03,1317.4,17.43,49.35,1310.84,1372.12,1390.4,1390.4,0,,,1310.84,,0,,0,,,,,
2025-11-24,1373.3,1377.0,1361.5,1368.4,15896003,1409.85,1317.4,17.29,48.95,1310.23,1371.86,1390.4,1390.4,0,,,1310.23,,0,,0,,,,,
2025-11-25,1365.0,1376.9,1354.3,1357.8,12235000,1409.57,1317.4,17.67,45.14,1303.14,1371.11,1390.4,1390.4,0,,,1303.14,,0,,0,,,,,
2025-11-26,1360.0,1377.0,1359.9,1375.0,9659004,1409.37,1317.4,17.78,51.71,1314.16,1370.96,1390.4,1390.4,0,,,1314.16,,0,,0,,,,,
2025-11-27,1379.0,1394.0,1375.7,1392.2,15158741,1409.23,1318.6,17.86,57.22,1325.59,1371.23,1394.0,1390.4,0,,,1325.59,,0,,0,,,,,
2025-11-28,1392.0,1398.5,1385.6,1388.8,7683986,1409.21,1341.0,17.51,55.86,1331.1,1370.91,1398.5,1394.0,0,,,1331.1,,0,,0,,,,,
2025-12-01,1394.0,1400.0,1385.4,1390.1,8867593,1409.18,1346.2,17.3,56.29,1333.81,1370.01,1400.0,1398.5,0,,,1333.81,,0,,0,,,,,
2025-12-02,1381.8,1381.8,1370.6,1373.0,12126396,1408.88,1354.3,17.46,49.51,1325.38,1367.89,1400.0,1400.0,0,,,1325.38,,0,,0,,,,,
2025-12-03,1367.0,1394.2,1367.0,1391.5,7955933,1408.7,1354.3,18.15,55.72,1336.85,1367.93,1400.0,1400.0,0,,,1336.85,,0,,0,,,,,
2025-12-04,1387.0,1391.6,1379.9,1386.7,7373909,1408.5,1354.3,17.69,53.87,1334.06,1368.08,1400.0,1400.0,0,,,1334.06,,0,,0,,,,,
2025-12-05,1381.0,1395.3,1381.0,1392.5,4942638,1408.32,1354.3,17.45,55.78,1337.96,1369.04,1400.0,1400.0,0,,,1337.96,,0,,0,,,,,
2025-12-08,1387.0,1394.9,1383.3,1389.6,7826227,1408.13,1354.3,17.03,54.57,1336.37,1369.44,1400.0,1400.0,0,,,1336.37,,0,,0,,,,,
2025-12-09,1379.9,1384.3,1373.4,1375.2,10492030,1407.83,1354.3,16.97,48.86,1327.12,1369.36,1400.0,1400.0,0,,,1327.12,,0,,0,,,,,
2025-12-10,1377.9,1379.4,1357.9,1363.6,8725381,1407.42,1354.3,17.3,44.79,1319.42,1369.38,1400.0,1400.0,0,,,1319.42,,0,,0,,,,,
2025-12-11,1363.7,1366.6,1352.8,1360.0,6734750,1406.99,1352.8,17.05,43.58,1316.77,1369.03,1400.0,1400.0,0,,,1316.77,,0,,0,,,,,
2025-12-12,1368.0,1370.7,1363.3,1366.0,3890885,1406.91,1352.8,16.59,46.19,1320.94,1369.15,1400.0,1400.0,0,,,1320.94,,0,,0,,,,,
2025-12-15,1356.1,1370.0,1356.1,1365.2,5342530,1406.43,1352.8,16.4,45.89,1320.55,1369.81,1400.0,1400.0,0,,,1320.55,,0,,0,,,,,
2025-12-16,1364.0,1368.7,1355.5,1366.0,12359741,1406.07,1352.8,16.17,46.27,1321.22,1370.47,1400.0,1400.0,0,,,1321.22,,0,,0,,,,,
2025-12-17,1365.0,1365.0,1343.1,1352.4,9440391,1405.65,1343.1,16.65,40.97,1308.9,1370.98,1400.0,1400.0,0,,,1308.9,,0,,0,,,,,
2025-12-18,1346.3,1369.5,1345.5,1356.8,7314573,1405.1,1343.1,17.18,43.24,1311.38,1372.2,1400.0,1400.0,0,,,1311.38,,0,,0,,,,,
2025-12-19,1354.0,1360.4,1350.8,1354.1,14318512,1404.51,1343.1,16.64,42.17,1310.0,1372.57,1400.0,1400.0,0,,,1310.0,,0,,0,,,,,
2025-12-22,1358.0,1371.3,1354.8,1368.5,9375294,1404.05,1343.1,16.68,49.36,1319.26,1373.25,1400.0,1400.0,0,,,1319.26,,0,,0,,,,,
2025-12-23,1361.1,1365.0,1357.0,1363.0,9105467,1403.62,1343.1,16.31,46.96,1315.96,1373.41,1400.0,1400.0,0,,,1315.96,,0,,0,,,,,
2025-12-24,1363.8,1368.2,1357.6,1359.8,8955140,1403.13,1343.1,15.9,45.57,1314.17,1373.44,1400.0,1400.0,0,,,1314.17,,0,,0,,,,,
2025-12-26,1356.5,1362.0,1348.5,1350.4,2812144,1402.59,1343.1,15.73,41.67,1308.22,1372.25,1400.0,1400.0,0,,,1308.22,,0,,0,,,,,
2025-12-29,1352.1,1355.7,1341.5,1343.3,6057201,1401.95,1341.5,15.62,38.95,1303.18,1371.26,1400.0,1400.0,0,,,1303.18,,0,,0,,,,,
2025-12-30,1343.3,1347.1,1338.1,1342.5,18621277,1401.24,1338.1,15.15,38.65,1301.85,1370.05,1395.3,1400.0,0,,,1301.85,,0,,0,,,,,
2025-12-31,1342.8,1350.0,1339.5,1342.9,6150634,1400.62,1338.1,14.81,38.91,1302.33,1369.03,1395.3,1395.3,0,,,1302.33,,0,,0,,,,,
2026-01-01,1343.9,1348.4,1336.0,1338.0,4179311,1399.93,1336.0,14.64,36.86,1298.58,1367.53,1395.3,1395.3,0,,,1298.58,,0,,0,,,,,
2026-01-02,1338.0,1356.9,1336.3,1355.4,8226205,1399.33,1336.0,15.07,47.42,1309.52,1366.61,1395.3,1395.3,0,,,1309.52,,0,,0,,,,,
2026-01-05,1354.2,1375.5,1352.6,1371.5,6920565,1398.9,1336.0,15.63,54.94,1319.53,1366.67,1394.9,1395.3,0,,,1319.53,,0,,0,,,,,
2026-01-06,1372.0,1413.6,1366.0,1411.2,17260416,1398.72,1336.0,17.91,67.33,1343.62,1368.1,1413.6,1394.9,1,1411.2,1343.62,1343.62,1343.62,1,2026-01-06,0,,,74,,
2026-01-07,1408.0,1429.9,1404.2,1427.7,15813795,1398.72,1336.0,18.47,70.91,1353.89,1370.43,1429.9,1413.6,0,,,1353.89,1353.89,1,2026-01-06,0,,,74,,
2026-01-08,1429.0,1442.2,1423.3,1435.0,14861699,1398.82,1336.0,18.5,72.35,1358.58,1372.43,1442.2,1429.9,0,,,1358.58,1358.58,1,2026-01-06,0,,,74,,
2026-01-09,1427.1,1429.5,1401.5,1404.3,12555636,1398.56,1336.0,19.57,59.08,1338.06,1372.83,1442.2,1442.2,0,,,1338.06,1358.58,1,2026-01-06,0,,,74,,
2026-01-12,1399.9,1424.3,1391.7,1413.1,10923811,1398.32,1336.0,20.5,61.27,1343.12,1373.64,1442.2,1442.2,0,,,1343.12,1358.58,1,2026-01-06,1,1398.32,SMA150_BREAK,74,5,-0.91
2026-01-13,1420.0,1441.8,1411.1,1437.0,14295581,1398.41,1336.0,21.23,66.52,1358.05,1375.21,1442.2,1442.2,0,,,1358.05,,0,,0,,,,,
2026-01-14,1425.6,1443.9,1414.9,1418.4,13832255,1398.45,1336.0,21.78,59.73,1345.68,1376.72,1443.9,1442.2,0,,,1345.68,,0,,0,,,,,
2026-01-15,1418.4,1418.4,1418.4,1418.4,0,1398.44,1336.0,20.23,59.73,1346.72,1377.62,1443.9,1443.9,0,,,1346.72,,0,,0,,,,,
2026-01-16,1417.9,1429.0,1400.2,1410.8,12530886,1398.42,1336.0,20.84,56.98,1341.41,1378.42,1443.9,1443.9,0,,,1341.41,,0,,0,,,,,
2026-01-19,1399.9,1400.0,1360.0,1380.6,23302883,1398.26,1336.0,22.98,47.59,1320.5,1378.02,1443.9,1443.9,0,,,1320.5,,0,,0,,,,,
2026-01-20,1374.7,1387.8,1371.5,1375.8,15012785,1397.99,1336.0,22.5,46.28,1317.72,1377.56,1443.9,1443.9,0,,,1317.72,,0,,0,,,,,
2026-01-21,1367.5,1371.5,1339.5,1349.0,21766068,1397.57,1336.0,23.49,39.73,1299.78,1376.69,1443.9,1443.9,0,,,1299.78,,0,,0,,,,,
2026-01-22,1355.1,1358.0,1338.0,1345.5,17179765,1397.19,1336.3,23.24,38.95,1297.79,1376.09,1443.9,1443.9,0,,,1297.79,,0,,0,,,,,
2026-01-23,1340.5,1355.2,1335.7,1343.4,14056524,1396.81,1335.7,22.97,38.47,1296.41,1375.53,1443.9,1443.9,0,,,1296.41,,0,,0,,,,,
2026-01-27,1340.0,1369.1,1328.6,1361.4,25263634,1396.44,1328.6,24.22,44.81,1304.82,1375.38,1443.9,1443.9,0,,,1304.82,,0,,0,,,,,
2026-01-28,1362.6,1380.4,1362.6,1367.7,13242696,1396.17,1328.6,23.85,46.88,1309.13,1375.46,1443.9,1443.9,0,,,1309.13,,0,,0,,,,,
2026-01-29,1359.0,1387.7,1354.4,1383.6,23118234,1395.97,1328.6,24.53,51.78,1318.94,1376.05,1443.9,1443.9,0,,,1318.94,,0,,0,,,,,
2026-01-30,1368.2,1381.9,1353.2,1355.0,24013717,1395.57,1328.6,24.95,43.93,1300.21,1376.14,1443.9,1443.9,0,,,1300.21,,0,,0,,,,,
2026-02-02,1329.9,1354.4,1329.1,1352.8,12800245,1395.07,1328.6,25.01,43.38,1298.75,1376.0,1443.9,1443.9,0,,,1298.75,,0,,0,,,,,
2026-02-03,1412.0,1417.0,1373.4,1389.7,24896698,1394.66,1328.6,27.81,53.75,1320.68,1377.19,1443.9,1443.9,0,,,1320.68,,0,,0,,,,,
2026-02-04,1387.0,1414.0,1386.9,1408.4,11080683,1394.49,1328.6,27.76,57.95,1332.78,1378.52,1443.9,1443.9,0,,,1332.78,,0,,0,,,,,
2026-02-05,1414.0,1414.0,1393.2,1396.5,8982761,1394.32,1328.6,27.26,54.56,1325.43,1379.64,1443.9,1443.9,0,,,1325.43,,0,,0,,,,,
2026-02-06,1396.7,1410.5,1394.7,1406.1,10851190,1394.25,1328.6,26.45,56.76,1332.17,1381.18,1443.9,1443.9,0,,,1332.17,,0,,0,,,,,
2026-02-09,1413.5,1414.0,1388.8,1396.3,7889742,1394.13,1328.6,26.36,53.89,1325.91,1382.71,1443.9,1443.9,0,,,1325.91,,0,,0,,,,,
2026-02-10,1401.0,1409.5,1395.5,1406.5,16497628,1393.96,1328.6,25.47,56.36,1333.08,1384.82,1443.9,1443.9,0,,,1333.08,,0,,0,,,,,
2026-02-11,1407.4,1413.0,1400.4,1406.1,8551341,1393.83,1328.6,24.55,56.23,1333.43,1386.94,1443.9,1443.9,0,,,1333.43,,0,,0,,,,,
2026-02-12,1406.1,1433.0,1405.3,1430.0,19646265,1393.83,1328.6,24.78,61.79,1348.7,1389.84,1433.0,1443.9,0,,,1348.7,,0,,0,,,,,
2026-02-13,1425.3,1434.4,1410.7,1414.6,12227885,1393.78,1328.6,24.7,56.79,1338.82,1392.39,1434.4,1433.0,0,,,1338.82,,0,,0,,,,,
